id,comments,object_id,ensemble_id,techno_complex,site_name,location,country,longitude,latitude,layer,dating_method,date_bp_max_min,excavation_year,material,object_type,length_mm,width_mm,depth_mm,preservation,short_description,references,sign_coding,coding_certainty
820,"tooth xx. not examined. published in Blanchard 1972, could not be assigned to any number from d'Errico & Vanhaeren 2003",sgr0074,sgr_ens_01,Middle Magdalenian,Saint-Germain-la-Rivière,Saint-Germain-la-Rivière,France,-0.333300,44.400000,burial,"AMS, 858 (GifA 95456)","15,780 ± 200",1934,"animal tooth, red deer","personal ornament, pendant",,,,complete,"red deer canine with markings on the frontal surface. not examined. published in Blanchard 1972, could not be assigned to any number from d'Errico & Vanhaeren 2003. transcript based on photo","Blanchard et al. 1972, Pl. I; Gambier et al. 2000; Vermeersch 2016",|||X,Certain
819,"tooth xx. not examined. published in Blanchard 1972, could not be assigned to any number from d'Errico & Vanhaeren 2003",sgr0073,sgr_ens_01,Middle Magdalenian,Saint-Germain-la-Rivière,Saint-Germain-la-Rivière,France,-0.333300,44.400000,burial,"AMS, 858 (GifA 95456)","15,780 ± 200",1934,"animal tooth, red deer","personal ornament, pendant",,,,complete,"red deer canine with markings on the occusal surface, centred. not examined. published in Blanchard 1972, could not be assigned to any number from d'Errico & Vanhaeren 2003. transcript based on photo","Blanchard et al. 1972, Pl. I; Gambier et al. 2000; Vermeersch 2016",||,Certain
818,tooth 74. missing (see Vanhaeren & d'Errico 2003). not examined. Tanscript based on photo,sgr0072,sgr_ens_01,Middle Magdalenian,Saint-Germain-la-Rivière,Saint-Germain-la-Rivière,France,-0.333300,44.400000,burial,"AMS, 858 (GifA 95456)","15,780 ± 200",1934,"animal tooth, red deer","personal ornament, pendant",,,,complete,reed deer canine with markings. piece is missing (see Vanhaeren & d'Errico 2003). Transcript based on photo,"Vanhaeren & d'Errico  2003, Fig. 6.74; Blanchard et al. 1972, Pl. I; Gambier et al. 2000; Vermeersch 2016",XX,Very uncertain
817,tooth 71. no markings. not examined,sgr0071,sgr_ens_01,Middle Magdalenian,Saint-Germain-la-Rivière,Saint-Germain-la-Rivière,France,-0.333300,44.400000,burial,"AMS, 858 (GifA 95456)","15,780 ± 200",1934,"animal tooth, red deer","personal ornament, pendant",,,,complete,"red deer canine, no markings","Vanhaeren & d'Errico  2003, Fig. 6.71",,
816,tooth 70,sgr0070,sgr_ens_01,Middle Magdalenian,Saint-Germain-la-Rivière,Saint-Germain-la-Rivière,France,-0.333300,44.400000,burial,"AMS, 858 (GifA 95456)","15,780 ± 200",1934,"animal tooth, red deer","personal ornament, pendant",,,,fragmentary,"right red deer canine with markings on the occlusal surface, complete","Vanhaeren & d'Errico  2003, Fig. 6.70; Vanhaeren & d'Errico  2003, Fig. 13.34; Gambier et al. 2000; Vermeersch 2016",|||||,Certain
815,tooth 69. no markings. not examined,sgr0069,sgr_ens_01,Middle Magdalenian,Saint-Germain-la-Rivière,Saint-Germain-la-Rivière,France,-0.333300,44.400000,burial,"AMS, 858 (GifA 95456)","15,780 ± 200",1934,"animal tooth, red deer","personal ornament, pendant",,,,complete,"red deer canine, no markings","Vanhaeren & d'Errico  2003, Fig. 6.69",,
814,tooth 68. no markings. not examined,sgr0068,sgr_ens_01,Middle Magdalenian,Saint-Germain-la-Rivière,Saint-Germain-la-Rivière,France,-0.333300,44.400000,burial,"AMS, 858 (GifA 95456)","15,780 ± 200",1934,"animal tooth, red deer","personal ornament, pendant",,,,fragmentary,"red deer canine, no markings","Vanhaeren & d'Errico  2003, Fig. 6.68",,
813,tooth 67. not examined. transcript based on photo,sgr0067,sgr_ens_01,Middle Magdalenian,Saint-Germain-la-Rivière,Saint-Germain-la-Rivière,France,-0.333300,44.400000,burial,"AMS, 858 (GifA 95456)","15,780 ± 200",1934,"animal tooth, red deer","personal ornament, pendant",,,,fragmentary,"left red deer canine with markings on the occusal surface, approximal","Vanhaeren & d'Errico  2003, Fig. 6.67; Vanhaeren & d'Errico  2003, Fig. 13.11; Gambier et al. 2000; Vermeersch 2016",||,Very uncertain
812,tooth 66. no markings. not examined,sgr0066,sgr_ens_01,Middle Magdalenian,Saint-Germain-la-Rivière,Saint-Germain-la-Rivière,France,-0.333300,44.400000,burial,"AMS, 858 (GifA 95456)","15,780 ± 200",1934,"animal tooth, red deer","personal ornament, pendant",,,,almost complete,"red deer canine, no markings","Vanhaeren & d'Errico  2003, Fig. 6.66",,
811,tooth 65. no markings. not examined,sgr0065,sgr_ens_01,Middle Magdalenian,Saint-Germain-la-Rivière,Saint-Germain-la-Rivière,France,-0.333300,44.400000,burial,"AMS, 858 (GifA 95456)","15,780 ± 200",1934,"animal tooth, red deer","personal ornament, pendant",,,,almost complete,"red deer canine, no markings","Vanhaeren & d'Errico  2003, Fig. 6.165",,
810,tooth 64. no markings. not examined,sgr0064,sgr_ens_01,Middle Magdalenian,Saint-Germain-la-Rivière,Saint-Germain-la-Rivière,France,-0.333300,44.400000,burial,"AMS, 858 (GifA 95456)","15,780 ± 200",1934,"animal tooth, red deer","personal ornament, pendant",,,,complete,"red deer canine, no markings","Vanhaeren & d'Errico  2003, Fig. 6.64",,
809,tooth 63. no markings. not examined,sgr0063,sgr_ens_01,Middle Magdalenian,Saint-Germain-la-Rivière,Saint-Germain-la-Rivière,France,-0.333300,44.400000,burial,"AMS, 858 (GifA 95456)","15,780 ± 200",1934,"animal tooth, red deer","personal ornament, pendant",,,,complete,"red deer canine, no markings","Vanhaeren & d'Errico  2003, Fig. 6.63",,
808,tooth 62,sgr0062,sgr_ens_01,Middle Magdalenian,Saint-Germain-la-Rivière,Saint-Germain-la-Rivière,France,-0.333300,44.400000,burial,"AMS, 858 (GifA 95456)","15,780 ± 200",1934,"animal tooth, red deer","personal ornament, pendant",,,,complete,"right red deer canine with markings on the occlusal surface, centered","Vanhaeren & d'Errico  2003, Fig. 6.62; Vanhaeren & d'Errico  2003, Fig. 13.30; Blanchard et al. 1972, Pl. I; Gambier et al. 2000; Vermeersch 2016",||l|,Certain
807,tooth 61,sgr0061,sgr_ens_01,Middle Magdalenian,Saint-Germain-la-Rivière,Saint-Germain-la-Rivière,France,-0.333300,44.400000,burial,"AMS, 858 (GifA 95456)","15,780 ± 200",1934,"animal tooth, red deer","personal ornament, pendant",,,,complete,"right red deer canine with markings on the occlusal surface, frontal, lingual","Vanhaeren & d'Errico  2003, Fig. 6.61; Vanhaeren & d'Errico  2003, Fig. 13.29; Gambier et al. 2000; Vermeersch 2016",ll,Very certain
806,tooth 60,sgr0060,sgr_ens_01,Middle Magdalenian,Saint-Germain-la-Rivière,Saint-Germain-la-Rivière,France,-0.333300,44.400000,burial,"AMS, 858 (GifA 95456)","15,780 ± 200",1934,"animal tooth, red deer","personal ornament, pendant",,,,complete,"right red deer canine with markings on the occlusal surface, centered","Vanhaeren & d'Errico  2003, Fig. 6.60; Vanhaeren & d'Errico  2003, Fig. 13.28; Blanchard et al. 1972, Pl. I; Gambier et al. 2000; Vermeersch 2016",|l|⚹,Very certain
805,tooth 59,sgr0059,sgr_ens_01,Middle Magdalenian,Saint-Germain-la-Rivière,Saint-Germain-la-Rivière,France,-0.333300,44.400000,burial,"AMS, 858 (GifA 95456)","15,780 ± 200",1934,"animal tooth, red deer","personal ornament, pendant",,,,fragmentary,"right red deer canine with markings on the occlusal surface, complete","Vanhaeren & d'Errico  2003, Fig. 6.59; Vanhaeren & d'Errico  2003, Fig. 13.27; Gambier et al. 2000; Vermeersch 2016",| |≠,Very certain
804,tooth 58,sgr0058,sgr_ens_01,Middle Magdalenian,Saint-Germain-la-Rivière,Saint-Germain-la-Rivière,France,-0.333300,44.400000,burial,"AMS, 858 (GifA 95456)","15,780 ± 200",1934,"animal tooth, red deer","personal ornament, pendant",,,,complete,"right red deer canine with markings on the buccal surface, approximal","Vanhaeren & d'Errico  2003, Fig. 6.58; Gambier et al. 2000; Vermeersch 2016",vvv,Very certain
803,tooth 57. no markings. not examined,sgr0057,sgr_ens_01,Middle Magdalenian,Saint-Germain-la-Rivière,Saint-Germain-la-Rivière,France,-0.333300,44.400000,burial,"AMS, 858 (GifA 95456)","15,780 ± 200",1934,"animal tooth, red deer","personal ornament, pendant",,,,complete,"red deer canine, no markings","Vanhaeren & d'Errico  2003, Fig. 6.57",,
802,tooth 56,sgr0056,sgr_ens_01,Middle Magdalenian,Saint-Germain-la-Rivière,Saint-Germain-la-Rivière,France,-0.333300,44.400000,burial,"AMS, 858 (GifA 95456)","15,780 ± 200",1934,"animal tooth, red deer","personal ornament, pendant",,,,complete,"right red deer canine with markings on the occlusal surface, centered","Vanhaeren & d'Errico  2003, Fig. 6.56; Vanhaeren & d'Errico  2003, Fig. 13.25; Gambier et al. 2000; Vermeersch 2016",|,Very certain
801,tooth 55. no markings. not examined,sgr0055,sgr_ens_01,Middle Magdalenian,Saint-Germain-la-Rivière,Saint-Germain-la-Rivière,France,-0.333300,44.400000,burial,"AMS, 858 (GifA 95456)","15,780 ± 200",1934,"animal tooth, red deer","personal ornament, pendant",,,,complete,"red deer canine, no markings","Vanhaeren & d'Errico  2003, Fig. 6.55",,
800,tooth 54,sgr0054,sgr_ens_01,Middle Magdalenian,Saint-Germain-la-Rivière,Saint-Germain-la-Rivière,France,-0.333300,44.399999,burial,"AMS, 858 (GifA 95456)","15,780 ± 200",1934,"animal tooth, red deer","personal ornament, pendant",,,,complete,"right red deer canine with markings on the occlusal surface, complete","Vanhaeren & d'Errico  2003, Fig. 6.54; Vanhaeren & d'Errico  2003, Fig. 13.24; Blanchard et al. 1972, Pl. I; Gambier et al. 2000; Vermeersch 2016",l||⚹,Very certain
799,tooth 53,sgr0053,sgr_ens_01,Middle Magdalenian,Saint-Germain-la-Rivière,Saint-Germain-la-Rivière,France,-0.333300,44.400000,burial,"AMS, 858 (GifA 95456)","15,780 ± 200",1934,"animal tooth, red deer","personal ornament, pendant",,,,complete,"right red deer canine with markings on the occlusal surface, complete","Vanhaeren & d'Errico  2003, Fig. 6.53; Vanhaeren & d'Errico  2003, Fig. 13.23; Gambier et al. 2000; Vermeersch 2016",|| ||,Very certain
798,"tooth 52. not examined, missing (recently). no transcript possible",sgr0052,sgr_ens_01,Middle Magdalenian,Saint-Germain-la-Rivière,Saint-Germain-la-Rivière,France,-0.333300,44.400000,burial,"AMS, 858 (GifA 95456)","15,780 ± 200",1934,"animal tooth, red deer","personal ornament, pendant",,,,fragmentary,right red deer canine with markings on the occlusal surface. the piece is missing and the photographs do not show the marked surface so there is no transcript possible,"Vanhaeren & d'Errico  2003, Fig. 6.52; Vanhaeren & d'Errico  2003, Fig. 13.26; Gambier et al. 2000; Vermeersch 2016",,
797,tooth 51. not examined. missing recently,sgr0051,sgr_ens_01,Middle Magdalenian,Saint-Germain-la-Rivière,Saint-Germain-la-Rivière,France,-0.333300,44.400000,burial,"AMS, 858 (GifA 95456)","15,780 ± 200",1934,"animal tooth, red deer","personal ornament, pendant",,,,fragmentary,"right red deer canine with markings on the occlusal surface, approximal, in centre buccal","Vanhaeren & d'Errico  2003, Fig. 6.51; Vanhaeren & d'Errico  2003, Fig. 13.33; von Petzinger 2016; Gambier et al. 2000; Vermeersch 2016",|||vv,Certain
796,tooth 50,sgr0050,sgr_ens_01,Middle Magdalenian,Saint-Germain-la-Rivière,Saint-Germain-la-Rivière,France,-0.333300,44.400000,burial,"AMS, 858 (GifA 95456)","15,780 ± 200",1934,"animal tooth, red deer","personal ornament, pendant",,,,complete,"right red deer canine with markings on the occlusal surface, lingual 1/3 to central","Vanhaeren & d'Errico  2003, Fig. 6.50; Vanhaeren & d'Errico  2003, Fig. 13.32; Gambier et al. 2000; Vermeersch 2016",lll| |l,Very certain
795,tooth 49,sgr0049,sgr_ens_01,Middle Magdalenian,Saint-Germain-la-Rivière,Saint-Germain-la-Rivière,France,-0.333300,44.400000,burial,"AMS, 858 (GifA 95456)","15,780 ± 200",1934,"animal tooth, red deer","personal ornament, pendant",,,,complete,"right red deer canine with markings on the frontal surface, from top to bottom, lingually orientated","Vanhaeren & d'Errico  2003, Fig. 6.49; Vanhaeren & d'Errico  2003, Fig. 13.22; Blanchard et al. 1972, Pl. I; Gambier et al. 2000; Vermeersch 2016",v||,Certain
794,tooth 48. no markings. not examined,sgr0048,sgr_ens_01,Middle Magdalenian,Saint-Germain-la-Rivière,Saint-Germain-la-Rivière,France,-0.333300,44.400000,burial,"AMS, 858 (GifA 95456)","15,780 ± 200",1934,"animal tooth, red deer","personal ornament, pendant",,,,complete,"red deer canine, no markings","Vanhaeren & d'Errico  2003, Fig. 6.48",,
793,tooth 47,sgr0047,sgr_ens_01,Middle Magdalenian,Saint-Germain-la-Rivière,Saint-Germain-la-Rivière,France,-0.333300,44.400000,burial,"AMS, 858 (GifA 95456)","15,780 ± 200",1934,"animal tooth, red deer","personal ornament, pendant",,,,complete,"right red deer canine with markings on the occlusal surface, complete","Vanhaeren & d'Errico  2003, Fig. 6.47; Vanhaeren & d'Errico  2003, Fig. 13.21; Blanchard et al. 1972, Pl. I; Gambier et al. 2000; Vermeersch 2016",| ||ll||,Very certain
792,tooth 46,sgr0046,sgr_ens_01,Middle Magdalenian,Saint-Germain-la-Rivière,Saint-Germain-la-Rivière,France,-0.333300,44.400000,burial,"AMS, 858 (GifA 95456)","15,780 ± 200",1934,"animal tooth, red deer","personal ornament, pendant",,,,complete,"right red deer canine with markings on the occlusal surface, centered","Vanhaeren & d'Errico  2003, Fig. 6.46; Vanhaeren & d'Errico  2003, Fig. 13.20; Blanchard et al. 1972, Pl. I; Gambier et al. 2000; Vermeersch 2016",||X,Certain
791,tooth 45,sgr0045,sgr_ens_01,Middle Magdalenian,Saint-Germain-la-Rivière,Saint-Germain-la-Rivière,France,-0.333300,44.400000,burial,"AMS, 858 (GifA 95456)","15,780 ± 200",1934,"animal tooth, red deer","personal ornament, pendant",,,,complete,"right red deer canine with markings on the occlusal surface, lingual","Vanhaeren & d'Errico  2003, Fig. 6.45; Gambier et al. 2000; Vermeersch 2016",l | ||,Very certain
790,"tooth 44. no markings. not examined. missing, likely not belonging  to the burial",sgr0044,,Middle Magdalenian,unknown,,France,0.000000,0.000000,,,,,"animal tooth, red deer","personal ornament, pendant",,,,fragmentary,"most likely not belonging to the burial, due to the double perforations (see d'Errico & Vanhaeren), missing","Vanhaeren & d'Errico  2003, Fig. 6.44",,
789,tooth 43,sgr0043,sgr_ens_01,Middle Magdalenian,Saint-Germain-la-Rivière,Saint-Germain-la-Rivière,France,-0.333300,44.400000,burial,"AMS, 858 (GifA 95456)","15,780 ± 200",1934,"animal tooth, red deer","personal ornament, pendant",,,,fragmentary,"right red deer canine with markings on the occlusal surface, approximal to center","Vanhaeren & d'Errico  2003, Fig. 6.43; Vanhaeren & d'Errico  2003, Fig. 13.19; Gambier et al. 2000; Vermeersch 2016",| ||,Certain
788,tooth 42,sgr0042,sgr_ens_01,Middle Magdalenian,Saint-Germain-la-Rivière,Saint-Germain-la-Rivière,France,-0.333300,44.400000,burial,"AMS, 858 (GifA 95456)","15,780 ± 200",1934,"animal tooth, red deer","personal ornament, pendant",,,,complete,"right red deer canine with markings on the occlusal surface, centered slightly lingual","Vanhaeren & d'Errico  2003, Fig. 6.42; Vanhaeren & d'Errico  2003, Fig. 13.18; Blanchard et al. 1972, Pl. I; Gambier et al. 2000; Vermeersch 2016",Xl,Very certain
787,tooth 41,sgr0041,sgr_ens_01,Middle Magdalenian,Saint-Germain-la-Rivière,Saint-Germain-la-Rivière,France,-0.333300,-0.333300,burial,"AMS, 858 (GifA 95456)","15,780 ± 200",1934,"animal tooth, red deer","personal ornament, pendant",,,,complete,"right red deer canine with markings on the occlusal surface, centered","Vanhaeren & d'Errico  2003, Fig. 6.41; Vanhaeren & d'Errico  2003, Fig. 13.13; Blanchard et al. 1972, Pl. I; von Petzinger 2016; Gambier et al. 2000; Vermeersch 2016",X,Very certain
786,tooth 40. no markings. not examined,sgr0040,sgr_ens_01,Middle Magdalenian,Saint-Germain-la-Rivière,Saint-Germain-la-Rivière,France,-0.333300,44.400000,burial,"AMS, 858 (GifA 95456)","15,780 ± 200",1934,"animal tooth, red deer","personal ornament, pendant",,,,complete,"red deer canine, no markings","Vanhaeren & d'Errico  2003, Fig. 6.40",,
785,tooth 39,sgr0039,sgr_ens_01,Middle Magdalenian,Saint-Germain-la-Rivière,Saint-Germain-la-Rivière,France,-0.333300,44.400000,burial,"AMS, 858 (GifA 95456)","15,780 ± 200",1934,"animal tooth, red deer","personal ornament, pendant",,,,fragmentary,"red deer canine, no markings","Vanhaeren & d'Errico  2003, Fig. 6.39",,
784,tooth 38,sgr0038,sgr_ens_01,Middle Magdalenian,Saint-Germain-la-Rivière,Saint-Germain-la-Rivière,France,-0.333300,44.400000,burial,"AMS, 858 (GifA 95456)","15,780 ± 200",1934,"animal tooth, red deer","personal ornament, pendant",,,,complete,"red deer canine, no markings","Vanhaeren & d'Errico  2003, Fig. 6.38",,
783,tooth 37,sgr0037,sgr_ens_01,Middle Magdalenian,Saint-Germain-la-Rivière,Saint-Germain-la-Rivière,France,-0.333300,44.400000,burial,"AMS, 858 (GifA 95456)","15,780 ± 200",1934,"animal tooth, red deer","personal ornament, pendant",,,,complete,right red deer canine with markings on the frontal surface,"Vanhaeren & d'Errico  2003, Fig. 6.37; Vanhaeren & d'Errico  2003, Fig. 13.31; Blanchard et al. 1972, Pl. I; Gambier et al. 2000; Vermeersch 2016",|||,Very certain
782,tooth 36,sgr0036,sgr_ens_01,Middle Magdalenian,Saint-Germain-la-Rivière,Saint-Germain-la-Rivière,France,-0.333300,44.400000,burial,"AMS, 858 (GifA 95456)","15,780 ± 200",1934,"animal tooth, red deer","personal ornament, pendant",,,,complete,"red deer canine, no markings","Vanhaeren & d'Errico  2003, Fig. 6.36",,
781,tooth 35. no markings. not examined,sgr0035,sgr_ens_01,Middle Magdalenian,Saint-Germain-la-Rivière,Saint-Germain-la-Rivière,France,-0.333300,44.400000,burial,"AMS, 858 (GifA 95456)","15,780 ± 200",1934,"animal tooth, red deer","personal ornament, pendant",,,,complete,"red deer canine, no markings","Vanhaeren & d'Errico  2003, Fig. 6.35;",,
780,tooth 34,sgr0034,sgr_ens_01,Middle Magdalenian,Saint-Germain-la-Rivière,Saint-Germain-la-Rivière,France,-0.333300,44.400000,burial,"AMS, 858 (GifA 95456)","15,780 ± 200",1934,"animal tooth, red deer","personal ornament, pendant",,,,complete,"right red deer canine with markings on the occlusal surface, centered","Vanhaeren & d'Errico  2003, Fig. 6.34; Vanhaeren & d'Errico  2003, Fig. 13.16; Blanchard et al. 1972, Pl. I; Gambier et al. 2000; Vermeersch 2016",|#,Certain
779,tooth 33,sgr0033,sgr_ens_01,Middle Magdalenian,Saint-Germain-la-Rivière,Saint-Germain-la-Rivière,France,-0.333300,44.400000,burial,"AMS, 858 (GifA 95456)","15,780 ± 200",1934,"animal tooth, red deer","personal ornament, pendant",,,,complete,"right red deer canine with markings on the occlusal surface, centered","Vanhaeren & d'Errico  2003, Fig. 6.33; Vanhaeren & d'Errico  2003, Fig. 13.15; Gambier et al. 2000; Vermeersch 2016",l|l,Very certain
778,tooth 32,sgr0032,sgr_ens_01,Middle Magdalenian,Saint-Germain-la-Rivière,Saint-Germain-la-Rivière,France,-0.333300,44.400000,burial,"AMS, 858 (GifA 95456)","15,780 ± 200",1934,"animal tooth, red deer","personal ornament, pendant",,,,complete,"righ red deer canine with markings Lingual, approximal to labial","Vanhaeren & d'Errico  2003, Fig. 6.32; Vanhaeren & d'Errico  2003, Fig. 13.14; Blanchard et al. 1972, Pl. I; von Petzinger 2016; Gambier et al. 2000; Vermeersch 2016",vvvvvv,Very certain
777,tooth 31. no markings. not examined,sgr0031,sgr_ens_01,Middle Magdalenian,Saint-Germain-la-Rivière,Saint-Germain-la-Rivière,France,-0.333300,44.400000,burial,"AMS, 858 (GifA 95456)","15,780 ± 200",1934,"animal tooth, red deer","personal ornament, pendant",,,,complete,"red deer canine, no markings","Vanhaeren & d'Errico  2003, Fig. 6.31",,
776,tooth 30. no markings. not examined,sgr0030,sgr_ens_01,Middle Magdalenian,Saint-Germain-la-Rivière,Saint-Germain-la-Rivière,France,-0.333300,44.400000,burial,"AMS, 858 (GifA 95456)","15,780 ± 200",1934,"animal tooth, red deer","personal ornament, pendant",,,,complete,"red deer canine, no markings","Vanhaeren & d'Errico  2003, Fig. 6.30",,
775,tooth 29,sgr0029,sgr_ens_01,Middle Magdalenian,Saint-Germain-la-Rivière,Saint-Germain-la-Rivière,France,-0.333300,44.400000,burial,"AMS, 858 (GifA 95456)","15,780 ± 200",1934,"animal tooth, red deer","personal ornament, pendant",,,,complete,"right red deer canine with markings on the occlusal surface, centered","Vanhaeren & d'Errico  2003, Fig. 6.29; Vanhaeren & d'Errico  2003, Fig. 13.13; Blanchard et al. 1972, Pl. I; Gambier et al. 2000; Vermeersch 2016",|ll|X,Certain
774,tooth 28. nor makrings. not examined,sgr0028,sgr_ens_01,Middle Magdalenian,Saint-Germain-la-Rivière,Saint-Germain-la-Rivière,France,-0.333300,44.400000,burial,"AMS, 858 (GifA 95456)","15,780 ± 200",1934,"animal tooth, red deer","personal ornament, pendant",,,,complete,"red deer canine, no markings","Vanhaeren & d'Errico  2003, Fig. 6.28",,
773,tooth 27,sgr0027,sgr_ens_01,Middle Magdalenian,Saint-Germain-la-Rivièr,Saint-Germain-la-Rivière,France,-0.333300,44.400000,burial,"AMS, 858 (GifA 95456)","15,780 ± 200",1934,"animal tooth, red deer","personal ornament, pendant",,,,complete,"right red deer canine with marings on the occlusal surface, approximal to center","Vanhaeren & d'Errico  2003, Fig. 6.27; Vanhaeren & d'Errico  2003, Fig. 13.12; Gambier et al. 2000; Vermeersch 2016",|Y,Very certain
772,tooth 26. no markings. not examined,sgr0026,sgr_ens_01,Middle Magdalenian,Saint-Germain-la-Rivière,Saint-Germain-la-Rivière,France,-0.333300,44.400000,burial,"AMS, 858 (GifA 95456)","15,780 ± 200",1934,"animal tooth, red deer","personal ornament, pendant",,,,fragmentary,"red deer canine, no markings","Vanhaeren & d'Errico  2003, Fig. 6.26",,
771,tooth 25,sgr0025,sgr_ens_01,Middle Magdalenian,Saint-Germain-la-Rivière,Saint-Germain-la-Rivière,France,-0.333300,44.400000,burial,"AMS, 858 (GifA 95456)","15,780 ± 200",1934,"animal tooth, red deer","personal ornament, pendant",,,,complete,"left red deer canine with markings on the occlusal surface, complete","Vanhaeren & d'Errico  2003, Fig. 6.25; Vanhaeren & d'Errico  2003, Fig. 13.9; Blanchard et al. 1972, Pl. I; Gambier et al. 2000; Vermeersch 2016",|ll|||ll?| |,Certain
770,tooth 24. no markings. not examined,sgr0024,sgr_ens_01,Middle Magdalenian,Saint-Germain-la-Rivière,Saint-Germain-la-Rivière,France,-0.333300,44.400000,burial,"AMS, 858 (GifA 95456)","15,780 ± 200",1934,"animal tooth, red deer","personal ornament, pendant",,,,complete,"red deer canine, no markings","Vanhaeren & d'Errico  2003, Fig. 6.24",,
769,"tooth 23. no markings, not examined",sgr0023,sgr_ens_01,Middle Magdalenian,Saint-Germain-la-Rivière,Saint-Germain-la-Rivière,France,-0.333300,44.400000,burial,"AMS, 858 (GifA 95456)","15,780 ± 200",1934,"animal tooth, red deer","personal ornament, pendant",,,,complete,"red deer canine, no markings","Vanhaeren & d'Errico  2003, Fig. 6.23",,
768,"tooth 22. no markings, not examined. missing (recently)",sgr0022,sgr_ens_01,Middle Magdalenian,Saint-Germain-la-Rivière,Saint-Germain-la-Rivière,France,-0.333300,44.400000,burial,"AMS, 858 (GifA 95456)","15,780 ± 200",1934,"animal tooth, red deer","personal ornament, pendant",,,,complete,red deer canine. no markings,"Vanhaeren & d'Errico  2003, Fig. 6.22; Gambier et al. 2000; Vermeersch 2016",,
767,tooth 21,sgr0021,sgr_ens_01,Middle Magdalenian,Saint-Germain-la-Rivière,Saint-Germain-la-Rivière,France,-0.333300,44.400000,burial,"AMS, 858 (GifA 95456)","15,780 ± 200",1934,"animal tooth, red deer","personal ornament, pendant",,,,complete,"left red deer canine with marking son the occlusal surface, centered","Vanhaeren & d'Errico  2003, Fig. 6.21; Vanhaeren & d'Errico  2003, Fig. 13.8; Gambier et al. 2000; Vermeersch 2016",Y||,Very certain
766,tooth 20. not examined,sgr0020,sgr_ens_01,Middle Magdalenian,Saint-Germain-la-Rivière,Saint-Germain-la-Rivière,France,-0.333300,44.400000,burial,"AMS, 858 (GifA 95456)","15,780 ± 200",1934,"animal tooth, red deer","personal ornament, pendant",,,,complete,"left red deer canine with markings on the occlusal surface, centre, lingual. Transscript based on photo.","Vanhaeren & d'Errico  2003, Fig. 6.20; Vanhaeren & d'Errico  2003, Fig. 13.7; Blanchard et al. 1972, Pl. I; von Petzinger 2017; Gambier et al. 2000; Vermeersch 2016",|X|,Uncertain
765,tooth 19,sgr0019,sgr_ens_01,Middle Magdalenian,Saint-Germain-la-Rivière,Saint-Germain-la-Rivière,France,-0.333300,44.400000,burial,"AMS, 858 (GifA 95456)","15,780 ± 200",1934,"animal tooth, red deer","personal ornament, pendant",,,,complete,"left red deer canine with markings on the occlusal surface, centered","Vanhaeren & d'Errico  2003, Fig. 6.19; Vanhaeren & d'Errico  2003, Fig. 13.6; von Petzinger 2017; Gambier et al. 2000; Vermeersch 2016",||l|,Very certain
764,tooth 18. not examined,sgr0018,sgr_ens_01,Middle Magdalenian,Saint-Germain-la-Rivière,Saint-Germain-la-Rivière,France,-0.333300,44.400000,burial,"AMS, 858 (GifA 95456)","15,780 ± 200",1934,"animal tooth, red deer","personal ornament, pendant",,,,complete,"lefr red deer canine with markings on the occusal surface, central. Transscript based on photo.","Vanhaeren & d'Errico  2003, Fig. 6.18; Vanhaeren & d'Errico  2003, Fig. 13.5; Blanchard et al. 1972, Pl. I; Gambier et al. 2000; Vermeersch 2016",|X,Uncertain
763,"tooth 17. no markings, not examined",sgr0017,sgr_ens_01,Middle Magdalenian,Saint-Germain-la-Rivière,Saint-Germain-la-Rivière,France,-0.333300,44.400000,burial,"AMS, 858 (GifA 95456)","15,780 ± 200",1934,"animal tooth, red deer","personal ornament, pendant",,,,complete,"red deer canine, no markings","Vanhaeren & d'Errico  2003, Fig. 6.17; Gambier et al. 2000; Vermeersch 2016",,
762,tooth 16,sgr0016,sgr_ens_01,Middle Magdalenian,Saint-Germain-la-Rivière,Saint-Germain-la-Rivière,France,-0.333300,44.400000,burial,"AMS, 858 (GifA 95456)","15,780 ± 200",1934,"animal tooth, red deer","personal ornament, pendant",,,,complete,"left red deer canine, markings on the entire occlusal surface.","Vanhaeren & d'Errico  2003, Fig. 6.16; Vanhaeren & d'Errico  2003, Fig. 13.4; Blanchard et al. 1972, Pl. I; von Petzinger 2017; Gambier et al. 2000; Vermeersch 2016",||||X,Very certain
761,"tooth 15. no markings, not examined",sgr0015,sgr_ens_01,Middle Magdalenian,Saint-Germain-la-Rivière,Saint-Germain-la-Rivière,France,-0.333300,44.400000,burial,"AMS, 858 (GifA 95456)","15,780 ± 200",1934,"animal tooth, red deer","personal ornament, pendant",,,,complete,"red deer canine, no markings","Vanhaeren & d'Errico  2003, Fig. 6.15; Gambier et al. 2000; Vermeersch 2016",,
760,"tooth 14. no markings, not examined",sgr0014,sgr_ens_01,Middle Magdalenian,Saint-Germain-la-Rivière,Saint-Germain-la-Rivière,France,-0.333300,44.400000,burial,"AMS, 858 (GifA 95456)","15,780 ± 200",1934,"animal tooth, red deer","personal ornament, pendant",,,,complete,"red deer canine, no markings","Vanhaeren & d'Errico  2003, Fig. 6.14;  Gambier et al. 2000; Vermeersch 2016",,
759,tooth 13,sgr0013,sgr_ens_01,Middle Magdalenian,Saint-Germain-la-Rivière,Saint-Germain-la-Rivière,France,-0.333300,44.400000,burial,"AMS, 858 (GifA 95456)","15,780 ± 200",1934,"animal tooth, red deer","personal ornament, pendant",,,,almost complete,"left red deer canine with markings on the occlusal surface, 2/3 approximal","Vanhaeren & d'Errico  2003, Fig. 6.13; Vanhaeren & d'Errico  2003, Fig. 13.10; Blanchard et al. 1972, Pl. I;  Gambier et al. 2000; Vermeersch 2016",| || |,Very certain
758,"tooth 12. no markings, not examined",sgr0012,sgr_ens_01,Middle Magdalenian,Saint-Germain-la-Rivière,Saint-Germain-la-Rivière,France,-0.333300,44.400000,burial,"AMS, 858 (GifA 95456)","15,780 ± 200",1934,"animal tooth, red deer","personal ornament, pendant",,,,complete,red deer canine,"Vanhaeren & d'Errico  2003, Fig. 6.12; Gambier et al. 2000; Vermeersch 2016",,
757,"tooth 11, not examined. No transscript possible.",sgr0011,sgr_ens_01,Middle Magdalenian,Saint-Germain-la-Rivière,Saint-Germain-la-Rivière,France,-0.333300,44.400000,burial,"AMS, 858 (GifA 95456)","15,780 ± 200",1934,"animal tooth, red deer","personal ornament, pendant",,,,complete,"red deer canine, left. Not examined, No transscript possible.","Vanhaeren & d'Errico  2003, Fig. 6.11; Vanhaeren & d'Errico  2003, Fig. 13.3; von Petzinger 2017; Gambier et al. 2000; Vermeersch 2016",,Very uncertain
756,"tooth 10, no markings, not examined",sgr0010,sgr_ens_01,Middle Magdalenian,Saint-Germain-la-Rivière,Saint-Germain-la-Rivière,France,-0.333300,44.400000,burial,"AMS, 858 (GifA 95456)","15,780 ± 200",1934,"animal tooth, red deer","personal ornament, pendant",,,,almost complete,"red deer canine, no markings","Vanhaeren & d'Errico  2003, Fig. 6.10; Gambier et al. 2000; Vermeersch 2016",,
755,"tooth 09, likely not from the burial (see Vanhaeren & d'Errico 2005)",sgr0009,,,unknown,,,-0.333300,44.400000,,,,,,,,,,,,,,
754,"tooth 08, likely not from the burial (see Vanhaeren & d'Errico 2005)",sgr0008,sgr_ens_01,,unknown,,,-0.333300,44.400000,,,,,,,,,,,,,,
753,"tooth 07, no markings, not examined",sgr0007,sgr_ens_01,Middle Magdalenian,Saint-Germain-la-Rivière,Saint-Germain-la-Rivière,France,-0.333300,44.400000,burial,"AMS, 858 (GifA 95456)","15,780 ± 200",1934,"animal tooth, red deer","personal ornament, pendant",,,,almost complete,"red deer canine, no markings","Vanhaeren & d'Errico  2003, Fig. 6.7; Gambier et al. 2000; Vermeersch 2016",,
752,"tooth 06, no markings, not examined",sgr0006,sgr_ens_01,Middle Magdalenian,Saint-Germain-la-Rivière,Saint-Germain-la-Rivière,France,-0.333300,44.400000,burial,"AMS, 858 (GifA 95456)","15,780 ± 200",1934,"animal tooth, red deer","personal ornament, pendant",,,,complete,"red deer canine, no markings","Vanhaeren & d'Errico  2003, Fig. 6.6; Gambier et al. 2000; Vermeersch 2016",,
751,"tooth 05, no markings, not examined",sgr0005,sgr_ens_01,Middle Magdalenian,Saint-Germain-la-Rivière,Saint-Germain-la-Rivière,France,-0.333300,44.400000,burial,"AMS, 858 (GifA 95456)","15,780 ± 200",1934,"animal tooth, red deer","personal ornament, pendant",,,,complete,"red deer canine, not examined","Vanhaeren & d'Errico  2003, Fig. 6.5; Gambier et al. 2000; Vermeersch 2016",,
750,tooth 04,sgr0004,sgr_ens_01,Middle Magdalenian,Saint-Germain-la-Rivière,Saint-Germain-la-Rivière,France,-0.333300,44.400000,burial,"AMS, 858 (GifA 95456)","15,780 ± 200",1934,"animal tooth, red deer","personal ornament, pendant",,,,almost complete,"red deer canine, not examined","Vanhaeren & d'Errico  2003, Fig. 6.4; Gambier et al. 2000; Vermeersch 2016",,
749,"tooth 03, no markings, not examined",sgr0003,sgr_ens_01,Middle Magdalenian,Saint-Germain-la-Rivière,Saint-Germain-la-Rivière,France,-0.333300,44.400000,burial,"AMS, 858 (GifA 95456)","15,780 ± 200",1934,"animal tooth, red deer","personal ornament, pendant",,,,fragmented,canine of a red deer,"Vanhaeren & d'Errico  2003, Fig. 6.3; Gambier et al. 2000; Vermeersch 2016",,
748,tooth 02,sgr0002,sgr_ens_01,Middle Magdalenian,Saint-Germain-la-Rivière,Saint-Germain-la-Rivière,France,-0.333300,44.400000,burial,"AMS, 858 (GifA 95456)","15,780 ± 200",1934,"animal tooth, red deer","personal ornament, pendant",,,,complete,"left canine of a red deer, markings on the occlusal surface, approximal","Vanhaeren & d'Errico  2003, Fig. 6.2; Vanhaeren & d'Errico  2003, Fig. 13.2; von Petzinger 2017; Gambier et al. 2000; Vermeersch 2016",⚹°,Very certain
747,"tooth 01, not examined",sgr0001,sgr_ens_01,Middle Magdalenian,Saint-Germain-la-Rivière,Saint-Germain-la-Rivière,France,-0.333300,44.400000,burial,"AMS, 858 (GifA 95456)","15,780 ± 200",1934,"animal tooth, red deer","personal ornament, pendant",,,,almost complete,"left canine of a red deer, markings on the occlusal surface","Vanhaeren & d'Errico  2003, Fig. 6.1; Vanhaeren & d'Errico  2003, Fig. 13. 1; Blanchard et al. 1972, Pl. I; Gambier et al. 2000; Vermeersch 2016",|| |,Uncertain
746,,gar0013,,Aurignacien,Gargas,Aventignan,France,0.536000,43.055000,4,AMS,31540±720,,bone,spatula/lissoir,162.0,24.0,13.0,fragmented,notched rib fragment,San Juan C. et al.  2007: p. 99 fig. 4.6; Vercoutère C. et al. 2006,,
744,,laf0027,,Aurignacien,La Ferrassie,Savignac-de-Miremont,France,0.928000,44.952000,H?,OSL,37200±1900,,bone,spatula/lissoir,,,,almost complete,notched lissoir,Guerin G. et al. 2015; Peyrony D. 1934: p.53 fig. 54.9,,
743,,laf0026,,Aurignacien,La Ferrassie,Savignac-de-Miremont,France,0.928000,44.952000,F?,OSL,37200±1900,,antler,figurine undet.,,,,almost complete,anthropomorphic figurine,Guerin G. et al. 2015; Peyrony D. 1934: p.51 fig. 50,,
742,,laf0025,,Aurignacien,La Ferrassie,Savignac-de-Miremont,France,0.928000,44.952000,H''?,OSL,37200±1900,,bone,tube,,,,fragmented,decorated bone fragment,Guerin G. et al. 2015; Peyrony D. 1934: p.72 fig. 74.6,,
741,,laf0024,,Aurignacien,La Ferrassie,Savignac-de-Miremont,France,0.928000,44.952000,H'?,OSL,37200±1900,,bone,chisel,,,,almost complete,decorated bone chisel,Guerin G. et al. 2015; Peyrony D. 1934: p. 62 fig. 62.6,,
740,,laf0023,,Aurignacien,La Ferrassie,Savignac-de-Miremont,France,0.928000,44.952000,F?,OSL,37200±1900,,animal tooth,personal ornament,,,,complete,pendant element with a cross as decoration,Guerin G. et al. 2015; Peyrony D. 1934: p. 49 fig. 47.12,,
739,,laf0022,,Aurignacien,La Ferrassie,Savignac-de-Miremont,France,0.928000,44.952000,F?,OSL,37200±1900,,animal tooth,personal ornament,,,,complete,decoreted pendant element,Guerin G. et al. 2015; Peyrony D. 1934: p. 49 fig. 47.11,,
738,,laf0021,,Aurignacien,La Ferrassie,Savignac-de-Miremont,France,0.928000,44.952000,F?,OSL,37200±1900,,bone,personal ornament,,,,complete,notched bone used as ornament,Guerin G. et al. 2015; Peyrony D. 1934: p. 49 fig. 47.10,,
737,,mur0002,,Aurignacien,Muralovka,Muralovka,Russia,38.680000,47.260000,,,,,antler,undetermined,,,,fragmented,engraved fragment of antler,Hahn J. 1977: tafel 183 - 12,,
736,,mur0001,,Aurignacien,Muralovka,Muralovka,Russia,38.680000,47.260000,,,,,bone,undetermined,,,,fragmented,bone fragment with anthropomorph decoration,Hahn J. 1977: Tafel 183 - 15,,
735,,psc0001,,Aurignacien,Peskő Cave,Felsőtárkány,Hungary,20.423600,48.048033,,AMS,38300 - 33500,,bone,spatula/lissoir,,,,fragmented,notched bone fragment,Hahn J. 1977: tafel 149 - 2; Chu W. 2018,,
734,,mla0004,,Aurignacien,Mladeč,Mladeč,Czech Republic,17.016667,49.706389,,AMS,34930+520/-490 - 31190+400/-390,,antler,awl,,,,almost complete,decorated bone,Wild E. M. et al. 2005; Hahn J. 1977: tafel 127 - 5,,
733,,btb0001,,Aurignacien,Breitenbach,Saxony-Anhalt,Germany,12.085000,51.007778,,C14,"30000 - 27000
26000 - 28 000 BP",1920s,bone,other,,,,fragmented,decoreted rib fragment,Hahn J. 1977: Tafel 91 -8; Terberger T. & Street M. 20??,,
732,,wsh0001,,Aurignacien,Wildscheuer,Steeden,Germany,8.155560,50.416667,III,C14,34300 - 30000,19th century,ivory,spatula/lissoir,,,,almost complete,decorated lissoir,Hahn J. 1977: Tafel 74 -3; Terberger T. & Street M. 20??,,
731,,gfh0001,,Aurignacien,Göpfelsteinhöhle,Veringenstadt,Germany,9.209709,48.179760,,C14,,,bone,undetermined,,,,fragmented,decorated bone fragment,Zilhão  J. 2007; Hahn J. 1977: tafel 69 - 10,,
730,,sgt0001,,Aurignacien,Sirgenstein Cave,Ach Valley,Germany,9.761111,48.386944,III - VI,C14,30360+230/-220 - 26730+170/-160,1906,ivory,rod/bâton,,,,fragmented,notched ivory rod,Hahn J. 1977: Tafel 67 - 9; Conard N. & Bolus M. 2003,,
729,,bst0003,,Aurignacien,Bockstein-Törle,Öllingen,Germany,10.155000,48.553000,VI,C14,31530±230 - 20400±220,1953-1956,ivory,other,,,,fragmented,scribbled piece of ivory,Hahn J. 1977: Tafel 12 - 9; Conard N. & Bolus M. 2003,,
728,,bst0002,,Aurignacien,Bockstein-Törle,Öllingen,Germany,10.155000,48.553000,VI,C14,31530±230 - 20400±220,1953-1956,ivory,rod/bâton,,,,fragmented,fragmented ivory rod,Hahn J. 1977: Tafel 8 - 5; Conard N. & Bolus M. 2003,,
727,,msc0007,,Aurignacien,Maisières-Canal,Maisières,Belgium,3.976944,50.481944,,C14,33000 - 32000,,bone,tube,,,,almost complete,notched bone tube,Dinnis R. & Flas D. 2016; Otte M. 1979: p. 553 fig. 242.4,,
726,,msc0006,,Aurignacien,Maisières-Canal,Maisières,Belgium,3.976944,50.481944,,C14,33000 - 32000,,ivory,undetermined,,,,fragmented,lame d’ivoire entaillée,Dinnis R. & Flas D. 2016; Otte M. 1979: p. 555 fig. 243.6,,
725,,msc0005,,Aurignacien,Maisières-Canal,Maisières,Belgium,3.976944,50.481944,,C14,33000 - 32000,,ivory,personal ornament,,,,fragmented,ivory pin decorated,Dinnis R. & Flas D. 2016; Otte M. 1979: p. 555 fig. 243.5,,
724,,msc0004,,Aurignacien,Maisières-Canal,Maisières,Belgium,3.976944,50.481944,,C14,33000 - 32000,,ivory,undetermined,,,,fragmented,Bords de récipients en ivoire decorèe,Dinnis R. & Flas D. 2016; Otte M. 1979: p. 555 fig. 243.2,,
723,,msc0003,,Aurignacien,Maisières-Canal,Maisières,Belgium,3.976944,50.481944,,C14,33000 - 32000,,ivory,undetermined,,,,fragmented,Bords de récipients en ivoire decorèe,Dinnis R. & Flas D. 2016; Otte M. 1979: p. 555 fig. 243.1,,
722,,msc0002,,Aurignacien,Maisières-Canal,Maisières,Belgium,3.976944,50.481944,,C14,33000 - 32000,,bone,tube,,,,fragmented,notched tube bone,Dinnis R. & Flas D. 2016; Otte M. 1979: p. 553 fig. 242.6,,
721,,msc0001,,Aurignacien,Maisières-Canal,Maisières,Belgium,3.976944,50.481944,,C14,33000 - 32000,,bone,tube,,,,fragmented,notched bone tube,Dinnis R. & Flas D. 2016; Otte M. 1979: p. 553 fig. 242.5,,
720,,gff0001,,Aurignacien,Grottes de Fonds-de-Forêt,Forêt,Belgium,5.698889,50.593056,C6 с d - C7 a,C14,33830±1790 - 29470±640,,bone,personal ornament,,,,complete,notched bone pendad,Zilhão  J. 2007; Otte M. 1979: p. 513 fig. 219.6; Dewez M. 1989,,
719,,egh0001,,Aurignacien,d'Engihoul,Éhein,Belgium,5.408889,50.578056,,,,1931,bone,other,,,,fragmented,notched rib,Otte M. 1979: p. 471 fig. 202.4,,
718,,taw0001,,Aurignacien,Trou al'Wesse,Modave,Belgium,5.291957,50.429868,,C14,33600±550 - 30750±850,,antler,point,,,,almost complete,antler point,Miller R. et al. 2011; Otte M. 1979: p. 431 fig. 186.4,,
717,,gdg0014,,Aurignacien,Grotte de Goyet,Gesves,Belgium,5.506900,50.349000,,C14,35160 - 33140,,bone,undetermined,,,,almost complete,engraved bone,Qiaomei F. et al. 2016; Otte M. 1979: p. 415 fig. 182.5,,
716,,gdg0013,,Aurignacien,Grotte de Goyet,Gesves,Belgium,5.506900,50.349000,,C14,35160 - 33140,,bone,spatula/lissoir,,,,fragmented,decorated rib fragment,Qiaomei F. et al. 2016; Otte M. 1979: p. 415 fig. 182.4,,
715,,gdg0012,,Aurignacien,Grotte de Goyet,Gesves,Belgium,5.506900,50.349000,,C14,35160 - 33140,,bone,undetermined,,,,fragmented,decorated rib fragment,Qiaomei F. et al. 2016; Otte M. 1979: p. 415 fig. 182.3,,
714,,gdg0011,,Aurignacien,Grotte de Goyet,Gesves,Belgium,5.506900,50.349000,,C14,35160 - 33140,,bone,point,,,,almost complete,decorated bone point,Qiaomei F. et al. 2016; Otte M. 1979: p. 415 fig. 182.2,,
713,,gdg0010,,Aurignacien,Grotte de Goyet,Gesves,Belgium,5.506900,50.349000,,C14,35160 - 33140,,bone,tube,,,,fragmented,decoreted bone,Qiaomei F. et al. 2016; Otte M. 1979: p. 415 fig. 182.1,,
712,,gdg0009,,Aurignacien,Grotte de Goyet,Gesves,Belgium,5.506900,50.349000,,C14,35160 - 33140,,bone,tube,,,,fragmented,decoreted bone tube,Qiaomei F. et al. 2016; Otte M. 1979: p. 413 fig. 181.15,,
711,,gdg0008,,Aurignacien,Grotte de Goyet,Gesves,Belgium,5.506900,50.349000,,C14,35160 - 33140,,bone,tube,,,,fragmented,fragmented bone tube decorated,Qiaomei F. et al. 2016; Otte M. 1979: p. 413 fig. 181.14,,
710,,gdg0007,,Aurignacien,Grotte de Goyet,Gesves,Belgium,5.506900,50.349000,,C14,35160 - 33140,,ivory,personal ornament,,,,complete,decorated ivory pendant,Qiaomei F. et al. 2016; Otte M. 1979: p. 413 fig. 181.13,,
709,,gdg0003,,Aurignacien,Grotte de Goyet,Gesves,Belgium,5.506900,50.349000,,C14,35160 - 33140,,animal tooth,personal ornament,,,,fragmented,perfored animal tooth with decorations,Qiaomei F. et al. 2016; Otte M. 1979: p. 413 fig. 181.5,,
708,,gdg0006,,Aurignacien,Grotte de Goyet,Gesves,Belgium,5.506900,50.349000,,C14,35160 - 33140,,undetermined,spatula/lissoir,,,,fragmented,possible blade cutter,Qiaomei F. et al. 2016; Otte M. 1979: p. 408 fig. 180.2,,
707,,gdg0005,,Aurignacien,Grotte de Goyet,Gesves,Belgium,5.506900,50.349000,,C14,35160 - 33140,,bone,point,,,,fragmented,sagaie à base massive,Qiaomei F. et al. 2016; Otte M. 1979: p. 405 fig. 178.7,,
706,,gdg0004,,Aurignacien,Grotte de Goyet,Gesves,Belgium,5.506900,50.349000,,C14,35160 - 33140,,bone,point,,,,fragmented,sagaie à base massive,Qiaomei F. et al. 2016; Otte M. 1979: p. 405 fig. 178.4,,
704,,gdg0002,,Aurignacien,Grotte de Goyet,Gesves,Belgium,5.506900,50.349000,,C14,35160 - 33140,,antler,undetermined,,,,fragmented,Bois de renneentailléet fracturé,Qiaomei F. et al. 2016; Otte M. 1979: p. 403 fig. 177.1,,
703,,gpp0004,,Aurignacien,Grotte De La Princesse Pauline,Marche-les-Dames,Belgium,4.960000,50.485000,,AMS,25580±170,,ivory,personal ornament,,,,fragmented,Fragment d’anneau en ivoire encoché,Otte M. 1979: p. 329 fig. 139,,
701,,gpp0003,,Aurignacien,Grotte De La Princesse Pauline,Marche-les-Dames,Belgium,4.960000,50.485000,,AMS,25580±170,,ivory,undetermined,,,,fragmented,engraved ivory blade,Otte M. 1979: p. 327 fig. 137.6; Flas D. 2005,,
700,,gpp0002,,Aurignacien,Grotte De La Princesse Pauline,Marche-les-Dames,Belgium,4.960000,50.485000,,AMS,25580±170,,antler,bâton percé,,,,fragmented,lame en bois de cervidé perforée et encochée,Otte M. 1979: p. 327 fig. 137.4; Flas D. 2005,,
699,,gpp0001,,Aurignacien,Grotte De La Princesse Pauline,Marche-les-Dames,Belgium,4.960000,50.485000,,AMS,25580±170,,ivory,spatula/lissoir,,,,fragmented,"lame d'ivoire entaillée et
sectionnée",Otte M. 1979: p. 326 fig. 136.4; Flas D. 2005,,
698,,spy0027,,Aurignacien,Spy,Spy (Namur),Belgium,4.673000,50.481000,C or “second fauna-bearing level”,C14,36250+500/-500 - 32830+200/-190,,bone,tube,,,,almost complete,Tube en os couvert de stries organisées,Pirson S. et al. 2013; Otte M. 1979: p. 306 fig. 128,,
697,,spy0026,,Aurignacien,Spy,Spy (Namur),Belgium,4.673000,50.481000,C or “second fauna-bearing level”,C14,36250+500/-500 - 32830+200/-190,,bone,tube,,,,almost complete,bone tube decorated,Pirson S. et al. 2013; Otte M. 1979: p. 306 fig. 127.6,,
696,,spy0025,,Aurignacien,Spy,Spy (Namur),Belgium,4.673000,50.481000,C or “second fauna-bearing level”,C14,36250+500/-500 - 32830+200/-190,,bone,tube,,,,fragmented,decorated bone tube,Pirson S. et al. 2013; Otte M. 1979: p. 306 fig. 127.5,,
695,,spy0024,,Aurignacien,Spy,Spy (Namur),Belgium,4.673000,50.481000,C or “second fauna-bearing level”,C14,36250+500/-500 - 32830+200/-190,,bone,tube,,,,fragmented,decorted bone tube,Pirson S. et al. 2013; Otte M. 1979: p. 306 fig. 127.4,,
694,,spy0023,,Aurignacien,Spy,Spy (Namur),Belgium,4.673000,50.481000,C or “second fauna-bearing level”,C14,36250+500/-500 - 32830+200/-190,,bone,tube,,,,fragmented,decorated bone tube,Pirson S. et al. 2013; Otte M. 1979: p. 306 fig. 127.3,,
693,,spy0022,,Aurignacien,Spy,Spy (Namur),Belgium,4.673000,50.481000,C or “second fauna-bearing level”,C14,36250+500/-500 - 32830+200/-190,,bone,tube,,,,fragmented,decorated bone tube,Pirson S. et al. 2013; Otte M. 1979: p. 306 fig. 127.2,,
692,,spy0021,,Aurignacien,Spy,Spy (Namur),Belgium,4.673000,50.481000,C or “second fauna-bearing level”,C14,36250+500/-500 - 32830+200/-190,,antler,undetermined,,,,complete,decorated deer antler,Pirson S. et al. 2013; Otte M. 1979: p. 306 fig. 127.1,,
691,,spy0020,,Aurignacien,Spy,Spy (Namur),Belgium,4.673000,50.481000,C or “second fauna-bearing level”,C14,36250+500/-500 - 32830+200/-190,,bone,undetermined,,,,fragmented,decorated fragment of bone,Pirson S. et al. 2013; Otte M. 1979: p. 299 fig. 125.7,,
690,,spy0019,,Aurignacien,Spy,Spy (Namur),Belgium,4.673000,50.481000,C or “second fauna-bearing level”,C14,36250+500/-500 - 32830+200/-190,,ivory,undetermined,,,,undetermined,fragment of ivory decorated with cross motifs,Pirson S. et al. 2013; Otte M. 1979: p. 299 fig. 125.6,,
689,,spy0018,,Aurignacien,Spy,Spy (Namur),Belgium,4.673000,50.481000,C or “second fauna-bearing level”,C14,36250+500/-500 - 32830+200/-190,,bone,undetermined,,,,fragmented,decorated bone fragment,Pirson S. et al. 2013; Otte M. 1979: p. 299 fig. 125.5,,
688,,spy0017,,Aurignacien,Spy,Spy (Namur),Belgium,4.673000,50.481000,C or “second fauna-bearing level”,C14,36250+500/-500 - 32830+200/-190,,ivory,rod/bâton,,,,fragmented,decorated ivory fragment,Pirson S. et al. 2013; Otte M. 1979: p. 299 fig. 125.4,,
687,,spy0016,,Aurignacien,Spy,Spy (Namur),Belgium,4.673000,50.481000,C or “second fauna-bearing level”,C14,36250+500/-500 - 32830+200/-190,,ivory,undetermined,,,,fragmented,engraved piece of ivory,Pirson S. et al. 2013; Otte M. 1979: p. 299 fig. 125.3,,
686,,spy0015,,Aurignacien,Spy,Spy (Namur),Belgium,4.673000,50.481000,C or “second fauna-bearing level”,C14,36250+500/-500 - 32830+200/-190,,bone,awl,,,,fragmented,decorated bone awl with parallel and sub-parallel incisions,Pirson S. et al. 2013; Otte M. 1979: p. 299 fig. 125.2,,
685,,spy0014,,Aurignacien,Spy,Spy (Namur),Belgium,4.673000,50.481000,C or “second fauna-bearing level”,C14,36250+500/-500 - 32830+200/-190,,shell,personal ornament,,,,complete,decorated seashell,Pirson S. et al. 2013; Otte M. 1979: p. 299 fig. 125.1,,
684,,spy0013,,Aurignacien,Spy,Spy (Namur),Belgium,4.673000,50.481000,C or “second fauna-bearing level”,C14,36250+500/-500 - 32830+200/-190,,ivory,personal ornament,,,,almost complete,Cône en ivoire incisé,Pirson S. et al. 2013; Otte M. 1979: p. 299 fig. 124.21,,
683,,spy0012,,Aurignacien,Spy,Spy (Namur),Belgium,4.673000,50.481000,C or “second fauna-bearing level”,C14,36250+500/-500 - 32830+200/-190,,ivory,personal ornament,,,,fragmented,pendeloques en ivoire,Pirson S. et al. 2013; Otte M. 1979: p. 299 fig. 123.32,,
682,,spy0011,,Aurignacien,Spy,Spy (Namur),Belgium,4.673000,50.481000,C or “second fauna-bearing level”,C14,36250+500/-500 - 32830+200/-190,,antler,spatula/lissoir,,,,fragmented,Engraved spatula,Pirson S. et al. 2013; Otte M. 1979: p. 294 fig. 120.7,,
681,,spy0010,,Aurignacien,Spy,Spy (Namur),Belgium,4.673000,50.481000,C or “second fauna-bearing level”,C14,36250+500/-500 - 32830+200/-190,,ivory,awl,,,,fragmented,Coin en ivoire,Pirson S. et al. 2013; Otte M. 1979: p. 294 fig. 120.6,,
680,,spy0009,,Aurignacien,Spy,Spy (Namur),Belgium,4.673000,50.481000,C or “second fauna-bearing level”,C14,36250+500/-500 - 32830+200/-190,,bone,awl,,,,fragmented,Poinçons encochés,Pirson S. et al. 2013; Otte M. 1979: p. 294 fig. 120.3,,
679,,spy0008,,Aurignacien,Spy,Spy (Namur),Belgium,4.673000,50.481000,C or “second fauna-bearing level”,C14,36250+500/-500 - 32830+200/-190,,bone,awl,,,,fragmented,Poinçons encochés,Pirson S. et al. 2013; Otte M. 1979: p. 294 fig. 120.2,,
678,,spy0007,,Aurignacien,Spy,Spy (Namur),Belgium,4.673000,50.481000,C or “second fauna-bearing level”,C14,36250+500/-500 - 32830+200/-190,,bone,awl,,,,fragmented,Poinçons encochés,Pirson S. et al. 2013; Otte M. 1979: p. 294 fig. 120.1,,
677,,spy0006,,Aurignacien,Spy,Spy (Namur),Belgium,4.673000,50.481000,C or “second fauna-bearing level”,C14,36250+500/-500 - 32830+200/-190,,bone,point,,,,fragmented,engraved sagaie point,Pirson S. et al. 2013; Otte M. 1979: p. 291 fig. 118.2,,
676,,spy0005,,Aurignacien,Spy,Spy (Namur),Belgium,4.673000,50.481000,C or “second fauna-bearing level”,C14,36250+500/-500 - 32830+200/-190,,bone,chisel,,,,fragmented,,Pirson S. et al. 2013; Otte M. 1979: p. 291 fig. 118.1,,
675,,spy0004,,Aurignacien,Spy,Spy (Namur),Belgium,4.673000,50.481000,C or “second fauna-bearing level”,C14,36250+500/-500 - 32830+200/-190,,bone,undetermined,,,,fragmented,,Pirson S. et al. 2013; Otte M. 1979: p. 290 fig. 117.6,,
674,,trm0013,,Aurignacien,Trou Magrite,Dinant Pont-à-Lesse,Belgium,4.913611,50.222200,,C14,28640±480 - 25080±320,,ivory,rod/bâton,,,,almost complete,decorated ivory rod,Lejeune M. 2007;Otte M. 1979: p. 161 fig. 55.10,,
673,,trm0012,,Aurignacien,Trou Magrite,Dinant Pont-à-Lesse,Belgium,4.913611,50.222200,,C14,28640±480 - 25080±320,,bone,undetermined,,,,fragmented,engraved bone fragment,Lejeune M. 2007;Otte M. 1979: p. 161 fig. 55.8,,
672,,trm0011,,Aurignacien,Trou Magrite,Dinant Pont-à-Lesse,Belgium,4.913611,50.222200,,C14,28640±480 - 25080±320,,bone,undetermined,,,,fragmented,engraved bone fragment,Lejeune M. 2007;Otte M. 1979: p. 161 fig. 55.6,,
671,,trm0010,,Aurignacien,Trou Magrite,Dinant Pont-à-Lesse,Belgium,4.913611,50.222200,,C14,28640±480 - 25080±320,,bone,tube,,,,fragmented,engraved bone fragment,Lejeune M. 2007;Otte M. 1979: p. 161 fig. 55.3,,
670,,trm0009,,Aurignacien,Trou Magrite,Dinant Pont-à-Lesse,Belgium,4.913611,50.222200,,C14,28640±480 - 25080±320,,bone,undetermined,,,,fragmented,engraved bone fragment,Lejeune M. 2007;Otte M. 1979: p. 161 fig. 55.2,,
669,,trm0008,,Aurignacien,Trou Magrite,Dinant Pont-à-Lesse,Belgium,4.913611,50.222200,,C14,28640±480 - 25080±320,,bone,undetermined,,,,fragmented,engraved bone fragment,Lejeune M. 2007; Otte M. 1979: p. 161 fig. 55.1,,
668,,trm0007,,Aurignacien,Trou Magrite,Dinant Pont-à-Lesse,Belgium,4.913611,50.222200,Niveu 1°?,C14,28640±480 - 25080±320,,antler,rod/bâton,,,,fragmented,Worked antler rod with incisions,Lejeune M. 2007; Otte M. 1979: p. 153 fig. 50.4,,
667,,trm0006,,Aurignacien,Trou Magrite,Dinant Pont-à-Lesse,Belgium,4.913611,50.222200,Niveu 1°?,C14,28640±480 - 25080±320,,ivory,undetermined,,,,almost complete,Decorated piece of worked ivory,Lejeune M. 2007; Otte M. 1979: p. 153 fig. 50.2,,
666,,tdr0002,,Aurignacien,Le Trou Du Renard,Furfooz,Belgium,4.950000,50.216000,Couche B,C14,33000 - 32000,,bone,undetermined,,,,almost complete,Engraved bone blade,Otte M. 1979: p. 101 fig. 24.2,,
665,,tdr0001,,Aurignacien,Le Trou Du Renard,Furfooz,Belgium,4.950000,50.216000,Couche B,C14,33000 - 32000,,bone,undetermined,,,,fragmented,Engraved bone blade,Otte M. 1979: p. 101 fig. 24.1,,
664,,laf0020,,Aurignacien,La Ferrassie,Savignac-de-Miremont,France,0.928000,44.952000,,OSL,37200±1900,,bone,point,,,,almost complete,Point losangique avec gravures,Guerin G. et al. 2015; Delporte H. 1984: fig. 9.18,,
660,,sol0007,,Aurignacien,Solutré,Solutré-Pouilly,France,4.725000,46.296667,,C14,34010±610 - 29020±170,,bone,point,95.0,11.0,,fragmented,Pointe de sagaie décorée,Floss H. et al. 2013; Combier J. & Montet-White A.  2002: p. 261 fig. 19-19,,
659,,sol0006,,Aurignacien,Solutré,Solutré-Pouilly,France,4.725000,46.296667,,C14,34010±610 - 29020±170,,bone,plaquette,,,,fragmented,Plaquette en os percée decoré,Floss H. et al. 2013; Combier J. & Montet-White A.  2002: p. 261 fig. 19-17,,
655,,sol0002,,Aurignacien,Solutré,Solutré-Pouilly,France,4.725000,46.296667,,C14,34010±610 - 29020±170,,limestone,plaquette,95.0,70.0,,fragmented,Fragment de plaquettes de calcaire à borde encoché,Floss H. et al. 2013; Combier J. & Montet-White A.  2002: p.259 fig. 19-12B,,
654,,sol0001,,Aurignacien,Solutré,Solutré-Pouilly,France,4.725000,46.296667,,C14,34010±610 - 29020±170,,limestone,plaquette,55.0,35.0,,fragmented,Fragment de plaquettes de calcaire à borde encoché,Floss H. et al. 2013; Combier J. & Montet-White A.  2002: p.259 fig. 19-12A,,
653,,gdr0010,,Aurignacien,Grotte du Renne,Arcy-sur-Cure,France,3.740833,47.603611,,AMS,36500±1300 - 34050±750,,bone,undetermined,,,,fragmented,engraved scapula fragment,Zilhão  J. 2007; Schmider B. 2002: p. 69 fig. 37,,
652,,gdr0009,,Aurignacien,Grotte du Renne,Arcy-sur-Cure,France,3.740833,47.603611,,AMS,36500±1300 - 34050±750,,bone,undetermined,145.0,20.0,12.0,fragmented,Engraved rib,Zilhão  J. 2007; Schmider B. 2002: fig. 129.2,,
651,,gdr0008,,Aurignacien,Grotte du Renne,Arcy-sur-Cure,France,3.740833,47.603611,,AMS,36500±1300 - 34050±750,,bone,undetermined,142.0,25.0,14.0,fragmented,Engraved rib,Zilhão  J. 2007; Schmider B. 2002: fig. 129.1,,
649,Find number: Vg 90,vhc0168,,Aurignacien,Vogelherd,Niederstotzingen-Stetten,Germany,10.194000,48.559000,V,C14,35810±710 - 25900±260,1931,bone,spatula/lissoir,110.0,19.0,7.0,fragmented,"This is a fragment of a smoother made from the rib of a herbivore, which consists of the pieces Vg 90 and Vg 61. Both were found in Layer V in 1931.","Riek 1934, Taf. XXIX.10; Hahn 1977, Taf. 36.3; Dutkiewicz E. 2021: Taf. 43.3",>>>>>> ! >>>>>,
648,"Find number: Vg 69. Glätter, Fragment, Codierung prüfen mit Rieks Abbildung",vhc0167,,Aurignacien,Vogelherd,Niederstotzingen-Stetten,Germany,10.194000,48.559000,V,C14,35810±710 - 25900±260,1931,bone,spatula/lissoir,173.0,22.0,8.0,fragmented,"This is a smoother made from the rib of a large herbivore (Mammoth?). This piece was found in two parts during Riek's excavation in Layer V in 1931 (Riek 1934: 157-158). The medial fragment is now lost. The dimensions of the entire object and the number of notches on the lost fragment are based on Riek's descriptions. Of the 18 notches, seven are on the terminal fragment that was originally examined.. See plate Dutkiewicz for complete picture","riek 1934, Taf. XXIX.11; Hahn 1977.2; Dutkiewicz E. 2021: Taf. 43.2",vvvvvvvvvvvvvvvvvv _ v!,
647,Find number: Vg 3a. Geweihobjekt,vhc0166,,Aurignacien,Vogelherd,Niederstotzingen-Stetten,Germany,10.194000,48.559000,IV,C14,32030±280 - 26160±150,1931,antler,antler object,73.0,44.0,24.0,complete,"This antler object was found during Riek's excavations in 1931 in Layer IV. Unlike the other piece, it does not feature a figurative representation but only some geometric markings.","Riek 1934, 295; Dutkiewicz E. 2021: Taf. 41.1",vvvvvvv _ [&],
646,Find number: Vg 37,vhc0165,,Aurignacien,Vogelherd,Niederstotzingen-Stetten,Germany,10.194000,48.559000,IV,C14,32030±280 - 26160±150,1931,bone,spatula/lissoir,75.0,12.0,7.0,fragmented,"A narrow, medial fragment of a smoother made from a rib.","Riek 1934, XXXI.11; Hahn 1977, Taf. 59.3; Dutkiewicz E. 2019: Taf. 45.1",!vvvv vvvvvv >>>>,
645,Find number: Vg 31.4,vhc0164,,Aurignacien,Vogelherd,Niederstotzingen-Stetten,Germany,10.194000,48.559000,IV,C14,32030±280 - 26160±150,1931,ivory,bâton percé,95.0,30.0,10.0,fragmented,"This perforated rod fragment was found in Layer IV in 1931 (Riek 1934: 190). The piece was crafted from ivory and meticulously worked. Only the extended end and about half of the first hole are preserved. Although smaller than the other perforated rods, it is clearly recognizable as the same type of perforated rod as the ones discussed earlier. This is particularly evident through the thread-like incisions in the hole. Since the object is lost, Riek's descriptions of the markings are provided here.","Riek 1934, Taf. XXXI.4; Hahn 1977, Taf. 59.5; Dutkiewicz E. 2021: Taf. 50",vvvvv! _ vvvvvv! _ [CCCC] _ &,
644,Find number: Vg 31.14,vhc0163,,Aurignacien,Vogelherd,Niederstotzingen-Stetten,Germany,10.194000,48.559000,IV,C14,32030±280 - 26160±150,1931,bone,spatula/lissoir,10.0,2.0,1.0,fragmented,"This is a smoother made of bone with a long-elliptical cross-section, found in 1931 in the Ach Valley (AH IV).","Riek 1934, Taf. XXXI.14; Hahn 1977, Taf. 59.4; Dutkiewicz E. 2021: Taf. 44.1-2",!⊞! _ !vvvvvvvvvvvvvvvvvv! _  !⊞!,
643,Find number: Vg 31.1,vhc0162,,Aurignacien,Vogelherd,Niederstotzingen-Stetten,Germany,10.194000,48.559000,IV,C14,32030±280 - 26160±150,1931,bone,spatula/lissoir,210.0,14.0,8.0,complete,"A very long and narrow, completely preserved smoother made of bone, found in 1931 in the Ach Valley (AH) IV. This is one of the most richly decorated tools of the Swabian Aurignacian. The decorations at the tip are heavily polished due to use, indicating that this smoother was in use for a long period.","Riek 1934, Taf. XXXI.1; Hahn 1977, Taf. 58.7; Dutkiewicz E. 2021: Taf. 44.3",(XXXXXXXXXX) _ >>>> <<< >>>> <<<< >> _ > <<<<< >>>> <<<<<< >>>>,
642,Find number: Vg 30.1. Bâton percée,vhc0161,,Aurignacien,Vogelherd,Niederstotzingen-Stetten,Germany,10.194000,48.559000,V,C14,35810±710 - 25900±260,1931,ivory,bâton percé,237.0,41.0,13.0,almost complete,"This large perforated baton was found by Riek in layer V in 1931. The piece was likely not completed, as the photo shows the unprocessed surface of the broken shell clearly. Additionally, only one hole with the characteristic helical marking typical of Aurignacian perforated rods from the Swabian Aurignacian is present. This, along with the unfinished shape of the piece, suggests that it was discarded during production. However, this cannot be conclusively determined based on the photo alone. Unfortunately, the piece is lost, so no further information can be provided.","Riek 1934, Taf. XXX.1, Hahn 1977, Taf. 34.1; Dutkiewicz E. 2021: Taf. 49",vvv vvv,
641,Find number: Vg 3.3. Geweihobjekt mit Mammutrelief,vhc0160,,Aurignacien,Vogelherd,Niederstotzingen-Stetten,Germany,10.194000,48.559000,IV,C14,32030±280 - 26160±150,1931,antler,antler object,69.0,36.0,29.0,almost complete,"This object was discovered during Riek's excavations in 1931 in layer IV. The object has an elongated, oval outline. The cancellous bone structure is prominently visible on the top, while the back forms a curved smooth surface. At the pointed end, there is a perforation, which is now broken. This piece was likely worn as a pendant. The cancellous surface forms an oval field into which the relief depiction of a mammoth is inserted. Clearly visible are the trunk, the mouth, the front leg, and the abdominal line. The hind leg is only visible cranially, and towards the caudal end, the surface is too cancellous, making the outline not discernible. The back line starts approximately at the crown and runs in a strongly curved line to the base of the buttocks. The high-rising skull and the typical saddle in the neck are missing, and tusks are not represented. These features characterize this mammoth as a juvenile. Originally, ochre residues were visible in some grooves, depressions, and the broken loop (Riek 1934: 288), but these are no longer present today.",Riek 1934: 295-296; Dutkiewicz E. 2021: Taf. 40,| |||| _ | _ vv v _ ||||_ | ||,
640,Find number: Vg 3.2. Bison,vhc0159,,Aurignacien,Vogelherd,Niederstotzingen-Stetten,Germany,10.194000,48.559000,IV,C14,32030±280 - 26160±150,1931,ivory,figurine zoomorph,72.0,53.0,14.0,fragmented,"Figurine of a steppe bison, discovered in layer IV in 1931. The left side is concavely broken along the growth seam of the ivory. Only the right side of the once fully plastic figurine is preserved. The entire outline is discernible, with only a fragment of the left side remaining in the crest area. The overall torso is robust and compact. The figurine has a prominent, strongly pronounced withers, unequivocally identifying the animal as a steppe bison (Bos priscus). The hump drops steeply to the rear, and the back line gently descends towards the buttocks. A tail attachment is not preserved. The thigh is large but only shallowly carved. The abdomen is rounded and hanging down. The front leg is not strongly modeled and begins below the chest. The legs, partially preserved, are very slim. The hind leg is steady, while the front leg is slightly forward, suggesting a slight walking stance. In the throat area, there is a dewlap typical of wild cattle, transitioning into the head. The head is not preserved. Overall, the torso is kept relatively flat, displaying few body details. Riek (1934: 288-290) describes fine red ochre traces that are no longer visible today.",Riek 1934: 288-290; Dutkiewicz E. 2021: Taf. 20a-20b,vvvv⚹vvvvvvvv _ ||||| _ ¤¤¤¤¤¤¤¤¤ _ [°°°°°°°°°°°°°°°°°°°°°°°°°°°°°°°°°°°°°°°°°°°°°°°°°°°°°°°°°°°°°°°°°°°°°°°°°°°!],
639,Find number: Vg 3.1. Löwe mit Raute,vhc0158,,Aurignacien,Vogelherd,Niederstotzingen-Stetten,Germany,10.194000,48.559000,IV,C14,32030±280 - 26160±150,1931,ivory,figurine zoomorph,87.0,34.0,11.0,fragmented,"Initially identified as a relief, the figurine of a feline was discovered in layer IV in 1931. Initially, only the left half of the body was preserved. In 2013, during subsequent excavations, a strongly rounded head was found. The preserved surface of the figurine is highly smoothed and exhibits a significant usage polish, causing all manufacturing traces, except for the rib area, to vanish completely. As a result, the figurine has a remarkable sheen. The outline of the animal is almost entirely preserved, with only the legs present in rudimentary forms. The torso is robust and elongated, but notably narrow in depth. The head is slightly lowered, followed by a short, thick neck transitioning into a robust neck/shoulder region. The biceps are clearly delineated and appear particularly powerful. The back line gently descends from the highest point on the crest towards the buttocks. The rear part of the animal is less robust, with the hind leg appearing flat, and the buttocks less pronounced. The most distinctive feature of this animal is the rib and abdominal region, where the surface curves inward significantly. The surface is strongly modeled, highlighting the separation of the head with its jaw muscles from the neck. The disproportionately long ears are semi-plastically worked into the body, with the left one positioned lower, and the right one visible in its upper part. The mouth is shaped with a deep incision that extends over the fracture edge to the rear part of the figurine. The eyes consist of nearly vertical, elongated incisions",Riek 1934: 290-292; Dutkiewicz E. 2021: Taf. 19a-19b,⊞ _ [°°°°°°°°°°°°°°°°°°°°°°°°°°°°°°°°°°°°°°°°°°°°°°°°°°°°°°°°°°°°°°°°°°°°°°°°°°°°°°°°°°°°°°°°°°°°°°°!] _V V _ V _ vv,
638,"Find number: Vg 2a.4. Riesen Mammut, liegt in zwei Teilen vor",vhc0157,,Aurignacien,Vogelherd,Niederstotzingen-Stetten,Germany,10.194000,48.559000,V,C14,35810±710 - 25900±260,1931,ivory,figurine zoomorph,70.0,54.0,23.0,fragmented,"Discovered by Gustav Riek in layer V during 1931, the large mammoth figurine is preserved in two significant fragments that, unfortunately, cannot be connected. One fragment constitutes the hind legs and hip region, previously described by Riek as part of a mammoth figurine. He also found the front part but failed to recognize the correlation between both fragments. This is due to only the transition from head to neck, including the shoulder attachment, and the sole of the foot being preserved. The piece is conically broken along the growth line of the ivory, forming the center of a dentin cone. When assembled according to the growth rings, the presumed length of the figurine is at least 7 cm, with a height of 6 cm, making it one of the largest figures from the Swabian Aurignacian. The hind part is heavily weathered, with the two large growth lamellae running vertically through the figurine completely separated, and their edges broken. The surface is severely deteriorated, and a larger area has chipped off around the buttocks. In contrast, the front fragment is much better preserved. Although the original surface is only retained in the neck area and on the sole of the foot, it is hardly affected. Presumably, this figurine broke before being deposited in the sediment, explaining the differing degrees of weathering in both parts. 
Despite its fragmented state, the figurine is clearly identifiable as a mammoth. In this depiction, the front part forms the back, with the section that slopes steeper upward. It is also possible that the lower curve becomes the back, although in this projection, it does not meet the rear part of the back line in the expected curvature. The proposed reconstruction seems more plausible in this case. The head is separated from the towering shoulders by a clear depression in the neck area. The back line descends significantly toward the buttocks in the rear part. The columnar legs are positioned vertically beneath the animal, standing closely together, with a slight stepping posture of the hind legs indicated.",Riek 1934: 283-284; Dutkiewicz E. 2021: Taf. 17a-17b,!||| _ X X _ |||! _ //// _ ||||| _ vvv _ vv _ || _ ||||| _ || _ vvv||||! _ ^^^^ _ X!,
637,Find number: Vg 2a.3. Anthropomorphe Figur,vhc0156,,Aurignacien,Vogelherd,Niederstotzingen-Stetten,Germany,10.194000,48.559000,IV,C14,32030±280 - 26160±150,1931,ivory,figurine anthropomorph,69.0,19.0,10.0,fragmented,"""This anthropomorphic figurine was found in layer IV during the 1931 excavations. The left half of the figure is completely preserved, extending beyond the central axis. Riek (1934: 292-295) discusses whether this might be a semi-finished product. Arguments in favor include the only vaguely worked and not further shaped or reworked head, as well as the rough and completely unsmoothed leg/knee area. However, the rows of dots on the body suggest careful surface reworking. It is possible that this figurine was intentionally left partially unfinished, unlike other figures from Vogelherd. The figurine is worked along the longitudinal axis of the ivory. Both ends were notched and then broken off. The neck area is roughly cut, while the body is rounded and bears markings. Although the torso is smoothed, numerous tool marks are visible.
The head is narrow and set off from the body by a deep notch. The eye, ear, and mouth are schematically represented by notches. It is notable that the top of the head is recessed, creating the impression of pointed ears (animal ears) protruding upwards when viewed from the front. The body is long and cylindrical, with no further details except for a slight indentation in the area of the cross. The lower abdomen is depicted strongly shortened. Below the waist, the buttocks area slightly protrudes. Legs are not represented, and the figurine is provided with a button-like, unworked thickening at its lower end. The figurine overall appears very static and schematic. The identification as a human figure is given by the upright, elongated body shape, the absence of front and hind legs typically found in an animal figure, the head sitting vertically on the body axis, and the thinning of the waist in the area of the back.""",Riek 1934: 292-295; Dutkiewicz E. 2021: Taf. 18,°°°° °°° _ °°°°°°°° _ v°°°°°°°°° _ Vv _,
636,Find number: Vg 2a.2. Wellentier,vhc0155,,Aurignacien,Vogelherd,Niederstotzingen-Stetten,Germany,10.194000,48.559000,V,C14,35810±710 - 25900±260,1931,ivory,figurine zoomorph,64.0,26.0,17.0,fragmented,"This prominently adorned figurine was discovered during the 1931 excavations in layer V. The figurine is crafted along the direction of the ivory's growth. The entire surface is extensively reworked and polished. The markings also appear highly polished, suggesting that this figurine was used over an extended period. Primarily, the left half of the body is preserved. The head and tail are missing. At the location where the neck should attach, the surface is completely smoothed and marked. The right front leg is only present at the base, and the right hind leg is preserved as a stump. The left limbs are present up to approximately the knee region. The central lamella is only preserved in the front half of the body. Despite being strongly fragmented, the outlines are clearly discernible. The torso is noticeably elongated and cylindrical. The back line slopes slightly backward, and there is a small depression in the lumbar region. The pelvic region protrudes distinctly. Toward the buttocks, the back line slopes slightly angularly without showing a tail attachment. The belly is slightly sagging. The front legs are very thin and detached from the body. The thigh of the well-preserved hind leg is distinctly separated from the torso, and both hind legs are slender. A slight stepping posture is recognizable.
According to Riek (1934), due to the elongated body shape and especially the thin legs, this represents a cervid, more specifically a reindeer (Rangifer tarandus). Hahn (1986) also considers a felid as a possibility. The absence of the neck and head makes it challenging to precisely identify the depicted species.","Riek 1934: 285-286, AABW 2015; Dutkiewicz E. 2021: Taf. 16a-16b",°!°°°°°°°°°°! _ °°°°°°°° _ !°°°°°°°°°°°! _ °°°°°°°°°°°°°° _ vvvXXX! _ !vvvvvv! _ !vvvvv! _ [CCCC] _ [CCCC] _ [CCCC] _ |||! _ ||| _ vvvv _ ||| _ vvvv _ |||| _ ||| _ ||| _ vvv _ ¥ _ || _ °!,
635,"Find number: Vg 2a.1. Löwenbär. 51/63-19, Kopf 2012",vhc0154,,Aurignacien,Vogelherd,Niederstotzingen-Stetten,Germany,10.194000,48.559000,V,C14,35810±710 - 25900±260,1931,ivory,figurine zoomorph,65.0,26.0,11.0,fragmented,"Figurine of a lion or a bear. Along the growth line, it has cracked, and only the right half of the body is preserved. The outline of the torso is fully recognizable. The two right limbs are only present in part. Only the right ear, cheek, and eye of the head are preserved. The surface is lightly weathered, and small areas are partially chipped. The body of the animal is elongated. The upper parts of both limbs – shoulder and thigh – are particularly voluminous, creating the impression of a very slender structure. The front leg is slightly bent forward, while the hind leg stands vertically under the body. The tail is small and stubby. The withers are noticeably arched. From there, the long, slender, and stretched neck begins. The head is lowered, the ear is slightly laid back, and it stands slightly away from the head. The eye is positioned just below. The muzzle and the lower part of the head are not preserved. It is not entirely clear which species is represented here. Riek (1934) suggests, based on the body posture, the massive upper limbs, and the stubby tail, an interpretation as a bear. Hahn (1986), on the other hand, rules out a depiction of a bear and interprets this figure as a rhinoceros or a felid. With the discovery of the head, an interpretation as a rhinoceros can now be ruled out. The body shape suggests a bear, while the long neck and the ear and eye area, as well as the overall slender head, lean towards a felid. The muzzle portion, which would enable a precise identification of the depicted species, is not preserved.","Riek 1934: 287, AABW 2012; Dutkiewicz E. 2021: Taf. 15",≠ _ |||||,
634,Find number: Vg 29.9,vhc0153,,Aurignacien,Vogelherd,Niederstotzingen-Stetten,Germany,10.194000,48.559000,V,C14,35810±710 - 25900±260,1931,ivory,rod/bâton,60.0,10.0,10.0,fragmented,"Wide, flat, and partially preserved cylindrical rod fragment.","Riek 1934, Taf. XXIX.9; Hahn 1977, Taf. 34.2; Dutkiewicz E. 2021: Taf. 51.7",|||| || || | _ |||||| | | | _ !||||||||,
633,Find number: Vg 29.20,vhc0152,,Aurignacien,Vogelherd,Niederstotzingen-Stetten,Germany,10.194000,48.559000,V,C14,35810±710 - 25900±260,1931,ivory,bâton percé,133.0,31.0,10.0,almost complete,"The strongly fragmented perforated rod was found by Riek in 1931 in AH V and referred to by him as 'chest jewelry' (Riek 1934: 159-160). Today, it is lost, so the description of the markings is based on the information and photos provided by Riek and the drawing by Hahn (1977). The identification as a perforated rod is based on the thread-like markings around the two preserved holes.","Riek 1934, Taf. XXIX.20, Hahn 1977, Taf. 37.1; Dutkiewicz E. 2021: Taf. 48",|||| _ ||||| _ ||||||||,
632,Find number: Vg 29.14,vhc0151,,Aurignacien,Vogelherd,Niederstotzingen-Stetten,Germany,10.194000,48.559000,V,C14,35810±710 - 25900±260,1931,fossil,undetermined,77.0,24.0,26.0,almost complete,Fragment of a Lias ammonite.,"Riek 1934, Taf. XXIX.14; Dutkiewicz E. 2021: Taf. 58.2-4",v v vvv vv,
631,Find number: Vg 29.12. Base of object 38/68-90.1. Coding see vhc0049,vhc0150,,Aurignacien,Vogelherd,Niederstotzingen-Stetten,Germany,10.194000,48.559000,V,C14,35810±710 - 25900±260,1931,bone,spatula/lissoir,77.0,12.0,5.0,almost complete,second part of lissoir 38/68-90.1. Coding see vhc0049,"Riek 1934, Taf. XXIX.12; Hahn 1977, Taf. 34.4; Dutkiewicz E. 2021: Taf. 42.3-4",,
630,Find number: Vg 2676 and Vg 5836,vhc0149,,Aurignacien,Vogelherd,Niederstotzingen-Stetten,Germany,10.194000,48.559000,IV,C14,32030±280 - 26160±150,1931,ivory,undetermined,38.0,14.0,5.0,fragmented,Ivory fragment,Dutkiewicz E. 2021: Taf. 55.5,!|||||||,
629,Find number: Vg 22. Sandsteinobjekt,vhc0148,,Aurignacien,Vogelherd,Niederstotzingen-Stetten,Germany,10.194000,48.559000,,C14,35810±710 - 25900±260,1950,sandstone,possible figurine,54.0,40.0,32.0,complete,"It is a completely preserved object made of sandstone, but it has modern damage. Riek describes that the piece is made from a cobble, from which a part was struck off to obtain a flat side. The object has an elongated, strongly bulging outline and a flat side. There is a perforation at one of the edges. Riek interprets this figurine as a representation of a mammoth, while Hahn, due to the ambiguity of the depiction, labels this piece as a pendant.",Riek 1954; Hahn 1986: 98-104; Dutkiewicz E. 2019: Taf. 30,||||||||||| _ [||||||||||||||||||||||||] _ [||||||||||||||||||||||||],
628,"Find number: Vg 2.4. Felid figurine. ""Snow leopard""",vhc0147,,Aurignacien,Vogelherd,Niederstotzingen-Stetten,Germany,10.194000,48.559000,V,C14,35810±710 - 25900±260,1931,ivory,figurine zoomorph,68.0,24.0,14.0,fragmented,"This figurine was discovered during the 1931 excavations in layer V. The right half of the animal is largely intact, with only the cheek and neck chipped. In contrast, the left half is missing the crown and the leg. The other three legs are only present at the base. Two longitudinal cracks run through the body. The surface is heavily weathered in many areas. Where well-preserved, there is evidence of careful reworking and polishing. Although large pieces of the figurine are missing, the outline is completely preserved. The depiction is of a felid with a head extended far forward. It is unclear whether this represents a cave lion (Panthera leo spelea) or a snow leopard (Panthera uncia). The slender silhouette of the figurine favors the latter, although it cannot be ruled out that a female or young cave lion could have had such a slim body shape. The body is elongated with a straight back line. Only the withers slightly arch upwards. The hip and hind leg are separated from the body. It is possible that the base of a tail is preserved, but this cannot be determined with certainty. The leg attachments extend vertically downward, indicating that the animal is depicted standing still in place. The face is stretched forward. Both eyes gaze forward, and the preserved ear is laid back. The nose of the animal is separated from the mouth by a line. Interestingly, two additional incisions follow below, although only one is necessary anatomically to represent the mouth. It is possible that the animal is depicted with an open mouth. A cleft lip is not discernible.",Riek 1934: 286-287; Hahn 1986; Dutkiewicz E. 2021: Taf. 14,|||||X _ (!°°°°°°°°°°°°°°°°°°°°°°°°°°°°°°°°°°°!) _ (!°°°°°°°°°°°°°°°°°!) _ ||||,
627,Find number: Vg 2.2. Horse,vhc0146,,Aurignacien,Vogelherd,Niederstotzingen-Stetten,Germany,10.194000,48.559000,V,C14,35810±710 - 25900±260,1931,ivory,figurine zoomorph,48.0,25.0,8.0,fragmented,"The depiction of the wild horse was also found in layer V during the 1931 excavations. The surface is remarkably smooth and exhibits polishing in several areas. Like the mammoth figurine discussed above, the wild horse also has a distinct bluish tint, a result of mineral deposition during burial in the ground. The horse is particularly elegant and expressive. The noticeably lowered head is narrow and, when viewed from the front, has a slight S-curve. The nostrils, mouth, eyes, and ears are anatomically accurate. The ears are slightly pointed and lie close to the head. The cheeks are well-defined. The mane appears to be a standing mane typical of wild horses, but it is only present in the head area, between the two ears. Towards the back, it transitions into the neck and is inseparable from the body. The neck is curved and separated from the withers by a bend. The body is slender with detailed muscle features. The belly hangs slightly. The tail is only partially worked, with no tail hairs. The right front leg points slightly forward, as if the animal were taking a step. The hind leg points slightly backward. The distance between the limbs of the two halves of the body appears to have been very small. Hahn (1986: 78-79) speculates that, like the mammoth described above, the horse could have had a perforation between the front and hind legs.",Riek 1934: 284-285; Hahn 1986; Dutkiewicz E. 2019: Taf. 13,XXXXXXXXXXXXX _ vvvvvvvvvvvvvvvvv,
626,Find number: Vg 2.1. Big mammoth figurine,vhc0145,,Aurignacien,Vogelherd,Niederstotzingen-Stetten,Germany,10.194000,48.559000,V,C14,35810±710 - 25900±260,1931,ivory,figurine zoomorph,50.0,32.0,22.0,almost complete,"The nearly complete mammoth figurine was found in the Vogelherd during the 1931 excavations in the Aurignacian-layer V. This figurine is mostly well-preserved. The lower section of the trunk, which was adjacent to the front legs, is broken, and the soles of the hind limbs are freshly chipped. The surface is highly polished but still shows some tool marks. The noticeable grayish-blue patina covering the entire figurine was formed through the deposition of minerals during deposition in the ground. The mammoth is depicted in a round and voluminous manner, with a dome-like head slightly offset from the face. Eyes and ears are finely carved with impressive anatomical accuracy. The trunk is not preserved in the middle part, slightly extending from the body and touching the feet at the bottom, as evidenced by a small material residue. The tusks are not represented, but a mouth is clearly visible. The neck is deeply saddled, the shoulders protrude high, and the back line falls straight to the buttocks. The tail is short and only slightly indicated. The front and hind legs are slender compared to the body mass and are slightly stretched forward and backward, respectively. Additionally, the soles of the feet touch each other; this is not a natural standing posture for a mammoth. There are small perforations between the front and hind limbs, each showing signs of use-polishing, suggesting they served as loops for a cord.",Riek 1934: 281-283; Hahn 1986; Dutkiewicz E. 2021: Taf. 12a-12b,(/X)XXXXXYYY _ X(XX) _ (X/X)XXXX _ XVXXY _ °°° _ °°°°°°° _ XXXX _ >>>XXX _ ⊞ _ XXXXX,
625,Find number: Vg 17973,vhc0144,,Aurignacien,Vogelherd,Niederstotzingen-Stetten,Germany,10.194000,48.559000,IV,C14,32030±280 - 26160±150,1931,ivory,figurine zoomorph,62.0,23.0,8.0,fragmented,"This is a larger ivory lamella that has cracked along the natural growth line, indicating the use of weathered ivory. On the inner concave surface, there is a surface-filling decoration. This decoration is reminiscent of the markings on the fish representation, which is why this piece is considered a possible additional fish representation. If this is indeed a fish, it is depicted in a highly abstract manner.","Wolf 2015, Taf. 37.2; Dutkiewicz E. 2021: Taf. 28.1",||||| _! /////////////////! _ !///////////////!,
624,Find number: Vg 127.4,vhc0169,,Aurignacien,Vogelherd,Niederstotzingen-Stetten,Germany,10.194000,48.559000,IV,C14,32030±280 - 26160±150,1931,bone,spatula/lissoir,47.0,8.0,5.0,fragmented,"This is a medial, lateral fragment of a smoother made from a large herbivore's rib, which was found in Layer IV in 1931.","Hahn 1977, Taf. 59.2; Dutkiewicz E. 2021: Taf. 45.2",vvvvvvvvvv!,
623,Find number: Vg 127.2,vhc0143,,Aurignacien,Vogelherd,Niederstotzingen-Stetten,Germany,10.194000,48.559000,V,C14,35810±710 - 25900±260,1931,bone,undetermined,60.0,10.0,2.0,almost complete,Fragment of a thin tubular bone with rounded edges.,"Riek 1934, Taf. XXIX.18; Hahn 1977, Taf. 34.3; Dutkiewicz E. 2021: Taf. 58.1",||| ||||,
622,"Find number: Vg 11421. Additional find numbers: Vg 2432, Vg 5827, 54/63-31",vhc0142,,Aurignacien,Vogelherd,Niederstotzingen-Stetten,Germany,10.194000,48.559000,IV,C14,32030±280 - 26160±150,1931,ivory,undetermined,81.0,28.0,17.0,fragmented,"Large fragment of a tusk, of which the innermost cone is preserved; it was likely found in AH IV in 1931. An elongated, thick lamellar fragment, found in the spoil heap during subsequent excavations in 2012, fits into it. Presumably, it is a piece from which a larger flake has been detached. On the slightly concave flake negative, there are 40 lines distributed in a broad engraving over the entire preserved surface.","AABW 2012; Wolf 2015, Taf. 36.1; Dutkiewicz E. 2021: Taf. 55.6-8",!≠!,
621,Find number: 99/99-1333.1,vhc0141,,Aurignacien,Vogelherd,Niederstotzingen-Stetten,Germany,10.194000,48.559000,HL/KS,C14,35810±710 - 25900±260,2009,bone,tube/flute,19.0,4.0,2.0,fragmented,Fragment of a thin tubular bone.,Dutkiewicz E. 2021: Taf. 36.17,!||||!,
620,Find number: 99/99-1002.1,vhc0140,,Aurignacien,Vogelherd,Niederstotzingen-Stetten,Germany,10.194000,48.559000,HL/KS,C14,35810±710 - 25900±260,2008,ivory,rod/bâton,13.0,4.0,4.0,fragmented,Very thin round rod made of ivory.,Dutkiewicz E. 2021: Taf. 51.18,!vvv!,
619,Find number: 99/99-1000,vhc0139,,Aurignacien,Vogelherd,Niederstotzingen-Stetten,Germany,10.194000,48.559000,HL/KS,C14,35810±710 - 25900±260,2012,ivory,undetermined,45.0,18.0,7.0,fragmented,Ivory fragment (cementum).,Dutkiewicz E. 2021: Taf. 57.16,!| || |!,
618,Find number: 78/65-40.1,vhc0138,,Aurignacien,Vogelherd,Niederstotzingen-Stetten,Germany,10.194000,48.559000,HL/KS,C14,35810±710 - 25900±260,2010,bone,tube/flute,17.0,6.0,3.0,fragmented,Fragment of a thin tubular bone (bird?).,AABW 2014; Dutkiewicz E. 2021: Taf. 36.16,!vvvv! _ !vvvvv!,
617,Find number: 77/66-18.1,vhc0137,,Aurignacien,Vogelherd,Niederstotzingen-Stetten,Germany,10.194000,48.559000,HL/KS,C14,35810±710 - 25900±260,2010,ivory,possible flute,14.0,4.0,2.0,fragmented,Heavily weathered fragment of a possible ivory flute.,AABW 2014; Dutkiewicz E. 2021: Taf. 32.17,!vvv!,
616,Find number: 75/63-13.1,vhc0136,,Aurignacien,Vogelherd,Niederstotzingen-Stetten,Germany,10.194000,48.559000,HL/KS,C14,35810±710 - 25900±260,2010,bone,flute,15.0,6.0,2.0,fragmented,Fragment of the top of a bone flute with a partially preserved finger hole.,AABW 2014; Dutkiewicz E. 2021: Taf. 34.11,||!,
615,Find number: 75/62-76.1,vhc0135,,Aurignacien,Vogelherd,Niederstotzingen-Stetten,Germany,10.194000,48.559000,HL/KS,C14,35810±710 - 25900±260,2010,bone,spatula/lissoir,30.0,10.0,5.0,fragmented,"Terminal fragment of a flat, rod-like object with a thicker, rounded end.",AABW 2010; Dutkiewicz E. 2021: Taf. 45.3,(/XXXX!) _ (XXXX!) _ >>! _,
614,Find number: 74/63-29.1,vhc0134,,Aurignacien,Vogelherd,Niederstotzingen-Stetten,Germany,10.194000,48.559000,HL/KS,C14,35810±710 - 25900±260,2010,bone,possible figurine,11.0,4.0,4.0,fragmented,Elongated bone fragment with a weathered surface.,Dutkiewicz E. 2021: Taf. 29.12,!XXX!,
613,Find number: 71/64-50.1,vhc0133,,Aurignacien,Vogelherd,Niederstotzingen-Stetten,Germany,10.194000,48.559000,HL/KS,C14,35810±710 - 25900±260,2005,bone,flute,17.0,5.0,2.0,fragmented,Small fragment of a bone flute.,AABW 2005; Dutkiewicz E. 2021: Taf. 34.10,v,
612,Find number: 69/62-55,vhc0132,,Aurignacien,Vogelherd,Niederstotzingen-Stetten,Germany,10.194000,48.559000,HL/KS,C14,35810±710 - 25900±260,2011,bone,awl,52.0,11.0,8.0,almost complete,"A nearly complete bone awl. The tip and a portion of the base are missing. The awl is finely crafted, with a straight shaft that terminates in a carefully worked point. The base is noticeably thickened, with two bulges on the sides resembling shoulders. The awl is adorned with markings all around.",AABW 2011; Dutkiewicz E. 2021: Taf. 46.3,|||||| _ vvvv vvv _ ||||! _ vvvv vv,
611,Find number: 68/66-27.1,vhc0131,,Aurignacien,Vogelherd,Niederstotzingen-Stetten,Germany,10.194000,48.559000,HL/KS,C14,35810±710 - 25900±260,2005,bone,tube/flute,17.0,7.0,4.0,fragmented,Terminal fragment of a severed tubular bone.,AABW 2005; Dutkiewicz E. 2021: Taf. 36.15,≠!,
610,Find number: 68/62-9.1,vhc0130,,Aurignacien,Vogelherd,Niederstotzingen-Stetten,Germany,10.194000,48.559000,HL/KS,C14,35810±710 - 25900±260,2011,bone,tube/flute,21.0,6.0,2.0,fragmented,Fragment of a thin tubular bone.,Dutkiewicz E. 2021: Taf. 36.13,!vv!,
609,Find number: 68/62-39.1,vhc0129,,Aurignacien,Vogelherd,Niederstotzingen-Stetten,Germany,10.194000,48.559000,HL/KS,C14,35810±710 - 25900±260,2011,bone,tube/flute,15.0,5.0,4.0,fragmented,Fragment of a tiny tubular bone (undetermined animal species).,Dutkiewicz E. 2021: Taf. 36.15,vvvv _ vvvv,
608,Find number: 68/62-20.1,vhc0128,,Aurignacien,Vogelherd,Niederstotzingen-Stetten,Germany,10.194000,48.559000,HL/KS,C14,35810±710 - 25900±260,2011,ivory,undetermined,12.0,7.0,3.0,fragmented,"Tiny, black discolored ivory fragment.",Dutkiewicz E. 2021: Taf. 57.15,!||!,
607,Find number: 67/65-78.1,vhc0127,,Aurignacien,Vogelherd,Niederstotzingen-Stetten,Germany,10.194000,48.559000,HL/KS,C14,35810±710 - 25900±260,2005,bone,tube/flute,20.0,7.0,4.0,fragmented,Fragment of a thin tubular bone (bird?).,AABW 2005; Dutkiewicz E. 2021: Taf. 36.12,!vv! _ !vvv!,
606,Find number: 66/64-58.1,vhc0126,,Aurignacien,Vogelherd,Niederstotzingen-Stetten,Germany,10.194000,48.559000,HL/KS,C14,35810±710 - 25900±260,2011,bone,undetermined,18.0,5.0,2.0,fragmented,Semi-tubular bone fragment.,Dutkiewicz E. 2021: Taf. 59.18,!vvvvvvv! _ // /// //!,
605,Find number: 66/64-53.1,vhc0125,,Aurignacien,Vogelherd,Niederstotzingen-Stetten,Germany,10.194000,48.559000,HL/KS,C14,35810±710 - 25900±260,2011,ivory,undetermined,8.0,5.0,3.0,fragmented,Tiny heavily weathered ivory fragment.,Dutkiewicz E. 2021: Taf. 57.14,!vvv!,
604,Find number: 66/61-34.1,vhc0124,,Aurignacien,Vogelherd,Niederstotzingen-Stetten,Germany,10.194000,48.559000,HL/KS,C14,35810±710 - 25900±260,2011,bone,undetermined,39.0,7.0,2.0,fragmented,Fragment of a thin tubular bone.,AABW 2014; Dutkiewicz E. 2021: Taf. 59.17,vvvvvv,
603,Find number: 65/62-29.1,vhc0123,,Aurignacien,Vogelherd,Niederstotzingen-Stetten,Germany,10.194000,48.559000,HL/KS,C14,35810±710 - 25900±260,2011,ivory,rod/bâton,25.0,6.0,5.0,fragmented,"Heavily fragmented, thin ivory cylindrical rod.",AABW 2014; Dutkiewicz E. 2021: Taf. 51.17,vvvv vvv vv! _ vvv v vvvv _ vvv! _ !v vv v v v v v! _ v v v v v _ !vvvv! _ !>>>>>>>!,
602,Find number: 64/63-67.1,vhc0122,,Aurignacien,Vogelherd,Niederstotzingen-Stetten,Germany,10.194000,48.559000,HL/KS,C14,35810±710 - 25900±260,2006,bone,tube/flute,11.0,6.0,2.0,fragmented,Tiny fragment of a tubular bone (undetermined animal species).,Dutkiewicz E. 2021: Taf. 36.11,v!,
601,Find number: 64/63-24.2,vhc0121,,Aurignacien,Vogelherd,Niederstotzingen-Stetten,Germany,10.194000,48.559000,HL/KS,C14,35810±710 - 25900±260,2006,bone,tube/flute,36.0,11.0,3.0,fragmented,Humerus of a bird.,Dutkiewicz E. 2021: Taf. 36.10,!| | |!,
600,Find number: 63/63-41.1,vhc0120,,Aurignacien,Vogelherd,Niederstotzingen-Stetten,Germany,10.194000,48.559000,HL/KS,C14,35810±710 - 25900±260,2011,ivory,possible figurine,12.0,4.0,2.0,fragmented,"The original surface of this small, heavily fragmented elongated ivory fragment is only preserved on the narrow side. It features a grid pattern that is noticeably deeply cut.",Dutkiewicz E. 2021: Taf. 29.10,!⊞!,
599,Find number: 63/63-32.1,vhc0119,,Aurignacien,Vogelherd,Niederstotzingen-Stetten,Germany,10.194000,48.559000,HL/KS,C14,35810±710 - 25900±260,,ivory,possible figurine,9.0,5.0,3.0,fragmented,"Elongated, cylindrical ivory fragment with a highly polished surface.",AABW 2014; Dutkiewicz E. 2021: Taf. 29.9,!v vv v!,
598,Find number: 62/61-33.3,vhc0118,,Aurignacien,Vogelherd,Niederstotzingen-Stetten,Germany,10.194000,48.559000,HL/KS,C14,35810±710 - 25900±260,2011,bone,flute,19.0,4.0,3.0,fragmented,"Fragment of a miniature flute made from a thin and narrow tubular bone. Only the upper surface of a medial fragment is preserved. Two finger holes are partially preserved, with parallel notches placed in between.",Dutkiewicz E. 2021: Taf. 34.7,v v vv v v v,
597,Find number: 61/63-12.1,vhc0117,,Aurignacien,Vogelherd,Niederstotzingen-Stetten,Germany,10.194000,48.559000,HL/KS,C14,35810±710 - 25900±260,2011,bone,tube/flute,12.0,6.0,3.0,fragmented,Tiny fragment of a tubular bone.,Dutkiewicz E. 2021: Taf. 36.9,!vvvvv!,
596,Find number: 60/63-96.1,vhc0116,,Aurignacien,Vogelherd,Niederstotzingen-Stetten,Germany,10.194000,48.559000,HL/KS,C14,35810±710 - 25900±260,2012,ivory,undetermined,18.0,9.0,3.0,fragmented,"Thin, heavily weathered ivory plate.","AABW 2012; Wolf 2015, Taf. 42.20; Dutkiewicz E. 2021: Taf. 57.13",!⊞!,
595,Find number: 59/64-15,vhc0115,,Aurignacien,Vogelherd,Niederstotzingen-Stetten,Germany,10.194000,48.559000,HL/KS,C14,35810±710 - 25900±260,2012,ivory,undetermined,11.0,4.0,2.0,fragmented,"Tiny, rod-shaped, heavily weathered ivory fragment.",Dutkiewicz E. 2219: Taf. 57.12,!vvvv!,
594,Find number: 58/64-57,vhc0114,,Aurignacien,Vogelherd,Niederstotzingen-Stetten,Germany,10.194000,48.559000,HL/KS,C14,35810±710 - 25900±260,2012,ivory,undetermined,40.0,23.0,8.0,fragmented,Ivory fragment (cementum),"AABW 2012; Wolf 2015, Taf. 42.1; Dutkiewicz E. 2021: Taf. 57.11",!||||||!,
593,Find number: 58/64-15.1,vhc0113,,Aurignacien,Vogelherd,Niederstotzingen-Stetten,Germany,10.194000,48.559000,HL/KS,C14,35810±710 - 25900±260,2012,bone,rod/bâton,19.0,4.0,4.0,fragmented,"Heavily weathered, thin cylindrical bone rod.",Dutkiewicz E. 2021: Taf. 51.19,!vvv! _ !vvvv! _ vv! _ !vvvv!,
592,Find number: 57/63-57.1,vhc0112,,Aurignacien,Vogelherd,Niederstotzingen-Stetten,Germany,10.194000,48.559000,HL/KS,C14,35810±710 - 25900±260,2012,ivory,figurine zoomorph,14.0,11.0,8.0,fragmented,"A heavily weathered, cylindrically reshaped ivory fragment. It is clearly recognizable as the leg of a figure, most likely from a mammoth. The columnar shape and the cross on the sole of the foot strongly suggest its association with a mammoth.",AABW 2014; Dutkiewicz E. 2021: Taf. 27.8,vv _ X,
591,Find number: 57/62-56.1,vhc0111,,Aurignacien,Vogelherd,Niederstotzingen-Stetten,Germany,10.194000,48.559000,DKS,C14,35810±710 - 25900±260,2012,ivory,possible figurine,28.0,13.0,8.0,fragmented,"The heavily weathered, reshaped ivory fragment with an ornate cone-like protrusion.",AABW 2012; Dutkiewicz E. 2021: Taf. 29.8,?,
590,Find number: 54/66-29.1,vhc0110,,Aurignacien,Vogelherd,Niederstotzingen-Stetten,Germany,10.194000,48.559000,HL/KS,C14,35810±710 - 25900±260,2012,ivory,undetermined,17.0,8.0,3.0,fragmented,Ivory fragment.,"Wolf 2015, Taf. 42.27; Dutkiewicz E. 2021: Taf. 57.10",vvv!,
589,Find number: 53/65-6.1,vhc0109,,Aurignacien,Vogelherd,Niederstotzingen-Stetten,Germany,10.194000,48.559000,HL/KS,C14,35810±710 - 25900±260,2012,ivory,possible flute,17.0,3.0,2.0,fragmented,Small possible fragment of an ivory flute.,Dutkiewicz E. 2021: Taf. 32.16,!vvvvvvvv!,
588,Find number: 48/70-17.1,vhc0108,,Aurignacien,Vogelherd,Niederstotzingen-Stetten,Germany,10.194000,48.559000,HU/KS,C14,35810±710 - 25900±260,2005,bone,undetermined,15.0,4.0,2.0,fragmented,Semi-tubular bone fragment.,Dutkiewicz E. 2021: Taf. 59.16,!XXXX!,
587,Find number: 48/68-24.1,vhc0175,,Aurignacien,Vogelherd,Niederstotzingen-Stetten,Germany,10.194000,48.559000,HU/KS,C14,35810±710 - 25900±260,2005,ivory,rod/bâton,18.0,5.0,3.0,fragmented,Very thin round rod.,AABW 2005; Dutkiewicz E. 2021: Taf. 51.16,vvv!,
586,Find number: 47/67-104.1,vhc0107,,Aurignacien,Vogelherd,Niederstotzingen-Stetten,Germany,10.194000,48.559000,HL/KS,C14,35810±710 - 25900±260,2005,ivory,rod/bâton,29.0,12.0,5.0,fragmented,Heavily weathered cylindrical rod fragment.,AABW 2005; Dutkiewicz E. 20: Taf. 51.15,/ \ _ |||! _ ||!,
585,Find number: 47/65-118.1,vhc0106,,Aurignacien,Vogelherd,Niederstotzingen-Stetten,Germany,10.194000,48.559000,DL/KS,C14,35810±710 - 25900±260,2005,ivory,possible figurine,17.0,8.0,3.0,fragmented,Elongated ivory fragment with a strong whitish to black patina.,AABW 2005; Dutkiewicz E. 20: Taf.29.7,!⊞!,
584,Find number: 45/69-21.1,vhc0105,,Aurignacien,Vogelherd,Niederstotzingen-Stetten,Germany,10.194000,48.559000,HL/KS,C14,35810±710 - 25900±260,2006,ivory,possible flute,13.0,2.0,2.0,fragmented,Heavily weathered possible ivory flute fragment.,"AABW 2014; Wolf 2015, Taf. 42.29; Dutkiewicz E. 2021: Taf. 32.15",!vvvvvvv!,
583,Find number: 44/68-75.1,vhc0104,,Aurignacien,Vogelherd,Niederstotzingen-Stetten,Germany,10.194000,48.559000,HL/KS,C14,35810±710 - 25900±260,2006,ivory,undetermined,9.0,2.0,2.0,fragmented,Tiny cone-shaped ivory fragment.,Dutkiewicz E. 2021: Taf. 57.9,!vvv! _ !vv! _ !vv! _ !vvv!,
582,Find number: 44/68-52.1,vhc0103,,Aurignacien,Vogelherd,Niederstotzingen-Stetten,Germany,10.194000,48.559000,HL/KS,C14,35810±710 - 25900±260,2006,bone,undetermined,18.0,5.0,2.0,fragmented,Semi-tubular bone fragment.,Dutkiewicz E. 2021: Taf. 59.15,!vvvvvv! _ !v V>>>vv!,
581,Find number: 44/67-45.1,vhc0102,,Aurignacien,Vogelherd,Niederstotzingen-Stetten,Germany,10.194000,48.559000,HL/KS,C14,35810±710 - 25900±260,2006,bone,undetermined,8.0,8.0,2.0,fragmented,"Small, flat bone fragment.",Dutkiewicz E. 2021: Taf. 59.14,!|||! _ !vv! _ !vvv!,
580,Find number: 44/64-20.1,vhc0101,,Aurignacien,Vogelherd,Niederstotzingen-Stetten,Germany,10.194000,48.559000,HL/KS,C14,35810±710 - 25900±260,2007,ivory,possible figurine,10.0,7.0,4.0,fragmented,Small cylindrical ivory fragment.,Dutkiewicz E. 2021: Taf. 29.9,!vv! _ !v!,
579,Find number: 43/76-13.1,vhc0100,,Aurignacien,Vogelherd,Niederstotzingen-Stetten,Germany,10.194000,48.559000,HL/KS,C14,35810±710 - 25900±260,2008,bone,tube/flute,10.0,6.0,2.0,fragmented,Tiny tubular bone fragment (undetermined species).,Dutkiewicz E. 2021: Taf. 36.8,!vvv!,
578,Find number: 43/74-62.1,vhc0099,,Aurignacien,Vogelherd,Niederstotzingen-Stetten,Germany,10.194000,48.559000,DKS,C14,35810±710 - 25900±260,2008,ivory,undetermined,28.0,8.0,2.0,fragmented,"Elongated, flat ivory fragment.","Wolf 2015, Taf. 42.10; Dutkiewicz E. 2021: Taf. 57.8",!////,
577,Find number: 43/73-24.1,vhc0098,,Aurignacien,Vogelherd,Niederstotzingen-Stetten,Germany,10.194000,48.559000,HL/KS,C14,35810±710 - 25900±260,2008,ivory,undetermined,32.0,10.0,5.0,fragmented,Round rod-shaped ivory object.,Dutkiewicz E. 2021: Taf. 57.7,|| ||,
576,Find number: 43/71-88.1,vhc0097,,Aurignacien,Vogelherd,Niederstotzingen-Stetten,Germany,10.194000,48.559000,HL/KS,C14,35810±710 - 25900±260,2006,bone,tube/flute,25.0,6.0,2.0,fragmented,Fragment of a thin tubular bone.,AABW 2015; Dutkiewicz E. 2021: Taf. 36.7,!⊞!,
575,Find number: 43/71-50.1,vhc0096,,Aurignacien,Vogelherd,Niederstotzingen-Stetten,Germany,10.194000,48.559000,HL/KS,C14,35810±710 - 25900±260,2006,ivory,undetermined,18.0,5.0,4.0,fragmented,"The small, heavily weathered ivory fragment is triangular in shape and bears markings all around.","Wolf 2015, Taf. 42.21; Dutkiewicz E. 2021: Taf. 57.6",XX! _ vvvvvvvv! _ !vvvv!,
574,Find number: 43/68-84.1,vhc0095,,Aurignacien,Vogelherd,Niederstotzingen-Stetten,Germany,10.194000,48.559000,HL/KS,C14,35810±710 - 25900±260,2006,ivory,undetermined,37.0,24.0,7.0,fragmented,Ivory fragment (tooth cementum).,AABW 2012; Dutkiewicz E. 2021: Taf. 57.5,X,
573,Find number: 43/66-62.1,vhc0094,,Aurignacien,Vogelherd,Niederstotzingen-Stetten,Germany,10.194000,48.559000,HL/KS,C14,35810±710 - 25900±260,2007,ivory,undetermined,11.0,5.0,3.0,fragmented,"Small, heavily weathered ivory fragment in a triangular shape.",Dutkiewicz E. 2021: Taf. 57.4,!XX! _ !vvvvvvv!,
572,Find number: 42/72-72. Fragment of a figurine,vhc0093,,Aurignacien,Vogelherd,Niederstotzingen-Stetten,Germany,10.194000,48.559000,HL/KS,C14,35810±710 - 25900±260,2006,ivory,figurine undet.,61.0,23.0,8.0,fragmented,"This elongated, flat fragment of an ivory figurine is heavily weathered. The original surface is only present in small parts.",AABW 2006; Dutkiewicz E. 2021: Taf. 26.7-8,!|||||! _ !|! _ !||!,
571,Find number: 42/70-69.1,vhc0092,,Aurignacien,Vogelherd,Niederstotzingen-Stetten,Germany,10.194000,48.559000,HL/KS,C14,35810±710 - 25900±260,2006,bone,undetermined,16.0,3.0,2.0,fragmented,"Small, long, and narrow bone fragment.",Dutkiewicz E. 2021: Taf. 59.13,!vvv! _ !vvvvv!,
570,Find number: 42/70-48.1,vhc0091,,Aurignacien,Vogelherd,Niederstotzingen-Stetten,Germany,10.194000,48.559000,HL/KS,C14,35810±710 - 25900±260,2006,ivory,possible figurine,14.0,8.0,3.0,fragmented,Small reshaped ivory fragment.,"AABW 2007; Wolf 2015, Taf. 43.5; Dutkiewicz E. 2021: Taf. 29.5",!vvvvvvvvvv!,
569,"Find number: 42/70-34.1;
Chris: replaced Yen-sign for ≠ for hatching",vhc0174,,Aurignacien,Vogelherd,Niederstotzingen-Stetten,Germany,10.194000,48.559000,HL/KS,C14,35810±710 - 25900±260,2006,ivory,undetermined,12.0,6.0,3.0,fragmented,Small ivory fragment.,"Wolf 2015, Taf. 42.26; Dutkiewicz E. 2021: Taf. 57.3",≠!,
568,Find number: 42/69-85,vhc0090,,Aurignacien,Vogelherd,Niederstotzingen-Stetten,Germany,10.194000,48.559000,HL/KS,C14,35810±710 - 25900±260,2006,ivory,figurine zoomorph,37.0,28.0,12.0,complete,"This figurine has consistent proportions but is noticeably slim for a mammoth (Mammuthus primigenius). The front legs are pressed together and comparatively long and slender. The hind legs, also pressed together, are considerably shorter. The legs are stretched forward and backward, causing the soles of the feet not to lie flat when the figurine is placed on a flat surface. The soles of the feet are slightly widened compared to the legs, as observed in an elephant that steps on the ground. The head of the animal is domed. The saddle-like neck transitions into the towering hump, typical of adult mammoths. The backline descends steeply towards the buttocks. The tail is short and stubby. The torso is flat but well-proportioned. The abdomen hangs only slightly. The face of the animal is set off from the skull with a rounded depression. The cheekbones are clearly defined despite the small size of the figurine. The eyes are represented as barely discernible dots. The short ears lie diagonally above the eyes and are depicted as slightly triangular through short incisions. The tusks are not elaborated; only on the right side, a slight elevation is indicated between the trunk and the front leg, which can be interpreted as the beginning of a tusk or as the mouth. The trunk lies close to the body and extends to the front soles of the feet. When viewed from the front, it has a slight S-curve, adding a special liveliness to the representation despite its overall static nature.",AABW 2006; Dutkiewicz E. 2021: Taf. 22,vvvvvv _ ≠ _ ≠,Very certain
567,Find number: 42/69-77.1,vhc0089,,Aurignacien,Vogelherd,Niederstotzingen-Stetten,Germany,10.194000,48.559000,HL/KS,C14,35810±710 - 25900±260,2006,ivory,undetermined,17.0,7.0,4.0,fragmented,"Heavily weathered, reshaped ivory fragment.",Dutkiewicz E. 2021: Taf. 57.2,>>>>! _ >>!,
566,Find number: 42/69-53,vhc0088,,Aurignacien,Vogelherd,Niederstotzingen-Stetten,Germany,10.194000,48.559000,HL/KS,C14,35810±710 - 25900±260,2006,ivory,rod/bâton,48.0,14.0,5.0,fragmented,Heavily fragmented round rod fragment.,Dutkiewicz E. 2021: Taf. 51.14,!W!,
565,Find number: 42/67-89.1. Felide,vhc0087,,Aurignacien,Vogelherd,Niederstotzingen-Stetten,Germany,10.194000,48.559000,HL/KS,C14,35810±710 - 25900±260,2006,ivory,figurine zoomorph,56.0,17.0,6.0,fragmented,"This figurine depicts a felid. The body is very narrow and elongated, with a horizontal backline. The withers are prominently set off from the back and arch upwards significantly. It appears as if the animal is creeping or stalking, as in this movement, this region in feline species arches strongly upward. Unfortunately, the legs are not preserved, so no further details about the animal's gait can be provided. The muscles of the shoulder and hindquarters are carefully modeled, and the tail is preserved at its base. The neck is long and stretched forward, with the head lowered, again suggesting the stalking posture of the animal. From the head, the forehead, the left ear, and the base of the right ear, as well as the left eye, are preserved. From the eye, a tear duct extends, as also depicted on the lion head. Despite the fragmentary state of preservation, the fine detailing of the head attests to the masterful artistry. Overall, this figurine gives the impression of being very delicate and slender.",AABW 2006; Dutkiewicz E. 2021: Taf. 23,(XXXXXXXXXXXXXXXXXXXXXXXXXXXXXX) _ °°°°°°°°°! _ °°°°°°! _ °! _ °! _ ¤¤¤¤¤¤,
564,Find number: 42/67-16.1,vhc0086,,Aurignacien,Vogelherd,Niederstotzingen-Stetten,Germany,10.194000,48.559000,HL/KS,C14,35810±710 - 25900±260,2006,bone,undetermined,,,,fragmented,Semi-tubular bone fragment.,Dutkiewicz E. 2021: Taf. 59.12,!v vv vv!,
563,Find number: 41/72-16.1-2,vhc0172,,Aurignacien,Vogelherd,Niederstotzingen-Stetten,Germany,10.194000,48.559000,HL/KS,C14,35810±710 - 25900±260,2008,ivory,rod/bâton,11.0,10.0,3.0,fragmented,"Short, heavily weathered round rod fragment with irregular cut marks all around.","Wolf 2015, Taf. 42.24; Dutkiewicz E. 2021: Taf. 51.13",≠!,
562,Find number: 41/71-37.2,vhc0085,,Aurignacien,Vogelherd,Niederstotzingen-Stetten,Germany,10.194000,48.559000,HL/KS,C14,35810±710 - 25900±260,2006,bone,undetermined,17.0,5.0,2.0,fragmented,Semi-tubular bone fragment.,Dutkiewicz E. 2021: Taf. 59.11,vv!,
561,Find number: 41/71-108.1. Mammoth-Fragment,vhc0084,,Aurignacien,Vogelherd,Niederstotzingen-Stetten,Germany,10.194000,48.559000,HL/KS,C14,35810±710 - 25900±260,2006,ivory,figurine zoomorph,31.0,14.0,4.0,fragmented,"Fragment of a figurine, which can most likely be identified as a representation of a mammoth. This is a horizontally positioned ivory lamella in the depiction. Clearly recognizable are the rounded cross-section of the skull, the cross-section of two massive legs, and the abdomen. Based on the outlines, the interpretation as a mammoth figure is most probable.",AABW 2006; Dutkiewicz E. 2021: Taf. 26.3-4,|||! _ v _ v _ v _ v _ v,
560,Find number: 41/69-73.1,vhc0083,,Aurignacien,Vogelherd,Niederstotzingen-Stetten,Germany,10.194000,48.559000,HL/KS,C14,35810±710 - 25900±260,2006,ivory,possible figurine,11.0,9.0,4.0,fragmented,Small reshaped ivory fragment with a cross pattern.,AABW 2006; Dutkiewicz E. 2021: Taf. 29.4,!XXX!,
559,Find number: 40/78-14.1,vhc0082,,Aurignacien,Vogelherd,Niederstotzingen-Stetten,Germany,10.194000,48.559000,HL/KS,C14,35810±710 - 25900±260,2008,ivory,possible figurine,11.0,6.0,3.0,fragmented,Elongated ivory fragment with a heavily weathered surface.,AABW 2008; Dutkiewicz E. 2021: Taf. 29.3,!vvvvv!,
558,Find number: 40/73-67.1,vhc0081,,Aurignacien,Vogelherd,Niederstotzingen-Stetten,Germany,10.194000,48.559000,HL/KS,C14,35810±710 - 25900±260,2008,ivory,undetermined,20.0,8.0,5.0,fragmented,"Reshaped, weathered ivory fragment.",Dutkiewicz E. 2021: Taf. 57.1,!XXX! _ !vvvv!,
557,Find number: 40/73-17.1,vhc0080,,Aurignacien,Vogelherd,Niederstotzingen-Stetten,Germany,10.194000,48.559000,HL/KS,C14,35810±710 - 25900±260,2008,ivory,undetermined,19.0,7.0,2.0,fragmented,"Elongated, flat ivory fragment.","Wolf 2015, Taf. 42.11; Dutkiewicz E. 2021: Taf. 56.17",!/ / //,
556,Find number: 40/72-21.1. Igel (?),vhc0079,,Aurignacien,Vogelherd,Niederstotzingen-Stetten,Germany,10.194000,48.559000,HL/KS,C14,35810±710 - 25900±260,2008,ivory,figurine zoomorph,31.0,16.0,11.0,fragmented,"The figure is relatively small compared to others from the Swabian Aurignacian. The body has an oval outline, slightly domed towards the hindquarters. Both legs are preserved at the base. The figure lacks details such as muscles, tail, or tail base. The neck, compared to the rounded body, is narrow and extends upward. The head is not preserved. Numerous short notches are present over the entire body. The identification of the depicted animal species is not certain. The compact, rounded-oval body shape suggests a small animal capable of quickly crouching and hiding. The legs appear to be rather short, and the upward-stretched neck also suggests a small, ground-dwelling animal. The notched decoration suggests the interpretation of a hedgehog. However, it is also possible that a beaver, hare, or badger is depicted here, all of which have a similar compact body shape and sometimes have shaggy fur.","AABW 2008; AABW 2011; Wolf 2015, Taf. 42.6; Dutkiewicz E. 2021: Taf. 25",[!vvvvvvvvvvvvvvvvvvvvvvvvvvvvvvvvvvvvvvvvvvvvvvvvvvvvvvvvvvvvvvvvvvvvvvvvvv!],
555,Find number: 40/71-48.1,vhc0078,,Aurignacien,Vogelherd,Niederstotzingen-Stetten,Germany,10.194000,48.559000,HL/KS,C14,35810±710 - 25900±260,2007,ivory,figurine undet.,11.0,8.0,6.0,fragmented,"Small, cylindrically shaped ivory fragment, likely representing the leg of an animal figurine.",Dutkiewicz E. 2021: Taf. 27.7,!vv!,
554,Find number: 40/70-53.2,vhc0077,,Aurignacien,Vogelherd,Niederstotzingen-Stetten,Germany,10.194000,48.559000,HU/KS,C14,35810±710 - 25900±260,2007,bone,undetermined,15.0,5.0,2.0,fragmented,Semi-tubular bone fragment with markings.,Dutkiewicz E. 2021: Taf. 59.10,!v v vv v!,
553,Find number: 40/70-49.1,vhc0076,,Aurignacien,Vogelherd,Niederstotzingen-Stetten,Germany,10.194000,48.559000,HL/KS,C14,35810±710 - 25900±260,2008,bone,flute,16.0,3.0,1.0,fragmented,Narrow bone fragment in front of two finger holes and parallel notches in between.,Dutkiewicz E. 2021: Taf. 34.9,!////!,
552,Find number: 40/68-76.1,vhc0075,,Aurignacien,Vogelherd,Niederstotzingen-Stetten,Germany,10.194000,48.559000,HL/KS,C14,35810±710 - 25900±260,2007,ivory,undetermined,9.0,1.0,2.0,fragmented,"Tiny, elongated ivory fragment.",Dutkiewicz E. 2021: Taf. 56.6,!vvvvv!,
551,Find number: 40/61-24.1,vhc0074,,Aurignacien,Vogelherd,Niederstotzingen-Stetten,Germany,10.194000,48.559000,HL/KS,C14,35810±710 - 25900±260,2008,ivory,undetermined,14.0,4.0,4.0,fragmented,"Small, heavily weathered ivory fragment.","Wolf 2015, Taf. 42.22; Dutkiewicz E. 2021: Taf. 56.15",(!XXXXX) _ (!XXX) _ v,
550,Find number: 39/76-17.1,vhc0073,,Aurignacien,Vogelherd,Niederstotzingen-Stetten,Germany,10.194000,48.559000,HL/KS,C14,35810±710 - 25900±260,2009,ivory,possible figurine,16.0,9.0,3.0,fragmented,"Elongated, reworked ivory fragment.",AABW 2012; Dutkiewicz E. 2019: Taf. 29.2,!vvv!,
549,Find number: 39/73-71.1,vhc0072,,Aurignacien,Vogelherd,Niederstotzingen-Stetten,Germany,10.194000,48.559000,HL/KS,C14,35810±710 - 25900±260,2008,ivory,undetermined,17.0,4.0,2.0,fragmented,"Small, elongated ivory fragment",Dutkiewicz E. 2021: Taf. 56.14,(!XXXXXXX!),
548,Find number: 39/73-36.2,vhc0071,,Aurignacien,Vogelherd,Niederstotzingen-Stetten,Germany,10.194000,48.559000,HL/KS,C14,35810±710 - 25900±260,2008,bone,undetermined,14.0,4.0,2.0,fragmented,"Small, elongated bone fragment.",Dutkiewicz E. 2021: Taf. 59.9,!||||!,
547,Find number: 39/73-35.1,vhc0070,,Aurignacien,Vogelherd,Niederstotzingen-Stetten,Germany,10.194000,48.559000,HL/KS,C14,35810±710 - 25900±260,2008,bone,tube/flute,17.0,7.0,3.0,fragmented,Fragment of a small tubular bone.,AABW 2015; Dutkiewicz E. 2021: Taf. 36.6,!vvvvvv!,
546,Find number: 39/71-98.1,vhc0069,,Aurignacien,Vogelherd,Niederstotzingen-Stetten,Germany,10.194000,48.559000,HL/KS,C14,35810±710 - 25900±260,2007,ivory,personal ornament,10.0,5.0,4.0,almost complete,"This unusual bead shape resembles a double-drilled bead, but it has pointed projections on the narrow sides. The piece is heavily weathered.","Wolf 2015, Taf. 42.14; Dutkiewicz E. 2021: Taf. 37.9",>>>>! _ >>>>!,
545,Find number: 39/71-37.1,vhc0068,,Aurignacien,Vogelherd,Niederstotzingen-Stetten,Germany,10.194000,48.559000,HL/KS,C14,35810±710 - 25900±260,2007,ivory,undetermined,9.0,4.0,1.0,fragmented,"Tiny, heavily weathered ivory fragment.","Wolf 2015, Taf. 42.15; Dutkiewicz E. 2021: Taf. 56.13",!XX,
544,Find number: 39/70-76.1,vhc0067,,Aurignacien,Vogelherd,Niederstotzingen-Stetten,Germany,10.194000,48.559000,HL/KS,C14,35810±710 - 25900±260,2007,ivory,awl,79.0,10.0,10.0,almost complete,"It is an elongated, approximately complete tool made of ivory. Only the top part is broken off. The terminally tapered shape suggests that it was a point. This area is also heavily polished through use, and the two uppermost lines of the decoration are worn away, making it very likely to be identified as an awl.","AABW 2007; Wolf 2015, Taf. 41.1; Dutkiewicz E. 2021: Taf. 46.2",||||| (/||)||| _ ||,
543,Find number: 39/69-91.1-2,vhc0066,,Aurignacien,Vogelherd,Niederstotzingen-Stetten,Germany,10.194000,48.559000,HL/KS,C14,35810±710 - 25900±260,2007,ivory,undetermined,16.0,6.0,3.0,fragmented,"Rod-shaped, heavily weathered ivory object.",Dutkiewicz E. 2021: Taf. 56.12,!vv! _ vv!,
542,Find number: 39/69-74.1,vhc0065,,Aurignacien,Vogelherd,Niederstotzingen-Stetten,Germany,10.194000,48.559000,HL/KS,C14,35810±710 - 25900±260,2007,ivory,personal ornament,13.0,6.0,2.0,fragmented,Heavily weathered ivory pendant with a broken perforation.,Dutkiewicz E. 2021: Taf. 37.8,!W!,
541,Find number: 39/69-73.1,vhc0064,,Aurignacien,Vogelherd,Niederstotzingen-Stetten,Germany,10.194000,48.559000,HL/KS,C14,35810±710 - 25900±260,2007,bone,flute,22.0,5.0,4.0,fragmented,Medial flute fragment (Mini-flute) with two preserved finger holes.,AABW 2011/2015; Dutkiewicz E. 2021: Taf. 34.8,vvvv _ !vvv!  _ !vvv!,
540,Find number: 39/69-32.1,vhc0063,,Aurignacien,Vogelherd,Niederstotzingen-Stetten,Germany,10.194000,48.559000,HL/KS,C14,35810±710 - 25900±260,2007,bone,undetermined,19.0,7.0,3.0,fragmented,Semi-tubular bone fragment with markings.,Dutkiewicz E. 2021: Taf.59.8,(!/XXXXX/!),
539,Find number: 39/68-38.1,vhc0062,,Aurignacien,Vogelherd,Niederstotzingen-Stetten,Germany,10.194000,48.559000,HL/KS,C14,35810±710 - 25900±260,2007,ivory,personal ornament,13.0,5.0,4.0,fragmented,Fragment of a ring-shaped object with lateral markings.,AABW 2012; Dutkiewicz E. 2021: Taf. 56.11,!vvv!,
538,Find number: 39/67-7.1,vhc0061,,Aurignacien,Vogelherd,Niederstotzingen-Stetten,Germany,10.194000,48.559000,HL/KS,C14,35810±710 - 25900±260,2007,ivory,possible flute,9.0,2.0,2.0,fragmented,"Short, thin ivory fragment","Wolf 2015, Taf. 42.30; Dutkiewicz E. 2021: Taf. 32.13",!vvvvvv!,
537,Find number: 38/78-53,vhc0060,,Aurignacien,Vogelherd,Niederstotzingen-Stetten,Germany,10.194000,48.559000,HL/KS,C14,35810±710 - 25900±260,2008,ivory,possible figurine,29.0,15.0,3.0,fragmented,"Flat, heavily reworked ivory fragment was filled with markings over the entire surface.","Wolf 2015, Taf. 42.2; Dutkiewicz E. 2021: Taf. 29.1",////////// _ l|ll!,
536,Find number: 38/78-18.1,vhc0059,,Aurignacien,Vogelherd,Niederstotzingen-Stetten,Germany,10.194000,48.559000,HL/KS,C14,35810±710 - 25900±260,2008,ivory,figurine undet.,25.0,15.0,7.0,fragmented,"Slightly curved, heavily reworked ivory fragment with a carefully smoothed and polished surface.","AABW 2011; Wolf 2015, Taf. 42.3; Dutkiewicz E. 2021: Taf. 27.6",!^^^^^^ |!,
535,Find number: 38/76-109.2,vhc0058,,Aurignacien,Vogelherd,Niederstotzingen-Stetten,Germany,10.194000,48.559000,HL/KS,C14,35810±710 - 25900±260,2008,ivory,undetermined,8.0,6.0,2.0,fragmented,"Tiny, heavily weathered ivory fragment.",Dutkiewicz E. 2021: Taf. 56.10,!≠!,
534,Find number: 38/75-9.2,vhc0057,,Aurignacien,Vogelherd,Niederstotzingen-Stetten,Germany,10.194000,48.559000,HL/KS,C14,35810±710 - 25900±260,2008,ivory,rod/bâton,14.0,4.0,1.0,fragmented,"Heavily weathered, thin fragment of a rod.",Dutkiewicz E. 2021: Taf. 51.11,!vvv! _ !vvv!,
533,Find number: 38/75-38.3,vhc0056,,Aurignacien,Vogelherd,Niederstotzingen-Stetten,Germany,10.194000,48.559000,HL/KS,C14,35810±710 - 25900±260,2008,ivory,rod/bâton,20.0,14.0,7.0,fragmented,"Short, decorated round rod fragment with an utilitarian notch for segmenting. Only a longer line of the decoration is preserved, running across the entire preserved curvature of the surface. Presumably, it is part of a large diamond shape or a cross, similar to those seen on other round rod fragments.",Dutkiewicz E. 2021: Taf. 51.12,!|!,
532,Find number: 38/75-193.1,vhc0055,,Aurignacien,Vogelherd,Niederstotzingen-Stetten,Germany,10.194000,48.559000,GF/KS,C14,35810±710 - 25900±260,2008,bone,tube/flute,9.0,5.0,2.0,fragmented,Small tubular bone fragment with markings.,Dutkiewicz E. 2021: Taf. 36.5,!vv! _ !vvv!,
531,Find number: 38/74-59.2,vhc0054,,Aurignacien,Vogelherd,Niederstotzingen-Stetten,Germany,10.194000,48.559000,HL/KS,C14,35810±710 - 25900±260,2008,ivory,possible figurine,20.0,9.0,4.0,fragmented,"Elongated, cylindrical piece of ivory with a heavily weathered surface.","Wolf 2015, Taf. 42.18; Dutkiewicz E. 2021: Taf. 28.10",!vvvvvvvvv!,
530,Find number: 38/73-28,vhc0053,,Aurignacien,Vogelherd,Niederstotzingen-Stetten,Germany,10.194000,48.559000,HL/KS,C14,35810±710 - 25900±260,2008,bone,undetermined,17.0,6.0,2.0,fragmented,Semi-tubular bone fragment with markings.,Dutkiewicz E. 2021: Taf. 59.7,!X/XXX/!,
529,Find number: 38/70-78. Fish figurine,vhc0052,,Aurignacien,Vogelherd,Niederstotzingen-Stetten,Germany,10.194000,48.559000,HL/KS,C14,35810±710 - 25900±260,2008,ivory,figurine zoomorph,70.0,31.0,9.0,almost complete,"The fish is carved from a flat, elongated piece of ivory. Although not all details are anatomically accurate, this figure is clearly identifiable as a fish. The object is flat and has a slight curve. Toward the head, the piece becomes thinner. The head is only roughly carved, lacking details such as eyes or mouth, but the outline of this area on the right side resembles a fish head. On the left, this part is broken. To the back part, the object becomes thicker, with the end not preserved. The carving of the tail fin is not discernible. An elongated dorsal fin is indicated on both sides, with the alignment of the rays correct on the left, but anatomically incorrect on the right, facing forward. The pectoral and pelvic fins, slightly protruding from the pointed-oval outline, are correctly indicated with their rays on the right and incorrectly on the left. Overall, it is observed that many details of the representation are strongly stylized.",AABW2008; Dutkiewicz E. 2021: Taf. 24b-b,!//////////// _ /// _ [!°°°°°°°°°°°°°°°°°°°°°°°°°°°°°°°°°°°°°°°°°°°°°°°°°°°°°] _ ///// _ // //// _ ≠ _ /////////// _ [!°°°°°°°°°°°°°°°°°°°°°°°°°°°°°°°°°°°°°°°°°°°°°°°°°°°°°°°°°°°°],
528,Find number: 38/70-151,vhc0051,,Aurignacien,Vogelherd,Niederstotzingen-Stetten,Germany,10.194000,48.559000,HL/KS,C14,35810±710 - 25900±260,2007,ivory,undetermined,41.0,14.0,4.0,fragmented,"Heavily weathered, elongated ivory lamella (dentin).",Dutkiewicz E. 2021: Taf. 56.9,X/X||! _ ||||!,
527,Find number: 38/69-102.1,vhc0050,,Aurignacien,Vogelherd,Niederstotzingen-Stetten,Germany,10.194000,48.559000,HL/KS,C14,35810±710 - 25900±260,2007,ivory,undetermined,11.0,3.0,2.0,fragmented,"A small, rod-shaped and heavily weathered ivory fragment.",Dutkiewicz E. 2021: Taf. 56.8,!vvvvvv/v!,
526,"Find number: 38/68-90.1. Zugehörige Fundnummer Vg 29.12. Here only coding of the terminal part. For the base, see Vg 29.12;

Chris: Are there really seven crosses? In Dutkiewicz Tafel 42 I would only see 5 crosses.",vhc0049,,Aurignacien,Vogelherd,Niederstotzingen-Stetten,Germany,10.194000,48.559000,V and HL/KS,C14,35810±710 - 25900±260,2007,bone,spatula/lissoir,90.0,11.0,5.0,almost complete,"Narrow smoother made from a rib, found in the debris of the Riek excavation in 2007. Based on its shape, dimensions, and decorations, one can reasonably assume that it is a missing object from the 1931 excavation, specifically Object Vg 29.12 found in layer V. Therefore, the context for this fragment from the 2007 excavation is also given as AH V.

The object is a long, slightly bent smoother made from a rib. It is broken in the middle, and it does not have the typical wide, curved cap of a classic smoother but rather a narrower end. At the terminal fragment's base, there is a pronounced bend, characteristic of the basal piece found in the 1931 excavation.","Riek 1934, Taf. XXIX.12; Hahn 1977, Taf. 34.4; Dutkiewicz E. 2021: Taf. 42; Hahn J. 1977",X X X X X X X _ vvvvvvvvvvvv!vvvvvvvvvvvvvv _ vvv vvv vv! vvv vvv,
525,Find number: 38/68-19.1,vhc0173,,Aurignacien,Vogelherd,Niederstotzingen-Stetten,Germany,10.194000,48.559000,HL/KS,C14,35810±710 - 25900±260,2007,bone,undetermined,25.0,8.0,3.0,fragmented,Semi-tubular bone fragment.,Dutkiewicz E. 2021: Taf. 59.6,!vvvv v!,
524,Find number: 37/79-11.1,vhc0048,,Aurignacien,Vogelherd,Niederstotzingen-Stetten,Germany,10.194000,48.559000,HL/KS,C14,35810±710 - 25900±260,2009,bone,tube/flute,6.0,6.0,4.0,fragmented,Small fragment of a thin tubular bone (bird?) with circumferential notches.,Dutkiewicz E. 2021: Taf. 36.4,!$!,
523,Find number: 37/78-5.1,vhc0047,,Aurignacien,Vogelherd,Niederstotzingen-Stetten,Germany,10.194000,48.559000,HL/KS,C14,35810±710 - 25900±260,2008,ivory,undetermined,11.0,5.0,1.0,fragmented,"Thin, heavily weathered ivory fragment.",Dutkiewicz E. 2021: Taf. 56.7,!vvvv!,
522,Find number: 37/77-80.1,vhc0046,,Aurignacien,Vogelherd,Niederstotzingen-Stetten,Germany,10.194000,48.559000,HL/KS,C14,35810±710 - 25900±260,2009,antler,awl,39.0,9.0,5.0,fragmented,"Basal fragment of an antler point. Presumably, it is a projectile point with a split base, and one wing of the base is broken off.",AABW 2002; Dutkiewicz E. 2021: Taf. 46.7,| | |||| |||! _ vv!,
521,Find number: 37/75-71.3,vhc0045,,Aurignacien,Vogelherd,Niederstotzingen-Stetten,Germany,10.194000,48.559000,HL/KS,C14,35810±710 - 25900±260,2008,ivory,flute,21.0,7.0,,fragmented,"Highly weathered ivory flute fragment. Despite its small size, it exhibits all the typical features of ivory flutes, such as the hollow-cylindrical shape, lateral broken notches, and the beginning of a finger hole.",AABW 2008; Conard et al. 2009; Dutkiewicz E. 2021: Taf. 32.8,!vvvvvvv! _ !v!,
520,Find number: 37/74-84.1,vhc0044,,Aurignacien,Vogelherd,Niederstotzingen-Stetten,Germany,10.194000,48.559000,HL/KS,C14,35810±710 - 25900±260,2008,ivory,figurine zoomorph,38.0,14.0,4.0,fragmented,A strongly reworked elongated ivory fragment. A distinct curvature as well as a tapering on the other side are noticeable. It could be the lateral fragment of an animal figurine.,AABW 2009; Dutkiewicz E. 2021: Taf. 26.5-6,[vv _ v _ v _ vvv _ vv _ vv _ vvv] _ ||l,
519,Find number: 37/72-60.1. Kodierung prüfen!!!,vhc0043,,Aurignacien,Vogelherd,Niederstotzingen-Stetten,Germany,10.194000,48.559000,HL/KS,C14,35810±710 - 25900±260,2008,bone,possible figurine,20.0,6.0,3.0,fragmented,"Elongated, club-shaped bone fragment, broken at the thick end. It is decorated on two sides with four pattern units.",AABW 2015; Dutkiewicz E. 2021: Taf. 29.13,vvvv/Xv! _ XXXXXXvvv! _,
518,Find number: 37/71-53.1,vhc0042,,Aurignacien,Vogelherd,Niederstotzingen-Stetten,Germany,10.194000,48.559000,HL/KS,C14,35810±710 - 25900±260,2008,bone,undetermined,11.0,4.0,4.0,fragmented,Fragment of a worked bone with a cross pattern.,Dutkiewicz E. 2021: Taf. 59.5,!XX!,
517,Find number: 37/70-79.1,vhc0041,,Aurignacien,Vogelherd,Niederstotzingen-Stetten,Germany,10.194000,48.559000,HL/KS,C14,35810±710 - 25900±260,2008,ivory,figurine undet.,24.0,17.0,5.0,fragmented,Heavily reworked fragment of an ivory figurine. The preserved surface is carefully smoothed and polished.,"AABW 2008; Wolf 2015, Taf. 43.6; Dutkiewicz E. 2021: Taf. 27.5",(!°°°°°!),
516,Find number: 37/70-64,vhc0040,,Aurignacien,Vogelherd,Niederstotzingen-Stetten,Germany,10.194000,48.559000,HL/KS,C14,35810±710 - 25900±260,2008,bone,tube/flute,13.0,5.0,2.0,fragmented,Tiny fragment of a tubular bone (unspecified animal) with markings.,Dutkiewicz E. 2021: Taf. 36.3,!XX!,
515,Find number: 37/70-131.1,vhc0039,,Aurignacien,Vogelherd,Niederstotzingen-Stetten,Germany,10.194000,48.559000,HL/KS,C14,35810±710 - 25900±260,2008,bone,undetermined,10.0,5.0,3.0,fragmented,Semicylindrical bone fragment with markings.,Dutkiewicz E. 2021: Taf. 59.4,!YYY!,
514,Find number: 37/68-95,vhc0038,,Aurignacien,Vogelherd,Niederstotzingen-Stetten,Germany,10.194000,48.559000,HL/KS,C14,35810±710 - 25900±260,2008,ivory,figurine undet.,15.0,5.0,1.0,fragmented,"Small, very flat ivory fragment. The surface is only preserved on a thin strip on the outside. The surface is heavily reworked and smoothed.",Dutkiewicz E. 2021: Taf. 27.4,!vv!,
513,Find number: 37/68-84.1,vhc0037,,Aurignacien,Vogelherd,Niederstotzingen-Stetten,Germany,10.194000,48.559000,HL/KS,C14,35810±710 - 25900±260,2008,bone,tube/flute,27.0,15.0,10.0,fragmented,A severed epiphysis of a tubular bone (species undetermined).,AABW 2015; Dutkiewicz E. 2021: Taf. 36-2,vv!,
512,Find number: 37/68-80.1,vhc0036,,Aurignacien,Vogelherd,Niederstotzingen-Stetten,Germany,10.194000,48.559000,HL/KS,C14,35810±710 - 25900±260,2008,bone,undetermined,17.0,5.0,3.0,fragmented,Tube-shaped bone fragment with markings.,Dutkiewicz E. 2021: Taf. 59.3,!vvvvvv!,
511,Find number: 37/67-48.1. Likely belongs to Vg 2a.2,vhc0035,,Aurignacien,Vogelherd,Niederstotzingen-Stetten,Germany,10.194000,48.559000,HL/KS,C14,35810±710 - 25900±260,2008,ivory,figurine zoomorph,14.0,10.0,6.0,fragmented,"Small Fragment of a figurine, very likely belonging to Vg 2a.2.",AABW 2015; Dutkiewicz E. 2021: Taf. 16a.2 16b.12,[!CCCC!],
510,Find number: 36/79-23.1,vhc0034,,Aurignacien,Vogelherd,Niederstotzingen-Stetten,Germany,10.194000,48.559000,HL/KS,C14,35810±710 - 25900±260,2009,ivory,undetermined,12.0,8.0,5.0,fragmented,"This short, rod-like ivory object with an oval cross-section.","AABW 2009; Wolf 2015, Taf. 43.4; Dutkiewicz E. 2021: Taf. 56.6",!≠!,
509,Find number: 36/76-67.3,vhc0033,,Aurignacien,Vogelherd,Niederstotzingen-Stetten,Germany,10.194000,48.559000,HL/KS,C14,35810±710 - 25900±260,2009,ivory,possible figurine,14.0,6.0,4.0,fragmented,Small ivory fragment with notches.,Dutkiewicz E. 2021: Taf. 28.9,!vv!,
508,Find number: 36/76-26.1,vhc0032,,Aurignacien,Vogelherd,Niederstotzingen-Stetten,Germany,10.194000,48.559000,HL/KS,C14,35810±710 - 25900±260,2009,bone,undetermined,17.0,4.0,2.0,fragmented,Tiny marked bone fragment.,Dutkiewicz E. 2021: Taf. 59.2,!||||!,
507,Find number: 36/75-127.1,vhc0031,,Aurignacien,Vogelherd,Niederstotzingen-Stetten,Germany,10.194000,48.559000,HL/KS,C14,35810±710 - 25900±260,2009,bone,undetermined,35.0,7.0,3.0,fragmented,Semi-tubular bone fragment with markings.,Dutkiewicz E. 2021: Taf. 59.1,!vvvvvvv!,
506,Find number: 36/74-8.1,vhc0030,,Aurignacien,Vogelherd,Niederstotzingen-Stetten,Germany,10.194000,48.559000,HL/KS,C14,35810±710 - 25900±260,2008,bone,tube/flute,23.0,11.0,4.0,fragmented,"Cropped epiphysis of a radius, approximately the size of a swan or goose.",Dutkiewicz E. 2021: Taf. 36.1,v v v vv! _ v v v vv!,
505,Find number: 36/74-44.1,vhc0029,,Aurignacien,Vogelherd,Niederstotzingen-Stetten,Germany,10.194000,48.559000,HL/KS,C14,35810±710 - 25900±260,2008,ivory,rod/bâton,23.0,10.0,3.0,fragmented,Heavily weathered fragment of a decorated round rod.,Dutkiewicz E. 2021: Taf. 51.10,!| |||| | | ||||! _ v vvv!,
504,Find number: 36/74-41.2,vhc0028,,Aurignacien,Vogelherd,Niederstotzingen-Stetten,Germany,10.194000,48.559000,HL/KS,C14,35810±710 - 25900±260,2008,ivory,undetermined,11.0,7.0,3.0,fragmented,"Small, heavily weathered ivory fragment.","AABW 2010; Wolf 2015, Taf. 43.3; Dutkiewicz E. 2021: Taf. 56.5",(!|////|/|//!),
503,Find number: 36/74-15.1,vhc0171,,Aurignacien,Vogelherd,Niederstotzingen-Stetten,Germany,10.194000,48.559000,HL/KS,C14,35810±710 - 25900±260,2008,ivory,possible figurine,11.0,8.0,2.0,fragmented,"Long ivory fragment with a convex curved, reworked surface.","AABW 2010; Wolf 2015, Taf. 43.2; Dutkiewicz E. 2021: Taf. 28.8",X!,
502,Find number: 36/74-12.1,vhc0170,,Aurignacien,Vogelherd,Niederstotzingen-Stetten,Germany,10.194000,48.559000,HL/KS,C14,35810±710 - 25900±260,2008,ivory,possible figurine,19.0,9.0,2.0,fragmented,"This is an elongated ivory fragment with a convex curved, reworked surface.","AABW 2010; Wolf 2015, Taf. 43.2; Dutkiewicz E. 2021: Taf. 28.7",!XXXXXXXX! _ |,
501,Find number: 36/71-83.1. Zugehörige Fundnummer 36/71-83.1 ?,vhc0027,,Aurignacien,Vogelherd,Niederstotzingen-Stetten,Germany,10.194000,48.559000,HL/KS,C14,35810±710 - 25900±260,2008,ivory,personal ornament,33.0,10.0,3.0,fragmented,"A long, narrow, flat ivory pendant. The piece is broken at the base. It is likely related to the object with the find number 36/71-83.1 below, but cannot be directly matched.","Wolf 2015, Taf. 42.9; Dutkiewicz E. 2021: Taf. 37.7",!//,
500,Find number: 36/69-20.1,vhc0026,,Aurignacien,Vogelherd,Niederstotzingen-Stetten,Germany,10.194000,48.559000,HL/KS,C14,35810±710 - 25900±260,2008,ivory,possible figurine,28.0,17.0,4.0,fragmented,Convex ivory fragment with deep lateral incisions.,"AABW 2010; Wolf 2015, Taf. 43.1; Dutkiewicz E. 2021: Taf. 28.6",|||||! _ vvvvv!,
499,Find number: 36/68-78.1,vhc0025,,Aurignacien,Vogelherd,Niederstotzingen-Stetten,Germany,10.194000,48.559000,HL/KS,C14,35810±710 - 25900±260,2008,ivory,undetermined,12.0,6.0,2.0,fragmented,Tiny fragment of a reworked ivory plate,Dutkiewicz E. 2021: Taf. 56.4,/XX!,
498,Find number: 36/68-68.1,vhc0024,,Aurignacien,Vogelherd,Niederstotzingen-Stetten,Germany,10.194000,48.559000,HL/KS,C14,35810±710 - 25900±260,2008,ivory,figurine undet.,24.0,10.0,6.0,fragmented,"This is a reshaped, slightly concave ivory fragment with a cross line decoration.","AABW 2008; Wolf 2015, Taf. 42.5; Dutkiewicz E. 2021: Taf. 27.3",!XXXXX!,
497,Find number: 36/67-42.2,vhc0023,,Aurignacien,Vogelherd,Niederstotzingen-Stetten,Germany,10.194000,48.559000,HL/KS,C14,35810±710 - 25900±260,2008,bone,undetermined,23.0,11.0,5.0,fragmented,"This is a bone fragment that has been intentionally reshaped, featuring lateral notches on its sides.",Dutkiewicz E. 2021: Taf. 58.8,vv v! _v!,
496,Find number: 35/75-120,vhc0022,,Aurignacien,Vogelherd,Niederstotzingen-Stetten,Germany,10.194000,48.559000,HL/KS,C14,35810±710 - 25900±260,2009,ivory,figurine zoomorph,41.0,11.0,9.0,fragmented,"This fragment of an animal figurine is oriented along the longitudinal axis of the tusk. The lower half of the torso is clearly visible, and the leg attachments and abdominal line unmistakably identify it as an animal representation. The figure is notably slender, and its longitudinal axis suggests a dynamic, in-motion appearance. The leg attachments are well-defined, and the robust legs would most likely indicate a mammoth (Mammuthus primigenius) depiction. Although the slim form is unusual, it finds a good comparison in the complete mammoth figurine found in 2006. It is noteworthy that the surface is not smoothed, and traces of workmanship are clearly visible in many areas. It's possible that this figurine was not completed.",AABW 2009; Dutkiewicz E. 2021: Taf. 26.1.-2,[°°°°°°°°°°°°°°°°°°°°°°°°°°°°°°°°°°°] _ v,
495,Find number: 35/75-119.1,vhc0021,,Aurignacien,Vogelherd,Niederstotzingen-Stetten,Germany,10.194000,48.559000,HL/KS,C14,35810±710 - 25900±260,2008,bone,undetermined,13.0,5.0,2.0,fragmented,Tube-like bone fragment with markings.,Dutkiewicz E. 2021: Taf. 58.7,!vvv!,
494,Find number: 35/73-104.1,vhc0020,,Aurignacien,Vogelherd,Niederstotzingen-Stetten,Germany,10.194000,48.559000,HL/KS,C14,35810±710 - 25900±260,2008,ivory,personal ornament,28.0,10.0,3.0,fragmented,Thin and elongated pendant made of ivory.,Dutkiewicz E. 2021: Taf. 37.6,/ / / / //!,
493,Find number: 35/71-15.1,vhc0019,,Aurignacien,Vogelherd,Niederstotzingen-Stetten,Germany,10.194000,48.559000,HL/KS,C14,35810±710 - 25900±260,2008,ivory,possible figurine,24.0,12.0,6.0,fragmented,"Heavily rounded, reworked ivory fragment.",Dutkiewicz E. 2021: Taf. 28.5,!//! _!vvvv!,
492,Find number: 35/71-12.1,vhc0018,,Aurignacien,Vogelherd,Niederstotzingen-Stetten,Germany,10.194000,48.559000,HL/KS,C14,35810±710 - 25900±260,2008,antler,undetermined,14.0,9.0,4.0,fragmented,Small antler fragment with notches.,Dutkiewicz E. 2021: Taf. 58.5,!vvvvv!,
491,Find number: 34/73-31.2,vhc0017,,Aurignacien,Vogelherd,Niederstotzingen-Stetten,Germany,10.194000,48.559000,HL/KS,C14,35810±710 - 25900±260,2012,bone,spatula/lissoir,81.0,20.0,8.0,almost complete,"Medial fragment of a smoother, possibly from the rib of a large herbivore (Mammoth?).",AABW 2012; Dutkiewicz E. 2021: Taf. 45.5-9,XXXXXXXX/ _ XXXX!,
490,Find number: 34/72-101.1,vhc0016,,Aurignacien,Vogelherd,Niederstotzingen-Stetten,Germany,10.194000,48.559000,HL/KS,C14,35810±710 - 25900±260,2012,ivory,figurine undet.,23.0,12.0,2.0,fragmented,"Flat, elongated fragment with two intersecting rows converging towards each other.","AABW 2012; Wolf 2015, Taf. 42.17; Dutkiewicz E. 2021: Taf. 27.2",!XXXXX! _ !XXXX!,
489,Find number: 34/71-97.1,vhc0015,,Aurignacien,Vogelherd,Niederstotzingen-Stetten,Germany,10.194000,48.559000,HL/KS,C14,35810±710 - 25900±260,2012,bone,possible figurine,12.0,6.0,2.0,fragmented,Small reworked bone fragment with decorations.,AABW 2014; Dutkiewicz E. 2021: Taf. 29.11,!X|!,
488,Find number: 34/70-55.2,vhc0014,,Aurignacien,Vogelherd,Niederstotzingen-Stetten,Germany,10.194000,48.559000,HL/KS,C14,35810±710 - 25900±260,2012,ivory,undetermined,20.0,13.0,5.0,fragmented,Marked ivory fragment.,Dutkiewicz E. 2021: Taf. 56.3,!||!,
487,Find number: 34/70-33.2,vhc0013,,Aurignacien,Vogelherd,Niederstotzingen-Stetten,Germany,10.194000,48.559000,HL/KS,C14,35810±710 - 25900±260,2012,bone,undetermined,15.0,5.0,2.0,fragmented,Semi-tubular bone fragment.,Dutkiewicz E. 2021: Taf. 58.6,!v vvv!,
486,Find number: 34/69-16.1,vhc0012,,Aurignacien,Vogelherd,Niederstotzingen-Stetten,Germany,10.194000,48.559000,HL/KS,C14,35810±710 - 25900±260,2012,ivory,undetermined,12.0,7.0,3.0,fragmented,Marked ivory fragment.,Dutkiewicz E. 2021: Taf. 56.2,!///!,
485,Find number: 34/68-42.1,vhc0011,,Aurignacien,Vogelherd,Niederstotzingen-Stetten,Germany,10.194000,48.559000,HL/KS,C14,35810±710 - 25900±260,2012,ivory,possible figurine,12.0,8.0,4.0,fragmented,Reworked ivory fragment with markings.,AABW 2014; Dutkiewicz E. 2021: Taf. 27.1,!XX!,
484,Find number: 33/72-97.1,vhc0010,,Aurignacien,Vogelherd,Niederstotzingen-Stetten,Germany,10.194000,48.559000,HL/KS,C14,35810±710 - 25900±260,2012,bone,tube/flute,14.0,4.0,2.0,fragmented,Small elongated bone fragment with markings.,AABW 2014; Dutkiewicz E. 2021: Taf. 35.7,!vvvvvvvv!,
483,Find number: 33/71-79.1,vhc0009,,Aurignacien,Vogelherd,Niederstotzingen-Stetten,Germany,10.194000,48.559000,HL/KS,C14,35810±710 - 25900±260,2012,ivory,possible figurine,11.0,8.0,2.0,fragmented,Small reworked ivory fragment.,Dutkiewicz E. 2021: Taf. 28.4,!v! _ !v!,
482,Find number: 33/70-73,vhc0008,,Aurignacien,Vogelherd,Niederstotzingen-Stetten,Germany,10.194000,48.559000,HL/KS,C14,35810±710 - 25900±260,2012,ivory,rod/bâton,24.0,14.0,6.0,fragmented,"Decorated round rod fragment, intentionally broken at a utilitarian notch.","Wolf 2015, Taf. 42.4; Dutkiewicz E. 2021: Taf. 51.9",!& _ X,
481,Find number: 33/70-48.1,vhc0007,,Aurignacien,Vogelherd,Niederstotzingen-Stetten,Germany,10.194000,48.559000,HL/KS,C14,35810±710 - 25900±260,2012,bone,tube/flute,24.0,6.0,3.0,fragmented,Fragment of a bird bone with markings.,Dutkiewicz E. 2021: Taf. 35.6,!v v vv v v!,
479,Find number: 33/67-8.1,vhc0006,,Aurignacien,Vogelherd,Niederstotzingen-Stetten,Germany,10.194000,48.559000,HL/KS,C14,35810±710 - 25900±260,2012,ivory,possible flute,12.0,5.0,3.0,fragmented,"Ivory fragment with parallel notches, possibly a flute fragment.",AABW 2015; Dutkiewicz E. 2021: Taf. 32.13,!vv!,
478,Find number: 32/70-22.1,vhc0005,,Aurignacien,Vogelherd,Niederstotzingen-Stetten,Germany,10.194000,48.559000,HL/KS,C14,35810±710 - 25900±260,2012,ivory,undetermined,15.0,7.0,3.0,fragmented,"Elongated, all-around reworked ivory fragment with markings all around.",Dutkiewicz E. 2021: Taf. 56.1,⊞ _ !vvvvvv! _ !vvv!,
477,Find number: 31/70-21.1,vhc0004,,Aurignacien,Vogelherd,Niederstotzingen-Stetten,Germany,10.194000,48.559000,HL/KS,C14,35810±710 - 25900±260,2012,ivory,figurine undet.,15.0,5.0,3.0,fragmented,"Reworked ivory fragment, possibly part of a figurine (leg?) with markings.",AABW 2014; Dutkiewicz E. 2021: Taf. 28.3,!v!,
476,Find number: 00/00-08. Lion head,vhc0003,,Aurignacien,Vogelherd,Niederstotzingen-Stetten,Germany,10.194000,48.559000,-,C14,35810±710 - 25900±260,1952,ivory,figurine zoomorph,30.0,20.0,12.0,almost complete,"Figurine of a lion head. The head is carved along the longitudinal axis of a tusk. The surface is highly smoothed. The figurine is unmistakably recognizable as the head of a felid. All features are rendered in masterful detail. The crown gently transitions into the slightly sloping nasal area. The nose itself is separated from the snout by a depression. The upper lip subtly protrudes forward. The mouth is represented by a cleanly cut notch. The lip cleft starts below the nose and tapers towards the mouth. Above the jaw muscles are the eyes, with the breakage edge on the right side. The eyes are crafted as deep, slightly oval indentations. On the inside of the left eye, several gently curved lines depict the tearduct characteristic of felids. Additionally, two thin, parallel lines mark the nose. Directly behind the eyes, the ears emerge. They stand slightly away from the head, are rounded, and have a depression in the center. Towards the neck, the figurine becomes narrow and then breaks off with deeply incised markings at the back.",Riek 1954; Mauser 1973; Dutkiewicz E. 2021: Taf. 21; Hahn J. 1986,⊞ _ (||/|/|//|||/||/||| |) _ ⊞ _ || _  ⊞ _ | | | _ |||,
475,Find number: 00/00-06,vhc0002,,Aurignacien,Vogelherd,Niederstotzingen-Stetten,Germany,10.194000,48.559000,HL/KS,C14,35810±710 - 25900±260,2006,ivory,possible figurine,,,,fragmented,"Fragment of a possible figurine. It is elongated, slightly curved, and reworked all around.",AABW 2006; Dutkiewicz E. 2021: Taf. 27.9,°°°°°! _ vvvvvvv!,
474,Find number: no find number,vhc0001,,Aurignacien,Vogelherd,Niederstotzingen-Stetten,Germany,10.194000,48.559000,HL/KS,C14,35810±710 - 25900±260,2010,ivory,rod/bâton,28.0,12.0,6.0,fragmented,"Round rod fragment, irregularly broken with reworked surface.",AABW 2010; Dutkiewicz E. 2021: Taf. 51.8,XXXXX!,Very certain
473,Find number: 195/173-35,hss0002,,Aurignacien,Hohlenstein-Stadel,Asselfingen,Germany,10.184000,48.550000,Au,AMS,35185±270,2011,animal tooth,personal ornament,29.0,16.0,12.0,complete,"This tooth pendant was found in 2011 during the excavations inside the Stadel Cave. It was located in the area identified as the spoil from the 1939 excavation, where, among other findings, missing fragments of the Lion Man were discovered. Since additional pieces of personal ornaments from this area come from Wetzels' excavation, this object is also attributed to the Aurignacian. It is a particularly large pendant made from a red deer's antler (Cervus elaphus).",AABW 2012; Wolf et al. 2013; Kind C.-J. et al. 2014; Dutkiewicz E. 2021: Taf. 37.11,vvvv _ ||||,
472,Lion Man,hss0001,,Aurignacien,Hohlenstein-Stadel,Asselfingen,Germany,10.184000,48.550000,Au,AMS,35185±270,1939/1969,ivory,figurine anthropomorph,311.0,,,almost complete,"The so-called Lion Man figurine was found in 1939, but recognized in refitted in 1969, and for a second time in 2013. The figurine was crafted from the right tusk of a mammoth. The head is oriented towards the tip of the tusk, and the pulp cavity forms the crotch of the figurine. The outer sides of the arms are made of cement, as well as the upper part of the back. Many parts of the figurine are missing or could not be matched. Additionally, the surfaces are partially heavily weathered. 
The figure stands upright, with the legs slightly apart. The head is clearly that of a lion, but the position of the head is comparable to that of a human due to the upright posture. The neck starts below the skull, and the face is oriented forward. The snout is broad, with two deep lines marking the nose and mouth. There is no lip cleft, which would be typical for a lion. The eyes are located laterally but facing forward. The ears, in their round shape, are typical lion ears. The neck and the back of the head are noticeably wide and almost seamlessly transition into the back and shoulders. The shoulder blades are distinctly carved. The arms, which have lion-like paws instead of hands, are slightly bent at the body but do not touch the torso. The torso is columnar and elongated, giving the proportions an overstretched appearance. Although the original surface is largely missing in the front torso area, some areas are preserved along the collarbones and in the lower abdominal region. This is evident in the large, deep-set navel and a apron-like extension carved in the front pelvic area. The legs are spread approximately shoulder-width apart. They exhibit distinctly human features such as knees, curved calves, ankles, and heels. It is notable that the feet are not horizontal, suggesting that the figure seems to be standing on tiptoes.",Hahn 1970; Wehrberger 2013; Kind C.-J. et al. 2014; Ebinger-Rist et al. 2014; Dutkiewicz E. 2021: Taf. 11a-11b,||||||| _ ≠ _ vvv _ v,
471,Find number: 99-2084.1,hfc0050,,Aurignacien,Hohle Fels,Schelklingen,Germany,9.754103,48.379117,IV,AMS,33090+260/-250 - 28750±750,2006,ivory,undetermined,17.0,11.0,3.0,fragmented,Fragment of a thin ivory plate with a wide hatching.,"Wolf 2015, Taf. 20.3; Dutkiewicz E. 2021: Taf. 52.6",!≠!,
470,Find number: 99-1827.1,hfc0049,,Aurignacien,Hohle Fels,Schelklingen,Germany,9.754103,48.379117,IV,AMS,33090+260/-250 - 28750±750,2006,ivory,undetermined,26.0,8.0,3.0,fragmented,"Thin, decorated ivory splinter.","Wolf 2015, Taf. 20.2; Dutkiewicz E. 2021: Taf. 52.5",!≠!,
469,Find number: 99-1707,hfc0048,,Aurignacien,Hohle Fels,Schelklingen,Germany,9.754103,48.379117,IV,AMS,33090+260/-250 - 28750±750,2006,ivory,rod/bâton,42.0,10.0,6.0,fragmented,Half of a round rod with decorations.,AABW 2006; Dutkiewicz E. 2021: Taf. 51.4,[X//]!,
468,Find number: 89-1691.1,hfc0047,,Aurignacien,Hohle Fels,Schelklingen,Germany,9.754103,48.379117,Vb,AMS,40000±500 - 31290±180,2008,ivory,possible flute,21.0,8.0,3.0,fragmented,"This fragment of an ivory flute was found in 2008 in the lowest Aurignacian horizon, AH Vb. The flute-like features of this piece include its hollow-cylindrical shape and the broken parallel notches along the edge. Additionally, there are parallel notches on the upper side, a characteristic more typical of bone flutes, although there is nothing to rule out such markings on ivory flutes. This could be a semi-finished product, as no finger holes are present, and the shape is not entirely reworked.","AABW 2008, Conard et al. 2009; Dutkiewicz E. 2021: Taf. 32.1",| | || | >,
467,Find number: 89-1654,hfc0046,,Aurignacien,Hohle Fels,Schelklingen,Germany,9.754103,48.379117,Va,AMS,34570±260 - 31750±260,2008,ivory,personal ornament,61.0,5.0,3.0,fragmented,Medial fragment of a slightly curved ivory band.,"AABW 2008, Wolf 2015, Taf. 30.11; Dutkiewicz E. 2021: Taf. 38.2",!|||||||||||||||! _ !vvvvvvvvvvvvvvvvvvvvvvvvvvvvvvvv! _ !vvvvvvvvvvvvvvvvvvvv!,
466,Find number: 89-1648.1,hfc0045,,Aurignacien,Hohle Fels,Schelklingen,Germany,9.754103,48.379117,Va,AMS,34570±260 - 31750±260,2008,ivory,flute,12.0,4.0,2.0,fragmented,Tiny fragment of an ivory flute with the finger hole partially preserved.,"AABW 2008, Conard et al. 2009; Dutkiewicz E. 2021: Taf. 32.2",!vv,
465,Find number: 89-1637.1,hfc0044,,Aurignacien,Hohle Fels,Schelklingen,Germany,9.754103,48.379117,Va,AMS,34570±260 - 31750±260,2008,ivory,personal ornament,40.0,6.0,3.0,fragmented,"Terminal fragment of a long, slightly curved ivory band.","Wolf 2015, Taf. 30.10; Dutkiewicz E. 2021: Taf. 38.1",!||||||||||||||||||| _ !vvvvvvvvvvvvvv _ !vvvvvvvvvvvvvvvvvvv,
464,Find number: 88-1046.1,hfc0043,,Aurignacien,Hohle Fels,Schelklingen,Germany,9.754103,48.379117,IV,AMS,33090+260/-250 - 28750±750,1977,ivory,undetermined,29.0,12.0,5.0,fragmented,Ivory fragment with markings.,"Wolf 2015, Taf. 20.5; Dutkiewicz E. 2021: Taf. 52.3",≠ v _ vvvvV _ >>,
463,Find number: 87-275,hfc0042,,Aurignacien,Hohle Fels,Schelklingen,Germany,9.754103,48.379117,IV,AMS,33090+260/-250 - 28750±750,2002,ivory,rod/bâton,41.0,10.0,5.0,fragmented,Carefully crafted half-round rod with markings.,Dutkiewicz E. 2021: Taf. 51.3,X || _ | _ | || |,
462,Find number: 87-1709.1,hfc0041,,Aurignacien,Hohle Fels,Schelklingen,Germany,9.754103,48.379117,Vb,AMS,40000±500 - 31290±180,2006,ivory,personal ornament,23.0,7.0,6.0,almost complete,Triple-perforated bead.,"AABW 2006; Wolf 2015, Taf. 31.7; Dutkiewicz E. 2021: Taf. 37.1",OO,
461,Find number: 87-1340.1,hfc0040,,Aurignacien,Hohle Fels,Schelklingen,Germany,9.754103,48.379117,IIIa-V,AMS,40000+500 - 29710+210/-200,2004,ivory,undetermined,23.0,7.0,3.0,fragmented,Decorated small ivory fragment,Dutkiewicz E. 2021: Taf. 53.7,!||||,
460,Find number: 87-1324.1,hfc0039,,Aurignacien,Hohle Fels,Schelklingen,Germany,9.754103,48.379117,IIIb,AMS,29990+340/-330 - 29780+330/-310,2004,ivory,undetermined,28.0,5.0,2.0,fragmented,The narrow ivory fragment displays two rows of parallel lines that interlock in a zipper-like fashion.,"Wolf 2015, Taf. 8.2; Dutkiewicz E. 2021: Taf. 53.3",!||||||||||!,
459,Find number: 87-1271,hfc0038,,Aurignacien,Hohle Fels,Schelklingen,Germany,9.754103,48.379117,IIIa,AMS,31140+250/-240 - 29710+210/-200,2004,ochre,undetermined,31.0,28.0,12.0,almost complete,"The large, all-around processed lump of ochre was found in 2004 at AH IIIa. It bears markings on the flat surface, and its purpose or use is currently unknown.",Velliky et al. 2018; Dutkiewicz E. 2021: Taf. 54.13,[|°°|],
458,Find number: 79-2700,hfc0037,,Aurignacien,Hohle Fels,Schelklingen,Germany,9.754103,48.379117,Va,AMS,34570±260 - 31750±260,2002,ivory,awl,93.0,7.0,7.0,complete,"This is an ivory point with a long, cylindrical shaft, no special elaboration at the base, and a short, pencil-like tip. Below the tip, there is a marking consisting of 122 short, irregularly placed notches arranged in a ring around the entire point.","AABW 2002; Wolf 2015, Taf. 18.2; Dutkiewicz E. 2021: Taf. 46.5-6",≠,
457,Find number: 79-2239,hfc0036,,Aurignacien,Hohle Fels,Schelklingen,Germany,9.754103,48.379117,Iid,AMS,30010±220 - 29560+240/-230,1999,ivory,undetermined,19.0,16.0,3.0,fragmented,Fragment of a thin ivory plate with wide hatching.,"AABW 1999; Wolf 2015, Taf. 4.3; Dutkiewicz E. 2021: Taf. 53.6",!≠!,
456,Find number: 78-2385. Waterfowl,hfc0035,,Aurignacien,Hohle Fels,Schelklingen,Germany,9.754103,48.379117,IV,AMS,33090+260/-250 - 28750±750,2001/2002,ivory,figurine zoomorph,48.0,13.0,9.0,almost complete,"The figurine of a waterfowl was discovered in 2001 at AH IV; however, at that time, the head was missing. It was found in 2002.
The body is streamlined, with the wings close to the body. The bird's legs are also close to the body and short, with undeveloped feet. The tail starts above the legs, is broad, and flattens at the end. The neck is long, and the head is stretched forward. Two distinct depressions on both sides represent the eyes of the animal. The beak is short and ends in a conical tip. Notably, unlike the finely crafted head, the body is not completely reworked. It is most likely a waterfowl, but an exact species determination has not been achieved yet. It could be a wild goose or duck. A swan is also a possibility since these birds retract their necks deeply into their back feathers during a dive.",AABW 2001; AABW 2002; Dutkiewicz E. 2021: Taf. 3,≠ _ ≠,
455,Find number: 78-2350.1,hfc0034,,Aurignacien,Hohle Fels,Schelklingen,Germany,9.754103,48.379117,IIIa,AMS,31140+250/-240 - 29710+210/-200,2001,ivory,undetermined,17.0,17.0,2.0,fragmented,Fragment of a thin ivory plate with a broad hatching.,"Wolf 2015, Taf. 10.9; Dutkiewicz E. 2021: Taf. 53.5",!≠!,
454,Find number: 77-2035.1,hfc0033,,Aurignacien,Hohle Fels,Schelklingen,Germany,9.754103,48.379117,Vb,AMS,40000±500 - 31290±180,2005,ivory,undetermined,18.0,6.0,3.0,fragmented,"Small ivory fragment with markings, heavily weathered.",Dutkiewicz E. 2021: Taf. 52.1,!|XX |X X!,
453,Find number: 77-1815.1,hfc0032,,Aurignacien,Hohle Fels,Schelklingen,Germany,9.754103,48.379117,IIIb,AMS,29990+340/-330 - 29780+330/-310,2002,ivory,undetermined,15.0,6.0,4.0,fragmented,Triangularly-shaped ivory fragment.,"Wolf 2015, Taf. 8.5; Dutkiewicz E. 2021: Taf. 53.2",!\\\\ \\\\\ _ !\ \\\ /,
452,Find number: 77-1785,hfc0031,,Aurignacien,Hohle Fels,Schelklingen,Germany,9.754103,48.379117,IV,AMS,33090+260/-250 - 28750±750,2002,ivory,rod/bâton,49.0,17.0,5.0,fragmented,"Fragment of a large and wide, slightly tapered round rod, which is heavily weathered.",Dutkiewicz E. 2021: Taf. 51.2,|| |,
451,Find number: 76-1153.1. Check techno complex,hfc0030,,Aurignacien/Gravettian,Hohle Fels,Schelklingen,Germany,9.754103,48.379117,IIe,AMS,30640±190,2003,ivory,point,13.0,3.0,3.0,fragmented,Terminal fragment of a very fine point with a circumferential notch.,"AABW 2003; Wolf 2015, Taf. 4.4; Dutkiewicz E. 2021: Taf. 46.4",!$,
450,Find number: 69-2027.1,hfc0029,,Aurignacien,Hohle Fels,Schelklingen,Germany,9.754103,48.379117,IIIb,AMS,29990+340/-330 - 29780+330/-310,2007,ivory,rod/bâton,71.0,10.0,5.0,fragmented,"This long-preserved, meticulously crafted round rod is half-preserved along the longitudinal axis.","Wolf 2015, Taf. 10.3; Dutkiewicz E. 2021: Taf. 51.5",W W,
449,Find number: 68-2803.1. Associated find number 58-2062.1 cannot be matched. Picture and entire coding see hfc0025,hfc0028,,Aurignacien,Hohle Fels,Schelklingen,Germany,9.754103,48.379117,IV,AMS,33090+260/-250 - 28750±750,2001,bone,awl,35.0,8.0,3.0,fragmented,"Base of a bone awl. Upper part object 58-2062.1, see hfc0025",Dutkiewicz E. 2021: Taf. 46.1,,
448,"Find number: 68-2286. This is part of a recently refitted figurine of a bear. Body was found in 2022 and this ""horse head"" (hfc0027) and shoulder part (hfc0026) were added. Therefore, this Dataset should be re-done!",hfc0027,,Aurignacien,Hohle Fels,Schelklingen,Germany,9.754103,48.379117,Iid,AMS,30010±220 - 29560+240/-230,1999,ivory,figurine zoomorph,36.0,16.0,10.0,fragmented,"The heavily fragmented ""head of a horse"" was discovered in 1999 at the transition between AH II and IIe, representing a transitional or mixed horizon between the Aurignacian and Gravettian periods. The figurine is fragmentary, with the snout and a significant portion of the left side of the head and neck being preserved. On the right side, a smooth ivory fracture surface is largely visible. The nose is distinctly carved and separated from the cheek by a horizontal line. Below, the mouth begins, shaped by a long, deep, and wide line. The chin is set off from the cheeks. The snout is overall narrow, while the cheeks are strongly curved. Fine decorations characterize the preserved original surfaces. The entire piece exhibits a polish, suggesting prolonged handling over an extended period. This head was initially identified as the head of a horse; however, in 2022 the body of the figurine was found and it clearly depicts a bear.",AABW 2022; Conard and Floss 2000; Dutkiewicz E. 2021: Taf. 5,|||||||! _ ||||||! _ ||||||||||! _ vv! _ ///!,
447,"Find number: 65-1178.1. This is part of a recently refitted figurine of a bear. Body was found in 2022 and the  ""horse head"" and this shoulder part were added. Therefore, this Dataset should be re-done!",hfc0026,,Aurignacien,Hohle Fels,Schelklingen,Germany,9.754103,48.379117,Iid,AMS,30010±220 - 29560+240/-230,20047,ivory,figurine zoomorph,21.0,16.0,8.0,fragmented,"This fragment of a figurative animal representation was discovered in 2004 in AH IId, which corresponds to a transitional or mixed layer between the Aurignacian and Gravettian periods. It was recently identified as part of the Hohle Fels Bear figurine. The piece is broken along the natural stratification of the ivory. The preserved surface indicates careful carving, and the polished surface suggests extended use. Parts of the back and abdomen are preserved, as well as the attachment point of a leg. It might represent the left shoulder and the beginning of the left leg.","AABW 2022; AABW 2004; Wolf 2015, Taf. 4.5; Dutkiewicz E. 2021: Taf. 6",!|||! _ !≠! _ |,
446,"Find number: 58-2062.1. Associated find number 68-2803.1 cannot be matched. Lower part of this object see hfc0028. Coding entirely here, in dataset hfc0025",hfc0025,,Aurignacien,Hohle Fels,Schelklingen,Germany,9.754103,48.379117,IV,AMS,33090+260/-250 - 28750±750,2001,bone,awl,30.0,5.0,2.0,fragmented,Fragment of a bone awl with markings. Pointed part. Base see hfc0028,AABW 2010; Dutkiewicz E. 2021: Taf. 46.1,!v v v vv! _ v v v _ (//|) _ !v v vv vv vv vv _ ¥! _ vvv _ !vvvvvvv,
445,Find number: 57-3361.1. Small Lion Man,hfc0024,,Aurignacien,Hohle Fels,Schelklingen,Germany,9.754103,48.379117,IV,AMS,33090+260/-250 - 28750±750,2002,ivory,figurine anthropomorph,26.0,7.0,5.0,fragmented,"The so-called ""Little Lion Man"" was discovered in 2002 in AH IV. The representation bears a strong resemblance to the Lion Man from Hohlenstein-Stadel but is only 2.55 cm tall. Only the left side is preserved. The figurine features a relatively large head with a forward-projecting face. A roundish ear is discernible, as seen in other feline figures. The eye, snout, and mouth are present, albeit challenging to discern. Below the short and thick neck, the broad, the left angular shoulder attaches. The arm is short and triangular in shape, separated from the body and hanging vertically from the shoulder. The back seamlessly transitions into the narrow waist. The buttocks are not further defined. The legs, only partially preserved, start below the buttocks and are distinctly separated. The missing right arm may have been found, but it cannot be directly attached, nor is it well-preserved enough to be confidently identified as belonging to this figurine.",AABW 2002; Wolf 2015; Dutkiewicz E. 2021: Taf. 4,v _ v,
444,Find number: 56-3762.1. Check actual techno complex designation,hfc0023,,Aurignacien/Gravetttian,Hohle Fels,Schelklingen,Germany,9.754103,48.379117,IId,AMS,30010±220 - 29560+240/-230,2003,bone,undetermined,29.0,12.0,4.0,fragmented,"Thick, nearly cylindrical bone fragment with a broad hatching.",AABW 2003; Dutkiewicz E. 2021: Taf. 54.12,!≠!,
443,Find number: 54-492.1,hfc0022,,Aurignacien,Hohle Fels,Schelklingen,Germany,9.754103,48.379117,IIIb,AMS,29990+340/-330 - 29780+330/-310,2013,ivory,undetermined,22.0,10.0,4.0,fragmented,"Several fragments of ivory, decorated with hatchings.",Dutkiewicz E. 2021: Taf. 53.1,!≠!,
442,Find number: 32-1825,hfc0021,,Aurignacien,Hohle Fels,Schelklingen,Germany,9.754103,48.379117,Vaa,AMS,34570±260 - 31750±260,2016,ivory,personal ornament,27.0,7.0,5.0,almost complete,Triple-perforated bead,AABW 2016: Dutkiewicz E. 2021: Taf. 37.5,OO,
441,Find number: 31-837.1,hfc0020,,Aurignacien,Hohle Fels,Schelklingen,Germany,9.754103,48.379117,IIIa,AMS,31140+250/-240 - 29710+210/-200,2015,ivory,undetermined,12.0,7.0,2.0,fragmented,Small fragment of a thin ivory plate with remnants of a hatching.,Dutkiewicz E. 2021: Taf. 53.4,!XX!,
440,Find number: 31-2419.2,hfc0019,,Aurignacien,Hohle Fels,Schelklingen,Germany,9.754103,48.379117,Vaa,AMS,34570±260 - 31750±260,2016,ivory,personal ornament,9.0,4.0,3.0,fragmented,Fragment of a triple-perforated bead,AABW 2016; Dutkiewicz E. 2021: Taf. 37.4,!O,
439,Find number: 31-2110,hfc0018,,Aurignacien,Hohle Fels,Schelklingen,Germany,9.754103,48.379117,Vaa,AMS,34570±260 - 31750±260,2016,ivory,figurine anthropomoph,33.0,12.0,7.0,fragmented,"This heavily weathered ivory fragment was discovered in 2016 in AH Vaa. The original surface has been consistently reworked. Across the entire preserved length of the piece, there is a ridge-like elevation reminiscent of the depiction of an arm, similar to the ""Venus 1."" Therefore, this object is identified as the fragment of a potential female figurine.",AABW 2016; Dutkiewicz E. 2021: Taf. 2.6-9,|||||||||||| _ ||||| _ !|||||||,
438,Find number: 31-1693,hfc0017,,Aurignacien,Hohle Fels,Schelklingen,Germany,9.754103,48.379117,Va,AMS,34570±260 - 31750±260,2015,antler,spatula/lissoir,98.0,27.0,13.0,fragmented,"This unusual object is a shaft part of a larger reindeer antler (Rangifer tarandus), which is diagonally halved along the longitudinal axis, resulting in a rounded, flat end. The smooth surface clearly shows compact and spongy bone structures. A hatching is applied in a surface-filling manner on this area. This pattern consists of a total of 73 lines, some of which extend across the entire width of the object, while others reach only to the spongy center.",AABW 2015; Dutkiewicz E. 2021: Taf. 41.2,¥!,
437,Find number: 30-745. Check actual designation of the techno complex,hfc0016,,Aurignacien/Gravettian,Hohle Fels,Schelklingen,Germany,9.754103,48.379117,IId,AMS,30010±220 - 29560+240/-230,2007,ivory,undetermined,123.0,68.0,6.0,fragmented,"This is a large fragment of a cement splinter of a tusk. Laterally, two pattern units are discernible, but cannot be precisely identified. They consist of grouped, long, slightly overlapping lines. These are arranged in a way that two bundles converge and intersect. It cannot be determined whether this pattern is part of a larger composition.","Wolf 2015, Taf. 2.2; Dutkiewicz E. 2021: Taf. 53.8-11",[¥ ¥ ||||],
436,Find number: 30-1197. Female figurine 1,hfc0015,,Aurignacien,Hohle Fels,Schelklingen,Germany,9.754103,48.379117,Vb,AMS,40000±500 - 31290±180,2008,ivory,figurine anthropomorph,60.0,34.0,31.0,almost complete,"The female representation from Hohle Fels (""Venus 1"") was discovered in 2008 at the base of the lowest Aurignacian layer (AH Vb). The figurine is depicted asymmetrically, with the right shoulder pulled upward. There is no head; instead, the upper chest and shoulder area are horizontally flat. Positioned off-center, above the left shoulder, is a meticulously crafted loop. This loop exhibits a clearly recognizable polish, indicating intentional use. Below the broad shoulders, the large breasts prominently project forward. The relatively short arms lie close to the body, and the carefully crafted hands rest below the breasts on the upper abdomen. The hands have distinct fingers, five on the left and four on the right hand. The abdomen is slightly curved with a noticeable navel. The back is kept rather flat, with the right shoulder pulled upward. Below the abdomen, an oversized vulva is depicted. It is sculpted as a large, flat triangle, with clearly defined open labia. The buttocks are separated from the back by horizontal lines. The cleft that separates the labia runs backward over the perineum, forming the buttock crease. The hip is short and stout, wider than the shoulders, and the waist is slightly narrower than the shoulders and hips. The legs are reduced. The thighs are narrow and widely spaced. Below the knees, the legs taper, and the majority of the lower legs and feet are missing. Instead, the front and back converge, forming rounded, flat ends, also exhibiting noticeable polish.",AABW 2008; Conard 2009; Dutkiewicz E. 2021: Taf. 1a-1b,|||||||||| _ ¤¤¤¤¤¤¤¤¤¤¤¤¤ _ Y/\\\\VV\\[°°°° °°] _ [|||| _ ||||||] _ vvvvvvvv! _ C _ |||| _ /// _ [CCCC] _ ||| _ ||| _ v,
435,Find number: 29-1600.1. Zugehörige Fundnummer 29-1594 ?,hfc0014,,Aurignacien,Hohle Fels,Schelklingen,Germany,9.754103,48.379117,IV,AMS,33090+260/-250 - 28750±750,2007,ivory,undetermined,31.0,14.0,3.0,fragmented,"The small, thin ivory plaque bears a tight hatching consisting of 94 lines. It is quite possible that this fragment belongs to piece 29-1594, but it cannot be matched.","AABW 2007; Wolf 2015, Taf. 19.2; Dutkiewicz E. 2021: Taf. 52.4",!≠!,
434,Find number: 29-1594. Zugehörige Fundnummer 9-1600.1 ?,hfc0013,,Aurignacien,Hohle Fels,Schelklingen,Germany,9.754103,48.379117,IV,AMS,33090+260/-250 - 28750±750,2006,ivory,undetermined,102.0,41.0,14.0,fragmented,"This is a large, elongated ivory fragment. It is a cement fragment with remnants of dentin and is broken on three sides. There are three pattern units on it, arranged in three bands across the outer surface of the tusk, formed by a total of around 215 lines.","AABW 2006; Wolf 2015, Taf. 19.1; Dutkiewicz E. 2021: Taf. 52.7-8",!≠ ≠ ≠?!,
433,Find number: 28-2279.1,hfc0012,,Aurignacien,Hohle Fels,Schelklingen,Germany,9.754103,48.379117,Vab,AMS,34570±260 - 31750±260,2014,ivory,personal ornament,23.0,5.0,4.0,complete,Triple-perforated bead.,AABW 2014; Dutkiewicz E. 2021: Taf. 37.3,OO,
432,Find number: 28-2091,hfc0011,,Aurignacien,Hohle Fels,Schelklingen,Germany,9.754103,48.379117,Vab,AMS,34570±260 - 31750±260,2014,ivory,personal ornament,50.0,16.0,14.0,complete,Blank for a large bead with markings. The object is cylindrical in shape and has two bulges on one side.,AABW 2014; Dutkiewicz E. 2021: Taf. 37.12-14,|| |||,
431,Find number: 28-2061.1,hfc0010,,Aurignacien,Hohle Fels,Schelklingen,Germany,9.754103,48.379117,Vab,AMS,34570±260 - 31750±260,2014,ivory,personal ornament,27.0,6.0,5.0,complete,Triple-perforated bead.,AABW 2014; Dutkiewicz E. 2021: Taf. 37.2,OO,
430,Find number: 28-1796,hfc0009,,Aurignacien,Hohle Fels,Schelklingen,Germany,9.754103,48.379117,Vaa,AMS,34570±260 - 31750±260,2014,bone,undetermined,87.0,21.0,7.0,almost complete,This is a split metatarsal bone of an ibex (Capra ibex) with markings.,AABW 2014; Dutkiewicz E. 2021: Taf. 54.1-4,l llXl ll| |  XX| |  ≠≠≠ ≠≠ llll _ | | | | | | | | | | l _ (–ll) ll ll ll ll,
429,Find number: 27-546.1,hfc0008,,Aurignacien,Hohle Fels,Schelklingen,Germany,9.754103,48.379117,IV,AMS,33090+260/-250 - 28750±750,2009,bone,spatula/lissoir,49.0,7.0,6.0,fragmented,"This is a medial, lateral fragment of a smoother from the rib of a large herbivore (Mammoth?)",AABW 2009; Dutkiewicz E. 2021: Taf. 41.3,!vvvvvvvvvvvv!,
428,Find number: 27-2318,hfc0007,,Aurignacien,Hohle Fels,Schelklingen,Germany,9.754103,48.379117,Vab,AMS,34570±260 - 31750±260,2014,bone,tube/flute,23.0,6.0,3.0,fragmented,Small fragment of a thin tubular bone.,AABW 2014; Dutkiewicz E. 2021: Taf. 35.2,!vvvvv!,
427,Find number: 26-459,hfc0006,,Aurignacien,Hohle Fels,Schelklingen,Germany,9.754103,48.379117,IIda,AMS,30010±220 - 29560+240/-230,2010,bone,undetermined,128.0,27.0,10.0,almost complete,Split metatarsal bone of an ibex (Capra ibex) with traces of red ochre and markings.,AABW 2010; Dutkiewicz E. 2021: Taf. 54.5-8,||| X V\\ / \\/ \\ ≠ _ °°°°°°°,
426,Find number: 25-1354.1. Zughörige Fundnummer 32-424.1 (AH Va). Female figurine 2,hfc0005,,Aurignacien,Hohle Fels,Schelklingen,Germany,9.754103,48.379117,Vab,AMS,34570±260 - 31750±260,2014,ivory,figurine anthropomorph,25.0,21.0,12.0,fragmented,"This object consists of two parts. One of the pieces comes from AH Va, while the second originates from a profile collapse from AH Vab to VII. Since no symbolic artifacts come from Middle Paleolithic layers, and the matching piece clearly belongs to the Aurignacian, an association with AH Vab is presumed. The piece is only partially preserved and heavily weathered. It exhibits a spherical bulge reminiscent of the chest form of the female figurine 1 from AH Vb. The entire object bears numerous markings on the preserved surfaces.",AABW 2014; Dutkiewicz E. 2021: Taf. 2.1-5,vvvvv _ >> _ ||||CC _ !¤¤¤¤¤¤¤¤¤¤¤¤ _ !||||,
425,Find number: 24-1634,hfc0004,,Aurignacien,Hohle Fels,Schelklingen,Germany,9.754103,48.379117,Va,AMS,34570±260 - 31750±260,2007,ivory,rod/bâton,89.0,15.0,7.0,fragmented,This ornate round rod has been assembled from three fragments. It is preserved along half of its longitudinal axis. A portion of the surface has broken off in the middle.,"Wolf 2015, Taf. 28.6-7; Dutkiewicz E. 2021: Taf. 51.1",X(X\)!XX(XX)! _ || _ v _ v,
424,Find number: 24-1610.4,hfc0003,,Aurignacien,Hohle Fels,Schelklingen,Germany,9.754103,48.379117,Va,AMS,34570±260 - 31750±260,2014,ivory,possible figurine,9.0,6.0,3.0,fragmented,"A small, spherical-shaped ivory fragment. The rounded part is slightly constricted on one side. The object appears to have broken off, making it difficult to interpret the specific nature of the fragment. However, given the refinement and distinct shaping of the rounded surface, it is possible that this fragment represents a part of a figurative depiction.",AABW 2014 (?); Dutkiewicz E. 2021: Taf. 28.2,[°°°°°°°°°°] _ | _ |,
423,Find number: 24-1392.1,hfc0002,,Aurignacien,Hohle Fels,Schelklingen,Germany,9.754103,48.379117,IV,AMS,33090+260/-250 - 28750±750,2007,ivory,undetermined,30.0,6.0,4.0,fragmented,Decorated ivory fragment,Wolf 2015; Taf. 20.6; Dutkiewicz E. 2021: Taf. 52.2,!≠!,Certain
422,Find number: 24-1231.2. Zugehörige Funfnummern: 76-1351.1; 56-3919.1 (kann nicht direkt angepasst werden),hfc0001,,Aurignacien,Hohle Fels,Schelklingen,Germany,9.754103,48.379117,IIIb,AMS,29990+340/-330 - 29780+330/-310,2002,ivory,personal ornament,61.0,7.0,3.0,fragmented,"This terminal fragment of a curved ivory band is preserved in two pieces. They cannot be refitted. Nevertheless, the dimensions, surface texture, and decorative elements strongly suggest that these two fragments are originally part of the same piece.","Wolf 2015, Taf. 7.1; Dutkiewicz E. 2021: Taf. 38.3",v vvv v v _ vvv! v,
421,Find number: 75-413,gkl0030,,Aurignacien,Geissenklösterle,Blaubeuren-Weiler,Germany,9.772222,48.398333,III,C14,38900±1000 - 30100±550,1983,bone,undetermined,6.0,3.0,1.0,fragmented,Tiny bone fragment with markings.,Dutkiewicz E. 2021: Taf. 55.4,!||!,Very certain
420,Find number: 75-374,gkl0029,,Aurignacien,Geissenklösterle,Blaubeuren-Weiler,Germany,9.772222,48.398333,II,C14,35700±700 - 30625±796,1983,ivory,possible flute,26.0,10.0,5.0,fragmented,Ivory tube with parallel notches on the lateral side. Basally with notched remnants of segmentation.,Dutkiewicz E. 2021: Taf. 32.7,!vvvvvvvvvvv,Very certain
419,Find number: 68-378. Geweihobjekt. Zeichnung nachliefern,gkl0028,,Aurignacien,Geissenklösterle,Blaubeuren-Weiler,Germany,9.772222,48.398333,II,C14,35700±700 - 30625±796,1979,antler,antler object,42.0,25.0,18.0,complete,"A so-called antler object. These objects are reworked antler burrs (Leroy-Prost 2002). This artifact group, in addition to the well-known piece from the Vogelherd, featuring a relief of a mammoth, is also documented with two other objects. However, these do not bear figurative representations but are adorned with abstract motifs. The function of these objects is not clear. They are often referred to as retouchers (Hahn 1986, 1988a), smoothers (Didon 1911), or pendants (Hahn 1986; Knecht and White 1992; see summarily Leroy-Prost 2002).","AA 1979; Hahn 1988, Taf. 45.11; Dutkiewicz E. 2021: Taf. 39",|||| _ –XXXX _ ¤¤¤¤¤¤¤¤¤ _ vvvvvvvvvvvvv _ ////////////,Very certain
418,"Find number: 67-1016. Das müsste neu gemacht werden, es wird gerade neu zusammengesetzt. Auch die Kodierung prüfen! Zeichnung nachliefern",gkl0027,,Aurignacien,Geissenklösterle,Blaubeuren-Weiler,Germany,9.772222,48.398333,II,C14,35700±700 - 30625±796,1983,ivory,bâton percé,147.0,27.0,8.0,fragmented,"Strongly fragmented perforated rod made from ivory. It is an elongated, slightly asymmetrical, thin object with gently convex edges and narrow proximal ends. The surface is mostly not preserved. Medially, there are four double-conical holes exhibiting a thread-like modification of the edges typical for Aurignacian perforated rods. These markings are classified as utilitarian in this context, as they are believed to be associated with the use of this tool in rope making.","AABW 1983; Hahn 1988:216-17, Taf. 45.19; Dutkiewicz E. 2019: Taf. 47; Hahn J. 1986; Conard and Malina 2016; Conard and Rots 2016",!vvvvvvvvvvvv!,Very uncertain
417,Find number: 65-431. Musk ox. Zeichnung nachliefern,gkl0026,,Aurignacien,Geissenklösterle,Blaubeuren-Weiler,Germany,9.772222,48.398333,II,C14,35700±700 - 30625±796,1983,ivory,figurine zoomorph,25.0,14.0,6.0,fragmented,"Small figurine of a musk ox (Ovibos moschatus). The figurine is broken approximately along the natural growth line of the ivory, only the right side of the body is preserved. With a length of around 2.5 cm, it is one of the smallest figures from the Swabian Aurignacian. Due to its size, anatomical details are only weakly elaborated. While initially identified as a bison, it is more likely to represent a musk ox. The lowered head position closely to the body and the massive, box-like appearance of the body support this interpretation. The high withers are above the head, and the back line slopes slightly towards the torso. Only the leg beginnings are preserved. Despite its small size, the head is carefully crafted. The horns, eye area, and nostrils are finely detailed. The typical chin beard starts below the mouth. The shoulders are massive, while the rest of the body appears comparatively small and fragile. Although few details are visible, the representation of anatomical details is surprisingly lifelike.",AABW 1983; Hahn 1986:115-116; Dutkiewicz E. 2021: Taf. 7,| ||||| | _ | | | || || | | | | |,Very certain
416,Find number: 58-264. Adorant. Zeichnung nachliefern,gkl0025,,Aurignacien,Geissenklösterle,Blaubeuren-Weiler,Germany,9.772222,48.398333,II,C14,35700±700 - 30625±796,1979,ivory,plaquette,38.0,14.0,5.0,almost complete,"Figurative depiction of a thin ivory plaque, the so-called Adorant. The object consists of a slightly asymmetrical rectangular plate with short notches along its edges. The plate has a slight curvature in the short axis, corresponding to the growth form of ivory, suggesting that the raw material likely came from a dentin cone in the peripheral area of the tusk. The back is smoothed with four rows of cup-like depressions. On the front side, a human figure is depicted in bas-relief. Despite significant surface loss, the outlines of the figure are discernible. The figure fills the rectangular shape symmetrically, with slightly bent arms stretched upwards, slightly bent legs, and outward-pointing feet. An elongated extension between the feet hangs down from the body. The feet do not reach the lower edge of the plate, but the head slightly protrudes, giving it a more three-dimensional effect. The crown and even the back of the head are sculpted. The proportions of the upper body are accurate, but the torso appears elongated, with the legs depicted shorter in comparison. Due to the mostly lost surface, little can be said about the details of the body. The hands are not clearly defined, and the feet appear thick and chunky, not anatomically accurate.",AA 1979; Hahn 1988: 117-120 Hahn J. 1977; Hahn J. 1986; Dutkiewicz E. 2021: Taf. 8a-8b,vvvvvvvvvvvvv _ vvvvvvvvvvvvv _ vvvvvvv _ vvvvvv _ >>>>\\\  _ >>>! _  ^^^^ _ °°°°°°°°°°°°° _ °°°°°°°°°° _ °°°°°°°°°°°° _ °°°°°°°°°°°°°,Very certain
415,Find number: 58-227,gkl0024,,Aurignacien,Geissenklösterle,Blaubeuren-Weiler,Germany,9.772222,48.398333,II,C14,35700±700 - 30625±796,1974,ivory,possible flute,5.0,3.0,2.0,fragmented,"Tiny ivory fragment, possibly from an ivory flute.",Dutkiewicz E. 2021: Taf. 32.10,!vvvv!,Very certain
414,Find number: 56-975,gkl0023,,Aurignacien,Geissenklösterle,Blaubeuren-Weiler,Germany,9.772222,48.398333,III,C14,38900±1000 - 30100±550,1989,ivory,possible flute,47.0,3.0,2.0,fragmented,"Long ivory fragment with a row of notches, typical of ivory flutes.",Dutkiewicz E. 2021: Taf. 32.9,!vvvvvvvvvvvvvvvvvvv!,Very certain
413,Find number: 56-802,gkl0022,,Aurignacien,Geissenklösterle,Blaubeuren-Weiler,Germany,9.772222,48.398333,III,C14,38900±1000 - 30100±550,1987,ivory,rod/bâton,11.0,3.0,4.0,fragmented,Thin round rod made of ivory with encircling notches.,Dutkiewicz E. 2021: Taf. 51.6,!OOOOO!,
412,Find number: 48-ohne Fundnr.,gkl0021,,Aurignacien,Geissenklösterle,Blaubeuren-Weiler,Germany,9.772222,48.398333,II,C14,35700±700 - 30625±796,1974 2004,ivory,flute,187.0,12.0,11.0,almost complete,"This is the first ivory flute that has been discovered. This flute, discovered in 1974 and later recognized in 2004, provided key insights into ivory flute characteristics. Its assembly led to the identification of additional fragments. The manufacturing process, described by Conard, Malina, et al. (2004) and experimentally replicated by Malina and Ehmann (2009), involved creating a long, cylindrical ivory rod with a central transition layer. The rod was split, hollowed, and hermetically sealed with the aid of pre-made notches. The flute, following the ivory's natural curvature, has four preserved finger holes. One end is neatly separated with a ring notch, and interestingly, there's the beginning of a hole, though its purpose remains unclear.","Hahn J. 1988, Taf. 45.12; Conard et al. 2004; Conard und Malina 2008; Dutkiewicz E. 2019: Taf. 31",vvvvvvvvvvvvvvvvvvvvvvvvvvvvvvvvvvvvvvvvvvvv! _ vvvvvvvvvvvvvvvvvvvvvvvvvvvvvvvvvvvvvvvvvvvvvvvvvvvvvvvvvvvvvvvvvvvv!,Very certain
411,Find number: 48-125,gkl0020,,Aurignacien,Geissenklösterle,Blaubeuren-Weiler,Germany,9.772222,48.398333,II,C14,35700±700 - 30625±796,1974,ivory,possible flute,17.0,2.0,2.0,fragmented,Elongated ivory fragment with a row of notches.,Dutkiewicz E. 2021: Taf. 32.12,!vvvvv!,
410,Find number: 47-ohne Fundnr.,gkl0019,,Aurignacien,Geissenklösterle,Blaubeuren-Weiler,Germany,9.772222,48.398333,II,C14,35700±700 - 30625±796,1974,ivory,possible flute,24.0,6.0,2.0,fragmented,Narrow fragment of a hollow cylindrical ivory piece with the typical lateral notches found in ivory flutes.,Dutkiewicz E. 2021: Taf. 32.6,!vvvvvvvv,
409,Find number: 47-9000.2,gkl0018,,Aurignacien,Geissenklösterle,Blaubeuren-Weiler,Germany,9.772222,48.398333,II,C14,35700±700 - 30625±796,1973,bone,tube/flute,30.0,8.0,4.0,fragmented,Fragment of a tubular bone.,Hahn J. and Münzel S. 1995; Dutkiewicz E. 2021: Taf. 35.5,!v v v vv vv! _ !v v vv!,
408,"Find number: 47-9000.1.3. Two pieces that don't belong together (see also 47-9000.1.2.). There is no separate drawing, as this piece is together with 47-9000.1.2. Zeichnung nachliefern",gkl0017,,Aurignacien,Geissenklösterle,Blaubeuren-Weiler,Germany,9.772222,48.398333,II,C14,35700±700 - 30625±796,1973,bone,tube/flute,35.0,6.0,2.0,fragmented,second part of this objects wrong refitting (see 47-9000.1.2.),Hahn J. and Münzel S. 1995; Dutkiewicz E. 2021: Taf. 34.6,!v vv vv,
407,Find number: 47-9000.1.2. Two pieces that don't belong together (see also 47-9000.1.3.). Zeichnung nachliefern,gkl0016,,Aurignacien,Geissenklösterle,Blaubeuren-Weiler,Germany,9.772222,48.398333,II,C14,35700±700 - 30625±796,1973,bone,flute,35.0,6.0,1.0,fragmented,Fragment of a bone flute made from a thin-walled tubular bone of a bird,Hahn J. and Münzel S. 1995; Dutkiewicz E. 2021: Taf. 34.6,v,Very certain
406,Find number: 47-9000.1.1.,gkl0015,,Aurignacien,Geissenklösterle,Blaubeuren-Weiler,Germany,9.772222,48.398333,II,C14,35700±700 - 30625±796,1973,bone,tube/flute,50.0,8.0,6.0,fragmented,Fragment of a thin tubular bone,Hahn J. and Münzel S. 1995; Dutkiewicz E. 2021: Taf. 35.4,!vvvvvvvv! _ !vvvvvvvvv!,Very certain
405,Find number: 47-59,gkl0014,,Aurignacien,Geissenklösterle,Blaubeuren-Weiler,Germany,9.772222,48.398333,II,C14,35700±700 - 30625±796,,antler,personal ornament,132.0,5.0,4.0,almost complete,"This is an almost completely preserved curved band made of antler. Both ends are flattened and have perforations. They are slightly twisted in relation to the curvature. A portion of the object is missing in the upper area, preventing the original length from being specified. Hahn suggests interpreting this piece as a mouth bow (Hahn 1988: 220).","Hahn J 1988, Taf. 45.18; Dutkiewicz E. 2021: Taf. 38.5-6",v!vvvvv!vvvvvvvvvvvvvvvvvvvvvvvvvvvvvvvvvvv _ vvvvv!vvvvvvvvvvvvvvvvvvvvvvvvvvvvvvvv,
404,Find number: 46-555,gkl0013,,Aurignacien,Geissenklösterle,Blaubeuren-Weiler,Germany,9.772222,48.398333,II,C14,35700±700 - 30625±796,1974,ivory,possible flute,25.0,8.0,3.0,fragmented,"Fragment of a cylindrical artifact made of ivory with lateral notches - possibly a flute fragment, basal, with notched segmentation.",Dutkiewicz E. 2021: Taf. 32.5,!vvvvvvvv,
403,Find number: 38-7. Mammut. Zeichnung nachliefern,gkl0012,,Aurignacien,Geissenklösterle,Blaubeuren-Weiler,Germany,9.772222,48.398333,II,C14,35700±700 - 30625±796,1975,ivory,figurine zoomorph,67.0,38.0,3.0,fragmented,"Fragmented figurine of a mammoth (Mammuthus primigenius). it is lacking the head below the skullcap, large portions of the abdomen and right side, the left front leg, and most of the tail except for the base. Weathered extensively, the figurine exhibits surface damage, and the ivory has decayed along natural growth lines. The depiction features a massive mammoth with a towering head, a depression in the neck, and a backline that rises in the shoulder area and slopes steadily towards the hindquarters. Notably, the legs are individually detailed, slightly splayed outward, and the longitudinal axis is subtly twisted. The characteristic mammoth cloaca is preserved at the base, and, in line with other mammoth figurines, the tusks are not represented.",AA 1975; Hahn J. 1986: 120-122; Hahn J. 1988; Dutkiewicz E. 2021: Taf. 9a-9b,||||| _ ¤¤¤¤¤¤¤¤¤¤¤¤¤¤¤ _ ///// _ ||||| _ ¤¤¤¤¤¤¤ _ ||| |||| _ || _ | | || | | | _ lllll | | _ ////! _ ///! ¤¤¤¤!,
402,Find number: 37-94. Bär. Zeichnung nachliefern,gkl0011,,Aurignacien,Geissenklösterle,Blaubeuren-Weiler,Germany,9.772222,48.398333,II,C14,35700±700 - 30625±796,1977,ivory,figurine zoomorph,50.0,21.0,19.0,fragmented,"Fragmented figurine of an erect bear. The figurine has been assembled from eleven fragments. Preserved parts include a portion of the head, the left flank, and abdominal side with the beginnings of arms and legs, as well as parts of the chest and buttocks. Despite the fragmentation, the shapes reveal a bear in an upright posture. The head is relatively small and narrow, with finely detailed facial features. The mouth and nose are defined with delicate lines, and the eyes are depicted through depressions within a slight elevation. The animal's head is directed upward. The body is upright, exposing the entire abdomen when viewed from the front. Arms and legs extend away from the body, but their original positions cannot be determined due to the preservation condition. Determining whether the depicted animal is a cave bear or a brown bear is not possible due to the partially missing lateral and upper head portions.",AA 1977; Hahn J. 1986:123-125; Dutkiewicz E. 2019: Taf. 10,||||||| _ ¤¤¤¤¤¤¤¤¤! _ !// _ ¤¤¤¤¤¤¤¤¤! _ |||! _ V,
401,Find number: 37-155.2,gkl0010,,Aurignacien,Geissenklösterle,Blaubeuren-Weiler,Germany,9.772222,48.398333,II,C14,35700±700 - 30625±796,1974,ivory,possible flute,12.0,7.0,2.0,fragmented,"Cylindrical ivory fragment with parallel notches on the lateral side, possible flute",Dutkiewicz E. 2021: Taf. 32.4,!vvvvvv,
400,Find number: 37-155.1,gkl0009,,Aurignacien,Geissenklösterle,Blaubeuren-Weiler,Germany,9.772222,48.398333,II,C14,35700±700 - 30625±796,1974,ivory,undetermined,18.0,3.0,2.0,fragmented,Elongated ivory fragment with parallel notches,Dutkiewicz E. 2021: Taf. 55.1,!vvvv,
399,Find number: 35-ohne Fundnr.,gkl0008,,Aurignacien,Geissenklösterle,Blaubeuren-Weiler,Germany,9.772222,48.398333,II,C14,35700±700 - 30625±796,1974,ivory,possible flute,20.0,3.0,2.0,fragmented,"Elongated ivory fragment with notched row, possible fragment of an ivory flute",Dutkiewicz E. 2021: Taf. 32.11,!vvvvvvvv!,
398,Find number: 34-349,gkl0007,,Aurignacien,Geissenklösterle,Blaubeuren-Weiler,Germany,9.772222,48.398333,II,C14,35700±700 - 30625±796,1990,ivory,possible flute,20.0,8.0,3.0,fragmented,"Hollow-cylindrically worked ivory artifact, probably a semi-finished product for flute production",Dutkiewicz E. 2021: Taf. 32.3,!vvvvvv!,
397,Find number: 34-303,gkl0006,,Aurignacien,Geissenklösterle,Blaubeuren-Weiler,Germany,9.772222,48.398333,II,C14,35700±700 - 30625±796,,ivory,personal ornament,42.0,5.0,3.0,fragmented,Terminal fragment of a slightly curved ivory strip with a perforation,Wolf S. 2015: Taf. 32.3; Dutkiewicz E. 2021: Taf. 38.4,||||,
396,Find number: 33-95,gkl0005,,Aurignacien,Geissenklösterle,Blaubeuren-Weiler,Germany,9.772222,48.398333,II,C14,35700±700 - 30625±796,1991,ivory,undetermined,11.0,3.0,2.0,fragmented,Small ivory fragment with parallel lines,Dutkiewicz E. 2021: Taf. 55.3,!|||!,
395,Find number: 26-80,gkl0004,,Aurignacien,Geissenklösterle,Blaubeuren-Weiler,Germany,9.772222,48.398333,II,C14,35700±700 - 30625±796,1975,bone,tube,76.0,13.0,9.0,complete,Cut tube bone (ulna) of a common raven (Corvus corax),"AA 1977; Hahn J. 1988, Taf. 45.17; Dutkiewicz E. 2021: Taf. 35.1",vvvvvvvvvvvvvv,
394,Find number: 24-197. Knochenflöte,gkl0003,,Aurignacien,Geissenklösterle,Blaubeuren-Weiler,Germany,9.772222,48.398333,II,C14,35700±700 - 30625±796,1973 1990,bone,flute,126.0,10.0,9.0,almost complete,"Flute made from the radius of a whooper swan (Cygnus cygnus). About half of the shaft, proximally separated with a ring notch, is preserved. The distal end is no longer present. The three preserved finger holes are located on the dorsal side of the shaft.","Hahn J. and Münzel S.1995, Hahn J. 1999, Münzel S. et al. 2002; Dutkiewicz E. 2021: Taf. 34.1",vvvv vvvv,
393,Find number: 16-96.1,gkl0002,,Aurignacien,Geissenklösterle,Blaubeuren-Weiler,Germany,9.772222,48.398333,II,C14,35700±700 - 30625±796,1977,bone,tube/flute,21.0,6.0,2.0,fragmented,Thin tubular bone of a bird,"Dutkiewicz E. 2021, Taf. 35.3",!vvvvv!,
392,Find number: 15-239,gkl0001,,Aurignacien,Geissenklösterle,Blaubeuren-Weiler,Germany,9.772222,48.398333,II,C14,35700±700 - 30625±796,1976,ivory,undetermined,36.0,12.0,2.0,fragmented,"Thin, elongated ivory plate","Hahn J. 1988, Taf. 45.13",||| /////! _ V,Very certain
391,,bst0001,,Aurignacien,Bockstein-Törle,Öllingen,Germany,10.155000,48.553000,VI,C14,31530±230 - 20400±220,1953-1956,slate,personal ornament,21.0,20.0,5.0,almost complete,,Conard N. & Bolus M. 2003; Wolf S. 2015; Dutkiewicz E. 2019,,
385,,hym0009,,Aurignacien,Hayonim Cave,Lower Galilee,Israel,35.218264,32.920089,D 1-2,AMS,29900 - 28980,,bone,undetermined,,,,fragmented,notched hyoid bone of gazelle (missing image),Tejero J. M. et al. 2018: p. 5146 table 1; Alex B. et al. 2017,,
384,,hym0008,,Aurignacien,Hayonim Cave,Lower Galilee,Israel,35.218264,32.920089,D 1-2,AMS,29900 - 28980,,bone,undetermined,,,,fragmented,notched gazelle scapula (missing image),Tejero J. M. et al. 2018: p. 5146 table 1; Alex B. et al. 2017,,
383,,hym0007,,Aurignacien,Hayonim Cave,Lower Galilee,Israel,35.218264,32.920089,D 1-2,AMS,29900 - 28980,,bone,other,,,,fragmented,notched gazelle scapula (missing image),Tejero J. M. et al. 2018: p. 5146 table 1; Alex B. et al. 2017,,
382,,hym0006,,Aurignacien,Hayonim Cave,Lower Galilee,Israel,35.218264,32.920089,D 3,AMS,29900 - 28980,,bone,other,,,,fragmented,notched gazelle scapula (missing image),Tejero J. M. et al. 2018: p. 5146 table 1; Alex B. et al. 2017,,
381,,hym0005,,Aurignacien,Hayonim Cave,Lower Galilee,Israel,35.218264,32.920089,D 3,AMS,29900 - 28980,,bone,other,,,,fragmented,notched gazelle scapula (missing image),Tejero J. M. et al. 2018: p. 5146 table 1; Alex B. et al. 2017,,
380,,hym0004,,Aurignacien,Hayonim Cave,Lower Galilee,Israel,35.218264,32.920089,D 1-2,AMS,29900 - 28980,,bone,other,,,,fragmented,notched gazelle scapula,Tejero J. M. et al. 2018: p. 5147 fig. 2; Alex B. et al. 2017,,
379,,hym0003,,Aurignacien,Hayonim Cave,Lower Galilee,Israel,35.218264,32.920089,D 1-2,AMS,29900 - 28980,,bone,other,,,,fragmented,notched gazelle scapula,Tejero J. M. et al. 2018: p. 5147 fig. 2; Alex B. et al. 2017,,
378,,hym0002,,Aurignacien,Hayonim Cave,Lower Galilee,Israel,35.218264,32.920089,D 1-2,AMS,29900 - 28980,,bone,other,,,,fragmented,notched gazelle scapula,Tejero J. M. et al. 2018: p. 5147 fig. 2; Alex B. et al. 2017,,
377,,hym0001,,Aurignacien,Hayonim Cave,Lower Galilee,Israel,35.218264,32.920089,D,AMS,29900 - 28980,,bone,other,,,,fragmented,notched gazelle scapula,Tejero J. M. et al. 2018: p. 5147 fig. 2; Alex B. et al. 2017,,
375,,ver0004,,Aurignacien,Grotte de la Verpillière I,Germolles,France,4.741500,46.808900,,C14,34010±610 - 29020±170,,bone,other,,,,fragmented,,Floss H. et al. 2013; Dutkiewicz E. 2011,,
374,,ver0003,,Aurignacien,Grotte de la Verpillière I,Germolles,France,4.741500,46.808900,,C14,34010±610 - 29020±170,,ivory,personal ornament,,,,fragmented,Ivory ring decorated with sub-parallel lines,Floss H et al. 2013,,
373,,sdn0001,,Aurignacien,Shanidar Cave,Mergasur,Iraq,44.230978,36.802696,Level C context 3107,C14,35440±600 - 28700±700,,shell,undetermined,,,,fragmented,land snail shell decorated with sub-parallel incisions,Hunt C. O. et al. 2017: p. 318 fig. 4; Olszewski D. & Dibble H. 2006,,
372,,brw0001,,Aurignacien,Shelter Birów IV,Górze Birów,Poland,19.550000,50.460000,5 Younger cultural level,C14,34000 - 30000,,antler,rod/bâton,,,,fragmented,fragment of an antler decorated with a pointille technique,Cyrek K. 2018: p. 106 fig. 10,,
371,,ltk0001,,Aurignacien,Lhotka,Olomouc,Czech Republic,17.407000,49.500000,,,,,flint cortex,flake,,,,fragmented,engraved flintstone cortex,Valoch K. 2010: p. 93 fig. 12.11,,
370,,kvs0001,,Aurignacien,Kvasice,Kroměříž,Czech Republic,17.468000,49.246000,,,,,flint cortex,flake,,,,fragmented,engraved flintstone cortex,Valoch K. 2010: p. 93 fig. 12.8,,
369,,olv0001,,Aurignacien,Otaslavice,Prostějov,Czech Republic,17.074000,49.388000,,,,,flint cortex,flake,,,,fragmented,engraved flintstone cortex,Valoch K. 2010: p. 93 fig. 12.7,,
368,,stn0001,,Aurignacien,Slatinice,Olomouc,Czech Republic,17.098000,49.564000,,,,,flint cortex,flake,,,,fragmented,engraved flintstone cortex,Valoch K. 2010: p. 93 fig. 12.4,,
366,,ndd0004,,Aurignacien,Nová Dědina,Kroměříž,Czech Republic,17.451000,49.212000,,,,,flint cortex,flake,,,,fragmented,flake of flint with the engraved cortex,Valoch K. 2010: p. 93 fig. 12.6,,
365,,ndd0003,,Aurignacien,Nová Dědina,Kroměříž,Czech Republic,17.451000,49.212000,,,,,flint cortex,flake,,,,fragmented,flake of flint with the engraved cortex,Valoch K. 2010: p. 93 fig. 12.10,,
364,,ndd0002,,Aurignacien,Nová Dědina,Kroměříž,Czech Republic,17.451000,49.212000,,,,,flint cortex,flake,,,,fragmented,flake of flint with the engraved cortex,Valoch K. 2010: p. 93 fig. 12.5,,
363,,ndd0001,,Aurignacien,Nová Dědina,Kroměříž,Czech Republic,17.451000,49.212000,,,,,flint cortex,flake,,,,fragmented,engraved flintstone cortex,Valoch K. 2010: p. 93 fig. 12.3,,
361,,ztv0003,,Aurignacien,Žlutava,Zlín,Czech Republic,17.487000,49.200000,,,,,slate,undetermined,,,,fragmented,pierced slab of slate with incisions and dots decorations,Valoch K. 2010: p. 93 fig. 12.12,,
360,,ztv0002,,Aurignacien,Žlutava,Zlín,Czech Republic,17.487000,49.200000,,,,,flint cortex,flake,,,,fragmented,flake of flint with the engraved cortex,Valoch K. 2010: p. 93 fig. 12.9,,
359,,ztv0001,,Aurignacien,Žlutava,Zlín,Czech Republic,17.487000,49.200000,,,,,flint cortex,flake,,,,almost complete,engraved flintstone cortex,Valoch K. 2010: p. 93 fig. 12.2,,
358,,mla0003,,Aurignacien,Mladeč,Mladeč,Czech Republic,17.016667,49.706389,,AMS,34930+520/-490 - 31190+400/-390,,ivory,point,,,,almost complete,engraved ivory point,Valoch K. 2010: p. 91 fig. 11.2;  Wild E. M. et al. 2005,,
357,,ilk0003,,Aurignacien,Istállóskő Cave,Bükk Mountains,Hungary,20.418906,48.071853,,AMS,35000 - 32000,1911 - 1951,bone,awl,,,,complete,Knohenpfriem,Mottl M. 1942: p. 86 fig. 3.1; Patou-Mathis M. et al. 2016; Mester Z. 2004; Mester Z. 2014,,
356,,ilk0002,,Aurignacien,Istállóskő Cave,Bükk Mountains,Hungary,20.418906,48.071853,,AMS,35000 - 32000,1911 - 1951,bone,spatula/lissoir,,,,fragmented,bone lissoir with incisions,Mottl M. 1942: p. 86 fig. 3.4; Patou-Mathis M. et al. 2016; Mester Z. 2004; Mester Z. 2014,,
355,,ilk0001,,Aurignacien,Istállóskő Cave,Bükk Mountains,Hungary,20.418906,48.071853,,AMS,35000 - 32000,1911 - 1951,bone,tube,,,,undetermined,bone with notches,Mottl M. 1942: p. 86 fig. 3.5; Patou-Mathis M. et al. 2016; Mester Z. 2004; Mester Z. 2014,,
354,,men0003,,Aurignacien,Menton/Grottes du Grimaldi,Menton,France,7.535556,43.783333,,,,,undetermined,undetermined,,,,fragmented,,Barandiaran I. & Garcia Diez M. 2007: p. 213 fig. F,,
351,,poi0001,,Aurignacien,Abri du Poisson,Gorge d'Enfer,France,0.998333,44.944167,couche b,,,1917,limestone,bloc,530.0,400.0,,complete,engraved block with vulva representation,Delluc B. & Delluc G. 1978: p. 380 fig. 93,,
350,,ltp0001,,Aurignacien,Le Terme Pialat,Saint-Avit-Sénieur,France,0.817000,44.767000,,,,,limestone,bloc,220.0,200.0,6.0,almost complete,engraving of two venus figures on a limestone block,Delluc B. & Delluc G. 1978: p. 375 fig. 91,,
349,,lus0006,,Aurignacien,Abri de Laussel,Dordogne,France,1.106944,44.947222,,,,,limestone,bloc,150.0,,,complete,engraved limestone block,Delluc B. & Delluc G. 1978: p. 372 fig. 90,,
348,,lus0005,,Aurignacien,Abri de Laussel,Dordogne,France,1.106944,44.947222,,,,,limestone,bloc,100.0,,,complete,engraved limestone block,Delluc B. & Delluc G. 1978: p. 371 fig. 89,,
347,,lus0004,,Aurignacien,Abri de Laussel,Dordogne,France,1.106944,44.947222,5,,,,limestone,bloc,,,,complete,Engraved block of limestone decorated with dots and vulva,Delluc B. & Delluc G. 1978: p. 369 fig. 88,,
346,,lus0003,,Aurignacien,Abri de Laussel,Dordogne,France,1.106944,44.947222,5,,,,limestone,bloc,,,,complete,block of limestone  decorated with dots,Delluc B. & Delluc G. 1978: p. 367 fig. 87,,
345,,lus0002,,Aurignacien,Abri de Laussel,Dordogne,France,1.106944,44.947222,5,,,,limestone,bloc,,,,fragmented,fragmented block of limestone with a vulva engraved,Delluc B. & Delluc G. 1978: p. 365 fig. 86,,
344,,lus0001,,Aurignacien,Abri de Laussel,Dordogne,France,1.106944,44.947222,6,,,,limestone,bloc,110.0,,,almost complete,block of ochre decorated with vulvae,Delluc B. & Delluc G. 1978: p. 363 fig. 85,,
343,,vdj0001,,Aurignacien,Vindija Cave,Hrvatsko Zagorje,Croatia,16.070556,46.299167,Level G1,C14; AMS,33000+/- 400,,bone,undetermined,,,,complete,bear pubic bone with carved circular decoration,Karavanić I. 1995: p. 16 fig. 3.8,,
341,,mla0002,,Aurignacien,Mladeč,Mladeč,Czech Republic,17.016667,49.706389,,AMS,34930+520/-490 - 31190+400/-390,,bone,awl,,,,complete,engraved bone point,Wild E. M. et al. 2005; Svoboda J. 2001: p. 51 fig. 5.12,,
340,,mla0001,,Aurignacien,Mladeč,Mladeč,Czech Republic,17.016667,49.706389,,AMS,34930+520/-490 - 31190+400/-390,1881-1904,bone,awl,,,,almost complete,engraved bone point,Svoboda J. 2006; Wild E. M. et al. 2005; Svoboda J. 2001: p. 51 fig. 5.11,,
338,,wld0002,,Aurignacien,Willendorf,Neunkirchen,Austria,15.404167,48.322222,4,C14,32000 - 31000,,bone,tube,,,,fragmented,bone fragment with crossing lines,Nigst P. R. 2006: p. 287 fig. 16.3,,
336,,sda0001,,Aurignacien,Šandalja II,Pula,Croatia,13.840197,44.864872,couche E,C14,23540±180,,bone,point,,,,fragmented,fragment distal de pointe ou poinçon décoré à sommet cassé et de section elliptique,Karavanić I. 2003: p. 592 fig. 9.10,,
335,,ver0002,,Aurignacien,Grotte de la Verpillière I,Germolles,France,4.741500,46.808900,,C14,34010±610 - 29020±170,,bone,spatula/lissoir,50.0,18.0,,fragmented,Knochen mit parallelen Ritzungen aus der Kollektion Gros,Floss H et al. 2013; Dutkiewicz E. 2011: p. 86 fig. 62,,
334,,cas0022,,Aurignacien,Castanet,Sergeac (Dordogne),France,1.120000,44.990000,I,AMS,34320±520 - 31900±450,1911-1913,antler,bâton percé,,,,fragmented,bâtons percés en bois de Renne avec incisions parallèles,White R. et al. 2012; Peyrony D. 1935: p. 434 fig. 11.3,,
333,,cas0021,,Aurignacien,Castanet,Sergeac (Dordogne),France,1.120000,44.990000,I,AMS,34320±520 - 31900±450,1911-1913,antler,bâton percé,,,,fragmented,bâtons percés en bois de Renne avec incisions parallèles,White R. et al. 2012; Peyrony D. 1935: p. 434 fig. 11.2,,
332,,cas0020,,Aurignacien,Castanet,Sergeac (Dordogne),France,1.120000,44.990000,I,AMS,34320±520 - 31900±450,1911-1913,bone,rod/bâton,,,,almost complete,Objet en os décoré,White R. et al. 2012; Peyrony D. 1935: p. 434 fig. 17.10,,
331,,cas0019,,Aurignacien,Castanet,Sergeac (Dordogne),France,1.120000,44.990000,I,AMS,34320±520 - 31900±450,1911-1913,bone,rod/bâton,,,,almost complete,Objet en os décoré,White R. et al. 2012; Peyrony D. 1935: p. 434 fig. 17.9,,
330,,cas0018,,Aurignacien,Castanet,Sergeac (Dordogne),France,1.120000,44.990000,I,AMS,34320±520 - 31900±450,1911-1913,bone,awl,,,,almost complete,Objet en os décoré,White R. et al. 2012; Peyrony D. 1935: p. 434 fig. 17.8,,
329,,cas0017,,Aurignacien,Castanet,Sergeac (Dordogne),France,1.120000,44.990000,I,AMS,34320±520 - 31900±450,1911-1913,bone,awl,,,,almost complete,Objet en os décoré,White R. et al. 2012; Peyrony D. 1935: p. 434 fig. 17.7,,
328,,cas0016,,Aurignacien,Castanet,Sergeac (Dordogne),France,1.120000,44.990000,I,AMS,34320±520 - 31900±450,1911-1913,bone,other,,,,fragmented,Objet en os décoré,White R. et al. 2012; Peyrony D. 1935: p. 434 fig. 17.5,,
327,,cas0015,,Aurignacien,Castanet,Sergeac (Dordogne),France,1.120000,44.990000,I,AMS,34320±520 - 31900±450,1911-1913,bone,spatula/lissoir,,,,fragmented,Objet en os décoré,White R. et al. 2012; Peyrony D. 1935: p. 434 fig. 17.4,,
326,,cas0014,,Aurignacien,Castanet,Sergeac (Dordogne),France,1.120000,44.990000,I,AMS,34320±520 - 31900±450,1911-1913,ivory,other,,,,complete,lame d'ivoire à bords découpés arrondis et cochés,White R. et al. 2012; Peyrony D. 1935: p. 434 fig. 17.1,,
325,,fnr0001,,Aurignacien,Riparo di Fontana Nuova,Fontana Nuova di Ragusa,Italy,14.564000,36.786000,,,,1949,limestone,other,,,,fragmented,,Mussi et al. 2006: p. 195 fig. 6f; Chilardi S. et al. 1996,,
324,,rbb0003,,Aurignacien,Riparo Bombrini,Balzi Rossi,Italy,7.535453,43.783225,,C14,34200±500,1976 / 2002,bone,tube,,,,fragmented,"segment de diaphyse d’os
d’oiseaux décorés avec des incisions transversales",Mussi et al. 2006: p. 195 fig. 6e; Biette A. Negrino F.,,
323,,rbb0002,,Aurignacien,Riparo Bombrini,Balzi Rossi,Italy,7.535453,43.783225,,C14,34200±500,1976 / 2002,bone,tube,,,,fragmented,"segment de diaphyse d’os
d’oiseaux décorés avec des incisions transversales",Mussi et al. 2006: p. 195 fig. 6c; Biette A. Negrino F.,,
322,,cas0013,,Aurignacien,Castanet,Sergeac (Dordogne),France,1.120000,44.990000,II,AMS,34320±520 - 31900±450,1911-1913,bone,point,,,,complete,pointes losangique en os décoré,White R. et al. 2012; Peyrony D. 1935: p. 439 fig. 19.1,,
320,,fum0004,,Aurignacien,Fumane,Fumane,Italy,10.905000,45.592000,,C14,38600+1400/-1800 - 31900±500,,antler,spatula/lissoir,,,,complete,spatula or biseau made on antler,Mussi M. et al. 2006; Bartolomei G. et al. 1994: p. 173 fig. 17.11,,
319,,rbb0001,,Aurignacien,Riparo Bombrini,Balzi Rossi,Italy,7.535453,43.783225,,C14,34200±500,,bone,undetermined,,,,fragmented,fragment of a long bone of bird with notches and transverse incisions,Bertola S. et al. 2013: p. 132 fig. 8.7,,
317,,gdr0007,,Aurignacien,Grotte du Renne,Arcy-sur-Cure,France,3.740833,47.603611,Level VII,AMS,36500±1300 - 34050±750,,ivory,personal ornament,,,,complete,fish-tailed ornament,Zilhão  J. 2007: p. 26 fig. 7L,,
315,,cot0002,,Aurignacien,Les Cottés,Saint-Pierre-de-Maillé,France,0.850000,46.680000,déblais,AMS,34870±340 - 31640±260,2006,bone,personal ornament,,,,fragmented,Tubular bead with a spiral incision,Rigaud S. et al. 2014: p. 25 fig. 3e;  Wright D. et al. 2014: p. 33 fig. 2l,,
314,,cot0001,,Aurignacien,Les Cottés,Saint-Pierre-de-Maillé,France,0.850000,46.680000,déblais,AMS,34870±340 - 31640±260,2006,bone,personal ornament,,,,complete,"The tubular bead with two wide and deep incisions made on the entire circumference of the
piece",Rigaud S. et al. 2014: p. 25 fig. 3f; Wright D. et al. 2014: p. 33 fig. 2l,,
313,,fum0003,,Aurignacien,Fumane,Fumane,Italy,10.905000,45.592000,,C14,38600+1400/-1800 - 31900±500,,bone,spatula/lissoir,,,,complete,cote d'herbivore avec deux sequences de coches rythmées,Mussi M. et al. 2006; Bartolomei G. et al. 1994: p. 173 fig. 28.13,,
310,,pdh0001,,Aurignacien,Pod Hradem,Pustý žleb canyon,Czech Republic,16.722650,49.371748,6,AMS,"41900±1800 - 28190±340
340",2011-2012,bone,rod/bâton,9.0,3.0,,fragmented,tubular bone rod decorated with a series of notches,Wright D. et al. 2014: p. 34 fig. 3,,
309,,ecs0003,,Aurignacien,El Castillo,Puente Viesgo,Spain,-3.965500,43.292300,18b,AMS,39300±1600,,bone,undetermined,,,,fragmented,fragment of metacarpus of deer  which presents a series of incisions,Tejero J. M. & Bernaldo de Quirós F. 2008: p. 419 fig. 2,,
308,,ecs0002,,Aurignacien,El Castillo,Puente Viesgo,Spain,-3.965500,43.292300,18b,AMS,39300±1600,,limestone,plaquette,,,,fragmented,plaquette of sandstone which present four lines engraved,Bernaldo de Quirós F. et al. 2010: p. 301 fig. 11.5,,
307,,ecs0001,,Aurignacien,El Castillo,Puente Viesgo,Spain,-3.965500,43.292300,18b,AMS,39300±1600,,bone,undetermined,,,,fragmented,fragment of bone which present incisions,Bernaldo de Quirós F. et al. 2010: p. 301 fig. 11.2,,
305,,vin0001,,Aurignacien,La Viña,Manzaneda,Spain,-5.827000,43.313000,XIII,AMS,31160±380 - 30650±360,,bone,point,,,,fragmented,,Wood R. E. et al. 2014; Barandiaran I. & Garcia Diez M. 2007: p. 213a,,
304,,ver0001,,Aurignacien,Grotte de la Verpillière I,Germolles,France,4.741500,46.808900,,C14,34010±610 - 29020±170,,bone,spatula/lissoir,196.0,,,almost complete,medial fragment of a rib engraved with parallel incisions,Floss H. et al. 2013; Dutkiewicz E. 2011: p. 89 fig. 69,,
299,,trm0004,,Aurignacien,Trou Magrite,Dinant Pont-à-Lesse,Belgium,4.913611,50.222200,3° niveau,C14,28640±480 - 25080±320,,antler,undetermined,,,,fragmented,Bloc de craie sculpté en bas-reliefet bois de renne gravé,Lejeune M. 2007: p. 137; Dewez M. 1985,,
297,,trm0003,,Aurignacien,Trou Magrite,Dinant Pont-à-Lesse,Belgium,4.913611,50.222200,,C14,28640±480 - 25080±320,,ivory,personal ornament,,,,fragmented,broken ivory ring,Lejeune M. 2007: p. 135 fig. 9,,
296,,trm0002,,Aurignacien,Trou Magrite,Dinant Pont-à-Lesse,Belgium,4.913611,50.222200,,C14,28640±480 - 25080±320,,undetermined,awl,,,,almost complete,,Lejeune M. 2007: p. 135 fig. 2,,
295,,trm0001,,Aurignacien,Trou Magrite,Dinant Pont-à-Lesse,Belgium,4.913611,50.222200,,C14,28640±480 - 25080±320,,bone,undetermined,,,,almost complete,,Lejeune M. 2007: p. 135 fig. 1,,
291,,roi0001,,Aurignacien,Les Rois,Mouthiers-sur-Boëme,France,0.140000,45.530000,,AMS,"28715±145
28715 ± 145 BP",,antler,personal ornament,,,,almost complete,pointed antler pendant,Vanhaeren M. & d’Errico F. 2016: p. 1112 fig. 1.35;  Ramirez Rozzi F. et al. 2009,,
290,,tdc0002,,Aurignacien,Tuto de Camalhot,Saint-Jean-de-Verges,France,1.611389,43.014444,,C14,34750,1927-1934,bone,spatula/lissoir,,,,fragmented,,San Juan C. et al.  2007: p. 103 fig. 1; Maroto J. et al. 2002,,
289,,tdc0001,,Aurignacien,Tuto de Camalhot,Saint-Jean-de-Verges,France,1.611389,43.014444,,C14,34750,1927-1934,ivory,personal ornament,,,,complete,decorated ovoid ivory pendant,Bourrillon R. et al. 2016: p.14 fig. 15.1; Vanhaeren M. & d’Errico F 2016: p. 1112 fig. 148; Maroto J. et al. 2002,,
278,,gar0012,,Aurignacien,Gargas,Aventignan,France,0.536000,43.055000,4,AMS,31540±720,,bone,other,113.0,29.0,13.0,fragmented,notched rib fragment,San Juan C. et al.  2007: p. 99 fig. 4.8; Vercoutère C. et al. 2006,,
277,,gar0011,,Aurignacien,Gargas,Aventignan,France,0.536000,43.055000,4,AMS,31540±720,,bone,spatula/lissoir,96.0,22.0,6.0,fragmented,notched rib fragment,San Juan C. et al.  2007: p. 99 fig. 4.7; Vercoutère C. et al. 2006,,
275,,gar0010,,Aurignacien,Gargas,Aventignan,France,0.536000,43.055000,4,AMS,31540±720,,bone,spatula/lissoir,52.0,16.0,6.0,fragmented,notched rib fragment,San Juan C. et al.  2007: p. 99 fig. 4.5; Vercoutère C. et al. 2006,,
274,,gar0009,,Aurignacien,Gargas,Aventignan,France,0.536000,43.055000,4,AMS,31540±720,,bone,spatula/lissoir,121.0,19.0,8.0,fragmented,notched rib fragment,San Juan C. et al.  2007: p. 99 fig. 4.4; Vercoutère C. et al. 2006,,
273,,gar0008,,Aurignacien,Gargas,Aventignan,France,0.536000,43.055000,4,AMS,31540±720,,antler,bâton percé,58.0,15.0,8.0,fragmented,frament de bâtons percés?,San Juan C. et al.  2007: p. 99 fig. 4.3; Vercoutère C. et al. 2006,,
272,,gar0007,,Aurignacien,Gargas,Aventignan,France,0.536000,43.055000,4,AMS,31540±720,,bone,bâton percé,50.0,14.0,6.0,fragmented,frament de bâtons percés?,San Juan C. et al.  2007: p. 99 fig. 4.2; Vercoutère C. et al. 2006,,
271,,gar0006,,Aurignacien,Gargas,Aventignan,France,0.536000,43.055000,4,AMS,31540±720,,bone,other,45.0,10.0,5.0,fragmented,Notched rib fragment,San Juan C. et al.  2007: p. 99 fig. 4.1; Vercoutère C. et al. 2006,,
270,,gar0005,,Aurignacien,Gargas,Aventignan,France,0.536000,43.055000,4,AMS,31540±720,,bone,spatula/lissoir,,,,fragmented,Notched rib fragment,San Juan C. et al.  2007: p. 94 fig. 122; Vercoutère C. et al. 2006,,
269,,gar0004,,Aurignacien,Gargas,Aventignan,France,0.536000,43.055000,4,AMS,31540±720,,bone,compresseur,,,,fragmented,retouchoir  avec  deux  séries  de  traits,San Juan C. et al.  2007: p. 94 fig. 121; Vercoutère C. et al. 2006,,
268,,gar0003,,Aurignacien,Gargas,Aventignan,France,0.536000,43.055000,4,AMS,31540±720,,bone,spatula/lissoir,,,,almost complete,notched rib fragment,San Juan C. et al.  2007: p. 94 fig. 120; Vercoutère C. et al. 2006,,
265,,gzr0003,,Aurignacien,Gatzarria,Ossas - Suhare,France,0.891389,43.139267,,AMS,36000±700 - 34400±550,,undetermined,spatula/lissoir,,,,fragmented,,Carolyn C. et al. 2012; San Juan C. et al.  2007: p. 103 fig. 3,,
264,,gzr0002,,Aurignacien,Gatzarria,Ossas - Suhare,France,0.891389,43.139267,,AMS,36000±700 - 34400±550,,undetermined,spatula/lissoir,,,,almost complete,,Carolyn C. et al. 2012; San Juan C. et al.  2007: p. 103 fig. 2,,
263,,sal0001,,Aurignacien,El Salitre,Librilla,Spain,-1.350000,37.880000,,,,,undetermined,undetermined,,,,fragmented,,Barandiaran I. & Garcia Diez M. 2007:  212 fig. b,,
262,,pat0003,,Aurignacien,Abri Pataud,Les Eyzies-de-Tayac-Sireuil,France,1.011810,44.938239,,AMS,35000±650 - 31200±400,,bone,undetermined,,,,fragmented,Notched bone fragment,Higham T. et al. 2011; Chiotti L. et al. 2007: p. 177 fig. 4,,
261,,pat0002,,Aurignacien,Abri Pataud,Les Eyzies-de-Tayac-Sireuil,France,1.011810,44.938239,,AMS,35000±650 - 31200±400,,bone,undetermined,,,,fragmented,Notched rib fragment,Higham T. et al. 2011; Chiotti L. et al. 2007: p. 177 fig. 4,,
260,,pat0001,,Aurignacien,Abri Pataud,Les Eyzies-de-Tayac-Sireuil,France,1.011810,44.938239,,AMS,35000±650 - 31200±400,,bone,undetermined,,,,fragmented,Notched rib fragment,Higham T. et al. 2011; Chiotti L. et al. 2007: p. 177 fig. 4,,
259,,lak0003,,Aurignacien,Labeko Koba,Arrasate,Spain,-2.489000,43.066000,VII,AMS,36850+/-800 - 35400+/-650,,bone,spatula/lissoir,,,,fragmented,,Wood R. E. et al. 2014; Barandiaran I. & Garcia Diez M. 2007: p. 213 fig. j,,
258,,lak0002,,Aurignacien,Labeko Koba,Arrasate,Spain,-2.489000,43.066000,VII,AMS,36850+/-800 - 35400+/-650,,undetermined,undetermined,,,,fragmented,,Wood R. E. et al. 2014; Barandiaran I. & Garcia Diez M. 2007: p. 213 fig. i,,
257,,gzr0001,,Aurignacien,Gatzarria,Ossas - Suhare,France,0.891389,43.139267,,AMS,36000±700 - 34400±550,,ivory,personal ornament,,,,complete,trianguloid ivory pendant,Carolyn C. et al. 2012; Vanhaeren M. & d'Errico F. 2006: p. 1112 fig. 1.11,,
256,,laf0019,,Aurignacien,La Ferrassie,Savignac-de-Miremont,France,0.928000,44.952000,H?,OSL,37200±1900,,ivory,personal ornament,,,,complete,ivory diadem,Guerin G. et al. 2015; Vanhaeren M. & d'Errico F. 2006: p. 1112 fig. 1.31,,
255,,spy0003,,Aurignacien,Spy,Spy (Namur),Belgium,4.673000,50.481000,C or “second fauna-bearing level”,C14,36250+500/-500 - 32830+200/-190,,ivory,personal ornament,,,,complete,elliptical flat notched ivory bead,Pirson S. et al. 2013; Vanhaeren M. & d'Errico F. 2006: p.1112 fig. 1.24,,
253,,spy0001,,Aurignacien,Spy,Spy (Namur),Belgium,4.673000,50.481000,C or “second fauna-bearing level”,C14,36250+500/-500 - 32830+200/-190,,ivory,personal ornament,,,,complete,Ivory ring,Pirson S. et al. 2013; Vanhaeren M. & d'Errico F. 2006: p.1112 fig. 1.17,,
252,,sou0002,,Aurignacien,La Souquette,Castelemerle,France,1.128500,44.996500,,,,1902-1903,ivory,personal ornament,,,,fragmented,ivory fragment of pendant decorated with aligned punctuations,Bourillon R. et al. 2016: p. 14 fig. 15.5,,
251,,sou0001,,Aurignacien,La Souquette,Castelemerle,France,1.128500,44.996500,,,,1902-1903,ivory,personal ornament,,,,complete,pointed ivory pendant decorated with aligned punctuations,Bourillon R. et al. 2016: p.14 fig. 15.3; Vanhaeren M. & d'Errico F. 2006: p.1112,,
250,,ras0001,,Aurignacien,El Rascaño,Mirones,Spain,-3.700000,43.300000,Level 7,,,,bone,point,,,,almost complete,bone point decorated with linear incisions,Barandiaran I. & Garcia Diez M. 2007: p. 213 fig. l,,
242,,lak0001,,Aurignacien,Labeko Koba,Arrasate,Spain,-2.489000,43.066000,VII,AMS,36850+/-800 - 35400+/-650,1988,limestone,bloc,34.0,46.0,16.0,complete,,Wood R. E. et al. 2014; Garcìa M. et al. 2000: p. 377-383; Garate D. et al. 2015: p. 241 fig. 2d; Floss H. & Rouquerol N. 2007,,
240,,laf0018,,Aurignacien,La Ferrassie,Savignac-de-Miremont,France,0.928000,44.952000,H'',OSL,37200±1900,,limestone,bloc,,,,complete,Engraved rock with the legs of a four footed animal as well as the outline of a vulva and many cupules,Guerin G. et al. 2015; Zilhao J. 2007: p. 34 fig. 10,,
236,,laf0014,,Aurignacien,La Ferrassie,Savignac-de-Miremont,France,0.928000,44.952000,,OSL,37200±1900,,limestone,bloc,,,,complete,Bloc with cupules,Bourrillon R. et al. 2016: p. 13 fig. 14-3; Guerin G. et al. 2015,,
228,,hdp0001,,Aurignacien,Hornos de la Pena,San Felices de Buelna,Spain,-4.030000,43.261000,,C14,34000 - 30000,,bone,plaquette,90.0,75.0,7.0,fragmented,hueso frontal de équido con la representación grabada del cuarto trasero y cola del mismo animal.,Tejero J. M. et al. 2008: p. 119 fig. 1; Garate D. et al. 2015,,
226,,gdr0005,,Aurignacien,Grotte du Renne,Arcy-sur-Cure,France,3.740833,47.603611,Level VII,AMS,36500±1300 - 34050±750,,bone,awl,,,,fragmented,Two fragments of an anciently broken awl,Zilhão  J. 2007; d'Errico F. et al. 2003b: p. 251 fig. 29,,
131,,cel0029,,Aurignacien,Cellier,Tursac (Dordogne),France,1.045278,44.970000,A,C14,33600±550 - 32450±450,2014,limestone,bloc,,,,fragmented,The surface of this conjoining block present deep cuvette artificial depressio created posterior to and truncates two curved lines a series of three wide deep straight lines and a zoomorphic figure,White R. et al. 2017: p. 23 fig. 24,,
130,,cel0028,,Aurignacien,Cellier,Tursac (Dordogne),France,1.045278,44.970000,A,C14,33600±550 - 32450±450,2014,limestone,bloc,,,,complete,"In the lower right portion of this
surface is a curved line. Two series of 4 and 5 cupules respectively complete the surface modification",White R. et al. 2017: p. 20 fig. 21h,,
129,,cel0027,,Aurignacien,Cellier,Tursac (Dordogne),France,1.045278,44.970000,A,C14,33600±550 - 32450±450,2014,limestone,bloc,,,,complete,"A long straight is visible on the left side of this surface. At the left lower margin of this surface several aligned cupules follow the curve of a natural concavity. At the center of
the concavity there is a pair of larger cupules.",White R. et al. 2017: p. 20 fig. 21g,,
128,,cel0026,,Aurignacien,Cellier,Tursac (Dordogne),France,1.045278,44.970000,A,C14,33600±550 - 32450±450,2014,limestone,bloc,,,,complete,Limestone block with incisions,White R. et al. 2017: p. 20 fig. 21f,,
127,,cel0025,,Aurignacien,Cellier,Tursac (Dordogne),France,1.045278,44.970000,A,C14,33600±550 - 32450±450,2014,limestone,bloc,,,,complete,"The lower part of this surface shows a deep line and at its left extremity by
another line. There is a curved alignment of cupules on the upper left part of the surface.",White R. et al. 2017: p. 20 fig. 21e,,
123,,cel0022,,Aurignacien,Cellier,Tursac (Dordogne),France,1.045278,44.970000,A,C14,33600±550 - 32450±450,2014,limestone,bloc,,,,complete,"Maybe a schematic representation
of a mammoth in profile",White R. et al. 2017: p. 20 fig. 21a,,
122,,cel0021,,Aurignacien,Cellier,Tursac (Dordogne),France,1.045278,44.970000,A,C14,33600±550 - 32450±450,2014,limestone,bloc,,,,complete,"Limestone block with a horse in
right profile",White R. et al. 2017: p. 18 fig. 19c,,
121,,cel0020,,Aurignacien,Cellier,Tursac (Dordogne),France,1.045278,44.970000,A,C14,33600±550 - 32450±450,2014,limestone,bloc,,,,complete,"Limestone block with a figure of a mammoth showing only
the head",White R. et al. 2017: p.18 fig.19b,,
120,,cel0019,,Aurignacien,Cellier,Tursac (Dordogne),France,1.045278,44.970000,A,C14,33600±550 - 32450±450,2014,limestone,bloc,,,,complete,Limestone bloc with a series of parallel alignments of cupules ranging from 0.5 to 1 cm in diameter which form the profile of a mammoth,White R. et al. 2017: p. 18 fig. 19a; Bourrillon R. et al. 2016: p. 13 fig. 14-5,,
119,,cel0018,,Aurignacien,Cellier,Tursac (Dordogne),France,1.045278,44.970000,,C14,33600±550 - 32450±450,1927,limestone,bloc,,,,undetermined,Limestone block with 3 vulvae. There is no archival or published trace of this object,White R. et al. 2017: p. 14 fig. 16j,,
117,,cel0017,,Aurignacien,Cellier,Tursac (Dordogne),France,1.045278,44.970000,A,C14,33600±550 - 32450±450,1927,limestone,bloc,,,,undetermined,Pierced limestone block with the large cup-mark,White R. et al. 2017: p. 14 fig. 16e,,
116,,cel0016,,Aurignacien,Cellier,Tursac (Dordogne),France,1.045278,44.970000,A,C14,33600±550 - 32450±450,1927,limestone,bloc,,,,complete,Limestone block with an ibex rappresentation and indeterminate traces,White R. et al. 2017: p. 14 fig. 16e,,
115,,cel0015,,Aurignacien,Cellier,Tursac (Dordogne),France,1.045278,44.970000,A,C14,33600±550 - 32450±450,1927,limestone,bloc,,,,complete,limestone bloc with a zoomorphic figure,White R. et al. 2017: p. 14 fig. 16d,,
114,,cel0014,,Aurignacien,Cellier,Tursac (Dordogne),France,1.045278,44.970000,A,C14,33600±550 - 32450±450,1927,limestone,bloc,,,,complete,Limestone block with 1 horse head 1 vulva 1 cuvette cupules,White R. et al. 2017: p. 14 fig. 16b,,
113,,cel0013,,Aurignacien,Cellier,Tursac (Dordogne),France,1.045278,44.970000,A,C14,33600±550 - 32450±450,1927,limestone,bloc,,,,almost complete,Limestone block with an ibex rappresention,White R. et al. 2017: p. 14 fig. 16a,,
112,,cel0012,,Aurignacien,Cellier,Tursac (Dordogne),France,1.045278,44.970000,A,C14,33600±550 - 32450±450,1927,ivory,personal ornament,51.0,,,complete,"Ivory spinter probably
depicting a human female. Two faces of the object are decorated with paired incisions",White R. 1989: p. 98;  White R. et al. 1992: p. 68 fig. 13,,
111,,cel0011,,Aurignacien,Cellier,Tursac (Dordogne),France,1.045278,44.970000,A,C14,33600±550 - 32450±450,1927,bone,undetermined,,,,fragmented,Rib fragment with more-or-less equally spaced notches,White R. et al. 1992: p. 67 fig. 11e,,
110,,cel0010,,Aurignacien,Cellier,Tursac (Dordogne),France,1.045278,44.970000,A,C14,33600±550 - 32450±450,1927,bone,undetermined,,,,fragmented,Heavily smoothed rib fragment with paired incisions,White R. et al. 1992: p. 67 fig. 11d,,
109,,cel0009,,Aurignacien,Cellier,Tursac (Dordogne),France,1.045278,44.970000,A,C14,33600±550 - 32450±450,1927,bone,spatula/lissoir,,,,fragmented,Rib fragment with more-or-less equally spaced notches,White R. et al. 1992: p. 67 fig. 11c,,
108,,cel0008,,Aurignacien,Cellier,Tursac (Dordogne),France,1.045278,44.970000,A,C14,33600±550 - 32450±450,1927,bone,rod/bâton,,,,almost complete,Fragment of bird long bone,White R. et al. 1992: p. 67 fig. 11b,,
107,,cel0007,,Aurignacien,Cellier,Tursac (Dordogne),France,1.045278,44.970000,A,C14,33600±550 - 32450±450,1927,bone,undetermined,,,,fragmented,Rib fragment with more-or-less equally spaced notches,White R. et al. 1992: p. 67 fig. 11a,,
106,,cel0006,,Aurignacien,Cellier,Tursac (Dordogne),France,1.045278,44.970000,A,C14,33600±550 - 32450±450,1927,bone,compresseur,,,,fragmented,Large long-bone splinter which presents incisions in pairs,White R. et al. 1992: p. 67 fig. 10b,,
105,,cel0005,,Aurignacien,Cellier,Tursac (Dordogne),France,1.045278,44.970000,A,C14,33600±550 - 32450±450,1927,bone,tube,,,,almost complete,Bird bone incised along three sides,White R. et al. 1992: p.67 fig.10b,,
102,,cel0004,,Aurignacien,Cellier,Tursac (Dordogne),France,1.045278,44.970000,A,C14,33600±550 - 32450±450,1927,bone,tube,,,,almost complete,Bird bone smoothed and incised along three sides,White R. et al. 1992: p. 67 fig. 10d,,
100,,cas0012,,Aurignacien,Castanet,Sergeac (Dordogne),France,1.120000,44.990000,,AMS,34320±520 - 31900±450,1911-1913,bone,spatula/lissoir,,,,almost complete,,,,
99,,cas0011,,Aurignacien,Castanet,Sergeac (Dordogne),France,1.120000,44.990000,,AMS,34320±520 - 31900±450,1911-1913,undetermined,undetermined,,,,fragmented,,,,
98,,cas0010,,Aurignacien,Castanet,Sergeac (Dordogne),France,1.120000,44.990000,I,AMS,34320±520 - 31900±450,1911-1913,bone,spatula/lissoir,,,,fragmented,Objet en os décoré,White R. et al. 2012; Peyrony D 1935: p. 434 fig. 17.2; San Juan C. et al.  2007: p. 103-6,,
97,,cas0009,,Aurignacien,Castanet,Sergeac (Dordogne),France,1.120000,44.990000,I,AMS,34320±520 - 31900±450,1911-1913,bone,undetermined,,,,fragmented,Objet en os décoré,White R. et al. 2012; Peyrony D. 1935: p. 434 fig. 17.6;San Juan C. et al. 2007: p. 103-5,,
96,,cas0008,,Aurignacien,Castanet,Sergeac (Dordogne),France,1.120000,44.990000,I,AMS,34320±520 - 31900±450,1911-1913,bone,spatula/lissoir,,,,fragmented,Objet en os décoré,White R. et al. 2012; Peyrony D. 1935: p. 434 fig. 17.3; San Juan C. et al.  2007: p. 103-4,,
92,,cas0005,,Aurignacien,Castanet,Sergeac (Dordogne),France,1.120000,44.990000,,AMS,34320±520 - 31900±450,1911-1913,stone indet.,undetermined,,,,complete,,Bourrillon R. et al. 2016: p. 14 fig. 15.6; White R. et al. 2012,,
91,,cas0002,,Aurignacien,Castanet,Sergeac (Dordogne),France,1.120000,44.990000,,AMS,34320±520 - 31900±450,1911-1913,limestone,undetermined,,,,almost complete,,Bourrillon R. et al. 2016: p. 13 fig. 14.4; White R. et al. 2012,,
85,,brs0002,,Aurignacien,Brassempouy,Brassempouy,France,-0.690000,43.630000,,C14,34000 - 30000,1892,ivory,rod/bâton,45.0,8.0,,undetermined,Petit fragment de lamelle d'ivore. A partir de l'estrémité supérieure arondie rangées semi-circulaires de tubercules irréguliers. La partie inférieure porte des nervures transversales parallèles.,Bailey S. E. & Hublin J. J. 2005; Chollot-Varagnac M. 1980: p. 43 fig. 47.338,,
84,,brs0001,,Aurignacien,Brassempouy,Brassempouy,France,-0.690000,43.630000,F,C14,34000 - 30000,,calcite,personal ornament,,,10.0,complete,Finished bead with a decoration created by sub-parallel incisions on the bulbar end.,White R. 2006; White R. 2007: p. 299 fig. 24.27; Bailey S. E. & Hublin J. J. 2005,,
64,,bla0019,,Aurignacien,Blanchard,Sergeac (Dordogne),France,1.100000,45.000000,B-D?,AMS,33420±350,,limestone,bloc,,,,almost complete,,Bourrillon R. et al. 2016: p.17 fig. 19,,
63,,bla0018,,Aurignacien,Blanchard,Sergeac (Dordogne),France,1.100000,45.000000,B-D?,AMS,33420±350,,bone,personal ornament,,,,almost complete,,Bourrillon R. et al. 2016: p.14 fig. 15.4,,
62,,bla0017,,Aurignacien,Blanchard,Sergeac (Dordogne),France,1.100000,45.000000,B-D?,AMS,33420±350,,limestone,bloc,,,,almost complete,,Bourrillon R. et al. 2016: p. 13 fig. 14.2,,
61,,bla0016,,Aurignacien,Blanchard,Sergeac (Dordogne),France,1.100000,45.000000,B-D?,AMS,33420±350,,limestone,bloc,,,,almost complete,,Bourrillon R. et al. 2016: p. 13 fig. 14.1,,
60,,bla0015,,Aurignacien,Blanchard,Sergeac (Dordogne),France,1.100000,45.000000,B-D?,AMS,33420±350,2012,limestone,bloc,,,,fragmented,,Bourrillon R. et al. 2016: p. 11-12 fig. 12-13,,
59,,bla0014,,Aurignacien,Blanchard,Sergeac (Dordogne),France,1.100000,45.000000,B-D?,AMS,33420±350,1910,ivory,personal ornament,,,,almost complete,Forked ivory pendant,Bourrillon R. et al. 2016: p. 14 fig. 15.13; Vanhaeren M. & d’Errico F. 2016: p. 8 (1112); White R. 1989: p. 97,,
58,,bla0013,,Aurignacien,Blanchard,Sergeac (Dordogne),France,1.100000,45.000000,B-D?,AMS,33420±350,,ivory,rod/bâton,,,,fragmented,ivory fragment decorated with dots,Bourrillon R. et al. 2016: p. 14 fig. 15.2; White R. 1989: p. 97,,
56,,bla0012,,Aurignacien,Blanchard,Sergeac (Dordogne),France,1.100000,45.000000,B-D?,AMS,33420±350,,limestone,bloc,,,,almost complete,limestone bloc engraved,Bourrillon R. et al. 2016: p. 5 fig. 5. A,,
51,,laf0015,,Aurignacien,La Ferrassie,Savignac-de-Miremont,France,0.928000,44.952000,H',OSL,37200±1900,1902,limestone,bloc,175.0,125.0,85.0,complete,limestone bloc with vulva representations,Guerin G. et al. 2015; Duhard J.-P. et al.  2014: p. 50 fig. 100; Delluc B. & Delluc G. 1978: p. 299 fig. 52,,
50,,laf0013,,Aurignacien,La Ferrassie,Savignac-de-Miremont,France,0.928000,44.952000,H',OSL,37200±1900,1902,limestone,bloc,520.0,450.0,220.0,almost complete,limestone bloc with vulva representations -,Guerin G. et al. 2015; Duhard J.-P. et al.  2014: p. 50 fig. 98-99; Delluc B. & Delluc G. 1978: p.   297 fig. 51,,
49,,laf0012,,Aurignacien,La Ferrassie,Savignac-de-Miremont,France,0.928000,44.952000,H',OSL,37200±1900,1902,limestone,bloc,160.0,140.0,40.0,almost complete,petite plaquette de calcaire avec six traits angulaires fins mais fermement incisés parallèles entre eux et,Guerin G. et al. 2015; Delluc B. & Delluc G. 1978: p. 301 fig. 53,,
48,,laf0011,,Aurignacien,La Ferrassie,Savignac-de-Miremont,France,0.928000,44.952000,H',OSL,37200±1900,1902,limestone,bloc,560.0,400.0,200.0,complete,,Guerin G. et al. 2015; Duhard J.-P. et al.  2014: p. 49 fig. 93; Delluc B. & Delluc G. 1978: p. 294 fig. 49,,
46,,laf0010,,Aurignacien,La Ferrassie,Savignac-de-Miremont,France,0.928000,44.952000,H,OSL,37200±1900,1902,limestone,bloc,290.0,480.0,180.0,fragmented,limestone bloc with vulva representations,Guerin G. et al. 2015; Duhard J.-P. et al. 2014: p. 48 fig. 87 88;  Delluc B. & Delluc G. 1978: p. 285 fig. 43,,
45,,laf0009,,Aurignacien,La Ferrassie,Savignac-de-Miremont,France,0.928000,44.952000,H,OSL,37200±1900,1902,limestone,bloc,,,,almost complete,limestone bloc with vulva representations,Guerin G. et al. 2015; Duhard J.-P. et al. 2014: p. 47-48 fig. 83; Delluc B. & Delluc G. 1978: p. 282 fig. 41,,
44,,cel0003,,Aurignacien,Cellier,Tursac (Dordogne),France,1.045278,44.970000,A,C14,33600±550 - 32450±450,1927,limestone,bloc,750.0,670.0,500.0,almost complete,Limestone block with vulva representations.,Duhard J.-P. et al. 2014: p. 38 fig. 56; White R. et al. 2017: p.14 fig.16f,,
43,,cel0002,,Aurignacien,Cellier,Tursac (Dordogne),France,1.045278,44.970000,A,C14,33600±550 - 32450±450,1927,limestone,bloc,600.0,600.0,450.0,almost complete,Huge limestone block with 5 vulvae representations immovable.,Duhard J.-P. et al. 2014: p. 36-37 fig. 52; White R. et al. 2017: p.14 fig.16f,,
42,,cel0001,,Aurignacien,Cellier,Tursac (Dordogne),France,1.045278,44.970000,A,C14,33600±550 - 32450±450,1927,limestone,bloc,740.0,350.0,140.0,almost complete,Limestone block with 3 vulvae 1 cuvette and indeterminate traces,Duhard J.-P. et al. 2014 : p. 36 fig. 47 48; White R. et al. 2017: p.14 fig.16c,,
40,,cas0007,,Aurignacien,Castanet,Sergeac (Dordogne),France,1.120000,44.990000,II,AMS,34320±520 - 31900±450,1911-1913,limestone,bloc,410.0,300.0,180.0,fragmented,limestone blao with vulva representations,Duhard J.-P. et al. 2014: 33-34 fig. 40 41; White R. et al. 2012; Delluc B. & Delluc G. 1978: 272 fig. 31,,
39,,cas0006,,Aurignacien,Castanet,Sergeac (Dordogne),France,1.120000,44.990000,II,AMS,34320±520 - 31900±450,1911-1913,limestone,bloc,580.0,600.0,140.0,fragmented,two fragments of a large limestone bloc with several vulva representations,Duhard J.-P. et al. 2014: p. 32-33 fig. 38 39; White R. et al. 2012; Delluc B. & Delluc G. 1978: p. 266 fig. 30,,
38,,cas0004,,Aurignacien,Castanet,Sergeac (Dordogne),France,1.120000,44.990000,II,AMS,34320±520 - 31900±450,1911-1913,limestone,bloc,,,,undetermined,bloc en calcaire conaien vulve. No description in the book,Duhard J.-P. et al. 2014: p. 32 fig. 37; White R. et al. 2012,,
35,,bla0011,,Aurignacien,Blanchard,Sergeac (Dordogne),France,1.100000,45.000000,B-D?,AMS,33420±350,1910-1912,limestone,bloc,650.0,440.0,90.0,complete,bloc de calcaire coniacien vulve en vue périnéale,Bourrillon R. et al. 2016; Duhard J.-P. et al. 2014: p. 32 fig. 35 36; Delluc B. & Delluc G. 1978: p. 244 fig. 19,,
34,,bla0010,,Aurignacien,Blanchard,Sergeac (Dordogne),France,1.100000,45.000000,B-D?,AMS,33420±350,1910-1912,limestone,bloc,550.0,280.0,55.0,fragmented,bloc de calcaire coniacien vulve en vue périnéale,Bourrillon R. et al. 2016; Duhard J.-P. et al. 2014: p. 31 fig. 33 34; Delluc B. & Delluc G. 1978: p. 242 fig. 18,,
33,,bla0009,,Aurignacien,Blanchard,Sergeac (Dordogne),France,1.100000,45.000000,B-D?,AMS,33420±350,1910-1912,limestone,bloc,730.0,350.0,100.0,fragmented,bloc de calcaire coniacien vulve en vue périnéale,Bourrillon R. et al. 2016; Duhard J.-P. et al. 2014: p. 31 fig. 31 32; Delluc. B & Delluc G. 1978: p. 241 fig. 17,,
32,,bla0008,,Aurignacien,Blanchard,Sergeac (Dordogne),France,1.100000,45.000000,B-D?,AMS,33420±350,1910-1912,limestone,bloc,260.0,250.0,160.0,fragmented,bloc de calcaire coniacien vulve en vue périnéale,Bourrillon R. et al. 2016; Duhard J.-P. et al. 2014: p. 30 fig. 29 30; Delluc B. & Delluc G. 1978: p. 231 fig. 10,,
31,,cel0031,,Aurignacien,Cellier,Tursac (Dordogne),France,1.045278,44.970000,,C14,33600±550 - 32450±450,1927,bone,undetermined,102.0,8.0,,almost complete,Frgment of a rib mit sequences of notches,Chollot-Varagnac M. 1980: p. 46-47,,
30,,cel0030,,Aurignacien,Cellier,Tursac (Dordogne),France,1.045278,44.970000,,C14,33600±550 - 32450±450,1927,bone,spatula/lissoir,151.0,18.0,,almost complete,Fragment of o lissoir with parallel notches on the edges,Chollot-Varagnac M. 1980: p. 46-47,,
29,,men0002,,Aurignacien,Menton/Grottes du Grimaldi,Menton,France,7.535556,43.783333,,,,,stone indet.,other,63.0,38.0,,almost complete,Fragment de galet,Chollot-Varagnac M. 1980: p. 42-43,,
28,,men0001,,Aurignacien,Menton/Grottes du Grimaldi,Menton,France,7.535556,43.783333,,,,,steatite,other,27.0,20.0,,undetermined,Fragment de cône en stéatite noire,Chollot-Varagnac M. 1980: p. 42-43,,
27,,laf0008,,Aurignacien,La Ferrassie,Savignac-de-Miremont,France,0.928000,44.952000,,OSL,37200±1900,1902,antler,point,125.0,17.0,,complete,Fragment de sagaie (?) en bois de renne,Guerin G. et al. 2015; Chollot-Varagnac M. 1980: p. 48-49,,
26,,laf0007,,Aurignacien,La Ferrassie,Savignac-de-Miremont,France,0.928000,44.952000,,OSL,37200±1900,1902,antler,spatula/lissoir,107.0,12.0,,complete,Fragment de sagaie (?) en bois de renne,Guerin G. et al. 2015; Chollot-Varagnac M. 1980: p. 48-49,,
25,,laf0006,,Aurignacien,La Ferrassie,Savignac-de-Miremont,France,0.928000,44.952000,,OSL,37200±1900,1902,antler,point,77.0,8.0,,undetermined,Pointe (?) en bois de renne,Guerin G. et al. 2015; Chollot-Varagnac M. 1980: p. 48-49,,
24,,laf0005,,Aurignacien,La Ferrassie,Savignac-de-Miremont,France,0.928000,44.952000,,OSL,37200±1900,1902,antler,point,80.0,21.0,,fragmented,Pointe en bois de renne,Guerin G. et al. 2015; Chollot-Varagnac M. 1980: p. 48-49,,
23,,laf0004,,Aurignacien,La Ferrassie,Savignac-de-Miremont,France,0.928000,44.952000,,OSL,37200±1900,1902,bone,awl,102.0,8.0,,complete,Alène en os,Guerin G. et al. 2015; Chollot-Varagnac M. 1980: p. 46-47,,
19,,lar0002,,Aurignacien,Abri Lartet/Gorge d'Enfer,Les Eyzies-de-Tayac-Sireuil,France,0.999087,44.943821,,,,1863 / 1918,bone,plaquette,102.0,30.0,,almost complete,engraved and notched bone,Chollot-Varagnac M. 1980: p. 44-45; Bourillion et al. 2016,,
18,,lar0001,,Aurignacien,Abri Lartet/Gorge d'Enfer,Les Eyzies-de-Tayac-Sireuil,France,0.999087,44.943821,,,,1863 / 1918,bone,awl,50.0,7.0,,fragmented,Alène d'os,Chollot-Varagnac M. 1980: p. 44-45; Demars P.-Y. 1992,,
17,,cas0003,,Aurignacien,Castanet,Sergeac (Dordogne),France,1.120000,44.990000,,AMS,34320±520 - 31900±450,1911-1913,bone,other,67.0,18.0,,fragmented,Eclat d'os,White R. et al. 2012; Chollot-Varagnac M. 1980: p. 44-45,,
16,,cas0001,,Aurignacien,Castanet,Sergeac (Dordogne),France,1.120000,44.990000,,AMS,34320±520 - 31900±450,1911-1913,bone,spatula/lissoir,43.0,12.0,,fragmented,Fragment de lame d'os,White R. et al. 2012; Chollot-Varagnac M. 1980: fig. 69.350,,
12,,brs0003,,Aurignacien,Brassempouy,Brassempouy,France,-0.690000,43.630000,,C14,34000 - 30000,1892,ivory,rod/bâton,52.0,7.0,,fragmented,Petit fragment d'ivoire,Bailey S. E. & Hublin J. J. 2005; Chollot-Varagnac M. 1980: p. 43 fig. 47.258,,
10,,bla0007,,Aurignacien,Blanchard,Sergeac (Dordogne),France,1.100000,45.000000,B-D?,AMS,33420±350,1910-1912,antler,spatula/lissoir,114.0,27.0,,almost complete,Lissoir en bois de renne,Bourrillon R. et al. 2016; Chollot-Varagnac M. 1980: p. 48-49; Lorblachet M. 1999,,
9,,bla0006,,Aurignacien,Blanchard,Sergeac (Dordogne),France,1.100000,45.000000,B-D?,AMS,33420±350,1910-1912,antler,awl,75.0,4.0,,complete,Alène en bois de renne. Material prüfen!,Bourrillon R. et al. 2016; Chollot-Varagnac M. 1980: p. 46-47,,
8,,bla0005,,Aurignacien,Blanchard,Sergeac (Dordogne),France,1.100000,45.000000,B-D?,AMS,33420±350,1910-1912,antler,spatula/lissoir,97.0,30.0,,complete,,Bourrillon R. et al. 2016; Didon L. 1911; Chollot-Varagnac M. 1980: p. 44-45; White R. 1989: p. 97; Bourrillon R. et al. 2016: p. 14 fig. 15,,
7,,bla0004,,Aurignacien,Blanchard,Sergeac (Dordogne),France,1.100000,45.000000,B-D?,AMS,33420±350,1910-1912,ochre,crayon,25.0,12.0,,fragmented,Fragment de crayon d'ocre,Bourrillon R. et al. 2016; Didon L. 1911; Chollot-Varagnac M. 1980: p. 44-45,,
6,,bla0003,,Aurignacien,Blanchard,Sergeac (Dordogne),France,1.100000,45.000000,B-D?,AMS,33420±350,1910-1912,ivory,personal ornament,42.0,15.0,,complete,Pendeloque en ivoire,Bourrillon R. et al. 2016; Didon L. 1911; Chollot-Varagnac M. 1980: p. 44-45,,
5,,bla0002,,Aurignacien,Blanchard,Sergeac (Dordogne),France,1.100000,45.000000,B-D?,AMS,33420±350,1910-1912,ivory,other,22.0,17.0,,complete,Formüberarbietetes körbchenförmiges Elfenbeinobjekt mit mehreren Reihen von dots auf Vorder- und Rückseite,Bourrillon R. et al. 2016; Didon L. 1911; Chollot-Varagnac M. 1980: p. 44-45; Bourrillon R. et al. 2016: p. 14 fig. 15.7,,
4,,bla0001,,Aurignacien,Blanchard,Sergeac (Dordogne),France,1.100000,45.000000,B-D?,AMS,33420±350,1910-1912,bone,other,120.0,22.0,,almost complete,Fragment de lame en os,Bourrillon R. et al. 2016; Didon L. 1911; Chollot-Varagnac M. 1980: p. 42-43,,
3,,aur0001,,Aurignacien,Aurignac,Aurignac,France,0.880000,43.220000,,,,1860,bone,spatula/lissoir,64.0,19.0,,fragmented,Fragment de lame en os,Lartet E. 1861; Chollot-Varagnac M. 1980: p. 42-43; Lorblachet M. 1999: p. 162; Rouquerol N. 2007: p. 30-31,,
2,,gdr0002,,Aurignacien,Grotte du Renne,Arcy-sur-Cure,France,3.740833,47.603611,,AMS,36500±1300 - 34050±750,1947,ivory,point,51.0,17.0,,fragmented,Fragment de pointe en ivoire. Ohne Schichtangabe: Leroi-Gourhan prüfen,Zilhão  J. 2007; Chollot-Varagnac M. 1980: p. 48-49,,
1,,gdr0001,,Aurignacien,Grotte du Renne,Arcy-sur-Cure,France,3.740833,47.603611,,AMS,36500±1300 - 34050±750,1947,antler,spatula/lissoir,55.0,19.0,,fragmented,Fragment de lame en bois de renne ohne Schichtangabe. Leroi-Gourhan prüfen,Zilhão  J. 2007; Chollot-Varagnac M. 1980: p. 48-49,,
