object_id,ensemble_id,archaeological_unit,site_name,location,location__short_name,location__location,location__country,latitude,longitude,location__coord_precision,location__coord_reference,layer,dating_method,date_bp_min,min_lab_number,date_bp_max,max_lab_number,excavation_year,material,object_type,associated_species,length_mm,width_mm,depth_mm,preservation,short_description,references,sign_coding,coding_certainty
sgr0074,sgr_ens_01,Middle Magdalenian,Saint-Germain-la-Rivière,Saint-Germain-la-Rivière,sgr,Saint-Germain-la-Rivière,France,44.400000,-0.333300,approximation,wikipedia,burial,AMS,15780±200,GifA 95456,,,1934,"animal tooth, red deer","personal ornament, pendant",,,,,complete,"red deer canine with markings on the frontal surface. not examined. published in Blanchard 1972, could not be assigned to any number from d'Errico & Vanhaeren 2003. transcript based on photo","Blanchard et al. 1972, Pl. I; Gambier et al. 2000; Vermeersch 2016",|||X,Certain
sgr0073,sgr_ens_01,Middle Magdalenian,Saint-Germain-la-Rivière,,,,,,,,,burial,AMS,15780±200,GifA 95456,,,1934,"animal tooth, red deer","personal ornament, pendant",,,,,complete,"red deer canine with markings on the occusal surface, centred. not examined. published in Blanchard 1972, could not be assigned to any number from d'Errico & Vanhaeren 2003. transcript based on photo","Blanchard et al. 1972, Pl. I; Gambier et al. 2000; Vermeersch 2016",||,Certain
sgr0072,sgr_ens_01,Middle Magdalenian,Saint-Germain-la-Rivière,,,,,,,,,burial,AMS,15780±200,GifA 95456,,,1934,"animal tooth, red deer","personal ornament, pendant",,,,,complete,reed deer canine with markings. piece is missing (see Vanhaeren & d'Errico 2003). Transcript based on photo,"Vanhaeren & d'Errico  2003, Fig. 6.74; Blanchard et al. 1972, Pl. I; Gambier et al. 2000; Vermeersch 2016",XX,Very uncertain
sgr0071,sgr_ens_01,Middle Magdalenian,Saint-Germain-la-Rivière,,,,,,,,,burial,AMS,15780±200,GifA 95456,,,1934,"animal tooth, red deer","personal ornament, pendant",,,,,complete,"red deer canine, no markings","Vanhaeren & d'Errico  2003, Fig. 6.71",,
sgr0070,sgr_ens_01,Middle Magdalenian,Saint-Germain-la-Rivière,,,,,,,,,burial,AMS,15780±200,GifA 95456,,,1934,"animal tooth, red deer","personal ornament, pendant",,,,,fragmentary,"right red deer canine with markings on the occlusal surface, complete","Vanhaeren & d'Errico  2003, Fig. 6.70; Vanhaeren & d'Errico  2003, Fig. 13.34; Gambier et al. 2000; Vermeersch 2016",|||||,Certain
sgr0069,sgr_ens_01,Middle Magdalenian,Saint-Germain-la-Rivière,,,,,,,,,burial,AMS,15780±200,GifA 95456,,,1934,"animal tooth, red deer","personal ornament, pendant",,,,,complete,"red deer canine, no markings","Vanhaeren & d'Errico  2003, Fig. 6.69",,
sgr0068,sgr_ens_01,Middle Magdalenian,Saint-Germain-la-Rivière,,,,,,,,,burial,AMS,15780±200,GifA 95456,,,1934,"animal tooth, red deer","personal ornament, pendant",,,,,fragmentary,"red deer canine, no markings","Vanhaeren & d'Errico  2003, Fig. 6.68",,
sgr0067,sgr_ens_01,Middle Magdalenian,Saint-Germain-la-Rivière,,,,,,,,,burial,AMS,15780±200,GifA 95456,,,1934,"animal tooth, red deer","personal ornament, pendant",,,,,fragmentary,"left red deer canine with markings on the occusal surface, approximal","Vanhaeren & d'Errico  2003, Fig. 6.67; Vanhaeren & d'Errico  2003, Fig. 13.11; Gambier et al. 2000; Vermeersch 2016",||,Very uncertain
sgr0066,sgr_ens_01,Middle Magdalenian,Saint-Germain-la-Rivière,,,,,,,,,burial,AMS,15780±200,GifA 95456,,,1934,"animal tooth, red deer","personal ornament, pendant",,,,,almost complete,"red deer canine, no markings","Vanhaeren & d'Errico  2003, Fig. 6.66",,
sgr0065,sgr_ens_01,Middle Magdalenian,Saint-Germain-la-Rivière,Saint-Germain-la-Rivière,sgr,Saint-Germain-la-Rivière,France,44.400000,-0.333300,approximation,wikipedia,burial,AMS,15780±200,GifA 95456,,,1934,"animal tooth, red deer","personal ornament, pendant",,,,,almost complete,"red deer canine, no markings","Vanhaeren & d'Errico  2003, Fig. 6.165",,
sgr0064,sgr_ens_01,Middle Magdalenian,Saint-Germain-la-Rivière,,,,,,,,,burial,AMS,15780±200,GifA 95456,,,1934,"animal tooth, red deer","personal ornament, pendant",,,,,complete,"red deer canine, no markings","Vanhaeren & d'Errico  2003, Fig. 6.64",,
sgr0063,sgr_ens_01,Middle Magdalenian,Saint-Germain-la-Rivière,,,,,,,,,burial,AMS,15780±200,GifA 95456,,,1934,"animal tooth, red deer","personal ornament, pendant",,,,,complete,"red deer canine, no markings","Vanhaeren & d'Errico  2003, Fig. 6.63",,
sgr0062,sgr_ens_01,Middle Magdalenian,Saint-Germain-la-Rivière,,,,,,,,,burial,AMS,15780±200,GifA 95456,,,1934,"animal tooth, red deer","personal ornament, pendant",,,,,complete,"right red deer canine with markings on the occlusal surface, centered","Vanhaeren & d'Errico  2003, Fig. 6.62; Vanhaeren & d'Errico  2003, Fig. 13.30; Blanchard et al. 1972, Pl. I; Gambier et al. 2000; Vermeersch 2016",||l|,Certain
sgr0061,sgr_ens_01,Middle Magdalenian,Saint-Germain-la-Rivière,,,,,,,,,burial,AMS,15780±200,GifA 95456,,,1934,"animal tooth, red deer","personal ornament, pendant",,,,,complete,"right red deer canine with markings on the occlusal surface, frontal, lingual","Vanhaeren & d'Errico  2003, Fig. 6.61; Vanhaeren & d'Errico  2003, Fig. 13.29; Gambier et al. 2000; Vermeersch 2016",ll,Very certain
sgr0060,sgr_ens_01,Middle Magdalenian,Saint-Germain-la-Rivière,,,,,,,,,burial,AMS,15780±200,GifA 95456,,,1934,"animal tooth, red deer","personal ornament, pendant",,,,,complete,"right red deer canine with markings on the occlusal surface, centered","Vanhaeren & d'Errico  2003, Fig. 6.60; Vanhaeren & d'Errico  2003, Fig. 13.28; Blanchard et al. 1972, Pl. I; Gambier et al. 2000; Vermeersch 2016",|l|⚹,Very certain
sgr0059,sgr_ens_01,Middle Magdalenian,Saint-Germain-la-Rivière,,,,,,,,,burial,AMS,15780±200,GifA 95456,,,1934,"animal tooth, red deer","personal ornament, pendant",,,,,fragmentary,"right red deer canine with markings on the occlusal surface, complete","Vanhaeren & d'Errico  2003, Fig. 6.59; Vanhaeren & d'Errico  2003, Fig. 13.27; Gambier et al. 2000; Vermeersch 2016",| |≠,Very certain
sgr0058,sgr_ens_01,Middle Magdalenian,Saint-Germain-la-Rivière,,,,,,,,,burial,AMS,15780±200,GifA 95456,,,1934,"animal tooth, red deer","personal ornament, pendant",,,,,complete,"right red deer canine with markings on the buccal surface, approximal","Vanhaeren & d'Errico  2003, Fig. 6.58; Gambier et al. 2000; Vermeersch 2016",vvv,Very certain
sgr0057,sgr_ens_01,Middle Magdalenian,Saint-Germain-la-Rivière,,,,,,,,,burial,AMS,15780±200,GifA 95456,,,1934,"animal tooth, red deer","personal ornament, pendant",,,,,complete,"red deer canine, no markings","Vanhaeren & d'Errico  2003, Fig. 6.57",,
sgr0056,sgr_ens_01,Middle Magdalenian,Saint-Germain-la-Rivière,,,,,,,,,burial,AMS,15780±200,GifA 95456,,,1934,"animal tooth, red deer","personal ornament, pendant",,,,,complete,"right red deer canine with markings on the occlusal surface, centered","Vanhaeren & d'Errico  2003, Fig. 6.56; Vanhaeren & d'Errico  2003, Fig. 13.25; Gambier et al. 2000; Vermeersch 2016",|,Very certain
sgr0055,sgr_ens_01,Middle Magdalenian,Saint-Germain-la-Rivière,,,,,,,,,burial,AMS,15780±200,GifA 95456,,,1934,"animal tooth, red deer","personal ornament, pendant",,,,,complete,"red deer canine, no markings","Vanhaeren & d'Errico  2003, Fig. 6.55",,
sgr0054,sgr_ens_01,Middle Magdalenian,Saint-Germain-la-Rivière,,,,,,,,,burial,AMS,15780±200,GifA 95456,,,1934,"animal tooth, red deer","personal ornament, pendant",,,,,complete,"right red deer canine with markings on the occlusal surface, complete","Vanhaeren & d'Errico  2003, Fig. 6.54; Vanhaeren & d'Errico  2003, Fig. 13.24; Blanchard et al. 1972, Pl. I; Gambier et al. 2000; Vermeersch 2016",l||⚹,Very certain
sgr0053,sgr_ens_01,Middle Magdalenian,Saint-Germain-la-Rivière,,,,,,,,,burial,AMS,15780±200,GifA 95456,,,1934,"animal tooth, red deer","personal ornament, pendant",,,,,complete,"right red deer canine with markings on the occlusal surface, complete","Vanhaeren & d'Errico  2003, Fig. 6.53; Vanhaeren & d'Errico  2003, Fig. 13.23; Gambier et al. 2000; Vermeersch 2016",|| ||,Very certain
sgr0052,sgr_ens_01,Middle Magdalenian,Saint-Germain-la-Rivière,,,,,,,,,burial,AMS,15780±200,GifA 95456,,,1934,"animal tooth, red deer","personal ornament, pendant",,,,,fragmentary,right red deer canine with markings on the occlusal surface. the piece is missing and the photographs do not show the marked surface so there is no transcript possible,"Vanhaeren & d'Errico  2003, Fig. 6.52; Vanhaeren & d'Errico  2003, Fig. 13.26; Gambier et al. 2000; Vermeersch 2016",,
sgr0051,sgr_ens_01,Middle Magdalenian,Saint-Germain-la-Rivière,,,,,,,,,burial,AMS,15780±200,GifA 95456,,,1934,"animal tooth, red deer","personal ornament, pendant",,,,,fragmentary,"right red deer canine with markings on the occlusal surface, approximal, in centre buccal","Vanhaeren & d'Errico  2003, Fig. 6.51; Vanhaeren & d'Errico  2003, Fig. 13.33; von Petzinger 2016; Gambier et al. 2000; Vermeersch 2016",|||vv,Certain
sgr0050,sgr_ens_01,Middle Magdalenian,Saint-Germain-la-Rivière,,,,,,,,,burial,AMS,15780±200,GifA 95456,,,1934,"animal tooth, red deer","personal ornament, pendant",,,,,complete,"right red deer canine with markings on the occlusal surface, lingual 1/3 to central","Vanhaeren & d'Errico  2003, Fig. 6.50; Vanhaeren & d'Errico  2003, Fig. 13.32; Gambier et al. 2000; Vermeersch 2016",lll| |l,Very certain
sgr0049,sgr_ens_01,Middle Magdalenian,Saint-Germain-la-Rivière,,,,,,,,,burial,AMS,15780±200,GifA 95456,,,1934,"animal tooth, red deer","personal ornament, pendant",,,,,complete,"right red deer canine with markings on the frontal surface, from top to bottom, lingually orientated","Vanhaeren & d'Errico  2003, Fig. 6.49; Vanhaeren & d'Errico  2003, Fig. 13.22; Blanchard et al. 1972, Pl. I; Gambier et al. 2000; Vermeersch 2016",v||,Certain
sgr0048,sgr_ens_01,Middle Magdalenian,Saint-Germain-la-Rivière,,,,,,,,,burial,AMS,15780±200,GifA 95456,,,1934,"animal tooth, red deer","personal ornament, pendant",,,,,complete,"red deer canine, no markings","Vanhaeren & d'Errico  2003, Fig. 6.48",,
sgr0047,sgr_ens_01,Middle Magdalenian,Saint-Germain-la-Rivière,,,,,,,,,burial,AMS,15780±200,GifA 95456,,,1934,"animal tooth, red deer","personal ornament, pendant",,,,,complete,"right red deer canine with markings on the occlusal surface, complete","Vanhaeren & d'Errico  2003, Fig. 6.47; Vanhaeren & d'Errico  2003, Fig. 13.21; Blanchard et al. 1972, Pl. I; Gambier et al. 2000; Vermeersch 2016",| ||ll||,Very certain
sgr0046,sgr_ens_01,Middle Magdalenian,Saint-Germain-la-Rivière,,,,,,,,,burial,AMS,15780±200,GifA 95456,,,1934,"animal tooth, red deer","personal ornament, pendant",,,,,complete,"right red deer canine with markings on the occlusal surface, centered","Vanhaeren & d'Errico  2003, Fig. 6.46; Vanhaeren & d'Errico  2003, Fig. 13.20; Blanchard et al. 1972, Pl. I; Gambier et al. 2000; Vermeersch 2016",||X,Certain
sgr0045,sgr_ens_01,Middle Magdalenian,Saint-Germain-la-Rivière,,,,,,,,,burial,AMS,15780±200,GifA 95456,,,1934,"animal tooth, red deer","personal ornament, pendant",,,,,complete,"right red deer canine with markings on the occlusal surface, lingual","Vanhaeren & d'Errico  2003, Fig. 6.45; Gambier et al. 2000; Vermeersch 2016",l | ||,Very certain
sgr0044,,Middle Magdalenian,unknown,,,,,,,,,,,,,,,,"animal tooth, red deer","personal ornament, pendant",,,,,fragmentary,"most likely not belonging to the burial, due to the double perforations (see d'Errico & Vanhaeren), missing","Vanhaeren & d'Errico  2003, Fig. 6.44",,
sgr0043,sgr_ens_01,Middle Magdalenian,Saint-Germain-la-Rivière,,,,,,,,,burial,AMS,15780±200,GifA 95456,,,1934,"animal tooth, red deer","personal ornament, pendant",,,,,fragmentary,"right red deer canine with markings on the occlusal surface, approximal to center","Vanhaeren & d'Errico  2003, Fig. 6.43; Vanhaeren & d'Errico  2003, Fig. 13.19; Gambier et al. 2000; Vermeersch 2016",| ||,Certain
sgr0042,sgr_ens_01,Middle Magdalenian,Saint-Germain-la-Rivière,,,,,,,,,burial,AMS,15780±200,GifA 95456,,,1934,"animal tooth, red deer","personal ornament, pendant",,,,,complete,"right red deer canine with markings on the occlusal surface, centered slightly lingual","Vanhaeren & d'Errico  2003, Fig. 6.42; Vanhaeren & d'Errico  2003, Fig. 13.18; Blanchard et al. 1972, Pl. I; Gambier et al. 2000; Vermeersch 2016",Xl,Very certain
sgr0041,sgr_ens_01,Middle Magdalenian,Saint-Germain-la-Rivière,,,,,,,,,burial,AMS,15780±200,GifA 95456,,,1934,"animal tooth, red deer","personal ornament, pendant",,,,,complete,"right red deer canine with markings on the occlusal surface, centered","Vanhaeren & d'Errico  2003, Fig. 6.41; Vanhaeren & d'Errico  2003, Fig. 13.13; Blanchard et al. 1972, Pl. I; von Petzinger 2016; Gambier et al. 2000; Vermeersch 2016",X,Very certain
sgr0040,sgr_ens_01,Middle Magdalenian,Saint-Germain-la-Rivière,,,,,,,,,burial,AMS,15780±200,GifA 95456,,,1934,"animal tooth, red deer","personal ornament, pendant",,,,,complete,"red deer canine, no markings","Vanhaeren & d'Errico  2003, Fig. 6.40",,
sgr0039,sgr_ens_01,Middle Magdalenian,Saint-Germain-la-Rivière,,,,,,,,,burial,AMS,15780±200,GifA 95456,,,1934,"animal tooth, red deer","personal ornament, pendant",,,,,fragmentary,"red deer canine, no markings","Vanhaeren & d'Errico  2003, Fig. 6.39",,
sgr0038,sgr_ens_01,Middle Magdalenian,Saint-Germain-la-Rivière,,,,,,,,,burial,AMS,15780±200,GifA 95456,,,1934,"animal tooth, red deer","personal ornament, pendant",,,,,complete,"red deer canine, no markings","Vanhaeren & d'Errico  2003, Fig. 6.38",,
sgr0037,sgr_ens_01,Middle Magdalenian,Saint-Germain-la-Rivière,,,,,,,,,burial,AMS,15780±200,GifA 95456,,,1934,"animal tooth, red deer","personal ornament, pendant",,,,,complete,right red deer canine with markings on the frontal surface,"Vanhaeren & d'Errico  2003, Fig. 6.37; Vanhaeren & d'Errico  2003, Fig. 13.31; Blanchard et al. 1972, Pl. I; Gambier et al. 2000; Vermeersch 2016",|||,Very certain
sgr0036,sgr_ens_01,Middle Magdalenian,Saint-Germain-la-Rivière,,,,,,,,,burial,AMS,15780±200,GifA 95456,,,1934,"animal tooth, red deer","personal ornament, pendant",,,,,complete,"red deer canine, no markings","Vanhaeren & d'Errico  2003, Fig. 6.36",,
sgr0035,sgr_ens_01,Middle Magdalenian,Saint-Germain-la-Rivière,,,,,,,,,burial,AMS,15780±200,GifA 95456,,,1934,"animal tooth, red deer","personal ornament, pendant",,,,,complete,"red deer canine, no markings","Vanhaeren & d'Errico  2003, Fig. 6.35;",,
sgr0034,sgr_ens_01,Middle Magdalenian,Saint-Germain-la-Rivière,,,,,,,,,burial,AMS,15780±200,GifA 95456,,,1934,"animal tooth, red deer","personal ornament, pendant",,,,,complete,"right red deer canine with markings on the occlusal surface, centered","Vanhaeren & d'Errico  2003, Fig. 6.34; Vanhaeren & d'Errico  2003, Fig. 13.16; Blanchard et al. 1972, Pl. I; Gambier et al. 2000; Vermeersch 2016",|#,Certain
sgr0033,sgr_ens_01,Middle Magdalenian,Saint-Germain-la-Rivière,,,,,,,,,burial,AMS,15780±200,GifA 95456,,,1934,"animal tooth, red deer","personal ornament, pendant",,,,,complete,"right red deer canine with markings on the occlusal surface, centered","Vanhaeren & d'Errico  2003, Fig. 6.33; Vanhaeren & d'Errico  2003, Fig. 13.15; Gambier et al. 2000; Vermeersch 2016",l|l,Very certain
sgr0032,sgr_ens_01,Middle Magdalenian,Saint-Germain-la-Rivière,,,,,,,,,burial,AMS,15780±200,GifA 95456,,,1934,"animal tooth, red deer","personal ornament, pendant",,,,,complete,"righ red deer canine with markings Lingual, approximal to labial","Vanhaeren & d'Errico  2003, Fig. 6.32; Vanhaeren & d'Errico  2003, Fig. 13.14; Blanchard et al. 1972, Pl. I; von Petzinger 2016; Gambier et al. 2000; Vermeersch 2016",vvvvvv,Very certain
sgr0031,sgr_ens_01,Middle Magdalenian,Saint-Germain-la-Rivière,,,,,,,,,burial,AMS,15780±200,GifA 95456,,,1934,"animal tooth, red deer","personal ornament, pendant",,,,,complete,"red deer canine, no markings","Vanhaeren & d'Errico  2003, Fig. 6.31",,
sgr0030,sgr_ens_01,Middle Magdalenian,Saint-Germain-la-Rivière,,,,,,,,,burial,AMS,15780±200,GifA 95456,,,1934,"animal tooth, red deer","personal ornament, pendant",,,,,complete,"red deer canine, no markings","Vanhaeren & d'Errico  2003, Fig. 6.30",,
sgr0029,sgr_ens_01,Middle Magdalenian,Saint-Germain-la-Rivière,,,,,,,,,burial,AMS,15780±200,GifA 95456,,,1934,"animal tooth, red deer","personal ornament, pendant",,,,,complete,"right red deer canine with markings on the occlusal surface, centered","Vanhaeren & d'Errico  2003, Fig. 6.29; Vanhaeren & d'Errico  2003, Fig. 13.13; Blanchard et al. 1972, Pl. I; Gambier et al. 2000; Vermeersch 2016",|ll|X,Certain
sgr0028,sgr_ens_01,Middle Magdalenian,Saint-Germain-la-Rivière,,,,,,,,,burial,AMS,15780±200,GifA 95456,,,1934,"animal tooth, red deer","personal ornament, pendant",,,,,complete,"red deer canine, no markings","Vanhaeren & d'Errico  2003, Fig. 6.28",,
sgr0027,sgr_ens_01,Middle Magdalenian,Saint-Germain-la-Rivièr,,,,,,,,,burial,AMS,15780±200,GifA 95456,,,1934,"animal tooth, red deer","personal ornament, pendant",,,,,complete,"right red deer canine with marings on the occlusal surface, approximal to center","Vanhaeren & d'Errico  2003, Fig. 6.27; Vanhaeren & d'Errico  2003, Fig. 13.12; Gambier et al. 2000; Vermeersch 2016",|Y,Very certain
sgr0026,sgr_ens_01,Middle Magdalenian,Saint-Germain-la-Rivière,,,,,,,,,burial,AMS,15780±200,GifA 95456,,,1934,"animal tooth, red deer","personal ornament, pendant",,,,,fragmentary,"red deer canine, no markings","Vanhaeren & d'Errico  2003, Fig. 6.26",,
sgr0025,sgr_ens_01,Middle Magdalenian,Saint-Germain-la-Rivière,,,,,,,,,burial,AMS,15780±200,GifA 95456,,,1934,"animal tooth, red deer","personal ornament, pendant",,,,,complete,"left red deer canine with markings on the occlusal surface, complete","Vanhaeren & d'Errico  2003, Fig. 6.25; Vanhaeren & d'Errico  2003, Fig. 13.9; Blanchard et al. 1972, Pl. I; Gambier et al. 2000; Vermeersch 2016",|ll|||ll?| |,Certain
sgr0024,sgr_ens_01,Middle Magdalenian,Saint-Germain-la-Rivière,,,,,,,,,burial,AMS,15780±200,GifA 95456,,,1934,"animal tooth, red deer","personal ornament, pendant",,,,,complete,"red deer canine, no markings","Vanhaeren & d'Errico  2003, Fig. 6.24",,
sgr0023,sgr_ens_01,Middle Magdalenian,Saint-Germain-la-Rivière,,,,,,,,,burial,AMS,15780±200,GifA 95456,,,1934,"animal tooth, red deer","personal ornament, pendant",,,,,complete,"red deer canine, no markings","Vanhaeren & d'Errico  2003, Fig. 6.23",,
sgr0022,sgr_ens_01,Middle Magdalenian,Saint-Germain-la-Rivière,,,,,,,,,burial,AMS,15780±200,GifA 95456,,,1934,"animal tooth, red deer","personal ornament, pendant",,,,,complete,red deer canine. no markings,"Vanhaeren & d'Errico  2003, Fig. 6.22; Gambier et al. 2000; Vermeersch 2016",,
sgr0021,sgr_ens_01,Middle Magdalenian,Saint-Germain-la-Rivière,,,,,,,,,burial,AMS,15780±200,GifA 95456,,,1934,"animal tooth, red deer","personal ornament, pendant",,,,,complete,"left red deer canine with marking son the occlusal surface, centered","Vanhaeren & d'Errico  2003, Fig. 6.21; Vanhaeren & d'Errico  2003, Fig. 13.8; Gambier et al. 2000; Vermeersch 2016",Y||,Very certain
sgr0020,sgr_ens_01,Middle Magdalenian,Saint-Germain-la-Rivière,,,,,,,,,burial,AMS,15780±200,GifA 95456,,,1934,"animal tooth, red deer","personal ornament, pendant",,,,,complete,"left red deer canine with markings on the occlusal surface, centre, lingual. Transscript based on photo.","Vanhaeren & d'Errico  2003, Fig. 6.20; Vanhaeren & d'Errico  2003, Fig. 13.7; Blanchard et al. 1972, Pl. I; von Petzinger 2017; Gambier et al. 2000; Vermeersch 2016",|X|,Uncertain
sgr0019,sgr_ens_01,Middle Magdalenian,Saint-Germain-la-Rivière,,,,,,,,,burial,AMS,15780±200,GifA 95456,,,1934,"animal tooth, red deer","personal ornament, pendant",,,,,complete,"left red deer canine with markings on the occlusal surface, centered","Vanhaeren & d'Errico  2003, Fig. 6.19; Vanhaeren & d'Errico  2003, Fig. 13.6; von Petzinger 2017; Gambier et al. 2000; Vermeersch 2016",||l|,Very certain
sgr0018,sgr_ens_01,Middle Magdalenian,Saint-Germain-la-Rivière,,,,,,,,,burial,AM,15780±200,GifA 95456,,,1934,"animal tooth, red deer","personal ornament, pendant",,,,,complete,"lefr red deer canine with markings on the occusal surface, central. Transscript based on photo.","Vanhaeren & d'Errico  2003, Fig. 6.18; Vanhaeren & d'Errico  2003, Fig. 13.5; Blanchard et al. 1972, Pl. I; Gambier et al. 2000; Vermeersch 2016",|X,Uncertain
sgr0017,sgr_ens_01,Middle Magdalenian,Saint-Germain-la-Rivière,,,,,,,,,burial,AMS,15780±200,GifA 95456,,,1934,"animal tooth, red deer","personal ornament, pendant",,,,,complete,"red deer canine, no markings","Vanhaeren & d'Errico  2003, Fig. 6.17; Gambier et al. 2000; Vermeersch 2016",,
sgr0016,sgr_ens_01,Middle Magdalenian,Saint-Germain-la-Rivière,,,,,,,,,burial,AMS,15780±200,GifA 95456,,,1934,"animal tooth, red deer","personal ornament, pendant",,,,,complete,"left red deer canine, markings on the entire occlusal surface.","Vanhaeren & d'Errico  2003, Fig. 6.16; Vanhaeren & d'Errico  2003, Fig. 13.4; Blanchard et al. 1972, Pl. I; von Petzinger 2017; Gambier et al. 2000; Vermeersch 2016",||||X,Very certain
sgr0015,sgr_ens_01,Middle Magdalenian,Saint-Germain-la-Rivière,,,,,,,,,burial,AMS,15780±200,GifA 95456,,,1934,"animal tooth, red deer","personal ornament, pendant",,,,,complete,"red deer canine, no markings","Vanhaeren & d'Errico  2003, Fig. 6.15; Gambier et al. 2000; Vermeersch 2016",,
sgr0014,sgr_ens_01,Middle Magdalenian,Saint-Germain-la-Rivière,,,,,,,,,burial,AMS,15780±200,GifA 95456,,,1934,"animal tooth, red deer","personal ornament, pendant",,,,,complete,"red deer canine, no markings","Vanhaeren & d'Errico  2003, Fig. 6.14;  Gambier et al. 2000; Vermeersch 2016",,
sgr0013,sgr_ens_01,Middle Magdalenian,Saint-Germain-la-Rivière,,,,,,,,,burial,AMS,15780±200,GifA 95456,,,1934,"animal tooth, red deer","personal ornament, pendant",,,,,almost complete,"left red deer canine with markings on the occlusal surface, 2/3 approximal","Vanhaeren & d'Errico  2003, Fig. 6.13; Vanhaeren & d'Errico  2003, Fig. 13.10; Blanchard et al. 1972, Pl. I;  Gambier et al. 2000; Vermeersch 2016",| || |,Very certain
sgr0012,sgr_ens_01,Middle Magdalenian,Saint-Germain-la-Rivière,,,,,,,,,burial,AMS,15780±200,GifA 95456,,,1934,"animal tooth, red deer","personal ornament, pendant",,,,,complete,red deer canine,"Vanhaeren & d'Errico  2003, Fig. 6.12; Gambier et al. 2000; Vermeersch 2016",,
sgr0011,sgr_ens_01,Middle Magdalenian,Saint-Germain-la-Rivière,,,,,,,,,burial,AMS,15780±200,GifA 95456,,,1934,"animal tooth, red deer","personal ornament, pendant",,,,,complete,"red deer canine, left. Not examined, No transscript possible.","Vanhaeren & d'Errico  2003, Fig. 6.11; Vanhaeren & d'Errico  2003, Fig. 13.3; von Petzinger 2017; Gambier et al. 2000; Vermeersch 2016",,Very uncertain
sgr0010,sgr_ens_01,Middle Magdalenian,Saint-Germain-la-Rivière,,,,,,,,,burial,"AMS, 858 (GifA 95456)","15,780 ± 200",,,,1934,"animal tooth, red deer","personal ornament, pendant",,,,,almost complete,"red deer canine, no markings","Vanhaeren & d'Errico  2003, Fig. 6.10; Gambier et al. 2000; Vermeersch 2016",,
sgr0009,,,unknown,,,,,,,,,,,,,,,,,,,,,,,,,,
sgr0008,sgr_ens_01,,unknown,,,,,,,,,,,,,,,,,,,,,,,,,,
sgr0007,sgr_ens_01,Middle Magdalenian,Saint-Germain-la-Rivière,,,,,,,,,burial,AMS,15780±200,; Gambier et al. 2000,,,1934,"animal tooth, red deer","personal ornament, pendant",,,,,almost complete,"red deer canine, no markings","Vanhaeren & d'Errico  2003, Fig. 6.7; Gambier et al. 2000; Vermeersch 2016",,
sgr0006,sgr_ens_01,Middle Magdalenian,Saint-Germain-la-Rivière,,,,,,,,,burial,AMS,15780±200,GifA 95456,,,1934,"animal tooth, red deer","personal ornament, pendant",,,,,complete,"red deer canine, no markings","Vanhaeren & d'Errico  2003, Fig. 6.6; Gambier et al. 2000; Vermeersch 2016",,
sgr0005,sgr_ens_01,Middle Magdalenian,Saint-Germain-la-Rivière,,,,,,,,,burial,AMS,15780±200,GifA 95456,,,1934,"animal tooth, red deer","personal ornament, pendant",,,,,complete,"red deer canine, not examined","Vanhaeren & d'Errico  2003, Fig. 6.5; Gambier et al. 2000; Vermeersch 2016",,
sgr0004,sgr_ens_01,Middle Magdalenian,Saint-Germain-la-Rivière,,,,,,,,,burial,AMS,15780±200,GifA 95456,,,1934,"animal tooth, red deer","personal ornament, pendant",,,,,almost complete,"red deer canine, not examined","Vanhaeren & d'Errico  2003, Fig. 6.4; Gambier et al. 2000; Vermeersch 2016",,
sgr0003,sgr_ens_01,Middle Magdalenian,Saint-Germain-la-Rivière,,,,,,,,,burial,"AMS,",15780±200,GifA 95456,,,1934,"animal tooth, red deer","personal ornament, pendant",,,,,fragmented,canine of a red deer,"Vanhaeren & d'Errico  2003, Fig. 6.3; Gambier et al. 2000; Vermeersch 2016",,
sgr0002,sgr_ens_01,Middle Magdalenian,Saint-Germain-la-Rivière,,,,,,,,,burial,MAS,15780±200,GifA 95456,,,1934,"animal tooth, red deer","personal ornament, pendant",,,,,complete,"left canine of a red deer, markings on the occlusal surface, approximal","Vanhaeren & d'Errico  2003, Fig. 6.2; Vanhaeren & d'Errico  2003, Fig. 13.2; von Petzinger 2017; Gambier et al. 2000; Vermeersch 2016",⚹°,Very certain
sgr0001,sgr_ens_01,Middle Magdalenian,Saint-Germain-la-Rivière,,,,,,,,,burial,AMS,15780±200,GifA 95456,,,1934,"animal tooth, red deer","personal ornament, pendant",,,,,almost complete,"left canine of a red deer, markings on the occlusal surface","Vanhaeren & d'Errico  2003, Fig. 6.1; Vanhaeren & d'Errico  2003, Fig. 13. 1; Blanchard et al. 1972, Pl. I; Gambier et al. 2000; Vermeersch 2016",|| |,Uncertain
gar0013,,Aurignacien,Gargas,,,,,,,,,4,AMS,31540±720,,,,,bone,spatula/lissoir,,162.0,24.0,13.0,fragmented,notched rib fragment,San Juan C. et al.  2007: p. 99 fig. 4.6; Vercoutère C. et al. 2006,,
laf0027,,Aurignacien,La Ferrassie,,,,,,,,,H?,OSL,37200±1900,,,,,bone,spatula/lissoir,,,,,almost complete,notched lissoir,Guerin G. et al. 2015; Peyrony D. 1934: p.53 fig. 54.9,,
laf0026,,Aurignacien,La Ferrassie,La Ferrassie,laf,Savignac-de-Miremont,France,44.952000,0.928000,precise,nespos.org,F?,OSL,37200±1900,,,,,antler,figurine undet.,,,,,almost complete,anthropomorphic figurine,Guerin G. et al. 2015; Peyrony D. 1934: p.51 fig. 50,,
laf0025,,Aurignacien,La Ferrassie,,,,,,,,,H''?,OSL,37200±1900,,,,,bone,tube,,,,,fragmented,decorated bone fragment,Guerin G. et al. 2015; Peyrony D. 1934: p.72 fig. 74.6,,
laf0024,,Aurignacien,La Ferrassie,,,,,,,,,H'?,OSL,37200±1900,,,,,bone,chisel,,,,,almost complete,decorated bone chisel,Guerin G. et al. 2015; Peyrony D. 1934: p. 62 fig. 62.6,,
laf0023,,Aurignacien,La Ferrassie,,,,,,,,,F?,OSL,37200±1900,,,,,animal tooth,personal ornament,,,,,complete,pendant element with a cross as decoration,Guerin G. et al. 2015; Peyrony D. 1934: p. 49 fig. 47.12,,
laf0022,,Aurignacien,La Ferrassie,,,,,,,,,F?,OSL,37200±1900,,,,,animal tooth,personal ornament,,,,,complete,decoreted pendant element,Guerin G. et al. 2015; Peyrony D. 1934: p. 49 fig. 47.11,,
laf0021,,Aurignacien,La Ferrassie,,,,,,,,,F?,OSL,37200±1900,,,,,bone,personal ornament,,,,,complete,notched bone used as ornament,Guerin G. et al. 2015; Peyrony D. 1934: p. 49 fig. 47.10,,
mur0002,,Aurignacien,Muralovka,,,,,,,,,,,,,,,,antler,undetermined,,,,,fragmented,engraved fragment of antler,Hahn J. 1977: tafel 183 - 12,,
mur0001,,Aurignacien,Muralovka,,,,,,,,,,,,,,,,bone,undetermined,,,,,fragmented,bone fragment with anthropomorph decoration,Hahn J. 1977: Tafel 183 - 15,,
psc0001,,Aurignacien,Peskő Cave,,,,,,,,,,AMS,38300 - 33500,,,,,bone,spatula/lissoir,,,,,fragmented,notched bone fragment,Hahn J. 1977: tafel 149 - 2; Chu W. 2018,,
mla0004,,Aurignacien,Mladeč,,,,,,,,,,AMS,34930+520/-490 - 31190+400/-390,,,,,antler,awl,,,,,almost complete,decorated bone,Wild E. M. et al. 2005; Hahn J. 1977: tafel 127 - 5,,
btb0001,,Aurignacien,Breitenbach,,,,,,,,,,C14,"30000 - 27000
26000 - 28 000 BP",,,,1920s,bone,other,,,,,fragmented,decoreted rib fragment,Hahn J. 1977: Tafel 91 -8; Terberger T. & Street M. 20??,,
wsh0001,,Aurignacien,Wildscheuer,,,,,,,,,III,C14,34300 - 30000,,,,19th century,ivory,spatula/lissoir,,,,,almost complete,decorated lissoir,Hahn J. 1977: Tafel 74 -3; Terberger T. & Street M. 20??,,
gfh0001,,Aurignacien,Göpfelsteinhöhle,,,,,,,,,,C14,,,,,,bone,undetermined,,,,,fragmented,decorated bone fragment,Zilhão  J. 2007; Hahn J. 1977: tafel 69 - 10,,
sgt0001,,Aurignacien,Sirgenstein Cave,,,,,,,,,III - VI,C14,30360+230/-220 - 26730+170/-160,,,,1906,ivory,rod/bâton,,,,,fragmented,notched ivory rod,Hahn J. 1977: Tafel 67 - 9; Conard N. & Bolus M. 2003,,
bst0003,,Aurignacien,Bockstein-Törle,,,,,,,,,VI,C14,31530±230 - 20400±220,,,,1953-1956,ivory,other,,,,,fragmented,scribbled piece of ivory,Hahn J. 1977: Tafel 12 - 9; Conard N. & Bolus M. 2003,,
bst0002,,Aurignacien,Bockstein-Törle,Bockstein-Törle,bst,Rammingen,Germany,48.553000,10.155000,precise,nespos.org,VI,C14,31530±230 - 20400±220,,,,1953-1956,ivory,rod/bâton,,,,,fragmented,fragmented ivory rod,Hahn J. 1977: Tafel 8 - 5; Conard N. & Bolus M. 2003,,
msc0007,,Aurignacien,Maisières-Canal,,,,,,,,,,C14,33000 - 32000,,,,,bone,tube,,,,,almost complete,notched bone tube,Dinnis R. & Flas D. 2016; Otte M. 1979: p. 553 fig. 242.4,,
msc0006,,Aurignacien,Maisières-Canal,,,,,,,,,,C14,33000 - 32000,,,,,ivory,undetermined,,,,,fragmented,lame d’ivoire entaillée,Dinnis R. & Flas D. 2016; Otte M. 1979: p. 555 fig. 243.6,,
msc0005,,Aurignacien,Maisières-Canal,,,,,,,,,,C14,33000 - 32000,,,,,ivory,personal ornament,,,,,fragmented,ivory pin decorated,Dinnis R. & Flas D. 2016; Otte M. 1979: p. 555 fig. 243.5,,
msc0004,,Aurignacien,Maisières-Canal,,,,,,,,,,C14,33000 - 32000,,,,,ivory,undetermined,,,,,fragmented,Bords de récipients en ivoire decorèe,Dinnis R. & Flas D. 2016; Otte M. 1979: p. 555 fig. 243.2,,
msc0003,,Aurignacien,Maisières-Canal,,,,,,,,,,C14,33000 - 32000,,,,,ivory,undetermined,,,,,fragmented,Bords de récipients en ivoire decorèe,Dinnis R. & Flas D. 2016; Otte M. 1979: p. 555 fig. 243.1,,
msc0002,,Aurignacien,Maisières-Canal,,,,,,,,,,C14,33000 - 32000,,,,,bone,tube,,,,,fragmented,notched tube bone,Dinnis R. & Flas D. 2016; Otte M. 1979: p. 553 fig. 242.6,,
msc0001,,Aurignacien,Maisières-Canal,,,,,,,,,,C14,33000 - 32000,,,,,bone,tube,,,,,fragmented,notched bone tube,Dinnis R. & Flas D. 2016; Otte M. 1979: p. 553 fig. 242.5,,
gff0001,,Aurignacien,Grottes de Fonds-de-Forêt,,,,,,,,,C6 с d - C7 a,C14,33830±1790 - 29470±640,,,,,bone,personal ornament,,,,,complete,notched bone pendad,Zilhão  J. 2007; Otte M. 1979: p. 513 fig. 219.6; Dewez M. 1989,,
egh0001,,Aurignacien,d'Engihoul,,,,,,,,,,,,,,,1931,bone,other,,,,,fragmented,notched rib,Otte M. 1979: p. 471 fig. 202.4,,
taw0001,,Aurignacien,Trou al'Wesse,,,,,,,,,,C14,33600±550 - 30750±850,,,,,antler,point,,,,,almost complete,antler point,Miller R. et al. 2011; Otte M. 1979: p. 431 fig. 186.4,,
gdg0014,,Aurignacien,Grotte de Goyet,,,,,,,,,,C14,35160 - 33140,,,,,bone,undetermined,,,,,almost complete,engraved bone,Qiaomei F. et al. 2016; Otte M. 1979: p. 415 fig. 182.5,,
gdg0013,,Aurignacien,Grotte de Goyet,,,,,,,,,,C14,35160 - 33140,,,,,bone,spatula/lissoir,,,,,fragmented,decorated rib fragment,Qiaomei F. et al. 2016; Otte M. 1979: p. 415 fig. 182.4,,
gdg0012,,Aurignacien,Grotte de Goyet,,,,,,,,,,C14,35160 - 33140,,,,,bone,undetermined,,,,,fragmented,decorated rib fragment,Qiaomei F. et al. 2016; Otte M. 1979: p. 415 fig. 182.3,,
gdg0011,,Aurignacien,Grotte de Goyet,,,,,,,,,,C14,35160 - 33140,,,,,bone,point,,,,,almost complete,decorated bone point,Qiaomei F. et al. 2016; Otte M. 1979: p. 415 fig. 182.2,,
gdg0010,,Aurignacien,Grotte de Goyet,,,,,,,,,,C14,35160 - 33140,,,,,bone,tube,,,,,fragmented,decoreted bone,Qiaomei F. et al. 2016; Otte M. 1979: p. 415 fig. 182.1,,
gdg0009,,Aurignacien,Grotte de Goyet,,,,,,,,,,C14,35160 - 33140,,,,,bone,tube,,,,,fragmented,decoreted bone tube,Qiaomei F. et al. 2016; Otte M. 1979: p. 413 fig. 181.15,,
gdg0008,,Aurignacien,Grotte de Goyet,,,,,,,,,,C14,35160 - 33140,,,,,bone,tube,,,,,fragmented,fragmented bone tube decorated,Qiaomei F. et al. 2016; Otte M. 1979: p. 413 fig. 181.14,,
gdg0007,,Aurignacien,Grotte de Goyet,,,,,,,,,,C14,35160 - 33140,,,,,ivory,personal ornament,,,,,complete,decorated ivory pendant,Qiaomei F. et al. 2016; Otte M. 1979: p. 413 fig. 181.13,,
gdg0003,,Aurignacien,Grotte de Goyet,,,,,,,,,,C14,35160 - 33140,,,,,animal tooth,personal ornament,,,,,fragmented,perfored animal tooth with decorations,Qiaomei F. et al. 2016; Otte M. 1979: p. 413 fig. 181.5,,
gdg0006,,Aurignacien,Grotte de Goyet,,,,,,,,,,C14,35160 - 33140,,,,,undetermined,spatula/lissoir,,,,,fragmented,possible blade cutter,Qiaomei F. et al. 2016; Otte M. 1979: p. 408 fig. 180.2,,
gdg0005,,Aurignacien,Grotte de Goyet,,,,,,,,,,C14,35160 - 33140,,,,,bone,point,,,,,fragmented,sagaie à base massive,Qiaomei F. et al. 2016; Otte M. 1979: p. 405 fig. 178.7,,
gdg0004,,Aurignacien,Grotte de Goyet,,,,,,,,,,C14,35160 - 33140,,,,,bone,point,,,,,fragmented,sagaie à base massive,Qiaomei F. et al. 2016; Otte M. 1979: p. 405 fig. 178.4,,
gdg0002,,Aurignacien,Grotte de Goyet,,,,,,,,,,C14,35160 - 33140,,,,,antler,undetermined,,,,,fragmented,Bois de renneentailléet fracturé,Qiaomei F. et al. 2016; Otte M. 1979: p. 403 fig. 177.1,,
gpp0004,,Aurignacien,Grotte De La Princesse Pauline,,,,,,,,,,AMS,25580±170,,,,,ivory,personal ornament,,,,,fragmented,Fragment d’anneau en ivoire encoché,Otte M. 1979: p. 329 fig. 139,,
gpp0003,,Aurignacien,Grotte De La Princesse Pauline,,,,,,,,,,AMS,25580±170,,,,,ivory,undetermined,,,,,fragmented,engraved ivory blade,Otte M. 1979: p. 327 fig. 137.6; Flas D. 2005,,
gpp0002,,Aurignacien,Grotte De La Princesse Pauline,,,,,,,,,,AMS,25580±170,,,,,antler,bâton percé,,,,,fragmented,lame en bois de cervidé perforée et encochée,Otte M. 1979: p. 327 fig. 137.4; Flas D. 2005,,
gpp0001,,Aurignacien,Grotte De La Princesse Pauline,,,,,,,,,,AMS,25580±170,,,,,ivory,spatula/lissoir,,,,,fragmented,"lame d'ivoire entaillée et
sectionnée",Otte M. 1979: p. 326 fig. 136.4; Flas D. 2005,,
spy0027,,Aurignacien,Spy,,,,,,,,,C or “second fauna-bearing level”,C14,36250+500/-500 - 32830+200/-190,,,,,bone,tube,,,,,almost complete,Tube en os couvert de stries organisées,Pirson S. et al. 2013; Otte M. 1979: p. 306 fig. 128,,
spy0026,,Aurignacien,Spy,,,,,,,,,C or “second fauna-bearing level”,C14,36250+500/-500 - 32830+200/-190,,,,,bone,tube,,,,,almost complete,bone tube decorated,Pirson S. et al. 2013; Otte M. 1979: p. 306 fig. 127.6,,
spy0025,,Aurignacien,Spy,,,,,,,,,C or “second fauna-bearing level”,C14,36250+500/-500 - 32830+200/-190,,,,,bone,tube,,,,,fragmented,decorated bone tube,Pirson S. et al. 2013; Otte M. 1979: p. 306 fig. 127.5,,
spy0024,,Aurignacien,Spy,,,,,,,,,C or “second fauna-bearing level”,C14,36250+500/-500 - 32830+200/-190,,,,,bone,tube,,,,,fragmented,decorted bone tube,Pirson S. et al. 2013; Otte M. 1979: p. 306 fig. 127.4,,
spy0023,,Aurignacien,Spy,,,,,,,,,C or “second fauna-bearing level”,C14,36250+500/-500 - 32830+200/-190,,,,,bone,tube,,,,,fragmented,decorated bone tube,Pirson S. et al. 2013; Otte M. 1979: p. 306 fig. 127.3,,
spy0022,,Aurignacien,Spy,,,,,,,,,C or “second fauna-bearing level”,C14,36250+500/-500 - 32830+200/-190,,,,,bone,tube,,,,,fragmented,decorated bone tube,Pirson S. et al. 2013; Otte M. 1979: p. 306 fig. 127.2,,
spy0021,,Aurignacien,Spy,,,,,,,,,C or “second fauna-bearing level”,C14,36250+500/-500 - 32830+200/-190,,,,,antler,undetermined,,,,,complete,decorated deer antler,Pirson S. et al. 2013; Otte M. 1979: p. 306 fig. 127.1,,
spy0020,,Aurignacien,Spy,,,,,,,,,C or “second fauna-bearing level”,C14,36250+500/-500 - 32830+200/-190,,,,,bone,undetermined,,,,,fragmented,decorated fragment of bone,Pirson S. et al. 2013; Otte M. 1979: p. 299 fig. 125.7,,
spy0019,,Aurignacien,Spy,,,,,,,,,C or “second fauna-bearing level”,C14,36250+500/-500 - 32830+200/-190,,,,,ivory,undetermined,,,,,undetermined,fragment of ivory decorated with cross motifs,Pirson S. et al. 2013; Otte M. 1979: p. 299 fig. 125.6,,
spy0018,,Aurignacien,Spy,,,,,,,,,C or “second fauna-bearing level”,C14,36250+500/-500 - 32830+200/-190,,,,,bone,undetermined,,,,,fragmented,decorated bone fragment,Pirson S. et al. 2013; Otte M. 1979: p. 299 fig. 125.5,,
spy0017,,Aurignacien,Spy,,,,,,,,,C or “second fauna-bearing level”,C14,36250+500/-500 - 32830+200/-190,,,,,ivory,rod/bâton,,,,,fragmented,decorated ivory fragment,Pirson S. et al. 2013; Otte M. 1979: p. 299 fig. 125.4,,
spy0016,,Aurignacien,Spy,,,,,,,,,C or “second fauna-bearing level”,C14,36250+500/-500 - 32830+200/-190,,,,,ivory,undetermined,,,,,fragmented,engraved piece of ivory,Pirson S. et al. 2013; Otte M. 1979: p. 299 fig. 125.3,,
spy0015,,Aurignacien,Spy,,,,,,,,,C or “second fauna-bearing level”,C14,36250+500/-500 - 32830+200/-190,,,,,bone,awl,,,,,fragmented,decorated bone awl with parallel and sub-parallel incisions,Pirson S. et al. 2013; Otte M. 1979: p. 299 fig. 125.2,,
spy0014,,Aurignacien,Spy,,,,,,,,,C or “second fauna-bearing level”,C14,36250+500/-500 - 32830+200/-190,,,,,shell,personal ornament,,,,,complete,decorated seashell,Pirson S. et al. 2013; Otte M. 1979: p. 299 fig. 125.1,,
spy0013,,Aurignacien,Spy,,,,,,,,,C or “second fauna-bearing level”,C14,36250+500/-500 - 32830+200/-190,,,,,ivory,personal ornament,,,,,almost complete,Cône en ivoire incisé,Pirson S. et al. 2013; Otte M. 1979: p. 299 fig. 124.21,,
spy0012,,Aurignacien,Spy,,,,,,,,,C or “second fauna-bearing level”,C14,36250+500/-500 - 32830+200/-190,,,,,ivory,personal ornament,,,,,fragmented,pendeloques en ivoire,Pirson S. et al. 2013; Otte M. 1979: p. 299 fig. 123.32,,
spy0011,,Aurignacien,Spy,,,,,,,,,C or “second fauna-bearing level”,C14,36250+500/-500 - 32830+200/-190,,,,,antler,spatula/lissoir,,,,,fragmented,Engraved spatula,Pirson S. et al. 2013; Otte M. 1979: p. 294 fig. 120.7,,
spy0010,,Aurignacien,Spy,,,,,,,,,C or “second fauna-bearing level”,C14,36250+500/-500 - 32830+200/-190,,,,,ivory,awl,,,,,fragmented,Coin en ivoire,Pirson S. et al. 2013; Otte M. 1979: p. 294 fig. 120.6,,
spy0009,,Aurignacien,Spy,,,,,,,,,C or “second fauna-bearing level”,C14,36250+500/-500 - 32830+200/-190,,,,,bone,awl,,,,,fragmented,Poinçons encochés,Pirson S. et al. 2013; Otte M. 1979: p. 294 fig. 120.3,,
spy0008,,Aurignacien,Spy,,,,,,,,,C or “second fauna-bearing level”,C14,36250+500/-500 - 32830+200/-190,,,,,bone,awl,,,,,fragmented,Poinçons encochés,Pirson S. et al. 2013; Otte M. 1979: p. 294 fig. 120.2,,
spy0007,,Aurignacien,Spy,,,,,,,,,C or “second fauna-bearing level”,C14,36250+500/-500 - 32830+200/-190,,,,,bone,awl,,,,,fragmented,Poinçons encochés,Pirson S. et al. 2013; Otte M. 1979: p. 294 fig. 120.1,,
spy0006,,Aurignacien,Spy,,,,,,,,,C or “second fauna-bearing level”,C14,36250+500/-500 - 32830+200/-190,,,,,bone,point,,,,,fragmented,engraved sagaie point,Pirson S. et al. 2013; Otte M. 1979: p. 291 fig. 118.2,,
spy0005,,Aurignacien,Spy,,,,,,,,,C or “second fauna-bearing level”,C14,36250+500/-500 - 32830+200/-190,,,,,bone,chisel,,,,,fragmented,,Pirson S. et al. 2013; Otte M. 1979: p. 291 fig. 118.1,,
spy0004,,Aurignacien,Spy,,,,,,,,,C or “second fauna-bearing level”,C14,36250+500/-500 - 32830+200/-190,,,,,bone,undetermined,,,,,fragmented,,Pirson S. et al. 2013; Otte M. 1979: p. 290 fig. 117.6,,
trm0013,,Aurignacien,Trou Magrite,,,,,,,,,,C14,28640±480 - 25080±320,,,,,ivory,rod/bâton,,,,,almost complete,decorated ivory rod,Lejeune M. 2007;Otte M. 1979: p. 161 fig. 55.10,,
trm0012,,Aurignacien,Trou Magrite,,,,,,,,,,C14,28640±480 - 25080±320,,,,,bone,undetermined,,,,,fragmented,engraved bone fragment,Lejeune M. 2007;Otte M. 1979: p. 161 fig. 55.8,,
trm0011,,Aurignacien,Trou Magrite,,,,,,,,,,C14,28640±480 - 25080±320,,,,,bone,undetermined,,,,,fragmented,engraved bone fragment,Lejeune M. 2007;Otte M. 1979: p. 161 fig. 55.6,,
trm0010,,Aurignacien,Trou Magrite,,,,,,,,,,C14,28640±480 - 25080±320,,,,,bone,tube,,,,,fragmented,engraved bone fragment,Lejeune M. 2007;Otte M. 1979: p. 161 fig. 55.3,,
trm0009,,Aurignacien,Trou Magrite,,,,,,,,,,C14,28640±480 - 25080±320,,,,,bone,undetermined,,,,,fragmented,engraved bone fragment,Lejeune M. 2007;Otte M. 1979: p. 161 fig. 55.2,,
trm0008,,Aurignacien,Trou Magrite,,,,,,,,,,C14,28640±480 - 25080±320,,,,,bone,undetermined,,,,,fragmented,engraved bone fragment,Lejeune M. 2007; Otte M. 1979: p. 161 fig. 55.1,,
trm0007,,Aurignacien,Trou Magrite,,,,,,,,,Niveu 1°?,C14,28640±480 - 25080±320,,,,,antler,rod/bâton,,,,,fragmented,Worked antler rod with incisions,Lejeune M. 2007; Otte M. 1979: p. 153 fig. 50.4,,
trm0006,,Aurignacien,Trou Magrite,,,,,,,,,Niveu 1°?,C14,28640±480 - 25080±320,,,,,ivory,undetermined,,,,,almost complete,Decorated piece of worked ivory,Lejeune M. 2007; Otte M. 1979: p. 153 fig. 50.2,,
tdr0002,,Aurignacien,Le Trou Du Renard,,,,,,,,,Couche B,C14,33000 - 32000,,,,,bone,undetermined,,,,,almost complete,Engraved bone blade,Otte M. 1979: p. 101 fig. 24.2,,
tdr0001,,Aurignacien,Le Trou Du Renard,,,,,,,,,Couche B,C14,33000 - 32000,,,,,bone,undetermined,,,,,fragmented,Engraved bone blade,Otte M. 1979: p. 101 fig. 24.1,,
laf0020,,Aurignacien,La Ferrassie,,,,,,,,,,OSL,37200±1900,,,,,bone,point,,,,,almost complete,Point losangique avec gravures,Guerin G. et al. 2015; Delporte H. 1984: fig. 9.18,,
sol0007,,Aurignacien,Solutré,,,,,,,,,,C14,34010±610 - 29020±170,,,,,bone,point,,95.0,11.0,,fragmented,Pointe de sagaie décorée,Floss H. et al. 2013; Combier J. & Montet-White A.  2002: p. 261 fig. 19-19,,
sol0006,,Aurignacien,Solutré,,,,,,,,,,C14,34010±610 - 29020±170,,,,,bone,plaquette,,,,,fragmented,Plaquette en os percée decoré,Floss H. et al. 2013; Combier J. & Montet-White A.  2002: p. 261 fig. 19-17,,
sol0002,,Aurignacien,Solutré,,,,,,,,,,C14,34010±610 - 29020±170,,,,,limestone,plaquette,,95.0,70.0,,fragmented,Fragment de plaquettes de calcaire à borde encoché,Floss H. et al. 2013; Combier J. & Montet-White A.  2002: p.259 fig. 19-12B,,
sol0001,,Aurignacien,Solutré,,,,,,,,,,C14,34010±610 - 29020±170,,,,,limestone,plaquette,,55.0,35.0,,fragmented,Fragment de plaquettes de calcaire à borde encoché,Floss H. et al. 2013; Combier J. & Montet-White A.  2002: p.259 fig. 19-12A,,
gdr0010,,Aurignacien,Grotte du Renne,,,,,,,,,,AMS,36500±1300 - 34050±750,,,,,bone,undetermined,,,,,fragmented,engraved scapula fragment,Zilhão  J. 2007; Schmider B. 2002: p. 69 fig. 37,,
gdr0009,,Aurignacien,Grotte du Renne,,,,,,,,,,AMS,36500±1300 - 34050±750,,,,,bone,undetermined,,145.0,20.0,12.0,fragmented,Engraved rib,Zilhão  J. 2007; Schmider B. 2002: fig. 129.2,,
gdr0008,,Aurignacien,Grotte du Renne,Grotte du Renne,gdr,Arcy-sur-Cure,France,47.603611,3.740833,precise,wikipedia,,AMS,36500±1300 - 34050±750,,,,,bone,undetermined,,142.0,25.0,14.0,fragmented,Engraved rib,Zilhão  J. 2007; Schmider B. 2002: fig. 129.1,,
vhc0168,,Aurignacien,Vogelherd,Vogelherd,vhc,Niederstotzingen-Stetten,Germany,48.559000,10.194000,precise,nespos.org,V,C14,"30162±1,340",H 4054-3210,35810±710,PL0001337A,1931,bone,spatula/lissoir,,110.0,19.0,7.0,fragmented,"This is a fragment of a smoother made from the rib of a herbivore, which consists of the pieces Vg 90 and Vg 61. Both were found in Layer V in 1931.","Riek 1934, Taf. XXIX.10; Hahn 1977, Taf. 36.3; Dutkiewicz 2021: Taf. 43.3; Conard & Bolus 2003, 2008",>>>>>> ! >>>>>,Very certain
vhc0167,,Aurignacien,Vogelherd,Vogelherd,vhc,Niederstotzingen-Stetten,Germany,48.559000,10.194000,precise,nespos.org,V,C14,"30162±1,340",H 4054-3210,35810±710,PL0001337A,1931,bone,spatula/lissoir,,173.0,22.0,8.0,fragmented,"This is a smoother made from the rib of a large herbivore (Mammoth?). This piece was found in two parts during Riek's excavation in Layer V in 1931 (Riek 1934: 157-158). The medial fragment is now lost. The dimensions of the entire object and the number of notches on the lost fragment are based on Riek's descriptions. Of the 18 notches, seven are on the terminal fragment that was originally examined.. See plate Dutkiewicz for complete picture","Riek 1934, Taf. XXIX.11; Hahn 1977; Dutkiewicz 2021: Taf. 43.1 und 43.2; Hahn 1977; Conard & Bolus 2003, 2008",vvvvvvvvvvvvvvvvvv _ v!,Uncertain
vhc0166,,Aurignacien,Vogelherd,Vogelherd,vhc,Niederstotzingen-Stetten,Germany,48.559000,10.194000,precise,nespos.org,IV,C14,30730±750,H 4053-3211,32030±280,OxA-18456,1931,antler,antler object,,73.0,44.0,24.0,complete,"This antler object was found during Riek's excavations in 1931 in Layer IV. Unlike the other piece, it does not feature a figurative representation but only some geometric markings.","Riek 1934, 295; Dutkiewicz 2021: Taf. 41.1; Hahn 1977; Conard & Bolus 2003, 2008",vvvvvvv _ [&],Very certain
vhc0165,,Aurignacien,Vogelherd,Vogelherd,vhc,Niederstotzingen-Stetten,Germany,48.559000,10.194000,precise,nespos.org,IV,C14,30730±750,H 4053-3211,32030±280,OxA-18456,1931,bone,spatula/lissoir,,75.0,12.0,7.0,fragmented,"A narrow, medial fragment of a smoother made from a rib.","Riek 1934, XXXI.11; Hahn 1977, Taf. 59.3; Dutkiewicz 2021: Taf. 45.1; Conard & Bolus 2003, 2008",!vvvv v v v vv v >>>>,Very certain
vhc0164,,Aurignacien,Vogelherd,Vogelherd,vhc,Niederstotzingen-Stetten,Germany,48.559000,10.194000,precise,nespos.org,IV,C14,30730±750,H 4053-3211,32030±280,OxA-18456,1931,ivory,bâton percé,,95.0,30.0,10.0,fragmented,"This perforated rod fragment was found in Layer IV in 1931 (Riek 1934: 190). The piece was crafted from ivory and meticulously worked. Only the extended end and about half of the first hole are preserved. Although smaller than the other perforated rods, it is clearly recognizable as the same type of perforated rod as others found in the Swabian Aurignacien. This is particularly evident through the thread-like incisions in the hole. Since the object is lost, Riek's descriptions of the markings are provided here.","Riek 1934, Taf. XXXI.4; Hahn 1977, Taf. 59.5; Dutkiewicz 2021: Taf. 50; Conard & Bolus 2003, 2008",vvvvvv! _ vvvvvvvv! _ [CCCCV v] _ [C||ll lll],Uncertain
vhc0163,,Aurignacien,Vogelherd,Vogelherd,vhc,Niederstotzingen-Stetten,Germany,48.559000,10.194000,precise,nespos.org,IV,C14,30730±750,H 4053-3211,32030±280,OxA-18456,1931,bone,spatula/lissoir,,10.0,2.0,1.0,fragmented,"This is a smoother made of bone with a long-elliptical cross-section, found in 1931 in the Ach Valley (AH IV).","Riek 1934, Taf. XXXI.14; Hahn 1977, Taf. 59.4; Dutkiewicz 2021: Taf. 44.1-2; Conard & Bolus 2003, 2008",!⊞! _ !vvvvvvvvvvvvvvvvvvv! _  !⊞!,Uncertain
vhc0162,,Aurignacien,Vogelherd,Vogelherd,vhc,Niederstotzingen-Stetten,Germany,48.559000,10.194000,precise,nespos.org,IV,C14,30730±750,H 4053-3211,32030±280,OxA-18456,1931,bone,spatula/lissoir,,210.0,14.0,8.0,complete,"A very long and narrow, completely preserved smoother made of bone, found in 1931 in the Ach Valley (AH) IV. This is one of the most richly decorated tools of the Swabian Aurignacian. The decorations at the tip are heavily polished due to use, indicating that this smoother was in use for a long period.","Riek 1934, Taf. XXXI.1; Hahn 1977, Taf. 58.7; Dutkiewicz 2021: Taf. 44.3; Conard & Bolus 2003, 2008",(XXXXXXXXXXX!) _ >>>> <<< >>>> <<<< >> _ > <<<<< >>>> <<<<<< >>>>,Very certain
vhc0161,,Aurignacien,Vogelherd,Vogelherd,vhc,Niederstotzingen-Stetten,Germany,48.559000,10.194000,precise,nespos.org,V,C14,"30162±1,340",H 4054-3210,35810±710,PL0001337A,1931,ivory,bâton percé,,237.0,41.0,13.0,almost complete,"This large perforated baton was found by Riek in layer V in 1931. The piece was likely not completed, as the photo shows the unprocessed surface of the broken shell clearly. Additionally, only one hole with the characteristic helical marking typical of Aurignacian perforated rods from the Swabian Aurignacian is present. This, along with the unfinished shape of the piece, suggests that it was discarded during production. However, this cannot be conclusively determined based on the photo alone. Unfortunately, the piece is lost, so no further information can be provided.","Riek 1934, Taf. XXX.1, Hahn 1977, Taf. 34.1; Dutkiewicz 2021: Taf. 49; Conard & Bolus 2003, 2008",vvv vvv,Uncertain
vhc0160,,Aurignacien,Vogelherd,Vogelherd,vhc,Niederstotzingen-Stetten,Germany,48.559000,10.194000,precise,nespos.org,IV,C14,30730±750,H 4053-3211,32030±280,OxA-18456,1931,antler,antler object (Mammuthus pr),,69.0,36.0,29.0,almost complete,"This object was discovered during Riek's excavations in 1931 in layer IV. The object has an elongated, oval outline. The cancellous bone structure is prominently visible on the top, while the back forms a curved smooth surface. At the pointed end, there is a perforation, which is now broken. This piece was likely worn as a pendant. The cancellous surface forms an oval field into which the relief depiction of a mammoth is inserted. Clearly visible are the trunk, the mouth, the front leg, and the abdominal line. The hind leg is only visible cranially, and towards the caudal end, the surface is too cancellous, making the outline not discernible. The back line starts approximately at the crown and runs in a strongly curved line to the base of the buttocks. The high-rising skull and the typical saddle in the neck are missing, and tusks are not represented. These features characterize this mammoth as a juvenile. Originally, ochre residues were visible in some grooves, depressions, and the broken loop (Riek 1934: 288), but these are no longer present today.","Riek 1934: 295-296; Dutkiewicz 2021: Taf. 40; Hahn 1977; Conard & Bolus 2003, 2008",|||| | _ | _ vv v _ |||| _ | ||,Very certain
vhc0159,,Aurignacien,Vogelherd,Vogelherd,vhc,Niederstotzingen-Stetten,Germany,48.559000,10.194000,precise,nespos.org,IV,C14,30730±750,H 4053-3211,32030±280,OxA-18456,1931,ivory,figurine zoomorph (Bison pris.),,72.0,53.0,14.0,fragmented,"Figurine of a steppe bison, discovered in layer IV in 1931. The left side is concavely broken along the growth seam of the ivory. Only the right side of the once fully plastic figurine is preserved. The entire outline is discernible, with only a fragment of the left side remaining in the crest area. The overall torso is robust and compact. The figurine has a prominent, strongly pronounced withers, unequivocally identifying the animal as a steppe bison (Bos priscus). The hump drops steeply to the rear, and the back line gently descends towards the buttocks. A tail attachment is not preserved. The thigh is large but only shallowly carved. The abdomen is rounded and hanging down. The front leg is not strongly modeled and begins below the chest. The legs, partially preserved, are very slim. The hind leg is steady, while the front leg is slightly forward, suggesting a slight walking stance. In the throat area, there is a dewlap typical of wild cattle, transitioning into the head. The head is not preserved. Overall, the torso is kept relatively flat, displaying few body details. Riek (1934: 288-290) describes fine red ochre traces that are no longer visible today.","Riek 1934: 288-290; Dutkiewicz 2021: Taf. 20a-20b; Hahn 1977; Conard & Bolus 2003, 2008",vvvv⚹vvvvvvvv _ ||||| _ ¤¤¤¤¤¤¤¤¤ _ [°°°°°°°°°°°°°°°°°°°°°°°°°°°°°°°°°°°°°°°°°°°°°°°°°°°°°°°°°°°°°°°°°°°°°°°°°°°!],Very certain
vhc0158,,Aurignacien,Vogelherd,Vogelherd,vhc,Niederstotzingen-Stetten,Germany,48.559000,10.194000,precise,nespos.org,IV,C14,30730±750,H 4053-3211,32030±280,OxA-18456,1931,ivory,figurine zoomorph (Panthera sp.),,87.0,34.0,11.0,fragmented,"Initially identified as a relief, the figurine of a feline was discovered in layer IV in 1931. Initially, only the left half of the body was preserved. In 2013, during subsequent excavations, a strongly rounded head was found. The preserved surface of the figurine is highly smoothed and exhibits a significant usage polish, causing all manufacturing traces, except for the rib area, to vanish completely. As a result, the figurine has a remarkable sheen. The outline of the animal is almost entirely preserved, with only the legs present in rudimentary forms. The torso is robust and elongated, but notably narrow in depth. The head is slightly lowered, followed by a short, thick neck transitioning into a robust neck/shoulder region. The biceps are clearly delineated and appear particularly powerful. The back line gently descends from the highest point on the crest towards the buttocks. The rear part of the animal is less robust, with the hind leg appearing flat, and the buttocks less pronounced. The most distinctive feature of this animal is the rib and abdominal region, where the surface curves inward significantly. The surface is strongly modeled, highlighting the separation of the head with its jaw muscles from the neck. The disproportionately long ears are semi-plastically worked into the body, with the left one positioned lower, and the right one visible in its upper part. The mouth is shaped with a deep incision that extends over the fracture edge to the rear part of the figurine. The eyes consist of nearly vertical, elongated incisions","Riek 1934: 290-292; Dutkiewicz 2021: Taf. 19a-19b; Hahn 1977; Conard & Bolus 2003, 2008",⊞ _ [°°°°°°°°°°°°°°°°°°°°°°°°°°°°°°°°°°°°°°°°°°°°°°°°°°°°°°°°°°°°°°°°°°°°°°°°°°°°°°°°°°°°°°°°°°°°°°°!] _V V _ V _ vv,Very certain
vhc0157,,Aurignacien,Vogelherd,Vogelherd,vhc,Niederstotzingen-Stetten,Germany,48.559000,10.194000,precise,nespos.org,V,C14,"30162±1,340",H 4054-3210,35810±710,PL0001337A,1931,ivory,figurine zoomorph (Mammuthus pr),,70.0,54.0,23.0,fragmented,"Discovered by Gustav Riek in layer V during 1931, the large mammoth figurine is preserved in two significant fragments that, unfortunately, cannot be connected. One fragment constitutes the hind legs and hip region, previously described by Riek as part of a mammoth figurine. He also found the front part but failed to recognize the correlation between both fragments. This is due to only the transition from head to neck, including the shoulder attachment, and the sole of the foot being preserved. The piece is conically broken along the growth line of the ivory, forming the center of a dentin cone. When assembled according to the growth rings, the presumed length of the figurine is at least 7 cm, with a height of 6 cm, making it one of the largest figures from the Swabian Aurignacian. The hind part is heavily weathered, with the two large growth lamellae running vertically through the figurine completely separated, and their edges broken. The surface is severely deteriorated, and a larger area has chipped off around the buttocks. In contrast, the front fragment is much better preserved. Although the original surface is only retained in the neck area and on the sole of the foot, it is hardly affected. Presumably, this figurine broke before being deposited in the sediment, explaining the differing degrees of weathering in both parts. Despite its fragmented state, the figurine is clearly identifiable as a mammoth. In this depiction, the front part forms the back, with the section that slopes steeper upward. It is also possible that the lower curve becomes the back, although in this projection, it does not meet the rear part of the back line in the expected curvature. The proposed reconstruction seems more plausible in this case. The head is separated from the towering shoulders by a clear depression in the neck area. The back line descends significantly toward the buttocks in the rear part. The columnar legs are positioned vertically beneath the animal, standing closely together, with a slight stepping posture of the hind legs indicated.","Riek 1934: 283-284; Dutkiewicz 2021: Taf. 17a-17b; Hahn 1977; Conard & Bolus 2003, 2008",!{| |||}vvv! _ !||| _ vvvv _ vvv _ vv _ || _ ||||| _ |||| _ ! ||| _ v _ |! _ ||||| _ X! _ XX,Certain
vhc0156,,Aurignacien,Vogelherd,Vogelherd,vhc,Niederstotzingen-Stetten,Germany,48.559000,10.194000,precise,nespos.org,IV,C14,30730±750,H 4053-3211,32030±280,OxA-18456,1931,ivory,figurine anthropomorph,,69.0,19.0,10.0,fragmented,"""This anthropomorphic figurine was found in layer IV during the 1931 excavations. The left half of the figure is completely preserved, extending beyond the central axis. Riek (1934: 292-295) discusses whether this might be a semi-finished product. Arguments in favor include the only vaguely worked and not further shaped or reworked head, as well as the rough and completely unsmoothed leg/knee area. However, the rows of dots on the body suggest careful surface reworking. It is possible that this figurine was intentionally left partially unfinished, unlike other figures from Vogelherd. The figurine is worked along the longitudinal axis of the ivory. Both ends were notched and then broken off. The neck area is roughly cut, while the body is rounded and bears markings. Although the torso is smoothed, numerous tool marks are visible. The head is narrow and set off from the body by a deep notch. The eye, ear, and mouth are schematically represented by notches. It is notable that the top of the head is recessed, creating the impression of pointed ears (animal ears) protruding upwards when viewed from the front. The body is long and cylindrical, with no further details except for a slight indentation in the area of the cross. The lower abdomen is depicted strongly shortened. Below the waist, the buttocks area slightly protrudes. Legs are not represented, and the figurine is provided with a button-like, unworked thickening at its lower end. The figurine overall appears very static and schematic. The identification as a human figure is given by the upright, elongated body shape, the absence of front and hind legs typically found in an animal figure, the head sitting vertically on the body axis, and the thinning of the waist in the area of the back.""","Riek 1934: 292-295; Dutkiewicz 2021: Taf. 18; Hahn 1977; Conard & Bolus 2003, 2008",°°°° °°° _ °°°°°°°° _ v°°°°°°°° _ Vv,Certain
vhc0155,,Aurignacien,Vogelherd,Vogelherd,vhc,Niederstotzingen-Stetten,Germany,48.559000,10.194000,precise,nespos.org,V,C14,"30162±1,340",H 4054-3210,35810±710,PL0001337A,1931,ivory,figurine zoomorph (undet.),,64.0,26.0,17.0,fragmented,"This prominently adorned figurine was discovered during the 1931 excavations in layer V. The figurine is crafted along the direction of the ivory's growth. The entire surface is extensively reworked and polished. The markings also appear highly polished, suggesting that this figurine was used over an extended period. Primarily, the left half of the body is preserved. The head and tail are missing. At the location where the neck should attach, the surface is completely smoothed and marked. The right front leg is only present at the base, and the right hind leg is preserved as a stump. The left limbs are present up to approximately the knee region. The central lamella is only preserved in the front half of the body. Despite being strongly fragmented, the outlines are clearly discernible. The torso is noticeably elongated and cylindrical. The back line slopes slightly backward, and there is a small depression in the lumbar region. The pelvic region protrudes distinctly. Toward the buttocks, the back line slopes slightly angularly without showing a tail attachment. The belly is slightly sagging. The front legs are very thin and detached from the body. The thigh of the well-preserved hind leg is distinctly separated from the torso, and both hind legs are slender. A slight stepping posture is recognizable. According to Riek (1934), due to the elongated body shape and especially the thin legs, this represents a cervid, more specifically a reindeer (Rangifer tarandus). Hahn (1986) also considers a felid as a possibility. The absence of the neck and head makes it challenging to precisely identify the depicted species.","Riek 1934: 285-286, AABW 2015; Dutkiewicz 2021: Taf. 16a-16b; Hahn 1977; Conard & Bolus 2003, 2008",!vvvvvvvvvvv _ vvvvvvvv! _ vvvvvv!v _ vvvvvvvvvvvvvv _ |||| _ [CCCC] _ [CCCC] _ v!vvvXX\! _ v!vvvvv _ !vvvvv! _ \\\ _ vvv _ vvvv _ ≠ _ /// _ vvv _ \\\\ _ /// _ vvvv _ v! _ ///,Very certain
vhc0154,,Aurignacien,Vogelherd,Vogelherd,vhc,Niederstotzingen-Stetten,Germany,48.559000,10.194000,precise,nespos.org,V,C14,"30162±1,340",H 4054-3210,35810±710,PL0001337A,1931,ivory,figurine zoomorph (undet.),,65.0,26.0,11.0,fragmented,"Figurine of a lion or a bear. Along the growth line, it has cracked, and only the right half of the body is preserved. The outline of the torso is fully recognizable. The two right limbs are only present in part. Only the right ear, cheek, and eye of the head are preserved. The surface is lightly weathered, and small areas are partially chipped. The body of the animal is elongated. The upper parts of both limbs – shoulder and thigh – are particularly voluminous, creating the impression of a very slender structure. The front leg is slightly bent forward, while the hind leg stands vertically under the body. The tail is small and stubby. The withers are noticeably arched. From there, the long, slender, and stretched neck begins. The head is lowered, the ear is slightly laid back, and it stands slightly away from the head. The eye is positioned just below. The muzzle and the lower part of the head are not preserved. It is not entirely clear which species is represented here. Riek (1934) suggests, based on the body posture, the massive upper limbs, and the stubby tail, an interpretation as a bear. Hahn (1986), on the other hand, rules out a depiction of a bear and interprets this figure as a rhinoceros or a felid. With the discovery of the head, an interpretation as a rhinoceros can now be ruled out. The body shape suggests a bear, while the long neck and the ear and eye area, as well as the overall slender head, lean towards a felid. The muzzle portion, which would enable a precise identification of the depicted species, is not preserved.","Riek 1934: 287, AABW 2012; Dutkiewicz 2021: Taf. 15; Hahn 1977; Conard & Bolus 2003, 2008",≠ _ |||||,Certain
vhc0153,,Aurignacien,Vogelherd,Vogelherd,vhc,Niederstotzingen-Stetten,Germany,48.559000,10.194000,precise,nespos.org,V,C14,"30162±1,340",H 4054-3210,35810±710,PL0001337A,1931,ivory,rod/bâton,,60.0,10.0,10.0,fragmented,"Wide, flat, and partially preserved cylindrical rod fragment.","Riek 1934, Taf. XXIX.9; Hahn 1977, Taf. 34.2; Dutkiewicz 2021: Taf. 51.7; Conard & Bolus 2003, 2008",|||| || | | | _ |||| || | | | _ | _ ||||| | | | _ !||| ||,Certain
vhc0152,,Aurignacien,Vogelherd,Vogelherd,vhc,Niederstotzingen-Stetten,Germany,48.559000,10.194000,precise,nespos.org,V,C14,"30162±1,340",H 4054-3210,35810±710,PL0001337A,1931,ivory,bâton percé,,133.0,31.0,10.0,almost complete,"The strongly fragmented perforated rod was found by Riek in 1931 in AH V and referred to by him as 'chest jewelry' (Riek 1934: 159-160). Today, it is lost, so the description of the markings is based on the information and photos provided by Riek and the drawing by Hahn (1977). The identification as a perforated rod is based on the thread-like markings around the two preserved holes.","Riek 1934, Taf. XXIX.20, Hahn 1977, Taf. 37.1; Dutkiewicz 2021: Taf. 48; Conard & Bolus 2003, 2008",|||| _ //\\\ _ \\/// _ //,Uncertain
vhc0151,,Aurignacien,Vogelherd,Vogelherd,vhc,Niederstotzingen-Stetten,Germany,48.559000,10.194000,precise,nespos.org,V,C14,"30162±1,340",H 4054-3210,35810±710,PL0001337A,1931,fossil,undetermined,,77.0,24.0,26.0,almost complete,Fragment of a Lias ammonite.,"Riek 1934, Taf. XXIX.14; Dutkiewicz 2021: Taf. 58.2-4; Hahn 1977; Conard & Bolus 2003, 2008",v v vvv vv,Very certain
vhc0150,,Aurignacien,Vogelherd,Vogelherd,vhc,Niederstotzingen-Stetten,Germany,48.559000,10.194000,precise,nespos.org,V,C14,"30162±1,340",H 4054-3210,35810±710,PL0001337A,1931,bone,spatula/lissoir,,77.0,12.0,5.0,almost complete,second part of lissoir 38/68-90.1. Coding see vhc0049,"Riek 1934, Taf. XXIX.12; Hahn 1977, Taf. 34.4; Dutkiewicz 2021: Taf. 42.3-4; Conard & Bolus 2003, 2008",,
vhc0149,,Aurignacien,Vogelherd,Vogelherd,vhc,Niederstotzingen-Stetten,Germany,48.559000,10.194000,precise,nespos.org,IV,C14,30730±750,H 4053-3211,32030±280,OxA-18456,1931,ivory,undetermined,,38.0,14.0,5.0,fragmented,Ivory fragment,"Dutkiewicz 2021: Taf. 55.5; Hahn 1977; Conard & Bolus 2003, 2008",!|||||||,Very certain
vhc0148,,Aurignacien,Vogelherd,Vogelherd,vhc,Niederstotzingen-Stetten,Germany,48.559000,10.194000,precise,nespos.org,,C14,26160±150,KIA 8957,35810±710,PL0001337A,1950,sandstone,possible figurine,,54.0,40.0,32.0,complete,"It is a completely preserved object made of sandstone, but it has modern damage. Riek describes that the piece is made from a cobble, from which a part was struck off to obtain a flat side. The object has an elongated, strongly bulging outline and a flat side. There is a perforation at one of the edges. Riek interprets this figurine as a representation of a mammoth, while Hahn, due to the ambiguity of the depiction, labels this piece as a pendant.","Riek 1954; Hahn 1986: 98-104; Dutkiewicz 2021: Taf. 30; Conard & Bolus 2003, 2008",vvvvvvvvvvv _ [vvvvvvvvvvvvvvvvvvvvvvvv] _ [vvvvvvvvvvvvvvvvvvvvvvvvv],Very certain
vhc0147,,Aurignacien,Vogelherd,Vogelherd,vhc,Niederstotzingen-Stetten,Germany,48.559000,10.194000,precise,nespos.org,V,C14,"30162±1,340",H 4054-3210,35810±710,PL0001337A,1931,ivory,figurine zoomorph (Panthera sp.),,68.0,24.0,14.0,fragmented,"This figurine was discovered during the 1931 excavations in layer V. The right half of the animal is largely intact, with only the cheek and neck chipped. In contrast, the left half is missing the crown and the leg. The other three legs are only present at the base. Two longitudinal cracks run through the body. The surface is heavily weathered in many areas. Where well-preserved, there is evidence of careful reworking and polishing. Although large pieces of the figurine are missing, the outline is completely preserved. The depiction is of a felid with a head extended far forward. It is unclear whether this represents a cave lion (Panthera leo spelea) or a snow leopard (Panthera uncia). The slender silhouette of the figurine favors the latter, although it cannot be ruled out that a female or young cave lion could have had such a slim body shape. The body is elongated with a straight back line. Only the withers slightly arch upwards. The hip and hind leg are separated from the body. It is possible that the base of a tail is preserved, but this cannot be determined with certainty. The leg attachments extend vertically downward, indicating that the animal is depicted standing still in place. The face is stretched forward. Both eyes gaze forward, and the preserved ear is laid back. The nose of the animal is separated from the mouth by a line. Interestingly, two additional incisions follow below, although only one is necessary anatomically to represent the mouth. It is possible that the animal is depicted with an open mouth. A cleft lip is not discernible.","Riek 1934: 286-287; Hahn 1986; Dutkiewicz 2021: Taf. 14; Hahn 1977; Conard & Bolus 2003, 2008",|||||X _ (!°°°°°°°°°°°°°°°°°°°°°°°°°°°°°°°°°°°!) _ (!°°°°°°°°°°°°°°°°°!) _ ||||,Very certain
vhc0146,,Aurignacien,Vogelherd,Vogelherd,vhc,Niederstotzingen-Stetten,Germany,48.559000,10.194000,precise,nespos.org,V,C14,"30162±1,340",H 4054-3210,35810±710,PL0001337A,1931,ivory,figurine zoomorph (Equus ferus),,48.0,25.0,8.0,fragmented,"The depiction of the wild horse was also found in layer V during the 1931 excavations. The surface is remarkably smooth and exhibits polishing in several areas. Like the mammoth figurine discussed above, the wild horse also has a distinct bluish tint, a result of mineral deposition during burial in the ground. The horse is particularly elegant and expressive. The noticeably lowered head is narrow and, when viewed from the front, has a slight S-curve. The nostrils, mouth, eyes, and ears are anatomically accurate. The ears are slightly pointed and lie close to the head. The cheeks are well-defined. The mane appears to be a standing mane typical of wild horses, but it is only present in the head area, between the two ears. Towards the back, it transitions into the neck and is inseparable from the body. The neck is curved and separated from the withers by a bend. The body is slender with detailed muscle features. The belly hangs slightly. The tail is only partially worked, with no tail hairs. The right front leg points slightly forward, as if the animal were taking a step. The hind leg points slightly backward. The distance between the limbs of the two halves of the body appears to have been very small. Hahn (1986: 78-79) speculates that, like the mammoth described above, the horse could have had a perforation between the front and hind legs.","Riek 1934: 284-285; Hahn 1986; Dutkiewicz 2021: Taf. 13; Hahn 1977; Conard & Bolus 2003, 2008",XXXXXXXXXXXXX _ vvvvvvvvvvvvvvvvv,Very certain
vhc0145,,Aurignacien,Vogelherd,Vogelherd,vhc,Niederstotzingen-Stetten,Germany,48.559000,10.194000,precise,nespos.org,V,C14,"30162±1,340",H 4054-3210,35810±710,PL0001337A,1931,ivory,figurine zoomorph (Mammuthus pr),,50.0,32.0,22.0,almost complete,"The nearly complete mammoth figurine was found in the Vogelherd during the 1931 excavations in the Aurignacian-layer V. This figurine is mostly well-preserved. The lower section of the trunk, which was adjacent to the front legs, is broken, and the soles of the hind limbs are freshly chipped. The surface is highly polished but still shows some tool marks. The noticeable grayish-blue patina covering the entire figurine was formed through the deposition of minerals during deposition in the ground. The mammoth is depicted in a round and voluminous manner, with a dome-like head slightly offset from the face. Eyes and ears are finely carved with impressive anatomical accuracy. The trunk is not preserved in the middle part, slightly extending from the body and touching the feet at the bottom, as evidenced by a small material residue. The tusks are not represented, but a mouth is clearly visible. The neck is deeply saddled, the shoulders protrude high, and the back line falls straight to the buttocks. The tail is short and only slightly indicated. The front and hind legs are slender compared to the body mass and are slightly stretched forward and backward, respectively. Additionally, the soles of the feet touch each other; this is not a natural standing posture for a mammoth. There are small perforations between the front and hind limbs, each showing signs of use-polishing, suggesting they served as loops for a cord.","Riek 1934: 281-283; Hahn 1986; Dutkiewicz E2021: Taf. 12a-12b; Hahn 1977; Conard & Bolus 2003, 2008",(/X)XXXXXYYY _ X(XX) _ (X/X)XXXX _ XVXXY _ °°° _ °°°°°°° _ XXXX _ >>>XXX _ ⊞ _ XXXXX,Very certain
vhc0144,,Aurignacien,Vogelherd,Vogelherd,vhc,Niederstotzingen-Stetten,Germany,48.559000,10.194000,precise,nespos.org,IV,C14,30730±750,H 4053-3211,32030±280,OxA-18456,1931,ivory,figurine zoomorph,,62.0,23.0,8.0,fragmented,"This is a larger ivory lamella that has cracked along the natural growth line, indicating the use of weathered ivory. On the inner concave surface, there is a surface-filling decoration. This decoration is reminiscent of the markings on the fish representation, which is why this piece is considered a possible additional fish representation. If this is indeed a fish, it is depicted in a highly abstract manner.","Wolf 2015, Taf. 37.2; Dutkiewicz 2021: Taf. 28.1; Hahn 1977; Conard & Bolus 2003, 2008",– – – – – _ !/////////////////! _ !///////////////!,Very certain
vhc0169,,Aurignacien,Vogelherd,Vogelherd,vhc,Niederstotzingen-Stetten,Germany,48.559000,10.194000,precise,nespos.org,IV,C14,30730±750,H 4053-3211,32030±280,OxA-18456,1931,bone,spatula/lissoir,,47.0,8.0,5.0,fragmented,"This is a medial, lateral fragment of a smoother made from a large herbivore's rib, which was found in Layer IV in 1931.","Hahn 1977, Taf. 59.2; Dutkiewicz 2021: Taf. 45.2; Conard & Bolus 2003, 2008",vvvvvvvvvv!,Very certain
vhc0143,,Aurignacien,Vogelherd,Vogelherd,vhc,Niederstotzingen-Stetten,Germany,48.559000,10.194000,precise,nespos.org,V,C14,"30162±1,340",H 4054-3210,35810±710,PL0001337A,1931,bone,undetermined,,60.0,10.0,2.0,almost complete,Fragment of a thin tubular bone with rounded edges.,"Riek 1934, Taf. XXIX.18; Hahn 1977, Taf. 34.3; Dutkiewicz 2021: Taf. 58.1; Conard & Bolus 2003, 2008",vvv vvvv,Very certain
vhc0142,,Aurignacien,Vogelherd,Vogelherd,vhc,Niederstotzingen-Stetten,Germany,48.559000,10.194000,precise,nespos.org,IV,C14,30730±750,H 4053-3211,32030±280,OxA-18456,1931,ivory,undetermined,,81.0,28.0,17.0,fragmented,"Large fragment of a tusk, of which the innermost cone is preserved; it was likely found in AH IV in 1931. An elongated, thick lamellar fragment, found in the spoil heap during subsequent excavations in 2012, fits into it. Presumably, it is a piece from which a larger flake has been detached. On the slightly concave flake negative, there are 40 lines distributed in a broad engraving over the entire preserved surface.","AABW 2012; Wolf 2015, Taf. 36.1; Dutkiewicz 2021: Taf. 55.6-8; Hahn 1977; Conard & Bolus 2003, 2008",!≠!,Certain
vhc0141,,Aurignacien,Vogelherd,Vogelherd,vhc,Niederstotzingen-Stetten,Germany,48.559000,10.194000,precise,nespos.org,HL/KS,C14,26160±150,KIA 8957,35810±710,PL0001337A,2009,bone,tube/flute,,19.0,4.0,2.0,fragmented,Fragment of a thin tubular bone.,"Dutkiewicz 2021: Taf. 36.17; Conard & Bolus 2003, 2008",!vvvv!,Very certain
vhc0140,,Aurignacien,Vogelherd,Vogelherd,vhc,Niederstotzingen-Stetten,Germany,48.559000,10.194000,precise,nespos.org,HL/KS,C14,26160±150,KIA 8957,35810±710,PL0001337A,2008,ivory,rod/bâton,,13.0,4.0,4.0,fragmented,Very thin round rod made of ivory.,"Dutkiewicz 2021: Taf. 51.18; Conard & Bolus 2003, 2008",!vvv!,Very certain
vhc0139,,Aurignacien,Vogelherd,Vogelherd,vhc,Niederstotzingen-Stetten,Germany,48.559000,10.194000,precise,nespos.org,HL/KS,C14,26160±150,KIA 8957,35810±710,PL0001337A,2012,ivory,undetermined,,45.0,18.0,7.0,fragmented,Ivory fragment (cementum).,"Dutkiewicz 2021: Taf. 57.16; Conard & Bolus 2003, 2008",!| || |!,Certain
vhc0138,,Aurignacien,Vogelherd,Vogelherd,vhc,Niederstotzingen-Stetten,Germany,48.559000,10.194000,precise,nespos.org,HL/KS,C14,26160±150,KIA 8957,35810±710,PL0001337A,2010,bone,tube/flute,,17.0,6.0,3.0,fragmented,Fragment of a thin tubular bone (bird?).,"AABW 2014; Dutkiewicz 2021: Taf. 36.16; Conard & Bolus 2003, 2008",!vvvv! _ !vvvvv!,Very certain
vhc0137,,Aurignacien,Vogelherd,Vogelherd,vhc,Niederstotzingen-Stetten,Germany,48.559000,10.194000,precise,nespos.org,HL/KS,C14,26160±150,KIA 8957,35810±710,PL0001337A,2010,ivory,possible flute,,14.0,4.0,2.0,fragmented,Heavily weathered fragment of a possible ivory flute.,"AABW 2014; Dutkiewicz 2021: Taf. 32.17; Conard & Bolus 2003, 2008",!vvv!,Very certain
vhc0136,,Aurignacien,Vogelherd,Vogelherd,vhc,Niederstotzingen-Stetten,Germany,48.559000,10.194000,precise,nespos.org,HL/KS,C14,26160±150,KIA 8957,35810±710,PL0001337A,2010,bone,flute,,15.0,6.0,2.0,fragmented,Fragment of the top of a bone flute with a partially preserved finger hole.,"AABW 2014; Dutkiewicz 2021: Taf. 34.11; Conard & Bolus 2003, 2008",||!,Very certain
vhc0135,,Aurignacien,Vogelherd,Vogelherd,vhc,Niederstotzingen-Stetten,Germany,48.559000,10.194000,precise,nespos.org,HL/KS,C14,26160±150,KIA 8957,35810±710,PL0001337A,2010,bone,spatula/lissoir,,30.0,10.0,5.0,fragmented,"Terminal fragment of a flat, rod-like object with a thicker, rounded end.","AABW 2010; Dutkiewicz 2021: Taf. 45.3; Conard & Bolus 2003, 2008",(/XXXX!) _ (XXXX!) _ >>! _,Certain
vhc0134,,Aurignacien,Vogelherd,Vogelherd,vhc,Niederstotzingen-Stetten,Germany,48.559000,10.194000,precise,nespos.org,HL/KS,C14,26160±150,KIA 8957,35810±710,PL0001337A,2010,bone,possible figurine,,11.0,4.0,4.0,fragmented,Elongated bone fragment with a weathered surface.,"Dutkiewicz 2021: Taf. 29.12; Conard & Bolus 2003, 2008",!XX!,Certain
vhc0133,,Aurignacien,Vogelherd,Vogelherd,vhc,Niederstotzingen-Stetten,Germany,48.559000,10.194000,precise,nespos.org,HL/KS,C14,26160±150,KIA 8957,35810±710,PL0001337A,2005,bone,flute,,17.0,5.0,2.0,fragmented,Small fragment of a bone flute.,"AABW 2005; Dutkiewicz 2021: Taf. 34.10; Conard & Bolus 2003, 2008",v,Certain
vhc0132,,Aurignacien,Vogelherd,Vogelherd,vhc,Niederstotzingen-Stetten,Germany,48.559000,10.194000,precise,nespos.org,HL/KS,C14,26160±150,KIA 8957,35810±710,PL0001337A,2011,bone,awl,,52.0,11.0,8.0,almost complete,"A nearly complete bone awl. The tip and a portion of the base are missing. The awl is finely crafted, with a straight shaft that terminates in a carefully worked point. The base is noticeably thickened, with two bulges on the sides resembling shoulders. The awl is adorned with markings all around.","AABW 2011; Dutkiewicz 2021: Taf. 46.3; Conard & Bolus 2003, 2008",|||||| _ vvvv vvv _ ||||! _ vvvv vv,Very certain
vhc0131,,Aurignacien,Vogelherd,Vogelherd,vhc,Niederstotzingen-Stetten,Germany,48.559000,10.194000,precise,nespos.org,HL/KS,C14,26160±150,KIA 8957,35810±710,PL0001337A,2005,bone,tube/flute,,17.0,7.0,4.0,fragmented,Terminal fragment of a severed tubular bone.,"AABW 2005; Dutkiewicz 2021: Taf. 36.15; Conard & Bolus 2003, 2008",≠! _ vv _ vv,Uncertain
vhc0130,,Aurignacien,Vogelherd,Vogelherd,vhc,Niederstotzingen-Stetten,Germany,48.559000,10.194000,precise,nespos.org,HL/KS,C14,26160±150,KIA 8957,35810±710,PL0001337A,2011,bone,tube/flute,,21.0,6.0,2.0,fragmented,Fragment of a thin tubular bone.,"Dutkiewicz 2021: Taf. 36.13; Conard & Bolus 2003, 2008",!vv!,Certain
vhc0129,,Aurignacien,Vogelherd,Vogelherd,vhc,Niederstotzingen-Stetten,Germany,48.559000,10.194000,precise,nespos.org,HL/KS,C14,26160±150,KIA 8957,35810±710,PL0001337A,2011,bone,tube/flute,,15.0,5.0,4.0,fragmented,Fragment of a tiny tubular bone (undetermined animal species).,"Dutkiewicz 2021: Taf. 36.14; Conard & Bolus 2003, 2008",vvvv _ vvvv,Very uncertain
vhc0128,,Aurignacien,Vogelherd,Vogelherd,vhc,Niederstotzingen-Stetten,Germany,48.559000,10.194000,precise,nespos.org,HL/KS,C14,26160±150,KIA 8957,35810±710,PL0001337A,2011,ivory,undetermined,,12.0,7.0,3.0,fragmented,"Tiny, black discolored ivory fragment.","Dutkiewicz 2021: Taf. 57.15; Conard & Bolus 2003, 2008",!||!,Certain
vhc0127,,Aurignacien,Vogelherd,Vogelherd,vhc,Niederstotzingen-Stetten,Germany,48.559000,10.194000,precise,nespos.org,HL/KS,C14,26160±150,KIA 8957,35810±710,PL0001337A,2005,bone,tube/flute,,20.0,7.0,4.0,fragmented,Fragment of a thin tubular bone (bird?).,"AABW 2005; Dutkiewicz 2021: Taf. 36.12; Conard & Bolus 2003, 2008",!vvv! _ !vvv!,Certain
vhc0126,,Aurignacien,Vogelherd,Vogelherd,vhc,Niederstotzingen-Stetten,Germany,48.559000,10.194000,precise,nespos.org,HL/KS,C14,26160±150,KIA 8957,35810±710,PL0001337A,2011,bone,undetermined,,18.0,5.0,2.0,fragmented,Semi-tubular bone fragment.,"Dutkiewicz 2021: Taf. 59.18; Conard & Bolus 2003, 2008",!vvvvvvv!,Uncertain
vhc0125,,Aurignacien,Vogelherd,Vogelherd,vhc,Niederstotzingen-Stetten,Germany,48.559000,10.194000,precise,nespos.org,HL/KS,C14,26160±150,KIA 8957,35810±710,PL0001337A,2011,ivory,undetermined,,8.0,5.0,3.0,fragmented,Tiny heavily weathered ivory fragment.,"Dutkiewicz 2021: Taf. 57.14; Conard & Bolus 2003, 2008",!vvv!,Uncertain
vhc0124,,Aurignacien,Vogelherd,Vogelherd,vhc,Niederstotzingen-Stetten,Germany,48.559000,10.194000,precise,nespos.org,HL/KS,C14,26160±150,KIA 8957,35810±710,PL0001337A,2011,bone,undetermined,,39.0,7.0,2.0,fragmented,Fragment of a thin tubular bone.,"AABW 2014; Dutkiewicz 2021: Taf. 59.17; Conard & Bolus 2003, 2008",vvvvvv,Very certain
vhc0123,,Aurignacien,Vogelherd,Vogelherd,vhc,Niederstotzingen-Stetten,Germany,48.559000,10.194000,precise,nespos.org,HL/KS,C14,26160±150,KIA 8957,35810±710,PL0001337A,2011,ivory,rod/bâton,,25.0,6.0,5.0,fragmented,"Heavily fragmented, thin ivory cylindrical rod.","AABW 2014; Dutkiewicz 2021: Taf. 51.17; Conard & Bolus 2003, 2008",vvvv vvv vv! _ vvv v vvvv _ vvv! _ !v vv v v v v v! _ v v v v v _ !vvvv! _ !>>>>>>>!,Uncertain
vhc0122,,Aurignacien,Vogelherd,Vogelherd,vhc,Niederstotzingen-Stetten,Germany,48.559000,10.194000,precise,nespos.org,HL/KS,C14,26160±150,KIA 8957,35810±710,PL0001337A,2006,bone,tube/flute,,11.0,6.0,2.0,fragmented,Tiny fragment of a tubular bone (undetermined animal species).,"Dutkiewicz 2021: Taf. 36.11; Conard & Bolus 2003, 2008",v!,Very certain
vhc0121,,Aurignacien,Vogelherd,Vogelherd,vhc,Niederstotzingen-Stetten,Germany,48.559000,10.194000,precise,nespos.org,HL/KS,C14,26160±150,KIA 8957,35810±710,PL0001337A,2006,bone,tube/flute,,36.0,11.0,3.0,fragmented,Humerus of a bird.,"Dutkiewicz 2021: Taf. 36.10; Conard & Bolus 2003, 2008",!v v v!,Certain
vhc0120,,Aurignacien,Vogelherd,Vogelherd,vhc,Niederstotzingen-Stetten,Germany,48.559000,10.194000,precise,nespos.org,HL/KS,C14,26160±150,KIA 8957,35810±710,PL0001337A,2011,ivory,possible figurine,,12.0,4.0,2.0,fragmented,"The original surface of this small, heavily fragmented elongated ivory fragment is only preserved on the narrow side. It features a grid pattern that is noticeably deeply cut.","Dutkiewicz 2021: Taf. 29.10; Conard & Bolus 2003, 2008",(!XXXXX!),Uncertain
vhc0119,,Aurignacien,Vogelherd,Vogelherd,vhc,Niederstotzingen-Stetten,Germany,48.559000,10.194000,precise,nespos.org,HL/KS,C14,26160±150,KIA 8957,35810±710,PL0001337A,,ivory,possible figurine,,9.0,5.0,3.0,fragmented,"Elongated, cylindrical ivory fragment with a highly polished surface.","AABW 2014; Dutkiewicz 2021: Taf. 29.9; Conard & Bolus 2003, 2008",!v vv v!,Very certain
vhc0118,,Aurignacien,Vogelherd,Vogelherd,vhc,Niederstotzingen-Stetten,Germany,48.559000,10.194000,precise,nespos.org,HL/KS,C14,26160±150,KIA 8957,35810±710,PL0001337A,2011,bone,flute,,19.0,4.0,3.0,fragmented,"Fragment of a miniature flute made from a thin and narrow tubular bone. Only the upper surface of a medial fragment is preserved. Two finger holes are partially preserved, with parallel notches placed in between.","Dutkiewicz 2021: Taf. 34.7; Conard & Bolus 2003, 2008",v v vv v v,Very certain
vhc0117,,Aurignacien,Vogelherd,Vogelherd,vhc,Niederstotzingen-Stetten,Germany,48.559000,10.194000,precise,nespos.org,HL/KS,C14,26160±150,KIA 8957,35810±710,PL0001337A,2011,bone,tube/flute,,12.0,6.0,3.0,fragmented,Tiny fragment of a tubular bone.,"Dutkiewicz 2021: Taf. 36.9; Conard & Bolus 2003, 2008",!vvvvv!,Uncertain
vhc0116,,Aurignacien,Vogelherd,Vogelherd,vhc,Niederstotzingen-Stetten,Germany,48.559000,10.194000,precise,nespos.org,HL/KS,C14,26160±150,KIA 8957,35810±710,PL0001337A,2012,ivory,undetermined,,18.0,9.0,3.0,fragmented,"Thin, heavily weathered ivory plate.","AABW 2012; Wolf 2015, Taf. 42.20; Dutkiewicz 2021: Taf. 57.13; Conard & Bolus 2003, 2008",!⊞!,Certain
vhc0115,,Aurignacien,Vogelherd,Vogelherd,vhc,Niederstotzingen-Stetten,Germany,48.559000,10.194000,precise,nespos.org,HL/KS,C14,26160±150,KIA 8957,35810±710,PL0001337A,2012,ivory,undetermined,,11.0,4.0,2.0,fragmented,"Tiny, rod-shaped, heavily weathered ivory fragment.","Dutkiewicz 2021: Taf. 57.12; Conard & Bolus 2003, 2008",!vvvv!,Uncertain
vhc0114,,Aurignacien,Vogelherd,Vogelherd,vhc,Niederstotzingen-Stetten,Germany,48.559000,10.194000,precise,nespos.org,HL/KS,C14,26160±150,KIA 8957,35810±710,PL0001337A,2012,ivory,undetermined,,40.0,23.0,8.0,fragmented,Ivory fragment (cementum),"AABW 2012; Wolf 2015, Taf. 42.1; Dutkiewicz 2021: Taf. 57.11; Conard & Bolus 2003, 2008",!||||||!,Very certain
vhc0113,,Aurignacien,Vogelherd,Vogelherd,vhc,Niederstotzingen-Stetten,Germany,48.559000,10.194000,precise,nespos.org,HL/KS,C14,26160±150,KIA 8957,35810±710,PL0001337A,2012,bone,rod/bâton,,19.0,4.0,4.0,fragmented,"Heavily weathered, thin cylindrical bone rod.","Dutkiewicz 2021: Taf. 51.19; Conard & Bolus 2003, 2008",!vvv! _ !vvvv! _ vv!,Certain
vhc0112,,Aurignacien,Vogelherd,Vogelherd,vhc,Niederstotzingen-Stetten,Germany,48.559000,10.194000,precise,nespos.org,HL/KS,C14,26160±150,KIA 8957,35810±710,PL0001337A,2012,ivory,figurine zoomorph (Mammuthus pr),,14.0,11.0,8.0,fragmented,"A heavily weathered, cylindrically reshaped ivory fragment. It is clearly recognizable as the leg of a figure, most likely from a mammoth. The columnar shape and the cross on the sole of the foot strongly suggest its association with a mammoth.","AABW 2014; Dutkiewicz 2021: Taf. 27.8; Conard & Bolus 2003, 2008",vv _ X,Very certain
vhc0111,,Aurignacien,Vogelherd,Vogelherd,vhc,Niederstotzingen-Stetten,Germany,48.559000,10.194000,precise,nespos.org,DKS,C14,26160±150,KIA 8957,35810±710,PL0001337A,2012,ivory,possible figurine,,28.0,13.0,8.0,fragmented,"The heavily weathered, reshaped ivory fragment with an ornate cone-like protrusion.","AABW 2012; Dutkiewicz E2021: Taf. 29.8; Conard & Bolus 2003, 2008",?,Uncertain
vhc0110,,Aurignacien,Vogelherd,Vogelherd,vhc,Niederstotzingen-Stetten,Germany,48.559000,10.194000,precise,nespos.org,HL/KS,C14,26160±150,KIA 8957,35810±710,PL0001337A,2012,ivory,undetermined,,17.0,8.0,3.0,fragmented,Ivory fragment.,"Wolf 2015, Taf. 42.27; Dutkiewicz 2021: Taf. 57.10; Conard & Bolus 2003, 2008",vvv!,Very certain
vhc0109,,Aurignacien,Vogelherd,Vogelherd,vhc,Niederstotzingen-Stetten,Germany,48.559000,10.194000,precise,nespos.org,HL/KS,C14,26160±150,KIA 8957,35810±710,PL0001337A,2012,ivory,possible flute,,17.0,3.0,2.0,fragmented,Small possible fragment of an ivory flute.,"Dutkiewicz 2021: Taf. 32.16; Conard & Bolus 2003, 2008",!vvvvvvv!,Very certain
vhc0108,,Aurignacien,Vogelherd,Vogelherd,vhc,Niederstotzingen-Stetten,Germany,48.559000,10.194000,precise,nespos.org,HU/KS,C14,26160±150,KIA 8957,35810±710,PL0001337A,2005,bone,undetermined,,15.0,4.0,2.0,fragmented,Semi-tubular bone fragment.,"Dutkiewicz 2021: Taf. 59.16; Conard & Bolus 2003, 2008",!XXXX!,Uncertain
vhc0175,,Aurignacien,Vogelherd,Vogelherd,vhc,Niederstotzingen-Stetten,Germany,48.559000,10.194000,precise,nespos.org,HU/KS,C14,26160±150,KIA 8957,35810±710,PL0001337A,2005,ivory,rod/bâton,,18.0,5.0,3.0,fragmented,Very thin round rod.,"AABW 2005; Dutkiewicz 2021: Taf. 51.16; Conard & Bolus 2003, 2008",vvv,Very certain
vhc0107,,Aurignacien,Vogelherd,Vogelherd,vhc,Niederstotzingen-Stetten,Germany,48.559000,10.194000,precise,nespos.org,HL/KS,C14,26160±150,KIA 8957,35810±710,PL0001337A,2005,ivory,rod/bâton,,29.0,12.0,5.0,fragmented,Heavily weathered cylindrical rod fragment.,"AABW 2005; Dutkiewicz 2021: Taf. 51.15; Conard & Bolus 2003, 2008",/ \ _ |||! _ ||!,Certain
vhc0106,,Aurignacien,Vogelherd,Vogelherd,vhc,Niederstotzingen-Stetten,Germany,48.559000,10.194000,precise,nespos.org,DL/KS,C14,26160±150,KIA 8957,35810±710,PL0001337A,2005,ivory,possible figurine,,17.0,8.0,3.0,fragmented,Elongated ivory fragment with a strong whitish to black patina.,"AABW 2005; Dutkiewicz 2021: Taf.29.7; Conard & Bolus 2003, 2008",!⊞!,Certain
vhc0105,,Aurignacien,Vogelherd,Vogelherd,vhc,Niederstotzingen-Stetten,Germany,48.559000,10.194000,precise,nespos.org,HL/KS,C14,26160±150,KIA 8957,35810±710,PL0001337A,2006,ivory,possible flute,,13.0,2.0,2.0,fragmented,Heavily weathered possible ivory flute fragment.,"AABW 2014; Wolf 2015, Taf. 42.29; Dutkiewicz 2021: Taf. 32.15; Conard & Bolus 2003, 2008",!vvvvvvv!,Certain
vhc0104,,Aurignacien,Vogelherd,Vogelherd,vhc,Niederstotzingen-Stetten,Germany,48.559000,10.194000,precise,nespos.org,HL/KS,C14,26160±150,KIA 8957,35810±710,PL0001337A,2006,ivory,undetermined,,9.0,2.0,2.0,fragmented,Tiny cone-shaped ivory fragment.,"Dutkiewicz 2021: Taf. 57.9; Conard & Bolus 2003, 2008",!vvv! _ !vv! _ !vv! _ !vvv!,Certain
vhc0103,,Aurignacien,Vogelherd,Vogelherd,vhc,Niederstotzingen-Stetten,Germany,48.559000,10.194000,precise,nespos.org,HL/KS,C14,26160±150,KIA 8957,35810±710,PL0001337A,2006,bone,undetermined,,18.0,5.0,2.0,fragmented,Semi-tubular bone fragment.,"Dutkiewicz 2021: Taf. 59.15; Conard & Bolus 2003, 2008",!vvvvvv!,Uncertain
vhc0102,,Aurignacien,Vogelherd,Vogelherd,vhc,Niederstotzingen-Stetten,Germany,48.559000,10.194000,precise,nespos.org,HL/KS,C14,26160±150,KIA 8957,35810±710,PL0001337A,2006,bone,undetermined,,8.0,8.0,2.0,fragmented,"Small, flat bone fragment.","Dutkiewicz 2021: Taf. 59.14; Conard & Bolus 2003, 2008",!|||! _ !vv! _ !vvv!,Certain
vhc0101,,Aurignacien,Vogelherd,Vogelherd,vhc,Niederstotzingen-Stetten,Germany,48.559000,10.194000,precise,nespos.org,HL/KS,C14,26160±150,KIA 8957,35810±710,PL0001337A,2007,ivory,possible figurine,,10.0,7.0,4.0,fragmented,Small cylindrical ivory fragment.,"Dutkiewicz 2021: Taf. 29.9; Conard & Bolus 2003, 2008",!vv! _ !v!,Certain
vhc0100,,Aurignacien,Vogelherd,Vogelherd,vhc,Niederstotzingen-Stetten,Germany,48.559000,10.194000,precise,nespos.org,HL/KS,C14,26160±150,KIA 8957,35810±710,PL0001337A,2008,bone,tube/flute,,10.0,6.0,2.0,fragmented,Tiny tubular bone fragment (undetermined species).,"Dutkiewicz 2021: Taf. 36.8; Conard & Bolus 2003, 2008",!vvv!,Certain
vhc0099,,Aurignacien,Vogelherd,Vogelherd,vhc,Niederstotzingen-Stetten,Germany,48.559000,10.194000,precise,nespos.org,DKS,C14,26160±150,KIA 8957,35810±710,PL0001337A,2008,ivory,undetermined,,28.0,8.0,2.0,fragmented,"Elongated, flat ivory fragment.","Wolf 2015, Taf. 42.10; Dutkiewicz 2021: Taf. 57.8; Conard & Bolus 2003, 2008",!////,Certain
vhc0098,,Aurignacien,Vogelherd,Vogelherd,vhc,Niederstotzingen-Stetten,Germany,48.559000,10.194000,precise,nespos.org,HL/KS,C14,26160±150,KIA 8957,35810±710,PL0001337A,2008,ivory,undetermined,,32.0,10.0,5.0,fragmented,Round rod-shaped ivory object.,"Dutkiewicz 2021: Taf. 57.7; Conard & Bolus 2003, 2008",|| ||,Certain
vhc0097,,Aurignacien,Vogelherd,Vogelherd,vhc,Niederstotzingen-Stetten,Germany,48.559000,10.194000,precise,nespos.org,HL/KS,C14,26160±150,KIA 8957,35810±710,PL0001337A,2006,bone,tube/flute,,25.0,6.0,2.0,fragmented,Fragment of a thin tubular bone.,"AABW 2015; Dutkiewicz 2021: Taf. 36.7; Conard & Bolus 2003, 2008",!⊞!,Certain
vhc0096,,Aurignacien,Vogelherd,Vogelherd,vhc,Niederstotzingen-Stetten,Germany,48.559000,10.194000,precise,nespos.org,HL/KS,C14,26160±150,KIA 8957,35810±710,PL0001337A,2006,ivory,undetermined,,18.0,5.0,4.0,fragmented,"The small, heavily weathered ivory fragment is triangular in shape and bears markings all around.","Wolf 2015, Taf. 42.21; Dutkiewicz 2021: Taf. 57.6; Conard & Bolus 2003, 2008",XX! _ vvvvvvvv! _ !vvvv!,Certain
vhc0095,,Aurignacien,Vogelherd,Vogelherd,vhc,Niederstotzingen-Stetten,Germany,48.559000,10.194000,precise,nespos.org,HL/KS,C14,26160±150,KIA 8957,35810±710,PL0001337A,2006,ivory,undetermined,,37.0,24.0,7.0,fragmented,Ivory fragment (tooth cementum).,"AABW 2012; Dutkiewicz 2021: Taf. 57.5; Conard & Bolus 2003, 2008",X,Very certain
vhc0094,,Aurignacien,Vogelherd,Vogelherd,vhc,Niederstotzingen-Stetten,Germany,48.559000,10.194000,precise,nespos.org,HL/KS,C14,26160±150,KIA 8957,35810±710,PL0001337A,2007,ivory,undetermined,,11.0,5.0,3.0,fragmented,"Small, heavily weathered ivory fragment in a triangular shape.","Dutkiewicz 2021: Taf. 57.4; Conard & Bolus 2003, 2008",!/X/! _ !<><><><!,Uncertain
vhc0093,,Aurignacien,Vogelherd,Vogelherd,vhc,Niederstotzingen-Stetten,Germany,48.559000,10.194000,precise,nespos.org,HL/KS,C14,26160±150,KIA 8957,35810±710,PL0001337A,2006,ivory,figurine undet.,,61.0,23.0,8.0,fragmented,"This elongated, flat fragment of an ivory figurine is heavily weathered. The original surface is only present in small parts.","AABW 2006; Dutkiewicz 2021: Taf. 26.7-8; Conard & Bolus 2003, 2008",!|||||! _ !|! _ !||!,Certain
vhc0092,,Aurignacien,Vogelherd,Vogelherd,vhc,Niederstotzingen-Stetten,Germany,48.559000,10.194000,precise,nespos.org,HL/KS,C14,26160±150,KIA 8957,35810±710,PL0001337A,2006,bone,undetermined,,16.0,3.0,2.0,fragmented,"Small, long, and narrow bone fragment.","Dutkiewicz 2021: Taf. 59.13; Conard & Bolus 2003, 2008",!vvv! _ !vvvvv!,Very certain
vhc0091,,Aurignacien,Vogelherd,Vogelherd,vhc,Niederstotzingen-Stetten,Germany,48.559000,10.194000,precise,nespos.org,HL/KS,C14,26160±150,KIA 8957,35810±710,PL0001337A,2006,ivory,possible figurine,,14.0,8.0,3.0,fragmented,Small reshaped ivory fragment.,"AABW 2007; Wolf 2015, Taf. 43.5; Dutkiewicz 2021: Taf. 29.5; Conard & Bolus 2003, 2008",!vvvvvvvvvv!,Very certain
vhc0174,,Aurignacien,Vogelherd,Vogelherd,vhc,Niederstotzingen-Stetten,Germany,48.559000,10.194000,precise,nespos.org,HL/KS,C14,26160±150,KIA 8957,35810±710,PL0001337A,2006,ivory,undetermined,,12.0,6.0,3.0,fragmented,Small ivory fragment.,"Wolf 2015, Taf. 42.26; Dutkiewicz 2021: Taf. 57.3; Conard & Bolus 2003, 2008",≠!,Certain
vhc0090,,Aurignacien,Vogelherd,Vogelherd,vhc,Niederstotzingen-Stetten,Germany,48.559000,10.194000,precise,nespos.org,HL/KS,C14,26160±150,KIA 8957,35810±710,PL0001337A,2006,ivory,figurine zoomorph,,37.0,28.0,12.0,complete,"This figurine has consistent proportions but is noticeably slim for a mammoth (Mammuthus primigenius). The front legs are pressed together and comparatively long and slender. The hind legs, also pressed together, are considerably shorter. The legs are stretched forward and backward, causing the soles of the feet not to lie flat when the figurine is placed on a flat surface. The soles of the feet are slightly widened compared to the legs, as observed in an elephant that steps on the ground. The head of the animal is domed. The saddle-like neck transitions into the towering hump, typical of adult mammoths. The backline descends steeply towards the buttocks. The tail is short and stubby. The torso is flat but well-proportioned. The abdomen hangs only slightly. The face of the animal is set off from the skull with a rounded depression. The cheekbones are clearly defined despite the small size of the figurine. The eyes are represented as barely discernible dots. The short ears lie diagonally above the eyes and are depicted as slightly triangular through short incisions. The tusks are not elaborated; only on the right side, a slight elevation is indicated between the trunk and the front leg, which can be interpreted as the beginning of a tusk or as the mouth. The trunk lies close to the body and extends to the front soles of the feet. When viewed from the front, it has a slight S-curve, adding a special liveliness to the representation despite its overall static nature.","AABW 2006; Dutkiewicz 2021: Taf. 22; Conard & Bolus 2003, 2008",vvvvvv _ ≠ _ ≠,Very certain
vhc0089,,Aurignacien,Vogelherd,Vogelherd,vhc,Niederstotzingen-Stetten,Germany,48.559000,10.194000,precise,nespos.org,HL/KS,C14,26160±150,KIA 8957,35810±710,PL0001337A,2006,ivory,undetermined,,17.0,7.0,4.0,fragmented,"Heavily weathered, reshaped ivory fragment.","Dutkiewicz 2021: Taf. 57.2; Conard & Bolus 2003, 2008",>>>>! _ >>!,Certain
vhc0088,,Aurignacien,Vogelherd,Vogelherd,vhc,Niederstotzingen-Stetten,Germany,48.559000,10.194000,precise,nespos.org,HL/KS,C14,26160±150,KIA 8957,35810±710,PL0001337A,2006,ivory,rod/bâton,,48.0,14.0,5.0,fragmented,Heavily fragmented round rod fragment.,"Dutkiewicz 2021: Taf. 51.14; Conard & Bolus 2003, 2008",!W!,Uncertain
vhc0087,,Aurignacien,Vogelherd,Vogelherd,vhc,Niederstotzingen-Stetten,Germany,48.559000,10.194000,precise,nespos.org,HL/KS,C14,26160±150,KIA 8957,35810±710,PL0001337A,2006,ivory,figurine zoomorph (Panthera sp.),,56.0,17.0,6.0,fragmented,"This figurine depicts a felid. The body is very narrow and elongated, with a horizontal backline. The withers are prominently set off from the back and arch upwards significantly. It appears as if the animal is creeping or stalking, as in this movement, this region in feline species arches strongly upward. Unfortunately, the legs are not preserved, so no further details about the animal's gait can be provided. The muscles of the shoulder and hindquarters are carefully modeled, and the tail is preserved at its base. The neck is long and stretched forward, with the head lowered, again suggesting the stalking posture of the animal. From the head, the forehead, the left ear, and the base of the right ear, as well as the left eye, are preserved. From the eye, a tear duct extends, as also depicted on the lion head. Despite the fragmentary state of preservation, the fine detailing of the head attests to the masterful artistry. Overall, this figurine gives the impression of being very delicate and slender.","AABW 2006; Dutkiewicz 2021: Taf. 23; Conard & Bolus 2003, 2008",(XXXXXXXXXXXXXXXXXXXXXXXXXXXXXX) _ °°°°°°°°°! _ °°°°°°! _ °! _ °! _ ¤¤¤¤¤¤,Certain
vhc0086,,Aurignacien,Vogelherd,Vogelherd,vhc,Niederstotzingen-Stetten,Germany,48.559000,10.194000,precise,nespos.org,HL/KS,C14,26160±150,KIA 8957,35810±710,PL0001337A,2006,bone,undetermined,,,,,fragmented,Semi-tubular bone fragment.,"Dutkiewicz 2021: Taf. 59.12; Conard & Bolus 2003, 2008",!v vv vv!,Certain
vhc0172,,Aurignacien,Vogelherd,Vogelherd,vhc,Niederstotzingen-Stetten,Germany,48.559000,10.194000,precise,nespos.org,HL/KS,C14,26160±150,KIA 8957,35810±710,PL0001337A,2008,ivory,rod/bâton,,11.0,10.0,3.0,fragmented,"Short, heavily weathered round rod fragment with irregular cut marks all around.","Wolf 2015, Taf. 42.24; Dutkiewicz 2021: Taf. 51.13; Conard & Bolus 2003, 2008",≠!,Certain
vhc0085,,Aurignacien,Vogelherd,Vogelherd,vhc,Niederstotzingen-Stetten,Germany,48.559000,10.194000,precise,nespos.org,HL/KS,C14,26160±150,KIA 8957,35810±710,PL0001337A,2006,bone,undetermined,,17.0,5.0,2.0,fragmented,Semi-tubular bone fragment.,"Dutkiewicz 2021: Taf. 59.11; Conard & Bolus 2003, 2008",vv!,Uncertain
vhc0084,,Aurignacien,Vogelherd,Vogelherd,vhc,Niederstotzingen-Stetten,Germany,48.559000,10.194000,precise,nespos.org,HL/KS,C14,26160±150,KIA 8957,35810±710,PL0001337A,2006,ivory,figurine zoomorph (Mammuthus pr),,31.0,14.0,4.0,fragmented,"Fragment of a figurine, which can most likely be identified as a representation of a mammoth. This is a horizontally positioned ivory lamella in the depiction. Clearly recognizable are the rounded cross-section of the skull, the cross-section of two massive legs, and the abdomen. Based on the outlines, the interpretation as a mammoth figure is most probable.","AABW 2006; Dutkiewicz 2021: Taf. 26.3-4; Conard & Bolus 2003, 2008",|||! _ v _ v _ v _ v _ v,Certain
vhc0083,,Aurignacien,Vogelherd,Vogelherd,vhc,Niederstotzingen-Stetten,Germany,48.559000,10.194000,precise,nespos.org,HL/KS,C14,26160±150,KIA 8957,35810±710,PL0001337A,2006,ivory,possible figurine,,11.0,9.0,4.0,fragmented,Small reshaped ivory fragment with a cross pattern.,"AABW 2006; Dutkiewicz 2021: Taf. 29.4; Conard & Bolus 2003, 2008",!XXX!,Very certain
vhc0082,,Aurignacien,Vogelherd,Vogelherd,vhc,Niederstotzingen-Stetten,Germany,48.559000,10.194000,precise,nespos.org,HL/KS,C14,26160±150,KIA 8957,35810±710,PL0001337A,2008,ivory,possible figurine,,11.0,6.0,3.0,fragmented,Elongated ivory fragment with a heavily weathered surface.,"AABW 2008; Dutkiewicz 2021: Taf. 29.3; Conard & Bolus 2003, 2008",!vvvvv!,Very certain
vhc0081,,Aurignacien,Vogelherd,Vogelherd,vhc,Niederstotzingen-Stetten,Germany,48.559000,10.194000,precise,nespos.org,HL/KS,C14,26160±150,KIA 8957,35810±710,,2008,ivory,undetermined,,20.0,8.0,5.0,fragmented,"Reshaped, weathered ivory fragment.","Dutkiewicz 2021: Taf. 57.1; Conard & Bolus 2003, 2008",!VVV! _ !vvvv!,Certain
vhc0080,,Aurignacien,Vogelherd,Vogelherd,vhc,Niederstotzingen-Stetten,Germany,48.559000,10.194000,precise,nespos.org,HL/KS,C14,26160±150,KIA 8957,35810±710,,2008,ivory,undetermined,,19.0,7.0,2.0,fragmented,"Elongated, flat ivory fragment.","Wolf 2015, Taf. 42.11; Dutkiewicz 2021: Taf. 56.17; Conard & Bolus 2003, 2008",!/ / //,Certain
vhc0079,,Aurignacien,Vogelherd,Vogelherd,vhc,Niederstotzingen-Stetten,Germany,48.559000,10.194000,precise,nespos.org,HL/KS,C14,26160±150,KIA 8957,35810±710,PL0001337A,2008,ivory,figurine zoomorph,,31.0,16.0,11.0,fragmented,"The figure is relatively small compared to others from the Swabian Aurignacian. The body has an oval outline, slightly domed towards the hindquarters. Both legs are preserved at the base. The figure lacks details such as muscles, tail, or tail base. The neck, compared to the rounded body, is narrow and extends upward. The head is not preserved. Numerous short notches are present over the entire body. The identification of the depicted animal species is not certain. The compact, rounded-oval body shape suggests a small animal capable of quickly crouching and hiding. The legs appear to be rather short, and the upward-stretched neck also suggests a small, ground-dwelling animal. The notched decoration suggests the interpretation of a hedgehog. However, it is also possible that a beaver, hare, or badger is depicted here, all of which have a similar compact body shape and sometimes have shaggy fur.","AABW 2008; AABW 2011; Wolf 2015, Taf. 42.6; Dutkiewicz 2021: Taf. 25; Conard & Bolus 2003, 2008",[!vvvvvvvvvvvvvvvvvvvvvvvvvvvvvvvvvvvvvvvvvvvvvvvvvvvvvvvvvvvvvvvvvvvvvvvvvv!],Very certain
vhc0078,,Aurignacien,Vogelherd,Vogelherd,vhc,Niederstotzingen-Stetten,Germany,48.559000,10.194000,precise,nespos.org,HL/KS,C14,26160±150,KIA 8957,35810±710,PL0001337A,2007,ivory,figurine undet.,,11.0,8.0,6.0,fragmented,"Small, cylindrically shaped ivory fragment, likely representing the leg of an animal figurine.","Dutkiewicz 2021: Taf. 27.7; Conard & Bolus 2003, 2008",!vv!,Uncertain
vhc0077,,Aurignacien,Vogelherd,Vogelherd,vhc,Niederstotzingen-Stetten,Germany,48.559000,10.194000,precise,nespos.org,HU/KS,C14,26160±150,KIA 8957,35810±710,PL0001337A,2007,bone,undetermined,,15.0,5.0,2.0,fragmented,Semi-tubular bone fragment with markings.,"Dutkiewicz 2021: Taf. 59.10; Conard & Bolus 2003, 2008",!v v vv v!,Very certain
vhc0076,,Aurignacien,Vogelherd,Vogelherd,vhc,Niederstotzingen-Stetten,Germany,48.559000,10.194000,precise,nespos.org,HL/KS,C14,26160±150,KIA 8957,35810±710,PL0001337A,2008,bone,flute,,16.0,3.0,1.0,fragmented,Narrow bone fragment in front of two finger holes and parallel notches in between.,"Dutkiewicz 2021: Taf. 34.9; Conard & Bolus 2003, 2008",!||||!,Very certain
vhc0075,,Aurignacien,Vogelherd,Vogelherd,vhc,Niederstotzingen-Stetten,Germany,48.559000,10.194000,precise,nespos.org,HL/KS,C14,26160±150,KIA 8957,35810±710,PL0001337A,2007,ivory,undetermined,,9.0,1.0,2.0,fragmented,"Tiny, elongated ivory fragment.","Dutkiewicz 2021: Taf. 56.16; Conard & Bolus 2003, 2008",!vvvvv!,Very certain
vhc0074,,Aurignacien,Vogelherd,Vogelherd,vhc,Niederstotzingen-Stetten,Germany,48.559000,10.194000,precise,nespos.org,HL/KS,C14,26160±150,KIA 8957,35810±710,PL0001337A,2008,ivory,undetermined,,14.0,4.0,4.0,fragmented,"Small, heavily weathered ivory fragment.","Wolf 2015, Taf. 42.22; Dutkiewicz 2021: Taf. 56.15; Conard & Bolus 2003, 2008",(!XXXXX) _ (!XXX) _ v,Uncertain
vhc0073,,Aurignacien,Vogelherd,Vogelherd,vhc,Niederstotzingen-Stetten,Germany,48.559000,10.194000,precise,nespos.org,HL/KS,C14,26160±150,KIA 8957,35810±710,PL0001337A,2009,ivory,possible figurine,,16.0,9.0,3.0,fragmented,"Elongated, reworked ivory fragment.","AABW 2012; Dutkiewicz 2019: Taf. 29.2; Conard & Bolus 2003, 2008",!vvv!,Certain
vhc0072,,Aurignacien,Vogelherd,Vogelherd,vhc,Niederstotzingen-Stetten,Germany,48.559000,10.194000,precise,nespos.org,HL/KS,C14,26160±150,KIA 8957,35810±710,PL0001337A,2008,ivory,undetermined,,17.0,4.0,2.0,fragmented,"Small, elongated ivory fragment","Dutkiewicz 2021: Taf. 56.14; Conard & Bolus 2003, 2008",(!XXXXXXX!),Uncertain
vhc0071,,Aurignacien,Vogelherd,Vogelherd,vhc,Niederstotzingen-Stetten,Germany,48.559000,10.194000,precise,nespos.org,HL/KS,C14,26160±150,KIA 8957,35810±710,PL0001337A,2008,bone,undetermined,,14.0,4.0,2.0,fragmented,"Small, elongated bone fragment.","Dutkiewicz 2021: Taf. 59.9; Conard & Bolus 2003, 2008",!||||!,Very certain
vhc0070,,Aurignacien,Vogelherd,Vogelherd,vhc,Niederstotzingen-Stetten,Germany,48.559000,10.194000,precise,nespos.org,HL/KS,C14,26160±150,KIA 8957,35810±710,PL0001337A,2008,bone,tube/flute,,17.0,7.0,3.0,fragmented,Fragment of a small tubular bone.,"AABW 2015; Dutkiewicz 2021: Taf. 36.6; Conard & Bolus 2003, 2008",!vvvvvv!,Certain
vhc0069,,Aurignacien,Vogelherd,Vogelherd,vhc,Niederstotzingen-Stetten,Germany,48.559000,10.194000,precise,nespos.org,HL/KS,C14,26160±150,KIA 8957,35810±710,PL0001337A,2007,ivory,personal ornament,,10.0,5.0,4.0,almost complete,"This unusual bead shape resembles a double-drilled bead, but it has pointed projections on the narrow sides. The piece is heavily weathered.","Wolf 2015, Taf. 42.14; Dutkiewicz 2021: Taf. 37.9; Conard & Bolus 2003, 2008",>>>>! _ >>>>!,Very certain
vhc0068,,Aurignacien,Vogelherd,Vogelherd,vhc,Niederstotzingen-Stetten,Germany,48.559000,10.194000,precise,nespos.org,HL/KS,C14,26160±150,KIA 8957,35810±710,PL0001337A,2007,ivory,undetermined,,9.0,4.0,1.0,fragmented,"Tiny, heavily weathered ivory fragment.","Wolf 2015, Taf. 42.15; Dutkiewicz 2021: Taf. 56.13; Conard & Bolus 2003, 2008",!XX,Very certain
vhc0067,,Aurignacien,Vogelherd,Vogelherd,vhc,Niederstotzingen-Stetten,Germany,48.559000,10.194000,precise,nespos.org,HL/KS,C14,26160±150,KIA 8957,35810±710,PL0001337A,2007,ivory,awl,,79.0,10.0,10.0,almost complete,"It is an elongated, approximately complete tool made of ivory. Only the top part is broken off. The terminally tapered shape suggests that it was a point. This area is also heavily polished through use, and the two uppermost lines of the decoration are worn away, making it very likely to be identified as an awl.","AABW 2007; Wolf 2015, Taf. 41.1; Dutkiewicz 2021: Taf. 46.2; Conard & Bolus 2003, 2008",||||| (/||)||| _ ||,Certain
vhc0066,,Aurignacien,Vogelherd,Vogelherd,vhc,Niederstotzingen-Stetten,Germany,48.559000,10.194000,precise,nespos.org,HL/KS,C14,26160±150,KIA 8957,35810±710,PL0001337A,2007,ivory,undetermined,,16.0,6.0,3.0,fragmented,"Rod-shaped, heavily weathered ivory object.","Dutkiewicz 2021: Taf. 56.12; Conard & Bolus 2003, 2008",!vv! _ vv!,Certain
vhc0065,,Aurignacien,Vogelherd,Vogelherd,vhc,Niederstotzingen-Stetten,Germany,48.559000,10.194000,precise,nespos.org,HL/KS,C14,26160±150,KIA 8957,35810±710,PL0001337A,2007,ivory,personal ornament,,13.0,6.0,2.0,fragmented,Heavily weathered ivory pendant with a broken perforation.,"Dutkiewicz 2021: Taf. 37.8; Conard & Bolus 2003, 2008",!W!,Certain
vhc0064,,Aurignacien,Vogelherd,Vogelherd,vhc,Niederstotzingen-Stetten,Germany,48.559000,10.194000,precise,nespos.org,HL/KS,C14,26160±150,KIA 8957,35810±710,PL0001337A,2007,bone,flute,,22.0,5.0,4.0,fragmented,Medial flute fragment (Mini-flute) with two preserved finger holes.,"AABW 2011/2015; Dutkiewicz 2021: Taf. 34.8; Conard & Bolus 2003, 2008",vvvv _ !vvv!  _ !vvv!,Very certain
vhc0063,,Aurignacien,Vogelherd,Vogelherd,vhc,Niederstotzingen-Stetten,Germany,48.559000,10.194000,precise,nespos.org,HL/KS,C14,26160±150,KIA 8957,35810±710,PL0001337A,2007,bone,undetermined,,19.0,7.0,3.0,fragmented,Semi-tubular bone fragment with markings.,"Dutkiewicz E2021: Taf.59.8; Conard & Bolus 2003, 2008",!/XXXXX/!,Uncertain
vhc0062,,Aurignacien,Vogelherd,Vogelherd,vhc,Niederstotzingen-Stetten,Germany,48.559000,10.194000,precise,nespos.org,HL/KS,C14,26160±150,KIA 8957,,PL0001337A,2007,ivory,personal ornament,,13.0,5.0,4.0,fragmented,Fragment of a ring-shaped object with lateral markings.,"AABW 2012; Dutkiewicz 2021: Taf. 56.11; Conard & Bolus 2003, 2008",!vvv!,Certain
vhc0061,,Aurignacien,Vogelherd,Vogelherd,vhc,Niederstotzingen-Stetten,Germany,48.559000,10.194000,precise,nespos.org,HL/KS,C14,26160±150,KIA 8957,35810±710,PL0001337A,2007,ivory,possible flute,,9.0,2.0,2.0,fragmented,"Short, thin ivory fragment","Wolf 2015, Taf. 42.30; Dutkiewicz 2021: Taf. 32.14; Conard & Bolus 2003, 2008",!v vvvv v!,Very certain
vhc0060,,Aurignacien,Vogelherd,Vogelherd,vhc,Niederstotzingen-Stetten,Germany,48.559000,10.194000,precise,nespos.org,HL/KS,C14,26160±150,KIA 8957,35810±710,PL0001337A,2008,ivory,possible figurine,,29.0,15.0,3.0,fragmented,"Flat, heavily reworked ivory fragment was filled with markings over the entire surface.","Wolf 2015, Taf. 42.2; Dutkiewicz 2021: Taf. 29.1; Conard & Bolus 2003, 2008",////////// _ l|ll!,Certain
vhc0059,,Aurignacien,Vogelherd,Vogelherd,vhc,Niederstotzingen-Stetten,Germany,48.559000,10.194000,precise,nespos.org,HL/KS,C14,26160±150,KIA 8957,35810±710,PL0001337A,2008,ivory,figurine undet.,,25.0,15.0,7.0,fragmented,"Slightly curved, heavily reworked ivory fragment with a carefully smoothed and polished surface.","AABW 2011; Wolf 2015, Taf. 42.3; Dutkiewicz 2021: Taf. 27.6; Conard & Bolus 2003, 2008",!^^^^^^ |!,Certain
vhc0058,,Aurignacien,Vogelherd,Vogelherd,vhc,Niederstotzingen-Stetten,Germany,48.559000,10.194000,precise,nespos.org,HL/KS,C14,26160±150,KIA 8957,35810±710,PL0001337A,2008,ivory,undetermined,,8.0,6.0,2.0,fragmented,"Tiny, heavily weathered ivory fragment.","Dutkiewicz 2021: Taf. 56.10; Conard & Bolus 2003, 2008",!≠!,Certain
vhc0057,,Aurignacien,Vogelherd,Vogelherd,vhc,Niederstotzingen-Stetten,Germany,48.559000,10.194000,precise,nespos.org,HL/KS,C14,26160±150,KIA 8957,35810±710,PL0001337A,2008,ivory,rod/bâton,,14.0,4.0,1.0,fragmented,"Heavily weathered, thin fragment of a rod.","Dutkiewicz 2021: Taf. 51.11; Conard & Bolus 2003, 2008",!vvv! _ !vvv!,Uncertain
vhc0056,,Aurignacien,Vogelherd,Vogelherd,vhc,Niederstotzingen-Stetten,Germany,48.559000,10.194000,precise,nespos.org,HL/KS,C14,26160±150,KIA 8957,35810±710,,2008,ivory,rod/bâton,,20.0,14.0,7.0,fragmented,"Short, decorated round rod fragment with an utilitarian notch for segmenting. Only a longer line of the decoration is preserved, running across the entire preserved curvature of the surface. Presumably, it is part of a large diamond shape or a cross, similar to those seen on other round rod fragments.","Dutkiewicz 2021: Taf. 51.12; Conard & Bolus 2003, 2008",!/!,Uncertain
vhc0055,,Aurignacien,Vogelherd,Vogelherd,vhc,Niederstotzingen-Stetten,Germany,48.559000,10.194000,precise,nespos.org,GF/KS,C14,26160±150,KIA 8957,35810±710,PL0001337A,2008,bone,tube/flute,,9.0,5.0,2.0,fragmented,Small tubular bone fragment with markings.,"Dutkiewicz 2021: Taf. 36.5; Conard & Bolus 2003, 2008",!vv! _ !vvv!,Uncertain
vhc0054,,Aurignacien,Vogelherd,Vogelherd,vhc,Niederstotzingen-Stetten,Germany,48.559000,10.194000,precise,nespos.org,HL/KS,C14,26160±150,KIA 8957,35810±710,PL0001337A,2008,ivory,possible figurine,,20.0,9.0,4.0,fragmented,"Elongated, cylindrical piece of ivory with a heavily weathered surface.","Wolf 2015, Taf. 42.18; Dutkiewicz 2021: Taf. 28.10; Conard & Bolus 2003, 2008",!vvvvvvvvv!,Certain
vhc0053,,Aurignacien,Vogelherd,Vogelherd,vhc,Niederstotzingen-Stetten,Germany,48.559000,10.194000,precise,nespos.org,HL/KS,C14,26160±150,KIA 8957,35810±710,PL0001337A,2008,bone,undetermined,,17.0,6.0,2.0,fragmented,Semi-tubular bone fragment with markings.,"Dutkiewicz 2021: Taf. 59.7; Conard & Bolus 2003, 2008",!X/XXX/!,Uncertain
vhc0052,,Aurignacien,Vogelherd,Vogelherd,vhc,Niederstotzingen-Stetten,Germany,48.559000,10.194000,precise,nespos.org,HL/KS,C14,26160±150,KIA 8957,35810±710,PL0001337A,2008,ivory,figurine zoomorph (Osteichthyes),,70.0,31.0,9.0,almost complete,"The fish is carved from a flat, elongated piece of ivory. Although not all details are anatomically accurate, this figure is clearly identifiable as a fish. The object is flat and has a slight curve. Toward the head, the piece becomes thinner. The head is only roughly carved, lacking details such as eyes or mouth, but the outline of this area on the right side resembles a fish head. On the left, this part is broken. To the back part, the object becomes thicker, with the end not preserved. The carving of the tail fin is not discernible. An elongated dorsal fin is indicated on both sides, with the alignment of the rays correct on the left, but anatomically incorrect on the right, facing forward. The pectoral and pelvic fins, slightly protruding from the pointed-oval outline, are correctly indicated with their rays on the right and incorrectly on the left. Overall, it is observed that many details of the representation are strongly stylized.","AABW 2008; Dutkiewicz 2021: Taf. 24a-b; Conard & Bolus 2003, 2008",!//////////// _ /// _ [!°°°°°°°°°°°°°°°°°°°°°°°°°°°°°°°°°°°°°°°°°°°°°°°°°°°°°] _ ///// _ // //// _ ≠ _ /////////// _ [!°°°°°°°°°°°°°°°°°°°°°°°°°°°°°°°°°°°°°°°°°°°°°°°°°°°°°°°°°°°°],Very certain
vhc0051,,Aurignacien,Vogelherd,Vogelherd,vhc,Niederstotzingen-Stetten,Germany,48.559000,10.194000,precise,nespos.org,HL/KS,C14,26160±150,KIA 8957,35810±710,PL0001337A,2007,ivory,undetermined,,41.0,14.0,4.0,fragmented,"Heavily weathered, elongated ivory lamella (dentin).","Dutkiewicz 2021: Taf. 56.9; Conard & Bolus 2003, 2008",X/X||! _ ||||!,Certain
vhc0050,,Aurignacien,Vogelherd,Vogelherd,vhc,Niederstotzingen-Stetten,Germany,48.559000,10.194000,precise,nespos.org,HL/KS,C14,26160±150,KIA 8957,35810±710,PL0001337A,2007,ivory,undetermined,,11.0,3.0,2.0,fragmented,"A small, rod-shaped and heavily weathered ivory fragment.","Dutkiewicz 2021: Taf. 56.8; Conard & Bolus 2003, 2008",!vvvvvv/v!,Uncertain
vhc0049,,Aurignacien,Vogelherd,Vogelherd,vhc,Niederstotzingen-Stetten,Germany,48.559000,10.194000,precise,nespos.org,V and HL/KS,C14,30162±1340,H 4054-3210,35810±710,PL0001337A,2007,bone,spatula/lissoir,,90.0,11.0,5.0,almost complete,"Narrow smoother made from a rib, found in the debris of the Riek excavation in 2007. Based on its shape, dimensions, and decorations, one can reasonably assume that it is a missing object from the 1931 excavation, specifically Object Vg 29.12 found in layer V. Therefore, the context for this fragment from the 2007 excavation is also given as AH V. The object is a long, slightly bent smoother made from a rib. It is broken in the middle, and it does not have the typical wide, curved cap of a classic smoother but rather a narrower end. At the terminal fragment's base, there is a pronounced bend, characteristic of the basal piece found in the 1931 excavation.","Riek 1934, Taf. XXIX.12; Hahn 1977, Taf. 34.4; Dutkiewicz 2021: Taf. 42; Hahn J. 1977; Conard & Bolus 2003, 2008",X X X X X X _ vvvvvvvvv!vvvvvvvvvvvv _ vvv vvv v!v vvv vvv,Certain
vhc0173,,Aurignacien,Vogelherd,Vogelherd,vhc,Niederstotzingen-Stetten,Germany,48.559000,10.194000,precise,nespos.org,HL/KS,C14,26160±150,KIA 8957,35810±710,PL0001337A,2007,bone,undetermined,,25.0,8.0,3.0,fragmented,Semi-tubular bone fragment.,"Dutkiewicz 2021: Taf. 59.6; Conard & Bolus 2003, 2008",!vvvv v!,Very certain
vhc0048,,Aurignacien,Vogelherd,Vogelherd,vhc,Niederstotzingen-Stetten,Germany,48.559000,10.194000,precise,nespos.org,HL/KS,C14,26160±150,KIA 8957,35810±710,PL0001337A,2009,bone,tube/flute,,6.0,6.0,4.0,fragmented,Small fragment of a thin tubular bone (bird?) with circumferential notches.,"Dutkiewicz 2021: Taf. 36.4; Conard & Bolus 2003, 2008",!$!,Certain
vhc0047,,Aurignacien,Vogelherd,Vogelherd,vhc,Niederstotzingen-Stetten,Germany,48.559000,10.194000,precise,nespos.org,HL/KS,C14,26160±150,KIA 8957,35810±710,PL0001337A,2008,ivory,undetermined,,11.0,5.0,1.0,fragmented,"Thin, heavily weathered ivory fragment.","Dutkiewicz 2021: Taf. 56.7; Conard & Bolus 2003, 2008",!vvvv!,Very certain
vhc0046,,Aurignacien,Vogelherd,Vogelherd,vhc,Niederstotzingen-Stetten,Germany,48.559000,10.194000,precise,nespos.org,HL/KS,C14,26160±150,KIA 8957,35810±710,PL0001337A,2009,antler,awl,,39.0,9.0,5.0,fragmented,"Basal fragment of an antler point. Presumably, it is a projectile point with a split base, and one wing of the base is broken off.","AABW 2002; Dutkiewicz 2021: Taf. 46.7; Conard & Bolus 2003, 2008",| | |||| |||! _ vv!,Very certain
vhc0045,,Aurignacien,Vogelherd,Vogelherd,vhc,Niederstotzingen-Stetten,Germany,48.559000,10.194000,precise,nespos.org,HL/KS,C14,26160±150,KIA 8957,35810±710,PL0001337A,2008,ivory,flute,,21.0,7.0,,fragmented,"Highly weathered ivory flute fragment. Despite its small size, it exhibits all the typical features of ivory flutes, such as the hollow-cylindrical shape, lateral broken notches, and the beginning of a finger hole.","AABW 2008; Conard et al. 2009; Dutkiewicz 2021: Taf. 32.8; Conard & Bolus 2003, 2008",!vvvvvvv! _ !v!,Very certain
vhc0044,,Aurignacien,Vogelherd,Vogelherd,vhc,Niederstotzingen-Stetten,Germany,48.559000,10.194000,precise,nespos.org,HL/KS,C14,26160±150,KIA 8957,35810±710,PL0001337A,2008,ivory,figurine zoomorph,,38.0,14.0,4.0,fragmented,A strongly reworked elongated ivory fragment. A distinct curvature as well as a tapering on the other side are noticeable. It could be the lateral fragment of an animal figurine.,"AABW 2009; Dutkiewicz 2021: Taf. 26.5-6; Conard & Bolus 2003, 2008",[vv _ v _ v _ vvv _ vv _ vv _ vvv] _ ||l,Uncertain
vhc0043,,Aurignacien,Vogelherd,Vogelherd,vhc,Niederstotzingen-Stetten,Germany,48.559000,10.194000,precise,nespos.org,HL/KS,C14,26160±150,KIA 8957,35810±710,PL0001337A,2008,bone,possible figurine,,20.0,6.0,3.0,fragmented,"Elongated, club-shaped bone fragment, broken at the thick end. It is decorated on two sides with four pattern units.","AABW 2015; Dutkiewicz 2021: Taf. 29.13; Conard & Bolus 2003, 2008",vvvv/Xv! _ XXXXXXvvv! _,Certain
vhc0042,,Aurignacien,Vogelherd,Vogelherd,vhc,Niederstotzingen-Stetten,Germany,48.559000,10.194000,precise,nespos.org,HL/KS,C14,26160±150,KIA 8957,35810±710,PL0001337A,2008,bone,undetermined,,11.0,4.0,4.0,fragmented,Fragment of a worked bone with a cross pattern.,"Dutkiewicz 2021: Taf. 59.5; Conard & Bolus 2003, 2008",!XX!,Certain
vhc0041,,Aurignacien,Vogelherd,Vogelherd,vhc,Niederstotzingen-Stetten,Germany,48.559000,10.194000,precise,nespos.org,HL/KS,C14,26160±150,KIA 8957,35810±710,PL0001337A,2008,ivory,figurine undet.,,24.0,17.0,5.0,fragmented,Heavily reworked fragment of an ivory figurine. The preserved surface is carefully smoothed and polished.,"AABW 2008; Wolf 2015, Taf. 43.6; Dutkiewicz 2021: Taf. 27.5; Conard & Bolus 2003, 2008",(!°°°°°!),Certain
vhc0040,,Aurignacien,Vogelherd,Vogelherd,vhc,Niederstotzingen-Stetten,Germany,48.559000,10.194000,precise,nespos.org,HL/KS,C14,26160±150,KIA 8957,35810±710,PL0001337A,2008,bone,tube/flute,,13.0,5.0,2.0,fragmented,Tiny fragment of a tubular bone (unspecified animal) with markings.,"Dutkiewicz 2021: Taf. 36.3; Conard & Bolus 2003, 2008",!XX!,Uncertain
vhc0039,,Aurignacien,Vogelherd,Vogelherd,vhc,Niederstotzingen-Stetten,Germany,48.559000,10.194000,precise,nespos.org,HL/KS,C14,26160±150,KIA 8957,35810±710,PL0001337A,2008,bone,undetermined,,10.0,5.0,3.0,fragmented,Semicylindrical bone fragment with markings.,"Dutkiewicz 2021: Taf. 59.4; Conard & Bolus 2003, 2008",!YYY!,Certain
vhc0038,,Aurignacien,Vogelherd,Vogelherd,vhc,Niederstotzingen-Stetten,Germany,48.559000,10.194000,precise,nespos.org,HL/KS,C14,26160±150,KIA 8957,35810±710,PL0001337A,2008,ivory,figurine undet.,,15.0,5.0,1.0,fragmented,"Small, very flat ivory fragment. The surface is only preserved on a thin strip on the outside. The surface is heavily reworked and smoothed.","Dutkiewicz 2021: Taf. 27.4; Conard & Bolus 2003, 2008",!vv!,Uncertain
vhc0037,,Aurignacien,Vogelherd,Vogelherd,vhc,Niederstotzingen-Stetten,Germany,48.559000,10.194000,precise,nespos.org,HL/KS,C14,26160±150,KIA 8957,35810±710,PL0001337A,2008,bone,tube/flute,,27.0,15.0,10.0,fragmented,A severed epiphysis of a tubular bone (species undetermined).,"AABW 2015; Dutkiewicz 2021: Taf. 36-2; Conard & Bolus 2003, 2008",vv!,Very certain
vhc0036,,Aurignacien,Vogelherd,Vogelherd,vhc,Niederstotzingen-Stetten,Germany,48.559000,10.194000,precise,nespos.org,HL/KS,C14,26160±150,KIA 8957,35810±710,PL0001337A,2008,bone,undetermined,,17.0,5.0,3.0,fragmented,Tube-shaped bone fragment with markings.,"Dutkiewicz 2021: Taf. 59.3; Conard & Bolus 2003, 2008",!vvvvvv!,Very certain
vhc0035,,Aurignacien,Vogelherd,Vogelherd,vhc,Niederstotzingen-Stetten,Germany,48.559000,10.194000,precise,nespos.org,HL/KS,C14,26160±150,KIA 8957,35810±710,PL0001337A,2008,ivory,figurine zoomorph,,14.0,10.0,6.0,fragmented,"Small Fragment of a figurine, very likely belonging to Vg 2a.2.","AABW 2015; Dutkiewicz 2021: Taf. 16a.2 16b.12; Conard & Bolus 2003, 2008",[!CCCC!],Very certain
vhc0034,,Aurignacien,Vogelherd,Vogelherd,vhc,Niederstotzingen-Stetten,Germany,48.559000,10.194000,precise,nespos.org,HL/KS,C14,26160±150,KIA 8957,35810±710,PL0001337A,2009,ivory,undetermined,,12.0,8.0,5.0,fragmented,"This short, rod-like ivory object with an oval cross-section.","AABW 2009; Wolf 2015, Taf. 43.4; Dutkiewicz 2021: Taf. 56.6; Conard & Bolus 2003, 2008",!≠!,Certain
vhc0033,,Aurignacien,Vogelherd,Vogelherd,vhc,Niederstotzingen-Stetten,Germany,48.559000,10.194000,precise,nespos.org,HL/KS,C14,26160±150,KIA 8957,35810±710,PL0001337A,2009,ivory,possible figurine,,14.0,6.0,4.0,fragmented,Small ivory fragment with notches.,"Dutkiewicz 2021: Taf. 28.9; Conard & Bolus 2003, 2008",!vv!,Uncertain
vhc0032,,Aurignacien,Vogelherd,Vogelherd,vhc,Niederstotzingen-Stetten,Germany,48.559000,10.194000,precise,nespos.org,HL/KS,C14,26160±150,KIA 8957,35810±710,PL0001337A,2009,bone,undetermined,,17.0,4.0,2.0,fragmented,Tiny marked bone fragment.,"Dutkiewicz 2021: Taf. 59.2; Conard & Bolus 2003, 2008",!||||!,Very certain
vhc0031,,Aurignacien,Vogelherd,Vogelherd,vhc,Niederstotzingen-Stetten,Germany,48.559000,10.194000,precise,nespos.org,HL/KS,C14,26160±150,KIA 8957,35810±710,PL0001337A,2009,bone,undetermined,,35.0,7.0,3.0,fragmented,Semi-tubular bone fragment with markings.,"Dutkiewicz 2021: Taf. 59.1; Conard & Bolus 2003, 2008",!vvvvvvv!,Very certain
vhc0030,,Aurignacien,Vogelherd,Vogelherd,vhc,Niederstotzingen-Stetten,Germany,48.559000,10.194000,precise,nespos.org,HL/KS,C14,26160±150,KIA 8957,35810±710,PL0001337A,2008,bone,tube/flute,,23.0,11.0,4.0,fragmented,"Cropped epiphysis of a radius, approximately the size of a swan or goose.","Dutkiewicz 2021: Taf. 36.1; Conard & Bolus 2003, 2008",v v v vv! _ v v v vv!,Very certain
vhc0029,,Aurignacien,Vogelherd,Vogelherd,vhc,Niederstotzingen-Stetten,Germany,48.559000,10.194000,precise,nespos.org,HL/KS,C14,26160±150,KIA 8957,35810±710,PL0001337A,2008,ivory,rod/bâton,,23.0,10.0,3.0,fragmented,Heavily weathered fragment of a decorated round rod.,"Dutkiewicz 2021: Taf. 51.10; Conard & Bolus 2003, 2008",!| |||| | | ||||! _ v vvv!,Uncertain
vhc0028,,Aurignacien,Vogelherd,Vogelherd,vhc,Niederstotzingen-Stetten,Germany,48.559000,10.194000,precise,nespos.org,HL/KS,C14,26160±150,KIA 8957,35810±710,PL0001337A,2008,ivory,undetermined,,11.0,7.0,3.0,fragmented,"Small, heavily weathered ivory fragment.","AABW 2010; Wolf 2015, Taf. 43.3; Dutkiewicz 2021: Taf. 56.5; Conard & Bolus 2003, 2008",(!|////|/|//!),Uncertain
vhc0171,,Aurignacien,Vogelherd,Vogelherd,vhc,Niederstotzingen-Stetten,Germany,48.559000,10.194000,precise,nespos.org,HL/KS,C14,26160±150,KIA 8957,35810±710,PL0001337A,2008,ivory,possible figurine,,11.0,8.0,2.0,fragmented,"Long ivory fragment with a convex curved, reworked surface.","AABW 2010; Wolf 2015, Taf. 43.2; Dutkiewicz 2021: Taf. 28.8; Conard & Bolus 2003, 2008",X!,Very certain
vhc0170,,Aurignacien,Vogelherd,Vogelherd,vhc,Niederstotzingen-Stetten,Germany,48.559000,10.194000,precise,nespos.org,HL/KS,C14,26160±150,KIA 8957,35810±710,PL0001337A,2008,ivory,possible figurine,,19.0,9.0,2.0,fragmented,"This is an elongated ivory fragment with a convex curved, reworked surface.","AABW 2010; Wolf 2015, Taf. 43.2; Dutkiewicz 2021: Taf. 28.7; Conard & Bolus 2003, 2008",!XXXXXXXX! _ /,Certain
vhc0027,,Aurignacien,Vogelherd,Vogelherd,vhc,Niederstotzingen-Stetten,Germany,48.559000,10.194000,precise,nespos.org,HL/KS,C14,26160±150,KIA 8957,35810±710,PL0001337A,2008,ivory,personal ornament,,33.0,10.0,3.0,fragmented,"A long, narrow, flat ivory pendant. The piece is broken at the base. It is likely related to the object with the find number 36/71-83.1 below, but cannot be directly matched.","Wolf 2015, Taf. 42.9; Dutkiewicz 2021: Taf. 37.7; Conard & Bolus 2003, 2008",!//,Very certain
vhc0026,,Aurignacien,Vogelherd,Vogelherd,vhc,Niederstotzingen-Stetten,Germany,48.559000,10.194000,precise,nespos.org,HL/KS,C14,26160±150,KIA 8957,35810±710,PL0001337A,2008,ivory,possible figurine,,28.0,17.0,4.0,fragmented,Convex ivory fragment with deep lateral incisions.,"AABW 2010; Wolf 2015, Taf. 43.1; Dutkiewicz 2021: Taf. 28.6; Conard & Bolus 2003, 2008",vvvvv! _ vvvvv!,Certain
vhc0025,,Aurignacien,Vogelherd,Vogelherd,vhc,Niederstotzingen-Stetten,Germany,48.559000,10.194000,precise,nespos.org,HL/KS,C14,26160±150,KIA 8957,35810±710,PL0001337A,2008,ivory,undetermined,,12.0,6.0,2.0,fragmented,Tiny fragment of a reworked ivory plate,"Dutkiewicz 2021: Taf. 56.4; Conard & Bolus 2003, 2008",/XX!,Certain
vhc0024,,Aurignacien,Vogelherd,Vogelherd,vhc,Niederstotzingen-Stetten,Germany,48.559000,10.194000,precise,nespos.org,HL/KS,C14,26160±150,KIA 8957,35810±710,PL0001337A,2008,ivory,figurine undet.,,24.0,10.0,6.0,fragmented,"This is a reshaped, slightly concave ivory fragment with a cross line decoration.","AABW 2008; Wolf 2015, Taf. 42.5; Dutkiewicz E2021: Taf. 27.3; Conard & Bolus 2003, 2008",!XXXXX!,Certain
vhc0023,,Aurignacien,Vogelherd,Vogelherd,vhc,Niederstotzingen-Stetten,Germany,48.559000,10.194000,precise,nespos.org,HL/KS,C14,26160±150,KIA 8957,35810±710,PL0001337A,2008,bone,undetermined,,23.0,11.0,5.0,fragmented,"This is a bone fragment that has been intentionally reshaped, featuring lateral notches on its sides.","Dutkiewicz 2021: Taf. 58.8; Conard & Bolus 2003, 2008",vv v! _v!,Certain
vhc0022,,Aurignacien,Vogelherd,Vogelherd,vhc,Niederstotzingen-Stetten,Germany,48.559000,10.194000,precise,nespos.org,HL/KS,C14,26160±150,KIA 8957,35810±710,PL0001337A,2009,ivory,figurine zoomorph,,41.0,11.0,9.0,fragmented,"This fragment of an animal figurine is oriented along the longitudinal axis of the tusk. The lower half of the torso is clearly visible, and the leg attachments and abdominal line unmistakably identify it as an animal representation. The figure is notably slender, and its longitudinal axis suggests a dynamic, in-motion appearance. The leg attachments are well-defined, and the robust legs would most likely indicate a mammoth (Mammuthus primigenius) depiction. Although the slim form is unusual, it finds a good comparison in the complete mammoth figurine found in 2006. It is noteworthy that the surface is not smoothed, and traces of workmanship are clearly visible in many areas. It's possible that this figurine was not completed.","AABW 2009; Dutkiewicz 2021: Taf. 26.1.-2; Conard & Bolus 2003, 2008",[°°°°°°°°°°°°°°°°°°°°°°°°°°°°°°°°°°°] _ v,Certain
vhc0021,,Aurignacien,Vogelherd,Vogelherd,vhc,Niederstotzingen-Stetten,Germany,48.559000,10.194000,precise,nespos.org,HL/KS,C14,26160±150,KIA 8957,35810±710,PL0001337A,2008,bone,undetermined,,13.0,5.0,2.0,fragmented,Tube-like bone fragment with markings.,"Dutkiewicz 2021: Taf. 58.7; Conard & Bolus 2003, 2008",!vvv!,Very certain
vhc0020,,Aurignacien,Vogelherd,Vogelherd,vhc,Niederstotzingen-Stetten,Germany,48.559000,10.194000,precise,nespos.org,HL/KS,C14,26160±150,KIA 8957,35810±710,PL0001337A,2008,ivory,personal ornament,,28.0,10.0,3.0,fragmented,Thin and elongated pendant made of ivory.,"Dutkiewicz 2021: Taf. 37.6; Conard & Bolus 2003, 2008",/ / / / //!,Very certain
vhc0019,,Aurignacien,Vogelherd,Vogelherd,vhc,Niederstotzingen-Stetten,Germany,48.559000,10.194000,precise,nespos.org,HL/KS,C14,26160±150,KIA 8957,35810±710,PL0001337A,2008,ivory,possible figurine,,24.0,12.0,6.0,fragmented,"Heavily rounded, reworked ivory fragment.","Dutkiewicz 2021: Taf. 28.5; Conard & Bolus 2003, 2008",!//! _!vvvv!,Very certain
vhc0018,,Aurignacien,Vogelherd,Vogelherd,vhc,Niederstotzingen-Stetten,Germany,48.559000,10.194000,precise,nespos.org,HL/KS,C14,26160±150,KIA 8957,35810±710,PL0001337A,2008,antler,undetermined,,14.0,9.0,4.0,fragmented,Small antler fragment with notches.,"Dutkiewicz 2021: Taf. 58.5; Conard & Bolus 2003, 2008",!vvvvv!,Very certain
vhc0017,,Aurignacien,Vogelherd,Vogelherd,vhc,Niederstotzingen-Stetten,Germany,48.559000,10.194000,precise,nespos.org,HL/KS,C14,26160±150,KIA 8957,35810±710,PL0001337A,2012,bone,spatula/lissoir,,81.0,20.0,8.0,almost complete,"Medial fragment of a smoother, possibly from the rib of a large herbivore (Mammoth?).","AABW 2012; Dutkiewicz 2021: Taf. 45.5-9; Conard & Bolus 2003, 2008",XXXXXXXX/ _ XXXX! _ XXX,Very certain
vhc0016,,Aurignacien,Vogelherd,Vogelherd,vhc,Niederstotzingen-Stetten,Germany,48.559000,10.194000,precise,nespos.org,HL/KS,C14,26160±150,KIA 8957,35810±710,PL0001337A,2012,ivory,figurine undet.,,23.0,12.0,2.0,fragmented,"Flat, elongated fragment with two intersecting rows of crosses converging towards each other.","AABW 2012; Wolf 2015, Taf. 42.17; Dutkiewicz 2021: Taf. 27.2; Conard & Bolus 2003, 2008",!XXXXX! _ !XXXX!,Very certain
vhc0015,,Aurignacien,Vogelherd,Vogelherd,vhc,Niederstotzingen-Stetten,Germany,48.559000,10.194000,precise,nespos.org,HL/KS,C14,26160±150,KIA 8957,35810±710,PL0001337A,2012,bone,possible figurine,,12.0,6.0,2.0,fragmented,Small reworked bone fragment with decorations.,"AABW 2014; Dutkiewicz 2021: Taf. 29.11; Conard & Bolus 2003, 2008",!X/! _ !¤¤¤¤¤¤¤!,Very certain
vhc0014,,Aurignacien,Vogelherd,Vogelherd,vhc,Niederstotzingen-Stetten,Germany,48.559000,10.194000,precise,nespos.org,HL/KS,C14,26160±150,KIA 8957,35810±710,PL0001337A,2012,ivory,undetermined,,20.0,13.0,5.0,fragmented,Marked ivory fragment.,"Dutkiewicz 2021: Taf. 56.3; Conard & Bolus 2003, 2008",!||!,Very certain
vhc0013,,Aurignacien,Vogelherd,Vogelherd,vhc,Niederstotzingen-Stetten,Germany,48.559000,10.194000,precise,nespos.org,HL/KS,C14,26160±150,KIA 8957,35810±710,PL0001337A,2012,bone,undetermined,,15.0,5.0,2.0,fragmented,Semi-tubular bone fragment.,"Dutkiewicz 2021: Taf. 58.6; Conard & Bolus 2003, 2008",!v vvv!,Certain
vhc0012,,Aurignacien,Vogelherd,Vogelherd,vhc,Niederstotzingen-Stetten,Germany,48.559000,10.194000,precise,nespos.org,HL/KS,C14,26160±150,KIA 8957,35810±710,PL0001337A,2012,ivory,undetermined,,12.0,7.0,3.0,fragmented,Marked ivory fragment.,"Dutkiewicz 2021: Taf. 56.2; Conard & Bolus 2003, 2008",!///!,Certain
vhc0011,,Aurignacien,Vogelherd,Vogelherd,vhc,Niederstotzingen-Stetten,Germany,48.559000,10.194000,precise,nespos.org,HL/KS,C14,26160±150,KIA 8957,35810±710,PL0001337A,2012,ivory,possible figurine,,12.0,8.0,4.0,fragmented,Reworked ivory fragment with markings.,"AABW 2014; Dutkiewicz 2021: Taf. 27.1; Conard & Bolus 2003, 2008",!XX!,Very certain
vhc0010,,Aurignacien,Vogelherd,Vogelherd,vhc,Niederstotzingen-Stetten,Germany,48.559000,10.194000,precise,nespos.org,HL/KS,C14,26160±150,KIA 8957,35810±710,PL0001337A,2012,bone,tube/flute,,14.0,4.0,2.0,fragmented,Small elongated bone fragment with markings.,"AABW 2014; Dutkiewicz 2021: Taf. 35.7; Conard & Bolus 2003, 2008",!vvvvvvvv!,Very certain
vhc0009,,Aurignacien,Vogelherd,Vogelherd,vhc,Niederstotzingen-Stetten,Germany,48.559000,10.194000,precise,nespos.org,HL/KS,C14,26160±150,KIA 8957,35810±710,PL0001337A,2012,ivory,possible figurine,,11.0,8.0,2.0,fragmented,Small reworked ivory fragment.,"Dutkiewicz 2021: Taf. 28.4; Conard & Bolus 2003, 2008",!v! _ !v!,Uncertain
vhc0008,,Aurignacien,Vogelherd,Vogelherd,vhc,Niederstotzingen-Stetten,Germany,48.559000,10.194000,precise,nespos.org,HL/KS,C14,26160±150,KIA 8957,35810±710,PL0001337A,2012,ivory,rod/bâton,,24.0,14.0,6.0,fragmented,"Decorated round rod fragment, intentionally broken at a utilitarian notch.","Wolf 2015, Taf. 42.4; Dutkiewicz 2021: Taf. 51.9; Conard & Bolus 2003, 2008",!& _ X,Uncertain
vhc0007,,Aurignacien,Vogelherd,Vogelherd,vhc,Niederstotzingen-Stetten,Germany,48.559000,10.194000,precise,nespos.org,HL/KS,C14,26160±150,KIA 8957,35810±710,PL0001337A,2012,bone,tube/flute,,24.0,6.0,3.0,fragmented,Fragment of a bird bone with markings.,"Dutkiewicz 2021: Taf. 35.6; Conard & Bolus 2003, 2008",!v v vv v v!,Certain
vhc0006,,Aurignacien,Vogelherd,Vogelherd,vhc,Niederstotzingen-Stetten,Germany,48.559000,10.194000,precise,nespos.org,HL/KS,C14,26160±150,KIA 8957,35810±710,PL0001337A,2012,ivory,possible flute,,12.0,5.0,3.0,fragmented,"Ivory fragment with parallel notches, possibly a flute fragment.","AABW 2015; Dutkiewicz 2021: Taf. 32.13; Conard & Bolus 2003, 2008",!vv!,Certain
vhc0005,,Aurignacien,Vogelherd,Vogelherd,vhc,Niederstotzingen-Stetten,Germany,48.559000,10.194000,precise,nespos.org,HL/KS,C14,26160±150,KIA 8957,35810±710,PL0001337A,2012,ivory,undetermined,,15.0,7.0,3.0,fragmented,"Elongated, all-around reworked ivory fragment with markings all around.","Dutkiewicz 2021: Taf. 56.1; Conard & Bolus 2003, 2008",⊞ _ !vvvvvv! _ !vvv!,Very certain
vhc0004,,Aurignacien,Vogelherd,Vogelherd,vhc,Niederstotzingen-Stetten,Germany,48.559000,10.194000,precise,nespos.org,HL/KS,C14,26160±150,KIA 8957,35810±710,PL0001337A,2012,ivory,figurine undet.,,15.0,5.0,3.0,fragmented,"Reworked ivory fragment, possibly part of a figurine (leg?) with marking.","AABW 2014; Dutkiewicz 2021: Taf. 28.3; Conard & Bolus 2003, 2008",!v!,Uncertain
vhc0003,,Aurignacien,Vogelherd,Vogelherd,vhc,Niederstotzingen-Stetten,Germany,48.559000,10.194000,precise,nespos.org,-,C14,26160±150,KIA 8957,35810±710,PL0001337A,1952,ivory,figurine zoomorph,,30.0,20.0,12.0,almost complete,"Figurine of a lion head. The head is carved along the longitudinal axis of a tusk. The surface is highly smoothed. The figurine is unmistakably recognizable as the head of a felid. All features are rendered in masterful detail. The crown gently transitions into the slightly sloping nasal area. The nose itself is separated from the snout by a depression. The upper lip subtly protrudes forward. The mouth is represented by a cleanly cut notch. The lip cleft starts below the nose and tapers towards the mouth. Above the jaw muscles are the eyes, with the breakage edge on the right side. The eyes are crafted as deep, slightly oval indentations. On the inside of the left eye, several gently curved lines depict the tearduct characteristic of felids. Additionally, two thin, parallel lines mark the nose. Directly behind the eyes, the ears emerge. They stand slightly away from the head, are rounded, and have a depression in the center. Towards the neck, the figurine becomes narrow and then breaks off with deeply incised markings at the back.","Riek 1954; Mauser 1973; Dutkiewicz 2021: Taf. 21; Hahn 1986; Conard & Bolus 2003, 2008",⊞ _ (||/|/|//|||/||/||| |) _ ⊞ _ || _ ⊞ _ | | | _ |||,Certain
vhc0002,,Aurignacien,Vogelherd,Vogelherd,vhc,Niederstotzingen-Stetten,Germany,48.559000,10.194000,precise,nespos.org,HL/KS,C14,26160±150,KIA 8957,35810±710,PL0001337A,2006,ivory,possible figurine,,,,,fragmented,"Fragment of a possible figurine. It is elongated, slightly curved, and reworked all around.","AABW 2006; Dutkiewicz 2021: Taf. 27.9; Conard & Bolus 2003, 2008",°°°°°! _ vvvvvvv!,Certain
vhc0001,,Aurignacien,Vogelherd,Vogelherd,vhc,Niederstotzingen-Stetten,Germany,48.559000,10.194000,precise,nespos.org,HL/KS,C14,26160±150,KIA 8957,35810±710,PL0001337A,2010,ivory,rod/bâton,,28.0,12.0,6.0,fragmented,"Round rod fragment, irregularly broken with reworked surface.","AABW 2010; Dutkiewicz 2021: Taf. 51.8; Conard & Bolus 2003, 2008",XXXXX!,Very certain
hss0002,,Aurignacien,Hohlenstein-Stadel,Hohlenstein-Stadel,hss,Asselfingen,Germany,48.549555,10.172655,precise,nespos.org,Au,AMS,35185±270,ETH-38797,,,2011,animal tooth,personal ornament,,29.0,16.0,12.0,complete,"This tooth pendant was found in 2011 during the excavations inside the Stadel Cave. It was located in the area identified as the spoil from the 1939 excavation, where, among other findings, missing fragments of the Lion Man were discovered. Since additional pieces of personal ornaments from this area come from Wetzels' excavation, this object is also attributed to the Aurignacian. It is a particularly large pendant made from a red deer's antler (Cervus elaphus).",AABW 2012; Wolf et al. 2013; Kind et al. 2014; Dutkiewicz 2021: Taf. 37.11,vvvv _ ||||,Very certain
hss0001,,Aurignacien,Hohlenstein-Stadel,Hohlenstein-Stadel,hss,Asselfingen,Germany,48.549555,10.172655,precise,nespos.org,Au,AMS,35185±270,ETH-38797,,,1939/1969,ivory,figurine anthropomorph,,311.0,,,almost complete,"The so-called Lion Man figurine was found in 1939, but recognized in refitted in 1969, and for a second time in 2013. The figurine was crafted from the right tusk of a mammoth. The head is oriented towards the tip of the tusk, and the pulp cavity forms the crotch of the figurine. The outer sides of the arms are made of cement, as well as the upper part of the back. Many parts of the figurine are missing or could not be matched. Additionally, the surfaces are partially heavily weathered. The figure stands upright, with the legs slightly apart. The head is clearly that of a lion, but the position of the head is comparable to that of a human due to the upright posture. The neck starts below the skull, and the face is oriented forward. The snout is broad, with two deep lines marking the nose and mouth. There is no lip cleft, which would be typical for a lion. The eyes are located laterally but facing forward. The ears, in their round shape, are typical lion ears. The neck and the back of the head are noticeably wide and almost seamlessly transition into the back and shoulders. The shoulder blades are distinctly carved. The arms, which have lion-like paws instead of hands, are slightly bent at the body but do not touch the torso. The torso is columnar and elongated, giving the proportions an overstretched appearance. Although the original surface is largely missing in the front torso area, some areas are preserved along the collarbones and in the lower abdominal region. This is evident in the large, deep-set navel and a apron-like extension carved in the front pelvic area. The legs are spread approximately shoulder-width apart. They exhibit distinctly human features such as knees, curved calves, ankles, and heels. It is notable that the feet are not horizontal, suggesting that the figure seems to be standing on tiptoes. The dots are uncertain. They appear on the head area, however, it is not possible to distinguish them from the waething effects in this part of the figurine. here, a fictional number of 20 is applied, however no certain counting is possible.",Hahn 1970; Wehrberger 2013; Kind et al. 2014; Ebinger-Rist et al. 2014; Dutkiewicz 2021: Taf. 11a-11b,||||||| _ ≠ _ vvv _ v _ vvvvvvvv _ [!°°°°°°°°°°°°°°°°°°°°!],Certain
hfc0050,,Aurignacien,Hohle Fels,Hohle Fels,hfc,Schelklingen,Germany,48.379117,9.754103,precise,wikipedia,IV,AMS,28750±750,OxA-4980,33090+260/-250,KIA 16036,2006,ivory,undetermined,,17.0,11.0,3.0,fragmented,Fragment of a thin ivory plate with a wide hatching.,"Wolf 2015, Taf. 20.3; Dutkiewicz 2021: Taf. 52.6; Conard & Bolus 2003, 2008",!≠!,Certain
hfc0049,,Aurignacien,Hohle Fels,Hohle Fels,hfc,Schelklingen,Germany,48.379117,9.754103,precise,wikipedia,IV,AMS,28750±750,OxA-4980,33090+260/-250,KIA 16036,2006,ivory,undetermined,,26.0,8.0,3.0,fragmented,Thin decorated ivory splinter.,"Wolf 2015, Taf. 20.2; Dutkiewicz 2021: Taf. 52.5; Conard & Bolus 2003, 2008",!≠!,Uncertain
hfc0048,,Aurignacien,Hohle Fels,Hohle Fels,hfc,Schelklingen,Germany,48.379117,9.754103,precise,wikipedia,IV,AMS,28750±750,OxA-4980,33090+260/-250,KIA 16036,2006,ivory,rod/bâton,,42.0,10.0,6.0,fragmented,Half of a round rod with decorations.,"AABW 2006; Dutkiewicz 2021: Taf. 51.4; Conard & Bolus 2003, 2008",[X//] _ X!,Uncertain
hfc0047,,Aurignacien,Hohle Fels,Hohle Fels,hfc,Schelklingen,Germany,48.379117,9.754103,precise,wikipedia,Vb,AMS,31290±180,OxA-19860,40000±500,OxA-19781,2008,ivory,possible flute,,21.0,8.0,3.0,fragmented,"This fragment of an ivory flute was found in 2008 in the lowest Aurignacian horizon, AH Vb. The flute-like features of this piece include its hollow-cylindrical shape and the broken parallel notches along the edge. Additionally, there are parallel notches on the upper side, a characteristic more typical of bone flutes, although there is nothing to rule out such markings on ivory flutes. This could be a semi-finished product, as no finger holes are present, and the shape is not entirely reworked.","AABW 2008, Conard et al. 2009; Dutkiewicz 2021: Taf. 32.1; Conard 2009",| | || | / _ vvvvvvvvv,Certain
hfc0046,,Aurignacien,Hohle Fels,Hohle Fels,hfc,Schelklingen,Germany,48.379117,9.754103,precise,wikipedia,Va,AMS,31750±260,KIA 35464,35710+360/-340,KIA 16034,2008,ivory,personal ornament,,61.0,5.0,3.0,fragmented,Medial fragment of a slightly curved ivory band.,"AABW 2008, Wolf 2015, Taf. 30.11; Dutkiewicz 2021: Taf. 38.2; Conard & Bolus 2003, 2008",!|||||||||||||||! _ !vvvvvvvvvvvvvvvvvvvvvvvvvvvvv! _ !vvvvvvvvvvvvvvvvvvvv!,Very certain
hfc0045,,Aurignacien,Hohle Fels,Hohle Fels,hfc,Schelklingen,Germany,48.379117,9.754103,precise,wikipedia,Va,AMS,31750±260,KIA 35464,35710+360/-340,KIA 16034,2008,ivory,flute,,12.0,4.0,2.0,fragmented,Tiny fragment of an ivory flute with the finger hole partially preserved.,"AABW 2008, Conard et al. 2009; Dutkiewicz 2021: Taf. 32.2; Conard & Bolus 2003, 2008",!vv,Very certain
hfc0044,,Aurignacien,Hohle Fels,Hohle Fels,hfc,Schelklingen,Germany,48.379117,9.754103,precise,wikipedia,Va,AMS,31750±260,KIA 35464,35710+360/-340,KIA 16034,2008,ivory,personal ornament,,40.0,6.0,3.0,fragmented,"Terminal fragment of a long, slightly curved ivory band.","Wolf 2015, Taf. 30.10; Dutkiewicz 2021: Taf. 38.1; Conard & Bolus 2003, 2008",!||||||||||||||||||| _ !vvvvvvvvvvvvvv _ !vvvvvvvvvvvvvvvvvvv,Very certain
hfc0043,,Aurignacien,Hohle Fels,Hohle Fels,hfc,Schelklingen,Germany,48.379117,9.754103,precise,wikipedia,IV,AMS,28750±750,OxA-4980,33090+260/-250,KIA 16036,1977,ivory,undetermined,,29.0,12.0,5.0,fragmented,Ivory fragment with markings.,"Wolf 2015, Taf. 20.5; Dutkiewicz 2021: Taf. 52.3; Conard & Bolus 2003, 2008",≠ v _ |v||V _ >>,Uncertain
hfc0042,,Aurignacien,Hohle Fels,Hohle Fels,hfc,Schelklingen,Germany,48.379117,9.754103,precise,wikipedia,IV,AMS,28750±750,OxA-4980,33090+260/-250,KIA 16036,2002,ivory,rod/bâton,,41.0,10.0,5.0,fragmented,Carefully crafted half-round rod with markings.,"Dutkiewicz 2021: Taf. 51.3; Conard & Bolus 2003, 2008",X || _ | _ / _ | || |,Certain
hfc0041,,Aurignacien,Hohle Fels,Hohle Fels,hfc,Schelklingen,Germany,48.379117,9.754103,precise,wikipedia,Vb,AMS,31290±180,OxA-19860,40000±500,OxA-19781,2006,ivory,personal ornament,,23.0,7.0,6.0,almost complete,Triple-perforated bead.,"AABW 2006; Wolf 2015, Taf. 31.7; Dutkiewicz 2021: Taf. 37.1; Conard 2009",OO,Very certain
hfc0040,,Aurignacien,Hohle Fels,Hohle Fels,hfc,Schelklingen,Germany,48.379117,9.754103,precise,wikipedia,IIIa-V,AMS,29710+210/-200,KIA 32056,40000+500,OxA-19781,2004,ivory,undetermined,,23.0,7.0,3.0,fragmented,Decorated small ivory fragment,"Dutkiewicz 2021: Taf. 53.7; Conard & Bolus 2003, 2008; Conard 2009",!|l||,Uncertain
hfc0039,,Aurignacien,Hohle Fels,Hohle Fels,hfc,Schelklingen,Germany,48.379117,9.754103,precise,wikipedia,IIIb,AMS,29780+330/-310,KIA 18878,29990+340/-330,KIA 3505,2004,ivory,undetermined,,28.0,5.0,2.0,fragmented,The narrow ivory fragment displays two rows of parallel lines that interlock in a zipper-like fashion.,"Wolf 2015, Taf. 8.2; Dutkiewicz 2021: Taf. 53.3; Conard & Bolus 2003, 2008",!||||| _ |||||!,Certain
hfc0038,,Aurignacien,Hohle Fels,Hohle Fels,hfc,Schelklingen,Germany,48.379117,9.754103,precise,wikipedia,IIIa,AMS,29710+210/-200,KIA 32056,31140+250/-240,KIA 16039,2004,ochre,undetermined,,31.0,28.0,12.0,almost complete,"The large, all-around processed lump of ochre was found in 2004 at AH IIIa. It bears markings on the flat surface, and its purpose or use is currently unknown.","Velliky et al. 2018; Dutkiewicz 2021: Taf. 54.13; Conard & Bolus 2003, 2008",[|°°|],Certain
hfc0037,,Aurignacien,Hohle Fels,Hohle Fels,hfc,Schelklingen,Germany,48.379117,9.754103,precise,wikipedia,Va,AMS,31750±260,KIA 35464,35710+360/-340,KIA 16034,2002,ivory,awl,,93.0,7.0,7.0,complete,"This is an ivory point with a long, cylindrical shaft, no special elaboration at the base, and a short, pencil-like tip. Below the tip, there is a marking consisting of 122 short, irregularly placed notches arranged in a ring around the entire point.","AABW 2002; Wolf 2015, Taf. 18.2; Dutkiewicz 2021: Taf. 46.5-6; Conard & Bolus 2003, 2008",≠,Uncertain
hfc0036,,Aurignacien,Hohle Fels,Hohle Fels,hfc,Schelklingen,Germany,48.379117,9.754103,precise,wikipedia,IId,AMS,29560+240/-230,KIA 8964,30010±220,KIA 8965,1999,ivory,undetermined,,19.0,16.0,3.0,fragmented,Fragment of a thin ivory plate with wide hatching.,"AABW 1999; Wolf 2015, Taf. 4.3; Dutkiewicz 2021: Taf. 53.6; Conard & Bolus 2003, 2008",!≠!,Uncertain
hfc0035,,Aurignacien,Hohle Fels,Hohle Fels,hfc,Schelklingen,Germany,48.379117,9.754103,precise,wikipedia,IV,AMS,28750±750,OxA-4980,33090+260/-250,KIA 16036,2001/2002,ivory,figurine zoomorph (Anatidae),,48.0,13.0,9.0,almost complete,"The figurine of a waterfowl was discovered in 2001 at AH IV; however, at that time, the head was missing. It was found in 2002. The body is streamlined, with the wings close to the body. The bird's legs are also close to the body and short, with undeveloped feet. The tail starts above the legs, is broad, and flattens at the end. The neck is long, and the head is stretched forward. Two distinct depressions on both sides represent the eyes of the animal. The beak is short and ends in a conical tip. Notably, unlike the finely crafted head, the body is not completely reworked. It is most likely a waterfowl, but an exact species determination has not been achieved yet. It could be a wild goose or duck. A swan is also a possibility since these birds retract their necks deeply into their back feathers during a dive.","AABW 2001; AABW 2002; Dutkiewicz 2021: Taf. 3; Conard & Bolus 2003, 2008",≠ _ ≠,Uncertain
hfc0034,,Aurignacien,Hohle Fels,Hohle Fels,hfc,Schelklingen,Germany,48.379117,9.754103,precise,wikipedia,IIIa,AMS,29710+210/-200,KIA 32056,31140+250/-240,KIA 16039,2001,ivory,undetermined,,17.0,17.0,2.0,fragmented,Fragment of a thin ivory plate with a broad hatching.,"Wolf 2015, Taf. 10.9; Dutkiewicz 2021: Taf. 53.5; Conard & Bolus 2003, 2008",!≠!,Uncertain
hfc0033,,Aurignacien,Hohle Fels,Hohle Fels,hfc,Schelklingen,Germany,48.379117,9.754103,precise,wikipedia,Vb,AMS,31290±180,OxA-19860,40000±500,OxA-19781,2005,ivory,undetermined,,18.0,6.0,3.0,fragmented,"Small ivory fragment with markings, heavily weathered.",Dutkiewicz 2021: Taf. 52.1; Conard 2009,!|XX |X X!,Uncertain
hfc0032,,Aurignacien,Hohle Fels,Hohle Fels,hfc,Schelklingen,Germany,48.379117,9.754103,precise,wikipedia,IIIb,AMS,29780+330/-310,KIA 18878,29990+340/-330,KIA 3505,2002,ivory,undetermined,,15.0,6.0,4.0,fragmented,Triangularly-shaped ivory fragment.,"Wolf 2015, Taf. 8.5; Dutkiewicz 2021: Taf. 53.2; Conard & Bolus 2003, 2008",!\\\\ \\\\\ _ !\ \\\ /,Uncertain
hfc0031,,Aurignacien,Hohle Fels,Hohle Fels,hfc,Schelklingen,Germany,48.379117,9.754103,precise,wikipedia,IV,AMS,28750±750,OxA-4980,33090+260/-250,KIA 16036,2002,ivory,rod/bâton,,49.0,17.0,5.0,fragmented,"Fragment of a large and wide, slightly tapered round rod, which is heavily weathered.","Dutkiewicz 2021: Taf. 51.2; Conard & Bolus 2003, 2008",|||,Very certain
hfc0030,,Aurignacien,Hohle Fels,Hohle Fels,hfc,Schelklingen,Germany,48.379117,9.754103,precise,wikipedia,IIe,AMS,30640±190,KIA 16040,,,2003,ivory,point,,13.0,3.0,3.0,fragmented,Terminal fragment of a very fine point with a circumferential spiral.,"AABW 2003; Wolf 2015, Taf. 4.4; Dutkiewicz 2021: Taf. 46.4; Conard & Bolus 2003, 2008",!$,Certain
hfc0029,,Aurignacien,Hohle Fels,Hohle Fels,hfc,Schelklingen,Germany,48.379117,9.754103,precise,wikipedia,IIIb,AMS,29780+330/-310,KIA 18878,29990+340/-330,KIA 3505,2007,ivory,rod/bâton,,71.0,10.0,5.0,fragmented,"This long-preserved, meticulously crafted round rod is half-preserved along the longitudinal axis.","Wolf 2015, Taf. 10.3; Dutkiewicz 2021: Taf. 51.5; Conard & Bolus 2003, 2008",W W,Uncertain
hfc0028,,Aurignacien,Hohle Fels,Hohle Fels,hfc,Schelklingen,Germany,48.379117,9.754103,precise,wikipedia,IV,AMS,28750±750,OxA-4980,33090+260/-250,KIA 16036,2001,bone,awl,,35.0,8.0,3.0,fragmented,"Base of a bone awl. Upper part object 58-2062.1, see hfc0025","Dutkiewicz 2021: Taf. 46.1; Conard & Bolus 2003, 2008",,
hfc0027,,Aurignacien,Hohle Fels,Hohle Fels,hfc,Schelklingen,Germany,48.379117,9.754103,precise,wikipedia,IId,AMS,29560+240/-230,KIA 8964,30010±220,KIA 8965,1999,ivory,figurine zoomorph,,36.0,16.0,10.0,fragmented,"The heavily fragmented ""head of a horse"" was discovered in 1999 at the transition between AH II and IIe, representing a transitional or mixed horizon between the Aurignacian and Gravettian periods. The figurine is fragmentary, with the snout and a significant portion of the left side of the head and neck being preserved. On the right side, a smooth ivory fracture surface is largely visible. The nose is distinctly carved and separated from the cheek by a horizontal line. Below, the mouth begins, shaped by a long, deep, and wide line. The chin is set off from the cheeks. The snout is overall narrow, while the cheeks are strongly curved. Fine decorations characterize the preserved original surfaces. The entire piece exhibits a polish, suggesting prolonged handling over an extended period. This head was initially identified as the head of a horse; however, in 2022 the body of the figurine was found and it clearly depicts a bear.","AABW 2022; Conard & Floss 2000; Dutkiewicz 2021: Taf. 5; Conard & Bolus 2003, 2008",,
hfc0026,,Aurignacien,Hohle Fels,Hohle Fels,hfc,Schelklingen,Germany,48.379117,9.754103,precise,wikipedia,IId,AMS,29560+240/-230,KIA 8964,30010±220,KIA 8965,20047,ivory,figurine zoomorph (Ursus sp.),,21.0,16.0,8.0,fragmented,"The heavily fragmented ""head of a horse"" was discovered in 1999 at the transition between AH II and IIe, representing a transitional or mixed horizon between the Aurignacian and Gravettian periods. The figurine is fragmentary, with the snout and a significant portion of the left side of the head and neck being preserved. On the right side, a smooth ivory fracture surface is largely visible. The nose is distinctly carved and separated from the cheek by a horizontal line. Below, the mouth begins, shaped by a long, deep, and wide line. The chin is set off from the cheeks. The snout is overall narrow, while the cheeks are strongly curved. Fine decorations characterize the preserved original surfaces. The entire piece exhibits a polish, suggesting prolonged handling over an extended period. This head was initially identified as the head of a horse; however, in 2022 the body of the figurine was found and it clearly depicts a bear.

This fragment of a figurative animal representation was discovered in 2004 in AH IId, which corresponds to a transitional or mixed layer between the Aurignacian and Gravettian periods. It was recently identified as part of the Hohle Fels Bear figurine. The piece is broken along the natural stratification of the ivory. The preserved surface indicates careful carving, and the polished surface suggests extended use. Parts of the back and abdomen are preserved, as well as the attachment point of a leg. It might represent the left shoulder and the beginning of the left leg.","AABW 2022; AABW 2004; Wolf 2015, Taf. 4.5; Dutkiewicz 2021: Taf. 6; Conard & Bolus 2003, 2008",!|||! _ !≠! _ | _ |||||||! _ ||||||! _ ||||||||||! _ vv! _ ///!,Certain
hfc0025,,Aurignacien,Hohle Fels,Hohle Fels,hfc,Schelklingen,Germany,48.379117,9.754103,precise,wikipedia,IV,AMS,28750±750,OxA-4980,33090+260/-250,KIA 16036,2001,bone,awl,,30.0,5.0,2.0,fragmented,Fragment of a bone awl with markings. Pointed part. Base see hfc0028,"AABW 2010; Dutkiewicz 2021: Taf. 46.1; Conard & Bolus 2003, 2008",!v v v vv! _ v v v _ (//|) _ !v v vv vv vv vv _ ≠! _ vvv _ !vvvvvvv,Certain
hfc0024,,Aurignacien,Hohle Fels,Hohle Fels,hfc,Schelklingen,Germany,48.379117,9.754103,precise,wikipedia,IV,AMS,28750±750,OxA-4980,33090+260/-250,KIA 16036,2002,ivory,figurine anthropomorph,,26.0,7.0,5.0,fragmented,"The so-called ""Little Lion Man"" was discovered in 2002 in AH IV. The representation bears a strong resemblance to the Lion Man from Hohlenstein-Stadel but is only 2.55 cm tall. Only the left side is preserved. The figurine features a relatively large head with a forward-projecting face. A roundish ear is discernible, as seen in other feline figures. The eye, snout, and mouth are present, albeit challenging to discern. Below the short and thick neck, the broad, the left angular shoulder attaches. The arm is short and triangular in shape, separated from the body and hanging vertically from the shoulder. The back seamlessly transitions into the narrow waist. The buttocks are not further defined. The legs, only partially preserved, start below the buttocks and are distinctly separated. The missing right arm may have been found, but it cannot be directly attached, nor is it well-preserved enough to be confidently identified as belonging to this figurine.","AABW 2002; Wolf 2015; Dutkiewicz 2021: Taf. 4; Conard & Bolus 2003, 2008",v _ v,Very certain
hfc0023,,Aurignacien,Hohle Fels,Hohle Fels,hfc,Schelklingen,Germany,48.379117,9.754103,precise,wikipedia,IId,AMS,29560+240/-230,KIA 8964,30010±220,KIA 8965,2003,bone,undetermined,,29.0,12.0,4.0,fragmented,"Thick, nearly cylindrical bone fragment with a broad hatching.","AABW 2003; Dutkiewicz 2021: Taf. 54.12; Conard & Bolus 2003, 2008",!≠!,Uncertain
hfc0022,,Aurignacien,Hohle Fels,Hohle Fels,hfc,Schelklingen,Germany,48.379117,9.754103,precise,wikipedia,IIIb,AMS,29780+330/-310,KIA 18878,29990+340/-330,KIA 3505,2013,ivory,undetermined,,22.0,10.0,4.0,fragmented,"Several fragments of ivory, decorated with hatchings.","Dutkiewicz 2021: Taf. 53.1; Conard & Bolus 2003, 2008",!≠!,Uncertain
hfc0021,,Aurignacien,Hohle Fels,Hohle Fels,hfc,Schelklingen,Germany,48.379117,9.754103,precise,wikipedia,Vaa,AMS,31750±260,KIA 35464,35710+360/-340,KIA 16034,2016,ivory,personal ornament,,27.0,7.0,5.0,almost complete,Triple-perforated bead,"AABW 2016: Dutkiewicz 2021: Taf. 37.5; Conard & Bolus 2003, 2008",OO,Very certain
hfc0020,,Aurignacien,Hohle Fels,Hohle Fels,hfc,Schelklingen,Germany,48.379117,9.754103,precise,wikipedia,IIIa,AMS,29710+210/-200,KIA 32056,31140+250/-240,KIA 16039,2015,ivory,undetermined,,12.0,7.0,2.0,fragmented,Small fragment of a thin ivory plate with remnants of a hatching.,"Dutkiewicz 2021: Taf. 53.4; Conard & Bolus 2003, 2008",!XX!,Certain
hfc0019,,Aurignacien,Hohle Fels,Hohle Fels,hfc,Schelklingen,Germany,48.379117,9.754103,precise,wikipedia,Vaa,AMS,31750±260,KIA 35464,35710+360/-340,KIA 16034,2016,ivory,personal ornament,,9.0,4.0,3.0,fragmented,Fragment of a triple-perforated bead,"AABW 2016; Dutkiewicz 2021: Taf. 37.4; Conard & Bolus 2003, 2008",!O,Very certain
hfc0018,,Aurignacien,Hohle Fels,Hohle Fels,hfc,Schelklingen,Germany,48.379117,9.754103,precise,wikipedia,Vaa,AMS,31750±260,KIA 35464,35710+360/-340,KIA 16034,2016,ivory,figurine anthropomorph,,33.0,12.0,7.0,fragmented,"This heavily weathered ivory fragment was discovered in 2016 in AH Vaa. The original surface has been consistently reworked. Across the entire preserved length of the piece, there is a ridge-like elevation reminiscent of the depiction of an arm, similar to the ""Venus 1."" Therefore, this object is identified as the fragment of a potential female figurine.","AABW 2016; Dutkiewicz 2021: Taf. 2.6-9; Conard & Bolus 2003, 2008",|||||||||||| _ ||||| _ !|||||||,Certain
hfc0017,,Aurignacien,Hohle Fels,Hohle Fels,hfc,Schelklingen,Germany,48.379117,9.754103,precise,wikipedia,Va,AMS,31750±260,KIA 35464,35710+360/-340,KIA 16034,2015,antler,spatula/lissoir,,98.0,27.0,13.0,fragmented,"This unusual object is a shaft part of a larger reindeer antler (Rangifer tarandus), which is diagonally halved along the longitudinal axis, resulting in a rounded, flat end. The smooth surface clearly shows compact and spongy bone structures. A hatching is applied in a surface-filling manner on this area. This pattern consists of a total of 73 lines, some of which extend across the entire width of the object, while others reach only to the spongy center.","AABW 2015; Dutkiewicz 2021: Taf. 41.2; Conard & Bolus 2003, 2008",≠!,Certain
hfc0016,,Aurignacien,Hohle Fels,Hohle Fels,hfc,Schelklingen,Germany,48.379117,9.754103,precise,wikipedia,IId,AMS,29560+240/-230,KIA 8964,30010±220,KIA 8965,2007,ivory,undetermined,,123.0,68.0,6.0,fragmented,"This is a large fragment of a cement splinter of a tusk. Laterally, two pattern units are discernible, but cannot be precisely identified. They consist of grouped, long, slightly overlapping lines. These are arranged in a way that two bundles converge and intersect. It cannot be determined whether this pattern is part of a larger composition.","Wolf 2015, Taf. 2.2; Dutkiewicz 2021: Taf. 53.8-11; Conard & Bolus 2003, 2008",[≠ ≠ ||||],Uncertain
hfc0015,,Aurignacien,Hohle Fels,Hohle Fels,hfc,Schelklingen,Germany,48.379117,9.754103,precise,wikipedia,Vb,AMS,31290±180,OxA-19860,40000±500,OxA-19781,2008,ivory,figurine anthropomorph,,60.0,34.0,31.0,almost complete,"The female representation from Hohle Fels (""Venus 1"") was discovered in 2008 at the base of the lowest Aurignacian layer (AH Vb). The figurine is depicted asymmetrically, with the right shoulder pulled upward. There is no head; instead, the upper chest and shoulder area are horizontally flat. Positioned off-center, above the left shoulder, is a meticulously crafted loop. This loop exhibits a clearly recognizable polish, indicating intentional use. Below the broad shoulders, the large breasts prominently project forward. The relatively short arms lie close to the body, and the carefully crafted hands rest below the breasts on the upper abdomen. The hands have distinct fingers, five on the left and four on the right hand. The abdomen is slightly curved with a noticeable navel. The back is kept rather flat, with the right shoulder pulled upward. Below the abdomen, an oversized vulva is depicted. It is sculpted as a large, flat triangle, with clearly defined open labia. The buttocks are separated from the back by horizontal lines. The cleft that separates the labia runs backward over the perineum, forming the buttock crease. The hip is short and stout, wider than the shoulders, and the waist is slightly narrower than the shoulders and hips. The legs are reduced. The thighs are narrow and widely spaced. Below the knees, the legs taper, and the majority of the lower legs and feet are missing. Instead, the front and back converge, forming rounded, flat ends, also exhibiting noticeable polish.","AABW 2008; Conard 2009; Dutkiewicz 2021: Taf. 1a-1b; Conard & Bolus 2003, 2008",|||||||||| _ ¤¤¤¤¤¤¤¤¤¤¤¤¤ _ Y/\\\\VV\\[°°°° °°] _ [|||| _ ||||||] _ vvvvvvvv! _ C _ |||| _ /// _ [CCCC] _ ||| _ ||| _ v,Very certain
hfc0014,,Aurignacien,Hohle Fels,Hohle Fels,hfc,Schelklingen,Germany,48.379117,9.754103,precise,wikipedia,IV,AMS,28750±750,OxA-4980,33090+260/-250,KIA 16036,2007,ivory,undetermined,,31.0,14.0,3.0,fragmented,"The small, thin ivory plaque bears a tight hatching consisting of 94 lines. It is quite possible that this fragment belongs to piece 29-1594, but it cannot be matched.","AABW 2007; Wolf 2015, Taf. 19.2; Dutkiewicz 2021: Taf. 52.4; Conard & Bolus 2003, 2008",!≠!,Certain
hfc0013,,Aurignacien,Hohle Fels,Hohle Fels,hfc,Schelklingen,Germany,48.379117,9.754103,precise,wikipedia,IV,AMS,28750±750,OxA-4980,33090+260/-250,KIA 16036,2006,ivory,undetermined,,102.0,41.0,14.0,fragmented,"This is a large, elongated ivory fragment. It is a cement fragment with remnants of dentin and is broken on three sides. There are three pattern units on it, arranged in three bands across the outer surface of the tusk, formed by a total of around 215 lines.","AABW 2006; Wolf 2015, Taf. 19.1; Dutkiewicz 2021: Taf. 52.7-8; Conard & Bolus 2003, 2008",!≠ ≠ ≠!,Certain
hfc0012,,Aurignacien,Hohle Fels,Hohle Fels,hfc,Schelklingen,Germany,48.379117,9.754103,precise,wikipedia,Vab,AMS,31750±260,KIA 35464,40000±500,OxA-19781,2014,ivory,personal ornament,,23.0,5.0,4.0,complete,Triple-perforated bead.,"AABW 2014; Dutkiewicz 2021: Taf. 37.3; Conard 2009; Conard & Bolus 2003, 2008",OO,Very certain
hfc0011,,Aurignacien,Hohle Fels,Hohle Fels,hfc,Schelklingen,Germany,48.379117,9.754103,precise,wikipedia,Vab,AMS,31750±260,KIA 35464,40000±500,OxA-19781,2014,ivory,personal ornament,,50.0,16.0,14.0,complete,Blank for a large bead with markings. The object is cylindrical in shape and has two bulges on one side.,"AABW 2014; Dutkiewicz 2021: Taf. 37.12-14; Conard & Bolus 2008; Conard 2009; Conard & Bolus 2003, 2008",|| |||,Certain
hfc0010,,Aurignacien,Hohle Fels,Hohle Fels,hfc,Schelklingen,Germany,48.379117,9.754103,precise,wikipedia,Vab,AMS,31750±260,KIA 35464,40000±500,OxA-19781,2014,ivory,personal ornament,,27.0,6.0,5.0,complete,Triple-perforated bead.,"AABW 2014; Dutkiewicz 2021: Taf. 37.2; Conard & Bolus 2008; Conard 2009; Conard & Bolus 2003, 2008",OO,Very certain
hfc0009,,Aurignacien,Hohle Fels,Hohle Fels,hfc,Schelklingen,Germany,48.379117,9.754103,precise,wikipedia,Vaa,AMS,31750±260,KIA 35464,35710+360/-340,KIA 16034 Va,2014,bone,undetermined,,87.0,21.0,7.0,almost complete,This is a split metatarsal bone of an ibex (Capra ibex) with markings.,"AABW 2014; Dutkiewicz 2021: Taf. 54.1-4; Conard & Bolus 2008; Conard & Bolus 2003, 2008",l llXl ll| |  XX| |  ≠≠≠ ≠≠ llll _ | | | | | | | | | | l _ (–ll) ll ll ll ll,Uncertain
hfc0008,,Aurignacien,Hohle Fels,Hohle Fels,hfc,Schelklingen,Germany,48.379117,9.754103,precise,wikipedia,IV,AMS,28750±750,OxA-4980,33090+260/-250,KIA 16036,2009,bone,spatula/lissoir,,49.0,7.0,6.0,fragmented,"Medial, lateral fragment of a smoother from the rib of a large herbivore (Mammoth?)","AABW 2009; Dutkiewicz 2021: Taf. 41.3; Conard & Bolus 2008; Conard & Bolus 2003, 2008",!vvvvvvvvvvvv!,Very certain
hfc0007,,Aurignacien,Hohle Fels,Hohle Fels,hfc,Schelklingen,Germany,48.379117,9.754103,precise,wikipedia,Vab,AMS,31750±260,KIA-35464,40000±500,OxA 19781,2014,bone,tube/flute,,23.0,6.0,3.0,fragmented,Small fragment of a thin tubular bone.,"AABW 2014; Dutkiewicz 2021: Taf. 35.2; Conard & Bolus 2008; Conard 2009; Conard & Bolus 2003, 2008",!vvvvv!,Very certain
hfc0006,,Aurignacien,Hohle Fels,Hohle Fels,hfc,Schelklingen,Germany,48.379117,9.754103,precise,wikipedia,IIda,AMS,29560+240/-230,KIA 8964,30010±220,KIA 8965,2010,bone,undetermined,,128.0,27.0,10.0,almost complete,Split metatarsal bone of an ibex (Capra ibex) with traces of red ochre and markings.,"AABW 2010; Dutkiewicz 2021: Taf. 54.5-8; Conard et al. 2003: 331-371; Conard & Bolus 2003, 2008",||| X V\\ / \\/ \\ ≠ _ °°°°°°°,Very certain
hfc0005,,Aurignacien,Hohle Fels,Hohle Fels,hfc,Schelklingen,Germany,48.379117,9.754103,precise,wikipedia,Vab,AMS,31750±260,KIA 35464,35710+360/-340,KIA 16034,2014,ivory,figurine anthropomorph,,25.0,21.0,12.0,fragmented,"This object consists of two parts. One of the pieces comes from AH Va, while the second originates from a profile collapse from AH Vab to VII. Since no symbolic artifacts come from Middle Paleolithic layers, and the matching piece clearly belongs to the Aurignacian, an association with AH Vab is presumed. The piece is only partially preserved and heavily weathered. It exhibits a spherical bulge reminiscent of the chest form of the female figurine 1 from AH Vb. The entire object bears numerous markings on the preserved surfaces.","AABW 2014; Dutkiewicz 2021: Taf. 2.1-5; Conard & Bolus 2003, 2008",vvvvv _ >> _ ||||CC _ !¤¤¤¤¤¤¤¤¤¤¤¤ _ !||||,Certain
hfc0004,,Aurignacien,Hohle Fels,Hohle Fels,hfc,Schelklingen,Germany,48.379117,9.754103,precise,wikipedia,Va,AMS,31750±260,KIA 35464,35710+360/-340,KIA 16034,2007,ivory,rod/bâton,,89.0,15.0,7.0,fragmented,This ornate round rod has been assembled from three fragments. It is preserved along half of its longitudinal axis. A portion of the surface has broken off in the middle.,"Wolf 2015, Taf. 28.6-7; Dutkiewicz 2021: Taf. 51.1; Conard et al. 2009: 249-250; Conard 2003: 832; Conard & Bolus 2003, 2008",X(X\)!XX(XX)! _ || _ v _ v,Certain
hfc0003,,Aurignacien,Hohle Fels,Hohle Fels,hfc,Schelklingen,Germany,48.379117,9.754103,precise,wikipedia,Va,AMS,31750±260,KIA 35464,35710+360/-340,KIA 16034,2014,ivory,possible figurine,,9.0,6.0,3.0,fragmented,"A small, spherical-shaped ivory fragment. The rounded part is slightly constricted on one side. The object appears to have broken off, making it difficult to interpret the specific nature of the fragment. However, given the refinement and distinct shaping of the rounded surface, it is possible that this fragment represents a part of a figurative depiction.","AABW 2014; Dutkiewicz 2021: Taf. 28.2; Conard et al. 2009: 249-250; Conard 2003: 832; Conard & Bolus 2003, 2008",[°°°°°°°°°°] _ | _ |,Uncertain
hfc0002,,Aurignacien,Hohle Fels,Hohle Fels,hfc,Schelklingen,Germany,48.379117,9.754103,precise,wikipedia,IV,AMS,28750±750,OxA-4980,33090+260/-250,KIA 16036,2007,ivory,undetermined,,30.0,6.0,4.0,fragmented,Decorated ivory fragment,"Wolf 2015; Taf. 20.6; Dutkiewicz 2021: Taf. 52.2; Conard 2003: 832; Conard & Bolus 2003, 2008",!≠!,Certain
hfc0001,,Aurignacien,Hohle Fels,Hohle Fels,hfc,Schelklingen,Germany,48.379117,9.754103,precise,wikipedia,IIIb,AMS,29780+330/-310,KIA 18878,29990+340/-330,KIA 3505,2002,ivory,personal ornament,,61.0,7.0,3.0,fragmented,"This terminal fragment of a curved ivory band is preserved in two pieces. They cannot be refitted. Nevertheless, the dimensions, surface texture, and decorative elements strongly suggest that these two fragments are originally part of the same piece.","Wolf 2015, Taf. 7.1; Dutkiewicz 2021: Taf. 38.3; Conard 2003: 832; Conard & Bolus 2003, 2008",v vvv vv _ vvv! v,Very certain
gkl0030,,Aurignacien,Geissenklösterle,Geissenklösterle,gkl,Blaubeuren-Weiler,Germany,48.398333,9.772222,precise,wikipedia,III,C14,30100±550,OxA-6256,36560+410/-390,KIA 16032,1983,bone,undetermined,,6.0,3.0,1.0,fragmented,Tiny bone fragment with markings.,"Dutkiewicz 2021: Taf. 55.4; Conard & Bolus 2003, 2008",!||!,Certain
gkl0029,,Aurignacien,Geissenklösterle,Geissenklösterle,gkl,Blaubeuren-Weiler,Germany,48.398333,9.772222,precise,wikipedia,II,C14,30625±796,H 4147-3346,33700±825,H 4751-4404,1983,ivory,possible flute,,26.0,10.0,5.0,fragmented,Ivory tube with parallel notches on the lateral side. Basally with notched remnants of segmentation.,"Dutkiewicz 2021: Taf. 32.7; Hahn 1982; Conard & Bolus 2003, 2008",!vvvvvvvvvvv,Certain
gkl0028,,Aurignacien,Geissenklösterle,Geissenklösterle,gkl,Blaubeuren-Weiler,Germany,48.398333,9.772222,precise,wikipedia,II,C14,30625±796,H 4147-3346,33700±825,H 4751-4404,1979,antler,antler object,,42.0,25.0,18.0,complete,"A so-called antler object. These objects are reworked antler burrs (Leroy-Prost 2002). This artifact group, in addition to the well-known piece from the Vogelherd, featuring a relief of a mammoth, is also documented with two other objects. However, these do not bear figurative representations but are adorned with abstract motifs. The function of these objects is not clear. They are often referred to as retouchers (Hahn 1986, 1988a), smoothers (Didon 1911), or pendants (Hahn 1986; Knecht and White 1992; see summarily Leroy-Prost 2002).","AA 1979; Hahn 1988, Taf. 45.11; Dutkiewicz 2021: Taf. 39; Hahn 1982; Conard & Bolus 2003, 2008",|||| _ –XXXX _ ¤¤¤¤¤¤¤¤¤ _ vvvvv vv vvvvvv _ ////////////,Very certain
gkl0027,,Aurignacien,Geissenklösterle,Geissenklösterle,gkl,Blaubeuren-Weiler,Germany,48.398333,9.772222,precise,wikipedia,II,C14,30625±796,H 4147-3346,33700±825,H 4751-4404,1983,ivory,bâton percé,,147.0,27.0,8.0,fragmented,"Strongly fragmented perforated rod made from ivory. It is an elongated, slightly asymmetrical, thin object with gently convex edges and narrow proximal ends. The surface is mostly not preserved. Medially, there are four double-conical holes exhibiting a thread-like modification of the edges typical for Aurignacian perforated rods. These markings are classified as utilitarian in this context, as they are believed to be associated with the use of this tool in rope making.","AABW 1983; Hahn 1988: 216-17, Taf. 45.19; Dutkiewicz 2021: Taf. 47; Hahn 1986; Conard & Malina 2016; Conard & Rots 2016; Hahn 1982; Conard & Bolus 2003, 2008",!vvvvvvvvvvvv!,Very uncertain
gkl0026,,Aurignacien,Geissenklösterle,Geissenklösterle,gkl,Blaubeuren-Weiler,Germany,48.398333,9.772222,precise,wikipedia,II,C14,30625±796,H 4147-3346,33700±825,H 4751-4404,1983,ivory,figurine zoomorph (Ovibos mosch),,25.0,14.0,6.0,fragmented,"Small figurine of a musk ox (Ovibos moschatus). The figurine is broken approximately along the natural growth line of the ivory, only the right side of the body is preserved. With a length of around 2.5 cm, it is one of the smallest figures from the Swabian Aurignacian. Due to its size, anatomical details are only weakly elaborated. While initially identified as a bison, it is more likely to represent a musk ox. The lowered head position closely to the body and the massive, box-like appearance of the body support this interpretation. The high withers are above the head, and the back line slopes slightly towards the torso. Only the leg beginnings are preserved. Despite its small size, the head is carefully crafted. The horns, eye area, and nostrils are finely detailed. The typical chin beard starts below the mouth. The shoulders are massive, while the rest of the body appears comparatively small and fragile. Although few details are visible, the representation of anatomical details is surprisingly lifelike.","AABW 1983; Hahn 1986: 115-116; Dutkiewicz 2021: Taf. 7; Hahn 1982; Conard & Bolus 2003, 2008",| ||||| | _ | | | || || | | | | |,Very certain
gkl0025,,Aurignacien,Geissenklösterle,Geissenklösterle,gkl,Blaubeuren-Weiler,Germany,48.398333,9.772222,precise,wikipedia,II,C14,30625±796,H 4147-3346,33700±825,H 4751-4404,1979,ivory,plaquette,,38.0,14.0,5.0,almost complete,"Figurative depiction of a thin ivory plaque, the so-called Adorant. The object consists of a slightly asymmetrical rectangular plate with short notches along its edges. The plate has a slight curvature in the short axis, corresponding to the growth form of ivory, suggesting that the raw material likely came from a dentin cone in the peripheral area of the tusk. The back is smoothed with four rows of cup-like depressions. On the front side, a human figure is depicted in bas-relief. Despite significant surface loss, the outlines of the figure are discernible. The figure fills the rectangular shape symmetrically, with slightly bent arms stretched upwards, slightly bent legs, and outward-pointing feet. An elongated extension between the feet hangs down from the body. The feet do not reach the lower edge of the plate, but the head slightly protrudes, giving it a more three-dimensional effect. The crown and even the back of the head are sculpted. The proportions of the upper body are accurate, but the torso appears elongated, with the legs depicted shorter in comparison. Due to the mostly lost surface, little can be said about the details of the body. The hands are not clearly defined, and the feet appear thick and chunky, not anatomically accurate.","AA 1979; Hahn 1988: 117-120; Hahn 1977; Hahn 1986; Dutkiewicz 2021: Taf. 8a-8b; Hahn 1982; Conard & Bolus 2003, 2008",vvvvvvvvvvvvv _ vvvvvvvvvvvvv _ vvvvvvv _ vvvvvv _ >>>>\\\  _ >>>! _  ^^^^ _ °°°°°°°°°°°°° _ °°°°°°°°°° _ °°°°°°°°°°°° _ °°°°°°°°°°°°°,Very certain
gkl0024,,Aurignacien,Geissenklösterle,Geissenklösterle,gkl,Blaubeuren-Weiler,Germany,48.398333,9.772222,precise,wikipedia,II,C14,30625±796,H 4147-3346,33700±825,H 4751-4404,1974,ivory,possible flute,,5.0,3.0,2.0,fragmented,"Tiny ivory fragment, possibly from an ivory flute.","Dutkiewicz 2021: Taf. 32.10; Hahn 1982; Conard & Bolus 2003, 2008",!vvvv!,Very certain
gkl0023,,Aurignacien,Geissenklösterle,Geissenklösterle,gkl,Blaubeuren-Weiler,Germany,48.398333,9.772222,precise,wikipedia,III,C14,30100±550,OxA-6256,36560+410/-390,KIA 16032,1989,ivory,possible flute,,47.0,3.0,2.0,fragmented,"Long ivory fragment with a row of notches, typical of ivory flutes.","Dutkiewicz 2021: Taf. 32.9; Conard & Bolus 2003, 2008",!vvvvvvvvvvvvvvvvvvv!,Very certain
gkl0022,,Aurignacien,Geissenklösterle,Geissenklösterle,gkl,Blaubeuren-Weiler,Germany,48.398333,9.772222,precise,wikipedia,III,C14,30100±550,OxA-6256,36560+410/-390,KIA 16032,1987,ivory,rod/bâton,,11.0,3.0,4.0,fragmented,Thin round rod made of ivory with encircling notches.,"Dutkiewicz 2021: Taf. 51.6; Conard & Bolus 2003, 2008",!OOOOO!,Very certain
gkl0021,,Aurignacien,Geissenklösterle,Geissenklösterle,gkl,Blaubeuren-Weiler,Germany,48.398333,9.772222,precise,wikipedia,II,C14,30625±796,H 4147-3346,33700±825,H 4751-4404,1974 2004,ivory,flute,,187.0,12.0,11.0,almost complete,"This is the first ivory flute that has been discovered. This flute, discovered in 1974 and later recognized in 2004, provided key insights into ivory flute characteristics. Its assembly led to the identification of additional fragments. The manufacturing process, described by Conard, Malina, et al. (2004) and experimentally replicated by Malina and Ehmann (2009), involved creating a long, cylindrical ivory rod with a central transition layer. The rod was split, hollowed, and hermetically sealed with the aid of pre-made notches. The flute, following the ivory's natural curvature, has four preserved finger holes. One end is neatly separated with a ring notch, and interestingly, there's the beginning of a hole, though its purpose remains unclear.","Hahn 1988: Taf. 45.12; Conard et al. 2004; Conard & Malina 2008; Dutkiewicz 2021: Taf. 31; Hahn 1982; Conard & Bolus 2003, 2008",vvvvvvvvvvvvvvvvvvvvvvvvvvvvvvvvvvvvvvvvvvvv! _ vvvvvvvvvvvvvvvvvvvvvvvvvvvvvvvvvvvvvvvvvvvvvvvvvvvvvvvvvvvvvvvvvvvv!,Very certain
gkl0020,,Aurignacien,Geissenklösterle,Geissenklösterle,gkl,Blaubeuren-Weiler,Germany,48.398333,9.772222,precise,wikipedia,II,C14,30625±796,H 4147-3346,33700±825,H 4751-4404,1974,ivory,possible flute,,17.0,2.0,2.0,fragmented,Elongated ivory fragment with a row of notches.,"Dutkiewicz 2021: Taf. 32.12; Hahn 1982; Conard & Bolus 2003, 2008",!vvvvv!,Very certain
gkl0019,,Aurignacien,Geissenklösterle,Geissenklösterle,gkl,Blaubeuren-Weiler,Germany,48.398333,9.772222,precise,wikipedia,II,C14,30625±796,H 4147-3346,33700±825,H 4751-4404,1974,ivory,possible flute,,24.0,6.0,2.0,fragmented,Narrow fragment of a hollow cylindrical ivory piece with the typical lateral notches found in ivory flutes.,"Dutkiewicz 2021: Taf. 32.6; Hahn 1982; Conard & Bolus 2003, 2008",!vvvvvvvv,Very certain
gkl0018,,Aurignacien,Geissenklösterle,Geissenklösterle,gkl,Blaubeuren-Weiler,Germany,48.398333,9.772222,precise,wikipedia,II,C14,30625±796,H 4147-3346,33700±825,H 4751-4404,1973,bone,tube/flute,,30.0,8.0,4.0,fragmented,Fragment of a tubular bone.,"Hahn & Münzel 1995; Dutkiewicz 2021: Taf. 35.5; Hahn 1982; Conard & Bolus 2003, 2008",!v v v vv vv! _ !vv v v!,Very certain
gkl0017,,Aurignacien,Geissenklösterle,Geissenklösterle,gkl,Blaubeuren-Weiler,Germany,48.398333,9.772222,precise,wikipedia,II,C14,30625±796,H 4147-3346,33700±825,H 4751-4404,1973,bone,tube/flute,,35.0,6.0,2.0,fragmented,second part of this objects wrong refitting (see 47-9000.1.2.),"Hahn & Münzel 1995; Dutkiewicz 2021: Taf. 34.6; Hahn 1982; Conard & Bolus 2003, 2008",!v vv vv,Very certain
gkl0016,,Aurignacien,Geissenklösterle,Geissenklösterle,gkl,Blaubeuren-Weiler,Germany,48.398333,9.772222,precise,wikipedia,II,C14,30625±796,H 4147-3346,33700±825,H 4751-4404,1973,bone,flute,,35.0,6.0,1.0,fragmented,Fragment of a bone flute made from a thin-walled tubular bone of a bird,"Hahn & Münzel 1995; Dutkiewicz 2021: Taf. 34.6; Hahn 1982; Conard & Bolus 2003, 2008",v,Very certain
gkl0015,,Aurignacien,Geissenklösterle,Geissenklösterle,gkl,Blaubeuren-Weiler,Germany,48.398333,9.772222,precise,wikipedia,II,C14,30625±796,H 4147-3346,33700±825,H 4751-4404,1973,bone,tube/flute,,50.0,8.0,6.0,fragmented,Fragment of a thin tubular bone,"Hahn & Münzel 1995; Dutkiewicz 2021: Taf. 35.4; Hahn 1982; Conard & Bolus 2003, 2008",!vvvvvvvv! _ !vvvvvvvvv!,Very certain
gkl0014,,Aurignacien,Geissenklösterle,Geissenklösterle,gkl,Blaubeuren-Weiler,Germany,48.398333,9.772222,precise,wikipedia,II,C14,30625±796,H 4147-3346,33700±825,H 4751-4404,,antler,personal ornament,,132.0,5.0,4.0,almost complete,"This is an almost completely preserved curved band made of antler. Both ends are flattened and have perforations. They are slightly twisted in relation to the curvature. A portion of the object is missing in the upper area, preventing the original length from being specified. Hahn suggests interpreting this piece as a mouth bow (Hahn 1988: 220).","Hahn 1988, Taf. 45.18; Dutkiewicz 2021: Taf. 38.5-6; Hahn 1982; Conard & Bolus 2003, 2008",v!vvvvv!vvvvvvvvvvvvvvvvvvvvvvvvvvvvvvvvvvv _ vvvvv!vvvvvvvvvvvvvvvvvvvvvvvvvvvvvvvv,Very certain
gkl0013,,Aurignacien,Geissenklösterle,Geissenklösterle,gkl,Blaubeuren-Weiler,Germany,48.398333,9.772222,precise,wikipedia,II,C14,30625±796,H 4147-3346,33700±825,H 4751-4404,1974,ivory,possible flute,,25.0,8.0,3.0,fragmented,"Fragment of a cylindrical artifact made of ivory with lateral notches - possibly a flute fragment, basal, with notched segmentation.","Dutkiewicz 2021: Taf. 32.5; Hahn 1982; Conard & Bolus 2003, 2008",!vvvvvvvv,Certain
gkl0012,,Aurignacien,Geissenklösterle,Geissenklösterle,gkl,Blaubeuren-Weiler,Germany,48.398333,9.772222,precise,wikipedia,II,C14,30625±796,H 4147-3346,33700±825,H 4751-4404,1975,ivory,figurine zoomorph (Mammuthus pr),,67.0,38.0,3.0,fragmented,"Fragmented figurine of a mammoth (Mammuthus primigenius). it is lacking the head below the skullcap, large portions of the abdomen and right side, the left front leg, and most of the tail except for the base. Weathered extensively, the figurine exhibits surface damage, and the ivory has decayed along natural growth lines. The depiction features a massive mammoth with a towering head, a depression in the neck, and a backline that rises in the shoulder area and slopes steadily towards the hindquarters. Notably, the legs are individually detailed, slightly splayed outward, and the longitudinal axis is subtly twisted. The characteristic mammoth cloaca is preserved at the base, and, in line with other mammoth figurines, the tusks are not represented. Naturalistic depiction of fur on the left body side and lowe back, not included in the coding.","AA 1975; Hahn 1986: 120-122; Hahn 1988; Dutkiewicz 2021: Taf. 9a-9b; Hahn 1982; Conard & Bolus 2003, 2008",||||| _ ¤¤¤¤¤¤¤¤¤¤¤¤¤¤¤ _ ///// _ ||||| _ ¤¤¤¤¤¤¤ _ ||| |||| _ || _ | | || | | | _ lllll | | _ ////! _ ///! ¤¤¤¤!,Certain
gkl0011,,Aurignacien,Geissenklösterle,Geissenklösterle,gkl,Blaubeuren-Weiler,Germany,48.398333,9.772222,precise,wikipedia,II,C14,30625±796,H 4147-3346,33700±825,H 4751-4404,1977,ivory,figurine zoomorph (Ursus sp.),,50.0,21.0,19.0,fragmented,"Fragmented figurine of an erect bear. The figurine has been assembled from eleven fragments. Preserved parts include a portion of the head, the left flank, and abdominal side with the beginnings of arms and legs, as well as parts of the chest and buttocks. Despite the fragmentation, the shapes reveal a bear in an upright posture. The head is relatively small and narrow, with finely detailed facial features. The mouth and nose are defined with delicate lines, and the eyes are depicted through depressions within a slight elevation. The animal's head is directed upward. The body is upright, exposing the entire abdomen when viewed from the front. Arms and legs extend away from the body, but their original positions cannot be determined due to the preservation condition. Determining whether the depicted animal is a cave bear or a brown bear is not possible due to the partially missing lateral and upper head portions.","AA 1977; Hahn 1986:123-125; Dutkiewicz 2021: Taf. 10; Hahn 1982; Conard & Bolus 2003, 2008",||||||| _ ¤¤¤¤¤¤¤¤¤! _ !// _ ¤¤¤¤¤¤¤¤¤! _ |||! _ V,Certain
gkl0010,,Aurignacien,Geissenklösterle,Geissenklösterle,gkl,Blaubeuren-Weiler,Germany,48.398333,9.772222,precise,wikipedia,II,C14,30625±796,H 4147-3346,33700±825,H 4751-4404,1974,ivory,possible flute,,12.0,7.0,2.0,fragmented,"Cylindrical ivory fragment with parallel notches on the lateral side, possible flute","Dutkiewicz 2021: Taf. 32.4; Hahn 1982; Conard & Bolus 2003, 2008",!vvvvvv!,Certain
gkl0009,,Aurignacien,Geissenklösterle,Geissenklösterle,gkl,Blaubeuren-Weiler,Germany,48.398333,9.772222,precise,wikipedia,II,C14,30625±796,H 4147-3346,33700±825,H 4751-4404,1974,ivory,undetermined,,18.0,3.0,2.0,fragmented,Elongated ivory fragment with parallel notches,"Dutkiewicz 2021: Taf. 55.1; Hahn 1982; Conard & Bolus 2003, 2008",!vvvv,Certain
gkl0008,,Aurignacien,Geissenklösterle,Geissenklösterle,gkl,Blaubeuren-Weiler,Germany,48.398333,9.772222,precise,wikipedia,II,C14,30625±796,H 4147-3346,33700±825,H 4751-4404,1974,ivory,possible flute,,20.0,3.0,2.0,fragmented,"Elongated ivory fragment with notched row, possible fragment of an ivory flute","Dutkiewicz 2021: Taf. 32.11; Hahn 1982; Conard & Bolus 2003, 2008",!vvvvvvvv!,Very certain
gkl0007,,Aurignacien,Geissenklösterle,Geissenklösterle,gkl,Blaubeuren-Weiler,Germany,48.398333,9.772222,precise,wikipedia,II,C14,30625±796,H 4147-3346,33700±825,H 4751-4404,1990,ivory,possible flute,,20.0,8.0,3.0,fragmented,"Hollow-cylindrically worked ivory artifact, probably a semi-finished product for flute production","Dutkiewicz 2021: Taf. 32.3; Hahn 1982; Conard & Bolus 2003, 2008",!vvvvvv!,Certain
gkl0006,,Aurignacien,Geissenklösterle,Geissenklösterle,gkl,Blaubeuren-Weiler,Germany,48.398333,9.772222,precise,wikipedia,II,C14,30625±796,H 4147-3346,33700±825,H 4751-4404,,ivory,personal ornament,,42.0,5.0,3.0,fragmented,Terminal fragment of a slightly curved ivory strip with a perforation,"Wolf 2015: Taf. 32.3; Dutkiewicz 2021: Taf. 38.4; Hahn 1982; Conard & Bolus 2003, 2008",||||,Very certain
gkl0005,,Aurignacien,Geissenklösterle,Geissenklösterle,gkl,Blaubeuren-Weiler,Germany,48.398333,9.772222,precise,wikipedia,II,C14,30625±796,H 4147-3346,33700±825,H 4751-4404,1991,ivory,undetermined,,11.0,3.0,2.0,fragmented,Small ivory fragment with parallel lines,"Dutkiewicz 2021: Taf. 55.3; Hahn 1982; Conard & Bolus 2003, 2008",!|||!,Certain
gkl0004,,Aurignacien,Geissenklösterle,Geissenklösterle,gkl,Blaubeuren-Weiler,Germany,48.398333,9.772222,precise,wikipedia,II,C14,30625±796,H 4147-3346,33700±825,H 4751-4404,1975,bone,tube,,76.0,13.0,9.0,complete,Cut tube bone (ulna) of a common raven (Corvus corax),"AA 1977; Hahn 1988, Taf. 45.17; Dutkiewicz 2021: Taf. 35.1; Hahn 1982; Conard & Bolus 2003, 2008",vvvvvvvvvvvvvv,Very certain
gkl0003,,Aurignacien,Geissenklösterle,Geissenklösterle,gkl,Blaubeuren-Weiler,Germany,48.398333,9.772222,precise,wikipedia,II,C14,30625±796,H 4147-3346,33700±825,H 4751-4404,1973 1990,bone,flute,,126.0,10.0,9.0,almost complete,"Flute made from the radius of a whooper swan (Cygnus cygnus). About half of the shaft, proximally separated with a ring notch, is preserved. The distal end is no longer present. The three preserved finger holes are located on the dorsal side of the shaft.","Hahn & Münzel 1995; Hahn 1999; Münzel et al. 2002; Dutkiewicz 2021: Taf. 34.1; Hahn 1982; Conard & Bolus 2003, 2008",vvvv vvvv,Very certain
gkl0002,,Aurignacien,Geissenklösterle,Geissenklösterle,gkl,Blaubeuren-Weiler,Germany,48.398333,9.772222,precise,wikipedia,II,C14,30625±796,H 4147-3346,33700±825,H 4751-4404,1977,bone,tube/flute,,21.0,6.0,2.0,fragmented,Thin tubular bone of a bird,"Dutkiewicz 2021, Taf. 35.3; Hahn 1982; Conard & Bolus 2003, 2008",!vvvvv!,Very certain
gkl0001,,Aurignacien,Geissenklösterle,Geissenklösterle,gkl,Blaubeuren-Weiler,Germany,48.398333,9.772222,precise,wikipedia,II,C14,30625±796,H 4147-3346,33700±825,H 4751-4404,1976,ivory,undetermined,,36.0,12.0,2.0,fragmented,"Thin, elongated ivory plate","Hahn J. 1988, Taf. 45.13; Dutkiewicz 2021: Taf. 55.2; Hahn 1982; Conard & Bolus 2003, 2008",||| //////! _ V,Very certain
bst0001,,Aurignacien,Bockstein-Törle,Bockstein-Törle,bst,Rammingen,Germany,48.553000,10.155000,precise,nespos.org,VI,C14,31530±230 - 20400±220,,,,1953-1956,slate,personal ornament,,21.0,20.0,5.0,almost complete,"This ring made of slate is about 3/4 preserved. Along the edge, there are parallel notches, 18 of which are preserved. Presumably, this is a personal ornament.",Conard N. & Bolus M. 2003; Wolf S. 2015; Dutkiewicz E. 2021:  Taf. 37.10,!vvvvvvvvvvvvvvvvvv!,Certain
hym0009,,Aurignacien,Hayonim Cave,,,,,,,,,D 1-2,AMS,29900 - 28980,,,,,bone,undetermined,,,,,fragmented,notched hyoid bone of gazelle (missing image),Tejero J. M. et al. 2018: p. 5146 table 1; Alex B. et al. 2017,,
hym0008,,Aurignacien,Hayonim Cave,,,,,,,,,D 1-2,AMS,29900 - 28980,,,,,bone,undetermined,,,,,fragmented,notched gazelle scapula (missing image),Tejero J. M. et al. 2018: p. 5146 table 1; Alex B. et al. 2017,,
hym0007,,Aurignacien,Hayonim Cave,,,,,,,,,D 1-2,AMS,29900 - 28980,,,,,bone,other,,,,,fragmented,notched gazelle scapula (missing image),Tejero J. M. et al. 2018: p. 5146 table 1; Alex B. et al. 2017,,
hym0006,,Aurignacien,Hayonim Cave,,,,,,,,,D 3,AMS,29900 - 28980,,,,,bone,other,,,,,fragmented,notched gazelle scapula (missing image),Tejero J. M. et al. 2018: p. 5146 table 1; Alex B. et al. 2017,,
hym0005,,Aurignacien,Hayonim Cave,,,,,,,,,D 3,AMS,29900 - 28980,,,,,bone,other,,,,,fragmented,notched gazelle scapula (missing image),Tejero J. M. et al. 2018: p. 5146 table 1; Alex B. et al. 2017,,
hym0004,,Aurignacien,Hayonim Cave,,,,,,,,,D 1-2,AMS,29900 - 28980,,,,,bone,other,,,,,fragmented,notched gazelle scapula,Tejero J. M. et al. 2018: p. 5147 fig. 2; Alex B. et al. 2017,,
hym0003,,Aurignacien,Hayonim Cave,,,,,,,,,D 1-2,AMS,29900 - 28980,,,,,bone,other,,,,,fragmented,notched gazelle scapula,Tejero J. M. et al. 2018: p. 5147 fig. 2; Alex B. et al. 2017,,
hym0002,,Aurignacien,Hayonim Cave,,,,,,,,,D 1-2,AMS,29900 - 28980,,,,,bone,other,,,,,fragmented,notched gazelle scapula,Tejero J. M. et al. 2018: p. 5147 fig. 2; Alex B. et al. 2017,,
hym0001,,Aurignacien,Hayonim Cave,,,,,,,,,D,AMS,29900 - 28980,,,,,bone,other,,,,,fragmented,notched gazelle scapula,Tejero J. M. et al. 2018: p. 5147 fig. 2; Alex B. et al. 2017,,
ver0004,,Aurignacien,Grotte de la Verpillière I,,,,,,,,,,C14,34010±610 - 29020±170,,,,,bone,other,,,,,fragmented,,Floss H. et al. 2013; Dutkiewicz E. 2011,,
ver0003,,Aurignacien,Grotte de la Verpillière I,,,,,,,,,,C14,34010±610 - 29020±170,,,,,ivory,personal ornament,,,,,fragmented,Ivory ring decorated with sub-parallel lines,Floss H et al. 2013,,
sdn0001,,Aurignacien,Shanidar Cave,,,,,,,,,Level C context 3107,C14,35440±600 - 28700±700,,,,,shell,undetermined,,,,,fragmented,land snail shell decorated with sub-parallel incisions,Hunt C. O. et al. 2017: p. 318 fig. 4; Olszewski D. & Dibble H. 2006,,
brw0001,,Aurignacien,Shelter Birów IV,,,,,,,,,5 Younger cultural level,C14,34000 - 30000,,,,,antler,rod/bâton,,,,,fragmented,fragment of an antler decorated with a pointille technique,Cyrek K. 2018: p. 106 fig. 10,,
ltk0001,,Aurignacien,Lhotka,,,,,,,,,,,,,,,,flint cortex,flake,,,,,fragmented,engraved flintstone cortex,Valoch K. 2010: p. 93 fig. 12.11,,
kvs0001,,Aurignacien,Kvasice,,,,,,,,,,,,,,,,flint cortex,flake,,,,,fragmented,engraved flintstone cortex,Valoch K. 2010: p. 93 fig. 12.8,,
olv0001,,Aurignacien,Otaslavice,,,,,,,,,,,,,,,,flint cortex,flake,,,,,fragmented,engraved flintstone cortex,Valoch K. 2010: p. 93 fig. 12.7,,
stn0001,,Aurignacien,Slatinice,,,,,,,,,,,,,,,,flint cortex,flake,,,,,fragmented,engraved flintstone cortex,Valoch K. 2010: p. 93 fig. 12.4,,
ndd0004,,Aurignacien,Nová Dědina,,,,,,,,,,,,,,,,flint cortex,flake,,,,,fragmented,flake of flint with the engraved cortex,Valoch K. 2010: p. 93 fig. 12.6,,
ndd0003,,Aurignacien,Nová Dědina,,,,,,,,,,,,,,,,flint cortex,flake,,,,,fragmented,flake of flint with the engraved cortex,Valoch K. 2010: p. 93 fig. 12.10,,
ndd0002,,Aurignacien,Nová Dědina,,,,,,,,,,,,,,,,flint cortex,flake,,,,,fragmented,flake of flint with the engraved cortex,Valoch K. 2010: p. 93 fig. 12.5,,
ndd0001,,Aurignacien,Nová Dědina,,,,,,,,,,,,,,,,flint cortex,flake,,,,,fragmented,engraved flintstone cortex,Valoch K. 2010: p. 93 fig. 12.3,,
ztv0003,,Aurignacien,Žlutava,,,,,,,,,,,,,,,,slate,undetermined,,,,,fragmented,pierced slab of slate with incisions and dots decorations,Valoch K. 2010: p. 93 fig. 12.12,,
ztv0002,,Aurignacien,Žlutava,,,,,,,,,,,,,,,,flint cortex,flake,,,,,fragmented,flake of flint with the engraved cortex,Valoch K. 2010: p. 93 fig. 12.9,,
ztv0001,,Aurignacien,Žlutava,,,,,,,,,,,,,,,,flint cortex,flake,,,,,almost complete,engraved flintstone cortex,Valoch K. 2010: p. 93 fig. 12.2,,
mla0003,,Aurignacien,Mladeč,,,,,,,,,,AMS,34930+520/-490 - 31190+400/-390,,,,,ivory,point,,,,,almost complete,engraved ivory point,Valoch K. 2010: p. 91 fig. 11.2;  Wild E. M. et al. 2005,,
ilk0003,,Aurignacien,Istállóskő Cave,,,,,,,,,,AMS,35000 - 32000,,,,1911 - 1951,bone,awl,,,,,complete,Knohenpfriem,Mottl M. 1942: p. 86 fig. 3.1; Patou-Mathis M. et al. 2016; Mester Z. 2004; Mester Z. 2014,,
ilk0002,,Aurignacien,Istállóskő Cave,,,,,,,,,,AMS,35000 - 32000,,,,1911 - 1951,bone,spatula/lissoir,,,,,fragmented,bone lissoir with incisions,Mottl M. 1942: p. 86 fig. 3.4; Patou-Mathis M. et al. 2016; Mester Z. 2004; Mester Z. 2014,,
ilk0001,,Aurignacien,Istállóskő Cave,,,,,,,,,,AMS,35000 - 32000,,,,1911 - 1951,bone,tube,,,,,undetermined,bone with notches,Mottl M. 1942: p. 86 fig. 3.5; Patou-Mathis M. et al. 2016; Mester Z. 2004; Mester Z. 2014,,
men0003,,Aurignacien,Menton/Grottes du Grimaldi,,,,,,,,,,,,,,,,undetermined,undetermined,,,,,fragmented,,Barandiaran I. & Garcia Diez M. 2007: p. 213 fig. F,,
poi0001,,Aurignacien,Abri du Poisson,,,,,,,,,couche b,,,,,,1917,limestone,bloc,,530.0,400.0,,complete,engraved block with vulva representation,Delluc B. & Delluc G. 1978: p. 380 fig. 93,,
ltp0001,,Aurignacien,Le Terme Pialat,,,,,,,,,,,,,,,,limestone,bloc,,220.0,200.0,6.0,almost complete,engraving of two venus figures on a limestone block,Delluc B. & Delluc G. 1978: p. 375 fig. 91,,
lus0006,,Aurignacien,Abri de Laussel,,,,,,,,,,,,,,,,limestone,bloc,,150.0,,,complete,engraved limestone block,Delluc B. & Delluc G. 1978: p. 372 fig. 90,,
lus0005,,Aurignacien,Abri de Laussel,,,,,,,,,,,,,,,,limestone,bloc,,100.0,,,complete,engraved limestone block,Delluc B. & Delluc G. 1978: p. 371 fig. 89,,
lus0004,,Aurignacien,Abri de Laussel,,,,,,,,,5,,,,,,,limestone,bloc,,,,,complete,Engraved block of limestone decorated with dots and vulva,Delluc B. & Delluc G. 1978: p. 369 fig. 88,,
lus0003,,Aurignacien,Abri de Laussel,,,,,,,,,5,,,,,,,limestone,bloc,,,,,complete,block of limestone  decorated with dots,Delluc B. & Delluc G. 1978: p. 367 fig. 87,,
lus0002,,Aurignacien,Abri de Laussel,,,,,,,,,5,,,,,,,limestone,bloc,,,,,fragmented,fragmented block of limestone with a vulva engraved,Delluc B. & Delluc G. 1978: p. 365 fig. 86,,
lus0001,,Aurignacien,Abri de Laussel,,,,,,,,,6,,,,,,,limestone,bloc,,110.0,,,almost complete,block of ochre decorated with vulvae,Delluc B. & Delluc G. 1978: p. 363 fig. 85,,
vdj0001,,Aurignacien,Vindija Cave,,,,,,,,,Level G1,C14; AMS,33000+/- 400,,,,,bone,undetermined,,,,,complete,bear pubic bone with carved circular decoration,Karavanić I. 1995: p. 16 fig. 3.8,,
mla0002,,Aurignacien,Mladeč,,,,,,,,,,AMS,34930+520/-490 - 31190+400/-390,,,,,bone,awl,,,,,complete,engraved bone point,Wild E. M. et al. 2005; Svoboda J. 2001: p. 51 fig. 5.12,,
mla0001,,Aurignacien,Mladeč,,,,,,,,,,AMS,34930+520/-490 - 31190+400/-390,,,,1881-1904,bone,awl,,,,,almost complete,engraved bone point,Svoboda J. 2006; Wild E. M. et al. 2005; Svoboda J. 2001: p. 51 fig. 5.11,,
wld0002,,Aurignacien,Willendorf,,,,,,,,,4,C14,32000 - 31000,,,,,bone,tube,,,,,fragmented,bone fragment with crossing lines,Nigst P. R. 2006: p. 287 fig. 16.3,,
sda0001,,Aurignacien,Šandalja II,,,,,,,,,couche E,C14,23540±180,,,,,bone,point,,,,,fragmented,fragment distal de pointe ou poinçon décoré à sommet cassé et de section elliptique,Karavanić I. 2003: p. 592 fig. 9.10,,
ver0002,,Aurignacien,Grotte de la Verpillière I,,,,,,,,,,C14,34010±610 - 29020±170,,,,,bone,spatula/lissoir,,50.0,18.0,,fragmented,Knochen mit parallelen Ritzungen aus der Kollektion Gros,Floss H et al. 2013; Dutkiewicz E. 2011: p. 86 fig. 62,,
cas0022,,Aurignacien,Castanet,,,,,,,,,I,AMS,34320±520 - 31900±450,,,,1911-1913,antler,bâton percé,,,,,fragmented,bâtons percés en bois de Renne avec incisions parallèles,White R. et al. 2012; Peyrony D. 1935: p. 434 fig. 11.3,,
cas0021,,Aurignacien,Castanet,,,,,,,,,I,AMS,34320±520 - 31900±450,,,,1911-1913,antler,bâton percé,,,,,fragmented,bâtons percés en bois de Renne avec incisions parallèles,White R. et al. 2012; Peyrony D. 1935: p. 434 fig. 11.2,,
cas0020,,Aurignacien,Castanet,,,,,,,,,I,AMS,34320±520 - 31900±450,,,,1911-1913,bone,rod/bâton,,,,,almost complete,Objet en os décoré,White R. et al. 2012; Peyrony D. 1935: p. 434 fig. 17.10,,
cas0019,,Aurignacien,Castanet,,,,,,,,,I,AMS,34320±520 - 31900±450,,,,1911-1913,bone,rod/bâton,,,,,almost complete,Objet en os décoré,White R. et al. 2012; Peyrony D. 1935: p. 434 fig. 17.9,,
cas0018,,Aurignacien,Castanet,,,,,,,,,I,AMS,34320±520 - 31900±450,,,,1911-1913,bone,awl,,,,,almost complete,Objet en os décoré,White R. et al. 2012; Peyrony D. 1935: p. 434 fig. 17.8,,
cas0017,,Aurignacien,Castanet,,,,,,,,,I,AMS,34320±520 - 31900±450,,,,1911-1913,bone,awl,,,,,almost complete,Objet en os décoré,White R. et al. 2012; Peyrony D. 1935: p. 434 fig. 17.7,,
cas0016,,Aurignacien,Castanet,,,,,,,,,I,AMS,34320±520 - 31900±450,,,,1911-1913,bone,other,,,,,fragmented,Objet en os décoré,White R. et al. 2012; Peyrony D. 1935: p. 434 fig. 17.5,,
cas0015,,Aurignacien,Castanet,,,,,,,,,I,AMS,34320±520 - 31900±450,,,,1911-1913,bone,spatula/lissoir,,,,,fragmented,Objet en os décoré,White R. et al. 2012; Peyrony D. 1935: p. 434 fig. 17.4,,
cas0014,,Aurignacien,Castanet,,,,,,,,,I,AMS,34320±520 - 31900±450,,,,1911-1913,ivory,other,,,,,complete,lame d'ivoire à bords découpés arrondis et cochés,White R. et al. 2012; Peyrony D. 1935: p. 434 fig. 17.1,,
fnr0001,,Aurignacien,Riparo di Fontana Nuova,,,,,,,,,,,,,,,1949,limestone,other,,,,,fragmented,,Mussi et al. 2006: p. 195 fig. 6f; Chilardi S. et al. 1996,,
rbb0003,,Aurignacien,Riparo Bombrini,,,,,,,,,,C14,34200±500,,,,1976 / 2002,bone,tube,,,,,fragmented,"segment de diaphyse d’os
d’oiseaux décorés avec des incisions transversales",Mussi et al. 2006: p. 195 fig. 6e; Biette A. Negrino F.,,
rbb0002,,Aurignacien,Riparo Bombrini,,,,,,,,,,C14,34200±500,,,,1976 / 2002,bone,tube,,,,,fragmented,"segment de diaphyse d’os
d’oiseaux décorés avec des incisions transversales",Mussi et al. 2006: p. 195 fig. 6c; Biette A. Negrino F.,,
cas0013,,Aurignacien,Castanet,,,,,,,,,II,AMS,34320±520 - 31900±450,,,,1911-1913,bone,point,,,,,complete,pointes losangique en os décoré,White R. et al. 2012; Peyrony D. 1935: p. 439 fig. 19.1,,
fum0004,,Aurignacien,Fumane,,,,,,,,,,C14,38600+1400/-1800 - 31900±500,,,,,antler,spatula/lissoir,,,,,complete,spatula or biseau made on antler,Mussi M. et al. 2006; Bartolomei G. et al. 1994: p. 173 fig. 17.11,,
rbb0001,,Aurignacien,Riparo Bombrini,,,,,,,,,,C14,34200±500,,,,,bone,undetermined,,,,,fragmented,fragment of a long bone of bird with notches and transverse incisions,Bertola S. et al. 2013: p. 132 fig. 8.7,,
gdr0007,,Aurignacien,Grotte du Renne,,,,,,,,,Level VII,AMS,36500±1300 - 34050±750,,,,,ivory,personal ornament,,,,,complete,fish-tailed ornament,Zilhão  J. 2007: p. 26 fig. 7L,,
cot0002,,Aurignacien,Les Cottés,,,,,,,,,déblais,AMS,34870±340 - 31640±260,,,,2006,bone,personal ornament,,,,,fragmented,Tubular bead with a spiral incision,Rigaud S. et al. 2014: p. 25 fig. 3e;  Wright D. et al. 2014: p. 33 fig. 2l,,
cot0001,,Aurignacien,Les Cottés,,,,,,,,,déblais,AMS,34870±340 - 31640±260,,,,2006,bone,personal ornament,,,,,complete,"The tubular bead with two wide and deep incisions made on the entire circumference of the
piece",Rigaud S. et al. 2014: p. 25 fig. 3f; Wright D. et al. 2014: p. 33 fig. 2l,,
fum0003,,Aurignacien,Fumane,,,,,,,,,,C14,38600+1400/-1800 - 31900±500,,,,,bone,spatula/lissoir,,,,,complete,cote d'herbivore avec deux sequences de coches rythmées,Mussi M. et al. 2006; Bartolomei G. et al. 1994: p. 173 fig. 28.13,,
pdh0001,,Aurignacien,Pod Hradem,,,,,,,,,6,AMS,"41900±1800 - 28190±340
340",,,,2011-2012,bone,rod/bâton,,9.0,3.0,,fragmented,tubular bone rod decorated with a series of notches,Wright D. et al. 2014: p. 34 fig. 3,,
ecs0003,,Aurignacien,El Castillo,,,,,,,,,18b,AMS,39300±1600,,,,,bone,undetermined,,,,,fragmented,fragment of metacarpus of deer  which presents a series of incisions,Tejero J. M. & Bernaldo de Quirós F. 2008: p. 419 fig. 2,,
ecs0002,,Aurignacien,El Castillo,,,,,,,,,18b,AMS,39300±1600,,,,,limestone,plaquette,,,,,fragmented,plaquette of sandstone which present four lines engraved,Bernaldo de Quirós F. et al. 2010: p. 301 fig. 11.5,,
ecs0001,,Aurignacien,El Castillo,,,,,,,,,18b,AMS,39300±1600,,,,,bone,undetermined,,,,,fragmented,fragment of bone which present incisions,Bernaldo de Quirós F. et al. 2010: p. 301 fig. 11.2,,
vin0001,,Aurignacien,La Viña,,,,,,,,,XIII,AMS,31160±380 - 30650±360,,,,,bone,point,,,,,fragmented,,Wood R. E. et al. 2014; Barandiaran I. & Garcia Diez M. 2007: p. 213a,,
ver0001,,Aurignacien,Grotte de la Verpillière I,,,,,,,,,,C14,34010±610 - 29020±170,,,,,bone,spatula/lissoir,,196.0,,,almost complete,medial fragment of a rib engraved with parallel incisions,Floss H. et al. 2013; Dutkiewicz E. 2011: p. 89 fig. 69,,
trm0004,,Aurignacien,Trou Magrite,,,,,,,,,3° niveau,C14,28640±480 - 25080±320,,,,,antler,undetermined,,,,,fragmented,Bloc de craie sculpté en bas-reliefet bois de renne gravé,Lejeune M. 2007: p. 137; Dewez M. 1985,,
trm0003,,Aurignacien,Trou Magrite,,,,,,,,,,C14,28640±480 - 25080±320,,,,,ivory,personal ornament,,,,,fragmented,broken ivory ring,Lejeune M. 2007: p. 135 fig. 9,,
trm0002,,Aurignacien,Trou Magrite,,,,,,,,,,C14,28640±480 - 25080±320,,,,,undetermined,awl,,,,,almost complete,,Lejeune M. 2007: p. 135 fig. 2,,
trm0001,,Aurignacien,Trou Magrite,,,,,,,,,,C14,28640±480 - 25080±320,,,,,bone,undetermined,,,,,almost complete,,Lejeune M. 2007: p. 135 fig. 1,,
roi0001,,Aurignacien,Les Rois,,,,,,,,,,AMS,"28715±145
28715 ± 145 BP",,,,,antler,personal ornament,,,,,almost complete,pointed antler pendant,Vanhaeren M. & d’Errico F. 2016: p. 1112 fig. 1.35;  Ramirez Rozzi F. et al. 2009,,
tdc0002,,Aurignacien,Tuto de Camalhot,,,,,,,,,,C14,34750,,,,1927-1934,bone,spatula/lissoir,,,,,fragmented,,San Juan C. et al.  2007: p. 103 fig. 1; Maroto J. et al. 2002,,
tdc0001,,Aurignacien,Tuto de Camalhot,,,,,,,,,,C14,34750,,,,1927-1934,ivory,personal ornament,,,,,complete,decorated ovoid ivory pendant,Bourrillon R. et al. 2016: p.14 fig. 15.1; Vanhaeren M. & d’Errico F 2016: p. 1112 fig. 148; Maroto J. et al. 2002,,
gar0012,,Aurignacien,Gargas,,,,,,,,,4,AMS,31540±720,,,,,bone,other,,113.0,29.0,13.0,fragmented,notched rib fragment,San Juan C. et al.  2007: p. 99 fig. 4.8; Vercoutère C. et al. 2006,,
gar0011,,Aurignacien,Gargas,,,,,,,,,4,AMS,31540±720,,,,,bone,spatula/lissoir,,96.0,22.0,6.0,fragmented,notched rib fragment,San Juan C. et al.  2007: p. 99 fig. 4.7; Vercoutère C. et al. 2006,,
gar0010,,Aurignacien,Gargas,,,,,,,,,4,AMS,31540±720,,,,,bone,spatula/lissoir,,52.0,16.0,6.0,fragmented,notched rib fragment,San Juan C. et al.  2007: p. 99 fig. 4.5; Vercoutère C. et al. 2006,,
gar0009,,Aurignacien,Gargas,,,,,,,,,4,AMS,31540±720,,,,,bone,spatula/lissoir,,121.0,19.0,8.0,fragmented,notched rib fragment,San Juan C. et al.  2007: p. 99 fig. 4.4; Vercoutère C. et al. 2006,,
gar0008,,Aurignacien,Gargas,,,,,,,,,4,AMS,31540±720,,,,,antler,bâton percé,,58.0,15.0,8.0,fragmented,frament de bâtons percés?,San Juan C. et al.  2007: p. 99 fig. 4.3; Vercoutère C. et al. 2006,,
gar0007,,Aurignacien,Gargas,,,,,,,,,4,AMS,31540±720,,,,,bone,bâton percé,,50.0,14.0,6.0,fragmented,frament de bâtons percés?,San Juan C. et al.  2007: p. 99 fig. 4.2; Vercoutère C. et al. 2006,,
gar0006,,Aurignacien,Gargas,,,,,,,,,4,AMS,31540±720,,,,,bone,other,,45.0,10.0,5.0,fragmented,Notched rib fragment,San Juan C. et al.  2007: p. 99 fig. 4.1; Vercoutère C. et al. 2006,,
gar0005,,Aurignacien,Gargas,,,,,,,,,4,AMS,31540±720,,,,,bone,spatula/lissoir,,,,,fragmented,Notched rib fragment,San Juan C. et al.  2007: p. 94 fig. 122; Vercoutère C. et al. 2006,,
gar0004,,Aurignacien,Gargas,,,,,,,,,4,AMS,31540±720,,,,,bone,compresseur,,,,,fragmented,retouchoir  avec  deux  séries  de  traits,San Juan C. et al.  2007: p. 94 fig. 121; Vercoutère C. et al. 2006,,
gar0003,,Aurignacien,Gargas,,,,,,,,,4,AMS,31540±720,,,,,bone,spatula/lissoir,,,,,almost complete,notched rib fragment,San Juan C. et al.  2007: p. 94 fig. 120; Vercoutère C. et al. 2006,,
gzr0003,,Aurignacien,Gatzarria,,,,,,,,,,AMS,36000±700 - 34400±550,,,,,undetermined,spatula/lissoir,,,,,fragmented,,Carolyn C. et al. 2012; San Juan C. et al.  2007: p. 103 fig. 3,,
gzr0002,,Aurignacien,Gatzarria,,,,,,,,,,AMS,36000±700 - 34400±550,,,,,undetermined,spatula/lissoir,,,,,almost complete,,Carolyn C. et al. 2012; San Juan C. et al.  2007: p. 103 fig. 2,,
sal0001,,Aurignacien,El Salitre,,,,,,,,,,,,,,,,undetermined,undetermined,,,,,fragmented,,Barandiaran I. & Garcia Diez M. 2007:  212 fig. b,,
pat0003,,Aurignacien,Abri Pataud,,,,,,,,,,AMS,35000±650 - 31200±400,,,,,bone,undetermined,,,,,fragmented,Notched bone fragment,Higham T. et al. 2011; Chiotti L. et al. 2007: p. 177 fig. 4,,
pat0002,,Aurignacien,Abri Pataud,,,,,,,,,,AMS,35000±650 - 31200±400,,,,,bone,undetermined,,,,,fragmented,Notched rib fragment,Higham T. et al. 2011; Chiotti L. et al. 2007: p. 177 fig. 4,,
pat0001,,Aurignacien,Abri Pataud,,,,,,,,,,AMS,35000±650 - 31200±400,,,,,bone,undetermined,,,,,fragmented,Notched rib fragment,Higham T. et al. 2011; Chiotti L. et al. 2007: p. 177 fig. 4,,
lak0003,,Aurignacien,Labeko Koba,,,,,,,,,VII,AMS,36850+/-800 - 35400+/-650,,,,,bone,spatula/lissoir,,,,,fragmented,,Wood R. E. et al. 2014; Barandiaran I. & Garcia Diez M. 2007: p. 213 fig. j,,
lak0002,,Aurignacien,Labeko Koba,,,,,,,,,VII,AMS,36850+/-800 - 35400+/-650,,,,,undetermined,undetermined,,,,,fragmented,,Wood R. E. et al. 2014; Barandiaran I. & Garcia Diez M. 2007: p. 213 fig. i,,
gzr0001,,Aurignacien,Gatzarria,,,,,,,,,,AMS,36000±700 - 34400±550,,,,,ivory,personal ornament,,,,,complete,trianguloid ivory pendant,Carolyn C. et al. 2012; Vanhaeren M. & d'Errico F. 2006: p. 1112 fig. 1.11,,
laf0019,,Aurignacien,La Ferrassie,,,,,,,,,H?,OSL,37200±1900,,,,,ivory,personal ornament,,,,,complete,ivory diadem,Guerin G. et al. 2015; Vanhaeren M. & d'Errico F. 2006: p. 1112 fig. 1.31,,
spy0003,,Aurignacien,Spy,,,,,,,,,C or “second fauna-bearing level”,C14,36250+500/-500 - 32830+200/-190,,,,,ivory,personal ornament,,,,,complete,elliptical flat notched ivory bead,Pirson S. et al. 2013; Vanhaeren M. & d'Errico F. 2006: p.1112 fig. 1.24,,
spy0001,,Aurignacien,Spy,,,,,,,,,C or “second fauna-bearing level”,C14,36250+500/-500 - 32830+200/-190,,,,,ivory,personal ornament,,,,,complete,Ivory ring,Pirson S. et al. 2013; Vanhaeren M. & d'Errico F. 2006: p.1112 fig. 1.17,,
sou0002,,Aurignacien,La Souquette,,,,,,,,,,,,,,,1902-1903,ivory,personal ornament,,,,,fragmented,ivory fragment of pendant decorated with aligned punctuations,Bourillon R. et al. 2016: p. 14 fig. 15.5,,
sou0001,,Aurignacien,La Souquette,,,,,,,,,,,,,,,1902-1903,ivory,personal ornament,,,,,complete,pointed ivory pendant decorated with aligned punctuations,Bourillon R. et al. 2016: p.14 fig. 15.3; Vanhaeren M. & d'Errico F. 2006: p.1112,,
ras0001,,Aurignacien,El Rascaño,,,,,,,,,Level 7,,,,,,,bone,point,,,,,almost complete,bone point decorated with linear incisions,Barandiaran I. & Garcia Diez M. 2007: p. 213 fig. l,,
lak0001,,Aurignacien,Labeko Koba,,,,,,,,,VII,AMS,36850+/-800 - 35400+/-650,,,,1988,limestone,bloc,,34.0,46.0,16.0,complete,,Wood R. E. et al. 2014; Garcìa M. et al. 2000: p. 377-383; Garate D. et al. 2015: p. 241 fig. 2d; Floss H. & Rouquerol N. 2007,,
laf0018,,Aurignacien,La Ferrassie,,,,,,,,,H'',OSL,37200±1900,,,,,limestone,bloc,,,,,complete,Engraved rock with the legs of a four footed animal as well as the outline of a vulva and many cupules,Guerin G. et al. 2015; Zilhao J. 2007: p. 34 fig. 10,,
laf0014,,Aurignacien,La Ferrassie,,,,,,,,,,OSL,37200±1900,,,,,limestone,bloc,,,,,complete,Bloc with cupules,Bourrillon R. et al. 2016: p. 13 fig. 14-3; Guerin G. et al. 2015,,
hdp0001,,Aurignacien,Hornos de la Pena,,,,,,,,,,C14,34000 - 30000,,,,,bone,plaquette,,90.0,75.0,7.0,fragmented,hueso frontal de équido con la representación grabada del cuarto trasero y cola del mismo animal.,Tejero J. M. et al. 2008: p. 119 fig. 1; Garate D. et al. 2015,,
gdr0005,,Aurignacien,Grotte du Renne,,,,,,,,,Level VII,AMS,36500±1300 - 34050±750,,,,,bone,awl,,,,,fragmented,Two fragments of an anciently broken awl,Zilhão  J. 2007; d'Errico F. et al. 2003b: p. 251 fig. 29,,
cel0029,,Aurignacien,Cellier,,,,,,,,,A,C14,33600±550 - 32450±450,,,,2014,limestone,bloc,,,,,fragmented,The surface of this conjoining block present deep cuvette artificial depressio created posterior to and truncates two curved lines a series of three wide deep straight lines and a zoomorphic figure,White R. et al. 2017: p. 23 fig. 24,,
cel0028,,Aurignacien,Cellier,,,,,,,,,A,C14,33600±550 - 32450±450,,,,2014,limestone,bloc,,,,,complete,"In the lower right portion of this
surface is a curved line. Two series of 4 and 5 cupules respectively complete the surface modification",White R. et al. 2017: p. 20 fig. 21h,,
cel0027,,Aurignacien,Cellier,,,,,,,,,A,C14,33600±550 - 32450±450,,,,2014,limestone,bloc,,,,,complete,"A long straight is visible on the left side of this surface. At the left lower margin of this surface several aligned cupules follow the curve of a natural concavity. At the center of
the concavity there is a pair of larger cupules.",White R. et al. 2017: p. 20 fig. 21g,,
cel0026,,Aurignacien,Cellier,,,,,,,,,A,C14,33600±550 - 32450±450,,,,2014,limestone,bloc,,,,,complete,Limestone block with incisions,White R. et al. 2017: p. 20 fig. 21f,,
cel0025,,Aurignacien,Cellier,,,,,,,,,A,C14,33600±550 - 32450±450,,,,2014,limestone,bloc,,,,,complete,"The lower part of this surface shows a deep line and at its left extremity by
another line. There is a curved alignment of cupules on the upper left part of the surface.",White R. et al. 2017: p. 20 fig. 21e,,
cel0022,,Aurignacien,Cellier,,,,,,,,,A,C14,33600±550 - 32450±450,,,,2014,limestone,bloc,,,,,complete,"Maybe a schematic representation
of a mammoth in profile",White R. et al. 2017: p. 20 fig. 21a,,
cel0021,,Aurignacien,Cellier,,,,,,,,,A,C14,33600±550 - 32450±450,,,,2014,limestone,bloc,,,,,complete,"Limestone block with a horse in
right profile",White R. et al. 2017: p. 18 fig. 19c,,
cel0020,,Aurignacien,Cellier,,,,,,,,,A,C14,33600±550 - 32450±450,,,,2014,limestone,bloc,,,,,complete,"Limestone block with a figure of a mammoth showing only
the head",White R. et al. 2017: p.18 fig.19b,,
cel0019,,Aurignacien,Cellier,,,,,,,,,A,C14,33600±550 - 32450±450,,,,2014,limestone,bloc,,,,,complete,Limestone bloc with a series of parallel alignments of cupules ranging from 0.5 to 1 cm in diameter which form the profile of a mammoth,White R. et al. 2017: p. 18 fig. 19a; Bourrillon R. et al. 2016: p. 13 fig. 14-5,,
cel0018,,Aurignacien,Cellier,,,,,,,,,,C14,33600±550 - 32450±450,,,,1927,limestone,bloc,,,,,undetermined,Limestone block with 3 vulvae. There is no archival or published trace of this object,White R. et al. 2017: p. 14 fig. 16j,,
cel0017,,Aurignacien,Cellier,,,,,,,,,A,C14,33600±550 - 32450±450,,,,1927,limestone,bloc,,,,,undetermined,Pierced limestone block with the large cup-mark,White R. et al. 2017: p. 14 fig. 16e,,
cel0016,,Aurignacien,Cellier,,,,,,,,,A,C14,33600±550 - 32450±450,,,,1927,limestone,bloc,,,,,complete,Limestone block with an ibex rappresentation and indeterminate traces,White R. et al. 2017: p. 14 fig. 16e,,
cel0015,,Aurignacien,Cellier,,,,,,,,,A,C14,33600±550 - 32450±450,,,,1927,limestone,bloc,,,,,complete,limestone bloc with a zoomorphic figure,White R. et al. 2017: p. 14 fig. 16d,,
cel0014,,Aurignacien,Cellier,,,,,,,,,A,C14,33600±550 - 32450±450,,,,1927,limestone,bloc,,,,,complete,Limestone block with 1 horse head 1 vulva 1 cuvette cupules,White R. et al. 2017: p. 14 fig. 16b,,
cel0013,,Aurignacien,Cellier,,,,,,,,,A,C14,33600±550 - 32450±450,,,,1927,limestone,bloc,,,,,almost complete,Limestone block with an ibex rappresention,White R. et al. 2017: p. 14 fig. 16a,,
cel0012,,Aurignacien,Cellier,,,,,,,,,A,C14,33600±550 - 32450±450,,,,1927,ivory,personal ornament,,51.0,,,complete,"Ivory spinter probably
depicting a human female. Two faces of the object are decorated with paired incisions",White R. 1989: p. 98;  White R. et al. 1992: p. 68 fig. 13,,
cel0011,,Aurignacien,Cellier,,,,,,,,,A,C14,33600±550 - 32450±450,,,,1927,bone,undetermined,,,,,fragmented,Rib fragment with more-or-less equally spaced notches,White R. et al. 1992: p. 67 fig. 11e,,
cel0010,,Aurignacien,Cellier,,,,,,,,,A,C14,33600±550 - 32450±450,,,,1927,bone,undetermined,,,,,fragmented,Heavily smoothed rib fragment with paired incisions,White R. et al. 1992: p. 67 fig. 11d,,
cel0009,,Aurignacien,Cellier,,,,,,,,,A,C14,33600±550 - 32450±450,,,,1927,bone,spatula/lissoir,,,,,fragmented,Rib fragment with more-or-less equally spaced notches,White R. et al. 1992: p. 67 fig. 11c,,
cel0008,,Aurignacien,Cellier,,,,,,,,,A,C14,33600±550 - 32450±450,,,,1927,bone,rod/bâton,,,,,almost complete,Fragment of bird long bone,White R. et al. 1992: p. 67 fig. 11b,,
cel0007,,Aurignacien,Cellier,,,,,,,,,A,C14,33600±550 - 32450±450,,,,1927,bone,undetermined,,,,,fragmented,Rib fragment with more-or-less equally spaced notches,White R. et al. 1992: p. 67 fig. 11a,,
cel0006,,Aurignacien,Cellier,,,,,,,,,A,C14,33600±550 - 32450±450,,,,1927,bone,compresseur,,,,,fragmented,Large long-bone splinter which presents incisions in pairs,White R. et al. 1992: p. 67 fig. 10b,,
cel0005,,Aurignacien,Cellier,,,,,,,,,A,C14,33600±550 - 32450±450,,,,1927,bone,tube,,,,,almost complete,Bird bone incised along three sides,White R. et al. 1992: p.67 fig.10b,,
cel0004,,Aurignacien,Cellier,,,,,,,,,A,C14,33600±550 - 32450±450,,,,1927,bone,tube,,,,,almost complete,Bird bone smoothed and incised along three sides,White R. et al. 1992: p. 67 fig. 10d,,
cas0012,,Aurignacien,Castanet,,,,,,,,,,AMS,34320±520 - 31900±450,,,,1911-1913,bone,spatula/lissoir,,,,,almost complete,,,,
cas0011,,Aurignacien,Castanet,,,,,,,,,,AMS,34320±520 - 31900±450,,,,1911-1913,undetermined,undetermined,,,,,fragmented,,,,
cas0010,,Aurignacien,Castanet,,,,,,,,,I,AMS,34320±520 - 31900±450,,,,1911-1913,bone,spatula/lissoir,,,,,fragmented,Objet en os décoré,White R. et al. 2012; Peyrony D 1935: p. 434 fig. 17.2; San Juan C. et al.  2007: p. 103-6,,
cas0009,,Aurignacien,Castanet,,,,,,,,,I,AMS,34320±520 - 31900±450,,,,1911-1913,bone,undetermined,,,,,fragmented,Objet en os décoré,White R. et al. 2012; Peyrony D. 1935: p. 434 fig. 17.6;San Juan C. et al. 2007: p. 103-5,,
cas0008,,Aurignacien,Castanet,,,,,,,,,I,AMS,34320±520 - 31900±450,,,,1911-1913,bone,spatula/lissoir,,,,,fragmented,Objet en os décoré,White R. et al. 2012; Peyrony D. 1935: p. 434 fig. 17.3; San Juan C. et al.  2007: p. 103-4,,
cas0005,,Aurignacien,Castanet,,,,,,,,,,AMS,34320±520 - 31900±450,,,,1911-1913,stone indet.,undetermined,,,,,complete,,Bourrillon R. et al. 2016: p. 14 fig. 15.6; White R. et al. 2012,,
cas0002,,Aurignacien,Castanet,,,,,,,,,,AMS,34320±520 - 31900±450,,,,1911-1913,limestone,undetermined,,,,,almost complete,,Bourrillon R. et al. 2016: p. 13 fig. 14.4; White R. et al. 2012,,
brs0002,,Aurignacien,Brassempouy,,,,,,,,,,C14,34000 - 30000,,,,1892,ivory,rod/bâton,,45.0,8.0,,undetermined,Petit fragment de lamelle d'ivore. A partir de l'estrémité supérieure arondie rangées semi-circulaires de tubercules irréguliers. La partie inférieure porte des nervures transversales parallèles.,Bailey S. E. & Hublin J. J. 2005; Chollot-Varagnac M. 1980: p. 43 fig. 47.338,,
brs0001,,Aurignacien,Brassempouy,,,,,,,,,F,C14,34000 - 30000,,,,,calcite,personal ornament,,,,10.0,complete,Finished bead with a decoration created by sub-parallel incisions on the bulbar end.,White R. 2006; White R. 2007: p. 299 fig. 24.27; Bailey S. E. & Hublin J. J. 2005,,
bla0019,,Aurignacien,Blanchard,,,,,,,,,B-D?,AMS,33420±350,,,,,limestone,bloc,,,,,almost complete,,Bourrillon R. et al. 2016: p.17 fig. 19,,
bla0018,,Aurignacien,Blanchard,,,,,,,,,B-D?,AMS,33420±350,,,,,bone,personal ornament,,,,,almost complete,,Bourrillon R. et al. 2016: p.14 fig. 15.4,,
bla0017,,Aurignacien,Blanchard,,,,,,,,,B-D?,AMS,33420±350,,,,,limestone,bloc,,,,,almost complete,,Bourrillon R. et al. 2016: p. 13 fig. 14.2,,
bla0016,,Aurignacien,Blanchard,,,,,,,,,B-D?,AMS,33420±350,,,,,limestone,bloc,,,,,almost complete,,Bourrillon R. et al. 2016: p. 13 fig. 14.1,,
bla0015,,Aurignacien,Blanchard,,,,,,,,,B-D?,AMS,33420±350,,,,2012,limestone,bloc,,,,,fragmented,,Bourrillon R. et al. 2016: p. 11-12 fig. 12-13,,
bla0014,,Aurignacien,Blanchard,,,,,,,,,B-D?,AMS,33420±350,,,,1910,ivory,personal ornament,,,,,almost complete,Forked ivory pendant,Bourrillon R. et al. 2016: p. 14 fig. 15.13; Vanhaeren M. & d’Errico F. 2016: p. 8 (1112); White R. 1989: p. 97,,
bla0013,,Aurignacien,Blanchard,,,,,,,,,B-D?,AMS,33420±350,,,,,ivory,rod/bâton,,,,,fragmented,ivory fragment decorated with dots,Bourrillon R. et al. 2016: p. 14 fig. 15.2; White R. 1989: p. 97,,
bla0012,,Aurignacien,Blanchard,,,,,,,,,B-D?,AMS,33420±350,,,,,limestone,bloc,,,,,almost complete,limestone bloc engraved,Bourrillon R. et al. 2016: p. 5 fig. 5. A,,
laf0015,,Aurignacien,La Ferrassie,,,,,,,,,H',OSL,37200±1900,,,,1902,limestone,bloc,,175.0,125.0,85.0,complete,limestone bloc with vulva representations,Guerin G. et al. 2015; Duhard J.-P. et al.  2014: p. 50 fig. 100; Delluc B. & Delluc G. 1978: p. 299 fig. 52,,
laf0013,,Aurignacien,La Ferrassie,,,,,,,,,H',OSL,37200±1900,,,,1902,limestone,bloc,,520.0,450.0,220.0,almost complete,limestone bloc with vulva representations -,Guerin G. et al. 2015; Duhard J.-P. et al.  2014: p. 50 fig. 98-99; Delluc B. & Delluc G. 1978: p.   297 fig. 51,,
laf0012,,Aurignacien,La Ferrassie,,,,,,,,,H',OSL,37200±1900,,,,1902,limestone,bloc,,160.0,140.0,40.0,almost complete,petite plaquette de calcaire avec six traits angulaires fins mais fermement incisés parallèles entre eux et,Guerin G. et al. 2015; Delluc B. & Delluc G. 1978: p. 301 fig. 53,,
laf0011,,Aurignacien,La Ferrassie,,,,,,,,,H',OSL,37200±1900,,,,1902,limestone,bloc,,560.0,400.0,200.0,complete,,Guerin G. et al. 2015; Duhard J.-P. et al.  2014: p. 49 fig. 93; Delluc B. & Delluc G. 1978: p. 294 fig. 49,,
laf0010,,Aurignacien,La Ferrassie,,,,,,,,,H,OSL,37200±1900,,,,1902,limestone,bloc,,290.0,480.0,180.0,fragmented,limestone bloc with vulva representations,Guerin G. et al. 2015; Duhard J.-P. et al. 2014: p. 48 fig. 87 88;  Delluc B. & Delluc G. 1978: p. 285 fig. 43,,
laf0009,,Aurignacien,La Ferrassie,,,,,,,,,H,OSL,37200±1900,,,,1902,limestone,bloc,,,,,almost complete,limestone bloc with vulva representations,Guerin G. et al. 2015; Duhard J.-P. et al. 2014: p. 47-48 fig. 83; Delluc B. & Delluc G. 1978: p. 282 fig. 41,,
cel0003,,Aurignacien,Cellier,,,,,,,,,A,C14,33600±550 - 32450±450,,,,1927,limestone,bloc,,750.0,670.0,500.0,almost complete,Limestone block with vulva representations.,Duhard J.-P. et al. 2014: p. 38 fig. 56; White R. et al. 2017: p.14 fig.16f,,
cel0002,,Aurignacien,Cellier,,,,,,,,,A,C14,33600±550 - 32450±450,,,,1927,limestone,bloc,,600.0,600.0,450.0,almost complete,Huge limestone block with 5 vulvae representations immovable.,Duhard J.-P. et al. 2014: p. 36-37 fig. 52; White R. et al. 2017: p.14 fig.16f,,
cel0001,,Aurignacien,Cellier,,,,,,,,,A,C14,33600±550 - 32450±450,,,,1927,limestone,bloc,,740.0,350.0,140.0,almost complete,Limestone block with 3 vulvae 1 cuvette and indeterminate traces,Duhard J.-P. et al. 2014 : p. 36 fig. 47 48; White R. et al. 2017: p.14 fig.16c,,
cas0007,,Aurignacien,Castanet,,,,,,,,,II,AMS,34320±520 - 31900±450,,,,1911-1913,limestone,bloc,,410.0,300.0,180.0,fragmented,limestone blao with vulva representations,Duhard J.-P. et al. 2014: 33-34 fig. 40 41; White R. et al. 2012; Delluc B. & Delluc G. 1978: 272 fig. 31,,
cas0006,,Aurignacien,Castanet,,,,,,,,,II,AMS,34320±520 - 31900±450,,,,1911-1913,limestone,bloc,,580.0,600.0,140.0,fragmented,two fragments of a large limestone bloc with several vulva representations,Duhard J.-P. et al. 2014: p. 32-33 fig. 38 39; White R. et al. 2012; Delluc B. & Delluc G. 1978: p. 266 fig. 30,,
cas0004,,Aurignacien,Castanet,,,,,,,,,II,AMS,34320±520 - 31900±450,,,,1911-1913,limestone,bloc,,,,,undetermined,bloc en calcaire conaien vulve. No description in the book,Duhard J.-P. et al. 2014: p. 32 fig. 37; White R. et al. 2012,,
bla0011,,Aurignacien,Blanchard,,,,,,,,,B-D?,AMS,33420±350,,,,1910-1912,limestone,bloc,,650.0,440.0,90.0,complete,bloc de calcaire coniacien vulve en vue périnéale,Bourrillon R. et al. 2016; Duhard J.-P. et al. 2014: p. 32 fig. 35 36; Delluc B. & Delluc G. 1978: p. 244 fig. 19,,
bla0010,,Aurignacien,Blanchard,,,,,,,,,B-D?,AMS,33420±350,,,,1910-1912,limestone,bloc,,550.0,280.0,55.0,fragmented,bloc de calcaire coniacien vulve en vue périnéale,Bourrillon R. et al. 2016; Duhard J.-P. et al. 2014: p. 31 fig. 33 34; Delluc B. & Delluc G. 1978: p. 242 fig. 18,,
bla0009,,Aurignacien,Blanchard,,,,,,,,,B-D?,AMS,33420±350,,,,1910-1912,limestone,bloc,,730.0,350.0,100.0,fragmented,bloc de calcaire coniacien vulve en vue périnéale,Bourrillon R. et al. 2016; Duhard J.-P. et al. 2014: p. 31 fig. 31 32; Delluc. B & Delluc G. 1978: p. 241 fig. 17,,
bla0008,,Aurignacien,Blanchard,,,,,,,,,B-D?,AMS,33420±350,,,,1910-1912,limestone,bloc,,260.0,250.0,160.0,fragmented,bloc de calcaire coniacien vulve en vue périnéale,Bourrillon R. et al. 2016; Duhard J.-P. et al. 2014: p. 30 fig. 29 30; Delluc B. & Delluc G. 1978: p. 231 fig. 10,,
cel0031,,Aurignacien,Cellier,,,,,,,,,,C14,33600±550 - 32450±450,,,,1927,bone,undetermined,,102.0,8.0,,almost complete,Frgment of a rib mit sequences of notches,Chollot-Varagnac M. 1980: p. 46-47,,
cel0030,,Aurignacien,Cellier,,,,,,,,,,C14,33600±550 - 32450±450,,,,1927,bone,spatula/lissoir,,151.0,18.0,,almost complete,Fragment of o lissoir with parallel notches on the edges,Chollot-Varagnac M. 1980: p. 46-47,,
men0002,,Aurignacien,Menton/Grottes du Grimaldi,,,,,,,,,,,,,,,,stone indet.,other,,63.0,38.0,,almost complete,Fragment de galet,Chollot-Varagnac M. 1980: p. 42-43,,
men0001,,Aurignacien,Menton/Grottes du Grimaldi,,,,,,,,,,,,,,,,steatite,other,,27.0,20.0,,undetermined,Fragment de cône en stéatite noire,Chollot-Varagnac M. 1980: p. 42-43,,
laf0008,,Aurignacien,La Ferrassie,,,,,,,,,,OSL,37200±1900,,,,1902,antler,point,,125.0,17.0,,complete,Fragment de sagaie (?) en bois de renne,Guerin G. et al. 2015; Chollot-Varagnac M. 1980: p. 48-49,,
laf0007,,Aurignacien,La Ferrassie,,,,,,,,,,OSL,37200±1900,,,,1902,antler,spatula/lissoir,,107.0,12.0,,complete,Fragment de sagaie (?) en bois de renne,Guerin G. et al. 2015; Chollot-Varagnac M. 1980: p. 48-49,,
laf0006,,Aurignacien,La Ferrassie,,,,,,,,,,OSL,37200±1900,,,,1902,antler,point,,77.0,8.0,,undetermined,Pointe (?) en bois de renne,Guerin G. et al. 2015; Chollot-Varagnac M. 1980: p. 48-49,,
laf0005,,Aurignacien,La Ferrassie,,,,,,,,,,OSL,37200±1900,,,,1902,antler,point,,80.0,21.0,,fragmented,Pointe en bois de renne,Guerin G. et al. 2015; Chollot-Varagnac M. 1980: p. 48-49,,
laf0004,,Aurignacien,La Ferrassie,,,,,,,,,,OSL,37200±1900,,,,1902,bone,awl,,102.0,8.0,,complete,Alène en os,Guerin G. et al. 2015; Chollot-Varagnac M. 1980: p. 46-47,,
lar0002,,Aurignacien,Abri Lartet/Gorge d'Enfer,,,,,,,,,,,,,,,1863 / 1918,bone,plaquette,,102.0,30.0,,almost complete,engraved and notched bone,Chollot-Varagnac M. 1980: p. 44-45; Bourillion et al. 2016,,
lar0001,,Aurignacien,Abri Lartet/Gorge d'Enfer,,,,,,,,,,,,,,,1863 / 1918,bone,awl,,50.0,7.0,,fragmented,Alène d'os,Chollot-Varagnac M. 1980: p. 44-45; Demars P.-Y. 1992,,
cas0003,,Aurignacien,Castanet,,,,,,,,,,AMS,34320±520 - 31900±450,,,,1911-1913,bone,other,,67.0,18.0,,fragmented,Eclat d'os,White R. et al. 2012; Chollot-Varagnac M. 1980: p. 44-45,,
cas0001,,Aurignacien,Castanet,,,,,,,,,,AMS,34320±520 - 31900±450,,,,1911-1913,bone,spatula/lissoir,,43.0,12.0,,fragmented,Fragment de lame d'os,White R. et al. 2012; Chollot-Varagnac M. 1980: fig. 69.350,,
brs0003,,Aurignacien,Brassempouy,,,,,,,,,,C14,34000 - 30000,,,,1892,ivory,rod/bâton,,52.0,7.0,,fragmented,Petit fragment d'ivoire,Bailey S. E. & Hublin J. J. 2005; Chollot-Varagnac M. 1980: p. 43 fig. 47.258,,
bla0007,,Aurignacien,Blanchard,,,,,,,,,B-D?,AMS,33420±350,,,,1910-1912,antler,spatula/lissoir,,114.0,27.0,,almost complete,Lissoir en bois de renne,Bourrillon R. et al. 2016; Chollot-Varagnac M. 1980: p. 48-49; Lorblachet M. 1999,,
bla0006,,Aurignacien,Blanchard,,,,,,,,,B-D?,AMS,33420±350,,,,1910-1912,antler,awl,,75.0,4.0,,complete,Alène en bois de renne. Material prüfen!,Bourrillon R. et al. 2016; Chollot-Varagnac M. 1980: p. 46-47,,
bla0005,,Aurignacien,Blanchard,,,,,,,,,B-D?,AMS,33420±350,,,,1910-1912,antler,spatula/lissoir,,97.0,30.0,,complete,,Bourrillon R. et al. 2016; Didon L. 1911; Chollot-Varagnac M. 1980: p. 44-45; White R. 1989: p. 97; Bourrillon R. et al. 2016: p. 14 fig. 15,,
bla0004,,Aurignacien,Blanchard,,,,,,,,,B-D?,AMS,33420±350,,,,1910-1912,ochre,crayon,,25.0,12.0,,fragmented,Fragment de crayon d'ocre,Bourrillon R. et al. 2016; Didon L. 1911; Chollot-Varagnac M. 1980: p. 44-45,,
bla0003,,Aurignacien,Blanchard,,,,,,,,,B-D?,AMS,33420±350,,,,1910-1912,ivory,personal ornament,,42.0,15.0,,complete,Pendeloque en ivoire,Bourrillon R. et al. 2016; Didon L. 1911; Chollot-Varagnac M. 1980: p. 44-45,,
bla0002,,Aurignacien,Blanchard,,,,,,,,,B-D?,AMS,33420±350,,,,1910-1912,ivory,other,,22.0,17.0,,complete,Formüberarbietetes körbchenförmiges Elfenbeinobjekt mit mehreren Reihen von dots auf Vorder- und Rückseite,Bourrillon R. et al. 2016; Didon L. 1911; Chollot-Varagnac M. 1980: p. 44-45; Bourrillon R. et al. 2016: p. 14 fig. 15.7,,
bla0001,,Aurignacien,Blanchard,,,,,,,,,B-D?,AMS,33420±350,,,,1910-1912,bone,other,,120.0,22.0,,almost complete,Fragment de lame en os,Bourrillon R. et al. 2016; Didon L. 1911; Chollot-Varagnac M. 1980: p. 42-43,,
aur0001,,Aurignacien,Aurignac,,,,,,,,,,,,,,,1860,bone,spatula/lissoir,,64.0,19.0,,fragmented,Fragment de lame en os,Lartet E. 1861; Chollot-Varagnac M. 1980: p. 42-43; Lorblachet M. 1999: p. 162; Rouquerol N. 2007: p. 30-31,,
gdr0002,,Aurignacien,Grotte du Renne,,,,,,,,,,AMS,36500±1300 - 34050±750,,,,1947,ivory,point,,51.0,17.0,,fragmented,Fragment de pointe en ivoire. Ohne Schichtangabe: Leroi-Gourhan prüfen,Zilhão  J. 2007; Chollot-Varagnac M. 1980: p. 48-49,,
gdr0001,,Aurignacien,Grotte du Renne,,,,,,,,,,AMS,36500±1300 - 34050±750,,,,1947,antler,spatula/lissoir,,55.0,19.0,,fragmented,Fragment de lame en bois de renne ohne Schichtangabe. Leroi-Gourhan prüfen,Zilhão  J. 2007; Chollot-Varagnac M. 1980: p. 48-49,,
