object_id,ensemble_id,archaeological_period,archaeological_unit,site_name,site_id,location,country,latitude,longitude,coord_precision,coord_reference,layer,dating_method,date_bp_min,min_lab_number,date_bp_max,max_lab_number,excavation_year,material,material_species,object_type,associated_species,length_mm,width_mm,depth_mm,preservation,short_description,collection,collection_id,references,sign_coding,coding_certainty
bst0003,,Upper Paleolithic,Aurignacian,Bockstein-Törle,bst,Rammingen,Germany,48.553000,10.155000,precise,nespos.org,VI,C14,31530±230 - 20400±220,,,,1953-1956,ivory,Mammuthus primigenius,undetermined,,,,,fragmented,scribbled piece of ivory,Museum Ulm,,Hahn J. 1977: Tafel 12 - 9; Conard N. & Bolus M. 2003,,
bst0002,,Upper Paleolithic,Aurignacian,Bockstein-Törle,bst,Rammingen,Germany,48.553000,10.155000,precise,nespos.org,VI,C14,31530±230 - 20400±220,,,,1953-1956,ivory,Mammuthus primigenius,rod/baton,,,,,fragmented,fragmented ivory rod,Museum Ulm,,Hahn J. 1977: Tafel 8 - 5; Conard N. & Bolus M. 2003,,
vhc0168,,Upper Paleolithic,Aurignacian,Vogelherd,vhc,Niederstotzingen-Stetten,Germany,48.559000,10.194000,precise,nespos.org,V,C14,"30162±1,340",H 4054-3210,35810±710,PL0001337A,1931,bone,undetermined,spatula/lissoir,,110.0,19.0,7.0,fragmented,"This is a fragment of a smoother made from the rib of a herbivore, which consists of the pieces Vg 90 and Vg 61. Both were found in Layer V in 1931.",Universität Tübingen,Find No.: Vg 90,"Riek 1934, Taf. XXIX.10; Hahn 1977, Taf. 36.3; Dutkiewicz 2021: Taf. 43.3; Conard & Bolus 2003, 2008",>>>>>> ! >>>>>,very certain
vhc0167,,Upper Paleolithic,Aurignacian,Vogelherd,vhc,Niederstotzingen-Stetten,Germany,48.559000,10.194000,precise,nespos.org,V,C14,"30162±1,340",H 4054-3210,35810±710,PL0001337A,1931,bone,undetermined,spatula/lissoir,,173.0,22.0,8.0,fragmented,"This is a smoother made from the rib of a large herbivore (Mammoth?). This piece was found in two parts during Riek's excavation in Layer V in 1931 (Riek 1934: 157-158). The medial fragment is now lost. The dimensions of the entire object and the number of notches on the lost fragment are based on Riek's descriptions. Of the 18 notches, seven are on the terminal fragment that was originally examined.. See plate Dutkiewicz for complete picture",Universität Tübingen,Find No.: Vg 69,"Riek 1934, Taf. XXIX.11; Hahn 1977; Dutkiewicz 2021: Taf. 43.1 und 43.2; Hahn 1977; Conard & Bolus 2003, 2008",vvvvvvvvvvvvvvvvvv _ v!,very certain
vhc0166,,Upper Paleolithic,Aurignacian,Vogelherd,vhc,Niederstotzingen-Stetten,Germany,48.559000,10.194000,precise,nespos.org,IV,C14,30730±750,H 4053-3211,32030±280,OxA-18456,1931,antler,Rangifer tarandus,antler object,,73.0,44.0,24.0,complete,"This antler object was found during Riek's excavations in 1931 in Layer IV. Unlike the other piece, it does not feature a figurative representation but only some geometric markings.",Universität Tübingen,Find No.: Vg 3a,"Riek 1934, 295; Dutkiewicz 2021: Taf. 41.1; Hahn 1977; Conard & Bolus 2003, 2008",vvvvvvv _ [&],certain
vhc0165,,Upper Paleolithic,Aurignacian,Vogelherd,vhc,Niederstotzingen-Stetten,Germany,48.559000,10.194000,precise,nespos.org,IV,C14,30730±750,H 4053-3211,32030±280,OxA-18456,1931,bone,undetermined,spatula/lissoir,,75.0,12.0,7.0,fragmented,"A narrow, medial fragment of a smoother made from a rib.",Universität Tübingen,Find No.: Vg 37,"Riek 1934, XXXI.11; Hahn 1977, Taf. 59.3; Dutkiewicz 2021: Taf. 45.1; Conard & Bolus 2003, 2008",!vvvv v v v vv v >>>>,very certain
vhc0164,,Upper Paleolithic,Aurignacian,Vogelherd,vhc,Niederstotzingen-Stetten,Germany,48.559000,10.194000,precise,nespos.org,IV,C14,30730±750,H 4053-3211,32030±280,OxA-18456,1931,ivory,Mammuthus primigenius,perforated baton,,95.0,30.0,10.0,fragmented,"This perforated rod fragment was found in Layer IV in 1931 (Riek 1934: 190). The piece was crafted from ivory and meticulously worked. Only the extended end and about half of the first hole are preserved. Although smaller than the other perforated rods, it is clearly recognizable as the same type of perforated rod as others found in the Swabian Aurignacien. This is particularly evident through the thread-like incisions in the hole. Since the object is lost, Riek's descriptions of the markings are provided here.",,Find No.: Vg 31.4,"Riek 1934, Taf. XXXI.4; Hahn 1977, Taf. 59.5; Dutkiewicz 2021: Taf. 50; Conard & Bolus 2003, 2008",vvvvvv! _ vvvvvvvv! _ [CCCCV v] _ [C||ll lll],certain
vhc0163,,Upper Paleolithic,Aurignacian,Vogelherd,vhc,Niederstotzingen-Stetten,Germany,48.559000,10.194000,precise,nespos.org,IV,C14,30730±750,H 4053-3211,32030±280,OxA-18456,1931,bone,undetermined,spatula/lissoir,,10.0,2.0,1.0,fragmented,"This is a smoother made of bone with a long-elliptical cross-section, found in 1931 in the Ach Valley (AH IV).",,Find No.: Vg 31.14,"Riek 1934, Taf. XXXI.14; Hahn 1977, Taf. 59.4; Dutkiewicz 2021: Taf. 44.1-2; Conard & Bolus 2003, 2008",!⊞! _ !vvvvvvvvvvvvvvvvvvv! _  !⊞!,certain
vhc0162,,Upper Paleolithic,Aurignacian,Vogelherd,vhc,Niederstotzingen-Stetten,Germany,48.559000,10.194000,precise,nespos.org,IV,C14,30730±750,H 4053-3211,32030±280,OxA-18456,1931,bone,undetermined,spatula/lissoir,,210.0,14.0,8.0,complete,"A very long and narrow, completely preserved smoother made of bone, found in 1931 in the Ach Valley (AH) IV. This is one of the most richly decorated tools of the Swabian Aurignacian. The decorations at the tip are heavily polished due to use, indicating that this smoother was in use for a long period.",URMU Blaubeuren,Find No.: Vg 31.1,"Riek 1934, Taf. XXXI.1; Hahn 1977, Taf. 58.7; Dutkiewicz 2021: Taf. 44.3; Conard & Bolus 2003, 2008",(XXXXXXXXXXX!) _ >>>> <<< >>>> <<<< >> _ > <<<<< >>>> <<<<<< >>>>,very certain
vhc0161,,Upper Paleolithic,Aurignacian,Vogelherd,vhc,Niederstotzingen-Stetten,Germany,48.559000,10.194000,precise,nespos.org,V,C14,"30162±1,340",H 4054-3210,35810±710,PL0001337A,1931,ivory,Mammuthus primigenius,perforated baton,,237.0,41.0,13.0,almost complete,"This large perforated baton was found by Riek in layer V in 1931. The piece was likely not completed, as the photo shows the unprocessed surface of the broken shell clearly. Additionally, only one hole with the characteristic helical marking typical of Aurignacian perforated rods from the Swabian Aurignacian is present. This, along with the unfinished shape of the piece, suggests that it was discarded during production. However, this cannot be conclusively determined based on the photo alone. Unfortunately, the piece is lost, so no further information can be provided.",,Find No.: Vg 30.1,"Riek 1934, Taf. XXX.1, Hahn 1977, Taf. 34.1; Dutkiewicz 2021: Taf. 49; Conard & Bolus 2003, 2008",vvv vvv,certain
vhc0160,,Upper Paleolithic,Aurignacian,Vogelherd,vhc,Niederstotzingen-Stetten,Germany,48.559000,10.194000,precise,nespos.org,IV,C14,30730±750,H 4053-3211,32030±280,OxA-18456,1931,antler,Rangifer tarandus,antler object,Mammuthus primigenius,69.0,36.0,29.0,almost complete,"This object was discovered during Riek's excavations in 1931 in layer IV. The object has an elongated, oval outline. The cancellous bone structure is prominently visible on the top, while the back forms a curved smooth surface. At the pointed end, there is a perforation, which is now broken. This piece was likely worn as a pendant. The cancellous surface forms an oval field into which the relief depiction of a mammoth is inserted. Clearly visible are the trunk, the mouth, the front leg, and the abdominal line. The hind leg is only visible cranially, and towards the caudal end, the surface is too cancellous, making the outline not discernible. The back line starts approximately at the crown and runs in a strongly curved line to the base of the buttocks. The high-rising skull and the typical saddle in the neck are missing, and tusks are not represented. These features characterize this mammoth as a juvenile. Originally, ochre residues were visible in some grooves, depressions, and the broken loop (Riek 1934: 288), but these are no longer present today.",MUT Tübingen,Find No.: Vg 3.3,"Riek 1934: 295-296; Dutkiewicz 2021: Taf. 40; Hahn 1977; Conard & Bolus 2003, 2008",|||| | _ | _ vv v _ |||| _ | ||,very certain
vhc0159,,Upper Paleolithic,Aurignacian,Vogelherd,vhc,Niederstotzingen-Stetten,Germany,48.559000,10.194000,precise,nespos.org,IV,C14,30730±750,H 4053-3211,32030±280,OxA-18456,1931,ivory,Mammuthus primigenius,figurine zoomorph,Bison priscus,72.0,53.0,14.0,fragmented,"Figurine of a steppe bison, discovered in layer IV in 1931. The left side is concavely broken along the growth seam of the ivory. Only the right side of the once fully plastic figurine is preserved. The entire outline is discernible, with only a fragment of the left side remaining in the crest area. The overall torso is robust and compact. The figurine has a prominent, strongly pronounced withers, unequivocally identifying the animal as a steppe bison (Bos priscus). The hump drops steeply to the rear, and the back line gently descends towards the buttocks. A tail attachment is not preserved. The thigh is large but only shallowly carved. The abdomen is rounded and hanging down. The front leg is not strongly modeled and begins below the chest. The legs, partially preserved, are very slim. The hind leg is steady, while the front leg is slightly forward, suggesting a slight walking stance. In the throat area, there is a dewlap typical of wild cattle, transitioning into the head. The head is not preserved. Overall, the torso is kept relatively flat, displaying few body details. Riek (1934: 288-290) describes fine red ochre traces that are no longer visible today.",MUT Tübingen,Find No.: Vg 3.2,"Riek 1934: 288-290; Dutkiewicz 2021: Taf. 20a-20b; Hahn 1977; Conard & Bolus 2003, 2008",vvvv⚹vvvvvvvv _ ||||| _ ¤¤¤¤¤¤¤¤¤ _ [°°°°°°°°°°°°°°°°°°°°°°°°°°°°°°°°°°°°°°°°°°°°°°°°°°°°°°°°°°°°°°°°°°°°°°°°°°°!],very certain
vhc0158,,Upper Paleolithic,Aurignacian,Vogelherd,vhc,Niederstotzingen-Stetten,Germany,48.559000,10.194000,precise,nespos.org,IV,C14,30730±750,H 4053-3211,32030±280,OxA-18456,1931,ivory,Mammuthus primigenius,figurine zoomorph,Panthera,87.0,34.0,11.0,fragmented,"Initially identified as a relief, the figurine of a feline was discovered in layer IV in 1931. Initially, only the left half of the body was preserved. In 2013, during subsequent excavations, a strongly rounded head was found. The preserved surface of the figurine is highly smoothed and exhibits a significant usage polish, causing all manufacturing traces, except for the rib area, to vanish completely. As a result, the figurine has a remarkable sheen. The outline of the animal is almost entirely preserved, with only the legs present in rudimentary forms. The torso is robust and elongated, but notably narrow in depth. The head is slightly lowered, followed by a short, thick neck transitioning into a robust neck/shoulder region. The biceps are clearly delineated and appear particularly powerful. The back line gently descends from the highest point on the crest towards the buttocks. The rear part of the animal is less robust, with the hind leg appearing flat, and the buttocks less pronounced. The most distinctive feature of this animal is the rib and abdominal region, where the surface curves inward significantly. The surface is strongly modeled, highlighting the separation of the head with its jaw muscles from the neck. The disproportionately long ears are semi-plastically worked into the body, with the left one positioned lower, and the right one visible in its upper part. The mouth is shaped with a deep incision that extends over the fracture edge to the rear part of the figurine. The eyes consist of nearly vertical, elongated incisions",MUT Tübingen,Find No.: Vg 3.1,"Riek 1934: 290-292; Dutkiewicz 2021: Taf. 19a-19b; Hahn 1977; Conard & Bolus 2003, 2008",⊞ _ [°°°°°°°°°°°°°°°°°°°°°°°°°°°°°°°°°°°°°°°°°°°°°°°°°°°°°°°°°°°°°°°°°°°°°°°°°°°°°°°°°°°°°°°°°°°°°°°!] _V V _ V _ vv,certain
vhc0157,,Upper Paleolithic,Aurignacian,Vogelherd,vhc,Niederstotzingen-Stetten,Germany,48.559000,10.194000,precise,nespos.org,V,C14,"30162±1,340",H 4054-3210,35810±710,PL0001337A,1931,ivory,Mammuthus primigenius,figurine zoomorph,Mammuthus primigenius,70.0,54.0,23.0,fragmented,"Discovered by Gustav Riek in layer V during 1931, the large mammoth figurine is preserved in two significant fragments that, unfortunately, cannot be connected. One fragment constitutes the hind legs and hip region, previously described by Riek as part of a mammoth figurine. He also found the front part but failed to recognize the correlation between both fragments. This is due to only the transition from head to neck, including the shoulder attachment, and the sole of the foot being preserved. The piece is conically broken along the growth line of the ivory, forming the center of a dentin cone. When assembled according to the growth rings, the presumed length of the figurine is at least 7 cm, with a height of 6 cm, making it one of the largest figures from the Swabian Aurignacian. The hind part is heavily weathered, with the two large growth lamellae running vertically through the figurine completely separated, and their edges broken. The surface is severely deteriorated, and a larger area has chipped off around the buttocks. In contrast, the front fragment is much better preserved. Although the original surface is only retained in the neck area and on the sole of the foot, it is hardly affected. Presumably, this figurine broke before being deposited in the sediment, explaining the differing degrees of weathering in both parts. Despite its fragmented state, the figurine is clearly identifiable as a mammoth. In this depiction, the front part forms the back, with the section that slopes steeper upward. It is also possible that the lower curve becomes the back, although in this projection, it does not meet the rear part of the back line in the expected curvature. The proposed reconstruction seems more plausible in this case. The head is separated from the towering shoulders by a clear depression in the neck area. The back line descends significantly toward the buttocks in the rear part. The columnar legs are positioned vertically beneath the animal, standing closely together, with a slight stepping posture of the hind legs indicated.",MUT Tübingen,Find No.: Vg 2a.4,"Riek 1934: 283-284; Dutkiewicz 2021: Taf. 17a-17b; Hahn 1977; Conard & Bolus 2003, 2008",!{| |||}vvv! _ !||| _ vvvv _ vvv _ vv _ || _ ||||| _ |||| _ ! ||| _ v _ |! _ ||||| _ X! _ XX,certain
vhc0156,,Upper Paleolithic,Aurignacian,Vogelherd,vhc,Niederstotzingen-Stetten,Germany,48.559000,10.194000,precise,nespos.org,IV,C14,30730±750,H 4053-3211,32030±280,OxA-18456,1931,ivory,Mammuthus primigenius,figurine anthropomorph,,69.0,19.0,10.0,fragmented,"""This anthropomorphic figurine was found in layer IV during the 1931 excavations. The left half of the figure is completely preserved, extending beyond the central axis. Riek (1934: 292-295) discusses whether this might be a semi-finished product. Arguments in favor include the only vaguely worked and not further shaped or reworked head, as well as the rough and completely unsmoothed leg/knee area. However, the rows of dots on the body suggest careful surface reworking. It is possible that this figurine was intentionally left partially unfinished, unlike other figures from Vogelherd. The figurine is worked along the longitudinal axis of the ivory. Both ends were notched and then broken off. The neck area is roughly cut, while the body is rounded and bears markings. Although the torso is smoothed, numerous tool marks are visible. The head is narrow and set off from the body by a deep notch. The eye, ear, and mouth are schematically represented by notches. It is notable that the top of the head is recessed, creating the impression of pointed ears (animal ears) protruding upwards when viewed from the front. The body is long and cylindrical, with no further details except for a slight indentation in the area of the cross. The lower abdomen is depicted strongly shortened. Below the waist, the buttocks area slightly protrudes. Legs are not represented, and the figurine is provided with a button-like, unworked thickening at its lower end. The figurine overall appears very static and schematic. The identification as a human figure is given by the upright, elongated body shape, the absence of front and hind legs typically found in an animal figure, the head sitting vertically on the body axis, and the thinning of the waist in the area of the back.""",MUT Tübingen,Find No.: Vg 2a.3,"Riek 1934: 292-295; Dutkiewicz 2021: Taf. 18; Hahn 1977; Conard & Bolus 2003, 2008",°°°° °°° _ °°°°°°°° _ v°°°°°°°° _ Vv,certain
vhc0155,,Upper Paleolithic,Aurignacian,Vogelherd,vhc,Niederstotzingen-Stetten,Germany,48.559000,10.194000,precise,nespos.org,V,C14,30162±1340,H 4054-3210,35810±710,PL0001337A,1931,ivory,Mammuthus primigenius,figurine zoomorph,undetermined,64.0,26.0,17.0,fragmented,"This prominently adorned figurine was discovered during the 1931 excavations in layer V. The figurine is crafted along the direction of the ivory's growth. The entire surface is extensively reworked and polished. The markings also appear highly polished, suggesting that this figurine was used over an extended period. Primarily, the left half of the body is preserved. The head and tail are missing. At the location where the neck should attach, the surface is completely smoothed and marked. The right front leg is only present at the base, and the right hind leg is preserved as a stump. The left limbs are present up to approximately the knee region. The central lamella is only preserved in the front half of the body. Despite being strongly fragmented, the outlines are clearly discernible. The torso is noticeably elongated and cylindrical. The back line slopes slightly backward, and there is a small depression in the lumbar region. The pelvic region protrudes distinctly. Toward the buttocks, the back line slopes slightly angularly without showing a tail attachment. The belly is slightly sagging. The front legs are very thin and detached from the body. The thigh of the well-preserved hind leg is distinctly separated from the torso, and both hind legs are slender. A slight stepping posture is recognizable. According to Riek (1934), due to the elongated body shape and especially the thin legs, this represents a cervid, more specifically a reindeer (Rangifer tarandus). Hahn (1986) also considers a felid as a possibility. The absence of the neck and head makes it challenging to precisely identify the depicted species.",MUT Tübingen,Find No.: Vg 2a.2,"Riek 1934: 285-286, AABW 2015; Dutkiewicz 2021: Taf. 16a-16b; Hahn 1977; Conard & Bolus 2003, 2008",!vvvvvvvvvvv _ vvvvvvvv! _ vvvvvv!v _ vvvvvvvvvvvvvv _ |||| _ [CCCC] _ [CCCC] _ v!vvvXX\! _ v!vvvvv _ !vvvvv! _ \\\ _ vvv _ vvvv _ ≠ _ /// _ vvv _ \\\\ _ /// _ vvvv _ v! _ ///,certain
vhc0154,,Upper Paleolithic,Aurignacian,Vogelherd,vhc,Niederstotzingen-Stetten,Germany,48.559000,10.194000,precise,nespos.org,V,C14,"30162±1,340",H 4054-3210,35810±710,PL0001337A,1931,ivory,Mammuthus primigenius,figurine zoomorph,undetermined,65.0,26.0,11.0,fragmented,"Figurine of a lion or a bear. Along the growth line, it has cracked, and only the right half of the body is preserved. The outline of the torso is fully recognizable. The two right limbs are only present in part. Only the right ear, cheek, and eye of the head are preserved. The surface is lightly weathered, and small areas are partially chipped. The body of the animal is elongated. The upper parts of both limbs – shoulder and thigh – are particularly voluminous, creating the impression of a very slender structure. The front leg is slightly bent forward, while the hind leg stands vertically under the body. The tail is small and stubby. The withers are noticeably arched. From there, the long, slender, and stretched neck begins. The head is lowered, the ear is slightly laid back, and it stands slightly away from the head. The eye is positioned just below. The muzzle and the lower part of the head are not preserved. It is not entirely clear which species is represented here. Riek (1934) suggests, based on the body posture, the massive upper limbs, and the stubby tail, an interpretation as a bear. Hahn (1986), on the other hand, rules out a depiction of a bear and interprets this figure as a rhinoceros or a felid. With the discovery of the head, an interpretation as a rhinoceros can now be ruled out. The body shape suggests a bear, while the long neck and the ear and eye area, as well as the overall slender head, lean towards a felid. The muzzle portion, which would enable a precise identification of the depicted species, is not preserved.",MUT Tübingen,Find No.: Vg 2a.1,"Riek 1934: 287, AABW 2012; Dutkiewicz 2021: Taf. 15; Hahn 1977; Conard & Bolus 2003, 2008",≠ _ |||||,very certain
vhc0153,,Upper Paleolithic,Aurignacian,Vogelherd,vhc,Niederstotzingen-Stetten,Germany,48.559000,10.194000,precise,nespos.org,V,C14,"30162±1,340",H 4054-3210,35810±710,PL0001337A,1931,ivory,Mammuthus primigenius,rod/baton,,60.0,10.0,10.0,fragmented,"Wide, flat, and partially preserved cylindrical rod fragment.",MUT Tübingen,Find No.: Vg 29.9,"Riek 1934, Taf. XXIX.9; Hahn 1977, Taf. 34.2; Dutkiewicz 2021: Taf. 51.7; Conard & Bolus 2003, 2008",|||| || | | | _ |||| || | | | _ | _ ||||| | | | _ !||| ||,very certain
vhc0152,,Upper Paleolithic,Aurignacian,Vogelherd,vhc,Niederstotzingen-Stetten,Germany,48.559000,10.194000,precise,nespos.org,V,C14,"30162±1,340",H 4054-3210,35810±710,PL0001337A,1931,ivory,Mammuthus primigenius,perforated baton,,133.0,31.0,10.0,almost complete,"The strongly fragmented perforated rod was found by Riek in 1931 in AH V and referred to by him as 'chest jewelry' (Riek 1934: 159-160). Today, it is lost, so the description of the markings is based on the information and photos provided by Riek and the drawing by Hahn (1977). The identification as a perforated rod is based on the thread-like markings around the two preserved holes.",,Find No.: Vg 29.20,"Riek 1934, Taf. XXIX.20, Hahn 1977, Taf. 37.1; Dutkiewicz 2021: Taf. 48; Conard & Bolus 2003, 2008",|||| _ //\\\ _ \\/// _ //,uncertain
vhc0151,,Upper Paleolithic,Aurignacian,Vogelherd,vhc,Niederstotzingen-Stetten,Germany,48.559000,10.194000,precise,nespos.org,V,C14,"30162±1,340",H 4054-3210,35810±710,PL0001337A,1931,fossil,,undetermined,,77.0,24.0,26.0,almost complete,Fragment of a Lias ammonite.,URMU Blaubeuren,Find No.: Vg 29.14,"Riek 1934, Taf. XXIX.14; Dutkiewicz 2021: Taf. 58.2-4; Hahn 1977; Conard & Bolus 2003, 2008",v v vvv vv,very certain
vhc0150,,Upper Paleolithic,Aurignacian,Vogelherd,vhc,Niederstotzingen-Stetten,Germany,48.559000,10.194000,precise,nespos.org,V,C14,"30162±1,340",H 4054-3210,35810±710,PL0001337A,1931,bone,undetermined,spatula/lissoir,,77.0,12.0,5.0,almost complete,second part of lissoir 38/68-90.1. Coding see vhc0049,,Find No.: Vg 29.12,"Riek 1934, Taf. XXIX.12; Hahn 1977, Taf. 34.4; Dutkiewicz 2021: Taf. 42.3-4; Conard & Bolus 2003, 2008",,
vhc0149,,Upper Paleolithic,Aurignacian,Vogelherd,vhc,Niederstotzingen-Stetten,Germany,48.559000,10.194000,precise,nespos.org,IV,C14,30730±750,H 4053-3211,32030±280,OxA-18456,1931,ivory,Mammuthus primigenius,undetermined,,38.0,14.0,5.0,fragmented,Ivory fragment,Universität Tübingen,"Find No.: Vg 2676, Vg 5836","Dutkiewicz 2021: Taf. 55.5; Hahn 1977; Conard & Bolus 2003, 2008",!|||||||,very certain
vhc0148,,Upper Paleolithic,Aurignacian,Vogelherd,vhc,Niederstotzingen-Stetten,Germany,48.559000,10.194000,precise,nespos.org,,C14,26160±150,KIA 8957,35810±710,PL0001337A,1950,sandstone,,possible figurine,,54.0,40.0,32.0,complete,"It is a completely preserved object made of sandstone, but it has modern damage. Riek describes that the piece is made from a cobble, from which a part was struck off to obtain a flat side. The object has an elongated, strongly bulging outline and a flat side. There is a perforation at one of the edges. Riek interprets this figurine as a representation of a mammoth, while Hahn, due to the ambiguity of the depiction, labels this piece as a pendant.",LMW Stuttgart,Find No.: Vg 22,"Riek 1954; Hahn 1986: 98-104; Dutkiewicz 2021: Taf. 30; Conard & Bolus 2003, 2008",vvvvvvvvvvv _ [vvvvvvvvvvvvvvvvvvvvvvvv] _ [vvvvvvvvvvvvvvvvvvvvvvvvv],certain
vhc0147,,Upper Paleolithic,Aurignacian,Vogelherd,vhc,Niederstotzingen-Stetten,Germany,48.559000,10.194000,precise,nespos.org,V,C14,"30162±1,340",H 4054-3210,35810±710,PL0001337A,1931,ivory,Mammuthus primigenius,figurine zoomorph,Panthera,68.0,24.0,14.0,fragmented,"This figurine was discovered during the 1931 excavations in layer V. The right half of the animal is largely intact, with only the cheek and neck chipped. In contrast, the left half is missing the crown and the leg. The other three legs are only present at the base. Two longitudinal cracks run through the body. The surface is heavily weathered in many areas. Where well-preserved, there is evidence of careful reworking and polishing. Although large pieces of the figurine are missing, the outline is completely preserved. The depiction is of a felid with a head extended far forward. It is unclear whether this represents a cave lion (Panthera leo spelea) or a snow leopard (Panthera uncia). The slender silhouette of the figurine favors the latter, although it cannot be ruled out that a female or young cave lion could have had such a slim body shape. The body is elongated with a straight back line. Only the withers slightly arch upwards. The hip and hind leg are separated from the body. It is possible that the base of a tail is preserved, but this cannot be determined with certainty. The leg attachments extend vertically downward, indicating that the animal is depicted standing still in place. The face is stretched forward. Both eyes gaze forward, and the preserved ear is laid back. The nose of the animal is separated from the mouth by a line. Interestingly, two additional incisions follow below, although only one is necessary anatomically to represent the mouth. It is possible that the animal is depicted with an open mouth. A cleft lip is not discernible.",MUT Tübingen,Find No.: Vg 2.4,"Riek 1934: 286-287; Hahn 1986; Dutkiewicz 2021: Taf. 14; Hahn 1977; Conard & Bolus 2003, 2008",|||||X _ [!°°°°°°°°°°°°°°°°°°°°°°°°°°°°°°°°°°°!] _ [!°°°°°°°°°°°°°°°°°!] _ ||||,certain
vhc0146,,Upper Paleolithic,Aurignacian,Vogelherd,vhc,Niederstotzingen-Stetten,Germany,48.559000,10.194000,precise,nespos.org,V,C14,"30162±1,340",H 4054-3210,35810±710,PL0001337A,1931,ivory,Mammuthus primigenius,figurine zoomorph,Equus ferus,48.0,25.0,8.0,fragmented,"The depiction of the wild horse was also found in layer V during the 1931 excavations. The surface is remarkably smooth and exhibits polishing in several areas. Like the mammoth figurine discussed above, the wild horse also has a distinct bluish tint, a result of mineral deposition during burial in the ground. The horse is particularly elegant and expressive. The noticeably lowered head is narrow and, when viewed from the front, has a slight S-curve. The nostrils, mouth, eyes, and ears are anatomically accurate. The ears are slightly pointed and lie close to the head. The cheeks are well-defined. The mane appears to be a standing mane typical of wild horses, but it is only present in the head area, between the two ears. Towards the back, it transitions into the neck and is inseparable from the body. The neck is curved and separated from the withers by a bend. The body is slender with detailed muscle features. The belly hangs slightly. The tail is only partially worked, with no tail hairs. The right front leg points slightly forward, as if the animal were taking a step. The hind leg points slightly backward. The distance between the limbs of the two halves of the body appears to have been very small. Hahn (1986: 78-79) speculates that, like the mammoth described above, the horse could have had a perforation between the front and hind legs.",MUT Tübingen,Find No.: Vg 2.2,"Riek 1934: 284-285; Hahn 1986; Dutkiewicz 2021: Taf. 13; Hahn 1977; Conard & Bolus 2003, 2008",XXXXXXXXXXXXX _ vvvvvvvvvvvvvvvvv,certain
vhc0145,,Upper Paleolithic,Aurignacian,Vogelherd,vhc,Niederstotzingen-Stetten,Germany,48.559000,10.194000,precise,nespos.org,V,C14,"30162±1,340",H 4054-3210,35810±710,PL0001337A,1931,ivory,Mammuthus primigenius,figurine zoomorph,Mammuthus primigenius,50.0,32.0,22.0,almost complete,"The nearly complete mammoth figurine was found in the Vogelherd during the 1931 excavations in the Aurignacian-layer V. This figurine is mostly well-preserved. The lower section of the trunk, which was adjacent to the front legs, is broken, and the soles of the hind limbs are freshly chipped. The surface is highly polished but still shows some tool marks. The noticeable grayish-blue patina covering the entire figurine was formed through the deposition of minerals during deposition in the ground. The mammoth is depicted in a round and voluminous manner, with a dome-like head slightly offset from the face. Eyes and ears are finely carved with impressive anatomical accuracy. The trunk is not preserved in the middle part, slightly extending from the body and touching the feet at the bottom, as evidenced by a small material residue. The tusks are not represented, but a mouth is clearly visible. The neck is deeply saddled, the shoulders protrude high, and the back line falls straight to the buttocks. The tail is short and only slightly indicated. The front and hind legs are slender compared to the body mass and are slightly stretched forward and backward, respectively. Additionally, the soles of the feet touch each other; this is not a natural standing posture for a mammoth. There are small perforations between the front and hind limbs, each showing signs of use-polishing, suggesting they served as loops for a cord.",MUT Tübingen,Find No.: Vg 2.1,"Riek 1934: 281-283; Hahn 1986; Dutkiewicz E2021: Taf. 12a-12b; Hahn 1977; Conard & Bolus 2003, 2008",(/X)XXXXXYYY _ X(XX) _ (X/X)XXXX _ XVXXY _ °°° _ °°°°°°° _ XXXX _ >>>XXX _ ⊞ _ XXXXX,very certain
vhc0144,,Upper Paleolithic,Aurignacian,Vogelherd,vhc,Niederstotzingen-Stetten,Germany,48.559000,10.194000,precise,nespos.org,IV,C14,30730±750,H 4053-3211,32030±280,OxA-18456,1931,ivory,Mammuthus primigenius,figurine zoomorph,undetermined,62.0,23.0,8.0,fragmented,"This is a larger ivory lamella that has cracked along the natural growth line, indicating the use of weathered ivory. On the inner concave surface, there is a surface-filling decoration. This decoration is reminiscent of the markings on the fish representation, which is why this piece is considered a possible additional fish representation. If this is indeed a fish, it is depicted in a highly abstract manner.",MUT Tübingen,Find No.: Vg 17973,"Wolf 2015, Taf. 37.2; Dutkiewicz 2021: Taf. 28.1; Hahn 1977; Conard & Bolus 2003, 2008",– – – – – _ !/////////////////! _ !///////////////!,certain
vhc0169,,Upper Paleolithic,Aurignacian,Vogelherd,vhc,Niederstotzingen-Stetten,Germany,48.559000,10.194000,precise,nespos.org,IV,C14,30730±750,H 4053-3211,32030±280,OxA-18456,1931,bone,undetermined,spatula/lissoir,,47.0,8.0,5.0,fragmented,"This is a medial, lateral fragment of a smoother made from a large herbivore's rib, which was found in Layer IV in 1931.",Universität Tübingen,Find No.: Vg 127.4,"Hahn 1977, Taf. 59.2; Dutkiewicz 2021: Taf. 45.2; Conard & Bolus 2003, 2008",vvvvvvvvvv!,very certain
vhc0143,,Upper Paleolithic,Aurignacian,Vogelherd,vhc,Niederstotzingen-Stetten,Germany,48.559000,10.194000,precise,nespos.org,V,C14,"30162±1,340",H 4054-3210,35810±710,PL0001337A,1931,bone,undetermined,undetermined,,60.0,10.0,2.0,almost complete,Fragment of a thin tubular bone with rounded edges.,Universität Tübingen,Find No.: Vg 127.2,"Riek 1934, Taf. XXIX.18; Hahn 1977, Taf. 34.3; Dutkiewicz 2021: Taf. 58.1; Conard & Bolus 2003, 2008",vvv vvvv,very certain
vhc0142,,Upper Paleolithic,Aurignacian,Vogelherd,vhc,Niederstotzingen-Stetten,Germany,48.559000,10.194000,precise,nespos.org,IV,C14,30730±750,H 4053-3211,32030±280,OxA-18456,1931,ivory,Mammuthus primigenius,undetermined,,81.0,28.0,17.0,fragmented,"Large fragment of a tusk, of which the innermost cone is preserved; it was likely found in AH IV in 1931. An elongated, thick lamellar fragment, found in the spoil heap during subsequent excavations in 2012, fits into it. Presumably, it is a piece from which a larger flake has been detached. On the slightly concave flake negative, there are 40 lines distributed in a broad engraving over the entire preserved surface.",Universität Tübingen,Find No.: Vg 11421,"AABW 2012; Wolf 2015, Taf. 36.1; Dutkiewicz 2021: Taf. 55.6-8; Hahn 1977; Conard & Bolus 2003, 2008",!≠!,uncertain
vhc0141,,Upper Paleolithic,Aurignacian,Vogelherd,vhc,Niederstotzingen-Stetten,Germany,48.559000,10.194000,precise,nespos.org,HL/KS,C14,26160±150,KIA 8957,35810±710,PL0001337A,2009,bone,undetermined,tube/flute,,19.0,4.0,2.0,fragmented,Fragment of a thin tubular bone.,Universität Tübingen,Find No.: 99/99-1333.1,"Dutkiewicz 2021: Taf. 36.17; Conard & Bolus 2003, 2008",!vvvv!,very certain
vhc0140,,Upper Paleolithic,Aurignacian,Vogelherd,vhc,Niederstotzingen-Stetten,Germany,48.559000,10.194000,precise,nespos.org,HL/KS,C14,26160±150,KIA 8957,35810±710,PL0001337A,2008,ivory,Mammuthus primigenius,rod/baton,,13.0,4.0,4.0,fragmented,Very thin round rod made of ivory.,Universität Tübingen,Find No.: 99/99-1002.1,"Dutkiewicz 2021: Taf. 51.18; Conard & Bolus 2003, 2008",!vvv!,very certain
vhc0139,,Upper Paleolithic,Aurignacian,Vogelherd,vhc,Niederstotzingen-Stetten,Germany,48.559000,10.194000,precise,nespos.org,HL/KS,C14,26160±150,KIA 8957,35810±710,PL0001337A,2012,ivory,Mammuthus primigenius,undetermined,,45.0,18.0,7.0,fragmented,Ivory fragment (cementum).,Universität Tübingen,Find No.: 99/99-1000,"Dutkiewicz 2021: Taf. 57.16; Conard & Bolus 2003, 2008",!| || |!,certain
vhc0138,,Upper Paleolithic,Aurignacian,Vogelherd,vhc,Niederstotzingen-Stetten,Germany,48.559000,10.194000,precise,nespos.org,HL/KS,C14,26160±150,KIA 8957,35810±710,PL0001337A,2010,bone,undetermined,tube/flute,,17.0,6.0,3.0,fragmented,Fragment of a thin tubular bone (bird?).,Universität Tübingen,Find No.: 78/65-40.1,"AABW 2014; Dutkiewicz 2021: Taf. 36.16; Conard & Bolus 2003, 2008",!vvvv! _ !vvvvv!,very certain
vhc0137,,Upper Paleolithic,Aurignacian,Vogelherd,vhc,Niederstotzingen-Stetten,Germany,48.559000,10.194000,precise,nespos.org,HL/KS,C14,26160±150,KIA 8957,35810±710,PL0001337A,2010,ivory,Mammuthus primigenius,possible flute,,14.0,4.0,2.0,fragmented,Heavily weathered fragment of a possible ivory flute.,Universität Tübingen,Find No.: 77/66-18.1,"AABW 2014; Dutkiewicz 2021: Taf. 32.17; Conard & Bolus 2003, 2008",!vvv!,very certain
vhc0136,,Upper Paleolithic,Aurignacian,Vogelherd,vhc,Niederstotzingen-Stetten,Germany,48.559000,10.194000,precise,nespos.org,HL/KS,C14,26160±150,KIA 8957,35810±710,PL0001337A,2010,bone,undetermined,flute,,15.0,6.0,2.0,fragmented,Fragment of the top of a bone flute with a partially preserved finger hole.,Universität Tübingen,Find No.: 75/63-13.1,"AABW 2014; Dutkiewicz 2021: Taf. 34.11; Conard & Bolus 2003, 2008",||!,very certain
vhc0135,,Upper Paleolithic,Aurignacian,Vogelherd,vhc,Niederstotzingen-Stetten,Germany,48.559000,10.194000,precise,nespos.org,HL/KS,C14,26160±150,KIA 8957,35810±710,PL0001337A,2010,bone,undetermined,spatula/lissoir,,30.0,10.0,5.0,fragmented,"Terminal fragment of a flat, rod-like object with a thicker, rounded end.",Universität Tübingen,Find No.: 75/62-76.1,"AABW 2010; Dutkiewicz 2021: Taf. 45.3; Conard & Bolus 2003, 2008",(/XXXX!) _ (XXXX!) _ >>! _,certain
vhc0134,,Upper Paleolithic,Aurignacian,Vogelherd,vhc,Niederstotzingen-Stetten,Germany,48.559000,10.194000,precise,nespos.org,HL/KS,C14,26160±150,KIA 8957,35810±710,PL0001337A,2010,bone,undetermined,possible figurine,,11.0,4.0,4.0,fragmented,Elongated bone fragment with a weathered surface.,Universität Tübingen,Find No.: 74/63-29.1,"Dutkiewicz 2021: Taf. 29.12; Conard & Bolus 2003, 2008",!XX!,certain
vhc0133,,Upper Paleolithic,Aurignacian,Vogelherd,vhc,Niederstotzingen-Stetten,Germany,48.559000,10.194000,precise,nespos.org,HL/KS,C14,26160±150,KIA 8957,35810±710,PL0001337A,2005,bone,undetermined,flute,,17.0,5.0,2.0,fragmented,Small fragment of a bone flute.,Universität Tübingen,Find No.: 71/64-50.1,"AABW 2005; Dutkiewicz 2021: Taf. 34.10; Conard & Bolus 2003, 2008",v,certain
vhc0132,,Upper Paleolithic,Aurignacian,Vogelherd,vhc,Niederstotzingen-Stetten,Germany,48.559000,10.194000,precise,nespos.org,HL/KS,C14,26160±150,KIA 8957,35810±710,PL0001337A,2011,bone,undetermined,awl,,52.0,11.0,8.0,almost complete,"A nearly complete bone awl. The tip and a portion of the base are missing. The awl is finely crafted, with a straight shaft that terminates in a carefully worked point. The base is noticeably thickened, with two bulges on the sides resembling shoulders. The awl is adorned with markings all around.",Universität Tübingen,Find No.: 69/62-55,"AABW 2011; Dutkiewicz 2021: Taf. 46.3; Conard & Bolus 2003, 2008",|||||| _ vvvv vvv _ ||||! _ vvvv vv,very certain
vhc0131,,Upper Paleolithic,Aurignacian,Vogelherd,vhc,Niederstotzingen-Stetten,Germany,48.559000,10.194000,precise,nespos.org,HL/KS,C14,26160±150,KIA 8957,35810±710,PL0001337A,2005,bone,undetermined,tube/flute,,17.0,7.0,4.0,fragmented,Terminal fragment of a severed tubular bone.,Universität Tübingen,Find No.: 68/66-27.1,"AABW 2005; Dutkiewicz 2021: Taf. 36.15; Conard & Bolus 2003, 2008",≠! _ vv _ vv,uncertain
vhc0130,,Upper Paleolithic,Aurignacian,Vogelherd,vhc,Niederstotzingen-Stetten,Germany,48.559000,10.194000,precise,nespos.org,HL/KS,C14,26160±150,KIA 8957,35810±710,PL0001337A,2011,bone,undetermined,tube/flute,,21.0,6.0,2.0,fragmented,Fragment of a thin tubular bone.,Universität Tübingen,Find No.: 68/62-9.1,"Dutkiewicz 2021: Taf. 36.13; Conard & Bolus 2003, 2008",!vv!,very certain
vhc0129,,Upper Paleolithic,Aurignacian,Vogelherd,vhc,Niederstotzingen-Stetten,Germany,48.559000,10.194000,precise,nespos.org,HL/KS,C14,26160±150,KIA 8957,35810±710,PL0001337A,2011,bone,undetermined,tube/flute,,15.0,5.0,4.0,fragmented,Fragment of a tiny tubular bone (undetermined animal species).,Universität Tübingen,Find No.: 68/62-39.1,"Dutkiewicz 2021: Taf. 36.14; Conard & Bolus 2003, 2008",vvvv _ vvvv,uncertain
vhc0128,,Upper Paleolithic,Aurignacian,Vogelherd,vhc,Niederstotzingen-Stetten,Germany,48.559000,10.194000,precise,nespos.org,HL/KS,C14,26160±150,KIA 8957,35810±710,PL0001337A,2011,ivory,Mammuthus primigenius,undetermined,,12.0,7.0,3.0,fragmented,"Tiny, black discolored ivory fragment.",Universität Tübingen,Find No.: 68/62-20.1,"Dutkiewicz 2021: Taf. 57.15; Conard & Bolus 2003, 2008",!||!,certain
vhc0127,,Upper Paleolithic,Aurignacian,Vogelherd,vhc,Niederstotzingen-Stetten,Germany,48.559000,10.194000,precise,nespos.org,HL/KS,C14,26160±150,KIA 8957,35810±710,PL0001337A,2005,bone,undetermined,tube/flute,,20.0,7.0,4.0,fragmented,Fragment of a thin tubular bone (bird?).,Universität Tübingen,Find No.: 67/65-78.1,"AABW 2005; Dutkiewicz 2021: Taf. 36.12; Conard & Bolus 2003, 2008",!vvv! _ !vvv!,certain
vhc0126,,Upper Paleolithic,Aurignacian,Vogelherd,vhc,Niederstotzingen-Stetten,Germany,48.559000,10.194000,precise,nespos.org,HL/KS,C14,26160±150,KIA 8957,35810±710,PL0001337A,2011,bone,undetermined,undetermined,,18.0,5.0,2.0,fragmented,Semi-tubular bone fragment.,Universität Tübingen,Find No.: 66/64-58.1,"Dutkiewicz 2021: Taf. 59.18; Conard & Bolus 2003, 2008",!vvvvvvv!,certain
vhc0125,,Upper Paleolithic,Aurignacian,Vogelherd,vhc,Niederstotzingen-Stetten,Germany,48.559000,10.194000,precise,nespos.org,HL/KS,C14,26160±150,KIA 8957,35810±710,PL0001337A,2011,ivory,Mammuthus primigenius,undetermined,,8.0,5.0,3.0,fragmented,Tiny heavily weathered ivory fragment.,Universität Tübingen,Find No.: 66/64-53.1,"Dutkiewicz 2021: Taf. 57.14; Conard & Bolus 2003, 2008",!vvv!,uncertain
vhc0124,,Upper Paleolithic,Aurignacian,Vogelherd,vhc,Niederstotzingen-Stetten,Germany,48.559000,10.194000,precise,nespos.org,HL/KS,C14,26160±150,KIA 8957,35810±710,PL0001337A,2011,bone,undetermined,undetermined,,39.0,7.0,2.0,fragmented,Fragment of a thin tubular bone.,Universität Tübingen,Find No.: 66/61-34.1,"AABW 2014; Dutkiewicz 2021: Taf. 59.17; Conard & Bolus 2003, 2008",vvvvvv,very certain
vhc0123,,Upper Paleolithic,Aurignacian,Vogelherd,vhc,Niederstotzingen-Stetten,Germany,48.559000,10.194000,precise,nespos.org,HL/KS,C14,26160±150,KIA 8957,35810±710,PL0001337A,2011,ivory,Mammuthus primigenius,rod/baton,,25.0,6.0,5.0,fragmented,"Heavily fragmented, thin ivory cylindrical rod.",Universität Tübingen,Find No.: 65/62-29.1,"AABW 2014; Dutkiewicz 2021: Taf. 51.17; Conard & Bolus 2003, 2008",vvvv vvv vv! _ vvv v vvvv _ vvv! _ !v vv v v v v v! _ v v v v v _ !vvvv! _ !>>>>>>>!,uncertain
vhc0122,,Upper Paleolithic,Aurignacian,Vogelherd,vhc,Niederstotzingen-Stetten,Germany,48.559000,10.194000,precise,nespos.org,HL/KS,C14,26160±150,KIA 8957,35810±710,PL0001337A,2006,bone,undetermined,tube/flute,,11.0,6.0,2.0,fragmented,Tiny fragment of a tubular bone (undetermined animal species).,Universität Tübingen,Find No.: 64/63-67.1,"Dutkiewicz 2021: Taf. 36.11; Conard & Bolus 2003, 2008",v!,very certain
vhc0121,,Upper Paleolithic,Aurignacian,Vogelherd,vhc,Niederstotzingen-Stetten,Germany,48.559000,10.194000,precise,nespos.org,HL/KS,C14,26160±150,KIA 8957,35810±710,PL0001337A,2006,bone,undetermined,tube/flute,,36.0,11.0,3.0,fragmented,Humerus of a bird.,Universität Tübingen,Find No.: 64/63-24.2,"Dutkiewicz 2021: Taf. 36.10; Conard & Bolus 2003, 2008",!v v v!,very certain
vhc0120,,Upper Paleolithic,Aurignacian,Vogelherd,vhc,Niederstotzingen-Stetten,Germany,48.559000,10.194000,precise,nespos.org,HL/KS,C14,26160±150,KIA 8957,35810±710,PL0001337A,2011,ivory,Mammuthus primigenius,possible figurine,,12.0,4.0,2.0,fragmented,"The original surface of this small, heavily fragmented elongated ivory fragment is only preserved on the narrow side. It features a grid pattern that is noticeably deeply cut.",Universität Tübingen,Find No.: 63/63-41.1,"Dutkiewicz 2021: Taf. 29.10; Conard & Bolus 2003, 2008",(!XXXXX!),uncertain
vhc0119,,Upper Paleolithic,Aurignacian,Vogelherd,vhc,Niederstotzingen-Stetten,Germany,48.559000,10.194000,precise,nespos.org,HL/KS,C14,26160±150,KIA 8957,35810±710,PL0001337A,,ivory,Mammuthus primigenius,possible figurine,,9.0,5.0,3.0,fragmented,"Elongated, cylindrical ivory fragment with a highly polished surface.",Universität Tübingen,Find No.: 63/63-32.1,"AABW 2014; Dutkiewicz 2021: Taf. 29.9; Conard & Bolus 2003, 2008",!v vv v!,certain
vhc0118,,Upper Paleolithic,Aurignacian,Vogelherd,vhc,Niederstotzingen-Stetten,Germany,48.559000,10.194000,precise,nespos.org,HL/KS,C14,26160±150,KIA 8957,35810±710,PL0001337A,2011,bone,undetermined,flute,,19.0,4.0,3.0,fragmented,"Fragment of a miniature flute made from a thin and narrow tubular bone. Only the upper surface of a medial fragment is preserved. Two finger holes are partially preserved, with parallel notches placed in between.",Universität Tübingen,Find No.: 62/61-33.3,"Dutkiewicz 2021: Taf. 34.7; Conard & Bolus 2003, 2008",v v vv v v,certain
vhc0117,,Upper Paleolithic,Aurignacian,Vogelherd,vhc,Niederstotzingen-Stetten,Germany,48.559000,10.194000,precise,nespos.org,HL/KS,C14,26160±150,KIA 8957,35810±710,PL0001337A,2011,bone,undetermined,tube/flute,,12.0,6.0,3.0,fragmented,Tiny fragment of a tubular bone.,Universität Tübingen,Find No.: 61/63-12.1,"Dutkiewicz 2021: Taf. 36.9; Conard & Bolus 2003, 2008",!vvvvv!,uncertain
vhc0116,,Upper Paleolithic,Aurignacian,Vogelherd,vhc,Niederstotzingen-Stetten,Germany,48.559000,10.194000,precise,nespos.org,HL/KS,C14,26160±150,KIA 8957,35810±710,PL0001337A,2012,ivory,Mammuthus primigenius,undetermined,,18.0,9.0,3.0,fragmented,"Thin, heavily weathered ivory plate.",Universität Tübingen,Find No.: 60/63-96.1,"AABW 2012; Wolf 2015, Taf. 42.20; Dutkiewicz 2021: Taf. 57.13; Conard & Bolus 2003, 2008",!⊞!,certain
vhc0115,,Upper Paleolithic,Aurignacian,Vogelherd,vhc,Niederstotzingen-Stetten,Germany,48.559000,10.194000,precise,nespos.org,HL/KS,C14,26160±150,KIA 8957,35810±710,PL0001337A,2012,ivory,Mammuthus primigenius,undetermined,,11.0,4.0,2.0,fragmented,"Tiny, rod-shaped, heavily weathered ivory fragment.",Universität Tübingen,Find No.: 59/64-15,"Dutkiewicz 2021: Taf. 57.12; Conard & Bolus 2003, 2008",!vvvv!,uncertain
vhc0114,,Upper Paleolithic,Aurignacian,Vogelherd,vhc,Niederstotzingen-Stetten,Germany,48.559000,10.194000,precise,nespos.org,HL/KS,C14,26160±150,KIA 8957,35810±710,PL0001337A,2012,ivory,Mammuthus primigenius,undetermined,,40.0,23.0,8.0,fragmented,Ivory fragment (cementum),Universität Tübingen,Find No.: 58/64-15.1,"AABW 2012; Wolf 2015, Taf. 42.1; Dutkiewicz 2021: Taf. 57.11; Conard & Bolus 2003, 2008",!||||||!,very certain
vhc0113,,Upper Paleolithic,Aurignacian,Vogelherd,vhc,Niederstotzingen-Stetten,Germany,48.559000,10.194000,precise,nespos.org,HL/KS,C14,26160±150,KIA 8957,35810±710,PL0001337A,2012,bone,undetermined,rod/baton,,19.0,4.0,4.0,fragmented,"Heavily weathered, thin cylindrical bone rod.",Universität Tübingen,Find No.: 58/64-15.1,"Dutkiewicz 2021: Taf. 51.19; Conard & Bolus 2003, 2008",!vvv! _ !vvvv! _ vv!,certain
vhc0112,,Upper Paleolithic,Aurignacian,Vogelherd,vhc,Niederstotzingen-Stetten,Germany,48.559000,10.194000,precise,nespos.org,HL/KS,C14,26160±150,KIA 8957,35810±710,PL0001337A,2012,ivory,Mammuthus primigenius,figurine zoomorph,Mammuthus primigenius,14.0,11.0,8.0,fragmented,"A heavily weathered, cylindrically reshaped ivory fragment. It is clearly recognizable as the leg of a figure, most likely from a mammoth. The columnar shape and the cross on the sole of the foot strongly suggest its association with a mammoth.",Universität Tübingen,Find No.: 57/63-57.1,"AABW 2014; Dutkiewicz 2021: Taf. 27.8; Conard & Bolus 2003, 2008",vv _ X,certain
vhc0111,,Upper Paleolithic,Aurignacian,Vogelherd,vhc,Niederstotzingen-Stetten,Germany,48.559000,10.194000,precise,nespos.org,DKS,C14,26160±150,KIA 8957,35810±710,PL0001337A,2012,ivory,Mammuthus primigenius,possible figurine,,28.0,13.0,8.0,fragmented,"The heavily weathered, reshaped ivory fragment with an ornate cone-like protrusion.",Universität Tübingen,Find No.: 57/62-56.1,"AABW 2012; Dutkiewicz E2021: Taf. 29.8; Conard & Bolus 2003, 2008",?,uncertain
vhc0110,,Upper Paleolithic,Aurignacian,Vogelherd,vhc,Niederstotzingen-Stetten,Germany,48.559000,10.194000,precise,nespos.org,HL/KS,C14,26160±150,KIA 8957,35810±710,PL0001337A,2012,ivory,Mammuthus primigenius,undetermined,,17.0,8.0,3.0,fragmented,Ivory fragment.,Universität Tübingen,Find No.: 54/66-29.1,"Wolf 2015, Taf. 42.27; Dutkiewicz 2021: Taf. 57.10; Conard & Bolus 2003, 2008",vvv!,certain
vhc0109,,Upper Paleolithic,Aurignacian,Vogelherd,vhc,Niederstotzingen-Stetten,Germany,48.559000,10.194000,precise,nespos.org,HL/KS,C14,26160±150,KIA 8957,35810±710,PL0001337A,2012,ivory,Mammuthus primigenius,possible flute,,17.0,3.0,2.0,fragmented,Small possible fragment of an ivory flute.,Universität Tübingen,Find No.: 53/65-6.1,"Dutkiewicz 2021: Taf. 32.16; Conard & Bolus 2003, 2008",!vvvvvvv!,very certain
vhc0108,,Upper Paleolithic,Aurignacian,Vogelherd,vhc,Niederstotzingen-Stetten,Germany,48.559000,10.194000,precise,nespos.org,HU/KS,C14,26160±150,KIA 8957,35810±710,PL0001337A,2005,bone,undetermined,undetermined,,15.0,4.0,2.0,fragmented,Semi-tubular bone fragment.,Universität Tübingen,Find No.: 48/70-17.1,"Dutkiewicz 2021: Taf. 59.16; Conard & Bolus 2003, 2008",!XXXX!,uncertain
vhc0175,,Upper Paleolithic,Aurignacian,Vogelherd,vhc,Niederstotzingen-Stetten,Germany,48.559000,10.194000,precise,nespos.org,HU/KS,C14,26160±150,KIA 8957,35810±710,PL0001337A,2005,ivory,Mammuthus primigenius,rod/baton,,18.0,5.0,3.0,fragmented,Very thin round rod.,Universität Tübingen,Find No.: 48/68-24.1,"AABW 2005; Dutkiewicz 2021: Taf. 51.16; Conard & Bolus 2003, 2008",vvv,very certain
vhc0107,,Upper Paleolithic,Aurignacian,Vogelherd,vhc,Niederstotzingen-Stetten,Germany,48.559000,10.194000,precise,nespos.org,HL/KS,C14,26160±150,KIA 8957,35810±710,PL0001337A,2005,ivory,Mammuthus primigenius,rod/baton,,29.0,12.0,5.0,fragmented,Heavily weathered cylindrical rod fragment.,Universität Tübingen,Find No.: 47/67-104.1,"AABW 2005; Dutkiewicz 2021: Taf. 51.15; Conard & Bolus 2003, 2008",/ \ _ |||! _ ||!,certain
vhc0106,,Upper Paleolithic,Aurignacian,Vogelherd,vhc,Niederstotzingen-Stetten,Germany,48.559000,10.194000,precise,nespos.org,DL/KS,C14,26160±150,KIA 8957,35810±710,PL0001337A,2005,ivory,Mammuthus primigenius,possible figurine,,17.0,8.0,3.0,fragmented,Elongated ivory fragment with a strong whitish to black patina.,Universität Tübingen,Find No.: 47/65-118.1,"AABW 2005; Dutkiewicz 2021: Taf.29.7; Conard & Bolus 2003, 2008",!⊞!,certain
vhc0105,,Upper Paleolithic,Aurignacian,Vogelherd,vhc,Niederstotzingen-Stetten,Germany,48.559000,10.194000,precise,nespos.org,HL/KS,C14,26160±150,KIA 8957,35810±710,PL0001337A,2006,ivory,Mammuthus primigenius,possible flute,,13.0,2.0,2.0,fragmented,Heavily weathered possible ivory flute fragment.,Universität Tübingen,Find No.: 45/69-21.1,"AABW 2014; Wolf 2015, Taf. 42.29; Dutkiewicz 2021: Taf. 32.15; Conard & Bolus 2003, 2008",!vvvvvvv!,very certain
vhc0104,,Upper Paleolithic,Aurignacian,Vogelherd,vhc,Niederstotzingen-Stetten,Germany,48.559000,10.194000,precise,nespos.org,HL/KS,C14,26160±150,KIA 8957,35810±710,PL0001337A,2006,ivory,Mammuthus primigenius,undetermined,,9.0,2.0,2.0,fragmented,Tiny cone-shaped ivory fragment.,Universität Tübingen,Find No.: 44/68-75.1,"Dutkiewicz 2021: Taf. 57.9; Conard & Bolus 2003, 2008",!vvv! _ !vv! _ !vv! _ !vvv!,uncertain
vhc0103,,Upper Paleolithic,Aurignacian,Vogelherd,vhc,Niederstotzingen-Stetten,Germany,48.559000,10.194000,precise,nespos.org,HL/KS,C14,26160±150,KIA 8957,35810±710,PL0001337A,2006,bone,undetermined,undetermined,,18.0,5.0,2.0,fragmented,Semi-tubular bone fragment.,Universität Tübingen,Find No.: 44/68-52.1,"Dutkiewicz 2021: Taf. 59.15; Conard & Bolus 2003, 2008",!vvvvvv!,certain
vhc0102,,Upper Paleolithic,Aurignacian,Vogelherd,vhc,Niederstotzingen-Stetten,Germany,48.559000,10.194000,precise,nespos.org,HL/KS,C14,26160±150,KIA 8957,35810±710,PL0001337A,2006,bone,undetermined,undetermined,,8.0,8.0,2.0,fragmented,"Small, flat bone fragment.",Universität Tübingen,Find No.: 44/67-45.1,"Dutkiewicz 2021: Taf. 59.14; Conard & Bolus 2003, 2008",!|||! _ !vv! _ !vvv!,certain
vhc0101,,Upper Paleolithic,Aurignacian,Vogelherd,vhc,Niederstotzingen-Stetten,Germany,48.559000,10.194000,precise,nespos.org,HL/KS,C14,26160±150,KIA 8957,35810±710,PL0001337A,2007,ivory,Mammuthus primigenius,possible figurine,,10.0,7.0,4.0,fragmented,Small cylindrical ivory fragment.,Universität Tübingen,Find No.: 44/64-20.1,"Dutkiewicz 2021: Taf. 29.9; Conard & Bolus 2003, 2008",!vv! _ !v!,certain
vhc0100,,Upper Paleolithic,Aurignacian,Vogelherd,vhc,Niederstotzingen-Stetten,Germany,48.559000,10.194000,precise,nespos.org,HL/KS,C14,26160±150,KIA 8957,35810±710,PL0001337A,2008,bone,undetermined,tube/flute,,10.0,6.0,2.0,fragmented,Tiny tubular bone fragment (undetermined species).,Universität Tübingen,Find No.: 43/76-13.1,"Dutkiewicz 2021: Taf. 36.8; Conard & Bolus 2003, 2008",!vvv!,certain
vhc0099,,Upper Paleolithic,Aurignacian,Vogelherd,vhc,Niederstotzingen-Stetten,Germany,48.559000,10.194000,precise,nespos.org,DKS,C14,26160±150,KIA 8957,35810±710,PL0001337A,2008,ivory,Mammuthus primigenius,undetermined,,28.0,8.0,2.0,fragmented,"Elongated, flat ivory fragment.",Universität Tübingen,Find No.: 43/74-62.1,"Wolf 2015, Taf. 42.10; Dutkiewicz 2021: Taf. 57.8; Conard & Bolus 2003, 2008",!////,certain
vhc0098,,Upper Paleolithic,Aurignacian,Vogelherd,vhc,Niederstotzingen-Stetten,Germany,48.559000,10.194000,precise,nespos.org,HL/KS,C14,26160±150,KIA 8957,35810±710,PL0001337A,2008,ivory,Mammuthus primigenius,undetermined,,32.0,10.0,5.0,fragmented,Round rod-shaped ivory object.,Universität Tübingen,Find No.: 43/73-24.1,"Dutkiewicz 2021: Taf. 57.7; Conard & Bolus 2003, 2008",|| ||,very certain
vhc0097,,Upper Paleolithic,Aurignacian,Vogelherd,vhc,Niederstotzingen-Stetten,Germany,48.559000,10.194000,precise,nespos.org,HL/KS,C14,26160±150,KIA 8957,35810±710,PL0001337A,2006,bone,undetermined,tube/flute,,25.0,6.0,2.0,fragmented,Fragment of a thin tubular bone.,Universität Tübingen,Find No.: 43/71-88.1,"AABW 2015; Dutkiewicz 2021: Taf. 36.7; Conard & Bolus 2003, 2008",!⊞!,certain
vhc0096,,Upper Paleolithic,Aurignacian,Vogelherd,vhc,Niederstotzingen-Stetten,Germany,48.559000,10.194000,precise,nespos.org,HL/KS,C14,26160±150,KIA 8957,35810±710,PL0001337A,2006,ivory,Mammuthus primigenius,undetermined,,18.0,5.0,4.0,fragmented,"The small, heavily weathered ivory fragment is triangular in shape and bears markings all around.",Universität Tübingen,Find No.: 43/71-50.1,"Wolf 2015, Taf. 42.21; Dutkiewicz 2021: Taf. 57.6; Conard & Bolus 2003, 2008",XX! _ vvvvvvvv! _ !vvvv!,certain
vhc0095,,Upper Paleolithic,Aurignacian,Vogelherd,vhc,Niederstotzingen-Stetten,Germany,48.559000,10.194000,precise,nespos.org,HL/KS,C14,26160±150,KIA 8957,35810±710,PL0001337A,2006,ivory,Mammuthus primigenius,undetermined,,37.0,24.0,7.0,fragmented,Ivory fragment (tooth cementum).,Universität Tübingen,Find No.: 43/68-84.1,"AABW 2012; Dutkiewicz 2021: Taf. 57.5; Conard & Bolus 2003, 2008",X,very certain
vhc0094,,Upper Paleolithic,Aurignacian,Vogelherd,vhc,Niederstotzingen-Stetten,Germany,48.559000,10.194000,precise,nespos.org,HL/KS,C14,26160±150,KIA 8957,35810±710,PL0001337A,2007,ivory,Mammuthus primigenius,undetermined,,11.0,5.0,3.0,fragmented,"Small, heavily weathered ivory fragment in a triangular shape.",Universität Tübingen,Find No.: 43/66-62.1,"Dutkiewicz 2021: Taf. 57.4; Conard & Bolus 2003, 2008",!/X/! _ !<><><><!,uncertain
vhc0093,,Upper Paleolithic,Aurignacian,Vogelherd,vhc,Niederstotzingen-Stetten,Germany,48.559000,10.194000,precise,nespos.org,HL/KS,C14,26160±150,KIA 8957,35810±710,PL0001337A,2006,ivory,Mammuthus primigenius,figurine,undetermined,61.0,23.0,8.0,fragmented,"This elongated, flat fragment of an ivory figurine is heavily weathered. The original surface is only present in small parts.",MUT Tübingen,Find No.: 42/72-72,"AABW 2006; Dutkiewicz 2021: Taf. 26.7-8; Conard & Bolus 2003, 2008",!|||||! _ !|! _ !||!,uncertain
vhc0092,,Upper Paleolithic,Aurignacian,Vogelherd,vhc,Niederstotzingen-Stetten,Germany,48.559000,10.194000,precise,nespos.org,HL/KS,C14,26160±150,KIA 8957,35810±710,PL0001337A,2006,bone,undetermined,undetermined,,16.0,3.0,2.0,fragmented,"Small, long, and narrow bone fragment.",Universität Tübingen,Find No.: 42/70-69.1,"Dutkiewicz 2021: Taf. 59.13; Conard & Bolus 2003, 2008",!vvv! _ !vvvvv!,very certain
vhc0091,,Upper Paleolithic,Aurignacian,Vogelherd,vhc,Niederstotzingen-Stetten,Germany,48.559000,10.194000,precise,nespos.org,HL/KS,C14,26160±150,KIA 8957,35810±710,PL0001337A,2006,ivory,Mammuthus primigenius,possible figurine,,14.0,8.0,3.0,fragmented,Small reshaped ivory fragment.,Universität Tübingen,Find No.: 42/70-48.1,"AABW 2007; Wolf 2015, Taf. 43.5; Dutkiewicz 2021: Taf. 29.5; Conard & Bolus 2003, 2008",!vvvvvvvvvv!,very certain
vhc0174,,Upper Paleolithic,Aurignacian,Vogelherd,vhc,Niederstotzingen-Stetten,Germany,48.559000,10.194000,precise,nespos.org,HL/KS,C14,26160±150,KIA 8957,35810±710,PL0001337A,2006,ivory,Mammuthus primigenius,undetermined,,12.0,6.0,3.0,fragmented,Small ivory fragment.,Universität Tübingen,Find No.: 42/70-34.1,"Wolf 2015, Taf. 42.26; Dutkiewicz 2021: Taf. 57.3; Conard & Bolus 2003, 2008",≠!,uncertain
vhc0090,,Upper Paleolithic,Aurignacian,Vogelherd,vhc,Niederstotzingen-Stetten,Germany,48.559000,10.194000,precise,nespos.org,HL/KS,C14,26160±150,KIA 8957,35810±710,PL0001337A,2006,ivory,Mammuthus primigenius,figurine zoomorph,Mammuthus primigenius,37.0,28.0,12.0,complete,"This figurine has consistent proportions but is noticeably slim for a mammoth (Mammuthus primigenius). The front legs are pressed together and comparatively long and slender. The hind legs, also pressed together, are considerably shorter. The legs are stretched forward and backward, causing the soles of the feet not to lie flat when the figurine is placed on a flat surface. The soles of the feet are slightly widened compared to the legs, as observed in an elephant that steps on the ground. The head of the animal is domed. The saddle-like neck transitions into the towering hump, typical of adult mammoths. The backline descends steeply towards the buttocks. The tail is short and stubby. The torso is flat but well-proportioned. The abdomen hangs only slightly. The face of the animal is set off from the skull with a rounded depression. The cheekbones are clearly defined despite the small size of the figurine. The eyes are represented as barely discernible dots. The short ears lie diagonally above the eyes and are depicted as slightly triangular through short incisions. The tusks are not elaborated; only on the right side, a slight elevation is indicated between the trunk and the front leg, which can be interpreted as the beginning of a tusk or as the mouth. The trunk lies close to the body and extends to the front soles of the feet. When viewed from the front, it has a slight S-curve, adding a special liveliness to the representation despite its overall static nature.",URMU Blaubeuren,Find No.: 42/69-85,"AABW 2006; Dutkiewicz 2021: Taf. 22; Conard & Bolus 2003, 2008",vvvvvv _ ≠ _ ≠,very certain
vhc0089,,Upper Paleolithic,Aurignacian,Vogelherd,vhc,Niederstotzingen-Stetten,Germany,48.559000,10.194000,precise,nespos.org,HL/KS,C14,26160±150,KIA 8957,35810±710,PL0001337A,2006,ivory,Mammuthus primigenius,undetermined,,17.0,7.0,4.0,fragmented,"Heavily weathered, reshaped ivory fragment.",Universität Tübingen,Find No.: 42/69-77.1,"Dutkiewicz 2021: Taf. 57.2; Conard & Bolus 2003, 2008",>>>>! _ >>!,certain
vhc0088,,Upper Paleolithic,Aurignacian,Vogelherd,vhc,Niederstotzingen-Stetten,Germany,48.559000,10.194000,precise,nespos.org,HL/KS,C14,26160±150,KIA 8957,35810±710,PL0001337A,2006,ivory,Mammuthus primigenius,rod/baton,,48.0,14.0,5.0,fragmented,Heavily fragmented round rod fragment.,Universität Tübingen,Find No.: 42/69-53,"Dutkiewicz 2021: Taf. 51.14; Conard & Bolus 2003, 2008",!W!,uncertain
vhc0087,,Upper Paleolithic,Aurignacian,Vogelherd,vhc,Niederstotzingen-Stetten,Germany,48.559000,10.194000,precise,nespos.org,HL/KS,C14,26160±150,KIA 8957,35810±710,PL0001337A,2006,ivory,Mammuthus primigenius,figurine zoomorph,Panthera,56.0,17.0,6.0,fragmented,"This figurine depicts a felid. The body is very narrow and elongated, with a horizontal backline. The withers are prominently set off from the back and arch upwards significantly. It appears as if the animal is creeping or stalking, as in this movement, this region in feline species arches strongly upward. Unfortunately, the legs are not preserved, so no further details about the animal's gait can be provided. The muscles of the shoulder and hindquarters are carefully modeled, and the tail is preserved at its base. The neck is long and stretched forward, with the head lowered, again suggesting the stalking posture of the animal. From the head, the forehead, the left ear, and the base of the right ear, as well as the left eye, are preserved. From the eye, a tear duct extends, as also depicted on the lion head. Despite the fragmentary state of preservation, the fine detailing of the head attests to the masterful artistry. Overall, this figurine gives the impression of being very delicate and slender.",URMU Blaubeuren,Find No.: 42/67-89.1,"AABW 2006; Dutkiewicz 2021: Taf. 23; Conard & Bolus 2003, 2008",(XXXXXXXXXXXXXXXXXXXXXXXXXXXXXX) _ °°°°°°°°°! _ °°°°°°! _ °! _ °! _ ¤¤¤¤¤¤,certain
vhc0086,,Upper Paleolithic,Aurignacian,Vogelherd,vhc,Niederstotzingen-Stetten,Germany,48.559000,10.194000,precise,nespos.org,HL/KS,C14,26160±150,KIA 8957,35810±710,PL0001337A,2006,bone,undetermined,undetermined,,,,,fragmented,Semi-tubular bone fragment.,Universität Tübingen,Find No.: 42/67-16.1,"Dutkiewicz 2021: Taf. 59.12; Conard & Bolus 2003, 2008",!v vv vv!,certain
vhc0172,,Upper Paleolithic,Aurignacian,Vogelherd,vhc,Niederstotzingen-Stetten,Germany,48.559000,10.194000,precise,nespos.org,HL/KS,C14,26160±150,KIA 8957,35810±710,PL0001337A,2008,ivory,Mammuthus primigenius,rod/baton,,11.0,10.0,3.0,fragmented,"Short, heavily weathered round rod fragment with irregular cut marks all around.",Universität Tübingen,Find No.: 41/72-16.1-2,"Wolf 2015, Taf. 42.24; Dutkiewicz 2021: Taf. 51.13; Conard & Bolus 2003, 2008",≠!,uncertain
vhc0085,,Upper Paleolithic,Aurignacian,Vogelherd,vhc,Niederstotzingen-Stetten,Germany,48.559000,10.194000,precise,nespos.org,HL/KS,C14,26160±150,KIA 8957,35810±710,PL0001337A,2006,bone,undetermined,undetermined,,17.0,5.0,2.0,fragmented,Semi-tubular bone fragment.,Universität Tübingen,Find No.: 41/71-37.2,"Dutkiewicz 2021: Taf. 59.11; Conard & Bolus 2003, 2008",vv!,uncertain
vhc0084,,Upper Paleolithic,Aurignacian,Vogelherd,vhc,Niederstotzingen-Stetten,Germany,48.559000,10.194000,precise,nespos.org,HL/KS,C14,26160±150,KIA 8957,35810±710,PL0001337A,2006,ivory,Mammuthus primigenius,figurine zoomorph,Mammuthus primigenius,31.0,14.0,4.0,fragmented,"Fragment of a figurine, which can most likely be identified as a representation of a mammoth. This is a horizontally positioned ivory lamella in the depiction. Clearly recognizable are the rounded cross-section of the skull, the cross-section of two massive legs, and the abdomen. Based on the outlines, the interpretation as a mammoth figure is most probable.",MUT Tübingen,Find No.: 41/71-108.1,"AABW 2006; Dutkiewicz 2021: Taf. 26.3-4; Conard & Bolus 2003, 2008",|||! _ v _ v _ v _ v _ v,certain
vhc0083,,Upper Paleolithic,Aurignacian,Vogelherd,vhc,Niederstotzingen-Stetten,Germany,48.559000,10.194000,precise,nespos.org,HL/KS,C14,26160±150,KIA 8957,35810±710,PL0001337A,2006,ivory,Mammuthus primigenius,possible figurine,,11.0,9.0,4.0,fragmented,Small reshaped ivory fragment with a cross pattern.,Universität Tübingen,Find No.: 41/69-73.1,"AABW 2006; Dutkiewicz 2021: Taf. 29.4; Conard & Bolus 2003, 2008",!XXX!,very certain
vhc0082,,Upper Paleolithic,Aurignacian,Vogelherd,vhc,Niederstotzingen-Stetten,Germany,48.559000,10.194000,precise,nespos.org,HL/KS,C14,26160±150,KIA 8957,35810±710,PL0001337A,2008,ivory,Mammuthus primigenius,possible figurine,,11.0,6.0,3.0,fragmented,Elongated ivory fragment with a heavily weathered surface.,Universität Tübingen,Find No.: 40/78-14.1,"AABW 2008; Dutkiewicz 2021: Taf. 29.3; Conard & Bolus 2003, 2008",!vvvvv!,very certain
vhc0081,,Upper Paleolithic,Aurignacian,Vogelherd,vhc,Niederstotzingen-Stetten,Germany,48.559000,10.194000,precise,nespos.org,HL/KS,C14,26160±150,KIA 8957,35810±710,,2008,ivory,Mammuthus primigenius,undetermined,,20.0,8.0,5.0,fragmented,"Reshaped, weathered ivory fragment.",Universität Tübingen,Find No.: 40/73-67.1,"Dutkiewicz 2021: Taf. 57.1; Conard & Bolus 2003, 2008",!VVV! _ !vvvv!,uncertain
vhc0080,,Upper Paleolithic,Aurignacian,Vogelherd,vhc,Niederstotzingen-Stetten,Germany,48.559000,10.194000,precise,nespos.org,HL/KS,C14,26160±150,KIA 8957,35810±710,,2008,ivory,Mammuthus primigenius,undetermined,,19.0,7.0,2.0,fragmented,"Elongated, flat ivory fragment.",Universität Tübingen,Find No.: 40/73-17.1,"Wolf 2015, Taf. 42.11; Dutkiewicz 2021: Taf. 56.17; Conard & Bolus 2003, 2008",!/ / //,very certain
vhc0079,,Upper Paleolithic,Aurignacian,Vogelherd,vhc,Niederstotzingen-Stetten,Germany,48.559000,10.194000,precise,nespos.org,HL/KS,C14,26160±150,KIA 8957,35810±710,PL0001337A,2008,ivory,Mammuthus primigenius,figurine zoomorph,undetermined,31.0,16.0,11.0,fragmented,"The figure is relatively small compared to others from the Swabian Aurignacian. The body has an oval outline, slightly domed towards the hindquarters. Both legs are preserved at the base. The figure lacks details such as muscles, tail, or tail base. The neck, compared to the rounded body, is narrow and extends upward. The head is not preserved. Numerous short notches are present over the entire body. The identification of the depicted animal species is not certain. The compact, rounded-oval body shape suggests a small animal capable of quickly crouching and hiding. The legs appear to be rather short, and the upward-stretched neck also suggests a small, ground-dwelling animal. The notched decoration suggests the interpretation of a hedgehog. However, it is also possible that a beaver, hare, or badger is depicted here, all of which have a similar compact body shape and sometimes have shaggy fur.",MUT Tübingen,Find No.: 40/72-21.1,"AABW 2008; AABW 2011; Wolf 2015, Taf. 42.6; Dutkiewicz 2021: Taf. 25; Conard & Bolus 2003, 2008",[!vvvvvvvvvvvvvvvvvvvvvvvvvvvvvvvvvvvvvvvvvvvvvvvvvvvvvvvvvvvvvvvvvvvvvvvvvv!],very certain
vhc0078,,Upper Paleolithic,Aurignacian,Vogelherd,vhc,Niederstotzingen-Stetten,Germany,48.559000,10.194000,precise,nespos.org,HL/KS,C14,26160±150,KIA 8957,35810±710,PL0001337A,2007,ivory,Mammuthus primigenius,figurine,undetermined,11.0,8.0,6.0,fragmented,"Small, cylindrically shaped ivory fragment, likely representing the leg of an animal figurine.",Universität Tübingen,Find No.: 40/71-48.1,"Dutkiewicz 2021: Taf. 27.7; Conard & Bolus 2003, 2008",!vv!,uncertain
vhc0077,,Upper Paleolithic,Aurignacian,Vogelherd,vhc,Niederstotzingen-Stetten,Germany,48.559000,10.194000,precise,nespos.org,HU/KS,C14,26160±150,KIA 8957,35810±710,PL0001337A,2007,bone,undetermined,undetermined,,15.0,5.0,2.0,fragmented,Semi-tubular bone fragment with markings.,Universität Tübingen,Find No.: 40/70-53.2,"Dutkiewicz 2021: Taf. 59.10; Conard & Bolus 2003, 2008",!v v vv v!,very certain
vhc0076,,Upper Paleolithic,Aurignacian,Vogelherd,vhc,Niederstotzingen-Stetten,Germany,48.559000,10.194000,precise,nespos.org,HL/KS,C14,26160±150,KIA 8957,35810±710,PL0001337A,2008,bone,undetermined,flute,,16.0,3.0,1.0,fragmented,Narrow bone fragment in front of two finger holes and parallel notches in between.,Universität Tübingen,Find No.: 40/70-49.1,"Dutkiewicz 2021: Taf. 34.9; Conard & Bolus 2003, 2008",!||||!,very certain
vhc0075,,Upper Paleolithic,Aurignacian,Vogelherd,vhc,Niederstotzingen-Stetten,Germany,48.559000,10.194000,precise,nespos.org,HL/KS,C14,26160±150,KIA 8957,35810±710,PL0001337A,2007,ivory,Mammuthus primigenius,undetermined,,9.0,1.0,2.0,fragmented,"Tiny, elongated ivory fragment.",Universität Tübingen,Find No.: 40/68-76.1,"Dutkiewicz 2021: Taf. 56.16; Conard & Bolus 2003, 2008",!vvvvv!,certain
vhc0074,,Upper Paleolithic,Aurignacian,Vogelherd,vhc,Niederstotzingen-Stetten,Germany,48.559000,10.194000,precise,nespos.org,HL/KS,C14,26160±150,KIA 8957,35810±710,PL0001337A,2008,ivory,Mammuthus primigenius,undetermined,,14.0,4.0,4.0,fragmented,"Small, heavily weathered ivory fragment.",Universität Tübingen,Find No.: 40/61-24.1,"Wolf 2015, Taf. 42.22; Dutkiewicz 2021: Taf. 56.15; Conard & Bolus 2003, 2008",(!XXXXX) _ (!XXX) _ v,certain
vhc0073,,Upper Paleolithic,Aurignacian,Vogelherd,vhc,Niederstotzingen-Stetten,Germany,48.559000,10.194000,precise,nespos.org,HL/KS,C14,26160±150,KIA 8957,35810±710,PL0001337A,2009,ivory,Mammuthus primigenius,possible figurine,,16.0,9.0,3.0,fragmented,"Elongated, reworked ivory fragment.",Universität Tübingen,Find No.: 39/76-17.1,"AABW 2012; Dutkiewicz 2019: Taf. 29.2; Conard & Bolus 2003, 2008",!vvv!,uncertain
vhc0072,,Upper Paleolithic,Aurignacian,Vogelherd,vhc,Niederstotzingen-Stetten,Germany,48.559000,10.194000,precise,nespos.org,HL/KS,C14,26160±150,KIA 8957,35810±710,PL0001337A,2008,ivory,Mammuthus primigenius,undetermined,,17.0,4.0,2.0,fragmented,"Small, elongated ivory fragment",Universität Tübingen,Find No.: 39/73-71.1,"Dutkiewicz 2021: Taf. 56.14; Conard & Bolus 2003, 2008",(!XXXXXXX!),certain
vhc0071,,Upper Paleolithic,Aurignacian,Vogelherd,vhc,Niederstotzingen-Stetten,Germany,48.559000,10.194000,precise,nespos.org,HL/KS,C14,26160±150,KIA 8957,35810±710,PL0001337A,2008,bone,undetermined,undetermined,,14.0,4.0,2.0,fragmented,"Small, elongated bone fragment.",Universität Tübingen,Find No.: 39/73-36.2,"Dutkiewicz 2021: Taf. 59.9; Conard & Bolus 2003, 2008",!||||!,very certain
vhc0070,,Upper Paleolithic,Aurignacian,Vogelherd,vhc,Niederstotzingen-Stetten,Germany,48.559000,10.194000,precise,nespos.org,HL/KS,C14,26160±150,KIA 8957,35810±710,PL0001337A,2008,bone,undetermined,tube/flute,,17.0,7.0,3.0,fragmented,Fragment of a small tubular bone.,Universität Tübingen,Find No.: 39/73-35.1,"AABW 2015; Dutkiewicz 2021: Taf. 36.6; Conard & Bolus 2003, 2008",!vvvvvv!,very certain
vhc0069,,Upper Paleolithic,Aurignacian,Vogelherd,vhc,Niederstotzingen-Stetten,Germany,48.559000,10.194000,precise,nespos.org,HL/KS,C14,26160±150,KIA 8957,35810±710,PL0001337A,2007,ivory,Mammuthus primigenius,personal ornament,,10.0,5.0,4.0,almost complete,"This unusual bead shape resembles a double-drilled bead, but it has pointed projections on the narrow sides. The piece is heavily weathered.",MUT Tübingen,Find No.: 39/71-98.1,"Wolf 2015, Taf. 42.14; Dutkiewicz 2021: Taf. 37.9; Conard & Bolus 2003, 2008",>>>>! _ >>>>!,very certain
vhc0068,,Upper Paleolithic,Aurignacian,Vogelherd,vhc,Niederstotzingen-Stetten,Germany,48.559000,10.194000,precise,nespos.org,HL/KS,C14,26160±150,KIA 8957,35810±710,PL0001337A,2007,ivory,Mammuthus primigenius,undetermined,,9.0,4.0,1.0,fragmented,"Tiny, heavily weathered ivory fragment.",Universität Tübingen,Find No.: 39/71-37.1,"Wolf 2015, Taf. 42.15; Dutkiewicz 2021: Taf. 56.13; Conard & Bolus 2003, 2008",!XX,very certain
vhc0067,,Upper Paleolithic,Aurignacian,Vogelherd,vhc,Niederstotzingen-Stetten,Germany,48.559000,10.194000,precise,nespos.org,HL/KS,C14,26160±150,KIA 8957,35810±710,PL0001337A,2007,ivory,Mammuthus primigenius,awl,,79.0,10.0,10.0,almost complete,"It is an elongated, approximately complete tool made of ivory. Only the top part is broken off. The terminally tapered shape suggests that it was a point. This area is also heavily polished through use, and the two uppermost lines of the decoration are worn away, making it very likely to be identified as an awl.",MUT Tübingen,Find No.: 39/70-76.1,"AABW 2007; Wolf 2015, Taf. 41.1; Dutkiewicz 2021: Taf. 46.2; Conard & Bolus 2003, 2008",||||| (/||)||| _ ||,certain
vhc0066,,Upper Paleolithic,Aurignacian,Vogelherd,vhc,Niederstotzingen-Stetten,Germany,48.559000,10.194000,precise,nespos.org,HL/KS,C14,26160±150,KIA 8957,35810±710,PL0001337A,2007,ivory,Mammuthus primigenius,undetermined,,16.0,6.0,3.0,fragmented,"Rod-shaped, heavily weathered ivory object.",Universität Tübingen,Find No.: 39/69-91.1-2,"Dutkiewicz 2021: Taf. 56.12; Conard & Bolus 2003, 2008",!vv! _ vv!,uncertain
vhc0065,,Upper Paleolithic,Aurignacian,Vogelherd,vhc,Niederstotzingen-Stetten,Germany,48.559000,10.194000,precise,nespos.org,HL/KS,C14,26160±150,KIA 8957,35810±710,PL0001337A,2007,ivory,Mammuthus primigenius,personal ornament,,13.0,6.0,2.0,fragmented,Heavily weathered ivory pendant with a broken perforation.,MUT Tübingen,Find No.: 39/69-74.1,"Dutkiewicz 2021: Taf. 37.8; Conard & Bolus 2003, 2008",!W!,certain
vhc0064,,Upper Paleolithic,Aurignacian,Vogelherd,vhc,Niederstotzingen-Stetten,Germany,48.559000,10.194000,precise,nespos.org,HL/KS,C14,26160±150,KIA 8957,35810±710,PL0001337A,2007,bone,undetermined,flute,,22.0,5.0,4.0,fragmented,Medial flute fragment (Mini-flute) with two preserved finger holes.,MUT Tübingen,Find No.: 39/69-73.1,"AABW 2011/2015; Dutkiewicz 2021: Taf. 34.8; Conard & Bolus 2003, 2008",vvvv _ !vvv!  _ !vvv!,very certain
vhc0063,,Upper Paleolithic,Aurignacian,Vogelherd,vhc,Niederstotzingen-Stetten,Germany,48.559000,10.194000,precise,nespos.org,HL/KS,C14,26160±150,KIA 8957,35810±710,PL0001337A,2007,bone,undetermined,undetermined,,19.0,7.0,3.0,fragmented,Semi-tubular bone fragment with markings.,Universität Tübingen,Find No.: 39/69-32.1,"Dutkiewicz E2021: Taf.59.8; Conard & Bolus 2003, 2008",!/XXXXX/!,certain
vhc0062,,Upper Paleolithic,Aurignacian,Vogelherd,vhc,Niederstotzingen-Stetten,Germany,48.559000,10.194000,precise,nespos.org,HL/KS,C14,26160±150,KIA 8957,,PL0001337A,2007,ivory,Mammuthus primigenius,personal ornament,,13.0,5.0,4.0,fragmented,Fragment of a ring-shaped object with lateral markings.,Universität Tübingen,Find No.: 39/68-38.1,"AABW 2012; Dutkiewicz 2021: Taf. 56.11; Conard & Bolus 2003, 2008",!vvv!,certain
vhc0061,,Upper Paleolithic,Aurignacian,Vogelherd,vhc,Niederstotzingen-Stetten,Germany,48.559000,10.194000,precise,nespos.org,HL/KS,C14,26160±150,KIA 8957,35810±710,PL0001337A,2007,ivory,Mammuthus primigenius,possible flute,,9.0,2.0,2.0,fragmented,"Short, thin ivory fragment",Universität Tübingen,Find No.: 39/67-7.1,"Wolf 2015, Taf. 42.30; Dutkiewicz 2021: Taf. 32.14; Conard & Bolus 2003, 2008",!v vvvv v!,very certain
vhc0060,,Upper Paleolithic,Aurignacian,Vogelherd,vhc,Niederstotzingen-Stetten,Germany,48.559000,10.194000,precise,nespos.org,HL/KS,C14,26160±150,KIA 8957,35810±710,PL0001337A,2008,ivory,Mammuthus primigenius,possible figurine,,29.0,15.0,3.0,fragmented,"Flat, heavily reworked ivory fragment was filled with markings over the entire surface.",Universität Tübingen,Find No.: 38/78-53,"Wolf 2015, Taf. 42.2; Dutkiewicz 2021: Taf. 29.1; Conard & Bolus 2003, 2008",////////// _ l|ll!,uncertain
vhc0059,,Upper Paleolithic,Aurignacian,Vogelherd,vhc,Niederstotzingen-Stetten,Germany,48.559000,10.194000,precise,nespos.org,HL/KS,C14,26160±150,KIA 8957,35810±710,PL0001337A,2008,ivory,Mammuthus primigenius,figurine,undetermined,25.0,15.0,7.0,fragmented,"Slightly curved, heavily reworked ivory fragment with a carefully smoothed and polished surface.",Universität Tübingen,Find No.: 38/78-18.1,"AABW 2011; Wolf 2015, Taf. 42.3; Dutkiewicz 2021: Taf. 27.6; Conard & Bolus 2003, 2008",!^^^^^^ |!,certain
vhc0058,,Upper Paleolithic,Aurignacian,Vogelherd,vhc,Niederstotzingen-Stetten,Germany,48.559000,10.194000,precise,nespos.org,HL/KS,C14,26160±150,KIA 8957,35810±710,PL0001337A,2008,ivory,Mammuthus primigenius,undetermined,,8.0,6.0,2.0,fragmented,"Tiny, heavily weathered ivory fragment.",Universität Tübingen,Find No.: 38/76-109.2,"Dutkiewicz 2021: Taf. 56.10; Conard & Bolus 2003, 2008",!≠!,uncertain
vhc0057,,Upper Paleolithic,Aurignacian,Vogelherd,vhc,Niederstotzingen-Stetten,Germany,48.559000,10.194000,precise,nespos.org,HL/KS,C14,26160±150,KIA 8957,35810±710,PL0001337A,2008,ivory,Mammuthus primigenius,rod/baton,,14.0,4.0,1.0,fragmented,"Heavily weathered, thin fragment of a rod.",Universität Tübingen,Find No.: 38/75-9.2,"Dutkiewicz 2021: Taf. 51.11; Conard & Bolus 2003, 2008",!vvv! _ !vvv!,certain
vhc0056,,Upper Paleolithic,Aurignacian,Vogelherd,vhc,Niederstotzingen-Stetten,Germany,48.559000,10.194000,precise,nespos.org,HL/KS,C14,26160±150,KIA 8957,35810±710,,2008,ivory,Mammuthus primigenius,rod/baton,,20.0,14.0,7.0,fragmented,"Short, decorated round rod fragment with an utilitarian notch for segmenting. Only a longer line of the decoration is preserved, running across the entire preserved curvature of the surface. Presumably, it is part of a large diamond shape or a cross, similar to those seen on other round rod fragments.",Universität Tübingen,Find No.: 38/75-38.3,"Dutkiewicz 2021: Taf. 51.12; Conard & Bolus 2003, 2008",!/!,uncertain
vhc0055,,Upper Paleolithic,Aurignacian,Vogelherd,vhc,Niederstotzingen-Stetten,Germany,48.559000,10.194000,precise,nespos.org,GF/KS,C14,26160±150,KIA 8957,35810±710,PL0001337A,2008,bone,undetermined,tube/flute,,9.0,5.0,2.0,fragmented,Small tubular bone fragment with markings.,Universität Tübingen,Find No.: 38/75-193.1,"Dutkiewicz 2021: Taf. 36.5; Conard & Bolus 2003, 2008",!vv! _ !vvv!,uncertain
vhc0054,,Upper Paleolithic,Aurignacian,Vogelherd,vhc,Niederstotzingen-Stetten,Germany,48.559000,10.194000,precise,nespos.org,HL/KS,C14,26160±150,KIA 8957,35810±710,PL0001337A,2008,ivory,Mammuthus primigenius,possible figurine,,20.0,9.0,4.0,fragmented,"Elongated, cylindrical piece of ivory with a heavily weathered surface.",Universität Tübingen,Find No.: 38/74-59.2,"Wolf 2015, Taf. 42.18; Dutkiewicz 2021: Taf. 28.10; Conard & Bolus 2003, 2008",!vvvvvvvvv!,certain
vhc0053,,Upper Paleolithic,Aurignacian,Vogelherd,vhc,Niederstotzingen-Stetten,Germany,48.559000,10.194000,precise,nespos.org,HL/KS,C14,26160±150,KIA 8957,35810±710,PL0001337A,2008,bone,undetermined,undetermined,,17.0,6.0,2.0,fragmented,Semi-tubular bone fragment with markings.,Universität Tübingen,Find No.: 38/73-28,"Dutkiewicz 2021: Taf. 59.7; Conard & Bolus 2003, 2008",!X/XXX/!,uncertain
vhc0052,,Upper Paleolithic,Aurignacian,Vogelherd,vhc,Niederstotzingen-Stetten,Germany,48.559000,10.194000,precise,nespos.org,HL/KS,C14,26160±150,KIA 8957,35810±710,PL0001337A,2008,ivory,Mammuthus primigenius,figurine zoomorph,Osteichthyes,70.0,31.0,9.0,almost complete,"The fish is carved from a flat, elongated piece of ivory. Although not all details are anatomically accurate, this figure is clearly identifiable as a fish. The object is flat and has a slight curve. Toward the head, the piece becomes thinner. The head is only roughly carved, lacking details such as eyes or mouth, but the outline of this area on the right side resembles a fish head. On the left, this part is broken. To the back part, the object becomes thicker, with the end not preserved. The carving of the tail fin is not discernible. An elongated dorsal fin is indicated on both sides, with the alignment of the rays correct on the left, but anatomically incorrect on the right, facing forward. The pectoral and pelvic fins, slightly protruding from the pointed-oval outline, are correctly indicated with their rays on the right and incorrectly on the left. Overall, it is observed that many details of the representation are strongly stylized.",MUT Tübingen,Find No.: 38/70-78,"AABW 2008; Dutkiewicz 2021: Taf. 24a-b; Conard & Bolus 2003, 2008",!//////////// _ /// _ [!°°°°°°°°°°°°°°°°°°°°°°°°°°°°°°°°°°°°°°°°°°°°°°°°°°°°°] _ ///// _ // //// _ ≠ _ /////////// _ [!°°°°°°°°°°°°°°°°°°°°°°°°°°°°°°°°°°°°°°°°°°°°°°°°°°°°°°°°°°°°],very certain
vhc0051,,Upper Paleolithic,Aurignacian,Vogelherd,vhc,Niederstotzingen-Stetten,Germany,48.559000,10.194000,precise,nespos.org,HL/KS,C14,26160±150,KIA 8957,35810±710,PL0001337A,2007,ivory,Mammuthus primigenius,undetermined,,41.0,14.0,4.0,fragmented,"Heavily weathered, elongated ivory lamella (dentin).",Universität Tübingen,Find No.: 38/70-151,"Dutkiewicz 2021: Taf. 56.9; Conard & Bolus 2003, 2008",X/X||! _ ||||!,uncertain
vhc0050,,Upper Paleolithic,Aurignacian,Vogelherd,vhc,Niederstotzingen-Stetten,Germany,48.559000,10.194000,precise,nespos.org,HL/KS,C14,26160±150,KIA 8957,35810±710,PL0001337A,2007,ivory,Mammuthus primigenius,undetermined,,11.0,3.0,2.0,fragmented,"A small, rod-shaped and heavily weathered ivory fragment.",Universität Tübingen,Find No.: 38/69-102.1,"Dutkiewicz 2021: Taf. 56.8; Conard & Bolus 2003, 2008",!vvvvvv/v!,uncertain
vhc0049,,Upper Paleolithic,Aurignacian,Vogelherd,vhc,Niederstotzingen-Stetten,Germany,48.559000,10.194000,precise,nespos.org,V and HL/KS,C14,30162±1340,H 4054-3210,35810±710,PL0001337A,2007,bone,undetermined,spatula/lissoir,,90.0,11.0,5.0,almost complete,"Narrow smoother made from a rib, found in the debris of the Riek excavation in 2007. Based on its shape, dimensions, and decorations, one can reasonably assume that it is a missing object from the 1931 excavation, specifically Object Vg 29.12 found in layer V. Therefore, the context for this fragment from the 2007 excavation is also given as AH V. The object is a long, slightly bent smoother made from a rib. It is broken in the middle, and it does not have the typical wide, curved cap of a classic smoother but rather a narrower end. At the terminal fragment's base, there is a pronounced bend, characteristic of the basal piece found in the 1931 excavation.",Universität Tübingen,Find No.: 38/68-90.1,"Riek 1934, Taf. XXIX.12; Hahn 1977, Taf. 34.4; Dutkiewicz 2021: Taf. 42; Hahn J. 1977; Conard & Bolus 2003, 2008",X X X X X X _ vvvvvvvvv!vvvvvvvvvvvv _ vvv vvv v!v vvv vvv,certain
vhc0173,,Upper Paleolithic,Aurignacian,Vogelherd,vhc,Niederstotzingen-Stetten,Germany,48.559000,10.194000,precise,nespos.org,HL/KS,C14,26160±150,KIA 8957,35810±710,PL0001337A,2007,bone,undetermined,undetermined,,25.0,8.0,3.0,fragmented,Semi-tubular bone fragment.,Universität Tübingen,Find No.: 38/68-19.1,"Dutkiewicz 2021: Taf. 59.6; Conard & Bolus 2003, 2008",!vvvv v!,very certain
vhc0048,,Upper Paleolithic,Aurignacian,Vogelherd,vhc,Niederstotzingen-Stetten,Germany,48.559000,10.194000,precise,nespos.org,HL/KS,C14,26160±150,KIA 8957,35810±710,PL0001337A,2009,bone,undetermined,tube/flute,,6.0,6.0,4.0,fragmented,Small fragment of a thin tubular bone (bird?) with circumferential notches.,Universität Tübingen,Find No.: 37/79-11.1,"Dutkiewicz 2021: Taf. 36.4; Conard & Bolus 2003, 2008",!$!,certain
vhc0047,,Upper Paleolithic,Aurignacian,Vogelherd,vhc,Niederstotzingen-Stetten,Germany,48.559000,10.194000,precise,nespos.org,HL/KS,C14,26160±150,KIA 8957,35810±710,PL0001337A,2008,ivory,Mammuthus primigenius,undetermined,,11.0,5.0,1.0,fragmented,"Thin, heavily weathered ivory fragment.",Universität Tübingen,Find No.: 37/78-5.1,"Dutkiewicz 2021: Taf. 56.7; Conard & Bolus 2003, 2008",!vvvv!,certain
vhc0046,,Upper Paleolithic,Aurignacian,Vogelherd,vhc,Niederstotzingen-Stetten,Germany,48.559000,10.194000,precise,nespos.org,HL/KS,C14,26160±150,KIA 8957,35810±710,PL0001337A,2009,antler,Rangifer tarandus,awl,,39.0,9.0,5.0,fragmented,"Basal fragment of an antler point. Presumably, it is a projectile point with a split base, and one wing of the base is broken off.",Universität Tübingen,Find No.: 37/77-80.1,"AABW 2002; Dutkiewicz 2021: Taf. 46.7; Conard & Bolus 2003, 2008",| | |||| |||! _ vv!,certain
vhc0045,,Upper Paleolithic,Aurignacian,Vogelherd,vhc,Niederstotzingen-Stetten,Germany,48.559000,10.194000,precise,nespos.org,HL/KS,C14,26160±150,KIA 8957,35810±710,PL0001337A,2008,ivory,Mammuthus primigenius,flute,,21.0,7.0,,fragmented,"Highly weathered ivory flute fragment. Despite its small size, it exhibits all the typical features of ivory flutes, such as the hollow-cylindrical shape, lateral broken notches, and the beginning of a finger hole.",MUT Tübingen,Find No.: 37/75-71.3,"AABW 2008; Conard et al. 2009; Dutkiewicz 2021: Taf. 32.8; Conard & Bolus 2003, 2008",!vvvvvvv! _ !v!,very certain
vhc0044,,Upper Paleolithic,Aurignacian,Vogelherd,vhc,Niederstotzingen-Stetten,Germany,48.559000,10.194000,precise,nespos.org,HL/KS,C14,26160±150,KIA 8957,35810±710,PL0001337A,2008,ivory,Mammuthus primigenius,figurine zoomorph,undetermined,38.0,14.0,4.0,fragmented,A strongly reworked elongated ivory fragment. A distinct curvature as well as a tapering on the other side are noticeable. It could be the lateral fragment of an animal figurine.,Universität Tübingen,Find No.: 37/74-84.1,"AABW 2009; Dutkiewicz 2021: Taf. 26.5-6; Conard & Bolus 2003, 2008",[vv _ v _ v _ vvv _ vv _ vv _ vvv] _ ||l,uncertain
vhc0043,,Upper Paleolithic,Aurignacian,Vogelherd,vhc,Niederstotzingen-Stetten,Germany,48.559000,10.194000,precise,nespos.org,HL/KS,C14,26160±150,KIA 8957,35810±710,PL0001337A,2008,bone,undetermined,possible figurine,,20.0,6.0,3.0,fragmented,"Elongated, club-shaped bone fragment, broken at the thick end. It is decorated on two sides with four pattern units.",Universität Tübingen,Find No.: 37/72-60.1.,"AABW 2015; Dutkiewicz 2021: Taf. 29.13; Conard & Bolus 2003, 2008",vvvv/Xv! _ XXXXXXvvv! _,certain
vhc0042,,Upper Paleolithic,Aurignacian,Vogelherd,vhc,Niederstotzingen-Stetten,Germany,48.559000,10.194000,precise,nespos.org,HL/KS,C14,26160±150,KIA 8957,35810±710,PL0001337A,2008,bone,undetermined,undetermined,,11.0,4.0,4.0,fragmented,Fragment of a worked bone with a cross pattern.,Universität Tübingen,Find No.: 37/71-53.1,"Dutkiewicz 2021: Taf. 59.5; Conard & Bolus 2003, 2008",!XX!,uncertain
vhc0041,,Upper Paleolithic,Aurignacian,Vogelherd,vhc,Niederstotzingen-Stetten,Germany,48.559000,10.194000,precise,nespos.org,HL/KS,C14,26160±150,KIA 8957,35810±710,PL0001337A,2008,ivory,Mammuthus primigenius,figurine,undetermined,24.0,17.0,5.0,fragmented,Heavily reworked fragment of an ivory figurine. The preserved surface is carefully smoothed and polished.,Universität Tübingen,Find No.: 37/70-79.1,"AABW 2008; Wolf 2015, Taf. 43.6; Dutkiewicz 2021: Taf. 27.5; Conard & Bolus 2003, 2008",(!°°°°°!),certain
vhc0040,,Upper Paleolithic,Aurignacian,Vogelherd,vhc,Niederstotzingen-Stetten,Germany,48.559000,10.194000,precise,nespos.org,HL/KS,C14,26160±150,KIA 8957,35810±710,PL0001337A,2008,bone,undetermined,tube/flute,,13.0,5.0,2.0,fragmented,Tiny fragment of a tubular bone (unspecified animal) with markings.,Universität Tübingen,Find No.: 37/70-64,"Dutkiewicz 2021: Taf. 36.3; Conard & Bolus 2003, 2008",!XX!,certain
vhc0039,,Upper Paleolithic,Aurignacian,Vogelherd,vhc,Niederstotzingen-Stetten,Germany,48.559000,10.194000,precise,nespos.org,HL/KS,C14,26160±150,KIA 8957,35810±710,PL0001337A,2008,bone,undetermined,undetermined,,10.0,5.0,3.0,fragmented,Semicylindrical bone fragment with markings.,Universität Tübingen,Find No.: 37/70-131.1,"Dutkiewicz 2021: Taf. 59.4; Conard & Bolus 2003, 2008",!YYY!,certain
vhc0038,,Upper Paleolithic,Aurignacian,Vogelherd,vhc,Niederstotzingen-Stetten,Germany,48.559000,10.194000,precise,nespos.org,HL/KS,C14,26160±150,KIA 8957,35810±710,PL0001337A,2008,ivory,Mammuthus primigenius,figurine,undetermined,15.0,5.0,1.0,fragmented,"Small, very flat ivory fragment. The surface is only preserved on a thin strip on the outside. The surface is heavily reworked and smoothed.",Universität Tübingen,Find No.: 37/68-95,"Dutkiewicz 2021: Taf. 27.4; Conard & Bolus 2003, 2008",!vv!,uncertain
vhc0037,,Upper Paleolithic,Aurignacian,Vogelherd,vhc,Niederstotzingen-Stetten,Germany,48.559000,10.194000,precise,nespos.org,HL/KS,C14,26160±150,KIA 8957,35810±710,PL0001337A,2008,bone,undetermined,tube/flute,,27.0,15.0,10.0,fragmented,A severed epiphysis of a tubular bone (species undetermined).,Universität Tübingen,Find No.: 37/68-84.1,"AABW 2015; Dutkiewicz 2021: Taf. 36-2; Conard & Bolus 2003, 2008",vv!,certain
vhc0036,,Upper Paleolithic,Aurignacian,Vogelherd,vhc,Niederstotzingen-Stetten,Germany,48.559000,10.194000,precise,nespos.org,HL/KS,C14,26160±150,KIA 8957,35810±710,PL0001337A,2008,bone,undetermined,undetermined,,17.0,5.0,3.0,fragmented,Tube-shaped bone fragment with markings.,Universität Tübingen,Find No.: 37/68-80.1,"Dutkiewicz 2021: Taf. 59.3; Conard & Bolus 2003, 2008",!vvvvvv!,very certain
vhc0035,,Upper Paleolithic,Aurignacian,Vogelherd,vhc,Niederstotzingen-Stetten,Germany,48.559000,10.194000,precise,nespos.org,HL/KS,C14,26160±150,KIA 8957,35810±710,PL0001337A,2008,ivory,Mammuthus primigenius,figurine zoomorph,undetermined,14.0,10.0,6.0,fragmented,"Small Fragment of a figurine, very likely belonging to Vg 2a.2.",Universität Tübingen,Find No.: 37/67-48.1,"AABW 2015; Dutkiewicz 2021: Taf. 16a.2 16b.12; Conard & Bolus 2003, 2008",[!CCCC!],very certain
vhc0034,,Upper Paleolithic,Aurignacian,Vogelherd,vhc,Niederstotzingen-Stetten,Germany,48.559000,10.194000,precise,nespos.org,HL/KS,C14,26160±150,KIA 8957,35810±710,PL0001337A,2009,ivory,Mammuthus primigenius,undetermined,,12.0,8.0,5.0,fragmented,"This short, rod-like ivory object with an oval cross-section.",Universität Tübingen,Find No.: 36/79-23.1,"AABW 2009; Wolf 2015, Taf. 43.4; Dutkiewicz 2021: Taf. 56.6; Conard & Bolus 2003, 2008",!≠!,certain
vhc0033,,Upper Paleolithic,Aurignacian,Vogelherd,vhc,Niederstotzingen-Stetten,Germany,48.559000,10.194000,precise,nespos.org,HL/KS,C14,26160±150,KIA 8957,35810±710,PL0001337A,2009,ivory,Mammuthus primigenius,possible figurine,,14.0,6.0,4.0,fragmented,Small ivory fragment with notches.,Universität Tübingen,Find No.: 36/76-67.3,"Dutkiewicz 2021: Taf. 28.9; Conard & Bolus 2003, 2008",!vv!,uncertain
vhc0032,,Upper Paleolithic,Aurignacian,Vogelherd,vhc,Niederstotzingen-Stetten,Germany,48.559000,10.194000,precise,nespos.org,HL/KS,C14,26160±150,KIA 8957,35810±710,PL0001337A,2009,bone,undetermined,undetermined,,17.0,4.0,2.0,fragmented,Tiny marked bone fragment.,Universität Tübingen,Find No.: 36/76-26.1,"Dutkiewicz 2021: Taf. 59.2; Conard & Bolus 2003, 2008",!||||!,very certain
vhc0031,,Upper Paleolithic,Aurignacian,Vogelherd,vhc,Niederstotzingen-Stetten,Germany,48.559000,10.194000,precise,nespos.org,HL/KS,C14,26160±150,KIA 8957,35810±710,PL0001337A,2009,bone,undetermined,undetermined,,35.0,7.0,3.0,fragmented,Semi-tubular bone fragment with markings.,Universität Tübingen,Find No.: 36/75-127.1,"Dutkiewicz 2021: Taf. 59.1; Conard & Bolus 2003, 2008",!vvvvvvv!,very certain
vhc0030,,Upper Paleolithic,Aurignacian,Vogelherd,vhc,Niederstotzingen-Stetten,Germany,48.559000,10.194000,precise,nespos.org,HL/KS,C14,26160±150,KIA 8957,35810±710,PL0001337A,2008,bone,bird,tube/flute,,23.0,11.0,4.0,fragmented,"Cropped epiphysis of a radius, approximately the size of a swan or goose.",Universität Tübingen,Find No.: 36/74-8.1,"Dutkiewicz 2021: Taf. 36.1; Conard & Bolus 2003, 2008",v v v vv! _ v v v vv!,very certain
vhc0029,,Upper Paleolithic,Aurignacian,Vogelherd,vhc,Niederstotzingen-Stetten,Germany,48.559000,10.194000,precise,nespos.org,HL/KS,C14,26160±150,KIA 8957,35810±710,PL0001337A,2008,ivory,Mammuthus primigenius,rod/baton,,23.0,10.0,3.0,fragmented,Heavily weathered fragment of a decorated round rod.,Universität Tübingen,Find No.: 36/74-44.1,"Dutkiewicz 2021: Taf. 51.10; Conard & Bolus 2003, 2008",!| |||| | | ||||! _ v vvv!,uncertain
vhc0028,,Upper Paleolithic,Aurignacian,Vogelherd,vhc,Niederstotzingen-Stetten,Germany,48.559000,10.194000,precise,nespos.org,HL/KS,C14,26160±150,KIA 8957,35810±710,PL0001337A,2008,ivory,Mammuthus primigenius,undetermined,,11.0,7.0,3.0,fragmented,"Small, heavily weathered ivory fragment.",Universität Tübingen,Find No.: 36/74-41.2,"AABW 2010; Wolf 2015, Taf. 43.3; Dutkiewicz 2021: Taf. 56.5; Conard & Bolus 2003, 2008",(!|////|/|//!),uncertain
vhc0171,,Upper Paleolithic,Aurignacian,Vogelherd,vhc,Niederstotzingen-Stetten,Germany,48.559000,10.194000,precise,nespos.org,HL/KS,C14,26160±150,KIA 8957,35810±710,PL0001337A,2008,ivory,Mammuthus primigenius,possible figurine,,11.0,8.0,2.0,fragmented,"Long ivory fragment with a convex curved, reworked surface.",Universität Tübingen,Find No.: 36/74-15.1,"AABW 2010; Wolf 2015, Taf. 43.2; Dutkiewicz 2021: Taf. 28.8; Conard & Bolus 2003, 2008",X!,very certain
vhc0170,,Upper Paleolithic,Aurignacian,Vogelherd,vhc,Niederstotzingen-Stetten,Germany,48.559000,10.194000,precise,nespos.org,HL/KS,C14,26160±150,KIA 8957,35810±710,PL0001337A,2008,ivory,Mammuthus primigenius,possible figurine,,19.0,9.0,2.0,fragmented,"This is an elongated ivory fragment with a convex curved, reworked surface.",Universität Tübingen,Find No.: 36/74-12.1,"AABW 2010; Wolf 2015, Taf. 43.2; Dutkiewicz 2021: Taf. 28.7; Conard & Bolus 2003, 2008",!XXXXXXXX! _ /,very certain
vhc0027,,Upper Paleolithic,Aurignacian,Vogelherd,vhc,Niederstotzingen-Stetten,Germany,48.559000,10.194000,precise,nespos.org,HL/KS,C14,26160±150,KIA 8957,35810±710,PL0001337A,2008,ivory,Mammuthus primigenius,personal ornament,,33.0,10.0,3.0,fragmented,"A long, narrow, flat ivory pendant. The piece is broken at the base. It is likely related to the object with the find number 36/71-83.1 below, but cannot be directly matched.",Universität Tübingen,Find No.: 36/71-83,"Wolf 2015, Taf. 42.9; Dutkiewicz 2021: Taf. 37.7; Conard & Bolus 2003, 2008",!//,very certain
vhc0026,,Upper Paleolithic,Aurignacian,Vogelherd,vhc,Niederstotzingen-Stetten,Germany,48.559000,10.194000,precise,nespos.org,HL/KS,C14,26160±150,KIA 8957,35810±710,PL0001337A,2008,ivory,Mammuthus primigenius,possible figurine,,28.0,17.0,4.0,fragmented,Convex ivory fragment with deep lateral incisions.,Universität Tübingen,Find No.: 36/69-20.1,"AABW 2010; Wolf 2015, Taf. 43.1; Dutkiewicz 2021: Taf. 28.6; Conard & Bolus 2003, 2008",vvvvv! _ vvvvv!,certain
vhc0025,,Upper Paleolithic,Aurignacian,Vogelherd,vhc,Niederstotzingen-Stetten,Germany,48.559000,10.194000,precise,nespos.org,HL/KS,C14,26160±150,KIA 8957,35810±710,PL0001337A,2008,ivory,Mammuthus primigenius,undetermined,,12.0,6.0,2.0,fragmented,Tiny fragment of a reworked ivory plate,Universität Tübingen,Find No.: 36/68-78.1,"Dutkiewicz 2021: Taf. 56.4; Conard & Bolus 2003, 2008",/XX!,very certain
vhc0024,,Upper Paleolithic,Aurignacian,Vogelherd,vhc,Niederstotzingen-Stetten,Germany,48.559000,10.194000,precise,nespos.org,HL/KS,C14,26160±150,KIA 8957,35810±710,PL0001337A,2008,ivory,Mammuthus primigenius,figurine,undetermined,24.0,10.0,6.0,fragmented,"This is a reshaped, slightly concave ivory fragment with a cross line decoration.",Universität Tübingen,Find No.: 36/68-68.1,"AABW 2008; Wolf 2015, Taf. 42.5; Dutkiewicz E2021: Taf. 27.3; Conard & Bolus 2003, 2008",!XXXXX!,very certain
vhc0023,,Upper Paleolithic,Aurignacian,Vogelherd,vhc,Niederstotzingen-Stetten,Germany,48.559000,10.194000,precise,nespos.org,HL/KS,C14,26160±150,KIA 8957,35810±710,PL0001337A,2008,bone,undetermined,undetermined,,23.0,11.0,5.0,fragmented,"This is a bone fragment that has been intentionally reshaped, featuring lateral notches on its sides.",Universität Tübingen,Find No.: 36/67-42.2,"Dutkiewicz 2021: Taf. 58.8; Conard & Bolus 2003, 2008",vv v! _v!,uncertain
vhc0022,,Upper Paleolithic,Aurignacian,Vogelherd,vhc,Niederstotzingen-Stetten,Germany,48.559000,10.194000,precise,nespos.org,HL/KS,C14,26160±150,KIA 8957,35810±710,PL0001337A,2009,ivory,Mammuthus primigenius,figurine zoomorph,undetermined,41.0,11.0,9.0,fragmented,"This fragment of an animal figurine is oriented along the longitudinal axis of the tusk. The lower half of the torso is clearly visible, and the leg attachments and abdominal line unmistakably identify it as an animal representation. The figure is notably slender, and its longitudinal axis suggests a dynamic, in-motion appearance. The leg attachments are well-defined, and the robust legs would most likely indicate a mammoth (Mammuthus primigenius) depiction. Although the slim form is unusual, it finds a good comparison in the complete mammoth figurine found in 2006. It is noteworthy that the surface is not smoothed, and traces of workmanship are clearly visible in many areas. It's possible that this figurine was not completed.",MUT Tübingen,Find No.: 35/75-120,"AABW 2009; Dutkiewicz 2021: Taf. 26.1.-2; Conard & Bolus 2003, 2008",[°°°°°°°°°°°°°°°°°°°°°°°°°°°°°°°°°°°] _ v,uncertain
vhc0021,,Upper Paleolithic,Aurignacian,Vogelherd,vhc,Niederstotzingen-Stetten,Germany,48.559000,10.194000,precise,nespos.org,HL/KS,C14,26160±150,KIA 8957,35810±710,PL0001337A,2008,bone,undetermined,undetermined,,13.0,5.0,2.0,fragmented,Tube-like bone fragment with markings.,Universität Tübingen,Find No.: 35/75-119.1,"Dutkiewicz 2021: Taf. 58.7; Conard & Bolus 2003, 2008",!vvv!,very certain
vhc0020,,Upper Paleolithic,Aurignacian,Vogelherd,vhc,Niederstotzingen-Stetten,Germany,48.559000,10.194000,precise,nespos.org,HL/KS,C14,26160±150,KIA 8957,35810±710,PL0001337A,2008,ivory,Mammuthus primigenius,personal ornament,,28.0,10.0,3.0,fragmented,Thin and elongated pendant made of ivory.,Universität Tübingen,Find No.: 35/73-104.1,"Dutkiewicz 2021: Taf. 37.6; Conard & Bolus 2003, 2008",/ / / / //!,very certain
vhc0019,,Upper Paleolithic,Aurignacian,Vogelherd,vhc,Niederstotzingen-Stetten,Germany,48.559000,10.194000,precise,nespos.org,HL/KS,C14,26160±150,KIA 8957,35810±710,PL0001337A,2008,ivory,Mammuthus primigenius,possible figurine,,24.0,12.0,6.0,fragmented,"Heavily rounded, reworked ivory fragment.",Universität Tübingen,Find No.: 35/71-15.1,"Dutkiewicz 2021: Taf. 28.5; Conard & Bolus 2003, 2008",!//! _!vvvv!,uncertain
vhc0018,,Upper Paleolithic,Aurignacian,Vogelherd,vhc,Niederstotzingen-Stetten,Germany,48.559000,10.194000,precise,nespos.org,HL/KS,C14,26160±150,KIA 8957,35810±710,PL0001337A,2008,antler,Rangifer tarandus,undetermined,,14.0,9.0,4.0,fragmented,Small antler fragment with notches.,Universität Tübingen,Find No.: 35/71-12.1,"Dutkiewicz 2021: Taf. 58.5; Conard & Bolus 2003, 2008",!vvvvv!,certain
vhc0017,,Upper Paleolithic,Aurignacian,Vogelherd,vhc,Niederstotzingen-Stetten,Germany,48.559000,10.194000,precise,nespos.org,HL/KS,C14,26160±150,KIA 8957,35810±710,PL0001337A,2012,bone,Herbivore,spatula/lissoir,,81.0,20.0,8.0,almost complete,"Medial fragment of a smoother, possibly from the rib of a large herbivore (Mammoth?).",Universität Tübingen,Find No.: 34/73-31.2,"AABW 2012; Dutkiewicz 2021: Taf. 45.5-9; Conard & Bolus 2003, 2008",XXXXXXXX/ _ XXXX! _ XXX,very certain
vhc0016,,Upper Paleolithic,Aurignacian,Vogelherd,vhc,Niederstotzingen-Stetten,Germany,48.559000,10.194000,precise,nespos.org,HL/KS,C14,26160±150,KIA 8957,35810±710,PL0001337A,2012,ivory,Mammuthus primigenius,figurine,undetermined,23.0,12.0,2.0,fragmented,"Flat, elongated fragment with two intersecting rows of crosses converging towards each other.",Universität Tübingen,Find No.: 34/72-101.1,"AABW 2012; Wolf 2015, Taf. 42.17; Dutkiewicz 2021: Taf. 27.2; Conard & Bolus 2003, 2008",!XXXXX! _ !XXXX!,very certain
vhc0015,,Upper Paleolithic,Aurignacian,Vogelherd,vhc,Niederstotzingen-Stetten,Germany,48.559000,10.194000,precise,nespos.org,HL/KS,C14,26160±150,KIA 8957,35810±710,PL0001337A,2012,bone,undetermined,possible figurine,,12.0,6.0,2.0,fragmented,Small reworked bone fragment with decorations.,Universität Tübingen,Find No.: 34/71-97.1,"AABW 2014; Dutkiewicz 2021: Taf. 29.11; Conard & Bolus 2003, 2008",!X/! _ !¤¤¤¤¤¤¤!,very certain
vhc0014,,Upper Paleolithic,Aurignacian,Vogelherd,vhc,Niederstotzingen-Stetten,Germany,48.559000,10.194000,precise,nespos.org,HL/KS,C14,26160±150,KIA 8957,35810±710,PL0001337A,2012,ivory,Mammuthus primigenius,undetermined,,20.0,13.0,5.0,fragmented,Marked ivory fragment.,Universität Tübingen,Find No.: 34/70-55.2,"Dutkiewicz 2021: Taf. 56.3; Conard & Bolus 2003, 2008",!||!,certain
vhc0013,,Upper Paleolithic,Aurignacian,Vogelherd,vhc,Niederstotzingen-Stetten,Germany,48.559000,10.194000,precise,nespos.org,HL/KS,C14,26160±150,KIA 8957,35810±710,PL0001337A,2012,bone,undetermined,undetermined,,15.0,5.0,2.0,fragmented,Semi-tubular bone fragment.,Universität Tübingen,Find No.: 34/70-33.2,"Dutkiewicz 2021: Taf. 58.6; Conard & Bolus 2003, 2008",!v vvv!,uncertain
vhc0012,,Upper Paleolithic,Aurignacian,Vogelherd,vhc,Niederstotzingen-Stetten,Germany,48.559000,10.194000,precise,nespos.org,HL/KS,C14,26160±150,KIA 8957,35810±710,PL0001337A,2012,ivory,Mammuthus primigenius,undetermined,,12.0,7.0,3.0,fragmented,Marked ivory fragment.,Universität Tübingen,Find No.: 34/69-16.1,"Dutkiewicz 2021: Taf. 56.2; Conard & Bolus 2003, 2008",!///!,certain
vhc0011,,Upper Paleolithic,Aurignacian,Vogelherd,vhc,Niederstotzingen-Stetten,Germany,48.559000,10.194000,precise,nespos.org,HL/KS,C14,26160±150,KIA 8957,35810±710,PL0001337A,2012,ivory,Mammuthus primigenius,possible figurine,,12.0,8.0,4.0,fragmented,Reworked ivory fragment with markings.,Universität Tübingen,Find No.: 34/68-42.1,"AABW 2014; Dutkiewicz 2021: Taf. 27.1; Conard & Bolus 2003, 2008",!XX!,certain
vhc0010,,Upper Paleolithic,Aurignacian,Vogelherd,vhc,Niederstotzingen-Stetten,Germany,48.559000,10.194000,precise,nespos.org,HL/KS,C14,26160±150,KIA 8957,35810±710,PL0001337A,2012,bone,undetermined,tube/flute,,14.0,4.0,2.0,fragmented,Small elongated bone fragment with markings.,Universität Tübingen,Find No.: 33/72-97.1,"AABW 2014; Dutkiewicz 2021: Taf. 35.7; Conard & Bolus 2003, 2008",!vvvvvvvv!,very certain
vhc0009,,Upper Paleolithic,Aurignacian,Vogelherd,vhc,Niederstotzingen-Stetten,Germany,48.559000,10.194000,precise,nespos.org,HL/KS,C14,26160±150,KIA 8957,35810±710,PL0001337A,2012,ivory,Mammuthus primigenius,possible figurine,,11.0,8.0,2.0,fragmented,Small reworked ivory fragment.,Universität Tübingen,Find No.: 33/71-79.1,"Dutkiewicz 2021: Taf. 28.4; Conard & Bolus 2003, 2008",!v! _ !v!,uncertain
vhc0008,,Upper Paleolithic,Aurignacian,Vogelherd,vhc,Niederstotzingen-Stetten,Germany,48.559000,10.194000,precise,nespos.org,HL/KS,C14,26160±150,KIA 8957,35810±710,PL0001337A,2012,ivory,Mammuthus primigenius,rod/baton,,24.0,14.0,6.0,fragmented,"Decorated round rod fragment, intentionally broken at a utilitarian notch.",Universität Tübingen,Find No.: 33/70-73,"Wolf 2015, Taf. 42.4; Dutkiewicz 2021: Taf. 51.9; Conard & Bolus 2003, 2008",!& _ X,uncertain
vhc0007,,Upper Paleolithic,Aurignacian,Vogelherd,vhc,Niederstotzingen-Stetten,Germany,48.559000,10.194000,precise,nespos.org,HL/KS,C14,26160±150,KIA 8957,35810±710,PL0001337A,2012,bone,bird,tube/flute,,24.0,6.0,3.0,fragmented,Fragment of a bird bone with markings.,Universität Tübingen,Find No.: 33/70-48.1,"Dutkiewicz 2021: Taf. 35.6; Conard & Bolus 2003, 2008",!v v vv v v!,certain
vhc0006,,Upper Paleolithic,Aurignacian,Vogelherd,vhc,Niederstotzingen-Stetten,Germany,48.559000,10.194000,precise,nespos.org,HL/KS,C14,26160±150,KIA 8957,35810±710,PL0001337A,2012,ivory,Mammuthus primigenius,possible flute,,12.0,5.0,3.0,fragmented,"Ivory fragment with parallel notches, possibly a flute fragment.",Universität Tübingen,Find No.: 33/67-8.1,"AABW 2015; Dutkiewicz 2021: Taf. 32.13; Conard & Bolus 2003, 2008",!vv!,certain
vhc0005,,Upper Paleolithic,Aurignacian,Vogelherd,vhc,Niederstotzingen-Stetten,Germany,48.559000,10.194000,precise,nespos.org,HL/KS,C14,26160±150,KIA 8957,35810±710,PL0001337A,2012,ivory,Mammuthus primigenius,undetermined,,15.0,7.0,3.0,fragmented,"Elongated, all-around reworked ivory fragment with markings all around.",Universität Tübingen,Find No.: 32/70-22.1,"Dutkiewicz 2021: Taf. 56.1; Conard & Bolus 2003, 2008",⊞ _ !vvvvvv! _ !vvv!,certain
vhc0004,,Upper Paleolithic,Aurignacian,Vogelherd,vhc,Niederstotzingen-Stetten,Germany,48.559000,10.194000,precise,nespos.org,HL/KS,C14,26160±150,KIA 8957,35810±710,PL0001337A,2012,ivory,Mammuthus primigenius,figurine,undetermined,15.0,5.0,3.0,fragmented,"Reworked ivory fragment, possibly part of a figurine (leg?) with marking.",Universität Tübingen,Find No.: 31/70-21.1,"AABW 2014; Dutkiewicz 2021: Taf. 28.3; Conard & Bolus 2003, 2008",!v!,uncertain
vhc0003,,Upper Paleolithic,Aurignacian,Vogelherd,vhc,Niederstotzingen-Stetten,Germany,48.559000,10.194000,precise,nespos.org,-,C14,26160±150,KIA 8957,35810±710,PL0001337A,1952,ivory,Mammuthus primigenius,figurine zoomorph,undetermined,30.0,20.0,12.0,almost complete,"Figurine of a lion head. The head is carved along the longitudinal axis of a tusk. The surface is highly smoothed. The figurine is unmistakably recognizable as the head of a felid. All features are rendered in masterful detail. The crown gently transitions into the slightly sloping nasal area. The nose itself is separated from the snout by a depression. The upper lip subtly protrudes forward. The mouth is represented by a cleanly cut notch. The lip cleft starts below the nose and tapers towards the mouth. Above the jaw muscles are the eyes, with the breakage edge on the right side. The eyes are crafted as deep, slightly oval indentations. On the inside of the left eye, several gently curved lines depict the tearduct characteristic of felids. Additionally, two thin, parallel lines mark the nose. Directly behind the eyes, the ears emerge. They stand slightly away from the head, are rounded, and have a depression in the center. Towards the neck, the figurine becomes narrow and then breaks off with deeply incised markings at the back.",LMW Stuttgart,Find No.: 00/00-08,"Riek 1954; Mauser 1973; Dutkiewicz 2021: Taf. 21; Hahn 1986; Conard & Bolus 2003, 2008",⊞ _ (||/|/|//|||/||/||| |) _ ⊞ _ || _ ⊞ _ | | | _ |||,certain
vhc0002,,Upper Paleolithic,Aurignacian,Vogelherd,vhc,Niederstotzingen-Stetten,Germany,48.559000,10.194000,precise,nespos.org,HL/KS,C14,26160±150,KIA 8957,35810±710,PL0001337A,2006,ivory,Mammuthus primigenius,possible figurine,,,,,fragmented,"Fragment of a possible figurine. It is elongated, slightly curved, and reworked all around.",Universität Tübingen,Find No.: 00/00-06,"AABW 2006; Dutkiewicz 2021: Taf. 27.9; Conard & Bolus 2003, 2008",°°°°°! _ vvvvvvv!,very certain
vhc0001,,Upper Paleolithic,Aurignacian,Vogelherd,vhc,Niederstotzingen-Stetten,Germany,48.559000,10.194000,precise,nespos.org,HL/KS,C14,26160±150,KIA 8957,35810±710,PL0001337A,2010,ivory,Mammuthus primigenius,rod/baton,,28.0,12.0,6.0,fragmented,"Round rod fragment, irregularly broken with reworked surface.",MUT Tübingen,no find number,"AABW 2010; Dutkiewicz 2021: Taf. 51.8; Conard & Bolus 2003, 2008",XXXXX!,very certain
hss0002,,Upper Paleolithic,Aurignacian,Hohlenstein-Stadel,hss,Asselfingen,Germany,48.549555,10.172655,precise,nespos.org,Au,AMS,35185±270,ETH-38797,,,2011,tooth,Cervus elaphus,personal ornament,,29.0,16.0,12.0,complete,"This tooth pendant was found in 2011 during the excavations inside the Stadel Cave. It was located in the area identified as the spoil from the 1939 excavation, where, among other findings, missing fragments of the Lion Man were discovered. Since additional pieces of personal ornaments from this area come from Wetzels' excavation, this object is also attributed to the Aurignacian. It is a particularly large pendant made from a red deer's antler (Cervus elaphus).",LAD Esslingen,Find No.: 195/173-35,AABW 2012; Wolf et al. 2013; Kind et al. 2014; Dutkiewicz 2021: Taf. 37.11,vvvv _ ||||,very certain
hss0001,,Upper Paleolithic,Aurignacian,Hohlenstein-Stadel,hss,Asselfingen,Germany,48.549555,10.172655,precise,nespos.org,Au,AMS,35185±270,ETH-38797,,,1939/1969,ivory,Mammuthus primigenius,figurine anthropomorph,,311.0,,,almost complete,"The so-called Lion Man figurine was found in 1939, but recognized in refitted in 1969, and for a second time in 2013. The figurine was crafted from the right tusk of a mammoth. The head is oriented towards the tip of the tusk, and the pulp cavity forms the crotch of the figurine. The outer sides of the arms are made of cement, as well as the upper part of the back. Many parts of the figurine are missing or could not be matched. Additionally, the surfaces are partially heavily weathered. The figure stands upright, with the legs slightly apart. The head is clearly that of a lion, but the position of the head is comparable to that of a human due to the upright posture. The neck starts below the skull, and the face is oriented forward. The snout is broad, with two deep lines marking the nose and mouth. There is no lip cleft, which would be typical for a lion. The eyes are located laterally but facing forward. The ears, in their round shape, are typical lion ears. The neck and the back of the head are noticeably wide and almost seamlessly transition into the back and shoulders. The shoulder blades are distinctly carved. The arms, which have lion-like paws instead of hands, are slightly bent at the body but do not touch the torso. The torso is columnar and elongated, giving the proportions an overstretched appearance. Although the original surface is largely missing in the front torso area, some areas are preserved along the collarbones and in the lower abdominal region. This is evident in the large, deep-set navel and a apron-like extension carved in the front pelvic area. The legs are spread approximately shoulder-width apart. They exhibit distinctly human features such as knees, curved calves, ankles, and heels. It is notable that the feet are not horizontal, suggesting that the figure seems to be standing on tiptoes. The dots are uncertain. They appear on the head area, however, it is not possible to distinguish them from the waething effects in this part of the figurine. here, a fictional number of 20 is applied, however no certain counting is possible.",Museum Ulm,,Hahn 1970; Wehrberger 2013; Kind et al. 2014; Ebinger-Rist et al. 2014; Dutkiewicz 2021: Taf. 11a-11b,||||||| _ ≠ _ vvv _ v _ vvvvvvvv _ [!°°°°°°°°°°°°°°°°°°°°!],certain
hfc0050,,Upper Paleolithic,Aurignacian,Hohle Fels,hfc,Schelklingen,Germany,48.379117,9.754103,precise,wikipedia,IV,AMS,28750±750,OxA-4980,33090+260/-250,KIA 16036,2006,ivory,Mammuthus primigenius,undetermined,,17.0,11.0,3.0,fragmented,Fragment of a thin ivory plate with a wide hatching.,URMU Blaubeuren,Find No.: 99-2084.1,"Wolf 2015, Taf. 20.3; Dutkiewicz 2021: Taf. 52.6; Conard & Bolus 2003, 2008",!≠!,certain
hfc0049,,Upper Paleolithic,Aurignacian,Hohle Fels,hfc,Schelklingen,Germany,48.379117,9.754103,precise,wikipedia,IV,AMS,28750±750,OxA-4980,33090+260/-250,KIA 16036,2006,ivory,Mammuthus primigenius,undetermined,,26.0,8.0,3.0,fragmented,Thin decorated ivory splinter.,URMU Blaubeuren,Find No.: 99-1827.1,"Wolf 2015, Taf. 20.2; Dutkiewicz 2021: Taf. 52.5; Conard & Bolus 2003, 2008",!≠!,uncertain
hfc0048,,Upper Paleolithic,Aurignacian,Hohle Fels,hfc,Schelklingen,Germany,48.379117,9.754103,precise,wikipedia,IV,AMS,28750±750,OxA-4980,33090+260/-250,KIA 16036,2006,ivory,Mammuthus primigenius,rod/baton,,42.0,10.0,6.0,fragmented,Half of a round rod with decorations.,URMU Blaubeuren,Find No.: 99-1707,"AABW 2006; Dutkiewicz 2021: Taf. 51.4; Conard & Bolus 2003, 2008",[X//] _ X!,uncertain
hfc0047,,Upper Paleolithic,Aurignacian,Hohle Fels,hfc,Schelklingen,Germany,48.379117,9.754103,precise,wikipedia,Vb,AMS,31290±180,OxA-19860,40000±500,OxA-19781,2008,ivory,Mammuthus primigenius,possible flute,,21.0,8.0,3.0,fragmented,"This fragment of an ivory flute was found in 2008 in the lowest Aurignacian horizon, AH Vb. The flute-like features of this piece include its hollow-cylindrical shape and the broken parallel notches along the edge. Additionally, there are parallel notches on the upper side, a characteristic more typical of bone flutes, although there is nothing to rule out such markings on ivory flutes. This could be a semi-finished product, as no finger holes are present, and the shape is not entirely reworked.",Universität Tübingen,Find No.: 89-1691.1,"AABW 2008, Conard et al. 2009; Dutkiewicz 2021: Taf. 32.1; Conard 2009",| | || | / _ vvvvvvvvv,very certain
hfc0046,,Upper Paleolithic,Aurignacian,Hohle Fels,hfc,Schelklingen,Germany,48.379117,9.754103,precise,wikipedia,Va,AMS,31750±260,KIA 35464,35710+360/-340,KIA 16034,2008,ivory,Mammuthus primigenius,personal ornament,,61.0,5.0,3.0,fragmented,Medial fragment of a slightly curved ivory band.,Universität Tübingen,Find No.: 89-1654,"AABW 2008, Wolf 2015, Taf. 30.11; Dutkiewicz 2021: Taf. 38.2; Conard & Bolus 2003, 2008",!|||||||||||||||! _ !vvvvvvvvvvvvvvvvvvvvvvvvvvvvv! _ !vvvvvvvvvvvvvvvvvvvv!,very certain
hfc0045,,Upper Paleolithic,Aurignacian,Hohle Fels,hfc,Schelklingen,Germany,48.379117,9.754103,precise,wikipedia,Va,AMS,31750±260,KIA 35464,35710+360/-340,KIA 16034,2008,ivory,Mammuthus primigenius,flute,,12.0,4.0,2.0,fragmented,Tiny fragment of an ivory flute with the finger hole partially preserved.,Universität Tübingen,Find No.: 89-1648.1,"AABW 2008, Conard et al. 2009; Dutkiewicz 2021: Taf. 32.2; Conard & Bolus 2003, 2008",!vv,very certain
hfc0044,,Upper Paleolithic,Aurignacian,Hohle Fels,hfc,Schelklingen,Germany,48.379117,9.754103,precise,wikipedia,Va,AMS,31750±260,KIA 35464,35710+360/-340,KIA 16034,2008,ivory,Mammuthus primigenius,personal ornament,,40.0,6.0,3.0,fragmented,"Terminal fragment of a long, slightly curved ivory band.",URMU Blaubeuren,Find No.: 89-1637,"Wolf 2015, Taf. 30.10; Dutkiewicz 2021: Taf. 38.1; Conard & Bolus 2003, 2008",!||||||||||||||||||| _ !vvvvvvvvvvvvvv _ !vvvvvvvvvvvvvvvvvvv,very certain
hfc0043,,Upper Paleolithic,Aurignacian,Hohle Fels,hfc,Schelklingen,Germany,48.379117,9.754103,precise,wikipedia,IV,AMS,28750±750,OxA-4980,33090+260/-250,KIA 16036,1977,ivory,Mammuthus primigenius,undetermined,,29.0,12.0,5.0,fragmented,Ivory fragment with markings.,URMU Blaubeuren,Find No.: 88-1046.1,"Wolf 2015, Taf. 20.5; Dutkiewicz 2021: Taf. 52.3; Conard & Bolus 2003, 2008",≠ v _ |v||V _ >>,certain
hfc0042,,Upper Paleolithic,Aurignacian,Hohle Fels,hfc,Schelklingen,Germany,48.379117,9.754103,precise,wikipedia,IV,AMS,28750±750,OxA-4980,33090+260/-250,KIA 16036,2002,ivory,Mammuthus primigenius,rod/baton,,41.0,10.0,5.0,fragmented,Carefully crafted half-round rod with markings.,URMU Blaubeuren,Find No.: 87-275,"Dutkiewicz 2021: Taf. 51.3; Conard & Bolus 2003, 2008",X || _ | _ / _ | || |,certain
hfc0041,,Upper Paleolithic,Aurignacian,Hohle Fels,hfc,Schelklingen,Germany,48.379117,9.754103,precise,wikipedia,Vb,AMS,31290±180,OxA-19860,40000±500,OxA-19781,2006,ivory,Mammuthus primigenius,personal ornament,,23.0,7.0,6.0,almost complete,Triple-perforated bead.,URMU Blaubeuren,Find No.: 87-1709.1,"AABW 2006; Wolf 2015, Taf. 31.7; Dutkiewicz 2021: Taf. 37.1; Conard 2009",OO,very certain
hfc0040,,Upper Paleolithic,Aurignacian,Hohle Fels,hfc,Schelklingen,Germany,48.379117,9.754103,precise,wikipedia,IIIa-V,AMS,29710+210/-200,KIA 32056,40000+500,OxA-19781,2004,ivory,Mammuthus primigenius,undetermined,,23.0,7.0,3.0,fragmented,Decorated small ivory fragment,Universität Tübingen,Find No.: 87-1340.1,"Dutkiewicz 2021: Taf. 53.7; Conard & Bolus 2003, 2008; Conard 2009",!|l||,certain
hfc0039,,Upper Paleolithic,Aurignacian,Hohle Fels,hfc,Schelklingen,Germany,48.379117,9.754103,precise,wikipedia,IIIb,AMS,29780+330/-310,KIA 18878,29990+340/-330,KIA 3505,2004,ivory,Mammuthus primigenius,undetermined,,28.0,5.0,2.0,fragmented,The narrow ivory fragment displays two rows of parallel lines that interlock in a zipper-like fashion.,Universität Tübingen,Find No.: 87-1324.1,"Wolf 2015, Taf. 8.2; Dutkiewicz 2021: Taf. 53.3; Conard & Bolus 2003, 2008",!||||| _ |||||!,very certain
hfc0038,,Upper Paleolithic,Aurignacian,Hohle Fels,hfc,Schelklingen,Germany,48.379117,9.754103,precise,wikipedia,IIIa,AMS,29710+210/-200,KIA 32056,31140+250/-240,KIA 16039,2004,ochre,,undetermined,,31.0,28.0,12.0,almost complete,"The large, all-around processed lump of ochre was found in 2004 at AH IIIa. It bears markings on the flat surface, and its purpose or use is currently unknown.",Universität Tübingen,Find No.: 87-1271,"Velliky et al. 2018; Dutkiewicz 2021: Taf. 54.13; Conard & Bolus 2003, 2008",[|°°|],certain
hfc0037,,Upper Paleolithic,Aurignacian,Hohle Fels,hfc,Schelklingen,Germany,48.379117,9.754103,precise,wikipedia,Va,AMS,31750±260,KIA 35464,35710+360/-340,KIA 16034,2002,ivory,Mammuthus primigenius,awl,,93.0,7.0,7.0,complete,"This is an ivory point with a long, cylindrical shaft, no special elaboration at the base, and a short, pencil-like tip. Below the tip, there is a marking consisting of 122 short, irregularly placed notches arranged in a ring around the entire point.",Museum Universität Tübingen,Find No.: 79-2700,"AABW 2002; Wolf 2015, Taf. 18.2; Dutkiewicz 2021: Taf. 46.5-6; Conard & Bolus 2003, 2008",≠,Uncertain
hfc0036,,Upper Paleolithic,Aurignacian,Hohle Fels,hfc,Schelklingen,Germany,48.379117,9.754103,precise,wikipedia,IId,AMS,29560+240/-230,KIA 8964,30010±220,KIA 8965,1999,ivory,Mammuthus primigenius,undetermined,,19.0,16.0,3.0,fragmented,Fragment of a thin ivory plate with wide hatching.,URMU Blaubeuren,Find No.: 79-2239,"AABW 1999; Wolf 2015, Taf. 4.3; Dutkiewicz 2021: Taf. 53.6; Conard & Bolus 2003, 2008",!≠!,certain
hfc0035,,Upper Paleolithic,Aurignacian,Hohle Fels,hfc,Schelklingen,Germany,48.379117,9.754103,precise,wikipedia,IV,AMS,28750±750,OxA-4980,33090+260/-250,KIA 16036,2001/2002,ivory,Mammuthus primigenius,figurine zoomorph,Anatidae,48.0,13.0,9.0,almost complete,"The figurine of a waterfowl was discovered in 2001 at AH IV; however, at that time, the head was missing. It was found in 2002. The body is streamlined, with the wings close to the body. The bird's legs are also close to the body and short, with undeveloped feet. The tail starts above the legs, is broad, and flattens at the end. The neck is long, and the head is stretched forward. Two distinct depressions on both sides represent the eyes of the animal. The beak is short and ends in a conical tip. Notably, unlike the finely crafted head, the body is not completely reworked. It is most likely a waterfowl, but an exact species determination has not been achieved yet. It could be a wild goose or duck. A swan is also a possibility since these birds retract their necks deeply into their back feathers during a dive.",URMU Blaubeuren,Find No.: 78-2385,"AABW 2001; AABW 2002; Dutkiewicz 2021: Taf. 3; Conard & Bolus 2003, 2008",≠ _ ≠,certain
hfc0034,,Upper Paleolithic,Aurignacian,Hohle Fels,hfc,Schelklingen,Germany,48.379117,9.754103,precise,wikipedia,IIIa,AMS,29710+210/-200,KIA 32056,31140+250/-240,KIA 16039,2001,ivory,Mammuthus primigenius,undetermined,,17.0,17.0,2.0,fragmented,Fragment of a thin ivory plate with a broad hatching.,Universität Tübingen,Find No.: 78-2350.1,"Wolf 2015, Taf. 10.9; Dutkiewicz 2021: Taf. 53.5; Conard & Bolus 2003, 2008",!≠!,uncertain
hfc0033,,Upper Paleolithic,Aurignacian,Hohle Fels,hfc,Schelklingen,Germany,48.379117,9.754103,precise,wikipedia,Vb,AMS,31290±180,OxA-19860,40000±500,OxA-19781,2005,ivory,Mammuthus primigenius,undetermined,,18.0,6.0,3.0,fragmented,"Small ivory fragment with markings, heavily weathered.",Universität Tübingen,Find No.: 77-2035.1,Dutkiewicz 2021: Taf. 52.1; Conard 2009,!|XX |X X!,uncertain
hfc0032,,Upper Paleolithic,Aurignacian,Hohle Fels,hfc,Schelklingen,Germany,48.379117,9.754103,precise,wikipedia,IIIb,AMS,29780+330/-310,KIA 18878,29990+340/-330,KIA 3505,2002,ivory,Mammuthus primigenius,undetermined,,15.0,6.0,4.0,fragmented,Triangularly-shaped ivory fragment.,Universität Tübingen,Find No.: 77-1815.1,"Wolf 2015, Taf. 8.5; Dutkiewicz 2021: Taf. 53.2; Conard & Bolus 2003, 2008",!\\\\ \\\\\ _ !\ \\\ /,uncertain
hfc0031,,Upper Paleolithic,Aurignacian,Hohle Fels,hfc,Schelklingen,Germany,48.379117,9.754103,precise,wikipedia,IV,AMS,28750±750,OxA-4980,33090+260/-250,KIA 16036,2002,ivory,Mammuthus primigenius,rod/baton,,49.0,17.0,5.0,fragmented,"Fragment of a large and wide, slightly tapered round rod, which is heavily weathered.",Universität Tübingen,Find No.: 77-1785,"Dutkiewicz 2021: Taf. 51.2; Conard & Bolus 2003, 2008",|||,very certain
hfc0030,,Upper Paleolithic,Aurignacian,Hohle Fels,hfc,Schelklingen,Germany,48.379117,9.754103,precise,wikipedia,IIe,AMS,30640±190,KIA 16040,,,2003,ivory,Mammuthus primigenius,point,,13.0,3.0,3.0,fragmented,Terminal fragment of a very fine point with a circumferential spiral.,Universität Tübingen,Find No.: 76-1153.1,"AABW 2003; Wolf 2015, Taf. 4.4; Dutkiewicz 2021: Taf. 46.4; Conard & Bolus 2003, 2008",!$,certain
hfc0029,,Upper Paleolithic,Aurignacian,Hohle Fels,hfc,Schelklingen,Germany,48.379117,9.754103,precise,wikipedia,IIIb,AMS,29780+330/-310,KIA 18878,29990+340/-330,KIA 3505,2007,ivory,Mammuthus primigenius,rod/baton,,71.0,10.0,5.0,fragmented,"This long-preserved, meticulously crafted round rod is half-preserved along the longitudinal axis.",URMU Blaubeuren,Find No.: 69-2027.1,"Wolf 2015, Taf. 10.3; Dutkiewicz 2021: Taf. 51.5; Conard & Bolus 2003, 2008",W W,uncertain
hfc0028,,Upper Paleolithic,Aurignacian,Hohle Fels,hfc,Schelklingen,Germany,48.379117,9.754103,precise,wikipedia,IV,AMS,28750±750,OxA-4980,33090+260/-250,KIA 16036,2001,bone,undetermined,awl,,35.0,8.0,3.0,fragmented,"Base of a bone awl. Upper part object 58-2062.1, see hfc0025",Museum Universität Tübingen,Find No.: 68-2803.1,"Dutkiewicz 2021: Taf. 46.1; Conard & Bolus 2003, 2008",,
hfc0027,,Upper Paleolithic,Aurignacian,Hohle Fels,hfc,Schelklingen,Germany,48.379117,9.754103,precise,wikipedia,IId,AMS,29560+240/-230,KIA 8964,30010±220,KIA 8965,1999,ivory,Mammuthus primigenius,figurine zoomorph,undetermined,36.0,16.0,10.0,fragmented,"The heavily fragmented ""head of a horse"" was discovered in 1999 at the transition between AH II and IIe, representing a transitional or mixed horizon between the Aurignacian and Gravettian periods. The figurine is fragmentary, with the snout and a significant portion of the left side of the head and neck being preserved. On the right side, a smooth ivory fracture surface is largely visible. The nose is distinctly carved and separated from the cheek by a horizontal line. Below, the mouth begins, shaped by a long, deep, and wide line. The chin is set off from the cheeks. The snout is overall narrow, while the cheeks are strongly curved. Fine decorations characterize the preserved original surfaces. The entire piece exhibits a polish, suggesting prolonged handling over an extended period. This head was initially identified as the head of a horse; however, in 2022 the body of the figurine was found and it clearly depicts a bear.",Museum Universität Tübingen,Find No.: 68-2286,"AABW 2022; Conard & Floss 2000; Dutkiewicz 2021: Taf. 5; Conard & Bolus 2003, 2008",,
hfc0026,,Upper Paleolithic,Aurignacian,Hohle Fels,hfc,Schelklingen,Germany,48.379117,9.754103,precise,wikipedia,IId,AMS,29560+240/-230,KIA 8964,30010±220,KIA 8965,20047,ivory,Mammuthus primigenius,figurine zoomorph,Ursus,21.0,16.0,8.0,fragmented,"The heavily fragmented ""head of a horse"" was discovered in 1999 at the transition between AH II and IIe, representing a transitional or mixed horizon between the Aurignacian and Gravettian periods. The figurine is fragmentary, with the snout and a significant portion of the left side of the head and neck being preserved. On the right side, a smooth ivory fracture surface is largely visible. The nose is distinctly carved and separated from the cheek by a horizontal line. Below, the mouth begins, shaped by a long, deep, and wide line. The chin is set off from the cheeks. The snout is overall narrow, while the cheeks are strongly curved. Fine decorations characterize the preserved original surfaces. The entire piece exhibits a polish, suggesting prolonged handling over an extended period. This head was initially identified as the head of a horse; however, in 2022 the body of the figurine was found and it clearly depicts a bear. This fragment of a figurative animal representation was discovered in 2004 in AH IId, which corresponds to a transitional or mixed layer between the Aurignacian and Gravettian periods. It was recently identified as part of the Hohle Fels Bear figurine. The piece is broken along the natural stratification of the ivory. The preserved surface indicates careful carving, and the polished surface suggests extended use. Parts of the back and abdomen are preserved, as well as the attachment point of a leg. It might represent the left shoulder and the beginning of the left leg.",URMU Blaubeuren,Find No.: 65-1178.1,"AABW 2022; AABW 2004; Wolf 2015, Taf. 4.5; Dutkiewicz 2021: Taf. 6; Conard & Bolus 2003, 2008",!|||! _ !≠! _ | _ |||||||! _ ||||||! _ ||||||||||! _ vv! _ ///!,certain
hfc0025,,Upper Paleolithic,Aurignacian,Hohle Fels,hfc,Schelklingen,Germany,48.379117,9.754103,precise,wikipedia,IV,AMS,28750±750,OxA-4980,33090+260/-250,KIA 16036,2001,bone,undetermined,awl,,30.0,5.0,2.0,fragmented,Fragment of a bone awl with markings. Pointed part. Base see hfc0028,Universität Tübingen,Find No.: 58-2062.1,"AABW 2010; Dutkiewicz 2021: Taf. 46.1; Conard & Bolus 2003, 2008",!v v v vv! _ v v v _ (//|) _ !v v vv vv vv vv _ ≠! _ vvv _ !vvvvvvv,certain
hfc0024,,Upper Paleolithic,Aurignacian,Hohle Fels,hfc,Schelklingen,Germany,48.379117,9.754103,precise,wikipedia,IV,AMS,28750±750,OxA-4980,33090+260/-250,KIA 16036,2002,ivory,Mammuthus primigenius,figurine anthropomorph,,26.0,7.0,5.0,fragmented,"The so-called ""Little Lion Man"" was discovered in 2002 in AH IV. The representation bears a strong resemblance to the Lion Man from Hohlenstein-Stadel but is only 2.55 cm tall. Only the left side is preserved. The figurine features a relatively large head with a forward-projecting face. A roundish ear is discernible, as seen in other feline figures. The eye, snout, and mouth are present, albeit challenging to discern. Below the short and thick neck, the broad, the left angular shoulder attaches. The arm is short and triangular in shape, separated from the body and hanging vertically from the shoulder. The back seamlessly transitions into the narrow waist. The buttocks are not further defined. The legs, only partially preserved, start below the buttocks and are distinctly separated. The missing right arm may have been found, but it cannot be directly attached, nor is it well-preserved enough to be confidently identified as belonging to this figurine.",URMU Blaubeuren,Find No.: 57-3361.1,"AABW 2002; Wolf 2015; Dutkiewicz 2021: Taf. 4; Conard & Bolus 2003, 2008",v _ v,certain
hfc0023,,Upper Paleolithic,Aurignacian,Hohle Fels,hfc,Schelklingen,Germany,48.379117,9.754103,precise,wikipedia,IId,AMS,29560+240/-230,KIA 8964,30010±220,KIA 8965,2003,bone,undetermined,undetermined,,29.0,12.0,4.0,fragmented,"Thick, nearly cylindrical bone fragment with a broad hatching.",Universität Tübingen,Find No.: 56-3762.1,"AABW 2003; Dutkiewicz 2021: Taf. 54.12; Conard & Bolus 2003, 2008",!≠!,certain
hfc0022,,Upper Paleolithic,Aurignacian,Hohle Fels,hfc,Schelklingen,Germany,48.379117,9.754103,precise,wikipedia,IIIb,AMS,29780+330/-310,KIA 18878,29990+340/-330,KIA 3505,2013,ivory,Mammuthus primigenius,undetermined,,22.0,10.0,4.0,fragmented,"Several fragments of ivory, decorated with hatchings.",Universität Tübingen,Find No.: 54-492.1,"Dutkiewicz 2021: Taf. 53.1; Conard & Bolus 2003, 2008",!≠!,uncertain
hfc0021,,Upper Paleolithic,Aurignacian,Hohle Fels,hfc,Schelklingen,Germany,48.379117,9.754103,precise,wikipedia,Vaa,AMS,31750±260,KIA 35464,35710+360/-340,KIA 16034,2016,ivory,Mammuthus primigenius,personal ornament,,27.0,7.0,5.0,almost complete,Triple-perforated bead,Universität Tübingen,Find No.: 32-1825,"AABW 2016: Dutkiewicz 2021: Taf. 37.5; Conard & Bolus 2003, 2008",OO,very certain
hfc0020,,Upper Paleolithic,Aurignacian,Hohle Fels,hfc,Schelklingen,Germany,48.379117,9.754103,precise,wikipedia,IIIa,AMS,29710+210/-200,KIA 32056,31140+250/-240,KIA 16039,2015,ivory,Mammuthus primigenius,undetermined,,12.0,7.0,2.0,fragmented,Small fragment of a thin ivory plate with remnants of a hatching.,Universität Tübingen,Find No.: 31-837.1,"Dutkiewicz 2021: Taf. 53.4; Conard & Bolus 2003, 2008",!XX!,uncertain
hfc0019,,Upper Paleolithic,Aurignacian,Hohle Fels,hfc,Schelklingen,Germany,48.379117,9.754103,precise,wikipedia,Vaa,AMS,31750±260,KIA 35464,35710+360/-340,KIA 16034,2016,ivory,Mammuthus primigenius,personal ornament,,9.0,4.0,3.0,fragmented,Fragment of a triple-perforated bead,Universität Tübingen,Find No.: 31-2419.2,"AABW 2016; Dutkiewicz 2021: Taf. 37.4; Conard & Bolus 2003, 2008",!O,very certain
hfc0018,,Upper Paleolithic,Aurignacian,Hohle Fels,hfc,Schelklingen,Germany,48.379117,9.754103,precise,wikipedia,Vaa,AMS,31750±260,KIA 35464,35710+360/-340,KIA 16034,2016,ivory,Mammuthus primigenius,figurine anthropomorph,,33.0,12.0,7.0,fragmented,"This heavily weathered ivory fragment was discovered in 2016 in AH Vaa. The original surface has been consistently reworked. Across the entire preserved length of the piece, there is a ridge-like elevation reminiscent of the depiction of an arm, similar to the ""Venus 1."" Therefore, this object is identified as the fragment of a potential female figurine.",Universität Tübingen,Find No.: 31-2110,"AABW 2016; Dutkiewicz 2021: Taf. 2.6-9; Conard & Bolus 2003, 2008",|||||||||||| _ ||||| _ !|||||||,certain
hfc0017,,Upper Paleolithic,Aurignacian,Hohle Fels,hfc,Schelklingen,Germany,48.379117,9.754103,precise,wikipedia,Va,AMS,31750±260,KIA 35464,35710+360/-340,KIA 16034,2015,antler,Rangifer tarandus,spatula/lissoir,,98.0,27.0,13.0,fragmented,"This unusual object is a shaft part of a larger reindeer antler (Rangifer tarandus), which is diagonally halved along the longitudinal axis, resulting in a rounded, flat end. The smooth surface clearly shows compact and spongy bone structures. A hatching is applied in a surface-filling manner on this area. This pattern consists of a total of 73 lines, some of which extend across the entire width of the object, while others reach only to the spongy center.",Universität Tübingen,Find No.: 31-1693,"AABW 2015; Dutkiewicz 2021: Taf. 41.2; Conard & Bolus 2003, 2008",≠!,certain
hfc0016,,Upper Paleolithic,Aurignacian,Hohle Fels,hfc,Schelklingen,Germany,48.379117,9.754103,precise,wikipedia,IId,AMS,29560+240/-230,KIA 8964,30010±220,KIA 8965,2007,ivory,Mammuthus primigenius,undetermined,,123.0,68.0,6.0,fragmented,"This is a large fragment of a cement splinter of a tusk. Laterally, two pattern units are discernible, but cannot be precisely identified. They consist of grouped, long, slightly overlapping lines. These are arranged in a way that two bundles converge and intersect. It cannot be determined whether this pattern is part of a larger composition.",Universität Tübingen,Find No.: 30-745,"Wolf 2015, Taf. 2.2; Dutkiewicz 2021: Taf. 53.8-11; Conard & Bolus 2003, 2008",[≠ ≠ ||||],uncertain
hfc0015,,Upper Paleolithic,Aurignacian,Hohle Fels,hfc,Schelklingen,Germany,48.379117,9.754103,precise,wikipedia,Vb,AMS,31290±180,OxA-19860,40000±500,OxA-19781,2008,ivory,Mammuthus primigenius,figurine anthropomorph,,60.0,34.0,31.0,almost complete,"The female representation from Hohle Fels (""Venus 1"") was discovered in 2008 at the base of the lowest Aurignacian layer (AH Vb). The figurine is depicted asymmetrically, with the right shoulder pulled upward. There is no head; instead, the upper chest and shoulder area are horizontally flat. Positioned off-center, above the left shoulder, is a meticulously crafted loop. This loop exhibits a clearly recognizable polish, indicating intentional use. Below the broad shoulders, the large breasts prominently project forward. The relatively short arms lie close to the body, and the carefully crafted hands rest below the breasts on the upper abdomen. The hands have distinct fingers, five on the left and four on the right hand. The abdomen is slightly curved with a noticeable navel. The back is kept rather flat, with the right shoulder pulled upward. Below the abdomen, an oversized vulva is depicted. It is sculpted as a large, flat triangle, with clearly defined open labia. The buttocks are separated from the back by horizontal lines. The cleft that separates the labia runs backward over the perineum, forming the buttock crease. The hip is short and stout, wider than the shoulders, and the waist is slightly narrower than the shoulders and hips. The legs are reduced. The thighs are narrow and widely spaced. Below the knees, the legs taper, and the majority of the lower legs and feet are missing. Instead, the front and back converge, forming rounded, flat ends, also exhibiting noticeable polish.",URMU Blaubeuren,Find No.: 30-1197,"AABW 2008; Conard 2009; Dutkiewicz 2021: Taf. 1a-1b; Conard & Bolus 2003, 2008",|||||||||| _ ¤¤¤¤¤¤¤¤¤¤¤¤¤ _ Y/\\\\VV\\[°°°° °°] _ [|||| _ ||||||] _ vvvvvvvv! _ C _ |||| _ /// _ [CCCC] _ ||| _ ||| _ v,very certain
hfc0014,,Upper Paleolithic,Aurignacian,Hohle Fels,hfc,Schelklingen,Germany,48.379117,9.754103,precise,wikipedia,IV,AMS,28750±750,OxA-4980,33090+260/-250,KIA 16036,2007,ivory,Mammuthus primigenius,undetermined,,31.0,14.0,3.0,fragmented,"The small, thin ivory plaque bears a tight hatching consisting of 94 lines. It is quite possible that this fragment belongs to piece 29-1594, but it cannot be matched.",URMU Blaubeuren,Find No.:  29-1600.1,"AABW 2007; Wolf 2015, Taf. 19.2; Dutkiewicz 2021: Taf. 52.4; Conard & Bolus 2003, 2008",!≠!,certain
hfc0013,,Upper Paleolithic,Aurignacian,Hohle Fels,hfc,Schelklingen,Germany,48.379117,9.754103,precise,wikipedia,IV,AMS,28750±750,OxA-4980,33090+260/-250,KIA 16036,2006,ivory,Mammuthus primigenius,undetermined,,102.0,41.0,14.0,fragmented,"This is a large, elongated ivory fragment. It is a cement fragment with remnants of dentin and is broken on three sides. There are three pattern units on it, arranged in three bands across the outer surface of the tusk, formed by a total of around 215 lines.",URMU Blaubeuren,Find No.: 29-1594,"AABW 2006; Wolf 2015, Taf. 19.1; Dutkiewicz 2021: Taf. 52.7-8; Conard & Bolus 2003, 2008",!≠ ≠ ≠!,very certain
hfc0012,,Upper Paleolithic,Aurignacian,Hohle Fels,hfc,Schelklingen,Germany,48.379117,9.754103,precise,wikipedia,Vab,AMS,31750±260,KIA 35464,40000±500,OxA-19781,2014,ivory,Mammuthus primigenius,personal ornament,,23.0,5.0,4.0,complete,Triple-perforated bead.,Universität Tübingen,Find No.: 28-2279,"AABW 2014; Dutkiewicz 2021: Taf. 37.3; Conard 2009; Conard & Bolus 2003, 2008",OO,very certain
hfc0011,,Upper Paleolithic,Aurignacian,Hohle Fels,hfc,Schelklingen,Germany,48.379117,9.754103,precise,wikipedia,Vab,AMS,31750±260,KIA 35464,40000±500,OxA-19781,2014,ivory,Mammuthus primigenius,personal ornament,,50.0,16.0,14.0,complete,Blank for a large bead with markings. The object is cylindrical in shape and has two bulges on one side.,Universität Tübingen,Find No.: 28-2091,"AABW 2014; Dutkiewicz 2021: Taf. 37.12-14; Conard & Bolus 2008; Conard 2009; Conard & Bolus 2003, 2008",|| |||,certain
hfc0010,,Upper Paleolithic,Aurignacian,Hohle Fels,hfc,Schelklingen,Germany,48.379117,9.754103,precise,wikipedia,Vab,AMS,31750±260,KIA 35464,40000±500,OxA-19781,2014,ivory,Mammuthus primigenius,personal ornament,,27.0,6.0,5.0,complete,Triple-perforated bead.,Universität Tübingen,Find No.: 28-2061.1,"AABW 2014; Dutkiewicz 2021: Taf. 37.2; Conard & Bolus 2008; Conard 2009; Conard & Bolus 2003, 2008",OO,very certain
hfc0009,,Upper Paleolithic,Aurignacian,Hohle Fels,hfc,Schelklingen,Germany,48.379117,9.754103,precise,wikipedia,Vaa,AMS,31750±260,KIA 35464,35710+360/-340,KIA 16034 Va,2014,bone,Capra ibex,undetermined,,87.0,21.0,7.0,almost complete,This is a split metatarsal bone of an ibex (Capra ibex) with markings.,Universität Tübingen,Find No.: 28-1796,"AABW 2014; Dutkiewicz 2021: Taf. 54.1-4; Conard & Bolus 2008; Conard & Bolus 2003, 2008",l llXl ll| |  XX| |  ≠≠≠ ≠≠ llll _ | | | | | | | | | | l _ (–ll) ll ll ll ll,certain
hfc0008,,Upper Paleolithic,Aurignacian,Hohle Fels,hfc,Schelklingen,Germany,48.379117,9.754103,precise,wikipedia,IV,AMS,28750±750,OxA-4980,33090+260/-250,KIA 16036,2009,bone,undetermined,spatula/lissoir,,49.0,7.0,6.0,fragmented,"Medial, lateral fragment of a smoother from the rib of a large herbivore (Mammoth?)",Universität Tübingen,Find No.: 27-546.1,"AABW 2009; Dutkiewicz 2021: Taf. 41.3; Conard & Bolus 2008; Conard & Bolus 2003, 2008",!vvvvvvvvvvvv!,very certain
hfc0007,,Upper Paleolithic,Aurignacian,Hohle Fels,hfc,Schelklingen,Germany,48.379117,9.754103,precise,wikipedia,Vab,AMS,31750±260,KIA-35464,40000±500,OxA 19781,2014,bone,undetermined,tube/flute,,23.0,6.0,3.0,fragmented,Small fragment of a thin tubular bone.,Universität Tübingen,Find No.: 27-2318,"AABW 2014; Dutkiewicz 2021: Taf. 35.2; Conard & Bolus 2008; Conard 2009; Conard & Bolus 2003, 2008",!vvvvv!,very certain
hfc0006,,Upper Paleolithic,Aurignacian,Hohle Fels,hfc,Schelklingen,Germany,48.379117,9.754103,precise,wikipedia,IIda,AMS,29560+240/-230,KIA 8964,30010±220,KIA 8965,2010,bone,,undetermined,Capra ibex,128.0,27.0,10.0,almost complete,Split metatarsal bone of an ibex (Capra ibex) with traces of red ochre and markings.,Universität Tübingen,Find No.: 26-459,"AABW 2010; Dutkiewicz 2021: Taf. 54.5-8; Conard et al. 2003: 331-371; Conard & Bolus 2003, 2008",||| X V\\ / \\/ \\ ≠ _ °°°°°°°,certain
hfc0005,,Upper Paleolithic,Aurignacian,Hohle Fels,hfc,Schelklingen,Germany,48.379117,9.754103,precise,wikipedia,Vab,AMS,31750±260,KIA 35464,35710+360/-340,KIA 16034,2014,ivory,Mammuthus primigenius,figurine anthropomorph,,25.0,21.0,12.0,fragmented,"This object consists of two parts. One of the pieces comes from AH Va, while the second originates from a profile collapse from AH Vab to VII. Since no symbolic artifacts come from Middle Paleolithic layers, and the matching piece clearly belongs to the Aurignacian, an association with AH Vab is presumed. The piece is only partially preserved and heavily weathered. It exhibits a spherical bulge reminiscent of the chest form of the female figurine 1 from AH Vb. The entire object bears numerous markings on the preserved surfaces.",Universität Tübingen,Find No.: 25-1354.1,"AABW 2014; Dutkiewicz 2021: Taf. 2.1-5; Conard & Bolus 2003, 2008",vvvvv _ >> _ ||||CC _ !¤¤¤¤¤¤¤¤¤¤¤¤ _ !||||,uncertain
hfc0004,,Upper Paleolithic,Aurignacian,Hohle Fels,hfc,Schelklingen,Germany,48.379117,9.754103,precise,wikipedia,Va,AMS,31750±260,KIA 35464,35710+360/-340,KIA 16034,2007,ivory,Mammuthus primigenius,rod/baton,,89.0,15.0,7.0,fragmented,This ornate round rod has been assembled from three fragments. It is preserved along half of its longitudinal axis. A portion of the surface has broken off in the middle.,Universität Tübingen,Find No.: 24-1634,"Wolf 2015, Taf. 28.6-7; Dutkiewicz 2021: Taf. 51.1; Conard et al. 2009: 249-250; Conard 2003: 832; Conard & Bolus 2003, 2008",X(X\)!XX(XX)! _ || _ v _ v,uncertain
hfc0003,,Upper Paleolithic,Aurignacian,Hohle Fels,hfc,Schelklingen,Germany,48.379117,9.754103,precise,wikipedia,Va,AMS,31750±260,KIA 35464,35710+360/-340,KIA 16034,2014,ivory,Mammuthus primigenius,possible figurine,,9.0,6.0,3.0,fragmented,"A small, spherical-shaped ivory fragment. The rounded part is slightly constricted on one side. The object appears to have broken off, making it difficult to interpret the specific nature of the fragment. However, given the refinement and distinct shaping of the rounded surface, it is possible that this fragment represents a part of a figurative depiction.",Universität Tübingen,Find No.: 24-1610.4,"AABW 2014; Dutkiewicz 2021: Taf. 28.2; Conard et al. 2009: 249-250; Conard 2003: 832; Conard & Bolus 2003, 2008",[°°°°°°°°°°] _ | _ |,uncertain
hfc0002,,Upper Paleolithic,Aurignacian,Hohle Fels,hfc,Schelklingen,Germany,48.379117,9.754103,precise,wikipedia,IV,AMS,28750±750,OxA-4980,33090+260/-250,KIA 16036,2007,ivory,Mammuthus primigenius,undetermined,,30.0,6.0,4.0,fragmented,Decorated ivory fragment,Universität Tübingen,Find No.: 24-1392.1,"Wolf 2015; Taf. 20.6; Dutkiewicz 2021: Taf. 52.2; Conard 2003: 832; Conard & Bolus 2003, 2008",!≠!,certain
hfc0001,,Upper Paleolithic,Aurignacian,Hohle Fels,hfc,Schelklingen,Germany,48.379117,9.754103,precise,wikipedia,IIIb,AMS,29780+330/-310,KIA 18878,29990+340/-330,KIA 3505,2002,ivory,Mammuthus primigenius,personal ornament,,61.0,7.0,3.0,fragmented,"This terminal fragment of a curved ivory band is preserved in two pieces. They cannot be refitted. Nevertheless, the dimensions, surface texture, and decorative elements strongly suggest that these two fragments are originally part of the same piece.",URMU Blaubeuren,Find No.: 24-1231.2,"Wolf 2015, Taf. 7.1; Dutkiewicz 2021: Taf. 38.3; Conard 2003: 832; Conard & Bolus 2003, 2008",v vvv vv _ vvv! v,certain
gkl0030,,Upper Paleolithic,Aurignacian,Geissenklösterle,gkl,Blaubeuren-Weiler,Germany,48.398333,9.772222,precise,wikipedia,III,C14,30100±550,OxA-6256,36560+410/-390,KIA 16032,1983,bone,undetermined,undetermined,,6.0,3.0,1.0,fragmented,Tiny bone fragment with markings.,Universität Tübingen,Find No.: 75-413,"Dutkiewicz 2021: Taf. 55.4; Conard & Bolus 2003, 2008",!||!,certain
gkl0029,,Upper Paleolithic,Aurignacian,Geissenklösterle,gkl,Blaubeuren-Weiler,Germany,48.398333,9.772222,precise,wikipedia,II,C14,30625±796,H 4147-3346,33700±825,H 4751-4404,1983,ivory,Mammuthus primigenius,possible flute,,26.0,10.0,5.0,fragmented,Ivory tube with parallel notches on the lateral side. Basally with notched remnants of segmentation.,Universität Tübingen,Find No.: 75-374,"Dutkiewicz 2021: Taf. 32.7; Hahn 1982; Conard & Bolus 2003, 2008",!vvvvvvvvvvv,certain
gkl0028,,Upper Paleolithic,Aurignacian,Geissenklösterle,gkl,Blaubeuren-Weiler,Germany,48.398333,9.772222,precise,wikipedia,II,C14,30625±796,H 4147-3346,33700±825,H 4751-4404,1979,antler,Rangifer tarandus,antler object,,42.0,25.0,18.0,complete,"A so-called antler object. These objects are reworked antler burrs (Leroy-Prost 2002). This artifact group, in addition to the well-known piece from the Vogelherd, featuring a relief of a mammoth, is also documented with two other objects. However, these do not bear figurative representations but are adorned with abstract motifs. The function of these objects is not clear. They are often referred to as retouchers (Hahn 1986, 1988a), smoothers (Didon 1911), or pendants (Hahn 1986; Knecht and White 1992; see summarily Leroy-Prost 2002).",URMU Blaubeuren,Find No.: 68-378,"AA 1979; Hahn 1988, Taf. 45.11; Dutkiewicz 2021: Taf. 39; Hahn 1982; Conard & Bolus 2003, 2008",|||| _ –XXXX _ ¤¤¤¤¤¤¤¤¤ _ vvvvv vv vvvvvv _ ////////////,very certain
gkl0027,,Upper Paleolithic,Aurignacian,Geissenklösterle,gkl,Blaubeuren-Weiler,Germany,48.398333,9.772222,precise,wikipedia,II,C14,30625±796,H 4147-3346,33700±825,H 4751-4404,1983,ivory,Mammuthus primigenius,perforated baton,,147.0,27.0,8.0,fragmented,"Strongly fragmented perforated rod made from ivory. It is an elongated, slightly asymmetrical, thin object with gently convex edges and narrow proximal ends. The surface is mostly not preserved. Medially, there are four double-conical holes exhibiting a thread-like modification of the edges typical for Aurignacian perforated rods. These markings are classified as utilitarian in this context, as they are believed to be associated with the use of this tool in rope making.",LMW Stuttgart,Find No.: 67-1016,"AABW 1983; Hahn 1988: 216-17, Taf. 45.19; Dutkiewicz 2021: Taf. 47; Hahn 1986; Conard & Malina 2016; Conard & Rots 2016; Hahn 1982; Conard & Bolus 2003, 2008",!vvvvvvvvvvvv!,uncertain
gkl0026,,Upper Paleolithic,Aurignacian,Geissenklösterle,gkl,Blaubeuren-Weiler,Germany,48.398333,9.772222,precise,wikipedia,II,C14,30625±796,H 4147-3346,33700±825,H 4751-4404,1983,ivory,Mammuthus primigenius,figurine zoomorph,Ovibos moschatus,25.0,14.0,6.0,fragmented,"Small figurine of a musk ox (Ovibos moschatus). The figurine is broken approximately along the natural growth line of the ivory, only the right side of the body is preserved. With a length of around 2.5 cm, it is one of the smallest figures from the Swabian Aurignacian. Due to its size, anatomical details are only weakly elaborated. While initially identified as a bison, it is more likely to represent a musk ox. The lowered head position closely to the body and the massive, box-like appearance of the body support this interpretation. The high withers are above the head, and the back line slopes slightly towards the torso. Only the leg beginnings are preserved. Despite its small size, the head is carefully crafted. The horns, eye area, and nostrils are finely detailed. The typical chin beard starts below the mouth. The shoulders are massive, while the rest of the body appears comparatively small and fragile. Although few details are visible, the representation of anatomical details is surprisingly lifelike.",LMW Stuttgart,Find No.: 65-431,"AABW 1983; Hahn 1986: 115-116; Dutkiewicz 2021: Taf. 7; Hahn 1982; Conard & Bolus 2003, 2008",| ||||| | _ | | | || || | | | | |,very certain
gkl0025,,Upper Paleolithic,Aurignacian,Geissenklösterle,gkl,Blaubeuren-Weiler,Germany,48.398333,9.772222,precise,wikipedia,II,C14,30625±796,H 4147-3346,33700±825,H 4751-4404,1979,ivory,Mammuthus primigenius,plaque,,38.0,14.0,5.0,almost complete,"Figurative depiction of a thin ivory plaque, the so-called Adorant. The object consists of a slightly asymmetrical rectangular plate with short notches along its edges. The plate has a slight curvature in the short axis, corresponding to the growth form of ivory, suggesting that the raw material likely came from a dentin cone in the peripheral area of the tusk. The back is smoothed with four rows of cup-like depressions. On the front side, a human figure is depicted in bas-relief. Despite significant surface loss, the outlines of the figure are discernible. The figure fills the rectangular shape symmetrically, with slightly bent arms stretched upwards, slightly bent legs, and outward-pointing feet. An elongated extension between the feet hangs down from the body. The feet do not reach the lower edge of the plate, but the head slightly protrudes, giving it a more three-dimensional effect. The crown and even the back of the head are sculpted. The proportions of the upper body are accurate, but the torso appears elongated, with the legs depicted shorter in comparison. Due to the mostly lost surface, little can be said about the details of the body. The hands are not clearly defined, and the feet appear thick and chunky, not anatomically accurate.",LMW Stuttgart,Find No.: 58-264,"AA 1979; Hahn 1988: 117-120; Hahn 1977; Hahn 1986; Dutkiewicz 2021: Taf. 8a-8b; Hahn 1982; Conard & Bolus 2003, 2008",vvvvvvvvvvvvv _ vvvvvvvvvvvvv _ vvvvvvv _ vvvvvv _ >>>>\\\  _ >>>! _  ^^^^ _ °°°°°°°°°°°°° _ °°°°°°°°°° _ °°°°°°°°°°°° _ °°°°°°°°°°°°°,very certain
gkl0024,,Upper Paleolithic,Aurignacian,Geissenklösterle,gkl,Blaubeuren-Weiler,Germany,48.398333,9.772222,precise,wikipedia,II,C14,30625±796,H 4147-3346,33700±825,H 4751-4404,1974,ivory,Mammuthus primigenius,possible flute,,5.0,3.0,2.0,fragmented,"Tiny ivory fragment, possibly from an ivory flute.",Universität Tübingen,Find No.: 58-227,"Dutkiewicz 2021: Taf. 32.10; Hahn 1982; Conard & Bolus 2003, 2008",!vvvv!,very certain
gkl0023,,Upper Paleolithic,Aurignacian,Geissenklösterle,gkl,Blaubeuren-Weiler,Germany,48.398333,9.772222,precise,wikipedia,III,C14,30100±550,OxA-6256,36560+410/-390,KIA 16032,1989,ivory,Mammuthus primigenius,possible flute,,47.0,3.0,2.0,fragmented,"Long ivory fragment with a row of notches, typical of ivory flutes.",Universität Tübingen,Find No.: 56-975,"Dutkiewicz 2021: Taf. 32.9; Conard & Bolus 2003, 2008",!vvvvvvvvvvvvvvvvvvv!,very certain
gkl0022,,Upper Paleolithic,Aurignacian,Geissenklösterle,gkl,Blaubeuren-Weiler,Germany,48.398333,9.772222,precise,wikipedia,III,C14,30100±550,OxA-6256,36560+410/-390,KIA 16032,1987,ivory,Mammuthus primigenius,rod/baton,,11.0,3.0,4.0,fragmented,Thin round rod made of ivory with encircling notches.,Universität Tübingen,Find No.: 56-802,"Dutkiewicz 2021: Taf. 51.6; Conard & Bolus 2003, 2008",!OOOOO!,very certain
gkl0021,,Upper Paleolithic,Aurignacian,Geissenklösterle,gkl,Blaubeuren-Weiler,Germany,48.398333,9.772222,precise,wikipedia,II,C14,30625±796,H 4147-3346,33700±825,H 4751-4404,1974 2004,ivory,Mammuthus primigenius,flute,,187.0,12.0,11.0,almost complete,"This is the first ivory flute that has been discovered. This flute, discovered in 1974 and later recognized in 2004, provided key insights into ivory flute characteristics. Its assembly led to the identification of additional fragments. The manufacturing process, described by Conard, Malina, et al. (2004) and experimentally replicated by Malina and Ehmann (2009), involved creating a long, cylindrical ivory rod with a central transition layer. The rod was split, hollowed, and hermetically sealed with the aid of pre-made notches. The flute, following the ivory's natural curvature, has four preserved finger holes. One end is neatly separated with a ring notch, and interestingly, there's the beginning of a hole, though its purpose remains unclear.",URMU Blaubeuren,Find No.: 48-without No.,"Hahn 1988: Taf. 45.12; Conard et al. 2004; Conard & Malina 2008; Dutkiewicz 2021: Taf. 31; Hahn 1982; Conard & Bolus 2003, 2008",vvvvvvvvvvvvvvvvvvvvvvvvvvvvvvvvvvvvvvvvvvvv! _ vvvvvvvvvvvvvvvvvvvvvvvvvvvvvvvvvvvvvvvvvvvvvvvvvvvvvvvvvvvvvvvvvvvv!,very certain
gkl0020,,Upper Paleolithic,Aurignacian,Geissenklösterle,gkl,Blaubeuren-Weiler,Germany,48.398333,9.772222,precise,wikipedia,II,C14,30625±796,H 4147-3346,33700±825,H 4751-4404,1974,ivory,Mammuthus primigenius,possible flute,,17.0,2.0,2.0,fragmented,Elongated ivory fragment with a row of notches.,Universität Tübingen,Find No.: 48-125,"Dutkiewicz 2021: Taf. 32.12; Hahn 1982; Conard & Bolus 2003, 2008",!vvvvv!,very certain
gkl0019,,Upper Paleolithic,Aurignacian,Geissenklösterle,gkl,Blaubeuren-Weiler,Germany,48.398333,9.772222,precise,wikipedia,II,C14,30625±796,H 4147-3346,33700±825,H 4751-4404,1974,ivory,Mammuthus primigenius,possible flute,,24.0,6.0,2.0,fragmented,Narrow fragment of a hollow cylindrical ivory piece with the typical lateral notches found in ivory flutes.,Universität Tübingen,Find No.: 47- without No.,"Dutkiewicz 2021: Taf. 32.6; Hahn 1982; Conard & Bolus 2003, 2008",!vvvvvvvv,very certain
gkl0018,,Upper Paleolithic,Aurignacian,Geissenklösterle,gkl,Blaubeuren-Weiler,Germany,48.398333,9.772222,precise,wikipedia,II,C14,30625±796,H 4147-3346,33700±825,H 4751-4404,1973,bone,undetermined,tube/flute,,30.0,8.0,4.0,fragmented,Fragment of a tubular bone.,URMU Blaubeuren,Find No.: 47-9000.2,"Hahn & Münzel 1995; Dutkiewicz 2021: Taf. 35.5; Hahn 1982; Conard & Bolus 2003, 2008",!v v v vv vv! _ !vv v v!,certain
gkl0017,,Upper Paleolithic,Aurignacian,Geissenklösterle,gkl,Blaubeuren-Weiler,Germany,48.398333,9.772222,precise,wikipedia,II,C14,30625±796,H 4147-3346,33700±825,H 4751-4404,1973,bone,undetermined,tube/flute,,35.0,6.0,2.0,fragmented,second part of this objects wrong refitting (see 47-9000.1.2.),URMU Blaubeuren,Find No.: 47-9000.1.3,"Hahn & Münzel 1995; Dutkiewicz 2021: Taf. 34.6; Hahn 1982; Conard & Bolus 2003, 2008",!v vv vv,certain
gkl0016,,Upper Paleolithic,Aurignacian,Geissenklösterle,gkl,Blaubeuren-Weiler,Germany,48.398333,9.772222,precise,wikipedia,II,C14,30625±796,H 4147-3346,33700±825,H 4751-4404,1973,bone,undetermined,flute,,35.0,6.0,1.0,fragmented,Fragment of a bone flute made from a thin-walled tubular bone of a bird,URMU Blaubeuren,Find No.: 47-9000.1.2,"Hahn & Münzel 1995; Dutkiewicz 2021: Taf. 34.6; Hahn 1982; Conard & Bolus 2003, 2008",v,certain
gkl0015,,Upper Paleolithic,Aurignacian,Geissenklösterle,gkl,Blaubeuren-Weiler,Germany,48.398333,9.772222,precise,wikipedia,II,C14,30625±796,H 4147-3346,33700±825,H 4751-4404,1973,bone,undetermined,tube/flute,,50.0,8.0,6.0,fragmented,Fragment of a thin tubular bone,URMU Blaubeuren,Find No.: 47-9000.1.1.,"Hahn & Münzel 1995; Dutkiewicz 2021: Taf. 35.4; Hahn 1982; Conard & Bolus 2003, 2008",!vvvvvvvv! _ !vvvvvvvvv!,very certain
gkl0014,,Upper Paleolithic,Aurignacian,Geissenklösterle,gkl,Blaubeuren-Weiler,Germany,48.398333,9.772222,precise,wikipedia,II,C14,30625±796,H 4147-3346,33700±825,H 4751-4404,,antler,Rangifer tarandus,personal ornament,,132.0,5.0,4.0,almost complete,"This is an almost completely preserved curved band made of antler. Both ends are flattened and have perforations. They are slightly twisted in relation to the curvature. A portion of the object is missing in the upper area, preventing the original length from being specified. Hahn suggests interpreting this piece as a mouth bow (Hahn 1988: 220).",LMW Stuttgart,Find No.: 47-59,"Hahn 1988, Taf. 45.18; Dutkiewicz 2021: Taf. 38.5-6; Hahn 1982; Conard & Bolus 2003, 2008",v!vvvvv!vvvvvvvvvvvvvvvvvvvvvvvvvvvvvvvvvvv _ vvvvv!vvvvvvvvvvvvvvvvvvvvvvvvvvvvvvvv,certain
gkl0013,,Upper Paleolithic,Aurignacian,Geissenklösterle,gkl,Blaubeuren-Weiler,Germany,48.398333,9.772222,precise,wikipedia,II,C14,30625±796,H 4147-3346,33700±825,H 4751-4404,1974,ivory,Mammuthus primigenius,possible flute,,25.0,8.0,3.0,fragmented,"Fragment of a cylindrical artifact made of ivory with lateral notches - possibly a flute fragment, basal, with notched segmentation.",Universität Tübingen,Find No.: 46-555,"Dutkiewicz 2021: Taf. 32.5; Hahn 1982; Conard & Bolus 2003, 2008",!vvvvvvvv,very certain
gkl0012,,Upper Paleolithic,Aurignacian,Geissenklösterle,gkl,Blaubeuren-Weiler,Germany,48.398333,9.772222,precise,wikipedia,II,C14,30625±796,H 4147-3346,33700±825,H 4751-4404,1975,ivory,Mammuthus primigenius,figurine zoomorph,Mammuthus primigenius,67.0,38.0,3.0,fragmented,"Fragmented figurine of a mammoth (Mammuthus primigenius). it is lacking the head below the skullcap, large portions of the abdomen and right side, the left front leg, and most of the tail except for the base. Weathered extensively, the figurine exhibits surface damage, and the ivory has decayed along natural growth lines. The depiction features a massive mammoth with a towering head, a depression in the neck, and a backline that rises in the shoulder area and slopes steadily towards the hindquarters. Notably, the legs are individually detailed, slightly splayed outward, and the longitudinal axis is subtly twisted. The characteristic mammoth cloaca is preserved at the base, and, in line with other mammoth figurines, the tusks are not represented. Naturalistic depiction of fur on the left body side and lowe back, not included in the coding.",LMW Stuttgart,Find No.: 38-7,"AA 1975; Hahn 1986: 120-122; Hahn 1988; Dutkiewicz 2021: Taf. 9a-9b; Hahn 1982; Conard & Bolus 2003, 2008",||||| _ ¤¤¤¤¤¤¤¤¤¤¤¤¤¤¤ _ ///// _ ||||| _ ¤¤¤¤¤¤¤ _ ||| |||| _ || _ | | || | | | _ lllll | | _ ////! _ ///! ¤¤¤¤!,certain
gkl0011,,Upper Paleolithic,Aurignacian,Geissenklösterle,gkl,Blaubeuren-Weiler,Germany,48.398333,9.772222,precise,wikipedia,II,C14,30625±796,H 4147-3346,33700±825,H 4751-4404,1977,ivory,Mammuthus primigenius,figurine zoomorph,Ursus,50.0,21.0,19.0,fragmented,"Fragmented figurine of an erect bear. The figurine has been assembled from eleven fragments. Preserved parts include a portion of the head, the left flank, and abdominal side with the beginnings of arms and legs, as well as parts of the chest and buttocks. Despite the fragmentation, the shapes reveal a bear in an upright posture. The head is relatively small and narrow, with finely detailed facial features. The mouth and nose are defined with delicate lines, and the eyes are depicted through depressions within a slight elevation. The animal's head is directed upward. The body is upright, exposing the entire abdomen when viewed from the front. Arms and legs extend away from the body, but their original positions cannot be determined due to the preservation condition. Determining whether the depicted animal is a cave bear or a brown bear is not possible due to the partially missing lateral and upper head portions.",LMW Stuttgart,Find No.: 37-94,"AA 1977; Hahn 1986:123-125; Dutkiewicz 2021: Taf. 10; Hahn 1982; Conard & Bolus 2003, 2008",||||||| _ ¤¤¤¤¤¤¤¤¤! _ !// _ ¤¤¤¤¤¤¤¤¤! _ |||! _ V,certain
gkl0010,,Upper Paleolithic,Aurignacian,Geissenklösterle,gkl,Blaubeuren-Weiler,Germany,48.398333,9.772222,precise,wikipedia,II,C14,30625±796,H 4147-3346,33700±825,H 4751-4404,1974,ivory,Mammuthus primigenius,possible flute,,12.0,7.0,2.0,fragmented,"Cylindrical ivory fragment with parallel notches on the lateral side, possible flute",Universität Tübingen,Find No.: 37-155.2,"Dutkiewicz 2021: Taf. 32.4; Hahn 1982; Conard & Bolus 2003, 2008",!vvvvvv!,very certain
gkl0009,,Upper Paleolithic,Aurignacian,Geissenklösterle,gkl,Blaubeuren-Weiler,Germany,48.398333,9.772222,precise,wikipedia,II,C14,30625±796,H 4147-3346,33700±825,H 4751-4404,1974,ivory,Mammuthus primigenius,undetermined,,18.0,3.0,2.0,fragmented,Elongated ivory fragment with parallel notches,Universität Tübingen,Find No.: 37-155.1,"Dutkiewicz 2021: Taf. 55.1; Hahn 1982; Conard & Bolus 2003, 2008",!vvvv,certain
gkl0008,,Upper Paleolithic,Aurignacian,Geissenklösterle,gkl,Blaubeuren-Weiler,Germany,48.398333,9.772222,precise,wikipedia,II,C14,30625±796,H 4147-3346,33700±825,H 4751-4404,1974,ivory,Mammuthus primigenius,possible flute,,20.0,3.0,2.0,fragmented,"Elongated ivory fragment with notched row, possible fragment of an ivory flute",Universität Tübingen,Find No.: 35-without No.,"Dutkiewicz 2021: Taf. 32.11; Hahn 1982; Conard & Bolus 2003, 2008",!vvvvvvvv!,very certain
gkl0007,,Upper Paleolithic,Aurignacian,Geissenklösterle,gkl,Blaubeuren-Weiler,Germany,48.398333,9.772222,precise,wikipedia,II,C14,30625±796,H 4147-3346,33700±825,H 4751-4404,1990,ivory,Mammuthus primigenius,possible flute,,20.0,8.0,3.0,fragmented,"Hollow-cylindrically worked ivory artifact, probably a semi-finished product for flute production",Universität Tübingen,Find No.: 34-349,"Dutkiewicz 2021: Taf. 32.3; Hahn 1982; Conard & Bolus 2003, 2008",!vvvvvv!,certain
gkl0006,,Upper Paleolithic,Aurignacian,Geissenklösterle,gkl,Blaubeuren-Weiler,Germany,48.398333,9.772222,precise,wikipedia,II,C14,30625±796,H 4147-3346,33700±825,H 4751-4404,,ivory,Mammuthus primigenius,personal ornament,,42.0,5.0,3.0,fragmented,Terminal fragment of a slightly curved ivory strip with a perforation,URMU Blaubeuren,Find No.: 34-303,"Wolf 2015: Taf. 32.3; Dutkiewicz 2021: Taf. 38.4; Hahn 1982; Conard & Bolus 2003, 2008",||||,very certain
gkl0005,,Upper Paleolithic,Aurignacian,Geissenklösterle,gkl,Blaubeuren-Weiler,Germany,48.398333,9.772222,precise,wikipedia,II,C14,30625±796,H 4147-3346,33700±825,H 4751-4404,1991,ivory,Mammuthus primigenius,undetermined,,11.0,3.0,2.0,fragmented,Small ivory fragment with parallel lines,Universität Tübingen,Find No.: 33-95,"Dutkiewicz 2021: Taf. 55.3; Hahn 1982; Conard & Bolus 2003, 2008",!|||!,certain
gkl0004,,Upper Paleolithic,Aurignacian,Geissenklösterle,gkl,Blaubeuren-Weiler,Germany,48.398333,9.772222,precise,wikipedia,II,C14,30625±796,H 4147-3346,33700±825,H 4751-4404,1975,bone,Corvus corax,tube,,76.0,13.0,9.0,complete,Cut tube bone (ulna) of a common raven (Corvus corax),URMU Blaubeuren,Find No.: 26-80,"AA 1977; Hahn 1988, Taf. 45.17; Dutkiewicz 2021: Taf. 35.1; Hahn 1982; Conard & Bolus 2003, 2008",vvvvvvvvvvvvvv,very certain
gkl0003,,Upper Paleolithic,Aurignacian,Geissenklösterle,gkl,Blaubeuren-Weiler,Germany,48.398333,9.772222,precise,wikipedia,II,C14,30625±796,H 4147-3346,33700±825,H 4751-4404,1973 1990,bone,Cygnus cygnus,flute,,126.0,10.0,9.0,almost complete,"Flute made from the radius of a whooper swan (Cygnus cygnus). About half of the shaft, proximally separated with a ring notch, is preserved. The distal end is no longer present. The three preserved finger holes are located on the dorsal side of the shaft.",LMW Stuttgart,Find No.: 24-197,"Hahn & Münzel 1995; Hahn 1999; Münzel et al. 2002; Dutkiewicz 2021: Taf. 34.1; Hahn 1982; Conard & Bolus 2003, 2008",vvvv vvvv,very certain
gkl0002,,Upper Paleolithic,Aurignacian,Geissenklösterle,gkl,Blaubeuren-Weiler,Germany,48.398333,9.772222,precise,wikipedia,II,C14,30625±796,H 4147-3346,33700±825,H 4751-4404,1977,bone,undetermined,tube/flute,,21.0,6.0,2.0,fragmented,Thin tubular bone of a bird,Universität Tübingen,Find No.: 16-96.1,"Dutkiewicz 2021, Taf. 35.3; Hahn 1982; Conard & Bolus 2003, 2008",!vvvvv!,very certain
gkl0001,,Upper Paleolithic,Aurignacian,Geissenklösterle,gkl,Blaubeuren-Weiler,Germany,48.398333,9.772222,precise,wikipedia,II,C14,30625±796,H 4147-3346,33700±825,H 4751-4404,1976,ivory,Mammuthus primigenius,undetermined,,36.0,12.0,2.0,fragmented,"Thin, elongated ivory plate",Universität Tübingen,Find No.: 15-239,"Hahn J. 1988, Taf. 45.13; Dutkiewicz 2021: Taf. 55.2; Hahn 1982; Conard & Bolus 2003, 2008",||| //////! _ V,very certain
bst0001,,Upper Paleolithic,Aurignacian,Bockstein-Törle,bst,Rammingen,Germany,48.553000,10.155000,precise,nespos.org,VI,C14,31530±230 - 20400±220,,,,1953-1956,slate,,personal ornament,,21.0,20.0,5.0,almost complete,"This ring made of slate is about 3/4 preserved. Along the edge, there are parallel notches, 18 of which are preserved. Presumably, this is a personal ornament.",Museum Ulm,,Conard N. & Bolus M. 2003; Wolf S. 2015; Dutkiewicz E. 2021:  Taf. 37.10,!vvvvvvvvvvvvvvvvvv!,very certain
