"file_id","id","text_raw","label","text","translation","glossing","segmentation","phonological","morphomic","comment","footnote","corpus_id","filename","language_name_wals","language_name_glotto","iso639_3","year_composed","year_published","mode","genre_broad","genre_narrow","writing_system","special_characters","short_description","source","copyright_short","copyright_long","sample_type","comments"
3,7983,"66005003	Na nd mounmotrhu mrokfot inji wanyhato duka memoya nhai wom hefenr tohyuk frohrn o bbinysoft tohyuk frohrn o yiro Maringour tohyuk frohrn nd skrorkfot yak nyusakuhato yiro mrokfom htikfot .","66005003","Na nd mounmotrhu mrokfot inji wanyhato duka memoya nhai wom hefenr tohyuk frohrn o bbinysoft tohyuk frohrn o yiro Maringour tohyuk frohrn nd skrorkfot yak nyusakuhato yiro mrokfom htikfot",NA,NA,NA,NA,NA,NA,NA,3,"amp_nfi_1.txt","Alamblak","Alamblak","amp",NA,"2004","written","non-fiction","religion","Latn",NA,"Text of the Parallel Bible Corpus: Mayer, Thomas & Michael Cysouw. 2014. Creating a Massively Parallel Bible Corpus. Proceedings of the International Conference on Language Resources and Evaluation (LREC), Reykjavik, 3158-3163.","http://pngscriptures.org/amp/copyright.htm","© Wycliffe Bible Translators, Inc. 2003 2004","Print publisher: The Bible League<br>Electronic publisher: PNG Bible Translation Association<br>Translation by:<br>Wycliffe Bible Translators<br>This translation is made available to you under the terms of the Creative Commons Attribution-Noncommercial-No Derivative Works license. In addition, you have permission to port the text to different file formats, as long as you don't change any of the text or punctuation of the Bible.<br>Pictures included with Scriptures and other documents on this site are licensed just for use with those Scriptures and documents. For other uses, please contact the respective copyright owners.<br>You may share, copy, distribute, transmit, and extract portions or quotations from this work, provided that:<br>You include the above copyright information and that you make it clear that the work came from http://pngscriptures.org/.<br>You do not sell this work for a profit.<br>You do not make any derivative works that change any of the actual words or punctuation of the Scriptures.<br>Permissions beyond the scope of this license may be available if you contact us with your request. If you want to revise a translation, use a translation in an adaptation, or use a translation commercially, we will relay your request to the appropriate copyright owner.","whole","The first two digits of the identifier refer to the book, the next three digits to the chapter, and the last three digits to the verse. See Mayer & Cysouw (2014) for a list of book identifiers."
5,20443,"42020029	Setxi itaritxiakori aua mitxi ĩkorapokoriti . Apia kiomanetakari ĩtaniriuata . Meenetipanika ipina .","42020029","Setxi itaritxiakori aua mitxi ĩkorapokoriti  Apia kiomanetakari ĩtaniriuata  Meenetipanika ipina",NA,NA,NA,NA,NA,NA,NA,5,"apu_nfi_1.txt","Apurinã","Apurinã","apu",NA,"2004","written","non-fiction","religion","Latn",NA,"Text of the Parallel Bible Corpus: Mayer, Thomas & Michael Cysouw. 2014. Creating a Massively Parallel Bible Corpus. Proceedings of the International Conference on Language Resources and Evaluation (LREC), Reykjavik, 3158-3163.","http://www.scriptureearth.org/data/apu","© Wycliffe Bible Translators 2010","Atribuição-Uso Não-Comercial-Vedada a Criação de Obras Derivadas 3.0<br>Você pode: — copiar, distribuir, exibir e executar a obra SOB AS SEGUINTES CONDIÇÕES:<br>ATRIBUIÇÃO — Você deve dar crédito ao autor original, da forma especificada pelo autor ou licenciante.<br>USO NÃO-COMERCIAL — Você não pode utilizar esta obra com finalidades comerciais.<br>VEDADA A CRIAÇÃO DE OBRAS DERIVADAS — Você não pode alterar, transformar ou criar outra obra com base nesta.","whole","The first two digits of the identifier refer to the book, the next three digits to the chapter, and the last three digits to the verse. See Mayer & Cysouw (2014) for a list of book identifiers."
253,309901,"Baina ezdeus batekin ezkondu zinen.",NA,"Baina ezdeus batekin ezkondu zinen",NA,NA,NA,NA,NA,NA,NA,11,"eus_nfi_316.txt","Basque","Basque","eus",NA,"2000","written","non-fiction","prepared_speeches","Latn",NA,"OpenSubtitles2018","https://object.pouta.csc.fi/OPUS-OpenSubtitles/v2018/raw/eu.zip","http://www.opensubtitles.org/","http://www.opensubtitles.org/ P. Lison and J. Tiedemann, 2016, OpenSubtitles2016: Extracting Large Parallel Corpora from Movie and TV Subtitles. In Proceedings of the 10th International Conference on Language Resources and Evaluation (LREC 2016)","whole",NA
67,137860,"Ez dago gainazalik?",NA,"Ez dago gainazalik",NA,NA,NA,NA,NA,NA,NA,11,"eus_nfi_149.txt","Basque","Basque","eus",NA,"2014","written","non-fiction","prepared_speeches","Latn",NA,"OpenSubtitles2018","https://object.pouta.csc.fi/OPUS-OpenSubtitles/v2018/raw/eu.zip","http://www.opensubtitles.org/","http://www.opensubtitles.org/ P. Lison and J. Tiedemann, 2016, OpenSubtitles2016: Extracting Large Parallel Corpora from Movie and TV Subtitles. In Proceedings of the 10th International Conference on Language Resources and Evaluation (LREC 2016)","whole",NA
381,410735,"Moundsvilleko matrikuladun kotxea darabilzu?",NA,"Moundsvilleko matrikuladun kotxea darabilzu",NA,NA,NA,NA,NA,NA,NA,11,"eus_nfi_431.txt","Basque","Basque","eus",NA,"1955","written","non-fiction","prepared_speeches","Latn",NA,"OpenSubtitles2018","https://object.pouta.csc.fi/OPUS-OpenSubtitles/v2018/raw/eu.zip","http://www.opensubtitles.org/","http://www.opensubtitles.org/ P. Lison and J. Tiedemann, 2016, OpenSubtitles2016: Extracting Large Parallel Corpora from Movie and TV Subtitles. In Proceedings of the 10th International Conference on Language Resources and Evaluation (LREC 2016)","whole",NA
361,393591,"Ez duzu sinistuko baina berak asko maite zuen zure ama.",NA,"Ez duzu sinistuko baina berak asko maite zuen zure ama",NA,NA,NA,NA,NA,NA,NA,11,"eus_nfi_413.txt","Basque","Basque","eus",NA,"1965","written","non-fiction","prepared_speeches","Latn",NA,"OpenSubtitles2018","https://object.pouta.csc.fi/OPUS-OpenSubtitles/v2018/raw/eu.zip","http://www.opensubtitles.org/","http://www.opensubtitles.org/ P. Lison and J. Tiedemann, 2016, OpenSubtitles2016: Extracting Large Parallel Corpora from Movie and TV Subtitles. In Proceedings of the 10th International Conference on Language Resources and Evaluation (LREC 2016)","whole",NA
95,169022,"Nire errezeta pertsonala da.",NA,"Nire errezeta pertsonala da",NA,NA,NA,NA,NA,NA,NA,11,"eus_nfi_174.txt","Basque","Basque","eus",NA,"2013","written","non-fiction","prepared_speeches","Latn",NA,"OpenSubtitles2018","https://object.pouta.csc.fi/OPUS-OpenSubtitles/v2018/raw/eu.zip","http://www.opensubtitles.org/","http://www.opensubtitles.org/ P. Lison and J. Tiedemann, 2016, OpenSubtitles2016: Extracting Large Parallel Corpora from Movie and TV Subtitles. In Proceedings of the 10th International Conference on Language Resources and Evaluation (LREC 2016)","whole",NA
61,128504,"Ez nago harrotuta, konbentzituta baizik.",NA,"Ez nago harrotuta konbentzituta baizik",NA,NA,NA,NA,NA,NA,NA,11,"eus_nfi_143.txt","Basque","Basque","eus",NA,"2014","written","non-fiction","prepared_speeches","Latn",NA,"OpenSubtitles2018","https://object.pouta.csc.fi/OPUS-OpenSubtitles/v2018/raw/eu.zip","http://www.opensubtitles.org/","http://www.opensubtitles.org/ P. Lison and J. Tiedemann, 2016, OpenSubtitles2016: Extracting Large Parallel Corpora from Movie and TV Subtitles. In Proceedings of the 10th International Conference on Language Resources and Evaluation (LREC 2016)","whole",NA
12,78205,"46014029	Profeta bezala mintzo direnei dagokienez , mintza daitezela bi edo hiru , eta gainerakoek eman dezatela beren iritzia .","46014029","Profeta bezala mintzo direnei dagokienez  mintza daitezela bi edo hiru  eta gainerakoek eman dezatela beren iritzia",NA,NA,NA,NA,NA,NA,NA,11,"eus_nfi_1.txt","Basque","Basque","eus",NA,NA,"written","non-fiction","religion","Latn",NA,"Text of the Parallel Bible Corpus: Mayer, Thomas & Michael Cysouw. 2014. Creating a Massively Parallel Bible Corpus. Proceedings of the International Conference on Language Resources and Evaluation (LREC), Reykjavik, 3158-3163.","https://www.bible.com/de/bible/56/gen.1.eab","© Bible Society","This is the translation of the Bible in Basque language, Euskera, sponsored by the Bible Society. The translation was carried out by an interconfessional team of biblical scholars under the rules of Bible translations cooperation signed by the United Bible Societies and the Catholic Church. It is a medium-high level translation in Basque Batua, standardized language for the Academy of the Basque Language. This Bible is published in interconfessional issue with Deuterocanonical books of the Old and New Testaments.","whole","The first two digits of the identifier refer to the book, the next three digits to the chapter, and the last three digits to the verse. See Mayer & Cysouw (2014) for a list of book identifiers."
16,84588,"Ez duzu zure ""jabetza"" gisa ikusten.",NA,"Ez duzu zure jabetza gisa ikusten",NA,NA,NA,NA,NA,NA,NA,11,"eus_nfi_102.txt","Basque","Basque","eus",NA,"2015","written","non-fiction","prepared_speeches","Latn",NA,"OpenSubtitles2018","https://object.pouta.csc.fi/OPUS-OpenSubtitles/v2018/raw/eu.zip","http://www.opensubtitles.org/","http://www.opensubtitles.org/ P. Lison and J. Tiedemann, 2016, OpenSubtitles2016: Extracting Large Parallel Corpora from Movie and TV Subtitles. In Proceedings of the 10th International Conference on Language Resources and Evaluation (LREC 2016)","whole",NA
32,97841,"Eta hamar bat ofizialen bizitza salbatu zuen, besteak beste, nire alabarena.",NA,"Eta hamar bat ofizialen bizitza salbatu zuen besteak beste nire alabarena",NA,NA,NA,NA,NA,NA,NA,11,"eus_nfi_117.txt","Basque","Basque","eus",NA,"2014","written","non-fiction","prepared_speeches","Latn",NA,"OpenSubtitles2018","https://object.pouta.csc.fi/OPUS-OpenSubtitles/v2018/raw/eu.zip","http://www.opensubtitles.org/","http://www.opensubtitles.org/ P. Lison and J. Tiedemann, 2016, OpenSubtitles2016: Extracting Large Parallel Corpora from Movie and TV Subtitles. In Proceedings of the 10th International Conference on Language Resources and Evaluation (LREC 2016)","whole",NA
578,568423,"Garaitua izan zara.",NA,"Garaitua izan zara",NA,NA,NA,NA,NA,NA,NA,11,"eus_nfi_609.txt","Basque","Basque","eus",NA,"1980","written","non-fiction","prepared_speeches","Latn",NA,"OpenSubtitles2018","https://object.pouta.csc.fi/OPUS-OpenSubtitles/v2018/raw/eu.zip","http://www.opensubtitles.org/","http://www.opensubtitles.org/ P. Lison and J. Tiedemann, 2016, OpenSubtitles2016: Extracting Large Parallel Corpora from Movie and TV Subtitles. In Proceedings of the 10th International Conference on Language Resources and Evaluation (LREC 2016)","whole",NA
192,254956,"-Baduzu Goerten berririk?",NA,"Baduzu Goerten berririk",NA,NA,NA,NA,NA,NA,NA,11,"eus_nfi_261.txt","Basque","Basque","eus",NA,"2010","written","non-fiction","prepared_speeches","Latn",NA,"OpenSubtitles2018","https://object.pouta.csc.fi/OPUS-OpenSubtitles/v2018/raw/eu.zip","http://www.opensubtitles.org/","http://www.opensubtitles.org/ P. Lison and J. Tiedemann, 2016, OpenSubtitles2016: Extracting Large Parallel Corpora from Movie and TV Subtitles. In Proceedings of the 10th International Conference on Language Resources and Evaluation (LREC 2016)","whole",NA
55,122619,"-Amesgaiztoak izango ditut!",NA,"Amesgaiztoak izango ditut",NA,NA,NA,NA,NA,NA,NA,11,"eus_nfi_138.txt","Basque","Basque","eus",NA,"2014","written","non-fiction","prepared_speeches","Latn",NA,"OpenSubtitles2018","https://object.pouta.csc.fi/OPUS-OpenSubtitles/v2018/raw/eu.zip","http://www.opensubtitles.org/","http://www.opensubtitles.org/ P. Lison and J. Tiedemann, 2016, OpenSubtitles2016: Extracting Large Parallel Corpora from Movie and TV Subtitles. In Proceedings of the 10th International Conference on Language Resources and Evaluation (LREC 2016)","whole",NA
456,471777,"Haiek zainduko zaituztete.",NA,"Haiek zainduko zaituztete",NA,NA,NA,NA,NA,NA,NA,11,"eus_nfi_5.txt","Basque","Basque","eus",NA,"2016","written","non-fiction","prepared_speeches","Latn",NA,"OpenSubtitles2018","https://object.pouta.csc.fi/OPUS-OpenSubtitles/v2018/raw/eu.zip","http://www.opensubtitles.org/","http://www.opensubtitles.org/ P. Lison and J. Tiedemann, 2016, OpenSubtitles2016: Extracting Large Parallel Corpora from Movie and TV Subtitles. In Proceedings of the 10th International Conference on Language Resources and Evaluation (LREC 2016)","whole",NA
606,594363,"Ziurrenez ez.",NA,"Ziurrenez ez",NA,NA,NA,NA,NA,NA,NA,11,"eus_nfi_634.txt","Basque","Basque","eus",NA,"2014","written","non-fiction","prepared_speeches","Latn",NA,"OpenSubtitles2018","https://object.pouta.csc.fi/OPUS-OpenSubtitles/v2018/raw/eu.zip","http://www.opensubtitles.org/","http://www.opensubtitles.org/ P. Lison and J. Tiedemann, 2016, OpenSubtitles2016: Extracting Large Parallel Corpora from Movie and TV Subtitles. In Proceedings of the 10th International Conference on Language Resources and Evaluation (LREC 2016)","whole",NA
638,625063,"Trago bat edatera gonbidatuko zaizut.",NA,"Trago bat edatera gonbidatuko zaizut",NA,NA,NA,NA,NA,NA,NA,11,"eus_nfi_663.txt","Basque","Basque","eus",NA,"2016","written","non-fiction","prepared_speeches","Latn",NA,"OpenSubtitles2018","https://object.pouta.csc.fi/OPUS-OpenSubtitles/v2018/raw/eu.zip","http://www.opensubtitles.org/","http://www.opensubtitles.org/ P. Lison and J. Tiedemann, 2016, OpenSubtitles2016: Extracting Large Parallel Corpora from Movie and TV Subtitles. In Proceedings of the 10th International Conference on Language Resources and Evaluation (LREC 2016)","whole",NA
161,229609,"Poza iritsi da, eta ni bozkarioz gainezka nago",NA,"Poza iritsi da eta ni bozkarioz gainezka nago",NA,NA,NA,NA,NA,NA,NA,11,"eus_nfi_233.txt","Basque","Basque","eus",NA,"2011","written","non-fiction","prepared_speeches","Latn",NA,"OpenSubtitles2018","https://object.pouta.csc.fi/OPUS-OpenSubtitles/v2018/raw/eu.zip","http://www.opensubtitles.org/","http://www.opensubtitles.org/ P. Lison and J. Tiedemann, 2016, OpenSubtitles2016: Extracting Large Parallel Corpora from Movie and TV Subtitles. In Proceedings of the 10th International Conference on Language Resources and Evaluation (LREC 2016)","whole",NA
255,311493,"Gaur ikusiitakoa ondo aztertuta, eskulanari % 20 arintzea ez liteke asko.",NA,"Gaur ikusiitakoa ondo aztertuta eskulanari  20 arintzea ez liteke asko",NA,NA,NA,NA,NA,NA,NA,11,"eus_nfi_318.txt","Basque","Basque","eus",NA,"1999","written","non-fiction","prepared_speeches","Latn",NA,"OpenSubtitles2018","https://object.pouta.csc.fi/OPUS-OpenSubtitles/v2018/raw/eu.zip","http://www.opensubtitles.org/","http://www.opensubtitles.org/ P. Lison and J. Tiedemann, 2016, OpenSubtitles2016: Extracting Large Parallel Corpora from Movie and TV Subtitles. In Proceedings of the 10th International Conference on Language Resources and Evaluation (LREC 2016)","whole",NA
256,311819,"5 dolarretan denak!",NA,"5 dolarretan denak",NA,NA,NA,NA,NA,NA,NA,11,"eus_nfi_319.txt","Basque","Basque","eus",NA,"1999","written","non-fiction","prepared_speeches","Latn",NA,"OpenSubtitles2018","https://object.pouta.csc.fi/OPUS-OpenSubtitles/v2018/raw/eu.zip","http://www.opensubtitles.org/","http://www.opensubtitles.org/ P. Lison and J. Tiedemann, 2016, OpenSubtitles2016: Extracting Large Parallel Corpora from Movie and TV Subtitles. In Proceedings of the 10th International Conference on Language Resources and Evaluation (LREC 2016)","whole",NA
598,585909,"Anbulategira medikuarengan joan nintzenean, medikuak gertatutako azaltzeko eskatu zidan eta txundituta gelditu zen esan nionean hori koloreko mina sentitu nuela hasieran harriduraz eta barrezka galdetu ninduen:",NA,"Anbulategira medikuarengan joan nintzenean medikuak gertatutako azaltzeko eskatu zidan eta txundituta gelditu zen esan nionean hori koloreko mina sentitu nuela hasieran harriduraz eta barrezka galdetu ninduen",NA,NA,NA,NA,NA,NA,NA,11,"eus_nfi_627.txt","Basque","Basque","eus",NA,"2014","written","non-fiction","prepared_speeches","Latn",NA,"OpenSubtitles2018","https://object.pouta.csc.fi/OPUS-OpenSubtitles/v2018/raw/eu.zip","http://www.opensubtitles.org/","http://www.opensubtitles.org/ P. Lison and J. Tiedemann, 2016, OpenSubtitles2016: Extracting Large Parallel Corpora from Movie and TV Subtitles. In Proceedings of the 10th International Conference on Language Resources and Evaluation (LREC 2016)","whole",NA
269,324338,"Ez omen duzue susmagarririk.",NA,"Ez omen duzue susmagarririk",NA,NA,NA,NA,NA,NA,NA,11,"eus_nfi_330.txt","Basque","Basque","eus",NA,"1995","written","non-fiction","prepared_speeches","Latn",NA,"OpenSubtitles2018","https://object.pouta.csc.fi/OPUS-OpenSubtitles/v2018/raw/eu.zip","http://www.opensubtitles.org/","http://www.opensubtitles.org/ P. Lison and J. Tiedemann, 2016, OpenSubtitles2016: Extracting Large Parallel Corpora from Movie and TV Subtitles. In Proceedings of the 10th International Conference on Language Resources and Evaluation (LREC 2016)","whole",NA
617,607885,"Beraz, ez badiogu dirua ematen, tipo hori gurekin hilko da.",NA,"Beraz ez badiogu dirua ematen tipo hori gurekin hilko da",NA,NA,NA,NA,NA,NA,NA,11,"eus_nfi_644.txt","Basque","Basque","eus",NA,"2014","written","non-fiction","prepared_speeches","Latn",NA,"OpenSubtitles2018","https://object.pouta.csc.fi/OPUS-OpenSubtitles/v2018/raw/eu.zip","http://www.opensubtitles.org/","http://www.opensubtitles.org/ P. Lison and J. Tiedemann, 2016, OpenSubtitles2016: Extracting Large Parallel Corpora from Movie and TV Subtitles. In Proceedings of the 10th International Conference on Language Resources and Evaluation (LREC 2016)","whole",NA
298,345705,"Horregatik hartu dut nire aitaren Continental autoa.",NA,"Horregatik hartu dut nire aitaren Continental autoa",NA,NA,NA,NA,NA,NA,NA,11,"eus_nfi_357.txt","Basque","Basque","eus",NA,"1990","written","non-fiction","prepared_speeches","Latn",NA,"OpenSubtitles2018","https://object.pouta.csc.fi/OPUS-OpenSubtitles/v2018/raw/eu.zip","http://www.opensubtitles.org/","http://www.opensubtitles.org/ P. Lison and J. Tiedemann, 2016, OpenSubtitles2016: Extracting Large Parallel Corpora from Movie and TV Subtitles. In Proceedings of the 10th International Conference on Language Resources and Evaluation (LREC 2016)","whole",NA
55,123312,"Gainera, dibortziatuta nagoenez... sentimendu kontraesankorrak ditu.",NA,"Gainera dibortziatuta nagoenez sentimendu kontraesankorrak ditu",NA,NA,NA,NA,NA,NA,NA,11,"eus_nfi_138.txt","Basque","Basque","eus",NA,"2014","written","non-fiction","prepared_speeches","Latn",NA,"OpenSubtitles2018","https://object.pouta.csc.fi/OPUS-OpenSubtitles/v2018/raw/eu.zip","http://www.opensubtitles.org/","http://www.opensubtitles.org/ P. Lison and J. Tiedemann, 2016, OpenSubtitles2016: Extracting Large Parallel Corpora from Movie and TV Subtitles. In Proceedings of the 10th International Conference on Language Resources and Evaluation (LREC 2016)","whole",NA
14,82362,"Esan behar diozu iruditzen zaizula onean Henryrekin geratzea dela.",NA,"Esan behar diozu iruditzen zaizula onean Henryrekin geratzea dela",NA,NA,NA,NA,NA,NA,NA,11,"eus_nfi_100.txt","Basque","Basque","eus",NA,"2015","written","non-fiction","prepared_speeches","Latn",NA,"OpenSubtitles2018","https://object.pouta.csc.fi/OPUS-OpenSubtitles/v2018/raw/eu.zip","http://www.opensubtitles.org/","http://www.opensubtitles.org/ P. Lison and J. Tiedemann, 2016, OpenSubtitles2016: Extracting Large Parallel Corpora from Movie and TV Subtitles. In Proceedings of the 10th International Conference on Language Resources and Evaluation (LREC 2016)","whole",NA
314,356182,"Screw Magazinek dioenez...",NA,"Screw Magazinek dioenez",NA,NA,NA,NA,NA,NA,NA,11,"eus_nfi_371.txt","Basque","Basque","eus",NA,"1984","written","non-fiction","prepared_speeches","Latn",NA,"OpenSubtitles2018","https://object.pouta.csc.fi/OPUS-OpenSubtitles/v2018/raw/eu.zip","http://www.opensubtitles.org/","http://www.opensubtitles.org/ P. Lison and J. Tiedemann, 2016, OpenSubtitles2016: Extracting Large Parallel Corpora from Movie and TV Subtitles. In Proceedings of the 10th International Conference on Language Resources and Evaluation (LREC 2016)","whole",NA
603,590333,"Erronka txiki bat denontzat, zuen doktoretza abentura hasi aurretik dena delakoa, Hawking jauna.",NA,"Erronka txiki bat denontzat zuen doktoretza abentura hasi aurretik dena delakoa Hawking jauna",NA,NA,NA,NA,NA,NA,NA,11,"eus_nfi_631.txt","Basque","Basque","eus",NA,"2014","written","non-fiction","prepared_speeches","Latn",NA,"OpenSubtitles2018","https://object.pouta.csc.fi/OPUS-OpenSubtitles/v2018/raw/eu.zip","http://www.opensubtitles.org/","http://www.opensubtitles.org/ P. Lison and J. Tiedemann, 2016, OpenSubtitles2016: Extracting Large Parallel Corpora from Movie and TV Subtitles. In Proceedings of the 10th International Conference on Language Resources and Evaluation (LREC 2016)","whole",NA
106,179562,"Bikaina da.",NA,"Bikaina da",NA,NA,NA,NA,NA,NA,NA,11,"eus_nfi_184.txt","Basque","Basque","eus",NA,"2013","written","non-fiction","prepared_speeches","Latn",NA,"OpenSubtitles2018","https://object.pouta.csc.fi/OPUS-OpenSubtitles/v2018/raw/eu.zip","http://www.opensubtitles.org/","http://www.opensubtitles.org/ P. Lison and J. Tiedemann, 2016, OpenSubtitles2016: Extracting Large Parallel Corpora from Movie and TV Subtitles. In Proceedings of the 10th International Conference on Language Resources and Evaluation (LREC 2016)","whole",NA
412,431809,"Oso haserre nengoen.",NA,"Oso haserre nengoen",NA,NA,NA,NA,NA,NA,NA,11,"eus_nfi_46.txt","Basque","Basque","eus",NA,"2015","written","non-fiction","prepared_speeches","Latn",NA,"OpenSubtitles2018","https://object.pouta.csc.fi/OPUS-OpenSubtitles/v2018/raw/eu.zip","http://www.opensubtitles.org/","http://www.opensubtitles.org/ P. Lison and J. Tiedemann, 2016, OpenSubtitles2016: Extracting Large Parallel Corpora from Movie and TV Subtitles. In Proceedings of the 10th International Conference on Language Resources and Evaluation (LREC 2016)","whole",NA
653,639415,"Mila esker, maitea.",NA,"Mila esker maitea",NA,NA,NA,NA,NA,NA,NA,11,"eus_nfi_74.txt","Basque","Basque","eus",NA,"2015","written","non-fiction","prepared_speeches","Latn",NA,"OpenSubtitles2018","https://object.pouta.csc.fi/OPUS-OpenSubtitles/v2018/raw/eu.zip","http://www.opensubtitles.org/","http://www.opensubtitles.org/ P. Lison and J. Tiedemann, 2016, OpenSubtitles2016: Extracting Large Parallel Corpora from Movie and TV Subtitles. In Proceedings of the 10th International Conference on Language Resources and Evaluation (LREC 2016)","whole",NA
177,238985,"Zure metodoei begirune handia badiet ere, Dalrymple jauna oker zaude, ni sendagile arrunt bat naiz.",NA,"Zure metodoei begirune handia badiet ere Dalrymple jauna oker zaude ni sendagile arrunt bat naiz",NA,NA,NA,NA,NA,NA,NA,11,"eus_nfi_248.txt","Basque","Basque","eus",NA,"2011","written","non-fiction","prepared_speeches","Latn",NA,"OpenSubtitles2018","https://object.pouta.csc.fi/OPUS-OpenSubtitles/v2018/raw/eu.zip","http://www.opensubtitles.org/","http://www.opensubtitles.org/ P. Lison and J. Tiedemann, 2016, OpenSubtitles2016: Extracting Large Parallel Corpora from Movie and TV Subtitles. In Proceedings of the 10th International Conference on Language Resources and Evaluation (LREC 2016)","whole",NA
218,276500,"Daukadan botereagatik, senar-emazte izendatzen zaituztet.",NA,"Daukadan botereagatik senaremazte izendatzen zaituztet",NA,NA,NA,NA,NA,NA,NA,11,"eus_nfi_285.txt","Basque","Basque","eus",NA,"2005","written","non-fiction","prepared_speeches","Latn",NA,"OpenSubtitles2018","https://object.pouta.csc.fi/OPUS-OpenSubtitles/v2018/raw/eu.zip","http://www.opensubtitles.org/","http://www.opensubtitles.org/ P. Lison and J. Tiedemann, 2016, OpenSubtitles2016: Extracting Large Parallel Corpora from Movie and TV Subtitles. In Proceedings of the 10th International Conference on Language Resources and Evaluation (LREC 2016)","whole",NA
636,623623,"Elia Martell bortxatu eta hil zituzten.",NA,"Elia Martell bortxatu eta hil zituzten",NA,NA,NA,NA,NA,NA,NA,11,"eus_nfi_661.txt","Basque","Basque","eus",NA,"2016","written","non-fiction","prepared_speeches","Latn",NA,"OpenSubtitles2018","https://object.pouta.csc.fi/OPUS-OpenSubtitles/v2018/raw/eu.zip","http://www.opensubtitles.org/","http://www.opensubtitles.org/ P. Lison and J. Tiedemann, 2016, OpenSubtitles2016: Extracting Large Parallel Corpora from Movie and TV Subtitles. In Proceedings of the 10th International Conference on Language Resources and Evaluation (LREC 2016)","whole",NA
632,620929,"Nire familiari ospe txarra emango lioke.",NA,"Nire familiari ospe txarra emango lioke",NA,NA,NA,NA,NA,NA,NA,11,"eus_nfi_658.txt","Basque","Basque","eus",NA,"2016","written","non-fiction","prepared_speeches","Latn",NA,"OpenSubtitles2018","https://object.pouta.csc.fi/OPUS-OpenSubtitles/v2018/raw/eu.zip","http://www.opensubtitles.org/","http://www.opensubtitles.org/ P. Lison and J. Tiedemann, 2016, OpenSubtitles2016: Extracting Large Parallel Corpora from Movie and TV Subtitles. In Proceedings of the 10th International Conference on Language Resources and Evaluation (LREC 2016)","whole",NA
439,458445,"Gehiegi da niretzat.",NA,"Gehiegi da niretzat",NA,NA,NA,NA,NA,NA,NA,11,"eus_nfi_484.txt","Basque","Basque","eus",NA,"2013","written","non-fiction","prepared_speeches","Latn",NA,"OpenSubtitles2018","https://object.pouta.csc.fi/OPUS-OpenSubtitles/v2018/raw/eu.zip","http://www.opensubtitles.org/","http://www.opensubtitles.org/ P. Lison and J. Tiedemann, 2016, OpenSubtitles2016: Extracting Large Parallel Corpora from Movie and TV Subtitles. In Proceedings of the 10th International Conference on Language Resources and Evaluation (LREC 2016)","whole",NA
23,90550,"- Iruditzen zaizu?",NA,"Iruditzen zaizu",NA,NA,NA,NA,NA,NA,NA,11,"eus_nfi_109.txt","Basque","Basque","eus",NA,"2015","written","non-fiction","prepared_speeches","Latn",NA,"OpenSubtitles2018","https://object.pouta.csc.fi/OPUS-OpenSubtitles/v2018/raw/eu.zip","http://www.opensubtitles.org/","http://www.opensubtitles.org/ P. Lison and J. Tiedemann, 2016, OpenSubtitles2016: Extracting Large Parallel Corpora from Movie and TV Subtitles. In Proceedings of the 10th International Conference on Language Resources and Evaluation (LREC 2016)","whole",NA
23,91309,"Atsebatuta zegoen.",NA,"Atsebatuta zegoen",NA,NA,NA,NA,NA,NA,NA,11,"eus_nfi_109.txt","Basque","Basque","eus",NA,"2015","written","non-fiction","prepared_speeches","Latn",NA,"OpenSubtitles2018","https://object.pouta.csc.fi/OPUS-OpenSubtitles/v2018/raw/eu.zip","http://www.opensubtitles.org/","http://www.opensubtitles.org/ P. Lison and J. Tiedemann, 2016, OpenSubtitles2016: Extracting Large Parallel Corpora from Movie and TV Subtitles. In Proceedings of the 10th International Conference on Language Resources and Evaluation (LREC 2016)","whole",NA
439,458823,"Ez al ginateke denak hobeto... egongo denek horrelako gauzei buruz gezurrik esango ez bagenu,... eta egia esango bagenu?",NA,"Ez al ginateke denak hobeto egongo denek horrelako gauzei buruz gezurrik esango ez bagenu eta egia esango bagenu",NA,NA,NA,NA,NA,NA,NA,11,"eus_nfi_484.txt","Basque","Basque","eus",NA,"2013","written","non-fiction","prepared_speeches","Latn",NA,"OpenSubtitles2018","https://object.pouta.csc.fi/OPUS-OpenSubtitles/v2018/raw/eu.zip","http://www.opensubtitles.org/","http://www.opensubtitles.org/ P. Lison and J. Tiedemann, 2016, OpenSubtitles2016: Extracting Large Parallel Corpora from Movie and TV Subtitles. In Proceedings of the 10th International Conference on Language Resources and Evaluation (LREC 2016)","whole",NA
683,680343,"26048029	ဤရွေ့ကား ၊ ဣသရေလအမျိုးအနွယ်တို့ အမွေ ခံစရာဘို့ စာရေးတံချ ၍ ဝေရသောမြေ ၊ ဤရွေ့ကား ၊ သူတို့ ပိုင်းခြား ၍ နေရသော ခရိုင်အသီးအသီး ဖြစ်သတည်းဟု အရှင်ထာဝရဘုရား မိန့်တော်မူ ၏ ။","26048029","ဤရွေကား  ဣသရေလအမျိုးအနွယတို အမွေ ခံစရာဘို စာရေးတံချ  ဝေရသောမြေ  ဤရွေကား  သူတို ပိုငးခြား  နေရသော ခရိုငအသီးအသီး ဖြစသတညးဟု အရှငထာဝရဘုရား မိနတောမူ",NA,NA,NA,NA,NA,NA,NA,14,"mya_nfi_1.txt","Burmese","Burmese","mya","1835",NA,"written","non-fiction","religion","Mymr",NA,"The New Testament in Myanmar. Text of the Parallel Bible Corpus: Mayer, Thomas & Michael Cysouw. 2014. Creating a Massively Parallel Bible Corpus. Proceedings of the International Conference on Language Resources and Evaluation (LREC), Reykjavik, 3158-3163.","https://www.bible.com/de/bible/404/gen.1.bcl","© Rev. Adoniram Judson, 1835",NA,"whole","The first two digits of the identifier refer to the book, the next three digits to the chapter, and the last three digits to the verse. See Mayer & Cysouw (2014) for a list of book identifiers."
683,668759,"12021002	ထိုမင်းသည် ဣသရေလအမျိုးသားရှေ့မှ ထာဝရဘုရားနှင့် ထုတ်တော်မူသော တပါးအမျိုးသား ရွံရှာဘွယ်ထုံးစံအတိုင်း ၊ ထာဝရဘုရား ရှေ့တော် ၌ ဒုစရိုက်ကိုပြု ၏ ။","12021002","ထိုမငးသည ဣသရေလအမျိုးသားရှေမှ ထာဝရဘုရားနှင ထုတတောမူသော တပါးအမျိုးသား ရွံရှာဘွယထုံးစံအတိုငး  ထာဝရဘုရား ရှေတော  ဒုစရိုကကိုပြု",NA,NA,NA,NA,NA,NA,NA,14,"mya_nfi_1.txt","Burmese","Burmese","mya","1835",NA,"written","non-fiction","religion","Mymr",NA,"The New Testament in Myanmar. Text of the Parallel Bible Corpus: Mayer, Thomas & Michael Cysouw. 2014. Creating a Massively Parallel Bible Corpus. Proceedings of the International Conference on Language Resources and Evaluation (LREC), Reykjavik, 3158-3163.","https://www.bible.com/de/bible/404/gen.1.bcl","© Rev. Adoniram Judson, 1835",NA,"whole","The first two digits of the identifier refer to the book, the next three digits to the chapter, and the last three digits to the verse. See Mayer & Cysouw (2014) for a list of book identifiers."
683,668549,"12014015	ယဟောရှပြုမူသော အမှုအရာကြွင်းလေသမျှ ၊ တန်ခိုးကြီးခြင်း ၊ ယုဒရှင်ဘုရင်အာမဇိကို စစ်တိုက်ခြင်း အရာသည် ဣသရေလရာဇဝင် ၌ ရေးထားလျက်ရှိ ၏ ။","12014015","ယဟောရှပြုမူသော အမှုအရာကြွငးလေသမျှ  တနခိုးကြီးခြငး  ယုဒရှငဘုရငအာမဇိကို စစတိုကခြငး အရာသည ဣသရေလရာဇဝင  ရေးထားလျကရှိ",NA,NA,NA,NA,NA,NA,NA,14,"mya_nfi_1.txt","Burmese","Burmese","mya","1835",NA,"written","non-fiction","religion","Mymr",NA,"The New Testament in Myanmar. Text of the Parallel Bible Corpus: Mayer, Thomas & Michael Cysouw. 2014. Creating a Massively Parallel Bible Corpus. Proceedings of the International Conference on Language Resources and Evaluation (LREC), Reykjavik, 3158-3163.","https://www.bible.com/de/bible/404/gen.1.bcl","© Rev. Adoniram Judson, 1835",NA,"whole","The first two digits of the identifier refer to the book, the next three digits to the chapter, and the last three digits to the verse. See Mayer & Cysouw (2014) for a list of book identifiers."
686,690731,"<verse_2>	Hacme , ne Pahpãm to me amji kam hapac xà jũrkwa mã me axà ! Ne curia cu ha cuna mã , cute me pahto impejti ita pyrên me pajakryti to cumã me amji jarẽ , ne pahtỳj me cumã cre !","<verse_2>","Hacme  ne Pahpãm to me amji kam hapac xà jũrkwa mã me axà  Ne curia cu ha cuna mã  cute me pahto impejti ita pyrên me pajakryti to cumã me amji jarẽ  ne pahtỳj me cumã cre",NA,NA,NA,NA,NA,NA,NA,17,"ram_nfi_1.txt","Canela-Krahô","Canela-Krahô","ram",NA,"1986","written","non-fiction","religion","Latn","There are diacritics used to modify the latin script, but these are not further explained in the translation.","The Bible in Canela-Krahô.","https://scriptureearth.org/data/ram/PDF/00-PBram-web.pdf","© 2012, Liga Bíblica Internacional","Você pode copiar, distribuir, exibir e executar a obra sob as seguintes condições: • Atribuição. Você deve dar crédito ao autor original, da forma especificada pelo autor ou licenciante. • Uso ñão-Comercial. Você não pode utilizar esta obra com finalidades comerciais. • Vedada a Criação de Obras Derividas. Você não pode alterar, transformar ou criar outra obra com base nesta. http://creativecommons.org/licenses/by-nc-nd/3.0/","whole","This is not a text of the Parallel Bible corpus. Hence, the numbering of books and verses is not given in the stanardized format described by Mayer & Cysouw (2014). Rather, the name of the book is given in upper case letters followed by an empty line. The number of the chapter is given in a single line at the beginning of the chapter. Additionally, chapters are delimited by an empty line. The verse numbers are given at the beginning of each verse followed by a tab delimiter. After each verse follows a line break. Note that there are also headings to chapters and sometimes to paragraphs, these are given in a separate line but without a verse number preceeding it, but with a line tag <title>, e.g. ""<title>	Pê Pahpãm amcro te xêj kam ampo cunea to"" In accordance with the Parallel Bible Corpus, additional white spaces are added around punctuation, e.g. < , > and < . > respectively."
687,692984,"42008010	Manoppe Gui' , "" Para hamyo esta manmafanu'i ni mesterion i Rainon Yu'os , låo para i otro tåotåo siha ma nisista fina'akomparasion kosa ki , ' Achokka ' manmana'atan ti u mali'e' , yan achokka' manmanhuhungok ti u makomprende . '","42008010","Manoppe Gui   Para hamyo esta manmafanui ni mesterion i Rainon Yuos  låo para i otro tåotåo siha ma nisista finaakomparasion kosa ki   Achokka  manmanaatan ti u malie  yan achokka manmanhuhungok ti u makomprende",NA,NA,NA,NA,NA,NA,NA,18,"cha_nfi_1.txt","Chamorro","Chamorro","cha",NA,"2003","written","non-fiction","religion","Latn",NA,"Text of the Parallel Bible Corpus: Mayer, Thomas & Michael Cysouw. 2014. Creating a Massively Parallel Bible Corpus. Proceedings of the International Conference on Language Resources and Evaluation (LREC), Reykjavik, 3158-3163.",NA,"© Bishop Tomas A. Camacho of the Diocese of Chalan Kanoa",NA,"whole","The first two digits of the identifier refer to the book, the next three digits to the chapter, and the last three digits to the verse. See Mayer & Cysouw (2014) for a list of book identifiers."
690,700246,"40007022	Wanene uiwa wamewa gapan , waenapan arugataet inanap anega wain , ‘ Ayop nega , Ayop nega , amun gega gapan God oisewa wadidiamuinton amba airampu wa oimoton tau amon amba kiman paua baware ge kiman yo paua mega ugup ugup tainton . ’","40007022","Wanene uiwa wamewa gapan  waenapan arugataet inanap anega wain   Ayop nega  Ayop nega  amun gega gapan God oisewa wadidiamuinton amba airampu wa oimoton tau amon amba kiman paua baware ge kiman yo paua mega ugup ugup tainton",NA,NA,NA,NA,NA,NA,NA,21,"dgz_nfi_1.txt","Daga","Daga","dgz",NA,"1974","written","non-fiction","religion","Latn",NA,"Text of the Parallel Bible Corpus: Mayer, Thomas & Michael Cysouw. 2014. Creating a Massively Parallel Bible Corpus. Proceedings of the International Conference on Language Resources and Evaluation (LREC), Reykjavik, 3158-3163.","http://pngscriptures.org/dgz/copyright.htm","© Wycliffe Bible Translators, Inc.1974, 2004","Print publisher: Wycliffe Bible Translators<br>Electronic publisher: PNG Bible Translation Association<br>Translation by:<br>Wycliffe Bible Translators<br>This translation is made available to you under the terms of the Creative Commons Attribution-Noncommercial-No Derivative Works license. In addition, you have permission to port the text to different file formats, as long as you don't change any of the text or punctuation of the Bible.<br>Pictures included with Scriptures and other documents on this site are licensed just for use with those Scriptures and documents. For other uses, please contact the respective copyright owners.<br>You may share, copy, distribute, transmit, and extract portions or quotations from this work, provided that:<br>You include the above copyright information and that you make it clear that the work came from http://pngscriptures.org/.<br>You do not sell this work for a profit.<br>You do not make any derivative works that change any of the actual words or punctuation of the Scriptures.<br>Permissions beyond the scope of this license may be available if you contact us with your request. If you want to revise a translation, use a translation in an adaptation, or use a translation commercially, we will relay your request to the appropriate copyright owner.","whole","The first two digits of the identifier refer to the book, the next three digits to the chapter, and the last three digits to the verse. See Mayer & Cysouw (2014) for a list of book identifiers."
15131,13438950,"41002017	Yesuus tana hogguu dhagaye , “ Warri fayyaa qaban ogeeysa fayyaa hin barbaadan , dhukkubsataa tu barbaada malee ; ani warra jireenya qaceeloo jiraatan yaamuuf hin dhufne , warra dilaawoota yaamuufiin dhufe malee ” isaaniin jedhe .","41002017","Yesuus tana hogguu dhagaye   Warri fayyaa qaban ogeeysa fayyaa hin barbaadan  dhukkubsataa tu barbaada malee  ani warra jireenya qaceeloo jiraatan yaamuuf hin dhufne  warra dilaawoota yaamuufiin dhufe malee  isaaniin jedhe",NA,NA,NA,NA,NA,NA,NA,92,"hae_nfi_1.txt","Oromo (Harar)","Eastern Oromo","hae",NA,"2005","written","non-fiction","religion","Latn",NA,"Text of the Parallel Bible Corpus: Mayer, Thomas & Michael Cysouw. 2014. Creating a Massively Parallel Bible Corpus. Proceedings of the International Conference on Language Resources and Evaluation (LREC), Reykjavik, 3158-3163.","http://www.bible.is/HAEBSE/Matt/1","© The Bible Society of Ethiopia 2005","This Bible text is brought to you by The Bible Society of Ethiopia<br> TEXT: © The Bible Society of Ethiopia, 2005 FONT: © 1997-2013, SIL International http://bit.ly/1uKBBMx","whole","The first two digits of the identifier refer to the book, the next three digits to the chapter, and the last three digits to the verse. See Mayer & Cysouw (2014) for a list of book identifiers."
15131,13443973,"49004028	Namni kanaan dura hataa ture hatuu dhiisee , harka isaa tiin , dalagaa faaydaa qabdu dalagee , warra waa dhaban illee haa gargaaruu .","49004028","Namni kanaan dura hataa ture hatuu dhiisee  harka isaa tiin  dalagaa faaydaa qabdu dalagee  warra waa dhaban illee haa gargaaruu",NA,NA,NA,NA,NA,NA,NA,92,"hae_nfi_1.txt","Oromo (Harar)","Eastern Oromo","hae",NA,"2005","written","non-fiction","religion","Latn",NA,"Text of the Parallel Bible Corpus: Mayer, Thomas & Michael Cysouw. 2014. Creating a Massively Parallel Bible Corpus. Proceedings of the International Conference on Language Resources and Evaluation (LREC), Reykjavik, 3158-3163.","http://www.bible.is/HAEBSE/Matt/1","© The Bible Society of Ethiopia 2005","This Bible text is brought to you by The Bible Society of Ethiopia<br> TEXT: © The Bible Society of Ethiopia, 2005 FONT: © 1997-2013, SIL International http://bit.ly/1uKBBMx","whole","The first two digits of the identifier refer to the book, the next three digits to the chapter, and the last three digits to the verse. See Mayer & Cysouw (2014) for a list of book identifiers."
6,36762,"13024005	وَٱنْقَسَمُوا بِٱلْقُرْعَةِ ، هَؤُلَاءِ مَعَ هَؤُلَاءِ ، لِأَنَّ رُؤَسَاءَ ٱلْقُدْسِ وَرُؤَسَاءَ بَيْتِ ٱللهِ كَانُوا مِنْ بَنِي أَلِعَازَارَ وَمِنْ بَنِي إِيثَامَارَ .","13024005","وَٱنْقَسَمُوا بِٱلْقُرْعَةِ  هَؤُلَاءِ مَعَ هَؤُلَاءِ  لِأَنَّ رُؤَسَاءَ ٱلْقُدْسِ وَرُؤَسَاءَ بَيْتِ ٱللهِ كَانُوا مِنْ بَنِي أَلِعَازَارَ وَمِنْ بَنِي إِيثَامَارَ",NA,NA,NA,NA,NA,NA,NA,6,"arz_nfi_1.txt","Arabic (Egyptian)","Egyptian Arabic","arz",NA,NA,"written","non-fiction","religion","Arab",NA,"Text of the Parallel Bible Corpus: Mayer, Thomas & Michael Cysouw. 2014. Creating a Massively Parallel Bible Corpus. Proceedings of the International Conference on Language Resources and Evaluation (LREC), Reykjavik, 3158-3163.","http://www.bible.is/ARZVDV/Mark/1","© The Bible Society of Egypt","Old Testament Copyrights: This Bible text is brought to you by The Bible Society of Egypt<br>New Testament Copyrights: This Bible text is brought to you by The Bible Society of Egypt","whole","The first two digits of the identifier refer to the book, the next three digits to the chapter, and the last three digits to the verse. See Mayer & Cysouw (2014) for a list of book identifiers."
6,37485,"14026011	وَكَانَ لِعُزِّيَّا جَيْشٌ مِنَ ٱلْمُقَاتِلِينَ يَخْرُجُونَ لِلْحَرْبِ أَحْزَابًا حَسَبَ عَدَدِ إِحْصَائِهِمْ عَنْ يَدِ يَعِيئِيلَ ٱلْكَاتِبِ وَمَعَسِيَا ٱلْعَرِيفِ تَحْتَ يَدِ حَنَنْيَّا وَاحِدٍ مِنْ رُؤَسَاءِ ٱلْمَلِكِ .","14026011","وَكَانَ لِعُزِّيَّا جَيْشٌ مِنَ ٱلْمُقَاتِلِينَ يَخْرُجُونَ لِلْحَرْبِ أَحْزَابًا حَسَبَ عَدَدِ إِحْصَائِهِمْ عَنْ يَدِ يَعِيئِيلَ ٱلْكَاتِبِ وَمَعَسِيَا ٱلْعَرِيفِ تَحْتَ يَدِ حَنَنْيَّا وَاحِدٍ مِنْ رُؤَسَاءِ ٱلْمَلِكِ",NA,NA,NA,NA,NA,NA,NA,6,"arz_nfi_1.txt","Arabic (Egyptian)","Egyptian Arabic","arz",NA,NA,"written","non-fiction","religion","Arab",NA,"Text of the Parallel Bible Corpus: Mayer, Thomas & Michael Cysouw. 2014. Creating a Massively Parallel Bible Corpus. Proceedings of the International Conference on Language Resources and Evaluation (LREC), Reykjavik, 3158-3163.","http://www.bible.is/ARZVDV/Mark/1","© The Bible Society of Egypt","Old Testament Copyrights: This Bible text is brought to you by The Bible Society of Egypt<br>New Testament Copyrights: This Bible text is brought to you by The Bible Society of Egypt","whole","The first two digits of the identifier refer to the book, the next three digits to the chapter, and the last three digits to the verse. See Mayer & Cysouw (2014) for a list of book identifiers."
930,1317302,"If anyone comes in, use this.",NA,"If anyone comes in use this",NA,NA,NA,NA,NA,NA,NA,24,"eng_nfi_1107.txt","English","English","eng",NA,"2017","written","non-fiction","prepared_speeches","Latn",NA,"OpenSubtitles2018","https://object.pouta.csc.fi/OPUS-OpenSubtitles/v2018/raw/en.zip","http://www.opensubtitles.org/","http://www.opensubtitles.org/ P. Lison and J. Tiedemann, 2016, OpenSubtitles2016: Extracting Large Parallel Corpora from Movie and TV Subtitles. In Proceedings of the 10th International Conference on Language Resources and Evaluation (LREC 2016)","whole",NA
763,1000420,"breathes his love and taste for music.... Adam[Pg 372] bending over the sleeping",NA,"breathes his love and taste for music AdamPg 372 bending over the sleeping",NA,NA,NA,NA,NA,NA,NA,23,"eng_fic_58.txt","English","English","eng",NA,"2010","written","fiction","general_fiction","Latn",NA,"Jacob Zeitlin, Hazlitt on English Literature","http://www.gutenberg.org/files/31132/31132-h/31132-h.htm","http://www.gutenberg.org","http://www.gutenberg.org","part",NA
2018,2041877,"No, Marianne, you're not 18 because you didn't RSVP, so you're actually not on our table, or any table, I don't think.",NA,"No Marianne youre not 18 because you didnt RSVP so youre actually not on our table or any table I dont think",NA,NA,NA,NA,NA,NA,NA,24,"eng_nfi_948.txt","English","English","eng",NA,"2017","written","non-fiction","prepared_speeches","Latn",NA,"OpenSubtitles2018","https://object.pouta.csc.fi/OPUS-OpenSubtitles/v2018/raw/en.zip","http://www.opensubtitles.org/","http://www.opensubtitles.org/ P. Lison and J. Tiedemann, 2016, OpenSubtitles2016: Extracting Large Parallel Corpora from Movie and TV Subtitles. In Proceedings of the 10th International Conference on Language Resources and Evaluation (LREC 2016)","whole",NA
767,1020671,"be found in this world. I am confident that when she was created,",NA,"be found in this world I am confident that when she was created",NA,NA,NA,NA,NA,NA,NA,23,"eng_fic_61.txt","English","English","eng",NA,"2006","written","fiction","general_fiction","Latn",NA,"R. N. Dutta, Tales from the Hindu Dramatists","http://www.gutenberg.org/files/18285/18285-h/18285-h.htm","http://www.gutenberg.org","http://www.gutenberg.org","whole",NA
712,786100,"Delaherche recognized as General Lebrun, hurriedly crossed the corridor",NA,"Delaherche recognized as General Lebrun hurriedly crossed the corridor",NA,NA,NA,NA,NA,NA,NA,23,"eng_fic_117.txt","English","English","eng",NA,"2009","written","fiction","general_fiction","Latn",NA,"Emile Zola, The Downfall","http://www.gutenberg.org/files/13851/13851-h/13851-h.htm","http://www.gutenberg.org","http://www.gutenberg.org","part",NA
1548,1730439,"Our first shipment is coming in two days.",NA,"Our first shipment is coming in two days",NA,NA,NA,NA,NA,NA,NA,24,"eng_nfi_524.txt","English","English","eng",NA,"2017","written","non-fiction","prepared_speeches","Latn",NA,"OpenSubtitles2018","https://object.pouta.csc.fi/OPUS-OpenSubtitles/v2018/raw/en.zip","http://www.opensubtitles.org/","http://www.opensubtitles.org/ P. Lison and J. Tiedemann, 2016, OpenSubtitles2016: Extracting Large Parallel Corpora from Movie and TV Subtitles. In Proceedings of the 10th International Conference on Language Resources and Evaluation (LREC 2016)","whole",NA
1523,1717124,"So, what are you after, Billy boy?",NA,"So what are you after Billy boy",NA,NA,NA,NA,NA,NA,NA,24,"eng_nfi_501.txt","English","English","eng",NA,"2017","written","non-fiction","prepared_speeches","Latn",NA,"OpenSubtitles2018","https://object.pouta.csc.fi/OPUS-OpenSubtitles/v2018/raw/en.zip","http://www.opensubtitles.org/","http://www.opensubtitles.org/ P. Lison and J. Tiedemann, 2016, OpenSubtitles2016: Extracting Large Parallel Corpora from Movie and TV Subtitles. In Proceedings of the 10th International Conference on Language Resources and Evaluation (LREC 2016)","whole",NA
750,948326,"sounds approximately like those I had heard during the",NA,"sounds approximately like those I had heard during the",NA,NA,NA,NA,NA,NA,NA,23,"eng_fic_46.txt","English","English","eng",NA,NA,"written","fiction","general_fiction","Latn",NA,"Gutenberg Project, English","http://www.gutenberg.org/files/45623/45623-h/45623-h.htm","http://www.gutenberg.org","http://www.gutenberg.org","part",NA
801,1164883,"the north, above all the much prized amber. It is",NA,"the north above all the much prized amber It is",NA,NA,NA,NA,NA,NA,NA,23,"eng_fic_92.txt","English","English","eng",NA,NA,"written","fiction","general_fiction","Latn",NA,"Gutenberg Project, English","http://www.gutenberg.org/files/39664/39664-h/39664-h.htm","http://www.gutenberg.org","http://www.gutenberg.org","part",NA
1375,1605342,"""In the words of union leader, Jack Kelly...""",NA,"In the words of union leader Jack Kelly",NA,NA,NA,NA,NA,NA,NA,24,"eng_nfi_369.txt","English","English","eng",NA,"2017","written","non-fiction","prepared_speeches","Latn",NA,"OpenSubtitles2018","https://object.pouta.csc.fi/OPUS-OpenSubtitles/v2018/raw/en.zip","http://www.opensubtitles.org/","http://www.opensubtitles.org/ P. Lison and J. Tiedemann, 2016, OpenSubtitles2016: Extracting Large Parallel Corpora from Movie and TV Subtitles. In Proceedings of the 10th International Conference on Language Resources and Evaluation (LREC 2016)","whole",NA
803,1174038,"them probably meant calling in question their eternal salvation. In",NA,"them probably meant calling in question their eternal salvation In",NA,NA,NA,NA,NA,NA,NA,23,"eng_fic_94.txt","English","English","eng",NA,"2016","written","fiction","general_fiction","Latn",NA,"Friedrich Wilhelm Nietzsche, Human All-Too-Human, Part 1","http://www.gutenberg.org/files/51935/51935-h/51935-h.htm","http://www.gutenberg.org","http://www.gutenberg.org","part",NA
712,786046,"in his voice as he shouted:",NA,"in his voice as he shouted",NA,NA,NA,NA,NA,NA,NA,23,"eng_fic_117.txt","English","English","eng",NA,"2009","written","fiction","general_fiction","Latn",NA,"Emile Zola, The Downfall","http://www.gutenberg.org/files/13851/13851-h/13851-h.htm","http://www.gutenberg.org","http://www.gutenberg.org","part",NA
707,765735,"Old Mme. Rougon wagged her chin.",NA,"Old Mme Rougon wagged her chin",NA,NA,NA,NA,NA,NA,NA,23,"eng_fic_112.txt","English","English","eng",NA,"2009","written","fiction","general_fiction","Latn",NA,"Emile Zola, Doctor Pascal","http://www.gutenberg.org/files/10720/10720-h/10720-h.htm","http://www.gutenberg.org","http://www.gutenberg.org","part",NA
1383,1618016,"Are you guys being serious right now?",NA,"Are you guys being serious right now",NA,NA,NA,NA,NA,NA,NA,24,"eng_nfi_376.txt","English","English","eng",NA,"2017","written","non-fiction","prepared_speeches","Latn",NA,"OpenSubtitles2018","https://object.pouta.csc.fi/OPUS-OpenSubtitles/v2018/raw/en.zip","http://www.opensubtitles.org/","http://www.opensubtitles.org/ P. Lison and J. Tiedemann, 2016, OpenSubtitles2016: Extracting Large Parallel Corpora from Movie and TV Subtitles. In Proceedings of the 10th International Conference on Language Resources and Evaluation (LREC 2016)","whole",NA
2058,2073479,"Tortoise-shell comb.",NA,"Tortoiseshell comb",NA,NA,NA,NA,NA,NA,NA,24,"eng_nfi_984.txt","English","English","eng",NA,"2017","written","non-fiction","prepared_speeches","Latn",NA,"OpenSubtitles2018","https://object.pouta.csc.fi/OPUS-OpenSubtitles/v2018/raw/en.zip","http://www.opensubtitles.org/","http://www.opensubtitles.org/ P. Lison and J. Tiedemann, 2016, OpenSubtitles2016: Extracting Large Parallel Corpora from Movie and TV Subtitles. In Proceedings of the 10th International Conference on Language Resources and Evaluation (LREC 2016)","whole",NA
992,1363110,"I'm tired of standing here in the dark.",NA,"Im tired of standing here in the dark",NA,NA,NA,NA,NA,NA,NA,24,"eng_nfi_1163.txt","English","English","eng",NA,"2017","written","non-fiction","prepared_speeches","Latn",NA,"OpenSubtitles2018","https://object.pouta.csc.fi/OPUS-OpenSubtitles/v2018/raw/en.zip","http://www.opensubtitles.org/","http://www.opensubtitles.org/ P. Lison and J. Tiedemann, 2016, OpenSubtitles2016: Extracting Large Parallel Corpora from Movie and TV Subtitles. In Proceedings of the 10th International Conference on Language Resources and Evaluation (LREC 2016)","whole",NA
791,1116513,"higher intelligence and a creative will as the highest and last cause",NA,"higher intelligence and a creative will as the highest and last cause",NA,NA,NA,NA,NA,NA,NA,23,"eng_fic_83.txt","English","English","eng",NA,"2007","written","fiction","general_fiction","Latn",NA,"Rudolf Schmid, The Theories of Darwin and Their Relation to Philosophy, Religion, and Morality","http://www.gutenberg.org/files/22150/22150-h/22150-h.htm","http://www.gutenberg.org","http://www.gutenberg.org","part",NA
1263,1537102,"We should be preparing the city for a siege.",NA,"We should be preparing the city for a siege",NA,NA,NA,NA,NA,NA,NA,24,"eng_nfi_268.txt","English","English","eng",NA,"2017","written","non-fiction","prepared_speeches","Latn",NA,"OpenSubtitles2018","https://object.pouta.csc.fi/OPUS-OpenSubtitles/v2018/raw/en.zip","http://www.opensubtitles.org/","http://www.opensubtitles.org/ P. Lison and J. Tiedemann, 2016, OpenSubtitles2016: Extracting Large Parallel Corpora from Movie and TV Subtitles. In Proceedings of the 10th International Conference on Language Resources and Evaluation (LREC 2016)","whole",NA
1859,1921046,"- we need by my calculations...",NA,"we need by my calculations",NA,NA,NA,NA,NA,NA,NA,24,"eng_nfi_804.txt","English","English","eng",NA,"2017","written","non-fiction","prepared_speeches","Latn",NA,"OpenSubtitles2018","https://object.pouta.csc.fi/OPUS-OpenSubtitles/v2018/raw/en.zip","http://www.opensubtitles.org/","http://www.opensubtitles.org/ P. Lison and J. Tiedemann, 2016, OpenSubtitles2016: Extracting Large Parallel Corpora from Movie and TV Subtitles. In Proceedings of the 10th International Conference on Language Resources and Evaluation (LREC 2016)","whole",NA
1272,1542382,"[tense music]",NA,"tense music",NA,NA,NA,NA,NA,NA,NA,24,"eng_nfi_276.txt","English","English","eng",NA,"2017","written","non-fiction","prepared_speeches","Latn",NA,"OpenSubtitles2018","https://object.pouta.csc.fi/OPUS-OpenSubtitles/v2018/raw/en.zip","http://www.opensubtitles.org/","http://www.opensubtitles.org/ P. Lison and J. Tiedemann, 2016, OpenSubtitles2016: Extracting Large Parallel Corpora from Movie and TV Subtitles. In Proceedings of the 10th International Conference on Language Resources and Evaluation (LREC 2016)","whole",NA
693,709594,"Where things that own not man’s dominion",NA,"Where things that own not mans dominion",NA,NA,NA,NA,NA,NA,NA,23,"eng_fic_10.txt","English","English","eng",NA,"2014","written","fiction","general_fiction","Latn",NA,"H. J. Mozans, Up the Orinoco and down the Magdalena","http://www.gutenberg.org/files/45848/45848-h/45848-h.htm","http://www.gutenberg.org","http://www.gutenberg.org","part",NA
1463,1671054,"Come on, buddy, I'm here with you, all right?",NA,"Come on buddy Im here with you all right",NA,NA,NA,NA,NA,NA,NA,24,"eng_nfi_448.txt","English","English","eng",NA,"2017","written","non-fiction","prepared_speeches","Latn",NA,"OpenSubtitles2018","https://object.pouta.csc.fi/OPUS-OpenSubtitles/v2018/raw/en.zip","http://www.opensubtitles.org/","http://www.opensubtitles.org/ P. Lison and J. Tiedemann, 2016, OpenSubtitles2016: Extracting Large Parallel Corpora from Movie and TV Subtitles. In Proceedings of the 10th International Conference on Language Resources and Evaluation (LREC 2016)","whole",NA
771,1039723,"with the history of man.",NA,"with the history of man",NA,NA,NA,NA,NA,NA,NA,23,"eng_fic_65.txt","English","English","eng",NA,"2013","written","fiction","general_fiction","Latn",NA,"James Slough Zerbe, Motors","http://www.gutenberg.org/files/42369/42369-h/42369-h.htm","http://www.gutenberg.org","http://www.gutenberg.org","whole",NA
1991,2016411,"- Apothecary?",NA,"Apothecary",NA,NA,NA,NA,NA,NA,NA,24,"eng_nfi_923.txt","English","English","eng",NA,"2017","written","non-fiction","prepared_speeches","Latn",NA,"OpenSubtitles2018","https://object.pouta.csc.fi/OPUS-OpenSubtitles/v2018/raw/en.zip","http://www.opensubtitles.org/","http://www.opensubtitles.org/ P. Lison and J. Tiedemann, 2016, OpenSubtitles2016: Extracting Large Parallel Corpora from Movie and TV Subtitles. In Proceedings of the 10th International Conference on Language Resources and Evaluation (LREC 2016)","whole",NA
784,1095008,"let them bake until perfectly tender. Nice with sweet cream or",NA,"let them bake until perfectly tender Nice with sweet cream or",NA,NA,NA,NA,NA,NA,NA,23,"eng_fic_77.txt","English","English","eng",NA,"2004","written","fiction","general_fiction","Latn",NA,"Mrs. F.L. Gillette, The Whitehouse Cookbook (1887)","http://www.gutenberg.org/files/13923/13923-h/13923-h.htm","http://www.gutenberg.org","http://www.gutenberg.org","part",NA
1251,1530149,"Maybe that's all it is, a promise that ain't gonna never be kept.",NA,"Maybe thats all it is a promise that aint gonna never be kept",NA,NA,NA,NA,NA,NA,NA,24,"eng_nfi_257.txt","English","English","eng",NA,"2017","written","non-fiction","prepared_speeches","Latn",NA,"OpenSubtitles2018","https://object.pouta.csc.fi/OPUS-OpenSubtitles/v2018/raw/en.zip","http://www.opensubtitles.org/","http://www.opensubtitles.org/ P. Lison and J. Tiedemann, 2016, OpenSubtitles2016: Extracting Large Parallel Corpora from Movie and TV Subtitles. In Proceedings of the 10th International Conference on Language Resources and Evaluation (LREC 2016)","whole",NA
711,781976,"chasseurs d'Afrique defiling slowly before the mill; the miller was",NA,"chasseurs dAfrique defiling slowly before the mill the miller was",NA,NA,NA,NA,NA,NA,NA,23,"eng_fic_116.txt","English","English","eng",NA,"2009","written","fiction","general_fiction","Latn",NA,"Emile Zola, The Downfall","http://www.gutenberg.org/files/13851/13851-h/13851-h.htm","http://www.gutenberg.org","http://www.gutenberg.org","part",NA
1170,1478109,"Hamas is responsible for Palestinians it almost 70 years own refugee's Fund, the rubbish all other refugees worldwide have with the content un hcr the uni-budget 2016 is 136 billion euro",NA,"Hamas is responsible for Palestinians it almost 70 years own refugees Fund the rubbish all other refugees worldwide have with the content un hcr the unibudget 2016 is 136 billion euro",NA,NA,NA,NA,NA,NA,NA,24,"eng_nfi_184.txt","English","English","eng",NA,"2017","written","non-fiction","prepared_speeches","Latn",NA,"OpenSubtitles2018","https://object.pouta.csc.fi/OPUS-OpenSubtitles/v2018/raw/en.zip","http://www.opensubtitles.org/","http://www.opensubtitles.org/ P. Lison and J. Tiedemann, 2016, OpenSubtitles2016: Extracting Large Parallel Corpora from Movie and TV Subtitles. In Proceedings of the 10th International Conference on Language Resources and Evaluation (LREC 2016)","whole",NA
1353,1592523,"I said I want my gun, you bastard!",NA,"I said I want my gun you bastard",NA,NA,NA,NA,NA,NA,NA,24,"eng_nfi_349.txt","English","English","eng",NA,"2017","written","non-fiction","prepared_speeches","Latn",NA,"OpenSubtitles2018","https://object.pouta.csc.fi/OPUS-OpenSubtitles/v2018/raw/en.zip","http://www.opensubtitles.org/","http://www.opensubtitles.org/ P. Lison and J. Tiedemann, 2016, OpenSubtitles2016: Extracting Large Parallel Corpora from Movie and TV Subtitles. In Proceedings of the 10th International Conference on Language Resources and Evaluation (LREC 2016)","whole",NA
1050,1399962,"Hello?",NA,"Hello",NA,NA,NA,NA,NA,NA,NA,24,"eng_nfi_1215.txt","English","English","eng",NA,"2017","written","non-fiction","prepared_speeches","Latn",NA,"OpenSubtitles2018","https://object.pouta.csc.fi/OPUS-OpenSubtitles/v2018/raw/en.zip","http://www.opensubtitles.org/","http://www.opensubtitles.org/ P. Lison and J. Tiedemann, 2016, OpenSubtitles2016: Extracting Large Parallel Corpora from Movie and TV Subtitles. In Proceedings of the 10th International Conference on Language Resources and Evaluation (LREC 2016)","whole",NA
720,819509,"my reticence, I beg you to believe it was unintentionally. The memory of",NA,"my reticence I beg you to believe it was unintentionally The memory of",NA,NA,NA,NA,NA,NA,NA,23,"eng_fic_19.txt","English","English","eng",NA,"2004","written","fiction","general_fiction","Latn",NA,"Zangwill, Israel, 1864-1926, Children of the Ghetto:	A Study of a Peculiar People, London (England) -- Fiction","http://www.gutenberg.org/ebooks/12680.html.noimages","http://www.gutenberg.org","http://www.gutenberg.org","part",NA
1521,1716169,"- Okay.",NA,"Okay",NA,NA,NA,NA,NA,NA,NA,24,"eng_nfi_50.txt","English","English","eng",NA,"2017","written","non-fiction","prepared_speeches","Latn",NA,"OpenSubtitles2018","https://object.pouta.csc.fi/OPUS-OpenSubtitles/v2018/raw/en.zip","http://www.opensubtitles.org/","http://www.opensubtitles.org/ P. Lison and J. Tiedemann, 2016, OpenSubtitles2016: Extracting Large Parallel Corpora from Movie and TV Subtitles. In Proceedings of the 10th International Conference on Language Resources and Evaluation (LREC 2016)","whole",NA
733,870592,"can do to dress up to the position.""",NA,"can do to dress up to the position",NA,NA,NA,NA,NA,NA,NA,23,"eng_fic_30.txt","English","English","eng",NA,"2011","written","fiction","general_fiction","Latn",NA,"Israel Zangwill, Ghetto Tragedies","http://www.gutenberg.org/files/35076/35076-h/35076-h.htm","http://www.gutenberg.org","http://www.gutenberg.org","part",NA
915,1308414,"Hey.",NA,"Hey",NA,NA,NA,NA,NA,NA,NA,24,"eng_nfi_1094.txt","English","English","eng",NA,"2017","written","non-fiction","prepared_speeches","Latn",NA,"OpenSubtitles2018","https://object.pouta.csc.fi/OPUS-OpenSubtitles/v2018/raw/en.zip","http://www.opensubtitles.org/","http://www.opensubtitles.org/ P. Lison and J. Tiedemann, 2016, OpenSubtitles2016: Extracting Large Parallel Corpora from Movie and TV Subtitles. In Proceedings of the 10th International Conference on Language Resources and Evaluation (LREC 2016)","whole",NA
1999,2022575,"You would be awesome at that.",NA,"You would be awesome at that",NA,NA,NA,NA,NA,NA,NA,24,"eng_nfi_930.txt","English","English","eng",NA,"2017","written","non-fiction","prepared_speeches","Latn",NA,"OpenSubtitles2018","https://object.pouta.csc.fi/OPUS-OpenSubtitles/v2018/raw/en.zip","http://www.opensubtitles.org/","http://www.opensubtitles.org/ P. Lison and J. Tiedemann, 2016, OpenSubtitles2016: Extracting Large Parallel Corpora from Movie and TV Subtitles. In Proceedings of the 10th International Conference on Language Resources and Evaluation (LREC 2016)","whole",NA
783,1089410,"of butter. Now add the clams. Let them come to a boil and serve.",NA,"of butter Now add the clams Let them come to a boil and serve",NA,NA,NA,NA,NA,NA,NA,23,"eng_fic_76.txt","English","English","eng",NA,"2004","written","fiction","general_fiction","Latn",NA,"Mrs. F.L. Gillette, The Whitehouse Cookbook (1887)","http://www.gutenberg.org/files/13923/13923-h/13923-h.htm","http://www.gutenberg.org","http://www.gutenberg.org","part",NA
995,1366560,"Now she's got a chance to go to a fancy-ass school!",NA,"Now shes got a chance to go to a fancyass school",NA,NA,NA,NA,NA,NA,NA,24,"eng_nfi_1166.txt","English","English","eng",NA,"2017","written","non-fiction","prepared_speeches","Latn",NA,"OpenSubtitles2018","https://object.pouta.csc.fi/OPUS-OpenSubtitles/v2018/raw/en.zip","http://www.opensubtitles.org/","http://www.opensubtitles.org/ P. Lison and J. Tiedemann, 2016, OpenSubtitles2016: Extracting Large Parallel Corpora from Movie and TV Subtitles. In Proceedings of the 10th International Conference on Language Resources and Evaluation (LREC 2016)","whole",NA
806,1186702,"afterwards, when society is divided into different ranks, and",NA,"afterwards when society is divided into different ranks and",NA,NA,NA,NA,NA,NA,NA,23,"eng_fic_97.txt","English","English","eng",NA,NA,"written","fiction","general_fiction","Latn",NA,"Gutenberg Project, English","http://www.gutenberg.org/files/47610/47610-h/47610-h.htm","http://www.gutenberg.org","http://www.gutenberg.org","part",NA
1924,1974231,"Stay on the ground, man.",NA,"Stay on the ground man",NA,NA,NA,NA,NA,NA,NA,24,"eng_nfi_863.txt","English","English","eng",NA,"2017","written","non-fiction","prepared_speeches","Latn",NA,"OpenSubtitles2018","https://object.pouta.csc.fi/OPUS-OpenSubtitles/v2018/raw/en.zip","http://www.opensubtitles.org/","http://www.opensubtitles.org/ P. Lison and J. Tiedemann, 2016, OpenSubtitles2016: Extracting Large Parallel Corpora from Movie and TV Subtitles. In Proceedings of the 10th International Conference on Language Resources and Evaluation (LREC 2016)","whole",NA
712,785800,"victorious. Two attendants came in, bearing Captain Beaudoin on a",NA,"victorious Two attendants came in bearing Captain Beaudoin on a",NA,NA,NA,NA,NA,NA,NA,23,"eng_fic_117.txt","English","English","eng",NA,"2009","written","fiction","general_fiction","Latn",NA,"Emile Zola, The Downfall","http://www.gutenberg.org/files/13851/13851-h/13851-h.htm","http://www.gutenberg.org","http://www.gutenberg.org","part",NA
1464,1672020,"And you thought you'd, uh,",NA,"And you thought youd uh",NA,NA,NA,NA,NA,NA,NA,24,"eng_nfi_449.txt","English","English","eng",NA,"2017","written","non-fiction","prepared_speeches","Latn",NA,"OpenSubtitles2018","https://object.pouta.csc.fi/OPUS-OpenSubtitles/v2018/raw/en.zip","http://www.opensubtitles.org/","http://www.opensubtitles.org/ P. Lison and J. Tiedemann, 2016, OpenSubtitles2016: Extracting Large Parallel Corpora from Movie and TV Subtitles. In Proceedings of the 10th International Conference on Language Resources and Evaluation (LREC 2016)","whole",NA
1350,1590741,"And this article says calcium.",NA,"And this article says calcium",NA,NA,NA,NA,NA,NA,NA,24,"eng_nfi_346.txt","English","English","eng",NA,"2017","written","non-fiction","prepared_speeches","Latn",NA,"OpenSubtitles2018","https://object.pouta.csc.fi/OPUS-OpenSubtitles/v2018/raw/en.zip","http://www.opensubtitles.org/","http://www.opensubtitles.org/ P. Lison and J. Tiedemann, 2016, OpenSubtitles2016: Extracting Large Parallel Corpora from Movie and TV Subtitles. In Proceedings of the 10th International Conference on Language Resources and Evaluation (LREC 2016)","whole",NA
707,762576,"“They are both upstairs, are they not?” said Felicite. “I will go up and",NA,"They are both upstairs are they not said Felicite I will go up and",NA,NA,NA,NA,NA,NA,NA,23,"eng_fic_112.txt","English","English","eng",NA,"2009","written","fiction","general_fiction","Latn",NA,"Emile Zola, Doctor Pascal","http://www.gutenberg.org/files/10720/10720-h/10720-h.htm","http://www.gutenberg.org","http://www.gutenberg.org","part",NA
1956,1994423,"You're hurting me.",NA,"Youre hurting me",NA,NA,NA,NA,NA,NA,NA,24,"eng_nfi_892.txt","English","English","eng",NA,"2017","written","non-fiction","prepared_speeches","Latn",NA,"OpenSubtitles2018","https://object.pouta.csc.fi/OPUS-OpenSubtitles/v2018/raw/en.zip","http://www.opensubtitles.org/","http://www.opensubtitles.org/ P. Lison and J. Tiedemann, 2016, OpenSubtitles2016: Extracting Large Parallel Corpora from Movie and TV Subtitles. In Proceedings of the 10th International Conference on Language Resources and Evaluation (LREC 2016)","whole",NA
1662,1800447,"Don't know.",NA,"Dont know",NA,NA,NA,NA,NA,NA,NA,24,"eng_nfi_627.txt","English","English","eng",NA,"2017","written","non-fiction","prepared_speeches","Latn",NA,"OpenSubtitles2018","https://object.pouta.csc.fi/OPUS-OpenSubtitles/v2018/raw/en.zip","http://www.opensubtitles.org/","http://www.opensubtitles.org/ P. Lison and J. Tiedemann, 2016, OpenSubtitles2016: Extracting Large Parallel Corpora from Movie and TV Subtitles. In Proceedings of the 10th International Conference on Language Resources and Evaluation (LREC 2016)","whole",NA
720,819503,"The flush on his own face deepened; his features expressed internal",NA,"The flush on his own face deepened his features expressed internal",NA,NA,NA,NA,NA,NA,NA,23,"eng_fic_19.txt","English","English","eng",NA,"2004","written","fiction","general_fiction","Latn",NA,"Zangwill, Israel, 1864-1926, Children of the Ghetto:	A Study of a Peculiar People, London (England) -- Fiction","http://www.gutenberg.org/ebooks/12680.html.noimages","http://www.gutenberg.org","http://www.gutenberg.org","part",NA
733,867525,"Dreamer of the Ghetto and American Man of Action, the Governor and",NA,"Dreamer of the Ghetto and American Man of Action the Governor and",NA,NA,NA,NA,NA,NA,NA,23,"eng_fic_30.txt","English","English","eng",NA,"2011","written","fiction","general_fiction","Latn",NA,"Israel Zangwill, Ghetto Tragedies","http://www.gutenberg.org/files/35076/35076-h/35076-h.htm","http://www.gutenberg.org","http://www.gutenberg.org","part",NA
2025,2045491,"I was adopted by a group of monks.",NA,"I was adopted by a group of monks",NA,NA,NA,NA,NA,NA,NA,24,"eng_nfi_954.txt","English","English","eng",NA,"2017","written","non-fiction","prepared_speeches","Latn",NA,"OpenSubtitles2018","https://object.pouta.csc.fi/OPUS-OpenSubtitles/v2018/raw/en.zip","http://www.opensubtitles.org/","http://www.opensubtitles.org/ P. Lison and J. Tiedemann, 2016, OpenSubtitles2016: Extracting Large Parallel Corpora from Movie and TV Subtitles. In Proceedings of the 10th International Conference on Language Resources and Evaluation (LREC 2016)","whole",NA
1632,1783225,"And they sent you in to talk to me.",NA,"And they sent you in to talk to me",NA,NA,NA,NA,NA,NA,NA,24,"eng_nfi_60.txt","English","English","eng",NA,"2017","written","non-fiction","prepared_speeches","Latn",NA,"OpenSubtitles2018","https://object.pouta.csc.fi/OPUS-OpenSubtitles/v2018/raw/en.zip","http://www.opensubtitles.org/","http://www.opensubtitles.org/ P. Lison and J. Tiedemann, 2016, OpenSubtitles2016: Extracting Large Parallel Corpora from Movie and TV Subtitles. In Proceedings of the 10th International Conference on Language Resources and Evaluation (LREC 2016)","whole",NA
853,1265556,"Hyah!",NA,"Hyah",NA,NA,NA,NA,NA,NA,NA,24,"eng_nfi_1038.txt","English","English","eng",NA,"2017","written","non-fiction","prepared_speeches","Latn",NA,"OpenSubtitles2018","https://object.pouta.csc.fi/OPUS-OpenSubtitles/v2018/raw/en.zip","http://www.opensubtitles.org/","http://www.opensubtitles.org/ P. Lison and J. Tiedemann, 2016, OpenSubtitles2016: Extracting Large Parallel Corpora from Movie and TV Subtitles. In Proceedings of the 10th International Conference on Language Resources and Evaluation (LREC 2016)","whole",NA
1449,1661432,"We can make it a blend of both of us.",NA,"We can make it a blend of both of us",NA,NA,NA,NA,NA,NA,NA,24,"eng_nfi_435.txt","English","English","eng",NA,"2017","written","non-fiction","prepared_speeches","Latn",NA,"OpenSubtitles2018","https://object.pouta.csc.fi/OPUS-OpenSubtitles/v2018/raw/en.zip","http://www.opensubtitles.org/","http://www.opensubtitles.org/ P. Lison and J. Tiedemann, 2016, OpenSubtitles2016: Extracting Large Parallel Corpora from Movie and TV Subtitles. In Proceedings of the 10th International Conference on Language Resources and Evaluation (LREC 2016)","whole",NA
741,911034,"A strange fire crept into the old patriarch’s eyes. “A big-boned",NA,"A strange fire crept into the old patriarchs eyes A bigboned",NA,NA,NA,NA,NA,NA,NA,23,"eng_fic_38.txt","English","English","eng",NA,"2018","written","fiction","general_fiction","Latn",NA,"Israel Zangwill, Jinny the Carrier","http://www.gutenberg.org/files/57836/57836-h/57836-h.htm","http://www.gutenberg.org","http://www.gutenberg.org","part",NA
1811,1890573,"I do.",NA,"I do",NA,NA,NA,NA,NA,NA,NA,24,"eng_nfi_761.txt","English","English","eng",NA,"2017","written","non-fiction","prepared_speeches","Latn",NA,"OpenSubtitles2018","https://object.pouta.csc.fi/OPUS-OpenSubtitles/v2018/raw/en.zip","http://www.opensubtitles.org/","http://www.opensubtitles.org/ P. Lison and J. Tiedemann, 2016, OpenSubtitles2016: Extracting Large Parallel Corpora from Movie and TV Subtitles. In Proceedings of the 10th International Conference on Language Resources and Evaluation (LREC 2016)","whole",NA
806,1189038,"Vanbrugh, who was a Poet as well as an Architect, there",NA,"Vanbrugh who was a Poet as well as an Architect there",NA,NA,NA,NA,NA,NA,NA,23,"eng_fic_97.txt","English","English","eng",NA,NA,"written","fiction","general_fiction","Latn",NA,"Gutenberg Project, English","http://www.gutenberg.org/files/47610/47610-h/47610-h.htm","http://www.gutenberg.org","http://www.gutenberg.org","part",NA
772,1040414,"Paper Measure. Table of Temperatures. Strength of Various Metals.",NA,"Paper Measure Table of Temperatures Strength of Various Metals",NA,NA,NA,NA,NA,NA,NA,23,"eng_fic_66.txt","English","English","eng",NA,"2007","written","fiction","general_fiction","Latn",NA,"J. S. Zerbe, Practical Mechanics for Boys","http://www.gutenberg.org/files/22298/22298-h/22298-h.htm","http://www.gutenberg.org","http://www.gutenberg.org","whole",NA
773,1047603,"and thus originated polylithic wall-decoration. The",NA,"and thus originated polylithic walldecoration The",NA,NA,NA,NA,NA,NA,NA,23,"eng_fic_67.txt","English","English","eng",NA,NA,"written","fiction","general_fiction","Latn",NA,"Gutenberg Project, English","http://www.gutenberg.org/files/44509/44509-h/44509-h.htm","http://www.gutenberg.org","http://www.gutenberg.org","part",NA
782,1085225,"implements of the table, and last, but not least, to eat slowly and",NA,"implements of the table and last but not least to eat slowly and",NA,NA,NA,NA,NA,NA,NA,23,"eng_fic_75.txt","English","English","eng",NA,"2004","written","fiction","general_fiction","Latn",NA,"Mrs. F.L. Gillette, The Whitehouse Cookbook (1887)","http://www.gutenberg.org/files/13923/13923-h/13923-h.htm","http://www.gutenberg.org","http://www.gutenberg.org","part",NA
1223,1513628,"Hello?",NA,"Hello",NA,NA,NA,NA,NA,NA,NA,24,"eng_nfi_231.txt","English","English","eng",NA,"2017","written","non-fiction","prepared_speeches","Latn",NA,"OpenSubtitles2018","https://object.pouta.csc.fi/OPUS-OpenSubtitles/v2018/raw/en.zip","http://www.opensubtitles.org/","http://www.opensubtitles.org/ P. Lison and J. Tiedemann, 2016, OpenSubtitles2016: Extracting Large Parallel Corpora from Movie and TV Subtitles. In Proceedings of the 10th International Conference on Language Resources and Evaluation (LREC 2016)","whole",NA
725,836180,"agrees with Rhodes that the salvation of mankind lies in British",NA,"agrees with Rhodes that the salvation of mankind lies in British",NA,NA,NA,NA,NA,NA,NA,23,"eng_fic_23.txt","English","English","eng",NA,"2007","written","fiction","general_fiction","Latn",NA,"Israel Zangwill, Chosen Peoples","http://www.gutenberg.org/files/20631/20631-h/20631-h.htm","http://www.gutenberg.org","http://www.gutenberg.org","whole",NA
1665,1802078,"Hey, coach, what do you need?",NA,"Hey coach what do you need",NA,NA,NA,NA,NA,NA,NA,24,"eng_nfi_63.txt","English","English","eng",NA,"2017","written","non-fiction","prepared_speeches","Latn",NA,"OpenSubtitles2018","https://object.pouta.csc.fi/OPUS-OpenSubtitles/v2018/raw/en.zip","http://www.opensubtitles.org/","http://www.opensubtitles.org/ P. Lison and J. Tiedemann, 2016, OpenSubtitles2016: Extracting Large Parallel Corpora from Movie and TV Subtitles. In Proceedings of the 10th International Conference on Language Resources and Evaluation (LREC 2016)","whole",NA
1962,1998740,"But something has escaped you.",NA,"But something has escaped you",NA,NA,NA,NA,NA,NA,NA,24,"eng_nfi_898.txt","English","English","eng",NA,"2017","written","non-fiction","prepared_speeches","Latn",NA,"OpenSubtitles2018","https://object.pouta.csc.fi/OPUS-OpenSubtitles/v2018/raw/en.zip","http://www.opensubtitles.org/","http://www.opensubtitles.org/ P. Lison and J. Tiedemann, 2016, OpenSubtitles2016: Extracting Large Parallel Corpora from Movie and TV Subtitles. In Proceedings of the 10th International Conference on Language Resources and Evaluation (LREC 2016)","whole",NA
1892,1948952,"And thank you for accommodating me,",NA,"And thank you for accommodating me",NA,NA,NA,NA,NA,NA,NA,24,"eng_nfi_834.txt","English","English","eng",NA,"2017","written","non-fiction","prepared_speeches","Latn",NA,"OpenSubtitles2018","https://object.pouta.csc.fi/OPUS-OpenSubtitles/v2018/raw/en.zip","http://www.opensubtitles.org/","http://www.opensubtitles.org/ P. Lison and J. Tiedemann, 2016, OpenSubtitles2016: Extracting Large Parallel Corpora from Movie and TV Subtitles. In Proceedings of the 10th International Conference on Language Resources and Evaluation (LREC 2016)","whole",NA
806,1191203,"would make him known to posterity by his defects only; he",NA,"would make him known to posterity by his defects only he",NA,NA,NA,NA,NA,NA,NA,23,"eng_fic_97.txt","English","English","eng",NA,NA,"written","fiction","general_fiction","Latn",NA,"Gutenberg Project, English","http://www.gutenberg.org/files/47610/47610-h/47610-h.htm","http://www.gutenberg.org","http://www.gutenberg.org","part",NA
698,722855,"infant in swaddling clothes. As it began to cry, she turned her back upon",NA,"infant in swaddling clothes As it began to cry she turned her back upon",NA,NA,NA,NA,NA,NA,NA,23,"eng_fic_104.txt","English","English","eng",NA,"2009","written","fiction","general_fiction","Latn",NA,"Emile Zola, Abbe Mouret's Transgression","http://www.gutenberg.org/files/14200/14200-h/14200-h.htm","http://www.gutenberg.org","http://www.gutenberg.org","part",NA
717,805976,"The linear expansions are the mean values of the results of various",NA,"The linear expansions are the mean values of the results of various",NA,NA,NA,NA,NA,NA,NA,23,"eng_fic_16.txt","English","English","eng",NA,"2011","written","fiction","general_fiction","Latn",NA,"Henry Negretti, A Treatise on Meteorological Instruments","http://www.gutenberg.org/files/36457/36457-h/36457-h.htm","http://www.gutenberg.org","http://www.gutenberg.org","part",NA
2037,2057791,"- Like, what's her deal?",NA,"Like whats her deal",NA,NA,NA,NA,NA,NA,NA,24,"eng_nfi_965.txt","English","English","eng",NA,"2017","written","non-fiction","prepared_speeches","Latn",NA,"OpenSubtitles2018","https://object.pouta.csc.fi/OPUS-OpenSubtitles/v2018/raw/en.zip","http://www.opensubtitles.org/","http://www.opensubtitles.org/ P. Lison and J. Tiedemann, 2016, OpenSubtitles2016: Extracting Large Parallel Corpora from Movie and TV Subtitles. In Proceedings of the 10th International Conference on Language Resources and Evaluation (LREC 2016)","whole",NA
1083,1424101,"It means his freedom.",NA,"It means his freedom",NA,NA,NA,NA,NA,NA,NA,24,"eng_nfi_1245.txt","English","English","eng",NA,"2017","written","non-fiction","prepared_speeches","Latn",NA,"OpenSubtitles2018","https://object.pouta.csc.fi/OPUS-OpenSubtitles/v2018/raw/en.zip","http://www.opensubtitles.org/","http://www.opensubtitles.org/ P. Lison and J. Tiedemann, 2016, OpenSubtitles2016: Extracting Large Parallel Corpora from Movie and TV Subtitles. In Proceedings of the 10th International Conference on Language Resources and Evaluation (LREC 2016)","whole",NA
2007,2032513,"The torpedoes missed.",NA,"The torpedoes missed",NA,NA,NA,NA,NA,NA,NA,24,"eng_nfi_938.txt","English","English","eng",NA,"2017","written","non-fiction","prepared_speeches","Latn",NA,"OpenSubtitles2018","https://object.pouta.csc.fi/OPUS-OpenSubtitles/v2018/raw/en.zip","http://www.opensubtitles.org/","http://www.opensubtitles.org/ P. Lison and J. Tiedemann, 2016, OpenSubtitles2016: Extracting Large Parallel Corpora from Movie and TV Subtitles. In Proceedings of the 10th International Conference on Language Resources and Evaluation (LREC 2016)","whole",NA
1306,1561409,"- Audrey--",NA,"Audrey",NA,NA,NA,NA,NA,NA,NA,24,"eng_nfi_306.txt","English","English","eng",NA,"2017","written","non-fiction","prepared_speeches","Latn",NA,"OpenSubtitles2018","https://object.pouta.csc.fi/OPUS-OpenSubtitles/v2018/raw/en.zip","http://www.opensubtitles.org/","http://www.opensubtitles.org/ P. Lison and J. Tiedemann, 2016, OpenSubtitles2016: Extracting Large Parallel Corpora from Movie and TV Subtitles. In Proceedings of the 10th International Conference on Language Resources and Evaluation (LREC 2016)","whole",NA
719,813000,"compositor; and apostleship was obviously a profession better paid and",NA,"compositor and apostleship was obviously a profession better paid and",NA,NA,NA,NA,NA,NA,NA,23,"eng_fic_18.txt","English","English","eng",NA,"2009","written","fiction","general_fiction","Latn",NA,"I. Zangwill, The Big Bow Mystery","http://www.gutenberg.org/files/28164/28164-h/28164-h.htm","http://www.gutenberg.org","http://www.gutenberg.org","whole",NA
709,771883,"state. And there was a finicking completeness, moreover, about his toilet,",NA,"state And there was a finicking completeness moreover about his toilet",NA,NA,NA,NA,NA,NA,NA,23,"eng_fic_114.txt","English","English","eng",NA,"2009","written","fiction","general_fiction","Latn",NA,"Emile Zola, The Downfall","http://www.gutenberg.org/files/13851/13851-h/13851-h.htm","http://www.gutenberg.org","http://www.gutenberg.org","part",NA
1919,1970833,"Sometimes I can't believe... he is my husband.",NA,"Sometimes I cant believe he is my husband",NA,NA,NA,NA,NA,NA,NA,24,"eng_nfi_859.txt","English","English","eng",NA,"2017","written","non-fiction","prepared_speeches","Latn",NA,"OpenSubtitles2018","https://object.pouta.csc.fi/OPUS-OpenSubtitles/v2018/raw/en.zip","http://www.opensubtitles.org/","http://www.opensubtitles.org/ P. Lison and J. Tiedemann, 2016, OpenSubtitles2016: Extracting Large Parallel Corpora from Movie and TV Subtitles. In Proceedings of the 10th International Conference on Language Resources and Evaluation (LREC 2016)","whole",NA
1149,1463171,"This isn't a one-off.",NA,"This isnt a oneoff",NA,NA,NA,NA,NA,NA,NA,24,"eng_nfi_165.txt","English","English","eng",NA,"2017","written","non-fiction","prepared_speeches","Latn",NA,"OpenSubtitles2018","https://object.pouta.csc.fi/OPUS-OpenSubtitles/v2018/raw/en.zip","http://www.opensubtitles.org/","http://www.opensubtitles.org/ P. Lison and J. Tiedemann, 2016, OpenSubtitles2016: Extracting Large Parallel Corpora from Movie and TV Subtitles. In Proceedings of the 10th International Conference on Language Resources and Evaluation (LREC 2016)","whole",NA
735,880540,"Amber could not help smiling. ""Poor Lady Chelmer!"" she said, nodding",NA,"Amber could not help smiling Poor Lady Chelmer she said nodding",NA,NA,NA,NA,NA,NA,NA,23,"eng_fic_32.txt","English","English","eng",NA,"2005","written","fiction","general_fiction","Latn",NA,"Israel Zangwill, The Grey Wig:	Stories and Novelettes","http://www.gutenberg.org/files/16408/16408-h/16408-h.htm","http://www.gutenberg.org","http://www.gutenberg.org","part",NA
769,1029760,"a field for venturing into the learned professions",NA,"a field for venturing into the learned professions",NA,NA,NA,NA,NA,NA,NA,23,"eng_fic_63.txt","English","English","eng",NA,"2007","written","fiction","general_fiction","Latn",NA,"J. S. Zerbe, Carpentry for Boys","http://www.gutenberg.org/files/20763/20763-h/20763-h.htm","http://www.gutenberg.org","http://www.gutenberg.org","whole",NA
2204,2574133,"— En tiedä.",NA,"En tiedä",NA,NA,NA,NA,NA,NA,NA,28,"fin_fic_68.txt","Finnish","Finnish","fin",NA,"2011","written","fiction","general_fiction","Latn",NA,"Topelius, Zacharias, 1818-1898, Välskärin kertomuksia 4.2, Vaasan prinsessa, Sweden -- History -- Adolphus Frederick, 1751-1771 -- Fiction","http://www.gutenberg.org/ebooks/36466.html.noimages","http://www.gutenberg.org","http://www.gutenberg.org","part",NA
4373,3862450,"Juttelin juuri tuottajan kanssa.",NA,"Juttelin juuri tuottajan kanssa",NA,NA,NA,NA,NA,NA,NA,29,"fin_nfi_748.txt","Finnish","Finnish","fin",NA,"2016","written","non-fiction","prepared_speeches","Latn",NA,"OpenSubtitles2018","https://object.pouta.csc.fi/OPUS-OpenSubtitles/v2018/raw/fi.zip","http://www.opensubtitles.org/","http://www.opensubtitles.org/ P. Lison and J. Tiedemann, 2016, OpenSubtitles2016: Extracting Large Parallel Corpora from Movie and TV Subtitles. In Proceedings of the 10th International Conference on Language Resources and Evaluation (LREC 2016)","whole",NA
3026,3193684,"- Olen pahoillani.",NA,"Olen pahoillani",NA,NA,NA,NA,NA,NA,NA,29,"fin_nfi_1707.txt","Finnish","Finnish","fin",NA,"2016","written","non-fiction","prepared_speeches","Latn",NA,"OpenSubtitles2018","https://object.pouta.csc.fi/OPUS-OpenSubtitles/v2018/raw/fi.zip","http://www.opensubtitles.org/","http://www.opensubtitles.org/ P. Lison and J. Tiedemann, 2016, OpenSubtitles2016: Extracting Large Parallel Corpora from Movie and TV Subtitles. In Proceedings of the 10th International Conference on Language Resources and Evaluation (LREC 2016)","whole",NA
2174,2437022,"karaista sydäntänsä ylenkatsomaan vainajien vihaa, täytyi hänen",NA,"karaista sydäntänsä ylenkatsomaan vainajien vihaa täytyi hänen",NA,NA,NA,NA,NA,NA,NA,28,"fin_fic_40.txt","Finnish","Finnish","fin",NA,"2017","written","fiction","general_fiction","Latn",NA,"Various, Kuvia ja kuvitelmia Suomen historiasta II","http://www.gutenberg.org/ebooks/56124.html.noimages","http://www.gutenberg.org","http://www.gutenberg.org","part",NA
3441,3399455,"Enpä juuri.",NA,"Enpä juuri",NA,NA,NA,NA,NA,NA,NA,29,"fin_nfi_2080.txt","Finnish","Finnish","fin",NA,"2016","written","non-fiction","prepared_speeches","Latn",NA,"OpenSubtitles2018","https://object.pouta.csc.fi/OPUS-OpenSubtitles/v2018/raw/fi.zip","http://www.opensubtitles.org/","http://www.opensubtitles.org/ P. Lison and J. Tiedemann, 2016, OpenSubtitles2016: Extracting Large Parallel Corpora from Movie and TV Subtitles. In Proceedings of the 10th International Conference on Language Resources and Evaluation (LREC 2016)","whole",NA
3682,3512070,"Nyt riittää, Travis!",NA,"Nyt riittää Travis",NA,NA,NA,NA,NA,NA,NA,29,"fin_nfi_2298.txt","Finnish","Finnish","fin",NA,"2016","written","non-fiction","prepared_speeches","Latn",NA,"OpenSubtitles2018","https://object.pouta.csc.fi/OPUS-OpenSubtitles/v2018/raw/fi.zip","http://www.opensubtitles.org/","http://www.opensubtitles.org/ P. Lison and J. Tiedemann, 2016, OpenSubtitles2016: Extracting Large Parallel Corpora from Movie and TV Subtitles. In Proceedings of the 10th International Conference on Language Resources and Evaluation (LREC 2016)","whole",NA
3685,3513959,"- Suo anteeksi.",NA,"Suo anteeksi",NA,NA,NA,NA,NA,NA,NA,29,"fin_nfi_230.txt","Finnish","Finnish","fin",NA,"2017","written","non-fiction","prepared_speeches","Latn",NA,"OpenSubtitles2018","https://object.pouta.csc.fi/OPUS-OpenSubtitles/v2018/raw/fi.zip","http://www.opensubtitles.org/","http://www.opensubtitles.org/ P. Lison and J. Tiedemann, 2016, OpenSubtitles2016: Extracting Large Parallel Corpora from Movie and TV Subtitles. In Proceedings of the 10th International Conference on Language Resources and Evaluation (LREC 2016)","whole",NA
2633,2976288,"Minä todellakin näen ne.",NA,"Minä todellakin näen ne",NA,NA,NA,NA,NA,NA,NA,29,"fin_nfi_1353.txt","Finnish","Finnish","fin",NA,"2016","written","non-fiction","prepared_speeches","Latn",NA,"OpenSubtitles2018","https://object.pouta.csc.fi/OPUS-OpenSubtitles/v2018/raw/fi.zip","http://www.opensubtitles.org/","http://www.opensubtitles.org/ P. Lison and J. Tiedemann, 2016, OpenSubtitles2016: Extracting Large Parallel Corpora from Movie and TV Subtitles. In Proceedings of the 10th International Conference on Language Resources and Evaluation (LREC 2016)","whole",NA
3402,3381300,"HYVIN KIINNOSTUNUT OPPITUNNISTA DIANA",NA,"HYVIN KIINNOSTUNUT OPPITUNNISTA DIANA",NA,NA,NA,NA,NA,NA,NA,29,"fin_nfi_2045.txt","Finnish","Finnish","fin",NA,"2016","written","non-fiction","prepared_speeches","Latn",NA,"OpenSubtitles2018","https://object.pouta.csc.fi/OPUS-OpenSubtitles/v2018/raw/fi.zip","http://www.opensubtitles.org/","http://www.opensubtitles.org/ P. Lison and J. Tiedemann, 2016, OpenSubtitles2016: Extracting Large Parallel Corpora from Movie and TV Subtitles. In Proceedings of the 10th International Conference on Language Resources and Evaluation (LREC 2016)","whole",NA
3872,3606558,"Ja veljeni kanssa.",NA,"Ja veljeni kanssa",NA,NA,NA,NA,NA,NA,NA,29,"fin_nfi_297.txt","Finnish","Finnish","fin",NA,"2017","written","non-fiction","prepared_speeches","Latn",NA,"OpenSubtitles2018","https://object.pouta.csc.fi/OPUS-OpenSubtitles/v2018/raw/fi.zip","http://www.opensubtitles.org/","http://www.opensubtitles.org/ P. Lison and J. Tiedemann, 2016, OpenSubtitles2016: Extracting Large Parallel Corpora from Movie and TV Subtitles. In Proceedings of the 10th International Conference on Language Resources and Evaluation (LREC 2016)","whole",NA
2633,2975770,"Garret, senkin ääliö.",NA,"Garret senkin ääliö",NA,NA,NA,NA,NA,NA,NA,29,"fin_nfi_1353.txt","Finnish","Finnish","fin",NA,"2016","written","non-fiction","prepared_speeches","Latn",NA,"OpenSubtitles2018","https://object.pouta.csc.fi/OPUS-OpenSubtitles/v2018/raw/fi.zip","http://www.opensubtitles.org/","http://www.opensubtitles.org/ P. Lison and J. Tiedemann, 2016, OpenSubtitles2016: Extracting Large Parallel Corpora from Movie and TV Subtitles. In Proceedings of the 10th International Conference on Language Resources and Evaluation (LREC 2016)","whole",NA
2926,3136206,"Siinä näit.",NA,"Siinä näit",NA,NA,NA,NA,NA,NA,NA,29,"fin_nfi_1617.txt","Finnish","Finnish","fin",NA,"2016","written","non-fiction","prepared_speeches","Latn",NA,"OpenSubtitles2018","https://object.pouta.csc.fi/OPUS-OpenSubtitles/v2018/raw/fi.zip","http://www.opensubtitles.org/","http://www.opensubtitles.org/ P. Lison and J. Tiedemann, 2016, OpenSubtitles2016: Extracting Large Parallel Corpora from Movie and TV Subtitles. In Proceedings of the 10th International Conference on Language Resources and Evaluation (LREC 2016)","whole",NA
4107,3730750,"Äitisi myös haluaa, että ovesi on avoinna.",NA,"Äitisi myös haluaa että ovesi on avoinna",NA,NA,NA,NA,NA,NA,NA,29,"fin_nfi_508.txt","Finnish","Finnish","fin",NA,"2017","written","non-fiction","prepared_speeches","Latn",NA,"OpenSubtitles2018","https://object.pouta.csc.fi/OPUS-OpenSubtitles/v2018/raw/fi.zip","http://www.opensubtitles.org/","http://www.opensubtitles.org/ P. Lison and J. Tiedemann, 2016, OpenSubtitles2016: Extracting Large Parallel Corpora from Movie and TV Subtitles. In Proceedings of the 10th International Conference on Language Resources and Evaluation (LREC 2016)","whole",NA
2231,2694966,"vaihtelun tähden, voidaan silloin käyttää täydelleen. Kevättulva menee",NA,"vaihtelun tähden voidaan silloin käyttää täydelleen Kevättulva menee",NA,NA,NA,NA,NA,NA,NA,28,"fin_fic_92.txt","Finnish","Finnish","fin",NA,"2012","written","fiction","general_fiction","Latn",NA,"Väinö Airola, Keksijän voitto","http://www.gutenberg.org/files/41745/41745-h/41745-h.htm","http://www.gutenberg.org","http://www.gutenberg.org","whole",NA
3018,3187675,"He toimivat nokkelasti.",NA,"He toimivat nokkelasti",NA,NA,NA,NA,NA,NA,NA,29,"fin_nfi_170.txt","Finnish","Finnish","fin",NA,"2017","written","non-fiction","prepared_speeches","Latn",NA,"OpenSubtitles2018","https://object.pouta.csc.fi/OPUS-OpenSubtitles/v2018/raw/fi.zip","http://www.opensubtitles.org/","http://www.opensubtitles.org/ P. Lison and J. Tiedemann, 2016, OpenSubtitles2016: Extracting Large Parallel Corpora from Movie and TV Subtitles. In Proceedings of the 10th International Conference on Language Resources and Evaluation (LREC 2016)","whole",NA
2189,2508950,"Etkä häntä sittenkään surmatuksi saanut. Pois pääsivät.",NA,"Etkä häntä sittenkään surmatuksi saanut Pois pääsivät",NA,NA,NA,NA,NA,NA,NA,28,"fin_fic_54.txt","Finnish","Finnish","fin",NA,"2004","written","fiction","general_fiction","Latn",NA,"Aho, Juhani, 1861-1921, Panu:	Näytelmä, Finland -- History -- To 1523 -- Drama","http://www.gutenberg.org/ebooks/13849.html.noimages","http://www.gutenberg.org","http://www.gutenberg.org","whole",NA
2170,2420044,"mahdollista, äänettöminä, välinpitämättöminä, niinkuin eivät nämä asiat",NA,"mahdollista äänettöminä välinpitämättöminä niinkuin eivät nämä asiat",NA,NA,NA,NA,NA,NA,NA,28,"fin_fic_37.txt","Finnish","Finnish","fin",NA,"2004","written","fiction","general_fiction","Latn",NA,"Aho, Juhani, 1861-1921, Kevät ja takatalvi, Finnish fiction","http://www.gutenberg.org/ebooks/13920.html.noimages","http://www.gutenberg.org","http://www.gutenberg.org","part",NA
2212,2606322,"häväistysjutulla se päättyisi.",NA,"häväistysjutulla se päättyisi",NA,NA,NA,NA,NA,NA,NA,28,"fin_fic_75.txt","Finnish","Finnish","fin",NA,"2013","written","fiction","general_fiction","Latn",NA,"Ahrenberg, Jacob, 1847-1914, Kansalaisemme, Fiction","http://www.gutenberg.org/ebooks/43564.html.noimages","http://www.gutenberg.org","http://www.gutenberg.org","whole",NA
3604,3475623,"Ei mitään.",NA,"Ei mitään",NA,NA,NA,NA,NA,NA,NA,29,"fin_nfi_2227.txt","Finnish","Finnish","fin",NA,"2016","written","non-fiction","prepared_speeches","Latn",NA,"OpenSubtitles2018","https://object.pouta.csc.fi/OPUS-OpenSubtitles/v2018/raw/fi.zip","http://www.opensubtitles.org/","http://www.opensubtitles.org/ P. Lison and J. Tiedemann, 2016, OpenSubtitles2016: Extracting Large Parallel Corpora from Movie and TV Subtitles. In Proceedings of the 10th International Conference on Language Resources and Evaluation (LREC 2016)","whole",NA
3088,3227597,"Kaikki räppärit ovat Brooklynistä.",NA,"Kaikki räppärit ovat Brooklynistä",NA,NA,NA,NA,NA,NA,NA,29,"fin_nfi_1763.txt","Finnish","Finnish","fin",NA,"2016","written","non-fiction","prepared_speeches","Latn",NA,"OpenSubtitles2018","https://object.pouta.csc.fi/OPUS-OpenSubtitles/v2018/raw/fi.zip","http://www.opensubtitles.org/","http://www.opensubtitles.org/ P. Lison and J. Tiedemann, 2016, OpenSubtitles2016: Extracting Large Parallel Corpora from Movie and TV Subtitles. In Proceedings of the 10th International Conference on Language Resources and Evaluation (LREC 2016)","whole",NA
4465,3907454,"Luulin, että sinä olit.",NA,"Luulin että sinä olit",NA,NA,NA,NA,NA,NA,NA,29,"fin_nfi_830.txt","Finnish","Finnish","fin",NA,"2016","written","non-fiction","prepared_speeches","Latn",NA,"OpenSubtitles2018","https://object.pouta.csc.fi/OPUS-OpenSubtitles/v2018/raw/fi.zip","http://www.opensubtitles.org/","http://www.opensubtitles.org/ P. Lison and J. Tiedemann, 2016, OpenSubtitles2016: Extracting Large Parallel Corpora from Movie and TV Subtitles. In Proceedings of the 10th International Conference on Language Resources and Evaluation (LREC 2016)","whole",NA
3964,3655121,"Toinen taso.",NA,"Toinen taso",NA,NA,NA,NA,NA,NA,NA,29,"fin_nfi_38.txt","Finnish","Finnish","fin",NA,"2017","written","non-fiction","prepared_speeches","Latn",NA,"OpenSubtitles2018","https://object.pouta.csc.fi/OPUS-OpenSubtitles/v2018/raw/fi.zip","http://www.opensubtitles.org/","http://www.opensubtitles.org/ P. Lison and J. Tiedemann, 2016, OpenSubtitles2016: Extracting Large Parallel Corpora from Movie and TV Subtitles. In Proceedings of the 10th International Conference on Language Resources and Evaluation (LREC 2016)","whole",NA
2134,2272828,"tulleet nälkää pakoon köyhemmästä kotimaasta ja oleksivat kasakoina eli",NA,"tulleet nälkää pakoon köyhemmästä kotimaasta ja oleksivat kasakoina eli",NA,NA,NA,NA,NA,NA,NA,28,"fin_fic_15.txt","Finnish","Finnish","fin",NA,"2014","written","fiction","general_fiction","Latn",NA,"August Ahlqvist, Muistelmia matkoilta Venäjällä vuosina 1854-1858","http://www.gutenberg.org/files/44817/44817-h/44817-h.htm","http://www.gutenberg.org","http://www.gutenberg.org","part",NA
3833,3587403,"Mitä...",NA,"Mitä",NA,NA,NA,NA,NA,NA,NA,29,"fin_nfi_261.txt","Finnish","Finnish","fin",NA,"2017","written","non-fiction","prepared_speeches","Latn",NA,"OpenSubtitles2018","https://object.pouta.csc.fi/OPUS-OpenSubtitles/v2018/raw/fi.zip","http://www.opensubtitles.org/","http://www.opensubtitles.org/ P. Lison and J. Tiedemann, 2016, OpenSubtitles2016: Extracting Large Parallel Corpora from Movie and TV Subtitles. In Proceedings of the 10th International Conference on Language Resources and Evaluation (LREC 2016)","whole",NA
2992,3170797,"Oletko ihan varma että pyöriä ollaan tuomassa?",NA,"Oletko ihan varma että pyöriä ollaan tuomassa",NA,NA,NA,NA,NA,NA,NA,29,"fin_nfi_1677.txt","Finnish","Finnish","fin",NA,"2016","written","non-fiction","prepared_speeches","Latn",NA,"OpenSubtitles2018","https://object.pouta.csc.fi/OPUS-OpenSubtitles/v2018/raw/fi.zip","http://www.opensubtitles.org/","http://www.opensubtitles.org/ P. Lison and J. Tiedemann, 2016, OpenSubtitles2016: Extracting Large Parallel Corpora from Movie and TV Subtitles. In Proceedings of the 10th International Conference on Language Resources and Evaluation (LREC 2016)","whole",NA
2729,3027456,"Vai mitä?",NA,"Vai mitä",NA,NA,NA,NA,NA,NA,NA,29,"fin_nfi_144.txt","Finnish","Finnish","fin",NA,"2017","written","non-fiction","prepared_speeches","Latn",NA,"OpenSubtitles2018","https://object.pouta.csc.fi/OPUS-OpenSubtitles/v2018/raw/fi.zip","http://www.opensubtitles.org/","http://www.opensubtitles.org/ P. Lison and J. Tiedemann, 2016, OpenSubtitles2016: Extracting Large Parallel Corpora from Movie and TV Subtitles. In Proceedings of the 10th International Conference on Language Resources and Evaluation (LREC 2016)","whole",NA
4299,3827728,"Aivan.",NA,"Aivan",NA,NA,NA,NA,NA,NA,NA,29,"fin_nfi_681.txt","Finnish","Finnish","fin",NA,"2017","written","non-fiction","prepared_speeches","Latn",NA,"OpenSubtitles2018","https://object.pouta.csc.fi/OPUS-OpenSubtitles/v2018/raw/fi.zip","http://www.opensubtitles.org/","http://www.opensubtitles.org/ P. Lison and J. Tiedemann, 2016, OpenSubtitles2016: Extracting Large Parallel Corpora from Movie and TV Subtitles. In Proceedings of the 10th International Conference on Language Resources and Evaluation (LREC 2016)","whole",NA
2190,2514864,"te vasta täällä olisitte täydellisesti minun ja minä teidän?",NA,"te vasta täällä olisitte täydellisesti minun ja minä teidän",NA,NA,NA,NA,NA,NA,NA,28,"fin_fic_55.txt","Finnish","Finnish","fin",NA,"2004","written","fiction","general_fiction","Latn",NA,"Aho, Juhani, 1861-1921, Papin rouva, Fiction","http://www.gutenberg.org/ebooks/13663.html.noimages","http://www.gutenberg.org","http://www.gutenberg.org","whole",NA
2648,2985017,"Ei hassummin.",NA,"Ei hassummin",NA,NA,NA,NA,NA,NA,NA,29,"fin_nfi_1367.txt","Finnish","Finnish","fin",NA,"2016","written","non-fiction","prepared_speeches","Latn",NA,"OpenSubtitles2018","https://object.pouta.csc.fi/OPUS-OpenSubtitles/v2018/raw/fi.zip","http://www.opensubtitles.org/","http://www.opensubtitles.org/ P. Lison and J. Tiedemann, 2016, OpenSubtitles2016: Extracting Large Parallel Corpora from Movie and TV Subtitles. In Proceedings of the 10th International Conference on Language Resources and Evaluation (LREC 2016)","whole",NA
2134,2273002,"katsannoissa en voikaan Savodoilla oloani katua. Jälkimäistä",NA,"katsannoissa en voikaan Savodoilla oloani katua Jälkimäistä",NA,NA,NA,NA,NA,NA,NA,28,"fin_fic_15.txt","Finnish","Finnish","fin",NA,"2014","written","fiction","general_fiction","Latn",NA,"August Ahlqvist, Muistelmia matkoilta Venäjällä vuosina 1854-1858","http://www.gutenberg.org/files/44817/44817-h/44817-h.htm","http://www.gutenberg.org","http://www.gutenberg.org","part",NA
2494,2899731,"Kommodori Chamberlainin mukaan armahdus on hyväksyttävä heti tai Nassauta pidetään vihamielisenä seutuna.",NA,"Kommodori Chamberlainin mukaan armahdus on hyväksyttävä heti tai Nassauta pidetään vihamielisenä seutuna",NA,NA,NA,NA,NA,NA,NA,29,"fin_nfi_1228.txt","Finnish","Finnish","fin",NA,"2016","written","non-fiction","prepared_speeches","Latn",NA,"OpenSubtitles2018","https://object.pouta.csc.fi/OPUS-OpenSubtitles/v2018/raw/fi.zip","http://www.opensubtitles.org/","http://www.opensubtitles.org/ P. Lison and J. Tiedemann, 2016, OpenSubtitles2016: Extracting Large Parallel Corpora from Movie and TV Subtitles. In Proceedings of the 10th International Conference on Language Resources and Evaluation (LREC 2016)","whole",NA
4524,3937306,"Ehkä voimme keksiä jotain muuta.",NA,"Ehkä voimme keksiä jotain muuta",NA,NA,NA,NA,NA,NA,NA,29,"fin_nfi_884.txt","Finnish","Finnish","fin",NA,"2016","written","non-fiction","prepared_speeches","Latn",NA,"OpenSubtitles2018","https://object.pouta.csc.fi/OPUS-OpenSubtitles/v2018/raw/fi.zip","http://www.opensubtitles.org/","http://www.opensubtitles.org/ P. Lison and J. Tiedemann, 2016, OpenSubtitles2016: Extracting Large Parallel Corpora from Movie and TV Subtitles. In Proceedings of the 10th International Conference on Language Resources and Evaluation (LREC 2016)","whole",NA
3749,3543740,"Voisivatko Meksiko tai tuo hulttiojengi muka muuttaa sitä?",NA,"Voisivatko Meksiko tai tuo hulttiojengi muka muuttaa sitä",NA,NA,NA,NA,NA,NA,NA,29,"fin_nfi_2358.txt","Finnish","Finnish","fin",NA,"2016","written","non-fiction","prepared_speeches","Latn",NA,"OpenSubtitles2018","https://object.pouta.csc.fi/OPUS-OpenSubtitles/v2018/raw/fi.zip","http://www.opensubtitles.org/","http://www.opensubtitles.org/ P. Lison and J. Tiedemann, 2016, OpenSubtitles2016: Extracting Large Parallel Corpora from Movie and TV Subtitles. In Proceedings of the 10th International Conference on Language Resources and Evaluation (LREC 2016)","whole",NA
2238,2740200,"jota tyttö kävi mielessään eronhetken lähestyessä.",NA,"jota tyttö kävi mielessään eronhetken lähestyessä",NA,NA,NA,NA,NA,NA,NA,28,"fin_fic_99.txt","Finnish","Finnish","fin",NA,"2016","written","fiction","general_fiction","Latn",NA,"Alcott, Louisa May, 1832-1888, Plumfieldin pojat, Boarding schools -- Fiction","http://www.gutenberg.org/ebooks/51602.html.noimages","http://www.gutenberg.org","http://www.gutenberg.org","whole",NA
4386,3869894,"Käsitit väärin.",NA,"Käsitit väärin",NA,NA,NA,NA,NA,NA,NA,29,"fin_nfi_76.txt","Finnish","Finnish","fin",NA,"2017","written","non-fiction","prepared_speeches","Latn",NA,"OpenSubtitles2018","https://object.pouta.csc.fi/OPUS-OpenSubtitles/v2018/raw/fi.zip","http://www.opensubtitles.org/","http://www.opensubtitles.org/ P. Lison and J. Tiedemann, 2016, OpenSubtitles2016: Extracting Large Parallel Corpora from Movie and TV Subtitles. In Proceedings of the 10th International Conference on Language Resources and Evaluation (LREC 2016)","whole",NA
2656,2989764,"Niinkö?",NA,"Niinkö",NA,NA,NA,NA,NA,NA,NA,29,"fin_nfi_1374.txt","Finnish","Finnish","fin",NA,"2016","written","non-fiction","prepared_speeches","Latn",NA,"OpenSubtitles2018","https://object.pouta.csc.fi/OPUS-OpenSubtitles/v2018/raw/fi.zip","http://www.opensubtitles.org/","http://www.opensubtitles.org/ P. Lison and J. Tiedemann, 2016, OpenSubtitles2016: Extracting Large Parallel Corpora from Movie and TV Subtitles. In Proceedings of the 10th International Conference on Language Resources and Evaluation (LREC 2016)","whole",NA
3611,3478641,"Aloitan yleensä esittelyllä.",NA,"Aloitan yleensä esittelyllä",NA,NA,NA,NA,NA,NA,NA,29,"fin_nfi_2233.txt","Finnish","Finnish","fin",NA,"2016","written","non-fiction","prepared_speeches","Latn",NA,"OpenSubtitles2018","https://object.pouta.csc.fi/OPUS-OpenSubtitles/v2018/raw/fi.zip","http://www.opensubtitles.org/","http://www.opensubtitles.org/ P. Lison and J. Tiedemann, 2016, OpenSubtitles2016: Extracting Large Parallel Corpora from Movie and TV Subtitles. In Proceedings of the 10th International Conference on Language Resources and Evaluation (LREC 2016)","whole",NA
4232,3793608,"Kunhan vedät settisi tänään hyvin - ja näytät HBO:",NA,"Kunhan vedät settisi tänään hyvin  ja näytät HBO",NA,NA,NA,NA,NA,NA,NA,29,"fin_nfi_620.txt","Finnish","Finnish","fin",NA,"2017","written","non-fiction","prepared_speeches","Latn",NA,"OpenSubtitles2018","https://object.pouta.csc.fi/OPUS-OpenSubtitles/v2018/raw/fi.zip","http://www.opensubtitles.org/","http://www.opensubtitles.org/ P. Lison and J. Tiedemann, 2016, OpenSubtitles2016: Extracting Large Parallel Corpora from Movie and TV Subtitles. In Proceedings of the 10th International Conference on Language Resources and Evaluation (LREC 2016)","whole",NA
2110,2211280,"ja kun aurinko laski, sulki se lehtensä, nukkui ja näki koko yön unta",NA,"ja kun aurinko laski sulki se lehtensä nukkui ja näki koko yön unta",NA,NA,NA,NA,NA,NA,NA,28,"fin_fic_128.txt","Finnish","Finnish","fin",NA,"2016","written","fiction","general_fiction","Latn",NA,"Andersen, H. C. (Hans Christian), 1805-1875, Satuja ja tarinoita I, Fairy tales","http://www.gutenberg.org/ebooks/53484.html.noimages","http://www.gutenberg.org","http://www.gutenberg.org","whole",NA
2129,2253759,"jälleen kotimaahani, jos hän sen hyväksensä näkisi.",NA,"jälleen kotimaahani jos hän sen hyväksensä näkisi",NA,NA,NA,NA,NA,NA,NA,28,"fin_fic_145.txt","Finnish","Finnish","fin",NA,"2008","written","fiction","general_fiction","Latn",NA,"Anonymous, Tuhannen ja yhden yön tarinoita Suomen lapsille II","http://www.gutenberg.org/files/25996/25996-h/25996-h.htm","http://www.gutenberg.org","http://www.gutenberg.org","whole",NA
2086,2126902,"alituisella sotakannalla kanssamme. Meillä oli eri tarkoitukset, heillä",NA,"alituisella sotakannalla kanssamme Meillä oli eri tarkoitukset heillä",NA,NA,NA,NA,NA,NA,NA,28,"fin_fic_106.txt","Finnish","Finnish","fin",NA,"2012","written","fiction","general_fiction","Latn",NA,"Alkio, Santeri, 1862-1930, Kylistä, kodeista ja vainioilta:	Kertomuksia ja kuvaelmia, Fiction","http://www.gutenberg.org/ebooks/41686.html.noimages","http://www.gutenberg.org","http://www.gutenberg.org","whole",NA
2651,2985759,"En tiedä, mitä sanoa.",NA,"En tiedä mitä sanoa",NA,NA,NA,NA,NA,NA,NA,29,"fin_nfi_137.txt","Finnish","Finnish","fin",NA,"2017","written","non-fiction","prepared_speeches","Latn",NA,"OpenSubtitles2018","https://object.pouta.csc.fi/OPUS-OpenSubtitles/v2018/raw/fi.zip","http://www.opensubtitles.org/","http://www.opensubtitles.org/ P. Lison and J. Tiedemann, 2016, OpenSubtitles2016: Extracting Large Parallel Corpora from Movie and TV Subtitles. In Proceedings of the 10th International Conference on Language Resources and Evaluation (LREC 2016)","whole",NA
2238,2738536,"vohvelit eivät koskaan petä, sanoi Ted vieraanvaraisesti.",NA,"vohvelit eivät koskaan petä sanoi Ted vieraanvaraisesti",NA,NA,NA,NA,NA,NA,NA,28,"fin_fic_99.txt","Finnish","Finnish","fin",NA,"2016","written","fiction","general_fiction","Latn",NA,"Alcott, Louisa May, 1832-1888, Plumfieldin pojat, Boarding schools -- Fiction","http://www.gutenberg.org/ebooks/51602.html.noimages","http://www.gutenberg.org","http://www.gutenberg.org","whole",NA
4195,3774696,"Niin, päätin vihdoinkin uskaltaa.",NA,"Niin päätin vihdoinkin uskaltaa",NA,NA,NA,NA,NA,NA,NA,29,"fin_nfi_588.txt","Finnish","Finnish","fin",NA,"2017","written","non-fiction","prepared_speeches","Latn",NA,"OpenSubtitles2018","https://object.pouta.csc.fi/OPUS-OpenSubtitles/v2018/raw/fi.zip","http://www.opensubtitles.org/","http://www.opensubtitles.org/ P. Lison and J. Tiedemann, 2016, OpenSubtitles2016: Extracting Large Parallel Corpora from Movie and TV Subtitles. In Proceedings of the 10th International Conference on Language Resources and Evaluation (LREC 2016)","whole",NA
3033,3196747,"Jos aiot myydä elämäni Yakuzalle, voisit ainakin vaivautua tulemaan paikalle.",NA,"Jos aiot myydä elämäni Yakuzalle voisit ainakin vaivautua tulemaan paikalle",NA,NA,NA,NA,NA,NA,NA,29,"fin_nfi_1713.txt","Finnish","Finnish","fin",NA,"2016","written","non-fiction","prepared_speeches","Latn",NA,"OpenSubtitles2018","https://object.pouta.csc.fi/OPUS-OpenSubtitles/v2018/raw/fi.zip","http://www.opensubtitles.org/","http://www.opensubtitles.org/ P. Lison and J. Tiedemann, 2016, OpenSubtitles2016: Extracting Large Parallel Corpora from Movie and TV Subtitles. In Proceedings of the 10th International Conference on Language Resources and Evaluation (LREC 2016)","whole",NA
2312,2812645,"Eräs Sybil-niminen nainen haluaa, ja käytän nais-termiä löyhästi.",NA,"Eräs Sybilniminen nainen haluaa ja käytän naistermiä löyhästi",NA,NA,NA,NA,NA,NA,NA,29,"fin_nfi_1064.txt","Finnish","Finnish","fin",NA,"2016","written","non-fiction","prepared_speeches","Latn",NA,"OpenSubtitles2018","https://object.pouta.csc.fi/OPUS-OpenSubtitles/v2018/raw/fi.zip","http://www.opensubtitles.org/","http://www.opensubtitles.org/ P. Lison and J. Tiedemann, 2016, OpenSubtitles2016: Extracting Large Parallel Corpora from Movie and TV Subtitles. In Proceedings of the 10th International Conference on Language Resources and Evaluation (LREC 2016)","whole",NA
3829,3585983,"Kippis.",NA,"Kippis",NA,NA,NA,NA,NA,NA,NA,29,"fin_nfi_258.txt","Finnish","Finnish","fin",NA,"2017","written","non-fiction","prepared_speeches","Latn",NA,"OpenSubtitles2018","https://object.pouta.csc.fi/OPUS-OpenSubtitles/v2018/raw/fi.zip","http://www.opensubtitles.org/","http://www.opensubtitles.org/ P. Lison and J. Tiedemann, 2016, OpenSubtitles2016: Extracting Large Parallel Corpora from Movie and TV Subtitles. In Proceedings of the 10th International Conference on Language Resources and Evaluation (LREC 2016)","whole",NA
2176,2451780,"syksyä emme juuri muuta tehneet kuin ammuimme jäniksiä. Olimme",NA,"syksyä emme juuri muuta tehneet kuin ammuimme jäniksiä Olimme",NA,NA,NA,NA,NA,NA,NA,28,"fin_fic_42.txt","Finnish","Finnish","fin",NA,"2004","written","fiction","general_fiction","Latn",NA,"Aho, Juhani, 1861-1921, Lastuja I-III, Short stories, Finnish","http://www.gutenberg.org/ebooks/13691.html.noimages","http://www.gutenberg.org","http://www.gutenberg.org","part",NA
3109,3238629,"-Et tarkoita sitä.",NA,"Et tarkoita sitä",NA,NA,NA,NA,NA,NA,NA,29,"fin_nfi_1782.txt","Finnish","Finnish","fin",NA,"2016","written","non-fiction","prepared_speeches","Latn",NA,"OpenSubtitles2018","https://object.pouta.csc.fi/OPUS-OpenSubtitles/v2018/raw/fi.zip","http://www.opensubtitles.org/","http://www.opensubtitles.org/ P. Lison and J. Tiedemann, 2016, OpenSubtitles2016: Extracting Large Parallel Corpora from Movie and TV Subtitles. In Proceedings of the 10th International Conference on Language Resources and Evaluation (LREC 2016)","whole",NA
3313,3336069,"Liikut yhtä ääneti kuin ennenkin.",NA,"Liikut yhtä ääneti kuin ennenkin",NA,NA,NA,NA,NA,NA,NA,29,"fin_nfi_1966.txt","Finnish","Finnish","fin",NA,"2016","written","non-fiction","prepared_speeches","Latn",NA,"OpenSubtitles2018","https://object.pouta.csc.fi/OPUS-OpenSubtitles/v2018/raw/fi.zip","http://www.opensubtitles.org/","http://www.opensubtitles.org/ P. Lison and J. Tiedemann, 2016, OpenSubtitles2016: Extracting Large Parallel Corpora from Movie and TV Subtitles. In Proceedings of the 10th International Conference on Language Resources and Evaluation (LREC 2016)","whole",NA
4284,3819394,"Se ylikompensoi, koska se ei pysty pumppaamaan verta kunnolla.",NA,"Se ylikompensoi koska se ei pysty pumppaamaan verta kunnolla",NA,NA,NA,NA,NA,NA,NA,29,"fin_nfi_668.txt","Finnish","Finnish","fin",NA,"2017","written","non-fiction","prepared_speeches","Latn",NA,"OpenSubtitles2018","https://object.pouta.csc.fi/OPUS-OpenSubtitles/v2018/raw/fi.zip","http://www.opensubtitles.org/","http://www.opensubtitles.org/ P. Lison and J. Tiedemann, 2016, OpenSubtitles2016: Extracting Large Parallel Corpora from Movie and TV Subtitles. In Proceedings of the 10th International Conference on Language Resources and Evaluation (LREC 2016)","whole",NA
2401,2857603,"Näytä, miltä tuntuu!",NA,"Näytä miltä tuntuu",NA,NA,NA,NA,NA,NA,NA,29,"fin_nfi_1144.txt","Finnish","Finnish","fin",NA,"2016","written","non-fiction","prepared_speeches","Latn",NA,"OpenSubtitles2018","https://object.pouta.csc.fi/OPUS-OpenSubtitles/v2018/raw/fi.zip","http://www.opensubtitles.org/","http://www.opensubtitles.org/ P. Lison and J. Tiedemann, 2016, OpenSubtitles2016: Extracting Large Parallel Corpora from Movie and TV Subtitles. In Proceedings of the 10th International Conference on Language Resources and Evaluation (LREC 2016)","whole",NA
4400,3875884,"Helvetti!",NA,"Helvetti",NA,NA,NA,NA,NA,NA,NA,29,"fin_nfi_772.txt","Finnish","Finnish","fin",NA,"2016","written","non-fiction","prepared_speeches","Latn",NA,"OpenSubtitles2018","https://object.pouta.csc.fi/OPUS-OpenSubtitles/v2018/raw/fi.zip","http://www.opensubtitles.org/","http://www.opensubtitles.org/ P. Lison and J. Tiedemann, 2016, OpenSubtitles2016: Extracting Large Parallel Corpora from Movie and TV Subtitles. In Proceedings of the 10th International Conference on Language Resources and Evaluation (LREC 2016)","whole",NA
4239,3799408,"Ehkä paikka on kirottu.",NA,"Ehkä paikka on kirottu",NA,NA,NA,NA,NA,NA,NA,29,"fin_nfi_627.txt","Finnish","Finnish","fin",NA,"2017","written","non-fiction","prepared_speeches","Latn",NA,"OpenSubtitles2018","https://object.pouta.csc.fi/OPUS-OpenSubtitles/v2018/raw/fi.zip","http://www.opensubtitles.org/","http://www.opensubtitles.org/ P. Lison and J. Tiedemann, 2016, OpenSubtitles2016: Extracting Large Parallel Corpora from Movie and TV Subtitles. In Proceedings of the 10th International Conference on Language Resources and Evaluation (LREC 2016)","whole",NA
2234,2712668,"Hän ojensi kätensä, ja Rose pisti ujosti pienen kätensä pojan",NA,"Hän ojensi kätensä ja Rose pisti ujosti pienen kätensä pojan",NA,NA,NA,NA,NA,NA,NA,28,"fin_fic_95.txt","Finnish","Finnish","fin",NA,"2016","written","fiction","general_fiction","Latn",NA,"Alcott, Louisa May, 1832-1888, Kahdeksan serkusta, Orphans -- Juvenile fiction","http://www.gutenberg.org/ebooks/52771.html.noimages","http://www.gutenberg.org","http://www.gutenberg.org","whole",NA
2491,2897585,"Yhteytesi Steiniin on kaksisuuntainen.",NA,"Yhteytesi Steiniin on kaksisuuntainen",NA,NA,NA,NA,NA,NA,NA,29,"fin_nfi_1225.txt","Finnish","Finnish","fin",NA,"2016","written","non-fiction","prepared_speeches","Latn",NA,"OpenSubtitles2018","https://object.pouta.csc.fi/OPUS-OpenSubtitles/v2018/raw/fi.zip","http://www.opensubtitles.org/","http://www.opensubtitles.org/ P. Lison and J. Tiedemann, 2016, OpenSubtitles2016: Extracting Large Parallel Corpora from Movie and TV Subtitles. In Proceedings of the 10th International Conference on Language Resources and Evaluation (LREC 2016)","whole",NA
2152,2344828,"pyydyksien käy, saattoi hän mumista ja sitten havahtua täysin",NA,"pyydyksien käy saattoi hän mumista ja sitten havahtua täysin",NA,NA,NA,NA,NA,NA,NA,28,"fin_fic_20.txt","Finnish","Finnish","fin",NA,"2017","written","fiction","general_fiction","Latn",NA,"Schildt, Runar, 1888-1925, Kotiinpaluu ja muita novelleja","http://www.gutenberg.org/ebooks/55050.html.noimages","http://www.gutenberg.org","http://www.gutenberg.org","whole",NA
2557,2936391,"Operaatiota johtaneet ihmiset, kuten CIA:n johtaja Panetta- joutuivat selittämään tilanteen presidentti Obamalle- ja varapresidentti Bidenille.",NA,"Operaatiota johtaneet ihmiset kuten CIAn johtaja Panetta joutuivat selittämään tilanteen presidentti Obamalle ja varapresidentti Bidenille",NA,NA,NA,NA,NA,NA,NA,29,"fin_nfi_1285.txt","Finnish","Finnish","fin",NA,"2016","written","non-fiction","prepared_speeches","Latn",NA,"OpenSubtitles2018","https://object.pouta.csc.fi/OPUS-OpenSubtitles/v2018/raw/fi.zip","http://www.opensubtitles.org/","http://www.opensubtitles.org/ P. Lison and J. Tiedemann, 2016, OpenSubtitles2016: Extracting Large Parallel Corpora from Movie and TV Subtitles. In Proceedings of the 10th International Conference on Language Resources and Evaluation (LREC 2016)","whole",NA
2871,3106062,"Tämä on ihana kohtaus.",NA,"Tämä on ihana kohtaus",NA,NA,NA,NA,NA,NA,NA,29,"fin_nfi_1568.txt","Finnish","Finnish","fin",NA,"2016","written","non-fiction","prepared_speeches","Latn",NA,"OpenSubtitles2018","https://object.pouta.csc.fi/OPUS-OpenSubtitles/v2018/raw/fi.zip","http://www.opensubtitles.org/","http://www.opensubtitles.org/ P. Lison and J. Tiedemann, 2016, OpenSubtitles2016: Extracting Large Parallel Corpora from Movie and TV Subtitles. In Proceedings of the 10th International Conference on Language Resources and Evaluation (LREC 2016)","whole",NA
2492,2898851,"Adrien Arcand.",NA,"Adrien Arcand",NA,NA,NA,NA,NA,NA,NA,29,"fin_nfi_1226.txt","Finnish","Finnish","fin",NA,"2016","written","non-fiction","prepared_speeches","Latn",NA,"OpenSubtitles2018","https://object.pouta.csc.fi/OPUS-OpenSubtitles/v2018/raw/fi.zip","http://www.opensubtitles.org/","http://www.opensubtitles.org/ P. Lison and J. Tiedemann, 2016, OpenSubtitles2016: Extracting Large Parallel Corpora from Movie and TV Subtitles. In Proceedings of the 10th International Conference on Language Resources and Evaluation (LREC 2016)","whole",NA
3798,3569081,"Sisään.",NA,"Sisään",NA,NA,NA,NA,NA,NA,NA,29,"fin_nfi_2401.txt","Finnish","Finnish","fin",NA,"2016","written","non-fiction","prepared_speeches","Latn",NA,"OpenSubtitles2018","https://object.pouta.csc.fi/OPUS-OpenSubtitles/v2018/raw/fi.zip","http://www.opensubtitles.org/","http://www.opensubtitles.org/ P. Lison and J. Tiedemann, 2016, OpenSubtitles2016: Extracting Large Parallel Corpora from Movie and TV Subtitles. In Proceedings of the 10th International Conference on Language Resources and Evaluation (LREC 2016)","whole",NA
3949,3646662,"-He nousevat vaivatta laivaan.",NA,"He nousevat vaivatta laivaan",NA,NA,NA,NA,NA,NA,NA,29,"fin_nfi_366.txt","Finnish","Finnish","fin",NA,"2017","written","non-fiction","prepared_speeches","Latn",NA,"OpenSubtitles2018","https://object.pouta.csc.fi/OPUS-OpenSubtitles/v2018/raw/fi.zip","http://www.opensubtitles.org/","http://www.opensubtitles.org/ P. Lison and J. Tiedemann, 2016, OpenSubtitles2016: Extracting Large Parallel Corpora from Movie and TV Subtitles. In Proceedings of the 10th International Conference on Language Resources and Evaluation (LREC 2016)","whole",NA
2227,2674280,"ollessani pakotettu kätkeytymään, mitä taas ei voinut välttää, jos",NA,"ollessani pakotettu kätkeytymään mitä taas ei voinut välttää jos",NA,NA,NA,NA,NA,NA,NA,28,"fin_fic_89.txt","Finnish","Finnish","fin",NA,"2017","written","fiction","general_fiction","Latn",NA,"Collins, Wilkie, 1824-1889, Valkopukuinen nainen 1, Perheromaani, Inheritance and succession -- Fiction","http://www.gutenberg.org/ebooks/53922.html.noimages","http://www.gutenberg.org","http://www.gutenberg.org","part",NA
3125,3246427,"Ei tämä zombina oleminen ole niin kamalaa.",NA,"Ei tämä zombina oleminen ole niin kamalaa",NA,NA,NA,NA,NA,NA,NA,29,"fin_nfi_1797.txt","Finnish","Finnish","fin",NA,"2016","written","non-fiction","prepared_speeches","Latn",NA,"OpenSubtitles2018","https://object.pouta.csc.fi/OPUS-OpenSubtitles/v2018/raw/fi.zip","http://www.opensubtitles.org/","http://www.opensubtitles.org/ P. Lison and J. Tiedemann, 2016, OpenSubtitles2016: Extracting Large Parallel Corpora from Movie and TV Subtitles. In Proceedings of the 10th International Conference on Language Resources and Evaluation (LREC 2016)","whole",NA
2195,2531842,"""Nyt tiedät, Anni, mitä me saamme vartoa"", huokasi Vappu tuskallisesti",NA,"Nyt tiedät Anni mitä me saamme vartoa huokasi Vappu tuskallisesti",NA,NA,NA,NA,NA,NA,NA,28,"fin_fic_6.txt","Finnish","Finnish","fin",NA,"2016","written","fiction","general_fiction","Latn",NA,"Åberg, J. O. (Johan Olof), 1843-1898, Karhu-Antin Anni ja Spof'in pistooli:	Kertomus Suomen sodan ajoilta 1808-09, Swedish fiction -- Translations into Finnish","http://www.gutenberg.org/ebooks/52035.html.noimages","http://www.gutenberg.org","http://www.gutenberg.org","whole",NA
2149,2338969,"1589 on hän laivoja rakennuttamassa, Mölsta-harjun tykönä Smolannissa.",NA,"1589 on hän laivoja rakennuttamassa Mölstaharjun tykönä Smolannissa",NA,NA,NA,NA,NA,NA,NA,28,"fin_fic_18.txt","Finnish","Finnish","fin",NA,"2013","written","fiction","general_fiction","Latn",NA,", Uusi suomalainen lukemisto","http://www.gutenberg.org/files/43717/43717-h/43717-h.htm","http://www.gutenberg.org","http://www.gutenberg.org","part",NA
2219,2639219,"Meksikosta asti hän oli askel askeleelta seurannut tyttöä vaanien kuin",NA,"Meksikosta asti hän oli askel askeleelta seurannut tyttöä vaanien kuin",NA,NA,NA,NA,NA,NA,NA,28,"fin_fic_81.txt","Finnish","Finnish","fin",NA,"2018","written","fiction","general_fiction","Latn",NA,"Aimard, Gustave, 1818-1883, Arkansasin sissit, Seikkailuromaani suurilta ruoholakeuksilta","http://www.gutenberg.org/ebooks/57727.html.noimages","http://www.gutenberg.org","http://www.gutenberg.org","part",NA
3566,3458800,"Nukuin varmaan kolme tuntia.",NA,"Nukuin varmaan kolme tuntia",NA,NA,NA,NA,NA,NA,NA,29,"fin_nfi_2193.txt","Finnish","Finnish","fin",NA,"2016","written","non-fiction","prepared_speeches","Latn",NA,"OpenSubtitles2018","https://object.pouta.csc.fi/OPUS-OpenSubtitles/v2018/raw/fi.zip","http://www.opensubtitles.org/","http://www.opensubtitles.org/ P. Lison and J. Tiedemann, 2016, OpenSubtitles2016: Extracting Large Parallel Corpora from Movie and TV Subtitles. In Proceedings of the 10th International Conference on Language Resources and Evaluation (LREC 2016)","whole",NA
3148,3259444,"Jo on aikakin, pikku paska.",NA,"Jo on aikakin pikku paska",NA,NA,NA,NA,NA,NA,NA,29,"fin_nfi_1817.txt","Finnish","Finnish","fin",NA,"2016","written","non-fiction","prepared_speeches","Latn",NA,"OpenSubtitles2018","https://object.pouta.csc.fi/OPUS-OpenSubtitles/v2018/raw/fi.zip","http://www.opensubtitles.org/","http://www.opensubtitles.org/ P. Lison and J. Tiedemann, 2016, OpenSubtitles2016: Extracting Large Parallel Corpora from Movie and TV Subtitles. In Proceedings of the 10th International Conference on Language Resources and Evaluation (LREC 2016)","whole",NA
2787,3061719,"Homma nimi on tämä.",NA,"Homma nimi on tämä",NA,NA,NA,NA,NA,NA,NA,29,"fin_nfi_1492.txt","Finnish","Finnish","fin",NA,"2016","written","non-fiction","prepared_speeches","Latn",NA,"OpenSubtitles2018","https://object.pouta.csc.fi/OPUS-OpenSubtitles/v2018/raw/fi.zip","http://www.opensubtitles.org/","http://www.opensubtitles.org/ P. Lison and J. Tiedemann, 2016, OpenSubtitles2016: Extracting Large Parallel Corpora from Movie and TV Subtitles. In Proceedings of the 10th International Conference on Language Resources and Evaluation (LREC 2016)","whole",NA
3970,3657723,"Ei se mitään.",NA,"Ei se mitään",NA,NA,NA,NA,NA,NA,NA,29,"fin_nfi_385.txt","Finnish","Finnish","fin",NA,"2017","written","non-fiction","prepared_speeches","Latn",NA,"OpenSubtitles2018","https://object.pouta.csc.fi/OPUS-OpenSubtitles/v2018/raw/fi.zip","http://www.opensubtitles.org/","http://www.opensubtitles.org/ P. Lison and J. Tiedemann, 2016, OpenSubtitles2016: Extracting Large Parallel Corpora from Movie and TV Subtitles. In Proceedings of the 10th International Conference on Language Resources and Evaluation (LREC 2016)","whole",NA
2190,2512132,"Olavi tuli takaisin ja seisahtui verannan ovelle.",NA,"Olavi tuli takaisin ja seisahtui verannan ovelle",NA,NA,NA,NA,NA,NA,NA,28,"fin_fic_55.txt","Finnish","Finnish","fin",NA,"2004","written","fiction","general_fiction","Latn",NA,"Aho, Juhani, 1861-1921, Papin rouva, Fiction","http://www.gutenberg.org/ebooks/13663.html.noimages","http://www.gutenberg.org","http://www.gutenberg.org","whole",NA
2169,2411672,"sanon sen peittelemättä, myöskin minua innostuttaa. Jos minä olisin",NA,"sanon sen peittelemättä myöskin minua innostuttaa Jos minä olisin",NA,NA,NA,NA,NA,NA,NA,28,"fin_fic_36.txt","Finnish","Finnish","fin",NA,"2004","written","fiction","general_fiction","Latn",NA,"Aho, Juhani, 1861-1921, Kevät ja takatalvi, Finnish fiction","http://www.gutenberg.org/ebooks/13920.html.noimages","http://www.gutenberg.org","http://www.gutenberg.org","part",NA
2537,2922978,"Ovatko ne polttojälkiä?",NA,"Ovatko ne polttojälkiä",NA,NA,NA,NA,NA,NA,NA,29,"fin_nfi_1267.txt","Finnish","Finnish","fin",NA,"2016","written","non-fiction","prepared_speeches","Latn",NA,"OpenSubtitles2018","https://object.pouta.csc.fi/OPUS-OpenSubtitles/v2018/raw/fi.zip","http://www.opensubtitles.org/","http://www.opensubtitles.org/ P. Lison and J. Tiedemann, 2016, OpenSubtitles2016: Extracting Large Parallel Corpora from Movie and TV Subtitles. In Proceedings of the 10th International Conference on Language Resources and Evaluation (LREC 2016)","whole",NA
3990,3668416,"Meillä on ikuinen side Shaolinin kanssa.",NA,"Meillä on ikuinen side Shaolinin kanssa",NA,NA,NA,NA,NA,NA,NA,29,"fin_nfi_402.txt","Finnish","Finnish","fin",NA,"2017","written","non-fiction","prepared_speeches","Latn",NA,"OpenSubtitles2018","https://object.pouta.csc.fi/OPUS-OpenSubtitles/v2018/raw/fi.zip","http://www.opensubtitles.org/","http://www.opensubtitles.org/ P. Lison and J. Tiedemann, 2016, OpenSubtitles2016: Extracting Large Parallel Corpora from Movie and TV Subtitles. In Proceedings of the 10th International Conference on Language Resources and Evaluation (LREC 2016)","whole",NA
3089,3228378,"- Se on firman asunto.",NA,"Se on firman asunto",NA,NA,NA,NA,NA,NA,NA,29,"fin_nfi_1764.txt","Finnish","Finnish","fin",NA,"2016","written","non-fiction","prepared_speeches","Latn",NA,"OpenSubtitles2018","https://object.pouta.csc.fi/OPUS-OpenSubtitles/v2018/raw/fi.zip","http://www.opensubtitles.org/","http://www.opensubtitles.org/ P. Lison and J. Tiedemann, 2016, OpenSubtitles2016: Extracting Large Parallel Corpora from Movie and TV Subtitles. In Proceedings of the 10th International Conference on Language Resources and Evaluation (LREC 2016)","whole",NA
2856,3096482,"Kuka nyt pakenee?",NA,"Kuka nyt pakenee",NA,NA,NA,NA,NA,NA,NA,29,"fin_nfi_1554.txt","Finnish","Finnish","fin",NA,"2016","written","non-fiction","prepared_speeches","Latn",NA,"OpenSubtitles2018","https://object.pouta.csc.fi/OPUS-OpenSubtitles/v2018/raw/fi.zip","http://www.opensubtitles.org/","http://www.opensubtitles.org/ P. Lison and J. Tiedemann, 2016, OpenSubtitles2016: Extracting Large Parallel Corpora from Movie and TV Subtitles. In Proceedings of the 10th International Conference on Language Resources and Evaluation (LREC 2016)","whole",NA
2899,3121685,"Olen nuori ja mulla on rahaa",NA,"Olen nuori ja mulla on rahaa",NA,NA,NA,NA,NA,NA,NA,29,"fin_nfi_1593.txt","Finnish","Finnish","fin",NA,"2016","written","non-fiction","prepared_speeches","Latn",NA,"OpenSubtitles2018","https://object.pouta.csc.fi/OPUS-OpenSubtitles/v2018/raw/fi.zip","http://www.opensubtitles.org/","http://www.opensubtitles.org/ P. Lison and J. Tiedemann, 2016, OpenSubtitles2016: Extracting Large Parallel Corpora from Movie and TV Subtitles. In Proceedings of the 10th International Conference on Language Resources and Evaluation (LREC 2016)","whole",NA
3139,3252986,"Isä on vaikutusvaltainen.",NA,"Isä on vaikutusvaltainen",NA,NA,NA,NA,NA,NA,NA,29,"fin_nfi_1809.txt","Finnish","Finnish","fin",NA,"2016","written","non-fiction","prepared_speeches","Latn",NA,"OpenSubtitles2018","https://object.pouta.csc.fi/OPUS-OpenSubtitles/v2018/raw/fi.zip","http://www.opensubtitles.org/","http://www.opensubtitles.org/ P. Lison and J. Tiedemann, 2016, OpenSubtitles2016: Extracting Large Parallel Corpora from Movie and TV Subtitles. In Proceedings of the 10th International Conference on Language Resources and Evaluation (LREC 2016)","whole",NA
3987,3666914,"- Onko se totta?",NA,"Onko se totta",NA,NA,NA,NA,NA,NA,NA,29,"fin_nfi_40.txt","Finnish","Finnish","fin",NA,"2017","written","non-fiction","prepared_speeches","Latn",NA,"OpenSubtitles2018","https://object.pouta.csc.fi/OPUS-OpenSubtitles/v2018/raw/fi.zip","http://www.opensubtitles.org/","http://www.opensubtitles.org/ P. Lison and J. Tiedemann, 2016, OpenSubtitles2016: Extracting Large Parallel Corpora from Movie and TV Subtitles. In Proceedings of the 10th International Conference on Language Resources and Evaluation (LREC 2016)","whole",NA
2582,2948884,"Mutta en voi olla ajattelematta muita.",NA,"Mutta en voi olla ajattelematta muita",NA,NA,NA,NA,NA,NA,NA,29,"fin_nfi_1307.txt","Finnish","Finnish","fin",NA,"2016","written","non-fiction","prepared_speeches","Latn",NA,"OpenSubtitles2018","https://object.pouta.csc.fi/OPUS-OpenSubtitles/v2018/raw/fi.zip","http://www.opensubtitles.org/","http://www.opensubtitles.org/ P. Lison and J. Tiedemann, 2016, OpenSubtitles2016: Extracting Large Parallel Corpora from Movie and TV Subtitles. In Proceedings of the 10th International Conference on Language Resources and Evaluation (LREC 2016)","whole",NA
2205,2583222,"etupäässä olevalla kuninkaalla on ihmeellinen valta saada kansa",NA,"etupäässä olevalla kuninkaalla on ihmeellinen valta saada kansa",NA,NA,NA,NA,NA,NA,NA,28,"fin_fic_69.txt","Finnish","Finnish","fin",NA,"2011","written","fiction","general_fiction","Latn",NA,"Topelius, Zacharias, 1818-1898, Välskärin kertomuksia 5, Vapaa-ajattelija. Iltamyrskyjä. Aamun valkeneminen., Sweden -- History -- Adolphus Frederick, 1751-1771 -- Fiction","http://www.gutenberg.org/ebooks/36527.html.noimages","http://www.gutenberg.org","http://www.gutenberg.org","part",NA
3763,3551987,"Kiitos, rouva.",NA,"Kiitos rouva",NA,NA,NA,NA,NA,NA,NA,29,"fin_nfi_2370.txt","Finnish","Finnish","fin",NA,"2016","written","non-fiction","prepared_speeches","Latn",NA,"OpenSubtitles2018","https://object.pouta.csc.fi/OPUS-OpenSubtitles/v2018/raw/fi.zip","http://www.opensubtitles.org/","http://www.opensubtitles.org/ P. Lison and J. Tiedemann, 2016, OpenSubtitles2016: Extracting Large Parallel Corpora from Movie and TV Subtitles. In Proceedings of the 10th International Conference on Language Resources and Evaluation (LREC 2016)","whole",NA
3334,3344829,"Kuvitella.",NA,"Kuvitella",NA,NA,NA,NA,NA,NA,NA,29,"fin_nfi_1985.txt","Finnish","Finnish","fin",NA,"2016","written","non-fiction","prepared_speeches","Latn",NA,"OpenSubtitles2018","https://object.pouta.csc.fi/OPUS-OpenSubtitles/v2018/raw/fi.zip","http://www.opensubtitles.org/","http://www.opensubtitles.org/ P. Lison and J. Tiedemann, 2016, OpenSubtitles2016: Extracting Large Parallel Corpora from Movie and TV Subtitles. In Proceedings of the 10th International Conference on Language Resources and Evaluation (LREC 2016)","whole",NA
4628,3989804,"En ollut kuvioissa paljoa.",NA,"En ollut kuvioissa paljoa",NA,NA,NA,NA,NA,NA,NA,29,"fin_nfi_978.txt","Finnish","Finnish","fin",NA,"2016","written","non-fiction","prepared_speeches","Latn",NA,"OpenSubtitles2018","https://object.pouta.csc.fi/OPUS-OpenSubtitles/v2018/raw/fi.zip","http://www.opensubtitles.org/","http://www.opensubtitles.org/ P. Lison and J. Tiedemann, 2016, OpenSubtitles2016: Extracting Large Parallel Corpora from Movie and TV Subtitles. In Proceedings of the 10th International Conference on Language Resources and Evaluation (LREC 2016)","whole",NA
3881,3611699,"Jotakuta rankaistaan.",NA,"Jotakuta rankaistaan",NA,NA,NA,NA,NA,NA,NA,29,"fin_nfi_304.txt","Finnish","Finnish","fin",NA,"2017","written","non-fiction","prepared_speeches","Latn",NA,"OpenSubtitles2018","https://object.pouta.csc.fi/OPUS-OpenSubtitles/v2018/raw/fi.zip","http://www.opensubtitles.org/","http://www.opensubtitles.org/ P. Lison and J. Tiedemann, 2016, OpenSubtitles2016: Extracting Large Parallel Corpora from Movie and TV Subtitles. In Proceedings of the 10th International Conference on Language Resources and Evaluation (LREC 2016)","whole",NA
3611,3478573,"On hienoa, että tulitte.",NA,"On hienoa että tulitte",NA,NA,NA,NA,NA,NA,NA,29,"fin_nfi_2233.txt","Finnish","Finnish","fin",NA,"2016","written","non-fiction","prepared_speeches","Latn",NA,"OpenSubtitles2018","https://object.pouta.csc.fi/OPUS-OpenSubtitles/v2018/raw/fi.zip","http://www.opensubtitles.org/","http://www.opensubtitles.org/ P. Lison and J. Tiedemann, 2016, OpenSubtitles2016: Extracting Large Parallel Corpora from Movie and TV Subtitles. In Proceedings of the 10th International Conference on Language Resources and Evaluation (LREC 2016)","whole",NA
4607,3978783,"Mutta nyt tiedän.",NA,"Mutta nyt tiedän",NA,NA,NA,NA,NA,NA,NA,29,"fin_nfi_959.txt","Finnish","Finnish","fin",NA,"2016","written","non-fiction","prepared_speeches","Latn",NA,"OpenSubtitles2018","https://object.pouta.csc.fi/OPUS-OpenSubtitles/v2018/raw/fi.zip","http://www.opensubtitles.org/","http://www.opensubtitles.org/ P. Lison and J. Tiedemann, 2016, OpenSubtitles2016: Extracting Large Parallel Corpora from Movie and TV Subtitles. In Proceedings of the 10th International Conference on Language Resources and Evaluation (LREC 2016)","whole",NA
3677,3509495,"Tiedätkö mitä, pidän siitä.",NA,"Tiedätkö mitä pidän siitä",NA,NA,NA,NA,NA,NA,NA,29,"fin_nfi_2293.txt","Finnish","Finnish","fin",NA,"2016","written","non-fiction","prepared_speeches","Latn",NA,"OpenSubtitles2018","https://object.pouta.csc.fi/OPUS-OpenSubtitles/v2018/raw/fi.zip","http://www.opensubtitles.org/","http://www.opensubtitles.org/ P. Lison and J. Tiedemann, 2016, OpenSubtitles2016: Extracting Large Parallel Corpora from Movie and TV Subtitles. In Proceedings of the 10th International Conference on Language Resources and Evaluation (LREC 2016)","whole",NA
3343,3349879,"Kaikki maahan.",NA,"Kaikki maahan",NA,NA,NA,NA,NA,NA,NA,29,"fin_nfi_1993.txt","Finnish","Finnish","fin",NA,"2016","written","non-fiction","prepared_speeches","Latn",NA,"OpenSubtitles2018","https://object.pouta.csc.fi/OPUS-OpenSubtitles/v2018/raw/fi.zip","http://www.opensubtitles.org/","http://www.opensubtitles.org/ P. Lison and J. Tiedemann, 2016, OpenSubtitles2016: Extracting Large Parallel Corpora from Movie and TV Subtitles. In Proceedings of the 10th International Conference on Language Resources and Evaluation (LREC 2016)","whole",NA
3138,3252818,"Ette ole julmia, ilkeitä ihmisiä, jotka myyvät toisia orjiksi vain, - koska he ovat hankalia.",NA,"Ette ole julmia ilkeitä ihmisiä jotka myyvät toisia orjiksi vain  koska he ovat hankalia",NA,NA,NA,NA,NA,NA,NA,29,"fin_nfi_1808.txt","Finnish","Finnish","fin",NA,"2016","written","non-fiction","prepared_speeches","Latn",NA,"OpenSubtitles2018","https://object.pouta.csc.fi/OPUS-OpenSubtitles/v2018/raw/fi.zip","http://www.opensubtitles.org/","http://www.opensubtitles.org/ P. Lison and J. Tiedemann, 2016, OpenSubtitles2016: Extracting Large Parallel Corpora from Movie and TV Subtitles. In Proceedings of the 10th International Conference on Language Resources and Evaluation (LREC 2016)","whole",NA
2086,2127628,"laiska ja kurillinen. Tähän aikaan rupesi hän jo kantelemaan koulusta",NA,"laiska ja kurillinen Tähän aikaan rupesi hän jo kantelemaan koulusta",NA,NA,NA,NA,NA,NA,NA,28,"fin_fic_106.txt","Finnish","Finnish","fin",NA,"2012","written","fiction","general_fiction","Latn",NA,"Alkio, Santeri, 1862-1930, Kylistä, kodeista ja vainioilta:	Kertomuksia ja kuvaelmia, Fiction","http://www.gutenberg.org/ebooks/41686.html.noimages","http://www.gutenberg.org","http://www.gutenberg.org","whole",NA
5491,5013485,"Je suis Uhtred, fils d'Uhtred.",NA,"Je suis Uhtred fils dUhtred",NA,NA,NA,NA,NA,NA,NA,32,"fra_nfi_55.txt","French","French","fra",NA,"2017","written","non-fiction","prepared_speeches","Latn",NA,"OpenSubtitles2018","https://object.pouta.csc.fi/OPUS-OpenSubtitles/v2018/raw/fr.zip","http://www.opensubtitles.org/","http://www.opensubtitles.org/ P. Lison and J. Tiedemann, 2016, OpenSubtitles2016: Extracting Large Parallel Corpora from Movie and TV Subtitles. In Proceedings of the 10th International Conference on Language Resources and Evaluation (LREC 2016)","whole",NA
4739,4357676,"décorum, j'en appelle à vous-même, ai-je jamais péché, au moindre degré, contre",NA,"décorum jen appelle à vousmême aije jamais péché au moindre degré contre",NA,NA,NA,NA,NA,NA,NA,31,"fra_fic_63.txt","French","French","fra",NA,"2008","written","fiction","general_fiction","Latn",NA,"Auguste Angellier., Robert Burns","http://www.gutenberg.org/files/25335/25335-h/25335-h.htm","http://www.gutenberg.org","http://www.gutenberg.org","part",NA
4773,4501634,"Port d'ennuy voye diffamable",NA,"Port dennuy voye diffamable",NA,NA,NA,NA,NA,NA,NA,31,"fra_fic_94.txt","French","French","fra",NA,"2009","written","fiction","general_fiction","Latn",NA,"Anonymous, Livre d'amours, auquel est relatee la grant amour et façon par laquelle Pamphille peut jouir de Galathee et le moyen qu'en fist la maquerelle","http://www.gutenberg.org/files/29251/29251-h/29251-h.htm","http://www.gutenberg.org","http://www.gutenberg.org","whole",NA
5239,4860199,"Ils m'ont lâché deux fois !",NA,"Ils mont lâché deux fois",NA,NA,NA,NA,NA,NA,NA,32,"fra_nfi_322.txt","French","French","fra",NA,"2017","written","non-fiction","prepared_speeches","Latn",NA,"OpenSubtitles2018","https://object.pouta.csc.fi/OPUS-OpenSubtitles/v2018/raw/fr.zip","http://www.opensubtitles.org/","http://www.opensubtitles.org/ P. Lison and J. Tiedemann, 2016, OpenSubtitles2016: Extracting Large Parallel Corpora from Movie and TV Subtitles. In Proceedings of the 10th International Conference on Language Resources and Evaluation (LREC 2016)","whole",NA
4931,4664481,"Plus que toi.",NA,"Plus que toi",NA,NA,NA,NA,NA,NA,NA,32,"fra_nfi_1135.txt","French","French","fra",NA,"2016","written","non-fiction","prepared_speeches","Latn",NA,"OpenSubtitles2018","https://object.pouta.csc.fi/OPUS-OpenSubtitles/v2018/raw/fr.zip","http://www.opensubtitles.org/","http://www.opensubtitles.org/ P. Lison and J. Tiedemann, 2016, OpenSubtitles2016: Extracting Large Parallel Corpora from Movie and TV Subtitles. In Proceedings of the 10th International Conference on Language Resources and Evaluation (LREC 2016)","whole",NA
4757,4449445,"«Le jour où l'on amena M. de Vaucanson chez madame du Deffant, la",NA,"Le jour où lon amena M de Vaucanson chez madame du Deffant la",NA,NA,NA,NA,NA,NA,NA,31,"fra_fic_8.txt","French","French","fra",NA,"2012","written","fiction","general_fiction","Latn",NA,"Duchesse d'Abrantès., Histoire des salons de Paris (Tome 1/6)","http://www.gutenberg.org/files/39331/39331-h/39331-h.htm","http://www.gutenberg.org","http://www.gutenberg.org","part",NA
4685,4120826,"avant. Dégradé et vivant! Mais que voulez-vous donc que je devienne?",NA,"avant Dégradé et vivant Mais que voulezvous donc que je devienne",NA,NA,NA,NA,NA,NA,NA,31,"fra_fic_14.txt","French","French","fra",NA,"2006","written","fiction","general_fiction","Latn",NA,"Achard, Amédée, 1814-1875, Belle-Rose, France -- History -- Louis XIV, 1643-1715 -- Fiction","http://www.gutenberg.org/ebooks/17808.html.noimages","http://www.gutenberg.org","http://www.gutenberg.org","part",NA
4694,4164011,"Praxi-Blassans, et le comité de patronage, me remercient...? Je vais lui",NA,"PraxiBlassans et le comité de patronage me remercient Je vais lui",NA,NA,NA,NA,NA,NA,NA,31,"fra_fic_22.txt","French","French","fra",NA,"2010","written","fiction","general_fiction","Latn",NA,"Paul Adam, Au soleil de juillet (1829-1830)","http://www.gutenberg.org/files/33378/33378-h/33378-h.htm","http://www.gutenberg.org","http://www.gutenberg.org","part",NA
5940,5293751,"Vas-y, je le referme.",NA,"Vasy je le referme",NA,NA,NA,NA,NA,NA,NA,32,"fra_nfi_954.txt","French","French","fra",NA,"2016","written","non-fiction","prepared_speeches","Latn",NA,"OpenSubtitles2018","https://object.pouta.csc.fi/OPUS-OpenSubtitles/v2018/raw/fr.zip","http://www.opensubtitles.org/","http://www.opensubtitles.org/ P. Lison and J. Tiedemann, 2016, OpenSubtitles2016: Extracting Large Parallel Corpora from Movie and TV Subtitles. In Proceedings of the 10th International Conference on Language Resources and Evaluation (LREC 2016)","whole",NA
5250,4867990,"Il est temps que tu apprennes l'indépendance et à prendre tes responsabilités.",NA,"Il est temps que tu apprennes lindépendance et à prendre tes responsabilités",NA,NA,NA,NA,NA,NA,NA,32,"fra_nfi_332.txt","French","French","fra",NA,"2017","written","non-fiction","prepared_speeches","Latn",NA,"OpenSubtitles2018","https://object.pouta.csc.fi/OPUS-OpenSubtitles/v2018/raw/fr.zip","http://www.opensubtitles.org/","http://www.opensubtitles.org/ P. Lison and J. Tiedemann, 2016, OpenSubtitles2016: Extracting Large Parallel Corpora from Movie and TV Subtitles. In Proceedings of the 10th International Conference on Language Resources and Evaluation (LREC 2016)","whole",NA
5194,4832773,"J'ai détesté la Russie, ce qu'ils font subir aux gens.",NA,"Jai détesté la Russie ce quils font subir aux gens",NA,NA,NA,NA,NA,NA,NA,32,"fra_nfi_282.txt","French","French","fra",NA,"2017","written","non-fiction","prepared_speeches","Latn",NA,"OpenSubtitles2018","https://object.pouta.csc.fi/OPUS-OpenSubtitles/v2018/raw/fr.zip","http://www.opensubtitles.org/","http://www.opensubtitles.org/ P. Lison and J. Tiedemann, 2016, OpenSubtitles2016: Extracting Large Parallel Corpora from Movie and TV Subtitles. In Proceedings of the 10th International Conference on Language Resources and Evaluation (LREC 2016)","whole",NA
4929,4662483,"Viens!",NA,"Viens",NA,NA,NA,NA,NA,NA,NA,32,"fra_nfi_1133.txt","French","French","fra",NA,"2016","written","non-fiction","prepared_speeches","Latn",NA,"OpenSubtitles2018","https://object.pouta.csc.fi/OPUS-OpenSubtitles/v2018/raw/fr.zip","http://www.opensubtitles.org/","http://www.opensubtitles.org/ P. Lison and J. Tiedemann, 2016, OpenSubtitles2016: Extracting Large Parallel Corpora from Movie and TV Subtitles. In Proceedings of the 10th International Conference on Language Resources and Evaluation (LREC 2016)","whole",NA
4686,4127714,"l'attendait pleine d'impatience, la voyant radieuse, se jeta dans ses",NA,"lattendait pleine dimpatience la voyant radieuse se jeta dans ses",NA,NA,NA,NA,NA,NA,NA,31,"fra_fic_15.txt","French","French","fra",NA,"2006","written","fiction","general_fiction","Latn",NA,"Achard, Amédée, 1814-1875, Belle-Rose, France -- History -- Louis XIV, 1643-1715 -- Fiction","http://www.gutenberg.org/ebooks/17808.html.noimages","http://www.gutenberg.org","http://www.gutenberg.org","part",NA
4688,4136011,"qui furette, je l'entends qui jappe.... Vous",NA,"qui furette je lentends qui jappe Vous",NA,NA,NA,NA,NA,NA,NA,31,"fra_fic_17.txt","French","French","fra",NA,"2005","written","fiction","general_fiction","Latn",NA,"Amédée Achard, Madame Rose; Pierre de Villerglé","http://www.gutenberg.org/files/16901/16901-h/16901-h.htm","http://www.gutenberg.org","http://www.gutenberg.org","whole",NA
4965,4687925,"Je voulais juste être votre ami.",NA,"Je voulais juste être votre ami",NA,NA,NA,NA,NA,NA,NA,32,"fra_nfi_1166.txt","French","French","fra",NA,NA,"written","non-fiction","prepared_speeches","Latn",NA,"OpenSubtitles2018","https://object.pouta.csc.fi/OPUS-OpenSubtitles/v2018/raw/fr.zip","http://www.opensubtitles.org/","http://www.opensubtitles.org/ P. Lison and J. Tiedemann, 2016, OpenSubtitles2016: Extracting Large Parallel Corpora from Movie and TV Subtitles. In Proceedings of the 10th International Conference on Language Resources and Evaluation (LREC 2016)","whole",NA
4678,4087851,"bien né et à l'instinct de conservation que connaissent",NA,"bien né et à linstinct de conservation que connaissent",NA,NA,NA,NA,NA,NA,NA,31,"fra_fic_121.txt","French","French","fra",NA,"2018","written","fiction","general_fiction","Latn",NA,"Guillaume Apollinaire, Le poète assassiné","http://www.gutenberg.org/files/56645/56645-h/56645-h.htm","http://www.gutenberg.org","http://www.gutenberg.org","whole",NA
5796,5194459,"T'as pas fini avec tes piques?",NA,"Tas pas fini avec tes piques",NA,NA,NA,NA,NA,NA,NA,32,"fra_nfi_824.txt","French","French","fra",NA,"2016","written","non-fiction","prepared_speeches","Latn",NA,"OpenSubtitles2018","https://object.pouta.csc.fi/OPUS-OpenSubtitles/v2018/raw/fr.zip","http://www.opensubtitles.org/","http://www.opensubtitles.org/ P. Lison and J. Tiedemann, 2016, OpenSubtitles2016: Extracting Large Parallel Corpora from Movie and TV Subtitles. In Proceedings of the 10th International Conference on Language Resources and Evaluation (LREC 2016)","whole",NA
4779,4547302,"18036012	mais , s'il n'écoute pas , il court au devant de la flèche , et il périt , faute d'avoir voulu comprendre .","18036012","mais  sil nécoute pas  il court au devant de la flèche  et il périt  faute davoir voulu comprendre",NA,NA,NA,NA,NA,NA,NA,32,"fra_nfi_1.txt","French","French","fra",NA,"2012","written","non-fiction","religion","Latn",NA,"Bible Perret-Gentil et Rilliet. Text of the Parallel Bible Corpus: Mayer, Thomas & Michael Cysouw. 2014. Creating a Massively Parallel Bible Corpus. Proceedings of the International Conference on Language Resources and Evaluation (LREC), Reykjavik, 3158-3163.","http://sourceforge.net/projects/zefania-sharp/files/Bibles/FRE/Bible%20Perret-Gentil%20et%20Rilliet/","Public Domain","Rights: Public Domain<br>Description: http://theotex.org/","whole","The first two digits of the identifier refer to the book, the next three digits to the chapter, and the last three digits to the verse. See Mayer & Cysouw (2014) for a list of book identifiers."
4704,4201495,"—Tu es fou. Tiens, va-t'en, je ne veux plus te voir.... J'en ai assez,",NA,"Tu es fou Tiens vaten je ne veux plus te voir Jen ai assez",NA,NA,NA,NA,NA,NA,NA,31,"fra_fic_31.txt","French","French","fra",NA,"2006","written","fiction","general_fiction","Latn",NA,"Jean Aicard, Notre-Dame-d'Amour","http://www.gutenberg.org/files/18627/18627-h/18627-h.htm","http://www.gutenberg.org","http://www.gutenberg.org","whole",NA
4678,4088152,"voix exaltée:",NA,"voix exaltée",NA,NA,NA,NA,NA,NA,NA,31,"fra_fic_121.txt","French","French","fra",NA,"2018","written","fiction","general_fiction","Latn",NA,"Guillaume Apollinaire, Le poète assassiné","http://www.gutenberg.org/files/56645/56645-h/56645-h.htm","http://www.gutenberg.org","http://www.gutenberg.org","whole",NA
4779,4559570,"42023014	leur dit : « Vous m'avez amené cet homme comme soulevant le peuple , et voici , après l'avoir examiné en votre présence , je ne l'ai , pour mon compte , trouvé coupable d'aucune des choses dont vous l'accusez ;","42023014","leur dit   Vous mavez amené cet homme comme soulevant le peuple  et voici  après lavoir examiné en votre présence  je ne lai  pour mon compte  trouvé coupable daucune des choses dont vous laccusez",NA,NA,NA,NA,NA,NA,NA,32,"fra_nfi_1.txt","French","French","fra",NA,"2012","written","non-fiction","religion","Latn",NA,"Bible Perret-Gentil et Rilliet. Text of the Parallel Bible Corpus: Mayer, Thomas & Michael Cysouw. 2014. Creating a Massively Parallel Bible Corpus. Proceedings of the International Conference on Language Resources and Evaluation (LREC), Reykjavik, 3158-3163.","http://sourceforge.net/projects/zefania-sharp/files/Bibles/FRE/Bible%20Perret-Gentil%20et%20Rilliet/","Public Domain","Rights: Public Domain<br>Description: http://theotex.org/","whole","The first two digits of the identifier refer to the book, the next three digits to the chapter, and the last three digits to the verse. See Mayer & Cysouw (2014) for a list of book identifiers."
4676,4082251,"par tous les moyens que cette même amitié peut inspirer, à détourner",NA,"par tous les moyens que cette même amitié peut inspirer à détourner",NA,NA,NA,NA,NA,NA,NA,31,"fra_fic_12.txt","French","French","fra",NA,"2014","written","fiction","general_fiction","Latn",NA,"Duchesse d'Abrantès., Histoire des salons de Paris (Tome 5/6)","http://www.gutenberg.org/files/44664/44664-h/44664-h.htm","http://www.gutenberg.org","http://www.gutenberg.org","part",NA
5711,5142634,"Je vous fais Chris Farley ?",NA,"Je vous fais Chris Farley",NA,NA,NA,NA,NA,NA,NA,32,"fra_nfi_748.txt","French","French","fra",NA,"2016","written","non-fiction","prepared_speeches","Latn",NA,"OpenSubtitles2018","https://object.pouta.csc.fi/OPUS-OpenSubtitles/v2018/raw/fr.zip","http://www.opensubtitles.org/","http://www.opensubtitles.org/ P. Lison and J. Tiedemann, 2016, OpenSubtitles2016: Extracting Large Parallel Corpora from Movie and TV Subtitles. In Proceedings of the 10th International Conference on Language Resources and Evaluation (LREC 2016)","whole",NA
5929,5284946,"C'est un salaire honorable.",NA,"Cest un salaire honorable",NA,NA,NA,NA,NA,NA,NA,32,"fra_nfi_944.txt","French","French","fra",NA,"2016","written","non-fiction","prepared_speeches","Latn",NA,"OpenSubtitles2018","https://object.pouta.csc.fi/OPUS-OpenSubtitles/v2018/raw/fr.zip","http://www.opensubtitles.org/","http://www.opensubtitles.org/ P. Lison and J. Tiedemann, 2016, OpenSubtitles2016: Extracting Large Parallel Corpora from Movie and TV Subtitles. In Proceedings of the 10th International Conference on Language Resources and Evaluation (LREC 2016)","whole",NA
5718,5149842,"- Si elle m'irait ?",NA,"Si elle mirait",NA,NA,NA,NA,NA,NA,NA,32,"fra_nfi_754.txt","French","French","fra",NA,"2016","written","non-fiction","prepared_speeches","Latn",NA,"OpenSubtitles2018","https://object.pouta.csc.fi/OPUS-OpenSubtitles/v2018/raw/fr.zip","http://www.opensubtitles.org/","http://www.opensubtitles.org/ P. Lison and J. Tiedemann, 2016, OpenSubtitles2016: Extracting Large Parallel Corpora from Movie and TV Subtitles. In Proceedings of the 10th International Conference on Language Resources and Evaluation (LREC 2016)","whole",NA
5712,5143632,"C'est toi qui cherches Amélia ?",NA,"Cest toi qui cherches Amélia",NA,NA,NA,NA,NA,NA,NA,32,"fra_nfi_749.txt","French","French","fra",NA,"2016","written","non-fiction","prepared_speeches","Latn",NA,"OpenSubtitles2018","https://object.pouta.csc.fi/OPUS-OpenSubtitles/v2018/raw/fr.zip","http://www.opensubtitles.org/","http://www.opensubtitles.org/ P. Lison and J. Tiedemann, 2016, OpenSubtitles2016: Extracting Large Parallel Corpora from Movie and TV Subtitles. In Proceedings of the 10th International Conference on Language Resources and Evaluation (LREC 2016)","whole",NA
4739,4357164,"semaine suivante, comme il résulte de la lettre qu'il écrivit pour accepter",NA,"semaine suivante comme il résulte de la lettre quil écrivit pour accepter",NA,NA,NA,NA,NA,NA,NA,31,"fra_fic_63.txt","French","French","fra",NA,"2008","written","fiction","general_fiction","Latn",NA,"Auguste Angellier., Robert Burns","http://www.gutenberg.org/files/25335/25335-h/25335-h.htm","http://www.gutenberg.org","http://www.gutenberg.org","part",NA
4804,4580287,"mais d'être respectueux ?",NA,"mais dêtre respectueux",NA,NA,NA,NA,NA,NA,NA,32,"fra_nfi_1020.txt","French","French","fra",NA,"2016","written","non-fiction","prepared_speeches","Latn",NA,"OpenSubtitles2018","https://object.pouta.csc.fi/OPUS-OpenSubtitles/v2018/raw/fr.zip","http://www.opensubtitles.org/","http://www.opensubtitles.org/ P. Lison and J. Tiedemann, 2016, OpenSubtitles2016: Extracting Large Parallel Corpora from Movie and TV Subtitles. In Proceedings of the 10th International Conference on Language Resources and Evaluation (LREC 2016)","whole",NA
5205,4839904,"Jamais ?",NA,"Jamais",NA,NA,NA,NA,NA,NA,NA,32,"fra_nfi_292.txt","French","French","fra",NA,"2017","written","non-fiction","prepared_speeches","Latn",NA,"OpenSubtitles2018","https://object.pouta.csc.fi/OPUS-OpenSubtitles/v2018/raw/fr.zip","http://www.opensubtitles.org/","http://www.opensubtitles.org/ P. Lison and J. Tiedemann, 2016, OpenSubtitles2016: Extracting Large Parallel Corpora from Movie and TV Subtitles. In Proceedings of the 10th International Conference on Language Resources and Evaluation (LREC 2016)","whole",NA
5461,4994230,"Vous êtes soldat, moi, civil, vous devez me protéger.",NA,"Vous êtes soldat moi civil vous devez me protéger",NA,NA,NA,NA,NA,NA,NA,32,"fra_nfi_522.txt","French","French","fra",NA,"2017","written","non-fiction","prepared_speeches","Latn",NA,"OpenSubtitles2018","https://object.pouta.csc.fi/OPUS-OpenSubtitles/v2018/raw/fr.zip","http://www.opensubtitles.org/","http://www.opensubtitles.org/ P. Lison and J. Tiedemann, 2016, OpenSubtitles2016: Extracting Large Parallel Corpora from Movie and TV Subtitles. In Proceedings of the 10th International Conference on Language Resources and Evaluation (LREC 2016)","whole",NA
4721,4281617,"[79] Achilles de Harlai, premier président du parlement de",NA,"79 Achilles de Harlai premier président du parlement de",NA,NA,NA,NA,NA,NA,NA,31,"fra_fic_47.txt","French","French","fra",NA,"2009","written","fiction","general_fiction","Latn",NA,"Various, Lettres de Mmes de Villars, de Coulanges et de La Fayette, de Ninon de L'Enclos et de Mademoiselle Aïssé","http://www.gutenberg.org/files/29476/29476-h/29476-h.htm","http://www.gutenberg.org","http://www.gutenberg.org","part",NA
4683,4109604,"avait quitté sa patrie pour habiter l'Irlande, ce",NA,"avait quitté sa patrie pour habiter lIrlande ce",NA,NA,NA,NA,NA,NA,NA,31,"fra_fic_126.txt","French","French","fra",NA,"2015","written","fiction","general_fiction","Latn",NA,"Henri d'Arbois de Jubainville, Le cycle mythologique irlandais et la mythologie celtique","http://www.gutenberg.org/files/50718/50718-h/50718-h.htm","http://www.gutenberg.org","http://www.gutenberg.org","part",NA
5615,5087435,"Quand Bruce reviendra... les gens mourront, n'est-ce pas ?",NA,"Quand Bruce reviendra les gens mourront nestce pas",NA,NA,NA,NA,NA,NA,NA,32,"fra_nfi_661.txt","French","French","fra",NA,"2017","written","non-fiction","prepared_speeches","Latn",NA,"OpenSubtitles2018","https://object.pouta.csc.fi/OPUS-OpenSubtitles/v2018/raw/fr.zip","http://www.opensubtitles.org/","http://www.opensubtitles.org/ P. Lison and J. Tiedemann, 2016, OpenSubtitles2016: Extracting Large Parallel Corpora from Movie and TV Subtitles. In Proceedings of the 10th International Conference on Language Resources and Evaluation (LREC 2016)","whole",NA
5504,5023751,"Johannes a 160 points.",NA,"Johannes a 160 points",NA,NA,NA,NA,NA,NA,NA,32,"fra_nfi_561.txt","French","French","fra",NA,"2017","written","non-fiction","prepared_speeches","Latn",NA,"OpenSubtitles2018","https://object.pouta.csc.fi/OPUS-OpenSubtitles/v2018/raw/fr.zip","http://www.opensubtitles.org/","http://www.opensubtitles.org/ P. Lison and J. Tiedemann, 2016, OpenSubtitles2016: Extracting Large Parallel Corpora from Movie and TV Subtitles. In Proceedings of the 10th International Conference on Language Resources and Evaluation (LREC 2016)","whole",NA
4705,4205945,"beaucoup plus gai que l'on n'aurait dû s'y attendre dans de telles",NA,"beaucoup plus gai que lon naurait dû sy attendre dans de telles",NA,NA,NA,NA,NA,NA,NA,31,"fra_fic_32.txt","French","French","fra",NA,"2018","written","fiction","general_fiction","Latn",NA,"Gustave Aimard, Cardenio","http://www.gutenberg.org/files/58084/58084-h/58084-h.htm","http://www.gutenberg.org","http://www.gutenberg.org","part",NA
5882,5252226,"C'est comme résoudre un Rubik's Cube avec nos pieds.",NA,"Cest comme résoudre un Rubiks Cube avec nos pieds",NA,NA,NA,NA,NA,NA,NA,32,"fra_nfi_901.txt","French","French","fra",NA,"2016","written","non-fiction","prepared_speeches","Latn",NA,"OpenSubtitles2018","https://object.pouta.csc.fi/OPUS-OpenSubtitles/v2018/raw/fr.zip","http://www.opensubtitles.org/","http://www.opensubtitles.org/ P. Lison and J. Tiedemann, 2016, OpenSubtitles2016: Extracting Large Parallel Corpora from Movie and TV Subtitles. In Proceedings of the 10th International Conference on Language Resources and Evaluation (LREC 2016)","whole",NA
5733,5158458,"Elle a quelques points qui se sont ouverts.",NA,"Elle a quelques points qui se sont ouverts",NA,NA,NA,NA,NA,NA,NA,32,"fra_nfi_768.txt","French","French","fra",NA,"2016","written","non-fiction","prepared_speeches","Latn",NA,"OpenSubtitles2018","https://object.pouta.csc.fi/OPUS-OpenSubtitles/v2018/raw/fr.zip","http://www.opensubtitles.org/","http://www.opensubtitles.org/ P. Lison and J. Tiedemann, 2016, OpenSubtitles2016: Extracting Large Parallel Corpora from Movie and TV Subtitles. In Proceedings of the 10th International Conference on Language Resources and Evaluation (LREC 2016)","whole",NA
5724,5153554,"- Pas de pouvoirs.",NA,"Pas de pouvoirs",NA,NA,NA,NA,NA,NA,NA,32,"fra_nfi_76.txt","French","French","fra",NA,"2017","written","non-fiction","prepared_speeches","Latn",NA,"OpenSubtitles2018","https://object.pouta.csc.fi/OPUS-OpenSubtitles/v2018/raw/fr.zip","http://www.opensubtitles.org/","http://www.opensubtitles.org/ P. Lison and J. Tiedemann, 2016, OpenSubtitles2016: Extracting Large Parallel Corpora from Movie and TV Subtitles. In Proceedings of the 10th International Conference on Language Resources and Evaluation (LREC 2016)","whole",NA
5603,5080908,"Mme Stella ?",NA,"Mme Stella",NA,NA,NA,NA,NA,NA,NA,32,"fra_nfi_650.txt","French","French","fra",NA,"2017","written","non-fiction","prepared_speeches","Latn",NA,"OpenSubtitles2018","https://object.pouta.csc.fi/OPUS-OpenSubtitles/v2018/raw/fr.zip","http://www.opensubtitles.org/","http://www.opensubtitles.org/ P. Lison and J. Tiedemann, 2016, OpenSubtitles2016: Extracting Large Parallel Corpora from Movie and TV Subtitles. In Proceedings of the 10th International Conference on Language Resources and Evaluation (LREC 2016)","whole",NA
5770,5179011,"Un staphylo à cause d'un hameçon rouillé.",NA,"Un staphylo à cause dun hameçon rouillé",NA,NA,NA,NA,NA,NA,NA,32,"fra_nfi_800.txt","French","French","fra",NA,"2016","written","non-fiction","prepared_speeches","Latn",NA,"OpenSubtitles2018","https://object.pouta.csc.fi/OPUS-OpenSubtitles/v2018/raw/fr.zip","http://www.opensubtitles.org/","http://www.opensubtitles.org/ P. Lison and J. Tiedemann, 2016, OpenSubtitles2016: Extracting Large Parallel Corpora from Movie and TV Subtitles. In Proceedings of the 10th International Conference on Language Resources and Evaluation (LREC 2016)","whole",NA
5082,4761789,"Je m'en fiche, Oliver.",NA,"Je men fiche Oliver",NA,NA,NA,NA,NA,NA,NA,32,"fra_nfi_181.txt","French","French","fra",NA,"2017","written","non-fiction","prepared_speeches","Latn",NA,"OpenSubtitles2018","https://object.pouta.csc.fi/OPUS-OpenSubtitles/v2018/raw/fr.zip","http://www.opensubtitles.org/","http://www.opensubtitles.org/ P. Lison and J. Tiedemann, 2016, OpenSubtitles2016: Extracting Large Parallel Corpora from Movie and TV Subtitles. In Proceedings of the 10th International Conference on Language Resources and Evaluation (LREC 2016)","whole",NA
4679,4097030,"pas plus habile de prendre son parti d'une défaite",NA,"pas plus habile de prendre son parti dune défaite",NA,NA,NA,NA,NA,NA,NA,31,"fra_fic_122.txt","French","French","fra",NA,"2007","written","fiction","general_fiction","Latn",NA,"Guillaume Apollinaire, Les trois Don Juan","http://www.gutenberg.org/files/22971/22971-h/22971-h.htm","http://www.gutenberg.org","http://www.gutenberg.org","part",NA
4774,4504933,"et de l'île du Prince-Edouard. Comment nos hommes",NA,"et de lîle du PrinceEdouard Comment nos hommes",NA,NA,NA,NA,NA,NA,NA,31,"fra_fic_95.txt","French","French","fra",NA,"2006","written","fiction","general_fiction","Latn",NA,"Anonymous, Louis Riel, Martyr du Nord-Ouest","http://www.gutenberg.org/files/19604/19604-h/19604-h.htm","http://www.gutenberg.org","http://www.gutenberg.org","whole",NA
4760,4461604,"un gage de préservation assurée pour le reste de l'existence.",NA,"un gage de préservation assurée pour le reste de lexistence",NA,NA,NA,NA,NA,NA,NA,31,"fra_fic_82.txt","French","French","fra",NA,"2007","written","fiction","general_fiction","Latn",NA,"Anonymous, Bulletin de Lille, 1916.06","http://www.gutenberg.org/files/20825/20825-h/20825-h.htm","http://www.gutenberg.org","http://www.gutenberg.org","whole",NA
5883,5252805,"Répond lui !",NA,"Répond lui",NA,NA,NA,NA,NA,NA,NA,32,"fra_nfi_902.txt","French","French","fra",NA,"2016","written","non-fiction","prepared_speeches","Latn",NA,"OpenSubtitles2018","https://object.pouta.csc.fi/OPUS-OpenSubtitles/v2018/raw/fr.zip","http://www.opensubtitles.org/","http://www.opensubtitles.org/ P. Lison and J. Tiedemann, 2016, OpenSubtitles2016: Extracting Large Parallel Corpora from Movie and TV Subtitles. In Proceedings of the 10th International Conference on Language Resources and Evaluation (LREC 2016)","whole",NA
5509,5026748,"Elle ne le peut.",NA,"Elle ne le peut",NA,NA,NA,NA,NA,NA,NA,32,"fra_nfi_566.txt","French","French","fra",NA,"2017","written","non-fiction","prepared_speeches","Latn",NA,"OpenSubtitles2018","https://object.pouta.csc.fi/OPUS-OpenSubtitles/v2018/raw/fr.zip","http://www.opensubtitles.org/","http://www.opensubtitles.org/ P. Lison and J. Tiedemann, 2016, OpenSubtitles2016: Extracting Large Parallel Corpora from Movie and TV Subtitles. In Proceedings of the 10th International Conference on Language Resources and Evaluation (LREC 2016)","whole",NA
4777,4525275,"Malars de rivière. En yver, quant les jeunes etc.[967]",NA,"Malars de rivière En yver quant les jeunes etc967",NA,NA,NA,NA,NA,NA,NA,31,"fra_fic_98.txt","French","French","fra",NA,"2013","written","fiction","general_fiction","Latn",NA,"Anonymous, Le ménagier de Paris (v. 1 & 2)","http://www.gutenberg.org/files/44070/44070-h/44070-h.htm","http://www.gutenberg.org","http://www.gutenberg.org","part",NA
4776,4524597,"Plaidoieries civiles prononcées aux audiences du matin du",NA,"Plaidoieries civiles prononcées aux audiences du matin du",NA,NA,NA,NA,NA,NA,NA,31,"fra_fic_97.txt","French","French","fra",NA,"2013","written","fiction","general_fiction","Latn",NA,"Anonymous, Le ménagier de Paris (v. 1 & 2)","http://www.gutenberg.org/files/44070/44070-h/44070-h.htm","http://www.gutenberg.org","http://www.gutenberg.org","part",NA
4755,4436663,"facile, meilleure qu'en Brasserie, moitié prix, naturelle!",NA,"facile meilleure quen Brasserie moitié prix naturelle",NA,NA,NA,NA,NA,NA,NA,31,"fra_fic_78.txt","French","French","fra",NA,"2005","written","fiction","general_fiction","Latn",NA,"Anonymous, Bulletin de Lille, Jan. 1916","http://www.gutenberg.org/files/15212/15212-h/15212-h.htm","http://www.gutenberg.org","http://www.gutenberg.org","part",NA
4831,4596910,"Quelqu'un a volé votre bateau ?",NA,"Quelquun a volé votre bateau",NA,NA,NA,NA,NA,NA,NA,32,"fra_nfi_1045.txt","French","French","fra",NA,"2016","written","non-fiction","prepared_speeches","Latn",NA,"OpenSubtitles2018","https://object.pouta.csc.fi/OPUS-OpenSubtitles/v2018/raw/fr.zip","http://www.opensubtitles.org/","http://www.opensubtitles.org/ P. Lison and J. Tiedemann, 2016, OpenSubtitles2016: Extracting Large Parallel Corpora from Movie and TV Subtitles. In Proceedings of the 10th International Conference on Language Resources and Evaluation (LREC 2016)","whole",NA
4773,4500468,"Par ce pamphille se tu veulx",NA,"Par ce pamphille se tu veulx",NA,NA,NA,NA,NA,NA,NA,31,"fra_fic_94.txt","French","French","fra",NA,"2009","written","fiction","general_fiction","Latn",NA,"Anonymous, Livre d'amours, auquel est relatee la grant amour et façon par laquelle Pamphille peut jouir de Galathee et le moyen qu'en fist la maquerelle","http://www.gutenberg.org/files/29251/29251-h/29251-h.htm","http://www.gutenberg.org","http://www.gutenberg.org","whole",NA
4779,4550237,"20008014	J'ai le conseil et le succès , je suis l'intelligence , je possède la force .","20008014","Jai le conseil et le succès  je suis lintelligence  je possède la force",NA,NA,NA,NA,NA,NA,NA,32,"fra_nfi_1.txt","French","French","fra",NA,"2012","written","non-fiction","religion","Latn",NA,"Bible Perret-Gentil et Rilliet. Text of the Parallel Bible Corpus: Mayer, Thomas & Michael Cysouw. 2014. Creating a Massively Parallel Bible Corpus. Proceedings of the International Conference on Language Resources and Evaluation (LREC), Reykjavik, 3158-3163.","http://sourceforge.net/projects/zefania-sharp/files/Bibles/FRE/Bible%20Perret-Gentil%20et%20Rilliet/","Public Domain","Rights: Public Domain<br>Description: http://theotex.org/","whole","The first two digits of the identifier refer to the book, the next three digits to the chapter, and the last three digits to the verse. See Mayer & Cysouw (2014) for a list of book identifiers."
4676,4083472,"plaisait; nos maris étaient frères d'armes; nous nous convînmes",NA,"plaisait nos maris étaient frères darmes nous nous convînmes",NA,NA,NA,NA,NA,NA,NA,31,"fra_fic_12.txt","French","French","fra",NA,"2014","written","fiction","general_fiction","Latn",NA,"Duchesse d'Abrantès., Histoire des salons de Paris (Tome 5/6)","http://www.gutenberg.org/files/44664/44664-h/44664-h.htm","http://www.gutenberg.org","http://www.gutenberg.org","part",NA
5187,4827541,"Je fais juste quelques gardes ici pour aider.",NA,"Je fais juste quelques gardes ici pour aider",NA,NA,NA,NA,NA,NA,NA,32,"fra_nfi_276.txt","French","French","fra",NA,"2017","written","non-fiction","prepared_speeches","Latn",NA,"OpenSubtitles2018","https://object.pouta.csc.fi/OPUS-OpenSubtitles/v2018/raw/fr.zip","http://www.opensubtitles.org/","http://www.opensubtitles.org/ P. Lison and J. Tiedemann, 2016, OpenSubtitles2016: Extracting Large Parallel Corpora from Movie and TV Subtitles. In Proceedings of the 10th International Conference on Language Resources and Evaluation (LREC 2016)","whole",NA
4767,4485681,"esbigner se sauver",NA,"esbigner se sauver",NA,NA,NA,NA,NA,NA,NA,31,"fra_fic_89.txt","French","French","fra",NA,"2008","written","fiction","general_fiction","Latn",NA,"Anonymous, Dictionnaire complet de l'argot employé dans les Mystères de Paris, French language -- Slang -- Dictionaries","http://www.gutenberg.org/ebooks/24867.html.noimages","http://www.gutenberg.org","http://www.gutenberg.org","whole",NA
5170,4818132,"Que mon passé reviendrait referait surface un jour.",NA,"Que mon passé reviendrait referait surface un jour",NA,NA,NA,NA,NA,NA,NA,32,"fra_nfi_260.txt","French","French","fra",NA,"2017","written","non-fiction","prepared_speeches","Latn",NA,"OpenSubtitles2018","https://object.pouta.csc.fi/OPUS-OpenSubtitles/v2018/raw/fr.zip","http://www.opensubtitles.org/","http://www.opensubtitles.org/ P. Lison and J. Tiedemann, 2016, OpenSubtitles2016: Extracting Large Parallel Corpora from Movie and TV Subtitles. In Proceedings of the 10th International Conference on Language Resources and Evaluation (LREC 2016)","whole",NA
4758,4451610,"dans les laboratoires des pharmaciens du Nord. Se",NA,"dans les laboratoires des pharmaciens du Nord Se",NA,NA,NA,NA,NA,NA,NA,31,"fra_fic_80.txt","French","French","fra",NA,"2007","written","fiction","general_fiction","Latn",NA,"Anonymous, Bulletin de Lille, 1916.04","http://www.gutenberg.org/files/20823/20823-h/20823-h.htm","http://www.gutenberg.org","http://www.gutenberg.org","whole",NA
4746,4388688,"Je suis M. L’Ambert; permettez-moi",NA,"Je suis M LAmbert permettezmoi",NA,NA,NA,NA,NA,NA,NA,31,"fra_fic_7.txt","French","French","fra",NA,"2016","written","fiction","general_fiction","Latn",NA,"Edmond About, Le nez d'un notaire","http://www.gutenberg.org/files/51709/51709-h/51709-h.htm","http://www.gutenberg.org","http://www.gutenberg.org","whole",NA
4714,4248356,"— Mon cousin, je crois que vous avez une chance ébouriffante? Si",NA,"Mon cousin je crois que vous avez une chance ébouriffante Si",NA,NA,NA,NA,NA,NA,NA,31,"fra_fic_40.txt","French","French","fra",NA,"2004","written","fiction","general_fiction","Latn",NA,"Aimard, Gustave, 1818-1883, Jim l'indien, Frontier and pioneer life -- Minnesota -- Fiction","http://www.gutenberg.org/ebooks/13598.html.noimages","http://www.gutenberg.org","http://www.gutenberg.org","whole",NA
4779,4550888,"20030016	les Enfers , et la femme stérile , la terre jamais rassasiée d'eau , et le feu qui jamais ne dit : « C'est assez ! »","20030016","les Enfers  et la femme stérile  la terre jamais rassasiée deau  et le feu qui jamais ne dit   Cest assez",NA,NA,NA,NA,NA,NA,NA,32,"fra_nfi_1.txt","French","French","fra",NA,"2012","written","non-fiction","religion","Latn",NA,"Bible Perret-Gentil et Rilliet. Text of the Parallel Bible Corpus: Mayer, Thomas & Michael Cysouw. 2014. Creating a Massively Parallel Bible Corpus. Proceedings of the International Conference on Language Resources and Evaluation (LREC), Reykjavik, 3158-3163.","http://sourceforge.net/projects/zefania-sharp/files/Bibles/FRE/Bible%20Perret-Gentil%20et%20Rilliet/","Public Domain","Rights: Public Domain<br>Description: http://theotex.org/","whole","The first two digits of the identifier refer to the book, the next three digits to the chapter, and the last three digits to the verse. See Mayer & Cysouw (2014) for a list of book identifiers."
5501,5021755,"J'essaie...",NA,"Jessaie",NA,NA,NA,NA,NA,NA,NA,32,"fra_nfi_559.txt","French","French","fra",NA,"2017","written","non-fiction","prepared_speeches","Latn",NA,"OpenSubtitles2018","https://object.pouta.csc.fi/OPUS-OpenSubtitles/v2018/raw/fr.zip","http://www.opensubtitles.org/","http://www.opensubtitles.org/ P. Lison and J. Tiedemann, 2016, OpenSubtitles2016: Extracting Large Parallel Corpora from Movie and TV Subtitles. In Proceedings of the 10th International Conference on Language Resources and Evaluation (LREC 2016)","whole",NA
5225,4850750,"Ouais, ça serait bien.",NA,"Ouais ça serait bien",NA,NA,NA,NA,NA,NA,NA,32,"fra_nfi_31.txt","French","French","fra",NA,"2017","written","non-fiction","prepared_speeches","Latn",NA,"OpenSubtitles2018","https://object.pouta.csc.fi/OPUS-OpenSubtitles/v2018/raw/fr.zip","http://www.opensubtitles.org/","http://www.opensubtitles.org/ P. Lison and J. Tiedemann, 2016, OpenSubtitles2016: Extracting Large Parallel Corpora from Movie and TV Subtitles. In Proceedings of the 10th International Conference on Language Resources and Evaluation (LREC 2016)","whole",NA
5991,5331323,"43012039	ამისთჳს ვერ ჰრწმენდა , რამეთუ მერმეცა თქუა ესაია :","43012039","ამისთჳს ვერ ჰრწმენდა  რამეთუ მერმეცა თქუა ესაია",NA,NA,NA,NA,NA,NA,NA,34,"kat_nfi_1.txt","Georgian","Georgian","kat",NA,"1963","written","non-fiction","religion","Geor",NA,"The New Testament in Georgian. Text of the Parallel Bible Corpus: Mayer, Thomas & Michael Cysouw. 2014. Creating a Massively Parallel Bible Corpus. Proceedings of the International Conference on Language Resources and Evaluation (LREC), Reykjavik, 3158-3163.","http://unbound.biola.edu/index.cfm?method=downloads.showDownloadMain",NA,"This text was prepared on the basis of the 1963 publication by the Georgian Orthodox Church","whole","The first two digits of the identifier refer to the book, the next three digits to the chapter, and the last three digits to the verse. See Mayer & Cysouw (2014) for a list of book identifiers."
6096,5410574,"კყევ ვ კლვპ?",NA,"კყევ ვ კლვპ",NA,NA,NA,NA,NA,NA,NA,34,"kat_nfi_194.txt","Georgian","Georgian","kat",NA,"2007","written","non-fiction","prepared_speeches","Geor",NA,"OpenSubtitles2018","https://object.pouta.csc.fi/OPUS-OpenSubtitles/v2018/raw/ka.zip","http://www.opensubtitles.org/","http://www.opensubtitles.org/ P. Lison and J. Tiedemann, 2016, OpenSubtitles2016: Extracting Large Parallel Corpora from Movie and TV Subtitles. In Proceedings of the 10th International Conference on Language Resources and Evaluation (LREC 2016)","whole",NA
6101,5412810,"ჱა ეა ბთევქ ოჲე მჲ£ კპჲგ.",NA,"ჱა ეა ბთევქ ოჲე მჲ კპჲგ",NA,NA,NA,NA,NA,NA,NA,34,"kat_nfi_199.txt","Georgian","Georgian","kat",NA,"2008","written","non-fiction","prepared_speeches","Geor",NA,"OpenSubtitles2018","https://object.pouta.csc.fi/OPUS-OpenSubtitles/v2018/raw/ka.zip","http://www.opensubtitles.org/","http://www.opensubtitles.org/ P. Lison and J. Tiedemann, 2016, OpenSubtitles2016: Extracting Large Parallel Corpora from Movie and TV Subtitles. In Proceedings of the 10th International Conference on Language Resources and Evaluation (LREC 2016)","whole",NA
6160,5453738,"ოჲ მნჲდჲ კყჟთ ოანრალჲნკთ თ ოჲრნთფვ.",NA,"ოჲ მნჲდჲ კყჟთ ოანრალჲნკთ თ ოჲრნთფვ",NA,NA,NA,NA,NA,NA,NA,34,"kat_nfi_56.txt","Georgian","Georgian","kat",NA,"2010","written","non-fiction","prepared_speeches","Geor",NA,"OpenSubtitles2018","https://object.pouta.csc.fi/OPUS-OpenSubtitles/v2018/raw/ka.zip","http://www.opensubtitles.org/","http://www.opensubtitles.org/ P. Lison and J. Tiedemann, 2016, OpenSubtitles2016: Extracting Large Parallel Corpora from Movie and TV Subtitles. In Proceedings of the 10th International Conference on Language Resources and Evaluation (LREC 2016)","whole",NA
6041,5369227,"რვ ჲჟკგვპნწგარ!",NA,"რვ ჲჟკგვპნწგარ",NA,NA,NA,NA,NA,NA,NA,34,"kat_nfi_144.txt","Georgian","Georgian","kat",NA,"1970","written","non-fiction","prepared_speeches","Geor",NA,"OpenSubtitles2018","https://object.pouta.csc.fi/OPUS-OpenSubtitles/v2018/raw/ka.zip","http://www.opensubtitles.org/","http://www.opensubtitles.org/ P. Lison and J. Tiedemann, 2016, OpenSubtitles2016: Extracting Large Parallel Corpora from Movie and TV Subtitles. In Proceedings of the 10th International Conference on Language Resources and Evaluation (LREC 2016)","whole",NA
6120,5428246,"ხო, დიდი დამპყრობელი ხარ.",NA,"ხო დიდი დამპყრობელი ხარ",NA,NA,NA,NA,NA,NA,NA,34,"kat_nfi_215.txt","Georgian","Georgian","kat",NA,"2016","written","non-fiction","prepared_speeches","Geor",NA,"OpenSubtitles2018","https://object.pouta.csc.fi/OPUS-OpenSubtitles/v2018/raw/ka.zip","http://www.opensubtitles.org/","http://www.opensubtitles.org/ P. Lison and J. Tiedemann, 2016, OpenSubtitles2016: Extracting Large Parallel Corpora from Movie and TV Subtitles. In Proceedings of the 10th International Conference on Language Resources and Evaluation (LREC 2016)","whole",NA
6069,5388450,"რამ ვ ეთგჲ.",NA,"რამ ვ ეთგჲ",NA,NA,NA,NA,NA,NA,NA,34,"kat_nfi_17.txt","Georgian","Georgian","kat",NA,"2013","written","non-fiction","prepared_speeches","Geor",NA,"OpenSubtitles2018","https://object.pouta.csc.fi/OPUS-OpenSubtitles/v2018/raw/ka.zip","http://www.opensubtitles.org/","http://www.opensubtitles.org/ P. Lison and J. Tiedemann, 2016, OpenSubtitles2016: Extracting Large Parallel Corpora from Movie and TV Subtitles. In Proceedings of the 10th International Conference on Language Resources and Evaluation (LREC 2016)","whole",NA
6172,5458844,"კაკჲ რარკჲ.",NA,"კაკჲ რარკჲ",NA,NA,NA,NA,NA,NA,NA,34,"kat_nfi_67.txt","Georgian","Georgian","kat",NA,"2010","written","non-fiction","prepared_speeches","Geor",NA,"OpenSubtitles2018","https://object.pouta.csc.fi/OPUS-OpenSubtitles/v2018/raw/ka.zip","http://www.opensubtitles.org/","http://www.opensubtitles.org/ P. Lison and J. Tiedemann, 2016, OpenSubtitles2016: Extracting Large Parallel Corpora from Movie and TV Subtitles. In Proceedings of the 10th International Conference on Language Resources and Evaluation (LREC 2016)","whole",NA
7724,6935789,"Nur die Ruhe!",NA,"Nur die Ruhe",NA,NA,NA,NA,NA,NA,NA,37,"deu_nfi_896.txt","German","German","deu",NA,"2016","written","non-fiction","prepared_speeches","Latn",NA,"OpenSubtitles2018","https://object.pouta.csc.fi/OPUS-OpenSubtitles/v2018/raw/de.zip","http://www.opensubtitles.org/","http://www.opensubtitles.org/ P. Lison and J. Tiedemann, 2016, OpenSubtitles2016: Extracting Large Parallel Corpora from Movie and TV Subtitles. In Proceedings of the 10th International Conference on Language Resources and Evaluation (LREC 2016)","whole",NA
7552,6833553,"Er kann froh sein, dass er noch lebt.",NA,"Er kann froh sein dass er noch lebt",NA,NA,NA,NA,NA,NA,NA,37,"deu_nfi_740.txt","German","German","deu",NA,"2016","written","non-fiction","prepared_speeches","Latn",NA,"OpenSubtitles2018","https://object.pouta.csc.fi/OPUS-OpenSubtitles/v2018/raw/de.zip","http://www.opensubtitles.org/","http://www.opensubtitles.org/ P. Lison and J. Tiedemann, 2016, OpenSubtitles2016: Extracting Large Parallel Corpora from Movie and TV Subtitles. In Proceedings of the 10th International Conference on Language Resources and Evaluation (LREC 2016)","whole",NA
6477,6211098,"Murphy.",NA,"Murphy",NA,NA,NA,NA,NA,NA,NA,37,"deu_nfi_1102.txt","German","German","deu",NA,"2016","written","non-fiction","prepared_speeches","Latn",NA,"OpenSubtitles2018","https://object.pouta.csc.fi/OPUS-OpenSubtitles/v2018/raw/de.zip","http://www.opensubtitles.org/","http://www.opensubtitles.org/ P. Lison and J. Tiedemann, 2016, OpenSubtitles2016: Extracting Large Parallel Corpora from Movie and TV Subtitles. In Proceedings of the 10th International Conference on Language Resources and Evaluation (LREC 2016)","whole",NA
7300,6682608,"Norma, bleib bei uns.",NA,"Norma bleib bei uns",NA,NA,NA,NA,NA,NA,NA,37,"deu_nfi_513.txt","German","German","deu",NA,"2017","written","non-fiction","prepared_speeches","Latn",NA,"OpenSubtitles2018","https://object.pouta.csc.fi/OPUS-OpenSubtitles/v2018/raw/de.zip","http://www.opensubtitles.org/","http://www.opensubtitles.org/ P. Lison and J. Tiedemann, 2016, OpenSubtitles2016: Extracting Large Parallel Corpora from Movie and TV Subtitles. In Proceedings of the 10th International Conference on Language Resources and Evaluation (LREC 2016)","whole",NA
6222,5543659,"ganz nach seinen Wünschen einzurichten.",NA,"ganz nach seinen Wünschen einzurichten",NA,NA,NA,NA,NA,NA,NA,36,"deu_fic_110.txt","German","German","deu",NA,"2014","written","fiction","general_fiction","Latn",NA,"Eduard Bernstein, Ferdinand Lassalle","http://www.gutenberg.org/files/44722/44722-h/44722-h.htm","http://www.gutenberg.org","http://www.gutenberg.org","part",NA
7630,6880101,"Ihr bringt die Sprengladungen an, wir geben Delaney das Gegengift und erklären ihr alles, das wird interessant.",NA,"Ihr bringt die Sprengladungen an wir geben Delaney das Gegengift und erklären ihr alles das wird interessant",NA,NA,NA,NA,NA,NA,NA,37,"deu_nfi_810.txt","German","German","deu",NA,"2016","written","non-fiction","prepared_speeches","Latn",NA,"OpenSubtitles2018","https://object.pouta.csc.fi/OPUS-OpenSubtitles/v2018/raw/de.zip","http://www.opensubtitles.org/","http://www.opensubtitles.org/ P. Lison and J. Tiedemann, 2016, OpenSubtitles2016: Extracting Large Parallel Corpora from Movie and TV Subtitles. In Proceedings of the 10th International Conference on Language Resources and Evaluation (LREC 2016)","whole",NA
7308,6687255,"Rafft ihr nicht, was hier abgeht?",NA,"Rafft ihr nicht was hier abgeht",NA,NA,NA,NA,NA,NA,NA,37,"deu_nfi_520.txt","German","German","deu",NA,"2017","written","non-fiction","prepared_speeches","Latn",NA,"OpenSubtitles2018","https://object.pouta.csc.fi/OPUS-OpenSubtitles/v2018/raw/de.zip","http://www.opensubtitles.org/","http://www.opensubtitles.org/ P. Lison and J. Tiedemann, 2016, OpenSubtitles2016: Extracting Large Parallel Corpora from Movie and TV Subtitles. In Proceedings of the 10th International Conference on Language Resources and Evaluation (LREC 2016)","whole",NA
6628,6301169,"Hier.",NA,"Hier",NA,NA,NA,NA,NA,NA,NA,37,"deu_nfi_1239.txt","German","German","deu",NA,"2016","written","non-fiction","prepared_speeches","Latn",NA,"OpenSubtitles2018","https://object.pouta.csc.fi/OPUS-OpenSubtitles/v2018/raw/de.zip","http://www.opensubtitles.org/","http://www.opensubtitles.org/ P. Lison and J. Tiedemann, 2016, OpenSubtitles2016: Extracting Large Parallel Corpora from Movie and TV Subtitles. In Proceedings of the 10th International Conference on Language Resources and Evaluation (LREC 2016)","whole",NA
7037,6532087,"Was sollen wir machen?",NA,"Was sollen wir machen",NA,NA,NA,NA,NA,NA,NA,37,"deu_nfi_277.txt","German","German","deu",NA,"2017","written","non-fiction","prepared_speeches","Latn",NA,"OpenSubtitles2018","https://object.pouta.csc.fi/OPUS-OpenSubtitles/v2018/raw/de.zip","http://www.opensubtitles.org/","http://www.opensubtitles.org/ P. Lison and J. Tiedemann, 2016, OpenSubtitles2016: Extracting Large Parallel Corpora from Movie and TV Subtitles. In Proceedings of the 10th International Conference on Language Resources and Evaluation (LREC 2016)","whole",NA
6242,5631195,"”Versteh schon! Natürlich! Ich kenn' mich aus.",NA,"Versteh schon Natürlich Ich kenn mich aus",NA,NA,NA,NA,NA,NA,NA,36,"deu_fic_129.txt","German","German","deu",NA,"2013","written","fiction","general_fiction","Latn",NA,"Otto Julius Bierbaum, Das höllische Automobil","http://www.gutenberg.org/files/43914/43914-h/43914-h.htm","http://www.gutenberg.org","http://www.gutenberg.org","whole",NA
7423,6755895,"Wer ist das süße Kind am Kühlschrank?",NA,"Wer ist das süße Kind am Kühlschrank",NA,NA,NA,NA,NA,NA,NA,37,"deu_nfi_624.txt","German","German","deu",NA,"2016","written","non-fiction","prepared_speeches","Latn",NA,"OpenSubtitles2018","https://object.pouta.csc.fi/OPUS-OpenSubtitles/v2018/raw/de.zip","http://www.opensubtitles.org/","http://www.opensubtitles.org/ P. Lison and J. Tiedemann, 2016, OpenSubtitles2016: Extracting Large Parallel Corpora from Movie and TV Subtitles. In Proceedings of the 10th International Conference on Language Resources and Evaluation (LREC 2016)","whole",NA
6466,6205295,"Das ist...",NA,"Das ist",NA,NA,NA,NA,NA,NA,NA,37,"deu_nfi_1093.txt","German","German","deu",NA,"2016","written","non-fiction","prepared_speeches","Latn",NA,"OpenSubtitles2018","https://object.pouta.csc.fi/OPUS-OpenSubtitles/v2018/raw/de.zip","http://www.opensubtitles.org/","http://www.opensubtitles.org/ P. Lison and J. Tiedemann, 2016, OpenSubtitles2016: Extracting Large Parallel Corpora from Movie and TV Subtitles. In Proceedings of the 10th International Conference on Language Resources and Evaluation (LREC 2016)","whole",NA
6240,5623734,"und die Besucher mißhandelte. Und als der",NA,"und die Besucher mißhandelte Und als der",NA,NA,NA,NA,NA,NA,NA,36,"deu_fic_127.txt","German","German","deu",NA,"2016","written","fiction","general_fiction","Latn",NA,"Georg Biedenkapp, James Watt und die Erfindung der Dampfmaschine","http://www.gutenberg.org/files/52492/52492-h/52492-h.htm","http://www.gutenberg.org","http://www.gutenberg.org","whole",NA
6268,5750799,"den Abschluß des Waffenstillstandes betrieb, sich in seinen Anforderungen",NA,"den Abschluß des Waffenstillstandes betrieb sich in seinen Anforderungen",NA,NA,NA,NA,NA,NA,NA,36,"deu_fic_152.txt","German","German","deu",NA,NA,"written","fiction","general_fiction","Latn",NA,"Gutenberg Project, German","http://www.gutenberg.org/files/47659/47659-h/47659-h.htm","http://www.gutenberg.org","http://www.gutenberg.org","part",NA
7310,6688522,"Dass Ihr Euch als König des nördlichsten Königreichs bezeichnet, macht Euch zu einem Aufrührer.",NA,"Dass Ihr Euch als König des nördlichsten Königreichs bezeichnet macht Euch zu einem Aufrührer",NA,NA,NA,NA,NA,NA,NA,37,"deu_nfi_522.txt","German","German","deu",NA,"2017","written","non-fiction","prepared_speeches","Latn",NA,"OpenSubtitles2018","https://object.pouta.csc.fi/OPUS-OpenSubtitles/v2018/raw/de.zip","http://www.opensubtitles.org/","http://www.opensubtitles.org/ P. Lison and J. Tiedemann, 2016, OpenSubtitles2016: Extracting Large Parallel Corpora from Movie and TV Subtitles. In Proceedings of the 10th International Conference on Language Resources and Evaluation (LREC 2016)","whole",NA
6347,6057759,"[185]werden, vorerst vor allen Augen unberufener Neugier geborgen;",NA,"185werden vorerst vor allen Augen unberufener Neugier geborgen",NA,NA,NA,NA,NA,NA,NA,36,"deu_fic_87.txt","German","German","deu",NA,"2008","written","fiction","general_fiction","Latn",NA,"Ludwig Bechstein, Der Dunkelgraf","http://www.gutenberg.org/files/24782/24782-h/24782-h.htm","http://www.gutenberg.org","http://www.gutenberg.org","part",NA
6223,5547987,"daß sie die Grenzen seiner Kräfte immer um ein Geringes übersteigen.",NA,"daß sie die Grenzen seiner Kräfte immer um ein Geringes übersteigen",NA,NA,NA,NA,NA,NA,NA,36,"deu_fic_111.txt","German","German","deu",NA,"2008","written","fiction","general_fiction","Latn",NA,"Eduard Bernstein, Der Sozialismus einst und jetzt","http://www.gutenberg.org/files/24523/24523-h/24523-h.htm","http://www.gutenberg.org","http://www.gutenberg.org","part",NA
7250,6655543,"Knall ihn einfach ab!",NA,"Knall ihn einfach ab",NA,NA,NA,NA,NA,NA,NA,37,"deu_nfi_469.txt","German","German","deu",NA,"2017","written","non-fiction","prepared_speeches","Latn",NA,"OpenSubtitles2018","https://object.pouta.csc.fi/OPUS-OpenSubtitles/v2018/raw/de.zip","http://www.opensubtitles.org/","http://www.opensubtitles.org/ P. Lison and J. Tiedemann, 2016, OpenSubtitles2016: Extracting Large Parallel Corpora from Movie and TV Subtitles. In Proceedings of the 10th International Conference on Language Resources and Evaluation (LREC 2016)","whole",NA
6306,5888572,"so rasend schnell gesprochen, auch bei nichts weniger denn aufregenden",NA,"so rasend schnell gesprochen auch bei nichts weniger denn aufregenden",NA,NA,NA,NA,NA,NA,NA,36,"deu_fic_5.txt","German","German","deu",NA,"2005","written","fiction","general_fiction","Latn",NA,"Achleitner, Arthur, 1858-1927, Aus Kroatien:	Skizzen und Erzählungen, Short stories","http://www.gutenberg.org/ebooks/15734.html.noimages","http://www.gutenberg.org","http://www.gutenberg.org","whole",NA
7655,6895509,"Jederzeit.",NA,"Jederzeit",NA,NA,NA,NA,NA,NA,NA,37,"deu_nfi_833.txt","German","German","deu",NA,"2016","written","non-fiction","prepared_speeches","Latn",NA,"OpenSubtitles2018","https://object.pouta.csc.fi/OPUS-OpenSubtitles/v2018/raw/de.zip","http://www.opensubtitles.org/","http://www.opensubtitles.org/ P. Lison and J. Tiedemann, 2016, OpenSubtitles2016: Extracting Large Parallel Corpora from Movie and TV Subtitles. In Proceedings of the 10th International Conference on Language Resources and Evaluation (LREC 2016)","whole",NA
7280,6671636,"- Meinen Glückwunsch.",NA,"Meinen Glückwunsch",NA,NA,NA,NA,NA,NA,NA,37,"deu_nfi_496.txt","German","German","deu",NA,"2017","written","non-fiction","prepared_speeches","Latn",NA,"OpenSubtitles2018","https://object.pouta.csc.fi/OPUS-OpenSubtitles/v2018/raw/de.zip","http://www.opensubtitles.org/","http://www.opensubtitles.org/ P. Lison and J. Tiedemann, 2016, OpenSubtitles2016: Extracting Large Parallel Corpora from Movie and TV Subtitles. In Proceedings of the 10th International Conference on Language Resources and Evaluation (LREC 2016)","whole",NA
7218,6637316,"Es ist einfach nur eine Ablenkung.",NA,"Es ist einfach nur eine Ablenkung",NA,NA,NA,NA,NA,NA,NA,37,"deu_nfi_44.txt","German","German","deu",NA,"2017","written","non-fiction","prepared_speeches","Latn",NA,"OpenSubtitles2018","https://object.pouta.csc.fi/OPUS-OpenSubtitles/v2018/raw/de.zip","http://www.opensubtitles.org/","http://www.opensubtitles.org/ P. Lison and J. Tiedemann, 2016, OpenSubtitles2016: Extracting Large Parallel Corpora from Movie and TV Subtitles. In Proceedings of the 10th International Conference on Language Resources and Evaluation (LREC 2016)","whole",NA
7559,6838260,"Halte sie am Leben.",NA,"Halte sie am Leben",NA,NA,NA,NA,NA,NA,NA,37,"deu_nfi_747.txt","German","German","deu",NA,"2016","written","non-fiction","prepared_speeches","Latn",NA,"OpenSubtitles2018","https://object.pouta.csc.fi/OPUS-OpenSubtitles/v2018/raw/de.zip","http://www.opensubtitles.org/","http://www.opensubtitles.org/ P. Lison and J. Tiedemann, 2016, OpenSubtitles2016: Extracting Large Parallel Corpora from Movie and TV Subtitles. In Proceedings of the 10th International Conference on Language Resources and Evaluation (LREC 2016)","whole",NA
7019,6522447,"Ein neuer Anstrich löst alle Probleme.",NA,"Ein neuer Anstrich löst alle Probleme",NA,NA,NA,NA,NA,NA,NA,37,"deu_nfi_260.txt","German","German","deu",NA,"2017","written","non-fiction","prepared_speeches","Latn",NA,"OpenSubtitles2018","https://object.pouta.csc.fi/OPUS-OpenSubtitles/v2018/raw/de.zip","http://www.opensubtitles.org/","http://www.opensubtitles.org/ P. Lison and J. Tiedemann, 2016, OpenSubtitles2016: Extracting Large Parallel Corpora from Movie and TV Subtitles. In Proceedings of the 10th International Conference on Language Resources and Evaluation (LREC 2016)","whole",NA
7453,6773991,"Und schon habe ich dich",NA,"Und schon habe ich dich",NA,NA,NA,NA,NA,NA,NA,37,"deu_nfi_651.txt","German","German","deu",NA,"2016","written","non-fiction","prepared_speeches","Latn",NA,"OpenSubtitles2018","https://object.pouta.csc.fi/OPUS-OpenSubtitles/v2018/raw/de.zip","http://www.opensubtitles.org/","http://www.opensubtitles.org/ P. Lison and J. Tiedemann, 2016, OpenSubtitles2016: Extracting Large Parallel Corpora from Movie and TV Subtitles. In Proceedings of the 10th International Conference on Language Resources and Evaluation (LREC 2016)","whole",NA
6348,6061375,"zwar zu der Zeit, wo gegen Leonardus Cornelius van der Valck die",NA,"zwar zu der Zeit wo gegen Leonardus Cornelius van der Valck die",NA,NA,NA,NA,NA,NA,NA,36,"deu_fic_88.txt","German","German","deu",NA,"2008","written","fiction","general_fiction","Latn",NA,"Ludwig Bechstein, Der Dunkelgraf","http://www.gutenberg.org/files/24782/24782-h/24782-h.htm","http://www.gutenberg.org","http://www.gutenberg.org","part",NA
7585,6851472,"Also sei stark für uns beide.",NA,"Also sei stark für uns beide",NA,NA,NA,NA,NA,NA,NA,37,"deu_nfi_770.txt","German","German","deu",NA,"2016","written","non-fiction","prepared_speeches","Latn",NA,"OpenSubtitles2018","https://object.pouta.csc.fi/OPUS-OpenSubtitles/v2018/raw/de.zip","http://www.opensubtitles.org/","http://www.opensubtitles.org/ P. Lison and J. Tiedemann, 2016, OpenSubtitles2016: Extracting Large Parallel Corpora from Movie and TV Subtitles. In Proceedings of the 10th International Conference on Language Resources and Evaluation (LREC 2016)","whole",NA
6247,5662166,"Kugel des Verführers preisgeben, statt daß man",NA,"Kugel des Verführers preisgeben statt daß man",NA,NA,NA,NA,NA,NA,NA,36,"deu_fic_133.txt","German","German","deu",NA,"2014","written","fiction","general_fiction","Latn",NA,"Fritz Oswald Bilse, Aus einer kleinen Garnison","http://www.gutenberg.org/files/44719/44719-h/44719-h.htm","http://www.gutenberg.org","http://www.gutenberg.org","whole",NA
6579,6274861,"EIN JAHR SPÄTER",NA,"EIN JAHR SPÄTER",NA,NA,NA,NA,NA,NA,NA,37,"deu_nfi_1195.txt","German","German","deu",NA,"2016","written","non-fiction","prepared_speeches","Latn",NA,"OpenSubtitles2018","https://object.pouta.csc.fi/OPUS-OpenSubtitles/v2018/raw/de.zip","http://www.opensubtitles.org/","http://www.opensubtitles.org/ P. Lison and J. Tiedemann, 2016, OpenSubtitles2016: Extracting Large Parallel Corpora from Movie and TV Subtitles. In Proceedings of the 10th International Conference on Language Resources and Evaluation (LREC 2016)","whole",NA
6329,5985081,"des Parketts in die süßeste Schwermut, diesem",NA,"des Parketts in die süßeste Schwermut diesem",NA,NA,NA,NA,NA,NA,NA,36,"deu_fic_70.txt","German","German","deu",NA,"2018","written","fiction","general_fiction","Latn",NA,"Rudolf Hans Bartsch, Vom sterbenden Rokoko","http://www.gutenberg.org/files/57765/57765-h/57765-h.htm","http://www.gutenberg.org","http://www.gutenberg.org","whole",NA
6934,6473157,"Als du schon mal hier warst, wie lange dauerte es, bis die Geisterreiter kamen?",NA,"Als du schon mal hier warst wie lange dauerte es bis die Geisterreiter kamen",NA,NA,NA,NA,NA,NA,NA,37,"deu_nfi_184.txt","German","German","deu",NA,"2017","written","non-fiction","prepared_speeches","Latn",NA,"OpenSubtitles2018","https://object.pouta.csc.fi/OPUS-OpenSubtitles/v2018/raw/de.zip","http://www.opensubtitles.org/","http://www.opensubtitles.org/ P. Lison and J. Tiedemann, 2016, OpenSubtitles2016: Extracting Large Parallel Corpora from Movie and TV Subtitles. In Proceedings of the 10th International Conference on Language Resources and Evaluation (LREC 2016)","whole",NA
6682,6332337,"Joe.",NA,"Joe",NA,NA,NA,NA,NA,NA,NA,37,"deu_nfi_1288.txt","German","German","deu",NA,"2016","written","non-fiction","prepared_speeches","Latn",NA,"OpenSubtitles2018","https://object.pouta.csc.fi/OPUS-OpenSubtitles/v2018/raw/de.zip","http://www.opensubtitles.org/","http://www.opensubtitles.org/ P. Lison and J. Tiedemann, 2016, OpenSubtitles2016: Extracting Large Parallel Corpora from Movie and TV Subtitles. In Proceedings of the 10th International Conference on Language Resources and Evaluation (LREC 2016)","whole",NA
7746,6949575,"Der Beauftragte bittet Sie zu sich.",NA,"Der Beauftragte bittet Sie zu sich",NA,NA,NA,NA,NA,NA,NA,37,"deu_nfi_915.txt","German","German","deu",NA,"2016","written","non-fiction","prepared_speeches","Latn",NA,"OpenSubtitles2018","https://object.pouta.csc.fi/OPUS-OpenSubtitles/v2018/raw/de.zip","http://www.opensubtitles.org/","http://www.opensubtitles.org/ P. Lison and J. Tiedemann, 2016, OpenSubtitles2016: Extracting Large Parallel Corpora from Movie and TV Subtitles. In Proceedings of the 10th International Conference on Language Resources and Evaluation (LREC 2016)","whole",NA
7635,6884174,"Nun, ich denke...",NA,"Nun ich denke",NA,NA,NA,NA,NA,NA,NA,37,"deu_nfi_815.txt","German","German","deu",NA,"2016","written","non-fiction","prepared_speeches","Latn",NA,"OpenSubtitles2018","https://object.pouta.csc.fi/OPUS-OpenSubtitles/v2018/raw/de.zip","http://www.opensubtitles.org/","http://www.opensubtitles.org/ P. Lison and J. Tiedemann, 2016, OpenSubtitles2016: Extracting Large Parallel Corpora from Movie and TV Subtitles. In Proceedings of the 10th International Conference on Language Resources and Evaluation (LREC 2016)","whole",NA
6575,6272342,"Ich sah Sie.",NA,"Ich sah Sie",NA,NA,NA,NA,NA,NA,NA,37,"deu_nfi_1191.txt","German","German","deu",NA,"2016","written","non-fiction","prepared_speeches","Latn",NA,"OpenSubtitles2018","https://object.pouta.csc.fi/OPUS-OpenSubtitles/v2018/raw/de.zip","http://www.opensubtitles.org/","http://www.opensubtitles.org/ P. Lison and J. Tiedemann, 2016, OpenSubtitles2016: Extracting Large Parallel Corpora from Movie and TV Subtitles. In Proceedings of the 10th International Conference on Language Resources and Evaluation (LREC 2016)","whole",NA
7348,6707842,"Ich sah...",NA,"Ich sah",NA,NA,NA,NA,NA,NA,NA,37,"deu_nfi_557.txt","German","German","deu",NA,"2017","written","non-fiction","prepared_speeches","Latn",NA,"OpenSubtitles2018","https://object.pouta.csc.fi/OPUS-OpenSubtitles/v2018/raw/de.zip","http://www.opensubtitles.org/","http://www.opensubtitles.org/ P. Lison and J. Tiedemann, 2016, OpenSubtitles2016: Extracting Large Parallel Corpora from Movie and TV Subtitles. In Proceedings of the 10th International Conference on Language Resources and Evaluation (LREC 2016)","whole",NA
6571,6269853,"Darf ich dein Auto für einen Lasterüberfall ausleihen?",NA,"Darf ich dein Auto für einen Lasterüberfall ausleihen",NA,NA,NA,NA,NA,NA,NA,37,"deu_nfi_1188.txt","German","German","deu",NA,"2016","written","non-fiction","prepared_speeches","Latn",NA,"OpenSubtitles2018","https://object.pouta.csc.fi/OPUS-OpenSubtitles/v2018/raw/de.zip","http://www.opensubtitles.org/","http://www.opensubtitles.org/ P. Lison and J. Tiedemann, 2016, OpenSubtitles2016: Extracting Large Parallel Corpora from Movie and TV Subtitles. In Proceedings of the 10th International Conference on Language Resources and Evaluation (LREC 2016)","whole",NA
6254,5699287,"wôh gerihtan.",NA,"wôh gerihtan",NA,NA,NA,NA,NA,NA,NA,36,"deu_fic_14.txt","German","German","deu",NA,"2014","written","fiction","general_fiction","Latn",NA,"Ælfric of Eynsham, Ælfrics Grammatik und Glossar","http://www.gutenberg.org/files/45861/45861-h/45861-h.htm","http://www.gutenberg.org","http://www.gutenberg.org","part",NA
6251,5678622,"Ist Frau Lürig der Ansicht, die andere habe",NA,"Ist Frau Lürig der Ansicht die andere habe",NA,NA,NA,NA,NA,NA,NA,36,"deu_fic_137.txt","German","German","deu",NA,"2015","written","fiction","general_fiction","Latn",NA,"Bjørnstjerne Bjørnson, Briefe aus Aulestad an seine Tochter Bergliot Ibsen","http://www.gutenberg.org/files/49722/49722-h/49722-h.htm","http://www.gutenberg.org","http://www.gutenberg.org","whole",NA
6232,5587228,"masculini: hic daniel, huius danielis; michael, gabriel,",NA,"masculini hic daniel huius danielis michael gabriel",NA,NA,NA,NA,NA,NA,NA,36,"deu_fic_12.txt","German","German","deu",NA,"2014","written","fiction","general_fiction","Latn",NA,"Ælfric of Eynsham, Ælfrics Grammatik und Glossar","http://www.gutenberg.org/files/45861/45861-h/45861-h.htm","http://www.gutenberg.org","http://www.gutenberg.org","part",NA
7528,6818869,"Von Gazakov?",NA,"Von Gazakov",NA,NA,NA,NA,NA,NA,NA,37,"deu_nfi_719.txt","German","German","deu",NA,"2016","written","non-fiction","prepared_speeches","Latn",NA,"OpenSubtitles2018","https://object.pouta.csc.fi/OPUS-OpenSubtitles/v2018/raw/de.zip","http://www.opensubtitles.org/","http://www.opensubtitles.org/ P. Lison and J. Tiedemann, 2016, OpenSubtitles2016: Extracting Large Parallel Corpora from Movie and TV Subtitles. In Proceedings of the 10th International Conference on Language Resources and Evaluation (LREC 2016)","whole",NA
6359,6103441,"aus den Fernen: ein lieber, vergessener Laut — ein besonderer",NA,"aus den Fernen ein lieber vergessener Laut  ein besonderer",NA,NA,NA,NA,NA,NA,NA,36,"deu_fic_98.txt","German","German","deu",NA,"2012","written","fiction","general_fiction","Latn",NA,"Andrey Bely, Petersburg","http://www.gutenberg.org/files/39919/39919-h/39919-h.htm","http://www.gutenberg.org","http://www.gutenberg.org","part",NA
6612,6291996,"Wann haben Sie sie zuletzt gesehen?",NA,"Wann haben Sie sie zuletzt gesehen",NA,NA,NA,NA,NA,NA,NA,37,"deu_nfi_1224.txt","German","German","deu",NA,"2016","written","non-fiction","prepared_speeches","Latn",NA,"OpenSubtitles2018","https://object.pouta.csc.fi/OPUS-OpenSubtitles/v2018/raw/de.zip","http://www.opensubtitles.org/","http://www.opensubtitles.org/ P. Lison and J. Tiedemann, 2016, OpenSubtitles2016: Extracting Large Parallel Corpora from Movie and TV Subtitles. In Proceedings of the 10th International Conference on Language Resources and Evaluation (LREC 2016)","whole",NA
6308,5902643,"Strahlen des Abends.",NA,"Strahlen des Abends",NA,NA,NA,NA,NA,NA,NA,36,"deu_fic_51.txt","German","German","deu",NA,"2018","written","fiction","general_fiction","Latn",NA,"Michail Arzybaschew, Sanin","http://www.gutenberg.org/files/57909/57909-h/57909-h.htm","http://www.gutenberg.org","http://www.gutenberg.org","part",NA
7044,6535067,"Nun ja, die letzten Jahre waren schwer.",NA,"Nun ja die letzten Jahre waren schwer",NA,NA,NA,NA,NA,NA,NA,37,"deu_nfi_283.txt","German","German","deu",NA,"2017","written","non-fiction","prepared_speeches","Latn",NA,"OpenSubtitles2018","https://object.pouta.csc.fi/OPUS-OpenSubtitles/v2018/raw/de.zip","http://www.opensubtitles.org/","http://www.opensubtitles.org/ P. Lison and J. Tiedemann, 2016, OpenSubtitles2016: Extracting Large Parallel Corpora from Movie and TV Subtitles. In Proceedings of the 10th International Conference on Language Resources and Evaluation (LREC 2016)","whole",NA
6237,5605865,"wurde ich krank, und der Stabsarzt, ein Landsmann",NA,"wurde ich krank und der Stabsarzt ein Landsmann",NA,NA,NA,NA,NA,NA,NA,36,"deu_fic_124.txt","German","German","deu",NA,"2007","written","fiction","general_fiction","Latn",NA,"Antonino M., Der Roman eines geborenen Verbrechers","http://www.gutenberg.org/files/22630/22630-h/22630-h.htm","http://www.gutenberg.org","http://www.gutenberg.org","part",NA
6769,6377465,"Na gut.",NA,"Na gut",NA,NA,NA,NA,NA,NA,NA,37,"deu_nfi_1366.txt","German","German","deu",NA,"2016","written","non-fiction","prepared_speeches","Latn",NA,"OpenSubtitles2018","https://object.pouta.csc.fi/OPUS-OpenSubtitles/v2018/raw/de.zip","http://www.opensubtitles.org/","http://www.opensubtitles.org/ P. Lison and J. Tiedemann, 2016, OpenSubtitles2016: Extracting Large Parallel Corpora from Movie and TV Subtitles. In Proceedings of the 10th International Conference on Language Resources and Evaluation (LREC 2016)","whole",NA
6311,5919981,"immediate access to, the full Project Gutenberg-tm License must appear",NA,"immediate access to the full Project Gutenbergtm License must appear",NA,NA,NA,NA,NA,NA,NA,36,"deu_fic_54.txt","German","German","deu",NA,NA,"written","fiction","general_fiction","Latn",NA,"Gutenberg Project, German","http://www.gutenberg.org/files/48192/48192-h/48192-h.htm","http://www.gutenberg.org","http://www.gutenberg.org","part",NA
7765,6960972,"Ich mach das Scheißding klar.",NA,"Ich mach das Scheißding klar",NA,NA,NA,NA,NA,NA,NA,37,"deu_nfi_932.txt","German","German","deu",NA,"2016","written","non-fiction","prepared_speeches","Latn",NA,"OpenSubtitles2018","https://object.pouta.csc.fi/OPUS-OpenSubtitles/v2018/raw/de.zip","http://www.opensubtitles.org/","http://www.opensubtitles.org/ P. Lison and J. Tiedemann, 2016, OpenSubtitles2016: Extracting Large Parallel Corpora from Movie and TV Subtitles. In Proceedings of the 10th International Conference on Language Resources and Evaluation (LREC 2016)","whole",NA
7224,6640486,"Ich kann verdammt nochmal sagen was ich will.",NA,"Ich kann verdammt nochmal sagen was ich will",NA,NA,NA,NA,NA,NA,NA,37,"deu_nfi_445.txt","German","German","deu",NA,"2017","written","non-fiction","prepared_speeches","Latn",NA,"OpenSubtitles2018","https://object.pouta.csc.fi/OPUS-OpenSubtitles/v2018/raw/de.zip","http://www.opensubtitles.org/","http://www.opensubtitles.org/ P. Lison and J. Tiedemann, 2016, OpenSubtitles2016: Extracting Large Parallel Corpora from Movie and TV Subtitles. In Proceedings of the 10th International Conference on Language Resources and Evaluation (LREC 2016)","whole",NA
7746,6948818,"Geh du mal wieder ins Haus, lass Bono und mich zu Ende reden.",NA,"Geh du mal wieder ins Haus lass Bono und mich zu Ende reden",NA,NA,NA,NA,NA,NA,NA,37,"deu_nfi_915.txt","German","German","deu",NA,"2016","written","non-fiction","prepared_speeches","Latn",NA,"OpenSubtitles2018","https://object.pouta.csc.fi/OPUS-OpenSubtitles/v2018/raw/de.zip","http://www.opensubtitles.org/","http://www.opensubtitles.org/ P. Lison and J. Tiedemann, 2016, OpenSubtitles2016: Extracting Large Parallel Corpora from Movie and TV Subtitles. In Proceedings of the 10th International Conference on Language Resources and Evaluation (LREC 2016)","whole",NA
6480,6212619,"Hewlett hat eine weie Weste.",NA,"Hewlett hat eine weie Weste",NA,NA,NA,NA,NA,NA,NA,37,"deu_nfi_1105.txt","German","German","deu",NA,"2016","written","non-fiction","prepared_speeches","Latn",NA,"OpenSubtitles2018","https://object.pouta.csc.fi/OPUS-OpenSubtitles/v2018/raw/de.zip","http://www.opensubtitles.org/","http://www.opensubtitles.org/ P. Lison and J. Tiedemann, 2016, OpenSubtitles2016: Extracting Large Parallel Corpora from Movie and TV Subtitles. In Proceedings of the 10th International Conference on Language Resources and Evaluation (LREC 2016)","whole",NA
6927,6470021,"Wir lasen das Drama und erstellten dazu ein Schaubild.",NA,"Wir lasen das Drama und erstellten dazu ein Schaubild",NA,NA,NA,NA,NA,NA,NA,37,"deu_nfi_178.txt","German","German","deu",NA,"2017","written","non-fiction","prepared_speeches","Latn",NA,"OpenSubtitles2018","https://object.pouta.csc.fi/OPUS-OpenSubtitles/v2018/raw/de.zip","http://www.opensubtitles.org/","http://www.opensubtitles.org/ P. Lison and J. Tiedemann, 2016, OpenSubtitles2016: Extracting Large Parallel Corpora from Movie and TV Subtitles. In Proceedings of the 10th International Conference on Language Resources and Evaluation (LREC 2016)","whole",NA
6815,6403978,"- und diese Abteilung braucht einen Erfolg.",NA,"und diese Abteilung braucht einen Erfolg",NA,NA,NA,NA,NA,NA,NA,37,"deu_nfi_1407.txt","German","German","deu",NA,"2016","written","non-fiction","prepared_speeches","Latn",NA,"OpenSubtitles2018","https://object.pouta.csc.fi/OPUS-OpenSubtitles/v2018/raw/de.zip","http://www.opensubtitles.org/","http://www.opensubtitles.org/ P. Lison and J. Tiedemann, 2016, OpenSubtitles2016: Extracting Large Parallel Corpora from Movie and TV Subtitles. In Proceedings of the 10th International Conference on Language Resources and Evaluation (LREC 2016)","whole",NA
6868,6435843,"Eine Kreatur, die über das menschliche Begriffsvermögen hinausgeht.",NA,"Eine Kreatur die über das menschliche Begriffsvermögen hinausgeht",NA,NA,NA,NA,NA,NA,NA,37,"deu_nfi_1455.txt","German","German","deu",NA,"2016","written","non-fiction","prepared_speeches","Latn",NA,"OpenSubtitles2018","https://object.pouta.csc.fi/OPUS-OpenSubtitles/v2018/raw/de.zip","http://www.opensubtitles.org/","http://www.opensubtitles.org/ P. Lison and J. Tiedemann, 2016, OpenSubtitles2016: Extracting Large Parallel Corpora from Movie and TV Subtitles. In Proceedings of the 10th International Conference on Language Resources and Evaluation (LREC 2016)","whole",NA
7725,6936729,"- Sie sehen sich oft?",NA,"Sie sehen sich oft",NA,NA,NA,NA,NA,NA,NA,37,"deu_nfi_897.txt","German","German","deu",NA,"2016","written","non-fiction","prepared_speeches","Latn",NA,"OpenSubtitles2018","https://object.pouta.csc.fi/OPUS-OpenSubtitles/v2018/raw/de.zip","http://www.opensubtitles.org/","http://www.opensubtitles.org/ P. Lison and J. Tiedemann, 2016, OpenSubtitles2016: Extracting Large Parallel Corpora from Movie and TV Subtitles. In Proceedings of the 10th International Conference on Language Resources and Evaluation (LREC 2016)","whole",NA
6344,6049861,"Glänzende Glorie, seltsamst verwoben aus Licht und Nacht du, die meine zerrissene Stirn umflicht!",NA,"Glänzende Glorie seltsamst verwoben aus Licht und Nacht du die meine zerrissene Stirn umflicht",NA,NA,NA,NA,NA,NA,NA,36,"deu_fic_84.txt","German","German","deu",NA,"2011","written","fiction","general_fiction","Latn",NA,"Johannes R. Becher, Verfall und Triumph, Erster Teil","http://www.gutenberg.org/files/37435/37435-h/37435-h.htm","http://www.gutenberg.org","http://www.gutenberg.org","whole",NA
6958,6486226,"Ich muss mit ihm reden.",NA,"Ich muss mit ihm reden",NA,NA,NA,NA,NA,NA,NA,37,"deu_nfi_205.txt","German","German","deu",NA,"2017","written","non-fiction","prepared_speeches","Latn",NA,"OpenSubtitles2018","https://object.pouta.csc.fi/OPUS-OpenSubtitles/v2018/raw/de.zip","http://www.opensubtitles.org/","http://www.opensubtitles.org/ P. Lison and J. Tiedemann, 2016, OpenSubtitles2016: Extracting Large Parallel Corpora from Movie and TV Subtitles. In Proceedings of the 10th International Conference on Language Resources and Evaluation (LREC 2016)","whole",NA
6334,6017877,"führt, damit Du vermuthen kannst, in welchem",NA,"führt damit Du vermuthen kannst in welchem",NA,NA,NA,NA,NA,NA,NA,36,"deu_fic_75.txt","German","German","deu",NA,"2015","written","fiction","general_fiction","Latn",NA,"Max Bauer, Das Geschlechtsleben in der Deutschen Vergangenheit","http://www.gutenberg.org/files/50248/50248-h/50248-h.htm","http://www.gutenberg.org","http://www.gutenberg.org","part",NA
7732,6940851,"- Echt jetzt?",NA,"Echt jetzt",NA,NA,NA,NA,NA,NA,NA,37,"deu_nfi_902.txt","German","German","deu",NA,"2016","written","non-fiction","prepared_speeches","Latn",NA,"OpenSubtitles2018","https://object.pouta.csc.fi/OPUS-OpenSubtitles/v2018/raw/de.zip","http://www.opensubtitles.org/","http://www.opensubtitles.org/ P. Lison and J. Tiedemann, 2016, OpenSubtitles2016: Extracting Large Parallel Corpora from Movie and TV Subtitles. In Proceedings of the 10th International Conference on Language Resources and Evaluation (LREC 2016)","whole",NA
7744,6947681,"Er versteht mich und lässt mich mein Ding machen.",NA,"Er versteht mich und lässt mich mein Ding machen",NA,NA,NA,NA,NA,NA,NA,37,"deu_nfi_913.txt","German","German","deu",NA,"2016","written","non-fiction","prepared_speeches","Latn",NA,"OpenSubtitles2018","https://object.pouta.csc.fi/OPUS-OpenSubtitles/v2018/raw/de.zip","http://www.opensubtitles.org/","http://www.opensubtitles.org/ P. Lison and J. Tiedemann, 2016, OpenSubtitles2016: Extracting Large Parallel Corpora from Movie and TV Subtitles. In Proceedings of the 10th International Conference on Language Resources and Evaluation (LREC 2016)","whole",NA
6280,5803342,"denke, ihr bekommt herrlichen Sternenschein zu eurer",NA,"denke ihr bekommt herrlichen Sternenschein zu eurer",NA,NA,NA,NA,NA,NA,NA,36,"deu_fic_26.txt","German","German","deu",NA,"2019","written","fiction","general_fiction","Latn",NA,"Lou Andreas-Salomé, Ma","http://www.gutenberg.org/files/61010/61010-h/61010-h.htm","http://www.gutenberg.org","http://www.gutenberg.org","whole",NA
6247,5663448,"»Aber so sage mir doch, was ist dir? Was",NA,"Aber so sage mir doch was ist dir Was",NA,NA,NA,NA,NA,NA,NA,36,"deu_fic_133.txt","German","German","deu",NA,"2014","written","fiction","general_fiction","Latn",NA,"Fritz Oswald Bilse, Aus einer kleinen Garnison","http://www.gutenberg.org/files/44719/44719-h/44719-h.htm","http://www.gutenberg.org","http://www.gutenberg.org","whole",NA
6555,6258728,"Ich...",NA,"Ich",NA,NA,NA,NA,NA,NA,NA,37,"deu_nfi_1173.txt","German","German","deu",NA,"2016","written","non-fiction","prepared_speeches","Latn",NA,"OpenSubtitles2018","https://object.pouta.csc.fi/OPUS-OpenSubtitles/v2018/raw/de.zip","http://www.opensubtitles.org/","http://www.opensubtitles.org/ P. Lison and J. Tiedemann, 2016, OpenSubtitles2016: Extracting Large Parallel Corpora from Movie and TV Subtitles. In Proceedings of the 10th International Conference on Language Resources and Evaluation (LREC 2016)","whole",NA
6299,5859579,"versank.",NA,"versank",NA,NA,NA,NA,NA,NA,NA,36,"deu_fic_43.txt","German","German","deu",NA,"2004","written","fiction","general_fiction","Latn",NA,"Arndt, Ernst Moritz, 1769-1860, Kater Martinchen, Fairy tales -- Germany","http://www.gutenberg.org/ebooks/6724.html.noimages","http://www.gutenberg.org","http://www.gutenberg.org","whole",NA
6238,5610090,"sollen oft so angegriffen sein, daß sie ärztliche Behandlung",NA,"sollen oft so angegriffen sein daß sie ärztliche Behandlung",NA,NA,NA,NA,NA,NA,NA,36,"deu_fic_125.txt","German","German","deu",NA,"2014","written","fiction","general_fiction","Latn",NA,"Ernst von Bibra, Reise in Südamerika. Erster Band.","http://www.gutenberg.org/files/46141/46141-h/46141-h.htm","http://www.gutenberg.org","http://www.gutenberg.org","part",NA
6308,5899785,"Deckmantel künstlerischer Offenbarung auf den Kitzel",NA,"Deckmantel künstlerischer Offenbarung auf den Kitzel",NA,NA,NA,NA,NA,NA,NA,36,"deu_fic_51.txt","German","German","deu",NA,"2018","written","fiction","general_fiction","Latn",NA,"Michail Arzybaschew, Sanin","http://www.gutenberg.org/files/57909/57909-h/57909-h.htm","http://www.gutenberg.org","http://www.gutenberg.org","part",NA
6361,6113018,"02020022	Jahwe sagte zu Mose : "" Sag den Israeliten : ' Ihr habt erlebt , wie ich vom Himmel her zu euch gesprochen habe .","02020022","Jahwe sagte zu Mose   Sag den Israeliten   Ihr habt erlebt  wie ich vom Himmel her zu euch gesprochen habe",NA,NA,NA,NA,NA,NA,NA,37,"deu_nfi_1.txt","German","German","deu",NA,"1997","written","non-fiction","religion","Latn",NA,"Text of the Parallel Bible Corpus: Mayer, Thomas & Michael Cysouw. 2014. Creating a Massively Parallel Bible Corpus. Proceedings of the International Conference on Language Resources and Evaluation (LREC), Reykjavik, 3158-3163.","http://bibel-online.net/buch/neue_evangelistische/markus/1/",NA,"CID - christliche internet dienst GmbH<br>Bibel-Online.NET seit 09/1996 online.","whole","The first two digits of the identifier refer to the book, the next three digits to the chapter, and the last three digits to the verse. See Mayer & Cysouw (2014) for a list of book identifiers."
6679,6330547,"Ich trink noch mal für dich.",NA,"Ich trink noch mal für dich",NA,NA,NA,NA,NA,NA,NA,37,"deu_nfi_1285.txt","German","German","deu",NA,"2016","written","non-fiction","prepared_speeches","Latn",NA,"OpenSubtitles2018","https://object.pouta.csc.fi/OPUS-OpenSubtitles/v2018/raw/de.zip","http://www.opensubtitles.org/","http://www.opensubtitles.org/ P. Lison and J. Tiedemann, 2016, OpenSubtitles2016: Extracting Large Parallel Corpora from Movie and TV Subtitles. In Proceedings of the 10th International Conference on Language Resources and Evaluation (LREC 2016)","whole",NA
7757,6956822,"Sulu, bringen Sie uns da hoch.",NA,"Sulu bringen Sie uns da hoch",NA,NA,NA,NA,NA,NA,NA,37,"deu_nfi_925.txt","German","German","deu",NA,"2016","written","non-fiction","prepared_speeches","Latn",NA,"OpenSubtitles2018","https://object.pouta.csc.fi/OPUS-OpenSubtitles/v2018/raw/de.zip","http://www.opensubtitles.org/","http://www.opensubtitles.org/ P. Lison and J. Tiedemann, 2016, OpenSubtitles2016: Extracting Large Parallel Corpora from Movie and TV Subtitles. In Proceedings of the 10th International Conference on Language Resources and Evaluation (LREC 2016)","whole",NA
6313,5926110,"aussah. Auch der Pfarrer wurde alsbald von einer",NA,"aussah Auch der Pfarrer wurde alsbald von einer",NA,NA,NA,NA,NA,NA,NA,36,"deu_fic_56.txt","German","German","deu",NA,"2008","written","fiction","general_fiction","Latn",NA,"Various, Neugesammelte Volkssagen aus dem Lande Baden und den angrenzenden Gegenden","http://www.gutenberg.org/files/27206/27206-h/27206-h.htm","http://www.gutenberg.org","http://www.gutenberg.org","whole",NA
7519,6813456,"Ja, ich kann lesen, aber es ist nicht jeder ein falscher Anwalt wie du, wieso sagst du mir also nicht, was ich mir hier ansehe?",NA,"Ja ich kann lesen aber es ist nicht jeder ein falscher Anwalt wie du wieso sagst du mir also nicht was ich mir hier ansehe",NA,NA,NA,NA,NA,NA,NA,37,"deu_nfi_710.txt","German","German","deu",NA,"2016","written","non-fiction","prepared_speeches","Latn",NA,"OpenSubtitles2018","https://object.pouta.csc.fi/OPUS-OpenSubtitles/v2018/raw/de.zip","http://www.opensubtitles.org/","http://www.opensubtitles.org/ P. Lison and J. Tiedemann, 2016, OpenSubtitles2016: Extracting Large Parallel Corpora from Movie and TV Subtitles. In Proceedings of the 10th International Conference on Language Resources and Evaluation (LREC 2016)","whole",NA
7572,6844368,"Nein!",NA,"Nein",NA,NA,NA,NA,NA,NA,NA,37,"deu_nfi_759.txt","German","German","deu",NA,"2016","written","non-fiction","prepared_speeches","Latn",NA,"OpenSubtitles2018","https://object.pouta.csc.fi/OPUS-OpenSubtitles/v2018/raw/de.zip","http://www.opensubtitles.org/","http://www.opensubtitles.org/ P. Lison and J. Tiedemann, 2016, OpenSubtitles2016: Extracting Large Parallel Corpora from Movie and TV Subtitles. In Proceedings of the 10th International Conference on Language Resources and Evaluation (LREC 2016)","whole",NA
7825,6994005,"Charleston Chew.",NA,"Charleston Chew",NA,NA,NA,NA,NA,NA,NA,37,"deu_nfi_987.txt","German","German","deu",NA,"2016","written","non-fiction","prepared_speeches","Latn",NA,"OpenSubtitles2018","https://object.pouta.csc.fi/OPUS-OpenSubtitles/v2018/raw/de.zip","http://www.opensubtitles.org/","http://www.opensubtitles.org/ P. Lison and J. Tiedemann, 2016, OpenSubtitles2016: Extracting Large Parallel Corpora from Movie and TV Subtitles. In Proceedings of the 10th International Conference on Language Resources and Evaluation (LREC 2016)","whole",NA
13449,11592080,"41005001	Ted nuuryn nogoo ereg boloh Gyeras nutagt irjee .","41005001","Ted nuuryn nogoo ereg boloh Gyeras nutagt irjee",NA,NA,NA,NA,NA,NA,NA,67,"khk_nfi_1.txt","Khalkha","Halh Mongolian","khk",NA,"2004","written","non-fiction","religion","Latn",NA,"New Testament Portions in Halh Mongolian. Text of the Parallel Bible Corpus: Mayer, Thomas & Michael Cysouw. 2014. Creating a Massively Parallel Bible Corpus. Proceedings of the International Conference on Language Resources and Evaluation (LREC), Reykjavik, 3158-3163.","http://www.biblesos.org/mn/Abrahamyn-udam-Davidyn-udam-Yesus-Hristiin-ugiin-bichig/",NA,NA,"whole","The first two digits of the identifier refer to the book, the next three digits to the chapter, and the last three digits to the verse. See Mayer & Cysouw (2014) for a list of book identifiers."
11074,9496776,"01036003	फिर उसने इश्माएल की बेटी बासमत को भी , जो नबायोत की बहिन थी , ब्याह लिया ।","01036003","फिर उसने इशमाएल की बेटी बासमत को भी  जो नबायोत की बहिन थी  बयाह लिया",NA,NA,NA,NA,NA,NA,NA,53,"hin_nfi_1.txt","Hindi","Hindi","hin",NA,NA,"written","non-fiction","religion","Deva",NA,"The Bible in Hindi. Text of the Parallel Bible Corpus: Mayer, Thomas & Michael Cysouw. 2014. Creating a Massively Parallel Bible Corpus. Proceedings of the International Conference on Language Resources and Evaluation (LREC), Reykjavik, 3158-3163.","http://bible-server.org/Bible.php?L2=&translation=HIN&book=Genesis&ch=1<br>https://www.wordproject.org/bibles/in/","© Bible Society of India",NA,"whole","The first two digits of the identifier refer to the book, the next three digits to the chapter, and the last three digits to the verse. See Mayer & Cysouw (2014) for a list of book identifiers."
11085,9559304,"24010016	parantu yakoob ka nij bhag unake saman naheen haai , kyonaki vah to sab ka srajanahar haai , aur israaael usake nij bhag ka gotra haai senaon ka yahova usaka nam haai .","24010016","parantu yakoob ka nij bhag unake saman naheen haai  kyonaki vah to sab ka srajanahar haai  aur israaael usake nij bhag ka gotra haai senaon ka yahova usaka nam haai",NA,NA,NA,NA,NA,NA,NA,53,"hin_nfi_2.txt","Hindi","Hindi","hin",NA,NA,"written","non-fiction","religion","Latn",NA,"The New Testament in Hindi, latin transliteration. Text of the Parallel Bible Corpus: Mayer, Thomas & Michael Cysouw. 2014. Creating a Massively Parallel Bible Corpus. Proceedings of the International Conference on Language Resources and Evaluation (LREC), Reykjavik, 3158-3163.","https://www.wordproject.org/bibles/in_tr/index.htm",NA,NA,"whole","The first two digits of the identifier refer to the book, the next three digits to the chapter, and the last three digits to the verse. See Mayer & Cysouw (2014) for a list of book identifiers. Chapter 09027 is missing, because the source had this chapter only in Nagari."
11104,9589824,"एलन, आराम करो.",NA,"एलन आराम करो",NA,NA,NA,NA,NA,NA,NA,53,"hin_nfi_37.txt","Hindi","Hindi","hin",NA,"2009","written","non-fiction","prepared_speeches","Deva",NA,"OpenSubtitles2018","https://object.pouta.csc.fi/OPUS-OpenSubtitles/v2018/raw/hi.zip","http://www.opensubtitles.org/","http://www.opensubtitles.org/ P. Lison and J. Tiedemann, 2016, OpenSubtitles2016: Extracting Large Parallel Corpora from Movie and TV Subtitles. In Proceedings of the 10th International Conference on Language Resources and Evaluation (LREC 2016)","whole",NA
11074,9508004,"15010016	परन्तु बन्धुआई से आए हुए लोगों ने वैसा ही किया । तब एज्रा याजक और पितरों के घरानों के कितने मुख्य पुरुष अपने अपने पितरों के घराने के अनुसार अपने सब नाम लिखा कर अलग किए गए , और दसवें महीने के पहिले दिन को इस बात की तहकीकात के लिये बैठे ।","15010016","परनतु बनधुआई से आए हुए लोगों ने वैसा ही किया  तब एजरा याजक और पितरों के घरानों के कितने मुखय पुरुष अपने अपने पितरों के घराने के अनुसार अपने सब नाम लिखा कर अलग किए गए  और दसवें महीने के पहिले दिन को इस बात की तहकीकात के लिये बैठे",NA,NA,NA,NA,NA,NA,NA,53,"hin_nfi_1.txt","Hindi","Hindi","hin",NA,NA,"written","non-fiction","religion","Deva",NA,"The Bible in Hindi. Text of the Parallel Bible Corpus: Mayer, Thomas & Michael Cysouw. 2014. Creating a Massively Parallel Bible Corpus. Proceedings of the International Conference on Language Resources and Evaluation (LREC), Reykjavik, 3158-3163.","http://bible-server.org/Bible.php?L2=&translation=HIN&book=Genesis&ch=1<br>https://www.wordproject.org/bibles/in/","© Bible Society of India",NA,"whole","The first two digits of the identifier refer to the book, the next three digits to the chapter, and the last three digits to the verse. See Mayer & Cysouw (2014) for a list of book identifiers."
11074,9523617,"44025018	जब उसके मुद्दई खड़े हुए , तो उन्होंने ऐसी बुरी बातों का दोष नहीं लगाया , जैसा मैं समझता था ।","44025018","जब उसके मुददई खडे हुए  तो उनहोंने ऐसी बुरी बातों का दोष नहीं लगाया  जैसा मैं समझता था",NA,NA,NA,NA,NA,NA,NA,53,"hin_nfi_1.txt","Hindi","Hindi","hin",NA,NA,"written","non-fiction","religion","Deva",NA,"The Bible in Hindi. Text of the Parallel Bible Corpus: Mayer, Thomas & Michael Cysouw. 2014. Creating a Massively Parallel Bible Corpus. Proceedings of the International Conference on Language Resources and Evaluation (LREC), Reykjavik, 3158-3163.","http://bible-server.org/Bible.php?L2=&translation=HIN&book=Genesis&ch=1<br>https://www.wordproject.org/bibles/in/","© Bible Society of India",NA,"whole","The first two digits of the identifier refer to the book, the next three digits to the chapter, and the last three digits to the verse. See Mayer & Cysouw (2014) for a list of book identifiers."
11102,9587431,"सिर्फ है कि आप बुराई को दूर.",NA,"सिरफ है कि आप बुराई को दूर",NA,NA,NA,NA,NA,NA,NA,53,"hin_nfi_35.txt","Hindi","Hindi","hin",NA,"2010","written","non-fiction","prepared_speeches","Deva",NA,"OpenSubtitles2018","https://object.pouta.csc.fi/OPUS-OpenSubtitles/v2018/raw/hi.zip","http://www.opensubtitles.org/","http://www.opensubtitles.org/ P. Lison and J. Tiedemann, 2016, OpenSubtitles2016: Extracting Large Parallel Corpora from Movie and TV Subtitles. In Proceedings of the 10th International Conference on Language Resources and Evaluation (LREC 2016)","whole",NA
11074,9516763,"26021016	सिकुड़कर दाहिनी ओर जा , फिर तैयार हो कर बाईं ओर मुड़ , जिधर भी तेरा मुख हो ।","26021016","सिकुडकर दाहिनी ओर जा  फिर तैयार हो कर बाईं ओर मुड  जिधर भी तेरा मुख हो",NA,NA,NA,NA,NA,NA,NA,53,"hin_nfi_1.txt","Hindi","Hindi","hin",NA,NA,"written","non-fiction","religion","Deva",NA,"The Bible in Hindi. Text of the Parallel Bible Corpus: Mayer, Thomas & Michael Cysouw. 2014. Creating a Massively Parallel Bible Corpus. Proceedings of the International Conference on Language Resources and Evaluation (LREC), Reykjavik, 3158-3163.","http://bible-server.org/Bible.php?L2=&translation=HIN&book=Genesis&ch=1<br>https://www.wordproject.org/bibles/in/","© Bible Society of India",NA,"whole","The first two digits of the identifier refer to the book, the next three digits to the chapter, and the last three digits to the verse. See Mayer & Cysouw (2014) for a list of book identifiers."
11140,9630058,"क्या हम अब शुरू करते हैं?",NA,"कया हम अब शुरू करते हैं",NA,NA,NA,NA,NA,NA,NA,53,"hin_nfi_7.txt","Hindi","Hindi","hin",NA,"2017","written","non-fiction","prepared_speeches","Deva",NA,"OpenSubtitles2018","https://object.pouta.csc.fi/OPUS-OpenSubtitles/v2018/raw/hi.zip","http://www.opensubtitles.org/","http://www.opensubtitles.org/ P. Lison and J. Tiedemann, 2016, OpenSubtitles2016: Extracting Large Parallel Corpora from Movie and TV Subtitles. In Proceedings of the 10th International Conference on Language Resources and Evaluation (LREC 2016)","whole",NA
11074,9514176,"23037021	तब आमोस के पुत्र यशायाह ने हिजकिय्याह के पास यह कहला भेजा , इस्राएल का परमेश्वर यहोवा यों कहता है , तू ने जो अश्शूर के राजा सन्हेरीब के विषय में मुझ से प्रार्थना की है ,","23037021","तब आमोस के पुतर यशायाह ने हिजकिययाह के पास यह कहला भेजा  इसराएल का परमेशवर यहोवा यों कहता है  तू ने जो अशशूर के राजा सनहेरीब के विषय में मुझ से परारथना की है",NA,NA,NA,NA,NA,NA,NA,53,"hin_nfi_1.txt","Hindi","Hindi","hin",NA,NA,"written","non-fiction","religion","Deva",NA,"The Bible in Hindi. Text of the Parallel Bible Corpus: Mayer, Thomas & Michael Cysouw. 2014. Creating a Massively Parallel Bible Corpus. Proceedings of the International Conference on Language Resources and Evaluation (LREC), Reykjavik, 3158-3163.","http://bible-server.org/Bible.php?L2=&translation=HIN&book=Genesis&ch=1<br>https://www.wordproject.org/bibles/in/","© Bible Society of India",NA,"whole","The first two digits of the identifier refer to the book, the next three digits to the chapter, and the last three digits to the verse. See Mayer & Cysouw (2014) for a list of book identifiers."
11074,9516314,"26003009	मैं तेरे माथे को हीरे के तुल्य कड़ा कर देता हूँ जो चकमक पत्थर से भी कड़ा होता है ; सो तू उन से न डरना , और न उनके मुंह देख कर तेरा मन कच्चा हो ; क्योंकि वे बलवई घराने के हैं ।","26003009","मैं तेरे माथे को हीरे के तुलय कडा कर देता हूँ जो चकमक पतथर से भी कडा होता है  सो तू उन से न डरना  और न उनके मुंह देख कर तेरा मन कचचा हो  कयोंकि वे बलवई घराने के हैं",NA,NA,NA,NA,NA,NA,NA,53,"hin_nfi_1.txt","Hindi","Hindi","hin",NA,NA,"written","non-fiction","religion","Deva",NA,"The Bible in Hindi. Text of the Parallel Bible Corpus: Mayer, Thomas & Michael Cysouw. 2014. Creating a Massively Parallel Bible Corpus. Proceedings of the International Conference on Language Resources and Evaluation (LREC), Reykjavik, 3158-3163.","http://bible-server.org/Bible.php?L2=&translation=HIN&book=Genesis&ch=1<br>https://www.wordproject.org/bibles/in/","© Bible Society of India",NA,"whole","The first two digits of the identifier refer to the book, the next three digits to the chapter, and the last three digits to the verse. See Mayer & Cysouw (2014) for a list of book identifiers."
11085,9549619,"12003024	aur jab ve israaael kee chhavanee ke pas aae hee the , ki israaaelee uttkar moaabiyon ko marane lage aur ve unake samhane se bhag gaae aur ve moab ko marate marate unake desh men pahunch gaae .","12003024","aur jab ve israaael kee chhavanee ke pas aae hee the  ki israaaelee uttkar moaabiyon ko marane lage aur ve unake samhane se bhag gaae aur ve moab ko marate marate unake desh men pahunch gaae",NA,NA,NA,NA,NA,NA,NA,53,"hin_nfi_2.txt","Hindi","Hindi","hin",NA,NA,"written","non-fiction","religion","Latn",NA,"The New Testament in Hindi, latin transliteration. Text of the Parallel Bible Corpus: Mayer, Thomas & Michael Cysouw. 2014. Creating a Massively Parallel Bible Corpus. Proceedings of the International Conference on Language Resources and Evaluation (LREC), Reykjavik, 3158-3163.","https://www.wordproject.org/bibles/in_tr/index.htm",NA,NA,"whole","The first two digits of the identifier refer to the book, the next three digits to the chapter, and the last three digits to the verse. See Mayer & Cysouw (2014) for a list of book identifiers. Chapter 09027 is missing, because the source had this chapter only in Nagari."
11290,9785882,"Ini disebut sebagai Pemakaman Surgawi.",NA,"Ini disebut sebagai Pemakaman Surgawi",NA,NA,NA,NA,NA,NA,NA,58,"ind_nfi_1124.txt","Indonesian","Indonesian","ind",NA,"2016","written","non-fiction","prepared_speeches","Latn",NA,"OpenSubtitles2018","https://object.pouta.csc.fi/OPUS-OpenSubtitles/v2018/raw/id.zip","http://www.opensubtitles.org/","http://www.opensubtitles.org/ P. Lison and J. Tiedemann, 2016, OpenSubtitles2016: Extracting Large Parallel Corpora from Movie and TV Subtitles. In Proceedings of the 10th International Conference on Language Resources and Evaluation (LREC 2016)","whole",NA
12046,10413288,"Serius, aku masih minum obat.",NA,"Serius aku masih minum obat",NA,NA,NA,NA,NA,NA,NA,58,"ind_nfi_701.txt","Indonesian","Indonesian","ind",NA,"2016","written","non-fiction","prepared_speeches","Latn",NA,"OpenSubtitles2018","https://object.pouta.csc.fi/OPUS-OpenSubtitles/v2018/raw/id.zip","http://www.opensubtitles.org/","http://www.opensubtitles.org/ P. Lison and J. Tiedemann, 2016, OpenSubtitles2016: Extracting Large Parallel Corpora from Movie and TV Subtitles. In Proceedings of the 10th International Conference on Language Resources and Evaluation (LREC 2016)","whole",NA
11468,9923643,"Merekalah pembaca yang harus kita kejar.",NA,"Merekalah pembaca yang harus kita kejar",NA,NA,NA,NA,NA,NA,NA,58,"ind_nfi_181.txt","Indonesian","Indonesian","ind",NA,NA,"written","non-fiction","prepared_speeches","Latn",NA,"OpenSubtitles2018","https://object.pouta.csc.fi/OPUS-OpenSubtitles/v2018/raw/id.zip","http://www.opensubtitles.org/","http://www.opensubtitles.org/ P. Lison and J. Tiedemann, 2016, OpenSubtitles2016: Extracting Large Parallel Corpora from Movie and TV Subtitles. In Proceedings of the 10th International Conference on Language Resources and Evaluation (LREC 2016)","whole",NA
11516,9965881,"Tapi kurasa kita semua bertengkar dengan orang tua kita, kan?",NA,"Tapi kurasa kita semua bertengkar dengan orang tua kita kan",NA,NA,NA,NA,NA,NA,NA,58,"ind_nfi_224.txt","Indonesian","Indonesian","ind",NA,"2017","written","non-fiction","prepared_speeches","Latn",NA,"OpenSubtitles2018","https://object.pouta.csc.fi/OPUS-OpenSubtitles/v2018/raw/id.zip","http://www.opensubtitles.org/","http://www.opensubtitles.org/ P. Lison and J. Tiedemann, 2016, OpenSubtitles2016: Extracting Large Parallel Corpora from Movie and TV Subtitles. In Proceedings of the 10th International Conference on Language Resources and Evaluation (LREC 2016)","whole",NA
11833,10228050,"Tee, kau melihatnya?",NA,"Tee kau melihatnya",NA,NA,NA,NA,NA,NA,NA,58,"ind_nfi_51.txt","Indonesian","Indonesian","ind",NA,"2017","written","non-fiction","prepared_speeches","Latn",NA,"OpenSubtitles2018","https://object.pouta.csc.fi/OPUS-OpenSubtitles/v2018/raw/id.zip","http://www.opensubtitles.org/","http://www.opensubtitles.org/ P. Lison and J. Tiedemann, 2016, OpenSubtitles2016: Extracting Large Parallel Corpora from Movie and TV Subtitles. In Proceedings of the 10th International Conference on Language Resources and Evaluation (LREC 2016)","whole",NA
12198,10559454,"Aku pergi dari pintu itu dan tak pernah kembali.",NA,"Aku pergi dari pintu itu dan tak pernah kembali",NA,NA,NA,NA,NA,NA,NA,58,"ind_nfi_839.txt","Indonesian","Indonesian","ind",NA,"2016","written","non-fiction","prepared_speeches","Latn",NA,"OpenSubtitles2018","https://object.pouta.csc.fi/OPUS-OpenSubtitles/v2018/raw/id.zip","http://www.opensubtitles.org/","http://www.opensubtitles.org/ P. Lison and J. Tiedemann, 2016, OpenSubtitles2016: Extracting Large Parallel Corpora from Movie and TV Subtitles. In Proceedings of the 10th International Conference on Language Resources and Evaluation (LREC 2016)","whole",NA
12119,10484170,"Oh, Tuhan.",NA,"Oh Tuhan",NA,NA,NA,NA,NA,NA,NA,58,"ind_nfi_768.txt","Indonesian","Indonesian","ind",NA,"2016","written","non-fiction","prepared_speeches","Latn",NA,"OpenSubtitles2018","https://object.pouta.csc.fi/OPUS-OpenSubtitles/v2018/raw/id.zip","http://www.opensubtitles.org/","http://www.opensubtitles.org/ P. Lison and J. Tiedemann, 2016, OpenSubtitles2016: Extracting Large Parallel Corpora from Movie and TV Subtitles. In Proceedings of the 10th International Conference on Language Resources and Evaluation (LREC 2016)","whole",NA
11150,9651097,"19137006	Biarlah lidahku melekat pada langit-langit mulutku , jikalau aku tidak mengingatmu , dan jikalau aku tidak menjadikan Yerusalem pokok kegembiraanku .","19137006","Biarlah lidahku melekat pada langitlangit mulutku  jikalau aku tidak mengingatmu  dan jikalau aku tidak menjadikan Yerusalem pokok kegembiraanku",NA,NA,NA,NA,NA,NA,NA,58,"ind_nfi_1.txt","Indonesian","Indonesian","ind",NA,"2000","written","non-fiction","religion","Latn",NA,"The Holy Bible in Indonesian. Text of the Parallel Bible Corpus: Mayer, Thomas & Michael Cysouw. 2014. Creating a Massively Parallel Bible Corpus. Proceedings of the International Conference on Language Resources and Evaluation (LREC), Reykjavik, 3158-3163.","http://www.bible.is/INZSHL/Gen/1<br>http://www.sabda.org/sejarah/sejarah/ver_kitab_suci_injil.htm","© Lembaga Alkitab Indonesia, Kitab Suci Injil 2007",NA,"whole","The first two digits of the identifier refer to the book, the next three digits to the chapter, and the last three digits to the verse. See Mayer & Cysouw (2014) for a list of book identifiers."
11621,10047921,"Coba ke timur.",NA,"Coba ke timur",NA,NA,NA,NA,NA,NA,NA,58,"ind_nfi_319.txt","Indonesian","Indonesian","ind",NA,"2017","written","non-fiction","prepared_speeches","Latn",NA,"OpenSubtitles2018","https://object.pouta.csc.fi/OPUS-OpenSubtitles/v2018/raw/id.zip","http://www.opensubtitles.org/","http://www.opensubtitles.org/ P. Lison and J. Tiedemann, 2016, OpenSubtitles2016: Extracting Large Parallel Corpora from Movie and TV Subtitles. In Proceedings of the 10th International Conference on Language Resources and Evaluation (LREC 2016)","whole",NA
11315,9808353,"Subtitle by 100Malay Silakan duduk, semua.",NA,"Subtitle by 100Malay Silakan duduk semua",NA,NA,NA,NA,NA,NA,NA,58,"ind_nfi_1147.txt","Indonesian","Indonesian","ind",NA,"2016","written","non-fiction","prepared_speeches","Latn",NA,"OpenSubtitles2018","https://object.pouta.csc.fi/OPUS-OpenSubtitles/v2018/raw/id.zip","http://www.opensubtitles.org/","http://www.opensubtitles.org/ P. Lison and J. Tiedemann, 2016, OpenSubtitles2016: Extracting Large Parallel Corpora from Movie and TV Subtitles. In Proceedings of the 10th International Conference on Language Resources and Evaluation (LREC 2016)","whole",NA
11150,9660198,"42009026	Karena siapa malu terhadap Aku dan terhadap perkataan-Ku , Anak Manusia pun akan malu mengakui dia pada waktu Ia datang nanti dalam kemuliaan-Nya dan dalam kemuliaan Bapa-Nya serta dalam kemuliaan para malaikat-Nya yang suci .","42009026","Karena siapa malu terhadap Aku dan terhadap perkataanKu  Anak Manusia pun akan malu mengakui dia pada waktu Ia datang nanti dalam kemuliaanNya dan dalam kemuliaan BapaNya serta dalam kemuliaan para malaikatNya yang suci",NA,NA,NA,NA,NA,NA,NA,58,"ind_nfi_1.txt","Indonesian","Indonesian","ind",NA,"2000","written","non-fiction","religion","Latn",NA,"The Holy Bible in Indonesian. Text of the Parallel Bible Corpus: Mayer, Thomas & Michael Cysouw. 2014. Creating a Massively Parallel Bible Corpus. Proceedings of the International Conference on Language Resources and Evaluation (LREC), Reykjavik, 3158-3163.","http://www.bible.is/INZSHL/Gen/1<br>http://www.sabda.org/sejarah/sejarah/ver_kitab_suci_injil.htm","© Lembaga Alkitab Indonesia, Kitab Suci Injil 2007",NA,"whole","The first two digits of the identifier refer to the book, the next three digits to the chapter, and the last three digits to the verse. See Mayer & Cysouw (2014) for a list of book identifiers."
11398,9874325,"D-d-dia mau memakanku!",NA,"Dddia mau memakanku",NA,NA,NA,NA,NA,NA,NA,58,"ind_nfi_1221.txt","Indonesian","Indonesian","ind",NA,"2016","written","non-fiction","prepared_speeches","Latn",NA,"OpenSubtitles2018","https://object.pouta.csc.fi/OPUS-OpenSubtitles/v2018/raw/id.zip","http://www.opensubtitles.org/","http://www.opensubtitles.org/ P. Lison and J. Tiedemann, 2016, OpenSubtitles2016: Extracting Large Parallel Corpora from Movie and TV Subtitles. In Proceedings of the 10th International Conference on Language Resources and Evaluation (LREC 2016)","whole",NA
11401,9877608,"Kau akan tahu dari berita kematianmu.",NA,"Kau akan tahu dari berita kematianmu",NA,NA,NA,NA,NA,NA,NA,58,"ind_nfi_1224.txt","Indonesian","Indonesian","ind",NA,"2016","written","non-fiction","prepared_speeches","Latn",NA,"OpenSubtitles2018","https://object.pouta.csc.fi/OPUS-OpenSubtitles/v2018/raw/id.zip","http://www.opensubtitles.org/","http://www.opensubtitles.org/ P. Lison and J. Tiedemann, 2016, OpenSubtitles2016: Extracting Large Parallel Corpora from Movie and TV Subtitles. In Proceedings of the 10th International Conference on Language Resources and Evaluation (LREC 2016)","whole",NA
11534,9980112,"Kau seperti penjelajah waktu.",NA,"Kau seperti penjelajah waktu",NA,NA,NA,NA,NA,NA,NA,58,"ind_nfi_240.txt","Indonesian","Indonesian","ind",NA,"2017","written","non-fiction","prepared_speeches","Latn",NA,"OpenSubtitles2018","https://object.pouta.csc.fi/OPUS-OpenSubtitles/v2018/raw/id.zip","http://www.opensubtitles.org/","http://www.opensubtitles.org/ P. Lison and J. Tiedemann, 2016, OpenSubtitles2016: Extracting Large Parallel Corpora from Movie and TV Subtitles. In Proceedings of the 10th International Conference on Language Resources and Evaluation (LREC 2016)","whole",NA
11486,9938798,"Frou frou, kau selamat!",NA,"Frou frou kau selamat",NA,NA,NA,NA,NA,NA,NA,58,"ind_nfi_198.txt","Indonesian","Indonesian","ind",NA,"2017","written","non-fiction","prepared_speeches","Latn",NA,"OpenSubtitles2018","https://object.pouta.csc.fi/OPUS-OpenSubtitles/v2018/raw/id.zip","http://www.opensubtitles.org/","http://www.opensubtitles.org/ P. Lison and J. Tiedemann, 2016, OpenSubtitles2016: Extracting Large Parallel Corpora from Movie and TV Subtitles. In Proceedings of the 10th International Conference on Language Resources and Evaluation (LREC 2016)","whole",NA
11204,9711051,"Hanya seorang Ayah penyayang yang membagikan strategi main pada Putrinya.",NA,"Hanya seorang Ayah penyayang yang membagikan strategi main pada Putrinya",NA,NA,NA,NA,NA,NA,NA,58,"ind_nfi_1047.txt","Indonesian","Indonesian","ind",NA,NA,"written","non-fiction","prepared_speeches","Latn",NA,"OpenSubtitles2018","https://object.pouta.csc.fi/OPUS-OpenSubtitles/v2018/raw/id.zip","http://www.opensubtitles.org/","http://www.opensubtitles.org/ P. Lison and J. Tiedemann, 2016, OpenSubtitles2016: Extracting Large Parallel Corpora from Movie and TV Subtitles. In Proceedings of the 10th International Conference on Language Resources and Evaluation (LREC 2016)","whole",NA
11834,10228464,"- Keluarkan dia dari sini!",NA,"Keluarkan dia dari sini",NA,NA,NA,NA,NA,NA,NA,58,"ind_nfi_510.txt","Indonesian","Indonesian","ind",NA,"2016","written","non-fiction","prepared_speeches","Latn",NA,"OpenSubtitles2018","https://object.pouta.csc.fi/OPUS-OpenSubtitles/v2018/raw/id.zip","http://www.opensubtitles.org/","http://www.opensubtitles.org/ P. Lison and J. Tiedemann, 2016, OpenSubtitles2016: Extracting Large Parallel Corpora from Movie and TV Subtitles. In Proceedings of the 10th International Conference on Language Resources and Evaluation (LREC 2016)","whole",NA
11312,9806080,"Aku telah melihat manusia baja (Man of Steel) dan ksatria dalam kegelapan (The Dark Knight) runtuh dan aku harus menylesaikan misiku bagaimanapun caranya.",NA,"Aku telah melihat manusia baja Man of Steel dan ksatria dalam kegelapan The Dark Knight runtuh dan aku harus menylesaikan misiku bagaimanapun caranya",NA,NA,NA,NA,NA,NA,NA,58,"ind_nfi_1144.txt","Indonesian","Indonesian","ind",NA,"2016","written","non-fiction","prepared_speeches","Latn",NA,"OpenSubtitles2018","https://object.pouta.csc.fi/OPUS-OpenSubtitles/v2018/raw/id.zip","http://www.opensubtitles.org/","http://www.opensubtitles.org/ P. Lison and J. Tiedemann, 2016, OpenSubtitles2016: Extracting Large Parallel Corpora from Movie and TV Subtitles. In Proceedings of the 10th International Conference on Language Resources and Evaluation (LREC 2016)","whole",NA
12324,10672654,"Kerjamu bagus hari ini.",NA,"Kerjamu bagus hari ini",NA,NA,NA,NA,NA,NA,NA,58,"ind_nfi_952.txt","Indonesian","Indonesian","ind",NA,"2016","written","non-fiction","prepared_speeches","Latn",NA,"OpenSubtitles2018","https://object.pouta.csc.fi/OPUS-OpenSubtitles/v2018/raw/id.zip","http://www.opensubtitles.org/","http://www.opensubtitles.org/ P. Lison and J. Tiedemann, 2016, OpenSubtitles2016: Extracting Large Parallel Corpora from Movie and TV Subtitles. In Proceedings of the 10th International Conference on Language Resources and Evaluation (LREC 2016)","whole",NA
12286,10640997,"Joe akan menjadi orang tua angkat hingga kau mengadopsi anaknya, yang bisa kau lakukan setelah Joe mendapat kepemilikan.",NA,"Joe akan menjadi orang tua angkat hingga kau mengadopsi anaknya yang bisa kau lakukan setelah Joe mendapat kepemilikan",NA,NA,NA,NA,NA,NA,NA,58,"ind_nfi_918.txt","Indonesian","Indonesian","ind",NA,"2016","written","non-fiction","prepared_speeches","Latn",NA,"OpenSubtitles2018","https://object.pouta.csc.fi/OPUS-OpenSubtitles/v2018/raw/id.zip","http://www.opensubtitles.org/","http://www.opensubtitles.org/ P. Lison and J. Tiedemann, 2016, OpenSubtitles2016: Extracting Large Parallel Corpora from Movie and TV Subtitles. In Proceedings of the 10th International Conference on Language Resources and Evaluation (LREC 2016)","whole",NA
11211,9718308,"- Apa yang sedang terjadi?",NA,"Apa yang sedang terjadi",NA,NA,NA,NA,NA,NA,NA,58,"ind_nfi_1053.txt","Indonesian","Indonesian","ind",NA,"2016","written","non-fiction","prepared_speeches","Latn",NA,"OpenSubtitles2018","https://object.pouta.csc.fi/OPUS-OpenSubtitles/v2018/raw/id.zip","http://www.opensubtitles.org/","http://www.opensubtitles.org/ P. Lison and J. Tiedemann, 2016, OpenSubtitles2016: Extracting Large Parallel Corpora from Movie and TV Subtitles. In Proceedings of the 10th International Conference on Language Resources and Evaluation (LREC 2016)","whole",NA
11663,10086120,"[ BERNYANYI ] ♪♫♪ All I wanna do in the middle of the evening is hold you tight ♪♫♪ [ Yang ingin kulakukan di tengah malam hari adalah memelukmu erat-erat ]",NA,"BERNYANYI   All I wanna do in the middle of the evening is hold you tight   Yang ingin kulakukan di tengah malam hari adalah memelukmu eraterat",NA,NA,NA,NA,NA,NA,NA,58,"ind_nfi_357.txt","Indonesian","Indonesian","ind",NA,"2017","written","non-fiction","prepared_speeches","Latn",NA,"OpenSubtitles2018","https://object.pouta.csc.fi/OPUS-OpenSubtitles/v2018/raw/id.zip","http://www.opensubtitles.org/","http://www.opensubtitles.org/ P. Lison and J. Tiedemann, 2016, OpenSubtitles2016: Extracting Large Parallel Corpora from Movie and TV Subtitles. In Proceedings of the 10th International Conference on Language Resources and Evaluation (LREC 2016)","whole",NA
12143,10510830,"Aku akan frustasi jika menjadi insinyur dan mungkin aku akan mengutuk Ayah karena memberiku kehidupan!",NA,"Aku akan frustasi jika menjadi insinyur dan mungkin aku akan mengutuk Ayah karena memberiku kehidupan",NA,NA,NA,NA,NA,NA,NA,58,"ind_nfi_79.txt","Indonesian","Indonesian","ind",NA,"2017","written","non-fiction","prepared_speeches","Latn",NA,"OpenSubtitles2018","https://object.pouta.csc.fi/OPUS-OpenSubtitles/v2018/raw/id.zip","http://www.opensubtitles.org/","http://www.opensubtitles.org/ P. Lison and J. Tiedemann, 2016, OpenSubtitles2016: Extracting Large Parallel Corpora from Movie and TV Subtitles. In Proceedings of the 10th International Conference on Language Resources and Evaluation (LREC 2016)","whole",NA
11226,9733139,"Tenang.",NA,"Tenang",NA,NA,NA,NA,NA,NA,NA,58,"ind_nfi_1067.txt","Indonesian","Indonesian","ind",NA,"2016","written","non-fiction","prepared_speeches","Latn",NA,"OpenSubtitles2018","https://object.pouta.csc.fi/OPUS-OpenSubtitles/v2018/raw/id.zip","http://www.opensubtitles.org/","http://www.opensubtitles.org/ P. Lison and J. Tiedemann, 2016, OpenSubtitles2016: Extracting Large Parallel Corpora from Movie and TV Subtitles. In Proceedings of the 10th International Conference on Language Resources and Evaluation (LREC 2016)","whole",NA
11662,10085337,"Oke, kuambilkan.",NA,"Oke kuambilkan",NA,NA,NA,NA,NA,NA,NA,58,"ind_nfi_356.txt","Indonesian","Indonesian","ind",NA,"2017","written","non-fiction","prepared_speeches","Latn",NA,"OpenSubtitles2018","https://object.pouta.csc.fi/OPUS-OpenSubtitles/v2018/raw/id.zip","http://www.opensubtitles.org/","http://www.opensubtitles.org/ P. Lison and J. Tiedemann, 2016, OpenSubtitles2016: Extracting Large Parallel Corpora from Movie and TV Subtitles. In Proceedings of the 10th International Conference on Language Resources and Evaluation (LREC 2016)","whole",NA
12343,10689993,"Kau mendedikasikan hidupmu untuk belajar cara mengecilkan dirimu ke ukuran atom, dan aku menghabiskan belajar rahasia speedforce.",NA,"Kau mendedikasikan hidupmu untuk belajar cara mengecilkan dirimu ke ukuran atom dan aku menghabiskan belajar rahasia speedforce",NA,NA,NA,NA,NA,NA,NA,58,"ind_nfi_97.txt","Indonesian","Indonesian","ind",NA,"2017","written","non-fiction","prepared_speeches","Latn",NA,"OpenSubtitles2018","https://object.pouta.csc.fi/OPUS-OpenSubtitles/v2018/raw/id.zip","http://www.opensubtitles.org/","http://www.opensubtitles.org/ P. Lison and J. Tiedemann, 2016, OpenSubtitles2016: Extracting Large Parallel Corpora from Movie and TV Subtitles. In Proceedings of the 10th International Conference on Language Resources and Evaluation (LREC 2016)","whole",NA
11678,10095187,"Apa lagi?",NA,"Apa lagi",NA,NA,NA,NA,NA,NA,NA,58,"ind_nfi_370.txt","Indonesian","Indonesian","ind",NA,"2017","written","non-fiction","prepared_speeches","Latn",NA,"OpenSubtitles2018","https://object.pouta.csc.fi/OPUS-OpenSubtitles/v2018/raw/id.zip","http://www.opensubtitles.org/","http://www.opensubtitles.org/ P. Lison and J. Tiedemann, 2016, OpenSubtitles2016: Extracting Large Parallel Corpora from Movie and TV Subtitles. In Proceedings of the 10th International Conference on Language Resources and Evaluation (LREC 2016)","whole",NA
11956,10333861,"Apa?",NA,"Apa",NA,NA,NA,NA,NA,NA,NA,58,"ind_nfi_620.txt","Indonesian","Indonesian","ind",NA,"2016","written","non-fiction","prepared_speeches","Latn",NA,"OpenSubtitles2018","https://object.pouta.csc.fi/OPUS-OpenSubtitles/v2018/raw/id.zip","http://www.opensubtitles.org/","http://www.opensubtitles.org/ P. Lison and J. Tiedemann, 2016, OpenSubtitles2016: Extracting Large Parallel Corpora from Movie and TV Subtitles. In Proceedings of the 10th International Conference on Language Resources and Evaluation (LREC 2016)","whole",NA
11826,10220487,"Hei, tolong minggir!",NA,"Hei tolong minggir",NA,NA,NA,NA,NA,NA,NA,58,"ind_nfi_503.txt","Indonesian","Indonesian","ind",NA,"2016","written","non-fiction","prepared_speeches","Latn",NA,"OpenSubtitles2018","https://object.pouta.csc.fi/OPUS-OpenSubtitles/v2018/raw/id.zip","http://www.opensubtitles.org/","http://www.opensubtitles.org/ P. Lison and J. Tiedemann, 2016, OpenSubtitles2016: Extracting Large Parallel Corpora from Movie and TV Subtitles. In Proceedings of the 10th International Conference on Language Resources and Evaluation (LREC 2016)","whole",NA
11838,10230669,"Dokter, menurut pendapatmu bisakah putra kami menjalani hidup normal?",NA,"Dokter menurut pendapatmu bisakah putra kami menjalani hidup normal",NA,NA,NA,NA,NA,NA,NA,58,"ind_nfi_514.txt","Indonesian","Indonesian","ind",NA,"2016","written","non-fiction","prepared_speeches","Latn",NA,"OpenSubtitles2018","https://object.pouta.csc.fi/OPUS-OpenSubtitles/v2018/raw/id.zip","http://www.opensubtitles.org/","http://www.opensubtitles.org/ P. Lison and J. Tiedemann, 2016, OpenSubtitles2016: Extracting Large Parallel Corpora from Movie and TV Subtitles. In Proceedings of the 10th International Conference on Language Resources and Evaluation (LREC 2016)","whole",NA
12120,10486761,"Di mana kode satelit itu?",NA,"Di mana kode satelit itu",NA,NA,NA,NA,NA,NA,NA,58,"ind_nfi_769.txt","Indonesian","Indonesian","ind",NA,"2016","written","non-fiction","prepared_speeches","Latn",NA,"OpenSubtitles2018","https://object.pouta.csc.fi/OPUS-OpenSubtitles/v2018/raw/id.zip","http://www.opensubtitles.org/","http://www.opensubtitles.org/ P. Lison and J. Tiedemann, 2016, OpenSubtitles2016: Extracting Large Parallel Corpora from Movie and TV Subtitles. In Proceedings of the 10th International Conference on Language Resources and Evaluation (LREC 2016)","whole",NA
11393,9869960,"Pengasuhmu takkan menyelamatkanmu saat ini.",NA,"Pengasuhmu takkan menyelamatkanmu saat ini",NA,NA,NA,NA,NA,NA,NA,58,"ind_nfi_1217.txt","Indonesian","Indonesian","ind",NA,"2016","written","non-fiction","prepared_speeches","Latn",NA,"OpenSubtitles2018","https://object.pouta.csc.fi/OPUS-OpenSubtitles/v2018/raw/id.zip","http://www.opensubtitles.org/","http://www.opensubtitles.org/ P. Lison and J. Tiedemann, 2016, OpenSubtitles2016: Extracting Large Parallel Corpora from Movie and TV Subtitles. In Proceedings of the 10th International Conference on Language Resources and Evaluation (LREC 2016)","whole",NA
11331,9821585,"Jadi siapapun yang mengambil jasadnya menghidupkannya kembali?",NA,"Jadi siapapun yang mengambil jasadnya menghidupkannya kembali",NA,NA,NA,NA,NA,NA,NA,58,"ind_nfi_1161.txt","Indonesian","Indonesian","ind",NA,"2016","written","non-fiction","prepared_speeches","Latn",NA,"OpenSubtitles2018","https://object.pouta.csc.fi/OPUS-OpenSubtitles/v2018/raw/id.zip","http://www.opensubtitles.org/","http://www.opensubtitles.org/ P. Lison and J. Tiedemann, 2016, OpenSubtitles2016: Extracting Large Parallel Corpora from Movie and TV Subtitles. In Proceedings of the 10th International Conference on Language Resources and Evaluation (LREC 2016)","whole",NA
12229,10588789,"Biarkan aku bertanya satu hal.",NA,"Biarkan aku bertanya satu hal",NA,NA,NA,NA,NA,NA,NA,58,"ind_nfi_867.txt","Indonesian","Indonesian","ind",NA,"2016","written","non-fiction","prepared_speeches","Latn",NA,"OpenSubtitles2018","https://object.pouta.csc.fi/OPUS-OpenSubtitles/v2018/raw/id.zip","http://www.opensubtitles.org/","http://www.opensubtitles.org/ P. Lison and J. Tiedemann, 2016, OpenSubtitles2016: Extracting Large Parallel Corpora from Movie and TV Subtitles. In Proceedings of the 10th International Conference on Language Resources and Evaluation (LREC 2016)","whole",NA
11444,9909298,"Semoga akhir pekanmu menyenangkan, Pat./ Kau juga.",NA,"Semoga akhir pekanmu menyenangkan Pat Kau juga",NA,NA,NA,NA,NA,NA,NA,58,"ind_nfi_16.txt","Indonesian","Indonesian","ind",NA,"2017","written","non-fiction","prepared_speeches","Latn",NA,"OpenSubtitles2018","https://object.pouta.csc.fi/OPUS-OpenSubtitles/v2018/raw/id.zip","http://www.opensubtitles.org/","http://www.opensubtitles.org/ P. Lison and J. Tiedemann, 2016, OpenSubtitles2016: Extracting Large Parallel Corpora from Movie and TV Subtitles. In Proceedings of the 10th International Conference on Language Resources and Evaluation (LREC 2016)","whole",NA
11693,10105698,"Di sanalah kita selalu temukan cara dan keinginan untuk berjuang.",NA,"Di sanalah kita selalu temukan cara dan keinginan untuk berjuang",NA,NA,NA,NA,NA,NA,NA,58,"ind_nfi_384.txt","Indonesian","Indonesian","ind",NA,"2017","written","non-fiction","prepared_speeches","Latn",NA,"OpenSubtitles2018","https://object.pouta.csc.fi/OPUS-OpenSubtitles/v2018/raw/id.zip","http://www.opensubtitles.org/","http://www.opensubtitles.org/ P. Lison and J. Tiedemann, 2016, OpenSubtitles2016: Extracting Large Parallel Corpora from Movie and TV Subtitles. In Proceedings of the 10th International Conference on Language Resources and Evaluation (LREC 2016)","whole",NA
11526,9973530,"Saat aku besar, aku akan jadi arsitek.",NA,"Saat aku besar aku akan jadi arsitek",NA,NA,NA,NA,NA,NA,NA,58,"ind_nfi_233.txt","Indonesian","Indonesian","ind",NA,"2017","written","non-fiction","prepared_speeches","Latn",NA,"OpenSubtitles2018","https://object.pouta.csc.fi/OPUS-OpenSubtitles/v2018/raw/id.zip","http://www.opensubtitles.org/","http://www.opensubtitles.org/ P. Lison and J. Tiedemann, 2016, OpenSubtitles2016: Extracting Large Parallel Corpora from Movie and TV Subtitles. In Proceedings of the 10th International Conference on Language Resources and Evaluation (LREC 2016)","whole",NA
11787,10182648,"Jangan pernah menyentuhku lagi.",NA,"Jangan pernah menyentuhku lagi",NA,NA,NA,NA,NA,NA,NA,58,"ind_nfi_469.txt","Indonesian","Indonesian","ind",NA,"2016","written","non-fiction","prepared_speeches","Latn",NA,"OpenSubtitles2018","https://object.pouta.csc.fi/OPUS-OpenSubtitles/v2018/raw/id.zip","http://www.opensubtitles.org/","http://www.opensubtitles.org/ P. Lison and J. Tiedemann, 2016, OpenSubtitles2016: Extracting Large Parallel Corpora from Movie and TV Subtitles. In Proceedings of the 10th International Conference on Language Resources and Evaluation (LREC 2016)","whole",NA
12159,10524098,"Apa?",NA,"Apa",NA,NA,NA,NA,NA,NA,NA,58,"ind_nfi_803.txt","Indonesian","Indonesian","ind",NA,NA,"written","non-fiction","prepared_speeches","Latn",NA,"OpenSubtitles2018","https://object.pouta.csc.fi/OPUS-OpenSubtitles/v2018/raw/id.zip","http://www.opensubtitles.org/","http://www.opensubtitles.org/ P. Lison and J. Tiedemann, 2016, OpenSubtitles2016: Extracting Large Parallel Corpora from Movie and TV Subtitles. In Proceedings of the 10th International Conference on Language Resources and Evaluation (LREC 2016)","whole",NA
11402,9877712,"Mereka telah menangkap seorang desertir dari Night's Watch.",NA,"Mereka telah menangkap seorang desertir dari Nights Watch",NA,NA,NA,NA,NA,NA,NA,58,"ind_nfi_1225.txt","Indonesian","Indonesian","ind",NA,"2016","written","non-fiction","prepared_speeches","Latn",NA,"OpenSubtitles2018","https://object.pouta.csc.fi/OPUS-OpenSubtitles/v2018/raw/id.zip","http://www.opensubtitles.org/","http://www.opensubtitles.org/ P. Lison and J. Tiedemann, 2016, OpenSubtitles2016: Extracting Large Parallel Corpora from Movie and TV Subtitles. In Proceedings of the 10th International Conference on Language Resources and Evaluation (LREC 2016)","whole",NA
11661,10083103,"Oh, Benjamin.",NA,"Oh Benjamin",NA,NA,NA,NA,NA,NA,NA,58,"ind_nfi_355.txt","Indonesian","Indonesian","ind",NA,"2017","written","non-fiction","prepared_speeches","Latn",NA,"OpenSubtitles2018","https://object.pouta.csc.fi/OPUS-OpenSubtitles/v2018/raw/id.zip","http://www.opensubtitles.org/","http://www.opensubtitles.org/ P. Lison and J. Tiedemann, 2016, OpenSubtitles2016: Extracting Large Parallel Corpora from Movie and TV Subtitles. In Proceedings of the 10th International Conference on Language Resources and Evaluation (LREC 2016)","whole",NA
12030,10399954,"Hei, Shim.",NA,"Hei Shim",NA,NA,NA,NA,NA,NA,NA,58,"ind_nfi_688.txt","Indonesian","Indonesian","ind",NA,"2016","written","non-fiction","prepared_speeches","Latn",NA,"OpenSubtitles2018","https://object.pouta.csc.fi/OPUS-OpenSubtitles/v2018/raw/id.zip","http://www.opensubtitles.org/","http://www.opensubtitles.org/ P. Lison and J. Tiedemann, 2016, OpenSubtitles2016: Extracting Large Parallel Corpora from Movie and TV Subtitles. In Proceedings of the 10th International Conference on Language Resources and Evaluation (LREC 2016)","whole",NA
11867,10256589,"Nenek?",NA,"Nenek",NA,NA,NA,NA,NA,NA,NA,58,"ind_nfi_540.txt","Indonesian","Indonesian","ind",NA,"2016","written","non-fiction","prepared_speeches","Latn",NA,"OpenSubtitles2018","https://object.pouta.csc.fi/OPUS-OpenSubtitles/v2018/raw/id.zip","http://www.opensubtitles.org/","http://www.opensubtitles.org/ P. Lison and J. Tiedemann, 2016, OpenSubtitles2016: Extracting Large Parallel Corpora from Movie and TV Subtitles. In Proceedings of the 10th International Conference on Language Resources and Evaluation (LREC 2016)","whole",NA
11199,9705784,"saat itu.",NA,"saat itu",NA,NA,NA,NA,NA,NA,NA,58,"ind_nfi_1042.txt","Indonesian","Indonesian","ind",NA,"2016","written","non-fiction","prepared_speeches","Latn",NA,"OpenSubtitles2018","https://object.pouta.csc.fi/OPUS-OpenSubtitles/v2018/raw/id.zip","http://www.opensubtitles.org/","http://www.opensubtitles.org/ P. Lison and J. Tiedemann, 2016, OpenSubtitles2016: Extracting Large Parallel Corpora from Movie and TV Subtitles. In Proceedings of the 10th International Conference on Language Resources and Evaluation (LREC 2016)","whole",NA
12266,10622900,"Apa?",NA,"Apa",NA,NA,NA,NA,NA,NA,NA,58,"ind_nfi_90.txt","Indonesian","Indonesian","ind",NA,"2017","written","non-fiction","prepared_speeches","Latn",NA,"OpenSubtitles2018","https://object.pouta.csc.fi/OPUS-OpenSubtitles/v2018/raw/id.zip","http://www.opensubtitles.org/","http://www.opensubtitles.org/ P. Lison and J. Tiedemann, 2016, OpenSubtitles2016: Extracting Large Parallel Corpora from Movie and TV Subtitles. In Proceedings of the 10th International Conference on Language Resources and Evaluation (LREC 2016)","whole",NA
12030,10400130,"Kenapa sekretarisnya berhenti?",NA,"Kenapa sekretarisnya berhenti",NA,NA,NA,NA,NA,NA,NA,58,"ind_nfi_688.txt","Indonesian","Indonesian","ind",NA,"2016","written","non-fiction","prepared_speeches","Latn",NA,"OpenSubtitles2018","https://object.pouta.csc.fi/OPUS-OpenSubtitles/v2018/raw/id.zip","http://www.opensubtitles.org/","http://www.opensubtitles.org/ P. Lison and J. Tiedemann, 2016, OpenSubtitles2016: Extracting Large Parallel Corpora from Movie and TV Subtitles. In Proceedings of the 10th International Conference on Language Resources and Evaluation (LREC 2016)","whole",NA
12108,10472498,"Bagaimana keadaanmu?",NA,"Bagaimana keadaanmu",NA,NA,NA,NA,NA,NA,NA,58,"ind_nfi_758.txt","Indonesian","Indonesian","ind",NA,"2016","written","non-fiction","prepared_speeches","Latn",NA,"OpenSubtitles2018","https://object.pouta.csc.fi/OPUS-OpenSubtitles/v2018/raw/id.zip","http://www.opensubtitles.org/","http://www.opensubtitles.org/ P. Lison and J. Tiedemann, 2016, OpenSubtitles2016: Extracting Large Parallel Corpora from Movie and TV Subtitles. In Proceedings of the 10th International Conference on Language Resources and Evaluation (LREC 2016)","whole",NA
11333,9822967,"Itu sangat manis.",NA,"Itu sangat manis",NA,NA,NA,NA,NA,NA,NA,58,"ind_nfi_1163.txt","Indonesian","Indonesian","ind",NA,"2016","written","non-fiction","prepared_speeches","Latn",NA,"OpenSubtitles2018","https://object.pouta.csc.fi/OPUS-OpenSubtitles/v2018/raw/id.zip","http://www.opensubtitles.org/","http://www.opensubtitles.org/ P. Lison and J. Tiedemann, 2016, OpenSubtitles2016: Extracting Large Parallel Corpora from Movie and TV Subtitles. In Proceedings of the 10th International Conference on Language Resources and Evaluation (LREC 2016)","whole",NA
11983,10359976,"Pada akhirnya yang kami lakukan ?",NA,"Pada akhirnya yang kami lakukan",NA,NA,NA,NA,NA,NA,NA,58,"ind_nfi_645.txt","Indonesian","Indonesian","ind",NA,"2016","written","non-fiction","prepared_speeches","Latn",NA,"OpenSubtitles2018","https://object.pouta.csc.fi/OPUS-OpenSubtitles/v2018/raw/id.zip","http://www.opensubtitles.org/","http://www.opensubtitles.org/ P. Lison and J. Tiedemann, 2016, OpenSubtitles2016: Extracting Large Parallel Corpora from Movie and TV Subtitles. In Proceedings of the 10th International Conference on Language Resources and Evaluation (LREC 2016)","whole",NA
12508,10831491,"正解だったみたいよ",NA,"正解だったみたいよ",NA,NA,NA,NA,NA,NA,NA,62,"jpn_nfi_155.txt","Japanese","Japanese","jpn",NA,"2016","written","non-fiction","prepared_speeches","Jpan",NA,"OpenSubtitles2018","https://object.pouta.csc.fi/OPUS-OpenSubtitles/v2018/raw/ja.zip","http://www.opensubtitles.org/","http://www.opensubtitles.org/ P. Lison and J. Tiedemann, 2016, OpenSubtitles2016: Extracting Large Parallel Corpora from Movie and TV Subtitles. In Proceedings of the 10th International Conference on Language Resources and Evaluation (LREC 2016)","whole",NA
12841,11094343,"ダーリル、聞いてる？",NA,"ダーリル聞いてる",NA,NA,NA,NA,NA,NA,NA,62,"jpn_nfi_455.txt","Japanese","Japanese","jpn",NA,"2014","written","non-fiction","prepared_speeches","Jpan",NA,"OpenSubtitles2018","https://object.pouta.csc.fi/OPUS-OpenSubtitles/v2018/raw/ja.zip","http://www.opensubtitles.org/","http://www.opensubtitles.org/ P. Lison and J. Tiedemann, 2016, OpenSubtitles2016: Extracting Large Parallel Corpora from Movie and TV Subtitles. In Proceedings of the 10th International Conference on Language Resources and Evaluation (LREC 2016)","whole",NA
12990,11220440,"政治に興味のない誰か",NA,"政治に興味のない誰か",NA,NA,NA,NA,NA,NA,NA,62,"jpn_nfi_59.txt","Japanese","Japanese","jpn",NA,"2016","written","non-fiction","prepared_speeches","Jpan",NA,"OpenSubtitles2018","https://object.pouta.csc.fi/OPUS-OpenSubtitles/v2018/raw/ja.zip","http://www.opensubtitles.org/","http://www.opensubtitles.org/ P. Lison and J. Tiedemann, 2016, OpenSubtitles2016: Extracting Large Parallel Corpora from Movie and TV Subtitles. In Proceedings of the 10th International Conference on Language Resources and Evaluation (LREC 2016)","whole",NA
12617,10917791,"でも 周りは 神のような力を",NA,"でも 周りは 神のような力を",NA,NA,NA,NA,NA,NA,NA,62,"jpn_nfi_253.txt","Japanese","Japanese","jpn",NA,"2015","written","non-fiction","prepared_speeches","Jpan",NA,"OpenSubtitles2018","https://object.pouta.csc.fi/OPUS-OpenSubtitles/v2018/raw/ja.zip","http://www.opensubtitles.org/","http://www.opensubtitles.org/ P. Lison and J. Tiedemann, 2016, OpenSubtitles2016: Extracting Large Parallel Corpora from Movie and TV Subtitles. In Proceedings of the 10th International Conference on Language Resources and Evaluation (LREC 2016)","whole",NA
12457,10785548,"今もその声が聞こえる",NA,"今もその声が聞こえる",NA,NA,NA,NA,NA,NA,NA,62,"jpn_nfi_109.txt","Japanese","Japanese","jpn",NA,"2016","written","non-fiction","prepared_speeches","Jpan",NA,"OpenSubtitles2018","https://object.pouta.csc.fi/OPUS-OpenSubtitles/v2018/raw/ja.zip","http://www.opensubtitles.org/","http://www.opensubtitles.org/ P. Lison and J. Tiedemann, 2016, OpenSubtitles2016: Extracting Large Parallel Corpora from Movie and TV Subtitles. In Proceedings of the 10th International Conference on Language Resources and Evaluation (LREC 2016)","whole",NA
12402,10746560,"「じゃあ、みなさん、さようなら。",NA,"じゃあみなさんさようなら",NA,NA,NA,NA,NA,NA,NA,61,"jpn_fic_9.txt","Japanese","Japanese","jpn",NA,"2010","written","fiction","general_fiction","Jpan",NA,"E. Phillips Oppenheim, Irekawatta Otoko","http://www.gutenberg.org/files/34158/34158-h/34158-h.htm","http://www.gutenberg.org","http://www.gutenberg.org","part",NA
12910,11156022,"我々の魂のように　彼らは生物です",NA,"我々の魂のように　彼らは生物です",NA,NA,NA,NA,NA,NA,NA,62,"jpn_nfi_517.txt","Japanese","Japanese","jpn",NA,"2014","written","non-fiction","prepared_speeches","Jpan",NA,"OpenSubtitles2018","https://object.pouta.csc.fi/OPUS-OpenSubtitles/v2018/raw/ja.zip","http://www.opensubtitles.org/","http://www.opensubtitles.org/ P. Lison and J. Tiedemann, 2016, OpenSubtitles2016: Extracting Large Parallel Corpora from Movie and TV Subtitles. In Proceedings of the 10th International Conference on Language Resources and Evaluation (LREC 2016)","whole",NA
12546,10862616,"からからに乾燥したカシの木で 建造された船だから",NA,"からからに乾燥したカシの木で 建造された船だから",NA,NA,NA,NA,NA,NA,NA,62,"jpn_nfi_19.txt","Japanese","Japanese","jpn",NA,"2017","written","non-fiction","prepared_speeches","Jpan",NA,"OpenSubtitles2018","https://object.pouta.csc.fi/OPUS-OpenSubtitles/v2018/raw/ja.zip","http://www.opensubtitles.org/","http://www.opensubtitles.org/ P. Lison and J. Tiedemann, 2016, OpenSubtitles2016: Extracting Large Parallel Corpora from Movie and TV Subtitles. In Proceedings of the 10th International Conference on Language Resources and Evaluation (LREC 2016)","whole",NA
12458,10785637,"今まで聞いてきた あなたの間違い",NA,"今まで聞いてきた あなたの間違い",NA,NA,NA,NA,NA,NA,NA,62,"jpn_nfi_11.txt","Japanese","Japanese","jpn",NA,"2017","written","non-fiction","prepared_speeches","Jpan",NA,"OpenSubtitles2018","https://object.pouta.csc.fi/OPUS-OpenSubtitles/v2018/raw/ja.zip","http://www.opensubtitles.org/","http://www.opensubtitles.org/ P. Lison and J. Tiedemann, 2016, OpenSubtitles2016: Extracting Large Parallel Corpora from Movie and TV Subtitles. In Proceedings of the 10th International Conference on Language Resources and Evaluation (LREC 2016)","whole",NA
13247,11425919,"ああ、すっかり忘れてた",NA,"ああすっかり忘れてた",NA,NA,NA,NA,NA,NA,NA,62,"jpn_nfi_820.txt","Japanese","Japanese","jpn",NA,"2013","written","non-fiction","prepared_speeches","Jpan",NA,"OpenSubtitles2018","https://object.pouta.csc.fi/OPUS-OpenSubtitles/v2018/raw/ja.zip","http://www.opensubtitles.org/","http://www.opensubtitles.org/ P. Lison and J. Tiedemann, 2016, OpenSubtitles2016: Extracting Large Parallel Corpora from Movie and TV Subtitles. In Proceedings of the 10th International Conference on Language Resources and Evaluation (LREC 2016)","whole",NA
12616,10916923,"{cH00ffff}そうでしょお　母さん？",NA,"そうでしょお　母さん",NA,NA,NA,NA,NA,NA,NA,62,"jpn_nfi_252.txt","Japanese","Japanese","jpn",NA,"2015","written","non-fiction","prepared_speeches","Jpan",NA,"OpenSubtitles2018","https://object.pouta.csc.fi/OPUS-OpenSubtitles/v2018/raw/ja.zip","http://www.opensubtitles.org/","http://www.opensubtitles.org/ P. Lison and J. Tiedemann, 2016, OpenSubtitles2016: Extracting Large Parallel Corpora from Movie and TV Subtitles. In Proceedings of the 10th International Conference on Language Resources and Evaluation (LREC 2016)","whole",NA
12530,10848671,"固定観念は捨てなさい フレイア",NA,"固定観念は捨てなさい フレイア",NA,NA,NA,NA,NA,NA,NA,62,"jpn_nfi_175.txt","Japanese","Japanese","jpn",NA,"2016","written","non-fiction","prepared_speeches","Jpan",NA,"OpenSubtitles2018","https://object.pouta.csc.fi/OPUS-OpenSubtitles/v2018/raw/ja.zip","http://www.opensubtitles.org/","http://www.opensubtitles.org/ P. Lison and J. Tiedemann, 2016, OpenSubtitles2016: Extracting Large Parallel Corpora from Movie and TV Subtitles. In Proceedings of the 10th International Conference on Language Resources and Evaluation (LREC 2016)","whole",NA
12404,10748170,"この先 どうしようもなく 誰かを好きになることはできない",NA,"この先 どうしようもなく 誰かを好きになることはできない",NA,NA,NA,NA,NA,NA,NA,62,"jpn_nfi_10.txt","Japanese","Japanese","jpn",NA,NA,"written","non-fiction","prepared_speeches","Jpan",NA,"OpenSubtitles2018","https://object.pouta.csc.fi/OPUS-OpenSubtitles/v2018/raw/ja.zip","http://www.opensubtitles.org/","http://www.opensubtitles.org/ P. Lison and J. Tiedemann, 2016, OpenSubtitles2016: Extracting Large Parallel Corpora from Movie and TV Subtitles. In Proceedings of the 10th International Conference on Language Resources and Evaluation (LREC 2016)","whole",NA
13423,11563168,"いや　スイートへ連れて行け",NA,"いや　スイートへ連れて行け",NA,NA,NA,NA,NA,NA,NA,62,"jpn_nfi_98.txt","Japanese","Japanese","jpn",NA,"2016","written","non-fiction","prepared_speeches","Jpan",NA,"OpenSubtitles2018","https://object.pouta.csc.fi/OPUS-OpenSubtitles/v2018/raw/ja.zip","http://www.opensubtitles.org/","http://www.opensubtitles.org/ P. Lison and J. Tiedemann, 2016, OpenSubtitles2016: Extracting Large Parallel Corpora from Movie and TV Subtitles. In Proceedings of the 10th International Conference on Language Resources and Evaluation (LREC 2016)","whole",NA
13183,11374190,"誰かが発砲するさ",NA,"誰かが発砲するさ",NA,NA,NA,NA,NA,NA,NA,62,"jpn_nfi_763.txt","Japanese","Japanese","jpn",NA,"2013","written","non-fiction","prepared_speeches","Jpan",NA,"OpenSubtitles2018","https://object.pouta.csc.fi/OPUS-OpenSubtitles/v2018/raw/ja.zip","http://www.opensubtitles.org/","http://www.opensubtitles.org/ P. Lison and J. Tiedemann, 2016, OpenSubtitles2016: Extracting Large Parallel Corpora from Movie and TV Subtitles. In Proceedings of the 10th International Conference on Language Resources and Evaluation (LREC 2016)","whole",NA
12761,11027520,"これだ",NA,"これだ",NA,NA,NA,NA,NA,NA,NA,62,"jpn_nfi_383.txt","Japanese","Japanese","jpn",NA,"2015","written","non-fiction","prepared_speeches","Jpan",NA,"OpenSubtitles2018","https://object.pouta.csc.fi/OPUS-OpenSubtitles/v2018/raw/ja.zip","http://www.opensubtitles.org/","http://www.opensubtitles.org/ P. Lison and J. Tiedemann, 2016, OpenSubtitles2016: Extracting Large Parallel Corpora from Movie and TV Subtitles. In Proceedings of the 10th International Conference on Language Resources and Evaluation (LREC 2016)","whole",NA
13346,11498919,"貴方を信頼している。",NA,"貴方を信頼している",NA,NA,NA,NA,NA,NA,NA,62,"jpn_nfi_91.txt","Japanese","Japanese","jpn",NA,"2016","written","non-fiction","prepared_speeches","Jpan",NA,"OpenSubtitles2018","https://object.pouta.csc.fi/OPUS-OpenSubtitles/v2018/raw/ja.zip","http://www.opensubtitles.org/","http://www.opensubtitles.org/ P. Lison and J. Tiedemann, 2016, OpenSubtitles2016: Extracting Large Parallel Corpora from Movie and TV Subtitles. In Proceedings of the 10th International Conference on Language Resources and Evaluation (LREC 2016)","whole",NA
12588,10895906,"これがお前の故郷だ",NA,"これがお前の故郷だ",NA,NA,NA,NA,NA,NA,NA,62,"jpn_nfi_227.txt","Japanese","Japanese","jpn",NA,"2015","written","non-fiction","prepared_speeches","Jpan",NA,"OpenSubtitles2018","https://object.pouta.csc.fi/OPUS-OpenSubtitles/v2018/raw/ja.zip","http://www.opensubtitles.org/","http://www.opensubtitles.org/ P. Lison and J. Tiedemann, 2016, OpenSubtitles2016: Extracting Large Parallel Corpora from Movie and TV Subtitles. In Proceedings of the 10th International Conference on Language Resources and Evaluation (LREC 2016)","whole",NA
12747,11016159,"そして 他の誰も聞くことができない 必要がないからだ...",NA,"そして 他の誰も聞くことができない 必要がないからだ",NA,NA,NA,NA,NA,NA,NA,62,"jpn_nfi_370.txt","Japanese","Japanese","jpn",NA,"2015","written","non-fiction","prepared_speeches","Jpan",NA,"OpenSubtitles2018","https://object.pouta.csc.fi/OPUS-OpenSubtitles/v2018/raw/ja.zip","http://www.opensubtitles.org/","http://www.opensubtitles.org/ P. Lison and J. Tiedemann, 2016, OpenSubtitles2016: Extracting Large Parallel Corpora from Movie and TV Subtitles. In Proceedings of the 10th International Conference on Language Resources and Evaluation (LREC 2016)","whole",NA
13314,11472427,"それを 盗むだけにしないか？",NA,"それを 盗むだけにしないか",NA,NA,NA,NA,NA,NA,NA,62,"jpn_nfi_881.txt","Japanese","Japanese","jpn",NA,"2013","written","non-fiction","prepared_speeches","Jpan",NA,"OpenSubtitles2018","https://object.pouta.csc.fi/OPUS-OpenSubtitles/v2018/raw/ja.zip","http://www.opensubtitles.org/","http://www.opensubtitles.org/ P. Lison and J. Tiedemann, 2016, OpenSubtitles2016: Extracting Large Parallel Corpora from Movie and TV Subtitles. In Proceedings of the 10th International Conference on Language Resources and Evaluation (LREC 2016)","whole",NA
13003,11230808,"彼らは狡猾で好戦的な民族だ",NA,"彼らは狡猾で好戦的な民族だ",NA,NA,NA,NA,NA,NA,NA,62,"jpn_nfi_600.txt","Japanese","Japanese","jpn",NA,"2014","written","non-fiction","prepared_speeches","Jpan",NA,"OpenSubtitles2018","https://object.pouta.csc.fi/OPUS-OpenSubtitles/v2018/raw/ja.zip","http://www.opensubtitles.org/","http://www.opensubtitles.org/ P. Lison and J. Tiedemann, 2016, OpenSubtitles2016: Extracting Large Parallel Corpora from Movie and TV Subtitles. In Proceedings of the 10th International Conference on Language Resources and Evaluation (LREC 2016)","whole",NA
12799,11061087,"うっそー [アバ　グレイテストヒット]",NA,"うっそー アバ　グレイテストヒット",NA,NA,NA,NA,NA,NA,NA,62,"jpn_nfi_417.txt","Japanese","Japanese","jpn",NA,"2015","written","non-fiction","prepared_speeches","Jpan",NA,"OpenSubtitles2018","https://object.pouta.csc.fi/OPUS-OpenSubtitles/v2018/raw/ja.zip","http://www.opensubtitles.org/","http://www.opensubtitles.org/ P. Lison and J. Tiedemann, 2016, OpenSubtitles2016: Extracting Large Parallel Corpora from Movie and TV Subtitles. In Proceedings of the 10th International Conference on Language Resources and Evaluation (LREC 2016)","whole",NA
12425,10762407,"それで...",NA,"それで",NA,NA,NA,NA,NA,NA,NA,62,"jpn_nfi_1018.txt","Japanese","Japanese","jpn",NA,"2012","written","non-fiction","prepared_speeches","Jpan",NA,"OpenSubtitles2018","https://object.pouta.csc.fi/OPUS-OpenSubtitles/v2018/raw/ja.zip","http://www.opensubtitles.org/","http://www.opensubtitles.org/ P. Lison and J. Tiedemann, 2016, OpenSubtitles2016: Extracting Large Parallel Corpora from Movie and TV Subtitles. In Proceedings of the 10th International Conference on Language Resources and Evaluation (LREC 2016)","whole",NA
12550,10865565,"あなたたちはただ発展と資本の中で 生きているのではない",NA,"あなたたちはただ発展と資本の中で 生きているのではない",NA,NA,NA,NA,NA,NA,NA,62,"jpn_nfi_193.txt","Japanese","Japanese","jpn",NA,"2016","written","non-fiction","prepared_speeches","Jpan",NA,"OpenSubtitles2018","https://object.pouta.csc.fi/OPUS-OpenSubtitles/v2018/raw/ja.zip","http://www.opensubtitles.org/","http://www.opensubtitles.org/ P. Lison and J. Tiedemann, 2016, OpenSubtitles2016: Extracting Large Parallel Corpora from Movie and TV Subtitles. In Proceedings of the 10th International Conference on Language Resources and Evaluation (LREC 2016)","whole",NA
12479,10806442,"卒業のこととかって 考えんの？",NA,"卒業のこととかって 考えんの",NA,NA,NA,NA,NA,NA,NA,62,"jpn_nfi_129.txt","Japanese","Japanese","jpn",NA,"2016","written","non-fiction","prepared_speeches","Jpan",NA,"OpenSubtitles2018","https://object.pouta.csc.fi/OPUS-OpenSubtitles/v2018/raw/ja.zip","http://www.opensubtitles.org/","http://www.opensubtitles.org/ P. Lison and J. Tiedemann, 2016, OpenSubtitles2016: Extracting Large Parallel Corpora from Movie and TV Subtitles. In Proceedings of the 10th International Conference on Language Resources and Evaluation (LREC 2016)","whole",NA
13253,11431019,"それで分かる",NA,"それで分かる",NA,NA,NA,NA,NA,NA,NA,62,"jpn_nfi_826.txt","Japanese","Japanese","jpn",NA,"2013","written","non-fiction","prepared_speeches","Jpan",NA,"OpenSubtitles2018","https://object.pouta.csc.fi/OPUS-OpenSubtitles/v2018/raw/ja.zip","http://www.opensubtitles.org/","http://www.opensubtitles.org/ P. Lison and J. Tiedemann, 2016, OpenSubtitles2016: Extracting Large Parallel Corpora from Movie and TV Subtitles. In Proceedings of the 10th International Conference on Language Resources and Evaluation (LREC 2016)","whole",NA
12538,10856345,"And the fakers gonna fake, 嘘つき達はウソをつき続けるし",NA,"嘘つき達はウソをつき続けるし",NA,NA,NA,NA,NA,NA,NA,62,"jpn_nfi_182.txt","Japanese","Japanese","jpn",NA,"2016","written","non-fiction","prepared_speeches","Jpan",NA,"OpenSubtitles2018","https://object.pouta.csc.fi/OPUS-OpenSubtitles/v2018/raw/ja.zip","http://www.opensubtitles.org/","http://www.opensubtitles.org/ P. Lison and J. Tiedemann, 2016, OpenSubtitles2016: Extracting Large Parallel Corpora from Movie and TV Subtitles. In Proceedings of the 10th International Conference on Language Resources and Evaluation (LREC 2016)","whole",NA
13027,11251125,"キーを挿した",NA,"キーを挿した",NA,NA,NA,NA,NA,NA,NA,62,"jpn_nfi_622.txt","Japanese","Japanese","jpn",NA,"2014","written","non-fiction","prepared_speeches","Jpan",NA,"OpenSubtitles2018","https://object.pouta.csc.fi/OPUS-OpenSubtitles/v2018/raw/ja.zip","http://www.opensubtitles.org/","http://www.opensubtitles.org/ P. Lison and J. Tiedemann, 2016, OpenSubtitles2016: Extracting Large Parallel Corpora from Movie and TV Subtitles. In Proceedings of the 10th International Conference on Language Resources and Evaluation (LREC 2016)","whole",NA
12920,11162781,"葬式に参列し、",NA,"葬式に参列し",NA,NA,NA,NA,NA,NA,NA,62,"jpn_nfi_526.txt","Japanese","Japanese","jpn",NA,"2014","written","non-fiction","prepared_speeches","Jpan",NA,"OpenSubtitles2018","https://object.pouta.csc.fi/OPUS-OpenSubtitles/v2018/raw/ja.zip","http://www.opensubtitles.org/","http://www.opensubtitles.org/ P. Lison and J. Tiedemann, 2016, OpenSubtitles2016: Extracting Large Parallel Corpora from Movie and TV Subtitles. In Proceedings of the 10th International Conference on Language Resources and Evaluation (LREC 2016)","whole",NA
12517,10837244,"手で投げればいいのに変な奴だなぁ",NA,"手で投げればいいのに変な奴だなぁ",NA,NA,NA,NA,NA,NA,NA,62,"jpn_nfi_163.txt","Japanese","Japanese","jpn",NA,"2016","written","non-fiction","prepared_speeches","Jpan",NA,"OpenSubtitles2018","https://object.pouta.csc.fi/OPUS-OpenSubtitles/v2018/raw/ja.zip","http://www.opensubtitles.org/","http://www.opensubtitles.org/ P. Lison and J. Tiedemann, 2016, OpenSubtitles2016: Extracting Large Parallel Corpora from Movie and TV Subtitles. In Proceedings of the 10th International Conference on Language Resources and Evaluation (LREC 2016)","whole",NA
12694,10972021,"まあ それが幻覚の強度を増したんでしょう",NA,"まあ それが幻覚の強度を増したんでしょう",NA,NA,NA,NA,NA,NA,NA,62,"jpn_nfi_322.txt","Japanese","Japanese","jpn",NA,"2015","written","non-fiction","prepared_speeches","Jpan",NA,"OpenSubtitles2018","https://object.pouta.csc.fi/OPUS-OpenSubtitles/v2018/raw/ja.zip","http://www.opensubtitles.org/","http://www.opensubtitles.org/ P. Lison and J. Tiedemann, 2016, OpenSubtitles2016: Extracting Large Parallel Corpora from Movie and TV Subtitles. In Proceedings of the 10th International Conference on Language Resources and Evaluation (LREC 2016)","whole",NA
13279,11448869,"安全な君だ",NA,"安全な君だ",NA,NA,NA,NA,NA,NA,NA,62,"jpn_nfi_85.txt","Japanese","Japanese","jpn",NA,"2016","written","non-fiction","prepared_speeches","Jpan",NA,"OpenSubtitles2018","https://object.pouta.csc.fi/OPUS-OpenSubtitles/v2018/raw/ja.zip","http://www.opensubtitles.org/","http://www.opensubtitles.org/ P. Lison and J. Tiedemann, 2016, OpenSubtitles2016: Extracting Large Parallel Corpora from Movie and TV Subtitles. In Proceedings of the 10th International Conference on Language Resources and Evaluation (LREC 2016)","whole",NA
13427,11565868,"また 誰かとやり合うのか",NA,"また 誰かとやり合うのか",NA,NA,NA,NA,NA,NA,NA,62,"jpn_nfi_983.txt","Japanese","Japanese","jpn",NA,"2013","written","non-fiction","prepared_speeches","Jpan",NA,"OpenSubtitles2018","https://object.pouta.csc.fi/OPUS-OpenSubtitles/v2018/raw/ja.zip","http://www.opensubtitles.org/","http://www.opensubtitles.org/ P. Lison and J. Tiedemann, 2016, OpenSubtitles2016: Extracting Large Parallel Corpora from Movie and TV Subtitles. In Proceedings of the 10th International Conference on Language Resources and Evaluation (LREC 2016)","whole",NA
13295,11460405,"元気だ",NA,"元気だ",NA,NA,NA,NA,NA,NA,NA,62,"jpn_nfi_864.txt","Japanese","Japanese","jpn",NA,"2013","written","non-fiction","prepared_speeches","Jpan",NA,"OpenSubtitles2018","https://object.pouta.csc.fi/OPUS-OpenSubtitles/v2018/raw/ja.zip","http://www.opensubtitles.org/","http://www.opensubtitles.org/ P. Lison and J. Tiedemann, 2016, OpenSubtitles2016: Extracting Large Parallel Corpora from Movie and TV Subtitles. In Proceedings of the 10th International Conference on Language Resources and Evaluation (LREC 2016)","whole",NA
13080,11290417,"トレイシー・ブッカー　8歳",NA,"トレイシーブッカー　歳",NA,NA,NA,NA,NA,NA,NA,62,"jpn_nfi_670.txt","Japanese","Japanese","jpn",NA,"2014","written","non-fiction","prepared_speeches","Jpan",NA,"OpenSubtitles2018","https://object.pouta.csc.fi/OPUS-OpenSubtitles/v2018/raw/ja.zip","http://www.opensubtitles.org/","http://www.opensubtitles.org/ P. Lison and J. Tiedemann, 2016, OpenSubtitles2016: Extracting Large Parallel Corpora from Movie and TV Subtitles. In Proceedings of the 10th International Conference on Language Resources and Evaluation (LREC 2016)","whole",NA
13339,11494244,"力は次第に弱くなります。",NA,"力は次第に弱くなります",NA,NA,NA,NA,NA,NA,NA,62,"jpn_nfi_903.txt","Japanese","Japanese","jpn",NA,"2013","written","non-fiction","prepared_speeches","Jpan",NA,"OpenSubtitles2018","https://object.pouta.csc.fi/OPUS-OpenSubtitles/v2018/raw/ja.zip","http://www.opensubtitles.org/","http://www.opensubtitles.org/ P. Lison and J. Tiedemann, 2016, OpenSubtitles2016: Extracting Large Parallel Corpora from Movie and TV Subtitles. In Proceedings of the 10th International Conference on Language Resources and Evaluation (LREC 2016)","whole",NA
13169,11358316,"検視官に言っとくよ",NA,"検視官に言っとくよ",NA,NA,NA,NA,NA,NA,NA,62,"jpn_nfi_750.txt","Japanese","Japanese","jpn",NA,"2013","written","non-fiction","prepared_speeches","Jpan",NA,"OpenSubtitles2018","https://object.pouta.csc.fi/OPUS-OpenSubtitles/v2018/raw/ja.zip","http://www.opensubtitles.org/","http://www.opensubtitles.org/ P. Lison and J. Tiedemann, 2016, OpenSubtitles2016: Extracting Large Parallel Corpora from Movie and TV Subtitles. In Proceedings of the 10th International Conference on Language Resources and Evaluation (LREC 2016)","whole",NA
12961,11196341,"そうね。",NA,"そうね",NA,NA,NA,NA,NA,NA,NA,62,"jpn_nfi_563.txt","Japanese","Japanese","jpn",NA,"2014","written","non-fiction","prepared_speeches","Jpan",NA,"OpenSubtitles2018","https://object.pouta.csc.fi/OPUS-OpenSubtitles/v2018/raw/ja.zip","http://www.opensubtitles.org/","http://www.opensubtitles.org/ P. Lison and J. Tiedemann, 2016, OpenSubtitles2016: Extracting Large Parallel Corpora from Movie and TV Subtitles. In Proceedings of the 10th International Conference on Language Resources and Evaluation (LREC 2016)","whole",NA
12488,10814340,"だめよ",NA,"だめよ",NA,NA,NA,NA,NA,NA,NA,62,"jpn_nfi_137.txt","Japanese","Japanese","jpn",NA,"2016","written","non-fiction","prepared_speeches","Jpan",NA,"OpenSubtitles2018","https://object.pouta.csc.fi/OPUS-OpenSubtitles/v2018/raw/ja.zip","http://www.opensubtitles.org/","http://www.opensubtitles.org/ P. Lison and J. Tiedemann, 2016, OpenSubtitles2016: Extracting Large Parallel Corpora from Movie and TV Subtitles. In Proceedings of the 10th International Conference on Language Resources and Evaluation (LREC 2016)","whole",NA
13103,11308961,"マーティ！ ジェイコブ！ 何だ？",NA,"マーティ ジェイコブ 何だ",NA,NA,NA,NA,NA,NA,NA,62,"jpn_nfi_691.txt","Japanese","Japanese","jpn",NA,"2014","written","non-fiction","prepared_speeches","Jpan",NA,"OpenSubtitles2018","https://object.pouta.csc.fi/OPUS-OpenSubtitles/v2018/raw/ja.zip","http://www.opensubtitles.org/","http://www.opensubtitles.org/ P. Lison and J. Tiedemann, 2016, OpenSubtitles2016: Extracting Large Parallel Corpora from Movie and TV Subtitles. In Proceedings of the 10th International Conference on Language Resources and Evaluation (LREC 2016)","whole",NA
12699,10977622,"""バルジャー 1975年からFBI密告者""",NA,"バルジャー 年から密告者",NA,NA,NA,NA,NA,NA,NA,62,"jpn_nfi_327.txt","Japanese","Japanese","jpn",NA,"2015","written","non-fiction","prepared_speeches","Jpan",NA,"OpenSubtitles2018","https://object.pouta.csc.fi/OPUS-OpenSubtitles/v2018/raw/ja.zip","http://www.opensubtitles.org/","http://www.opensubtitles.org/ P. Lison and J. Tiedemann, 2016, OpenSubtitles2016: Extracting Large Parallel Corpora from Movie and TV Subtitles. In Proceedings of the 10th International Conference on Language Resources and Evaluation (LREC 2016)","whole",NA
12795,11055348,"テストの為に採血させて",NA,"テストの為に採血させて",NA,NA,NA,NA,NA,NA,NA,62,"jpn_nfi_413.txt","Japanese","Japanese","jpn",NA,"2015","written","non-fiction","prepared_speeches","Jpan",NA,"OpenSubtitles2018","https://object.pouta.csc.fi/OPUS-OpenSubtitles/v2018/raw/ja.zip","http://www.opensubtitles.org/","http://www.opensubtitles.org/ P. Lison and J. Tiedemann, 2016, OpenSubtitles2016: Extracting Large Parallel Corpora from Movie and TV Subtitles. In Proceedings of the 10th International Conference on Language Resources and Evaluation (LREC 2016)","whole",NA
12800,11062679,"そうだ",NA,"そうだ",NA,NA,NA,NA,NA,NA,NA,62,"jpn_nfi_418.txt","Japanese","Japanese","jpn",NA,"2015","written","non-fiction","prepared_speeches","Jpan",NA,"OpenSubtitles2018","https://object.pouta.csc.fi/OPUS-OpenSubtitles/v2018/raw/ja.zip","http://www.opensubtitles.org/","http://www.opensubtitles.org/ P. Lison and J. Tiedemann, 2016, OpenSubtitles2016: Extracting Large Parallel Corpora from Movie and TV Subtitles. In Proceedings of the 10th International Conference on Language Resources and Evaluation (LREC 2016)","whole",NA
14279,12386242,"죽도록 사랑했는데",NA,"죽도록 사랑했는데",NA,NA,NA,NA,NA,NA,NA,71,"kor_nfi_843.txt","Korean","Korean","kor",NA,"2010","written","non-fiction","prepared_speeches","Kore",NA,"OpenSubtitles2018","https://object.pouta.csc.fi/OPUS-OpenSubtitles/v2018/raw/ko.zip","http://www.opensubtitles.org/","http://www.opensubtitles.org/ P. Lison and J. Tiedemann, 2016, OpenSubtitles2016: Extracting Large Parallel Corpora from Movie and TV Subtitles. In Proceedings of the 10th International Conference on Language Resources and Evaluation (LREC 2016)","whole",NA
13984,12101440,"우리가 아니니까 미운거야",NA,"우리가 아니니까 미운거야",NA,NA,NA,NA,NA,NA,NA,71,"kor_nfi_578.txt","Korean","Korean","kor",NA,"2014","written","non-fiction","prepared_speeches","Kore",NA,"OpenSubtitles2018","https://object.pouta.csc.fi/OPUS-OpenSubtitles/v2018/raw/ko.zip","http://www.opensubtitles.org/","http://www.opensubtitles.org/ P. Lison and J. Tiedemann, 2016, OpenSubtitles2016: Extracting Large Parallel Corpora from Movie and TV Subtitles. In Proceedings of the 10th International Conference on Language Resources and Evaluation (LREC 2016)","whole",NA
14096,12222774,"네, 그럼요",NA,"네 그럼요",NA,NA,NA,NA,NA,NA,NA,71,"kor_nfi_679.txt","Korean","Korean","kor",NA,"2014","written","non-fiction","prepared_speeches","Kore",NA,"OpenSubtitles2018","https://object.pouta.csc.fi/OPUS-OpenSubtitles/v2018/raw/ko.zip","http://www.opensubtitles.org/","http://www.opensubtitles.org/ P. Lison and J. Tiedemann, 2016, OpenSubtitles2016: Extracting Large Parallel Corpora from Movie and TV Subtitles. In Proceedings of the 10th International Conference on Language Resources and Evaluation (LREC 2016)","whole",NA
13526,11698008,"섬을 꽤나 신중하게 방어했었군요",NA,"섬을 꽤나 신중하게 방어했었군요",NA,NA,NA,NA,NA,NA,NA,71,"kor_nfi_165.txt","Korean","Korean","kor",NA,"2016","written","non-fiction","prepared_speeches","Kore",NA,"OpenSubtitles2018","https://object.pouta.csc.fi/OPUS-OpenSubtitles/v2018/raw/ko.zip","http://www.opensubtitles.org/","http://www.opensubtitles.org/ P. Lison and J. Tiedemann, 2016, OpenSubtitles2016: Extracting Large Parallel Corpora from Movie and TV Subtitles. In Proceedings of the 10th International Conference on Language Resources and Evaluation (LREC 2016)","whole",NA
13996,12117792,"And one day, you're going to come back to this barn, 그날...",NA,"그날",NA,NA,NA,NA,NA,NA,NA,71,"kor_nfi_589.txt","Korean","Korean","kor",NA,"2014","written","non-fiction","prepared_speeches","Kore",NA,"OpenSubtitles2018","https://object.pouta.csc.fi/OPUS-OpenSubtitles/v2018/raw/ko.zip","http://www.opensubtitles.org/","http://www.opensubtitles.org/ P. Lison and J. Tiedemann, 2016, OpenSubtitles2016: Extracting Large Parallel Corpora from Movie and TV Subtitles. In Proceedings of the 10th International Conference on Language Resources and Evaluation (LREC 2016)","whole",NA
13615,11775017,"누구야?",NA,"누구야",NA,NA,NA,NA,NA,NA,NA,71,"kor_nfi_245.txt","Korean","Korean","kor",NA,"2016","written","non-fiction","prepared_speeches","Kore",NA,"OpenSubtitles2018","https://object.pouta.csc.fi/OPUS-OpenSubtitles/v2018/raw/ko.zip","http://www.opensubtitles.org/","http://www.opensubtitles.org/ P. Lison and J. Tiedemann, 2016, OpenSubtitles2016: Extracting Large Parallel Corpora from Movie and TV Subtitles. In Proceedings of the 10th International Conference on Language Resources and Evaluation (LREC 2016)","whole",NA
13869,11992389,"잠입, 변장의 귀재 같던데요",NA,"잠입 변장의 귀재 같던데요",NA,NA,NA,NA,NA,NA,NA,71,"kor_nfi_474.txt","Korean","Korean","kor",NA,"2015","written","non-fiction","prepared_speeches","Kore",NA,"OpenSubtitles2018","https://object.pouta.csc.fi/OPUS-OpenSubtitles/v2018/raw/ko.zip","http://www.opensubtitles.org/","http://www.opensubtitles.org/ P. Lison and J. Tiedemann, 2016, OpenSubtitles2016: Extracting Large Parallel Corpora from Movie and TV Subtitles. In Proceedings of the 10th International Conference on Language Resources and Evaluation (LREC 2016)","whole",NA
13907,12027693,"네, 괜찮아요",NA,"네 괜찮아요",NA,NA,NA,NA,NA,NA,NA,71,"kor_nfi_508.txt","Korean","Korean","kor",NA,"2015","written","non-fiction","prepared_speeches","Kore",NA,"OpenSubtitles2018","https://object.pouta.csc.fi/OPUS-OpenSubtitles/v2018/raw/ko.zip","http://www.opensubtitles.org/","http://www.opensubtitles.org/ P. Lison and J. Tiedemann, 2016, OpenSubtitles2016: Extracting Large Parallel Corpora from Movie and TV Subtitles. In Proceedings of the 10th International Conference on Language Resources and Evaluation (LREC 2016)","whole",NA
14181,12302079,"일가족 살인 사건과 직접적으로 연결됐으니까요.",NA,"일가족 살인 사건과 직접적으로 연결됐으니까요",NA,NA,NA,NA,NA,NA,NA,71,"kor_nfi_755.txt","Korean","Korean","kor",NA,"2012","written","non-fiction","prepared_speeches","Kore",NA,"OpenSubtitles2018","https://object.pouta.csc.fi/OPUS-OpenSubtitles/v2018/raw/ko.zip","http://www.opensubtitles.org/","http://www.opensubtitles.org/ P. Lison and J. Tiedemann, 2016, OpenSubtitles2016: Extracting Large Parallel Corpora from Movie and TV Subtitles. In Proceedings of the 10th International Conference on Language Resources and Evaluation (LREC 2016)","whole",NA
14289,12392625,"그가 왜 그랬을까요?",NA,"그가 왜 그랬을까요",NA,NA,NA,NA,NA,NA,NA,71,"kor_nfi_852.txt","Korean","Korean","kor",NA,"2010","written","non-fiction","prepared_speeches","Kore",NA,"OpenSubtitles2018","https://object.pouta.csc.fi/OPUS-OpenSubtitles/v2018/raw/ko.zip","http://www.opensubtitles.org/","http://www.opensubtitles.org/ P. Lison and J. Tiedemann, 2016, OpenSubtitles2016: Extracting Large Parallel Corpora from Movie and TV Subtitles. In Proceedings of the 10th International Conference on Language Resources and Evaluation (LREC 2016)","whole",NA
13472,11653201,"고유의 동위원소 신호를 찾아내서",NA,"고유의 동위원소 신호를 찾아내서",NA,NA,NA,NA,NA,NA,NA,71,"kor_nfi_116.txt","Korean","Korean","kor",NA,"2016","written","non-fiction","prepared_speeches","Kore",NA,"OpenSubtitles2018","https://object.pouta.csc.fi/OPUS-OpenSubtitles/v2018/raw/ko.zip","http://www.opensubtitles.org/","http://www.opensubtitles.org/ P. Lison and J. Tiedemann, 2016, OpenSubtitles2016: Extracting Large Parallel Corpora from Movie and TV Subtitles. In Proceedings of the 10th International Conference on Language Resources and Evaluation (LREC 2016)","whole",NA
13757,11897120,"절름발이 내 동생과 잠자리할 생각있어?",NA,"절름발이 내 동생과 잠자리할 생각있어",NA,NA,NA,NA,NA,NA,NA,71,"kor_nfi_373.txt","Korean","Korean","kor",NA,"2016","written","non-fiction","prepared_speeches","Kore",NA,"OpenSubtitles2018","https://object.pouta.csc.fi/OPUS-OpenSubtitles/v2018/raw/ko.zip","http://www.opensubtitles.org/","http://www.opensubtitles.org/ P. Lison and J. Tiedemann, 2016, OpenSubtitles2016: Extracting Large Parallel Corpora from Movie and TV Subtitles. In Proceedings of the 10th International Conference on Language Resources and Evaluation (LREC 2016)","whole",NA
13663,11816846,"대체 뭐였어요?",NA,"대체 뭐였어요",NA,NA,NA,NA,NA,NA,NA,71,"kor_nfi_289.txt","Korean","Korean","kor",NA,"2016","written","non-fiction","prepared_speeches","Kore",NA,"OpenSubtitles2018","https://object.pouta.csc.fi/OPUS-OpenSubtitles/v2018/raw/ko.zip","http://www.opensubtitles.org/","http://www.opensubtitles.org/ P. Lison and J. Tiedemann, 2016, OpenSubtitles2016: Extracting Large Parallel Corpora from Movie and TV Subtitles. In Proceedings of the 10th International Conference on Language Resources and Evaluation (LREC 2016)","whole",NA
13594,11755393,"- 저기 더 있죠?",NA,"저기 더 있죠",NA,NA,NA,NA,NA,NA,NA,71,"kor_nfi_226.txt","Korean","Korean","kor",NA,"2016","written","non-fiction","prepared_speeches","Kore",NA,"OpenSubtitles2018","https://object.pouta.csc.fi/OPUS-OpenSubtitles/v2018/raw/ko.zip","http://www.opensubtitles.org/","http://www.opensubtitles.org/ P. Lison and J. Tiedemann, 2016, OpenSubtitles2016: Extracting Large Parallel Corpora from Movie and TV Subtitles. In Proceedings of the 10th International Conference on Language Resources and Evaluation (LREC 2016)","whole",NA
14003,12124536,"그래서 너한테 투표안했던거야",NA,"그래서 너한테 투표안했던거야",NA,NA,NA,NA,NA,NA,NA,71,"kor_nfi_595.txt","Korean","Korean","kor",NA,"2014","written","non-fiction","prepared_speeches","Kore",NA,"OpenSubtitles2018","https://object.pouta.csc.fi/OPUS-OpenSubtitles/v2018/raw/ko.zip","http://www.opensubtitles.org/","http://www.opensubtitles.org/ P. Lison and J. Tiedemann, 2016, OpenSubtitles2016: Extracting Large Parallel Corpora from Movie and TV Subtitles. In Proceedings of the 10th International Conference on Language Resources and Evaluation (LREC 2016)","whole",NA
13453,11627480,"26020029	이에 내가 그들에게 이르기를 너희가 다니는 산당이 무엇이냐 하였노라 ( 그것을 오늘날까지 바마라 일컫느니라 )","26020029","이에 내가 그들에게 이르기를 너희가 다니는 산당이 무엇이냐 하였노라  그것을 오늘날까지 바마라 일컫느니라",NA,NA,NA,NA,NA,NA,NA,71,"kor_nfi_1.txt","Korean","Korean","kor",NA,"1995","written","non-fiction","religion","Hang",NA,"The Bible in Korean: Revised Version (KRV). Text of the Parallel Bible Corpus: Mayer, Thomas & Michael Cysouw. 2014. Creating a Massively Parallel Bible Corpus. Proceedings of the International Conference on Language Resources and Evaluation (LREC), Reykjavik, 3158-3163.","http://unbound.biola.edu/index.cfm?method=downloads.showDownloadMain",NA,NA,"whole","The first two digits of the identifier refer to the book, the next three digits to the chapter, and the last three digits to the verse. See Mayer & Cysouw (2014) for a list of book identifiers. This bible is incomplete: some of the missing verses might be available at https://www.wordproject.org/bibles/kr/index.htm."
13826,11953541,"무슨 짓 했죠?",NA,"무슨 짓 했죠",NA,NA,NA,NA,NA,NA,NA,71,"kor_nfi_435.txt","Korean","Korean","kor",NA,"2015","written","non-fiction","prepared_speeches","Kore",NA,"OpenSubtitles2018","https://object.pouta.csc.fi/OPUS-OpenSubtitles/v2018/raw/ko.zip","http://www.opensubtitles.org/","http://www.opensubtitles.org/ P. Lison and J. Tiedemann, 2016, OpenSubtitles2016: Extracting Large Parallel Corpora from Movie and TV Subtitles. In Proceedings of the 10th International Conference on Language Resources and Evaluation (LREC 2016)","whole",NA
14089,12217443,"당신은 무엇을 했는가?",NA,"당신은 무엇을 했는가",NA,NA,NA,NA,NA,NA,NA,71,"kor_nfi_672.txt","Korean","Korean","kor",NA,"2014","written","non-fiction","prepared_speeches","Kore",NA,"OpenSubtitles2018","https://object.pouta.csc.fi/OPUS-OpenSubtitles/v2018/raw/ko.zip","http://www.opensubtitles.org/","http://www.opensubtitles.org/ P. Lison and J. Tiedemann, 2016, OpenSubtitles2016: Extracting Large Parallel Corpora from Movie and TV Subtitles. In Proceedings of the 10th International Conference on Language Resources and Evaluation (LREC 2016)","whole",NA
14013,12134476,"알겠어요 제가 바로 여기서 같이 있어드리면 괜찮겠어요?",NA,"알겠어요 제가 바로 여기서 같이 있어드리면 괜찮겠어요",NA,NA,NA,NA,NA,NA,NA,71,"kor_nfi_603.txt","Korean","Korean","kor",NA,"2014","written","non-fiction","prepared_speeches","Kore",NA,"OpenSubtitles2018","https://object.pouta.csc.fi/OPUS-OpenSubtitles/v2018/raw/ko.zip","http://www.opensubtitles.org/","http://www.opensubtitles.org/ P. Lison and J. Tiedemann, 2016, OpenSubtitles2016: Extracting Large Parallel Corpora from Movie and TV Subtitles. In Proceedings of the 10th International Conference on Language Resources and Evaluation (LREC 2016)","whole",NA
13715,11861895,"진정해!",NA,"진정해",NA,NA,NA,NA,NA,NA,NA,71,"kor_nfi_335.txt","Korean","Korean","kor",NA,"2016","written","non-fiction","prepared_speeches","Kore",NA,"OpenSubtitles2018","https://object.pouta.csc.fi/OPUS-OpenSubtitles/v2018/raw/ko.zip","http://www.opensubtitles.org/","http://www.opensubtitles.org/ P. Lison and J. Tiedemann, 2016, OpenSubtitles2016: Extracting Large Parallel Corpora from Movie and TV Subtitles. In Proceedings of the 10th International Conference on Language Resources and Evaluation (LREC 2016)","whole",NA
14130,12253431,"호출 받았는데요",NA,"호출 받았는데요",NA,NA,NA,NA,NA,NA,NA,71,"kor_nfi_709.txt","Korean","Korean","kor",NA,"2013","written","non-fiction","prepared_speeches","Kore",NA,"OpenSubtitles2018","https://object.pouta.csc.fi/OPUS-OpenSubtitles/v2018/raw/ko.zip","http://www.opensubtitles.org/","http://www.opensubtitles.org/ P. Lison and J. Tiedemann, 2016, OpenSubtitles2016: Extracting Large Parallel Corpora from Movie and TV Subtitles. In Proceedings of the 10th International Conference on Language Resources and Evaluation (LREC 2016)","whole",NA
13744,11887591,"무슨 일이야?",NA,"무슨 일이야",NA,NA,NA,NA,NA,NA,NA,71,"kor_nfi_361.txt","Korean","Korean","kor",NA,"2016","written","non-fiction","prepared_speeches","Kore",NA,"OpenSubtitles2018","https://object.pouta.csc.fi/OPUS-OpenSubtitles/v2018/raw/ko.zip","http://www.opensubtitles.org/","http://www.opensubtitles.org/ P. Lison and J. Tiedemann, 2016, OpenSubtitles2016: Extracting Large Parallel Corpora from Movie and TV Subtitles. In Proceedings of the 10th International Conference on Language Resources and Evaluation (LREC 2016)","whole",NA
13575,11739308,"힘과 어떤 능력이 떨어져요",NA,"힘과 어떤 능력이 떨어져요",NA,NA,NA,NA,NA,NA,NA,71,"kor_nfi_209.txt","Korean","Korean","kor",NA,"2016","written","non-fiction","prepared_speeches","Kore",NA,"OpenSubtitles2018","https://object.pouta.csc.fi/OPUS-OpenSubtitles/v2018/raw/ko.zip","http://www.opensubtitles.org/","http://www.opensubtitles.org/ P. Lison and J. Tiedemann, 2016, OpenSubtitles2016: Extracting Large Parallel Corpora from Movie and TV Subtitles. In Proceedings of the 10th International Conference on Language Resources and Evaluation (LREC 2016)","whole",NA
14114,12239312,"- 두 분 진짜 사랑하시냐구요",NA,"두 분 진짜 사랑하시냐구요",NA,NA,NA,NA,NA,NA,NA,71,"kor_nfi_695.txt","Korean","Korean","kor",NA,"2013","written","non-fiction","prepared_speeches","Kore",NA,"OpenSubtitles2018","https://object.pouta.csc.fi/OPUS-OpenSubtitles/v2018/raw/ko.zip","http://www.opensubtitles.org/","http://www.opensubtitles.org/ P. Lison and J. Tiedemann, 2016, OpenSubtitles2016: Extracting Large Parallel Corpora from Movie and TV Subtitles. In Proceedings of the 10th International Conference on Language Resources and Evaluation (LREC 2016)","whole",NA
14275,12382197,"그리고 자네는 월레건에게 그 즉시 가져다주면 되네.",NA,"그리고 자네는 월레건에게 그 즉시 가져다주면 되네",NA,NA,NA,NA,NA,NA,NA,71,"kor_nfi_84.txt","Korean","Korean","kor",NA,"2016","written","non-fiction","prepared_speeches","Kore",NA,"OpenSubtitles2018","https://object.pouta.csc.fi/OPUS-OpenSubtitles/v2018/raw/ko.zip","http://www.opensubtitles.org/","http://www.opensubtitles.org/ P. Lison and J. Tiedemann, 2016, OpenSubtitles2016: Extracting Large Parallel Corpora from Movie and TV Subtitles. In Proceedings of the 10th International Conference on Language Resources and Evaluation (LREC 2016)","whole",NA
14161,12283249,"사고였어요.",NA,"사고였어요",NA,NA,NA,NA,NA,NA,NA,71,"kor_nfi_737.txt","Korean","Korean","kor",NA,"2013","written","non-fiction","prepared_speeches","Kore",NA,"OpenSubtitles2018","https://object.pouta.csc.fi/OPUS-OpenSubtitles/v2018/raw/ko.zip","http://www.opensubtitles.org/","http://www.opensubtitles.org/ P. Lison and J. Tiedemann, 2016, OpenSubtitles2016: Extracting Large Parallel Corpora from Movie and TV Subtitles. In Proceedings of the 10th International Conference on Language Resources and Evaluation (LREC 2016)","whole",NA
13532,11701160,"잘 주무셨어요?",NA,"잘 주무셨어요",NA,NA,NA,NA,NA,NA,NA,71,"kor_nfi_170.txt","Korean","Korean","kor",NA,"2016","written","non-fiction","prepared_speeches","Kore",NA,"OpenSubtitles2018","https://object.pouta.csc.fi/OPUS-OpenSubtitles/v2018/raw/ko.zip","http://www.opensubtitles.org/","http://www.opensubtitles.org/ P. Lison and J. Tiedemann, 2016, OpenSubtitles2016: Extracting Large Parallel Corpora from Movie and TV Subtitles. In Proceedings of the 10th International Conference on Language Resources and Evaluation (LREC 2016)","whole",NA
13930,12047444,"벤은 안에 있어요",NA,"벤은 안에 있어요",NA,NA,NA,NA,NA,NA,NA,71,"kor_nfi_529.txt","Korean","Korean","kor",NA,"2015","written","non-fiction","prepared_speeches","Kore",NA,"OpenSubtitles2018","https://object.pouta.csc.fi/OPUS-OpenSubtitles/v2018/raw/ko.zip","http://www.opensubtitles.org/","http://www.opensubtitles.org/ P. Lison and J. Tiedemann, 2016, OpenSubtitles2016: Extracting Large Parallel Corpora from Movie and TV Subtitles. In Proceedings of the 10th International Conference on Language Resources and Evaluation (LREC 2016)","whole",NA
13829,11955170,"그들은 당신이 도망가게 놔두지 않을 겁니다",NA,"그들은 당신이 도망가게 놔두지 않을 겁니다",NA,NA,NA,NA,NA,NA,NA,71,"kor_nfi_438.txt","Korean","Korean","kor",NA,"2015","written","non-fiction","prepared_speeches","Kore",NA,"OpenSubtitles2018","https://object.pouta.csc.fi/OPUS-OpenSubtitles/v2018/raw/ko.zip","http://www.opensubtitles.org/","http://www.opensubtitles.org/ P. Lison and J. Tiedemann, 2016, OpenSubtitles2016: Extracting Large Parallel Corpora from Movie and TV Subtitles. In Proceedings of the 10th International Conference on Language Resources and Evaluation (LREC 2016)","whole",NA
13453,11631283,"41013010	또 복음이 먼저 만국에 전파되어야 할 것이니라","41013010","또 복음이 먼저 만국에 전파되어야 할 것이니라",NA,NA,NA,NA,NA,NA,NA,71,"kor_nfi_1.txt","Korean","Korean","kor",NA,"1995","written","non-fiction","religion","Hang",NA,"The Bible in Korean: Revised Version (KRV). Text of the Parallel Bible Corpus: Mayer, Thomas & Michael Cysouw. 2014. Creating a Massively Parallel Bible Corpus. Proceedings of the International Conference on Language Resources and Evaluation (LREC), Reykjavik, 3158-3163.","http://unbound.biola.edu/index.cfm?method=downloads.showDownloadMain",NA,NA,"whole","The first two digits of the identifier refer to the book, the next three digits to the chapter, and the last three digits to the verse. See Mayer & Cysouw (2014) for a list of book identifiers. This bible is incomplete: some of the missing verses might be available at https://www.wordproject.org/bibles/kr/index.htm."
13617,11777744,"듣고 싶지 않아요",NA,"듣고 싶지 않아요",NA,NA,NA,NA,NA,NA,NA,71,"kor_nfi_247.txt","Korean","Korean","kor",NA,"2016","written","non-fiction","prepared_speeches","Kore",NA,"OpenSubtitles2018","https://object.pouta.csc.fi/OPUS-OpenSubtitles/v2018/raw/ko.zip","http://www.opensubtitles.org/","http://www.opensubtitles.org/ P. Lison and J. Tiedemann, 2016, OpenSubtitles2016: Extracting Large Parallel Corpora from Movie and TV Subtitles. In Proceedings of the 10th International Conference on Language Resources and Evaluation (LREC 2016)","whole",NA
13500,11678468,"잘 있게 교수",NA,"잘 있게 교수",NA,NA,NA,NA,NA,NA,NA,71,"kor_nfi_141.txt","Korean","Korean","kor",NA,"2016","written","non-fiction","prepared_speeches","Kore",NA,"OpenSubtitles2018","https://object.pouta.csc.fi/OPUS-OpenSubtitles/v2018/raw/ko.zip","http://www.opensubtitles.org/","http://www.opensubtitles.org/ P. Lison and J. Tiedemann, 2016, OpenSubtitles2016: Extracting Large Parallel Corpora from Movie and TV Subtitles. In Proceedings of the 10th International Conference on Language Resources and Evaluation (LREC 2016)","whole",NA
13483,11663948,"그것이 바로 상수입니다",NA,"그것이 바로 상수입니다",NA,NA,NA,NA,NA,NA,NA,71,"kor_nfi_126.txt","Korean","Korean","kor",NA,"2016","written","non-fiction","prepared_speeches","Kore",NA,"OpenSubtitles2018","https://object.pouta.csc.fi/OPUS-OpenSubtitles/v2018/raw/ko.zip","http://www.opensubtitles.org/","http://www.opensubtitles.org/ P. Lison and J. Tiedemann, 2016, OpenSubtitles2016: Extracting Large Parallel Corpora from Movie and TV Subtitles. In Proceedings of the 10th International Conference on Language Resources and Evaluation (LREC 2016)","whole",NA
14150,12273098,"전 월터에 대해 말하려던게 아닙니다",NA,"전 월터에 대해 말하려던게 아닙니다",NA,NA,NA,NA,NA,NA,NA,71,"kor_nfi_727.txt","Korean","Korean","kor",NA,"2013","written","non-fiction","prepared_speeches","Kore",NA,"OpenSubtitles2018","https://object.pouta.csc.fi/OPUS-OpenSubtitles/v2018/raw/ko.zip","http://www.opensubtitles.org/","http://www.opensubtitles.org/ P. Lison and J. Tiedemann, 2016, OpenSubtitles2016: Extracting Large Parallel Corpora from Movie and TV Subtitles. In Proceedings of the 10th International Conference on Language Resources and Evaluation (LREC 2016)","whole",NA
13569,11732850,"좋은 책이지",NA,"좋은 책이지",NA,NA,NA,NA,NA,NA,NA,71,"kor_nfi_203.txt","Korean","Korean","kor",NA,"2016","written","non-fiction","prepared_speeches","Kore",NA,"OpenSubtitles2018","https://object.pouta.csc.fi/OPUS-OpenSubtitles/v2018/raw/ko.zip","http://www.opensubtitles.org/","http://www.opensubtitles.org/ P. Lison and J. Tiedemann, 2016, OpenSubtitles2016: Extracting Large Parallel Corpora from Movie and TV Subtitles. In Proceedings of the 10th International Conference on Language Resources and Evaluation (LREC 2016)","whole",NA
14082,12211329,"우리 앞에도 사람이 있고",NA,"우리 앞에도 사람이 있고",NA,NA,NA,NA,NA,NA,NA,71,"kor_nfi_666.txt","Korean","Korean","kor",NA,"2014","written","non-fiction","prepared_speeches","Kore",NA,"OpenSubtitles2018","https://object.pouta.csc.fi/OPUS-OpenSubtitles/v2018/raw/ko.zip","http://www.opensubtitles.org/","http://www.opensubtitles.org/ P. Lison and J. Tiedemann, 2016, OpenSubtitles2016: Extracting Large Parallel Corpora from Movie and TV Subtitles. In Proceedings of the 10th International Conference on Language Resources and Evaluation (LREC 2016)","whole",NA
13453,11612055,"05007003	또 그들과 혼인하지 말지니 네 딸을 그 아들에게 주지 말 것이요 그 딸로 네 며느리를 삼지 말 것은","05007003","또 그들과 혼인하지 말지니 네 딸을 그 아들에게 주지 말 것이요 그 딸로 네 며느리를 삼지 말 것은",NA,NA,NA,NA,NA,NA,NA,71,"kor_nfi_1.txt","Korean","Korean","kor",NA,"1995","written","non-fiction","religion","Hang",NA,"The Bible in Korean: Revised Version (KRV). Text of the Parallel Bible Corpus: Mayer, Thomas & Michael Cysouw. 2014. Creating a Massively Parallel Bible Corpus. Proceedings of the International Conference on Language Resources and Evaluation (LREC), Reykjavik, 3158-3163.","http://unbound.biola.edu/index.cfm?method=downloads.showDownloadMain",NA,NA,"whole","The first two digits of the identifier refer to the book, the next three digits to the chapter, and the last three digits to the verse. See Mayer & Cysouw (2014) for a list of book identifiers. This bible is incomplete: some of the missing verses might be available at https://www.wordproject.org/bibles/kr/index.htm."
13739,11884645,"여자 친구 있어요?",NA,"여자 친구 있어요",NA,NA,NA,NA,NA,NA,NA,71,"kor_nfi_357.txt","Korean","Korean","kor",NA,"2016","written","non-fiction","prepared_speeches","Kore",NA,"OpenSubtitles2018","https://object.pouta.csc.fi/OPUS-OpenSubtitles/v2018/raw/ko.zip","http://www.opensubtitles.org/","http://www.opensubtitles.org/ P. Lison and J. Tiedemann, 2016, OpenSubtitles2016: Extracting Large Parallel Corpora from Movie and TV Subtitles. In Proceedings of the 10th International Conference on Language Resources and Evaluation (LREC 2016)","whole",NA
13720,11867889,"일어나라!",NA,"일어나라",NA,NA,NA,NA,NA,NA,NA,71,"kor_nfi_34.txt","Korean","Korean","kor",NA,"2017","written","non-fiction","prepared_speeches","Kore",NA,"OpenSubtitles2018","https://object.pouta.csc.fi/OPUS-OpenSubtitles/v2018/raw/ko.zip","http://www.opensubtitles.org/","http://www.opensubtitles.org/ P. Lison and J. Tiedemann, 2016, OpenSubtitles2016: Extracting Large Parallel Corpora from Movie and TV Subtitles. In Proceedings of the 10th International Conference on Language Resources and Evaluation (LREC 2016)","whole",NA
13994,12112706,"거인들이 있어!",NA,"거인들이 있어",NA,NA,NA,NA,NA,NA,NA,71,"kor_nfi_587.txt","Korean","Korean","kor",NA,"2014","written","non-fiction","prepared_speeches","Kore",NA,"OpenSubtitles2018","https://object.pouta.csc.fi/OPUS-OpenSubtitles/v2018/raw/ko.zip","http://www.opensubtitles.org/","http://www.opensubtitles.org/ P. Lison and J. Tiedemann, 2016, OpenSubtitles2016: Extracting Large Parallel Corpora from Movie and TV Subtitles. In Proceedings of the 10th International Conference on Language Resources and Evaluation (LREC 2016)","whole",NA
13453,11624184,"22007001	귀한 자의 딸아 ! 신을 신은 네 발이 어찌 그리 아름다운가 네 넓적다리는 둥글어서 공교한 장색의 만든 구슬 꿰미 같구나","22007001","귀한 자의 딸아  신을 신은 네 발이 어찌 그리 아름다운가 네 넓적다리는 둥글어서 공교한 장색의 만든 구슬 꿰미 같구나",NA,NA,NA,NA,NA,NA,NA,71,"kor_nfi_1.txt","Korean","Korean","kor",NA,"1995","written","non-fiction","religion","Hang",NA,"The Bible in Korean: Revised Version (KRV). Text of the Parallel Bible Corpus: Mayer, Thomas & Michael Cysouw. 2014. Creating a Massively Parallel Bible Corpus. Proceedings of the International Conference on Language Resources and Evaluation (LREC), Reykjavik, 3158-3163.","http://unbound.biola.edu/index.cfm?method=downloads.showDownloadMain",NA,NA,"whole","The first two digits of the identifier refer to the book, the next three digits to the chapter, and the last three digits to the verse. See Mayer & Cysouw (2014) for a list of book identifiers. This bible is incomplete: some of the missing verses might be available at https://www.wordproject.org/bibles/kr/index.htm."
13540,11707132,"얼음에 파리를 집어넣다니",NA,"얼음에 파리를 집어넣다니",NA,NA,NA,NA,NA,NA,NA,71,"kor_nfi_178.txt","Korean","Korean","kor",NA,"2016","written","non-fiction","prepared_speeches","Kore",NA,"OpenSubtitles2018","https://object.pouta.csc.fi/OPUS-OpenSubtitles/v2018/raw/ko.zip","http://www.opensubtitles.org/","http://www.opensubtitles.org/ P. Lison and J. Tiedemann, 2016, OpenSubtitles2016: Extracting Large Parallel Corpora from Movie and TV Subtitles. In Proceedings of the 10th International Conference on Language Resources and Evaluation (LREC 2016)","whole",NA
13635,11793516,"모든 음악이 수록되 있었요 차례대로요",NA,"모든 음악이 수록되 있었요 차례대로요",NA,NA,NA,NA,NA,NA,NA,71,"kor_nfi_263.txt","Korean","Korean","kor",NA,"2016","written","non-fiction","prepared_speeches","Kore",NA,"OpenSubtitles2018","https://object.pouta.csc.fi/OPUS-OpenSubtitles/v2018/raw/ko.zip","http://www.opensubtitles.org/","http://www.opensubtitles.org/ P. Lison and J. Tiedemann, 2016, OpenSubtitles2016: Extracting Large Parallel Corpora from Movie and TV Subtitles. In Proceedings of the 10th International Conference on Language Resources and Evaluation (LREC 2016)","whole",NA
14825,13124955,"你知道的Numberone原因 一個女孩敲背的傢伙",NA,"你知道的原因 一個女孩敲背的傢伙",NA,NA,NA,NA,NA,NA,NA,82,"cmn_nfi_451.txt","Mandarin","Mandarin Chinese","cmn",NA,"2014","written","non-fiction","prepared_speeches","Hans",NA,"OpenSubtitles2018","https://object.pouta.csc.fi/OPUS-OpenSubtitles/v2016/raw/zh.zip","http://www.opensubtitles.org/","http://www.opensubtitles.org/ P. Lison and J. Tiedemann, 2016, OpenSubtitles2016: Extracting Large Parallel Corpora from Movie and TV Subtitles. In Proceedings of the 10th International Conference on Language Resources and Evaluation (LREC 2016)","whole",NA
14767,13056326,"我們明天就要動身了",NA,"我們明天就要動身了",NA,NA,NA,NA,NA,NA,NA,82,"cmn_nfi_4.txt","Mandarin","Mandarin Chinese","cmn",NA,"2015","written","non-fiction","prepared_speeches","Hans",NA,"OpenSubtitles2018","https://object.pouta.csc.fi/OPUS-OpenSubtitles/v2016/raw/zh.zip","http://www.opensubtitles.org/","http://www.opensubtitles.org/ P. Lison and J. Tiedemann, 2016, OpenSubtitles2016: Extracting Large Parallel Corpora from Movie and TV Subtitles. In Proceedings of the 10th International Conference on Language Resources and Evaluation (LREC 2016)","whole",NA
14367,12530530,"臣也罵道：「前日誤中詭計，今番定要擒你獻功，以泄前日之恨！」孛臣說罷，衝殺過",NA,"臣也罵道前日誤中詭計今番定要擒你獻功以泄前日之恨孛臣說罷衝殺過",NA,NA,NA,NA,NA,NA,NA,81,"cmn_fic_39.txt","Mandarin","Mandarin Chinese","cmn",NA,"2007","written","fiction","general_fiction","Hans",NA,"Anonymous, 木蘭奇女傳, Hua, Mulan (Legendary character) -- Fiction","http://www.gutenberg.org/ebooks/23938.html.noimages","http://www.gutenberg.org","http://www.gutenberg.org","part",NA
14505,12747836,"怎么了？",NA,"怎么了",NA,NA,NA,NA,NA,NA,NA,82,"cmn_nfi_163.txt","Mandarin","Mandarin Chinese","cmn",NA,"2015","written","non-fiction","prepared_speeches","Hans",NA,"OpenSubtitles2018","https://object.pouta.csc.fi/OPUS-OpenSubtitles/v2016/raw/zh.zip","http://www.opensubtitles.org/","http://www.opensubtitles.org/ P. Lison and J. Tiedemann, 2016, OpenSubtitles2016: Extracting Large Parallel Corpora from Movie and TV Subtitles. In Proceedings of the 10th International Conference on Language Resources and Evaluation (LREC 2016)","whole",NA
14755,13045826,"另外15万爱尔兰人， 妇女和儿童",NA,"另外万爱尔兰人 妇女和儿童",NA,NA,NA,NA,NA,NA,NA,82,"cmn_nfi_389.txt","Mandarin","Mandarin Chinese","cmn",NA,"2014","written","non-fiction","prepared_speeches","Hans",NA,"OpenSubtitles2018","https://object.pouta.csc.fi/OPUS-OpenSubtitles/v2016/raw/zh.zip","http://www.opensubtitles.org/","http://www.opensubtitles.org/ P. Lison and J. Tiedemann, 2016, OpenSubtitles2016: Extracting Large Parallel Corpora from Movie and TV Subtitles. In Proceedings of the 10th International Conference on Language Resources and Evaluation (LREC 2016)","whole",NA
15047,13365991,"我们放在冷藏室 所以...",NA,"我们放在冷藏室 所以",NA,NA,NA,NA,NA,NA,NA,82,"cmn_nfi_651.txt","Mandarin","Mandarin Chinese","cmn",NA,"2014","written","non-fiction","prepared_speeches","Hans",NA,"OpenSubtitles2018","https://object.pouta.csc.fi/OPUS-OpenSubtitles/v2016/raw/zh.zip","http://www.opensubtitles.org/","http://www.opensubtitles.org/ P. Lison and J. Tiedemann, 2016, OpenSubtitles2016: Extracting Large Parallel Corpora from Movie and TV Subtitles. In Proceedings of the 10th International Conference on Language Resources and Evaluation (LREC 2016)","whole",NA
14603,12880383,"停一下先",NA,"停一下先",NA,NA,NA,NA,NA,NA,NA,82,"cmn_nfi_251.txt","Mandarin","Mandarin Chinese","cmn",NA,NA,"written","non-fiction","prepared_speeches","Hans",NA,"OpenSubtitles2018","https://object.pouta.csc.fi/OPUS-OpenSubtitles/v2016/raw/zh.zip","http://www.opensubtitles.org/","http://www.opensubtitles.org/ P. Lison and J. Tiedemann, 2016, OpenSubtitles2016: Extracting Large Parallel Corpora from Movie and TV Subtitles. In Proceedings of the 10th International Conference on Language Resources and Evaluation (LREC 2016)","whole",NA
14569,12827362,"你可別在這裏耍花招，小子",NA,"你可別在這裏耍花招小子",NA,NA,NA,NA,NA,NA,NA,82,"cmn_nfi_220.txt","Mandarin","Mandarin Chinese","cmn",NA,"2015","written","non-fiction","prepared_speeches","Hans",NA,"OpenSubtitles2018","https://object.pouta.csc.fi/OPUS-OpenSubtitles/v2016/raw/zh.zip","http://www.opensubtitles.org/","http://www.opensubtitles.org/ P. Lison and J. Tiedemann, 2016, OpenSubtitles2016: Extracting Large Parallel Corpora from Movie and TV Subtitles. In Proceedings of the 10th International Conference on Language Resources and Evaluation (LREC 2016)","whole",NA
14841,13142492,"很可爱 而且还很萌",NA,"很可爱 而且还很萌",NA,NA,NA,NA,NA,NA,NA,82,"cmn_nfi_466.txt","Mandarin","Mandarin Chinese","cmn",NA,"2014","written","non-fiction","prepared_speeches","Hans",NA,"OpenSubtitles2018","https://object.pouta.csc.fi/OPUS-OpenSubtitles/v2016/raw/zh.zip","http://www.opensubtitles.org/","http://www.opensubtitles.org/ P. Lison and J. Tiedemann, 2016, OpenSubtitles2016: Extracting Large Parallel Corpora from Movie and TV Subtitles. In Proceedings of the 10th International Conference on Language Resources and Evaluation (LREC 2016)","whole",NA
14980,13295969,"我为你父亲工作 好不好？",NA,"我为你父亲工作 好不好",NA,NA,NA,NA,NA,NA,NA,82,"cmn_nfi_591.txt","Mandarin","Mandarin Chinese","cmn",NA,"2014","written","non-fiction","prepared_speeches","Hans",NA,"OpenSubtitles2018","https://object.pouta.csc.fi/OPUS-OpenSubtitles/v2016/raw/zh.zip","http://www.opensubtitles.org/","http://www.opensubtitles.org/ P. Lison and J. Tiedemann, 2016, OpenSubtitles2016: Extracting Large Parallel Corpora from Movie and TV Subtitles. In Proceedings of the 10th International Conference on Language Resources and Evaluation (LREC 2016)","whole",NA
14385,12560988,"年少從渠笑裡懶，",NA,"年少從渠笑裡懶",NA,NA,NA,NA,NA,NA,NA,81,"cmn_fic_55.txt","Mandarin","Mandarin Chinese","cmn",NA,"2008","written","fiction","general_fiction","Hans",NA,"Unknown, 天豹圖, China -- History -- Song dynasty, 960-1279 -- Fiction","http://www.gutenberg.org/ebooks/26904.html.noimages","http://www.gutenberg.org","http://www.gutenberg.org","part",NA
14859,13163116,"我一直觉得",NA,"我一直觉得",NA,NA,NA,NA,NA,NA,NA,82,"cmn_nfi_482.txt","Mandarin","Mandarin Chinese","cmn",NA,"2014","written","non-fiction","prepared_speeches","Hans",NA,"OpenSubtitles2018","https://object.pouta.csc.fi/OPUS-OpenSubtitles/v2016/raw/zh.zip","http://www.opensubtitles.org/","http://www.opensubtitles.org/ P. Lison and J. Tiedemann, 2016, OpenSubtitles2016: Extracting Large Parallel Corpora from Movie and TV Subtitles. In Proceedings of the 10th International Conference on Language Resources and Evaluation (LREC 2016)","whole",NA
14588,12853993,"我想問你認識星爺嗎？",NA,"我想問你認識星爺嗎",NA,NA,NA,NA,NA,NA,NA,82,"cmn_nfi_238.txt","Mandarin","Mandarin Chinese","cmn",NA,NA,"written","non-fiction","prepared_speeches","Hans",NA,"OpenSubtitles2018","https://object.pouta.csc.fi/OPUS-OpenSubtitles/v2016/raw/zh.zip","http://www.opensubtitles.org/","http://www.opensubtitles.org/ P. Lison and J. Tiedemann, 2016, OpenSubtitles2016: Extracting Large Parallel Corpora from Movie and TV Subtitles. In Proceedings of the 10th International Conference on Language Resources and Evaluation (LREC 2016)","whole",NA
14749,13039802,"- 去他娘的!",NA,"去他娘的",NA,NA,NA,NA,NA,NA,NA,82,"cmn_nfi_383.txt","Mandarin","Mandarin Chinese","cmn",NA,NA,"written","non-fiction","prepared_speeches","Hans",NA,"OpenSubtitles2018","https://object.pouta.csc.fi/OPUS-OpenSubtitles/v2016/raw/zh.zip","http://www.opensubtitles.org/","http://www.opensubtitles.org/ P. Lison and J. Tiedemann, 2016, OpenSubtitles2016: Extracting Large Parallel Corpora from Movie and TV Subtitles. In Proceedings of the 10th International Conference on Language Resources and Evaluation (LREC 2016)","whole",NA
14455,12682391,"真的好好吃",NA,"真的好好吃",NA,NA,NA,NA,NA,NA,NA,82,"cmn_nfi_118.txt","Mandarin","Mandarin Chinese","cmn",NA,"2015","written","non-fiction","prepared_speeches","Hans",NA,"OpenSubtitles2018","https://object.pouta.csc.fi/OPUS-OpenSubtitles/v2016/raw/zh.zip","http://www.opensubtitles.org/","http://www.opensubtitles.org/ P. Lison and J. Tiedemann, 2016, OpenSubtitles2016: Extracting Large Parallel Corpora from Movie and TV Subtitles. In Proceedings of the 10th International Conference on Language Resources and Evaluation (LREC 2016)","whole",NA
14825,13125567,"不，不是真的沒有。",NA,"不不是真的沒有",NA,NA,NA,NA,NA,NA,NA,82,"cmn_nfi_451.txt","Mandarin","Mandarin Chinese","cmn",NA,"2014","written","non-fiction","prepared_speeches","Hans",NA,"OpenSubtitles2018","https://object.pouta.csc.fi/OPUS-OpenSubtitles/v2016/raw/zh.zip","http://www.opensubtitles.org/","http://www.opensubtitles.org/ P. Lison and J. Tiedemann, 2016, OpenSubtitles2016: Extracting Large Parallel Corpora from Movie and TV Subtitles. In Proceedings of the 10th International Conference on Language Resources and Evaluation (LREC 2016)","whole",NA
14426,12643398,"因又笑說道：“几年門子也會鑽了．由知府推升轉了御史，不過几年，升了吏部",NA,"因又笑說道几年門子也會鑽了由知府推升轉了御史不過几年升了吏部",NA,NA,NA,NA,NA,NA,NA,81,"cmn_fic_92.txt","Mandarin","Mandarin Chinese","cmn",NA,"2008","written","fiction","general_fiction","Hans",NA,"Cao, Xueqin, 1717?-1763, 紅樓夢, China -- History -- Qing dynasty, 1644-1912 -- Fiction","http://www.gutenberg.org/ebooks/24264.html.noimages","http://www.gutenberg.org","http://www.gutenberg.org","part",NA
14797,13091970,"欸 你不教我打球 拼什麼拼圖",NA,"欸 你不教我打球 拼什麼拼圖",NA,NA,NA,NA,NA,NA,NA,82,"cmn_nfi_426.txt","Mandarin","Mandarin Chinese","cmn",NA,NA,"written","non-fiction","prepared_speeches","Hans",NA,"OpenSubtitles2018","https://object.pouta.csc.fi/OPUS-OpenSubtitles/v2016/raw/zh.zip","http://www.opensubtitles.org/","http://www.opensubtitles.org/ P. Lison and J. Tiedemann, 2016, OpenSubtitles2016: Extracting Large Parallel Corpora from Movie and TV Subtitles. In Proceedings of the 10th International Conference on Language Resources and Evaluation (LREC 2016)","whole",NA
14512,12756629,"秀晶她",NA,"秀晶她",NA,NA,NA,NA,NA,NA,NA,82,"cmn_nfi_17.txt","Mandarin","Mandarin Chinese","cmn",NA,NA,"written","non-fiction","prepared_speeches","Hans",NA,"OpenSubtitles2018","https://object.pouta.csc.fi/OPUS-OpenSubtitles/v2016/raw/zh.zip","http://www.opensubtitles.org/","http://www.opensubtitles.org/ P. Lison and J. Tiedemann, 2016, OpenSubtitles2016: Extracting Large Parallel Corpora from Movie and TV Subtitles. In Proceedings of the 10th International Conference on Language Resources and Evaluation (LREC 2016)","whole",NA
14510,12754029,"是 我知道 Yeah, I know.",NA,"是 我知道",NA,NA,NA,NA,NA,NA,NA,82,"cmn_nfi_168.txt","Mandarin","Mandarin Chinese","cmn",NA,"2015","written","non-fiction","prepared_speeches","Hans",NA,"OpenSubtitles2018","https://object.pouta.csc.fi/OPUS-OpenSubtitles/v2016/raw/zh.zip","http://www.opensubtitles.org/","http://www.opensubtitles.org/ P. Lison and J. Tiedemann, 2016, OpenSubtitles2016: Extracting Large Parallel Corpora from Movie and TV Subtitles. In Proceedings of the 10th International Conference on Language Resources and Evaluation (LREC 2016)","whole",NA
14624,12902189,"你这么坚持了武器？",NA,"你这么坚持了武器",NA,NA,NA,NA,NA,NA,NA,82,"cmn_nfi_270.txt","Mandarin","Mandarin Chinese","cmn",NA,"2014","written","non-fiction","prepared_speeches","Hans",NA,"OpenSubtitles2018","https://object.pouta.csc.fi/OPUS-OpenSubtitles/v2016/raw/zh.zip","http://www.opensubtitles.org/","http://www.opensubtitles.org/ P. Lison and J. Tiedemann, 2016, OpenSubtitles2016: Extracting Large Parallel Corpora from Movie and TV Subtitles. In Proceedings of the 10th International Conference on Language Resources and Evaluation (LREC 2016)","whole",NA
14792,13084302,"墨西哥鸡肉卷",NA,"墨西哥鸡肉卷",NA,NA,NA,NA,NA,NA,NA,82,"cmn_nfi_421.txt","Mandarin","Mandarin Chinese","cmn",NA,"2014","written","non-fiction","prepared_speeches","Hans",NA,"OpenSubtitles2018","https://object.pouta.csc.fi/OPUS-OpenSubtitles/v2016/raw/zh.zip","http://www.opensubtitles.org/","http://www.opensubtitles.org/ P. Lison and J. Tiedemann, 2016, OpenSubtitles2016: Extracting Large Parallel Corpora from Movie and TV Subtitles. In Proceedings of the 10th International Conference on Language Resources and Evaluation (LREC 2016)","whole",NA
14685,12970727,"我不希望你有所误会",NA,"我不希望你有所误会",NA,NA,NA,NA,NA,NA,NA,82,"cmn_nfi_325.txt","Mandarin","Mandarin Chinese","cmn",NA,NA,"written","non-fiction","prepared_speeches","Hans",NA,"OpenSubtitles2018","https://object.pouta.csc.fi/OPUS-OpenSubtitles/v2016/raw/zh.zip","http://www.opensubtitles.org/","http://www.opensubtitles.org/ P. Lison and J. Tiedemann, 2016, OpenSubtitles2016: Extracting Large Parallel Corpora from Movie and TV Subtitles. In Proceedings of the 10th International Conference on Language Resources and Evaluation (LREC 2016)","whole",NA
14605,12882695,"一切還順利吧？",NA,"一切還順利吧",NA,NA,NA,NA,NA,NA,NA,82,"cmn_nfi_253.txt","Mandarin","Mandarin Chinese","cmn",NA,"2014","written","non-fiction","prepared_speeches","Hans",NA,"OpenSubtitles2018","https://object.pouta.csc.fi/OPUS-OpenSubtitles/v2016/raw/zh.zip","http://www.opensubtitles.org/","http://www.opensubtitles.org/ P. Lison and J. Tiedemann, 2016, OpenSubtitles2016: Extracting Large Parallel Corpora from Movie and TV Subtitles. In Proceedings of the 10th International Conference on Language Resources and Evaluation (LREC 2016)","whole",NA
14664,12943704,"知道我都思考了什么吗",NA,"知道我都思考了什么吗",NA,NA,NA,NA,NA,NA,NA,82,"cmn_nfi_306.txt","Mandarin","Mandarin Chinese","cmn",NA,"2014","written","non-fiction","prepared_speeches","Hans",NA,"OpenSubtitles2018","https://object.pouta.csc.fi/OPUS-OpenSubtitles/v2016/raw/zh.zip","http://www.opensubtitles.org/","http://www.opensubtitles.org/ P. Lison and J. Tiedemann, 2016, OpenSubtitles2016: Extracting Large Parallel Corpora from Movie and TV Subtitles. In Proceedings of the 10th International Conference on Language Resources and Evaluation (LREC 2016)","whole",NA
14372,12533046,"為何不帶著眼睛，汝也不是瞎子，走在爺爺面前，還不看見！」馬榮見他叫罵，",NA,"為何不帶著眼睛汝也不是瞎子走在爺爺面前還不看見馬榮見他叫罵",NA,NA,NA,NA,NA,NA,NA,81,"cmn_fic_43.txt","Mandarin","Mandarin Chinese","cmn",NA,"2009","written","fiction","general_fiction","Hans",NA,"Anonymous, 狄公案, Di, Renjie, 629-700 -- Fiction","http://www.gutenberg.org/ebooks/27686.html.noimages","http://www.gutenberg.org","http://www.gutenberg.org","part",NA
14457,12686047,"肖恩 收手吧",NA,"肖恩 收手吧",NA,NA,NA,NA,NA,NA,NA,82,"cmn_nfi_12.txt","Mandarin","Mandarin Chinese","cmn",NA,"2015","written","non-fiction","prepared_speeches","Hans",NA,"OpenSubtitles2018","https://object.pouta.csc.fi/OPUS-OpenSubtitles/v2016/raw/zh.zip","http://www.opensubtitles.org/","http://www.opensubtitles.org/ P. Lison and J. Tiedemann, 2016, OpenSubtitles2016: Extracting Large Parallel Corpora from Movie and TV Subtitles. In Proceedings of the 10th International Conference on Language Resources and Evaluation (LREC 2016)","whole",NA
15029,13348565,"- 您在海上工作？",NA,"您在海上工作",NA,NA,NA,NA,NA,NA,NA,82,"cmn_nfi_635.txt","Mandarin","Mandarin Chinese","cmn",NA,"2014","written","non-fiction","prepared_speeches","Hans",NA,"OpenSubtitles2018","https://object.pouta.csc.fi/OPUS-OpenSubtitles/v2016/raw/zh.zip","http://www.opensubtitles.org/","http://www.opensubtitles.org/ P. Lison and J. Tiedemann, 2016, OpenSubtitles2016: Extracting Large Parallel Corpora from Movie and TV Subtitles. In Proceedings of the 10th International Conference on Language Resources and Evaluation (LREC 2016)","whole",NA
14721,13010479,"东植啊 你回去吧",NA,"东植啊 你回去吧",NA,NA,NA,NA,NA,NA,NA,82,"cmn_nfi_358.txt","Mandarin","Mandarin Chinese","cmn",NA,"2014","written","non-fiction","prepared_speeches","Hans",NA,"OpenSubtitles2018","https://object.pouta.csc.fi/OPUS-OpenSubtitles/v2016/raw/zh.zip","http://www.opensubtitles.org/","http://www.opensubtitles.org/ P. Lison and J. Tiedemann, 2016, OpenSubtitles2016: Extracting Large Parallel Corpora from Movie and TV Subtitles. In Proceedings of the 10th International Conference on Language Resources and Evaluation (LREC 2016)","whole",NA
14837,13137678,"从后方的楼梯和仆役走廊",NA,"从后方的楼梯和仆役走廊",NA,NA,NA,NA,NA,NA,NA,82,"cmn_nfi_462.txt","Mandarin","Mandarin Chinese","cmn",NA,"2014","written","non-fiction","prepared_speeches","Hans",NA,"OpenSubtitles2018","https://object.pouta.csc.fi/OPUS-OpenSubtitles/v2016/raw/zh.zip","http://www.opensubtitles.org/","http://www.opensubtitles.org/ P. Lison and J. Tiedemann, 2016, OpenSubtitles2016: Extracting Large Parallel Corpora from Movie and TV Subtitles. In Proceedings of the 10th International Conference on Language Resources and Evaluation (LREC 2016)","whole",NA
14600,12876543,"-=破烂熊字幕组=- 翻译：",NA,"破烂熊字幕组 翻译",NA,NA,NA,NA,NA,NA,NA,82,"cmn_nfi_249.txt","Mandarin","Mandarin Chinese","cmn",NA,NA,"written","non-fiction","prepared_speeches","Hans",NA,"OpenSubtitles2018","https://object.pouta.csc.fi/OPUS-OpenSubtitles/v2016/raw/zh.zip","http://www.opensubtitles.org/","http://www.opensubtitles.org/ P. Lison and J. Tiedemann, 2016, OpenSubtitles2016: Extracting Large Parallel Corpora from Movie and TV Subtitles. In Proceedings of the 10th International Conference on Language Resources and Evaluation (LREC 2016)","whole",NA
14909,13217840,"-和你很像",NA,"和你很像",NA,NA,NA,NA,NA,NA,NA,82,"cmn_nfi_527.txt","Mandarin","Mandarin Chinese","cmn",NA,"2014","written","non-fiction","prepared_speeches","Hans",NA,"OpenSubtitles2018","https://object.pouta.csc.fi/OPUS-OpenSubtitles/v2016/raw/zh.zip","http://www.opensubtitles.org/","http://www.opensubtitles.org/ P. Lison and J. Tiedemann, 2016, OpenSubtitles2016: Extracting Large Parallel Corpora from Movie and TV Subtitles. In Proceedings of the 10th International Conference on Language Resources and Evaluation (LREC 2016)","whole",NA
14836,13136721,"难道你只想去扫地？",NA,"难道你只想去扫地",NA,NA,NA,NA,NA,NA,NA,82,"cmn_nfi_461.txt","Mandarin","Mandarin Chinese","cmn",NA,"2014","written","non-fiction","prepared_speeches","Hans",NA,"OpenSubtitles2018","https://object.pouta.csc.fi/OPUS-OpenSubtitles/v2016/raw/zh.zip","http://www.opensubtitles.org/","http://www.opensubtitles.org/ P. Lison and J. Tiedemann, 2016, OpenSubtitles2016: Extracting Large Parallel Corpora from Movie and TV Subtitles. In Proceedings of the 10th International Conference on Language Resources and Evaluation (LREC 2016)","whole",NA
14323,12454782,"灘，團團圍定，以為唾手可取。只是船到灘邊，便見兩條黃龍旋繞在御營上，",NA,"灘團團圍定以為唾手可取只是船到灘邊便見兩條黃龍旋繞在御營上",NA,NA,NA,NA,NA,NA,NA,81,"cmn_fic_102.txt","Mandarin","Mandarin Chinese","cmn",NA,"2008","written","fiction","general_fiction","Hans",NA,"Chen, Chen, 1608?-, 水滸後傳, Chinese fiction -- Qing dynasty, 1644-1912","http://www.gutenberg.org/ebooks/25217.html.noimages","http://www.gutenberg.org","http://www.gutenberg.org","part",NA
14753,13044415,"大家集中，他们分明在东面",NA,"大家集中他们分明在东面",NA,NA,NA,NA,NA,NA,NA,82,"cmn_nfi_387.txt","Mandarin","Mandarin Chinese","cmn",NA,NA,"written","non-fiction","prepared_speeches","Hans",NA,"OpenSubtitles2018","https://object.pouta.csc.fi/OPUS-OpenSubtitles/v2016/raw/zh.zip","http://www.opensubtitles.org/","http://www.opensubtitles.org/ P. Lison and J. Tiedemann, 2016, OpenSubtitles2016: Extracting Large Parallel Corpora from Movie and TV Subtitles. In Proceedings of the 10th International Conference on Language Resources and Evaluation (LREC 2016)","whole",NA
14590,12859423,"最高的",NA,"最高的",NA,NA,NA,NA,NA,NA,NA,82,"cmn_nfi_24.txt","Mandarin","Mandarin Chinese","cmn",NA,"2015","written","non-fiction","prepared_speeches","Hans",NA,"OpenSubtitles2018","https://object.pouta.csc.fi/OPUS-OpenSubtitles/v2016/raw/zh.zip","http://www.opensubtitles.org/","http://www.opensubtitles.org/ P. Lison and J. Tiedemann, 2016, OpenSubtitles2016: Extracting Large Parallel Corpora from Movie and TV Subtitles. In Proceedings of the 10th International Conference on Language Resources and Evaluation (LREC 2016)","whole",NA
15075,13391778,"换做是别人 你还愿意这么做吗",NA,"换做是别人 你还愿意这么做吗",NA,NA,NA,NA,NA,NA,NA,82,"cmn_nfi_76.txt","Mandarin","Mandarin Chinese","cmn",NA,NA,"written","non-fiction","prepared_speeches","Hans",NA,"OpenSubtitles2018","https://object.pouta.csc.fi/OPUS-OpenSubtitles/v2016/raw/zh.zip","http://www.opensubtitles.org/","http://www.opensubtitles.org/ P. Lison and J. Tiedemann, 2016, OpenSubtitles2016: Extracting Large Parallel Corpora from Movie and TV Subtitles. In Proceedings of the 10th International Conference on Language Resources and Evaluation (LREC 2016)","whole",NA
14900,13208198,"这就是我的使命 时刻担惊受怕 That is precisely what I am bid to do.",NA,"这就是我的使命 时刻担惊受怕",NA,NA,NA,NA,NA,NA,NA,82,"cmn_nfi_519.txt","Mandarin","Mandarin Chinese","cmn",NA,NA,"written","non-fiction","prepared_speeches","Hans",NA,"OpenSubtitles2018","https://object.pouta.csc.fi/OPUS-OpenSubtitles/v2016/raw/zh.zip","http://www.opensubtitles.org/","http://www.opensubtitles.org/ P. Lison and J. Tiedemann, 2016, OpenSubtitles2016: Extracting Large Parallel Corpora from Movie and TV Subtitles. In Proceedings of the 10th International Conference on Language Resources and Evaluation (LREC 2016)","whole",NA
14647,12925405,"人多得像是稼俱大壹踢在促销",NA,"人多得像是稼俱大壹踢在促销",NA,NA,NA,NA,NA,NA,NA,82,"cmn_nfi_291.txt","Mandarin","Mandarin Chinese","cmn",NA,"2014","written","non-fiction","prepared_speeches","Hans",NA,"OpenSubtitles2018","https://object.pouta.csc.fi/OPUS-OpenSubtitles/v2016/raw/zh.zip","http://www.opensubtitles.org/","http://www.opensubtitles.org/ P. Lison and J. Tiedemann, 2016, OpenSubtitles2016: Extracting Large Parallel Corpora from Movie and TV Subtitles. In Proceedings of the 10th International Conference on Language Resources and Evaluation (LREC 2016)","whole",NA
14405,12595806,"喜不過，到要尋個所在，暗暗與他相會。小姐得了風趣，就是有些敗露，又",NA,"喜不過到要尋個所在暗暗與他相會小姐得了風趣就是有些敗露又",NA,NA,NA,NA,NA,NA,NA,81,"cmn_fic_73.txt","Mandarin","Mandarin Chinese","cmn",NA,"2008","written","fiction","general_fiction","Hans",NA,"Baowenglaoren, 今古奇觀, Chinese fiction -- Ming dynasty, 1368-1644","http://www.gutenberg.org/ebooks/24230.html.noimages","http://www.gutenberg.org","http://www.gutenberg.org","part",NA
14781,13072673,"弗兰克？",NA,"弗兰克",NA,NA,NA,NA,NA,NA,NA,82,"cmn_nfi_411.txt","Mandarin","Mandarin Chinese","cmn",NA,"2014","written","non-fiction","prepared_speeches","Hans",NA,"OpenSubtitles2018","https://object.pouta.csc.fi/OPUS-OpenSubtitles/v2016/raw/zh.zip","http://www.opensubtitles.org/","http://www.opensubtitles.org/ P. Lison and J. Tiedemann, 2016, OpenSubtitles2016: Extracting Large Parallel Corpora from Movie and TV Subtitles. In Proceedings of the 10th International Conference on Language Resources and Evaluation (LREC 2016)","whole",NA
14828,13128145,"欢迎光临寒舍 welcome to my humble barge",NA,"欢迎光临寒舍",NA,NA,NA,NA,NA,NA,NA,82,"cmn_nfi_454.txt","Mandarin","Mandarin Chinese","cmn",NA,"2014","written","non-fiction","prepared_speeches","Hans",NA,"OpenSubtitles2018","https://object.pouta.csc.fi/OPUS-OpenSubtitles/v2016/raw/zh.zip","http://www.opensubtitles.org/","http://www.opensubtitles.org/ P. Lison and J. Tiedemann, 2016, OpenSubtitles2016: Extracting Large Parallel Corpora from Movie and TV Subtitles. In Proceedings of the 10th International Conference on Language Resources and Evaluation (LREC 2016)","whole",NA
14580,12842956,"我们阻止了Mark Massero杀掉Trevor Maloney We stopped Trevor Maloney from getting killed by Mark Massero.",NA,"我们阻止了 杀掉",NA,NA,NA,NA,NA,NA,NA,82,"cmn_nfi_230.txt","Mandarin","Mandarin Chinese","cmn",NA,NA,"written","non-fiction","prepared_speeches","Hans",NA,"OpenSubtitles2018","https://object.pouta.csc.fi/OPUS-OpenSubtitles/v2016/raw/zh.zip","http://www.opensubtitles.org/","http://www.opensubtitles.org/ P. Lison and J. Tiedemann, 2016, OpenSubtitles2016: Extracting Large Parallel Corpora from Movie and TV Subtitles. In Proceedings of the 10th International Conference on Language Resources and Evaluation (LREC 2016)","whole",NA
14515,12762033,"我看是在开会",NA,"我看是在开会",NA,NA,NA,NA,NA,NA,NA,82,"cmn_nfi_172.txt","Mandarin","Mandarin Chinese","cmn",NA,NA,"written","non-fiction","prepared_speeches","Hans",NA,"OpenSubtitles2018","https://object.pouta.csc.fi/OPUS-OpenSubtitles/v2016/raw/zh.zip","http://www.opensubtitles.org/","http://www.opensubtitles.org/ P. Lison and J. Tiedemann, 2016, OpenSubtitles2016: Extracting Large Parallel Corpora from Movie and TV Subtitles. In Proceedings of the 10th International Conference on Language Resources and Evaluation (LREC 2016)","whole",NA
14584,12848402,"命令你們",NA,"命令你們",NA,NA,NA,NA,NA,NA,NA,82,"cmn_nfi_234.txt","Mandarin","Mandarin Chinese","cmn",NA,"2014","written","non-fiction","prepared_speeches","Hans",NA,"OpenSubtitles2018","https://object.pouta.csc.fi/OPUS-OpenSubtitles/v2016/raw/zh.zip","http://www.opensubtitles.org/","http://www.opensubtitles.org/ P. Lison and J. Tiedemann, 2016, OpenSubtitles2016: Extracting Large Parallel Corpora from Movie and TV Subtitles. In Proceedings of the 10th International Conference on Language Resources and Evaluation (LREC 2016)","whole",NA
14623,12901157,"他父亲去世前 他俩一起拍的 that he started with his father before he passed away.",NA,"他父亲去世前 他俩一起拍的",NA,NA,NA,NA,NA,NA,NA,82,"cmn_nfi_27.txt","Mandarin","Mandarin Chinese","cmn",NA,NA,"written","non-fiction","prepared_speeches","Hans",NA,"OpenSubtitles2018","https://object.pouta.csc.fi/OPUS-OpenSubtitles/v2016/raw/zh.zip","http://www.opensubtitles.org/","http://www.opensubtitles.org/ P. Lison and J. Tiedemann, 2016, OpenSubtitles2016: Extracting Large Parallel Corpora from Movie and TV Subtitles. In Proceedings of the 10th International Conference on Language Resources and Evaluation (LREC 2016)","whole",NA
14644,12922656,"她在临死前并不是一个善良的人",NA,"她在临死前并不是一个善良的人",NA,NA,NA,NA,NA,NA,NA,82,"cmn_nfi_289.txt","Mandarin","Mandarin Chinese","cmn",NA,NA,"written","non-fiction","prepared_speeches","Hans",NA,"OpenSubtitles2018","https://object.pouta.csc.fi/OPUS-OpenSubtitles/v2016/raw/zh.zip","http://www.opensubtitles.org/","http://www.opensubtitles.org/ P. Lison and J. Tiedemann, 2016, OpenSubtitles2016: Extracting Large Parallel Corpora from Movie and TV Subtitles. In Proceedings of the 10th International Conference on Language Resources and Evaluation (LREC 2016)","whole",NA
14801,13098914,"你又想到了",NA,"你又想到了",NA,NA,NA,NA,NA,NA,NA,82,"cmn_nfi_43.txt","Mandarin","Mandarin Chinese","cmn",NA,NA,"written","non-fiction","prepared_speeches","Hans",NA,"OpenSubtitles2018","https://object.pouta.csc.fi/OPUS-OpenSubtitles/v2016/raw/zh.zip","http://www.opensubtitles.org/","http://www.opensubtitles.org/ P. Lison and J. Tiedemann, 2016, OpenSubtitles2016: Extracting Large Parallel Corpora from Movie and TV Subtitles. In Proceedings of the 10th International Conference on Language Resources and Evaluation (LREC 2016)","whole",NA
14594,12867595,"我知道。",NA,"我知道",NA,NA,NA,NA,NA,NA,NA,82,"cmn_nfi_243.txt","Mandarin","Mandarin Chinese","cmn",NA,"2015","written","non-fiction","prepared_speeches","Hans",NA,"OpenSubtitles2018","https://object.pouta.csc.fi/OPUS-OpenSubtitles/v2016/raw/zh.zip","http://www.opensubtitles.org/","http://www.opensubtitles.org/ P. Lison and J. Tiedemann, 2016, OpenSubtitles2016: Extracting Large Parallel Corpora from Movie and TV Subtitles. In Proceedings of the 10th International Conference on Language Resources and Evaluation (LREC 2016)","whole",NA
14870,13177484,"我弱爆了 疼死了",NA,"我弱爆了 疼死了",NA,NA,NA,NA,NA,NA,NA,82,"cmn_nfi_492.txt","Mandarin","Mandarin Chinese","cmn",NA,NA,"written","non-fiction","prepared_speeches","Hans",NA,"OpenSubtitles2018","https://object.pouta.csc.fi/OPUS-OpenSubtitles/v2016/raw/zh.zip","http://www.opensubtitles.org/","http://www.opensubtitles.org/ P. Lison and J. Tiedemann, 2016, OpenSubtitles2016: Extracting Large Parallel Corpora from Movie and TV Subtitles. In Proceedings of the 10th International Conference on Language Resources and Evaluation (LREC 2016)","whole",NA
14330,12463694,"是他疏忽，卻與正文無礙，還求大人通篇一看。」汪公祇得通卷看完，",NA,"是他疏忽卻與正文無礙還求大人通篇一看汪公祇得通卷看完",NA,NA,NA,NA,NA,NA,NA,81,"cmn_fic_109.txt","Mandarin","Mandarin Chinese","cmn",NA,"2008","written","fiction","general_fiction","Hans",NA,"Chen, Lang, active 18th century, 雪月梅傳, Erotic stories, Chinese","http://www.gutenberg.org/ebooks/26739.html.noimages","http://www.gutenberg.org","http://www.gutenberg.org","part",NA
14402,12588266,"陰獨察其動靜，與俱上下。何羅亦覺日磾意，以故久不得發。是時，上行幸林光宮，日",NA,"陰獨察其動靜與俱上下何羅亦覺日磾意以故久不得發是時上行幸林光宮日",NA,NA,NA,NA,NA,NA,NA,81,"cmn_fic_70.txt","Mandarin","Mandarin Chinese","cmn",NA,"2007","written","fiction","general_fiction","Hans",NA,"Ban, Gu, 32-92, 漢書, China -- History -- Han dynasty, 202 B.C.-220 A.D.","http://www.gutenberg.org/ebooks/23841.html.noimages","http://www.gutenberg.org","http://www.gutenberg.org","part",NA
14825,13124955,"你知道的Numberone原因 一個女孩敲背的傢伙",NA,"tathrto teetoaie otetaieeeown taieetso ettaieerto aietoe e taaieaaiee gte hrdoeltto oeaieasaieaehn aedtcasee taieetso taoohetktttn taottn",NA,NA,NA,NA,NA,NA,NA,82,"cmn_nfi_451.txt","Mandarin","Mandarin Chinese","cmn",NA,"2014","written","non-fiction","prepared_speeches","Hans",NA,"OpenSubtitles2018","https://object.pouta.csc.fi/OPUS-OpenSubtitles/v2016/raw/zh.zip","http://www.opensubtitles.org/","http://www.opensubtitles.org/ P. Lison and J. Tiedemann, 2016, OpenSubtitles2016: Extracting Large Parallel Corpora from Movie and TV Subtitles. In Proceedings of the 10th International Conference on Language Resources and Evaluation (LREC 2016)","whole","chars transliterated to strokes"
14767,13056326,"我們明天就要動身了",NA,"terduto taieeaasee aieetsee eetn0 oeaiertoetco eaiaaegte teaieeeadst taseeet hr",NA,NA,NA,NA,NA,NA,NA,82,"cmn_nfi_4.txt","Mandarin","Mandarin Chinese","cmn",NA,"2015","written","non-fiction","prepared_speeches","Hans",NA,"OpenSubtitles2018","https://object.pouta.csc.fi/OPUS-OpenSubtitles/v2016/raw/zh.zip","http://www.opensubtitles.org/","http://www.opensubtitles.org/ P. Lison and J. Tiedemann, 2016, OpenSubtitles2016: Extracting Large Parallel Corpora from Movie and TV Subtitles. In Proceedings of the 10th International Conference on Language Resources and Evaluation (LREC 2016)","whole","chars transliterated to strokes"
14367,12530530,"臣也罵道：「前日誤中詭計，今番定要擒你獻功，以泄前日之恨！」孛臣說罷，衝殺過",NA,"eaieaf sac aiaaeeaeeasoooo otetaieeeown oteaseear aiee0 oeeeaieaieeetn aiea oeeeaiethetsc oeeeaieea tnoh toteatnaieae ooheaetn eaiaaegte erdtnoetofaaslo tathrto aehteceaieasoteaetno eadst moto oodeaaef oteaseear aiee0 ohn ooaieemtn eaohhre eaieaf oeeeaietnaietc aiaaeloaseetctc ttateaieeeadeer toertotjhn aiiasaieown",NA,NA,NA,NA,NA,NA,NA,81,"cmn_fic_39.txt","Mandarin","Mandarin Chinese","cmn",NA,"2007","written","fiction","general_fiction","Hans",NA,"Anonymous, 木蘭奇女傳, Hua, Mulan (Legendary character) -- Fiction","http://www.gutenberg.org/ebooks/23938.html.noimages","http://www.gutenberg.org","http://www.gutenberg.org","part","chars transliterated to strokes"
14505,12747836,"怎么了？",NA,"teaeeouoo tlo hr",NA,NA,NA,NA,NA,NA,NA,82,"cmn_nfi_163.txt","Mandarin","Mandarin Chinese","cmn",NA,"2015","written","non-fiction","prepared_speeches","Hans",NA,"OpenSubtitles2018","https://object.pouta.csc.fi/OPUS-OpenSubtitles/v2016/raw/zh.zip","http://www.opensubtitles.org/","http://www.opensubtitles.org/ P. Lison and J. Tiedemann, 2016, OpenSubtitles2016: Extracting Large Parallel Corpora from Movie and TV Subtitles. In Proceedings of the 10th International Conference on Language Resources and Evaluation (LREC 2016)","whole","chars transliterated to strokes"
14439,12667192,"嗨 Hi!",NA,"aieoodtefsoeo",NA,NA,NA,NA,NA,NA,NA,82,"cmn_nfi_103.txt","Mandarin","Mandarin Chinese","cmn",NA,"2015","written","non-fiction","prepared_speeches","Hans",NA,"OpenSubtitles2018","https://object.pouta.csc.fi/OPUS-OpenSubtitles/v2016/raw/zh.zip","http://www.opensubtitles.org/","http://www.opensubtitles.org/ P. Lison and J. Tiedemann, 2016, OpenSubtitles2016: Extracting Large Parallel Corpora from Movie and TV Subtitles. In Proceedings of the 10th International Conference on Language Resources and Evaluation (LREC 2016)","whole","chars transliterated to strokes"
14469,12709763,"-干杯",NA,"eea eatoetao",NA,NA,NA,NA,NA,NA,NA,82,"cmn_nfi_130.txt","Mandarin","Mandarin Chinese","cmn",NA,"2014","written","non-fiction","prepared_speeches","Hans",NA,"OpenSubtitles2018","https://object.pouta.csc.fi/OPUS-OpenSubtitles/v2016/raw/zh.zip","http://www.opensubtitles.org/","http://www.opensubtitles.org/ P. Lison and J. Tiedemann, 2016, OpenSubtitles2016: Extracting Large Parallel Corpora from Movie and TV Subtitles. In Proceedings of the 10th International Conference on Language Resources and Evaluation (LREC 2016)","whole","chars transliterated to strokes"
14755,13045826,"另外15万爱尔兰人， 妇女和儿童",NA,"aiest0 thoao est tootohethn thrto oteee tn1 gteiee gte teatoaie tc0 oeoteaieeaee",NA,NA,NA,NA,NA,NA,NA,82,"cmn_nfi_389.txt","Mandarin","Mandarin Chinese","cmn",NA,"2014","written","non-fiction","prepared_speeches","Hans",NA,"OpenSubtitles2018","https://object.pouta.csc.fi/OPUS-OpenSubtitles/v2016/raw/zh.zip","http://www.opensubtitles.org/","http://www.opensubtitles.org/ P. Lison and J. Tiedemann, 2016, OpenSubtitles2016: Extracting Large Parallel Corpora from Movie and TV Subtitles. In Proceedings of the 10th International Conference on Language Resources and Evaluation (LREC 2016)","whole","chars transliterated to strokes"
15047,13365991,"我们放在冷藏室 所以...",NA,"terduto taoas oesttetn etaeae odtnoho eaaetfeteaieafuto ooheloeae ttiettea moto",NA,NA,NA,NA,NA,NA,NA,82,"cmn_nfi_651.txt","Mandarin","Mandarin Chinese","cmn",NA,"2014","written","non-fiction","prepared_speeches","Hans",NA,"OpenSubtitles2018","https://object.pouta.csc.fi/OPUS-OpenSubtitles/v2016/raw/zh.zip","http://www.opensubtitles.org/","http://www.opensubtitles.org/ P. Lison and J. Tiedemann, 2016, OpenSubtitles2016: Extracting Large Parallel Corpora from Movie and TV Subtitles. In Proceedings of the 10th International Conference on Language Resources and Evaluation (LREC 2016)","whole","chars transliterated to strokes"
14603,12880383,"停一下先",NA,"taoeaieoher e eao teaetc",NA,NA,NA,NA,NA,NA,NA,82,"cmn_nfi_251.txt","Mandarin","Mandarin Chinese","cmn",NA,NA,"written","non-fiction","prepared_speeches","Hans",NA,"OpenSubtitles2018","https://object.pouta.csc.fi/OPUS-OpenSubtitles/v2016/raw/zh.zip","http://www.opensubtitles.org/","http://www.opensubtitles.org/ P. Lison and J. Tiedemann, 2016, OpenSubtitles2016: Extracting Large Parallel Corpora from Movie and TV Subtitles. In Proceedings of the 10th International Conference on Language Resources and Evaluation (LREC 2016)","whole","chars transliterated to strokes"
14569,12827362,"你可別在這裏耍花招，小子",NA,"tathrto eaier aiestar0 etaeae oeeeaieown oeaieeaeetmtn etasaagte eaatatc erdstaie1 rto hre0",NA,NA,NA,NA,NA,NA,NA,82,"cmn_nfi_220.txt","Mandarin","Mandarin Chinese","cmn",NA,"2015","written","non-fiction","prepared_speeches","Hans",NA,"OpenSubtitles2018","https://object.pouta.csc.fi/OPUS-OpenSubtitles/v2016/raw/zh.zip","http://www.opensubtitles.org/","http://www.opensubtitles.org/ P. Lison and J. Tiedemann, 2016, OpenSubtitles2016: Extracting Large Parallel Corpora from Movie and TV Subtitles. In Proceedings of the 10th International Conference on Language Resources and Evaluation (LREC 2016)","whole","chars transliterated to strokes"
14841,13142492,"很可爱 而且还很萌",NA,"ttaieemtn eaier tootohethn etasaa aieee0 etaoown ttaieemtn eaaaieetsee",NA,NA,NA,NA,NA,NA,NA,82,"cmn_nfi_466.txt","Mandarin","Mandarin Chinese","cmn",NA,"2014","written","non-fiction","prepared_speeches","Hans",NA,"OpenSubtitles2018","https://object.pouta.csc.fi/OPUS-OpenSubtitles/v2016/raw/zh.zip","http://www.opensubtitles.org/","http://www.opensubtitles.org/ P. Lison and J. Tiedemann, 2016, OpenSubtitles2016: Extracting Large Parallel Corpora from Movie and TV Subtitles. In Proceedings of the 10th International Conference on Language Resources and Evaluation (LREC 2016)","whole","chars transliterated to strokes"
14570,12830378,"不",NA,"etao",NA,NA,NA,NA,NA,NA,NA,82,"cmn_nfi_221.txt","Mandarin","Mandarin Chinese","cmn",NA,"2014","written","non-fiction","prepared_speeches","Hans",NA,"OpenSubtitles2018","https://object.pouta.csc.fi/OPUS-OpenSubtitles/v2016/raw/zh.zip","http://www.opensubtitles.org/","http://www.opensubtitles.org/ P. Lison and J. Tiedemann, 2016, OpenSubtitles2016: Extracting Large Parallel Corpora from Movie and TV Subtitles. In Proceedings of the 10th International Conference on Language Resources and Evaluation (LREC 2016)","whole","chars transliterated to strokes"
14980,13295969,"我为你父亲工作 好不好？",NA,"terduto otso tathrto totn2 oeoteerto eae2 tateaee gtehre etao gtehre",NA,NA,NA,NA,NA,NA,NA,82,"cmn_nfi_591.txt","Mandarin","Mandarin Chinese","cmn",NA,"2014","written","non-fiction","prepared_speeches","Hans",NA,"OpenSubtitles2018","https://object.pouta.csc.fi/OPUS-OpenSubtitles/v2016/raw/zh.zip","http://www.opensubtitles.org/","http://www.opensubtitles.org/ P. Lison and J. Tiedemann, 2016, OpenSubtitles2016: Extracting Large Parallel Corpora from Movie and TV Subtitles. In Proceedings of the 10th International Conference on Language Resources and Evaluation (LREC 2016)","whole","chars transliterated to strokes"
14385,12560988,"年少從渠笑裡懶，",NA,"teeaea atot ttatotoaetn oodeiefeatn teoteotetn ohatoaieeaee ooaeaieatothaieeeto",NA,NA,NA,NA,NA,NA,NA,81,"cmn_fic_55.txt","Mandarin","Mandarin Chinese","cmn",NA,"2008","written","fiction","general_fiction","Hans",NA,"Unknown, 天豹圖, China -- History -- Song dynasty, 960-1279 -- Fiction","http://www.gutenberg.org/ebooks/26904.html.noimages","http://www.gutenberg.org","http://www.gutenberg.org","part","chars transliterated to strokes"
14859,13163116,"我一直觉得",NA,"terduto e eaaieeee ootohaitc ttaaieeeero",NA,NA,NA,NA,NA,NA,NA,82,"cmn_nfi_482.txt","Mandarin","Mandarin Chinese","cmn",NA,"2014","written","non-fiction","prepared_speeches","Hans",NA,"OpenSubtitles2018","https://object.pouta.csc.fi/OPUS-OpenSubtitles/v2016/raw/zh.zip","http://www.opensubtitles.org/","http://www.opensubtitles.org/ P. Lison and J. Tiedemann, 2016, OpenSubtitles2016: Extracting Large Parallel Corpora from Movie and TV Subtitles. In Proceedings of the 10th International Conference on Language Resources and Evaluation (LREC 2016)","whole","chars transliterated to strokes"
14588,12853993,"我想問你認識星爺嗎？",NA,"terduto eatoaieeeouoo ieeaaseeaie tathrto oeeeaiestoouoo oeeeaieoeoteaieeuto aieeteeae0 totneaaeedpa aieeaeeasoooo",NA,NA,NA,NA,NA,NA,NA,82,"cmn_nfi_238.txt","Mandarin","Mandarin Chinese","cmn",NA,NA,"written","non-fiction","prepared_speeches","Hans",NA,"OpenSubtitles2018","https://object.pouta.csc.fi/OPUS-OpenSubtitles/v2016/raw/zh.zip","http://www.opensubtitles.org/","http://www.opensubtitles.org/ P. Lison and J. Tiedemann, 2016, OpenSubtitles2016: Extracting Large Parallel Corpora from Movie and TV Subtitles. In Proceedings of the 10th International Conference on Language Resources and Evaluation (LREC 2016)","whole","chars transliterated to strokes"
14749,13039802,"- 去他娘的!",NA,"eaelo tasac gteoieemtn taieetso",NA,NA,NA,NA,NA,NA,NA,82,"cmn_nfi_383.txt","Mandarin","Mandarin Chinese","cmn",NA,NA,"written","non-fiction","prepared_speeches","Hans",NA,"OpenSubtitles2018","https://object.pouta.csc.fi/OPUS-OpenSubtitles/v2016/raw/zh.zip","http://www.opensubtitles.org/","http://www.opensubtitles.org/ P. Lison and J. Tiedemann, 2016, OpenSubtitles2016: Extracting Large Parallel Corpora from Movie and TV Subtitles. In Proceedings of the 10th International Conference on Language Resources and Evaluation (LREC 2016)","whole","chars transliterated to strokes"
14455,12682391,"真的好好吃",NA,"eaaieeeeto taieetso gtehre gtehre aietev",NA,NA,NA,NA,NA,NA,NA,82,"cmn_nfi_118.txt","Mandarin","Mandarin Chinese","cmn",NA,"2015","written","non-fiction","prepared_speeches","Hans",NA,"OpenSubtitles2018","https://object.pouta.csc.fi/OPUS-OpenSubtitles/v2016/raw/zh.zip","http://www.opensubtitles.org/","http://www.opensubtitles.org/ P. Lison and J. Tiedemann, 2016, OpenSubtitles2016: Extracting Large Parallel Corpora from Movie and TV Subtitles. In Proceedings of the 10th International Conference on Language Resources and Evaluation (LREC 2016)","whole","chars transliterated to strokes"
14825,13125567,"不，不是真的沒有。",NA,"etao etao aieeeaetn eaaieeeeto taieetso oodtshn etasee",NA,NA,NA,NA,NA,NA,NA,82,"cmn_nfi_451.txt","Mandarin","Mandarin Chinese","cmn",NA,"2014","written","non-fiction","prepared_speeches","Hans",NA,"OpenSubtitles2018","https://object.pouta.csc.fi/OPUS-OpenSubtitles/v2016/raw/zh.zip","http://www.opensubtitles.org/","http://www.opensubtitles.org/ P. Lison and J. Tiedemann, 2016, OpenSubtitles2016: Extracting Large Parallel Corpora from Movie and TV Subtitles. In Proceedings of the 10th International Conference on Language Resources and Evaluation (LREC 2016)","whole","chars transliterated to strokes"
14426,12643398,"因又笑說道：“几年門子也會鑽了．由知府推升轉了御史，不過几年，升了吏部",NA,"aietoe hn teoteotetn oeeeaietnaietc otetaieeeown tv1 teeaea ieeaasee hre0 sac tneaiaoteaiee toeeaotdteaetmteaetcaieeeto hr aieae1 teetoaie oettaero erdtaoeeeae teta eaieeeaeaieeadoero hr ttateeaeadsa aietn1 etao aiiasaieown tv1 teeaea teta hr eaietn oeoteaiepa",NA,NA,NA,NA,NA,NA,NA,81,"cmn_fic_92.txt","Mandarin","Mandarin Chinese","cmn",NA,"2008","written","fiction","general_fiction","Hans",NA,"Cao, Xueqin, 1717?-1763, 紅樓夢, China -- History -- Qing dynasty, 1644-1912 -- Fiction","http://www.gutenberg.org/ebooks/24264.html.noimages","http://www.gutenberg.org","http://www.gutenberg.org","part","chars transliterated to strokes"
14797,13091970,"欸 你不教我打球 拼什麼拼圖",NA,"loteetothtn tathrto etao eaethrdtetn terduto erder eeaderodtno erdoteeta taea oeteatoeatnllo erdoteeta aiaieeaaiaieee",NA,NA,NA,NA,NA,NA,NA,82,"cmn_nfi_426.txt","Mandarin","Mandarin Chinese","cmn",NA,NA,"written","non-fiction","prepared_speeches","Hans",NA,"OpenSubtitles2018","https://object.pouta.csc.fi/OPUS-OpenSubtitles/v2016/raw/zh.zip","http://www.opensubtitles.org/","http://www.opensubtitles.org/ P. Lison and J. Tiedemann, 2016, OpenSubtitles2016: Extracting Large Parallel Corpora from Movie and TV Subtitles. In Proceedings of the 10th International Conference on Language Resources and Evaluation (LREC 2016)","whole","chars transliterated to strokes"
14512,12756629,"秀晶她",NA,"teatnpt aieeaieeaiee0 gtesac",NA,NA,NA,NA,NA,NA,NA,82,"cmn_nfi_17.txt","Mandarin","Mandarin Chinese","cmn",NA,NA,"written","non-fiction","prepared_speeches","Hans",NA,"OpenSubtitles2018","https://object.pouta.csc.fi/OPUS-OpenSubtitles/v2016/raw/zh.zip","http://www.opensubtitles.org/","http://www.opensubtitles.org/ P. Lison and J. Tiedemann, 2016, OpenSubtitles2016: Extracting Large Parallel Corpora from Movie and TV Subtitles. In Proceedings of the 10th International Conference on Language Resources and Evaluation (LREC 2016)","whole","chars transliterated to strokes"
14510,12754029,"是 我知道 Yeah, I know.",NA,"aieeeaetn terduto teetoaie otetaieeeown",NA,NA,NA,NA,NA,NA,NA,82,"cmn_nfi_168.txt","Mandarin","Mandarin Chinese","cmn",NA,"2015","written","non-fiction","prepared_speeches","Hans",NA,"OpenSubtitles2018","https://object.pouta.csc.fi/OPUS-OpenSubtitles/v2016/raw/zh.zip","http://www.opensubtitles.org/","http://www.opensubtitles.org/ P. Lison and J. Tiedemann, 2016, OpenSubtitles2016: Extracting Large Parallel Corpora from Movie and TV Subtitles. In Proceedings of the 10th International Conference on Language Resources and Evaluation (LREC 2016)","whole","chars transliterated to strokes"
14624,12902189,"你这么坚持了武器？",NA,"tathrto oetoown tlo aahneae erdeaeero hr eeaeaduo aieaieetnoaieaie",NA,NA,NA,NA,NA,NA,NA,82,"cmn_nfi_270.txt","Mandarin","Mandarin Chinese","cmn",NA,"2014","written","non-fiction","prepared_speeches","Hans",NA,"OpenSubtitles2018","https://object.pouta.csc.fi/OPUS-OpenSubtitles/v2016/raw/zh.zip","http://www.opensubtitles.org/","http://www.opensubtitles.org/ P. Lison and J. Tiedemann, 2016, OpenSubtitles2016: Extracting Large Parallel Corpora from Movie and TV Subtitles. In Proceedings of the 10th International Conference on Language Resources and Evaluation (LREC 2016)","whole","chars transliterated to strokes"
14792,13084302,"墨西哥鸡肉卷",NA,"aioteaeeooooeae eaitfe eaieaeaier hotsobe astoto1 oteetnsc",NA,NA,NA,NA,NA,NA,NA,82,"cmn_nfi_421.txt","Mandarin","Mandarin Chinese","cmn",NA,"2014","written","non-fiction","prepared_speeches","Hans",NA,"OpenSubtitles2018","https://object.pouta.csc.fi/OPUS-OpenSubtitles/v2016/raw/zh.zip","http://www.opensubtitles.org/","http://www.opensubtitles.org/ P. Lison and J. Tiedemann, 2016, OpenSubtitles2016: Extracting Large Parallel Corpora from Movie and TV Subtitles. In Proceedings of the 10th International Conference on Language Resources and Evaluation (LREC 2016)","whole","chars transliterated to strokes"
14685,12970727,"我不希望你有所误会",NA,"terduto etao toetasa oemtseeeeae tathrto etasee ttiettea oyaieeetn tneelo",NA,NA,NA,NA,NA,NA,NA,82,"cmn_nfi_325.txt","Mandarin","Mandarin Chinese","cmn",NA,NA,"written","non-fiction","prepared_speeches","Hans",NA,"OpenSubtitles2018","https://object.pouta.csc.fi/OPUS-OpenSubtitles/v2016/raw/zh.zip","http://www.opensubtitles.org/","http://www.opensubtitles.org/ P. Lison and J. Tiedemann, 2016, OpenSubtitles2016: Extracting Large Parallel Corpora from Movie and TV Subtitles. In Proceedings of the 10th International Conference on Language Resources and Evaluation (LREC 2016)","whole","chars transliterated to strokes"
14605,12882695,"一切還順利吧？",NA,"e emst aiaaeeaietmtoown taaetaieeeto teatoar aieiaec0",NA,NA,NA,NA,NA,NA,NA,82,"cmn_nfi_253.txt","Mandarin","Mandarin Chinese","cmn",NA,"2014","written","non-fiction","prepared_speeches","Hans",NA,"OpenSubtitles2018","https://object.pouta.csc.fi/OPUS-OpenSubtitles/v2016/raw/zh.zip","http://www.opensubtitles.org/","http://www.opensubtitles.org/ P. Lison and J. Tiedemann, 2016, OpenSubtitles2016: Extracting Large Parallel Corpora from Movie and TV Subtitles. In Proceedings of the 10th International Conference on Language Resources and Evaluation (LREC 2016)","whole","chars transliterated to strokes"
14664,12943704,"知道我都思考了什么吗",NA,"teetoaie otetaieeeown terduto eaetaieepa aieaeouoo eaeteb hr taea tlo aieibe",NA,NA,NA,NA,NA,NA,NA,82,"cmn_nfi_306.txt","Mandarin","Mandarin Chinese","cmn",NA,"2014","written","non-fiction","prepared_speeches","Hans",NA,"OpenSubtitles2018","https://object.pouta.csc.fi/OPUS-OpenSubtitles/v2016/raw/zh.zip","http://www.opensubtitles.org/","http://www.opensubtitles.org/ P. Lison and J. Tiedemann, 2016, OpenSubtitles2016: Extracting Large Parallel Corpora from Movie and TV Subtitles. In Proceedings of the 10th International Conference on Language Resources and Evaluation (LREC 2016)","whole","chars transliterated to strokes"
14372,12533046,"為何不帶著眼睛，汝也不是瞎子，走在爺爺面前，還不看見！」馬榮見他叫罵，",NA,"otiisoooo taeaier etao eaaetcohasa eaaeaetaiee aieeeieemtn aieeeeeaeasee oodgte sac etao aieeeaetn aieeeooheeeaaie hre0 eaeaetn etaeae totneaaeedpa totneaaeedpa etaiaaeee oteaseear aiaaeeaietmtoown etao teetaieee aieeetc1 eaeeasoooo ottoottooheatn aieeetc1 tasac aiema aiaaeeaeeasoooo",NA,NA,NA,NA,NA,NA,NA,81,"cmn_fic_43.txt","Mandarin","Mandarin Chinese","cmn",NA,"2009","written","fiction","general_fiction","Hans",NA,"Anonymous, 狄公案, Di, Renjie, 629-700 -- Fiction","http://www.gutenberg.org/ebooks/27686.html.noimages","http://www.gutenberg.org","http://www.gutenberg.org","part","chars transliterated to strokes"
14457,12686047,"肖恩 收手吧",NA,"aotasee aietoeouoo matetn teer aieiaec0",NA,NA,NA,NA,NA,NA,NA,82,"cmn_nfi_12.txt","Mandarin","Mandarin Chinese","cmn",NA,"2015","written","non-fiction","prepared_speeches","Hans",NA,"OpenSubtitles2018","https://object.pouta.csc.fi/OPUS-OpenSubtitles/v2016/raw/zh.zip","http://www.opensubtitles.org/","http://www.opensubtitles.org/ P. Lison and J. Tiedemann, 2016, OpenSubtitles2016: Extracting Large Parallel Corpora from Movie and TV Subtitles. In Proceedings of the 10th International Conference on Language Resources and Evaluation (LREC 2016)","whole","chars transliterated to strokes"
15029,13348565,"- 您在海上工作？",NA,"tathrtoouoo etaeae oodtefsoeo aee eae2 tateaee",NA,NA,NA,NA,NA,NA,NA,82,"cmn_nfi_635.txt","Mandarin","Mandarin Chinese","cmn",NA,"2014","written","non-fiction","prepared_speeches","Hans",NA,"OpenSubtitles2018","https://object.pouta.csc.fi/OPUS-OpenSubtitles/v2016/raw/zh.zip","http://www.opensubtitles.org/","http://www.opensubtitles.org/ P. Lison and J. Tiedemann, 2016, OpenSubtitles2016: Extracting Large Parallel Corpora from Movie and TV Subtitles. In Proceedings of the 10th International Conference on Language Resources and Evaluation (LREC 2016)","whole","chars transliterated to strokes"
14721,13010479,"东植啊 你回去吧",NA,"elrto eatoeaaieeee aiepaeaier tathrto aiaiee eaelo aieiaec0",NA,NA,NA,NA,NA,NA,NA,82,"cmn_nfi_358.txt","Mandarin","Mandarin Chinese","cmn",NA,"2014","written","non-fiction","prepared_speeches","Hans",NA,"OpenSubtitles2018","https://object.pouta.csc.fi/OPUS-OpenSubtitles/v2016/raw/zh.zip","http://www.opensubtitles.org/","http://www.opensubtitles.org/ P. Lison and J. Tiedemann, 2016, OpenSubtitles2016: Extracting Large Parallel Corpora from Movie and TV Subtitles. In Proceedings of the 10th International Conference on Language Resources and Evaluation (LREC 2016)","whole","chars transliterated to strokes"
14837,13137678,"从后方的楼梯和仆役走廊",NA,"totn1 tteaie oest taieetso eatooteatngte eatootiebat teatoaie taao ttatjhn eaeaetn oetoieemopa",NA,NA,NA,NA,NA,NA,NA,82,"cmn_nfi_462.txt","Mandarin","Mandarin Chinese","cmn",NA,"2014","written","non-fiction","prepared_speeches","Hans",NA,"OpenSubtitles2018","https://object.pouta.csc.fi/OPUS-OpenSubtitles/v2016/raw/zh.zip","http://www.opensubtitles.org/","http://www.opensubtitles.org/ P. Lison and J. Tiedemann, 2016, OpenSubtitles2016: Extracting Large Parallel Corpora from Movie and TV Subtitles. In Proceedings of the 10th International Conference on Language Resources and Evaluation (LREC 2016)","whole","chars transliterated to strokes"
14600,12876543,"-=破烂熊字幕组=- 翻译：",NA,"etaiehtahn ottooteee loaseetctcoooo oohhre eaaaieeetnasa lldaieee toteatoaieaesodsod oyhneea",NA,NA,NA,NA,NA,NA,NA,82,"cmn_nfi_249.txt","Mandarin","Mandarin Chinese","cmn",NA,NA,"written","non-fiction","prepared_speeches","Hans",NA,"OpenSubtitles2018","https://object.pouta.csc.fi/OPUS-OpenSubtitles/v2016/raw/zh.zip","http://www.opensubtitles.org/","http://www.opensubtitles.org/ P. Lison and J. Tiedemann, 2016, OpenSubtitles2016: Extracting Large Parallel Corpora from Movie and TV Subtitles. In Proceedings of the 10th International Conference on Language Resources and Evaluation (LREC 2016)","whole","chars transliterated to strokes"
14909,13217840,"-和你很像",NA,"teatoaie tathrto ttaieemtn tathaietktttn",NA,NA,NA,NA,NA,NA,NA,82,"cmn_nfi_527.txt","Mandarin","Mandarin Chinese","cmn",NA,"2014","written","non-fiction","prepared_speeches","Hans",NA,"OpenSubtitles2018","https://object.pouta.csc.fi/OPUS-OpenSubtitles/v2016/raw/zh.zip","http://www.opensubtitles.org/","http://www.opensubtitles.org/ P. Lison and J. Tiedemann, 2016, OpenSubtitles2016: Extracting Large Parallel Corpora from Movie and TV Subtitles. In Proceedings of the 10th International Conference on Language Resources and Evaluation (LREC 2016)","whole","chars transliterated to strokes"
14984,13299974,"[哒]",NA,"aieetoown",NA,NA,NA,NA,NA,NA,NA,82,"cmn_nfi_595.txt","Mandarin","Mandarin Chinese","cmn",NA,"2013","written","non-fiction","prepared_speeches","Hans",NA,"OpenSubtitles2018","https://object.pouta.csc.fi/OPUS-OpenSubtitles/v2016/raw/zh.zip","http://www.opensubtitles.org/","http://www.opensubtitles.org/ P. Lison and J. Tiedemann, 2016, OpenSubtitles2016: Extracting Large Parallel Corpora from Movie and TV Subtitles. In Proceedings of the 10th International Conference on Language Resources and Evaluation (LREC 2016)","whole","chars transliterated to strokes"
14836,13136721,"难道你只想去扫地？",NA,"hotaoeeeae otetaieeeown tathrto aieto eatoaieeeouoo eaelo erdiee eadsac",NA,NA,NA,NA,NA,NA,NA,82,"cmn_nfi_461.txt","Mandarin","Mandarin Chinese","cmn",NA,"2014","written","non-fiction","prepared_speeches","Hans",NA,"OpenSubtitles2018","https://object.pouta.csc.fi/OPUS-OpenSubtitles/v2016/raw/zh.zip","http://www.opensubtitles.org/","http://www.opensubtitles.org/ P. Lison and J. Tiedemann, 2016, OpenSubtitles2016: Extracting Large Parallel Corpora from Movie and TV Subtitles. In Proceedings of the 10th International Conference on Language Resources and Evaluation (LREC 2016)","whole","chars transliterated to strokes"
14323,12454782,"灘，團團圍定，以為唾手可取。只是船到灘邊，便見兩條黃龍旋繞在御營上，",NA,"oodeaaeaieeetotaoeeeae aieaieeadoeroe aieaieeadoeroe aiiaeaieelae ooheaetn moto otiisoooo aieteaeaaee teer eaier eaaeedhn aieto aieeeaetn ttsoeotjaie eloeadar oodeaaeaieeetotaoeeeae taieeeoohtooestown taeaieetn aieeetc1 easatoto taathnerto eaaeeaieaeto oeoteaseeexeceee oesttehaetn llooooeaeeadeaeetc etaeae ttateeaeadsa ottoottoohaieaie aee",NA,NA,NA,NA,NA,NA,NA,81,"cmn_fic_102.txt","Mandarin","Mandarin Chinese","cmn",NA,"2008","written","fiction","general_fiction","Hans",NA,"Chen, Chen, 1608?-, 水滸後傳, Chinese fiction -- Qing dynasty, 1644-1912","http://www.gutenberg.org/ebooks/25217.html.noimages","http://www.gutenberg.org","http://www.gutenberg.org","part","chars transliterated to strokes"
14753,13044415,"大家集中，他们分明在东面",NA,"etn1 oohetktttn taoeeeaeeatn aiea tasac taoas tnst aieetsee etaeae elrto etaiaaeee",NA,NA,NA,NA,NA,NA,NA,82,"cmn_nfi_387.txt","Mandarin","Mandarin Chinese","cmn",NA,NA,"written","non-fiction","prepared_speeches","Hans",NA,"OpenSubtitles2018","https://object.pouta.csc.fi/OPUS-OpenSubtitles/v2016/raw/zh.zip","http://www.opensubtitles.org/","http://www.opensubtitles.org/ P. Lison and J. Tiedemann, 2016, OpenSubtitles2016: Extracting Large Parallel Corpora from Movie and TV Subtitles. In Proceedings of the 10th International Conference on Language Resources and Evaluation (LREC 2016)","whole","chars transliterated to strokes"
14590,12859423,"最高的",NA,"aieeeaaeedhn oeaieasaie taieetso",NA,NA,NA,NA,NA,NA,NA,82,"cmn_nfi_24.txt","Mandarin","Mandarin Chinese","cmn",NA,"2015","written","non-fiction","prepared_speeches","Hans",NA,"OpenSubtitles2018","https://object.pouta.csc.fi/OPUS-OpenSubtitles/v2016/raw/zh.zip","http://www.opensubtitles.org/","http://www.opensubtitles.org/ P. Lison and J. Tiedemann, 2016, OpenSubtitles2016: Extracting Large Parallel Corpora from Movie and TV Subtitles. In Proceedings of the 10th International Conference on Language Resources and Evaluation (LREC 2016)","whole","chars transliterated to strokes"
15075,13391778,"换做是别人 你还愿意这么做吗",NA,"erdthaietn taeaaietetn aieeeaetn aiestar1 tn1 tathrto etaoown ettaieertoouoo oeoteaieeouoo oetoown tlo taeaaietetn aieibe",NA,NA,NA,NA,NA,NA,NA,82,"cmn_nfi_76.txt","Mandarin","Mandarin Chinese","cmn",NA,NA,"written","non-fiction","prepared_speeches","Hans",NA,"OpenSubtitles2018","https://object.pouta.csc.fi/OPUS-OpenSubtitles/v2016/raw/zh.zip","http://www.opensubtitles.org/","http://www.opensubtitles.org/ P. Lison and J. Tiedemann, 2016, OpenSubtitles2016: Extracting Large Parallel Corpora from Movie and TV Subtitles. In Proceedings of the 10th International Conference on Language Resources and Evaluation (LREC 2016)","whole","chars transliterated to strokes"
14900,13208198,"这就是我的使命 时刻担惊受怕 That is precisely what I am bid to do.",NA,"oetoown oeaiertoetco aieeeaetn terduto taieetso taeaietn tneaiesa aieeero oelttoar erdaieee1 ooaoeaierto tootohhn ooataiee",NA,NA,NA,NA,NA,NA,NA,82,"cmn_nfi_519.txt","Mandarin","Mandarin Chinese","cmn",NA,NA,"written","non-fiction","prepared_speeches","Hans",NA,"OpenSubtitles2018","https://object.pouta.csc.fi/OPUS-OpenSubtitles/v2016/raw/zh.zip","http://www.opensubtitles.org/","http://www.opensubtitles.org/ P. Lison and J. Tiedemann, 2016, OpenSubtitles2016: Extracting Large Parallel Corpora from Movie and TV Subtitles. In Proceedings of the 10th International Conference on Language Resources and Evaluation (LREC 2016)","whole","chars transliterated to strokes"
14647,12925405,"人多得像是稼俱大壹踢在促销",NA,"tn1 thotho ttaaieeeero tathaietktttn aieeeaetn teatooohetktttn taaieeeeto0 etn1 eaeoheaieote aieaeadaieetstt etaeae taaieaetn teeemaotasee",NA,NA,NA,NA,NA,NA,NA,82,"cmn_nfi_291.txt","Mandarin","Mandarin Chinese","cmn",NA,"2014","written","non-fiction","prepared_speeches","Hans",NA,"OpenSubtitles2018","https://object.pouta.csc.fi/OPUS-OpenSubtitles/v2016/raw/zh.zip","http://www.opensubtitles.org/","http://www.opensubtitles.org/ P. Lison and J. Tiedemann, 2016, OpenSubtitles2016: Extracting Large Parallel Corpora from Movie and TV Subtitles. In Proceedings of the 10th International Conference on Language Resources and Evaluation (LREC 2016)","whole","chars transliterated to strokes"
14405,12595806,"喜不過，到要尋個所在，暗暗與他相會。小姐得了風趣，就是有些敗露，又",NA,"eaeaieoteaie etao aiiasaieown eloeadar eaiaaegte ieeeadaieero taaieaaiee ttiettea etaeae aieeoeoteaiee aieeoeoteaiee taeeexaieeeto tasac eatoaieee2 tneaiaoteaiee rto gteaieee1 ttaaieeeero hr tvtaieaeo eaeaetneaaeedho oeaiertoetco aieeeaetn etasee aeadtcee aieeetotetn eohaooooaieaeadthnaie hn",NA,NA,NA,NA,NA,NA,NA,81,"cmn_fic_73.txt","Mandarin","Mandarin Chinese","cmn",NA,"2008","written","fiction","general_fiction","Hans",NA,"Baowenglaoren, 今古奇觀, Chinese fiction -- Ming dynasty, 1368-1644","http://www.gutenberg.org/ebooks/24230.html.noimages","http://www.gutenberg.org","http://www.gutenberg.org","part","chars transliterated to strokes"
14781,13072673,"弗兰克？",NA,"iebta oteee eaaietc",NA,NA,NA,NA,NA,NA,NA,82,"cmn_nfi_411.txt","Mandarin","Mandarin Chinese","cmn",NA,"2014","written","non-fiction","prepared_speeches","Hans",NA,"OpenSubtitles2018","https://object.pouta.csc.fi/OPUS-OpenSubtitles/v2016/raw/zh.zip","http://www.opensubtitles.org/","http://www.opensubtitles.org/ P. Lison and J. Tiedemann, 2016, OpenSubtitles2016: Extracting Large Parallel Corpora from Movie and TV Subtitles. In Proceedings of the 10th International Conference on Language Resources and Evaluation (LREC 2016)","whole","chars transliterated to strokes"
14476,12717173,"嗨",NA,"aieoodtefsoeo",NA,NA,NA,NA,NA,NA,NA,82,"cmn_nfi_137.txt","Mandarin","Mandarin Chinese","cmn",NA,"2015","written","non-fiction","prepared_speeches","Hans",NA,"OpenSubtitles2018","https://object.pouta.csc.fi/OPUS-OpenSubtitles/v2016/raw/zh.zip","http://www.opensubtitles.org/","http://www.opensubtitles.org/ P. Lison and J. Tiedemann, 2016, OpenSubtitles2016: Extracting Large Parallel Corpora from Movie and TV Subtitles. In Proceedings of the 10th International Conference on Language Resources and Evaluation (LREC 2016)","whole","chars transliterated to strokes"
14828,13128145,"欢迎光临寒舍 welcome to my humble barge",NA,"hothtn tmsaown aotetc aateoaiae ooheeaaetnoo tneeaaie",NA,NA,NA,NA,NA,NA,NA,82,"cmn_nfi_454.txt","Mandarin","Mandarin Chinese","cmn",NA,"2014","written","non-fiction","prepared_speeches","Hans",NA,"OpenSubtitles2018","https://object.pouta.csc.fi/OPUS-OpenSubtitles/v2016/raw/zh.zip","http://www.opensubtitles.org/","http://www.opensubtitles.org/ P. Lison and J. Tiedemann, 2016, OpenSubtitles2016: Extracting Large Parallel Corpora from Movie and TV Subtitles. In Proceedings of the 10th International Conference on Language Resources and Evaluation (LREC 2016)","whole","chars transliterated to strokes"
14580,12842956,"我们阻止了Mark Massero杀掉Trevor Maloney We stopped Trevor Maloney from getting killed by Mark Massero.",NA,"terduto taoas paaieee aeae1 hr toerto erdaeaieeea",NA,NA,NA,NA,NA,NA,NA,82,"cmn_nfi_230.txt","Mandarin","Mandarin Chinese","cmn",NA,NA,"written","non-fiction","prepared_speeches","Hans",NA,"OpenSubtitles2018","https://object.pouta.csc.fi/OPUS-OpenSubtitles/v2016/raw/zh.zip","http://www.opensubtitles.org/","http://www.opensubtitles.org/ P. Lison and J. Tiedemann, 2016, OpenSubtitles2016: Extracting Large Parallel Corpora from Movie and TV Subtitles. In Proceedings of the 10th International Conference on Language Resources and Evaluation (LREC 2016)","whole","chars transliterated to strokes"
14515,12762033,"我看是在开会",NA,"terduto teetaieee aieeeaetn etaeae eeta2 tneelo",NA,NA,NA,NA,NA,NA,NA,82,"cmn_nfi_172.txt","Mandarin","Mandarin Chinese","cmn",NA,NA,"written","non-fiction","prepared_speeches","Hans",NA,"OpenSubtitles2018","https://object.pouta.csc.fi/OPUS-OpenSubtitles/v2016/raw/zh.zip","http://www.opensubtitles.org/","http://www.opensubtitles.org/ P. Lison and J. Tiedemann, 2016, OpenSubtitles2016: Extracting Large Parallel Corpora from Movie and TV Subtitles. In Proceedings of the 10th International Conference on Language Resources and Evaluation (LREC 2016)","whole","chars transliterated to strokes"
14584,12848402,"命令你們",NA,"tneaiesa tnoho tathrto taieeaasee",NA,NA,NA,NA,NA,NA,NA,82,"cmn_nfi_234.txt","Mandarin","Mandarin Chinese","cmn",NA,"2014","written","non-fiction","prepared_speeches","Hans",NA,"OpenSubtitles2018","https://object.pouta.csc.fi/OPUS-OpenSubtitles/v2016/raw/zh.zip","http://www.opensubtitles.org/","http://www.opensubtitles.org/ P. Lison and J. Tiedemann, 2016, OpenSubtitles2016: Extracting Large Parallel Corpora from Movie and TV Subtitles. In Proceedings of the 10th International Conference on Language Resources and Evaluation (LREC 2016)","whole","chars transliterated to strokes"
14623,12901157,"他父亲去世前 他俩一起拍的 that he started with his father before he passed away.",NA,"tasac totn2 oeoteerto eaelo eaaef oteaseear tasac taeastoto e eaeaetniec erdtaiee taieetso",NA,NA,NA,NA,NA,NA,NA,82,"cmn_nfi_27.txt","Mandarin","Mandarin Chinese","cmn",NA,NA,"written","non-fiction","prepared_speeches","Hans",NA,"OpenSubtitles2018","https://object.pouta.csc.fi/OPUS-OpenSubtitles/v2016/raw/zh.zip","http://www.opensubtitles.org/","http://www.opensubtitles.org/ P. Lison and J. Tiedemann, 2016, OpenSubtitles2016: Extracting Large Parallel Corpora from Movie and TV Subtitles. In Proceedings of the 10th International Conference on Language Resources and Evaluation (LREC 2016)","whole","chars transliterated to strokes"
14976,13293548,"来吧",NA,"eoteatn aieiaec0",NA,NA,NA,NA,NA,NA,NA,82,"cmn_nfi_588.txt","Mandarin","Mandarin Chinese","cmn",NA,"2014","written","non-fiction","prepared_speeches","Hans",NA,"OpenSubtitles2018","https://object.pouta.csc.fi/OPUS-OpenSubtitles/v2016/raw/zh.zip","http://www.opensubtitles.org/","http://www.opensubtitles.org/ P. Lison and J. Tiedemann, 2016, OpenSubtitles2016: Extracting Large Parallel Corpora from Movie and TV Subtitles. In Proceedings of the 10th International Conference on Language Resources and Evaluation (LREC 2016)","whole","chars transliterated to strokes"
14644,12922656,"她在临死前并不是一个善良的人",NA,"gtesac etaeae aateoaiae ethotc oteaseear oteeta etao aieeeaetn e tna oteeeaoteaie oieemtn taieetso tn1",NA,NA,NA,NA,NA,NA,NA,82,"cmn_nfi_289.txt","Mandarin","Mandarin Chinese","cmn",NA,NA,"written","non-fiction","prepared_speeches","Hans",NA,"OpenSubtitles2018","https://object.pouta.csc.fi/OPUS-OpenSubtitles/v2016/raw/zh.zip","http://www.opensubtitles.org/","http://www.opensubtitles.org/ P. Lison and J. Tiedemann, 2016, OpenSubtitles2016: Extracting Large Parallel Corpora from Movie and TV Subtitles. In Proceedings of the 10th International Conference on Language Resources and Evaluation (LREC 2016)","whole","chars transliterated to strokes"
14801,13098914,"你又想到了",NA,"tathrto hn eatoaieeeouoo eloeadar hr",NA,NA,NA,NA,NA,NA,NA,82,"cmn_nfi_43.txt","Mandarin","Mandarin Chinese","cmn",NA,NA,"written","non-fiction","prepared_speeches","Hans",NA,"OpenSubtitles2018","https://object.pouta.csc.fi/OPUS-OpenSubtitles/v2016/raw/zh.zip","http://www.opensubtitles.org/","http://www.opensubtitles.org/ P. Lison and J. Tiedemann, 2016, OpenSubtitles2016: Extracting Large Parallel Corpora from Movie and TV Subtitles. In Proceedings of the 10th International Conference on Language Resources and Evaluation (LREC 2016)","whole","chars transliterated to strokes"
14594,12867595,"我知道。",NA,"terduto teetoaie otetaieeeown",NA,NA,NA,NA,NA,NA,NA,82,"cmn_nfi_243.txt","Mandarin","Mandarin Chinese","cmn",NA,"2015","written","non-fiction","prepared_speeches","Hans",NA,"OpenSubtitles2018","https://object.pouta.csc.fi/OPUS-OpenSubtitles/v2016/raw/zh.zip","http://www.opensubtitles.org/","http://www.opensubtitles.org/ P. Lison and J. Tiedemann, 2016, OpenSubtitles2016: Extracting Large Parallel Corpora from Movie and TV Subtitles. In Proceedings of the 10th International Conference on Language Resources and Evaluation (LREC 2016)","whole","chars transliterated to strokes"
14870,13177484,"我弱爆了 疼死了",NA,"terduto iebodiebod ottoaieeeaaetnrodto hr oetodthnoo ethotc hr",NA,NA,NA,NA,NA,NA,NA,82,"cmn_nfi_492.txt","Mandarin","Mandarin Chinese","cmn",NA,NA,"written","non-fiction","prepared_speeches","Hans",NA,"OpenSubtitles2018","https://object.pouta.csc.fi/OPUS-OpenSubtitles/v2016/raw/zh.zip","http://www.opensubtitles.org/","http://www.opensubtitles.org/ P. Lison and J. Tiedemann, 2016, OpenSubtitles2016: Extracting Large Parallel Corpora from Movie and TV Subtitles. In Proceedings of the 10th International Conference on Language Resources and Evaluation (LREC 2016)","whole","chars transliterated to strokes"
14330,12463694,"是他疏忽，卻與正文無礙，還求大人通篇一看。」汪公祇得通卷看完，",NA,"aieeeaetn tasac haeadoelotac tsttouoo totoaiesa taeeexaieeeto eaeae oetn teeaaaaeoooo etaietcteetohohaetn aiaaeeaietmtoown erodtno etn1 tn1 hoaseeaown teoteooietaseaa e teetaieee oodeeae tnlo ohaotmeu ttaaieeeero hoaseeaown oteetnsc teetaieee ooheetc",NA,NA,NA,NA,NA,NA,NA,81,"cmn_fic_109.txt","Mandarin","Mandarin Chinese","cmn",NA,"2008","written","fiction","general_fiction","Hans",NA,"Chen, Lang, active 18th century, 雪月梅傳, Erotic stories, Chinese","http://www.gutenberg.org/ebooks/26739.html.noimages","http://www.gutenberg.org","http://www.gutenberg.org","part","chars transliterated to strokes"
14402,12588266,"陰獨察其動靜，與俱上下。何羅亦覺日磾意，以故久不得發。是時，上行幸林光宮，日",NA,"patnoheelo tktaiaaetsaieaeo oohthoohneerto eaaeeeto teaieeeadst eeaeaseetootieer taeeexaieeeto taaieeeeto0 aee eao taeaier aiaaellooootaoeeeae oetrto taeetotoieeohaieeetc aiee0 etaieaieaieaieeea oeoteaieeouoo moto eaaietetn thn0 etao ttaaieeeero hottniebtjho aieeeaetn aieeeaeero aee ttaeer eaeoteea eatoeatn aotetc oohaietaie aiee0",NA,NA,NA,NA,NA,NA,NA,81,"cmn_fic_70.txt","Mandarin","Mandarin Chinese","cmn",NA,"2007","written","fiction","general_fiction","Hans",NA,"Ban, Gu, 32-92, 漢書, China -- History -- Han dynasty, 202 B.C.-220 A.D.","http://www.gutenberg.org/ebooks/23841.html.noimages","http://www.gutenberg.org","http://www.gutenberg.org","part","chars transliterated to strokes"
9336,8419476,"Σταμάτα!",NA,"Σταμάτα",NA,NA,NA,NA,NA,NA,NA,42,"ell_nfi_915.txt","Greek (Modern)","Modern Greek","ell",NA,"2017","written","non-fiction","prepared_speeches","Grek",NA,"OpenSubtitles2018","https://object.pouta.csc.fi/OPUS-OpenSubtitles/v2018/raw/el.zip","http://www.opensubtitles.org/","http://www.opensubtitles.org/ P. Lison and J. Tiedemann, 2016, OpenSubtitles2016: Extracting Large Parallel Corpora from Movie and TV Subtitles. In Proceedings of the 10th International Conference on Language Resources and Evaluation (LREC 2016)","whole",NA
8469,7866925,"Ελπίζω να μην τρελάνετε τον νεαρό με τις ιστορίες σας.",NA,"Ελπίζω να μην τρελάνετε τον νεαρό με τις ιστορίες σας",NA,NA,NA,NA,NA,NA,NA,42,"ell_nfi_1412.txt","Greek (Modern)","Modern Greek","ell",NA,"2016","written","non-fiction","prepared_speeches","Grek",NA,"OpenSubtitles2018","https://object.pouta.csc.fi/OPUS-OpenSubtitles/v2018/raw/el.zip","http://www.opensubtitles.org/","http://www.opensubtitles.org/ P. Lison and J. Tiedemann, 2016, OpenSubtitles2016: Extracting Large Parallel Corpora from Movie and TV Subtitles. In Proceedings of the 10th International Conference on Language Resources and Evaluation (LREC 2016)","whole",NA
8557,7927039,"Τους διέταξε κυκλοφορήσει.",NA,"Τους διέταξε κυκλοφορήσει",NA,NA,NA,NA,NA,NA,NA,42,"ell_nfi_213.txt","Greek (Modern)","Modern Greek","ell",NA,"2017","written","non-fiction","prepared_speeches","Grek",NA,"OpenSubtitles2018","https://object.pouta.csc.fi/OPUS-OpenSubtitles/v2018/raw/el.zip","http://www.opensubtitles.org/","http://www.opensubtitles.org/ P. Lison and J. Tiedemann, 2016, OpenSubtitles2016: Extracting Large Parallel Corpora from Movie and TV Subtitles. In Proceedings of the 10th International Conference on Language Resources and Evaluation (LREC 2016)","whole",NA
8194,7682633,"Απλά πες τους την αλήθεια...",NA,"Απλά πες τους την αλήθεια",NA,NA,NA,NA,NA,NA,NA,42,"ell_nfi_1165.txt","Greek (Modern)","Modern Greek","ell",NA,"2016","written","non-fiction","prepared_speeches","Grek",NA,"OpenSubtitles2018","https://object.pouta.csc.fi/OPUS-OpenSubtitles/v2018/raw/el.zip","http://www.opensubtitles.org/","http://www.opensubtitles.org/ P. Lison and J. Tiedemann, 2016, OpenSubtitles2016: Extracting Large Parallel Corpora from Movie and TV Subtitles. In Proceedings of the 10th International Conference on Language Resources and Evaluation (LREC 2016)","whole",NA
8322,7767250,"Δεν την χρειάζεσαι.",NA,"Δεν την χρειάζεσαι",NA,NA,NA,NA,NA,NA,NA,42,"ell_nfi_1280.txt","Greek (Modern)","Modern Greek","ell",NA,"2016","written","non-fiction","prepared_speeches","Grek",NA,"OpenSubtitles2018","https://object.pouta.csc.fi/OPUS-OpenSubtitles/v2018/raw/el.zip","http://www.opensubtitles.org/","http://www.opensubtitles.org/ P. Lison and J. Tiedemann, 2016, OpenSubtitles2016: Extracting Large Parallel Corpora from Movie and TV Subtitles. In Proceedings of the 10th International Conference on Language Resources and Evaluation (LREC 2016)","whole",NA
8436,7846194,"Στην καλύτερη σάλτσα, που έφαγα ποτέ μου.",NA,"Στην καλύτερη σάλτσα που έφαγα ποτέ μου",NA,NA,NA,NA,NA,NA,NA,42,"ell_nfi_1383.txt","Greek (Modern)","Modern Greek","ell",NA,"2016","written","non-fiction","prepared_speeches","Grek",NA,"OpenSubtitles2018","https://object.pouta.csc.fi/OPUS-OpenSubtitles/v2018/raw/el.zip","http://www.opensubtitles.org/","http://www.opensubtitles.org/ P. Lison and J. Tiedemann, 2016, OpenSubtitles2016: Extracting Large Parallel Corpora from Movie and TV Subtitles. In Proceedings of the 10th International Conference on Language Resources and Evaluation (LREC 2016)","whole",NA
8953,8172307,"Εκτιμώ την εμπιστοσύνη σου.",NA,"Εκτιμώ την εμπιστοσύνη σου",NA,NA,NA,NA,NA,NA,NA,42,"ell_nfi_570.txt","Greek (Modern)","Modern Greek","ell",NA,"2017","written","non-fiction","prepared_speeches","Grek",NA,"OpenSubtitles2018","https://object.pouta.csc.fi/OPUS-OpenSubtitles/v2018/raw/el.zip","http://www.opensubtitles.org/","http://www.opensubtitles.org/ P. Lison and J. Tiedemann, 2016, OpenSubtitles2016: Extracting Large Parallel Corpora from Movie and TV Subtitles. In Proceedings of the 10th International Conference on Language Resources and Evaluation (LREC 2016)","whole",NA
8912,8150034,"Το αστείο που κυκλοφορεί αυτές τις μέρες είναι ότι ο Μπέρνι, μοιάζει με το Εβραικό Τ-Bill.",NA,"Το αστείο που κυκλοφορεί αυτές τις μέρες είναι ότι ο Μπέρνι μοιάζει με το Εβραικό Τ",NA,NA,NA,NA,NA,NA,NA,42,"ell_nfi_533.txt","Greek (Modern)","Modern Greek","ell",NA,"2017","written","non-fiction","prepared_speeches","Grek",NA,"OpenSubtitles2018","https://object.pouta.csc.fi/OPUS-OpenSubtitles/v2018/raw/el.zip","http://www.opensubtitles.org/","http://www.opensubtitles.org/ P. Lison and J. Tiedemann, 2016, OpenSubtitles2016: Extracting Large Parallel Corpora from Movie and TV Subtitles. In Proceedings of the 10th International Conference on Language Resources and Evaluation (LREC 2016)","whole",NA
7863,7070282,"τραβούσαν κι' ο Δάφνης ανέβηκε κρατώντας την κορδέλα, που την",NA,"τραβούσαν κι ο Δάφνης ανέβηκε κρατώντας την κορδέλα που την",NA,NA,NA,NA,NA,NA,NA,41,"ell_fic_116.txt","Greek (Modern)","Modern Greek","ell",NA,"2011","written","fiction","general_fiction","Grek",NA,"Longus, Δάφνης και Χλόη, Fantasy fiction","http://www.gutenberg.org/ebooks/37352.html.noimages","http://www.gutenberg.org","http://www.gutenberg.org","whole",NA
8203,7688770,"Όχι.",NA,"Όχι",NA,NA,NA,NA,NA,NA,NA,42,"ell_nfi_1173.txt","Greek (Modern)","Modern Greek","ell",NA,"2016","written","non-fiction","prepared_speeches","Grek",NA,"OpenSubtitles2018","https://object.pouta.csc.fi/OPUS-OpenSubtitles/v2018/raw/el.zip","http://www.opensubtitles.org/","http://www.opensubtitles.org/ P. Lison and J. Tiedemann, 2016, OpenSubtitles2016: Extracting Large Parallel Corpora from Movie and TV Subtitles. In Proceedings of the 10th International Conference on Language Resources and Evaluation (LREC 2016)","whole",NA
9114,8279242,"Δεν ξέρω πόσο ακόμα μπορώ να συνεχίσω.",NA,"Δεν ξέρω πόσο ακόμα μπορώ να συνεχίσω",NA,NA,NA,NA,NA,NA,NA,42,"ell_nfi_715.txt","Greek (Modern)","Modern Greek","ell",NA,"2017","written","non-fiction","prepared_speeches","Grek",NA,"OpenSubtitles2018","https://object.pouta.csc.fi/OPUS-OpenSubtitles/v2018/raw/el.zip","http://www.opensubtitles.org/","http://www.opensubtitles.org/ P. Lison and J. Tiedemann, 2016, OpenSubtitles2016: Extracting Large Parallel Corpora from Movie and TV Subtitles. In Proceedings of the 10th International Conference on Language Resources and Evaluation (LREC 2016)","whole",NA
8622,7965746,"Εγώ είμαι αυτός που είναι πάντα στο πλευρό σου.",NA,"Εγώ είμαι αυτός που είναι πάντα στο πλευρό σου",NA,NA,NA,NA,NA,NA,NA,42,"ell_nfi_272.txt","Greek (Modern)","Modern Greek","ell",NA,"2017","written","non-fiction","prepared_speeches","Grek",NA,"OpenSubtitles2018","https://object.pouta.csc.fi/OPUS-OpenSubtitles/v2018/raw/el.zip","http://www.opensubtitles.org/","http://www.opensubtitles.org/ P. Lison and J. Tiedemann, 2016, OpenSubtitles2016: Extracting Large Parallel Corpora from Movie and TV Subtitles. In Proceedings of the 10th International Conference on Language Resources and Evaluation (LREC 2016)","whole",NA
7995,7497955,"τάντερο αρνιού καλόστριφτον εις τ' άκρ' αφού προσδέση,",NA,"τάντερο αρνιού καλόστριφτον εις τ άκρ αφού προσδέση",NA,NA,NA,NA,NA,NA,NA,41,"ell_fic_87.txt","Greek (Modern)","Modern Greek","ell",NA,"2009","written","fiction","general_fiction","Grek",NA,"Homer, 750? BCE-650? BCE, Ομήρου Οδύσσεια Τόμος Δ, Epic poetry, Greek","http://www.gutenberg.org/ebooks/30616.html.noimages","http://www.gutenberg.org","http://www.gutenberg.org","whole",NA
7848,7012172,"— Έπρεπε να είμαι εγώ εξουσία να σας δείξω! να μάθετε να",NA,"Έπρεπε να είμαι εγώ εξουσία να σας δείξω να μάθετε να",NA,NA,NA,NA,NA,NA,NA,41,"ell_fic_102.txt","Greek (Modern)","Modern Greek","ell",NA,"2010","written","fiction","general_fiction","Grek",NA,"Kondylakes, Ioannes, 1861-1920, Ενώ διέβαινα - Χρονογραφήματα, Essays","http://www.gutenberg.org/ebooks/32815.html.noimages","http://www.gutenberg.org","http://www.gutenberg.org","whole",NA
8331,7773439,"Επικοινωνία μόνο μέσω του δικτύου της CIA;",NA,"Επικοινωνία μόνο μέσω του δικτύου της",NA,NA,NA,NA,NA,NA,NA,42,"ell_nfi_1289.txt","Greek (Modern)","Modern Greek","ell",NA,"2016","written","non-fiction","prepared_speeches","Grek",NA,"OpenSubtitles2018","https://object.pouta.csc.fi/OPUS-OpenSubtitles/v2018/raw/el.zip","http://www.opensubtitles.org/","http://www.opensubtitles.org/ P. Lison and J. Tiedemann, 2016, OpenSubtitles2016: Extracting Large Parallel Corpora from Movie and TV Subtitles. In Proceedings of the 10th International Conference on Language Resources and Evaluation (LREC 2016)","whole",NA
8793,8073697,"Αυτοσχεδιασμός;",NA,"Αυτοσχεδιασμός",NA,NA,NA,NA,NA,NA,NA,42,"ell_nfi_426.txt","Greek (Modern)","Modern Greek","ell",NA,"2017","written","non-fiction","prepared_speeches","Grek",NA,"OpenSubtitles2018","https://object.pouta.csc.fi/OPUS-OpenSubtitles/v2018/raw/el.zip","http://www.opensubtitles.org/","http://www.opensubtitles.org/ P. Lison and J. Tiedemann, 2016, OpenSubtitles2016: Extracting Large Parallel Corpora from Movie and TV Subtitles. In Proceedings of the 10th International Conference on Language Resources and Evaluation (LREC 2016)","whole",NA
8410,7827718,"Ο έλεγχος του πληρώματος ολοκληρώθηκε.",NA,"Ο έλεγχος του πληρώματος ολοκληρώθηκε",NA,NA,NA,NA,NA,NA,NA,42,"ell_nfi_136.txt","Greek (Modern)","Modern Greek","ell",NA,"2017","written","non-fiction","prepared_speeches","Grek",NA,"OpenSubtitles2018","https://object.pouta.csc.fi/OPUS-OpenSubtitles/v2018/raw/el.zip","http://www.opensubtitles.org/","http://www.opensubtitles.org/ P. Lison and J. Tiedemann, 2016, OpenSubtitles2016: Extracting Large Parallel Corpora from Movie and TV Subtitles. In Proceedings of the 10th International Conference on Language Resources and Evaluation (LREC 2016)","whole",NA
8667,7994674,"Το προσωπικό έκτακτης ανάγκης έχει ενεργοποιηθεί στο ξενοδοχείο και καζίνο Χάραζ της Οκλαχόμα όπου τουλάχιστον 400 επισκέπτες εμφάνισαν προσωρινή παράλυση.",NA,"Το προσωπικό έκτακτης ανάγκης έχει ενεργοποιηθεί στο ξενοδοχείο και καζίνο Χάραζ της Οκλαχόμα όπου τουλάχιστον  επισκέπτες εμφάνισαν προσωρινή παράλυση",NA,NA,NA,NA,NA,NA,NA,42,"ell_nfi_312.txt","Greek (Modern)","Modern Greek","ell",NA,"2017","written","non-fiction","prepared_speeches","Grek",NA,"OpenSubtitles2018","https://object.pouta.csc.fi/OPUS-OpenSubtitles/v2018/raw/el.zip","http://www.opensubtitles.org/","http://www.opensubtitles.org/ P. Lison and J. Tiedemann, 2016, OpenSubtitles2016: Extracting Large Parallel Corpora from Movie and TV Subtitles. In Proceedings of the 10th International Conference on Language Resources and Evaluation (LREC 2016)","whole",NA
8981,8186407,"Αρκετά!",NA,"Αρκετά",NA,NA,NA,NA,NA,NA,NA,42,"ell_nfi_596.txt","Greek (Modern)","Modern Greek","ell",NA,"2017","written","non-fiction","prepared_speeches","Grek",NA,"OpenSubtitles2018","https://object.pouta.csc.fi/OPUS-OpenSubtitles/v2018/raw/el.zip","http://www.opensubtitles.org/","http://www.opensubtitles.org/ P. Lison and J. Tiedemann, 2016, OpenSubtitles2016: Extracting Large Parallel Corpora from Movie and TV Subtitles. In Proceedings of the 10th International Conference on Language Resources and Evaluation (LREC 2016)","whole",NA
7898,7201189,"Άλλως θα είχαν παράπονα κατά του παππά, κι' ο παππάς αν ήθελε",NA,"Άλλως θα είχαν παράπονα κατά του παππά κι ο παππάς αν ήθελε",NA,NA,NA,NA,NA,NA,NA,41,"ell_fic_148.txt","Greek (Modern)","Modern Greek","ell",NA,"2011","written","fiction","general_fiction","Grek",NA,"Papadiamantes, Alexandros, 1851-1911, Ο Πεντάρφανος, Greek fiction, Modern","http://www.gutenberg.org/ebooks/35978.html.noimages","http://www.gutenberg.org","http://www.gutenberg.org","part",NA
8444,7850760,"- πριν ασθενήσει;",NA,"πριν ασθενήσει",NA,NA,NA,NA,NA,NA,NA,42,"ell_nfi_1390.txt","Greek (Modern)","Modern Greek","ell",NA,"2016","written","non-fiction","prepared_speeches","Grek",NA,"OpenSubtitles2018","https://object.pouta.csc.fi/OPUS-OpenSubtitles/v2018/raw/el.zip","http://www.opensubtitles.org/","http://www.opensubtitles.org/ P. Lison and J. Tiedemann, 2016, OpenSubtitles2016: Extracting Large Parallel Corpora from Movie and TV Subtitles. In Proceedings of the 10th International Conference on Language Resources and Evaluation (LREC 2016)","whole",NA
7909,7231130,"Κραυγαί αμηχανίας αντηχούσι, και σύγχυσις επικρατεί εν τω πλοίω. Το πλήρωμα",NA,"Κραυγαί αμηχανίας αντηχούσι και σύγχυσις επικρατεί εν τω πλοίω Το πλήρωμα",NA,NA,NA,NA,NA,NA,NA,41,"ell_fic_158.txt","Greek (Modern)","Modern Greek","ell",NA,"2012","written","fiction","general_fiction","Grek",NA,"Jules Verne, The Chancellor","http://www.gutenberg.org/files/40296/40296-h/40296-h.htm","http://www.gutenberg.org","http://www.gutenberg.org","part",NA
8151,7652127,"Πως θέλει αυτό που δεν μπορείς να έχεις.",NA,"Πως θέλει αυτό που δεν μπορείς να έχεις",NA,NA,NA,NA,NA,NA,NA,42,"ell_nfi_1126.txt","Greek (Modern)","Modern Greek","ell",NA,"2016","written","non-fiction","prepared_speeches","Grek",NA,"OpenSubtitles2018","https://object.pouta.csc.fi/OPUS-OpenSubtitles/v2018/raw/el.zip","http://www.opensubtitles.org/","http://www.opensubtitles.org/ P. Lison and J. Tiedemann, 2016, OpenSubtitles2016: Extracting Large Parallel Corpora from Movie and TV Subtitles. In Proceedings of the 10th International Conference on Language Resources and Evaluation (LREC 2016)","whole",NA
7914,7244151,"ότι έλαβε το όνομα από την &θηλήν&. Η δε &θηλή&, καλέ Ερμογένη,",NA,"ότι έλαβε το όνομα από την θηλήν Η δε θηλή καλέ Ερμογένη",NA,NA,NA,NA,NA,NA,NA,41,"ell_fic_162.txt","Greek (Modern)","Modern Greek","ell",NA,"2011","written","fiction","general_fiction","Grek",NA,"Plato, 427? BCE-347? BCE, Κρατύλος, Language and languages -- Philosophy","http://www.gutenberg.org/ebooks/34879.html.noimages","http://www.gutenberg.org","http://www.gutenberg.org","whole",NA
9030,8218904,"Κι εγώ είμαι σίγουρη.",NA,"Κι εγώ είμαι σίγουρη",NA,NA,NA,NA,NA,NA,NA,42,"ell_nfi_64.txt","Greek (Modern)","Modern Greek","ell",NA,"2017","written","non-fiction","prepared_speeches","Grek",NA,"OpenSubtitles2018","https://object.pouta.csc.fi/OPUS-OpenSubtitles/v2018/raw/el.zip","http://www.opensubtitles.org/","http://www.opensubtitles.org/ P. Lison and J. Tiedemann, 2016, OpenSubtitles2016: Extracting Large Parallel Corpora from Movie and TV Subtitles. In Proceedings of the 10th International Conference on Language Resources and Evaluation (LREC 2016)","whole",NA
9039,8224971,"Σου επιτίθενται με τα όπλα τους, και εμείς θα μείνουμε άπραγοι;",NA,"Σου επιτίθενται με τα όπλα τους και εμείς θα μείνουμε άπραγοι",NA,NA,NA,NA,NA,NA,NA,42,"ell_nfi_648.txt","Greek (Modern)","Modern Greek","ell",NA,"2017","written","non-fiction","prepared_speeches","Grek",NA,"OpenSubtitles2018","https://object.pouta.csc.fi/OPUS-OpenSubtitles/v2018/raw/el.zip","http://www.opensubtitles.org/","http://www.opensubtitles.org/ P. Lison and J. Tiedemann, 2016, OpenSubtitles2016: Extracting Large Parallel Corpora from Movie and TV Subtitles. In Proceedings of the 10th International Conference on Language Resources and Evaluation (LREC 2016)","whole",NA
9076,8253515,"Θα 'στε κουρασμένοι μετά από τέτοιο ταξίδι.",NA,"Θα στε κουρασμένοι μετά από τέτοιο ταξίδι",NA,NA,NA,NA,NA,NA,NA,42,"ell_nfi_681.txt","Greek (Modern)","Modern Greek","ell",NA,NA,"written","non-fiction","prepared_speeches","Grek",NA,"OpenSubtitles2018","https://object.pouta.csc.fi/OPUS-OpenSubtitles/v2018/raw/el.zip","http://www.opensubtitles.org/","http://www.opensubtitles.org/ P. Lison and J. Tiedemann, 2016, OpenSubtitles2016: Extracting Large Parallel Corpora from Movie and TV Subtitles. In Proceedings of the 10th International Conference on Language Resources and Evaluation (LREC 2016)","whole",NA
8503,7890848,"Γιατί είσαι ένας ανούσιος μικρός καταραμένος πόνος στον πισινό.",NA,"Γιατί είσαι ένας ανούσιος μικρός καταραμένος πόνος στον πισινό",NA,NA,NA,NA,NA,NA,NA,42,"ell_nfi_165.txt","Greek (Modern)","Modern Greek","ell",NA,"2017","written","non-fiction","prepared_speeches","Grek",NA,"OpenSubtitles2018","https://object.pouta.csc.fi/OPUS-OpenSubtitles/v2018/raw/el.zip","http://www.opensubtitles.org/","http://www.opensubtitles.org/ P. Lison and J. Tiedemann, 2016, OpenSubtitles2016: Extracting Large Parallel Corpora from Movie and TV Subtitles. In Proceedings of the 10th International Conference on Language Resources and Evaluation (LREC 2016)","whole",NA
7886,7157654,"εις ενύπνιον. Αλλ' οι κυνηγοί εκείνοι ηθέλησαν να ακούσουν εκ",NA,"εις ενύπνιον Αλλ οι κυνηγοί εκείνοι ηθέλησαν να ακούσουν εκ",NA,NA,NA,NA,NA,NA,NA,41,"ell_fic_137.txt","Greek (Modern)","Modern Greek","ell",NA,"2011","written","fiction","general_fiction","Grek",NA,"Bekr, Dervish Abu, Arabian Nights, Volume 1, That is very strange and nice tales and happenings written in Arabic by Dervish Abu Bekr as per the Venice edition","http://www.gutenberg.org/ebooks/36586.html.noimages","http://www.gutenberg.org","http://www.gutenberg.org","part",NA
8046,7595439,"Κι εκείνος γέλασε.",NA,"Κι εκείνος γέλασε",NA,NA,NA,NA,NA,NA,NA,42,"ell_nfi_1031.txt","Greek (Modern)","Modern Greek","ell",NA,"2017","written","non-fiction","prepared_speeches","Grek",NA,"OpenSubtitles2018","https://object.pouta.csc.fi/OPUS-OpenSubtitles/v2018/raw/el.zip","http://www.opensubtitles.org/","http://www.opensubtitles.org/ P. Lison and J. Tiedemann, 2016, OpenSubtitles2016: Extracting Large Parallel Corpora from Movie and TV Subtitles. In Proceedings of the 10th International Conference on Language Resources and Evaluation (LREC 2016)","whole",NA
9053,8234573,"Ενημερώνεις τη βάση δεδομένων σου;",NA,"Ενημερώνεις τη βάση δεδομένων σου",NA,NA,NA,NA,NA,NA,NA,42,"ell_nfi_660.txt","Greek (Modern)","Modern Greek","ell",NA,"2017","written","non-fiction","prepared_speeches","Grek",NA,"OpenSubtitles2018","https://object.pouta.csc.fi/OPUS-OpenSubtitles/v2018/raw/el.zip","http://www.opensubtitles.org/","http://www.opensubtitles.org/ P. Lison and J. Tiedemann, 2016, OpenSubtitles2016: Extracting Large Parallel Corpora from Movie and TV Subtitles. In Proceedings of the 10th International Conference on Language Resources and Evaluation (LREC 2016)","whole",NA
9182,8324638,"Έχω συvταξιοδοτηθεί, οπότε...",NA,"Έχω συταξιοδοτηθεί οπότε",NA,NA,NA,NA,NA,NA,NA,42,"ell_nfi_777.txt","Greek (Modern)","Modern Greek","ell",NA,"2017","written","non-fiction","prepared_speeches","Grek",NA,"OpenSubtitles2018","https://object.pouta.csc.fi/OPUS-OpenSubtitles/v2018/raw/el.zip","http://www.opensubtitles.org/","http://www.opensubtitles.org/ P. Lison and J. Tiedemann, 2016, OpenSubtitles2016: Extracting Large Parallel Corpora from Movie and TV Subtitles. In Proceedings of the 10th International Conference on Language Resources and Evaluation (LREC 2016)","whole",NA
8996,8197630,"Και αρνείστε να παίξετε;",NA,"Και αρνείστε να παίξετε",NA,NA,NA,NA,NA,NA,NA,42,"ell_nfi_609.txt","Greek (Modern)","Modern Greek","ell",NA,"2017","written","non-fiction","prepared_speeches","Grek",NA,"OpenSubtitles2018","https://object.pouta.csc.fi/OPUS-OpenSubtitles/v2018/raw/el.zip","http://www.opensubtitles.org/","http://www.opensubtitles.org/ P. Lison and J. Tiedemann, 2016, OpenSubtitles2016: Extracting Large Parallel Corpora from Movie and TV Subtitles. In Proceedings of the 10th International Conference on Language Resources and Evaluation (LREC 2016)","whole",NA
7961,7382100,"ερωτήσεις να μοι απευθύνης.",NA,"ερωτήσεις να μοι απευθύνης",NA,NA,NA,NA,NA,NA,NA,41,"ell_fic_56.txt","Greek (Modern)","Modern Greek","ell",NA,"2008","written","fiction","general_fiction","Grek",NA,"Euripides, None-406 BCE, Ιφιγένεια εν Αυλίδι, Tragedies","http://www.gutenberg.org/ebooks/26784.html.noimages","http://www.gutenberg.org","http://www.gutenberg.org","whole",NA
7855,7041968,"— Κάνε, βλοημένε, τη δουλειά σου και μην αφουκράσαι.",NA,"Κάνε βλοημένε τη δουλειά σου και μην αφουκράσαι",NA,NA,NA,NA,NA,NA,NA,41,"ell_fic_109.txt","Greek (Modern)","Modern Greek","ell",NA,"2010","written","fiction","general_fiction","Grek",NA,"Kondylakes, Ioannes, 1861-1920, Ο Πατούχας, Giakos, Demetres","http://www.gutenberg.org/ebooks/34336.html.noimages","http://www.gutenberg.org","http://www.gutenberg.org","part",NA
7864,7077090,"4. οὕτω κτλ. οὔ φημι παύσεσθαι.",NA,"οὕτω κτλ οὔ φημι παύσεσθαι",NA,NA,NA,NA,NA,NA,NA,41,"ell_fic_117.txt","Greek (Modern)","Modern Greek","ell",NA,"2018","written","fiction","general_fiction","Grek",NA,"Rouse, W. H. D. (William Henry Denham), 1863-1950, Lucian's Dialogues prepared for schools","http://www.gutenberg.org/ebooks/57629.html.noimages","http://www.gutenberg.org","http://www.gutenberg.org","whole",NA
8139,7644867,"Ας μιλήσουμε για το πρόγραμμά σου.",NA,"Ας μιλήσουμε για το πρόγραμμά σου",NA,NA,NA,NA,NA,NA,NA,42,"ell_nfi_1115.txt","Greek (Modern)","Modern Greek","ell",NA,"2017","written","non-fiction","prepared_speeches","Grek",NA,"OpenSubtitles2018","https://object.pouta.csc.fi/OPUS-OpenSubtitles/v2018/raw/el.zip","http://www.opensubtitles.org/","http://www.opensubtitles.org/ P. Lison and J. Tiedemann, 2016, OpenSubtitles2016: Extracting Large Parallel Corpora from Movie and TV Subtitles. In Proceedings of the 10th International Conference on Language Resources and Evaluation (LREC 2016)","whole",NA
7868,7092604,"θα είναι για επίδειξη παρά για κατοικία, δεν πρέπει ν'",NA,"θα είναι για επίδειξη παρά για κατοικία δεν πρέπει ν",NA,NA,NA,NA,NA,NA,NA,41,"ell_fic_120.txt","Greek (Modern)","Modern Greek","ell",NA,"2010","written","fiction","general_fiction","Grek",NA,"Wilde, Oscar, 1854-1900, Στοχασμοί, Authors, English -- 19th century -- Biography","http://www.gutenberg.org/ebooks/34767.html.noimages","http://www.gutenberg.org","http://www.gutenberg.org","part",NA
7887,7160950,"αφού τα εδιάβασα, εσηκώθηκα διά να υπάγω να εύρω τον βασιλέα, που",NA,"αφού τα εδιάβασα εσηκώθηκα διά να υπάγω να εύρω τον βασιλέα που",NA,NA,NA,NA,NA,NA,NA,41,"ell_fic_138.txt","Greek (Modern)","Modern Greek","ell",NA,"2011","written","fiction","general_fiction","Grek",NA,"Bekr, Dervish Abu, Arabian Nights, Volume 2, Continuation of the Stories","http://www.gutenberg.org/ebooks/36622.html.noimages","http://www.gutenberg.org","http://www.gutenberg.org","part",NA
7999,7511026,"συμφωνίες. Κάθε υποχρέωση την θεωρούσε μιαν αλυσίδα στο λαιμό της,",NA,"συμφωνίες Κάθε υποχρέωση την θεωρούσε μιαν αλυσίδα στο λαιμό της",NA,NA,NA,NA,NA,NA,NA,41,"ell_fic_90.txt","Greek (Modern)","Modern Greek","ell",NA,"2010","written","fiction","general_fiction","Grek",NA,"Karkavitsas, Andreas, 1866-1922, Ο αρχαιολόγος, Greek fiction, Modern","http://www.gutenberg.org/ebooks/31631.html.noimages","http://www.gutenberg.org","http://www.gutenberg.org","whole",NA
7955,7359712,"— Άφινέ τα. Τάχατες δεν τάκουσες; Ή τον ανήξερο μας κάμνεις;",NA,"Άφινέ τα Τάχατες δεν τάκουσες Ή τον ανήξερο μας κάμνεις",NA,NA,NA,NA,NA,NA,NA,41,"ell_fic_50.txt","Greek (Modern)","Modern Greek","ell",NA,"2010","written","fiction","general_fiction","Grek",NA,"Eftaliotis, Argyris, 1849-1923, Η μαζώχτρα κι άλλες ιστορίες, Ο Βουρκόλακας - Δράμα, Fiction","http://www.gutenberg.org/ebooks/33577.html.noimages","http://www.gutenberg.org","http://www.gutenberg.org","whole",NA
7971,7415497,"το ξέρετε καλά, όχι δεν είμαστε γεννημένοι εμείς για τη βασανισμένη",NA,"το ξέρετε καλά όχι δεν είμαστε γεννημένοι εμείς για τη βασανισμένη",NA,NA,NA,NA,NA,NA,NA,41,"ell_fic_65.txt","Greek (Modern)","Modern Greek","ell",NA,"2009","written","fiction","general_fiction","Grek",NA,"Golfis, Rigas, 1886-1958, Ο Γήταυρος, Δράμα, Drama","http://www.gutenberg.org/ebooks/28779.html.noimages","http://www.gutenberg.org","http://www.gutenberg.org","whole",NA
8808,8081860,"Είναι ξεκάθαρο ότι δεν θέλει να εμπλακώ.",NA,"Είναι ξεκάθαρο ότι δεν θέλει να εμπλακώ",NA,NA,NA,NA,NA,NA,NA,42,"ell_nfi_44.txt","Greek (Modern)","Modern Greek","ell",NA,"2017","written","non-fiction","prepared_speeches","Grek",NA,"OpenSubtitles2018","https://object.pouta.csc.fi/OPUS-OpenSubtitles/v2018/raw/el.zip","http://www.opensubtitles.org/","http://www.opensubtitles.org/ P. Lison and J. Tiedemann, 2016, OpenSubtitles2016: Extracting Large Parallel Corpora from Movie and TV Subtitles. In Proceedings of the 10th International Conference on Language Resources and Evaluation (LREC 2016)","whole",NA
8793,8073715,"Και για τις γυναίκες;",NA,"Και για τις γυναίκες",NA,NA,NA,NA,NA,NA,NA,42,"ell_nfi_426.txt","Greek (Modern)","Modern Greek","ell",NA,"2017","written","non-fiction","prepared_speeches","Grek",NA,"OpenSubtitles2018","https://object.pouta.csc.fi/OPUS-OpenSubtitles/v2018/raw/el.zip","http://www.opensubtitles.org/","http://www.opensubtitles.org/ P. Lison and J. Tiedemann, 2016, OpenSubtitles2016: Extracting Large Parallel Corpora from Movie and TV Subtitles. In Proceedings of the 10th International Conference on Language Resources and Evaluation (LREC 2016)","whole",NA
8000,7511351,"γελώσα κ' επαναλέγουσα:",NA,"γελώσα κ επαναλέγουσα",NA,NA,NA,NA,NA,NA,NA,41,"ell_fic_91.txt","Greek (Modern)","Modern Greek","ell",NA,"2010","written","fiction","general_fiction","Grek",NA,"Karkavitsas, Andreas, 1866-1922, Διηγήματα, Fiction","http://www.gutenberg.org/ebooks/31446.html.noimages","http://www.gutenberg.org","http://www.gutenberg.org","part",NA
9053,8234626,"Ψάξτε στο αρχείο για την τοποθεσία της βάσης τους.",NA,"Ψάξτε στο αρχείο για την τοποθεσία της βάσης τους",NA,NA,NA,NA,NA,NA,NA,42,"ell_nfi_660.txt","Greek (Modern)","Modern Greek","ell",NA,"2017","written","non-fiction","prepared_speeches","Grek",NA,"OpenSubtitles2018","https://object.pouta.csc.fi/OPUS-OpenSubtitles/v2018/raw/el.zip","http://www.opensubtitles.org/","http://www.opensubtitles.org/ P. Lison and J. Tiedemann, 2016, OpenSubtitles2016: Extracting Large Parallel Corpora from Movie and TV Subtitles. In Proceedings of the 10th International Conference on Language Resources and Evaluation (LREC 2016)","whole",NA
9065,8243069,"Η ορκομωσία του προέδρου Ντάλτον είναι μόλις σε μια μέρα, αλλά αντιμετωπίζει ακόμη μια νομική πρόκληση, για την νομιμοποίηση της νίκης του.",NA,"Η ορκομωσία του προέδρου Ντάλτον είναι μόλις σε μια μέρα αλλά αντιμετωπίζει ακόμη μια νομική πρόκληση για την νομιμοποίηση της νίκης του",NA,NA,NA,NA,NA,NA,NA,42,"ell_nfi_671.txt","Greek (Modern)","Modern Greek","ell",NA,"2017","written","non-fiction","prepared_speeches","Grek",NA,"OpenSubtitles2018","https://object.pouta.csc.fi/OPUS-OpenSubtitles/v2018/raw/el.zip","http://www.opensubtitles.org/","http://www.opensubtitles.org/ P. Lison and J. Tiedemann, 2016, OpenSubtitles2016: Extracting Large Parallel Corpora from Movie and TV Subtitles. In Proceedings of the 10th International Conference on Language Resources and Evaluation (LREC 2016)","whole",NA
8845,8103354,"Δεν ξέρω.",NA,"Δεν ξέρω",NA,NA,NA,NA,NA,NA,NA,42,"ell_nfi_473.txt","Greek (Modern)","Modern Greek","ell",NA,"2017","written","non-fiction","prepared_speeches","Grek",NA,"OpenSubtitles2018","https://object.pouta.csc.fi/OPUS-OpenSubtitles/v2018/raw/el.zip","http://www.opensubtitles.org/","http://www.opensubtitles.org/ P. Lison and J. Tiedemann, 2016, OpenSubtitles2016: Extracting Large Parallel Corpora from Movie and TV Subtitles. In Proceedings of the 10th International Conference on Language Resources and Evaluation (LREC 2016)","whole",NA
9121,8283340,"- Φρέντι;",NA,"Φρέντι",NA,NA,NA,NA,NA,NA,NA,42,"ell_nfi_721.txt","Greek (Modern)","Modern Greek","ell",NA,"2017","written","non-fiction","prepared_speeches","Grek",NA,"OpenSubtitles2018","https://object.pouta.csc.fi/OPUS-OpenSubtitles/v2018/raw/el.zip","http://www.opensubtitles.org/","http://www.opensubtitles.org/ P. Lison and J. Tiedemann, 2016, OpenSubtitles2016: Extracting Large Parallel Corpora from Movie and TV Subtitles. In Proceedings of the 10th International Conference on Language Resources and Evaluation (LREC 2016)","whole",NA
7926,7281646,"δεν υπάρχει και ο λόγος.",NA,"δεν υπάρχει και ο λόγος",NA,NA,NA,NA,NA,NA,NA,41,"ell_fic_24.txt","Greek (Modern)","Modern Greek","ell",NA,"2009","written","fiction","general_fiction","Grek",NA,"Aristotle, 384 BCE-322 BCE, Περί Ψυχής, Psychology -- Early works to 1850","http://www.gutenberg.org/ebooks/27816.html.noimages","http://www.gutenberg.org","http://www.gutenberg.org","whole",NA
8051,7598203,"- Όντως;",NA,"Όντως",NA,NA,NA,NA,NA,NA,NA,42,"ell_nfi_1036.txt","Greek (Modern)","Modern Greek","ell",NA,"2017","written","non-fiction","prepared_speeches","Grek",NA,"OpenSubtitles2018","https://object.pouta.csc.fi/OPUS-OpenSubtitles/v2018/raw/el.zip","http://www.opensubtitles.org/","http://www.opensubtitles.org/ P. Lison and J. Tiedemann, 2016, OpenSubtitles2016: Extracting Large Parallel Corpora from Movie and TV Subtitles. In Proceedings of the 10th International Conference on Language Resources and Evaluation (LREC 2016)","whole",NA
7968,7406542,"του πατρός.",NA,"του πατρός",NA,NA,NA,NA,NA,NA,NA,41,"ell_fic_62.txt","Greek (Modern)","Modern Greek","ell",NA,"2010","written","fiction","general_fiction","Grek",NA,"Farrar, F. W. (Frederic William), 1831-1903, Ο Βίος του Χριστού, Jesus Christ -- Biography","http://www.gutenberg.org/ebooks/33396.html.noimages","http://www.gutenberg.org","http://www.gutenberg.org","part",NA
7876,7125768,"θαλερούς αμπελώνας του Γουδίου. Απέθετε τότε το δισάκκιον ν'",NA,"θαλερούς αμπελώνας του Γουδίου Απέθετε τότε το δισάκκιον ν",NA,NA,NA,NA,NA,NA,NA,41,"ell_fic_128.txt","Greek (Modern)","Modern Greek","ell",NA,"2011","written","fiction","general_fiction","Grek",NA,"Moraitidis, Alexandros, Novels Volume A","http://www.gutenberg.org/ebooks/37200.html.noimages","http://www.gutenberg.org","http://www.gutenberg.org","whole",NA
7992,7488779,"ο υιός του μεγαλόψυχου φαίνεται του Οδυσσέα",NA,"ο υιός του μεγαλόψυχου φαίνεται του Οδυσσέα",NA,NA,NA,NA,NA,NA,NA,41,"ell_fic_84.txt","Greek (Modern)","Modern Greek","ell",NA,"2009","written","fiction","general_fiction","Grek",NA,"Homer, 750? BCE-650? BCE, Ομήρου Οδύσσεια Τόμος Α, Epic poetry, Greek","http://www.gutenberg.org/ebooks/30613.html.noimages","http://www.gutenberg.org","http://www.gutenberg.org","whole",NA
9325,8411792,"Francesca, γειά!",NA,"γειά",NA,NA,NA,NA,NA,NA,NA,42,"ell_nfi_905.txt","Greek (Modern)","Modern Greek","ell",NA,"2017","written","non-fiction","prepared_speeches","Grek",NA,"OpenSubtitles2018","https://object.pouta.csc.fi/OPUS-OpenSubtitles/v2018/raw/el.zip","http://www.opensubtitles.org/","http://www.opensubtitles.org/ P. Lison and J. Tiedemann, 2016, OpenSubtitles2016: Extracting Large Parallel Corpora from Movie and TV Subtitles. In Proceedings of the 10th International Conference on Language Resources and Evaluation (LREC 2016)","whole",NA
8207,7693165,"Πήγαινε.",NA,"Πήγαινε",NA,NA,NA,NA,NA,NA,NA,42,"ell_nfi_1177.txt","Greek (Modern)","Modern Greek","ell",NA,"2016","written","non-fiction","prepared_speeches","Grek",NA,"OpenSubtitles2018","https://object.pouta.csc.fi/OPUS-OpenSubtitles/v2018/raw/el.zip","http://www.opensubtitles.org/","http://www.opensubtitles.org/ P. Lison and J. Tiedemann, 2016, OpenSubtitles2016: Extracting Large Parallel Corpora from Movie and TV Subtitles. In Proceedings of the 10th International Conference on Language Resources and Evaluation (LREC 2016)","whole",NA
7990,7476402,"σαν τι θα πει φοβόκαρδος και δείλια δεν γνωρίζει· 575",NA,"σαν τι θα πει φοβόκαρδος και δείλια δεν γνωρίζει",NA,NA,NA,NA,NA,NA,NA,41,"ell_fic_82.txt","Greek (Modern)","Modern Greek","ell",NA,"2011","written","fiction","general_fiction","Grek",NA,"Homer, 750? BCE-650? BCE, Ιλιάδα","http://www.gutenberg.org/ebooks/36248.html.noimages","http://www.gutenberg.org","http://www.gutenberg.org","part",NA
7862,7066850,"Μοιρολογάει το σκοτωμό και κάπου κάπου οι λύκοι",NA,"Μοιρολογάει το σκοτωμό και κάπου κάπου οι λύκοι",NA,NA,NA,NA,NA,NA,NA,41,"ell_fic_115.txt","Greek (Modern)","Modern Greek","ell",NA,"2010","written","fiction","general_fiction","Grek",NA,"Valaorites, Aristoteles, 1824-1879, Αθανάσης Διάκος - Αστραπόγιαννος, Diakos, Athanases, approximately 1788-1821 -- Poetry","http://www.gutenberg.org/ebooks/32852.html.noimages","http://www.gutenberg.org","http://www.gutenberg.org","whole",NA
8041,7591620,"Αν ο καλός συνάδελφος από την Φλόριντα παραχωρήσει μέρος του χρόνου του, τον διαβεβαιώνω ότι θα απαντηθεί το ερώτημα του.",NA,"Αν ο καλός συνάδελφος από την Φλόριντα παραχωρήσει μέρος του χρόνου του τον διαβεβαιώνω ότι θα απαντηθεί το ερώτημα του",NA,NA,NA,NA,NA,NA,NA,42,"ell_nfi_1027.txt","Greek (Modern)","Modern Greek","ell",NA,"2017","written","non-fiction","prepared_speeches","Grek",NA,"OpenSubtitles2018","https://object.pouta.csc.fi/OPUS-OpenSubtitles/v2018/raw/el.zip","http://www.opensubtitles.org/","http://www.opensubtitles.org/ P. Lison and J. Tiedemann, 2016, OpenSubtitles2016: Extracting Large Parallel Corpora from Movie and TV Subtitles. In Proceedings of the 10th International Conference on Language Resources and Evaluation (LREC 2016)","whole",NA
7856,7043681,"αισθητή. Αλλά τότε το ζήτημα περιεπλάκη και πάλιν, αναφανεισών δύο",NA,"αισθητή Αλλά τότε το ζήτημα περιεπλάκη και πάλιν αναφανεισών δύο",NA,NA,NA,NA,NA,NA,NA,41,"ell_fic_11.txt","Greek (Modern)","Modern Greek","ell",NA,"2010","written","fiction","general_fiction","Grek",NA,"Andreadis, Andreas, 1876-1935, Ιστορία των Εθνικών Δανείων, Μέρος Α' - Τα δάνεια της ανεξαρτησίας (1824-1825) - Το Δημόσιον Χρέος επί της Βαυαρικής Δυναστείας","http://www.gutenberg.org/ebooks/34095.html.noimages","http://www.gutenberg.org","http://www.gutenberg.org","whole",NA
7968,7406335,"επικράτησιν των Ιουδαίων προκαταλήψεων επί του πνεύματός των.",NA,"επικράτησιν των Ιουδαίων προκαταλήψεων επί του πνεύματός των",NA,NA,NA,NA,NA,NA,NA,41,"ell_fic_62.txt","Greek (Modern)","Modern Greek","ell",NA,"2010","written","fiction","general_fiction","Grek",NA,"Farrar, F. W. (Frederic William), 1831-1903, Ο Βίος του Χριστού, Jesus Christ -- Biography","http://www.gutenberg.org/ebooks/33396.html.noimages","http://www.gutenberg.org","http://www.gutenberg.org","part",NA
7937,7305579,"Δεν μπορούσα να μείνω άλλο στην Αθήνα. Μα πάλι πώς να παρουσιαστώ στο",NA,"Δεν μπορούσα να μείνω άλλο στην Αθήνα Μα πάλι πώς να παρουσιαστώ στο",NA,NA,NA,NA,NA,NA,NA,41,"ell_fic_34.txt","Greek (Modern)","Modern Greek","ell",NA,"2010","written","fiction","general_fiction","Grek",NA,"Chatzopoulos, Kostantinos, 1868-1920, Υπεράνθρωπος:	Διήγημα, Fiction","http://www.gutenberg.org/ebooks/31437.html.noimages","http://www.gutenberg.org","http://www.gutenberg.org","whole",NA
9087,8260143,"Τζομπ!",NA,"Τζομπ",NA,NA,NA,NA,NA,NA,NA,42,"ell_nfi_691.txt","Greek (Modern)","Modern Greek","ell",NA,"2017","written","non-fiction","prepared_speeches","Grek",NA,"OpenSubtitles2018","https://object.pouta.csc.fi/OPUS-OpenSubtitles/v2018/raw/el.zip","http://www.opensubtitles.org/","http://www.opensubtitles.org/ P. Lison and J. Tiedemann, 2016, OpenSubtitles2016: Extracting Large Parallel Corpora from Movie and TV Subtitles. In Proceedings of the 10th International Conference on Language Resources and Evaluation (LREC 2016)","whole",NA
7846,7008532,"ηδύνατο, υποτασσομένη υπό των Αράβων, να εξισλαμισθή, καταστρεφομένου ούτως",NA,"ηδύνατο υποτασσομένη υπό των Αράβων να εξισλαμισθή καταστρεφομένου ούτως",NA,NA,NA,NA,NA,NA,NA,41,"ell_fic_100.txt","Greek (Modern)","Modern Greek","ell",NA,"2012","written","fiction","general_fiction","Grek",NA,"Pavlos Karolidis, Text-book of Byzantine History","http://www.gutenberg.org/files/41684/41684-h/41684-h.htm","http://www.gutenberg.org","http://www.gutenberg.org","part",NA
8944,8167995,"Φανταντήστακαμε ότι θα ήμασταν ασφαλείς σε ξένα νερά, και ανυψώσαμε τα Αγγλικά πανιά αλλά καταλάβαμε ότι κάποια ισπανικά πλοία είχαν διαφορετική γνώμη.",NA,"Φανταντήστακαμε ότι θα ήμασταν ασφαλείς σε ξένα νερά και ανυψώσαμε τα Αγγλικά πανιά αλλά καταλάβαμε ότι κάποια ισπανικά πλοία είχαν διαφορετική γνώμη",NA,NA,NA,NA,NA,NA,NA,42,"ell_nfi_562.txt","Greek (Modern)","Modern Greek","ell",NA,"2017","written","non-fiction","prepared_speeches","Grek",NA,"OpenSubtitles2018","https://object.pouta.csc.fi/OPUS-OpenSubtitles/v2018/raw/el.zip","http://www.opensubtitles.org/","http://www.opensubtitles.org/ P. Lison and J. Tiedemann, 2016, OpenSubtitles2016: Extracting Large Parallel Corpora from Movie and TV Subtitles. In Proceedings of the 10th International Conference on Language Resources and Evaluation (LREC 2016)","whole",NA
7913,7240236,"αλλέως να είναι ωραίαι και αι δύο και η καθεμία. Απάντησε εις εμέ ως",NA,"αλλέως να είναι ωραίαι και αι δύο και η καθεμία Απάντησε εις εμέ ως",NA,NA,NA,NA,NA,NA,NA,41,"ell_fic_161.txt","Greek (Modern)","Modern Greek","ell",NA,"2011","written","fiction","general_fiction","Grek",NA,"Plato, 427? BCE-347? BCE, Ιππίας, Μείζων και Ελάσσων, Aesthetics","http://www.gutenberg.org/ebooks/34880.html.noimages","http://www.gutenberg.org","http://www.gutenberg.org","whole",NA
7930,7288913,"Ο Τριστάνος τραβάει τάλογό του όξω από το θάμνο.",NA,"Ο Τριστάνος τραβάει τάλογό του όξω από το θάμνο",NA,NA,NA,NA,NA,NA,NA,41,"ell_fic_28.txt","Greek (Modern)","Modern Greek","ell",NA,"2011","written","fiction","general_fiction","Grek",NA,"Bédier, Joseph, 1864-1938, Le roman de Tristan et Iseut","http://www.gutenberg.org/ebooks/35320.html.noimages","http://www.gutenberg.org","http://www.gutenberg.org","whole",NA
9356,8430589,"Εντάξει.",NA,"Εντάξει",NA,NA,NA,NA,NA,NA,NA,42,"ell_nfi_933.txt","Greek (Modern)","Modern Greek","ell",NA,"2017","written","non-fiction","prepared_speeches","Grek",NA,"OpenSubtitles2018","https://object.pouta.csc.fi/OPUS-OpenSubtitles/v2018/raw/el.zip","http://www.opensubtitles.org/","http://www.opensubtitles.org/ P. Lison and J. Tiedemann, 2016, OpenSubtitles2016: Extracting Large Parallel Corpora from Movie and TV Subtitles. In Proceedings of the 10th International Conference on Language Resources and Evaluation (LREC 2016)","whole",NA
8037,7588133,"Η αvαπηρία του είvαι μοvάχα έvα χαρακτηριστικό της προσωπικότητας του.",NA,"Η ααπηρία του είαι μοάχα έα χαρακτηριστικό της προσωπικότητας του",NA,NA,NA,NA,NA,NA,NA,42,"ell_nfi_1023.txt","Greek (Modern)","Modern Greek","ell",NA,"2017","written","non-fiction","prepared_speeches","Grek",NA,"OpenSubtitles2018","https://object.pouta.csc.fi/OPUS-OpenSubtitles/v2018/raw/el.zip","http://www.opensubtitles.org/","http://www.opensubtitles.org/ P. Lison and J. Tiedemann, 2016, OpenSubtitles2016: Extracting Large Parallel Corpora from Movie and TV Subtitles. In Proceedings of the 10th International Conference on Language Resources and Evaluation (LREC 2016)","whole",NA
7868,7092672,"λόφων και λαγκαδιών, κούτσουρων από δέντρα, βάτων, νερών,",NA,"λόφων και λαγκαδιών κούτσουρων από δέντρα βάτων νερών",NA,NA,NA,NA,NA,NA,NA,41,"ell_fic_120.txt","Greek (Modern)","Modern Greek","ell",NA,"2010","written","fiction","general_fiction","Grek",NA,"Wilde, Oscar, 1854-1900, Στοχασμοί, Authors, English -- 19th century -- Biography","http://www.gutenberg.org/ebooks/34767.html.noimages","http://www.gutenberg.org","http://www.gutenberg.org","part",NA
7923,7271229,"ηδονάς είναι ακολασία και αξιοκατάκριτον πράγμα, έγινε φανερόν. Ως",NA,"ηδονάς είναι ακολασία και αξιοκατάκριτον πράγμα έγινε φανερόν Ως",NA,NA,NA,NA,NA,NA,NA,41,"ell_fic_21.txt","Greek (Modern)","Modern Greek","ell",NA,"2009","written","fiction","general_fiction","Grek",NA,"Aristotle, 384 BCE-322 BCE, Ηθικά Νικομάχεια, Τόμος Πρώτος, Ethics","http://www.gutenberg.org/ebooks/28626.html.noimages","http://www.gutenberg.org","http://www.gutenberg.org","whole",NA
9155,8307647,"Πρέπει να φτάσω σπίτι και να κόψω σε κάποιον το ρούμι.",NA,"Πρέπει να φτάσω σπίτι και να κόψω σε κάποιον το ρούμι",NA,NA,NA,NA,NA,NA,NA,42,"ell_nfi_752.txt","Greek (Modern)","Modern Greek","ell",NA,"2017","written","non-fiction","prepared_speeches","Grek",NA,"OpenSubtitles2018","https://object.pouta.csc.fi/OPUS-OpenSubtitles/v2018/raw/el.zip","http://www.opensubtitles.org/","http://www.opensubtitles.org/ P. Lison and J. Tiedemann, 2016, OpenSubtitles2016: Extracting Large Parallel Corpora from Movie and TV Subtitles. In Proceedings of the 10th International Conference on Language Resources and Evaluation (LREC 2016)","whole",NA
8723,8031459,"Συνήθιζα να ξαπλώνω άγρυπνη και να εύχομαι πως ήμουν εγώ ο γιος.",NA,"Συνήθιζα να ξαπλώνω άγρυπνη και να εύχομαι πως ήμουν εγώ ο γιος",NA,NA,NA,NA,NA,NA,NA,42,"ell_nfi_363.txt","Greek (Modern)","Modern Greek","ell",NA,"2017","written","non-fiction","prepared_speeches","Grek",NA,"OpenSubtitles2018","https://object.pouta.csc.fi/OPUS-OpenSubtitles/v2018/raw/el.zip","http://www.opensubtitles.org/","http://www.opensubtitles.org/ P. Lison and J. Tiedemann, 2016, OpenSubtitles2016: Extracting Large Parallel Corpora from Movie and TV Subtitles. In Proceedings of the 10th International Conference on Language Resources and Evaluation (LREC 2016)","whole",NA
10715,9281162,"- אני אומר לך, הוא בן מגעיל אחד זונה.",NA,"אני אומר לך הוא בן מגעיל אחד זונה",NA,NA,NA,NA,NA,NA,NA,51,"heb_nfi_677.txt","Hebrew (Modern)","Modern Hebrew","heb",NA,"2017","written","non-fiction","prepared_speeches","Hebr",NA,"OpenSubtitles2018","https://object.pouta.csc.fi/OPUS-OpenSubtitles/v2018/raw/he.zip","http://www.opensubtitles.org/","http://www.opensubtitles.org/ P. Lison and J. Tiedemann, 2016, OpenSubtitles2016: Extracting Large Parallel Corpora from Movie and TV Subtitles. In Proceedings of the 10th International Conference on Language Resources and Evaluation (LREC 2016)","whole",NA
9517,8554652,"אבל זה לא אומר, שצריך לחשוב על הגרוע מכל.",NA,"אבל זה לא אומר שצריך לחשוב על הגרוע מכל",NA,NA,NA,NA,NA,NA,NA,51,"heb_nfi_1065.txt","Hebrew (Modern)","Modern Hebrew","heb",NA,"2017","written","non-fiction","prepared_speeches","Hebr",NA,"OpenSubtitles2018","https://object.pouta.csc.fi/OPUS-OpenSubtitles/v2018/raw/he.zip","http://www.opensubtitles.org/","http://www.opensubtitles.org/ P. Lison and J. Tiedemann, 2016, OpenSubtitles2016: Extracting Large Parallel Corpora from Movie and TV Subtitles. In Proceedings of the 10th International Conference on Language Resources and Evaluation (LREC 2016)","whole",NA
10671,9254837,"בחיי, בהחלט ניסיתי.",NA,"בחיי בהחלט ניסיתי",NA,NA,NA,NA,NA,NA,NA,51,"heb_nfi_637.txt","Hebrew (Modern)","Modern Hebrew","heb",NA,"2017","written","non-fiction","prepared_speeches","Hebr",NA,"OpenSubtitles2018","https://object.pouta.csc.fi/OPUS-OpenSubtitles/v2018/raw/he.zip","http://www.opensubtitles.org/","http://www.opensubtitles.org/ P. Lison and J. Tiedemann, 2016, OpenSubtitles2016: Extracting Large Parallel Corpora from Movie and TV Subtitles. In Proceedings of the 10th International Conference on Language Resources and Evaluation (LREC 2016)","whole",NA
10773,9316477,"זהלאאיפהגרה אנה ?",NA,"זהלאאיפהגרה אנה",NA,NA,NA,NA,NA,NA,NA,51,"heb_nfi_729.txt","Hebrew (Modern)","Modern Hebrew","heb",NA,"2017","written","non-fiction","prepared_speeches","Hebr",NA,"OpenSubtitles2018","https://object.pouta.csc.fi/OPUS-OpenSubtitles/v2018/raw/he.zip","http://www.opensubtitles.org/","http://www.opensubtitles.org/ P. Lison and J. Tiedemann, 2016, OpenSubtitles2016: Extracting Large Parallel Corpora from Movie and TV Subtitles. In Proceedings of the 10th International Conference on Language Resources and Evaluation (LREC 2016)","whole",NA
9565,8580417,"היא נלקחה מפה והועברה לבית מחסה לילדים מטעם המדינה.",NA,"היא נלקחה מפה והועברה לבית מחסה לילדים מטעם המדינה",NA,NA,NA,NA,NA,NA,NA,51,"heb_nfi_1108.txt","Hebrew (Modern)","Modern Hebrew","heb",NA,"2017","written","non-fiction","prepared_speeches","Hebr",NA,"OpenSubtitles2018","https://object.pouta.csc.fi/OPUS-OpenSubtitles/v2018/raw/he.zip","http://www.opensubtitles.org/","http://www.opensubtitles.org/ P. Lison and J. Tiedemann, 2016, OpenSubtitles2016: Extracting Large Parallel Corpora from Movie and TV Subtitles. In Proceedings of the 10th International Conference on Language Resources and Evaluation (LREC 2016)","whole",NA
11027,9467986,"כן, בדיוק ככה.",NA,"כן בדיוק ככה",NA,NA,NA,NA,NA,NA,NA,51,"heb_nfi_958.txt","Hebrew (Modern)","Modern Hebrew","heb",NA,"2017","written","non-fiction","prepared_speeches","Hebr",NA,"OpenSubtitles2018","https://object.pouta.csc.fi/OPUS-OpenSubtitles/v2018/raw/he.zip","http://www.opensubtitles.org/","http://www.opensubtitles.org/ P. Lison and J. Tiedemann, 2016, OpenSubtitles2016: Extracting Large Parallel Corpora from Movie and TV Subtitles. In Proceedings of the 10th International Conference on Language Resources and Evaluation (LREC 2016)","whole",NA
11012,9458765,"זאת לא מדורה.",NA,"זאת לא מדורה",NA,NA,NA,NA,NA,NA,NA,51,"heb_nfi_944.txt","Hebrew (Modern)","Modern Hebrew","heb",NA,"2017","written","non-fiction","prepared_speeches","Hebr",NA,"OpenSubtitles2018","https://object.pouta.csc.fi/OPUS-OpenSubtitles/v2018/raw/he.zip","http://www.opensubtitles.org/","http://www.opensubtitles.org/ P. Lison and J. Tiedemann, 2016, OpenSubtitles2016: Extracting Large Parallel Corpora from Movie and TV Subtitles. In Proceedings of the 10th International Conference on Language Resources and Evaluation (LREC 2016)","whole",NA
9634,8618971,"מה אתם עושים כשאתם עייפים?",NA,"מה אתם עושים כשאתם עייפים",NA,NA,NA,NA,NA,NA,NA,51,"heb_nfi_1170.txt","Hebrew (Modern)","Modern Hebrew","heb",NA,"2017","written","non-fiction","prepared_speeches","Hebr",NA,"OpenSubtitles2018","https://object.pouta.csc.fi/OPUS-OpenSubtitles/v2018/raw/he.zip","http://www.opensubtitles.org/","http://www.opensubtitles.org/ P. Lison and J. Tiedemann, 2016, OpenSubtitles2016: Extracting Large Parallel Corpora from Movie and TV Subtitles. In Proceedings of the 10th International Conference on Language Resources and Evaluation (LREC 2016)","whole",NA
10448,9117099,"לחיי התחלות חדשות.",NA,"לחיי התחלות חדשות",NA,NA,NA,NA,NA,NA,NA,51,"heb_nfi_436.txt","Hebrew (Modern)","Modern Hebrew","heb",NA,"2017","written","non-fiction","prepared_speeches","Hebr",NA,"OpenSubtitles2018","https://object.pouta.csc.fi/OPUS-OpenSubtitles/v2018/raw/he.zip","http://www.opensubtitles.org/","http://www.opensubtitles.org/ P. Lison and J. Tiedemann, 2016, OpenSubtitles2016: Extracting Large Parallel Corpora from Movie and TV Subtitles. In Proceedings of the 10th International Conference on Language Resources and Evaluation (LREC 2016)","whole",NA
9930,8795900,"אבל נכנעתי לאחת הבקשות שלך.",NA,"אבל נכנעתי לאחת הבקשות שלך",NA,NA,NA,NA,NA,NA,NA,51,"heb_nfi_1437.txt","Hebrew (Modern)","Modern Hebrew","heb",NA,"2016","written","non-fiction","prepared_speeches","Hebr",NA,"OpenSubtitles2018","https://object.pouta.csc.fi/OPUS-OpenSubtitles/v2018/raw/he.zip","http://www.opensubtitles.org/","http://www.opensubtitles.org/ P. Lison and J. Tiedemann, 2016, OpenSubtitles2016: Extracting Large Parallel Corpora from Movie and TV Subtitles. In Proceedings of the 10th International Conference on Language Resources and Evaluation (LREC 2016)","whole",NA
9576,8586989,"תוכל לתאר את הבחור הזה?",NA,"תוכל לתאר את הבחור הזה",NA,NA,NA,NA,NA,NA,NA,51,"heb_nfi_1118.txt","Hebrew (Modern)","Modern Hebrew","heb",NA,"2017","written","non-fiction","prepared_speeches","Hebr",NA,"OpenSubtitles2018","https://object.pouta.csc.fi/OPUS-OpenSubtitles/v2018/raw/he.zip","http://www.opensubtitles.org/","http://www.opensubtitles.org/ P. Lison and J. Tiedemann, 2016, OpenSubtitles2016: Extracting Large Parallel Corpora from Movie and TV Subtitles. In Proceedings of the 10th International Conference on Language Resources and Evaluation (LREC 2016)","whole",NA
9935,8799165,"אין זה המקום לכל מי עוד שדים השוכנים בהם.",NA,"אין זה המקום לכל מי עוד שדים השוכנים בהם",NA,NA,NA,NA,NA,NA,NA,51,"heb_nfi_1441.txt","Hebrew (Modern)","Modern Hebrew","heb",NA,"2016","written","non-fiction","prepared_speeches","Hebr",NA,"OpenSubtitles2018","https://object.pouta.csc.fi/OPUS-OpenSubtitles/v2018/raw/he.zip","http://www.opensubtitles.org/","http://www.opensubtitles.org/ P. Lison and J. Tiedemann, 2016, OpenSubtitles2016: Extracting Large Parallel Corpora from Movie and TV Subtitles. In Proceedings of the 10th International Conference on Language Resources and Evaluation (LREC 2016)","whole",NA
10815,9343352,"""היי, הגעתם לבראדלי.",NA,"היי הגעתם לבראדלי",NA,NA,NA,NA,NA,NA,NA,51,"heb_nfi_767.txt","Hebrew (Modern)","Modern Hebrew","heb",NA,"2017","written","non-fiction","prepared_speeches","Hebr",NA,"OpenSubtitles2018","https://object.pouta.csc.fi/OPUS-OpenSubtitles/v2018/raw/he.zip","http://www.opensubtitles.org/","http://www.opensubtitles.org/ P. Lison and J. Tiedemann, 2016, OpenSubtitles2016: Extracting Large Parallel Corpora from Movie and TV Subtitles. In Proceedings of the 10th International Conference on Language Resources and Evaluation (LREC 2016)","whole",NA
10589,9204747,"שים לב להיכן אתה הולך, חלקלק כאן.",NA,"שים לב להיכן אתה הולך חלקלק כאן",NA,NA,NA,NA,NA,NA,NA,51,"heb_nfi_563.txt","Hebrew (Modern)","Modern Hebrew","heb",NA,"2017","written","non-fiction","prepared_speeches","Hebr",NA,"OpenSubtitles2018","https://object.pouta.csc.fi/OPUS-OpenSubtitles/v2018/raw/he.zip","http://www.opensubtitles.org/","http://www.opensubtitles.org/ P. Lison and J. Tiedemann, 2016, OpenSubtitles2016: Extracting Large Parallel Corpora from Movie and TV Subtitles. In Proceedings of the 10th International Conference on Language Resources and Evaluation (LREC 2016)","whole",NA
9441,8503005,"יישן שנתו לאט לאט. הזבובים הקטנים והיתושים הנם הראשונים המרגישים את",NA,"יישן שנתו לאט לאט הזבובים הקטנים והיתושים הנם הראשונים המרגישים את",NA,NA,NA,NA,NA,NA,NA,50,"heb_fic_4.txt","Hebrew (Modern)","Modern Hebrew","heb",NA,"2006","written","fiction","general_fiction","Hebr",NA,"Knut Hamsun, Hunger","http://www.gutenberg.org/files/18291/18291-h/18291-h.htm","http://www.gutenberg.org","http://www.gutenberg.org","whole",NA
10666,9251465,"לא תוכל להתחבר למוזיקה ולהתחמק מלקחת אחריות.",NA,"לא תוכל להתחבר למוזיקה ולהתחמק מלקחת אחריות",NA,NA,NA,NA,NA,NA,NA,51,"heb_nfi_632.txt","Hebrew (Modern)","Modern Hebrew","heb",NA,"2017","written","non-fiction","prepared_speeches","Hebr",NA,"OpenSubtitles2018","https://object.pouta.csc.fi/OPUS-OpenSubtitles/v2018/raw/he.zip","http://www.opensubtitles.org/","http://www.opensubtitles.org/ P. Lison and J. Tiedemann, 2016, OpenSubtitles2016: Extracting Large Parallel Corpora from Movie and TV Subtitles. In Proceedings of the 10th International Conference on Language Resources and Evaluation (LREC 2016)","whole",NA
10385,9082234,"אני לא יודע.",NA,"אני לא יודע",NA,NA,NA,NA,NA,NA,NA,51,"heb_nfi_38.txt","Hebrew (Modern)","Modern Hebrew","heb",NA,"2017","written","non-fiction","prepared_speeches","Hebr",NA,"OpenSubtitles2018","https://object.pouta.csc.fi/OPUS-OpenSubtitles/v2018/raw/he.zip","http://www.opensubtitles.org/","http://www.opensubtitles.org/ P. Lison and J. Tiedemann, 2016, OpenSubtitles2016: Extracting Large Parallel Corpora from Movie and TV Subtitles. In Proceedings of the 10th International Conference on Language Resources and Evaluation (LREC 2016)","whole",NA
10346,9055276,"אני לא מאמין שהכית אותי.",NA,"אני לא מאמין שהכית אותי",NA,NA,NA,NA,NA,NA,NA,51,"heb_nfi_344.txt","Hebrew (Modern)","Modern Hebrew","heb",NA,"2017","written","non-fiction","prepared_speeches","Hebr",NA,"OpenSubtitles2018","https://object.pouta.csc.fi/OPUS-OpenSubtitles/v2018/raw/he.zip","http://www.opensubtitles.org/","http://www.opensubtitles.org/ P. Lison and J. Tiedemann, 2016, OpenSubtitles2016: Extracting Large Parallel Corpora from Movie and TV Subtitles. In Proceedings of the 10th International Conference on Language Resources and Evaluation (LREC 2016)","whole",NA
10800,9335464,"אתה לוקח סיכונים.",NA,"אתה לוקח סיכונים",NA,NA,NA,NA,NA,NA,NA,51,"heb_nfi_753.txt","Hebrew (Modern)","Modern Hebrew","heb",NA,"2017","written","non-fiction","prepared_speeches","Hebr",NA,"OpenSubtitles2018","https://object.pouta.csc.fi/OPUS-OpenSubtitles/v2018/raw/he.zip","http://www.opensubtitles.org/","http://www.opensubtitles.org/ P. Lison and J. Tiedemann, 2016, OpenSubtitles2016: Extracting Large Parallel Corpora from Movie and TV Subtitles. In Proceedings of the 10th International Conference on Language Resources and Evaluation (LREC 2016)","whole",NA
9569,8582197,"ג 'ילדה מינו בלאט מיט.",NA,"ג ילדה מינו בלאט מיט",NA,NA,NA,NA,NA,NA,NA,51,"heb_nfi_1111.txt","Hebrew (Modern)","Modern Hebrew","heb",NA,"2017","written","non-fiction","prepared_speeches","Hebr",NA,"OpenSubtitles2018","https://object.pouta.csc.fi/OPUS-OpenSubtitles/v2018/raw/he.zip","http://www.opensubtitles.org/","http://www.opensubtitles.org/ P. Lison and J. Tiedemann, 2016, OpenSubtitles2016: Extracting Large Parallel Corpora from Movie and TV Subtitles. In Proceedings of the 10th International Conference on Language Resources and Evaluation (LREC 2016)","whole",NA
10829,9350981,"מי יהיה הראשון לחלוק בו עמי?",NA,"מי יהיה הראשון לחלוק בו עמי",NA,NA,NA,NA,NA,NA,NA,51,"heb_nfi_78.txt","Hebrew (Modern)","Modern Hebrew","heb",NA,"2017","written","non-fiction","prepared_speeches","Hebr",NA,"OpenSubtitles2018","https://object.pouta.csc.fi/OPUS-OpenSubtitles/v2018/raw/he.zip","http://www.opensubtitles.org/","http://www.opensubtitles.org/ P. Lison and J. Tiedemann, 2016, OpenSubtitles2016: Extracting Large Parallel Corpora from Movie and TV Subtitles. In Proceedings of the 10th International Conference on Language Resources and Evaluation (LREC 2016)","whole",NA
10659,9248806,"אני מברר.",NA,"אני מברר",NA,NA,NA,NA,NA,NA,NA,51,"heb_nfi_626.txt","Hebrew (Modern)","Modern Hebrew","heb",NA,"2017","written","non-fiction","prepared_speeches","Hebr",NA,"OpenSubtitles2018","https://object.pouta.csc.fi/OPUS-OpenSubtitles/v2018/raw/he.zip","http://www.opensubtitles.org/","http://www.opensubtitles.org/ P. Lison and J. Tiedemann, 2016, OpenSubtitles2016: Extracting Large Parallel Corpora from Movie and TV Subtitles. In Proceedings of the 10th International Conference on Language Resources and Evaluation (LREC 2016)","whole",NA
10666,9251987,"החדר הצמוד, מכאן.",NA,"החדר הצמוד מכאן",NA,NA,NA,NA,NA,NA,NA,51,"heb_nfi_632.txt","Hebrew (Modern)","Modern Hebrew","heb",NA,"2017","written","non-fiction","prepared_speeches","Hebr",NA,"OpenSubtitles2018","https://object.pouta.csc.fi/OPUS-OpenSubtitles/v2018/raw/he.zip","http://www.opensubtitles.org/","http://www.opensubtitles.org/ P. Lison and J. Tiedemann, 2016, OpenSubtitles2016: Extracting Large Parallel Corpora from Movie and TV Subtitles. In Proceedings of the 10th International Conference on Language Resources and Evaluation (LREC 2016)","whole",NA
10319,9042328,"אחרי הפגישה שלו עם המזכירה מקורד, מר פוקס סיפק גישה מלאה לחשבונות העסקיים שלו.",NA,"אחרי הפגישה שלו עם המזכירה מקורד מר פוקס סיפק גישה מלאה לחשבונות העסקיים שלו",NA,NA,NA,NA,NA,NA,NA,51,"heb_nfi_32.txt","Hebrew (Modern)","Modern Hebrew","heb",NA,"2017","written","non-fiction","prepared_speeches","Hebr",NA,"OpenSubtitles2018","https://object.pouta.csc.fi/OPUS-OpenSubtitles/v2018/raw/he.zip","http://www.opensubtitles.org/","http://www.opensubtitles.org/ P. Lison and J. Tiedemann, 2016, OpenSubtitles2016: Extracting Large Parallel Corpora from Movie and TV Subtitles. In Proceedings of the 10th International Conference on Language Resources and Evaluation (LREC 2016)","whole",NA
10750,9303998,"אז, מי הולך להגיע אלי הראשון?",NA,"אז מי הולך להגיע אלי הראשון",NA,NA,NA,NA,NA,NA,NA,51,"heb_nfi_708.txt","Hebrew (Modern)","Modern Hebrew","heb",NA,"2017","written","non-fiction","prepared_speeches","Hebr",NA,"OpenSubtitles2018","https://object.pouta.csc.fi/OPUS-OpenSubtitles/v2018/raw/he.zip","http://www.opensubtitles.org/","http://www.opensubtitles.org/ P. Lison and J. Tiedemann, 2016, OpenSubtitles2016: Extracting Large Parallel Corpora from Movie and TV Subtitles. In Proceedings of the 10th International Conference on Language Resources and Evaluation (LREC 2016)","whole",NA
10922,9406035,"לטוני יש טעם מדהים.",NA,"לטוני יש טעם מדהים",NA,NA,NA,NA,NA,NA,NA,51,"heb_nfi_863.txt","Hebrew (Modern)","Modern Hebrew","heb",NA,"2017","written","non-fiction","prepared_speeches","Hebr",NA,"OpenSubtitles2018","https://object.pouta.csc.fi/OPUS-OpenSubtitles/v2018/raw/he.zip","http://www.opensubtitles.org/","http://www.opensubtitles.org/ P. Lison and J. Tiedemann, 2016, OpenSubtitles2016: Extracting Large Parallel Corpora from Movie and TV Subtitles. In Proceedings of the 10th International Conference on Language Resources and Evaluation (LREC 2016)","whole",NA
9536,8564398,"האם אתה בתוך גופך, אבל לא?",NA,"האם אתה בתוך גופך אבל לא",NA,NA,NA,NA,NA,NA,NA,51,"heb_nfi_1082.txt","Hebrew (Modern)","Modern Hebrew","heb",NA,"2017","written","non-fiction","prepared_speeches","Hebr",NA,"OpenSubtitles2018","https://object.pouta.csc.fi/OPUS-OpenSubtitles/v2018/raw/he.zip","http://www.opensubtitles.org/","http://www.opensubtitles.org/ P. Lison and J. Tiedemann, 2016, OpenSubtitles2016: Extracting Large Parallel Corpora from Movie and TV Subtitles. In Proceedings of the 10th International Conference on Language Resources and Evaluation (LREC 2016)","whole",NA
10096,8907209,"לואיס, אני יכול לדבר איתך לרגע?",NA,"לואיס אני יכול לדבר איתך לרגע",NA,NA,NA,NA,NA,NA,NA,51,"heb_nfi_1587.txt","Hebrew (Modern)","Modern Hebrew","heb",NA,"2016","written","non-fiction","prepared_speeches","Hebr",NA,"OpenSubtitles2018","https://object.pouta.csc.fi/OPUS-OpenSubtitles/v2018/raw/he.zip","http://www.opensubtitles.org/","http://www.opensubtitles.org/ P. Lison and J. Tiedemann, 2016, OpenSubtitles2016: Extracting Large Parallel Corpora from Movie and TV Subtitles. In Proceedings of the 10th International Conference on Language Resources and Evaluation (LREC 2016)","whole",NA
10024,8855906,"לא היינו צריכים להיכנס לשם.",NA,"לא היינו צריכים להיכנס לשם",NA,NA,NA,NA,NA,NA,NA,51,"heb_nfi_1521.txt","Hebrew (Modern)","Modern Hebrew","heb",NA,"2016","written","non-fiction","prepared_speeches","Hebr",NA,"OpenSubtitles2018","https://object.pouta.csc.fi/OPUS-OpenSubtitles/v2018/raw/he.zip","http://www.opensubtitles.org/","http://www.opensubtitles.org/ P. Lison and J. Tiedemann, 2016, OpenSubtitles2016: Extracting Large Parallel Corpora from Movie and TV Subtitles. In Proceedings of the 10th International Conference on Language Resources and Evaluation (LREC 2016)","whole",NA
9438,8499422,"תענוגו ואם יחכם איש מכל אשר לפניו ולו מאות אלף לשונות ומאה",NA,"תענוגו ואם יחכם איש מכל אשר לפניו ולו מאות אלף לשונות ומאה",NA,NA,NA,NA,NA,NA,NA,50,"heb_fic_1.txt","Hebrew (Modern)","Modern Hebrew","heb",NA,"2019","written","fiction","general_fiction","Hebr",NA,"Gossuin de Metz, Tsel Ha'Olam","http://www.gutenberg.org/files/61024/61024-h/61024-h.htm","http://www.gutenberg.org","http://www.gutenberg.org","whole",NA
10245,8999948,"- אם יורשה לי?",NA,"אם יורשה לי",NA,NA,NA,NA,NA,NA,NA,51,"heb_nfi_253.txt","Hebrew (Modern)","Modern Hebrew","heb",NA,"2017","written","non-fiction","prepared_speeches","Hebr",NA,"OpenSubtitles2018","https://object.pouta.csc.fi/OPUS-OpenSubtitles/v2018/raw/he.zip","http://www.opensubtitles.org/","http://www.opensubtitles.org/ P. Lison and J. Tiedemann, 2016, OpenSubtitles2016: Extracting Large Parallel Corpora from Movie and TV Subtitles. In Proceedings of the 10th International Conference on Language Resources and Evaluation (LREC 2016)","whole",NA
10036,8861554,"זקן.",NA,"זקן",NA,NA,NA,NA,NA,NA,NA,51,"heb_nfi_1532.txt","Hebrew (Modern)","Modern Hebrew","heb",NA,"2016","written","non-fiction","prepared_speeches","Hebr",NA,"OpenSubtitles2018","https://object.pouta.csc.fi/OPUS-OpenSubtitles/v2018/raw/he.zip","http://www.opensubtitles.org/","http://www.opensubtitles.org/ P. Lison and J. Tiedemann, 2016, OpenSubtitles2016: Extracting Large Parallel Corpora from Movie and TV Subtitles. In Proceedings of the 10th International Conference on Language Resources and Evaluation (LREC 2016)","whole",NA
9784,8705740,"אני חושש, בצרפת, אנחנו רחוקים חיסוניים.",NA,"אני חושש בצרפת אנחנו רחוקים חיסוניים",NA,NA,NA,NA,NA,NA,NA,51,"heb_nfi_1305.txt","Hebrew (Modern)","Modern Hebrew","heb",NA,"2016","written","non-fiction","prepared_speeches","Hebr",NA,"OpenSubtitles2018","https://object.pouta.csc.fi/OPUS-OpenSubtitles/v2018/raw/he.zip","http://www.opensubtitles.org/","http://www.opensubtitles.org/ P. Lison and J. Tiedemann, 2016, OpenSubtitles2016: Extracting Large Parallel Corpora from Movie and TV Subtitles. In Proceedings of the 10th International Conference on Language Resources and Evaluation (LREC 2016)","whole",NA
10306,9034462,"אתה לא נותן לנערה שלך להיכנס לשטח האויב לבד.",NA,"אתה לא נותן לנערה שלך להיכנס לשטח האויב לבד",NA,NA,NA,NA,NA,NA,NA,51,"heb_nfi_308.txt","Hebrew (Modern)","Modern Hebrew","heb",NA,"2017","written","non-fiction","prepared_speeches","Hebr",NA,"OpenSubtitles2018","https://object.pouta.csc.fi/OPUS-OpenSubtitles/v2018/raw/he.zip","http://www.opensubtitles.org/","http://www.opensubtitles.org/ P. Lison and J. Tiedemann, 2016, OpenSubtitles2016: Extracting Large Parallel Corpora from Movie and TV Subtitles. In Proceedings of the 10th International Conference on Language Resources and Evaluation (LREC 2016)","whole",NA
9848,8745711,"‫אני עובדת במספרת כלבים.",NA,"אני עובדת במספרת כלבים",NA,NA,NA,NA,NA,NA,NA,51,"heb_nfi_1363.txt","Hebrew (Modern)","Modern Hebrew","heb",NA,"2016","written","non-fiction","prepared_speeches","Hebr",NA,"OpenSubtitles2018","https://object.pouta.csc.fi/OPUS-OpenSubtitles/v2018/raw/he.zip","http://www.opensubtitles.org/","http://www.opensubtitles.org/ P. Lison and J. Tiedemann, 2016, OpenSubtitles2016: Extracting Large Parallel Corpora from Movie and TV Subtitles. In Proceedings of the 10th International Conference on Language Resources and Evaluation (LREC 2016)","whole",NA
10701,9270756,"יש לו שלוש דקות עד שהוא מחניק.",NA,"יש לו שלוש דקות עד שהוא מחניק",NA,NA,NA,NA,NA,NA,NA,51,"heb_nfi_664.txt","Hebrew (Modern)","Modern Hebrew","heb",NA,"2017","written","non-fiction","prepared_speeches","Hebr",NA,"OpenSubtitles2018","https://object.pouta.csc.fi/OPUS-OpenSubtitles/v2018/raw/he.zip","http://www.opensubtitles.org/","http://www.opensubtitles.org/ P. Lison and J. Tiedemann, 2016, OpenSubtitles2016: Extracting Large Parallel Corpora from Movie and TV Subtitles. In Proceedings of the 10th International Conference on Language Resources and Evaluation (LREC 2016)","whole",NA
9976,8823444,"קייל?",NA,"קייל",NA,NA,NA,NA,NA,NA,NA,51,"heb_nfi_1479.txt","Hebrew (Modern)","Modern Hebrew","heb",NA,"2016","written","non-fiction","prepared_speeches","Hebr",NA,"OpenSubtitles2018","https://object.pouta.csc.fi/OPUS-OpenSubtitles/v2018/raw/he.zip","http://www.opensubtitles.org/","http://www.opensubtitles.org/ P. Lison and J. Tiedemann, 2016, OpenSubtitles2016: Extracting Large Parallel Corpora from Movie and TV Subtitles. In Proceedings of the 10th International Conference on Language Resources and Evaluation (LREC 2016)","whole",NA
10677,9257579,"והוא הקפיד טוב כפי שהוא מתיימר להגיע לבדיקה.",NA,"והוא הקפיד טוב כפי שהוא מתיימר להגיע לבדיקה",NA,NA,NA,NA,NA,NA,NA,51,"heb_nfi_642.txt","Hebrew (Modern)","Modern Hebrew","heb",NA,"2017","written","non-fiction","prepared_speeches","Hebr",NA,"OpenSubtitles2018","https://object.pouta.csc.fi/OPUS-OpenSubtitles/v2018/raw/he.zip","http://www.opensubtitles.org/","http://www.opensubtitles.org/ P. Lison and J. Tiedemann, 2016, OpenSubtitles2016: Extracting Large Parallel Corpora from Movie and TV Subtitles. In Proceedings of the 10th International Conference on Language Resources and Evaluation (LREC 2016)","whole",NA
9703,8656195,"אום... זאת ילדה, והיום היא בת 12 שבועות ויום אחד.",NA,"אום זאת ילדה והיום היא בת  שבועות ויום אחד",NA,NA,NA,NA,NA,NA,NA,51,"heb_nfi_1232.txt","Hebrew (Modern)","Modern Hebrew","heb",NA,"2017","written","non-fiction","prepared_speeches","Hebr",NA,"OpenSubtitles2018","https://object.pouta.csc.fi/OPUS-OpenSubtitles/v2018/raw/he.zip","http://www.opensubtitles.org/","http://www.opensubtitles.org/ P. Lison and J. Tiedemann, 2016, OpenSubtitles2016: Extracting Large Parallel Corpora from Movie and TV Subtitles. In Proceedings of the 10th International Conference on Language Resources and Evaluation (LREC 2016)","whole",NA
9433,8489802,"66016019	Pe táva guasu oñemboja'o mbohapy hendápe , ha táva oĩva guive ko yvy ári ho'apa ; ha Tupã imandu'a táva Babilóniare , ho'uka haguã chupe kaguýicha pe ñenupã ha'e omondóva chupe ipochýgui .","66016019","Pe táva guasu oñembojao mbohapy hendápe  ha táva oĩva guive ko yvy ári hoapa  ha Tupã imandua táva Babilóniare  houka haguã chupe kaguýicha pe ñenupã hae omondóva chupe ipochýgui",NA,NA,NA,NA,NA,NA,NA,46,"gug_nfi_1.txt","Guraní","Paraguayan Guraní","gug",NA,"1996","written","non-fiction","religion","Latn",NA,"The New Testament in Paraguayan Guraní. Text of the Parallel Bible Corpus: Mayer, Thomas & Michael Cysouw. 2014. Creating a Massively Parallel Bible Corpus. Proceedings of the International Conference on Language Resources and Evaluation (LREC), Reykjavik, 3158-3163.","https://www.bible.com/versions/66","© Sociedad Bíblica Paraguaya, 1996.","La Conferencia Episcopal Paraguaya tiene la satisfacción de ofrecer a los fieles la TRADUCCIÓN AL GUARANI de la BIBLIA, que incluye los libros deuterocanónicos. Esta traducción fue realizada por la Sociedad Bíblica Paraguaya, en cooperación con especialistas católicos en las Sagradas Escrituras, revisada por los censores designados por los Señores Obispos y aprobada en la 145a Asamblea Plenaria Extraordinaria de la Conferencia Episcopal Paraguaya.<br>Este esfuerzo requirió años de intenso trabajo, y tiene un valor significativo para nuestro país, en el que la lengua vernácula predominante es instrumento privilegiado de comunicación y de solidaridad. La ""primera etapa de inculturación consiste en traducir en otro idioma, la Escritura inspirada"" (Pontif. Comis. Bibl.: interpretación de la Biblia, Cap. IV-B).<br>Expresamos nuestra gratitud a la Sociedad Bíblica Paraguaya y a las Sociedades Bíblicas Unidas, dejando a criterio de los Señores Obispos del país, la difusión de la Biblia recientemente traducida al guaraní, y las instrucciones pastorales necesarias para su mejor comprensión y utilización.<br>Asunción, 15 de julio del 2010<br>Fiesta de San Buenaventura<br>PASTOR CUQUEJO<br>Arzobispo de la Santísima Asunción<br>Presidente de la CEP","whole","The first two digits of the identifier refer to the book, the next three digits to the chapter, and the last three digits to the verse. See Mayer & Cysouw (2014) for a list of book identifiers."
14317,12423956,"11015013	I Maakà reniny aza , naongany amin’ny maha-renin’ny mpanjaka azy , satria nanao sampy vetaveta ho an’i Astarte . Nazeran’i Asà ny sampiny vetaveta , dia nodorany tao amin’ny ranon-driaka Sedrôna .","11015013","I Maakà reniny aza  naongany aminny mahareninny mpanjaka azy  satria nanao sampy vetaveta ho ani Astarte  Nazerani Asà ny sampiny vetaveta  dia nodorany tao aminny ranondriaka Sedrôna",NA,NA,NA,NA,NA,NA,NA,79,"plt_nfi_1.txt","Malagasy","Plateau Malagasy","plt",NA,"2003","written","non-fiction","religion","Latn",NA,"The Bible in Malagasy: Roman Catholic Version. Text of the Parallel Bible Corpus: Mayer, Thomas & Michael Cysouw. 2014. Creating a Massively Parallel Bible Corpus. Proceedings of the International Conference on Language Resources and Evaluation (LREC), Reykjavik, 3158-3163.","http://www.bible.is/MLGRCV/Mark/1/D<br>https://www.bible.com/af/bible/814/mat.1","© La Société Biblique Malgache 2003","Cette traduction, publiée par Société Biblique Malgache, a paru en 2005.<br>Pour vous procurer un exemplaire imprimé, merci de contacter la Société Biblique Malgache sur www.mampielybaiboly.mg.","whole","The first two digits of the identifier refer to the book, the next three digits to the chapter, and the last three digits to the verse. See Mayer & Cysouw (2014) for a list of book identifiers."
12377,10722683,"49005006	Machojab mac chexak'ni subchaho yu tzoti' caw sucal yehi . Yuton sunil huntek'an machiswalil tu' , yuxinto chitit ishowal Comam Dios yiban̈ anma mach chiyijen tzet chala .","49005006","Machojab mac chexakni subchaho yu tzoti caw sucal yehi  Yuton sunil huntekan machiswalil tu  yuxinto chitit ishowal Comam Dios yiban anma mach chiyijen tzet chala",NA,NA,NA,NA,NA,NA,NA,60,"jac_nfi_1.txt","Jakaltek","Popti'","jac",NA,"1997","written","non-fiction","religion","Latn",NA,"The New Testament in Eastern Jacalteco. Text of the Parallel Bible Corpus: Mayer, Thomas & Michael Cysouw. 2014. Creating a Massively Parallel Bible Corpus. Proceedings of the International Conference on Language Resources and Evaluation (LREC), Reykjavik, 3158-3163.","http://www.bible.is/JACWBT/Matt/1","© Wycliffe Bible Translators1997",NA,"whole","The first two digits of the identifier refer to the book, the next three digits to the chapter, and the last three digits to the verse. See Mayer & Cysouw (2014) for a list of book identifiers."
16704,14713564,"Для одного человека.",NA,"Для одного человека",NA,NA,NA,NA,NA,NA,NA,107,"rus_nfi_1325.txt","Russian","Russian","rus",NA,"2016","written","non-fiction","prepared_speeches","Cyrl",NA,"OpenSubtitles2018","https://object.pouta.csc.fi/OPUS-OpenSubtitles/v2018/raw/ru.zip","http://www.opensubtitles.org/","http://www.opensubtitles.org/ P. Lison and J. Tiedemann, 2016, OpenSubtitles2016: Extracting Large Parallel Corpora from Movie and TV Subtitles. In Proceedings of the 10th International Conference on Language Resources and Evaluation (LREC 2016)","whole",NA
16412,14536197,"С тобой я танцевать не хочу.",NA,"С тобой я танцевать не хочу",NA,NA,NA,NA,NA,NA,NA,107,"rus_nfi_1062.txt","Russian","Russian","rus",NA,"2016","written","non-fiction","prepared_speeches","Cyrl",NA,"OpenSubtitles2018","https://object.pouta.csc.fi/OPUS-OpenSubtitles/v2018/raw/ru.zip","http://www.opensubtitles.org/","http://www.opensubtitles.org/ P. Lison and J. Tiedemann, 2016, OpenSubtitles2016: Extracting Large Parallel Corpora from Movie and TV Subtitles. In Proceedings of the 10th International Conference on Language Resources and Evaluation (LREC 2016)","whole",NA
16386,14520639,"Она меня нашла!",NA,"Она меня нашла",NA,NA,NA,NA,NA,NA,NA,107,"rus_nfi_1039.txt","Russian","Russian","rus",NA,"2016","written","non-fiction","prepared_speeches","Cyrl",NA,"OpenSubtitles2018","https://object.pouta.csc.fi/OPUS-OpenSubtitles/v2018/raw/ru.zip","http://www.opensubtitles.org/","http://www.opensubtitles.org/ P. Lison and J. Tiedemann, 2016, OpenSubtitles2016: Extracting Large Parallel Corpora from Movie and TV Subtitles. In Proceedings of the 10th International Conference on Language Resources and Evaluation (LREC 2016)","whole",NA
17481,15190567,"-  рутой парень!",NA,"рутой парень",NA,NA,NA,NA,NA,NA,NA,107,"rus_nfi_601.txt","Russian","Russian","rus",NA,"2017","written","non-fiction","prepared_speeches","Cyrl",NA,"OpenSubtitles2018","https://object.pouta.csc.fi/OPUS-OpenSubtitles/v2018/raw/ru.zip","http://www.opensubtitles.org/","http://www.opensubtitles.org/ P. Lison and J. Tiedemann, 2016, OpenSubtitles2016: Extracting Large Parallel Corpora from Movie and TV Subtitles. In Proceedings of the 10th International Conference on Language Resources and Evaluation (LREC 2016)","whole",NA
17154,14994550,"Тереза Мэй висит на ниточке.",NA,"Тереза Мэй висит на ниточке",NA,NA,NA,NA,NA,NA,NA,107,"rus_nfi_307.txt","Russian","Russian","rus",NA,"2017","written","non-fiction","prepared_speeches","Cyrl",NA,"OpenSubtitles2018","https://object.pouta.csc.fi/OPUS-OpenSubtitles/v2018/raw/ru.zip","http://www.opensubtitles.org/","http://www.opensubtitles.org/ P. Lison and J. Tiedemann, 2016, OpenSubtitles2016: Extracting Large Parallel Corpora from Movie and TV Subtitles. In Proceedings of the 10th International Conference on Language Resources and Evaluation (LREC 2016)","whole",NA
16341,14487240,"46006009	Или не знаете , что неправедные Царства Божия не наследуют ? Не обманывайтесь : ни блудники , ни идолослужители , нипрелюбодеи , ни малакии , ни мужеложники ,","46006009","Или не знаете  что неправедные Царства Божия не наследуют  Не обманывайтесь  ни блудники  ни идолослужители  нипрелюбодеи  ни малакии  ни мужеложники",NA,NA,NA,NA,NA,NA,NA,107,"rus_nfi_1.txt","Russian","Russian","rus",NA,"1876","written","non-fiction","religion","Cyrl",NA,"The Synodal Bible in Russian. Text of the Parallel Bible Corpus: Mayer, Thomas & Michael Cysouw. 2014. Creating a Massively Parallel Bible Corpus. Proceedings of the International Conference on Language Resources and Evaluation (LREC), Reykjavik, 3158-3163.","http://unbound.biola.edu/index.cfm?method=downloads.showDownloadMain",NA,"This translation, first published in 1876, was thoroughly checked by the Bible Society in Russia in 1994 and some revisions were made.<br>If you are interested in obtaining a printed copy, please contact the Bible Society in Russia at www.biblia.ru.","whole","The first two digits of the identifier refer to the book, the next three digits to the chapter, and the last three digits to the verse. See Mayer & Cysouw (2014) for a list of book identifiers."
17191,15017100,"поэтому я не взял эдгара он слишком тебе подходит эдгар - хороший человек, но нам и друг друга хватит",NA,"поэтому я не взял эдгара он слишком тебе подходит эдгар  хороший человек но нам и друг друга хватит",NA,NA,NA,NA,NA,NA,NA,107,"rus_nfi_340.txt","Russian","Russian","rus",NA,"2017","written","non-fiction","prepared_speeches","Cyrl",NA,"OpenSubtitles2018","https://object.pouta.csc.fi/OPUS-OpenSubtitles/v2018/raw/ru.zip","http://www.opensubtitles.org/","http://www.opensubtitles.org/ P. Lison and J. Tiedemann, 2016, OpenSubtitles2016: Extracting Large Parallel Corpora from Movie and TV Subtitles. In Proceedings of the 10th International Conference on Language Resources and Evaluation (LREC 2016)","whole",NA
17489,15195324,"И... мужчина... занимался со мной сексом.",NA,"И мужчина занимался со мной сексом",NA,NA,NA,NA,NA,NA,NA,107,"rus_nfi_609.txt","Russian","Russian","rus",NA,"2017","written","non-fiction","prepared_speeches","Cyrl",NA,"OpenSubtitles2018","https://object.pouta.csc.fi/OPUS-OpenSubtitles/v2018/raw/ru.zip","http://www.opensubtitles.org/","http://www.opensubtitles.org/ P. Lison and J. Tiedemann, 2016, OpenSubtitles2016: Extracting Large Parallel Corpora from Movie and TV Subtitles. In Proceedings of the 10th International Conference on Language Resources and Evaluation (LREC 2016)","whole",NA
16992,14896056,"Он найдет себе жилье.",NA,"Он найдет себе жилье",NA,NA,NA,NA,NA,NA,NA,107,"rus_nfi_161.txt","Russian","Russian","rus",NA,"2017","written","non-fiction","prepared_speeches","Cyrl",NA,"OpenSubtitles2018","https://object.pouta.csc.fi/OPUS-OpenSubtitles/v2018/raw/ru.zip","http://www.opensubtitles.org/","http://www.opensubtitles.org/ P. Lison and J. Tiedemann, 2016, OpenSubtitles2016: Extracting Large Parallel Corpora from Movie and TV Subtitles. In Proceedings of the 10th International Conference on Language Resources and Evaluation (LREC 2016)","whole",NA
17871,15431938,"- Чё?",NA,"Чё",NA,NA,NA,NA,NA,NA,NA,107,"rus_nfi_953.txt","Russian","Russian","rus",NA,"2016","written","non-fiction","prepared_speeches","Cyrl",NA,"OpenSubtitles2018","https://object.pouta.csc.fi/OPUS-OpenSubtitles/v2018/raw/ru.zip","http://www.opensubtitles.org/","http://www.opensubtitles.org/ P. Lison and J. Tiedemann, 2016, OpenSubtitles2016: Extracting Large Parallel Corpora from Movie and TV Subtitles. In Proceedings of the 10th International Conference on Language Resources and Evaluation (LREC 2016)","whole",NA
16921,14849545,"Кажется, я потерял уверенность в себе, Джордж.",NA,"Кажется я потерял уверенность в себе Джордж",NA,NA,NA,NA,NA,NA,NA,107,"rus_nfi_1520.txt","Russian","Russian","rus",NA,"2016","written","non-fiction","prepared_speeches","Cyrl",NA,"OpenSubtitles2018","https://object.pouta.csc.fi/OPUS-OpenSubtitles/v2018/raw/ru.zip","http://www.opensubtitles.org/","http://www.opensubtitles.org/ P. Lison and J. Tiedemann, 2016, OpenSubtitles2016: Extracting Large Parallel Corpora from Movie and TV Subtitles. In Proceedings of the 10th International Conference on Language Resources and Evaluation (LREC 2016)","whole",NA
17319,15094514,"Благодаря нам город вообще появился.",NA,"Благодаря нам город вообще появился",NA,NA,NA,NA,NA,NA,NA,107,"rus_nfi_456.txt","Russian","Russian","rus",NA,"2017","written","non-fiction","prepared_speeches","Cyrl",NA,"OpenSubtitles2018","https://object.pouta.csc.fi/OPUS-OpenSubtitles/v2018/raw/ru.zip","http://www.opensubtitles.org/","http://www.opensubtitles.org/ P. Lison and J. Tiedemann, 2016, OpenSubtitles2016: Extracting Large Parallel Corpora from Movie and TV Subtitles. In Proceedings of the 10th International Conference on Language Resources and Evaluation (LREC 2016)","whole",NA
16958,14871713,"Хотя... так и было.",NA,"Хотя так и было",NA,NA,NA,NA,NA,NA,NA,107,"rus_nfi_1554.txt","Russian","Russian","rus",NA,"2016","written","non-fiction","prepared_speeches","Cyrl",NA,"OpenSubtitles2018","https://object.pouta.csc.fi/OPUS-OpenSubtitles/v2018/raw/ru.zip","http://www.opensubtitles.org/","http://www.opensubtitles.org/ P. Lison and J. Tiedemann, 2016, OpenSubtitles2016: Extracting Large Parallel Corpora from Movie and TV Subtitles. In Proceedings of the 10th International Conference on Language Resources and Evaluation (LREC 2016)","whole",NA
17306,15085159,"Вообще-то она классная, если ходить на тренировки.",NA,"Вообщето она классная если ходить на тренировки",NA,NA,NA,NA,NA,NA,NA,107,"rus_nfi_444.txt","Russian","Russian","rus",NA,"2017","written","non-fiction","prepared_speeches","Cyrl",NA,"OpenSubtitles2018","https://object.pouta.csc.fi/OPUS-OpenSubtitles/v2018/raw/ru.zip","http://www.opensubtitles.org/","http://www.opensubtitles.org/ P. Lison and J. Tiedemann, 2016, OpenSubtitles2016: Extracting Large Parallel Corpora from Movie and TV Subtitles. In Proceedings of the 10th International Conference on Language Resources and Evaluation (LREC 2016)","whole",NA
16953,14868302,"Знаешь, они сказали, что президенты не заводят новых друзей.",NA,"Знаешь они сказали что президенты не заводят новых друзей",NA,NA,NA,NA,NA,NA,NA,107,"rus_nfi_155.txt","Russian","Russian","rus",NA,"2017","written","non-fiction","prepared_speeches","Cyrl",NA,"OpenSubtitles2018","https://object.pouta.csc.fi/OPUS-OpenSubtitles/v2018/raw/ru.zip","http://www.opensubtitles.org/","http://www.opensubtitles.org/ P. Lison and J. Tiedemann, 2016, OpenSubtitles2016: Extracting Large Parallel Corpora from Movie and TV Subtitles. In Proceedings of the 10th International Conference on Language Resources and Evaluation (LREC 2016)","whole",NA
17203,15023728,"Я обещаю.",NA,"Я обещаю",NA,NA,NA,NA,NA,NA,NA,107,"rus_nfi_351.txt","Russian","Russian","rus",NA,"2017","written","non-fiction","prepared_speeches","Cyrl",NA,"OpenSubtitles2018","https://object.pouta.csc.fi/OPUS-OpenSubtitles/v2018/raw/ru.zip","http://www.opensubtitles.org/","http://www.opensubtitles.org/ P. Lison and J. Tiedemann, 2016, OpenSubtitles2016: Extracting Large Parallel Corpora from Movie and TV Subtitles. In Proceedings of the 10th International Conference on Language Resources and Evaluation (LREC 2016)","whole",NA
16842,14799613,"И вы подразумеваемые Фрэнсис особенно.",NA,"И вы подразумеваемые Фрэнсис особенно",NA,NA,NA,NA,NA,NA,NA,107,"rus_nfi_145.txt","Russian","Russian","rus",NA,"2017","written","non-fiction","prepared_speeches","Cyrl",NA,"OpenSubtitles2018","https://object.pouta.csc.fi/OPUS-OpenSubtitles/v2018/raw/ru.zip","http://www.opensubtitles.org/","http://www.opensubtitles.org/ P. Lison and J. Tiedemann, 2016, OpenSubtitles2016: Extracting Large Parallel Corpora from Movie and TV Subtitles. In Proceedings of the 10th International Conference on Language Resources and Evaluation (LREC 2016)","whole",NA
16370,14510201,"- Вы такая милая.",NA,"Вы такая милая",NA,NA,NA,NA,NA,NA,NA,107,"rus_nfi_1024.txt","Russian","Russian","rus",NA,"2016","written","non-fiction","prepared_speeches","Cyrl",NA,"OpenSubtitles2018","https://object.pouta.csc.fi/OPUS-OpenSubtitles/v2018/raw/ru.zip","http://www.opensubtitles.org/","http://www.opensubtitles.org/ P. Lison and J. Tiedemann, 2016, OpenSubtitles2016: Extracting Large Parallel Corpora from Movie and TV Subtitles. In Proceedings of the 10th International Conference on Language Resources and Evaluation (LREC 2016)","whole",NA
16483,14579486,"Именно поэтому ты справишься со всем этим.",NA,"Именно поэтому ты справишься со всем этим",NA,NA,NA,NA,NA,NA,NA,107,"rus_nfi_1126.txt","Russian","Russian","rus",NA,"2016","written","non-fiction","prepared_speeches","Cyrl",NA,"OpenSubtitles2018","https://object.pouta.csc.fi/OPUS-OpenSubtitles/v2018/raw/ru.zip","http://www.opensubtitles.org/","http://www.opensubtitles.org/ P. Lison and J. Tiedemann, 2016, OpenSubtitles2016: Extracting Large Parallel Corpora from Movie and TV Subtitles. In Proceedings of the 10th International Conference on Language Resources and Evaluation (LREC 2016)","whole",NA
17152,14993446,"Но я абсолютно в порядке.",NA,"Но я абсолютно в порядке",NA,NA,NA,NA,NA,NA,NA,107,"rus_nfi_305.txt","Russian","Russian","rus",NA,"2017","written","non-fiction","prepared_speeches","Cyrl",NA,"OpenSubtitles2018","https://object.pouta.csc.fi/OPUS-OpenSubtitles/v2018/raw/ru.zip","http://www.opensubtitles.org/","http://www.opensubtitles.org/ P. Lison and J. Tiedemann, 2016, OpenSubtitles2016: Extracting Large Parallel Corpora from Movie and TV Subtitles. In Proceedings of the 10th International Conference on Language Resources and Evaluation (LREC 2016)","whole",NA
17337,15104680,"Ну и куда ты?",NA,"Ну и куда ты",NA,NA,NA,NA,NA,NA,NA,107,"rus_nfi_472.txt","Russian","Russian","rus",NA,"2017","written","non-fiction","prepared_speeches","Cyrl",NA,"OpenSubtitles2018","https://object.pouta.csc.fi/OPUS-OpenSubtitles/v2018/raw/ru.zip","http://www.opensubtitles.org/","http://www.opensubtitles.org/ P. Lison and J. Tiedemann, 2016, OpenSubtitles2016: Extracting Large Parallel Corpora from Movie and TV Subtitles. In Proceedings of the 10th International Conference on Language Resources and Evaluation (LREC 2016)","whole",NA
16782,14764573,"Я еще даже не встал, Норма.",NA,"Я еще даже не встал Норма",NA,NA,NA,NA,NA,NA,NA,107,"rus_nfi_1396.txt","Russian","Russian","rus",NA,"2016","written","non-fiction","prepared_speeches","Cyrl",NA,"OpenSubtitles2018","https://object.pouta.csc.fi/OPUS-OpenSubtitles/v2018/raw/ru.zip","http://www.opensubtitles.org/","http://www.opensubtitles.org/ P. Lison and J. Tiedemann, 2016, OpenSubtitles2016: Extracting Large Parallel Corpora from Movie and TV Subtitles. In Proceedings of the 10th International Conference on Language Resources and Evaluation (LREC 2016)","whole",NA
17344,15108955,"- (дэвид) Эми?",NA,"дэвид Эми",NA,NA,NA,NA,NA,NA,NA,107,"rus_nfi_479.txt","Russian","Russian","rus",NA,"2017","written","non-fiction","prepared_speeches","Cyrl",NA,"OpenSubtitles2018","https://object.pouta.csc.fi/OPUS-OpenSubtitles/v2018/raw/ru.zip","http://www.opensubtitles.org/","http://www.opensubtitles.org/ P. Lison and J. Tiedemann, 2016, OpenSubtitles2016: Extracting Large Parallel Corpora from Movie and TV Subtitles. In Proceedings of the 10th International Conference on Language Resources and Evaluation (LREC 2016)","whole",NA
17276,15068536,"Но за это время я понял, что я не крутой.",NA,"Но за это время я понял что я не крутой",NA,NA,NA,NA,NA,NA,NA,107,"rus_nfi_417.txt","Russian","Russian","rus",NA,"2017","written","non-fiction","prepared_speeches","Cyrl",NA,"OpenSubtitles2018","https://object.pouta.csc.fi/OPUS-OpenSubtitles/v2018/raw/ru.zip","http://www.opensubtitles.org/","http://www.opensubtitles.org/ P. Lison and J. Tiedemann, 2016, OpenSubtitles2016: Extracting Large Parallel Corpora from Movie and TV Subtitles. In Proceedings of the 10th International Conference on Language Resources and Evaluation (LREC 2016)","whole",NA
17543,15226896,"Я получил твоё сообщение.",NA,"Я получил твоё сообщение",NA,NA,NA,NA,NA,NA,NA,107,"rus_nfi_658.txt","Russian","Russian","rus",NA,"2017","written","non-fiction","prepared_speeches","Cyrl",NA,"OpenSubtitles2018","https://object.pouta.csc.fi/OPUS-OpenSubtitles/v2018/raw/ru.zip","http://www.opensubtitles.org/","http://www.opensubtitles.org/ P. Lison and J. Tiedemann, 2016, OpenSubtitles2016: Extracting Large Parallel Corpora from Movie and TV Subtitles. In Proceedings of the 10th International Conference on Language Resources and Evaluation (LREC 2016)","whole",NA
17212,15028329,"Учитывая смерть Хулио, это справедливо.",NA,"Учитывая смерть Хулио это справедливо",NA,NA,NA,NA,NA,NA,NA,107,"rus_nfi_36.txt","Russian","Russian","rus",NA,"2017","written","non-fiction","prepared_speeches","Cyrl",NA,"OpenSubtitles2018","https://object.pouta.csc.fi/OPUS-OpenSubtitles/v2018/raw/ru.zip","http://www.opensubtitles.org/","http://www.opensubtitles.org/ P. Lison and J. Tiedemann, 2016, OpenSubtitles2016: Extracting Large Parallel Corpora from Movie and TV Subtitles. In Proceedings of the 10th International Conference on Language Resources and Evaluation (LREC 2016)","whole",NA
17731,15341961,"Прекрасно.",NA,"Прекрасно",NA,NA,NA,NA,NA,NA,NA,107,"rus_nfi_827.txt","Russian","Russian","rus",NA,"2016","written","non-fiction","prepared_speeches","Cyrl",NA,"OpenSubtitles2018","https://object.pouta.csc.fi/OPUS-OpenSubtitles/v2018/raw/ru.zip","http://www.opensubtitles.org/","http://www.opensubtitles.org/ P. Lison and J. Tiedemann, 2016, OpenSubtitles2016: Extracting Large Parallel Corpora from Movie and TV Subtitles. In Proceedings of the 10th International Conference on Language Resources and Evaluation (LREC 2016)","whole",NA
17530,15218689,"Я не Леонардо, а вы - настоящая Мона Лиза.",NA,"Я не Леонардо а вы  настоящая Мона Лиза",NA,NA,NA,NA,NA,NA,NA,107,"rus_nfi_646.txt","Russian","Russian","rus",NA,"2017","written","non-fiction","prepared_speeches","Cyrl",NA,"OpenSubtitles2018","https://object.pouta.csc.fi/OPUS-OpenSubtitles/v2018/raw/ru.zip","http://www.opensubtitles.org/","http://www.opensubtitles.org/ P. Lison and J. Tiedemann, 2016, OpenSubtitles2016: Extracting Large Parallel Corpora from Movie and TV Subtitles. In Proceedings of the 10th International Conference on Language Resources and Evaluation (LREC 2016)","whole",NA
16987,14893455,"Это я.",NA,"Это я",NA,NA,NA,NA,NA,NA,NA,107,"rus_nfi_1580.txt","Russian","Russian","rus",NA,"2016","written","non-fiction","prepared_speeches","Cyrl",NA,"OpenSubtitles2018","https://object.pouta.csc.fi/OPUS-OpenSubtitles/v2018/raw/ru.zip","http://www.opensubtitles.org/","http://www.opensubtitles.org/ P. Lison and J. Tiedemann, 2016, OpenSubtitles2016: Extracting Large Parallel Corpora from Movie and TV Subtitles. In Proceedings of the 10th International Conference on Language Resources and Evaluation (LREC 2016)","whole",NA
17894,15446459,"С Гонконга в Бангкок, а затем на север... в Чиангмай, 3 недели побудем с семьёй Лин.",NA,"С Гонконга в Бангкок а затем на север в Чиангмай  недели побудем с семьёй Лин",NA,NA,NA,NA,NA,NA,NA,107,"rus_nfi_974.txt","Russian","Russian","rus",NA,"2016","written","non-fiction","prepared_speeches","Cyrl",NA,"OpenSubtitles2018","https://object.pouta.csc.fi/OPUS-OpenSubtitles/v2018/raw/ru.zip","http://www.opensubtitles.org/","http://www.opensubtitles.org/ P. Lison and J. Tiedemann, 2016, OpenSubtitles2016: Extracting Large Parallel Corpora from Movie and TV Subtitles. In Proceedings of the 10th International Conference on Language Resources and Evaluation (LREC 2016)","whole",NA
17535,15222218,"{АДРИАН вздыхает}",NA,"АДРИАН вздыхает",NA,NA,NA,NA,NA,NA,NA,107,"rus_nfi_650.txt","Russian","Russian","rus",NA,"2017","written","non-fiction","prepared_speeches","Cyrl",NA,"OpenSubtitles2018","https://object.pouta.csc.fi/OPUS-OpenSubtitles/v2018/raw/ru.zip","http://www.opensubtitles.org/","http://www.opensubtitles.org/ P. Lison and J. Tiedemann, 2016, OpenSubtitles2016: Extracting Large Parallel Corpora from Movie and TV Subtitles. In Proceedings of the 10th International Conference on Language Resources and Evaluation (LREC 2016)","whole",NA
16944,14862357,"# О, мечтай, детка, мечтай",NA,"О мечтай детка мечтай",NA,NA,NA,NA,NA,NA,NA,107,"rus_nfi_1541.txt","Russian","Russian","rus",NA,"2016","written","non-fiction","prepared_speeches","Cyrl",NA,"OpenSubtitles2018","https://object.pouta.csc.fi/OPUS-OpenSubtitles/v2018/raw/ru.zip","http://www.opensubtitles.org/","http://www.opensubtitles.org/ P. Lison and J. Tiedemann, 2016, OpenSubtitles2016: Extracting Large Parallel Corpora from Movie and TV Subtitles. In Proceedings of the 10th International Conference on Language Resources and Evaluation (LREC 2016)","whole",NA
17262,15057612,"Формально, один дроид, то есть я, ЭйПи-5.",NA,"Формально один дроид то есть я ЭйПи",NA,NA,NA,NA,NA,NA,NA,107,"rus_nfi_404.txt","Russian","Russian","rus",NA,"2017","written","non-fiction","prepared_speeches","Cyrl",NA,"OpenSubtitles2018","https://object.pouta.csc.fi/OPUS-OpenSubtitles/v2018/raw/ru.zip","http://www.opensubtitles.org/","http://www.opensubtitles.org/ P. Lison and J. Tiedemann, 2016, OpenSubtitles2016: Extracting Large Parallel Corpora from Movie and TV Subtitles. In Proceedings of the 10th International Conference on Language Resources and Evaluation (LREC 2016)","whole",NA
16712,14718545,"Вонзить иглу в мозг пациента",NA,"Вонзить иглу в мозг пациента",NA,NA,NA,NA,NA,NA,NA,107,"rus_nfi_1332.txt","Russian","Russian","rus",NA,"2016","written","non-fiction","prepared_speeches","Cyrl",NA,"OpenSubtitles2018","https://object.pouta.csc.fi/OPUS-OpenSubtitles/v2018/raw/ru.zip","http://www.opensubtitles.org/","http://www.opensubtitles.org/ P. Lison and J. Tiedemann, 2016, OpenSubtitles2016: Extracting Large Parallel Corpora from Movie and TV Subtitles. In Proceedings of the 10th International Conference on Language Resources and Evaluation (LREC 2016)","whole",NA
17831,15404974,"Зачем?",NA,"Зачем",NA,NA,NA,NA,NA,NA,NA,107,"rus_nfi_917.txt","Russian","Russian","rus",NA,"2016","written","non-fiction","prepared_speeches","Cyrl",NA,"OpenSubtitles2018","https://object.pouta.csc.fi/OPUS-OpenSubtitles/v2018/raw/ru.zip","http://www.opensubtitles.org/","http://www.opensubtitles.org/ P. Lison and J. Tiedemann, 2016, OpenSubtitles2016: Extracting Large Parallel Corpora from Movie and TV Subtitles. In Proceedings of the 10th International Conference on Language Resources and Evaluation (LREC 2016)","whole",NA
17684,15314082,"Я Альфа и Омега.",NA,"Я Альфа и Омега",NA,NA,NA,NA,NA,NA,NA,107,"rus_nfi_785.txt","Russian","Russian","rus",NA,"2016","written","non-fiction","prepared_speeches","Cyrl",NA,"OpenSubtitles2018","https://object.pouta.csc.fi/OPUS-OpenSubtitles/v2018/raw/ru.zip","http://www.opensubtitles.org/","http://www.opensubtitles.org/ P. Lison and J. Tiedemann, 2016, OpenSubtitles2016: Extracting Large Parallel Corpora from Movie and TV Subtitles. In Proceedings of the 10th International Conference on Language Resources and Evaluation (LREC 2016)","whole",NA
17446,15169658,"И никому не нужны из-за скандала с Ринделлами.",NA,"И никому не нужны изза скандала с Ринделлами",NA,NA,NA,NA,NA,NA,NA,107,"rus_nfi_570.txt","Russian","Russian","rus",NA,"2017","written","non-fiction","prepared_speeches","Cyrl",NA,"OpenSubtitles2018","https://object.pouta.csc.fi/OPUS-OpenSubtitles/v2018/raw/ru.zip","http://www.opensubtitles.org/","http://www.opensubtitles.org/ P. Lison and J. Tiedemann, 2016, OpenSubtitles2016: Extracting Large Parallel Corpora from Movie and TV Subtitles. In Proceedings of the 10th International Conference on Language Resources and Evaluation (LREC 2016)","whole",NA
16908,14840536,"От боли или...?",NA,"От боли или",NA,NA,NA,NA,NA,NA,NA,107,"rus_nfi_1509.txt","Russian","Russian","rus",NA,"2016","written","non-fiction","prepared_speeches","Cyrl",NA,"OpenSubtitles2018","https://object.pouta.csc.fi/OPUS-OpenSubtitles/v2018/raw/ru.zip","http://www.opensubtitles.org/","http://www.opensubtitles.org/ P. Lison and J. Tiedemann, 2016, OpenSubtitles2016: Extracting Large Parallel Corpora from Movie and TV Subtitles. In Proceedings of the 10th International Conference on Language Resources and Evaluation (LREC 2016)","whole",NA
16559,14624402,"- Этого я и ожидал.",NA,"Этого я и ожидал",NA,NA,NA,NA,NA,NA,NA,107,"rus_nfi_1195.txt","Russian","Russian","rus",NA,"2016","written","non-fiction","prepared_speeches","Cyrl",NA,"OpenSubtitles2018","https://object.pouta.csc.fi/OPUS-OpenSubtitles/v2018/raw/ru.zip","http://www.opensubtitles.org/","http://www.opensubtitles.org/ P. Lison and J. Tiedemann, 2016, OpenSubtitles2016: Extracting Large Parallel Corpora from Movie and TV Subtitles. In Proceedings of the 10th International Conference on Language Resources and Evaluation (LREC 2016)","whole",NA
16819,14784617,"Я хочу, чтобы ты удалил это видео со своего ноутбука и телефона..",NA,"Я хочу чтобы ты удалил это видео со своего ноутбука и телефона",NA,NA,NA,NA,NA,NA,NA,107,"rus_nfi_1429.txt","Russian","Russian","rus",NA,"2016","written","non-fiction","prepared_speeches","Cyrl",NA,"OpenSubtitles2018","https://object.pouta.csc.fi/OPUS-OpenSubtitles/v2018/raw/ru.zip","http://www.opensubtitles.org/","http://www.opensubtitles.org/ P. Lison and J. Tiedemann, 2016, OpenSubtitles2016: Extracting Large Parallel Corpora from Movie and TV Subtitles. In Proceedings of the 10th International Conference on Language Resources and Evaluation (LREC 2016)","whole",NA
16549,14618832,"Если верить тебе, у них вообще нет чувства юмора.",NA,"Если верить тебе у них вообще нет чувства юмора",NA,NA,NA,NA,NA,NA,NA,107,"rus_nfi_1186.txt","Russian","Russian","rus",NA,"2016","written","non-fiction","prepared_speeches","Cyrl",NA,"OpenSubtitles2018","https://object.pouta.csc.fi/OPUS-OpenSubtitles/v2018/raw/ru.zip","http://www.opensubtitles.org/","http://www.opensubtitles.org/ P. Lison and J. Tiedemann, 2016, OpenSubtitles2016: Extracting Large Parallel Corpora from Movie and TV Subtitles. In Proceedings of the 10th International Conference on Language Resources and Evaluation (LREC 2016)","whole",NA
17294,15078446,"Я думаю, что что бы они ни сделали, воскрешая её, думаю, я могу достучаться до неё.",NA,"Я думаю что что бы они ни сделали воскрешая её думаю я могу достучаться до неё",NA,NA,NA,NA,NA,NA,NA,107,"rus_nfi_433.txt","Russian","Russian","rus",NA,"2017","written","non-fiction","prepared_speeches","Cyrl",NA,"OpenSubtitles2018","https://object.pouta.csc.fi/OPUS-OpenSubtitles/v2018/raw/ru.zip","http://www.opensubtitles.org/","http://www.opensubtitles.org/ P. Lison and J. Tiedemann, 2016, OpenSubtitles2016: Extracting Large Parallel Corpora from Movie and TV Subtitles. In Proceedings of the 10th International Conference on Language Resources and Evaluation (LREC 2016)","whole",NA
17896,15447175,"Откуда у Робби Мортона взялись такие деньги?",NA,"Откуда у Робби Мортона взялись такие деньги",NA,NA,NA,NA,NA,NA,NA,107,"rus_nfi_976.txt","Russian","Russian","rus",NA,"2016","written","non-fiction","prepared_speeches","Cyrl",NA,"OpenSubtitles2018","https://object.pouta.csc.fi/OPUS-OpenSubtitles/v2018/raw/ru.zip","http://www.opensubtitles.org/","http://www.opensubtitles.org/ P. Lison and J. Tiedemann, 2016, OpenSubtitles2016: Extracting Large Parallel Corpora from Movie and TV Subtitles. In Proceedings of the 10th International Conference on Language Resources and Evaluation (LREC 2016)","whole",NA
17809,15390741,"Сына официантки.",NA,"Сына официантки",NA,NA,NA,NA,NA,NA,NA,107,"rus_nfi_898.txt","Russian","Russian","rus",NA,"2016","written","non-fiction","prepared_speeches","Cyrl",NA,"OpenSubtitles2018","https://object.pouta.csc.fi/OPUS-OpenSubtitles/v2018/raw/ru.zip","http://www.opensubtitles.org/","http://www.opensubtitles.org/ P. Lison and J. Tiedemann, 2016, OpenSubtitles2016: Extracting Large Parallel Corpora from Movie and TV Subtitles. In Proceedings of the 10th International Conference on Language Resources and Evaluation (LREC 2016)","whole",NA
17242,15048089,"Посмотрел на ютубе.",NA,"Посмотрел на ютубе",NA,NA,NA,NA,NA,NA,NA,107,"rus_nfi_387.txt","Russian","Russian","rus",NA,"2017","written","non-fiction","prepared_speeches","Cyrl",NA,"OpenSubtitles2018","https://object.pouta.csc.fi/OPUS-OpenSubtitles/v2018/raw/ru.zip","http://www.opensubtitles.org/","http://www.opensubtitles.org/ P. Lison and J. Tiedemann, 2016, OpenSubtitles2016: Extracting Large Parallel Corpora from Movie and TV Subtitles. In Proceedings of the 10th International Conference on Language Resources and Evaluation (LREC 2016)","whole",NA
16558,14623479,"Хорошо.",NA,"Хорошо",NA,NA,NA,NA,NA,NA,NA,107,"rus_nfi_1194.txt","Russian","Russian","rus",NA,"2016","written","non-fiction","prepared_speeches","Cyrl",NA,"OpenSubtitles2018","https://object.pouta.csc.fi/OPUS-OpenSubtitles/v2018/raw/ru.zip","http://www.opensubtitles.org/","http://www.opensubtitles.org/ P. Lison and J. Tiedemann, 2016, OpenSubtitles2016: Extracting Large Parallel Corpora from Movie and TV Subtitles. In Proceedings of the 10th International Conference on Language Resources and Evaluation (LREC 2016)","whole",NA
17889,15443132,"- А радуешься?",NA,"А радуешься",NA,NA,NA,NA,NA,NA,NA,107,"rus_nfi_97.txt","Russian","Russian","rus",NA,"2017","written","non-fiction","prepared_speeches","Cyrl",NA,"OpenSubtitles2018","https://object.pouta.csc.fi/OPUS-OpenSubtitles/v2018/raw/ru.zip","http://www.opensubtitles.org/","http://www.opensubtitles.org/ P. Lison and J. Tiedemann, 2016, OpenSubtitles2016: Extracting Large Parallel Corpora from Movie and TV Subtitles. In Proceedings of the 10th International Conference on Language Resources and Evaluation (LREC 2016)","whole",NA
16357,14500967,"Я давно не практиковался, не уверен, что смогу.",NA,"Я давно не практиковался не уверен что смогу",NA,NA,NA,NA,NA,NA,NA,107,"rus_nfi_1012.txt","Russian","Russian","rus",NA,"2016","written","non-fiction","prepared_speeches","Cyrl",NA,"OpenSubtitles2018","https://object.pouta.csc.fi/OPUS-OpenSubtitles/v2018/raw/ru.zip","http://www.opensubtitles.org/","http://www.opensubtitles.org/ P. Lison and J. Tiedemann, 2016, OpenSubtitles2016: Extracting Large Parallel Corpora from Movie and TV Subtitles. In Proceedings of the 10th International Conference on Language Resources and Evaluation (LREC 2016)","whole",NA
17720,15335587,"- Страна свободы, родина расистов.",NA,"Страна свободы родина расистов",NA,NA,NA,NA,NA,NA,NA,107,"rus_nfi_817.txt","Russian","Russian","rus",NA,"2016","written","non-fiction","prepared_speeches","Cyrl",NA,"OpenSubtitles2018","https://object.pouta.csc.fi/OPUS-OpenSubtitles/v2018/raw/ru.zip","http://www.opensubtitles.org/","http://www.opensubtitles.org/ P. Lison and J. Tiedemann, 2016, OpenSubtitles2016: Extracting Large Parallel Corpora from Movie and TV Subtitles. In Proceedings of the 10th International Conference on Language Resources and Evaluation (LREC 2016)","whole",NA
18489,16343577,"Cuando lo pusimos contra el Ferrari y el McLaren",NA,"Cuando lo pusimos contra el Ferrari y el McLaren",NA,NA,NA,NA,NA,NA,NA,113,"spa_nfi_179.txt","Spanish","Spanish","spa",NA,"2017","written","non-fiction","prepared_speeches","Latn",NA,"OpenSubtitles2018","https://object.pouta.csc.fi/OPUS-OpenSubtitles/v2018/raw/es.zip","http://www.opensubtitles.org/","http://www.opensubtitles.org/ P. Lison and J. Tiedemann, 2016, OpenSubtitles2016: Extracting Large Parallel Corpora from Movie and TV Subtitles. In Proceedings of the 10th International Conference on Language Resources and Evaluation (LREC 2016)","whole",NA
17980,15742745,"por medio de la fuerza: pero que, estando esta á cargo de los",NA,"por medio de la fuerza pero que estando esta á cargo de los",NA,NA,NA,NA,NA,NA,NA,112,"spa_fic_40.txt","Spanish","Spanish","spa",NA,"2006","written","fiction","general_fiction","Latn",NA,"Anonymous, Actas capitulares desde el 21 hasta el 25 de mayo de 1810 en Buenos Aires","http://www.gutenberg.org/files/19643/19643-h/19643-h.htm","http://www.gutenberg.org","http://www.gutenberg.org","whole",NA
18187,16155650,"Hay un medicamento que",NA,"Hay un medicamento que",NA,NA,NA,NA,NA,NA,NA,113,"spa_nfi_1126.txt","Spanish","Spanish","spa",NA,"2017","written","non-fiction","prepared_speeches","Latn",NA,"OpenSubtitles2018","https://object.pouta.csc.fi/OPUS-OpenSubtitles/v2018/raw/es.zip","http://www.opensubtitles.org/","http://www.opensubtitles.org/ P. Lison and J. Tiedemann, 2016, OpenSubtitles2016: Extracting Large Parallel Corpora from Movie and TV Subtitles. In Proceedings of the 10th International Conference on Language Resources and Evaluation (LREC 2016)","whole",NA
19363,16908536,"Y lo estoy.",NA,"Y lo estoy",NA,NA,NA,NA,NA,NA,NA,113,"spa_nfi_966.txt","Spanish","Spanish","spa",NA,"2017","written","non-fiction","prepared_speeches","Latn",NA,"OpenSubtitles2018","https://object.pouta.csc.fi/OPUS-OpenSubtitles/v2018/raw/es.zip","http://www.opensubtitles.org/","http://www.opensubtitles.org/ P. Lison and J. Tiedemann, 2016, OpenSubtitles2016: Extracting Large Parallel Corpora from Movie and TV Subtitles. In Proceedings of the 10th International Conference on Language Resources and Evaluation (LREC 2016)","whole",NA
17946,15589080,"conclusiones prácticas relativas á la industria oleícola, expuestos en",NA,"conclusiones prácticas relativas á la industria oleícola expuestos en",NA,NA,NA,NA,NA,NA,NA,112,"spa_fic_117.txt","Spanish","Spanish","spa",NA,"2013","written","fiction","general_fiction","Latn",NA,"Alejandro Bizzarri, El aceite de olivas","http://www.gutenberg.org/files/41842/41842-h/41842-h.htm","http://www.gutenberg.org","http://www.gutenberg.org","whole",NA
17941,15560122,"y ya nos contentaríamos para suma",NA,"y ya nos contentaríamos para suma",NA,NA,NA,NA,NA,NA,NA,112,"spa_fic_112.txt","Spanish","Spanish","spa",NA,"2018","written","fiction","general_fiction","Latn",NA,"Jacinto Benavente, De Sobremesa; crónicas, Quinta Parte (de 5)","http://www.gutenberg.org/files/58545/58545-h/58545-h.htm","http://www.gutenberg.org","http://www.gutenberg.org","whole",NA
18029,15948589,"[279]",NA,"279",NA,NA,NA,NA,NA,NA,NA,112,"spa_fic_85.txt","Spanish","Spanish","spa",NA,"2014","written","fiction","general_fiction","Latn",NA,"Pío Baroja, Memorias de un hombre de acción:	#1 El aprendiz de conspirador","http://www.gutenberg.org/files/47103/47103-h/47103-h.htm","http://www.gutenberg.org","http://www.gutenberg.org","whole",NA
17934,15526580,"A pesar de que la gente pensaba que no había peligro para la niña,",NA,"A pesar de que la gente pensaba que no había peligro para la niña",NA,NA,NA,NA,NA,NA,NA,112,"spa_fic_106.txt","Spanish","Spanish","spa",NA,"2004","written","fiction","general_fiction","Latn",NA,"Baroja, Pío, 1872-1956, Zalacaín El Aventurero, (Historia de las buenas andanzas y fortunas de Martín Zalacaín el Aventurero), Spain -- History -- Carlist War, 1873-1876 -- Fiction","http://www.gutenberg.org/ebooks/13264.html.noimages","http://www.gutenberg.org","http://www.gutenberg.org","whole",NA
17951,15613036,"cambió súbitamente de vida y comenzó á emprender largas excursiones á",NA,"cambió súbitamente de vida y comenzó á emprender largas excursiones á",NA,NA,NA,NA,NA,NA,NA,112,"spa_fic_14.txt","Spanish","Spanish","spa",NA,"2019","written","fiction","general_fiction","Latn",NA,"Pedro Antonio de Alarcón, El Niño de la Bola","http://www.gutenberg.org/files/59154/59154-h/59154-h.htm","http://www.gutenberg.org","http://www.gutenberg.org","part",NA
19311,16873796,"Ahora puedes ser tan malvado como Balthazar Bratt",NA,"Ahora puedes ser tan malvado como Balthazar Bratt",NA,NA,NA,NA,NA,NA,NA,113,"spa_nfi_919.txt","Spanish","Spanish","spa",NA,"2017","written","non-fiction","prepared_speeches","Latn",NA,"OpenSubtitles2018","https://object.pouta.csc.fi/OPUS-OpenSubtitles/v2018/raw/es.zip","http://www.opensubtitles.org/","http://www.opensubtitles.org/ P. Lison and J. Tiedemann, 2016, OpenSubtitles2016: Extracting Large Parallel Corpora from Movie and TV Subtitles. In Proceedings of the 10th International Conference on Language Resources and Evaluation (LREC 2016)","whole",NA
18018,15897604,"percepcion y del juicio, haciendo ver que el entendimiento no se",NA,"percepcion y del juicio haciendo ver que el entendimiento no se",NA,NA,NA,NA,NA,NA,NA,112,"spa_fic_75.txt","Spanish","Spanish","spa",NA,"2006","written","fiction","general_fiction","Latn",NA,"Jaime Balmes, Filosofia Fundamental, Volumen III","http://www.gutenberg.org/files/17974/17974-h/17974-h.htm","http://www.gutenberg.org","http://www.gutenberg.org","part",NA
18882,16596504,"Ray, no es mi culpa si quiero ponerme fuerte para mí misma.",NA,"Ray no es mi culpa si quiero ponerme fuerte para mí misma",NA,NA,NA,NA,NA,NA,NA,113,"spa_nfi_532.txt","Spanish","Spanish","spa",NA,"2017","written","non-fiction","prepared_speeches","Latn",NA,"OpenSubtitles2018","https://object.pouta.csc.fi/OPUS-OpenSubtitles/v2018/raw/es.zip","http://www.opensubtitles.org/","http://www.opensubtitles.org/ P. Lison and J. Tiedemann, 2016, OpenSubtitles2016: Extracting Large Parallel Corpora from Movie and TV Subtitles. In Proceedings of the 10th International Conference on Language Resources and Evaluation (LREC 2016)","whole",NA
18043,16027985,"El Tío Pérquique conocía la Sociedad de los",NA,"El Tío Pérquique conocía la Sociedad de los",NA,NA,NA,NA,NA,NA,NA,112,"spa_fic_98.txt","Spanish","Spanish","spa",NA,"2013","written","fiction","general_fiction","Latn",NA,"Pío Baroja, La Lucha Por La Vida; La Busca","http://www.gutenberg.org/files/43432/43432-h/43432-h.htm","http://www.gutenberg.org","http://www.gutenberg.org","part",NA
17986,15760467,"porteros. Y mi hermano Schakalik se aproximó á los que allí estaban y",NA,"porteros Y mi hermano Schakalik se aproximó á los que allí estaban y",NA,NA,NA,NA,NA,NA,NA,112,"spa_fic_46.txt","Spanish","Spanish","spa",NA,"2015","written","fiction","general_fiction","Latn",NA,"Anonymous, El libro de las mil noches y una noche; t 3","http://www.gutenberg.org/files/48903/48903-h/48903-h.htm","http://www.gutenberg.org","http://www.gutenberg.org","part",NA
19353,16902171,"Parece que va a tardar un rato.",NA,"Parece que va a tardar un rato",NA,NA,NA,NA,NA,NA,NA,113,"spa_nfi_957.txt","Spanish","Spanish","spa",NA,"2017","written","non-fiction","prepared_speeches","Latn",NA,"OpenSubtitles2018","https://object.pouta.csc.fi/OPUS-OpenSubtitles/v2018/raw/es.zip","http://www.opensubtitles.org/","http://www.opensubtitles.org/ P. Lison and J. Tiedemann, 2016, OpenSubtitles2016: Extracting Large Parallel Corpora from Movie and TV Subtitles. In Proceedings of the 10th International Conference on Language Resources and Evaluation (LREC 2016)","whole",NA
18016,15887825,"proviene de la fuerza intelectual y de su noticia[3]».",NA,"proviene de la fuerza intelectual y de su noticia3",NA,NA,NA,NA,NA,NA,NA,112,"spa_fic_73.txt","Spanish","Spanish","spa",NA,"2004","written","fiction","general_fiction","Latn",NA,"Balmes, Jaime Luciano, 1810-1848, Filosofía Fundamental, Tomo I, Philosophy","http://www.gutenberg.org/ebooks/13608.html.noimages","http://www.gutenberg.org","http://www.gutenberg.org","part",NA
19397,16934458,"¿Donde vive el?",NA,"Donde vive el",NA,NA,NA,NA,NA,NA,NA,113,"spa_nfi_997.txt","Spanish","Spanish","spa",NA,"2017","written","non-fiction","prepared_speeches","Latn",NA,"OpenSubtitles2018","https://object.pouta.csc.fi/OPUS-OpenSubtitles/v2018/raw/es.zip","http://www.opensubtitles.org/","http://www.opensubtitles.org/ P. Lison and J. Tiedemann, 2016, OpenSubtitles2016: Extracting Large Parallel Corpora from Movie and TV Subtitles. In Proceedings of the 10th International Conference on Language Resources and Evaluation (LREC 2016)","whole",NA
18459,16325470,"Yo soy un ex agente del FBI de 45 años que tiene una tienda de sándwiches.",NA,"Yo soy un ex agente del FBI de 45 años que tiene una tienda de sándwiches",NA,NA,NA,NA,NA,NA,NA,113,"spa_nfi_151.txt","Spanish","Spanish","spa",NA,"2017","written","non-fiction","prepared_speeches","Latn",NA,"OpenSubtitles2018","https://object.pouta.csc.fi/OPUS-OpenSubtitles/v2018/raw/es.zip","http://www.opensubtitles.org/","http://www.opensubtitles.org/ P. Lison and J. Tiedemann, 2016, OpenSubtitles2016: Extracting Large Parallel Corpora from Movie and TV Subtitles. In Proceedings of the 10th International Conference on Language Resources and Evaluation (LREC 2016)","whole",NA
18281,16216615,"Cena conmigo.",NA,"Cena conmigo",NA,NA,NA,NA,NA,NA,NA,113,"spa_nfi_1210.txt","Spanish","Spanish","spa",NA,"2017","written","non-fiction","prepared_speeches","Latn",NA,"OpenSubtitles2018","https://object.pouta.csc.fi/OPUS-OpenSubtitles/v2018/raw/es.zip","http://www.opensubtitles.org/","http://www.opensubtitles.org/ P. Lison and J. Tiedemann, 2016, OpenSubtitles2016: Extracting Large Parallel Corpora from Movie and TV Subtitles. In Proceedings of the 10th International Conference on Language Resources and Evaluation (LREC 2016)","whole",NA
18003,15838115,"al crimen.",NA,"al crimen",NA,NA,NA,NA,NA,NA,NA,112,"spa_fic_61.txt","Spanish","Spanish","spa",NA,"2013","written","fiction","general_fiction","Latn",NA,"Rafael Argilagos, Granos de oro","http://www.gutenberg.org/files/43861/43861-h/43861-h.htm","http://www.gutenberg.org","http://www.gutenberg.org","whole",NA
18610,16426298,"Todo lo que puedo hacer es cumplir con la orden judicial... pedirle a Dios que pueda convencer al juez de que soy una mujer diferente.",NA,"Todo lo que puedo hacer es cumplir con la orden judicial pedirle a Dios que pueda convencer al juez de que soy una mujer diferente",NA,NA,NA,NA,NA,NA,NA,113,"spa_nfi_288.txt","Spanish","Spanish","spa",NA,"2017","written","non-fiction","prepared_speeches","Latn",NA,"OpenSubtitles2018","https://object.pouta.csc.fi/OPUS-OpenSubtitles/v2018/raw/es.zip","http://www.opensubtitles.org/","http://www.opensubtitles.org/ P. Lison and J. Tiedemann, 2016, OpenSubtitles2016: Extracting Large Parallel Corpora from Movie and TV Subtitles. In Proceedings of the 10th International Conference on Language Resources and Evaluation (LREC 2016)","whole",NA
17975,15725380,"El Limense Concilio fué informado:",NA,"El Limense Concilio fué informado",NA,NA,NA,NA,NA,NA,NA,112,"spa_fic_36.txt","Spanish","Spanish","spa",NA,"2008","written","fiction","general_fiction","Latn",NA,"Arcidiano D. Martin del Barco Centenera, La Argentina","http://www.gutenberg.org/files/25317/25317-h/25317-h.htm","http://www.gutenberg.org","http://www.gutenberg.org","part",NA
18790,16541529,"Vale, he reconfigurado esta cosa para que suene si hay otro dispositivo de mensajería cerca.",NA,"Vale he reconfigurado esta cosa para que suene si hay otro dispositivo de mensajería cerca",NA,NA,NA,NA,NA,NA,NA,113,"spa_nfi_45.txt","Spanish","Spanish","spa",NA,"2017","written","non-fiction","prepared_speeches","Latn",NA,"OpenSubtitles2018","https://object.pouta.csc.fi/OPUS-OpenSubtitles/v2018/raw/es.zip","http://www.opensubtitles.org/","http://www.opensubtitles.org/ P. Lison and J. Tiedemann, 2016, OpenSubtitles2016: Extracting Large Parallel Corpora from Movie and TV Subtitles. In Proceedings of the 10th International Conference on Language Resources and Evaluation (LREC 2016)","whole",NA
18544,16381807,"En realidad hay una historia muy divertida.",NA,"En realidad hay una historia muy divertida",NA,NA,NA,NA,NA,NA,NA,113,"spa_nfi_228.txt","Spanish","Spanish","spa",NA,"2017","written","non-fiction","prepared_speeches","Latn",NA,"OpenSubtitles2018","https://object.pouta.csc.fi/OPUS-OpenSubtitles/v2018/raw/es.zip","http://www.opensubtitles.org/","http://www.opensubtitles.org/ P. Lison and J. Tiedemann, 2016, OpenSubtitles2016: Extracting Large Parallel Corpora from Movie and TV Subtitles. In Proceedings of the 10th International Conference on Language Resources and Evaluation (LREC 2016)","whole",NA
18218,16177576,"Me culpa por la pérdida del envío quiere que le devuelva el doble del dinero.",NA,"Me culpa por la pérdida del envío quiere que le devuelva el doble del dinero",NA,NA,NA,NA,NA,NA,NA,113,"spa_nfi_1154.txt","Spanish","Spanish","spa",NA,"2017","written","non-fiction","prepared_speeches","Latn",NA,"OpenSubtitles2018","https://object.pouta.csc.fi/OPUS-OpenSubtitles/v2018/raw/es.zip","http://www.opensubtitles.org/","http://www.opensubtitles.org/ P. Lison and J. Tiedemann, 2016, OpenSubtitles2016: Extracting Large Parallel Corpora from Movie and TV Subtitles. In Proceedings of the 10th International Conference on Language Resources and Evaluation (LREC 2016)","whole",NA
18003,15839840,"Dentro de la maldad se crean virtudes relativas.",NA,"Dentro de la maldad se crean virtudes relativas",NA,NA,NA,NA,NA,NA,NA,112,"spa_fic_61.txt","Spanish","Spanish","spa",NA,"2013","written","fiction","general_fiction","Latn",NA,"Rafael Argilagos, Granos de oro","http://www.gutenberg.org/files/43861/43861-h/43861-h.htm","http://www.gutenberg.org","http://www.gutenberg.org","whole",NA
18043,16028150,"habéis concluído?",NA,"habéis concluído",NA,NA,NA,NA,NA,NA,NA,112,"spa_fic_98.txt","Spanish","Spanish","spa",NA,"2013","written","fiction","general_fiction","Latn",NA,"Pío Baroja, La Lucha Por La Vida; La Busca","http://www.gutenberg.org/files/43432/43432-h/43432-h.htm","http://www.gutenberg.org","http://www.gutenberg.org","part",NA
18847,16576169,"- No, no lo hizo.",NA,"No no lo hizo",NA,NA,NA,NA,NA,NA,NA,113,"spa_nfi_500.txt","Spanish","Spanish","spa",NA,"2017","written","non-fiction","prepared_speeches","Latn",NA,"OpenSubtitles2018","https://object.pouta.csc.fi/OPUS-OpenSubtitles/v2018/raw/es.zip","http://www.opensubtitles.org/","http://www.opensubtitles.org/ P. Lison and J. Tiedemann, 2016, OpenSubtitles2016: Extracting Large Parallel Corpora from Movie and TV Subtitles. In Proceedings of the 10th International Conference on Language Resources and Evaluation (LREC 2016)","whole",NA
18776,16532086,"Nardole!",NA,"Nardole",NA,NA,NA,NA,NA,NA,NA,113,"spa_nfi_437.txt","Spanish","Spanish","spa",NA,"2017","written","non-fiction","prepared_speeches","Latn",NA,"OpenSubtitles2018","https://object.pouta.csc.fi/OPUS-OpenSubtitles/v2018/raw/es.zip","http://www.opensubtitles.org/","http://www.opensubtitles.org/ P. Lison and J. Tiedemann, 2016, OpenSubtitles2016: Extracting Large Parallel Corpora from Movie and TV Subtitles. In Proceedings of the 10th International Conference on Language Resources and Evaluation (LREC 2016)","whole",NA
18183,16152993,"Cuando se vayan, te llevaré al hospital.",NA,"Cuando se vayan te llevaré al hospital",NA,NA,NA,NA,NA,NA,NA,113,"spa_nfi_1122.txt","Spanish","Spanish","spa",NA,"2017","written","non-fiction","prepared_speeches","Latn",NA,"OpenSubtitles2018","https://object.pouta.csc.fi/OPUS-OpenSubtitles/v2018/raw/es.zip","http://www.opensubtitles.org/","http://www.opensubtitles.org/ P. Lison and J. Tiedemann, 2016, OpenSubtitles2016: Extracting Large Parallel Corpora from Movie and TV Subtitles. In Proceedings of the 10th International Conference on Language Resources and Evaluation (LREC 2016)","whole",NA
18280,16216414,"Yo abriré los otros vagones.",NA,"Yo abriré los otros vagones",NA,NA,NA,NA,NA,NA,NA,113,"spa_nfi_121.txt","Spanish","Spanish","spa",NA,"2017","written","non-fiction","prepared_speeches","Latn",NA,"OpenSubtitles2018","https://object.pouta.csc.fi/OPUS-OpenSubtitles/v2018/raw/es.zip","http://www.opensubtitles.org/","http://www.opensubtitles.org/ P. Lison and J. Tiedemann, 2016, OpenSubtitles2016: Extracting Large Parallel Corpora from Movie and TV Subtitles. In Proceedings of the 10th International Conference on Language Resources and Evaluation (LREC 2016)","whole",NA
18015,15883318,"tiene el debido peso.» Estos ejemplos y otros por",NA,"tiene el debido peso Estos ejemplos y otros por",NA,NA,NA,NA,NA,NA,NA,112,"spa_fic_72.txt","Spanish","Spanish","spa",NA,"2009","written","fiction","general_fiction","Latn",NA,"Jaime Balmes, El Criterio","http://www.gutenberg.org/files/28929/28929-h/28929-h.htm","http://www.gutenberg.org","http://www.gutenberg.org","part",NA
18045,16039875,"03025018	Cumplan mis leyes y guarden mis mandamientos ; pónganlos en práctica y así vivirán seguros en la tierra ,","03025018","Cumplan mis leyes y guarden mis mandamientos  pónganlos en práctica y así vivirán seguros en la tierra",NA,NA,NA,NA,NA,NA,NA,113,"spa_nfi_1.txt","Spanish","Spanish","spa",NA,NA,"written","non-fiction","religion","Latn",NA,"The Bible in Latin-American Spanish. Text of the Parallel Bible Corpus: Mayer, Thomas & Michael Cysouw. 2014. Creating a Massively Parallel Bible Corpus. Proceedings of the International Conference on Language Resources and Evaluation (LREC), Reykjavik, 3158-3163.","https://www.bible.com/versions/28","© Bible Society in Spain","The Word<br>The Bible Society in Spain has undertaken a new translation of the Bible into Spanish by an international team of biblical scholars belonging to various Christian churches. That translation is performed two different editions . One is The Word , a distinctly evangelical edition, without the deuterocanonical books . This edition is available in  Spanish version  ( BLP ) and  Latin American version  ( BLPH ) well adapted to the uses of Spanish on either side of the Atlantic . The other issue is purely interfaith character called Interfaith Bible Translation ( BTI ) with the deuterocanonical books from the OT and the NT, in  Spanish Version and Spanish American Bible , Interfaith Translation ( BHTI ) in  Spanish American version .<br>The word , in its Latin American version is a faithful translation of the Bible to the best manuscripts available today in the original Hebrew , Aramaic and Greek languages ​​. The literacy level is high but understandable seeking that is clear in the use of language and beautiful as faithful exponent of the literature of the century.<br>You can learn about the great things that the Bible Society in Spain is doing on several fronts by visiting the www.sociedadbiblica.org.","whole","The first two digits of the identifier refer to the book, the next three digits to the chapter, and the last three digits to the verse. See Mayer & Cysouw (2014) for a list of book identifiers."
18050,16071265,"¿Por qué?",NA,"Por qué",NA,NA,NA,NA,NA,NA,NA,113,"spa_nfi_1002.txt","Spanish","Spanish","spa",NA,"2017","written","non-fiction","prepared_speeches","Latn",NA,"OpenSubtitles2018","https://object.pouta.csc.fi/OPUS-OpenSubtitles/v2018/raw/es.zip","http://www.opensubtitles.org/","http://www.opensubtitles.org/ P. Lison and J. Tiedemann, 2016, OpenSubtitles2016: Extracting Large Parallel Corpora from Movie and TV Subtitles. In Proceedings of the 10th International Conference on Language Resources and Evaluation (LREC 2016)","whole",NA
19340,16895315,"Abres más espacio y reclutas.",NA,"Abres más espacio y reclutas",NA,NA,NA,NA,NA,NA,NA,113,"spa_nfi_945.txt","Spanish","Spanish","spa",NA,"2017","written","non-fiction","prepared_speeches","Latn",NA,"OpenSubtitles2018","https://object.pouta.csc.fi/OPUS-OpenSubtitles/v2018/raw/es.zip","http://www.opensubtitles.org/","http://www.opensubtitles.org/ P. Lison and J. Tiedemann, 2016, OpenSubtitles2016: Extracting Large Parallel Corpora from Movie and TV Subtitles. In Proceedings of the 10th International Conference on Language Resources and Evaluation (LREC 2016)","whole",NA
18679,16464859,"¡Miren!",NA,"Miren",NA,NA,NA,NA,NA,NA,NA,113,"spa_nfi_35.txt","Spanish","Spanish","spa",NA,"2017","written","non-fiction","prepared_speeches","Latn",NA,"OpenSubtitles2018","https://object.pouta.csc.fi/OPUS-OpenSubtitles/v2018/raw/es.zip","http://www.opensubtitles.org/","http://www.opensubtitles.org/ P. Lison and J. Tiedemann, 2016, OpenSubtitles2016: Extracting Large Parallel Corpora from Movie and TV Subtitles. In Proceedings of the 10th International Conference on Language Resources and Evaluation (LREC 2016)","whole",NA
18112,16110258,"- No voy a renunciar.",NA,"No voy a renunciar",NA,NA,NA,NA,NA,NA,NA,113,"spa_nfi_1059.txt","Spanish","Spanish","spa",NA,"2017","written","non-fiction","prepared_speeches","Latn",NA,"OpenSubtitles2018","https://object.pouta.csc.fi/OPUS-OpenSubtitles/v2018/raw/es.zip","http://www.opensubtitles.org/","http://www.opensubtitles.org/ P. Lison and J. Tiedemann, 2016, OpenSubtitles2016: Extracting Large Parallel Corpora from Movie and TV Subtitles. In Proceedings of the 10th International Conference on Language Resources and Evaluation (LREC 2016)","whole",NA
19231,16822701,"Andrew Jackson se pone ansioso cuando no cambia su agua.",NA,"Andrew Jackson se pone ansioso cuando no cambia su agua",NA,NA,NA,NA,NA,NA,NA,113,"spa_nfi_847.txt","Spanish","Spanish","spa",NA,"2017","written","non-fiction","prepared_speeches","Latn",NA,"OpenSubtitles2018","https://object.pouta.csc.fi/OPUS-OpenSubtitles/v2018/raw/es.zip","http://www.opensubtitles.org/","http://www.opensubtitles.org/ P. Lison and J. Tiedemann, 2016, OpenSubtitles2016: Extracting Large Parallel Corpora from Movie and TV Subtitles. In Proceedings of the 10th International Conference on Language Resources and Evaluation (LREC 2016)","whole",NA
17974,15720439,"vamos inmediatamente. ¿No estáis incomodados?",NA,"vamos inmediatamente No estáis incomodados",NA,NA,NA,NA,NA,NA,NA,112,"spa_fic_35.txt","Spanish","Spanish","spa",NA,"2009","written","fiction","general_fiction","Latn",NA,"Leonid Nikolayevich Andreyev, Los espectros","http://www.gutenberg.org/files/29799/29799-h/29799-h.htm","http://www.gutenberg.org","http://www.gutenberg.org","whole",NA
18031,15956787,"para ellos.",NA,"para ellos",NA,NA,NA,NA,NA,NA,NA,112,"spa_fic_87.txt","Spanish","Spanish","spa",NA,"2015","written","fiction","general_fiction","Latn",NA,"Pío Baroja, Memorias de un Hombre de Acción:	#3 Los Caminos del Mundo","http://www.gutenberg.org/files/49280/49280-h/49280-h.htm","http://www.gutenberg.org","http://www.gutenberg.org","part",NA
17988,15769397,"—Vámonos luégo, señor,",NA,"Vámonos luégo señor",NA,NA,NA,NA,NA,NA,NA,112,"spa_fic_48.txt","Spanish","Spanish","spa",NA,"2018","written","fiction","general_fiction","Latn",NA,"Anonymous, Romancero selecto del Cid","http://www.gutenberg.org/files/57648/57648-h/57648-h.htm","http://www.gutenberg.org","http://www.gutenberg.org","whole",NA
18017,15893234,"es inalterable, que las cosas no son mas que lo que parecen; y que en el",NA,"es inalterable que las cosas no son mas que lo que parecen y que en el",NA,NA,NA,NA,NA,NA,NA,112,"spa_fic_74.txt","Spanish","Spanish","spa",NA,"2005","written","fiction","general_fiction","Latn",NA,"Balmes, Jaime Luciano, 1810-1848, Filosofía Fundamental, Tomo II, Philosophy","http://www.gutenberg.org/ebooks/16132.html.noimages","http://www.gutenberg.org","http://www.gutenberg.org","part",NA
19122,16749125,"Pues, ¿qué tal la Academia Olympia?",NA,"Pues qué tal la Academia Olympia",NA,NA,NA,NA,NA,NA,NA,113,"spa_nfi_749.txt","Spanish","Spanish","spa",NA,"2017","written","non-fiction","prepared_speeches","Latn",NA,"OpenSubtitles2018","https://object.pouta.csc.fi/OPUS-OpenSubtitles/v2018/raw/es.zip","http://www.opensubtitles.org/","http://www.opensubtitles.org/ P. Lison and J. Tiedemann, 2016, OpenSubtitles2016: Extracting Large Parallel Corpora from Movie and TV Subtitles. In Proceedings of the 10th International Conference on Language Resources and Evaluation (LREC 2016)","whole",NA
17973,15714049,"Hasta aqui solo se ha hablado de estos empleados como dependientes",NA,"Hasta aqui solo se ha hablado de estos empleados como dependientes",NA,NA,NA,NA,NA,NA,NA,112,"spa_fic_34.txt","Spanish","Spanish","spa",NA,"2010","written","fiction","general_fiction","Latn",NA,"Don Luis Prudencio Alvarez y Tejero, De Las Islas Filipinas","http://www.gutenberg.org/files/30892/30892-h/30892-h.htm","http://www.gutenberg.org","http://www.gutenberg.org","whole",NA
19115,16743488,"Consigues el dinero de Ghost, matas a su hijo y te desapareces en el horizonte.",NA,"Consigues el dinero de Ghost matas a su hijo y te desapareces en el horizonte",NA,NA,NA,NA,NA,NA,NA,113,"spa_nfi_742.txt","Spanish","Spanish","spa",NA,"2017","written","non-fiction","prepared_speeches","Latn",NA,"OpenSubtitles2018","https://object.pouta.csc.fi/OPUS-OpenSubtitles/v2018/raw/es.zip","http://www.opensubtitles.org/","http://www.opensubtitles.org/ P. Lison and J. Tiedemann, 2016, OpenSubtitles2016: Extracting Large Parallel Corpora from Movie and TV Subtitles. In Proceedings of the 10th International Conference on Language Resources and Evaluation (LREC 2016)","whole",NA
18966,16648722,"¿Es por...?",NA,"Es por",NA,NA,NA,NA,NA,NA,NA,113,"spa_nfi_608.txt","Spanish","Spanish","spa",NA,"2017","written","non-fiction","prepared_speeches","Latn",NA,"OpenSubtitles2018","https://object.pouta.csc.fi/OPUS-OpenSubtitles/v2018/raw/es.zip","http://www.opensubtitles.org/","http://www.opensubtitles.org/ P. Lison and J. Tiedemann, 2016, OpenSubtitles2016: Extracting Large Parallel Corpora from Movie and TV Subtitles. In Proceedings of the 10th International Conference on Language Resources and Evaluation (LREC 2016)","whole",NA
18257,16201752,"¿Por qué no cada uno, por separado, presenta 10 ideas para el cómic?",NA,"Por qué no cada uno por separado presenta 10 ideas para el cómic",NA,NA,NA,NA,NA,NA,NA,113,"spa_nfi_119.txt","Spanish","Spanish","spa",NA,"2017","written","non-fiction","prepared_speeches","Latn",NA,"OpenSubtitles2018","https://object.pouta.csc.fi/OPUS-OpenSubtitles/v2018/raw/es.zip","http://www.opensubtitles.org/","http://www.opensubtitles.org/ P. Lison and J. Tiedemann, 2016, OpenSubtitles2016: Extracting Large Parallel Corpora from Movie and TV Subtitles. In Proceedings of the 10th International Conference on Language Resources and Evaluation (LREC 2016)","whole",NA
19389,16927931,"Batman, ya no se permiten justicieros en Ciudad Gótica.",NA,"Batman ya no se permiten justicieros en Ciudad Gótica",NA,NA,NA,NA,NA,NA,NA,113,"spa_nfi_99.txt","Spanish","Spanish","spa",NA,"2017","written","non-fiction","prepared_speeches","Latn",NA,"OpenSubtitles2018","https://object.pouta.csc.fi/OPUS-OpenSubtitles/v2018/raw/es.zip","http://www.opensubtitles.org/","http://www.opensubtitles.org/ P. Lison and J. Tiedemann, 2016, OpenSubtitles2016: Extracting Large Parallel Corpora from Movie and TV Subtitles. In Proceedings of the 10th International Conference on Language Resources and Evaluation (LREC 2016)","whole",NA
18371,16275533,"Disculpe.",NA,"Disculpe",NA,NA,NA,NA,NA,NA,NA,113,"spa_nfi_1292.txt","Spanish","Spanish","spa",NA,"2017","written","non-fiction","prepared_speeches","Latn",NA,"OpenSubtitles2018","https://object.pouta.csc.fi/OPUS-OpenSubtitles/v2018/raw/es.zip","http://www.opensubtitles.org/","http://www.opensubtitles.org/ P. Lison and J. Tiedemann, 2016, OpenSubtitles2016: Extracting Large Parallel Corpora from Movie and TV Subtitles. In Proceedings of the 10th International Conference on Language Resources and Evaluation (LREC 2016)","whole",NA
18010,15867916,"obligado a abandonar mis trabajos en la Península, lo haría[p. 184] sin murmurar, lleno el",NA,"obligado a abandonar mis trabajos en la Península lo haríap 184 sin murmurar lleno el",NA,NA,NA,NA,NA,NA,NA,112,"spa_fic_68.txt","Spanish","Spanish","spa",NA,NA,"written","fiction","general_fiction","Latn",NA,"Gutenberg Project, Spanish","http://www.gutenberg.org/files/51689/51689-h/51689-h.htm","http://www.gutenberg.org","http://www.gutenberg.org","part",NA
18550,16385552,"Da igual, podemos hacerlo sin él.",NA,"Da igual podemos hacerlo sin él",NA,NA,NA,NA,NA,NA,NA,113,"spa_nfi_233.txt","Spanish","Spanish","spa",NA,"2017","written","non-fiction","prepared_speeches","Latn",NA,"OpenSubtitles2018","https://object.pouta.csc.fi/OPUS-OpenSubtitles/v2018/raw/es.zip","http://www.opensubtitles.org/","http://www.opensubtitles.org/ P. Lison and J. Tiedemann, 2016, OpenSubtitles2016: Extracting Large Parallel Corpora from Movie and TV Subtitles. In Proceedings of the 10th International Conference on Language Resources and Evaluation (LREC 2016)","whole",NA
18548,16384627,"Aunque me dijera que no lo haga nunca.",NA,"Aunque me dijera que no lo haga nunca",NA,NA,NA,NA,NA,NA,NA,113,"spa_nfi_231.txt","Spanish","Spanish","spa",NA,"2017","written","non-fiction","prepared_speeches","Latn",NA,"OpenSubtitles2018","https://object.pouta.csc.fi/OPUS-OpenSubtitles/v2018/raw/es.zip","http://www.opensubtitles.org/","http://www.opensubtitles.org/ P. Lison and J. Tiedemann, 2016, OpenSubtitles2016: Extracting Large Parallel Corpora from Movie and TV Subtitles. In Proceedings of the 10th International Conference on Language Resources and Evaluation (LREC 2016)","whole",NA
17928,15491017,"—¿Pero qué hay que hacer?",NA,"Pero qué hay que hacer",NA,NA,NA,NA,NA,NA,NA,112,"spa_fic_100.txt","Spanish","Spanish","spa",NA,"2013","written","fiction","general_fiction","Latn",NA,"Pío Baroja, Mala Hierba","http://www.gutenberg.org/files/43017/43017-h/43017-h.htm","http://www.gutenberg.org","http://www.gutenberg.org","part",NA
17946,15590939,"Cuyo valor, pesos oro, fué de 100.589.",NA,"Cuyo valor pesos oro fué de 100589",NA,NA,NA,NA,NA,NA,NA,112,"spa_fic_117.txt","Spanish","Spanish","spa",NA,"2013","written","fiction","general_fiction","Latn",NA,"Alejandro Bizzarri, El aceite de olivas","http://www.gutenberg.org/files/41842/41842-h/41842-h.htm","http://www.gutenberg.org","http://www.gutenberg.org","whole",NA
18543,16381550,"Me entregan a ti directamente y sin hacer preguntas.",NA,"Me entregan a ti directamente y sin hacer preguntas",NA,NA,NA,NA,NA,NA,NA,113,"spa_nfi_227.txt","Spanish","Spanish","spa",NA,"2017","written","non-fiction","prepared_speeches","Latn",NA,"OpenSubtitles2018","https://object.pouta.csc.fi/OPUS-OpenSubtitles/v2018/raw/es.zip","http://www.opensubtitles.org/","http://www.opensubtitles.org/ P. Lison and J. Tiedemann, 2016, OpenSubtitles2016: Extracting Large Parallel Corpora from Movie and TV Subtitles. In Proceedings of the 10th International Conference on Language Resources and Evaluation (LREC 2016)","whole",NA
17942,15567439,"Todas estas desconfianzas y recelos, más son",NA,"Todas estas desconfianzas y recelos más son",NA,NA,NA,NA,NA,NA,NA,112,"spa_fic_113.txt","Spanish","Spanish","spa",NA,"2017","written","fiction","general_fiction","Latn",NA,"Jacinto Benavente, De Sobremesa; crónicas, Segunda Parte (de 5)","http://www.gutenberg.org/files/55038/55038-h/55038-h.htm","http://www.gutenberg.org","http://www.gutenberg.org","whole",NA
18029,15946595,"—Hay que ser consecuente—murmuró Leguía,",NA,"Hay que ser consecuentemurmuró Leguía",NA,NA,NA,NA,NA,NA,NA,112,"spa_fic_85.txt","Spanish","Spanish","spa",NA,"2014","written","fiction","general_fiction","Latn",NA,"Pío Baroja, Memorias de un hombre de acción:	#1 El aprendiz de conspirador","http://www.gutenberg.org/files/47103/47103-h/47103-h.htm","http://www.gutenberg.org","http://www.gutenberg.org","whole",NA
18735,16502453,"¿Quizá podáis localizarlo de ese modo?",NA,"Quizá podáis localizarlo de ese modo",NA,NA,NA,NA,NA,NA,NA,113,"spa_nfi_40.txt","Spanish","Spanish","spa",NA,"2017","written","non-fiction","prepared_speeches","Latn",NA,"OpenSubtitles2018","https://object.pouta.csc.fi/OPUS-OpenSubtitles/v2018/raw/es.zip","http://www.opensubtitles.org/","http://www.opensubtitles.org/ P. Lison and J. Tiedemann, 2016, OpenSubtitles2016: Extracting Large Parallel Corpora from Movie and TV Subtitles. In Proceedings of the 10th International Conference on Language Resources and Evaluation (LREC 2016)","whole",NA
18045,16063187,"43016009	El pecado está en que ellos no creen en mí ;","43016009","El pecado está en que ellos no creen en mí",NA,NA,NA,NA,NA,NA,NA,113,"spa_nfi_1.txt","Spanish","Spanish","spa",NA,NA,"written","non-fiction","religion","Latn",NA,"The Bible in Latin-American Spanish. Text of the Parallel Bible Corpus: Mayer, Thomas & Michael Cysouw. 2014. Creating a Massively Parallel Bible Corpus. Proceedings of the International Conference on Language Resources and Evaluation (LREC), Reykjavik, 3158-3163.","https://www.bible.com/versions/28","© Bible Society in Spain","The Word<br>The Bible Society in Spain has undertaken a new translation of the Bible into Spanish by an international team of biblical scholars belonging to various Christian churches. That translation is performed two different editions . One is The Word , a distinctly evangelical edition, without the deuterocanonical books . This edition is available in  Spanish version  ( BLP ) and  Latin American version  ( BLPH ) well adapted to the uses of Spanish on either side of the Atlantic . The other issue is purely interfaith character called Interfaith Bible Translation ( BTI ) with the deuterocanonical books from the OT and the NT, in  Spanish Version and Spanish American Bible , Interfaith Translation ( BHTI ) in  Spanish American version .<br>The word , in its Latin American version is a faithful translation of the Bible to the best manuscripts available today in the original Hebrew , Aramaic and Greek languages ​​. The literacy level is high but understandable seeking that is clear in the use of language and beautiful as faithful exponent of the literature of the century.<br>You can learn about the great things that the Bible Society in Spain is doing on several fronts by visiting the www.sociedadbiblica.org.","whole","The first two digits of the identifier refer to the book, the next three digits to the chapter, and the last three digits to the verse. See Mayer & Cysouw (2014) for a list of book identifiers."
18037,15993000,"de su expedición.",NA,"de su expedición",NA,NA,NA,NA,NA,NA,NA,112,"spa_fic_92.txt","Spanish","Spanish","spa",NA,"2015","written","fiction","general_fiction","Latn",NA,"Pío Baroja, Memorias de un Hombre de Acción:	#2 El Escuadrón del Brigante","http://www.gutenberg.org/files/48783/48783-h/48783-h.htm","http://www.gutenberg.org","http://www.gutenberg.org","part",NA
17985,15756377,"riéndose á carcajadas y dando dos vueltas al salón. Y mi hermano la",NA,"riéndose á carcajadas y dando dos vueltas al salón Y mi hermano la",NA,NA,NA,NA,NA,NA,NA,112,"spa_fic_45.txt","Spanish","Spanish","spa",NA,"2014","written","fiction","general_fiction","Latn",NA,"Anonymous, El libro de las mil noches y una noche; t 2","http://www.gutenberg.org/files/47631/47631-h/47631-h.htm","http://www.gutenberg.org","http://www.gutenberg.org","part",NA
18126,16118504,"¿Oye, tienes la llave?",NA,"Oye tienes la llave",NA,NA,NA,NA,NA,NA,NA,113,"spa_nfi_1071.txt","Spanish","Spanish","spa",NA,"2017","written","non-fiction","prepared_speeches","Latn",NA,"OpenSubtitles2018","https://object.pouta.csc.fi/OPUS-OpenSubtitles/v2018/raw/es.zip","http://www.opensubtitles.org/","http://www.opensubtitles.org/ P. Lison and J. Tiedemann, 2016, OpenSubtitles2016: Extracting Large Parallel Corpora from Movie and TV Subtitles. In Proceedings of the 10th International Conference on Language Resources and Evaluation (LREC 2016)","whole",NA
18655,16452074,"Te ofrezco un trato.",NA,"Te ofrezco un trato",NA,NA,NA,NA,NA,NA,NA,113,"spa_nfi_328.txt","Spanish","Spanish","spa",NA,"2017","written","non-fiction","prepared_speeches","Latn",NA,"OpenSubtitles2018","https://object.pouta.csc.fi/OPUS-OpenSubtitles/v2018/raw/es.zip","http://www.opensubtitles.org/","http://www.opensubtitles.org/ P. Lison and J. Tiedemann, 2016, OpenSubtitles2016: Extracting Large Parallel Corpora from Movie and TV Subtitles. In Proceedings of the 10th International Conference on Language Resources and Evaluation (LREC 2016)","whole",NA
19423,16977213,"ay gumagamit ng̃ pamalò.... ang aming ginagamit ay ibáng paraan na",NA,"ay gumagamit ng pamalò ang aming ginagamit ay ibáng paraan na",NA,NA,NA,NA,NA,NA,NA,117,"tgl_fic_27.txt","Tagalog","Tagalog","tgl",NA,"2014","written","fiction","general_fiction","Latn",NA,"José Rizal, Ang ""Filibusterismo""","http://www.gutenberg.org/files/47629/47629-h/47629-h.htm","http://www.gutenberg.org","http://www.gutenberg.org","part",NA
19425,16979937,"Makinig ka't isa-isa kong ipaaalaala sa iyo:",NA,"Makinig kat isaisa kong ipaaalaala sa iyo",NA,NA,NA,NA,NA,NA,NA,117,"tgl_fic_29.txt","Tagalog","Tagalog","tgl",NA,"2004","written","fiction","general_fiction","Latn",NA,"Pura Medrano, Nang Bata Pa Kami","http://www.gutenberg.org/files/13686/13686-h/13686-h.htm","http://www.gutenberg.org","http://www.gutenberg.org","whole",NA
19429,16992918,"manalang̃in.",NA,"manalangin",NA,NA,NA,NA,NA,NA,NA,117,"tgl_fic_32.txt","Tagalog","Tagalog","tgl",NA,"2014","written","fiction","general_fiction","Latn",NA,"Mamerto Paglinawan, Balarilang Tagalog","http://www.gutenberg.org/files/45007/45007-h/45007-h.htm","http://www.gutenberg.org","http://www.gutenberg.org","part",NA
19459,17066806,"19038009	Ako'y nanglalata , at bugbog na mainam : ako'y umangal dahil sa kaba ng aking loob .","19038009","Akoy nanglalata  at bugbog na mainam  akoy umangal dahil sa kaba ng aking loob",NA,NA,NA,NA,NA,NA,NA,118,"tgl_nfi_1.txt","Tagalog","Tagalog","tgl",NA,"1905","written","non-fiction","religion","Latn",NA,"The Bible in Tagalog. Text of the Parallel Bible Corpus: Mayer, Thomas & Michael Cysouw. 2014. Creating a Massively Parallel Bible Corpus. Proceedings of the International Conference on Language Resources and Evaluation (LREC), Reykjavik, 3158-3163.","http://unbound.biola.edu/index.cfm?method=downloads.showDownloadMain","© Philippine Bible Society 1996","Wordproject is a global outreach that uses the Internet as a means to fulfill the great comission of Jesus Christ laid in the Holy Bible, New Testament, Mark 16:15 - ""Go ye into all the world and preach the gospel to every creature"".<br>We publish the Holy Bible in good faith claiming the right of fair use for non-profit purposes and public benefit. Most, if not all, of the versions of the Bible in our site are on the Public Domain but, in case of any discrepancies, we state the following:<br>We acknowledge that the author of the Bible is God - His rights are forever protected. The translations [of most versions found on this site] have been done many years ago, therefore in most cases no longer covered by copyrights. In most countries copyrights last for a limited time. In any case, with all due respect, Bible translations should never be copyrighted as that contravenes the desired of the Author - [""Freely ye have receive, freely give""; "" He that spared not his own Son, but delivered him up for us all, how shall he not with him also freely give us all things"". ].<br>As for the audio narrations, several have been done or sponsored by Wordproject. We claim and grant the right to use narrations of the Bible on good and fair use for non-profit purposes, and we assume the narrators have done the work also in fulfilment of the great commission to preach the Gospel to every creature, therefore are happy to see their work being used for that purpose. A narrator that narrates the Holy Bible for any other purpose but the one commissioned by the Author Himself, as clearly stipulated in the works [The Holy Bible], could be found  transgressing on the rights of the Author of the works [God Himself].<br>As translators and narrators ourselves, we have never been given any rights over the materials we translated or narrated, and we could never have claimed them. The Holy Bible, the aim thereof is to be copied and multiplied many times over to satisfy the needs of the people for God's Word, should be free of copyrights and its integrity and free distribution [non commercialization by any means] protected by all Christians, Churches and Bible Societies.<br>The above summarizes our stand concerning the translation, and narration of the Holy Bible in any language, respecting always the opinions of others and the law, which varies from country to country, therefore making it impossible to conform through this globalized means.<br> 'The Lord gave the word: great was the company of those that published it'. [Psalms 68:11]. 'Ho, every one that thirsteth, come ye to the waters, and he that hath no money; come ye, buy, and eat; yea, come, buy wine and milk without money and without price.' [Isaiah 55:1]","whole","The first two digits of the identifier refer to the book, the next three digits to the chapter, and the last three digits to the verse. See Mayer & Cysouw (2014) for a list of book identifiers."
19406,16951047,"hang̃al.",NA,"hangal",NA,NA,NA,NA,NA,NA,NA,117,"tgl_fic_11.txt","Tagalog","Tagalog","tgl",NA,"2013","written","fiction","general_fiction","Latn",NA,"Fausta Cortes, Agawan ng Dangal","http://www.gutenberg.org/files/42851/42851-h/42851-h.htm","http://www.gutenberg.org","http://www.gutenberg.org","whole",NA
19457,17046983,"—Wala akong nalalaman.",NA,"Wala akong nalalaman",NA,NA,NA,NA,NA,NA,NA,117,"tgl_fic_8.txt","Tagalog","Tagalog","tgl",NA,"2005","written","fiction","general_fiction","Latn",NA,"Leo Nikolayevich Tolstoy, Sa Ano Nabubuhay Ang Tao","http://www.gutenberg.org/files/15628/15628-h/15628-h.htm","http://www.gutenberg.org","http://www.gutenberg.org","whole",NA
19459,17068211,"19116009	Ako'y lalakad sa harap ng Panginoon , sa lupain ng mga buhay .","19116009","Akoy lalakad sa harap ng Panginoon  sa lupain ng mga buhay",NA,NA,NA,NA,NA,NA,NA,118,"tgl_nfi_1.txt","Tagalog","Tagalog","tgl",NA,"1905","written","non-fiction","religion","Latn",NA,"The Bible in Tagalog. Text of the Parallel Bible Corpus: Mayer, Thomas & Michael Cysouw. 2014. Creating a Massively Parallel Bible Corpus. Proceedings of the International Conference on Language Resources and Evaluation (LREC), Reykjavik, 3158-3163.","http://unbound.biola.edu/index.cfm?method=downloads.showDownloadMain","© Philippine Bible Society 1996","Wordproject is a global outreach that uses the Internet as a means to fulfill the great comission of Jesus Christ laid in the Holy Bible, New Testament, Mark 16:15 - ""Go ye into all the world and preach the gospel to every creature"".<br>We publish the Holy Bible in good faith claiming the right of fair use for non-profit purposes and public benefit. Most, if not all, of the versions of the Bible in our site are on the Public Domain but, in case of any discrepancies, we state the following:<br>We acknowledge that the author of the Bible is God - His rights are forever protected. The translations [of most versions found on this site] have been done many years ago, therefore in most cases no longer covered by copyrights. In most countries copyrights last for a limited time. In any case, with all due respect, Bible translations should never be copyrighted as that contravenes the desired of the Author - [""Freely ye have receive, freely give""; "" He that spared not his own Son, but delivered him up for us all, how shall he not with him also freely give us all things"". ].<br>As for the audio narrations, several have been done or sponsored by Wordproject. We claim and grant the right to use narrations of the Bible on good and fair use for non-profit purposes, and we assume the narrators have done the work also in fulfilment of the great commission to preach the Gospel to every creature, therefore are happy to see their work being used for that purpose. A narrator that narrates the Holy Bible for any other purpose but the one commissioned by the Author Himself, as clearly stipulated in the works [The Holy Bible], could be found  transgressing on the rights of the Author of the works [God Himself].<br>As translators and narrators ourselves, we have never been given any rights over the materials we translated or narrated, and we could never have claimed them. The Holy Bible, the aim thereof is to be copied and multiplied many times over to satisfy the needs of the people for God's Word, should be free of copyrights and its integrity and free distribution [non commercialization by any means] protected by all Christians, Churches and Bible Societies.<br>The above summarizes our stand concerning the translation, and narration of the Holy Bible in any language, respecting always the opinions of others and the law, which varies from country to country, therefore making it impossible to conform through this globalized means.<br> 'The Lord gave the word: great was the company of those that published it'. [Psalms 68:11]. 'Ho, every one that thirsteth, come ye to the waters, and he that hath no money; come ye, buy, and eat; yea, come, buy wine and milk without money and without price.' [Isaiah 55:1]","whole","The first two digits of the identifier refer to the book, the next three digits to the chapter, and the last three digits to the verse. See Mayer & Cysouw (2014) for a list of book identifiers."
20408,17843099,"- ไม่",NA,"ไม",NA,NA,NA,NA,NA,NA,NA,120,"tha_nfi_911.txt","Thai","Thai","tha",NA,"2012","written","non-fiction","prepared_speeches","Thai",NA,"OpenSubtitles2018","https://object.pouta.csc.fi/OPUS-OpenSubtitles/v2018/raw/th.zip","http://www.opensubtitles.org/","http://www.opensubtitles.org/ P. Lison and J. Tiedemann, 2016, OpenSubtitles2016: Extracting Large Parallel Corpora from Movie and TV Subtitles. In Proceedings of the 10th International Conference on Language Resources and Evaluation (LREC 2016)","whole",NA
20147,17652919,"โช เล่าให้ฟังว่าคุณถามเขาว่าจะแหกเข้า",NA,"โช เลาใหฟังวาคุณถามเขาวาจะแหกเขา",NA,NA,NA,NA,NA,NA,NA,120,"tha_nfi_677.txt","Thai","Thai","tha",NA,"2012","written","non-fiction","prepared_speeches","Thai",NA,"OpenSubtitles2018","https://object.pouta.csc.fi/OPUS-OpenSubtitles/v2018/raw/th.zip","http://www.opensubtitles.org/","http://www.opensubtitles.org/ P. Lison and J. Tiedemann, 2016, OpenSubtitles2016: Extracting Large Parallel Corpora from Movie and TV Subtitles. In Proceedings of the 10th International Conference on Language Resources and Evaluation (LREC 2016)","whole",NA
20107,17621306,"เช็ท เราต้องกินอยูแล้ว ไม่เป็นไรหรอก",NA,"เชท เราตองกินอยูแลว ไมเปนไรหรอก",NA,NA,NA,NA,NA,NA,NA,120,"tha_nfi_640.txt","Thai","Thai","tha",NA,"2012","written","non-fiction","prepared_speeches","Thai",NA,"OpenSubtitles2018","https://object.pouta.csc.fi/OPUS-OpenSubtitles/v2018/raw/th.zip","http://www.opensubtitles.org/","http://www.opensubtitles.org/ P. Lison and J. Tiedemann, 2016, OpenSubtitles2016: Extracting Large Parallel Corpora from Movie and TV Subtitles. In Proceedings of the 10th International Conference on Language Resources and Evaluation (LREC 2016)","whole",NA
19831,17407892,"ระบบการสื่อสารเป็นอัมพาต",NA,"ระบบการสือสารเปนอัมพาต",NA,NA,NA,NA,NA,NA,NA,120,"tha_nfi_392.txt","Thai","Thai","tha",NA,"2013","written","non-fiction","prepared_speeches","Thai",NA,"OpenSubtitles2018","https://object.pouta.csc.fi/OPUS-OpenSubtitles/v2018/raw/th.zip","http://www.opensubtitles.org/","http://www.opensubtitles.org/ P. Lison and J. Tiedemann, 2016, OpenSubtitles2016: Extracting Large Parallel Corpora from Movie and TV Subtitles. In Proceedings of the 10th International Conference on Language Resources and Evaluation (LREC 2016)","whole",NA
19504,17097553,"02030026	แล้ว จง เอา น้ำมัน เจิม พลับพลา แห่ง ชุมนุม และ หีบ พระ โอวาท ด้วย","02030026","แลว จง เอา นำมัน เจิม พลับพลา แหง ชุมนุม และ หีบ พระ โอวาท ดวย",NA,NA,NA,NA,NA,NA,NA,120,"tha_nfi_1.txt","Thai","Thai","tha",NA,"2003","written","non-fiction","religion","Thai",NA,"The KJV Bible in Thai. Text of the Parallel Bible Corpus: Mayer, Thomas & Michael Cysouw. 2014. Creating a Massively Parallel Bible Corpus. Proceedings of the International Conference on Language Resources and Evaluation (LREC), Reykjavik, 3158-3163.","https://www.bible.com/versions/175-kjv-phrakhamphiirphaasaaaithychbab-kjv","© 2003 Philip Pope","Translation by: Philip Pope<br>This translation is made available to you under the terms of the Creative Commons Attribution-noncommercial-no derivatives plus license. In addition, you have permission to port the text to different file formats, as long as you don't change any of the text or punctuation of the Bible.<br>You may share, copy, distribute, transmit, and extract portions or quotations from this work, provided that:<br>You include the above copyright information.<br>You do not sell this work for a profit.<br>You do not make any derivative works that change any of the actual words or punctuation of the Scriptures.","whole","The first two digits of the identifier refer to the book, the next three digits to the chapter, and the last three digits to the verse. See Mayer & Cysouw (2014) for a list of book identifiers. Word-separation performed through wordcut https://github.com/veer66/wordcut with manual corrections. Periods are added in places that originally only had spaces."
19792,17379214,"เกือบๆ 40 ปี.",NA,"เกือบๆ  ปี",NA,NA,NA,NA,NA,NA,NA,120,"tha_nfi_357.txt","Thai","Thai","tha",NA,"2013","written","non-fiction","prepared_speeches","Thai",NA,"OpenSubtitles2018","https://object.pouta.csc.fi/OPUS-OpenSubtitles/v2018/raw/th.zip","http://www.opensubtitles.org/","http://www.opensubtitles.org/ P. Lison and J. Tiedemann, 2016, OpenSubtitles2016: Extracting Large Parallel Corpora from Movie and TV Subtitles. In Proceedings of the 10th International Conference on Language Resources and Evaluation (LREC 2016)","whole",NA
19937,17488479,"ผมเอง พ่อผมมาถึงเมื่อไหร่ครับ",NA,"ผมเอง พอผมมาถึงเมือไหรครับ",NA,NA,NA,NA,NA,NA,NA,120,"tha_nfi_488.txt","Thai","Thai","tha",NA,"2013","written","non-fiction","prepared_speeches","Thai",NA,"OpenSubtitles2018","https://object.pouta.csc.fi/OPUS-OpenSubtitles/v2018/raw/th.zip","http://www.opensubtitles.org/","http://www.opensubtitles.org/ P. Lison and J. Tiedemann, 2016, OpenSubtitles2016: Extracting Large Parallel Corpora from Movie and TV Subtitles. In Proceedings of the 10th International Conference on Language Resources and Evaluation (LREC 2016)","whole",NA
19647,17247600,"60 ไมล์จากที่นี่",NA,"ไมลจากทีนี",NA,NA,NA,NA,NA,NA,NA,120,"tha_nfi_226.txt","Thai","Thai","tha",NA,"2014","written","non-fiction","prepared_speeches","Thai",NA,"OpenSubtitles2018","https://object.pouta.csc.fi/OPUS-OpenSubtitles/v2018/raw/th.zip","http://www.opensubtitles.org/","http://www.opensubtitles.org/ P. Lison and J. Tiedemann, 2016, OpenSubtitles2016: Extracting Large Parallel Corpora from Movie and TV Subtitles. In Proceedings of the 10th International Conference on Language Resources and Evaluation (LREC 2016)","whole",NA
19601,17208984,"ขอให้ผู้ที่เต้นที่ดีครับ",NA,"ขอใหผูทีเตนทีดีครับ",NA,NA,NA,NA,NA,NA,NA,120,"tha_nfi_185.txt","Thai","Thai","tha",NA,"2014","written","non-fiction","prepared_speeches","Thai",NA,"OpenSubtitles2018","https://object.pouta.csc.fi/OPUS-OpenSubtitles/v2018/raw/th.zip","http://www.opensubtitles.org/","http://www.opensubtitles.org/ P. Lison and J. Tiedemann, 2016, OpenSubtitles2016: Extracting Large Parallel Corpora from Movie and TV Subtitles. In Proceedings of the 10th International Conference on Language Resources and Evaluation (LREC 2016)","whole",NA
20278,17750689,"คุณให้การงดเว้นกับเขา, แล้วเขายังกระแทกแดกดันคุณอีก!",NA,"คุณใหการงดเวนกับเขา แลวเขายังกระแทกแดกดันคุณอีก",NA,NA,NA,NA,NA,NA,NA,120,"tha_nfi_795.txt","Thai","Thai","tha",NA,"2012","written","non-fiction","prepared_speeches","Thai",NA,"OpenSubtitles2018","https://object.pouta.csc.fi/OPUS-OpenSubtitles/v2018/raw/th.zip","http://www.opensubtitles.org/","http://www.opensubtitles.org/ P. Lison and J. Tiedemann, 2016, OpenSubtitles2016: Extracting Large Parallel Corpora from Movie and TV Subtitles. In Proceedings of the 10th International Conference on Language Resources and Evaluation (LREC 2016)","whole",NA
20287,17757887,"สิ่งที่เกิดขึ้นหลังจากที่คุณให้ คำสั่งของคุณหรือไม่",NA,"สิงทีเกิดขึนหลังจากทีคุณให คำสังของคุณหรือไม",NA,NA,NA,NA,NA,NA,NA,120,"tha_nfi_802.txt","Thai","Thai","tha",NA,"2012","written","non-fiction","prepared_speeches","Thai",NA,"OpenSubtitles2018","https://object.pouta.csc.fi/OPUS-OpenSubtitles/v2018/raw/th.zip","http://www.opensubtitles.org/","http://www.opensubtitles.org/ P. Lison and J. Tiedemann, 2016, OpenSubtitles2016: Extracting Large Parallel Corpora from Movie and TV Subtitles. In Proceedings of the 10th International Conference on Language Resources and Evaluation (LREC 2016)","whole",NA
19973,17518087,"บายครับ",NA,"บายครับ",NA,NA,NA,NA,NA,NA,NA,120,"tha_nfi_52.txt","Thai","Thai","tha",NA,"2016","written","non-fiction","prepared_speeches","Thai",NA,"OpenSubtitles2018","https://object.pouta.csc.fi/OPUS-OpenSubtitles/v2018/raw/th.zip","http://www.opensubtitles.org/","http://www.opensubtitles.org/ P. Lison and J. Tiedemann, 2016, OpenSubtitles2016: Extracting Large Parallel Corpora from Movie and TV Subtitles. In Proceedings of the 10th International Conference on Language Resources and Evaluation (LREC 2016)","whole",NA
19964,17510124,"ฉันต้องการความช่วยเหลือของนาย, ถ้านายไม่ปฏิเสธ มันจะดีมาก",NA,"ฉันตองการความชวยเหลือของนาย ถานายไมปฏิเสธ มันจะดีมาก",NA,NA,NA,NA,NA,NA,NA,120,"tha_nfi_511.txt","Thai","Thai","tha",NA,"2013","written","non-fiction","prepared_speeches","Thai",NA,"OpenSubtitles2018","https://object.pouta.csc.fi/OPUS-OpenSubtitles/v2018/raw/th.zip","http://www.opensubtitles.org/","http://www.opensubtitles.org/ P. Lison and J. Tiedemann, 2016, OpenSubtitles2016: Extracting Large Parallel Corpora from Movie and TV Subtitles. In Proceedings of the 10th International Conference on Language Resources and Evaluation (LREC 2016)","whole",NA
19873,17440417,"แมกซ์ มีรถตามเรามาสองคัน",NA,"แมกซ มีรถตามเรามาสองคัน",NA,NA,NA,NA,NA,NA,NA,120,"tha_nfi_43.txt","Thai","Thai","tha",NA,"2016","written","non-fiction","prepared_speeches","Thai",NA,"OpenSubtitles2018","https://object.pouta.csc.fi/OPUS-OpenSubtitles/v2018/raw/th.zip","http://www.opensubtitles.org/","http://www.opensubtitles.org/ P. Lison and J. Tiedemann, 2016, OpenSubtitles2016: Extracting Large Parallel Corpora from Movie and TV Subtitles. In Proceedings of the 10th International Conference on Language Resources and Evaluation (LREC 2016)","whole",NA
19774,17360661,"1 ชั่งโมงที่มีค่า...",NA,"ชังโมงทีมีคา",NA,NA,NA,NA,NA,NA,NA,120,"tha_nfi_340.txt","Thai","Thai","tha",NA,"2013","written","non-fiction","prepared_speeches","Thai",NA,"OpenSubtitles2018","https://object.pouta.csc.fi/OPUS-OpenSubtitles/v2018/raw/th.zip","http://www.opensubtitles.org/","http://www.opensubtitles.org/ P. Lison and J. Tiedemann, 2016, OpenSubtitles2016: Extracting Large Parallel Corpora from Movie and TV Subtitles. In Proceedings of the 10th International Conference on Language Resources and Evaluation (LREC 2016)","whole",NA
19504,17125129,"56002006	ส่วน ผู้ชาย หนุ่ม ก็ เหมือน กัน . จง เตือน เขา ให้ ใช้ สติ สัมปชัญญะ","56002006","สวน ผูชาย หนุม ก เหมือน กัน  จง เตือน เขา ให ใช สติ สัมปชัญญะ",NA,NA,NA,NA,NA,NA,NA,120,"tha_nfi_1.txt","Thai","Thai","tha",NA,"2003","written","non-fiction","religion","Thai",NA,"The KJV Bible in Thai. Text of the Parallel Bible Corpus: Mayer, Thomas & Michael Cysouw. 2014. Creating a Massively Parallel Bible Corpus. Proceedings of the International Conference on Language Resources and Evaluation (LREC), Reykjavik, 3158-3163.","https://www.bible.com/versions/175-kjv-phrakhamphiirphaasaaaithychbab-kjv","© 2003 Philip Pope","Translation by: Philip Pope<br>This translation is made available to you under the terms of the Creative Commons Attribution-noncommercial-no derivatives plus license. In addition, you have permission to port the text to different file formats, as long as you don't change any of the text or punctuation of the Bible.<br>You may share, copy, distribute, transmit, and extract portions or quotations from this work, provided that:<br>You include the above copyright information.<br>You do not sell this work for a profit.<br>You do not make any derivative works that change any of the actual words or punctuation of the Scriptures.","whole","The first two digits of the identifier refer to the book, the next three digits to the chapter, and the last three digits to the verse. See Mayer & Cysouw (2014) for a list of book identifiers. Word-separation performed through wordcut https://github.com/veer66/wordcut with manual corrections. Periods are added in places that originally only had spaces."
19588,17196931,"นั้นแหละ ทำไมคุณถึงยังคงมีชีวิตอยู่",NA,"นันแหละ ทำไมคุณถึงยังคงมีชีวิตอยู",NA,NA,NA,NA,NA,NA,NA,120,"tha_nfi_173.txt","Thai","Thai","tha",NA,"2014","written","non-fiction","prepared_speeches","Thai",NA,"OpenSubtitles2018","https://object.pouta.csc.fi/OPUS-OpenSubtitles/v2018/raw/th.zip","http://www.opensubtitles.org/","http://www.opensubtitles.org/ P. Lison and J. Tiedemann, 2016, OpenSubtitles2016: Extracting Large Parallel Corpora from Movie and TV Subtitles. In Proceedings of the 10th International Conference on Language Resources and Evaluation (LREC 2016)","whole",NA
20329,17787550,"นายได้รับบาดเจ็บมาก \จากรถบัสนั่น",NA,"นายไดรับบาดเจบมาก จากรถบัสนัน",NA,NA,NA,NA,NA,NA,NA,120,"tha_nfi_840.txt","Thai","Thai","tha",NA,"2012","written","non-fiction","prepared_speeches","Thai",NA,"OpenSubtitles2018","https://object.pouta.csc.fi/OPUS-OpenSubtitles/v2018/raw/th.zip","http://www.opensubtitles.org/","http://www.opensubtitles.org/ P. Lison and J. Tiedemann, 2016, OpenSubtitles2016: Extracting Large Parallel Corpora from Movie and TV Subtitles. In Proceedings of the 10th International Conference on Language Resources and Evaluation (LREC 2016)","whole",NA
19587,17194528,"เอ่อ ผมสับสนเล็กน้อย เพราะว่า เกย์",NA,"เออ ผมสับสนเลกนอย เพราะวา เกย",NA,NA,NA,NA,NA,NA,NA,120,"tha_nfi_172.txt","Thai","Thai","tha",NA,"2014","written","non-fiction","prepared_speeches","Thai",NA,"OpenSubtitles2018","https://object.pouta.csc.fi/OPUS-OpenSubtitles/v2018/raw/th.zip","http://www.opensubtitles.org/","http://www.opensubtitles.org/ P. Lison and J. Tiedemann, 2016, OpenSubtitles2016: Extracting Large Parallel Corpora from Movie and TV Subtitles. In Proceedings of the 10th International Conference on Language Resources and Evaluation (LREC 2016)","whole",NA
19791,17378463,"พี่จะไปไหน?",NA,"พีจะไปไหน",NA,NA,NA,NA,NA,NA,NA,120,"tha_nfi_356.txt","Thai","Thai","tha",NA,"2013","written","non-fiction","prepared_speeches","Thai",NA,"OpenSubtitles2018","https://object.pouta.csc.fi/OPUS-OpenSubtitles/v2018/raw/th.zip","http://www.opensubtitles.org/","http://www.opensubtitles.org/ P. Lison and J. Tiedemann, 2016, OpenSubtitles2016: Extracting Large Parallel Corpora from Movie and TV Subtitles. In Proceedings of the 10th International Conference on Language Resources and Evaluation (LREC 2016)","whole",NA
20223,17705347,"- คุณคิดผิด /",NA,"คุณคิดผิด",NA,NA,NA,NA,NA,NA,NA,120,"tha_nfi_745.txt","Thai","Thai","tha",NA,"2012","written","non-fiction","prepared_speeches","Thai",NA,"OpenSubtitles2018","https://object.pouta.csc.fi/OPUS-OpenSubtitles/v2018/raw/th.zip","http://www.opensubtitles.org/","http://www.opensubtitles.org/ P. Lison and J. Tiedemann, 2016, OpenSubtitles2016: Extracting Large Parallel Corpora from Movie and TV Subtitles. In Proceedings of the 10th International Conference on Language Resources and Evaluation (LREC 2016)","whole",NA
19565,17176361,"แม้กระทั่งมังกรก็มอดม้วย",NA,"แมกระทังมังกรกมอดมวย",NA,NA,NA,NA,NA,NA,NA,120,"tha_nfi_152.txt","Thai","Thai","tha",NA,"2015","written","non-fiction","prepared_speeches","Thai",NA,"OpenSubtitles2018","https://object.pouta.csc.fi/OPUS-OpenSubtitles/v2018/raw/th.zip","http://www.opensubtitles.org/","http://www.opensubtitles.org/ P. Lison and J. Tiedemann, 2016, OpenSubtitles2016: Extracting Large Parallel Corpora from Movie and TV Subtitles. In Proceedings of the 10th International Conference on Language Resources and Evaluation (LREC 2016)","whole",NA
19786,17374837,"เอาล่ะ, ฉันได้ยินมามากพอล่ะ",NA,"เอาละ ฉันไดยินมามากพอละ",NA,NA,NA,NA,NA,NA,NA,120,"tha_nfi_351.txt","Thai","Thai","tha",NA,"2013","written","non-fiction","prepared_speeches","Thai",NA,"OpenSubtitles2018","https://object.pouta.csc.fi/OPUS-OpenSubtitles/v2018/raw/th.zip","http://www.opensubtitles.org/","http://www.opensubtitles.org/ P. Lison and J. Tiedemann, 2016, OpenSubtitles2016: Extracting Large Parallel Corpora from Movie and TV Subtitles. In Proceedings of the 10th International Conference on Language Resources and Evaluation (LREC 2016)","whole",NA
20276,17749491,"โอ๊ะ พี่ชาย",NA,"โอะ พีชาย",NA,NA,NA,NA,NA,NA,NA,120,"tha_nfi_793.txt","Thai","Thai","tha",NA,"2012","written","non-fiction","prepared_speeches","Thai",NA,"OpenSubtitles2018","https://object.pouta.csc.fi/OPUS-OpenSubtitles/v2018/raw/th.zip","http://www.opensubtitles.org/","http://www.opensubtitles.org/ P. Lison and J. Tiedemann, 2016, OpenSubtitles2016: Extracting Large Parallel Corpora from Movie and TV Subtitles. In Proceedings of the 10th International Conference on Language Resources and Evaluation (LREC 2016)","whole",NA
19859,17429720,"จำพวกบริษัทผี, ใช่มัยค่ะ?",NA,"จำพวกบริษัทผี ใชมัยคะ",NA,NA,NA,NA,NA,NA,NA,120,"tha_nfi_417.txt","Thai","Thai","tha",NA,"2013","written","non-fiction","prepared_speeches","Thai",NA,"OpenSubtitles2018","https://object.pouta.csc.fi/OPUS-OpenSubtitles/v2018/raw/th.zip","http://www.opensubtitles.org/","http://www.opensubtitles.org/ P. Lison and J. Tiedemann, 2016, OpenSubtitles2016: Extracting Large Parallel Corpora from Movie and TV Subtitles. In Proceedings of the 10th International Conference on Language Resources and Evaluation (LREC 2016)","whole",NA
19528,17144451,"มันหายไปเมื่อเดือนที่แล้ว จากยออดโค้งใต้ดิน",NA,"มันหายไปเมือเดือนทีแลว จากยออดโคงใตดิน",NA,NA,NA,NA,NA,NA,NA,120,"tha_nfi_119.txt","Thai","Thai","tha",NA,"2015","written","non-fiction","prepared_speeches","Thai",NA,"OpenSubtitles2018","https://object.pouta.csc.fi/OPUS-OpenSubtitles/v2018/raw/th.zip","http://www.opensubtitles.org/","http://www.opensubtitles.org/ P. Lison and J. Tiedemann, 2016, OpenSubtitles2016: Extracting Large Parallel Corpora from Movie and TV Subtitles. In Proceedings of the 10th International Conference on Language Resources and Evaluation (LREC 2016)","whole",NA
20234,17713573,"พี่คงคิดว่าฉันจะจำแม่ง ได้ทุกๆรายละเอียด",NA,"พีคงคิดวาฉันจะจำแมง ไดทุกๆรายละเอียด",NA,NA,NA,NA,NA,NA,NA,120,"tha_nfi_755.txt","Thai","Thai","tha",NA,"2012","written","non-fiction","prepared_speeches","Thai",NA,"OpenSubtitles2018","https://object.pouta.csc.fi/OPUS-OpenSubtitles/v2018/raw/th.zip","http://www.opensubtitles.org/","http://www.opensubtitles.org/ P. Lison and J. Tiedemann, 2016, OpenSubtitles2016: Extracting Large Parallel Corpora from Movie and TV Subtitles. In Proceedings of the 10th International Conference on Language Resources and Evaluation (LREC 2016)","whole",NA
19977,17521408,"พูดกันด้วยโค้ดตัวเลขเท่านั้น 24 ชั่วโมงต่อไปนี้",NA,"พูดกันดวยโคดตัวเลขเทานัน  ชัวโมงตอไปนี",NA,NA,NA,NA,NA,NA,NA,120,"tha_nfi_523.txt","Thai","Thai","tha",NA,"2013","written","non-fiction","prepared_speeches","Thai",NA,"OpenSubtitles2018","https://object.pouta.csc.fi/OPUS-OpenSubtitles/v2018/raw/th.zip","http://www.opensubtitles.org/","http://www.opensubtitles.org/ P. Lison and J. Tiedemann, 2016, OpenSubtitles2016: Extracting Large Parallel Corpora from Movie and TV Subtitles. In Proceedings of the 10th International Conference on Language Resources and Evaluation (LREC 2016)","whole",NA
19760,17348615,"ที่ผู้บริหารที่ยอดเยี่ยมคนหนึ่ง ต้องรักในอาหารใช่ใหม",NA,"ทีผูบริหารทียอดเยียมคนหนึง ตองรักในอาหารใชใหม",NA,NA,NA,NA,NA,NA,NA,120,"tha_nfi_328.txt","Thai","Thai","tha",NA,"2013","written","non-fiction","prepared_speeches","Thai",NA,"OpenSubtitles2018","https://object.pouta.csc.fi/OPUS-OpenSubtitles/v2018/raw/th.zip","http://www.opensubtitles.org/","http://www.opensubtitles.org/ P. Lison and J. Tiedemann, 2016, OpenSubtitles2016: Extracting Large Parallel Corpora from Movie and TV Subtitles. In Proceedings of the 10th International Conference on Language Resources and Evaluation (LREC 2016)","whole",NA
19513,17133485,"กำลังเขาสู่บริการฝากข้อความ",NA,"กำลังเขาสูบริการฝากขอความ",NA,NA,NA,NA,NA,NA,NA,120,"tha_nfi_105.txt","Thai","Thai","tha",NA,"2015","written","non-fiction","prepared_speeches","Thai",NA,"OpenSubtitles2018","https://object.pouta.csc.fi/OPUS-OpenSubtitles/v2018/raw/th.zip","http://www.opensubtitles.org/","http://www.opensubtitles.org/ P. Lison and J. Tiedemann, 2016, OpenSubtitles2016: Extracting Large Parallel Corpora from Movie and TV Subtitles. In Proceedings of the 10th International Conference on Language Resources and Evaluation (LREC 2016)","whole",NA
20424,17855573,"ตักหิมะอยู่หรอ",NA,"ตักหิมะอยูหรอ",NA,NA,NA,NA,NA,NA,NA,120,"tha_nfi_926.txt","Thai","Thai","tha",NA,"2012","written","non-fiction","prepared_speeches","Thai",NA,"OpenSubtitles2018","https://object.pouta.csc.fi/OPUS-OpenSubtitles/v2018/raw/th.zip","http://www.opensubtitles.org/","http://www.opensubtitles.org/ P. Lison and J. Tiedemann, 2016, OpenSubtitles2016: Extracting Large Parallel Corpora from Movie and TV Subtitles. In Proceedings of the 10th International Conference on Language Resources and Evaluation (LREC 2016)","whole",NA
19883,17448339,"- แล้วหลักฐานล่ะ",NA,"แลวหลักฐานละ",NA,NA,NA,NA,NA,NA,NA,120,"tha_nfi_439.txt","Thai","Thai","tha",NA,"2013","written","non-fiction","prepared_speeches","Thai",NA,"OpenSubtitles2018","https://object.pouta.csc.fi/OPUS-OpenSubtitles/v2018/raw/th.zip","http://www.opensubtitles.org/","http://www.opensubtitles.org/ P. Lison and J. Tiedemann, 2016, OpenSubtitles2016: Extracting Large Parallel Corpora from Movie and TV Subtitles. In Proceedings of the 10th International Conference on Language Resources and Evaluation (LREC 2016)","whole",NA
20273,17746453,"ชั้นขออยู่แถวนี้สักพัก",NA,"ชันขออยูแถวนีสักพัก",NA,NA,NA,NA,NA,NA,NA,120,"tha_nfi_790.txt","Thai","Thai","tha",NA,"2012","written","non-fiction","prepared_speeches","Thai",NA,"OpenSubtitles2018","https://object.pouta.csc.fi/OPUS-OpenSubtitles/v2018/raw/th.zip","http://www.opensubtitles.org/","http://www.opensubtitles.org/ P. Lison and J. Tiedemann, 2016, OpenSubtitles2016: Extracting Large Parallel Corpora from Movie and TV Subtitles. In Proceedings of the 10th International Conference on Language Resources and Evaluation (LREC 2016)","whole",NA
20442,17870244,"เพลงประกอบหลัก :",NA,"เพลงประกอบหลัก",NA,NA,NA,NA,NA,NA,NA,120,"tha_nfi_942.txt","Thai","Thai","tha",NA,"2012","written","non-fiction","prepared_speeches","Thai",NA,"OpenSubtitles2018","https://object.pouta.csc.fi/OPUS-OpenSubtitles/v2018/raw/th.zip","http://www.opensubtitles.org/","http://www.opensubtitles.org/ P. Lison and J. Tiedemann, 2016, OpenSubtitles2016: Extracting Large Parallel Corpora from Movie and TV Subtitles. In Proceedings of the 10th International Conference on Language Resources and Evaluation (LREC 2016)","whole",NA
19806,17389368,"ได้ยินอะไรมาเหรอ",NA,"ไดยินอะไรมาเหรอ",NA,NA,NA,NA,NA,NA,NA,120,"tha_nfi_37.txt","Thai","Thai","tha",NA,"2016","written","non-fiction","prepared_speeches","Thai",NA,"OpenSubtitles2018","https://object.pouta.csc.fi/OPUS-OpenSubtitles/v2018/raw/th.zip","http://www.opensubtitles.org/","http://www.opensubtitles.org/ P. Lison and J. Tiedemann, 2016, OpenSubtitles2016: Extracting Large Parallel Corpora from Movie and TV Subtitles. In Proceedings of the 10th International Conference on Language Resources and Evaluation (LREC 2016)","whole",NA
20254,17731263,"เหมือนเธอยังไม่พร้อมเท่าไรนะ",NA,"เหมือนเธอยังไมพรอมเทาไรนะ",NA,NA,NA,NA,NA,NA,NA,120,"tha_nfi_773.txt","Thai","Thai","tha",NA,"2012","written","non-fiction","prepared_speeches","Thai",NA,"OpenSubtitles2018","https://object.pouta.csc.fi/OPUS-OpenSubtitles/v2018/raw/th.zip","http://www.opensubtitles.org/","http://www.opensubtitles.org/ P. Lison and J. Tiedemann, 2016, OpenSubtitles2016: Extracting Large Parallel Corpora from Movie and TV Subtitles. In Proceedings of the 10th International Conference on Language Resources and Evaluation (LREC 2016)","whole",NA
19806,17389807,"เธอคิดว่าเป็นหน้าต่างจริงๆ เหรอ",NA,"เธอคิดวาเปนหนาตางจริงๆ เหรอ",NA,NA,NA,NA,NA,NA,NA,120,"tha_nfi_37.txt","Thai","Thai","tha",NA,"2016","written","non-fiction","prepared_speeches","Thai",NA,"OpenSubtitles2018","https://object.pouta.csc.fi/OPUS-OpenSubtitles/v2018/raw/th.zip","http://www.opensubtitles.org/","http://www.opensubtitles.org/ P. Lison and J. Tiedemann, 2016, OpenSubtitles2016: Extracting Large Parallel Corpora from Movie and TV Subtitles. In Proceedings of the 10th International Conference on Language Resources and Evaluation (LREC 2016)","whole",NA
19504,17107832,"16013013	ข้าพเจ้า ได้ แต่งตั้ง คน ให้ ดูแล เรือน พัสดุ คือ . เชเลมิยาห์ ปุโรหิต . ศาโ ดก ธรรมา จา รย์ . และ เปดายาห์ แห่ง คน เลวี . และ ผู้ ช่วย ของ เขา คือ . ฮานัน บุตร ชาย ศัก เก อร์ . ผู้ เป็น บุตร ชาย มัท ธานิยาห์ . เพราะ นับ ได้ ว่า เขา สัตย์ ซื่อ . และ หน้าที่ ของ เขา คือ แจกจ่าย แก่ พวก พี่น้อง","16013013","ขาพเจา ได แตงตัง คน ให ดูแล เรือน พัสดุ คือ  เชเลมิยาห ปุโรหิต  ศาโ ดก ธรรมา จา รย  และ เปดายาห แหง คน เลวี  และ ผู ชวย ของ เขา คือ  ฮานัน บุตร ชาย ศัก เก อร  ผู เปน บุตร ชาย มัท ธานิยาห  เพราะ นับ ได วา เขา สัตย ซือ  และ หนาที ของ เขา คือ แจกจาย แก พวก พีนอง",NA,NA,NA,NA,NA,NA,NA,120,"tha_nfi_1.txt","Thai","Thai","tha",NA,"2003","written","non-fiction","religion","Thai",NA,"The KJV Bible in Thai. Text of the Parallel Bible Corpus: Mayer, Thomas & Michael Cysouw. 2014. Creating a Massively Parallel Bible Corpus. Proceedings of the International Conference on Language Resources and Evaluation (LREC), Reykjavik, 3158-3163.","https://www.bible.com/versions/175-kjv-phrakhamphiirphaasaaaithychbab-kjv","© 2003 Philip Pope","Translation by: Philip Pope<br>This translation is made available to you under the terms of the Creative Commons Attribution-noncommercial-no derivatives plus license. In addition, you have permission to port the text to different file formats, as long as you don't change any of the text or punctuation of the Bible.<br>You may share, copy, distribute, transmit, and extract portions or quotations from this work, provided that:<br>You include the above copyright information.<br>You do not sell this work for a profit.<br>You do not make any derivative works that change any of the actual words or punctuation of the Scriptures.","whole","The first two digits of the identifier refer to the book, the next three digits to the chapter, and the last three digits to the verse. See Mayer & Cysouw (2014) for a list of book identifiers. Word-separation performed through wordcut https://github.com/veer66/wordcut with manual corrections. Periods are added in places that originally only had spaces."
19971,17517134,"เป็นรางวัลเล็ก ๆ น้อย ๆ เขาให้ ฉันมีโอกาสที่",NA,"เปนรางวัลเลก ๆ นอย ๆ เขาให ฉันมีโอกาสที",NA,NA,NA,NA,NA,NA,NA,120,"tha_nfi_518.txt","Thai","Thai","tha",NA,"2013","written","non-fiction","prepared_speeches","Thai",NA,"OpenSubtitles2018","https://object.pouta.csc.fi/OPUS-OpenSubtitles/v2018/raw/th.zip","http://www.opensubtitles.org/","http://www.opensubtitles.org/ P. Lison and J. Tiedemann, 2016, OpenSubtitles2016: Extracting Large Parallel Corpora from Movie and TV Subtitles. In Proceedings of the 10th International Conference on Language Resources and Evaluation (LREC 2016)","whole",NA
20157,17659428,"พระกฤษณะ",NA,"พระกฤษณะ",NA,NA,NA,NA,NA,NA,NA,120,"tha_nfi_686.txt","Thai","Thai","tha",NA,"2012","written","non-fiction","prepared_speeches","Thai",NA,"OpenSubtitles2018","https://object.pouta.csc.fi/OPUS-OpenSubtitles/v2018/raw/th.zip","http://www.opensubtitles.org/","http://www.opensubtitles.org/ P. Lison and J. Tiedemann, 2016, OpenSubtitles2016: Extracting Large Parallel Corpora from Movie and TV Subtitles. In Proceedings of the 10th International Conference on Language Resources and Evaluation (LREC 2016)","whole",NA
20341,17794827,"อย่าไปฟัง",NA,"อยาไปฟัง",NA,NA,NA,NA,NA,NA,NA,120,"tha_nfi_851.txt","Thai","Thai","tha",NA,"2012","written","non-fiction","prepared_speeches","Thai",NA,"OpenSubtitles2018","https://object.pouta.csc.fi/OPUS-OpenSubtitles/v2018/raw/th.zip","http://www.opensubtitles.org/","http://www.opensubtitles.org/ P. Lison and J. Tiedemann, 2016, OpenSubtitles2016: Extracting Large Parallel Corpora from Movie and TV Subtitles. In Proceedings of the 10th International Conference on Language Resources and Evaluation (LREC 2016)","whole",NA
20011,17547127,"แล้วผู้คนที่อยู่ในเดอะเกลดส์ล่ะ?",NA,"แลวผูคนทีอยูในเดอะเกลดสละ",NA,NA,NA,NA,NA,NA,NA,120,"tha_nfi_554.txt","Thai","Thai","tha",NA,"2013","written","non-fiction","prepared_speeches","Thai",NA,"OpenSubtitles2018","https://object.pouta.csc.fi/OPUS-OpenSubtitles/v2018/raw/th.zip","http://www.opensubtitles.org/","http://www.opensubtitles.org/ P. Lison and J. Tiedemann, 2016, OpenSubtitles2016: Extracting Large Parallel Corpora from Movie and TV Subtitles. In Proceedings of the 10th International Conference on Language Resources and Evaluation (LREC 2016)","whole",NA
19587,17195708,"ปิดประตูซะ โอเค",NA,"ปิดประตูซะ โอเค",NA,NA,NA,NA,NA,NA,NA,120,"tha_nfi_172.txt","Thai","Thai","tha",NA,"2014","written","non-fiction","prepared_speeches","Thai",NA,"OpenSubtitles2018","https://object.pouta.csc.fi/OPUS-OpenSubtitles/v2018/raw/th.zip","http://www.opensubtitles.org/","http://www.opensubtitles.org/ P. Lison and J. Tiedemann, 2016, OpenSubtitles2016: Extracting Large Parallel Corpora from Movie and TV Subtitles. In Proceedings of the 10th International Conference on Language Resources and Evaluation (LREC 2016)","whole",NA
20465,17886537,"นี่เลย",NA,"นีเลย",NA,NA,NA,NA,NA,NA,NA,120,"tha_nfi_963.txt","Thai","Thai","tha",NA,"2012","written","non-fiction","prepared_speeches","Thai",NA,"OpenSubtitles2018","https://object.pouta.csc.fi/OPUS-OpenSubtitles/v2018/raw/th.zip","http://www.opensubtitles.org/","http://www.opensubtitles.org/ P. Lison and J. Tiedemann, 2016, OpenSubtitles2016: Extracting Large Parallel Corpora from Movie and TV Subtitles. In Proceedings of the 10th International Conference on Language Resources and Evaluation (LREC 2016)","whole",NA
19597,17204705,"ความยโสของมนุษย์ คือคิดไปเองว่าความคุบธรรมชาติได้",NA,"ความยโสของมนุษย คือคิดไปเองวาความคุบธรรมชาติได",NA,NA,NA,NA,NA,NA,NA,120,"tha_nfi_181.txt","Thai","Thai","tha",NA,"2014","written","non-fiction","prepared_speeches","Thai",NA,"OpenSubtitles2018","https://object.pouta.csc.fi/OPUS-OpenSubtitles/v2018/raw/th.zip","http://www.opensubtitles.org/","http://www.opensubtitles.org/ P. Lison and J. Tiedemann, 2016, OpenSubtitles2016: Extracting Large Parallel Corpora from Movie and TV Subtitles. In Proceedings of the 10th International Conference on Language Resources and Evaluation (LREC 2016)","whole",NA
19775,17361945,"แน่ล่ะ ฉันชอบ",NA,"แนละ ฉันชอบ",NA,NA,NA,NA,NA,NA,NA,120,"tha_nfi_341.txt","Thai","Thai","tha",NA,NA,"written","non-fiction","prepared_speeches","Thai",NA,"OpenSubtitles2018","https://object.pouta.csc.fi/OPUS-OpenSubtitles/v2018/raw/th.zip","http://www.opensubtitles.org/","http://www.opensubtitles.org/ P. Lison and J. Tiedemann, 2016, OpenSubtitles2016: Extracting Large Parallel Corpora from Movie and TV Subtitles. In Proceedings of the 10th International Conference on Language Resources and Evaluation (LREC 2016)","whole",NA
19623,17228740,"นี่เป็นของที่เจอในกระเป๋าของแครนส์ตัน",NA,"นีเปนของทีเจอในกระเปาของแครนสตัน",NA,NA,NA,NA,NA,NA,NA,120,"tha_nfi_204.txt","Thai","Thai","tha",NA,"2014","written","non-fiction","prepared_speeches","Thai",NA,"OpenSubtitles2018","https://object.pouta.csc.fi/OPUS-OpenSubtitles/v2018/raw/th.zip","http://www.opensubtitles.org/","http://www.opensubtitles.org/ P. Lison and J. Tiedemann, 2016, OpenSubtitles2016: Extracting Large Parallel Corpora from Movie and TV Subtitles. In Proceedings of the 10th International Conference on Language Resources and Evaluation (LREC 2016)","whole",NA
21354,18440943,"- Ara hemen.",NA,"Ara hemen",NA,NA,NA,NA,NA,NA,NA,123,"tur_nfi_1753.txt","Turkish","Turkish","tur",NA,"2016","written","non-fiction","prepared_speeches","Latn",NA,"OpenSubtitles2018","https://object.pouta.csc.fi/OPUS-OpenSubtitles/v2018/raw/tr.zip","http://www.opensubtitles.org/","http://www.opensubtitles.org/ P. Lison and J. Tiedemann, 2016, OpenSubtitles2016: Extracting Large Parallel Corpora from Movie and TV Subtitles. In Proceedings of the 10th International Conference on Language Resources and Evaluation (LREC 2016)","whole",NA
22437,19084329,"Bana ellerini ver oğlum.",NA,"Bana ellerini ver oğlum",NA,NA,NA,NA,NA,NA,NA,123,"tur_nfi_999.txt","Turkish","Turkish","tur",NA,"2017","written","non-fiction","prepared_speeches","Latn",NA,"OpenSubtitles2018","https://object.pouta.csc.fi/OPUS-OpenSubtitles/v2018/raw/tr.zip","http://www.opensubtitles.org/","http://www.opensubtitles.org/ P. Lison and J. Tiedemann, 2016, OpenSubtitles2016: Extracting Large Parallel Corpora from Movie and TV Subtitles. In Proceedings of the 10th International Conference on Language Resources and Evaluation (LREC 2016)","whole",NA
21791,18708094,"Sence onun suçu muydu?",NA,"Sence onun suçu muydu",NA,NA,NA,NA,NA,NA,NA,123,"tur_nfi_416.txt","Turkish","Turkish","tur",NA,"2017","written","non-fiction","prepared_speeches","Latn",NA,"OpenSubtitles2018","https://object.pouta.csc.fi/OPUS-OpenSubtitles/v2018/raw/tr.zip","http://www.opensubtitles.org/","http://www.opensubtitles.org/ P. Lison and J. Tiedemann, 2016, OpenSubtitles2016: Extracting Large Parallel Corpora from Movie and TV Subtitles. In Proceedings of the 10th International Conference on Language Resources and Evaluation (LREC 2016)","whole",NA
20758,18083304,"Kocanızın nerede olduğunu mu söylemeye çalışıyorsunuz?",NA,"Kocanızın nerede olduğunu mu söylemeye çalışıyorsunuz",NA,NA,NA,NA,NA,NA,NA,123,"tur_nfi_1216.txt","Turkish","Turkish","tur",NA,"2017","written","non-fiction","prepared_speeches","Latn",NA,"OpenSubtitles2018","https://object.pouta.csc.fi/OPUS-OpenSubtitles/v2018/raw/tr.zip","http://www.opensubtitles.org/","http://www.opensubtitles.org/ P. Lison and J. Tiedemann, 2016, OpenSubtitles2016: Extracting Large Parallel Corpora from Movie and TV Subtitles. In Proceedings of the 10th International Conference on Language Resources and Evaluation (LREC 2016)","whole",NA
21966,18811867,"Yolu göster.",NA,"Yolu göster",NA,NA,NA,NA,NA,NA,NA,123,"tur_nfi_574.txt","Turkish","Turkish","tur",NA,"2017","written","non-fiction","prepared_speeches","Latn",NA,"OpenSubtitles2018","https://object.pouta.csc.fi/OPUS-OpenSubtitles/v2018/raw/tr.zip","http://www.opensubtitles.org/","http://www.opensubtitles.org/ P. Lison and J. Tiedemann, 2016, OpenSubtitles2016: Extracting Large Parallel Corpora from Movie and TV Subtitles. In Proceedings of the 10th International Conference on Language Resources and Evaluation (LREC 2016)","whole",NA
20999,18221671,"Tamam, ben işe döneyim.",NA,"Tamam ben işe döneyim",NA,NA,NA,NA,NA,NA,NA,123,"tur_nfi_1433.txt","Turkish","Turkish","tur",NA,"2016","written","non-fiction","prepared_speeches","Latn",NA,"OpenSubtitles2018","https://object.pouta.csc.fi/OPUS-OpenSubtitles/v2018/raw/tr.zip","http://www.opensubtitles.org/","http://www.opensubtitles.org/ P. Lison and J. Tiedemann, 2016, OpenSubtitles2016: Extracting Large Parallel Corpora from Movie and TV Subtitles. In Proceedings of the 10th International Conference on Language Resources and Evaluation (LREC 2016)","whole",NA
21840,18733799,"Yapmamız gereken şeyi değiştirmez.",NA,"Yapmamız gereken şeyi değiştirmez",NA,NA,NA,NA,NA,NA,NA,123,"tur_nfi_460.txt","Turkish","Turkish","tur",NA,"2017","written","non-fiction","prepared_speeches","Latn",NA,"OpenSubtitles2018","https://object.pouta.csc.fi/OPUS-OpenSubtitles/v2018/raw/tr.zip","http://www.opensubtitles.org/","http://www.opensubtitles.org/ P. Lison and J. Tiedemann, 2016, OpenSubtitles2016: Extracting Large Parallel Corpora from Movie and TV Subtitles. In Proceedings of the 10th International Conference on Language Resources and Evaluation (LREC 2016)","whole",NA
21310,18411225,"- Evet, neden?",NA,"Evet neden",NA,NA,NA,NA,NA,NA,NA,123,"tur_nfi_1713.txt","Turkish","Turkish","tur",NA,"2016","written","non-fiction","prepared_speeches","Latn",NA,"OpenSubtitles2018","https://object.pouta.csc.fi/OPUS-OpenSubtitles/v2018/raw/tr.zip","http://www.opensubtitles.org/","http://www.opensubtitles.org/ P. Lison and J. Tiedemann, 2016, OpenSubtitles2016: Extracting Large Parallel Corpora from Movie and TV Subtitles. In Proceedings of the 10th International Conference on Language Resources and Evaluation (LREC 2016)","whole",NA
20847,18134794,"Çünkü o kişi ben değilim.",NA,"Çünkü o kişi ben değilim",NA,NA,NA,NA,NA,NA,NA,123,"tur_nfi_1297.txt","Turkish","Turkish","tur",NA,"2016","written","non-fiction","prepared_speeches","Latn",NA,"OpenSubtitles2018","https://object.pouta.csc.fi/OPUS-OpenSubtitles/v2018/raw/tr.zip","http://www.opensubtitles.org/","http://www.opensubtitles.org/ P. Lison and J. Tiedemann, 2016, OpenSubtitles2016: Extracting Large Parallel Corpora from Movie and TV Subtitles. In Proceedings of the 10th International Conference on Language Resources and Evaluation (LREC 2016)","whole",NA
22104,18893441,"Tatlım...",NA,"Tatlım",NA,NA,NA,NA,NA,NA,NA,123,"tur_nfi_699.txt","Turkish","Turkish","tur",NA,"2017","written","non-fiction","prepared_speeches","Latn",NA,"OpenSubtitles2018","https://object.pouta.csc.fi/OPUS-OpenSubtitles/v2018/raw/tr.zip","http://www.opensubtitles.org/","http://www.opensubtitles.org/ P. Lison and J. Tiedemann, 2016, OpenSubtitles2016: Extracting Large Parallel Corpora from Movie and TV Subtitles. In Proceedings of the 10th International Conference on Language Resources and Evaluation (LREC 2016)","whole",NA
22418,19071897,"Kimse polislerden daha zengin değil.",NA,"Kimse polislerden daha zengin değil",NA,NA,NA,NA,NA,NA,NA,123,"tur_nfi_981.txt","Turkish","Turkish","tur",NA,"2017","written","non-fiction","prepared_speeches","Latn",NA,"OpenSubtitles2018","https://object.pouta.csc.fi/OPUS-OpenSubtitles/v2018/raw/tr.zip","http://www.opensubtitles.org/","http://www.opensubtitles.org/ P. Lison and J. Tiedemann, 2016, OpenSubtitles2016: Extracting Large Parallel Corpora from Movie and TV Subtitles. In Proceedings of the 10th International Conference on Language Resources and Evaluation (LREC 2016)","whole",NA
21015,18231256,"Yogayı meditasyonu hatta hipnoterapiyi bile denedim.",NA,"Yogayı meditasyonu hatta hipnoterapiyi bile denedim",NA,NA,NA,NA,NA,NA,NA,123,"tur_nfi_1448.txt","Turkish","Turkish","tur",NA,"2016","written","non-fiction","prepared_speeches","Latn",NA,"OpenSubtitles2018","https://object.pouta.csc.fi/OPUS-OpenSubtitles/v2018/raw/tr.zip","http://www.opensubtitles.org/","http://www.opensubtitles.org/ P. Lison and J. Tiedemann, 2016, OpenSubtitles2016: Extracting Large Parallel Corpora from Movie and TV Subtitles. In Proceedings of the 10th International Conference on Language Resources and Evaluation (LREC 2016)","whole",NA
21836,18732196,"64, 65, 66.",NA,"64 65 66",NA,NA,NA,NA,NA,NA,NA,123,"tur_nfi_457.txt","Turkish","Turkish","tur",NA,"2017","written","non-fiction","prepared_speeches","Latn",NA,"OpenSubtitles2018","https://object.pouta.csc.fi/OPUS-OpenSubtitles/v2018/raw/tr.zip","http://www.opensubtitles.org/","http://www.opensubtitles.org/ P. Lison and J. Tiedemann, 2016, OpenSubtitles2016: Extracting Large Parallel Corpora from Movie and TV Subtitles. In Proceedings of the 10th International Conference on Language Resources and Evaluation (LREC 2016)","whole",NA
20842,18132022,"Hermilda, Tanrı aşkına...",NA,"Hermilda Tanrı aşkına",NA,NA,NA,NA,NA,NA,NA,123,"tur_nfi_1292.txt","Turkish","Turkish","tur",NA,"2016","written","non-fiction","prepared_speeches","Latn",NA,"OpenSubtitles2018","https://object.pouta.csc.fi/OPUS-OpenSubtitles/v2018/raw/tr.zip","http://www.opensubtitles.org/","http://www.opensubtitles.org/ P. Lison and J. Tiedemann, 2016, OpenSubtitles2016: Extracting Large Parallel Corpora from Movie and TV Subtitles. In Proceedings of the 10th International Conference on Language Resources and Evaluation (LREC 2016)","whole",NA
21326,18421964,"Evet, eminim öyleydi.",NA,"Evet eminim öyleydi",NA,NA,NA,NA,NA,NA,NA,123,"tur_nfi_1728.txt","Turkish","Turkish","tur",NA,"2016","written","non-fiction","prepared_speeches","Latn",NA,"OpenSubtitles2018","https://object.pouta.csc.fi/OPUS-OpenSubtitles/v2018/raw/tr.zip","http://www.opensubtitles.org/","http://www.opensubtitles.org/ P. Lison and J. Tiedemann, 2016, OpenSubtitles2016: Extracting Large Parallel Corpora from Movie and TV Subtitles. In Proceedings of the 10th International Conference on Language Resources and Evaluation (LREC 2016)","whole",NA
21071,18262696,"Siz insanlar Lakewood altılısı hakkında her şeyi bildiğinizi sanıyorsunuz.",NA,"Siz insanlar Lakewood altılısı hakkında her şeyi bildiğinizi sanıyorsunuz",NA,NA,NA,NA,NA,NA,NA,123,"tur_nfi_1499.txt","Turkish","Turkish","tur",NA,"2016","written","non-fiction","prepared_speeches","Latn",NA,"OpenSubtitles2018","https://object.pouta.csc.fi/OPUS-OpenSubtitles/v2018/raw/tr.zip","http://www.opensubtitles.org/","http://www.opensubtitles.org/ P. Lison and J. Tiedemann, 2016, OpenSubtitles2016: Extracting Large Parallel Corpora from Movie and TV Subtitles. In Proceedings of the 10th International Conference on Language Resources and Evaluation (LREC 2016)","whole",NA
21341,18430315,"Sahra Çölü'nde bir sürü ölüm oldu.",NA,"Sahra Çölünde bir sürü ölüm oldu",NA,NA,NA,NA,NA,NA,NA,123,"tur_nfi_1741.txt","Turkish","Turkish","tur",NA,"2016","written","non-fiction","prepared_speeches","Latn",NA,"OpenSubtitles2018","https://object.pouta.csc.fi/OPUS-OpenSubtitles/v2018/raw/tr.zip","http://www.opensubtitles.org/","http://www.opensubtitles.org/ P. Lison and J. Tiedemann, 2016, OpenSubtitles2016: Extracting Large Parallel Corpora from Movie and TV Subtitles. In Proceedings of the 10th International Conference on Language Resources and Evaluation (LREC 2016)","whole",NA
21986,18822606,"- Rajeesh.",NA,"Rajeesh",NA,NA,NA,NA,NA,NA,NA,123,"tur_nfi_592.txt","Turkish","Turkish","tur",NA,"2017","written","non-fiction","prepared_speeches","Latn",NA,"OpenSubtitles2018","https://object.pouta.csc.fi/OPUS-OpenSubtitles/v2018/raw/tr.zip","http://www.opensubtitles.org/","http://www.opensubtitles.org/ P. Lison and J. Tiedemann, 2016, OpenSubtitles2016: Extracting Large Parallel Corpora from Movie and TV Subtitles. In Proceedings of the 10th International Conference on Language Resources and Evaluation (LREC 2016)","whole",NA
20516,17918351,"02025009	Konutu ve eşyalarını sana göstereceğim örneğe tıpatıp uygun yapın . ”","02025009","Konutu ve eşyalarını sana göstereceğim örneğe tıpatıp uygun yapın",NA,NA,NA,NA,NA,NA,NA,123,"tur_nfi_1.txt","Turkish","Turkish","tur",NA,"2009","written","non-fiction","religion","Latn",NA,"Text of the Parallel Bible Corpus: Mayer, Thomas & Michael Cysouw. 2014. Creating a Massively Parallel Bible Corpus. Proceedings of the International Conference on Language Resources and Evaluation (LREC), Reykjavik, 3158-3163.","http://www.bible.is/TRKBST/Gen/1<br>https://www.bible.com/de/versions/170/","© 2009 KitabI Mukaddes Şirketi ve Yeni Yaşam YayInlarI","Publisher : Turkish Christian, Source : OLB. This Bible text is brought to you by Bible Society in Turkey. This Bible text is brought to you by Yeni Yasam Yayinlari. If you are interested in obtaining a printed copy, please contact the Bible Society in Turkey at www.kitabimukaddes.com.","whole","The first two digits of the identifier refer to the book, the next three digits to the chapter, and the last three digits to the verse. See Mayer & Cysouw (2014) for a list of book identifiers."
21298,18404749,"Zamana ihtiyacım var.",NA,"Zamana ihtiyacım var",NA,NA,NA,NA,NA,NA,NA,123,"tur_nfi_1702.txt","Turkish","Turkish","tur",NA,"2016","written","non-fiction","prepared_speeches","Latn",NA,"OpenSubtitles2018","https://object.pouta.csc.fi/OPUS-OpenSubtitles/v2018/raw/tr.zip","http://www.opensubtitles.org/","http://www.opensubtitles.org/ P. Lison and J. Tiedemann, 2016, OpenSubtitles2016: Extracting Large Parallel Corpora from Movie and TV Subtitles. In Proceedings of the 10th International Conference on Language Resources and Evaluation (LREC 2016)","whole",NA
20570,17977516,"Aslinda sirtimda bir sorun var.",NA,"Aslinda sirtimda bir sorun var",NA,NA,NA,NA,NA,NA,NA,123,"tur_nfi_1047.txt","Turkish","Turkish","tur",NA,"2017","written","non-fiction","prepared_speeches","Latn",NA,"OpenSubtitles2018","https://object.pouta.csc.fi/OPUS-OpenSubtitles/v2018/raw/tr.zip","http://www.opensubtitles.org/","http://www.opensubtitles.org/ P. Lison and J. Tiedemann, 2016, OpenSubtitles2016: Extracting Large Parallel Corpora from Movie and TV Subtitles. In Proceedings of the 10th International Conference on Language Resources and Evaluation (LREC 2016)","whole",NA
21290,18400501,"Misty.",NA,"Misty",NA,NA,NA,NA,NA,NA,NA,123,"tur_nfi_1696.txt","Turkish","Turkish","tur",NA,"2016","written","non-fiction","prepared_speeches","Latn",NA,"OpenSubtitles2018","https://object.pouta.csc.fi/OPUS-OpenSubtitles/v2018/raw/tr.zip","http://www.opensubtitles.org/","http://www.opensubtitles.org/ P. Lison and J. Tiedemann, 2016, OpenSubtitles2016: Extracting Large Parallel Corpora from Movie and TV Subtitles. In Proceedings of the 10th International Conference on Language Resources and Evaluation (LREC 2016)","whole",NA
20743,18075345,"- Neden?",NA,"Neden",NA,NA,NA,NA,NA,NA,NA,123,"tur_nfi_1202.txt","Turkish","Turkish","tur",NA,"2017","written","non-fiction","prepared_speeches","Latn",NA,"OpenSubtitles2018","https://object.pouta.csc.fi/OPUS-OpenSubtitles/v2018/raw/tr.zip","http://www.opensubtitles.org/","http://www.opensubtitles.org/ P. Lison and J. Tiedemann, 2016, OpenSubtitles2016: Extracting Large Parallel Corpora from Movie and TV Subtitles. In Proceedings of the 10th International Conference on Language Resources and Evaluation (LREC 2016)","whole",NA
21823,18723239,"Bu kadar.",NA,"Bu kadar",NA,NA,NA,NA,NA,NA,NA,123,"tur_nfi_445.txt","Turkish","Turkish","tur",NA,"2017","written","non-fiction","prepared_speeches","Latn",NA,"OpenSubtitles2018","https://object.pouta.csc.fi/OPUS-OpenSubtitles/v2018/raw/tr.zip","http://www.opensubtitles.org/","http://www.opensubtitles.org/ P. Lison and J. Tiedemann, 2016, OpenSubtitles2016: Extracting Large Parallel Corpora from Movie and TV Subtitles. In Proceedings of the 10th International Conference on Language Resources and Evaluation (LREC 2016)","whole",NA
20987,18215022,"Kıştepesi'nden giderim, Nehir Toprakları'na dönerim.",NA,"Kıştepesinden giderim Nehir Topraklarına dönerim",NA,NA,NA,NA,NA,NA,NA,123,"tur_nfi_1422.txt","Turkish","Turkish","tur",NA,"2016","written","non-fiction","prepared_speeches","Latn",NA,"OpenSubtitles2018","https://object.pouta.csc.fi/OPUS-OpenSubtitles/v2018/raw/tr.zip","http://www.opensubtitles.org/","http://www.opensubtitles.org/ P. Lison and J. Tiedemann, 2016, OpenSubtitles2016: Extracting Large Parallel Corpora from Movie and TV Subtitles. In Proceedings of the 10th International Conference on Language Resources and Evaluation (LREC 2016)","whole",NA
20618,18005610,"Görüşme ayarla, yüz yüze.",NA,"Görüşme ayarla yüz yüze",NA,NA,NA,NA,NA,NA,NA,123,"tur_nfi_1090.txt","Turkish","Turkish","tur",NA,"2017","written","non-fiction","prepared_speeches","Latn",NA,"OpenSubtitles2018","https://object.pouta.csc.fi/OPUS-OpenSubtitles/v2018/raw/tr.zip","http://www.opensubtitles.org/","http://www.opensubtitles.org/ P. Lison and J. Tiedemann, 2016, OpenSubtitles2016: Extracting Large Parallel Corpora from Movie and TV Subtitles. In Proceedings of the 10th International Conference on Language Resources and Evaluation (LREC 2016)","whole",NA
21957,18803987,"Belle, bunu yapmana müsaade edemem.",NA,"Belle bunu yapmana müsaade edemem",NA,NA,NA,NA,NA,NA,NA,123,"tur_nfi_566.txt","Turkish","Turkish","tur",NA,"2017","written","non-fiction","prepared_speeches","Latn",NA,"OpenSubtitles2018","https://object.pouta.csc.fi/OPUS-OpenSubtitles/v2018/raw/tr.zip","http://www.opensubtitles.org/","http://www.opensubtitles.org/ P. Lison and J. Tiedemann, 2016, OpenSubtitles2016: Extracting Large Parallel Corpora from Movie and TV Subtitles. In Proceedings of the 10th International Conference on Language Resources and Evaluation (LREC 2016)","whole",NA
22307,19015211,"Konuş.",NA,"Konuş",NA,NA,NA,NA,NA,NA,NA,123,"tur_nfi_881.txt","Turkish","Turkish","tur",NA,"2017","written","non-fiction","prepared_speeches","Latn",NA,"OpenSubtitles2018","https://object.pouta.csc.fi/OPUS-OpenSubtitles/v2018/raw/tr.zip","http://www.opensubtitles.org/","http://www.opensubtitles.org/ P. Lison and J. Tiedemann, 2016, OpenSubtitles2016: Extracting Large Parallel Corpora from Movie and TV Subtitles. In Proceedings of the 10th International Conference on Language Resources and Evaluation (LREC 2016)","whole",NA
21792,18708545,"Senin şu küçük yuvan ne kadar uzak dostum?",NA,"Senin şu küçük yuvan ne kadar uzak dostum",NA,NA,NA,NA,NA,NA,NA,123,"tur_nfi_417.txt","Turkish","Turkish","tur",NA,"2017","written","non-fiction","prepared_speeches","Latn",NA,"OpenSubtitles2018","https://object.pouta.csc.fi/OPUS-OpenSubtitles/v2018/raw/tr.zip","http://www.opensubtitles.org/","http://www.opensubtitles.org/ P. Lison and J. Tiedemann, 2016, OpenSubtitles2016: Extracting Large Parallel Corpora from Movie and TV Subtitles. In Proceedings of the 10th International Conference on Language Resources and Evaluation (LREC 2016)","whole",NA
22432,19079439,"Billy..",NA,"Billy",NA,NA,NA,NA,NA,NA,NA,123,"tur_nfi_994.txt","Turkish","Turkish","tur",NA,"2017","written","non-fiction","prepared_speeches","Latn",NA,"OpenSubtitles2018","https://object.pouta.csc.fi/OPUS-OpenSubtitles/v2018/raw/tr.zip","http://www.opensubtitles.org/","http://www.opensubtitles.org/ P. Lison and J. Tiedemann, 2016, OpenSubtitles2016: Extracting Large Parallel Corpora from Movie and TV Subtitles. In Proceedings of the 10th International Conference on Language Resources and Evaluation (LREC 2016)","whole",NA
21858,18743892,"Kampanya fonu karşılığında mevzuat verdiği açıklanmak üzere.",NA,"Kampanya fonu karşılığında mevzuat verdiği açıklanmak üzere",NA,NA,NA,NA,NA,NA,NA,123,"tur_nfi_477.txt","Turkish","Turkish","tur",NA,"2017","written","non-fiction","prepared_speeches","Latn",NA,"OpenSubtitles2018","https://object.pouta.csc.fi/OPUS-OpenSubtitles/v2018/raw/tr.zip","http://www.opensubtitles.org/","http://www.opensubtitles.org/ P. Lison and J. Tiedemann, 2016, OpenSubtitles2016: Extracting Large Parallel Corpora from Movie and TV Subtitles. In Proceedings of the 10th International Conference on Language Resources and Evaluation (LREC 2016)","whole",NA
21996,18830194,"Sana doğum odası hazırlayacağız.",NA,"Sana doğum odası hazırlayacağız",NA,NA,NA,NA,NA,NA,NA,123,"tur_nfi_600.txt","Turkish","Turkish","tur",NA,"2017","written","non-fiction","prepared_speeches","Latn",NA,"OpenSubtitles2018","https://object.pouta.csc.fi/OPUS-OpenSubtitles/v2018/raw/tr.zip","http://www.opensubtitles.org/","http://www.opensubtitles.org/ P. Lison and J. Tiedemann, 2016, OpenSubtitles2016: Extracting Large Parallel Corpora from Movie and TV Subtitles. In Proceedings of the 10th International Conference on Language Resources and Evaluation (LREC 2016)","whole",NA
21651,18621832,"Kart falan oynayabiliriz.",NA,"Kart falan oynayabiliriz",NA,NA,NA,NA,NA,NA,NA,123,"tur_nfi_290.txt","Turkish","Turkish","tur",NA,"2017","written","non-fiction","prepared_speeches","Latn",NA,"OpenSubtitles2018","https://object.pouta.csc.fi/OPUS-OpenSubtitles/v2018/raw/tr.zip","http://www.opensubtitles.org/","http://www.opensubtitles.org/ P. Lison and J. Tiedemann, 2016, OpenSubtitles2016: Extracting Large Parallel Corpora from Movie and TV Subtitles. In Proceedings of the 10th International Conference on Language Resources and Evaluation (LREC 2016)","whole",NA
22100,18890516,"Kutlamalar biter bitmez, sen ve Aethelred birlikte Lunden'e seyahat edeceksiniz.",NA,"Kutlamalar biter bitmez sen ve Aethelred birlikte Lundene seyahat edeceksiniz",NA,NA,NA,NA,NA,NA,NA,123,"tur_nfi_695.txt","Turkish","Turkish","tur",NA,"2017","written","non-fiction","prepared_speeches","Latn",NA,"OpenSubtitles2018","https://object.pouta.csc.fi/OPUS-OpenSubtitles/v2018/raw/tr.zip","http://www.opensubtitles.org/","http://www.opensubtitles.org/ P. Lison and J. Tiedemann, 2016, OpenSubtitles2016: Extracting Large Parallel Corpora from Movie and TV Subtitles. In Proceedings of the 10th International Conference on Language Resources and Evaluation (LREC 2016)","whole",NA
21354,18441101,"- Az kaldı baba.",NA,"Az kaldı baba",NA,NA,NA,NA,NA,NA,NA,123,"tur_nfi_1753.txt","Turkish","Turkish","tur",NA,"2016","written","non-fiction","prepared_speeches","Latn",NA,"OpenSubtitles2018","https://object.pouta.csc.fi/OPUS-OpenSubtitles/v2018/raw/tr.zip","http://www.opensubtitles.org/","http://www.opensubtitles.org/ P. Lison and J. Tiedemann, 2016, OpenSubtitles2016: Extracting Large Parallel Corpora from Movie and TV Subtitles. In Proceedings of the 10th International Conference on Language Resources and Evaluation (LREC 2016)","whole",NA
21173,18326914,"- ...bulacağımızın garantisini veremem.",NA,"bulacağımızın garantisini veremem",NA,NA,NA,NA,NA,NA,NA,123,"tur_nfi_1590.txt","Turkish","Turkish","tur",NA,"2016","written","non-fiction","prepared_speeches","Latn",NA,"OpenSubtitles2018","https://object.pouta.csc.fi/OPUS-OpenSubtitles/v2018/raw/tr.zip","http://www.opensubtitles.org/","http://www.opensubtitles.org/ P. Lison and J. Tiedemann, 2016, OpenSubtitles2016: Extracting Large Parallel Corpora from Movie and TV Subtitles. In Proceedings of the 10th International Conference on Language Resources and Evaluation (LREC 2016)","whole",NA
21477,18516427,"Bırak onu gitsin göt veren herif, bırak gitsin.",NA,"Bırak onu gitsin göt veren herif bırak gitsin",NA,NA,NA,NA,NA,NA,NA,123,"tur_nfi_1864.txt","Turkish","Turkish","tur",NA,"2016","written","non-fiction","prepared_speeches","Latn",NA,"OpenSubtitles2018","https://object.pouta.csc.fi/OPUS-OpenSubtitles/v2018/raw/tr.zip","http://www.opensubtitles.org/","http://www.opensubtitles.org/ P. Lison and J. Tiedemann, 2016, OpenSubtitles2016: Extracting Large Parallel Corpora from Movie and TV Subtitles. In Proceedings of the 10th International Conference on Language Resources and Evaluation (LREC 2016)","whole",NA
21145,18309113,"CIA ve komünistlere karşı savaşlar.",NA,"CIA ve komünistlere karşı savaşlar",NA,NA,NA,NA,NA,NA,NA,123,"tur_nfi_1565.txt","Turkish","Turkish","tur",NA,"2016","written","non-fiction","prepared_speeches","Latn",NA,"OpenSubtitles2018","https://object.pouta.csc.fi/OPUS-OpenSubtitles/v2018/raw/tr.zip","http://www.opensubtitles.org/","http://www.opensubtitles.org/ P. Lison and J. Tiedemann, 2016, OpenSubtitles2016: Extracting Large Parallel Corpora from Movie and TV Subtitles. In Proceedings of the 10th International Conference on Language Resources and Evaluation (LREC 2016)","whole",NA
21462,18506276,"Bunu saklayacağım.",NA,"Bunu saklayacağım",NA,NA,NA,NA,NA,NA,NA,123,"tur_nfi_1850.txt","Turkish","Turkish","tur",NA,"2016","written","non-fiction","prepared_speeches","Latn",NA,"OpenSubtitles2018","https://object.pouta.csc.fi/OPUS-OpenSubtitles/v2018/raw/tr.zip","http://www.opensubtitles.org/","http://www.opensubtitles.org/ P. Lison and J. Tiedemann, 2016, OpenSubtitles2016: Extracting Large Parallel Corpora from Movie and TV Subtitles. In Proceedings of the 10th International Conference on Language Resources and Evaluation (LREC 2016)","whole",NA
22230,18974938,"Bu aşırı çirkin binada öğrendiklerinden bir şeyler hatırlıyor musun, bunca zamandır?",NA,"Bu aşırı çirkin binada öğrendiklerinden bir şeyler hatırlıyor musun bunca zamandır",NA,NA,NA,NA,NA,NA,NA,123,"tur_nfi_811.txt","Turkish","Turkish","tur",NA,"2017","written","non-fiction","prepared_speeches","Latn",NA,"OpenSubtitles2018","https://object.pouta.csc.fi/OPUS-OpenSubtitles/v2018/raw/tr.zip","http://www.opensubtitles.org/","http://www.opensubtitles.org/ P. Lison and J. Tiedemann, 2016, OpenSubtitles2016: Extracting Large Parallel Corpora from Movie and TV Subtitles. In Proceedings of the 10th International Conference on Language Resources and Evaluation (LREC 2016)","whole",NA
21653,18622469,"Louise lig şampiyonluğundan çekiliyor mu?",NA,"Louise lig şampiyonluğundan çekiliyor mu",NA,NA,NA,NA,NA,NA,NA,123,"tur_nfi_292.txt","Turkish","Turkish","tur",NA,"2017","written","non-fiction","prepared_speeches","Latn",NA,"OpenSubtitles2018","https://object.pouta.csc.fi/OPUS-OpenSubtitles/v2018/raw/tr.zip","http://www.opensubtitles.org/","http://www.opensubtitles.org/ P. Lison and J. Tiedemann, 2016, OpenSubtitles2016: Extracting Large Parallel Corpora from Movie and TV Subtitles. In Proceedings of the 10th International Conference on Language Resources and Evaluation (LREC 2016)","whole",NA
21128,18295846,"Duydum.",NA,"Duydum",NA,NA,NA,NA,NA,NA,NA,123,"tur_nfi_155.txt","Turkish","Turkish","tur",NA,"2017","written","non-fiction","prepared_speeches","Latn",NA,"OpenSubtitles2018","https://object.pouta.csc.fi/OPUS-OpenSubtitles/v2018/raw/tr.zip","http://www.opensubtitles.org/","http://www.opensubtitles.org/ P. Lison and J. Tiedemann, 2016, OpenSubtitles2016: Extracting Large Parallel Corpora from Movie and TV Subtitles. In Proceedings of the 10th International Conference on Language Resources and Evaluation (LREC 2016)","whole",NA
21244,18369112,"Ama ders seçimini 15 Temmuz saat 02:00'de gönderdim.",NA,"Ama ders seçimini 15 Temmuz saat 0200de gönderdim",NA,NA,NA,NA,NA,NA,NA,123,"tur_nfi_1654.txt","Turkish","Turkish","tur",NA,"2016","written","non-fiction","prepared_speeches","Latn",NA,"OpenSubtitles2018","https://object.pouta.csc.fi/OPUS-OpenSubtitles/v2018/raw/tr.zip","http://www.opensubtitles.org/","http://www.opensubtitles.org/ P. Lison and J. Tiedemann, 2016, OpenSubtitles2016: Extracting Large Parallel Corpora from Movie and TV Subtitles. In Proceedings of the 10th International Conference on Language Resources and Evaluation (LREC 2016)","whole",NA
20537,17959849,"Daha önce de onun salonunda bulundum.",NA,"Daha önce de onun salonunda bulundum",NA,NA,NA,NA,NA,NA,NA,123,"tur_nfi_1017.txt","Turkish","Turkish","tur",NA,"2017","written","non-fiction","prepared_speeches","Latn",NA,"OpenSubtitles2018","https://object.pouta.csc.fi/OPUS-OpenSubtitles/v2018/raw/tr.zip","http://www.opensubtitles.org/","http://www.opensubtitles.org/ P. Lison and J. Tiedemann, 2016, OpenSubtitles2016: Extracting Large Parallel Corpora from Movie and TV Subtitles. In Proceedings of the 10th International Conference on Language Resources and Evaluation (LREC 2016)","whole",NA
21952,18801367,"Evet, Ehr...",NA,"Evet Ehr",NA,NA,NA,NA,NA,NA,NA,123,"tur_nfi_561.txt","Turkish","Turkish","tur",NA,"2017","written","non-fiction","prepared_speeches","Latn",NA,"OpenSubtitles2018","https://object.pouta.csc.fi/OPUS-OpenSubtitles/v2018/raw/tr.zip","http://www.opensubtitles.org/","http://www.opensubtitles.org/ P. Lison and J. Tiedemann, 2016, OpenSubtitles2016: Extracting Large Parallel Corpora from Movie and TV Subtitles. In Proceedings of the 10th International Conference on Language Resources and Evaluation (LREC 2016)","whole",NA
21712,18656254,"Beni dinle.",NA,"Beni dinle",NA,NA,NA,NA,NA,NA,NA,123,"tur_nfi_345.txt","Turkish","Turkish","tur",NA,"2017","written","non-fiction","prepared_speeches","Latn",NA,"OpenSubtitles2018","https://object.pouta.csc.fi/OPUS-OpenSubtitles/v2018/raw/tr.zip","http://www.opensubtitles.org/","http://www.opensubtitles.org/ P. Lison and J. Tiedemann, 2016, OpenSubtitles2016: Extracting Large Parallel Corpora from Movie and TV Subtitles. In Proceedings of the 10th International Conference on Language Resources and Evaluation (LREC 2016)","whole",NA
21800,18711723,"Maliyeti karşılama zamanı.",NA,"Maliyeti karşılama zamanı",NA,NA,NA,NA,NA,NA,NA,123,"tur_nfi_424.txt","Turkish","Turkish","tur",NA,"2017","written","non-fiction","prepared_speeches","Latn",NA,"OpenSubtitles2018","https://object.pouta.csc.fi/OPUS-OpenSubtitles/v2018/raw/tr.zip","http://www.opensubtitles.org/","http://www.opensubtitles.org/ P. Lison and J. Tiedemann, 2016, OpenSubtitles2016: Extracting Large Parallel Corpora from Movie and TV Subtitles. In Proceedings of the 10th International Conference on Language Resources and Evaluation (LREC 2016)","whole",NA
21245,18369493,"Bundan daha değerli.",NA,"Bundan daha değerli",NA,NA,NA,NA,NA,NA,NA,123,"tur_nfi_1655.txt","Turkish","Turkish","tur",NA,"2016","written","non-fiction","prepared_speeches","Latn",NA,"OpenSubtitles2018","https://object.pouta.csc.fi/OPUS-OpenSubtitles/v2018/raw/tr.zip","http://www.opensubtitles.org/","http://www.opensubtitles.org/ P. Lison and J. Tiedemann, 2016, OpenSubtitles2016: Extracting Large Parallel Corpora from Movie and TV Subtitles. In Proceedings of the 10th International Conference on Language Resources and Evaluation (LREC 2016)","whole",NA
21461,18505858,"Gerçekten mi?",NA,"Gerçekten mi",NA,NA,NA,NA,NA,NA,NA,123,"tur_nfi_185.txt","Turkish","Turkish","tur",NA,"2017","written","non-fiction","prepared_speeches","Latn",NA,"OpenSubtitles2018","https://object.pouta.csc.fi/OPUS-OpenSubtitles/v2018/raw/tr.zip","http://www.opensubtitles.org/","http://www.opensubtitles.org/ P. Lison and J. Tiedemann, 2016, OpenSubtitles2016: Extracting Large Parallel Corpora from Movie and TV Subtitles. In Proceedings of the 10th International Conference on Language Resources and Evaluation (LREC 2016)","whole",NA
20753,18080073,"-Hey!",NA,"Hey",NA,NA,NA,NA,NA,NA,NA,123,"tur_nfi_1211.txt","Turkish","Turkish","tur",NA,"2017","written","non-fiction","prepared_speeches","Latn",NA,"OpenSubtitles2018","https://object.pouta.csc.fi/OPUS-OpenSubtitles/v2018/raw/tr.zip","http://www.opensubtitles.org/","http://www.opensubtitles.org/ P. Lison and J. Tiedemann, 2016, OpenSubtitles2016: Extracting Large Parallel Corpora from Movie and TV Subtitles. In Proceedings of the 10th International Conference on Language Resources and Evaluation (LREC 2016)","whole",NA
22117,18903055,"Soruya cevap verin.",NA,"Soruya cevap verin",NA,NA,NA,NA,NA,NA,NA,123,"tur_nfi_71.txt","Turkish","Turkish","tur",NA,"2017","written","non-fiction","prepared_speeches","Latn",NA,"OpenSubtitles2018","https://object.pouta.csc.fi/OPUS-OpenSubtitles/v2018/raw/tr.zip","http://www.opensubtitles.org/","http://www.opensubtitles.org/ P. Lison and J. Tiedemann, 2016, OpenSubtitles2016: Extracting Large Parallel Corpora from Movie and TV Subtitles. In Proceedings of the 10th International Conference on Language Resources and Evaluation (LREC 2016)","whole",NA
21172,18326610,"İğne korkusu varmış.",NA,"İğne korkusu varmış",NA,NA,NA,NA,NA,NA,NA,123,"tur_nfi_159.txt","Turkish","Turkish","tur",NA,"2017","written","non-fiction","prepared_speeches","Latn",NA,"OpenSubtitles2018","https://object.pouta.csc.fi/OPUS-OpenSubtitles/v2018/raw/tr.zip","http://www.opensubtitles.org/","http://www.opensubtitles.org/ P. Lison and J. Tiedemann, 2016, OpenSubtitles2016: Extracting Large Parallel Corpora from Movie and TV Subtitles. In Proceedings of the 10th International Conference on Language Resources and Evaluation (LREC 2016)","whole",NA
22068,18869811,"Benimkinden de!",NA,"Benimkinden de",NA,NA,NA,NA,NA,NA,NA,123,"tur_nfi_666.txt","Turkish","Turkish","tur",NA,"2017","written","non-fiction","prepared_speeches","Latn",NA,"OpenSubtitles2018","https://object.pouta.csc.fi/OPUS-OpenSubtitles/v2018/raw/tr.zip","http://www.opensubtitles.org/","http://www.opensubtitles.org/ P. Lison and J. Tiedemann, 2016, OpenSubtitles2016: Extracting Large Parallel Corpora from Movie and TV Subtitles. In Proceedings of the 10th International Conference on Language Resources and Evaluation (LREC 2016)","whole",NA
22352,19037972,"Niye ki?",NA,"Niye ki",NA,NA,NA,NA,NA,NA,NA,123,"tur_nfi_921.txt","Turkish","Turkish","tur",NA,"2017","written","non-fiction","prepared_speeches","Latn",NA,"OpenSubtitles2018","https://object.pouta.csc.fi/OPUS-OpenSubtitles/v2018/raw/tr.zip","http://www.opensubtitles.org/","http://www.opensubtitles.org/ P. Lison and J. Tiedemann, 2016, OpenSubtitles2016: Extracting Large Parallel Corpora from Movie and TV Subtitles. In Proceedings of the 10th International Conference on Language Resources and Evaluation (LREC 2016)","whole",NA
22174,18937475,"- Hey!",NA,"Hey",NA,NA,NA,NA,NA,NA,NA,123,"tur_nfi_761.txt","Turkish","Turkish","tur",NA,"2017","written","non-fiction","prepared_speeches","Latn",NA,"OpenSubtitles2018","https://object.pouta.csc.fi/OPUS-OpenSubtitles/v2018/raw/tr.zip","http://www.opensubtitles.org/","http://www.opensubtitles.org/ P. Lison and J. Tiedemann, 2016, OpenSubtitles2016: Extracting Large Parallel Corpora from Movie and TV Subtitles. In Proceedings of the 10th International Conference on Language Resources and Evaluation (LREC 2016)","whole",NA
21347,18434828,"Gözümüz üzerinde.",NA,"Gözümüz üzerinde",NA,NA,NA,NA,NA,NA,NA,123,"tur_nfi_1747.txt","Turkish","Turkish","tur",NA,"2016","written","non-fiction","prepared_speeches","Latn",NA,"OpenSubtitles2018","https://object.pouta.csc.fi/OPUS-OpenSubtitles/v2018/raw/tr.zip","http://www.opensubtitles.org/","http://www.opensubtitles.org/ P. Lison and J. Tiedemann, 2016, OpenSubtitles2016: Extracting Large Parallel Corpora from Movie and TV Subtitles. In Proceedings of the 10th International Conference on Language Resources and Evaluation (LREC 2016)","whole",NA
20729,18066568,"Ne zaman hissedeceğim?",NA,"Ne zaman hissedeceğim",NA,NA,NA,NA,NA,NA,NA,123,"tur_nfi_1190.txt","Turkish","Turkish","tur",NA,"2017","written","non-fiction","prepared_speeches","Latn",NA,"OpenSubtitles2018","https://object.pouta.csc.fi/OPUS-OpenSubtitles/v2018/raw/tr.zip","http://www.opensubtitles.org/","http://www.opensubtitles.org/ P. Lison and J. Tiedemann, 2016, OpenSubtitles2016: Extracting Large Parallel Corpora from Movie and TV Subtitles. In Proceedings of the 10th International Conference on Language Resources and Evaluation (LREC 2016)","whole",NA
21153,18314428,"Ama yapmadın.",NA,"Ama yapmadın",NA,NA,NA,NA,NA,NA,NA,123,"tur_nfi_1572.txt","Turkish","Turkish","tur",NA,"2016","written","non-fiction","prepared_speeches","Latn",NA,"OpenSubtitles2018","https://object.pouta.csc.fi/OPUS-OpenSubtitles/v2018/raw/tr.zip","http://www.opensubtitles.org/","http://www.opensubtitles.org/ P. Lison and J. Tiedemann, 2016, OpenSubtitles2016: Extracting Large Parallel Corpora from Movie and TV Subtitles. In Proceedings of the 10th International Conference on Language Resources and Evaluation (LREC 2016)","whole",NA
22023,18845565,"İçeri buyur?",NA,"İçeri buyur",NA,NA,NA,NA,NA,NA,NA,123,"tur_nfi_625.txt","Turkish","Turkish","tur",NA,"2017","written","non-fiction","prepared_speeches","Latn",NA,"OpenSubtitles2018","https://object.pouta.csc.fi/OPUS-OpenSubtitles/v2018/raw/tr.zip","http://www.opensubtitles.org/","http://www.opensubtitles.org/ P. Lison and J. Tiedemann, 2016, OpenSubtitles2016: Extracting Large Parallel Corpora from Movie and TV Subtitles. In Proceedings of the 10th International Conference on Language Resources and Evaluation (LREC 2016)","whole",NA
20710,18056784,"Sarı bir çantada.",NA,"Sarı bir çantada",NA,NA,NA,NA,NA,NA,NA,123,"tur_nfi_1173.txt","Turkish","Turkish","tur",NA,"2017","written","non-fiction","prepared_speeches","Latn",NA,"OpenSubtitles2018","https://object.pouta.csc.fi/OPUS-OpenSubtitles/v2018/raw/tr.zip","http://www.opensubtitles.org/","http://www.opensubtitles.org/ P. Lison and J. Tiedemann, 2016, OpenSubtitles2016: Extracting Large Parallel Corpora from Movie and TV Subtitles. In Proceedings of the 10th International Conference on Language Resources and Evaluation (LREC 2016)","whole",NA
22393,19058079,"Şu an ne yapmak seni mutlu ederdi?",NA,"Şu an ne yapmak seni mutlu ederdi",NA,NA,NA,NA,NA,NA,NA,123,"tur_nfi_959.txt","Turkish","Turkish","tur",NA,"2017","written","non-fiction","prepared_speeches","Latn",NA,"OpenSubtitles2018","https://object.pouta.csc.fi/OPUS-OpenSubtitles/v2018/raw/tr.zip","http://www.opensubtitles.org/","http://www.opensubtitles.org/ P. Lison and J. Tiedemann, 2016, OpenSubtitles2016: Extracting Large Parallel Corpora from Movie and TV Subtitles. In Proceedings of the 10th International Conference on Language Resources and Evaluation (LREC 2016)","whole",NA
20617,18005249,"Sen bile arkadaş olmak istemiyorsan şeytanın hası olmalı.",NA,"Sen bile arkadaş olmak istemiyorsan şeytanın hası olmalı",NA,NA,NA,NA,NA,NA,NA,123,"tur_nfi_109.txt","Turkish","Turkish","tur",NA,"2017","written","non-fiction","prepared_speeches","Latn",NA,"OpenSubtitles2018","https://object.pouta.csc.fi/OPUS-OpenSubtitles/v2018/raw/tr.zip","http://www.opensubtitles.org/","http://www.opensubtitles.org/ P. Lison and J. Tiedemann, 2016, OpenSubtitles2016: Extracting Large Parallel Corpora from Movie and TV Subtitles. In Proceedings of the 10th International Conference on Language Resources and Evaluation (LREC 2016)","whole",NA
22311,19017335,"Majesteleri, bu da mı sizin küçük oyunlarınızdan biri?",NA,"Majesteleri bu da mı sizin küçük oyunlarınızdan biri",NA,NA,NA,NA,NA,NA,NA,123,"tur_nfi_885.txt","Turkish","Turkish","tur",NA,"2017","written","non-fiction","prepared_speeches","Latn",NA,"OpenSubtitles2018","https://object.pouta.csc.fi/OPUS-OpenSubtitles/v2018/raw/tr.zip","http://www.opensubtitles.org/","http://www.opensubtitles.org/ P. Lison and J. Tiedemann, 2016, OpenSubtitles2016: Extracting Large Parallel Corpora from Movie and TV Subtitles. In Proceedings of the 10th International Conference on Language Resources and Evaluation (LREC 2016)","whole",NA
22731,19350772,"Để tôi xem vết thương.",NA,"Để tôi xem vết thương",NA,NA,NA,NA,NA,NA,NA,125,"vie_nfi_362.txt","Vietnamese","Vietnamese","vie",NA,"2015","written","non-fiction","prepared_speeches","Latn",NA,"OpenSubtitles2018","https://object.pouta.csc.fi/OPUS-OpenSubtitles/v2018/raw/vi.zip","http://www.opensubtitles.org/","http://www.opensubtitles.org/ P. Lison and J. Tiedemann, 2016, OpenSubtitles2016: Extracting Large Parallel Corpora from Movie and TV Subtitles. In Proceedings of the 10th International Conference on Language Resources and Evaluation (LREC 2016)","whole",NA
23233,19753067,"Có nhớ bộ phim tài liệu chúng ta đã làm trước đây không?",NA,"Có nhớ bộ phim tài liệu chúng ta đã làm trước đây không",NA,NA,NA,NA,NA,NA,NA,125,"vie_nfi_814.txt","Vietnamese","Vietnamese","vie",NA,"2015","written","non-fiction","prepared_speeches","Latn",NA,"OpenSubtitles2018","https://object.pouta.csc.fi/OPUS-OpenSubtitles/v2018/raw/vi.zip","http://www.opensubtitles.org/","http://www.opensubtitles.org/ P. Lison and J. Tiedemann, 2016, OpenSubtitles2016: Extracting Large Parallel Corpora from Movie and TV Subtitles. In Proceedings of the 10th International Conference on Language Resources and Evaluation (LREC 2016)","whole",NA
23052,19597115,"Ronald.",NA,"Ronald",NA,NA,NA,NA,NA,NA,NA,125,"vie_nfi_651.txt","Vietnamese","Vietnamese","vie",NA,"2014","written","non-fiction","prepared_speeches","Latn",NA,"OpenSubtitles2018","https://object.pouta.csc.fi/OPUS-OpenSubtitles/v2018/raw/vi.zip","http://www.opensubtitles.org/","http://www.opensubtitles.org/ P. Lison and J. Tiedemann, 2016, OpenSubtitles2016: Extracting Large Parallel Corpora from Movie and TV Subtitles. In Proceedings of the 10th International Conference on Language Resources and Evaluation (LREC 2016)","whole",NA
23263,19778733,"Anh ta là anh trai em.",NA,"Anh ta là anh trai em",NA,NA,NA,NA,NA,NA,NA,125,"vie_nfi_841.txt","Vietnamese","Vietnamese","vie",NA,"2014","written","non-fiction","prepared_speeches","Latn",NA,"OpenSubtitles2018","https://object.pouta.csc.fi/OPUS-OpenSubtitles/v2018/raw/vi.zip","http://www.opensubtitles.org/","http://www.opensubtitles.org/ P. Lison and J. Tiedemann, 2016, OpenSubtitles2016: Extracting Large Parallel Corpora from Movie and TV Subtitles. In Proceedings of the 10th International Conference on Language Resources and Evaluation (LREC 2016)","whole",NA
23108,19646937,"Thôi mà anh.",NA,"Thôi mà anh",NA,NA,NA,NA,NA,NA,NA,125,"vie_nfi_701.txt","Vietnamese","Vietnamese","vie",NA,"2014","written","non-fiction","prepared_speeches","Latn",NA,"OpenSubtitles2018","https://object.pouta.csc.fi/OPUS-OpenSubtitles/v2018/raw/vi.zip","http://www.opensubtitles.org/","http://www.opensubtitles.org/ P. Lison and J. Tiedemann, 2016, OpenSubtitles2016: Extracting Large Parallel Corpora from Movie and TV Subtitles. In Proceedings of the 10th International Conference on Language Resources and Evaluation (LREC 2016)","whole",NA
23104,19642728,"Anh nghĩ anh có thể thuyết phục Raven thay đổi?",NA,"Anh nghĩ anh có thể thuyết phục Raven thay đổi",NA,NA,NA,NA,NA,NA,NA,125,"vie_nfi_699.txt","Vietnamese","Vietnamese","vie",NA,"2014","written","non-fiction","prepared_speeches","Latn",NA,"OpenSubtitles2018","https://object.pouta.csc.fi/OPUS-OpenSubtitles/v2018/raw/vi.zip","http://www.opensubtitles.org/","http://www.opensubtitles.org/ P. Lison and J. Tiedemann, 2016, OpenSubtitles2016: Extracting Large Parallel Corpora from Movie and TV Subtitles. In Proceedings of the 10th International Conference on Language Resources and Evaluation (LREC 2016)","whole",NA
23263,19779920,"Xin lỗi, chúng tôi chỉ có những chai nhỏ",NA,"Xin lỗi chúng tôi chỉ có những chai nhỏ",NA,NA,NA,NA,NA,NA,NA,125,"vie_nfi_841.txt","Vietnamese","Vietnamese","vie",NA,"2014","written","non-fiction","prepared_speeches","Latn",NA,"OpenSubtitles2018","https://object.pouta.csc.fi/OPUS-OpenSubtitles/v2018/raw/vi.zip","http://www.opensubtitles.org/","http://www.opensubtitles.org/ P. Lison and J. Tiedemann, 2016, OpenSubtitles2016: Extracting Large Parallel Corpora from Movie and TV Subtitles. In Proceedings of the 10th International Conference on Language Resources and Evaluation (LREC 2016)","whole",NA
22730,19350469,"Buông ra!",NA,"Buông ra",NA,NA,NA,NA,NA,NA,NA,125,"vie_nfi_361.txt","Vietnamese","Vietnamese","vie",NA,"2015","written","non-fiction","prepared_speeches","Latn",NA,"OpenSubtitles2018","https://object.pouta.csc.fi/OPUS-OpenSubtitles/v2018/raw/vi.zip","http://www.opensubtitles.org/","http://www.opensubtitles.org/ P. Lison and J. Tiedemann, 2016, OpenSubtitles2016: Extracting Large Parallel Corpora from Movie and TV Subtitles. In Proceedings of the 10th International Conference on Language Resources and Evaluation (LREC 2016)","whole",NA
23176,19704218,"mệnh lệnh của ngài là gì?",NA,"mệnh lệnh của ngài là gì",NA,NA,NA,NA,NA,NA,NA,125,"vie_nfi_763.txt","Vietnamese","Vietnamese","vie",NA,"2014","written","non-fiction","prepared_speeches","Latn",NA,"OpenSubtitles2018","https://object.pouta.csc.fi/OPUS-OpenSubtitles/v2018/raw/vi.zip","http://www.opensubtitles.org/","http://www.opensubtitles.org/ P. Lison and J. Tiedemann, 2016, OpenSubtitles2016: Extracting Large Parallel Corpora from Movie and TV Subtitles. In Proceedings of the 10th International Conference on Language Resources and Evaluation (LREC 2016)","whole",NA
22989,19544334,"Oh, không sao, cứ tự nhiên.",NA,"Oh không sao cứ tự nhiên",NA,NA,NA,NA,NA,NA,NA,125,"vie_nfi_595.txt","Vietnamese","Vietnamese","vie",NA,"2014","written","non-fiction","prepared_speeches","Latn",NA,"OpenSubtitles2018","https://object.pouta.csc.fi/OPUS-OpenSubtitles/v2018/raw/vi.zip","http://www.opensubtitles.org/","http://www.opensubtitles.org/ P. Lison and J. Tiedemann, 2016, OpenSubtitles2016: Extracting Large Parallel Corpora from Movie and TV Subtitles. In Proceedings of the 10th International Conference on Language Resources and Evaluation (LREC 2016)","whole",NA
22623,19268248,"Ooh, thật đáng sợ.",NA,"Ooh thật đáng sợ",NA,NA,NA,NA,NA,NA,NA,125,"vie_nfi_265.txt","Vietnamese","Vietnamese","vie",NA,"2016","written","non-fiction","prepared_speeches","Latn",NA,"OpenSubtitles2018","https://object.pouta.csc.fi/OPUS-OpenSubtitles/v2018/raw/vi.zip","http://www.opensubtitles.org/","http://www.opensubtitles.org/ P. Lison and J. Tiedemann, 2016, OpenSubtitles2016: Extracting Large Parallel Corpora from Movie and TV Subtitles. In Proceedings of the 10th International Conference on Language Resources and Evaluation (LREC 2016)","whole",NA
23226,19749096,"chúng ta sẽ khai chiến.",NA,"chúng ta sẽ khai chiến",NA,NA,NA,NA,NA,NA,NA,125,"vie_nfi_808.txt","Vietnamese","Vietnamese","vie",NA,"2014","written","non-fiction","prepared_speeches","Latn",NA,"OpenSubtitles2018","https://object.pouta.csc.fi/OPUS-OpenSubtitles/v2018/raw/vi.zip","http://www.opensubtitles.org/","http://www.opensubtitles.org/ P. Lison and J. Tiedemann, 2016, OpenSubtitles2016: Extracting Large Parallel Corpora from Movie and TV Subtitles. In Proceedings of the 10th International Conference on Language Resources and Evaluation (LREC 2016)","whole",NA
23249,19767446,"Mày vừa nói gì?",NA,"Mày vừa nói gì",NA,NA,NA,NA,NA,NA,NA,125,"vie_nfi_829.txt","Vietnamese","Vietnamese","vie",NA,"2014","written","non-fiction","prepared_speeches","Latn",NA,"OpenSubtitles2018","https://object.pouta.csc.fi/OPUS-OpenSubtitles/v2018/raw/vi.zip","http://www.opensubtitles.org/","http://www.opensubtitles.org/ P. Lison and J. Tiedemann, 2016, OpenSubtitles2016: Extracting Large Parallel Corpora from Movie and TV Subtitles. In Proceedings of the 10th International Conference on Language Resources and Evaluation (LREC 2016)","whole",NA
23059,19604588,"Con đây bố. nhưng bố cũng đoán là cái gã nhát ké đó... rất sợ phải đi xuống dưới hầm mỏ.",NA,"Con đây bố nhưng bố cũng đoán là cái gã nhát ké đó rất sợ phải đi xuống dưới hầm mỏ",NA,NA,NA,NA,NA,NA,NA,125,"vie_nfi_658.txt","Vietnamese","Vietnamese","vie",NA,"2014","written","non-fiction","prepared_speeches","Latn",NA,"OpenSubtitles2018","https://object.pouta.csc.fi/OPUS-OpenSubtitles/v2018/raw/vi.zip","http://www.opensubtitles.org/","http://www.opensubtitles.org/ P. Lison and J. Tiedemann, 2016, OpenSubtitles2016: Extracting Large Parallel Corpora from Movie and TV Subtitles. In Proceedings of the 10th International Conference on Language Resources and Evaluation (LREC 2016)","whole",NA
23097,19636329,"Giá đó dưới giá thị trường rồi.",NA,"Giá đó dưới giá thị trường rồi",NA,NA,NA,NA,NA,NA,NA,125,"vie_nfi_692.txt","Vietnamese","Vietnamese","vie",NA,"2014","written","non-fiction","prepared_speeches","Latn",NA,"OpenSubtitles2018","https://object.pouta.csc.fi/OPUS-OpenSubtitles/v2018/raw/vi.zip","http://www.opensubtitles.org/","http://www.opensubtitles.org/ P. Lison and J. Tiedemann, 2016, OpenSubtitles2016: Extracting Large Parallel Corpora from Movie and TV Subtitles. In Proceedings of the 10th International Conference on Language Resources and Evaluation (LREC 2016)","whole",NA
22518,19178295,"Nghe hay chứ?",NA,"Nghe hay chứ",NA,NA,NA,NA,NA,NA,NA,125,"vie_nfi_170.txt","Vietnamese","Vietnamese","vie",NA,"2016","written","non-fiction","prepared_speeches","Latn",NA,"OpenSubtitles2018","https://object.pouta.csc.fi/OPUS-OpenSubtitles/v2018/raw/vi.zip","http://www.opensubtitles.org/","http://www.opensubtitles.org/ P. Lison and J. Tiedemann, 2016, OpenSubtitles2016: Extracting Large Parallel Corpora from Movie and TV Subtitles. In Proceedings of the 10th International Conference on Language Resources and Evaluation (LREC 2016)","whole",NA
22566,19221168,"Những giọng nói tăm tối từ sâu thẳm trong anh, thì thầm... thì thầm... và cuối cùng, anh sẽ thấy bản chất thật của thế giới này.",NA,"Những giọng nói tăm tối từ sâu thẳm trong anh thì thầm thì thầm và cuối cùng anh sẽ thấy bản chất thật của thế giới này",NA,NA,NA,NA,NA,NA,NA,125,"vie_nfi_213.txt","Vietnamese","Vietnamese","vie",NA,"2016","written","non-fiction","prepared_speeches","Latn",NA,"OpenSubtitles2018","https://object.pouta.csc.fi/OPUS-OpenSubtitles/v2018/raw/vi.zip","http://www.opensubtitles.org/","http://www.opensubtitles.org/ P. Lison and J. Tiedemann, 2016, OpenSubtitles2016: Extracting Large Parallel Corpora from Movie and TV Subtitles. In Proceedings of the 10th International Conference on Language Resources and Evaluation (LREC 2016)","whole",NA
22775,19381539,"Tôi không thấy đường!",NA,"Tôi không thấy đường",NA,NA,NA,NA,NA,NA,NA,125,"vie_nfi_401.txt","Vietnamese","Vietnamese","vie",NA,"2015","written","non-fiction","prepared_speeches","Latn",NA,"OpenSubtitles2018","https://object.pouta.csc.fi/OPUS-OpenSubtitles/v2018/raw/vi.zip","http://www.opensubtitles.org/","http://www.opensubtitles.org/ P. Lison and J. Tiedemann, 2016, OpenSubtitles2016: Extracting Large Parallel Corpora from Movie and TV Subtitles. In Proceedings of the 10th International Conference on Language Resources and Evaluation (LREC 2016)","whole",NA
22676,19310837,"xin anh đấy...",NA,"xin anh đấy",NA,NA,NA,NA,NA,NA,NA,125,"vie_nfi_312.txt","Vietnamese","Vietnamese","vie",NA,"2015","written","non-fiction","prepared_speeches","Latn",NA,"OpenSubtitles2018","https://object.pouta.csc.fi/OPUS-OpenSubtitles/v2018/raw/vi.zip","http://www.opensubtitles.org/","http://www.opensubtitles.org/ P. Lison and J. Tiedemann, 2016, OpenSubtitles2016: Extracting Large Parallel Corpora from Movie and TV Subtitles. In Proceedings of the 10th International Conference on Language Resources and Evaluation (LREC 2016)","whole",NA
22439,19105298,"24046025	Đức Giê-hô-va vạn quân , Đức Chúa Trời của Y-sơ-ra-ên , phán rằng : Nầy , ta sẽ phạt A-môn , là thần của Nô , luôn cả Pha-ra-ôn , và Ê-díp-tô , với các thần và các vua nó : tức Pha-ra-ôn cùng những kẻ nhờ cậy người .","24046025","Đức Giêhôva vạn quân  Đức Chúa Trời của Ysơraên  phán rằng  Nầy  ta sẽ phạt Amôn  là thần của Nô  luôn cả Pharaôn  và Êdíptô  với các thần và các vua nó  tức Pharaôn cùng những kẻ nhờ cậy người",NA,NA,NA,NA,NA,NA,NA,125,"vie_nfi_1.txt","Vietnamese","Vietnamese","vie",NA,"1934","written","non-fiction","religion","Latn",NA,"The Bible in Vietnamese. Text of the Parallel Bible Corpus: Mayer, Thomas & Michael Cysouw. 2014. Creating a Massively Parallel Bible Corpus. Proceedings of the International Conference on Language Resources and Evaluation (LREC), Reykjavik, 3158-3163.","http://unbound.biola.edu/index.cfm?method=downloads.showDownloadMain<br>https://www.bible.com/versions/193","© Published without a copyright statement","1934 Vietnamese Bible (VI1934 ) Public Domain. <br>Text supplied by Mr. Phien Nguyen of Hollywood, Florida<br>Modifications by Nguyen Ly. Same as the 1926 version","whole","The first two digits of the identifier refer to the book, the next three digits to the chapter, and the last three digits to the verse. See Mayer & Cysouw (2014) for a list of book identifiers. Some of the Bible translations on YouVersion are in the public domain in the United States; you may copy and quote from such Bibles without restriction. Most of the Bible translations, however, are not in the public domain."
22584,19234406,"Này, con gái anh bị như thế bao lâu rồi?",NA,"Này con gái anh bị như thế bao lâu rồi",NA,NA,NA,NA,NA,NA,NA,125,"vie_nfi_23.txt","Vietnamese","Vietnamese","vie",NA,"2017","written","non-fiction","prepared_speeches","Latn",NA,"OpenSubtitles2018","https://object.pouta.csc.fi/OPUS-OpenSubtitles/v2018/raw/vi.zip","http://www.opensubtitles.org/","http://www.opensubtitles.org/ P. Lison and J. Tiedemann, 2016, OpenSubtitles2016: Extracting Large Parallel Corpora from Movie and TV Subtitles. In Proceedings of the 10th International Conference on Language Resources and Evaluation (LREC 2016)","whole",NA
22439,19101261,"19119137	Hỡi Đức Giê-hô-va , Ngài là công bình , Sự đoán xét của Ngài là ngay thẳng .","19119137","Hỡi Đức Giêhôva  Ngài là công bình  Sự đoán xét của Ngài là ngay thẳng",NA,NA,NA,NA,NA,NA,NA,125,"vie_nfi_1.txt","Vietnamese","Vietnamese","vie",NA,"1934","written","non-fiction","religion","Latn",NA,"The Bible in Vietnamese. Text of the Parallel Bible Corpus: Mayer, Thomas & Michael Cysouw. 2014. Creating a Massively Parallel Bible Corpus. Proceedings of the International Conference on Language Resources and Evaluation (LREC), Reykjavik, 3158-3163.","http://unbound.biola.edu/index.cfm?method=downloads.showDownloadMain<br>https://www.bible.com/versions/193","© Published without a copyright statement","1934 Vietnamese Bible (VI1934 ) Public Domain. <br>Text supplied by Mr. Phien Nguyen of Hollywood, Florida<br>Modifications by Nguyen Ly. Same as the 1926 version","whole","The first two digits of the identifier refer to the book, the next three digits to the chapter, and the last three digits to the verse. See Mayer & Cysouw (2014) for a list of book identifiers. Some of the Bible translations on YouVersion are in the public domain in the United States; you may copy and quote from such Bibles without restriction. Most of the Bible translations, however, are not in the public domain."
22439,19108228,"38009001	Gánh nặng lời Đức Giê-hô-va nghịch cùng đất Ha-đơ-rắc , nó sẽ đỗ trên Đa-mách : vì con mắt loài người và mọi chi phái Y-sơ-ra-ên đều ngó lên Đức Giê-hô-va .","38009001","Gánh nặng lời Đức Giêhôva nghịch cùng đất Hađơrắc  nó sẽ đỗ trên Đamách  vì con mắt loài người và mọi chi phái Ysơraên đều ngó lên Đức Giêhôva",NA,NA,NA,NA,NA,NA,NA,125,"vie_nfi_1.txt","Vietnamese","Vietnamese","vie",NA,"1934","written","non-fiction","religion","Latn",NA,"The Bible in Vietnamese. Text of the Parallel Bible Corpus: Mayer, Thomas & Michael Cysouw. 2014. Creating a Massively Parallel Bible Corpus. Proceedings of the International Conference on Language Resources and Evaluation (LREC), Reykjavik, 3158-3163.","http://unbound.biola.edu/index.cfm?method=downloads.showDownloadMain<br>https://www.bible.com/versions/193","© Published without a copyright statement","1934 Vietnamese Bible (VI1934 ) Public Domain. <br>Text supplied by Mr. Phien Nguyen of Hollywood, Florida<br>Modifications by Nguyen Ly. Same as the 1926 version","whole","The first two digits of the identifier refer to the book, the next three digits to the chapter, and the last three digits to the verse. See Mayer & Cysouw (2014) for a list of book identifiers. Some of the Bible translations on YouVersion are in the public domain in the United States; you may copy and quote from such Bibles without restriction. Most of the Bible translations, however, are not in the public domain."
23084,19626183,"Tôi không cần sức mạnh của mình để đề nghị anh ta chuyện đó.",NA,"Tôi không cần sức mạnh của mình để đề nghị anh ta chuyện đó",NA,NA,NA,NA,NA,NA,NA,125,"vie_nfi_680.txt","Vietnamese","Vietnamese","vie",NA,"2014","written","non-fiction","prepared_speeches","Latn",NA,"OpenSubtitles2018","https://object.pouta.csc.fi/OPUS-OpenSubtitles/v2018/raw/vi.zip","http://www.opensubtitles.org/","http://www.opensubtitles.org/ P. Lison and J. Tiedemann, 2016, OpenSubtitles2016: Extracting Large Parallel Corpora from Movie and TV Subtitles. In Proceedings of the 10th International Conference on Language Resources and Evaluation (LREC 2016)","whole",NA
23154,19685501,"Vậy là cậu có cái để mong đợi rồi.",NA,"Vậy là cậu có cái để mong đợi rồi",NA,NA,NA,NA,NA,NA,NA,125,"vie_nfi_743.txt","Vietnamese","Vietnamese","vie",NA,"2014","written","non-fiction","prepared_speeches","Latn",NA,"OpenSubtitles2018","https://object.pouta.csc.fi/OPUS-OpenSubtitles/v2018/raw/vi.zip","http://www.opensubtitles.org/","http://www.opensubtitles.org/ P. Lison and J. Tiedemann, 2016, OpenSubtitles2016: Extracting Large Parallel Corpora from Movie and TV Subtitles. In Proceedings of the 10th International Conference on Language Resources and Evaluation (LREC 2016)","whole",NA
23039,19586139,"Anh đến trễ.",NA,"Anh đến trễ",NA,NA,NA,NA,NA,NA,NA,125,"vie_nfi_64.txt","Vietnamese","Vietnamese","vie",NA,"2017","written","non-fiction","prepared_speeches","Latn",NA,"OpenSubtitles2018","https://object.pouta.csc.fi/OPUS-OpenSubtitles/v2018/raw/vi.zip","http://www.opensubtitles.org/","http://www.opensubtitles.org/ P. Lison and J. Tiedemann, 2016, OpenSubtitles2016: Extracting Large Parallel Corpora from Movie and TV Subtitles. In Proceedings of the 10th International Conference on Language Resources and Evaluation (LREC 2016)","whole",NA
22603,19251405,"Hin nhiên là vy.",NA,"Hin nhiên là vy",NA,NA,NA,NA,NA,NA,NA,125,"vie_nfi_247.txt","Vietnamese","Vietnamese","vie",NA,"2016","written","non-fiction","prepared_speeches","Latn",NA,"OpenSubtitles2018","https://object.pouta.csc.fi/OPUS-OpenSubtitles/v2018/raw/vi.zip","http://www.opensubtitles.org/","http://www.opensubtitles.org/ P. Lison and J. Tiedemann, 2016, OpenSubtitles2016: Extracting Large Parallel Corpora from Movie and TV Subtitles. In Proceedings of the 10th International Conference on Language Resources and Evaluation (LREC 2016)","whole",NA
23204,19730118,"Ngươi đấu tranh vì những gì của ngươi.",NA,"Ngươi đấu tranh vì những gì của ngươi",NA,NA,NA,NA,NA,NA,NA,125,"vie_nfi_789.txt","Vietnamese","Vietnamese","vie",NA,"2014","written","non-fiction","prepared_speeches","Latn",NA,"OpenSubtitles2018","https://object.pouta.csc.fi/OPUS-OpenSubtitles/v2018/raw/vi.zip","http://www.opensubtitles.org/","http://www.opensubtitles.org/ P. Lison and J. Tiedemann, 2016, OpenSubtitles2016: Extracting Large Parallel Corpora from Movie and TV Subtitles. In Proceedings of the 10th International Conference on Language Resources and Evaluation (LREC 2016)","whole",NA
22584,19234222,"Giờ sao nữa?",NA,"Giờ sao nữa",NA,NA,NA,NA,NA,NA,NA,125,"vie_nfi_23.txt","Vietnamese","Vietnamese","vie",NA,"2017","written","non-fiction","prepared_speeches","Latn",NA,"OpenSubtitles2018","https://object.pouta.csc.fi/OPUS-OpenSubtitles/v2018/raw/vi.zip","http://www.opensubtitles.org/","http://www.opensubtitles.org/ P. Lison and J. Tiedemann, 2016, OpenSubtitles2016: Extracting Large Parallel Corpora from Movie and TV Subtitles. In Proceedings of the 10th International Conference on Language Resources and Evaluation (LREC 2016)","whole",NA
15683,13893329,"-آخرهفته ی خوبی داشته باشی .",NA,"آخرهفته ی خوبی داشته باشی",NA,NA,NA,NA,NA,NA,NA,99,"pes_nfi_431.txt","Persian","Western Farsi","pes",NA,"2016","written","non-fiction","prepared_speeches","Arab",NA,"OpenSubtitles2018","https://object.pouta.csc.fi/OPUS-OpenSubtitles/v2018/raw/fa.zip","http://www.opensubtitles.org/","http://www.opensubtitles.org/ P. Lison and J. Tiedemann, 2016, OpenSubtitles2016: Extracting Large Parallel Corpora from Movie and TV Subtitles. In Proceedings of the 10th International Conference on Language Resources and Evaluation (LREC 2016)","whole",NA
15977,14163647,"‫همین حالا می‌تونم برم بانک ‫و وام بگیرم",NA,"همین حالا میتونم برم بانک و وام بگیرم",NA,NA,NA,NA,NA,NA,NA,99,"pes_nfi_697.txt","Persian","Western Farsi","pes",NA,"2016","written","non-fiction","prepared_speeches","Arab",NA,"OpenSubtitles2018","https://object.pouta.csc.fi/OPUS-OpenSubtitles/v2018/raw/fa.zip","http://www.opensubtitles.org/","http://www.opensubtitles.org/ P. Lison and J. Tiedemann, 2016, OpenSubtitles2016: Extracting Large Parallel Corpora from Movie and TV Subtitles. In Proceedings of the 10th International Conference on Language Resources and Evaluation (LREC 2016)","whole",NA
16151,14304556,".یه ساعت دیگم مونده براتون .دور دلسوزي رو خط بكش",NA,"یه ساعت دیگم مونده براتون دور دلسوزي رو خط بكش",NA,NA,NA,NA,NA,NA,NA,99,"pes_nfi_853.txt","Persian","Western Farsi","pes",NA,"2016","written","non-fiction","prepared_speeches","Arab",NA,"OpenSubtitles2018","https://object.pouta.csc.fi/OPUS-OpenSubtitles/v2018/raw/fa.zip","http://www.opensubtitles.org/","http://www.opensubtitles.org/ P. Lison and J. Tiedemann, 2016, OpenSubtitles2016: Extracting Large Parallel Corpora from Movie and TV Subtitles. In Proceedings of the 10th International Conference on Language Resources and Evaluation (LREC 2016)","whole",NA
15803,14002638,"نه نه نه تقويتش کن، ها ؟",NA,"نه نه نه تقويتش کن ها",NA,NA,NA,NA,NA,NA,NA,99,"pes_nfi_54.txt","Persian","Western Farsi","pes",NA,"2017","written","non-fiction","prepared_speeches","Arab",NA,"OpenSubtitles2018","https://object.pouta.csc.fi/OPUS-OpenSubtitles/v2018/raw/fa.zip","http://www.opensubtitles.org/","http://www.opensubtitles.org/ P. Lison and J. Tiedemann, 2016, OpenSubtitles2016: Extracting Large Parallel Corpora from Movie and TV Subtitles. In Proceedings of the 10th International Conference on Language Resources and Evaluation (LREC 2016)","whole",NA
15528,13777977,"اره",NA,"اره",NA,NA,NA,NA,NA,NA,NA,99,"pes_nfi_292.txt","Persian","Western Farsi","pes",NA,"2017","written","non-fiction","prepared_speeches","Arab",NA,"OpenSubtitles2018","https://object.pouta.csc.fi/OPUS-OpenSubtitles/v2018/raw/fa.zip","http://www.opensubtitles.org/","http://www.opensubtitles.org/ P. Lison and J. Tiedemann, 2016, OpenSubtitles2016: Extracting Large Parallel Corpora from Movie and TV Subtitles. In Proceedings of the 10th International Conference on Language Resources and Evaluation (LREC 2016)","whole",NA
15947,14129984,"سيرن ها مجبورش کردن زنگوله رو بزنه و شهر رو نابود کنه",NA,"سيرن ها مجبورش کردن زنگوله رو بزنه و شهر رو نابود کنه",NA,NA,NA,NA,NA,NA,NA,99,"pes_nfi_67.txt","Persian","Western Farsi","pes",NA,"2017","written","non-fiction","prepared_speeches","Arab",NA,"OpenSubtitles2018","https://object.pouta.csc.fi/OPUS-OpenSubtitles/v2018/raw/fa.zip","http://www.opensubtitles.org/","http://www.opensubtitles.org/ P. Lison and J. Tiedemann, 2016, OpenSubtitles2016: Extracting Large Parallel Corpora from Movie and TV Subtitles. In Proceedings of the 10th International Conference on Language Resources and Evaluation (LREC 2016)","whole",NA
15972,14159045,"‫پس بیاید از مسیر مخالفش",NA,"پس بیاید از مسیر مخالفش",NA,NA,NA,NA,NA,NA,NA,99,"pes_nfi_692.txt","Persian","Western Farsi","pes",NA,"2016","written","non-fiction","prepared_speeches","Arab",NA,"OpenSubtitles2018","https://object.pouta.csc.fi/OPUS-OpenSubtitles/v2018/raw/fa.zip","http://www.opensubtitles.org/","http://www.opensubtitles.org/ P. Lison and J. Tiedemann, 2016, OpenSubtitles2016: Extracting Large Parallel Corpora from Movie and TV Subtitles. In Proceedings of the 10th International Conference on Language Resources and Evaluation (LREC 2016)","whole",NA
15144,13458203,"‏کی می‌خواد انجامش بده؟",NA,"کی میخواد انجامش بده",NA,NA,NA,NA,NA,NA,NA,99,"pes_nfi_1001.txt","Persian","Western Farsi","pes",NA,"2016","written","non-fiction","prepared_speeches","Arab",NA,"OpenSubtitles2018","https://object.pouta.csc.fi/OPUS-OpenSubtitles/v2018/raw/fa.zip","http://www.opensubtitles.org/","http://www.opensubtitles.org/ P. Lison and J. Tiedemann, 2016, OpenSubtitles2016: Extracting Large Parallel Corpora from Movie and TV Subtitles. In Proceedings of the 10th International Conference on Language Resources and Evaluation (LREC 2016)","whole",NA
15972,14159180,"‫آره انگار",NA,"آره انگار",NA,NA,NA,NA,NA,NA,NA,99,"pes_nfi_692.txt","Persian","Western Farsi","pes",NA,"2016","written","non-fiction","prepared_speeches","Arab",NA,"OpenSubtitles2018","https://object.pouta.csc.fi/OPUS-OpenSubtitles/v2018/raw/fa.zip","http://www.opensubtitles.org/","http://www.opensubtitles.org/ P. Lison and J. Tiedemann, 2016, OpenSubtitles2016: Extracting Large Parallel Corpora from Movie and TV Subtitles. In Proceedings of the 10th International Conference on Language Resources and Evaluation (LREC 2016)","whole",NA
16205,14345119,"سادست",NA,"سادست",NA,NA,NA,NA,NA,NA,NA,99,"pes_nfi_901.txt","Persian","Western Farsi","pes",NA,"2016","written","non-fiction","prepared_speeches","Arab",NA,"OpenSubtitles2018","https://object.pouta.csc.fi/OPUS-OpenSubtitles/v2018/raw/fa.zip","http://www.opensubtitles.org/","http://www.opensubtitles.org/ P. Lison and J. Tiedemann, 2016, OpenSubtitles2016: Extracting Large Parallel Corpora from Movie and TV Subtitles. In Proceedings of the 10th International Conference on Language Resources and Evaluation (LREC 2016)","whole",NA
15913,14102961,"ما همدیگرو میبینیم همه چیز درست میشه",NA,"ما همدیگرو میبینیم همه چیز درست میشه",NA,NA,NA,NA,NA,NA,NA,99,"pes_nfi_639.txt","Persian","Western Farsi","pes",NA,"2016","written","non-fiction","prepared_speeches","Arab",NA,"OpenSubtitles2018","https://object.pouta.csc.fi/OPUS-OpenSubtitles/v2018/raw/fa.zip","http://www.opensubtitles.org/","http://www.opensubtitles.org/ P. Lison and J. Tiedemann, 2016, OpenSubtitles2016: Extracting Large Parallel Corpora from Movie and TV Subtitles. In Proceedings of the 10th International Conference on Language Resources and Evaluation (LREC 2016)","whole",NA
16087,14251970,"شايد احمقانه باشه ، ولي بايد حتما طبق اين برنامه برين جلو",NA,"شايد احمقانه باشه  ولي بايد حتما طبق اين برنامه برين جلو",NA,NA,NA,NA,NA,NA,NA,99,"pes_nfi_796.txt","Persian","Western Farsi","pes",NA,"2016","written","non-fiction","prepared_speeches","Arab",NA,"OpenSubtitles2018","https://object.pouta.csc.fi/OPUS-OpenSubtitles/v2018/raw/fa.zip","http://www.opensubtitles.org/","http://www.opensubtitles.org/ P. Lison and J. Tiedemann, 2016, OpenSubtitles2016: Extracting Large Parallel Corpora from Movie and TV Subtitles. In Proceedings of the 10th International Conference on Language Resources and Evaluation (LREC 2016)","whole",NA
16291,14425669,"دونالد، دوباره ازت میپرسم",NA,"دونالد دوباره ازت میپرسم",NA,NA,NA,NA,NA,NA,NA,99,"pes_nfi_98.txt","Persian","Western Farsi","pes",NA,"2017","written","non-fiction","prepared_speeches","Arab",NA,"OpenSubtitles2018","https://object.pouta.csc.fi/OPUS-OpenSubtitles/v2018/raw/fa.zip","http://www.opensubtitles.org/","http://www.opensubtitles.org/ P. Lison and J. Tiedemann, 2016, OpenSubtitles2016: Extracting Large Parallel Corpora from Movie and TV Subtitles. In Proceedings of the 10th International Conference on Language Resources and Evaluation (LREC 2016)","whole",NA
15157,13467518,"اون به خاطر اين انتخاب شده که طوماري رو امضا کرده که",NA,"اون به خاطر اين انتخاب شده که طوماري رو امضا کرده که",NA,NA,NA,NA,NA,NA,NA,99,"pes_nfi_1013.txt","Persian","Western Farsi","pes",NA,"2016","written","non-fiction","prepared_speeches","Arab",NA,"OpenSubtitles2018","https://object.pouta.csc.fi/OPUS-OpenSubtitles/v2018/raw/fa.zip","http://www.opensubtitles.org/","http://www.opensubtitles.org/ P. Lison and J. Tiedemann, 2016, OpenSubtitles2016: Extracting Large Parallel Corpora from Movie and TV Subtitles. In Proceedings of the 10th International Conference on Language Resources and Evaluation (LREC 2016)","whole",NA
15516,13768318,"جواهرات فرانسوی، طراحی های فرانسوی",NA,"جواهرات فرانسوی طراحی های فرانسوی",NA,NA,NA,NA,NA,NA,NA,99,"pes_nfi_281.txt","Persian","Western Farsi","pes",NA,"2017","written","non-fiction","prepared_speeches","Arab",NA,"OpenSubtitles2018","https://object.pouta.csc.fi/OPUS-OpenSubtitles/v2018/raw/fa.zip","http://www.opensubtitles.org/","http://www.opensubtitles.org/ P. Lison and J. Tiedemann, 2016, OpenSubtitles2016: Extracting Large Parallel Corpora from Movie and TV Subtitles. In Proceedings of the 10th International Conference on Language Resources and Evaluation (LREC 2016)","whole",NA
15722,13930366,"نه دلم ميخواد بدونم اصلا چي پرسيدي",NA,"نه دلم ميخواد بدونم اصلا چي پرسيدي",NA,NA,NA,NA,NA,NA,NA,99,"pes_nfi_467.txt","Persian","Western Farsi","pes",NA,"2016","written","non-fiction","prepared_speeches","Arab",NA,"OpenSubtitles2018","https://object.pouta.csc.fi/OPUS-OpenSubtitles/v2018/raw/fa.zip","http://www.opensubtitles.org/","http://www.opensubtitles.org/ P. Lison and J. Tiedemann, 2016, OpenSubtitles2016: Extracting Large Parallel Corpora from Movie and TV Subtitles. In Proceedings of the 10th International Conference on Language Resources and Evaluation (LREC 2016)","whole",NA
15667,13881240,"ما جایزه‌شون رو آوردیم شما اینجا چیکار می کنید؟",NA,"ما جایزهشون رو آوردیم شما اینجا چیکار می کنید",NA,NA,NA,NA,NA,NA,NA,99,"pes_nfi_417.txt","Persian","Western Farsi","pes",NA,"2016","written","non-fiction","prepared_speeches","Arab",NA,"OpenSubtitles2018","https://object.pouta.csc.fi/OPUS-OpenSubtitles/v2018/raw/fa.zip","http://www.opensubtitles.org/","http://www.opensubtitles.org/ P. Lison and J. Tiedemann, 2016, OpenSubtitles2016: Extracting Large Parallel Corpora from Movie and TV Subtitles. In Proceedings of the 10th International Conference on Language Resources and Evaluation (LREC 2016)","whole",NA
16081,14246970,"بهشون گفته بودم",NA,"بهشون گفته بودم",NA,NA,NA,NA,NA,NA,NA,99,"pes_nfi_790.txt","Persian","Western Farsi","pes",NA,"2016","written","non-fiction","prepared_speeches","Arab",NA,"OpenSubtitles2018","https://object.pouta.csc.fi/OPUS-OpenSubtitles/v2018/raw/fa.zip","http://www.opensubtitles.org/","http://www.opensubtitles.org/ P. Lison and J. Tiedemann, 2016, OpenSubtitles2016: Extracting Large Parallel Corpora from Movie and TV Subtitles. In Proceedings of the 10th International Conference on Language Resources and Evaluation (LREC 2016)","whole",NA
15621,13847908,"حتما سنداستورم روی سیگنال‌ها پارازیت انداخته .تا اینجا رو مخفی نگه داره",NA,"حتما سنداستورم روی سیگنالها پارازیت انداخته تا اینجا رو مخفی نگه داره",NA,NA,NA,NA,NA,NA,NA,99,"pes_nfi_376.txt","Persian","Western Farsi","pes",NA,"2016","written","non-fiction","prepared_speeches","Arab",NA,"OpenSubtitles2018","https://object.pouta.csc.fi/OPUS-OpenSubtitles/v2018/raw/fa.zip","http://www.opensubtitles.org/","http://www.opensubtitles.org/ P. Lison and J. Tiedemann, 2016, OpenSubtitles2016: Extracting Large Parallel Corpora from Movie and TV Subtitles. In Proceedings of the 10th International Conference on Language Resources and Evaluation (LREC 2016)","whole",NA
15178,13484658,"ولی میتونم هسته اورانیومی رو بردارم",NA,"ولی میتونم هسته اورانیومی رو بردارم",NA,NA,NA,NA,NA,NA,NA,99,"pes_nfi_1032.txt","Persian","Western Farsi","pes",NA,"2016","written","non-fiction","prepared_speeches","Arab",NA,"OpenSubtitles2018","https://object.pouta.csc.fi/OPUS-OpenSubtitles/v2018/raw/fa.zip","http://www.opensubtitles.org/","http://www.opensubtitles.org/ P. Lison and J. Tiedemann, 2016, OpenSubtitles2016: Extracting Large Parallel Corpora from Movie and TV Subtitles. In Proceedings of the 10th International Conference on Language Resources and Evaluation (LREC 2016)","whole",NA
15591,13824319,"‫از کجا بدونم؟",NA,"از کجا بدونم",NA,NA,NA,NA,NA,NA,NA,99,"pes_nfi_349.txt","Persian","Western Farsi","pes",NA,"2017","written","non-fiction","prepared_speeches","Arab",NA,"OpenSubtitles2018","https://object.pouta.csc.fi/OPUS-OpenSubtitles/v2018/raw/fa.zip","http://www.opensubtitles.org/","http://www.opensubtitles.org/ P. Lison and J. Tiedemann, 2016, OpenSubtitles2016: Extracting Large Parallel Corpora from Movie and TV Subtitles. In Proceedings of the 10th International Conference on Language Resources and Evaluation (LREC 2016)","whole",NA
15985,14170916,"باشه ؟",NA,"باشه",NA,NA,NA,NA,NA,NA,NA,99,"pes_nfi_703.txt","Persian","Western Farsi","pes",NA,"2016","written","non-fiction","prepared_speeches","Arab",NA,"OpenSubtitles2018","https://object.pouta.csc.fi/OPUS-OpenSubtitles/v2018/raw/fa.zip","http://www.opensubtitles.org/","http://www.opensubtitles.org/ P. Lison and J. Tiedemann, 2016, OpenSubtitles2016: Extracting Large Parallel Corpora from Movie and TV Subtitles. In Proceedings of the 10th International Conference on Language Resources and Evaluation (LREC 2016)","whole",NA
15859,14053532,"همين بيرون بود و با اون چوب ضربه مي‌زد",NA,"همين بيرون بود و با اون چوب ضربه ميزد",NA,NA,NA,NA,NA,NA,NA,99,"pes_nfi_590.txt","Persian","Western Farsi","pes",NA,"2016","written","non-fiction","prepared_speeches","Arab",NA,"OpenSubtitles2018","https://object.pouta.csc.fi/OPUS-OpenSubtitles/v2018/raw/fa.zip","http://www.opensubtitles.org/","http://www.opensubtitles.org/ P. Lison and J. Tiedemann, 2016, OpenSubtitles2016: Extracting Large Parallel Corpora from Movie and TV Subtitles. In Proceedings of the 10th International Conference on Language Resources and Evaluation (LREC 2016)","whole",NA
16017,14195199,"اين درسته که يه الهه همچين کارهايي بکنه؟",NA,"اين درسته که يه الهه همچين کارهايي بکنه",NA,NA,NA,NA,NA,NA,NA,99,"pes_nfi_732.txt","Persian","Western Farsi","pes",NA,"2016","written","non-fiction","prepared_speeches","Arab",NA,"OpenSubtitles2018","https://object.pouta.csc.fi/OPUS-OpenSubtitles/v2018/raw/fa.zip","http://www.opensubtitles.org/","http://www.opensubtitles.org/ P. Lison and J. Tiedemann, 2016, OpenSubtitles2016: Extracting Large Parallel Corpora from Movie and TV Subtitles. In Proceedings of the 10th International Conference on Language Resources and Evaluation (LREC 2016)","whole",NA
15396,13671790,"دو تا پیتزا پپرونی تو سفارش دادی؟",NA,"دو تا پیتزا پپرونی تو سفارش دادی",NA,NA,NA,NA,NA,NA,NA,99,"pes_nfi_173.txt","Persian","Western Farsi","pes",NA,"2017","written","non-fiction","prepared_speeches","Arab",NA,"OpenSubtitles2018","https://object.pouta.csc.fi/OPUS-OpenSubtitles/v2018/raw/fa.zip","http://www.opensubtitles.org/","http://www.opensubtitles.org/ P. Lison and J. Tiedemann, 2016, OpenSubtitles2016: Extracting Large Parallel Corpora from Movie and TV Subtitles. In Proceedings of the 10th International Conference on Language Resources and Evaluation (LREC 2016)","whole",NA
16050,14219831,"خب ، "" پرتغالی ه سفید "" روسی ه این یه نظریست",NA,"خب   پرتغالی ه سفید  روسی ه این یه نظریست",NA,NA,NA,NA,NA,NA,NA,99,"pes_nfi_762.txt","Persian","Western Farsi","pes",NA,"2016","written","non-fiction","prepared_speeches","Arab",NA,"OpenSubtitles2018","https://object.pouta.csc.fi/OPUS-OpenSubtitles/v2018/raw/fa.zip","http://www.opensubtitles.org/","http://www.opensubtitles.org/ P. Lison and J. Tiedemann, 2016, OpenSubtitles2016: Extracting Large Parallel Corpora from Movie and TV Subtitles. In Proceedings of the 10th International Conference on Language Resources and Evaluation (LREC 2016)","whole",NA
15694,13904850,"نه، فکر کردم تعميرشون کردم",NA,"نه فکر کردم تعميرشون کردم",NA,NA,NA,NA,NA,NA,NA,99,"pes_nfi_441.txt","Persian","Western Farsi","pes",NA,"2016","written","non-fiction","prepared_speeches","Arab",NA,"OpenSubtitles2018","https://object.pouta.csc.fi/OPUS-OpenSubtitles/v2018/raw/fa.zip","http://www.opensubtitles.org/","http://www.opensubtitles.org/ P. Lison and J. Tiedemann, 2016, OpenSubtitles2016: Extracting Large Parallel Corpora from Movie and TV Subtitles. In Proceedings of the 10th International Conference on Language Resources and Evaluation (LREC 2016)","whole",NA
15214,13519005,"که يه شخص فراموش‌نشدني #",NA,"که يه شخص فراموشنشدني",NA,NA,NA,NA,NA,NA,NA,99,"pes_nfi_1065.txt","Persian","Western Farsi","pes",NA,"2016","written","non-fiction","prepared_speeches","Arab",NA,"OpenSubtitles2018","https://object.pouta.csc.fi/OPUS-OpenSubtitles/v2018/raw/fa.zip","http://www.opensubtitles.org/","http://www.opensubtitles.org/ P. Lison and J. Tiedemann, 2016, OpenSubtitles2016: Extracting Large Parallel Corpora from Movie and TV Subtitles. In Proceedings of the 10th International Conference on Language Resources and Evaluation (LREC 2016)","whole",NA
15450,13718707,"بسوزونش",NA,"بسوزونش",NA,NA,NA,NA,NA,NA,NA,99,"pes_nfi_221.txt","Persian","Western Farsi","pes",NA,"2017","written","non-fiction","prepared_speeches","Arab",NA,"OpenSubtitles2018","https://object.pouta.csc.fi/OPUS-OpenSubtitles/v2018/raw/fa.zip","http://www.opensubtitles.org/","http://www.opensubtitles.org/ P. Lison and J. Tiedemann, 2016, OpenSubtitles2016: Extracting Large Parallel Corpora from Movie and TV Subtitles. In Proceedings of the 10th International Conference on Language Resources and Evaluation (LREC 2016)","whole",NA
15436,13703587,"که عقب‌نشینی نیروهای آمریکایی فقط منوط به",NA,"که عقبنشینی نیروهای آمریکایی فقط منوط به",NA,NA,NA,NA,NA,NA,NA,99,"pes_nfi_209.txt","Persian","Western Farsi","pes",NA,"2017","written","non-fiction","prepared_speeches","Arab",NA,"OpenSubtitles2018","https://object.pouta.csc.fi/OPUS-OpenSubtitles/v2018/raw/fa.zip","http://www.opensubtitles.org/","http://www.opensubtitles.org/ P. Lison and J. Tiedemann, 2016, OpenSubtitles2016: Extracting Large Parallel Corpora from Movie and TV Subtitles. In Proceedings of the 10th International Conference on Language Resources and Evaluation (LREC 2016)","whole",NA
16172,14318154,"عالی بود",NA,"عالی بود",NA,NA,NA,NA,NA,NA,NA,99,"pes_nfi_872.txt","Persian","Western Farsi","pes",NA,"2016","written","non-fiction","prepared_speeches","Arab",NA,"OpenSubtitles2018","https://object.pouta.csc.fi/OPUS-OpenSubtitles/v2018/raw/fa.zip","http://www.opensubtitles.org/","http://www.opensubtitles.org/ P. Lison and J. Tiedemann, 2016, OpenSubtitles2016: Extracting Large Parallel Corpora from Movie and TV Subtitles. In Proceedings of the 10th International Conference on Language Resources and Evaluation (LREC 2016)","whole",NA
15698,13909153,"من اونجا نميرم مگه اينکه توي يکي از اون چيزهاي بزرگ آهني",NA,"من اونجا نميرم مگه اينکه توي يکي از اون چيزهاي بزرگ آهني",NA,NA,NA,NA,NA,NA,NA,99,"pes_nfi_445.txt","Persian","Western Farsi","pes",NA,"2016","written","non-fiction","prepared_speeches","Arab",NA,"OpenSubtitles2018","https://object.pouta.csc.fi/OPUS-OpenSubtitles/v2018/raw/fa.zip","http://www.opensubtitles.org/","http://www.opensubtitles.org/ P. Lison and J. Tiedemann, 2016, OpenSubtitles2016: Extracting Large Parallel Corpora from Movie and TV Subtitles. In Proceedings of the 10th International Conference on Language Resources and Evaluation (LREC 2016)","whole",NA
15390,13666624,"لطفاً برای خواندن دعاى خير قیام کنید",NA,"لطفاً برای خواندن دعاى خير قیام کنید",NA,NA,NA,NA,NA,NA,NA,99,"pes_nfi_168.txt","Persian","Western Farsi","pes",NA,"2017","written","non-fiction","prepared_speeches","Arab",NA,"OpenSubtitles2018","https://object.pouta.csc.fi/OPUS-OpenSubtitles/v2018/raw/fa.zip","http://www.opensubtitles.org/","http://www.opensubtitles.org/ P. Lison and J. Tiedemann, 2016, OpenSubtitles2016: Extracting Large Parallel Corpora from Movie and TV Subtitles. In Proceedings of the 10th International Conference on Language Resources and Evaluation (LREC 2016)","whole",NA
23323,19869034,"18033024	Nigbana ni o ṣore-ọfẹ fun u , o si wipe , Gbà a kuro ninu ilọ sinu ihò , emi ti ri irapada !","18033024","Nigbana ni o ṣoreọfẹ fun u  o si wipe  Gbà a kuro ninu ilọ sinu ihò  emi ti ri irapada",NA,NA,NA,NA,NA,NA,NA,134,"yor_nfi_1.txt","Yoruba","Yoruba","yor",NA,"2010","written","non-fiction","religion","Latn",NA,"The Bible in Yoruba. Text of the Parallel Bible Corpus: Mayer, Thomas & Michael Cysouw. 2014. Creating a Massively Parallel Bible Corpus. Proceedings of the International Conference on Language Resources and Evaluation (LREC), Reykjavik, 3158-3163.","https://www.bible.com/de/bible/207/gen.1.yce","© Bible Society of Nigeria 2010","Yoruba Bible<br>This translation, published by the Bible Society of Nigeria, was published in 2010. If you are interested in obtaining a printed copy, please contact the Bible Society of Nigeria at www.biblesociety-nigeria.org.","whole","The first two digits of the identifier refer to the book, the next three digits to the chapter, and the last three digits to the verse. See Mayer & Cysouw (2014) for a list of book identifiers."
23323,19875176,"24044002	Bayi li Oluwa awọn ọmọ-ogun , Ọlọrun Israeli wi pe , ẹnyin ti ri gbogbo ibi ti emi ti mu wá sori Jerusalemu , ati sori gbogbo ilu Juda ; si wò o , ahoro ni nwọn li oni yi , ẹnikan kò si gbe inu wọn .","24044002","Bayi li Oluwa awọn ọmọogun  Ọlọrun Israeli wi pe  ẹnyin ti ri gbogbo ibi ti emi ti mu wá sori Jerusalemu  ati sori gbogbo ilu Juda  si wò o  ahoro ni nwọn li oni yi  ẹnikan kò si gbe inu wọn",NA,NA,NA,NA,NA,NA,NA,134,"yor_nfi_1.txt","Yoruba","Yoruba","yor",NA,"2010","written","non-fiction","religion","Latn",NA,"The Bible in Yoruba. Text of the Parallel Bible Corpus: Mayer, Thomas & Michael Cysouw. 2014. Creating a Massively Parallel Bible Corpus. Proceedings of the International Conference on Language Resources and Evaluation (LREC), Reykjavik, 3158-3163.","https://www.bible.com/de/bible/207/gen.1.yce","© Bible Society of Nigeria 2010","Yoruba Bible<br>This translation, published by the Bible Society of Nigeria, was published in 2010. If you are interested in obtaining a printed copy, please contact the Bible Society of Nigeria at www.biblesociety-nigeria.org.","whole","The first two digits of the identifier refer to the book, the next three digits to the chapter, and the last three digits to the verse. See Mayer & Cysouw (2014) for a list of book identifiers."
23323,19866233,"13017010	Ati bi igba ti emi ti fi enia jẹ onidajọ lori awọn enia mi Israeli . Ati pẹlu emi o ṣẹgun gbogbo awọn ọta rẹ . Pẹlupẹlu mo ti sọ fun ọ pe , Oluwa yio kọle kan fun ọ .","13017010","Ati bi igba ti emi ti fi enia jẹ onidajọ lori awọn enia mi Israeli  Ati pẹlu emi o ṣẹgun gbogbo awọn ọta rẹ  Pẹlupẹlu mo ti sọ fun ọ pe  Oluwa yio kọle kan fun ọ",NA,NA,NA,NA,NA,NA,NA,134,"yor_nfi_1.txt","Yoruba","Yoruba","yor",NA,"2010","written","non-fiction","religion","Latn",NA,"The Bible in Yoruba. Text of the Parallel Bible Corpus: Mayer, Thomas & Michael Cysouw. 2014. Creating a Massively Parallel Bible Corpus. Proceedings of the International Conference on Language Resources and Evaluation (LREC), Reykjavik, 3158-3163.","https://www.bible.com/de/bible/207/gen.1.yce","© Bible Society of Nigeria 2010","Yoruba Bible<br>This translation, published by the Bible Society of Nigeria, was published in 2010. If you are interested in obtaining a printed copy, please contact the Bible Society of Nigeria at www.biblesociety-nigeria.org.","whole","The first two digits of the identifier refer to the book, the next three digits to the chapter, and the last three digits to the verse. See Mayer & Cysouw (2014) for a list of book identifiers."
23323,19867540,"15007007	Ati ninu awọn ọmọ Israeli , ati ninu awọn alufa , ati awọn ọmọ Lefi , ati awọn akọrin , ati awọn adèna , pẹlu awọn Netinimu si goke wá si Jerusalemu li ọdun keje Artasasta ọba .","15007007","Ati ninu awọn ọmọ Israeli  ati ninu awọn alufa  ati awọn ọmọ Lefi  ati awọn akọrin  ati awọn adèna  pẹlu awọn Netinimu si goke wá si Jerusalemu li ọdun keje Artasasta ọba",NA,NA,NA,NA,NA,NA,NA,134,"yor_nfi_1.txt","Yoruba","Yoruba","yor",NA,"2010","written","non-fiction","religion","Latn",NA,"The Bible in Yoruba. Text of the Parallel Bible Corpus: Mayer, Thomas & Michael Cysouw. 2014. Creating a Massively Parallel Bible Corpus. Proceedings of the International Conference on Language Resources and Evaluation (LREC), Reykjavik, 3158-3163.","https://www.bible.com/de/bible/207/gen.1.yce","© Bible Society of Nigeria 2010","Yoruba Bible<br>This translation, published by the Bible Society of Nigeria, was published in 2010. If you are interested in obtaining a printed copy, please contact the Bible Society of Nigeria at www.biblesociety-nigeria.org.","whole","The first two digits of the identifier refer to the book, the next three digits to the chapter, and the last three digits to the verse. See Mayer & Cysouw (2014) for a list of book identifiers."
