"subcorpus","sequence","num.tokens","num.types","huni.chars","hrate.chars","ttr.chars","rm.chars","predictions.knn"
"Cuneiform (Uruk IV)","N01 _ N01 _ |SZE~a.NAM2| _ N01 _ PAP~b _ N01 _ |1(N58).BAD~b| _ N01 _ AB~a _ N01 _ N01 _ N01 _ N01 _ N01 _ TE _ N01 _ GA~a _ N01 _ N01 _ NIM~a _ N01 _ NIM~a",43,9,-0.829932349567032,-0.367861917524973,-1.22972390397297,-0.65482566135608,"Cuneiform (Uruk IV)"
"Cuneiform (Uruk IV)","N14 N14 _ |SAGxGESZTU~a| _ N14 N14 _ URUDU~a _ ERIM~a _ N01 N01 N01 N01 _ ZATU764",18,7,-0.384324153923461,-0.156004635575566,-0.515272743380814,0.825962025716967,"Cuneiform (Uruk IV)"
"Cuneiform (Uruk IV)","N01 N01 _ N01 N01 N01",6,2,-2.24246145903459,-1.85882565175691,-0.73629000888774,2.36598122027293,"Cuneiform (Uruk IV)"
"Cuneiform (Uruk IV)","N14 N14 _ UDU~a _ N14 N14 _ SZITA~b1 _ N14 N14 _ BA _ N57 _ SZITA~a1 _ N01 N01 N01 N01 N01 N01 N01 N01 _ KU3~a _ N34 N34 N34 N34 N34 _ N14 N14 _ SZITA~a1 _ N14 N14 _ |(SZAxHI@g~a)~b| _ N14 N14 _ |(SZAxHI@g~a)~a| _ HI@g~a _ N01 _ N28 _ ZATU714 _ N01 N01 _ N28 _ |ZATU714xHI@g~a| _ MU _ N39~a N39~a N39~a _ HI@g~a _ EN~a _ SZE~a _ GESZTU~b",79,21,0.447151721169579,1.07128621087337,-1.00486795178223,0.636117450451188,"Cuneiform (Uruk IV)"
"Cuneiform (Uruk IV)","N48 _ N34 N34 N34 N34 N34 _ N01 N01 N01 N01 N01 N01 N01 _ LAGAR~a _ PIRIG~a1",19,6,-0.634086696400766,-0.479131919540176,-0.806084934837292,2.14221774755967,"Cuneiform (Uruk IV)"
"Cuneiform (Uruk IV)","N34 N34 _ U4 _ AMAR _ GAR3 _ N14 N14 _ ZATU694~d@t _ N14 N14 N14 N14 _ N01 N01 N01 N01 N01 N01 _ N34 N34 N34 N34 _ GUL _ N14 _ N14 N14 N14 _ N14 N14 N14 N14 _ N34 N34",46,9,-0.341545037905762,-0.321400603588926,-1.28402844949186,1.47092732941989,"Cuneiform (Uruk IV)"
"Cuneiform (Uruk IV)","N34 _ N01 N01 _ NA~b _ N14 N14 N14 _ GAR3 _ N01 N01 _ ZATU694~d _ DUG~c _ SI",21,9,-0.150447284044078,0.0845245693677099,-0.357403268018724,0.352109965853591,"Cuneiform (Uruk IV)"
"Cuneiform (Uruk IV)","N34 N34 _ GAR3 _ N14 N14 N14 _ N01 N01 N01 N01 _ ZATU694~d _ N01 _ PIRIG~a1 _ N34 _ GAR3 _ N01 N01 N01 _ ZATU694~d _ N01 N01 _ ZATU694~b",34,8,-0.354482363347365,-0.417767954043152,-1.12632047742937,0.718268375748017,"Cuneiform (Uruk IV)"
"Cuneiform (Uruk IV)","N14 _ N01 N01 N01 N01 N01 N01 _ N01",10,3,-1.71027763950211,-1.51684634065291,-0.868900368191893,2.14221774755967,"Cuneiform (Uruk IV)"
"Cuneiform (Uruk IV)","N01 N01 N01 N01 N01 N01 _ ZATU694~d _ N01 N01 N01 N01 N01 _ ZATU694~b _ N01 _ N14 N14 N14 N14 _ GAR3 _ N01 N01 _ SZA3~a1",30,7,-0.758106303502611,-0.241725487846885,-1.1341210868002,1.60209902032077,"Cuneiform (Uruk IV)"
"Cuneiform (Uruk IV)","N01 _ SZU2 _ KAB _ NAM2",7,5,-0.69023665842617,-0.852184061068686,0.779256954588312,-0.65482566135608,"Cuneiform (Uruk IV)"
"Cuneiform (Uruk IV)","N34 _ N34 N34 N34 _ GUL",7,3,-1.47713473163504,-1.38938845602711,-0.357403268018724,1.02340038399337,"Cuneiform (Uruk IV)"
"Cuneiform (Uruk IV)","N01 N01 _ ZATU754 _ NUN~a _ N02 N02 _ N01 _ PAP~a",13,6,-0.52252533302409,-0.414334823145044,-0.226250165410219,0.184287361318647,"Cuneiform (Uruk IV)"
"Cuneiform (Uruk IV)","N34 _ GESZTU~a _ KISAL~b1",5,4,-0.906737798595226,-1.25089953379879,1.12025502137042,-0.65482566135608,"Cuneiform (Uruk IV)"
"Cuneiform (Uruk IV)","N34 _ N01 N01 N01 N01 N01 _ N01 _ N34 _ N14 _ N01 N01 N01 N01 N01 N01 _ N01 N01 _ N34 _ N34",27,4,-1.24952525326661,-1.26572511100345,-1.47301422724415,1.28158900635483,"Cuneiform (Uruk IV)"
"Cuneiform (Uruk IV)","AB2 _ GADA~a _ N01 _ SZU2 _ DUB~b",9,6,-0.529611502249271,-0.528900409712408,0.589813584153808,-0.65482566135608,"Cuneiform (Uruk IV)"
"Cuneiform (Uruk IV)","N01 _ SZU2 _ NAM2 _ KAB _ N34 _ N28 _ N01 _ SZU2 _ SI4~a _ EN~a _ ZATU685",21,10,-0.173670828412142,0.18355672090959,-0.16795989758422,-0.65482566135608,"Cuneiform (Uruk IV)"
"Cuneiform (Uruk IV)","N01 N01 N01 _ BA _ N01 _ APIN~a _ N01 _ SIG7 _ PAP~a _ N02 N02 N02 _ N01 _ PAP~a _ N01 _ TUR _ SZIR~b _ N01 N01 N01 N01 N01 N01 N01 N01 N01",39,9,-0.575127859764251,-0.152478010255807,-1.14432188366975,0.935072697396033,"Cuneiform (Uruk IV)"
"Cuneiform (Uruk IV)","N01 N01 _ TE _ N57 _ N01 N01 _ NUN~a _ N01 _ ZATU693 _ N01 N01 _ GESZTU~a _ N01 N01 _ AN _ USZ~a _ N01 N01 _ BALAG _ N01 N01 _ GURUSZ~a _ N01 _ N01 _ N01 _ N01 N01 _ N01 _ N34 _ N01",52,12,-0.665671178041266,0.0431373733134016,-1.14432188366975,0.0362085926113394,"Cuneiform (Uruk IV)"
"Cuneiform (Uruk IV)","N01 _ DUG~c _ N01 N01 _ SZU2",8,4,-1.02293964173311,-1.13838200150036,-0.0732382123669659,0.064414072365114,"Cuneiform (Uruk IV)"
"Cuneiform (Uruk IV)","N34 N34",2,1,-2.92509881703987,-2.74736726579605,-0.0732382123669659,4.37985247469227,"Cuneiform (Uruk IV)"
"Cuneiform (Uruk IV)","N01 N01 N01 _ SZITA~a1 _ ZATU713 _ DUG~b",9,5,-0.705781291989865,-0.58111559784096,0.14777905313996,0.603843872656008,"Cuneiform (Uruk IV)"
"Cuneiform (Uruk IV)","N01 _ SZU2 _ DUB~b _ ZATU680~e _ N01 _ GISZIMMAR~b3 _ SZU2 _ N01 N01 _ N01 _ DUB~b",20,6,-0.703999684411967,-0.710188667404099,-0.868900368191893,-0.389842601564061,"Cuneiform (Uruk IV)"
"Cuneiform (Uruk IV)","N01 _ SZU2",3,3,-1.26061067325236,-1.76460773438122,1.91591717719535,-0.65482566135608,"Cuneiform (Uruk IV)"
"Cuneiform (Uruk IV)","N14 _ N01 _ USZ~a _ N01 N01 N01 N01 N01 N01 _ RU _ USZ~a _ N01 _ EN~b _ N01 _ |ZATU737xEN~b| _ N01 _ PIRIG~a1 _ EN~b _ N01 _ DUB~d _ N01 _ KASZ~b _ N01 _ PA~b _ N01 _ N01 _ UMUN2 _ SANGA~b _ N01 _ ZATU678 _ N01 _ ZATU678 _ N01 _ GA~a _ GAL~a _ N01 _ SUG5 _ SANGA~b _ N01 _ NIR~b _ GA~a _ N01 _ BU~a _ SANGA~b _ N01 _ NAM2 _ N01 _ UMBIN~b2 _ N01 _ ISZ~b _ N01 _ N01 _ NIM~b2 _ N01 N01 N01 N01 _ |MAR~bx(LAGAB~b.SZE3)| _ N01 N01 _ TE _ PIRIG~a1 _ N01 N01 N01 _ SZITA~a3 _ N01 _ ZATU693 _ N01 _ ZATU752 _ N01 _ SANGA~b _ N01 _ URU~b2 _ N01 _ PAP~a _ UB _ N01 _ UB _ N14 N14 N14 N14 N14 _ N01 N01 N01 N01 _ GU4 _ AB2",161,33,0.081939983344894,1.19065636185292,-1.24696344223293,-0.0884243710506402,"Cuneiform (Uruk IV)"
"Cuneiform (Uruk IV)","N01 _ ZATU668 _ PAP~a _ N01 _ NIR~b _ N01 _ MASZ _ ZATU621~b _ N01 N01 _ DIN _ N01 _ UB _ N01 _ MASZ _ MUSZ3~b _ N01 N01 _ GURUSZDA _ BU~a _ N01 _ |1(N58).BAD~b| _ GUKKAL~b _ N01 _ UKKIN~c _ GUKKAL~a _ N01 _ BU~a _ N01 _ ZATU621~a _ NAM~a _ N01 _ ZATU680~d _ N01 _ SZA _ SZUBUR _ N01 N01 N01 N01 N01 N01 N01 N01 N01 _ ZATU771 _ N01 N01 _ ZATU768",86,23,-0.0713388295990221,0.936617970564385,-0.998426765651766,-0.00327907904394189,"Cuneiform (Uruk IV)"
"Cuneiform (Uruk IV)","N14 _ N01 N01 N01 _ PAP~a _ NUN~a _ N34 N34 N34 _ |SAGxGESZTU~a| _ N34 _ N14 N14 N14 _ N51 N51 _ N14 N14 N14 _ N01 N01 N01 N01 N01",34,8,-0.265593055105543,-0.300373411328375,-1.12632047742937,1.32853239223873,"Cuneiform (Uruk IV)"
"Cuneiform (Uruk IV)","N34 _ N14 N14 _ N14 _ N01 N01 N01 N01 N01 _ N14 N14 _ N01 N01 N01 N01 N01 N01 N01 N01 N01 _ RAD~a",27,5,-1.05969309362844,-1.19163283269027,-1.32566938357287,2.05615487343918,"Cuneiform (Uruk IV)"
"Cuneiform (Uruk IV)","N01 _ N01 _ N01 N01",6,2,-1.96072740284067,-1.90425675534109,-0.73629000888774,0.352109965853591,"Cuneiform (Uruk IV)"
"Cuneiform (Uruk IV)","N14 _ N01 N01 N01 N01 N01 _ SZITA~a1 _ N01",11,4,-1.22676660500797,-1.08495983339993,-0.615735136793051,1.35904559306326,"Cuneiform (Uruk IV)"
"Cuneiform (Uruk IV)","N14 N14 _ N01 N01 N01 _ DUR~a _ UNUG~a _ DUR~a",12,5,-0.626557614816771,-0.632570008315497,-0.404764110627351,0.718268375748017,"Cuneiform (Uruk IV)"
"Cuneiform (Uruk IV)","N48 N48 _ N34 _ N14 _ N01 N01 N01 N01 N01 _ ZATU651 _ N01 _ IB~a",18,7,-0.472409048793753,-0.258790318067507,-0.515272743380814,0.825962025716967,"Cuneiform (Uruk IV)"
"Cuneiform (Uruk IV)","N01 N01 N01 _ N01 N01 N01 _ N14 N14 _ N01 N01 _ N01 N01 _ N14 _ N14 _ SZITA~b1 _ N34 _ N14 N14 N14",28,5,-0.929546823596394,-0.714099712945115,-1.35198096279988,1.02340038399337,"Cuneiform (Uruk IV)"
"Cuneiform (Uruk IV)","N02 N02 _ SUHUR _ UTUA~a",6,4,-0.910552308458207,-1.05203519424764,0.589813584153808,0.352109965853591,"Cuneiform (Uruk IV)"
"Cuneiform (Uruk IV)","N14 N14 _ N01 N01 N01 N01",7,3,-1.47713473163504,-1.4249740172117,-0.357403268018724,2.70162642934282,"Cuneiform (Uruk IV)"
"Cuneiform (Uruk IV)","N01 N01 _ N01 N01 _ |SILA3~axSUHUR|",7,3,-1.47713473163504,-1.43702065460072,-0.357403268018724,1.02340038399337,"Cuneiform (Uruk IV)"
"Cuneiform (Uruk IV)","N01 _ N01 _ N01 _ N01 _ SZE~a _ A _ N01 _ N01 _ N01 _ N01 _ N01 _ N01",23,4,-1.42887800413338,-1.48459625379993,-1.37051346642935,-0.65482566135608,"Cuneiform (Uruk IV)"
"Cuneiform (Uruk IV)","N01 _ GA~a _ AB2 _ UNUG~a _ AN",9,6,-0.529611502249271,-0.528900409712408,0.589813584153808,-0.65482566135608,"Cuneiform (Uruk IV)"
"Cuneiform (Uruk IV)","N01 N01 N01 N01 N01 N01 _ SZAM2 _ KU6~a",10,4,-1.27532562823825,-0.849982900551807,-0.471069290279429,2.14221774755967,"Cuneiform (Uruk IV)"
"Cuneiform (Uruk IV)","N01 N01 _ DARA4~b _ UTUA~a",6,4,-0.910552308458207,-1.05203519424764,0.589813584153808,0.352109965853591,"Cuneiform (Uruk IV)"
"Cuneiform (Uruk IV)","N34 N34 N34 _ N01 N01 N01 N01 N01 N01 N01 N01 _ UDUNITA~a _ UDUNITA~a _ N34 N34 N34 N34 N34 N34 N34 _ MASZ _ MASZ",28,5,-0.754353821521231,-0.728355724682916,-1.35198096279988,2.14221774755967,"Cuneiform (Uruk IV)"
"Cuneiform (Uruk IV)","N34 _ N14 N14 _ UDU~a _ NUN~a _ GURUSZDA",10,6,-0.48666776084224,-0.475225177919295,0.324592865545498,-0.0954169795729301,"Cuneiform (Uruk IV)"
"Cuneiform (Uruk IV)","N36 _ NESAG2~a _ TE _ N36 _ GI _ AL _ N36 N36 N36 _ AN",17,7,-0.563703307983009,-0.288689706583345,-0.424265634054434,-0.0254908943500358,"Cuneiform (Uruk IV)"
"Cuneiform (Uruk IV)","N51 _ GAR",3,3,-1.26061067325236,-1.76460773438122,1.91591717719535,-0.65482566135608,"Cuneiform (Uruk IV)"
"Cuneiform (Uruk IV)","N01 N01 _ GIR3~a _ N01 N01 N01 _ SANGA~b _ KUR@g~a",12,5,-0.876390154158088,-0.734812913465192,-0.404764110627351,0.718268375748017,"Cuneiform (Uruk IV)"
"Cuneiform (Uruk IV)","KUR~b _ N01 _ NINDA2 _ N39~b _ N14 _ N24 _ N26 _ N14 N14 _ N28 _ GI6 _ N14 N14 _ N28 _ GAR@g~a _ N14 N14 _ N14 N14 _ N28 _ SIG2~a2 _ N14 N14 _ DU8~c _ N14 N14 _ ZATU726~d _ N01 N01 _ DUG~b _ N01 N01 _ KASZ~b _ MUSZ3~a _ NUN~a _ N51 _ N14 N14 N14 N14 _ N39~b _ N26 _ N28 _ N24 _ NUN~a _ MUSZ3~a _ N20 N20 _ N05 N05 _ N42~b N42~b _ N25 _ N28~c",93,24,0.4277215152377,1.00351338823301,-1.03573275570357,0.111321011520842,"Cuneiform (Uruk IV)"
"Cuneiform (Uruk IV)","U8 _ N01 N01 N01 N01 _ |MAH~axX| _ ZATU729",10,5,-0.775979185101992,-0.745069563578924,-0.0732382123669659,1.02340038399337,"Cuneiform (Uruk IV)"
"Cuneiform (Uruk IV)","N14 _ N01 N01 _ N14 _ N01 N01",9,3,-1.31781312670788,-1.62271028642333,-0.73629000888774,0.603843872656008,"Cuneiform (Uruk IV)"
"Cuneiform (Uruk IV)","N01 N01 N01 N01 _ N57 N57 N57 _ N01 N01",11,3,-1.41770753125934,-1.06602148823823,-0.977399753077109,2.36598122027293,"Cuneiform (Uruk IV)"
"Cuneiform (Uruk IV)","N01 _ USZ~a",3,3,-1.26061067325236,-1.76460773438122,1.91591717719535,-0.65482566135608,"Cuneiform (Uruk IV)"
"Cuneiform (Uruk IV)","RAD~b _ N01 _ DI",5,4,-0.906737798595226,-1.25089953379879,1.12025502137042,-0.65482566135608,"Cuneiform (Uruk IV)"
"Cuneiform (Uruk IV)","N34 N34 _ N01",4,3,-1.34983617546617,-1.50819631525229,0.921339482414193,1.02340038399337,"Cuneiform (Uruk IV)"
"Cuneiform (Uruk IV)","N01 _ N01 _ SIG2~a3 _ N01 _ DU8~c _ N01 _ N28 _ ZATU726~d _ N01 N01 _ N01 N01 N01 _ ZATU720 _ N01 N01 N01 N01 N01 N01 _ N28",33,7,-0.925244115706054,-0.57522427941171,-1.21850949726648,0.603843872656008,"Cuneiform (Uruk IV)"
"Cuneiform (Uruk IV)","N01 N01 N01 _ NI~a _ N01 _ DUG~b _ |1(N57).SZUBUR|",11,5,-0.819617300438624,-0.573470018355697,-0.254070520508993,0.352109965853591,"Cuneiform (Uruk IV)"
"Cuneiform (Uruk IV)","N01 _ AN _ AB2",5,4,-0.906737798595226,-1.25089953379879,1.12025502137042,-0.65482566135608,"Cuneiform (Uruk IV)"
"Cuneiform (Uruk IV)","N07~a N07~a _ BA _ SANGA~a _ UNUG~a _ N07~a N07~a N07~a",12,5,-0.876390154158088,-0.756038389407821,-0.404764110627351,0.718268375748017,"Cuneiform (Uruk IV)"
"Cuneiform (Uruk IV)","N14 N14 N14 _ N01 N01 N01 N01 N01 _ EN~b _ N34 N34 _ N01",16,5,-0.710848114772948,-0.513324859463577,-0.819171483452835,1.69469080213315,"Cuneiform (Uruk IV)"
"Cuneiform (Uruk IV)","N14 N14 _ N01 N01 N01 _ DUG~a _ N01 _ N01 N01 _ N01 N01 _ ZATU758 _ N01 N01 N01 N01 N01 _ ZATU697~a",26,6,-0.982044001912145,-0.747032248523734,-1.14432188366975,1.15765846762133,"Cuneiform (Uruk IV)"
"Cuneiform (Uruk IV)","N01 N01 _ NUN~a _ N01 N01 _ NUN~a _ ZATU693 _ N01 _ SAL _ NUN~a _ N01 _ NUN~a _ N01 N01 _ SAL _ GURUSZ~a _ N01 N01 _ SIG7 _ N01 _ SAL _ ZAG~c _ UNUG~a _ N01 N01 N01 N01 _ U8 _ N01 N01 _ NUN~a _ N01 N01 _ NUN~a _ ZATU693 _ ZATU651 _ N01 N01 N01 _ UTUA~a _ KU3~a _ N14 N14 _ N01 N01 _ NUN~c",78,15,-0.286768020223999,0.108358175414331,-1.29733383671301,0.195184933041695,"Cuneiform (Uruk IV)"
"Cuneiform (Uruk IV)","N01 N01 N01 _ DUG~c _ AN _ N14 N14 _ N01 _ BAR _ DUG~c _ N34 _ SUHUR _ N14 N14 N14 N14 _ N01 N01 N01 N01 N01 N01 N01 N01 N01 _ DUG~c _ U4 _ ZATU755~a",41,10,-0.28215294583413,-0.182171096160236,-1.09207389970376,1.10731168626084,"Cuneiform (Uruk IV)"
"Cuneiform (Uruk IV)","N14 _ N01 N01 N01 N01 N01 N01 _ BU~a _ N14 _ N01 _ N14 _ N14 N14 _ N14",21,4,-1.05349066788862,-1.01189868221047,-1.30462012019126,0.855577779458426,"Cuneiform (Uruk IV)"
"Cuneiform (Uruk IV)","N14 N14 _ AL",4,3,-1.34983617546617,-1.50819631525229,0.921339482414193,1.02340038399337,"Cuneiform (Uruk IV)"
"Cuneiform (Uruk IV)","N01 N01 N01 _ UKKIN~a _ N14 N14",8,4,-0.92384413500402,-0.896773397312909,-0.0732382123669659,1.5028935398075,"Cuneiform (Uruk IV)"
"Cuneiform (Uruk IV)","N01 _ EZEN~a _ EN~a _ N01 _ USZ~a _ GI4~b",11,6,-0.591408569496224,-0.530748500795979,0.107594095775061,-0.65482566135608,"Cuneiform (Uruk IV)"
"Cuneiform (Uruk IV)","ZATU720 _ N01 _ KU6~a _ UTUA~a _ N01 _ |MAH~axUDU~a| _ N01 _ GUKKAL~d _ NIMGIR",17,8,-0.408880477035665,-0.222776823306018,-0.190247352929454,-0.65482566135608,"Cuneiform (Uruk IV)"
"Cuneiform (Uruk IV)","N34 N34 N34 _ PAD~a _ UDU~a",7,4,-0.990286685392583,-0.919317874376831,0.210926843284792,1.02340038399337,"Cuneiform (Uruk IV)"
"Cuneiform (Uruk IV)","N08 _ N39~b _ N01 _ GAR _ N01 _ NUN~b _ UMBIN~a _ N01 _ |MAH~axX| _ N01",19,8,-0.483093631428582,-0.249991729095702,-0.387315379139965,-0.65482566135608,"Cuneiform (Uruk IV)"
"Cuneiform (Uruk IV)","ZATU697~a _ NUN~a _ ZATU697~a _ KU6~a _ N24 _ KU6~a",11,5,-0.78234949574758,-0.817001398410074,-0.254070520508993,-0.65482566135608,"Cuneiform (Uruk IV)"
"Cuneiform (Uruk IV)","N01 N01 _ ZATU639 _ UNUG~a _ ERIM~a _ GU4 _ LAGAR~a _ MASZ _ PA~a",16,9,-0.145514047661469,0.27198431834407,0.175406211328324,-0.319180452286189,"Cuneiform (Uruk IV)"
"Cuneiform (Uruk IV)","N01 N01 N01 N01 N01 N01 N01 N01 _ N01 _ EN~a _ SZUBUR",14,4,-1.42344171810175,-0.816518689687948,-0.925733379322244,2.05615487343918,"Cuneiform (Uruk IV)"
"Cuneiform (Uruk IV)","NUN~a _ N01 _ DIN _ MUSZ3~a _ ZATU659",9,6,-0.529611502249271,-0.528900409712408,0.589813584153808,-0.65482566135608,"Cuneiform (Uruk IV)"
"Cuneiform (Uruk IV)","N01 N01 _ DUG~b _ TUR3~a",6,4,-0.910552308458207,-1.05203519424764,0.589813584153808,0.352109965853591,"Cuneiform (Uruk IV)"
"Cuneiform (Uruk IV)","N34 _ |SZITA~b1xHI@g~a|",3,3,-1.26061067325236,-1.76460773438122,1.91591717719535,-0.65482566135608,"Cuneiform (Uruk IV)"
"Cuneiform (Uruk IV)","N34 _ N14 N14 N14 _ N14 _ ZATU644~a _ N01 N01 _ SZU2 _ N01 N01 _ NU@g _ N14 _ ME~a _ N14",25,8,-0.431254372239828,-0.166414727869824,-0.7893341526094,0.184287361318647,"Cuneiform (Uruk IV)"
"Cuneiform (Uruk IV)","N14 _ N01 N01 N01 N01 N01 _ GESZTU~b _ N14 _ N01 N01 N01 N01 _ N14 _ N01 N01 N01 N01 _ UKKIN~a _ N14 _ N14 _ TE _ N14 N14 _ NAM2 _ N01 N01 N01 N01 N01 N01 _ SZITA~a1 _ N01 N01 N01 N01 N01 N01 _ N01 N01 N01 N01 N01 _ N01 _ N14 N14 _ AB~a _ N01 N01 N01 N01 N01 _ MUSZ3~a _ N01 N01 N01 _ EN~a _ N01 _ ZATU630 _ N14 N14 N14 N14 _ ZATU693 _ N14 _ N01 N01 N01 _ NIR~b _ N14 _ KU6~a _ N01 N01 N01 N01 N01 N01 _ APIN~a _ DA~a _ N34 _ N14 N14 N14 N14 _ N34 N34 N34 N34 N34 _ ZATU758 _ KU6~a",130,19,-0.286012748855505,0.312761147934658,-1.48094818036491,1.25757146008864,"Cuneiform (Uruk IV)"
"Cuneiform (Uruk IV)","N14 N14 _ N01 N01 N01 N01 N01 N01 N01 N01 _ UTUA~a _ N14 _ N01 N01 N01 N01 _ U8 _ N34 N34 N34 _ N14 N14 _ N01 N01 N01 _ N34 N34 _ N14 N14 N14 N14 _ N01 _ UD5~a _ U2~b _ N34 _ N01 N01 N01 N01 N01 _ GA2~b _ UTUA~b _ N34 _ N14 _ N01 N01 N01 N01 _ U8 _ GI6 _ N01 N01 N01 N01 N01 N01 N01 _ U8 _ N14 _ UDUNITA~a _ N01 N01 N01 N01 N01 _ UD5~b",94,13,-0.396684747636078,-0.209418293282238,-1.51220168566736,1.34821832825455,"Cuneiform (Uruk IV)"
"Cuneiform (Uruk IV)","N01 N01 _ AN _ MUSZ3~a _ KASKAL _ KUR~a _ DUB~b _ NAGA~a _ A _ IB~a _ NUN~c",20,11,0.0106255890756881,0.604797900514842,0.125677326589266,-0.389842601564061,"Cuneiform (Uruk IV)"
"Cuneiform (Uruk IV)","N34 N34 N34 N34 N34 _ N01 N01 N01 N01 N01 _ SZU2 _ N14 _ ZATU644~a _ N14 _ ZATU753 _ N14 _ ME~a _ NESAG2~a _ N01 _ |ZATU662x1(N14)| _ N01 _ ZATU662 _ N14 N14 N14 N14 _ N01 N01 _ SZU2 _ N14 N14 N14 N14 _ N01 N01 _ N01 N01 _ ME~a _ ANSZE~c _ EN~b@t _ GIR3~a",64,14,-0.00119852324438221,0.282515473188332,-1.19213811899577,0.703738280117286,"Cuneiform (Uruk IV)"
"Cuneiform (Uruk IV)","N01 N01 N01 N01 N01 _ UD5~a _ SZUBUR _ N14 N14 _ N01 N01",15,5,-0.89812964942027,-0.481473332488637,-0.73629000888774,1.5028935398075,"Cuneiform (Uruk IV)"
"Cuneiform (Uruk IV)","N01 N01 N01 N01 N01 N01 _ UDU~a _ N38 _ N01 _ N01 _ GI _ |U4.SZU2|",18,6,-0.851068640315664,-0.301270143439488,-0.73629000888774,0.825962025716967,"Cuneiform (Uruk IV)"
"Cuneiform (Uruk IV)","N07~a N07~a _ SAG _ BA _ EZINU~d _ N01 _ N07~a N07~a",13,6,-0.623108881865029,-0.440311551591697,-0.226250165410219,0.184287361318647,"Cuneiform (Uruk IV)"
"Cuneiform (Uruk IV)","N01 N01 N01 N01 _ KASZ~b _ UDU~a _ ZATU762~a",10,5,-0.775979185101992,-0.538799657285253,-0.0732382123669659,1.02340038399337,"Cuneiform (Uruk IV)"
"Cuneiform (Uruk IV)","N01 N01 N01 N01 N01 N01 N01 _ N01 _ GU4 _ |(DUBxDISZ)~a| _ N02 N02 N02 N02 N02 N02 _ UR~a _ TE _ NUN~a _ USZ~a",28,9,-0.258548120872952,0.325267180692379,-0.783650851496367,1.39633950518214,"Cuneiform (Uruk IV)"
"Cuneiform (Uruk IV)","N01 _ MASZ _ SANGA~a _ UNUG~a _ DARA4~a2 _ GU4 _ GU4",13,7,-0.453476080460179,-0.325878861789839,0.0797737406762874,-0.65482566135608,"Cuneiform (Uruk IV)"
"Cuneiform (Uruk IV)","N07~a _ KU3~a _ ESZDA _ N08",7,5,-0.69023665842617,-0.852184061068686,0.779256954588312,-0.65482566135608,"Cuneiform (Uruk IV)"
"Cuneiform (Uruk IV)","N01 N01 N01 _ USZ~a _ N01 _ N01 N01 N01 N01 _ ZATU697~b",14,4,-1.32710971815183,-1.08131336068917,-0.925733379322244,1.28158900635483,"Cuneiform (Uruk IV)"
"Cuneiform (Uruk IV)","N01 N01 _ SZE~a _ MAR~a _ UDUNITA~a _ KISAL~b1 _ A _ EN~a",14,8,-0.24016161797654,0.0774500910912642,0.210926843284792,-0.267542727813899,"Cuneiform (Uruk IV)"
"Cuneiform (Uruk IV)","N01 N01 _ GURUSZDA _ UDUNITA~a _ N57 _ NIMGIR _ UNUG~a",12,7,-0.351302606966855,-0.142313686141459,0.258287685893419,-0.197127648988048,"Cuneiform (Uruk IV)"
"Cuneiform (Uruk IV)","N34 N34 N34 N34 N34 N34 N34 N34 N34 _ N45 _ N14 N14 N14 N14 N14 N14 N14 _ N01 N01 N01 _ N36 N36 N36 N36 N36 _ N46 _ N14 N14 _ N01 N01 N01 _ N36 _ N46 N46 _ N04 _ N46 _ N19 _ N01 N01 _ GI _ N36 N36 _ N46 _ N19 N19 _ GI _ N36 N36 _ N46 _ N01 _ N36 _ N14 N14 N14 N14 N14 N14 N14 N14 _ N01 _ DA~c _ U4",88,12,0.114020373934914,-0.0697747125199738,-1.5198966775032,1.37061956578981,"Cuneiform (Uruk IV)"
"Cuneiform (Uruk IV)","N01 N01 N01 N01 N01 _ ZATU651 _ AN _ DUG~a _ U8 _ DIN _ BAR",17,8,-0.307849183710156,0.199510547769804,-0.190247352929454,0.603843872656008,"Cuneiform (Uruk IV)"
"Cuneiform (Uruk IV)","N01 _ SAL _ N01 N01 N01 _ GURUSZ~a _ SUKKAL _ UNUG~a _ KUR~a _ MAGUR~a",17,8,-0.340717747634277,0.0790935467721932,-0.190247352929454,-0.0254908943500358,"Cuneiform (Uruk IV)"
"Cuneiform (Uruk IV)","N09 _ BAR _ LAM~b _ BA _ SZUBUR _ SZESZ~a _ N09",13,7,-0.453476080460179,-0.252032119670007,0.0797737406762874,-0.65482566135608,"Cuneiform (Uruk IV)"
"Cuneiform (Uruk IV)","N01 _ SUHUR _ NESAG2~a _ LAL2~a",7,5,-0.69023665842617,-0.852184061068686,0.779256954588312,-0.65482566135608,"Cuneiform (Uruk IV)"
"Cuneiform (Uruk IV)","N01 _ KISAL~b1 _ BU~a _ GURUSZDA _ BU~a _ PAP~a _ NIM~a _ DUG~b _ TUR",17,9,-0.238697286294625,0.0950899660368452,0.0437709281955221,-0.65482566135608,"Cuneiform (Uruk IV)"
"Cuneiform (Uruk IV)","N14 _ KAB _ UNUG~a _ UDUNITA~a _ EN@g~a",9,6,-0.529611502249271,-0.528900409712408,0.589813584153808,-0.65482566135608,"Cuneiform (Uruk IV)"
"Cuneiform (Uruk IV)","N14 N14 N14 N14 _ NUN~b _ SZITA~a1",8,4,-1.08729240187056,-0.871739957457592,-0.0732382123669659,1.5028935398075,"Cuneiform (Uruk IV)"
"Cuneiform (Uruk IV)","N01 _ U4 _ N01 _ GI6 _ N01 _ DUB~b _ N01 _ IB~a _ N01 N01 N01 N01 N01 N01 N01 N01",24,6,-1.04267965076365,-0.666777138355322,-1.06781590714812,0.877467684397769,"Cuneiform (Uruk IV)"
"Cuneiform (Uruk IV)","N01 _ KUSZU2~a _ |EZEN~axEN~b| _ DARA3~a",7,5,-0.69023665842617,-0.852184061068686,0.779256954588312,-0.65482566135608,"Cuneiform (Uruk IV)"
"Cuneiform (Uruk IV)","N01 N01 _ NESAG2~a _ UNUG~a _ |MAxMA|",8,5,-0.661300361408403,-0.691851597853605,0.424050635023614,0.064414072365114,"Cuneiform (Uruk IV)"
"Cuneiform (Uruk IV)","N14 _ N01 N01 N01 N01 N01 N01 N01 _ LAGAR~a _ GESZTU~b",13,5,-1.01060180009374,-0.812463876664165,-0.53227407149673,1.8625134066681,"Cuneiform (Uruk IV)"
"Cuneiform (Uruk IV)","N01 N01 _ AN _ SIG2~e _ NIMGIR",8,5,-0.661300361408403,-0.691851597853605,0.424050635023614,0.064414072365114,"Cuneiform (Uruk IV)"
"Cuneiform (Uruk IV)","N01 N01 N01 N01 N01 _ N58 N58 N58 _ UDUNITA~a _ N01 N01 N01 N01 N01 _ MASZ _ UNUG~a _ ZATU762~b _ GURUSZDA",25,8,-0.468917723797485,0.00841881244447668,-0.7893341526094,1.44295689533074,"Cuneiform (Uruk IV)"
"Cuneiform (Uruk IV)","N14 N14 _ N01 _ LAGAR~a",6,4,-0.910552308458207,-1.05203519424764,0.589813584153808,0.352109965853591,"Cuneiform (Uruk IV)"
"Cuneiform (Uruk IV)","N01 N01 N01 N01 _ UDU~a _ N01 N01 _ SILA4~c _ N01 N01 N01 N01 _ NESAG2~a",18,5,-1.16140392323735,-0.822503663902783,-0.957307274394662,1.41827710054618,"Cuneiform (Uruk IV)"
"Cuneiform (Uruk IV)","N01 _ BU~a _ |EZEN~axRAD~a| _ DUB~b",7,5,-0.69023665842617,-0.852184061068686,0.779256954588312,-0.65482566135608,"Cuneiform (Uruk IV)"
"Cuneiform (Uruk IV)","N01 N01 _ AB2 _ NUN~a _ ZATU639 _ LAM~b _ NIMGIR _ GU4 _ N01 _ AB2 _ BA _ N01 _ AB2 _ SZE~b _ UNUG~a _ N01 N01 N01 N01 _ AB2 _ GU4 _ ZATU639 _ UNUG~a",41,11,-0.194618414486429,-0.0727240737932939,-0.995041929481212,-0.151357847751245,"Cuneiform (Uruk IV)"
"Cuneiform (Uruk IV)","N07~a N07~a _ N09 _ SAG _ URU~b1 _ BA _ NAM2 _ N01 _ N07~a _ N09",18,8,-0.34028170648831,-0.0681899227280414,-0.294255477873892,-0.358668123941471,"Cuneiform (Uruk IV)"
"Cuneiform (Uruk IV)","N07~a _ N09 _ ZATU651 _ TUR _ SAG _ BA _ EN~a _ N01 _ N07~a N07~a _ N09",20,9,-0.239047632492435,0.0454156969433991,-0.272153751323198,-0.389842601564061,"Cuneiform (Uruk IV)"
"Cuneiform (Uruk IV)","N01 N01 N01 _ MASZ _ N01 N01 N01 N01 _ TUR _ ZATU631",14,5,-1.00091666647178,-0.729692059044818,-0.641568323670486,1.28158900635483,"Cuneiform (Uruk IV)"
"Cuneiform (Uruk IV)","|(DUBxDISZ)~a| _ N01 N01 N01 _ GAL~a _ TE _ N01 _ |SZE~a.NAM2| _ SZE~a _ N01 _ GAL~a _ ZATU693 _ N01 _ DI _ N01 N01 _ MAR~a _ SZIM~a _ N01 _ SZUBUR _ NAM2 _ N01 _ GA~a _ SZE~a _ N01 _ NIM~b2 _ N01 _ |ZATU762~axNIM~a| _ N01 _ N01 _ |1(N58).BAD~a| _ SZE~a _ N01 _ KAB _ USZ~a _ N01 _ GAL~a _ NIM~a _ N01 _ GA2~b _ SZE~a _ N01 N01 N01 N01 _ |ZATU737xSZE~a| _ N01 N01 N01 N01 N01 N01 N01 N01 N01 _ SZE~a _ N01 N01 N01 N01 N01 _ GAL~a _ N14 _ N01 N01 N01 N01 N01 N01 N01 N01 _ |DARA3~cx(KAR2.SZE~a)| _ SU~a _ NUN~a",122,26,-0.131523484330946,0.620873790790273,-1.21455687850928,0.385397094025812,"Cuneiform (Uruk IV)"
"Cuneiform (Uruk IV)","N07~a _ APIN~a _ NAM2 _ N08",7,5,-0.69023665842617,-0.852184061068686,0.779256954588312,-0.65482566135608,"Cuneiform (Uruk IV)"
"Cuneiform (Uruk IV)","N34 _ ZATU694~d _ N14 N14 N14 N14 N14 _ ZATU694~b _ N14 _ ZATU693 _ N34 N34",18,6,-0.633137617826955,-0.452586293280883,-0.73629000888774,0.825962025716967,"Cuneiform (Uruk IV)"
"Cuneiform (Uruk IV)","N01 _ NUN~a _ A _ AB2 _ RAD~b _ AN",11,7,-0.400467643244868,-0.257376076748944,0.469258712059119,-0.65482566135608,"Cuneiform (Uruk IV)"
"Cuneiform (Uruk IV)","N01 N01 N01 N01 N01 N01 _ BA _ SUKKAL _ N01 _ GURUSZ~a",14,5,-1.00091666647178,-0.521904901746504,-0.641568323670486,1.28158900635483,"Cuneiform (Uruk IV)"
"Cuneiform (Uruk IV)","N14 N14 _ N01 N01 N01 N01 _ |1(N58).BAD~b| _ N01 N01 _ MA2",14,5,-0.840261671909377,-0.770053847526412,-0.641568323670486,1.28158900635483,"Cuneiform (Uruk IV)"
"Cuneiform (Uruk IV)","N14 _ N01 _ GU4 _ |(DUBxDISZ)~b| _ MUSZ3~a _ TE _ NUN~a _ DA~a",15,9,-0.198012919831956,0.182283927128869,0.324592865545498,-0.65482566135608,"Cuneiform (Uruk IV)"
"Cuneiform (Uruk IV)","N01 _ AMAR _ RAD~b _ |GIxLAGAB~a| _ AN",9,6,-0.529611502249271,-0.528900409712408,0.589813584153808,-0.65482566135608,"Cuneiform (Uruk IV)"
"Cuneiform (Uruk IV)","N01 N01 N01 N01 N01 _ SZITA~a3 _ SUHUR _ UNUG~a _ NESAG2~a",13,6,-0.623108881865029,-0.240690864148745,-0.226250165410219,1.02340038399337,"Cuneiform (Uruk IV)"
"Cuneiform (Uruk IV)","N01 _ DUG~b _ N34 _ N14 _ SZE3 _ N14 N14 N14 N14 _ SZE3 _ MASZ _ NUN~a",20,8,-0.361152958823921,-0.235196724647006,-0.471069290279429,0.140123518019974,"Cuneiform (Uruk IV)"
"Cuneiform (Uruk IV)","N01 _ UNUG~a _ GU4 _ AN _ UTUL~a",9,6,-0.529611502249271,-0.528900409712408,0.589813584153808,-0.65482566135608,"Cuneiform (Uruk IV)"
"Cuneiform (Uruk IV)","N14 N14 N14 N14 _ N01 N01 N01 N01 N01 N01 N01 _ GIR~b _ BA",16,5,-0.851421235015056,-0.586474156913586,-0.819171483452835,2.36598122027293,"Cuneiform (Uruk IV)"
"Cuneiform (Uruk IV)","N01 N01 _ MASZ _ UNUG~a _ ERIM~a _ GURUSZDA",10,6,-0.48666776084224,-0.394888969602073,0.324592865545498,-0.0954169795729301,"Cuneiform (Uruk IV)"
"Cuneiform (Uruk IV)","N01 N01 N01 N01 N01 N01 N01 _ BA _ N01 _ GU4 _ N02 N02 N02 N02 N02 N02 _ USZ~a _ DUB~b _ NUN~a _ TE _ ERIN _ N01 N01 N01 N01 N01 N01 N01 N01 _ TUR",41,11,-0.310006346205026,0.177668775165932,-0.995041929481212,1.61077949986568,"Cuneiform (Uruk IV)"
"Cuneiform (Uruk IV)","N01 N01 N01 N01 N01 N01 _ NUN~b _ N01 N01 N01 N01 N01 _ UTUA~a _ N01 N01 N01 N01 N01 N01 N01 _ N01 N01 N01 N01 N01 _ UD5~a _ N01 N01 _ ESZGAR _ N01 _ U8 _ GURUSZ~a _ N14 N14 _ N01 N01 N01 N01 N01 N01",53,9,-1.07294527122881,-0.321859019790528,-1.3868313941534,1.8625134066681,"Cuneiform (Uruk IV)"
"Cuneiform (Uruk IV)","N01 N01 N01 N01 N01 N01 N01 _ BA _ N01 _ GI _ UMBIN~c _ GI@t _ TE _ N01 N01 N01 N01 N01 N01 _ BAR",28,8,-0.775879146246973,-0.205744891131992,-0.925733379322244,1.39633950518214,"Cuneiform (Uruk IV)"
"Cuneiform (Uruk IV)","N01 _ ZATU662 _ N01 N01 N01 N01 _ ZATU644~a _ SIG7 _ N14 N14 _ N01 N01 N01 N01 N01 N01 _ DUR~a",24,7,-0.722624886903158,-0.529512202143216,-0.90205295801793,1.31526578318458,"Cuneiform (Uruk IV)"
"Cuneiform (Uruk IV)","N14 _ N01 _ N01 N01 N01 N01 N01 N01 N01 N01 _ U8 _ BANSZUR~a _ N01 N01 _ DA~d _ N01 N01 N01 _ N58 _ N01 _ NUN~b _ N34 _ N01 N01 _ LAGAR~a _ TE _ SANGA~a",42,12,-0.465011036642268,0.298854779805657,-0.925733379322244,0.695941643437379,"Cuneiform (Uruk IV)"
"Cuneiform (Uruk IV)","EN~a _ N01 _ SAL _ N01 _ LAGAR~b1 _ N01 _ ZATU621~a _ N01 _ URU~b2 _ GU4",19,8,-0.483093631428582,-0.247653163334606,-0.387315379139965,-0.65482566135608,"Cuneiform (Uruk IV)"
"Cuneiform (Uruk IV)","N34 N34 N34 _ N14 N14 _ N01 N01 N01 N01 _ UTUA~a _ N34 N34 _ N01 N01 N01 N01 N01 N01 N01 _ UDUNITA~a _ N34 _ N14 _ N01 N01 N01 N01 N01 N01 N01 N01 N01 _ NUN~b _ N14 N14 N14 N14 _ N01 _ N14 _ N01 N01 N01 _ U2~b _ ZATU752 _ SZUBUR _ MASZ _ N14 _ N34 N34 N34 N34 N34 N34 N34 _ N14 N14 N14 N14 _ N01 N01 N01 N01 _ U2~b _ BAR",87,12,-0.297492968863012,-0.32388309772197,-1.51366108067071,1.56979956154901,"Cuneiform (Uruk IV)"
"Cuneiform (Uruk IV)","N14 _ GA~a _ UDUNITA~a _ KAB",7,5,-0.69023665842617,-0.852184061068686,0.779256954588312,-0.65482566135608,"Cuneiform (Uruk IV)"
"Cuneiform (Uruk IV)","N07~a _ BA _ EZINU~d _ SIMUG _ N08",9,6,-0.529611502249271,-0.528900409712408,0.589813584153808,-0.65482566135608,"Cuneiform (Uruk IV)"
"Cuneiform (Uruk IV)","N14 _ MA _ TE _ IB~a _ NESAG2~a _ UMBIN~a _ SZEG9",13,8,-0.291910681324409,-0.0233557380839231,0.385797646762798,-0.65482566135608,"Cuneiform (Uruk IV)"
"Cuneiform (Uruk IV)","N01 _ KUR~a _ URUDU~a _ ERIM~a _ N01 _ SAL _ SU~a _ RAD~b _ N01 _ URU~a2 _ BA _ EN~b _ MAGUR~a",25,12,-0.0550976815242758,0.573765483421702,-0.152804427949459,-0.65482566135608,"Cuneiform (Uruk IV)"
"Cuneiform (Uruk IV)","N07~a _ N09 _ SIG7 _ BA _ ESZDA _ N07~a N07~a N07~a _ N09",15,6,-0.608161641911028,-0.577487734702446,-0.471069290279429,0.064414072365114,"Cuneiform (Uruk IV)"
"Cuneiform (Uruk IV)","N45 _ N34",3,3,-1.26061067325236,-1.76460773438122,1.91591717719535,-0.65482566135608,"Cuneiform (Uruk IV)"
"Cuneiform (Uruk IV)","N01 _ SZAM2 _ |GA2~a1x1(N14)| _ N01 _ ZATU665 _ EN~a _ |GA2~a1x1(N14)|",13,6,-0.615041479595939,-0.557193989829636,-0.226250165410219,-0.65482566135608,"Cuneiform (Uruk IV)"
"Cuneiform (Uruk IV)","N01 N01 N01 N01 N01 N01 N01 _ URUDU@g~a _ N01 N01 N01 N01 N01 N01 N01 N01",18,3,-2.08173289000139,-1.41043043650678,-1.39934180540851,3.19522232503383,"Cuneiform (Uruk IV)"
"Cuneiform (Uruk IV)","|SILA3~axSUHUR| _ |SILA3~axX| _ ZATU720 _ ZATU720 _ N01 _ |MAH~ax(SILA3~axUMBIN~a)| _ N01 _ |MAH~axZATU659| _ N01 _ |SILA3~axSZE~a@t| _ N01 _ |SILA3~ax(ZATU659.TU~c)| _ AMA~a _ LAM~b",27,11,-0.191677946312361,0.270871639301433,-0.441600321545175,-0.65482566135608,"Cuneiform (Uruk IV)"
"Cuneiform (Uruk IV)","AN _ N14 N14 _ N01 N01 _ SILA4~c _ SU~b _ N01 N01 _ U8 _ N01 _ ESZGAR _ N01 N01 _ TUG2~a",25,9,-0.353193154093579,-0.126773125849421,-0.630201721444415,0.184287361318647,"Cuneiform (Uruk IV)"
"Cuneiform (Uruk IV)","N01 _ ZAR~c _ |NUN~a+EN~a| _ UKKIN~a _ N02 N02 _ ZAR~c _ GAL~a _ N02 _ NAM2 _ N02 _ N01 N01 N01 _ N02 _ ZATU753 _ N57 _ ZATU625 _ N01 _ BAN~a _ N02",38,12,-0.138957713070236,0.395079888614,-0.806084934837292,-0.246608515189997,"Cuneiform (Uruk IV)"
"Cuneiform (Uruk IV)","N34 _ GAL~a _ SANGA~a",5,4,-0.906737798595226,-1.25089953379879,1.12025502137042,-0.65482566135608,"Cuneiform (Uruk IV)"
"Cuneiform (Uruk IV)","N01 N01 N01 _ LAL2~a _ MASZ _ IB~a _ GUM~a",11,6,-0.509804907375241,-0.300097594308678,0.107594095775061,0.352109965853591,"Cuneiform (Uruk IV)"
"Cuneiform (Uruk IV)","N14 _ N14 N14 N14 _ N45 N45 _ N14 N14 N14",12,3,-1.47120333130292,-1.3312560708993,-1.06781590714812,1.63366440048408,"Cuneiform (Uruk IV)"
"Cuneiform (Uruk IV)","N07~a _ N09 _ EN~a _ NUN~a _ N07~a N07~a _ N09 _ BA",14,6,-0.596837648788144,-0.684620916605191,-0.357403268018724,-0.267542727813899,"Cuneiform (Uruk IV)"
"Cuneiform (Uruk IV)","N07~a N07~a _ PAP~a _ BA _ N07~a N07~a N07~a",10,4,-1.15505463769485,-1.06799149540528,-0.471069290279429,1.02340038399337,"Cuneiform (Uruk IV)"
"Cuneiform (Uruk IV)","N34 N34 N34 _ N45 N45 _ NESAG2~a",8,4,-0.92384413500402,-0.877427928421824,-0.0732382123669659,1.5028935398075,"Cuneiform (Uruk IV)"
"Cuneiform (Uruk IV)","N01 N01 _ BA _ N01 N01 N01 N01 N01 _ BAN~a _ KU6~a _ N01 N01 N01 N01 N01 _ N57 _ KU6~a _ N01 N01 _ EN~b _ N01 _ N01 _ ZATU729 _ N01 _ SZESZ~b _ DI _ N01 N01 _ U4 _ ZATU697~a _ USZ~a _ N01 _ AB~a _ N01 _ GURUSZ~a _ |USZ~a&USZ~a| _ N14 N14 _ N01 N01 N01 N01 N01 N01 N01 _ |USZ~a&USZ~a| _ GURUSZ~a",75,17,-0.265361996312608,0.520656153544104,-1.16064315866103,0.569825777142167,"Cuneiform (Uruk IV)"
"Cuneiform (Uruk IV)","N01 N01 N01 _ N01 N01 N01 _ U4 _ N01 N01 N01 _ N01 N01 N01 _ BU~a _ N01 N01 N01 _ N01 N01 N01 _ APIN~a _ N01 N01 N01 _ UR~a@g _ N01 N01 _ SI4~a _ N01 N01 _ N01 _ N01 N01 _ N01 N01 _ KA~a _ N01 N01 _ KA~a _ N01 _ EN~a _ ERIM~a _ N01 _ SAG@n _ N01 N01 _ MUSZEN _ N01 N01 _ KA~a _ N01 N01 _ A _ EN~a _ N01 N01 _ BU~a _ N01 _ KU3~a _ N01 N01 _ N01 _ N01 N01 _ N01 N01 _ N01 _ N01 N01",110,14,-0.882457996089647,-0.274283531000522,-1.5560631391316,0.592296445738468,"Cuneiform (Uruk IV)"
"Cuneiform (Uruk IV)","N01 _ UNUG~a _ BA _ AN _ KUR~a _ ERIM~a _ DUB~b _ URUDU~a",15,9,-0.198012919831956,0.182283927128869,0.324592865545498,-0.65482566135608,"Cuneiform (Uruk IV)"
"Cuneiform (Uruk IV)","N14 _ N01 N01 N01 N01 N01 _ NUN~a _ EN~a _ N14 _ N01 N01 N01 _ ERIN _ N01 N01 N01 _ ERIN _ N34",27,7,-0.676989391545428,-0.664327814678175,-1.03097969623031,0.894306072812645,"Cuneiform (Uruk IV)"
"Cuneiform (Uruk IV)","N01 N01 N01 N01 _ NESAG2~a _ GU4 _ GAR3",10,5,-0.775979185101992,-0.538799657285253,-0.0732382123669659,1.02340038399337,"Cuneiform (Uruk IV)"
"Cuneiform (Uruk IV)","N14 N14 _ N58 N58 N58 _ URU~b2 _ NAM2 _ GURUSZDA _ GAR3",14,7,-0.304278781071601,-0.0708828274445517,-0.0732382123669659,0.507023139270464,"Cuneiform (Uruk IV)"
"Cuneiform (Uruk IV)","N01 _ URU~a1 _ N01 _ N01 _ NAM2 _ N01 _ N01 _ |SZE~a.NAM2| _ N01 _ ZATU753 _ PAP~a",21,7,-0.749255545149762,-0.451221373397636,-0.73629000888774,-0.65482566135608,"Cuneiform (Uruk IV)"
"Cuneiform (Uruk IV)","N01 _ BU~a _ UTUA~a _ N14 _ NUN~b",9,6,-0.529611502249271,-0.528900409712408,0.589813584153808,-0.65482566135608,"Cuneiform (Uruk IV)"
"Cuneiform (Uruk IV)","N01 _ ESZGAR _ N01 _ NUN~b _ GA~a _ N01 N01 _ UTUA~a _ N01 _ N08 _ U8 _ ZATU767 _ N34 _ N14 _ N01 N01 N01 N01 N01 _ NUN~b _ N14 _ N01 _ GUKKAL~a",40,12,-0.264571903866749,0.180438925073281,-0.868900368191893,-0.00935410545244597,"Cuneiform (Uruk IV)"
"Cuneiform (Uruk IV)","N34 _ U2~b _ GUKKAL~a _ N01 _ NIMGIR _ N14 _ MUSZ3~a _ NUN~b _ N14 _ UTUA~a _ IB~a _ N14 _ GESZTU~a _ N01 N01 N01 N01 N01 N01 _ MUSZ3~a _ N34",36,12,-0.0339793504312607,0.266437462353638,-0.73629000888774,0.064414072365114,"TeDDi"
"Cuneiform (Uruk IV)","N01 N01 N01 _ SAL _ N01 N01 N01 N01 N01 N01 N01",13,3,-1.88409777867411,-1.43210807096859,-1.14432188366975,2.70162642934282,"Cuneiform (Uruk IV)"
"Cuneiform (Uruk IV)","N01 N01 N01 N01 N01 _ ZATU753 _ ZATU753",9,3,-1.41755093596685,-1.21504666245389,-0.73629000888774,1.8625134066681,"Cuneiform (Uruk IV)"
"Cuneiform (Uruk IV)","|MAH~axMASZ| _ N01 N01 _ SZITA@g~a _ AB2 _ N01 N01 _ SZITA@g~a _ N01 N01 _ N01 N01 _ N01 N01 N01",23,5,-1.09924717579178,-1.20358455180707,-1.19754343255436,0.718268375748017,"Cuneiform (Uruk IV)"
"Cuneiform (Uruk IV)","N01 N01 N01 N01 N01 N01 _ ZATU688~b _ N01 _ N01 N01 N01 N01 N01 N01 _ N14 N14 _ N01 N01 _ N01@r _ GA~a _ N01 _ DU",31,7,-0.924658878461617,-0.324964922699804,-1.16406536148179,1.35904559306326,"Cuneiform (Uruk IV)"
"Cuneiform (Uruk IV)","N45 _ N54 N54 _ N57 N57 _ SUKUD@g~c _ N34",11,6,-0.437735447935902,-0.443195224946346,0.107594095775061,0.352109965853591,"Cuneiform (Uruk IV)"
"Cuneiform (Uruk IV)","N01 N01 N01 N01 N01 _ GISZ _ EN~a",9,4,-1.18417869277075,-0.842828925139375,-0.294255477873892,1.8625134066681,"Cuneiform (Uruk IV)"
"Cuneiform (Uruk IV)","|GA2~a1xSUHUR| _ KUSZU2~a",3,3,-1.26061067325236,-1.76460773438122,1.91591717719535,-0.65482566135608,"Cuneiform (Uruk IV)"
"Cuneiform (Uruk IV)","N14 _ N01 N01 N01 _ SZITA~a3 _ AN _ N14",11,5,-0.700745833626596,-0.679605638842146,-0.254070520508993,0.352109965853591,"Cuneiform (Uruk IV)"
"Cuneiform (Uruk IV)","N14 N14 _ N01 _ UTUA~a _ N14 _ N01 N01 N01 N01 N01 N01 N01 N01 _ UD5~a _ ESZGAR _ N01 N01 _ U8 _ N14 _ N01 N01 N01 N01 _ GUKKAL~a _ N01 _ UDUNITA~a _ N01 N01 N01 N01 N01 N01 N01 N01 N01 _ N34 _ N01 N01 N01 N01 N01 _ NUN~a",59,11,-0.746744581571523,-0.327832494547099,-1.32067464310944,1.42848942942255,"Cuneiform (Uruk IV)"
"Cuneiform (Uruk IV)","|NUN~a+A| _ |GA2~a1xSUHUR| _ BU~b",5,4,-0.906737798595226,-1.25089953379879,1.12025502137042,-0.65482566135608,"Cuneiform (Uruk IV)"
"Cuneiform (Uruk IV)","NUN~b _ N14 N14 _ N01 N01 N01 N01 N01 N01 N01 _ |MAH~axX| _ N01 _ N01 _ NESAG2~a _ N14 _ N01 _ N01 _ MAH~a",28,7,-0.728056698391473,-0.511887546385829,-1.06781590714812,0.650461262804603,"Cuneiform (Uruk IV)"
"Cuneiform (Uruk IV)","GURUSZDA _ A _ BU~a",5,4,-0.906737798595226,-1.25089953379879,1.12025502137042,-0.65482566135608,"Cuneiform (Uruk IV)"
"Cuneiform (Uruk IV)","N34 N34 N34 _ N14 _ N01 _ UDU~a _ N34 _ N14 _ N01",15,5,-0.748184987828687,-0.847536707141645,-0.73629000888774,0.064414072365114,"Cuneiform (Uruk IV)"
"Cuneiform (Uruk IV)","N14 N14",2,1,-2.92509881703987,-2.74736726579605,-0.0732382123669659,4.37985247469227,"Cuneiform (Uruk IV)"
"Cuneiform (Uruk IV)","N34 N34 N34 N34 N34 N34 _ N14 N14 N14 N14 _ N01 N01 N01 N01 N01 N01 _ TE",20,5,-0.684858774300398,-0.464504812025266,-1.06781590714812,2.78995411594016,"Cuneiform (Uruk IV)"
"Cuneiform (Uruk IV)","N01 N01 N01 _ NESAG2~a",5,3,-1.48536064711474,-1.34488687243017,0.324592865545498,1.8625134066681,"Cuneiform (Uruk IV)"
"Cuneiform (Uruk IV)","N01 N01 N01 _ ERIM~a _ KASZ~b _ |AB~axA@t|",9,5,-0.705781291989865,-0.58111559784096,0.14777905313996,0.603843872656008,"Cuneiform (Uruk IV)"
"Cuneiform (Uruk IV)","N01 N01 N01 N01 _ N01 N01 N01",8,2,-2.35426097659978,-1.65634642056986,-1.06781590714812,2.94137300724988,"Cuneiform (Uruk IV)"
"Cuneiform (Uruk IV)","N14 N14 N14 N14 _ N01 N01 N01 N01 _ BU~a _ N01 N01 _ N01 N01 N01 N01 _ PA~a _ BAR _ N34 N34 _ N01 N01 N01 _ N01 N01",33,7,-0.718702520330461,-0.45367216786173,-1.21850949726648,1.54784602316507,"Cuneiform (Uruk IV)"
"Cuneiform (Uruk IV)","N01 N01 _ BU~a _ N01 _ AB~a _ SAL _ N01 N01 N01 N01 N01",16,5,-1.06167078614547,-0.782024753593041,-0.819171483452835,1.02340038399337,"Cuneiform (Uruk IV)"
"Cuneiform (Uruk IV)","N01 _ N01",3,2,-1.96072740284067,-2.18904065982428,0.589813584153808,-0.65482566135608,"Cuneiform (Uruk IV)"
"Cuneiform (Uruk IV)","N01 N01 N01 _ U4 _ GU4 _ UNUG~a _ APIN~a _ |USZ~a&USZ~a| _ N14 _ N01 N01 _ APIN~a _ GU4 _ |USZ~a&USZ~a| _ MUSZ3~a",26,9,-0.237133478556427,-0.0598951553792628,-0.685286024539987,-0.0506642850302776,"Cuneiform (Uruk IV)"
"Cuneiform (Uruk IV)","N01 N01 N01 N01 N01",5,1,-2.92509881703987,-2.2313030334676,-1.26673144610436,4.37985247469227,"Cuneiform (Uruk IV)"
"Cuneiform (Uruk IV)","EN~a _ NUN~a",3,3,-1.26061067325236,-1.76460773438122,1.91591717719535,-0.65482566135608,"Cuneiform (Uruk IV)"
"Cuneiform (Uruk IV)","N01 N01 _ SAL _ N01 _ KUR~a _ N01 N01 _ SAL _ N01 _ KUR~a _ SILA4~b _ DIM~b _ N01 N01 N01 N01 N01 _ SAL _ N01 N01 _ KUR~a _ NUN~a _ GA~a _ N14 _ N01 N01 N01 _ |SAL.KUR~a| _ BU~a _ DIM~b _ A _ ZATU758",54,13,-0.25791361636615,0.165326229342703,-1.10465211806594,0.200119682501188,"Cuneiform (Uruk IV)"
"Cuneiform (Uruk IV)","N01 N01 N01 N01 N01 _ MASZ _ MAR~a _ BU~a _ GURUSZDA _ N01 N01 _ UDUNITA~a _ MUSZ3~a _ N01 N01 N01 N01 N01 _ NUN~b _ NUN~a _ ZATU753",32,11,-0.334884538357616,0.292173663631488,-0.69484927160519,0.806855087819246,"Cuneiform (Uruk IV)"
"Cuneiform (Uruk IV)","N01 N01 N01 N01 _ BA _ N01 _ GI _ TE _ PIRIG~a1 _ DA~a _ N01 N01 N01 N01 N01 _ DA~a _ TE _ PIRIG~a1",28,7,-0.593433464391471,-0.493557146358532,-1.06781590714812,0.650461262804603,"Cuneiform (Uruk IV)"
"Cuneiform (Uruk IV)","N01 _ AB~a _ N01 N01 N01 N01 N01 _ |URU~a2x1(N58)| _ N01 _ U4 _ PAP~a _ N01 _ KISAL~b1 _ N01 _ N01 _ GESZTU~b _ N01 _ BU~a _ NUN~a _ N01 _ N01 _ |1(N58).BAD~a| _ N01 _ |SAGxGESZTU~a| _ N01 N01 _ N01 _ AN _ N01 _ N01 N01 _ GESZTU~b _ BU~a _ N01 _ SAG _ N01 _ GA2~a4 _ N01 N01 _ UMUN2 _ PAP~a",74,16,-0.413258193212378,0.424947612372274,-1.20221829833477,-0.172048305844594,"Cuneiform (Uruk IV)"
"Cuneiform (Uruk IV)","N01 N01 N01 N01 N01 N01 N01 _ GU4 _ N01 _ AMAR _ N01 _ GU4 _ N01 _ GU4 _ N01 _ PA~a _ N01 _ NUN~a _ SANGA~a _ GU4 _ N01 _ AB~a _ AB2 _ N01 _ PA~a _ AB2 _ N01 _ N08 _ N01 _ N08 _ U2~b _ AB2 _ N01 _ MAR~a _ GU4 _ |MAH~axX| _ GU4 _ N01 _ SZUM _ GU4 _ N01 _ GU4 _ UR3~a1 _ N01 _ KU6~a _ NUN~a _ N01 _ EN~b _ SAL _ N01 _ ZATU693 _ N01 _ NUN~a _ N01 _ GISAL~b _ N01 N01 _ SANGA~a _ NUN~a _ GU4 _ N14 _ N01 N01 N01 N01 _ GU4 _ N01 N01 N01 N01 _ AB2 _ N01 N01 N01 N01 _ AMAR _ BA _ N01 N01 N01 N01 N01 N01 _ GU4",146,22,-0.204098921454153,0.376824100712171,-1.46292211466393,0.0743346204164424,"Cuneiform (Uruk IV)"
"Cuneiform (Uruk IV)","N01 _ UDU~a _ N28 _ N14 _ SZE~a _ ZATU689 _ N01 _ N01 _ GUKKAL~a",17,8,-0.408880477035665,-0.173594894935383,-0.190247352929454,-0.65482566135608,"Cuneiform (Uruk IV)"
"Cuneiform (Uruk IV)","N14 _ N01 _ MUSZ3~a _ KID~d _ N01 _ MUSZ3~a _ N34 _ SUHUR",15,7,-0.478059611667284,-0.532463009103142,-0.205848571671119,-0.65482566135608,"Cuneiform (Uruk IV)"
"Cuneiform (Uruk IV)","N01 N01 N01 N01 N01 N01 N01 N01 N01 _ EN~b _ N01 _ N01 _ SI4~a _ N01",19,4,-1.48351615397504,-0.800132767749622,-1.22485449053462,1.58280906577652,"Cuneiform (Uruk IV)"
"Cuneiform (Uruk IV)","N01 N01 _ N01 N01 _ GI",7,3,-1.47713473163504,-1.43702065460072,-0.357403268018724,1.02340038399337,"Cuneiform (Uruk IV)"
"Cuneiform (Uruk IV)","N14 N14 _ SUHUR _ UB",6,4,-0.910552308458207,-1.05203519424764,0.589813584153808,0.352109965853591,"Cuneiform (Uruk IV)"
"Cuneiform (Uruk IV)","NAM2@t _ KAB _ UNUG~a _ ZATU818",7,5,-0.69023665842617,-0.852184061068686,0.779256954588312,-0.65482566135608,"Cuneiform (Uruk IV)"
"Cuneiform (Uruk IV)","N34 _ N14 N14 _ SZITA~a1 _ N34",8,4,-0.92384413500402,-1.09353263943972,-0.0732382123669659,0.064414072365114,"Cuneiform (Uruk IV)"
"Cuneiform (Uruk IV)","N01 N01 _ UD5~a _ LAGAR~c _ PA~a",8,5,-0.661300361408403,-0.691851597853605,0.424050635023614,0.064414072365114,"Cuneiform (Uruk IV)"
"Cuneiform (Uruk IV)","N01 N01 N01 _ SAL",5,3,-1.48536064711474,-1.34488687243017,0.324592865545498,1.8625134066681,"Cuneiform (Uruk IV)"
"Cuneiform (Uruk IV)","N01 N01 N01 _ |DUG~bxHI@g~a| _ URU~c",7,4,-0.990286685392583,-0.919317874376831,0.210926843284792,1.02340038399337,"Cuneiform (Uruk IV)"
"Cuneiform (Uruk IV)","N01 N01 N01 N01 _ N14 _ N01 N01 _ HASZHUR",11,4,-1.22676660500797,-0.919218072397486,-0.615735136793051,1.35904559306326,"Cuneiform (Uruk IV)"
"Cuneiform (Uruk IV)","N14 _ N01 N01",4,3,-1.34983617546617,-1.70903683604534,0.921339482414193,1.02340038399337,"Cuneiform (Uruk IV)"
"Cuneiform (Uruk IV)","N01 N01 _ ZATU693@t _ |GA2~a1xEN~b| _ MASZ _ N01 N01 N01 N01 N01 N01 _ ZATU693 _ UDU~a _ UNUG~a _ GURUSZDA",23,9,-0.366236475082263,0.0770531433286863,-0.505663297054426,0.718268375748017,"Cuneiform (Uruk IV)"
"Cuneiform (Uruk IV)","N14 _ N01 N01 N01 N01 _ U8 _ N01 N01",11,4,-1.22676660500797,-1.15019526912452,-0.615735136793051,1.35904559306326,"Cuneiform (Uruk IV)"
"Cuneiform (Uruk IV)","MA2 _ |DUG~bxSZE~a| _ SANGA~a",5,4,-0.906737798595226,-1.25089953379879,1.12025502137042,-0.65482566135608,"Cuneiform (Uruk IV)"
"Cuneiform (Uruk IV)","N01 _ UMBIN~a _ N01 N01 _ ERIM~a",8,4,-1.02293964173311,-1.13838200150036,-0.0732382123669659,0.064414072365114,"Cuneiform (Uruk IV)"
"Cuneiform (Uruk IV)","N01 N01",2,1,-2.92509881703987,-2.74736726579605,-0.0732382123669659,4.37985247469227,"Cuneiform (Uruk IV)"
"Cuneiform (Uruk IV)","N34 _ N14 N14 N14 _ N01 _ NUN~b _ N14 _ AMAR _ N14 N14 N14 N14 _ N01 N01 _ AN",23,7,-0.58334362427194,-0.541389508878136,-0.851603364804393,0.718268375748017,"Cuneiform (Uruk IV)"
"Cuneiform (Uruk IV)","N08 _ A",3,3,-1.26061067325236,-1.76460773438122,1.91591717719535,-0.65482566135608,"Cuneiform (Uruk IV)"
"Cuneiform (Uruk IV)","N14 _ N01 N01 _ UKKIN~a _ N01 N01 N01 N01 N01 _ N57 _ N01 N01 N01 N01 _ N01 N01 N01 _ ZATU647 _ N01 N01 N01 N01 N01 _ DU _ KAR2~a _ N01 N01 N01 N01 N01 N01 _ N01 N01 N01 N01 N01 _ KISAL~b1 _ N01 N01 N01 N01 N01 N01 N01 N01 _ N57 _ N01 _ SANGA~a _ N01 _ N57 _ N01 _ GA~a _ N01 N01 N01 _ UB _ N01 N01 N01 N01 N01 _ N57 _ N01 N01 N01 N01 N01 N01 _ N01 N01 _ N01 N01 _ N01 N01 _ N01 N01 N01 N01 N01 N01 _ N01 N01 N01 N01 _ N01 _ N01 _ N01 _ N01 N01 N01 _ N01 N01 _ N01 N01 N01 _ PA~a _ N01 N01 N01 _ |1(N58).BAD~a| _ N57 _ EN~a _ BA _ KISAL~b1 _ N34 _ N14 _ N01 N01 N01 N01 N01 N01 _ ZATU659 _ N34 _ N14 N14 N14 _ GAR _ N14 N14 N14 N14 _ N01 N01 N01 N01 N01 N01 _ N14 N14 N14 _ N01 N01 N01 N01 N01 _ |SILA3~axSZU| _ N01 _ SZITA@g~a _ N14 N14 _ N01 N01 N01 N01 N01 N01 N01 N01 _ N14 N14 N14 _ N01 N01 N01 N01 N01 _ ZATU780 _ N14 _ N01 N01 _ SZA@g _ N01 N01 _ |SILA3~axNUN~b|",233,24,-0.676404696139399,-0.147812556274213,-1.65261051738426,1.42848942942255,"Cuneiform (Uruk IV)"
"Cuneiform (Uruk IV)","KASZ~b _ DA~a _ BU~a _ TAK4~a",7,5,-0.69023665842617,-0.852184061068686,0.779256954588312,-0.65482566135608,"Cuneiform (Uruk IV)"
"Cuneiform (Uruk IV)","N01 N01 N01 N01 _ AL _ N14 _ HI _ E2~a _ |ZATU651xNUN~a| _ TAK4~a _ AN",18,9,-0.159219673788957,0.366565418700336,-0.0732382123669659,0.233646950887746,"Cuneiform (Uruk IV)"
"Cuneiform (Uruk IV)","N14 N14 N14 _ N01 N01 N01 N01 N01 _ N57 N57 N57 N57 N57 _ ZATU804 _ N14 _ N57 N57 N57 N57 N57",25,5,-0.755107617558091,-0.667786965152514,-1.26673144610436,2.28206991800546,"Cuneiform (Uruk IV)"
"Cuneiform (Uruk IV)","N14 _ N01 _ GUM~b _ SUM~a _ N01 _ |SILA3~axMASZ| _ N01 N01 _ N01 _ DUR2 _ ZATU751~a _ KU6~a _ GU7",24,10,-0.283220951510027,0.179550453866505,-0.404764110627351,-0.435926611962673,"Cuneiform (Uruk IV)"
"Cuneiform (Uruk IV)","N01 N01 _ N01 N01 N01 N01 N01 N01 N01 N01 N01 _ SUHUR _ N14 _ SUHUR",18,4,-1.34955016489116,-0.982480678857238,-1.17832453990159,2.0105921753754,"Cuneiform (Uruk IV)"
"Cuneiform (Uruk IV)","N01 N01 N01 N01 N01 _ |NUN~a+EN~d| _ N01 N01 _ SANGA~a _ N01 _ EN~a _ SANGA~a",18,5,-0.967754761913715,-0.572377653110564,-0.957307274394662,0.825962025716967,"Cuneiform (Uruk IV)"
"Cuneiform (Uruk IV)","N24 _ SZU",3,3,-1.26061067325236,-1.76460773438122,1.91591717719535,-0.65482566135608,"Cuneiform (Uruk IV)"
"Cuneiform (Uruk IV)","N02 N02 _ AMA~a _ N02 _ N05 _ U4 _ SI4~a _ U4",14,6,-0.596837648788144,-0.409585388511253,-0.357403268018724,-0.267542727813899,"Cuneiform (Uruk IV)"
"Cuneiform (Uruk IV)","N14 N14 _ GAR _ LAM~b",6,4,-0.910552308458207,-1.05203519424764,0.589813584153808,0.352109965853591,"Cuneiform (Uruk IV)"
"Cuneiform (Uruk IV)","N14 N14 _ GAR",4,3,-1.34983617546617,-1.50819631525229,0.921339482414193,1.02340038399337,"Cuneiform (Uruk IV)"
"Cuneiform (Uruk IV)","N01 _ UR3~a1 _ N01 N01 N01 N01 N01 N01 _ N08 N08 _ BA",15,5,-0.89812964942027,-0.70001398966734,-0.73629000888774,1.5028935398075,"Cuneiform (Uruk IV)"
"Cuneiform (Uruk IV)","MA _ HASZHUR _ N14 _ BU~a",7,5,-0.69023665842617,-0.852184061068686,0.779256954588312,-0.65482566135608,"Cuneiform (Uruk IV)"
"Cuneiform (Uruk IV)","N37 _ N47 _ N05",5,4,-0.906737798595226,-1.25089953379879,1.12025502137042,-0.65482566135608,"Cuneiform (Uruk IV)"
"Cuneiform (Uruk IV)","N14 _ N34 _ N14 N14 _ N01 N01 _ N14 N14 N14 N14 _ GAN2 _ DA~a _ DANNA _ N22 _ N01 N01 _ GAN2 _ GI",29,9,-0.275173293808591,-0.0542603120002818,-0.8277454290975,0.424033939225708,"Cuneiform (Uruk IV)"
"Cuneiform (Uruk IV)","N01 _ TUG2~a _ GADA~a _ EN~a",7,5,-0.69023665842617,-0.852184061068686,0.779256954588312,-0.65482566135608,"Cuneiform (Uruk IV)"
"Cuneiform (Uruk IV)","UMBIN~a _ BARA2~a _ N01 _ EZEN~a _ N01 _ BARA2~a _ N01 N01",14,5,-0.840261671909377,-1.04980617069124,-0.641568323670486,-0.267542727813899,"Cuneiform (Uruk IV)"
"Cuneiform (Uruk IV)","N14 _ N01 N01 N01 N01 _ IB~a _ URI",10,5,-0.775979185101992,-0.745069563578924,-0.0732382123669659,1.02340038399337,"Cuneiform (Uruk IV)"
"Cuneiform (Uruk IV)","N01 _ SIG7 _ GAL~a _ N01 _ BA _ N01 N01 _ UMUN2 _ GAL~a _ N01 N01 _ N01 N01 _ DARA4~a2 _ N01 N01 _ UKKIN~a _ N01 N01 _ N01 _ SIG7 _ EN~a _ SZU _ NUN~a _ N01 _ SIG7 _ GAL~a _ N01 N01 N01 N01 _ N01 N01 N01 N01 N01 N01 _ NUN~a _ EN~a _ N01 N01 N01 N01 N01 N01 N01 _ N01 N01 _ EN~a _ SZU _ NUN~a _ N01 _ NUNUZ~a1 _ N01 N01 N01 N01 N01 _ N01 N01 N01 N01 N01 _ N01 N01 N01 _ N01 N01 N01 _ N01 _ SIG7 _ N01 N01 _ GAL~a _ ZATU776 _ |Ax1(N14)| _ N14 N14 _ N01 N01 N01 N01 N01 N01 N01 N01 N01 _ SIG7 _ N14 N14 _ N01 N01 N01 N01 N01 _ BA",144,15,-0.614395574565078,-0.477439425958496,-1.6479862291038,0.999928691051422,"Cuneiform (Uruk IV)"
"Cuneiform (Uruk IV)","EN~a _ |GA2~bxDUB~a| _ N01 N01 N01 N01 N01 N01 _ N01 N01 N01 N01 _ N14 _ N01 N01 _ SIG7 _ N01 N01 N01 N01 N01 N01",29,6,-1.25310004341815,-0.921027251321158,-1.23929482004143,1.8625134066681,"Cuneiform (Uruk IV)"
"Cuneiform (Uruk IV)","N14 N14 _ N01 N01 N01 _ BA _ N14 _ N01 _ TE",14,5,-0.754353821521231,-0.697274917861012,-0.641568323670486,0.507023139270464,"Cuneiform (Uruk IV)"
"Cuneiform (Uruk IV)","N01 _ N01 N01 N01 N01 N01 _ N01 N01 N01 N01 N01 _ N01 N01 N01 N01 _ N14 N14 _ N18 _ N03 _ ZATU679",27,6,-1.05317652383292,-0.670263361306458,-1.17832453990159,1.66887193989701,"Cuneiform (Uruk IV)"
"Cuneiform (Uruk IV)","N01 N01 N01 N01 N01 _ N01 N01 N01 N01 N01 N01 _ KISAL~b1 _ N01 N01 N01 N01 N01 N01 N01 N01 _ IB~a _ SZITA~a1 _ N01 N01 N01 N01 N01 N01 N01 N01 _ IB~a _ N14 _ N14 N14 _ N14",45,6,-1.16238818652086,-0.891752932679464,-1.53195216471267,2.09136241285211,"Cuneiform (Uruk IV)"
"Cuneiform (Uruk IV)","N14 _ N14 N14 _ KASZ~a _ DUG~a _ N01",10,5,-0.775979185101992,-0.656112527763694,-0.0732382123669659,-0.0954169795729301,"Cuneiform (Uruk IV)"
"Cuneiform (Uruk IV)","N14 N14 N14 N14 _ |NINDA2xGAR| _ BU~b",8,4,-1.08729240187056,-0.871739957457592,-0.0732382123669659,1.5028935398075,"Cuneiform (Uruk IV)"
"Cuneiform (Uruk IV)","KASZ~a _ BAR",3,3,-1.26061067325236,-1.76460773438122,1.91591717719535,-0.65482566135608,"Cuneiform (Uruk IV)"
"Cuneiform (Uruk IV)","TUM~a@g _ SAG",3,3,-1.26061067325236,-1.76460773438122,1.91591717719535,-0.65482566135608,"Cuneiform (Uruk IV)"
"Cuneiform (Uruk IV)","N01 N01 _ DU _ GI _ GI _ UDU~a _ N01 N01 N01 _ GISZIMMAR~b1 _ U4 _ U2~a _ N01 N01 N01 _ U4 _ U2~a _ GU7 _ TAR~a _ AB2",34,11,-0.155392730978552,0.140791108025852,-0.775293055741901,0.108004359257309,"Cuneiform (Uruk IV)"
"Cuneiform (Uruk IV)","N01 _ |NINDA2x1(N01)| _ N39~a _ N01 _ N24 _ IDIGNA _ AN _ GA2~a1",15,8,-0.338036265749625,-0.0181891838389568,0.0593721469371873,-0.65482566135608,"Cuneiform (Uruk IV)"
"Cuneiform (Uruk IV)","NAM2 _ NAM2 _ KAB _ N01 N01 N01 N01",10,4,-0.986014203978485,-1.03336360256536,-0.471069290279429,1.02340038399337,"Cuneiform (Uruk IV)"
"Cuneiform (Uruk IV)","N01 N01 N01 _ BA _ N01 N01 N01 N01 _ NIM~a _ N01 _ GI _ SAG _ EN~a _ DA~a _ N01 N01 N01 N01 N01 N01 N01 N01",31,8,-0.856905646565972,-0.351594796937128,-1.03573275570357,1.35904559306326,"Cuneiform (Uruk IV)"
"Cuneiform (Uruk IV)","N01 N01 N01 N01 N01 N01 N01 N01 _ TUR",10,3,-1.95691289297769,-1.29061711943202,-0.868900368191893,3.26103511112597,"Cuneiform (Uruk IV)"
"Cuneiform (Uruk IV)","N14 _ N01 _ N14 N14 _ N01 N01 _ SAL _ ZATU694~d",13,5,-0.745072582454671,-0.739220314168343,-0.53227407149673,0.184287361318647,"Cuneiform (Uruk IV)"
"Cuneiform (Uruk IV)","N01 _ SIG2~b _ EN~a _ N01 _ EN~a _ N01 N01 N01 N01 _ N14",16,5,-0.891667754935301,-0.878226079404489,-0.819171483452835,0.352109965853591,"Cuneiform (Uruk IV)"
"Cuneiform (Uruk IV)","N14 _ N01 _ ZATU659 _ N14 _ N14 N14 _ N01 N01 N01 _ N01 N01 N01 N01 N01 N01 _ N14 N14 N14 N14 _ N14 N14 N14 N14 N14 _ GAR _ N01 _ N14 _ DUG~a",40,6,-0.864107692395686,-0.788829916359416,-1.46564698506059,1.28158900635483,"Cuneiform (Uruk IV)"
"Cuneiform (Uruk IV)","N01 N01",2,1,-2.92509881703987,-2.74736726579605,-0.0732382123669659,4.37985247469227,"Cuneiform (Uruk IV)"
"Cuneiform (Uruk IV)","NUN~c _ EN~a _ EN~a _ NUN~a",7,4,-0.990286685392583,-1.28399930542505,0.210926843284792,-0.65482566135608,"Cuneiform (Uruk IV)"
"Cuneiform (Uruk IV)","N14 N14 N14 N14 _ SZITA@g~a _ N14 N14 N14 _ N01 N01 N01 N01 _ N14 N14 N14 _ N14 _ N01 N01 N01 N01 _ N14 N14 N14 N14 _ N14 N14",34,4,-1.21124801835579,-1.24771764837752,-1.59435703967933,1.93879640872943,"Cuneiform (Uruk IV)"
"Cuneiform (Uruk IV)","N34 _ N14 N14 N14 N14 _ N57 _ N34 N34 _ N57 _ N34 _ N14 _ N01 N01 N01 N01 N01 _ N58 _ N34 _ N58",29,6,-0.432444985121665,-0.46349185563339,-1.23929482004143,0.783653806086308,"Cuneiform (Uruk IV)"
"Cuneiform (Uruk IV)","UMBIN~a _ N48 _ N34 _ UMBIN~a",7,4,-0.990286685392583,-1.17437298940984,0.210926843284792,-0.65482566135608,"Cuneiform (Uruk IV)"
"Cuneiform (Uruk IV)","N25 _ N20 N20 N20 _ N05 N05 N05 N05 N05 _ N05 N05 _ N42~b N42~b _ GESZTU~b _ N20 _ N05 _ N42~b N42~b _ SAG",28,7,-0.446812635304938,-0.43663051726433,-1.06781590714812,1.02340038399337,"Cuneiform (Uruk IV)"
"Cuneiform (Uruk IV)","N01 N01 _ UDU~a _ ERIM~a",6,4,-0.910552308458207,-1.05203519424764,0.589813584153808,0.352109965853591,"Cuneiform (Uruk IV)"
"Cuneiform (Uruk IV)","N51 _ GAR _ N14 _ GAL~a",7,5,-0.69023665842617,-0.852184061068686,0.779256954588312,-0.65482566135608,"Cuneiform (Uruk IV)"
"Cuneiform (Uruk IV)","N01 _ U2~a _ N01 N01 N01 _ N01",9,3,-1.50563583083716,-1.4425009976716,-0.73629000888774,0.603843872656008,"Cuneiform (Uruk IV)"
"Cuneiform (Uruk IV)","AN _ A _ EN~a _ KI _ AN",9,5,-0.762983745445372,-0.811855693341131,0.14777905313996,-0.65482566135608,"Cuneiform (Uruk IV)"
"Cuneiform (Uruk IV)","|1(N57).SZUBUR| _ LAGAR~a _ NE~a _ N34 N34 N34 N34 _ N01 N01 _ AN _ MUSZ3~a _ N14 N14 _ N01 N01 N01 N01 N01 _ SZIDIM _ N14 N14 _ N01 N01 N01 N01 N01 _ KU6~a _ N01 _ N14 _ N34 N34 N34 _ N14 N14 N14 _ N01 _ NE~a _ N14 N14 N14 _ N01 N01 N01 N01 N01 _ AL _ ISZ~b _ SZIDIM",71,13,-0.11219350435975,-0.16780155691181,-1.33397050152618,1.07134969957478,"Cuneiform (Uruk IV)"
"Cuneiform (Uruk IV)","N20 _ TUR _ |SILA3~axGESZTU~c3| _ N05 _ N20 _ N05 N05 _ |SILA3~axGESZTU~c3| _ U4 _ SI _ N05 _ KASZ~c _ N05 N05 _ GURUSZDA _ GAL~a _ N14 _ N02 _ ZATU752 _ |SILA3~axGESZTU~c3| _ URI3~a _ N01 _ ZATU752 _ N01 N01 N01 N01 N01 _ ZATU752 _ NAGA~a _ HI _ NAGAR~a _ N14 _ N14",61,18,0.278947564099723,0.870869277940434,-0.888465831040046,-0.151357847751245,"Cuneiform (Uruk IV)"
"Cuneiform (Uruk IV)","N01 _ SANGA~a _ N01 N01 _ N01 _ GA~a _ N01 _ N01 _ PAP~b _ N01 N01 _ N58 N58 _ N01 _ N57 _ N01 N01 _ N01 N01 _ N01 _ N01 N01 N01 N01 N01 N01",41,7,-1.06506681999924,-0.652460173691061,-1.38316981037142,0.603843872656008,"Cuneiform (Uruk IV)"
"Cuneiform (Uruk IV)","N01 N01 N01 N01 _ GAR",6,3,-1.61066903804652,-1.29188634038629,-0.0732382123669659,2.36598122027293,"Cuneiform (Uruk IV)"
"Cuneiform (Uruk IV)","N34 N34 N34 _ ZATU720",5,3,-1.48536064711474,-1.34488687243017,0.324592865545498,1.8625134066681,"Cuneiform (Uruk IV)"
"Cuneiform (Uruk IV)","N01 _ N39~a _ N01 N01 _ |MAH~axMASZ|",8,4,-1.02293964173311,-1.13838200150036,-0.0732382123669659,0.064414072365114,"Cuneiform (Uruk IV)"
"Cuneiform (Uruk IV)","N34 N34 N34 N34 N34 N34 N34 _ NAGA~a _ SI4~a _ N14 N14 N14 _ SI4~a _ NAGA~a _ N34 _ N57 N57 N57 _ N14 N14 N14 _ SI4~a",31,6,-0.417171927379237,-0.423791825489733,-1.29239796726,1.35904559306326,"Cuneiform (Uruk IV)"
"Cuneiform (Uruk IV)","NAM2 _ APIN~a",3,3,-1.26061067325236,-1.76460773438122,1.91591717719535,-0.65482566135608,"Cuneiform (Uruk IV)"
"Cuneiform (Uruk IV)","N34 _ N14 N14 N14 _ N34 N34 _ N34 _ N14 _ N34 _ N01 N01",17,4,-0.925599239229246,-1.01588584445621,-1.12632047742937,0.603843872656008,"Cuneiform (Uruk IV)"
"Cuneiform (Uruk IV)","N01 _ MA _ N01 N01 N01 _ AK~a _ N01 N01 N01 _ ZATU651 _ MA _ N01 _ MA",21,5,-0.95058068928786,-0.950087804060987,-1.11517674975675,0.352109965853591,"Cuneiform (Uruk IV)"
"Cuneiform (Uruk IV)","N01 N01 N01 N01 N01 N01 N01 _ GIR3~a",9,3,-1.88917803409357,-1.26667106420305,-0.73629000888774,3.12118294068018,"Cuneiform (Uruk IV)"
"Cuneiform (Uruk IV)","AN _ MUSZ3~a",3,3,-1.26061067325236,-1.76460773438122,1.91591717719535,-0.65482566135608,"Cuneiform (Uruk IV)"
"Cuneiform (Uruk IV)","N01 N01 N01 N01 N01 _ SZIDIM _ IB~a _ BA _ N34 N34 N34 N34 N34 _ N01",19,6,-0.604677981310761,-0.246503135152632,-0.806084934837292,1.58280906577652,"Cuneiform (Uruk IV)"
"Cuneiform (Uruk IV)","N14 N14 _ |SILA3~axGESZTU~c3| _ N01 N01 N01 N01 N01 N01 _ |DUG~cx1(N57)| _ N02 N02 N02 N02 N02 N02 N02 N02 N02 _ KASZ~a _ N01 N01 N01 N01 N01 N01 _ NE~a _ KASZ~a _ AN _ |SZU2.EN~a|",40,10,-0.191782689248227,-0.096216007998512,-1.06781590714812,1.79796625107773,"Cuneiform (Uruk IV)"
"Cuneiform (Uruk IV)","N01 N01 _ N01 N01 _ PAD~a _ N18 _ N03 _ GI _ N18 _ ZATU659",17,7,-0.464267758738097,-0.211236834395704,-0.424265634054434,-0.0254908943500358,"Cuneiform (Uruk IV)"
"Cuneiform (Uruk IV)","N01 N01 _ N14 N14 N14 _ N01 _ ANSZE~b _ N14 N14 N14 N14 _ N01 N01 _ UMBIN~a",20,5,-0.842199284660634,-0.900991972760416,-1.06781590714812,1.20005575718805,"Cuneiform (Uruk IV)"
"Cuneiform (Uruk IV)","N01 N01 _ |ZATU662x1(N14)|",4,3,-1.34983617546617,-1.50819631525229,0.921339482414193,1.02340038399337,"Cuneiform (Uruk IV)"
"Cuneiform (Uruk IV)","N14 N14 _ SI _ N14 _ UB _ AB2 _ N14 _ AN _ SAL _ IB~b _ N01 _ TUR3~a _ N01 _ GI _ N01 _ U4 _ AMA~a _ N01 _ MUN~a1 _ KASZ~a _ SZE~a _ N01 _ SIG7 _ IB~b _ N01 _ NAM~b _ N01 N01 N01 N01 N01 N01 _ AB2 _ N14 N14 N14 N14 _ SI _ PAP~a _ N14 _ AB2 _ N14 _ AN _ N01 _ AN _ U4 _ N01 _ GI _ N01 _ N08 _ N01 N01 _ N01 _ NAM~b _ HASZHUR",99,21,0.133176626802057,0.532707640286903,-1.21850949726648,-0.141082994412368,"TeDDi"
"Cuneiform (Uruk IV)","N14 _ N01",3,3,-1.26061067325236,-1.76460773438122,1.91591717719535,-0.65482566135608,"Cuneiform (Uruk IV)"
"Cuneiform (Uruk IV)","N01 _ SANGA~a _ NUN~a _ KASZ~b _ N01 N01 _ BU~a _ BU~a _ N01",16,6,-0.670601594852703,-0.606550712029291,-0.570527059757545,-0.319180452286189,"Cuneiform (Uruk IV)"
"Cuneiform (Uruk IV)","N01 _ ZATU662 _ N01 _ NU _ N14 _ N01 _ NU@g _ N01 N01 N01 _ ZI~a _ E2~a _ NUN~a _ N01 N01 _ SZU2 _ N14 _ N01 N01 N01 N01 N01 N01 _ N01 N01 N01 N01 N01 N01 N01 N01 _ GADA~a _ N01 N01 _ TUG2~a _ N01 N01 _ BARA2~a",58,13,-0.587320278256633,-0.0350808092105304,-1.17070325488411,0.846745010798693,"Cuneiform (Uruk IV)"
"Cuneiform (Uruk IV)","N34 _ N01 _ N01 N01 N01 _ N34 _ N34 _ |SZU2.EN~a| _ N01 N01 N01 _ N34 _ N48 _ N34 N34 _ N14 N14 _ TI",29,7,-0.547124282565842,-0.35562710600402,-1.10211168972678,0.424033939225708,"Cuneiform (Uruk IV)"
"Cuneiform (Uruk IV)","N01 N01 _ EN~a _ TUG2~a _ N01 _ N01 _ ZATU764 _ BARA2~a",14,6,-0.69023665842617,-0.466878167207623,-0.357403268018724,-0.267542727813899,"Cuneiform (Uruk IV)"
"Cuneiform (Uruk IV)","N01 _ UR2 _ GISZ _ NI~a _ GIR3~c _ SZAH2~a _ N01 _ A _ NU _ N01 N01 N01",21,9,-0.319679399166075,0.1097020726908,-0.357403268018724,-0.151357847751245,"Cuneiform (Uruk IV)"
"Cuneiform (Uruk IV)","N34 _ N14 N14 N14 _ MA _ N34 N34 N34 N34 N34 _ N14 N14 N14 _ HASZHUR _ N01 N01 N01 N01 N01 N01 N01 _ N34 N34 N34 N34 N34 N34 N34 N34 N34 _ N14 N14 N14 N14",42,6,-0.649639247023821,-0.907420856341966,-1.49406349062576,2.41510003135633,"Cuneiform (Uruk IV)"
"Cuneiform (Uruk IV)","GESZTU~b _ TUN3~a _ TAK4~a _ A",7,5,-0.69023665842617,-0.852184061068686,0.779256954588312,-0.65482566135608,"Cuneiform (Uruk IV)"
"Cuneiform (Uruk IV)","N14 N14 _ GAR _ X",6,4,-0.910552308458207,-1.05203519424764,0.589813584153808,0.352109965853591,"Cuneiform (Uruk IV)"
"Cuneiform (Uruk IV)","N14 N14 _ |NINDA2xGAR|",4,3,-1.34983617546617,-1.50819631525229,0.921339482414193,1.02340038399337,"Cuneiform (Uruk IV)"
"Cuneiform (Uruk IV)","N14 N14 _ GU4",4,3,-1.34983617546617,-1.50819631525229,0.921339482414193,1.02340038399337,"Cuneiform (Uruk IV)"
"Cuneiform (Uruk IV)","N14 N14 N14 _ BAR",5,3,-1.48536064711474,-1.34488687243017,0.324592865545498,1.8625134066681,"Cuneiform (Uruk IV)"
"Cuneiform (Uruk IV)","N14 N14 N14 _ GI",5,3,-1.48536064711474,-1.34488687243017,0.324592865545498,1.8625134066681,"Cuneiform (Uruk IV)"
"Cuneiform (Uruk IV)","N01 N01 N01 N01 _ BA _ N01 _ SANGA~a",10,4,-1.15505463769485,-0.860144490554141,-0.471069290279429,1.02340038399337,"Cuneiform (Uruk IV)"
"TeDDi","Na nd mounmotrhu mrokfot inji wanyhato duka memoya nhai wom hefenr tohyuk frohrn o bbinysoft tohyuk frohrn o yiro Maringour tohyuk frohrn nd skrorkfot yak nyusakuhato yiro mrokfom htikfot",187,22,1.22827227524598,0.707413395839098,-1.59435703967933,-0.627757499334314,"TeDDi"
"TeDDi","Nire errezeta pertsonala da",27,14,0.731744450943581,0.804756886098042,0.000434209468673609,-0.461184194584989,"TeDDi"
"TeDDi","Profeta bezala mintzo direnei dagokienez  mintza daitezela bi edo hiru  eta gainerakoek eman dezatela beren iritzia",115,19,1.03115770088127,0.876133889966672,-1.40510747320434,-0.56649797475874,"TeDDi"
"TeDDi","Garaitua izan zara",18,9,0.0824203324687517,-0.0930701815739987,-0.0732382123669659,-0.65482566135608,"TeDDi"
"TeDDi","Baduzu Goerten berririk",23,15,0.969089123945622,0.851325991008418,0.532156906195478,-0.425976655172063,"TeDDi"
"TeDDi","Amesgaiztoak izango ditut",25,15,1.01649153338951,0.853417320105335,0.324592865545498,-0.65482566135608,"TeDDi"
"TeDDi","Ziurrenez ez",12,8,0.0735591147715327,-0.193248612965214,0.589813584153808,-0.197127648988048,"TeDDi"
"TeDDi","Anbulategira medikuarengan joan nintzenean medikuak gertatutako azaltzeko eskatu zidan eta txundituta gelditu zen esan nionean hori koloreko mina sentitu nuela hasieran harriduraz eta barrezka galdetu ninduen",208,21,1.18838487157051,1.00987211123876,-1.66073722519074,-0.606181428157545,"TeDDi"
"TeDDi","Esan behar diozu iruditzen zaizula onean Henryrekin geratzea dela",65,20,1.17228753869718,1.12595453345692,-0.838297977583241,-0.65482566135608,"TeDDi"
"TeDDi","Mila esker maitea",17,11,0.532886432157677,0.369233051492285,0.511807490445481,-0.65482566135608,"TeDDi"
"TeDDi","Zure metodoei begirune handia badiet ere Dalrymple jauna oker zaude ni sendagile arrunt bat naiz",96,23,1.2565186778983,1.32599544786335,-1.10925664443067,-0.601829049397676,"TeDDi"
"TeDDi","Ez al ginateke denak hobeto egongo denek horrelako gauzei buruz gezurrik esango ez bagenu eta egia esango bagenu",112,18,1.06072262759616,0.68616332960783,-1.42302222671282,-0.564110739985839,"TeDDi"
"TeDDi","ဤရွေကား  ဣသရေလအမျိုးအနွယတို အမွေ ခံစရာဘို စာရေးတံချ  ဝေရသောမြေ  ဤရွေကား  သူတို ပိုငးခြား  နေရသော ခရိုငအသီးအသီး ဖြစသတညးဟု အရှငထာဝရဘုရား မိနတောမူ",143,34,1.87196382124387,1.63022434915103,-1.11650152857098,-0.477548262199448,"TeDDi"
"TeDDi","Hacme  ne Pahpãm to me amji kam hapac xà jũrkwa mã me axà  Ne curia cu ha cuna mã  cute me pahto impejti ita pyrên me pajakryti to cumã me amji jarẽ  ne pahtỳj me cumã cre",171,27,1.24599341242628,0.975137470686115,-1.43423926838329,-0.536362646390236,"TeDDi"
"TeDDi","Wanene uiwa wamewa gapan  waenapan arugataet inanap anega wain   Ayop nega  Ayop nega  amun gega gapan God oisewa wadidiamuinton amba airampu wa oimoton tau amon amba kiman paua baware ge kiman yo paua mega ugup ugup tainton",224,21,0.953469004319361,0.701108377325592,-1.68942696638635,-0.541940501354996,"TeDDi"
"TeDDi","وَكَانَ لِعُزِّيَّا جَيْشٌ مِنَ ٱلْمُقَاتِلِينَ يَخْرُجُونَ لِلْحَرْبِ أَحْزَابًا حَسَبَ عَدَدِ إِحْصَائِهِمْ عَنْ يَدِ يَعِيئِيلَ ٱلْكَاتِبِ وَمَعَسِيَا ٱلْعَرِيفِ تَحْتَ يَدِ حَنَنْيَّا وَاحِدٍ مِنْ رُؤَسَاءِ ٱلْمَلِكِ",220,37,1.63160712296928,1.57368361748369,-1.39331406180378,-0.65482566135608,"TeDDi"
"TeDDi","the north above all the much prized amber It is",47,20,1.21788517823218,1.23545830023915,-0.36949539804646,-0.545376136659376,"TeDDi"
"TeDDi","In the words of union leader Jack Kelly",39,21,1.33523372220563,1.48937434060361,0.0797737406762874,-0.52233413146007,"TeDDi"
"TeDDi","them probably meant calling in question their eternal salvation In",66,21,1.2674996417323,1.20851194080004,-0.796567444935082,-0.577369074647643,"TeDDi"
"TeDDi","We should be preparing the city for a siege",43,20,1.23432319368113,1.28254699903449,-0.212016495359688,-0.65482566135608,"TeDDi"
"TeDDi","with the history of man",23,14,0.843301548180507,0.917374183681732,0.359186872320494,-0.65482566135608,"TeDDi"
"TeDDi","Okay",4,4,-0.82474862827494,-1.30735579445923,1.91591717719535,-0.65482566135608,"TeDDi"
"TeDDi","Hey",3,3,-1.26061067325236,-1.76460773438122,1.91591717719535,-0.65482566135608,"Cuneiform (Uruk IV)"
"TeDDi","You would be awesome at that",28,14,0.824654399677408,0.677263896009747,-0.0732382123669659,-0.65482566135608,"TeDDi"
"TeDDi","And this article says calcium",29,16,1.05332290688715,0.981899034039963,0.132536483104996,-0.65482566135608,"TeDDi"
"TeDDi","They are both upstairs are they not said Felicite I will go up and",66,22,1.31874086947036,1.23933754647689,-0.73629000888774,-0.577369074647643,"TeDDi"
"TeDDi","Dont know",9,7,-0.0628670158570579,-0.370226795550421,1.03184811516766,-0.65482566135608,"TeDDi"
"TeDDi","The flush on his own face deepened his features expressed internal",66,19,1.11325925589168,1.03794183457649,-0.917122317029767,-0.499912487939207,"TeDDi"
"TeDDi","I was adopted by a group of monks",33,19,1.15017354746958,1.36682209697111,0.22814896786975,-0.65482566135608,"TeDDi"
"TeDDi","Vanbrugh who was a Poet as well as an Architect there",53,19,1.13643206288825,0.987137273015425,-0.636206718846867,-0.558004927970535,"TeDDi"
"TeDDi","Paper Measure Table of Temperatures Strength of Various Metals",62,22,1.31119777409461,1.24317181159404,-0.650734938368931,-0.65482566135608,"TeDDi"
"TeDDi","And thank you for accommodating me",34,18,1.18601030842484,1.2398740170022,0.0437709281955221,-0.349693653110725,"TeDDi"
"TeDDi","would make him known to posterity by his defects only he",56,21,1.33183986628241,1.28403183382577,-0.570527059757545,-0.65482566135608,"TeDDi"
"TeDDi","The linear expansions are the mean values of the results of various",67,18,1.10398281528352,0.737904841829902,-0.993593691119682,-0.65482566135608,"TeDDi"
"TeDDi","It means his freedom",20,14,0.904300965909954,0.791244367915546,0.722423943457961,-0.389842601564061,"TeDDi"
"TeDDi","The torpedoes missed",20,12,0.628886640286844,0.461657534744648,0.324592865545498,-0.389842601564061,"TeDDi"
"TeDDi","compositor and apostleship was obviously a profession better paid and",69,21,1.2803754371593,1.20349498993889,-0.851603364804393,-0.506746892648775,"TeDDi"
"TeDDi","Sometimes I cant believe he is my husband",41,19,1.17913171363986,1.18221255520283,-0.218786167700796,-0.65482566135608,"TeDDi"
"TeDDi","This isnt a oneoff",18,11,0.593207266296105,0.41595638390836,0.368796318646882,-0.358668123941471,"TeDDi"
"TeDDi","En tiedä",8,8,0.225426466107526,-0.0763474012479787,1.91591717719535,-0.65482566135608,"TeDDi"
"TeDDi","karaista sydäntänsä ylenkatsomaan vainajien vihaa täytyi hänen",62,18,1.05281718501914,1.07891739821273,-0.907400149925358,-0.489754247059413,"TeDDi"
"TeDDi","HYVIN KIINNOSTUNUT OPPITUNNISTA DIANA",37,14,0.745514401103531,0.692115248117964,-0.557086820638882,-0.0954169795729301,"TeDDi"
"TeDDi","Garret senkin ääliö",19,13,0.872700379658005,0.768959861978743,0.65960851010336,-0.0954169795729301,"TeDDi"
"TeDDi","Äitisi myös haluaa että ovesi on avoinna",40,17,1.04268631995576,1.05476421478396,-0.371611520801314,-0.267542727813899,"TeDDi"
"TeDDi","He toimivat nokkelasti",22,13,0.826781576384259,0.678584122384506,0.288426403917092,-0.415079083449015,"TeDDi"
"TeDDi","mahdollista äänettöminä välinpitämättöminä niinkuin eivät nämä asiat",68,18,0.96108351456334,0.807731404801482,-1.00931133686688,-0.279103412397247,"TeDDi"
"TeDDi","Ei",2,2,-1.87492372265741,-2.34568622420994,1.91591717719535,-0.65482566135608,"TeDDi"
"TeDDi","Mitä",4,4,-0.82474862827494,-1.30735579445923,1.91591717719535,-0.65482566135608,"TeDDi"
"TeDDi","Oletko ihan varma että pyöriä ollaan tuomassa",45,20,1.28639163984794,1.19152658662263,-0.294255477873892,-0.197127648988048,"TeDDi"
"TeDDi","Aivan",5,5,-0.48666776084224,-0.929554700529899,1.91591717719535,-0.65482566135608,"TeDDi"
"TeDDi","Ei hassummin",12,9,0.314651968321341,0.0699027765800746,0.921339482414193,0.260570363379985,"TeDDi"
"TeDDi","katsannoissa en voikaan Savodoilla oloani katua Jälkimäistä",59,17,0.994509175584126,1.02058384315412,-0.916100665571338,-0.307606479559642,"TeDDi"
"TeDDi","Käsitit väärin",14,9,0.209913422473089,0.0615726915667207,0.495091898936554,-0.267542727813899,"TeDDi"
"TeDDi","ja kun aurinko laski sulki se lehtensä nukkui ja näki koko yön unta",67,17,0.965782631874097,0.909585904866916,-1.05297146394244,-0.578542659294741,"TeDDi"
"TeDDi","En tiedä mitä sanoa",19,12,0.720431208994979,0.496521201672238,0.450223732254697,-0.65482566135608,"TeDDi"
"TeDDi","vohvelit eivät koskaan petä sanoi Ted vieraanvaraisesti",55,17,1.05935254669995,1.10121473273074,-0.832733906563487,-0.468356100761696,"TeDDi"
"TeDDi","Kippis",6,4,-0.910552308458207,-1.18592887477634,0.589813584153808,0.352109965853591,"Cuneiform (Uruk IV)"
"TeDDi","Et tarkoita sitä",16,10,0.356698352905334,0.166993658078322,0.424050635023614,-0.65482566135608,"TeDDi"
"TeDDi","Liikut yhtä ääneti kuin ennenkin",32,11,0.483409674269871,0.356479903668137,-0.69484927160519,-0.167598744964304,"TeDDi"
"TeDDi","Ehkä paikka on kirottu",22,13,0.767345842978251,0.710281972896333,0.288426403917092,-0.175332505541951,"TeDDi"
"TeDDi","Yhteytesi Steiniin on kaksisuuntainen",37,14,0.770962611615457,0.698652483072046,-0.557086820638882,-0.375121320464504,"TeDDi"
"TeDDi","Tämä on ihana kohtaus",21,13,0.811968803280529,0.77255433640109,0.4003702137193,-0.65482566135608,"TeDDi"
"TeDDi","Adrien Arcand",13,9,0.314749216672523,0.0406985378411115,0.691821552849309,-0.65482566135608,"TeDDi"
"TeDDi","Nyt tiedät Anni mitä me saamme vartoa huokasi Vappu tuskallisesti",65,22,1.33614513932749,1.45932838037615,-0.71588841514864,-0.261491431977302,"TeDDi"
"TeDDi","Meksikosta asti hän oli askel askeleelta seurannut tyttöä vaanien kuin",70,18,1.0689240834823,1.0595098460235,-1.03939940158295,-0.362960262164871,"TeDDi"
"TeDDi","sanon sen peittelemättä myöskin minua innostuttaa Jos minä olisin",65,17,1.00670748180056,0.954777262182202,-1.02191232123515,-0.261491431977302,"TeDDi"
"TeDDi","Meillä on ikuinen side Shaolinin kanssa",39,15,0.857738130284937,0.837673977251062,-0.53227407149673,-0.389842601564061,"TeDDi"
"TeDDi","Olen nuori ja mulla on rahaa",28,13,0.670883806569262,0.58488035391896,-0.215320740192847,-0.281886540167313,"TeDDi"
"TeDDi","Mutta en voi olla ajattelematta muita",37,13,0.603699255266516,0.454300633535873,-0.664608733588197,-0.0954169795729301,"TeDDi"
"TeDDi","etupäässä olevalla kuninkaalla on ihmeellinen valta saada kansa",63,17,0.950772781062838,0.840300521296462,-0.98888116946708,-0.00518977283371252,"TeDDi"
"TeDDi","Kaikki maahan",13,8,-0.00838158159900768,-0.0537508248594696,0.385797646762798,0.184287361318647,"TeDDi"
"TeDDi","Plus que toi",12,10,0.489681150718411,0.311676919374995,1.25286538067458,-0.65482566135608,"TeDDi"
"TeDDi","Le jour où lon amena M de Vaucanson chez madame du Deffant la",61,22,1.19591478387713,1.36558196618029,-0.627592993064661,-0.570914359088607,"TeDDi"
"TeDDi","voix exaltée",12,10,0.489681150718411,0.283891470207056,1.25286538067458,-0.65482566135608,"TeDDi"
"TeDDi","Ça",2,2,-1.87492372265741,-2.34568622420994,1.91591717719535,-0.65482566135608,"TeDDi"
"TeDDi","leur dit   Vous mavez amené cet homme comme soulevant le peuple  et voici  après lavoir examiné en votre présence  je ne lai  pour mon compte  trouvé coupable daucune des choses dont vous laccusez",196,24,1.28184619549098,1.21557040468939,-1.57525350652627,-0.396637038994626,"TeDDi"
"TeDDi","Quand Bruce reviendra les gens mourront nestce pas",50,19,1.1529575893751,1.15729462317467,-0.550635505861922,-0.552077127967338,"TeDDi"
"TeDDi","Cest comme résoudre un Rubiks Cube avec nos pieds",49,20,1.25945199748033,1.3076019359314,-0.43859328391923,-0.549936533521739,"TeDDi"
"TeDDi","Pas de pouvoirs",15,12,0.757750345192288,0.610743704820709,1.12025502137042,-0.65482566135608,"TeDDi"
"TeDDi","Mme Stella",10,8,0.14343729578724,-0.128017862156366,1.12025502137042,-0.0954169795729301,"TeDDi"
"TeDDi","Je men fiche Oliver",19,13,0.720431208994979,0.729554820960785,0.65960851010336,-0.65482566135608,"TeDDi"
"TeDDi","un gage de préservation assurée pour le reste de lexistence",59,18,1.06652836203884,0.871880582879095,-0.848671669314987,-0.56802086590697,"TeDDi"
"TeDDi","Elle ne le peut",15,8,-0.0480682582403824,-0.159031988222207,0.0593721469371873,-0.295205794495483,"TeDDi"
"TeDDi","Par ce pamphille se tu veulx",28,16,0.984605912186799,0.997316190897163,0.210926843284792,-0.468356100761696,"TeDDi"
"TeDDi","plaisait nos maris étaient frères darmes nous nous convînmes",60,20,1.20181354984195,0.912699968163655,-0.73629000888774,-0.65482566135608,"TeDDi"
"TeDDi","Je fais juste quelques gardes ici pour aider",44,18,1.07377596933461,0.990237568010916,-0.434902828651024,-0.65482566135608,"TeDDi"
"TeDDi","Mon cousin je crois que vous avez une chance ébouriffante Si",60,21,1.26414910976146,1.27962535346847,-0.669984829235661,-0.569492133626447,"TeDDi"
"TeDDi","Ouais ça serait bien",20,12,0.654627744341821,0.526485367230283,0.324592865545498,-0.65482566135608,"TeDDi"
"TeDDi","ოჲ მნჲდჲ კყჟთ ოანრალჲნკთ თ ოჲრნთფვ",34,15,0.87405068568005,0.776412356207791,-0.307256493491946,-0.65482566135608,"TeDDi"
"TeDDi","ganz nach seinen Wünschen einzurichten",38,15,0.820901792555473,0.689265507017943,-0.492007768064297,-0.65482566135608,"TeDDi"
"TeDDi","den Abschluß des Waffenstillstandes betrieb sich in seinen Anforderungen",72,20,1.2384141559395,1.10708955510899,-0.957307274394662,-0.513003742030774,"TeDDi"
"TeDDi","Dass Ihr Euch als König des nördlichsten Königreichs bezeichnet macht Euch zu einem Aufrührer",93,25,1.52056552220737,1.2691536823051,-0.992955220444168,-0.600100899007728,"TeDDi"
"TeDDi","Knall ihn einfach ab",20,11,0.549610234903574,0.451756256531799,0.125677326589266,-0.389842601564061,"TeDDi"
"TeDDi","Meinen Glückwunsch",18,14,0.943265631090258,0.962104157806359,1.03184811516766,-0.65482566135608,"TeDDi"
"TeDDi","Also sei stark für uns beide",28,17,1.0596184189284,1.11874374664637,0.353009371110673,-0.65482566135608,"TeDDi"
"TeDDi","Kugel des Verführers preisgeben statt daß man",45,21,1.28639163984794,1.36536445730998,-0.205848571671119,-0.540401158264072,"TeDDi"
"TeDDi","Ich sah Sie",11,9,0.32602825706952,0.0467147810497461,1.19258794462724,-0.65482566135608,"TeDDi"
"TeDDi","Ich sah",7,6,-0.276934623769365,-0.648175128574703,1.34758706589183,-0.65482566135608,"TeDDi"
"TeDDi","Ist Frau Lürig der Ansicht die andere habe",42,19,1.19937745977528,1.09238976081968,-0.262681582801474,-0.65482566135608,"TeDDi"
"TeDDi","Na gut",6,6,-0.210435578869893,-0.607250015171458,1.91591717719535,-0.65482566135608,"TeDDi"
"TeDDi","Eine Kreatur die über das menschliche Begriffsvermögen hinausgeht",65,23,1.43480950218352,1.44936834432204,-0.654683633931335,-0.576158815480324,"TeDDi"
"TeDDi","Ich muss mit ihm reden",22,13,0.767345842978251,0.700345308723442,0.288426403917092,-0.415079083449015,"TeDDi"
"TeDDi","führt damit Du vermuthen kannst in welchem",42,20,1.31205218155789,1.26784476124397,-0.16795989758422,-0.532028633647583,"TeDDi"
"TeDDi","Echt jetzt",10,8,0.0641608904039808,-0.155705589449094,1.12025502137042,-0.65482566135608,"TeDDi"
"TeDDi","denke ihr bekommt herrlichen Sternenschein zu eurer",51,18,1.00153331997831,1.05570571719552,-0.658283915179413,-0.453438535914146,"TeDDi"
"TeDDi","versank",7,7,0.0231154031970486,-0.325986200233567,1.91591717719535,-0.65482566135608,"TeDDi"
"TeDDi","Deckmantel künstlerischer Offenbarung auf den Kitzel",52,23,1.51345940189836,1.55755764485506,-0.30275614193185,-0.556106482217877,"TeDDi"
"TeDDi","Jahwe sagte zu Mose   Sag den Israeliten   Ihr habt erlebt  wie ich vom Himmel her zu euch gesprochen habe",106,26,1.34847745818988,1.40207695485943,-1.08658152403079,-0.367129767867603,"TeDDi"
"TeDDi","Sulu bringen Sie uns da hoch",28,16,1.03130541700581,1.11447441956986,0.210926843284792,-0.65482566135608,"TeDDi"
"TeDDi","aussah Auch der Pfarrer wurde alsbald von einer",47,19,1.15093176956825,1.25145142823111,-0.454140308240602,-0.435926611962673,"TeDDi"
"TeDDi","Charleston Chew",15,12,0.757750345192288,0.504242709905037,1.12025502137042,-0.65482566135608,"TeDDi"
"TeDDi","parantu yakoob ka nij bhag unake saman naheen haai  kyonaki vah to sab ka srajanahar haai  aur israaael usake nij bhag ka gotra haai senaon ka yahova usaka nam haai",164,20,0.877120932889064,0.704340261674568,-1.57723375081652,-0.34594970208931,"TeDDi"
"TeDDi","सिकुडकर दाहिनी ओर जा  फिर तैयार हो कर बाईं ओर मुड  जिधर भी तेरा मुख हो",70,27,1.39095039101598,1.43960275276941,-0.52790230140978,-0.508892961760475,"TeDDi"
"TeDDi","मैं तेरे माथे को हीरे के तुलय कडा कर देता हूँ जो चकमक पतथर से भी कडा होता है  सो तू उन से न डरना  और न उनके मुंह देख कर तेरा मन कचचा हो  कयोंकि वे बलवई घराने के हैं",164,34,1.45328856219967,1.57770825003184,-1.23762185503759,-0.531275277649372,"TeDDi"
"TeDDi","aur jab ve israaael kee chhavanee ke pas aae hee the  ki israaaelee uttkar moaabiyon ko marane lage aur ve unake samhane se bhag gaae aur ve moab ko marate marate unake desh men pahunch gaae",190,22,0.985899514276082,0.770446616213564,-1.60174709066222,-0.255248031510972,"TeDDi"
"TeDDi","Serius aku masih minum obat",27,15,0.939639367312484,0.901505786266745,0.14777905313996,-0.65482566135608,"TeDDi"
"TeDDi","Oh Tuhan",8,7,-0.0371173074880907,-0.335930008685652,1.41862832980477,-0.65482566135608,"TeDDi"
"TeDDi","Kau seperti penjelajah waktu",28,16,1.04497749565692,1.00498949336883,0.210926843284792,-0.65482566135608,"TeDDi"
"TeDDi","Frou frou kau selamat",21,13,0.774218134050398,0.568070270715079,0.4003702137193,-0.65482566135608,"TeDDi"
"TeDDi","Hanya seorang Ayah penyayang yang membagikan strategi main pada Putrinya",72,21,1.11542401549128,1.04236260169245,-0.90205295801793,-0.65482566135608,"TeDDi"
"TeDDi","Kerjamu bagus hari ini",22,14,0.886217309790279,0.79572500801577,0.469258712059119,-0.65482566135608,"TeDDi"
"TeDDi","BERNYANYI   All I wanna do in the middle of the evening is hold you tight   Yang ingin kulakukan di tengah malam hari adalah memelukmu eraterat",143,27,1.4219888645539,1.49049905455179,-1.31124401426239,-0.406637302536795,"TeDDi"
"TeDDi","Oke kuambilkan",14,11,0.566589453284704,0.470624047040217,1.06342201024007,-0.65482566135608,"TeDDi"
"TeDDi","Kau mendedikasikan hidupmu untuk belajar cara mengecilkan dirimu ke ukuran atom dan aku menghabiskan belajar rahasia speedforce",127,22,1.30908602260431,1.04491168880592,-1.37323740397068,-0.614867898371569,"TeDDi"
"TeDDi","Apa",3,3,-1.26061067325236,-1.76460773438122,1.91591717719535,-0.65482566135608,"Cuneiform (Uruk IV)"
"TeDDi","Hei tolong minggir",18,11,0.549164818860954,0.322563047110487,0.368796318646882,-0.358668123941471,"TeDDi"
"TeDDi","Nenek",5,4,-0.906737798595226,-1.25089953379879,1.12025502137042,-0.65482566135608,"Cuneiform (Uruk IV)"
"TeDDi","saat itu",8,6,-0.299661081083707,-0.517425060587622,0.921339482414193,0.064414072365114,"TeDDi"
"TeDDi","Apa",3,3,-1.26061067325236,-1.76460773438122,1.91591717719535,-0.65482566135608,"Cuneiform (Uruk IV)"
"TeDDi","ああすっかり忘れてた",10,9,0.353472314663733,0.271837934631057,1.51808609928289,-0.0954169795729301,"TeDDi"
"TeDDi","固定観念は捨てなさい フレイア",15,15,1.17782038294527,1.16234325206575,1.91591717719535,-0.65482566135608,"TeDDi"
"TeDDi","いや　スイートへ連れて行け",13,13,0.961010813215573,0.872198515184786,1.91591717719535,-0.65482566135608,"TeDDi"
"TeDDi","これがお前の故郷だ",9,9,0.403877470535145,0.148151954216761,1.91591717719535,-0.65482566135608,"TeDDi"
"TeDDi","うっそー アバ　グレイテストヒット",17,16,1.24390284695121,1.22633302909621,1.68189889607037,-0.65482566135608,"TeDDi"
"TeDDi","それで",3,3,-1.26061067325236,-1.76460773438122,1.91591717719535,-0.65482566135608,"Cuneiform (Uruk IV)"
"TeDDi","葬式に参列し",6,6,-0.210435578869893,-0.607250015171458,1.91591717719535,-0.65482566135608,"TeDDi"
"TeDDi","元気だ",3,3,-1.26061067325236,-1.76460773438122,1.91591717719535,-0.65482566135608,"Cuneiform (Uruk IV)"
"TeDDi","トレイシーブッカー　歳",11,10,0.516969183320886,0.30767708662934,1.55425256091129,-0.65482566135608,"TeDDi"
"TeDDi","そうね",3,3,-1.26061067325236,-1.76460773438122,1.91591717719535,-0.65482566135608,"Cuneiform (Uruk IV)"
"TeDDi","だめよ",3,3,-1.26061067325236,-1.76460773438122,1.91591717719535,-0.65482566135608,"Cuneiform (Uruk IV)"
"TeDDi","マーティ ジェイコブ 何だ",13,12,0.799445414079814,0.658415731204763,1.60989327110884,-0.65482566135608,"TeDDi"
"TeDDi","그가 왜 그랬을까요",10,8,0.14343729578724,-0.0420268421303512,1.12025502137042,-0.65482566135608,"TeDDi"
"TeDDi","저기 더 있죠",7,6,-0.276934623769365,-0.592464627559972,1.34758706589183,-0.65482566135608,"TeDDi"
"TeDDi","그래서 너한테 투표안했던거야",15,14,1.03779703702761,1.0016708354313,1.65069645858704,-0.65482566135608,"TeDDi"
"TeDDi","이에 내가 그들에게 이르기를 너희가 다니는 산당이 무엇이냐 하였노라  그것을 오늘날까지 바마라 일컫느니라",58,37,1.97998466646405,2.61408392921182,0.475494308891606,-0.56649797475874,"TeDDi"
"TeDDi","무슨 짓 했죠",7,6,-0.276934623769365,-0.592464627559972,1.34758706589183,-0.65482566135608,"TeDDi"
"TeDDi","알겠어요 제가 바로 여기서 같이 있어드리면 괜찮겠어요",29,20,1.29793720413293,1.38748465552493,0.681269004363568,-0.65482566135608,"TeDDi"
"TeDDi","그리고 자네는 월레건에게 그 즉시 가져다주면 되네",27,20,1.30952562148748,1.54951198142958,0.884503271496373,-0.65482566135608,"TeDDi"
"TeDDi","잘 주무셨어요",7,7,0.0231154031970486,-0.325986200233567,1.91591717719535,-0.65482566135608,"TeDDi"
"TeDDi","벤은 안에 있어요",9,8,0.170505227339043,-0.0825881412834096,1.4738826461815,-0.65482566135608,"TeDDi"
"TeDDi","그들은 당신이 도망가게 놔두지 않을 겁니다",23,19,1.29533957923819,1.52426817714083,1.22403704169541,-0.65482566135608,"TeDDi"
"TeDDi","좋은 책이지",6,6,-0.210435578869893,-0.607250015171458,1.91591717719535,-0.65482566135608,"TeDDi"
"TeDDi","또 그들과 혼인하지 말지니 네 딸을 그 아들에게 주지 말 것이요 그 딸로 네 며느리를 삼지 말 것은",55,28,1.3324664594161,1.62098618794478,-0.0370717507385603,-0.65482566135608,"TeDDi"
"TeDDi","귀한 자의 딸아  신을 신은 네 발이 어찌 그리 아름다운가 네 넓적다리는 둥글어서 공교한 장색의 만든 구슬 꿰미 같구나",66,39,1.8519152027614,2.6324998290054,0.288426403917092,-0.577369074647643,"TeDDi"
"TeDDi","모든 음악이 수록되 있었요 차례대로요",20,16,1.08859488073146,1.17541614999012,1.12025502137042,-0.65482566135608,"TeDDi"
"TeDDi","你知道的原因 一個女孩敲背的傢伙",16,15,1.14432967369218,1.10339453483885,1.66727275350006,-0.65482566135608,"TeDDi"
"TeDDi","我們明天就要動身了",9,9,0.403877470535145,0.148151954216761,1.91591717719535,-0.65482566135608,"TeDDi"
"TeDDi","怎么了",3,3,-1.26061067325236,-1.76460773438122,1.91591717719535,-0.65482566135608,"Cuneiform (Uruk IV)"
"TeDDi","很可爱 而且还很萌",9,8,0.170505227339043,-0.119635406840651,1.4738826461815,-0.65482566135608,"TeDDi"
"TeDDi","我为你父亲工作 好不好",11,10,0.516969183320886,0.286533573985532,1.55425256091129,-0.65482566135608,"TeDDi"
"TeDDi","年少從渠笑裡懶",7,7,0.0231154031970486,-0.325986200233567,1.91591717719535,-0.65482566135608,"TeDDi"
"TeDDi","我一直觉得",5,5,-0.48666776084224,-0.929554700529899,1.91591717719535,-0.65482566135608,"TeDDi"
"TeDDi","去他娘的",4,4,-0.82474862827494,-1.30735579445923,1.91591717719535,-0.65482566135608,"TeDDi"
"TeDDi","秀晶她",3,3,-1.26061067325236,-1.76460773438122,1.91591717719535,-0.65482566135608,"Cuneiform (Uruk IV)"
"TeDDi","是 我知道",5,5,-0.48666776084224,-0.929554700529899,1.91591717719535,-0.65482566135608,"TeDDi"
"TeDDi","一切還順利吧",6,6,-0.210435578869893,-0.607250015171458,1.91591717719535,-0.65482566135608,"TeDDi"
"TeDDi","為何不帶著眼睛汝也不是瞎子走在爺爺面前還不看見馬榮見他叫罵",29,25,1.85959166720258,2.08948761245217,1.36718465593678,-0.475015727925781,"TeDDi"
"TeDDi","肖恩 收手吧",6,6,-0.210435578869893,-0.607250015171458,1.91591717719535,-0.65482566135608,"TeDDi"
"TeDDi","您在海上工作",6,6,-0.210435578869893,-0.607250015171458,1.91591717719535,-0.65482566135608,"TeDDi"
"TeDDi","从后方的楼梯和仆役走廊",11,11,0.707910109572242,0.539185955052831,1.91591717719535,-0.65482566135608,"TeDDi"
"TeDDi","破烂熊字幕组 翻译",9,9,0.403877470535145,0.148151954216761,1.91591717719535,-0.65482566135608,"TeDDi"
"TeDDi","难道你只想去扫地",8,8,0.225426466107526,-0.0763474012479787,1.91591717719535,-0.65482566135608,"TeDDi"
"TeDDi","弗兰克",3,3,-1.26061067325236,-1.76460773438122,1.91591717719535,-0.65482566135608,"Cuneiform (Uruk IV)"
"TeDDi","我们阻止了 杀掉",8,8,0.225426466107526,-0.0763474012479787,1.91591717719535,-0.65482566135608,"TeDDi"
"TeDDi","我看是在开会",6,6,-0.210435578869893,-0.607250015171458,1.91591717719535,-0.65482566135608,"TeDDi"
"TeDDi","她在临死前并不是一个善良的人",14,14,1.07329049757952,1.02192153951004,1.91591717719535,-0.65482566135608,"TeDDi"
"TeDDi","你又想到了",5,5,-0.48666776084224,-0.929554700529899,1.91591717719535,-0.65482566135608,"TeDDi"
"TeDDi","我知道",3,3,-1.26061067325236,-1.76460773438122,1.91591717719535,-0.65482566135608,"Cuneiform (Uruk IV)"
"TeDDi","陰獨察其動靜與俱上下何羅亦覺日磾意以故久不得發是時上行幸林光宮日",32,30,2.19450476807465,2.51530930954134,1.66727275350006,-0.65482566135608,"TeDDi"
"TeDDi","eea eatoetao",12,5,-0.626557614816771,-0.641634967419703,-0.404764110627351,-0.197127648988048,"Cuneiform (Uruk IV)"
"TeDDi","etao",4,4,-0.82474862827494,-1.30735579445923,1.91591717719535,-0.65482566135608,"TeDDi"
"TeDDi","terduto otso tathrto totn2 oeoteerto eae2 tateaee gtehre etao gtehre",68,13,0.364548826942488,0.214192902874393,-1.3018341882731,-0.504536761772547,"TeDDi"
"TeDDi","eaaieeeeto taieetso gtehre gtehre aietev",40,11,0.238730739333105,-0.00348048748129045,-0.968358137670009,-0.00935410545244597,"TeDDi"
"TeDDi","etao etao aieeeaetn eaaieeeeto taieetso oodtshn etasee",54,10,0.113302773883536,0.0446887084199806,-1.32566938357287,0.200119682501188,"TeDDi"
"TeDDi","terduto etao toetasa oemtseeeeae tathrto etasee ttiettea oyaieeetn tneelo",73,15,0.365548568087357,0.565816395734189,-1.24493248293107,-0.0254908943500358,"TeDDi"
"TeDDi","teatoaie tathrto ttaieemtn tathaietktttn",40,11,0.145218408712673,0.136689366072467,-0.968358137670009,-0.13844841663317,"TeDDi"
"TeDDi","aieetoown",9,7,-0.0628670158570579,-0.280964341864628,1.03184811516766,0.603843872656008,"TeDDi"
"TeDDi","hotaoeeeae otetaieeeown tathrto aieto eatoaieeeouoo eaelo erdiee eadsac",71,15,0.432457533394879,0.58862616685504,-1.22190540915647,-0.0794338743791267,"TeDDi"
"TeDDi","oodeaaeaieeetotaoeeeae aieaieeadoeroe aieaieeadoeroe aiiaeaieelae ooheaetn moto otiisoooo aieteaeaaee teer eaier eaaeedhn aieto aieeeaetn ttsoeotjaie eloeadar oodeaaeaieeetotaoeeeae taieeeoohtooestown taeaieetn aieeetc1 easatoto taathnerto eaaeeaieaeto oeoteaseeexeceee oesttehaetn llooooeaeeadeaeetc etaeae ttateeaeadsa ottoottoohaieaie aee",341,18,0.30932557871837,0.375691570081874,-1.85239479247402,0.189223320275554,"TeDDi"
"TeDDi","etn1 oohetktttn taoeeeaeeatn aiea tasac taoas tnst aieetsee etaeae elrto etaiaaeee",82,14,0.303423427413836,0.541652913153089,-1.38316981037142,0.0288960608233236,"TeDDi"
"TeDDi","hothtn tmsaown aotetc aateoaiae ooheeaaetnoo tneeaaie",53,12,0.393189959012144,0.442660220534361,-1.16164399156144,0.0229194723427387,"TeDDi"
"TeDDi","terduto taoas paaieee aeae1 hr toerto erdaeaieeea",49,13,0.428013640240878,0.339445059314464,-1.00692339522275,-0.130380022184375,"TeDDi"
"TeDDi","terduto teetoaie otetaieeeown",29,11,0.238885866972877,0.202188071973069,-0.553379168468216,-0.115395861065186,"TeDDi"
"TeDDi","terduto iebodiebod ottoaieeeaaetnrodto hr oetodthnoo ethotc hr",62,13,0.594051894789363,0.533082948316983,-1.22823166437089,-0.242147125614412,"TeDDi"
"TeDDi","Σταμάτα",7,5,-0.576984650735788,-1.04372957800355,0.779256954588312,-0.65482566135608,"Cuneiform (Uruk IV)"
"TeDDi","Στην καλύτερη σάλτσα που έφαγα ποτέ μου",39,20,1.32584904666741,1.20787345467786,-0.0222342280192135,-0.65482566135608,"TeDDi"
"TeDDi","τραβούσαν κι ο Δάφνης ανέβηκε κρατώντας την κορδέλα που την",59,23,1.36749253830409,1.35718573902318,-0.51152668803324,-0.65482566135608,"TeDDi"
"TeDDi","Επικοινωνία μόνο μέσω του δικτύου της",37,20,1.35721638761502,1.25588707486061,0.0880446570570077,-0.65482566135608,"TeDDi"
"TeDDi","Αυτοσχεδιασμός",14,13,0.923265484096308,0.823408954385724,1.63175212154359,-0.65482566135608,"TeDDi"
"TeDDi","Άλλως θα είχαν παράπονα κατά του παππά κι ο παππάς αν ήθελε",59,20,1.09765281002238,1.00487938542472,-0.713813676802287,-0.394411275008751,"TeDDi"
"TeDDi","πριν ασθενήσει",14,10,0.473190443646678,0.194763570987891,0.779256954588312,-0.65482566135608,"TeDDi"
"TeDDi","Κραυγαί αμηχανίας αντηχούσι και σύγχυσις επικρατεί εν τω πλοίω Το πλήρωμα",73,24,1.61100445827261,1.49923050605302,-0.754455811532144,-0.65482566135608,"TeDDi"
"TeDDi","ότι έλαβε το όνομα από την θηλήν Η δε θηλή καλέ Ερμογένη",56,22,1.35321283467513,1.35801849604393,-0.499485795844605,-0.65482566135608,"TeDDi"
"TeDDi","Κι εκείνος γέλασε",17,14,0.950169645106357,0.940695555493758,1.21386233382042,-0.65482566135608,"TeDDi"
"TeDDi","Ας μιλήσουμε για το πρόγραμμά σου",33,18,1.21515214426884,1.090524396008,0.107594095775061,-0.497491969604569,"TeDDi"
"TeDDi","το ξέρετε καλά όχι δεν είμαστε γεννημένοι εμείς για τη βασανισμένη",66,23,1.37626964158236,1.35067437878718,-0.676012572840393,-0.577369074647643,"TeDDi"
"TeDDi","Είναι ξεκάθαρο ότι δεν θέλει να εμπλακώ",39,21,1.35937689628106,1.36673600806331,0.0797737406762874,-0.65482566135608,"TeDDi"
"TeDDi","Η ορκομωσία του προέδρου Ντάλτον είναι μόλις σε μια μέρα αλλά αντιμετωπίζει ακόμη μια νομική πρόκληση για την νομιμοποίηση της νίκης του",136,27,1.59196598060736,1.40978728681262,-1.27258190313248,-0.617531749237203,"TeDDi"
"TeDDi","γειά",4,4,-0.82474862827494,-1.30735579445923,1.91591717719535,-0.65482566135608,"TeDDi"
"TeDDi","σαν τι θα πει φοβόκαρδος και δείλια δεν γνωρίζει",48,22,1.3488763042775,1.34708853841543,-0.23900116149716,-0.65482566135608,"TeDDi"
"TeDDi","Τζομπ",5,5,-0.48666776084224,-0.929554700529899,1.91591717719535,-0.65482566135608,"TeDDi"
"TeDDi","Εντάξει",7,7,0.0231154031970486,-0.325986200233567,1.91591717719535,-0.65482566135608,"TeDDi"
"TeDDi","λόφων και λαγκαδιών κούτσουρων από δέντρα βάτων νερών",53,23,1.46676562048695,1.41032062536465,-0.335956848724255,-0.65482566135608,"TeDDi"
"TeDDi","בחיי בהחלט ניסיתי",17,10,0.279617219979553,0.344916076429397,0.277789209320502,-0.340158277853058,"TeDDi"
"TeDDi","לחיי התחלות חדשות",17,9,0.285786409950037,0.0804508031861621,0.0437709281955221,-0.340158277853058,"TeDDi"
"TeDDi","יישן שנתו לאט לאט הזבובים הקטנים והיתושים הנם הראשונים המרגישים את",66,18,1.07563549239174,0.789272368754577,-0.977399753077109,-0.577369074647643,"TeDDi"
"TeDDi","החדר הצמוד מכאן",15,11,0.617726999274629,0.468705180840935,0.855034302762114,-0.65482566135608,"TeDDi"
"TeDDi","אחרי הפגישה שלו עם המזכירה מקורד מר פוקס סיפק גישה מלאה לחשבונות העסקיים שלו",76,22,1.34199218311931,1.25394190118463,-0.910777323761627,-0.587696619542102,"TeDDi"
"TeDDi","לטוני יש טעם מדהים",18,12,0.665850940459005,0.589174929831196,0.589813584153808,-0.65482566135608,"TeDDi"
"TeDDi","לואיס אני יכול לדבר איתך לרגע",29,15,0.859765570957487,0.887305068614103,-0.00464664720964403,-0.65482566135608,"TeDDi"
"TeDDi","כן",2,2,-1.87492372265741,-2.34568622420994,1.91591717719535,-0.65482566135608,"TeDDi"
"TeDDi","קייל",4,3,-1.34983617546617,-1.62568048854153,0.921339482414193,1.02340038399337,"Cuneiform (Uruk IV)"
"TeDDi","אום זאת ילדה והיום היא בת  שבועות ויום אחד",42,14,0.676298133948683,0.592474597874513,-0.73629000888774,-0.532028633647583,"TeDDi"
"TeDDi","Pe táva guasu oñembojao mbohapy hendápe  ha táva oĩva guive ko yvy ári hoapa  ha Tupã imandua táva Babilóniare  houka haguã chupe kaguýicha pe ñenupã hae omondóva chupe ipochýgui",178,31,1.57753367128031,1.32780432873808,-1.369541724666,-0.569492133626447,"TeDDi"
"TeDDi","Тереза Мэй висит на ниточке",27,17,1.15394412602341,1.06939845619292,0.442468740482525,-0.65482566135608,"TeDDi"
"TeDDi","Он найдет себе жилье",20,14,0.838921659163337,0.916433946244774,0.722423943457961,-0.65482566135608,"TeDDi"
"TeDDi","Знаешь они сказали что президенты не заводят новых друзей",57,24,1.51494544353415,1.63224811228057,-0.387315379139965,-0.65482566135608,"TeDDi"
"TeDDi","Именно поэтому ты справишься со всем этим",41,19,1.26010429779692,1.23044807468161,-0.218786167700796,-0.528958707954871,"TeDDi"
"TeDDi","Но я абсолютно в порядке",24,17,1.10228328910819,1.23169819145533,0.755576533283999,-0.65482566135608,"TeDDi"
"TeDDi","Ну и куда ты",12,9,0.248588297168614,0.146055043284703,0.921339482414193,-0.65482566135608,"TeDDi"
"TeDDi","Я еще даже не встал Норма",25,16,0.928282476658978,1.11489182907556,0.483725296710483,-0.65482566135608,"TeDDi"
"TeDDi","Прекрасно",9,8,0.170505227339043,-0.0591090448148848,1.4738826461815,-0.65482566135608,"TeDDi"
"TeDDi","С Гонконга в Бангкок а затем на север в Чиангмай  недели побудем с семьёй Лин",77,27,1.45577224319599,1.6162664250948,-0.667401510547917,-0.588579896408075,"TeDDi"
"TeDDi","Вонзить иглу в мозг пациента",28,17,1.19500250914014,1.13850224867406,0.353009371110673,-0.65482566135608,"TeDDi"
"TeDDi","От боли или",11,7,-0.127923054872519,-0.487554174631228,0.469258712059119,-0.65482566135608,"TeDDi"
"TeDDi","Если верить тебе у них вообще нет чувства юмора",47,20,1.27440079810943,1.33549462156737,-0.36949539804646,-0.545376136659376,"TeDDi"
"TeDDi","Сына официантки",15,11,0.564876062352446,0.397906053633427,0.855034302762114,-0.65482566135608,"TeDDi"
"TeDDi","Посмотрел на ютубе",18,14,0.987308078525408,0.908638653700123,1.03184811516766,-0.65482566135608,"TeDDi"
"TeDDi","Хорошо",6,4,-1.04267965076365,-1.2211475194791,0.589813584153808,-0.65482566135608,"Cuneiform (Uruk IV)"
"TeDDi","А радуешься",11,11,0.707910109572242,0.539185955052831,1.91591717719535,-0.65482566135608,"TeDDi"
"TeDDi","Страна свободы родина расистов",30,13,0.818497285726688,0.44327712718421,-0.338458930975276,-0.65482566135608,"TeDDi"
"TeDDi","No",2,2,-1.87492372265741,-2.34568622420994,1.91591717719535,-0.65482566135608,"TeDDi"
"TeDDi","y ya nos contentaríamos para suma",33,14,0.80082465459747,0.724831549742329,-0.374625392603682,-0.65482566135608,"TeDDi"
"TeDDi","A pesar de que la gente pensaba que no había peligro para la niña",65,20,1.05941309005167,0.880891290901303,-0.838297977583241,-0.65482566135608,"TeDDi"
"TeDDi","Parece que va a tardar un rato",30,13,0.555611329928011,0.596618060836731,-0.338458930975276,-0.65482566135608,"TeDDi"
"TeDDi","Donde vive el",13,9,0.253767366377702,-0.0327305709445827,0.691821552849309,-0.65482566135608,"TeDDi"
"TeDDi","Cena conmigo",12,10,0.489681150718411,0.270994490946333,1.25286538067458,-0.65482566135608,"TeDDi"
"TeDDi","Todo lo que puedo hacer es cumplir con la orden judicial pedirle a Dios que pueda convencer al juez de que soy una mujer diferente",130,24,1.24696189827155,1.18837243530896,-1.32793622732166,-0.65482566135608,"TeDDi"
"TeDDi","Sí",2,2,-1.87492372265741,-2.34568622420994,1.91591717719535,-0.65482566135608,"TeDDi"
"TeDDi","Pues qué tal la Academia Olympia",32,18,1.145177412735,1.2021292931798,0.175406211328324,-0.65482566135608,"TeDDi"
"TeDDi","Hasta aqui solo se ha hablado de estos empleados como dependientes",66,18,1.00681301734086,0.961472843486854,-0.977399753077109,-0.65482566135608,"TeDDi"
"TeDDi","obligado a abandonar mis trabajos en la Península lo haríap 184 sin murmurar lleno el",85,23,1.26489770307905,1.32207825061817,-0.985909508754381,-0.594889016879314,"TeDDi"
"TeDDi","Cuyo valor pesos oro fué de 100589",34,20,1.27110190379535,1.4187730051268,0.277789209320502,-0.502259657233402,"TeDDi"
"TeDDi","Akoy lalakad sa harap ng Panginoon  sa lupain ng mga buhay",58,19,0.99741112131192,1.01977887521049,-0.759153863940178,-0.478170288161401,"TeDDi"
"TeDDi","ไมลจากทีนี",10,9,0.353472314663733,0.0853030355025718,1.51808609928289,-0.65482566135608,"TeDDi"
"TeDDi","สิงทีเกิดขึนหลังจากทีคุณให คำสังของคุณหรือไม",44,27,1.91299140048639,1.84213013772093,0.378842557988108,-0.65482566135608,"TeDDi"
"TeDDi","ชังโมงทีมีคา",12,9,0.314651968321341,0.10417279974412,0.921339482414193,-0.65482566135608,"TeDDi"
"TeDDi","สวน ผูชาย หนุม ก เหมือน กัน  จง เตือน เขา ให ใช สติ สัมปชัญญะ",61,26,1.54297090186762,1.57952971714905,-0.366720155089276,-0.487003056821135,"TeDDi"
"TeDDi","นันแหละ ทำไมคุณถึงยังคงมีชีวิตอยู",33,25,1.83919929687635,2.00691162372949,0.951478200437866,-0.65482566135608,"TeDDi"
"TeDDi","เอาละ ฉันไดยินมามากพอละ",23,16,1.15172827079475,0.924219994489948,0.705126940070461,-0.65482566135608,"TeDDi"
"TeDDi","พีคงคิดวาฉันจะจำแมง ไดทุกๆรายละเอียด",36,27,1.95711888839127,2.11976302675569,0.921339482414193,-0.65482566135608,"TeDDi"
"TeDDi","พูดกันดวยโคดตัวเลขเทานัน  ชัวโมงตอไปนี",38,24,1.66006155660034,1.7671926216646,0.450223732254697,-0.518753279300719,"TeDDi"
"TeDDi","ตักหิมะอยูหรอ",13,11,0.637880014944043,0.429739349618679,1.30386936502233,-0.65482566135608,"TeDDi"
"TeDDi","แลวหลักฐานละ",12,10,0.423617479565695,0.324793158376763,1.25286538067458,-0.65482566135608,"TeDDi"
"TeDDi","ชันขออยูแถวนีสักพัก",19,14,0.941520702549178,0.809677699651049,0.868993287952027,-0.375121320464504,"TeDDi"
"TeDDi","เพลงประกอบหลัก",14,12,0.773240470613102,0.597728144921894,1.34758706589183,-0.65482566135608,"TeDDi"
"TeDDi","เธอคิดวาเปนหนาตางจริงๆ เหรอ",27,17,1.23173487375545,1.14142801469751,0.442468740482525,-0.65482566135608,"TeDDi"
"TeDDi","นีเลย",5,5,-0.48666776084224,-0.929554700529899,1.91591717719535,-0.65482566135608,"TeDDi"
"TeDDi","ความยโสของมนุษย คือคิดไปเองวาความคุบธรรมชาติได",46,25,1.70855757768128,1.59466249741812,0.0997318215080172,-0.54294392499945,"TeDDi"
"TeDDi","แนละ ฉันชอบ",11,10,0.516969183320886,0.320087205096765,1.55425256091129,-0.65482566135608,"TeDDi"
"TeDDi","Ara hemen",9,8,0.170505227339043,-0.119635406840651,1.4738826461815,-0.65482566135608,"TeDDi"
"TeDDi","Yolu göster",11,11,0.707910109572242,0.539185955052831,1.91591717719535,-0.65482566135608,"TeDDi"
"TeDDi","Yapmamız gereken şeyi değiştirmez",33,18,1.1702839055365,1.26463565898318,0.107594095775061,-0.65482566135608,"TeDDi"
"TeDDi","Çünkü o kişi ben değilim",24,14,0.839739515512574,0.902801742892246,0.258287685893419,-0.65482566135608,"TeDDi"
"TeDDi","Tatlım",6,6,-0.210435578869893,-0.607250015171458,1.91591717719535,-0.65482566135608,"TeDDi"
"TeDDi","Yogayı meditasyonu hatta hipnoterapiyi bile denedim",51,20,1.31545562304275,1.22925656560682,-0.50227172776276,-0.554132098635113,"TeDDi"
"TeDDi","64 65 66",8,4,-1.08729240187056,-1.20647415877935,-0.0732382123669659,0.064414072365114,"Cuneiform (Uruk IV)"
"TeDDi","Evet eminim öyleydi",19,12,0.678706785109047,0.581267823517685,0.450223732254697,-0.65482566135608,"TeDDi"
"TeDDi","Sahra Çölünde bir sürü ölüm oldu",32,18,1.17322867158909,1.13900937770104,0.175406211328324,-0.65482566135608,"TeDDi"
"TeDDi","Aslinda sirtimda bir sorun var",30,15,0.914934427146598,0.756305318551429,-0.0732382123669659,-0.65482566135608,"TeDDi"
"TeDDi","Belle bunu yapmana müsaade edemem",33,14,0.745600163202561,0.758147217131,-0.374625392603682,-0.340158277853058,"TeDDi"
"TeDDi","Senin şu küçük yuvan ne kadar uzak dostum",41,20,1.22458220340567,1.38360806576774,-0.121754197478244,-0.65482566135608,"TeDDi"
"TeDDi","Bırak onu gitsin göt veren herif bırak gitsin",45,19,1.21976962935693,0.651816864001179,-0.382662384076661,-0.65482566135608,"TeDDi"
"TeDDi","Bu aşırı çirkin binada öğrendiklerinden bir şeyler hatırlıyor musun bunca zamandır",82,25,1.47641992262558,1.44746147219502,-0.849493974147382,-0.65482566135608,"TeDDi"
"TeDDi","Louise lig şampiyonluğundan çekiliyor mu",40,20,1.35443875129879,1.2554882561207,-0.0732382123669659,-0.65482566135608,"TeDDi"
"TeDDi","Ama ders seçimini 15 Temmuz saat 0200de gönderdim",49,21,1.31815196454884,1.34037466665149,-0.357403268018724,-0.340158277853058,"TeDDi"
"TeDDi","Bundan daha değerli",19,12,0.678706785109047,0.564015251956275,0.450223732254697,-0.65482566135608,"TeDDi"
"TeDDi","Hey",3,3,-1.26061067325236,-1.76460773438122,1.91591717719535,-0.65482566135608,"Cuneiform (Uruk IV)"
"TeDDi","Hey",3,3,-1.26061067325236,-1.76460773438122,1.91591717719535,-0.65482566135608,"Cuneiform (Uruk IV)"
"TeDDi","Gözümüz üzerinde",16,11,0.520146619771871,0.443961935650133,0.672695058718903,-0.65482566135608,"TeDDi"
"TeDDi","Majesteleri bu da mı sizin küçük oyunlarınızdan biri",52,22,1.49567540319256,1.4109058404945,-0.379262118453477,-0.65482566135608,"TeDDi"
"TeDDi","Để tôi xem vết thương",21,16,1.0497528238216,1.12239245536652,0.96870032502282,-0.65482566135608,"TeDDi"
"TeDDi","Những giọng nói tăm tối từ sâu thẳm trong anh thì thầm thì thầm và cuối cùng anh sẽ thấy bản chất thật của thế giới này",119,36,1.53722400153815,1.5269300895291,-0.858871013286538,-0.65482566135608,"TeDDi"
"TeDDi","Tôi không thấy đường",20,14,0.943939168601584,0.80942999896297,0.722423943457961,-0.65482566135608,"TeDDi"
"TeDDi","Hỡi Đức Giêhôva  Ngài là công bình  Sự đoán xét của Ngài là ngay thẳng",70,31,1.62914852289543,1.65477200239588,-0.300570256888373,-0.508892961760475,"TeDDi"
"TeDDi","Gánh nặng lời Đức Giêhôva nghịch cùng đất Hađơrắc  nó sẽ đỗ trên Đamách  vì con mắt loài người và mọi chi phái Ysơraên đều ngó lên Đức Giêhôva",142,40,1.88887932992137,1.72980023179282,-0.941742678232205,-0.58341178708589,"TeDDi"
"TeDDi","Hin nhiên là vy",15,10,0.372001779512604,0.285167323512867,0.589813584153808,-0.65482566135608,"TeDDi"
"TeDDi","Giờ sao nữa",11,9,0.32602825706952,0.0674348240294658,1.19258794462724,-0.65482566135608,"TeDDi"
"TeDDi","آخرهفته ی خوبی داشته باشی",25,13,0.796160072891024,0.467511148462422,0.00632800321552687,-0.65482566135608,"TeDDi"
"TeDDi","همین حالا میتونم برم بانک و وام بگیرم",37,14,0.724088345594537,0.58576503111065,-0.557086820638882,-0.65482566135608,"TeDDi"
"TeDDi","نه نه نه تقويتش کن ها",21,10,0.206874643181103,0.242324599739397,-0.16795989758422,-0.65482566135608,"TeDDi"
"TeDDi","پس بیاید از مسیر مخالفش",23,14,0.843301548180507,0.845588275804982,0.359186872320494,-0.65482566135608,"TeDDi"
"TeDDi","کی میخواد انجامش بده",20,13,0.799283456471708,0.747331872455861,0.52350840450173,-0.65482566135608,"TeDDi"
"TeDDi","آره انگار",9,7,-0.0628670158570579,-0.402590690469357,1.03184811516766,-0.65482566135608,"TeDDi"
"TeDDi","دونالد دوباره ازت میپرسم",24,15,1.0031877823791,0.999394026124902,0.424050635023614,-0.65482566135608,"TeDDi"
"TeDDi","اون به خاطر اين انتخاب شده که طوماري رو امضا کرده که",52,16,0.881681176583636,0.786567742731202,-0.838297977583241,-0.65482566135608,"TeDDi"
"TeDDi","جواهرات فرانسوی طراحی های فرانسوی",33,13,0.709154408492433,0.0571388127653933,-0.495180264698366,-0.65482566135608,"TeDDi"
"TeDDi","حتما سنداستورم روی سیگنالها پارازیت انداخته تا اینجا رو مخفی نگه داره",69,19,1.0770846458896,1.134730120916,-0.96691672072105,-0.65482566135608,"TeDDi"
"TeDDi","ولی میتونم هسته اورانیومی رو بردارم",35,13,0.722031378685747,0.713057166882562,-0.584735312540135,-0.65482566135608,"TeDDi"
"TeDDi","من اونجا نميرم مگه اينکه توي يکي از اون چيزهاي بزرگ آهني",56,16,0.837318538932108,0.950268201941058,-0.925733379322244,-0.65482566135608,"TeDDi"
"TeDDi","Nigbana ni o ṣoreọfẹ fun u  o si wipe  Gbà a kuro ninu ilọ sinu ihò  emi ti ri irapada",86,27,1.20413647736258,1.53080188995211,-0.813389054994805,-0.477131138907314,"TeDDi"
"TeDDi","Ati bi igba ti emi ti fi enia jẹ onidajọ lori awọn enia mi Israeli  Ati pẹlu emi o ṣẹgun gbogbo awọn ọta rẹ  Pẹlupẹlu mo ti sọ fun ọ pe  Oluwa yio kọle kan fun ọ",161,28,1.36865893719629,1.28849495291844,-1.37051346642935,-0.560425446305173,"TeDDi"
