"subcorpus","sequence","num.char","huni.chars","hrate.chars","ttr.chars","rm.chars","predictions.knn"
"Cuneiform (Uruk III)","N01 _ EN~a _ NUN~a _ N01 _ EN~a _ AMAR _ N01 _ |SZU2.EN~a| _ N01 _ N01 _ IB~a _ ZATU686~a _ N01 _ N01 _ N01",15,-0.637898937913341,-0.367592724202462,-0.431924621855979,0.469736784210614,"Cuneiform (Uruk III)"
"Cuneiform (Uruk III)","N01 _ GAL~a _ SZUBUR _ N01 _ NAM2 _ APIN~a _ N01 _ N01",8,-0.796124879643999,-0.796001836304886,0.231162592657772,0.133484725365202,"Cuneiform (Uruk III)"
"Cuneiform (Uruk III)","N01 _ ZATU707~a _ ZATU686~a _ ZATU707~a _ ZATU707~a _ KA~a _ E2~a _ E2~a _ KA~a _ LAGAB~b _ ZATU707~a",11,-0.460156086207379,-0.477571607081533,-0.101967347648182,0.402486372441532,"Cuneiform (Uruk III)"
"Cuneiform (Uruk III)","N01 _ SANGA~a _ |(BU~a&BU~a).NA2~a| _ N01 _ BUR2",5,-0.867300240140106,-1.1227043420762,0.964048461330867,-0.539019392325625,"Cuneiform (Uruk III)"
"Cuneiform (Uruk III)","ZATU647 _ URUDU@g~c",2,-1.70778907425302,-2.03854819829477,1.80163231124297,-0.539019392325625,"Cuneiform (Uruk III)"
"Cuneiform (Uruk III)","GISZ _ NU11 _ N01 _ N01 _ GISZ _ N01 _ GISZ _ N01 _ IN~b _ N01",10,-1.08286578948189,-0.980165543833832,-0.711119238493349,-0.0159606341216494,"Cuneiform (Uruk III)"
"Cuneiform (Uruk III)","MUSZEN _ N01 _ N01 _ N57 _ GAN2 _ N01 _ NAGA~a _ TUR3~b _ N01 _ |SILA3~axA| _ N01 _ ME~a _ N01 _ KUSZU2~d _ N01 _ N01 _ AN",17,-0.180115083264922,0.173939758830569,0.0771949731886344,0.0494217106538482,"Cuneiform (Uruk III)"
"Cuneiform (Uruk III)","N01 _ NI~a _ N01 _ DUG~c",4,-1.25195697694851,-1.43622736700443,0.75465249885284,-0.539019392325625,"Cuneiform (Uruk III)"
"Cuneiform (Uruk III)","N01 _ N01 _ |DUG~bxX| _ N01 _ |DUG~bxX| _ N01 _ |DUG~bxX| _ N01",8,-1.74932996227799,-1.60043194191439,-1.33930712592743,0.133484725365202,"Cuneiform (Uruk III)"
"Cuneiform (Uruk III)","N01 _ GAL~a _ ISZ~b _ N01 _ GAL~a _ TAG~a2 _ N01 _ SANGA~a _ GAL~a _ N01 _ N01 _ SAG _ SUG5 _ N01 _ UB _ SAG _ N01 _ ZATU725 _ N01 _ N01 _ KAR2~a _ ME~a _ N01 _ GALGA~a _ ME~a _ N01 _ LAGAR~a _ IB~a _ N01 _ LAGAR~a _ GAR _ N01 _ MUSZ3~a _ ME~a _ N01 _ N01 _ GAL~a _ SZAGAN _ N01 _ ENGIZ _ N01 _ ENDIB",42,0.424540859875749,1.00204104790915,-0.491752039706846,-0.194566063752275,"Cuneiform (Uruk III)"
"Cuneiform (Uruk III)","N01 _ TA~c _ N01 _ USZ~a _ N01",5,-1.36960669931977,-1.37901049389689,0.126464611418759,-0.539019392325625,"Cuneiform (Uruk III)"
"Cuneiform (Uruk III)","GUKKAL~c _ N01 _ KAL~a _ AB2 _ N01 _ GA~b _ AMAR _ N14 _ SUHUR _ N14 _ KAR2~b _ N01 N01 N01 _ KAD4~a _ N01 _ N14 _ UD5~a",18,0.155753203435487,0.283430098412994,0.172997047524987,0.0148075281256419,"TeDDi"
"Cuneiform (Uruk III)","N01 _ KAB _ N01 _ NAM2 _ DI _ N01 _ NAM2 _ NAM2 _ N01 _ NAM2 _ URU~a1 _ N01",12,-0.840955242080203,-0.711327273859325,-0.641320584334005,-0.111062226522372,"Cuneiform (Uruk III)"
"Cuneiform (Uruk III)","N01 _ SZEN~a _ N01 _ URI _ N01",5,-1.36960669931977,-1.37901049389689,0.126464611418759,-0.539019392325625,"Cuneiform (Uruk III)"
"Cuneiform (Uruk III)","N01 _ GAL~a _ N01 _ GAL~a _ NIM~a _ N01 _ GAL~a _ N01 _ GAL~a",9,-1.35028249142273,-1.41816261636902,-0.99031385513072,-0.539019392325625,"Cuneiform (Uruk III)"
"Cuneiform (Uruk III)","N01 _ GAL~a _ NESAG2~a _ N01 _ GAL~a _ TUR3~a",6,-0.870611642286914,-1.14302564401915,0.405659228056129,-0.539019392325625,"Cuneiform (Uruk III)"
"Cuneiform (Uruk III)","N01 _ N01 _ SANGA~a _ |ZATU737xU4| _ N01 _ SANGA~a _ |ZATU737xSAL| _ N01 _ N01 _ N01 _ LAGAR~a _ N01 _ MUSZ3~a",13,-0.764270499463189,-0.47434755759318,-0.453401130828083,0.637862813633322,"Cuneiform (Uruk III)"
"Cuneiform (Uruk III)","N01 _ N01 _ GAL~a _ UTUL~a _ N01 _ |NUN~a+EN~a| _ UTUL~a _ N01 _ TAR~a _ UTUL~a",10,-0.753787791886323,-0.681329520066611,-0.292327313537295,-0.0159606341216494,"Cuneiform (Uruk III)"
"Cuneiform (Uruk III)","GAN~a _ N01 _ N57 N57 N57 N57 N57 _ GAN~a _ N01 _ GAN~a _ N01 _ |DUG~bxSZE~a| _ |DUG~bxBALA~a| _ N01 _ N01 _ |DUG~bxX| _ N01 _ N34",18,-0.432251992832721,-0.216356816920657,-0.757651674599577,0.84554790880255,"Cuneiform (Uruk III)"
"Cuneiform (Uruk III)","N01 _ N01 _ BU~a _ NUN~a _ SANGA~a _ N01 _ BU~a _ SANGA~a",8,-0.88215036797903,-1.00153371910675,-0.292327313537295,0.133484725365202,"Cuneiform (Uruk III)"
"Cuneiform (Uruk III)","N01 _ SAR~b _ N01",3,-1.78227583689594,-1.90750634420297,0.405659228056129,-0.539019392325625,"Cuneiform (Uruk III)"
"Cuneiform (Uruk III)","N01 _ ABGAL _ N01 _ KINGAL _ N01 _ GA~a _ N01 _ GAL~a _ KISAL~b2 _ N01 _ GAL~a _ NIM~a _ N01 _ GAL~a _ N01 _ GAL~a _ N01 _ ERIN _ UMUN2 _ N01",20,-0.34443005645697,-0.0271395968644554,-0.501723276015322,-0.539019392325625,"Cuneiform (Uruk III)"
"Cuneiform (Uruk III)","N01 _ |DUG~bxBALA~a| _ N01 _ |DUG~bxKASKAL| _ N34",5,-0.867300240140106,-1.06691893700554,0.964048461330867,-0.539019392325625,"Cuneiform (Uruk III)"
"Cuneiform (Uruk III)","N01 _ UMUN2 _ KU3~a _ N01 _ AB~a _ UMUN2 _ KU3~a _ N01 _ GAL~a _ AK~a _ N01 _ GAL~a _ IM~a _ N01 _ N01 _ N01",16,-0.434392735154038,-0.359764455808243,-0.554072266634829,0.0886511175191449,"Cuneiform (Uruk III)"
"Cuneiform (Uruk III)","AMAR _ BA",2,-1.70778907425302,-2.03854819829477,1.80163231124297,-0.539019392325625,"Cuneiform (Uruk III)"
"Cuneiform (Uruk III)","N01 _ SZEN~a _ N01 _ URI _ MUD3~a _ N01 _ SUH3 _ N01",8,-0.796124879643999,-0.742453532857202,0.231162592657772,-0.539019392325625,"Cuneiform (Uruk III)"
"Cuneiform (Uruk III)","AMAR _ AMAR _ AMAR _ N01 _ SAG _ AMAR _ N01 _ SAG _ DARA4~a1 _ AMAR",10,-1.01404539881386,-0.892386167241249,-0.711119238493349,0.507098124082327,"Cuneiform (Uruk III)"
"Cuneiform (Uruk III)","N01 _ N01 _ SZA _ N01 _ UB _ SAG _ N01 _ ZATU725",8,-0.796124879643999,-0.627988689397724,0.231162592657772,0.133484725365202,"Cuneiform (Uruk III)"
"Cuneiform (Uruk III)","SZE~a _ N01 _ SZE~a",3,-1.78227583689594,-1.90750634420297,0.405659228056129,-0.539019392325625,"Cuneiform (Uruk III)"
"Cuneiform (Uruk III)","N01 _ N01",2,-2.61945326886205,-2.37457449210909,-0.292327313537295,4.16850943151016,"Cuneiform (Uruk III)"
"Cuneiform (Uruk III)","N01 _ GAL~a _ IM~a _ N01 _ IM~a _ TUR",6,-0.870611642286914,-1.06835313428263,0.405659228056129,-0.539019392325625,"Cuneiform (Uruk III)"
"Cuneiform (Uruk III)","N01 _ HI _ N01 _ N58 N58 N58 N58 N58 N58 N58 N58 N58 _ NI~b _ N01 _ IR~a _ N01 _ NE~a _ IR~a _ N01 _ DIN _ IR~a _ N01 _ SU~a _ NI~b _ N01 _ |DUG~bxX| _ N01 _ |DUG~bxX| _ N01 _ |DUG~bxX| _ N01 _ |DUG~bxX| _ N01 _ |DUG~bxX|",34,-0.259151027512871,-0.206775420659076,-1.27772007813978,0.602199716483049,"Cuneiform (Uruk III)"
"Cuneiform (Uruk III)","N01 _ |DUG~bxSZAH2~a| _ N01 _ |DUG~bxANSZE~d| _ N01 _ N01 _ |DUG~bxX|",7,-1.10199024155875,-0.972234717753846,0.00680977571702703,0.245568744980341,"Cuneiform (Uruk III)"
"Cuneiform (Uruk III)","N01 _ NAMESZDA _ N01 _ NAM2 _ KAB _ N01 _ NAM2 _ DI _ N01 _ NAM2 _ NAM2 _ N01 _ NAM2 _ URU~a1 _ N01 _ NAM2 _ ERIN _ N01 _ GAL~a _ SZUBUR _ N01 _ N01 _ N01 _ NAM2 _ PA~a _ RAD~a _ N01 _ AB~a _ ME~a _ N01 _ |1(N58).BAD~a| _ GAL~a _ N01 _ EN~a _ IB~a _ N01 _ SZITA~a1 _ N01 _ ABGAL _ N01 _ KINGAL _ N01 _ N01 _ N01 _ SIG2~c1 _ GA~a _ N01 _ GAL~a _ NIM~a _ N01 _ GAL~a _ KISAL~b1 _ N01 _ SILA4~a _ N01 _ SZAB~a _ GAL~a _ N01 _ N01 _ UMUN2 _ ERIN _ N01 _ SANGA~a _ UMUN2 _ N01 _ AK~a _ N01 _ SANGA~a _ SUHUR _ N01 _ GAL~a _ SUHUR _ N01 _ N14 N14 N14 _ N01 N01 N01 N01 N01 N01 _ LAGAB~a",83,0.621840546634327,1.48668537110426,-0.82212432703592,0.207296152916635,"Cuneiform (Uruk III)"
"Cuneiform (Uruk III)","N01 _ N01 _ GAL~a _ GISZGAL _ N01 _ GAL~a _ |ZATU737xX| _ N01 _ SANGA~a _ |ZATU737xDI| _ N01 _ SANGA~a _ |ZATU737xX|",13,-0.480824004330006,-0.462174123479478,-0.453401130828083,-0.146725323672643,"Cuneiform (Uruk III)"
"Cuneiform (Uruk III)","N01 _ N01 _ N01 _ GA2~b _ N01 _ UR~a _ N01 _ GA2~a3 _ N01 _ URU~a1 _ N01 _ N01 _ N01 _ GAL~a _ TE _ N01 _ TE _ |NUN~a+EN~a| _ N01 _ RAD~b _ N01 _ N01 _ NUN~a _ N01 _ N01 _ NAGA~a _ N01 _ PAP~a _ N01",29,-0.437916910443665,0.488123712926525,-0.653354835051134,0.469736784210614,"Cuneiform (Uruk III)"
"Cuneiform (Uruk III)","N01 _ GISZIMMAR~b1 _ GISZIMMAR~b1 _ N01 _ GIR2~a _ N01 _ AN _ GIR2~a _ N01",9,-0.94509840492983,-0.948447834650999,-0.524989494068438,0.0494217106538482,"Cuneiform (Uruk III)"
"Cuneiform (Uruk III)","N01 _ E2~a _ GAN~a _ N01 _ |DUG~bxSZE~a|",5,-0.867300240140106,-1.1227043420762,0.964048461330867,-0.539019392325625,"Cuneiform (Uruk III)"
"Cuneiform (Uruk III)","N01 _ MA _ N01 _ GU4 _ A _ N01 _ AD~a _ A _ N01 _ BU~a",10,-0.502634562296497,-0.543750537835442,0.126464611418759,-0.539019392325625,"Cuneiform (Uruk III)"
"Cuneiform (Uruk III)","N01 _ N01 _ KISAL~b1 _ N01 _ NIM~a _ N01 _ N01 _ EN~a _ NUN~a _ N01 _ EN~a _ AMAR _ N01 _ |SZU2.EN~a| _ AN _ N01 _ NAM2 _ N01 _ N01 _ BU~a _ NUN~a _ N01",22,-0.296626230340588,0.188130134623342,-0.482687279426409,0.133484725365202,"Cuneiform (Uruk III)"
"Cuneiform (Uruk III)","GISZ _ NAM2 _ N01 _ GISZ _ NU11 _ N01 _ GISZ _ KIN2~c _ N01 _ N01 _ GISZ _ |SZE~a.KIN2~c| _ N01 _ GISZ _ DUB~b _ N01 _ GISZ _ N01 _ SI _ GISZ",20,-0.470861647877974,-0.150474305149659,-0.711119238493349,-0.2912547173869,"Cuneiform (Uruk III)"
"Cuneiform (Uruk III)","SUM~a _ ZATU751~a",2,-1.70778907425302,-2.03854819829477,1.80163231124297,-0.539019392325625,"Cuneiform (Uruk III)"
"Cuneiform (Uruk III)","N01 _ N01 _ EN~a _ N01",4,-1.87984005092309,-1.67397227024991,-0.292327313537295,1.0301568822863,"Cuneiform (Uruk III)"
"Cuneiform (Uruk III)","N01 _ KI _ |SAG+NAM2| _ N01 _ DU _ AN _ NUN~a _ AD~a _ N01 N01 N01 N01 N01 _ MUNU3 _ N14 _ KAR2~a _ ME~a _ N01 N01 N01 _ KAD4~b _ N01 N01 N01 _ ZA~v",25,-0.140066221306878,0.30643048939447,-0.208568928546084,1.0301568822863,"Cuneiform (Uruk III)"
"Cuneiform (Uruk III)","N01 _ N01 _ SI _ KAK~a",4,-1.25195697694851,-1.33794597643559,0.75465249885284,1.0301568822863,"Cuneiform (Uruk III)"
"Cuneiform (Uruk III)","N01 _ APIN~a _ SUHUR _ N01 _ MAR~a _ APIN~a _ N01 _ N01 _ DILMUN _ ZAG~a _ N01 _ GAL~a _ DU6~b _ N01 _ N01",15,-0.373606543071928,-0.126999091275227,-0.152730005218612,0.133484725365202,"Cuneiform (Uruk III)"
"Cuneiform (Uruk III)","N01 _ NAMESZDA _ N01",3,-1.78227583689594,-1.90750634420297,0.405659228056129,-0.539019392325625,"Cuneiform (Uruk III)"
"Cuneiform (Uruk III)","N01 _ N01 _ N01",3,-2.61945326886205,-2.13152387341252,-0.99031385513072,4.16850943151016,"Cuneiform (Uruk III)"
"Cuneiform (Uruk III)","N01 _ AB~a _ ME~a _ N01 _ GAL~a _ KISAL~b2",6,-0.566723577417243,-0.808276836873174,1.10364576964955,-0.539019392325625,"TeDDi"
"Cuneiform (Uruk III)","N01 _ GISZ _ GI _ BU~a _ GI _ NAM2 _ GISZ _ GI _ N01 _ LI _ GISZ _ N01 _ GISZ _ ERIM~a _ N01 _ U4 _ GISZ _ N01 _ GISZ _ N01 _ HI _ GISZ _ GISZ _ NAGA~a _ AN _ E2~b _ GISZ _ N01 _ GISZ _ NUN~a _ N01 _ NAM2 _ E2~b _ N01 _ GISZ@t _ E2~b _ N01 _ GISZ _ PU2 _ N01 _ GISZ _ PU2 _ N01 _ KI _ GISZ _ N01 _ GISZ _ APIN~b _ KI _ N01 _ SIG _ LISZ _ N01 _ GISZ _ GI _ N01 _ |BAD&BAD| _ N01 _ BAD _ N01 _ TAG~b _ N01 _ SI _ TAG~b _ N01 _ SI _ NIM~a _ N01 _ AL _ N01 _ NAM2 _ AL _ GISZ _ N01 _ AL _ GAZI _ N01 _ N01 _ KIN _ N01 _ KIN _ SZU _ N01 _ KIN _ N01 _ GISZ _ N01 _ GISZ _ N01 _ GISZ _ KA~a _ N01 _ GISZ _ TAG~a1 _ N01 _ GISZ _ SAG _ N01 _ N01 _ GISZ _ SIG _ N01 _ U4 _ GISZ _ N01 _ GISZ _ N01 _ GISZ _ N01 _ N01 _ GISZ _ DA~a _ N01 _ |NINDA2xGISZ| _ N01 _ GISZ _ N01 _ GISZ _ N01 _ GISZ _ N01 _ GISZ _ N01 _ NAMESZDA _ E2~b",125,0.546707364916662,1.1607197377766,-1.2471729024371,-0.387163623814794,"TeDDi"
"Cuneiform (Uruk III)","N01 N01 N01 _ ZA~v _ N01 N01 N01 N01 _ GIR2~a _ AN _ N14 _ DA~a _ KASZ~a _ KISZ",14,-0.428106592253363,-0.0224834926902765,0.00680977571702703,1.27156861684199,"Cuneiform (Uruk III)"
"Cuneiform (Uruk III)","EN~a _ N01 _ EN~a _ SIG2~b _ N01 _ EN~a _ TUG2~a _ E2~b",8,-0.654234319326775,-0.75051010990591,0.231162592657772,-0.539019392325625,"Cuneiform (Uruk III)"
"Cuneiform (Uruk III)","N01 _ N01 _ KU6~a _ N01",4,-1.87984005092309,-1.67397227024991,-0.292327313537295,1.0301568822863,"Cuneiform (Uruk III)"
"Cuneiform (Uruk III)","MUSZEN _ N01 _ SZEN~b _ MUSZEN _ MUSZEN",5,-1.36960669931977,-1.43479589896754,0.126464611418759,0.637862813633322,"Cuneiform (Uruk III)"
"Cuneiform (Uruk III)","N01 _ NAM2 _ URU~a1 _ N01 _ NAM2 _ ERIN _ N01 _ SZUBUR _ N01 _ N01 _ |SZE~a.NAM2| _ N01 _ GAL~a _ SZITA~a1 _ N01 _ ABGAL _ N01 _ KINGAL _ N01 _ GAL~a _ TE _ N01 _ GAL~a _ N01 _ GADA~a _ SUKKAL _ N01 _ SILA4~a _ N01 _ GAL~a _ SZAB~a _ N01 _ BU~a _ SZAB~a _ N01 _ NESAG2~b _ N01 _ N01 _ GAL~a _ UMUN2 _ N01 _ SUHUR _ SANGA~a _ N01 _ SUHUR _ GAL~a _ N01 _ DUB~a _ SANGA~a _ N01 _ SANGA~a _ GAL~a _ N01 _ SUG5 _ SAG _ N01 _ |ZATU737xGAR| _ N01 _ ISZ~b _ GAL~a _ N01",61,0.532867579069724,1.30286136780476,-0.669926590137014,-0.382101764864433,"Cuneiform (Uruk III)"
"Cuneiform (Uruk III)","N01 _ NAMESZDA _ N01 _ NAM2 _ KAB _ N01 _ NAM2 _ DI _ N01 _ NAM2 _ NAM2 _ N01 _ NAM2 _ URU~a1 _ N01 _ N01 _ GADA~a _ SUKKAL _ N01 _ GAL~a _ GA~a _ N01 _ SIG2~b _ GA~a _ N01 _ GAL~a _ KISAL~b1 _ N01",28,0.0159904537919878,0.41285975113854,-0.591464402791618,-0.190313553522974,"Cuneiform (Uruk III)"
"Cuneiform (Uruk III)","SUM~a _ SUM~a _ SUM~a _ SUM~a _ SUM~a _ SUM~a _ SUM~a _ N01 _ AN _ HI _ N01 _ KAR2~a _ KAB _ N01 _ ZATU684 _ AMA~b _ N01 _ NI~b _ BAHAR2~a _ N01 _ DU _ |GISZxSZU2~b| _ N01 _ SAR~a _ A _ N01 _ GISZ _ SAR~a _ A _ N01 _ SAR~a _ A",32,0.424329679531676,0.690025835122861,-0.423199790086062,0.372115218739365,"Cuneiform (Uruk III)"
"Cuneiform (Uruk III)","ZA~v _ AN _ GIR2~a _ DA~a _ KISZ _ GA~b _ GARA2~a _ N01 _ N01 _ N01 N01 N01 N01 N01 _ MUNU3 _ N01 N01 N01 N01 N01 _ N01 N01 N01 N01 N01",25,-0.919763448761652,-0.770665198444664,-0.878636008475771,2.40318612257174,"Cuneiform (Uruk III)"
"Cuneiform (Uruk III)","N01 _ NAR _ N01 _ SZA3~a1 _ N01 N01 N01 _ ZA~v _ N01 N01 N01 N01 _ GIR2~a _ AN _ N01 _ N45 _ N45",17,-0.781774890932407,-0.281473526099455,-0.661849600263225,1.2263039166128,"Cuneiform (Uruk III)"
"Cuneiform (Uruk III)","N01 _ N01 _ KAR _ N01 _ N01 _ N01 _ N01 _ N01 _ A _ N01 _ NI2 _ N01 _ EN~a _ ZATU647 _ BA _ N01 _ EN~a _ TUG2~a _ ZATU647 _ BA _ N01 _ BU~a _ NAGAR~b _ N01 _ MUSZ3~a _ N01 _ KI _ N01 _ KI _ N01 _ N01 _ TE _ KI _ N01 _ DI _ NAM2 _ KI _ N01 _ NIR~a _ SZAGAN _ N01 _ NIR~a _ N01 _ GAL~a _ SIMUG _ KI _ N01 _ KU3~a _ AB~a _ N01 _ GAL~a _ N01 _ SAG _ N01 _ AK~a",55,0.469033687718951,1.23218401592922,-0.634975252137704,-0.0159606341216494,"Cuneiform (Uruk III)"
"Cuneiform (Uruk III)","N01 _ N01 _ ZATU725 _ N01 _ DAM _ N01 _ BU3 _ N01 _ KAR2~a _ ME~a _ N01 _ GALGA~a _ ME~a _ N01 _ LAGAR~a _ IB~a _ N01 _ LAGAR~a _ GAR _ N01 _ MUSZ3~a _ ME~a _ N01 _ N01 _ N01 _ N01 _ N01 _ N01 _ N01 _ UNUG~a _ N01",31,-0.345047263492461,0.235843907752817,-0.765156906229616,0.559403999902724,"Cuneiform (Uruk III)"
"Cuneiform (Uruk III)","SANGA~a _ ENKUM _ N01 _ NINKUM _ N01 _ GAL~a _ ISZ~a _ N01 _ GAL~a _ N01 _ MUSZ3~a _ N01 _ DU _ EZEN~b _ N01 _ GAL~a _ ZAG~a _ N01 _ GAL~a _ SIPA _ N01 _ GAL~a _ GURUSZDA",23,0.0930364505948483,0.304103707599596,-0.20128559072076,-0.539019392325625,"TeDDi"
"Cuneiform (Uruk III)","GA'AR~a1 _ GA'AR~a1 _ U4 _ TUG2~a@g _ GI6 _ TUG2~a _ N01 _ GI6 _ TUG2~a@g _ N01 _ GI _ TUG2~a _ N01 _ GI _ TUG2~a@g _ N01 _ NE~a _ TUG2~a _ NE~a _ TUG2~a@g _ N01 _ N01 _ TUR _ N01 _ BUR2 _ TUR _ N01 _ N57 _ GISZ@t _ TUG2~a _ N01 _ N57 _ GISZ@t",33,0.362398113587651,0.30078334313207,-0.86340721120464,-0.244798840835889,"TeDDi"
"Cuneiform (Uruk III)","N01 _ GA'AR~a1 _ N01 _ GISZ _ GA'AR~a1 _ N01 _ SZE3@t _ GA'AR~a1",8,-0.96817585631407,-1.00252983026665,-0.292327313537295,-0.539019392325625,"Cuneiform (Uruk III)"
"Cuneiform (Uruk III)","DU7 _ N01 _ IM~a _ AD~a _ N01 _ |BU~a+DU6~a| _ N57 N57 _ N01 _ SAR~c _ HI _ N01 _ GI6 _ N04 _ N01 _ TUR _ |SZE~a&SZE~a| _ N01 _ SUKKAL _ E2~a _ LU2 _ DA~a",22,0.720458369470347,0.946117828704023,0.659472515908281,-0.31485135309535,"TeDDi"
"Cuneiform (Uruk III)","GA~a _ GA~a _ GAL~a _ IM~a _ N01 _ IM~a _ TUR",7,-0.581039273210738,-0.693151382506399,0.605083954225676,0.245568744980341,"Cuneiform (Uruk III)"
"Cuneiform (Uruk III)","N01 _ SANGA~a _ |ZATU737xU4| _ N01 _ SANGA~a _ |ZATU737xSAL| _ N01 _ GAL~a _ ISZ~b _ N01 _ N01 _ N01",12,-0.681424228530621,-0.497943887185859,-0.292327313537295,0.316894939280883,"Cuneiform (Uruk III)"
"Cuneiform (Uruk III)","N01 _ N01 _ GAL~a _ KISAL~b3 _ N01 _ GAL~a _ NIM~a _ N01",8,-1.02404092829625,-0.953389134982234,-0.292327313537295,0.133484725365202,"Cuneiform (Uruk III)"
"Cuneiform (Uruk III)","|DUG~bxSIG7| _ N01 _ |DUG~bxSIG7| _ NIM~a _ AGAR2 _ PU2 _ PU2 _ PU2 _ E2~a _ N01 _ ALIM _ NUN~a _ N01 _ |ZATU662x1(N14)| _ N01 _ EN~a _ |ZATU662x1(N14)| _ N01 _ ZATU662 _ N01 _ EN~a _ ZATU662 _ N01 _ SZA3~a1 _ AB2 _ N01 _ SZA3~a1 _ AB2 _ TUG2~a@g _ N01 _ LUM _ TUG2~a _ N01 _ LUM _ A _ TUG2~a@g _ N01 _ N57 N57 N57 _ AB2 _ TUG2~a _ N01 _ N57 N57 N57 _ AB2",47,0.751404985865592,0.679004017863881,-0.782402970400764,0.0750061064355661,"TeDDi"
"Cuneiform (Uruk III)","GAN~b _ GAN~b _ BAPPIR~d _ U4 _ |DUG~bxSIG7| _ N01 _ NAGA~a _ GA'AR~a1 _ N01 _ KA~a _ GA'AR~a1 _ N01 _ UR4~a _ GA'AR~a1",14,0.102072335499815,0.00217221457568287,0.305946864971354,-0.176901790492103,"TeDDi"
"Cuneiform (Uruk III)","GA'AR~a1 _ GA'AR~a1 _ SZE3@t _ GA'AR~a1 _ GA'AR~a1 _ GUG2 _ GA'AR~a1 _ GA'AR~a1",8,-1.65192400227084,-1.20968210427465,-0.815817219732363,1.47849296074686,"Cuneiform (Uruk III)"
"Cuneiform (Uruk III)","N01 _ AN _ N01 _ GIR2~a _ UDU~a _ N01 _ GIR2~a _ UDU~a _ N01 _ GIR2~a _ AB2",11,-0.68847720401632,-0.952324748466233,-0.482687279426409,-0.539019392325625,"Cuneiform (Uruk III)"
"Cuneiform (Uruk III)","GIR2~a _ GIR2~a _ DIM~c _ DIM~c _ DIM~c _ N01 _ N01 _ DILMUN _ TUN3~a _ N01 _ NAGAR~b _ N01 _ AN _ NAGAR~b _ N01 _ NAGAR~b _ SZITA~a1 _ N01 _ AN _ NAGAR~b _ N01 _ N01",22,-0.242802392526753,-0.223571372069642,-0.86340721120464,0.581820803825753,"Cuneiform (Uruk III)"
"Cuneiform (Uruk III)","KU6~a _ GU _ SZU2 _ GU _ N01 _ NAGAR~b _ N01 _ NAGAR~b _ N57 N57 _ N01 _ NAGAR~b _ AN _ TAK4~a _ N01 _ NAGAR~b _ BUR~a _ NAGAR~b _ BUR~a",19,0.0244200276308996,-0.0849517862910333,-0.402535714841519,-0.277490013223637,"Cuneiform (Uruk III)"
"Cuneiform (Uruk III)","N01 _ AB2 _ N01 _ AB2 _ N01 _ AB2 _ N01 _ AB2 _ N01 _ SZAH2~a _ N01 _ N57 N57 N57 _ ZAG~a _ AB2 _ N01 _ DARA4~a1 _ ZAG~a _ N01 _ HI _ SAG _ AB2 _ N01 _ AB2 _ AB2 _ N01 _ AB2",28,-0.467194994101051,-0.138121871423109,-1.18973858130027,-0.0159606341216494,"Cuneiform (Uruk III)"
"Cuneiform (Uruk III)","NAM2 _ N01 _ GISZ _ NU11 _ N01 _ GISZ _ KIN2~c _ N01 _ GISZ _ GI6 _ KIN2~c _ N01 _ GISZ _ BU~a _ GI _ N01 _ GISZ _ N01",18,-0.292722420838368,-0.28732825079474,-0.524989494068438,-0.539019392325625,"Cuneiform (Uruk III)"
"Cuneiform (Uruk III)","N01 _ N01 _ N01 _ HI _ SAR~c _ N01 _ GISZ _ N01 _ BIR3~c _ APIN~a _ N01 _ GI",12,-0.529480196095781,-0.132072002420072,0.0566659572594152,0.316894939280883,"Cuneiform (Uruk III)"
"Cuneiform (Uruk III)","N01 _ BALA~a _ MUSZEN _ RAD~a _ ISZ~b",5,-0.502634562296497,-0.853883307024744,1.80163231124297,-0.539019392325625,"TeDDi"
"Cuneiform (Uruk III)","N01 _ N01 _ BA _ SAG _ N01 _ SIG2~b _ N01 _ KA~a _ ZAG~a _ N01 _ SZENNUR~a _ N01 _ |EZEN~axSU~a| _ N01 _ GI _ UNUG~a _ N01 _ SZAM2 _ KI _ N01",20,0.0202356213866398,0.545556111265202,0.126464611418759,-0.2912547173869,"Cuneiform (Uruk III)"
"Cuneiform (Uruk III)","UTUA~b _ UD5~a _ MASZ2 _ N01 _ GI _ N01 _ ZI~a _ GI _ N01 _ |GI&GI| _ SZE3 _ N01 _ APIN~a _ E2~b _ PIRIG~b1 _ N01 _ N01 _ GI _ N01 _ TAR~a _ ZATU751~a _ N01 _ ZI~a _ N01 _ DI _ ZATU751~a",26,0.358435414383371,0.487598270046795,-0.131253496246507,-0.350718239372194,"TeDDi"
"Cuneiform (Uruk III)","NUN~a _ A _ N01 _ N01 _ N01 _ KI",6,-0.985312293400292,-1.06835313428263,0.405659228056129,1.34399213720869,"Cuneiform (Uruk III)"
"Cuneiform (Uruk III)","GAL~a _ UDU~c _ N01 _ GAL~a _ N01 _ GAL~a _ N01 _ SZAB~a _ N01",9,-1.02156550567209,-1.03655771588752,-0.524989494068438,-0.539019392325625,"Cuneiform (Uruk III)"
"Cuneiform (Uruk III)","EZEN~b _ AN _ E2~a _ A _ NI2",5,-0.502634562296497,-0.853883307024744,1.80163231124297,-0.539019392325625,"TeDDi"
"Cuneiform (Uruk III)","NAM2 _ NAM2 _ URU~a1 _ NAM2 _ ERIN _ GAL~a _ SZUBUR _ NAM2 _ APIN~a _ N01 _ N01",11,-0.294398959914831,-0.203138743750974,0.27875258413005,0.402486372441532,"Cuneiform (Uruk III)"
"Cuneiform (Uruk III)","DU _ EZEN~b _ N01 _ GAL~a _ ZAG~a _ NESAG2~a _ ZAG~a _ ZAG~a _ DILMUN _ ZAG~a _ N01 _ SANGA~a _ GURUSZDA _ N01 _ GAL~a _ N01 _ USZUMGAL _ N01 _ GAL~a _ UR3~a2 _ N01 _ KAB _ GI _ AB~b _ N01 _ UNUG~a _ N01",27,0.474366123194874,0.702000476895778,-0.0596651330061522,-0.357960591408864,"TeDDi"
"Cuneiform (Uruk III)","GAL~a _ GAR _ GAL~a _ GUG2 _ GUG2",5,-1.23196591798372,-1.37901049389689,0.126464611418759,0.637862813633322,"Cuneiform (Uruk III)"
"Cuneiform (Uruk III)","N01 _ NAM2 _ ERIN _ GAL~a _ LA2 _ NAM2 _ APIN~a",7,-0.320563789036728,-0.597143869988022,1.20335813273433,-0.539019392325625,"TeDDi"
"Cuneiform (Uruk III)","N01 _ SANGA~a _ NUN~a _ N01 _ GAL~a",5,-0.867300240140106,-1.1227043420762,0.964048461330867,-0.539019392325625,"Cuneiform (Uruk III)"
"Cuneiform (Uruk III)","N01 _ SANGA~a _ |ZATU737xU4| _ N01 _ SANGA~a _ |ZATU737xSAL| _ N01",7,-0.939829601196209,-1.09743778718249,0.00680977571702703,-0.539019392325625,"Cuneiform (Uruk III)"
"Cuneiform (Uruk III)","N01 _ NAMESZDA _ N01 _ NAM2 _ KAB _ N01 _ NAM2 _ DI",8,-0.654234319326775,-0.798654694030437,0.231162592657772,-0.539019392325625,"Cuneiform (Uruk III)"
"Cuneiform (Uruk III)","GAL~a _ GAL~a",2,-2.61945326886205,-2.37457449210909,-0.292327313537295,4.16850943151016,"Cuneiform (Uruk III)"
"Cuneiform (Uruk III)","ISZ~b _ TAG~a1 _ GAL~a _ SANGA~a _ SANGA~a",5,-0.867300240140106,-1.16597486391608,0.964048461330867,0.637862813633322,"Cuneiform (Uruk III)"
"Cuneiform (Uruk III)","N01 _ GAL~a _ N01 _ GAL~a",4,-1.70778907425302,-1.86101850664409,-0.292327313537295,-0.539019392325625,"Cuneiform (Uruk III)"
"Cuneiform (Uruk III)","N01 _ GAL~a _ |1(N58).BAD~a| _ N01 _ EN~a _ IB~a",6,-0.566723577417243,-0.808276836873174,1.10364576964955,-0.539019392325625,"TeDDi"
"Cuneiform (Uruk III)","N34 _ N01 _ MUSZEN _ N01 _ ISZ~b _ N01 _ N14 _ SUHUR _ N14 _ KAR2~b _ N01 N01 N01 _ KAD4~a",14,-0.288640890761196,-0.109431882712596,0.00680977571702703,0.18521581134142,"Cuneiform (Uruk III)"
"Cuneiform (Uruk III)","N14 _ GA~a _ N14 _ AB2 _ N01 _ GU4",6,-0.566723577417243,-0.761788999314292,1.10364576964955,-0.539019392325625,"TeDDi"
"Cuneiform (Uruk III)","U8 _ UDUNITA~a _ UD5~a _ N14 _ N14 _ N01 N01 N01 _ KAD4~a _ N01 N01 N01",12,-0.681424228530621,-0.674214390429915,-0.292327313537295,1.60076643669064,"Cuneiform (Uruk III)"
"Cuneiform (Uruk III)","N01 _ N01 _ GI _ N01",4,-1.87984005092309,-1.67397227024991,-0.292327313537295,1.0301568822863,"Cuneiform (Uruk III)"
"Cuneiform (Uruk III)","N01 _ SZENNUR~a _ N01 _ GISZ _ N01 _ GI _ N01 _ GI _ ZI~a _ N01 _ GI _ ZI~a _ SZE3 _ N01 _ PIRIG~b1",15,-0.410874041405793,-0.34217700893966,-0.431924621855979,-0.539019392325625,"Cuneiform (Uruk III)"
"Cuneiform (Uruk III)","UD5~a _ MASZ2",2,-1.70778907425302,-2.03854819829477,1.80163231124297,-0.539019392325625,"Cuneiform (Uruk III)"
"Cuneiform (Uruk III)","N01 _ NAGAR~b _ N01 _ NAGAR~b _ N01 _ AN _ N01 _ NAGAR~b",8,-1.33798246528354,-1.30320522247174,-0.815817219732363,-0.539019392325625,"Cuneiform (Uruk III)"
"Cuneiform (Uruk III)","NAGAR~b _ AN _ N01 _ NAGAR~b _ SZITA~a1 _ N01 _ NAGAR~b _ AN _ SZITA~a1",9,-0.818973462425631,-1.09927372665018,-0.524989494068438,-0.539019392325625,"Cuneiform (Uruk III)"
"Cuneiform (Uruk III)","N01 _ NI~a _ N01 _ DUG~b _ N01",5,-1.36960669931977,-1.37901049389689,0.126464611418759,-0.539019392325625,"Cuneiform (Uruk III)"
"Cuneiform (Uruk III)","N01 _ N01 _ EN~a _ BA _ ZATU647 _ N01 _ EN~a _ BA _ ZATU647 _ TUG2~a _ N01 _ ILDUM~b _ N01",13,-0.480824004330006,-0.570629162824405,-0.453401130828083,-0.146725323672643,"Cuneiform (Uruk III)"
"Cuneiform (Uruk III)","N01 _ N01 _ KU6~a _ A _ N01",5,-1.36960669931977,-1.30038538144181,0.126464611418759,0.637862813633322,"Cuneiform (Uruk III)"
"Cuneiform (Uruk III)","N01 _ SAG _ DARA4~a1 _ N01 _ N01 _ U4 _ AL _ GU4 _ GU4",9,-0.413789375932736,-0.511763228707157,0.405659228056129,0.637862813633322,"TeDDi"
"Cuneiform (Uruk III)","KAD4~a _ N14 _ UD5~a _ N01 _ MASZ2",5,-0.502634562296497,-0.853883307024744,1.80163231124297,-0.539019392325625,"TeDDi"
"Cuneiform (Uruk III)","N14 _ U8 _ N01 _ N14 _ UD5~a",5,-0.867300240140106,-1.1227043420762,0.964048461330867,-0.539019392325625,"Cuneiform (Uruk III)"
"Cuneiform (Uruk III)","N01 _ AB2 _ N01 _ AB2 _ N01 _ AB2 _ N01 _ GI _ N01 _ GI _ BAR _ N01 _ DARA4~a1",13,-0.807271459079193,-0.672652032856227,-0.775548765409664,-0.539019392325625,"Cuneiform (Uruk III)"
"Cuneiform (Uruk III)","AB2 _ N01 _ N01 _ N01",4,-1.87984005092309,-1.77225366081876,-0.292327313537295,2.59933315689824,"Cuneiform (Uruk III)"
"Cuneiform (Uruk III)","GU4 _ AMAR _ AMAR",3,-1.78227583689594,-1.90750634420297,0.405659228056129,1.81474501959227,"Cuneiform (Uruk III)"
"Cuneiform (Uruk III)","MUSZEN _ MUSZEN _ N01 _ MUSZ _ N01 _ NIN _ X _ N01",8,-0.654234319326775,-0.671216218438289,0.231162592657772,0.133484725365202,"Cuneiform (Uruk III)"
"Cuneiform (Uruk III)","N01 _ PAP~a",2,-1.70778907425302,-2.03854819829477,1.80163231124297,-0.539019392325625,"Cuneiform (Uruk III)"
"Cuneiform (Uruk III)","SZITA~a3 _ KI _ KI",3,-1.78227583689594,-1.90750634420297,0.405659228056129,1.81474501959227,"Cuneiform (Uruk III)"
"Cuneiform (Uruk III)","N02 _ N01 _ N01 _ AN _ KI _ LAGAB~b _ ME~a _ N01 _ |DU8~cxUDU~a| _ N01 _ GI _ N01 _ N01 _ N01 _ N01 _ DU _ N01 _ DU _ N01",19,-0.43667287466435,-0.176290137142762,-0.402535714841519,0.507098124082327,"Cuneiform (Uruk III)"
"Cuneiform (Uruk III)","N01 _ N01 _ GAL~a _ N01 _ N01 _ N01 _ N34 _ EN~a",8,-1.20747237663844,-0.925386943831045,-0.292327313537295,1.47849296074686,"Cuneiform (Uruk III)"
"Cuneiform (Uruk III)","N01 _ N01 _ N01",3,-2.61945326886205,-2.13152387341252,-0.99031385513072,4.16850943151016,"Cuneiform (Uruk III)"
"Cuneiform (Uruk III)","BAR _ PIRIG~b1 _ N01 _ SU~a _ |1(N57).SZAH2~a| _ N01 _ UDU~a _ SZITA~a1 _ N01 _ DARA3~c _ N01 _ N01",12,-0.233179112340851,-0.197592929465974,0.405659228056129,-0.111062226522372,"Cuneiform (Uruk III)"
"Cuneiform (Uruk III)","NI~a _ N01 _ DUG~b _ N01 _ DUG~c _ N01 _ NI~b _ N01 _ N01 _ NE~a _ N01 _ N01 _ N01 _ |DUG~bxSZE~a| _ N01 _ |DUG~bxBALA~a| _ N01 _ |DUG~bxKASKAL| _ N01 _ KASZ~b _ N01 _ |DUG~bxX| _ |DUG~bxX| _ N01 _ |DUG~bx(SZE~a.NAM2)| _ N01 _ |DUG~bx(1(N57).KU3~a)| _ N01 _ |DUG~bxSIG2~a1| _ N01 _ |DUG~bxSIG7| _ N01 _ |DUG~bxX| _ N01 _ |DUG~bxKUR@g~a| _ N01 _ |DUG~bxLAM~a| _ N01 _ |DUG~bxKUR~a| _ N01 _ |DUG~bxGISZ| _ N01 _ |DUG~bxX| _ N01 _ |DUG~bxX|",45,0.0442638659192894,0.967063578758334,-0.618054366280894,-0.111062226522372,"Cuneiform (Uruk III)"
"Cuneiform (Uruk III)","|DUG~bxX| _ |DUG~bxX| _ |DUG~bxX| _ N01 _ |DUG~bxX| _ N01 _ |DUG~bxNAGA~a| _ |DUG~bxX| _ N01 _ |DUG~bx(SZE~a.NAM2)| _ N01 _ N01 _ N01 _ |DUG~bxSIG7| _ N01 _ |DUG~bxSIG2~a2| _ |DUG~bxHI| _ N01 _ N01 _ |DUG~bxSI4~a| _ N01 _ SZAKIR~a",22,-0.411627431323671,0.208876375093623,-0.673047245315527,0.581820803825753,"Cuneiform (Uruk III)"
"Cuneiform (Uruk III)","N01 _ U4 _ N01 _ |DUG~bxX| _ N01 _ |DUG~bx(SZE~a.NAM2)| _ N01 _ |DUG~bx(1(N57).KU3~a)| _ N01",9,-0.905556537987551,-0.690403574752444,-0.0596651330061522,-0.539019392325625,"Cuneiform (Uruk III)"
"Cuneiform (Uruk III)","UMUN2 _ KU3~a _ UMUN2 _ KU3~a _ AK~a _ |ZATU737xX| _ N01 _ N01 _ GAL~a _ N01 _ GAL~a",11,-0.356962951431224,-0.541762874813759,-0.101967347648182,-0.0682665099420465,"Cuneiform (Uruk III)"
"Cuneiform (Uruk III)","NAGAR~b _ NAGAR~b _ AN _ NAGAR~b _ TAK4~a _ NAGAR~b _ N01 _ AN _ NU _ N01 _ NU _ GIR~a _ N01 _ AN _ NU _ GIR~a _ N01 _ N01",18,-0.394018442461592,-0.486459752529535,-0.99031385513072,0.0148075281256419,"Cuneiform (Uruk III)"
"Cuneiform (Uruk III)","RAD~a _ AB~a _ ME~a _ GAL~a _ |1(N58).BAD~a| _ N01 _ SIG2~b _ GA~a _ N01 _ GAL~a _ KISAL~b2 _ N01 _ GAL~a _ NIM~a _ N01 _ GAL~a _ SILA4~b _ N01 _ N01 _ GAL~a _ N01 _ GAL~a",22,-0.0110064650195222,0.0755222609348371,-0.292327313537295,-0.31485135309535,"Cuneiform (Uruk III)"
"Cuneiform (Uruk III)","N01 _ N14 _ KAR2~b _ N14 _ U8 _ N01 _ UDUNITA~a _ N01 N01 N01 N01 N01 _ N14 _ N14",14,-0.949057560601375,-0.761549650697319,-0.890601492045945,1.27156861684199,"Cuneiform (Uruk III)"
"Cuneiform (Uruk III)","N01 _ GALGA~a _ ME~a _ N01 _ LAGAR~a _ IB~a _ N01 _ LAGAR~a _ GAR _ N01 _ GAL~a _ N01 _ SZIDIM",13,-0.200311944450304,-0.155676070654359,0.190894138335073,-0.539019392325625,"Cuneiform (Uruk III)"
"Cuneiform (Uruk III)","GIR2~a _ AN _ N01 _ DIM~c _ N01 _ AN _ DIM~c _ N01 _ DIM~c _ SI _ SZIR~a _ SZITA~a1 _ N01 _ AN _ DIM~c _ SI _ SZIR~a _ SZITA~a1 _ N01 _ AGAR2 _ N01 _ N01",22,-0.145481595553874,-0.39785636504112,-0.86340721120464,-0.31485135309535,"Cuneiform (Uruk III)"
"Cuneiform (Uruk III)","KAR2~a _ ME~a _ N01 _ GALGA~a _ N01 _ LAGAR~a _ IB~a _ N01 _ LAGAR~a _ GAR _ N01 _ MUSZ3~a _ ME~a _ N01 _ GAL~a _ N01 _ KUR~a _ N01 _ N01 _ GAL~a _ N01",21,-0.114141851650231,-0.00478461173104809,-0.392039676622071,-0.303642951133836,"Cuneiform (Uruk III)"
"Cuneiform (Uruk III)","N01 _ SU~a _ NI~b _ N01 _ E2~a _ SU~a _ NI~b _ N01 _ GAN~a _ N01 _ GAN~a _ N01 _ GAN~a _ N01 _ |DUG~bxX| _ N01 _ |DUG~bxX| _ N01 _ |DUG~bx(ZATU789.SA~a)| _ N01 _ |DUG~bx(TAK4~a.SA~a)| _ N01 _ |DUG~bxX| _ N01 _ N01",25,-0.44724631812098,-0.281603984697668,-1.04615277845819,-0.342872357999134,"Cuneiform (Uruk III)"
"Cuneiform (Uruk III)","N01 _ NI~a _ N01 _ DUG~b _ N01 _ DUG~c _ N01 _ |DUG~cx1(N57)| _ N01 _ N01 _ IR~a _ N01 _ NE~a _ IR~a",14,-0.558344334340363,-0.210177111415181,-0.292327313537295,-0.176901790492103,"Cuneiform (Uruk III)"
"Cuneiform (Uruk III)","GISZGAL _ GAL~a _ |ZATU737xDI| _ N01 _ SANGA~a _ |ZATU737xDI| _ N01 _ SANGA~a _ |ZATU737xU4| _ DAM _ N01 _ NUN~a _ BU3 _ N01 _ KAR2~a _ ME~a _ N01 _ NUN~a _ GALGA~a _ N01 _ LAGAR~a _ IB~a _ N01 _ N01 _ SANGA~a _ N01 _ APIN~a _ N01",28,0.396584853094676,0.63215810197175,-0.142758768910132,-0.3646664729243,"TeDDi"
"Cuneiform (Uruk III)","NAMESZDA _ N01 _ NAM2 _ KAB _ NAM2 _ DI _ N01 _ EN~a _ IB~a _ GAL~a _ SZITA~a1 _ N01 _ N01 _ TUG2~a _ N01 _ GAL~a",16,0.137781615120058,0.153128913403889,0.231162592657772,-0.225184137403239,"TeDDi"
"Cuneiform (Uruk III)","N01 _ N01 _ |SILA3~axGESZTU~a| _ N01 _ GU4 _ N01 _ UTUL~a",7,-1.10199024155875,-0.885166407543166,0.00680977571702703,0.245568744980341,"Cuneiform (Uruk III)"
"Cuneiform (Uruk III)","AMAR _ AMAR _ ZAG~a _ AMAR",4,-1.87984005092309,-1.67397227024991,-0.292327313537295,1.0301568822863,"Cuneiform (Uruk III)"
"Cuneiform (Uruk III)","N01 _ N01 _ |NUN~a+EN~a| _ N01 _ |SZU2.EN~a| _ AN _ N01 _ N01 _ EN~a",9,-0.905556537987551,-0.679872464180965,-0.0596651330061522,0.637862813633322,"Cuneiform (Uruk III)"
"Cuneiform (Uruk III)","SANGA~a _ A _ UB _ N01 _ SANGA~a _ N01 _ SZE~a",7,-0.581039273210738,-0.820066410624697,0.605083954225676,-0.539019392325625,"Cuneiform (Uruk III)"
"Cuneiform (Uruk III)","N01 _ GESZTU~b _ N01 _ UKKIN~a _ NIR~a _ N01 _ GA'AR~a1 _ N01 _ AN _ N01",10,-0.649379720970248,-0.486760686300304,0.126464611418759,-0.539019392325625,"Cuneiform (Uruk III)"
"Cuneiform (Uruk III)","N01 _ DUB~a _ SANGA~a _ N01 _ SUHUR",5,-0.867300240140106,-1.1227043420762,0.964048461330867,-0.539019392325625,"Cuneiform (Uruk III)"
"Cuneiform (Uruk III)","N01 _ NAM2 _ PA~a _ N01 _ NAM2 _ PA~a _ GIR3~c _ N01 _ UB _ SAG _ N01 _ ZATU725",12,-0.262835512547562,-0.328700119472481,0.0566659572594152,-0.539019392325625,"Cuneiform (Uruk III)"
"Cuneiform (Uruk III)","N01 _ NI~a _ N01 _ DUG~b _ N01 _ DUG~c",6,-0.985312293400292,-1.02186529672374,0.405659228056129,-0.539019392325625,"Cuneiform (Uruk III)"
"Cuneiform (Uruk III)","N01 _ SZU _ N01 _ GAL~a",4,-1.25195697694851,-1.43622736700443,0.75465249885284,-0.539019392325625,"Cuneiform (Uruk III)"
"Cuneiform (Uruk III)","N01 _ EN~a _ GU4 _ N01 _ EN~a _ GU4",6,-1.17449970715659,-1.55659245427933,-0.292327313537295,-0.539019392325625,"Cuneiform (Uruk III)"
"Cuneiform (Uruk III)","N01 _ |DUG~bxX| _ N01 _ |DUG~bxGISZ| _ N01 _ |DUG~bxX| _ N01 _ N01 _ N01 _ GI _ U2~a _ NI~b _ N01",13,-0.764270499463189,-0.44218555362542,-0.453401130828083,0.245568744980341,"Cuneiform (Uruk III)"
"Cuneiform (Uruk III)","N01 _ URI5 _ N01 _ EN~a _ KID~a _ N01 _ ARARMA2~a _ N01 _ UNUG~a",9,-0.539914318436934,-0.487724049907221,0.405659228056129,-0.539019392325625,"Cuneiform (Uruk III)"
"Cuneiform (Uruk III)","NAMESZDA _ KAB _ N01 _ EN~a _ IB~a _ N01",6,-0.566723577417243,-0.873797763919075,1.10364576964955,-0.539019392325625,"Cuneiform (Uruk III)"
"Cuneiform (Uruk III)","NI~b _ NI~b _ GAN~a _ |DUG~bxX| _ N01 _ |DUG~bx(SA~a.GI)| _ N01 _ |DUG~bxNAGA~a| _ N01 _ N01 _ |DUG~bxX| _ N01 _ |DUG~bxMASZ| _ N01 _ |DUG~bxSI4~a| _ N01 _ |DUG~bx(KUR~a.X)| _ N01 _ |DUG~bxX| _ N01 _ |DUG~bxX| _ N01 _ |DUG~bxX| _ N01 _ |DUG~bxX| _ N01 _ N34 _ N01 N01 _ PAP~a",30,-0.297931577569409,0.00999484968755564,-0.850716546812033,-0.0520336519288195,"Cuneiform (Uruk III)"
"Cuneiform (Uruk III)","USZ~a _ USZ~a _ N01 _ EDIN _ N01 _ AN _ EDIN _ N01 _ ZATU777 _ N01 _ ZATU777 _ KI",12,-0.414779544982403,-0.486265022932438,-0.292327313537295,-0.111062226522372,"Cuneiform (Uruk III)"
"Cuneiform (Uruk III)","N01 _ N01 _ N01 _ MUSZ3~a _ TE _ N01 _ ANSZE~b _ N01 _ DILMUN _ N01 _ N01 _ KI",12,-0.844134213604818,-0.380128710429563,-0.292327313537295,0.744852105084136,"Cuneiform (Uruk III)"
"Cuneiform (Uruk III)","N01 _ SAG _ KI _ AD~a _ N01 _ U4 _ AD~a _ N01 N01 N01 N01 N01 _ MUNU3 _ N01 N01 N01 N01 N01 _ GAZI _ N01 N01 N01 N01 N01 _ N01 N01 N01 _ KAD4~a _ N01 N01 N01 N01 _ ZA~v _ N01 N01 N01 N01 _ GIR2~a _ KISZ _ GA~b _ AB2 _ N01 _ ISZ~b _ N01 _ NAR _ N01 _ N01 _ N01 N01 N01 N01 N01 _ GAZI _ N01 N01 N01 N01 N01 _ HALUB _ MUSZEN _ SZE~a _ N01 _ AMAR _ N14 _ SUHUR _ KAR2~b _ KAD4~a _ ZA~v _ N01 N01 N01 N01 _ GIR2~a _ AN _ N14 _ KISZ _ N14 _ N01 _ N34 _ N01 _ BALA~a _ MUSZEN _ N01 _ ISZ~b _ N01 _ N01 _ N01 _ N45 _ N34 _ N14 _ |HIx1(N57)| _ PAP~a",92,0.0619088440549124,0.870991964577921,-1.11170281888609,1.3232997028182,"Cuneiform (Uruk III)"
"Cuneiform (Uruk III)","TAK4~a _ TAK4~a _ TAK4~a _ N01 _ ZATU707~a _ N01 _ SAG@n _ N01 _ EDIN _ N01 _ AN _ EDIN _ N01 _ ZATU777 _ N01 _ GIR2~a _ N01 _ AN _ GIR2~a _ N01 _ N01",21,-0.320563789036728,-0.0524009452787109,-0.790889128961169,0.167109931249743,"Cuneiform (Uruk III)"
"Cuneiform (Uruk III)","N01 _ NAMESZDA _ N01 _ NAM2 _ KAB _ NAM2 _ DI _ NAM2 _ NAM2 _ N01 _ GAL~a _ N01 _ SIG2~b _ GA~a _ N01 _ GAL~a _ N01 _ GAL~a _ NIM~a",19,-0.102974105133381,-0.0418224337970963,-0.402535714841519,-0.277490013223637,"Cuneiform (Uruk III)"
"Cuneiform (Uruk III)","NIM~b1 _ MUN~b _ MUN~b _ AN _ SZITA~b1 _ N01 _ N01 _ AN _ N01 _ N01 _ AN",11,-0.68847720401632,-0.849313786715047,-0.482687279426409,0.873239254825111,"Cuneiform (Uruk III)"
"Cuneiform (Uruk III)","N01 _ N01 _ N01 _ GAL~a _ N01 _ GAL~a",6,-1.78227583689594,-1.51010461672045,-0.99031385513072,1.34399213720869,"Cuneiform (Uruk III)"
"Cuneiform (Uruk III)","N01 _ AB~a _ ME~a _ N01 _ GAL~a _ |1(N58).BAD~a| _ N01 _ EN~a _ IB~a _ N01 _ GAL~a _ N01 _ ABGAL _ N01 _ N01 _ AB~a _ N01 _ GAL~a _ N01 _ GAL~a _ N01 _ TUR _ N34",23,-0.208591234378697,-0.0402148127528844,-0.565452481986896,-0.325040809423998,"Cuneiform (Uruk III)"
"Cuneiform (Uruk III)","UD5~a _ N01 _ N01 _ AN _ N01 _ N01 _ N01",7,-1.57210166669526,-1.39879466733822,-0.591464402791618,1.81474501959227,"Cuneiform (Uruk III)"
"Cuneiform (Uruk III)","N01 _ N01 _ SANGA~a _ SUHUR _ N01 _ GAL~a _ SUHUR _ N01 _ MAR~a _ APIN~a _ N01 _ N01 _ DILMUN _ N01",14,-0.558344334340363,-0.28081679260639,-0.292327313537295,0.18521581134142,"Cuneiform (Uruk III)"
"Cuneiform (Uruk III)","AB2 _ N01 _ GA~b _ AMAR _ N14 _ SUHUR _ N14 _ KAR2~b _ KAD4~a",9,0.0678618113024172,-0.161959993178132,1.33630795018069,-0.539019392325625,"TeDDi"
"Cuneiform (Uruk III)","DA~a _ KISZ _ N14 _ GA~b _ N14 _ GARA2~a _ N14 _ AB2 _ GU4 _ N01 N01 N01 N01 N01 _ N01 N01 N01 N01 N01 _ HALUB _ N01 N01 N01 N01 N01 _ MUSZEN _ SZE~a _ SI4~a",28,-0.299668655258304,-0.0697055484006159,-0.591464402791618,1.7275685598916,"Cuneiform (Uruk III)"
"Cuneiform (Uruk III)","URU~a1 _ N01 _ NAM2 _ ERIN _ N01 _ GAL~a",6,-0.566723577417243,-0.844335605073072,1.10364576964955,-0.539019392325625,"TeDDi"
"Cuneiform (Uruk III)","NAM2 _ DI _ N01 _ NAM2 _ NAM2 _ N01 _ NAM2 _ URU~a1 _ N01 _ NAM2 _ ERIN _ EN~a _ IB~a _ N01 _ GAL~a _ SZITA~a1 _ N01 _ ABGAL _ N01 _ KINGAL _ N01 _ GAL~a _ N34",23,0.186125908568907,0.454544693841691,-0.20128559072076,-0.325040809423998,"Cuneiform (Uruk III)"
"Cuneiform (Uruk III)","IDIGNA _ ISZ~b _ N01 _ N01 _ TUR _ SIG2~a1 _ N01 _ GI _ N01",9,-0.539914318436934,-0.548011268185388,0.405659228056129,0.0494217106538482,"Cuneiform (Uruk III)"
"Cuneiform (Uruk III)","EN~a _ IB~a _ GAL~a _ SZITA~a1 _ ABGAL _ N01 _ KINGAL _ N01 _ GAL~a _ TE _ GAL~a _ SUKKAL _ N01 _ N01",14,0.0209920153185487,-0.0440234007357386,0.305946864971354,-0.176901790492103,"TeDDi"
"Cuneiform (Uruk III)","MUSZEN _ MUSZEN _ MUSZEN _ MUSZ _ MUSZEN _ NI2 _ MUSZEN _ N01 _ SZA _ MUSZEN _ N01 _ ZI~a _ BA _ MUSZEN _ N01 _ DU _ IR~a _ MUSZEN _ N01 _ UR5~b _ N01 _ UR5~b _ MUSZEN _ N01 _ NAGA~a _ U2~b _ MUSZEN _ N01 _ NAGA~a _ U2~b _ UR5~b _ MUSZEN _ N01",33,0.0231675823843273,0.23713529954874,-0.86340721120464,-0.244798840835889,"Cuneiform (Uruk III)"
"Cuneiform (Uruk III)","SZE~a _ SZE~a@t _ A _ |SZE~a&SZE~a| _ N01 _ N01",6,-0.566723577417243,-0.873797763919075,1.10364576964955,0.402486372441532,"Cuneiform (Uruk III)"
"Cuneiform (Uruk III)","N01 _ N01 _ SZELU _ N01 _ GISZIMMAR~b1 _ N01 _ GISZIMMAR~b1 _ ME~a",8,-1.02404092829625,-0.917527145653166,-0.292327313537295,0.133484725365202,"Cuneiform (Uruk III)"
"Cuneiform (Uruk III)","N01 _ GAL~a _ IM~a _ N01 _ TUR _ IM~a _ GAL~a _ SZA _ GAL~a _ ERIN _ N01 _ GAL~a _ SANGA~a _ N01 _ DUB~a _ N01 _ SUG5 _ N01 _ UB _ N01 _ AN _ N01 _ N01 _ N01 _ AN",25,-0.0348078296131042,0.31535377762114,-0.543602468510928,-0.146725323672643,"Cuneiform (Uruk III)"
"Cuneiform (Uruk III)","N01 _ KISIM~b _ N01 _ NI~b _ HI _ NI~b _ NI~b _ N01 _ |DUG~bxKASKAL| _ N01 _ KASZ~b _ N01 _ |DUG~bxX| _ N01",14,-0.468036054753932,-0.214646712569036,-0.292327313537295,-0.176901790492103,"Cuneiform (Uruk III)"
"Cuneiform (Uruk III)","N01 _ N01 _ E2~b _ N01 _ N01 _ PAP~a _ |SILA3~bxNI~b| _ N01 _ N01 _ N01 _ N01 _ AN _ NU11",13,-0.928967232801899,-0.489313993840982,-0.453401130828083,1.42245095093929,"Cuneiform (Uruk III)"
"Cuneiform (Uruk III)","NI~b _ IR~a _ IR~a _ IR~a _ NI~b _ N01 _ |DUG~bxSZE~a| _ N01 _ |DUG~bxBALA~a| _ N01 _ |DUG~bxKASKAL| _ N01 _ KASZ~b _ N01 _ |DUG~bxGESZTU~a| _ N01 _ |DUG~bxX| _ N01 _ |DUG~bx(SA~a.GI)| _ N01 _ |DUG~bxNAGA~a| _ N01 _ |DUG~bxX| _ N01 _ N01 _ |DUG~bxSA~a| _ N01 _ |DUG~bxSIG7| _ N01 _ |DUG~bxSIG2~a2| _ N01 _ |DUG~bxTI| _ N01 _ |DUG~bxMASZ| _ N01 _ |DUG~bxX| _ N01 _ |DUG~bxX|",38,0.143836644811872,0.767245987358178,-0.622952517449971,-0.157327866068669,"Cuneiform (Uruk III)"
"Cuneiform (Uruk III)","|DUG~bxTI| _ N01 _ |DUG~bxMASZ| _ N01 _ |DUG~bxX| _ |DUG~bxX| _ N01 _ |DUG~bxGI6| _ N01 _ |DUG~bxU2~a| _ |DUG~bxKUR@g~a| _ N01 _ |DUG~bxSZAH2~a| _ N01 _ |DUG~bxANSZE~b| _ N01 _ |DUG~bxHI| _ N01 _ |DUG~bxDIN| _ N01 _ SZU2 _ |DUG~bxDIN| _ N01 _ |DUG~bxDIN| _ N01 _ GAN~b _ N01 _ U2~a _ N01 _ U2~a _ PU2 _ N01 _ U2~a _ PU2 _ N01 _ U2~a _ PU2 _ N01 _ U2~a _ PU2 _ N01 _ GA'AR~a1 _ N01 _ GA'AR~a1",44,0.214823963547525,0.359558941770462,-0.86340721120464,-0.429541977817816,"Cuneiform (Uruk III)"
"Cuneiform (Uruk III)","|DUG~bxX| _ KASZ~b _ |DUG~bxGESZTU~a| _ |DUG~bxX| _ |DUG~bxX| _ N01 _ |DUG~bxZATU764| _ N01 _ N01 _ |DUG~bxMASZ| _ N01 _ |DUG~bxX| _ N01 _ N01 _ N01",15,-0.738272220915538,-0.566674052904594,-0.711119238493349,0.80598884305603,"Cuneiform (Uruk III)"
"Cuneiform (Uruk III)","NAM2 _ DI _ NAM2 _ NAM2 _ NAM2 _ URU~a1 _ N01 _ GAL~a _ N01 _ NAM2 _ APIN~a _ N01 _ |SZE~a.NAM2| _ N01 _ PA~a _ NAM2 _ RAD~a _ N01 _ N01 _ EN~a _ N01 _ GAL~a _ SZITA~a1 _ N01 _ ABGAL _ N01 _ KINGAL _ N01 _ GAL~a _ TE _ N01 _ GAL~a _ SUKKAL _ SUKKAL _ N01 _ GAL~a _ GA~a _ N01 _ SIG2~b _ GA~a _ N01 _ GAL~a _ KISAL~b1 _ N01 _ GAL~a _ UMUN2 _ N01 _ ERIN _ N01 _ N01 _ N01 _ GAL~a _ N01 _ N01 _ GAL~a _ N01 _ GAL~a _ N01 _ GAL~a _ N01 _ SANGA~a _ N01 _ SANGA~a _ SANGA~a _ |ZATU737xSAL| _ N01 _ GAL~a _ ISZ~b _ N01 _ GAL~a _ N01 _ GAL~a _ SANGA~a _ N01 _ DUB~a _ SANGA~a",76,0.373908039883554,1.01349584476362,-1.06378612266687,-0.0368829844498063,"Cuneiform (Uruk III)"
"Cuneiform (Uruk III)","SUHUR _ SUHUR _ N01 _ HI _ SUHUR _ N01 _ PAP~a _ SUKUD _ N01 _ NUN~a _ SUKUD _ N01 _ N01 _ N01 _ N01 _ N57 _ N01 _ N57 _ N01 _ N02 _ KU6~a _ N01 _ DUR2 _ N34 _ N14 _ N01 N01 N01 N01 N01 N01",31,-0.242503618925614,0.178644438711692,-0.765156906229616,0.873239254825111,"Cuneiform (Uruk III)"
"Cuneiform (Uruk III)","N01 _ GISZ _ N01 _ |SZE~a.KIN2~c| _ GISZ _ N01 _ GISZ _ DUB~b _ N01 _ GISZ _ A _ N01 _ NUN~a _ GISZ _ GISZ _ KUR~a _ N01 _ GISZ _ KUR@g~a _ N01 _ GISZ _ GISZ _ N01 _ GISZ _ DIN _ N01 _ GISZ _ MA _ N01 _ GISZ _ HASZHUR _ N01 _ BU~a _ GI _ N01 _ GISZ _ ERIM~a _ N01 _ GISZ _ U4 _ N01 _ GISZ _ GI6 _ MES _ N01 _ GISZ _ U4 _ MES _ N01 _ EN~a _ A _ MES _ GISZ _ N01 _ GISZ _ SZE3 _ N01 _ N01 _ KISZIK~a _ AB~a _ U2~b _ N01 _ GAL~a _ SZA _ N01 _ SZU _ SZA _ GISZ _ N01 _ GUM~b _ N01 _ GISZ _ N01 _ SUHUR _ N01 _ N01 _ GISZ _ SANGA~a _ N01 _ N57 N57 N57 N57 N57 _ SANGA~a _ N01 _ N01 _ URUDU@g~c _ N01 _ AL _ N34 _ N01 N01 N01 _ GISZ",95,0.597274702319901,1.48316425779489,-0.975619401623488,0.0118616402509046,"Cuneiform (Uruk III)"
"Cuneiform (Uruk III)","N01 _ SUKUD _ LU2",3,-1.17449970715659,-1.55244696090163,1.80163231124297,-0.539019392325625,"Cuneiform (Uruk III)"
"Cuneiform (Uruk III)","NAM2 _ APIN~c _ N01 _ |SZE~a.NAM2| _ RAD~a _ N01 _ GAL~a _ SUKKAL _ N01 _ GADA~a _ SUKKAL _ N01 _ GAL~a _ GA~a _ N01 _ GA~a _ N01 _ GAL~a _ KISAL~b1 _ N01 _ GAL~a _ N01 _ GAL~a _ SZAB~a _ N01 _ BU~a _ SZAB~a _ N01 _ GAL~a _ N01 _ GAL~a _ TUR3~a _ N01 _ GAL~a _ DU _ DUG~b _ SIG2~a1",37,0.33064831781456,0.540730938615569,-0.575294830399496,-0.539019392325625,"TeDDi"
"Cuneiform (Uruk III)","N01 _ ANSZE~b _ N01 _ BALAG _ N01 _ N01 _ N01 _ PAP~a _ DA~a",9,-0.905556537987551,-0.646722956721847,-0.0596651330061522,0.637862813633322,"Cuneiform (Uruk III)"
"Cuneiform (Uruk III)","N01 _ TAK4~a _ |GIR~b.GIR~b| _ N01 _ TUM~a _ ANSZE~b _ N01 _ ANSZE~b",8,-0.654234319326775,-0.796001836304886,0.231162592657772,-0.539019392325625,"Cuneiform (Uruk III)"
"Cuneiform (Uruk III)","N01 _ N01 _ GA~a _ N01 _ PAP~a _ N01 _ N57 N57 N57 _ ZATU751~b _ N01 _ |SILA3~cxZATU687| _ N01 _ PAP~a _ N01 _ N01",16,-0.725179599485391,-0.465540166390269,-0.815817219732363,0.71632162736392,"Cuneiform (Uruk III)"
"Cuneiform (Uruk III)","N01 _ EN~a _ N01 _ SIG2~b",4,-1.25195697694851,-1.43622736700443,0.75465249885284,-0.539019392325625,"Cuneiform (Uruk III)"
"Cuneiform (Uruk III)","N01 _ DUG~b _ N01 _ GISZIMMAR~b1 _ N01",5,-1.36960669931977,-1.37901049389689,0.126464611418759,-0.539019392325625,"Cuneiform (Uruk III)"
"Cuneiform (Uruk III)","N01 _ BANSZUR~c _ N01 _ ZATU786 _ BANSZUR~c _ A _ N01 _ AL _ N01 _ AL _ N01 _ AL _ N06 _ N01 _ AL _ SZU",16,-0.426318270674519,-0.360545057754374,-0.554072266634829,-0.539019392325625,"Cuneiform (Uruk III)"
"Cuneiform (Uruk III)","GISZ _ DIN _ N01 _ GISZ _ MA _ HASZHUR _ A _ N01 _ A _ MES _ N01 _ EN~a _ A _ MES _ N01 _ GISZ _ SZE3 _ A _ N01 _ N01 _ N01 _ GISZ _ TUR",23,0.0121027093986162,0.00665691897210016,-0.565452481986896,-0.111062226522372,"Cuneiform (Uruk III)"
"Cuneiform (Uruk III)","N01 _ BA _ SUHUR _ N01 _ SUHUR",5,-1.23196591798372,-1.43479589896754,0.126464611418759,-0.539019392325625,"Cuneiform (Uruk III)"
"Cuneiform (Uruk III)","N01 _ GESZTU~a _ N01 _ AN _ NAGA~a _ N01 _ GISZ _ ALIM _ NUN~a",9,-0.211197332686288,-0.263706520697666,0.870983589118411,-0.539019392325625,"Cuneiform (Uruk III)"
"Cuneiform (Uruk III)","NAMESZDA _ NAM2 _ KAB _ N01 _ GAL~a _ SZITA~a1 _ N01 _ ABGAL _ N01 _ GAL~a _ N01 _ GAL~a _ N01 _ GAL~a _ SZAB~a _ U2~b",16,-0.0901344335321982,-0.189957036322789,-0.0305823604397615,-0.539019392325625,"Cuneiform (Uruk III)"
"Cuneiform (Uruk III)","SZAKIR~b _ N01 _ AN _ TAK4~a _ NAGAR~a _ N01 _ TAK4~a _ NAGAR~a _ N01 _ TAK4~a _ NAGAR~a _ BUR~a _ NAGAR~a _ NAGAR~a _ NAGAR~a _ PU2 _ NAGAR~a _ N01 _ N01 _ N01 _ N01 _ NAGA~a _ SILA3~a _ N01 _ SILA3~a _ N01 _ ZATU707~a _ N01 _ SAG@n _ N01 _ N34 _ N14 N14 N14 N14 _ N01 _ SANGA~a _ PIRIG~a1",38,0.307356425514249,0.656880513768181,-0.733160918754195,0.478824677692923,"Cuneiform (Uruk III)"
"Cuneiform (Uruk III)","N01 _ MUSZEN _ NAGA~a _ N01 _ ERIM2 _ N01 _ I _ NUN~a _ N01 _ GIBIL6 _ N01 _ PAD~a _ N01 _ E2~b _ AN _ N01 _ E2~a _ NINLIL _ N01 _ SAL _ |GA2~bxDUB~a| _ URI3~a _ PAP~a _ N01",24,0.476777705391389,0.938859429280128,0.405659228056129,-0.539019392325625,"TeDDi"
"Cuneiform (Uruk III)","SU~a _ HAL _ N01 _ AN _ KI _ N01",6,-0.566723577417243,-0.873797763919075,1.10364576964955,-0.539019392325625,"Cuneiform (Uruk III)"
"Cuneiform (Uruk III)","DI _ NAM2 _ |BU~a+DU6~a| _ N01 _ RI8~b _ KAK~a _ N01 _ DI _ E2~b _ N01 _ KU3~a _ E2~b _ N01 _ KU3~c _ E2~b _ N01",16,-0.0191891533735904,-0.119778384743315,-0.0305823604397615,-0.539019392325625,"Cuneiform (Uruk III)"
"Cuneiform (Uruk III)","E2~a _ NA2~a _ N01 _ N01 _ MU _ N01 _ U2~b _ A _ N01 _ BU~a _ A",11,-0.294398959914831,-0.310354806189723,0.27875258413005,-0.0682665099420465,"Cuneiform (Uruk III)"
"Cuneiform (Uruk III)","MES _ MES _ MES _ MES _ LI _ N01 _ ERIM~a _ GISZ _ N01 _ U4 _ GISZ _ N01 _ GISZ _ HI@g~b _ N01 _ HI@g~b _ GISZ _ GISZ _ N01 _ NIMGIR _ N01 _ GISZ _ PU2 _ N01 _ GISZ _ PU2 _ N01 _ GURUSZ~a _ N01",29,-0.0824917717890519,0.153311506521722,-0.942176852262205,0.133484725365202,"Cuneiform (Uruk III)"
"Cuneiform (Uruk III)","AD~b _ N01 _ AD~b _ GISZ _ A _ N01 _ GUM~b _ N01 _ GUM~b@n _ N01 _ GUM~b _ N01 _ N01 _ MAR~a _ SZE~a _ N01 _ GAL~a _ N01 _ N01 _ N01 _ GISZ _ N01 _ GISZ _ U4 _ N01 _ GISZ _ SAG _ DU _ N01 _ GISZ _ N01 _ BALA~a _ BALA~a",33,0.0202951750412877,0.389734009244365,-0.736500567278564,0.0494217106538482,"Cuneiform (Uruk III)"
"Cuneiform (Uruk III)","SZEN~a _ URI _ MUD3~a _ N01 _ AN _ USZ~a _ BAR _ N01 _ NAGAR~a _ N01 _ AN _ NAGAR~a _ N01 _ NAGAR~a",14,-0.109245726768461,-0.393142352581052,0.00680977571702703,-0.539019392325625,"Cuneiform (Uruk III)"
"Cuneiform (Uruk III)","N01 _ GIR2~a _ N01 _ GIR2~a _ N01 _ GIR2~a _ KU6~a _ N01 _ GIR2~a _ SZA3~a1 _ N01 _ GIR2~a _ AN _ SZA3~a1 _ GIR2~a",15,-0.827489564586552,-0.606728699605276,-0.99031385513072,-0.539019392325625,"Cuneiform (Uruk III)"
"Cuneiform (Uruk III)","N01 _ MUD3~c _ SZE~b _ N01 _ AN _ TE _ PAP~a _ N01 _ |(DUBxDISZ)~c| _ TI _ N01 _ N01 _ ZI~a _ N01 _ AN _ U4 _ KI _ N01 _ AN _ N01 _ N01 _ BA",22,0.06677701180173,0.309597196532539,-0.101967347648182,-0.0906833138650743,"Cuneiform (Uruk III)"
"Cuneiform (Uruk III)","N01 _ GISZ _ N01 _ GISZ _ DUR2 _ DARA3~c _ N01 _ N01 _ N01",9,-1.108148581234,-0.929832967751097,-0.524989494068438,0.637862813633322,"Cuneiform (Uruk III)"
"Cuneiform (Uruk III)","N01 _ ZATU753 _ N01 _ SANGA~a _ N01 _ EN~a _ AN _ N01 _ EN~a _ SAG _ N01 _ NAMESZDA _ N01 _ NAM2 _ URU~a1 _ N01 _ AN _ N01 _ MEN~a _ SZA3~a1 _ AN _ N01 _ EN~a _ N01 _ N01",25,-0.120294284320633,0.225454473360815,-0.543602468510928,-0.342872357999134,"Cuneiform (Uruk III)"
"Cuneiform (Uruk III)","N01 _ GAL~a _ TE _ N01 _ GAL~a _ SUKKAL",6,-0.870611642286914,-1.14302564401915,0.405659228056129,-0.539019392325625,"Cuneiform (Uruk III)"
"Cuneiform (Uruk III)","N01 _ N01 _ DUG~b _ N01 _ DUG~c _ N01 _ |DUG~cx1(N57)| _ N01 _ SZAKIR~c _ N01 _ MUD3~a _ N01 _ N57 N57 N57 N57 _ N01 _ E2~a _ N01 _ N01 _ N01",21,-0.614446786080204,-0.069602040092283,-0.790889128961169,0.873239254825111,"Cuneiform (Uruk III)"
"Cuneiform (Uruk III)","GU _ KU6~a _ N01 _ GU _ AN _ KU6~a _ GAL~a _ TUN3~a _ NAGAR~b _ N01 _ NAGAR~b",11,-0.128641833622283,-0.319641540033115,0.27875258413005,-0.539019392325625,"Cuneiform (Uruk III)"
"Cuneiform (Uruk III)","GAL~a _ KAK~a _ SZAB~a",3,-1.17449970715659,-1.55244696090163,1.80163231124297,-0.539019392325625,"Cuneiform (Uruk III)"
"Cuneiform (Uruk III)","N01 _ N01 _ UR3~a2 _ GU4 _ GU4 _ GU4 _ N01",7,-1.29861992918169,-1.18560108596605,-0.591464402791618,1.81474501959227,"Cuneiform (Uruk III)"
"Cuneiform (Uruk III)","N01 _ N01 _ N01 _ NERGAL~v _ N01 _ NANSZE~b _ N01 _ U4 _ USZUR3~b2 _ N01 _ |ZATU737xNI~a@g| _ N01",12,-0.844134213604818,-0.299624764921415,-0.292327313537295,0.316894939280883,"Cuneiform (Uruk III)"
"Cuneiform (Uruk III)","N01 _ SUHUR _ N58 N58 N58 N58 _ N01 _ SUHUR@g _ N01 _ SUHUR _ N01 _ SUHUR _ N01 _ |(SUKUD+SUKUD)~a| _ N01 _ SUHUR _ N01 _ NE~a _ N01 _ SZAH2~a _ N01 _ GISZ3~b _ N01",23,-0.446416676450624,-0.100384494679806,-0.929619373253028,0.102916356379253,"Cuneiform (Uruk III)"
"Cuneiform (Uruk III)","|DUG~bxANSZE~b| _ N01 _ |DUG~bxX| _ |DUG~bxDIN| _ N01 _ N01 _ N01",7,-1.10199024155875,-1.08959357344767,0.00680977571702703,1.0301568822863,"Cuneiform (Uruk III)"
"Cuneiform (Uruk III)","N01 _ N01 _ ZATU753 _ N01 _ SANGA~a _ N01 _ GAL~a _ SANGA~a _ N01 _ UB _ N01 _ GA~a",12,-0.681424228530621,-0.388849995152577,-0.292327313537295,-0.111062226522372,"Cuneiform (Uruk III)"
"Cuneiform (Uruk III)","N01 _ N01",2,-2.61945326886205,-2.37457449210909,-0.292327313537295,4.16850943151016,"Cuneiform (Uruk III)"
"Cuneiform (Uruk III)","N01 _ NI~a _ N01 _ DUG~b _ N01 _ DUG~c _ N01 _ N01 _ SZAKIR~c _ N01 _ MUD3~a _ N01 _ LAHTAN2 _ N01 _ KISIM~b _ N01 _ NI~b _ N01 _ HI _ NI~b _ N01 _ N58 _ NI~b _ N01 _ IR~a _ N01 _ N01 _ GAN~a _ N01 _ N57 N57 N57 _ GAN~a _ N01 _ E2~a _ GAN~a _ N01 _ |DUG~bxSZE~a| _ N01 _ |DUG~bxBALA~a| _ N01 _ |DUG~bxKASKAL| _ N01 _ KASZ~b _ N01 _ N01 _ |DUG~bxX| _ N01 _ |DUG~bx(SA~a.GI)| _ N01 _ |DUG~bxNAGA~a| _ N01 _ |DUG~bxX| _ N01 _ |DUG~bxTI| _ N01 _ |DUG~bxMASZ| _ N01 _ |DUG~bxSI4~a| _ N01 _ N01 _ |DUG~bxGI6| _ N01 _ |DUG~bxX| _ N01 _ |DUG~bxX| _ N01 _ |DUG~bxKUR~a| _ N01 _ |DUG~bxGISZ| _ N01 _ N01 _ |DUG~bxX| _ N01 _ N01 _ GAN~b _ GI _ N01 _ BAPPIR~b _ N01 _ |DUG~bxSIG7| _ U4 _ N01 _ |DUG~bxSIG7| _ GI _ N01 _ |DUG~bxSIG7| _ NIM~a _ N01 _ AGAR2 _ N01 _ U2~b _ N01 _ U2~b _ N01 _ N34",96,0.642057291871335,1.72577249534443,-0.772193060882772,-0.142595912423664,"Cuneiform (Uruk III)"
"Cuneiform (Uruk III)","N01 _ N01 _ BA _ AN _ N01 _ N01 _ MA _ N01 _ U4 _ BALA~a _ N01 _ UB _ N01 _ SANGA~a _ NUN~a _ N01 _ SZEN~a _ A _ N01 _ NUN~a _ A _ N01 _ N01 _ KI _ MA _ N01 _ |SZE~a.NAM2| _ NUN~a _ N01 _ BA _ SZU _ NUN~a _ N01 _ ZATU647 _ N01 _ DA~a _ NE~a _ N01 _ KI _ AL _ SU~a _ N01 _ SUG _ MASZ _ N01 _ N01 _ N01 _ LAL2~a _ N01 _ PA~a _ SUG5 _ SZUBUR _ N01 _ A _ A _ EN~a _ TI _ N01 _ NI2 _ N01 _ EN~a _ BA _ ISZ~b _ N01 _ N01 _ N01 _ N01 _ GAL~a _ KI _ N01 _ KAK~a _ NA~b _ KI _ N01 _ UNUG~a _ N01 _ KI _ ZATU694~c _ BA _ N01 _ LAL2~a _ N01 _ GAL~a _ TUR3~a _ N01 _ N01 _ NUN~a _ N14 N14 N14 N14 _ N01 N01 N01 _ URU~a1 _ BA",96,0.931348032079331,1.70994688757389,-0.772193060882772,0.204274632490551,"Cuneiform (Uruk III)"
"Cuneiform (Uruk III)","N01 N01 _ N39~a _ N01 N01 _ N24 _ N01 N01 _ N26 _ N01 N01 N01 N01 _ N58 N58 _ N01 N01 _ DU6~b _ N01 _ U4 _ N01 _ |LAGAB~axSZITA~a1| _ N01 N01 _ ZATU726~c _ N01 N01 _ DU8~c _ N01 N01 N01 N01 N01 _ ZATU681 _ DUG~a _ GAL~a _ SANGA~a _ NUN~a _ N01 _ N39~a N39~a N39~a N39~a _ N24 _ N30~a _ DUG~a _ GAL~a _ SANGA~a _ NUN~a",49,0.0126894885056519,0.614948319552012,-1.01880310172637,1.12823039944955,"Cuneiform (Uruk III)"
"Cuneiform (Uruk III)","N01 N01 N01 N01 N01 N01 N01 N01 N01 _ UDU~a _ N14 _ SZITA~b1 _ N14 _ BA _ N57 _ KU3~a _ N34 _ N14 N14 _ TA~c _ N24 _ N39~a N39~a _ N28 _ HI@g~a _ N42~a N42~a N42~a N42~a _ N25 _ N24 _ N28 _ HI@g~a _ GESZTU~b _ NAM2 _ KAB _ NUN~a _ AN _ MUSZ3~a _ U4",40,1.0351304019977,1.38292239350439,-0.0829313510592681,1.0301568822863,"Cuneiform (Uruk III)"
"Cuneiform (Uruk III)","N34 N34 _ N01 N01 N01 _ SZITA~b1 _ N34 N34 _ N01 N01 N01 N01 _ SZITA~a1 _ DU _ N34 N34 _ N01 N01 N01 N01 _ SZITA@g~a _ N34 N34 _ N01 N01 N01 N01 _ |3(N57).PIRIG~b1| _ N34@f N34@f N34@f N34@f N34@f N34@f N34@f _ N01@f",36,-0.495719962974111,-0.315328534669032,-1.33930712592743,2.28549790197585,"Cuneiform (Uruk III)"
"Cuneiform (Uruk III)","UDU~a _ N14 _ SZITA~b1 _ N14 _ N57 _ BA _ SZITA~a1 _ N01 N01 N01 N01 N01 N01 N01 N01 _ KU3~a _ |(SZAxHI@g~a)~b| _ N39~a _ AMA~a _ PAP~a _ SZE~a _ 1(N58)@t _ GESZTU~b",23,0.473939282925709,0.615975269187044,0.344964746178438,0.958830687985761,"Cuneiform (Uruk III)"
"Cuneiform (Uruk III)","N01 _ GAL~a _ KASZ~a _ ERIN _ NAM2 _ N01 _ U2~b _ SAG _ N01 N01 _ N01 _ SILA3~a _ PAP~a _ N01 _ MUSZEN _ ZATU659",16,0.143471850956121,0.320216883050744,0.492907545755306,0.0886511175191449,"TeDDi"
"Cuneiform (Uruk III)","EN~a _ DU _ I",3,-1.17449970715659,-1.55244696090163,1.80163231124297,-0.539019392325625,"Cuneiform (Uruk III)"
"Cuneiform (Uruk III)","N01 N01 _ APIN~a _ SZAM2 _ N14 N14 _ |KA2xLAM| _ N01 N01 _ KINGAL",10,-0.502634562296497,-0.504437981607901,0.126464611418759,1.0301568822863,"Cuneiform (Uruk III)"
"Cuneiform (Uruk III)","GESZTU~b _ |ESZDAxTAR|",2,-1.70778907425302,-2.03854819829477,1.80163231124297,-0.539019392325625,"Cuneiform (Uruk III)"
"Cuneiform (Uruk III)","N34 N34 _ N01 N01 N01 N01 N01 N01 _ ZATU647 _ AMA~a",10,-1.18727386039796,-0.905088870495604,-0.711119238493349,2.59933315689824,"Cuneiform (Uruk III)"
"Cuneiform (Uruk III)","N01 N01 N01 N01 N01 N01",6,-2.61945326886205,-1.90530747441834,-1.68830039672414,4.16850943151016,"Cuneiform (Uruk III)"
"Cuneiform (Uruk III)","N34 N34 _ N01 _ N14 _ N34 N34",6,-1.47838777202627,-1.33257492506978,-0.292327313537295,1.34399213720869,"Cuneiform (Uruk III)"
"Cuneiform (Uruk III)","N34 N34 N34",3,-2.61945326886205,-2.13152387341252,-0.99031385513072,4.16850943151016,"Cuneiform (Uruk III)"
"Cuneiform (Uruk III)","N01 _ ZATU662 _ N01",3,-1.78227583689594,-1.90750634420297,0.405659228056129,-0.539019392325625,"Cuneiform (Uruk III)"
"Cuneiform (Uruk III)","N47 N47 _ N20 N20 N20 N20 N20 N20 _ N05 N05 N05 N05 _ N47 N47 _ N20 N20 N20 N20 N20 N20 _ N42~a _ N25 _ N42~a N42~a N42~a _ BA _ N47 N47 _ U4 _ KI _ N20 N20 N20 N20 N20 N20 _ N05 N05 N05 N05 _ U4 _ KI _ N01 _ N39~a _ N24 _ N28",46,-0.0922522430848615,0.0170305760997566,-1.29378626451916,2.18088615033505,"Cuneiform (Uruk III)"
"Cuneiform (Uruk III)","N51 N51 _ N34 _ N14 _ N01 N01 N01 N01 N01 N01 _ GAR _ GUM~b _ N14 N14 N14 N14 _ N01 N01 _ DUG~a _ KASZ~a _ N14 _ DUG~a _ N14 N14 N14 _ DUG~a _ N01 _ N08 _ DUG~a _ N54 _ N51 N51 N51 N51 N51 _ N34 _ N14 _ N01 _ KASZ~a _ N51 N51 N51 N51 N51 _ N34 _ N14 N14 _ N01 N01 _ GAR _ N34 N34 N34 N34 _ N14 N14 N14 N14 _ N01 N01 _ DUG~a _ KASZ~a _ N34 N34 _ DUG~a _ N34 N34 _ N14 N14 N14 N14 _ N01 N01 _ KASZ~a _ N48 _ N34 N34 N34 N34 N34 _ SZITA~a1 _ N34 N34 N34 N34 N34 N34 N34 _ N14",89,-0.0838963496217147,-0.163395755529884,-1.8216236687139,1.86823966531767,"Cuneiform (Uruk III)"
"Cuneiform (Uruk III)","N01 N01 N01 _ |NINDA2xEZEN~b| _ N01 N01 N01 _ GI _ N01 N01 N01 N01 N01 N01 N01",15,-1.98143160988427,-1.21684919138144,-1.54870308840546,2.82350119612851,"Cuneiform (Uruk III)"
"Cuneiform (Uruk III)","N14 _ N01 N01 _ GUM~b",4,-1.25195697694851,-1.43622736700443,0.75465249885284,1.0301568822863,"Cuneiform (Uruk III)"
"Cuneiform (Uruk III)","N01 N01 _ |ZATU737xAB~a| _ N14 N14 N14 _ N01 N01 N01 N01 N01 _ N51 _ N34",13,-0.957465291455374,-0.678596867446428,-0.775548765409664,2.20703908824525,"Cuneiform (Uruk III)"
"Cuneiform (Uruk III)","N14 N14 N14",3,-2.61945326886205,-2.13152387341252,-0.99031385513072,4.16850943151016,"Cuneiform (Uruk III)"
"Cuneiform (Uruk III)","N51 N51 N51 N51 _ N01 N01 N01 N01 N01",9,-1.71592471097335,-1.34208103731149,-1.455638216193,3.58006832853069,"Cuneiform (Uruk III)"
"Cuneiform (Uruk III)","SZITA~a1 _ N01 N01 N01 _ ZATU753 _ N01 N01 N01 N01 _ SANGA~a _ N01 N01 N01 _ SZU _ N01 N01 _ N01 _ N01 N01 _ N14",20,-1.35063537428171,-0.65909909437289,-1.1299111634494,2.18639203200036,"Cuneiform (Uruk III)"
"Cuneiform (Uruk III)","IB~a _ AN _ AB~b _ ME~a",4,-0.796124879643999,-1.16993282952843,1.80163231124297,-0.539019392325625,"TeDDi"
"Cuneiform (Uruk III)","NI~a _ DUG~b",2,-1.70778907425302,-2.03854819829477,1.80163231124297,-0.539019392325625,"Cuneiform (Uruk III)"
"Cuneiform (Uruk III)","N01 _ NAM2 _ N01 _ NAM2",4,-1.70778907425302,-1.86101850664409,-0.292327313537295,-0.539019392325625,"Cuneiform (Uruk III)"
"Cuneiform (Uruk III)","N14 _ SUHUR _ N14",3,-1.78227583689594,-1.90750634420297,0.405659228056129,-0.539019392325625,"Cuneiform (Uruk III)"
"Cuneiform (Uruk III)","N01 _ SZUBUR _ N01 _ SZUBUR _ N01 _ N01 _ SZUBUR",7,-1.72125605371823,-1.63122995621805,-1.18973858130027,0.245568744980341,"Cuneiform (Uruk III)"
"Cuneiform (Uruk III)","N14 N14 N14 _ N01 N01 N01 N01 N01 N01 N01",10,-1.81601191099863,-1.43577833050942,-1.54870308840546,3.64545067330619,"Cuneiform (Uruk III)"
"Cuneiform (Uruk III)","N01 N01",2,-2.61945326886205,-2.37457449210909,-0.292327313537295,4.16850943151016,"Cuneiform (Uruk III)"
"Cuneiform (Uruk III)","N34 _ N34 N34",3,-2.61945326886205,-2.13152387341252,-0.99031385513072,4.16850943151016,"Cuneiform (Uruk III)"
"Cuneiform (Uruk III)","N34 _ N01 N01",3,-1.78227583689594,-1.90750634420297,0.405659228056129,1.81474501959227,"Cuneiform (Uruk III)"
"Cuneiform (Uruk III)","EN~a _ N01 N01 N01 N01 N01 _ SZUBUR _ MUSZ3~a _ N14 _ IB~a _ MUSZEN _ N01 N01 N01 N01 N01 _ U2~a _ N14 N14 N14 _ ZAG~a _ N14 N14 _ N01 N01 _ EN~a _ N14 N14 N14 _ ZAG~a _ N34 N34 _ N14 N14 N14 _ N01 N01 N01 N01",39,-0.442886876785262,-0.138072571276621,-1.3124614897123,1.93862735706163,"Cuneiform (Uruk III)"
"Cuneiform (Uruk III)","N01 _ NI~a _ KU6~a _ N01 N01 _ UNUG~a _ N01 _ UH3~b _ N01 _ MAR~a _ GAR _ N01 _ SZA3~a1 _ N01 _ UKKIN~a _ NESAG2~a _ N14 _ N01 N01",19,-0.115673227808266,0.331730297618035,0.0382978903753804,-0.0159606341216494,"Cuneiform (Uruk III)"
"Cuneiform (Uruk III)","N01 N01 N01 N01 N01",5,-2.61945326886205,-1.94286093481817,-1.54870308840546,4.16850943151016,"Cuneiform (Uruk III)"
"Cuneiform (Uruk III)","N01 N01 N01 N01 N01 N01 N01 N01 _ N01 N01 _ N34 _ N14 N14 _ AB2 _ SZE3 _ N34 N34 _ N14 _ N34 N34 _ N34 _ N14 N14 N14 N14 _ N01 N01 N01 _ N34 N34 N34 N34 N34 N34 N34 N34 N34 _ N14 _ AB2 _ N48 N48 _ N34 N34 N34 N34 N34 N34 N34 _ N14 N14 N14 N14 _ N48 N48 N48 _ N34 _ N14 N14 N14 N14 N14 _ N48",62,-0.707665711512785,-0.656752551823155,-1.98100443029558,2.70222996179082,"Cuneiform (Uruk III)"
"Cuneiform (Uruk III)","N01 _ U4 _ UNUG~a _ SANGA~a",4,-0.796124879643999,-1.16993282952843,1.80163231124297,-0.539019392325625,"TeDDi"
"Cuneiform (Uruk III)","SILA3~a _ SILA3~a _ EN~a _ TUR _ MUSZEN",5,-0.867300240140106,-0.988293824550474,0.964048461330867,0.637862813633322,"Cuneiform (Uruk III)"
"Cuneiform (Uruk III)","N01 _ ZATU710 _ N57 _ BU~a _ ZATU801 _ N01 _ N57 N57 N57 _ |SZE~a&SZE~a| _ N01 _ N57 _ EN~a _ SZU _ N01 _ N57 N57 _ U4 _ ZATU801 _ N01 _ N57 N57 N57 _ U4 _ N01 _ N57 N57 N57 N57 _ U4 _ ZATU801 _ N01 _ N57 N57 N57 _ ZATU801",36,-0.486562723337292,-0.56741828185173,-1.33930712592743,0.80598884305603,"Cuneiform (Uruk III)"
"Cuneiform (Uruk III)","ZATU777 _ KU3~a _ NUNUZ~a2 _ URU~a1",4,-0.796124879643999,-1.16993282952843,1.80163231124297,-0.539019392325625,"TeDDi"
"Cuneiform (Uruk III)","SUM~a _ N01 N01 _ TAG~a3 _ SUM~a",5,-1.23196591798372,-1.37901049389689,0.126464611418759,0.637862813633322,"Cuneiform (Uruk III)"
"Cuneiform (Uruk III)","N01 N01 _ AB2 _ NE~a _ N01 _ U4 _ AB2 _ N01 N01 _ SZU _ AB2 _ N01 N01 _ GI6 _ AB2 _ N01 _ KUR~a _ AM~a _ NE~a _ GU4 _ N01 N01 N01 _ GU4 _ |SZE~a&SZE~a| _ |SIxGU4| _ BU~a _ NA~a",28,0.133518310076118,0.518892115977709,-0.441895858164458,0.332745204681001,"Cuneiform (Uruk III)"
"Cuneiform (Uruk III)","NUN~a _ N01 N01 _ N01 N01 _ N01",6,-2.02685110135219,-1.69678589106175,-0.99031385513072,3.22700366674301,"Cuneiform (Uruk III)"
"Cuneiform (Uruk III)","N01 _ |SILA3~axKASZ~d| _ N01 _ |SILA3~axHASZHUR| _ N01 _ N01 _ SANGA~a",7,-1.10199024155875,-0.972234717753846,0.00680977571702703,0.245568744980341,"Cuneiform (Uruk III)"
"Cuneiform (Uruk III)","N51 N51",2,-2.61945326886205,-2.37457449210909,-0.292327313537295,4.16850943151016,"Cuneiform (Uruk III)"
"Cuneiform (Uruk III)","DU _ AMAR",2,-1.70778907425302,-2.03854819829477,1.80163231124297,-0.539019392325625,"Cuneiform (Uruk III)"
"Cuneiform (Uruk III)","N01 N01 N01 _ DUG~a",4,-1.87984005092309,-1.60424051391159,-0.292327313537295,2.59933315689824,"Cuneiform (Uruk III)"
"Cuneiform (Uruk III)","N01 _ N01 _ TUG2~a _ BUR2 _ N01 N01 N01 _ TUG2~a _ N01 _ SZU2 _ N01 _ BAR _ SZU2 _ SAL _ N01 N01 N01 N01 _ GISZIMMAR~b1 _ N01 _ URI _ N01 _ GISZ _ N01 _ GISZ _ N01 N01 _ ZATU759 _ N14 _ |ZATU759@txX| _ N01 _ NU11 _ SAL _ N01 _ ZATU778 _ SUG5 _ N57 N57 N57 _ KAL~b2 _ E2~b",41,0.312238528739487,0.946303684779966,-0.54768824338855,0.520174593037427,"Cuneiform (Uruk III)"
"Cuneiform (Uruk III)","N51 N51 N51 N51 N51 N51 _ N45",7,-2.08004638170371,-1.48129505041596,-1.18973858130027,3.3839212942042,"Cuneiform (Uruk III)"
"Cuneiform (Uruk III)","N01 N01 _ |SILA3~axNI~a| _ HI _ BAN~a _ |U4x1(N01)| _ N14 _ |DUG~ax1(N57)| _ DA~a _ GA2~c _ N14 _ |SILA3~axHI| _ N14 _ |SILA3~axNI~a| _ BA _ ZATU629 _ N14 N14 _ N01 N01 _ |DUG~ax1(N57)| _ GAR",22,0.467684326696208,0.504727992372919,0.0883926182409362,0.133484725365202,"TeDDi"
"Cuneiform (Uruk III)","N01 _ DU _ N01 _ ZI~a _ |DU6~axDISZ| _ N01 _ GI _ N14 _ N01 N01 N01 N01",12,-0.844134213604818,-0.536981416604794,-0.292327313537295,0.744852105084136,"Cuneiform (Uruk III)"
"Cuneiform (Uruk III)","UMUN2 _ SILA3~c",2,-1.70778907425302,-2.03854819829477,1.80163231124297,-0.539019392325625,"Cuneiform (Uruk III)"
"Cuneiform (Uruk III)","N01 N01 N01 N01 N01",5,-2.61945326886205,-1.94286093481817,-1.54870308840546,4.16850943151016,"Cuneiform (Uruk III)"
"Cuneiform (Uruk III)","N01 _ SI _ EN~a",3,-1.17449970715659,-1.55244696090163,1.80163231124297,-0.539019392325625,"Cuneiform (Uruk III)"
"Cuneiform (Uruk III)","N01 _ |SAR~axSZE~a| _ SAG _ N01 N01 N01 _ SIG7",7,-1.10199024155875,-1.01208143566145,0.00680977571702703,1.0301568822863,"Cuneiform (Uruk III)"
"Cuneiform (Uruk III)","N01 _ DUB~a _ N01 N01 N01 _ BU~a _ EN~a",7,-1.10199024155875,-0.916073923143074,0.00680977571702703,1.0301568822863,"Cuneiform (Uruk III)"
"Cuneiform (Uruk III)","N01 _ UH3~a _ UNUG~a _ KALAM~b _ RAD~a@g _ NAR _ NAGA~a _ KI _ ZABALAM~a",9,0.270453854548865,0.0476722445730807,1.80163231124297,-0.539019392325625,"TeDDi"
"Cuneiform (Uruk III)","N34 _ |(UDU~axTAR)~b|",2,-1.70778907425302,-2.03854819829477,1.80163231124297,-0.539019392325625,"Cuneiform (Uruk III)"
"Cuneiform (Uruk III)","N01 _ PAP~a _ NE~a _ GI _ N01 _ N01 _ GAL~a _ LAM~b",8,-0.426318270674519,-0.552343766815547,0.75465249885284,0.133484725365202,"Cuneiform (Uruk III)"
"Cuneiform (Uruk III)","PAP~a _ TI _ PAP~a",3,-1.78227583689594,-1.90750634420297,0.405659228056129,-0.539019392325625,"Cuneiform (Uruk III)"
"Cuneiform (Uruk III)","NA2~a _ A",2,-1.70778907425302,-2.03854819829477,1.80163231124297,-0.539019392325625,"Cuneiform (Uruk III)"
"Cuneiform (Uruk III)","N01 _ EN~a _ UNUG~a",3,-1.17449970715659,-1.55244696090163,1.80163231124297,-0.539019392325625,"Cuneiform (Uruk III)"
"Cuneiform (Uruk III)","TAK4~a _ KI _ AK~a _ SI",4,-0.796124879643999,-1.16993282952843,1.80163231124297,-0.539019392325625,"TeDDi"
"Cuneiform (Uruk III)","N02 N02",2,-2.61945326886205,-2.37457449210909,-0.292327313537295,4.16850943151016,"Cuneiform (Uruk III)"
"Cuneiform (Uruk III)","N01 _ AB2 _ N01 N01 _ GU4 _ N14 _ N14",7,-0.939829601196209,-0.962678545329385,0.00680977571702703,1.0301568822863,"Cuneiform (Uruk III)"
"Cuneiform (Uruk III)","UDU~a _ HI",2,-1.70778907425302,-2.03854819829477,1.80163231124297,-0.539019392325625,"Cuneiform (Uruk III)"
"Cuneiform (Uruk III)","KALAM~a _ EN~a _ SU~a _ N01 N01 _ AN _ N01 N01 _ PAP~a _ E2~a _ N01 N01 _ AB~b",13,-0.333564607207307,-0.239040342332841,0.190894138335073,0.637862813633322,"Cuneiform (Uruk III)"
"Cuneiform (Uruk III)","EN~a _ AMAR _ N01 _ AN _ |SZU2.EN~a| _ N01 _ AN _ RU _ N01 _ |NUN~a+EN~a| _ N01 _ KU6~a _ KAB _ N01 _ NUN~a _ N01 _ EN~a _ ERIM~a _ NUN~a _ N01 _ KAB _ GI _ SZUM _ N01 N01 N01 N01 N01 N01 N01 N01 _ BA _ N01 N01 N01 N01 _ N14 _ N01 N01",39,-0.144120865579086,0.381189834270077,-0.775548765409664,0.823686319837365,"Cuneiform (Uruk III)"
"Cuneiform (Uruk III)","N14 N14 N14 _ N34 N34 N34 N34 _ N14 N14 N14 N14 _ SZE3 _ N01 N01 N01 N01 N01 N01 N01 _ N61 N61 N61 _ SZE3",23,-0.638206067829189,-0.482013163437706,-1.47586971015223,2.8846379341004,"Cuneiform (Uruk III)"
"Cuneiform (Uruk III)","N08 N08 N08 N08 _ SUHUR _ |SAGxGESZTU~b| _ |ZATU759x(KU6~a+KU6~a)| _ N01 _ SUHUR _ |SAGxGESZTU~b| _ N01 _ SUHUR _ EN~a _ SZU _ |ZATU651xGAR|",15,-0.0760030686193459,-0.0384764688602426,-0.152730005218612,0.469736784210614,"Cuneiform (Uruk III)"
"Cuneiform (Uruk III)","SUHUR _ N01 N01 N01 N01 N01 _ |GA2~a1xA| _ N14 _ N01 N01 N01 N01 N01 _ |ZATU759xKU6~a| _ |ZATU759xX| _ N01 _ IDIGNA _ KALAM~a _ EN~a _ HI _ E2~a _ NUN~a",22,-0.13086910404804,0.394830187953547,-0.101967347648182,1.25432492151658,"Cuneiform (Uruk III)"
"Cuneiform (Uruk III)","N01 N01 N01 N01",4,-2.61945326886205,-2.02903165355126,-1.33930712592743,4.16850943151016,"Cuneiform (Uruk III)"
"TeDDi","Ez dago gainazalik?",19,0.485512929926149,0.420347568606619,0.258714692983828,-0.539019392325625,"TeDDi"
"TeDDi","Moundsvilleko matrikuladun kotxea darabilzu?",44,1.12729829646991,0.992511825886415,-0.482687279426409,-0.429541977817816,"TeDDi"
"TeDDi","Eta hamar bat ofizialen bizitza salbatu zuen, besteak beste, nire alabarena.",76,0.890737464895324,0.809055576007947,-1.28420292527532,-0.539019392325625,"TeDDi"
"TeDDi","-Baduzu Goerten berririk?",25,0.930257767883352,0.841844755978418,0.461498151383602,-0.342872357999134,"TeDDi"
"TeDDi","Ziurrenez ez.",13,0.140142244664569,-0.0455336613317258,0.513041772916653,-0.146725323672643,"TeDDi"
"TeDDi","Trago bat edatera gonbidatuko zaizut.",37,0.842039879945934,0.649962418523832,-0.575294830399496,-0.539019392325625,"TeDDi"
"TeDDi","Poza iritsi da, eta ni bozkarioz gainezka nago",46,0.720333745813876,0.569329691049509,-0.929619373253028,-0.539019392325625,"TeDDi"
"TeDDi","5 dolarretan denak!",19,0.545256323743928,0.342493515327797,0.258714692983828,-0.277490013223637,"TeDDi"
"TeDDi","Gainera, dibortziatuta nagoenez... sentimendu kontraesankorrak ditu.",68,1.00284135951295,0.874116875264952,-1.21613303035212,-0.32823451961656,"TeDDi"
"TeDDi","Oso haserre nengoen.",20,0.374619436978516,0.225313189549779,-0.0829313510592681,-0.2912547173869,"TeDDi"
"TeDDi","Nire familiari ospe txarra emango lioke.",40,0.874347392136068,0.897981784763991,-0.501723276015322,-0.418313525047785,"TeDDi"
"TeDDi","Gehiegi da niretzat.",20,0.613708500027212,0.567028930917249,0.335860573896786,-0.539019392325625,"TeDDi"
"TeDDi","Hacme , ne Pahpãm to me amji kam hapac xà jũrkwa mã me axà ! Ne curia cu ha cuna mã , cute me pahto impejti ita pyrên me pajakryti to cumã me amji jarẽ , ne pahtỳj me cumã cre !",177,1.08362837398757,0.78126846240129,-1.70013067709013,-0.539019392325625,"TeDDi"
"TeDDi","Manoppe Gui' , "" Para hamyo esta manmafanu'i ni mesterion i Rainon Yu'os , låo para i otro tåotåo siha ma nisista fina'akomparasion kosa ki , ' Achokka ' manmana'atan ti u mali'e' , yan achokka' manmanhuhungok ti u makomprende . '",230,1.13165802978904,1.02461730788092,-1.82182825685506,-0.477348709043934,"TeDDi"
"TeDDi","Namni kanaan dura hataa ture hatuu dhiisee , harka isaa tiin , dalagaa faaydaa qabdu dalagee , warra waa dhaban illee haa gargaaruu .",133,0.757501764994582,0.709999765819033,-1.66206030117552,0.102916356379253,"TeDDi"
"TeDDi","وَكَانَ لِعُزِّيَّا جَيْشٌ مِنَ ٱلْمُقَاتِلِينَ يَخْرُجُونَ لِلْحَرْبِ أَحْزَابًا حَسَبَ عَدَدِ إِحْصَائِهِمْ عَنْ يَدِ يَعِيئِيلَ ٱلْكَاتِبِ وَمَعَسِيَا ٱلْعَرِيفِ تَحْتَ يَدِ حَنَنْيَّا وَاحِدٍ مِنْ رُؤَسَاءِ ٱلْمَلِكِ .",222,1.35180202003689,1.26752348330116,-1.6694358956,-0.539019392325625,"TeDDi"
"TeDDi","be found in this world. I am confident that when she was created,",65,1.03682159314399,0.922348520408892,-1.03326687307493,-0.539019392325625,"TeDDi"
"TeDDi","Old Mme. Rougon wagged her chin.",32,1.05229092764711,1.00052994137721,0.100290116109005,-0.387163623814794,"TeDDi"
"TeDDi","Are you guys being serious right now?",37,0.828997537739291,0.73845817645563,-0.575294830399496,-0.539019392325625,"TeDDi"
"TeDDi","Tortoise-shell comb.",20,0.830451534283028,0.818721395620384,0.75465249885284,-0.2912547173869,"TeDDi"
"TeDDi","Come on, buddy, I'm here with you, all right?",45,1.1915834383405,1.19249308030654,-0.338859749643523,-0.325040809423998,"TeDDi"
"TeDDi","chasseurs d'Afrique defiling slowly before the mill; the miller was",67,1.18392961086677,0.938843510948772,-0.886136759370504,-0.325040809423998,"TeDDi"
"TeDDi","of butter. Now add the clams. Let them come to a boil and serve.",64,1.0109462752665,0.987299480537093,-0.94668969628113,-0.389574032838775,"TeDDi"
"TeDDi","afterwards, when society is divided into different ranks, and",61,0.920809676681207,0.799486079479716,-1.15050748762757,-0.460560578595029,"TeDDi"
"TeDDi","Stay on the ground, man.",24,0.84806956793537,0.846269799054637,0.405659228056129,-0.539019392325625,"TeDDi"
"TeDDi","The flush on his own face deepened; his features expressed internal",67,0.935973026157968,0.88082813597523,-1.13616178919502,-0.396367003724541,"TeDDi"
"TeDDi","Dreamer of the Ghetto and American Man of Action, the Governor and",66,0.925282500947178,0.618282513568265,-1.18067382101983,-0.466595871958921,"TeDDi"
"TeDDi","And they sent you in to talk to me.",35,0.705531983188215,0.713127535691298,-0.352154731388159,-0.539019392325625,"TeDDi"
"TeDDi","Hyah!",5,-0.502634562296497,-0.853883307024744,1.80163231124297,-0.539019392325625,"TeDDi"
"TeDDi","A strange fire crept into the old patriarch’s eyes. “A big-boned",64,1.18233461992865,1.23226063942308,-0.881253458006746,-0.539019392325625,"TeDDi"
"TeDDi","Hello?",6,-0.566723577417243,-0.808276836873174,1.10364576964955,0.402486372441532,"Cuneiform (Uruk III)"
"TeDDi","agrees with Rhodes that the salvation of mankind lies in British",64,0.94780340131426,0.910021766985293,-1.0775621728299,-0.4642967125822,"TeDDi"
"TeDDi","- Like, what's her deal?",24,0.924041584152785,0.929159998425551,0.580155863454483,-0.539019392325625,"TeDDi"
"TeDDi","It means his freedom.",21,0.798371059287078,0.709817164287989,0.605083954225676,-0.303642951133836,"TeDDi"
"TeDDi","- Audrey--",10,-0.0244564361991042,-0.217939651248844,0.964048461330867,-0.0159606341216494,"TeDDi"
"TeDDi","state. And there was a finicking completeness, moreover, about his toilet,",74,1.19673316092268,1.25086337833001,-0.971449354006571,-0.474532696108697,"TeDDi"
"TeDDi","Sometimes I can't believe... he is my husband.",46,1.07988041830594,1.07822637676507,-0.474410759170361,-0.329795889044035,"TeDDi"
"TeDDi","Amber could not help smiling. ""Poor Lady Chelmer!"" she said, nodding",68,1.36076160732814,1.23300408292134,-0.723436648050879,-0.398496143852915,"TeDDi"
"TeDDi","— En tiedä.",11,0.36862954525537,0.232931957371276,1.42091237946474,-0.539019392325625,"TeDDi"
"TeDDi","Juttelin juuri tuottajan kanssa.",32,0.710416854668724,0.644331272544922,-0.423199790086062,0.0684036817177015,"TeDDi"
"TeDDi","Enpä juuri.",11,0.36862954525537,0.191504686604972,1.42091237946474,-0.0682665099420465,"TeDDi"
"TeDDi","Minä todellakin näen ne.",24,0.530334540390707,0.270019854848113,-0.117830678138938,-0.334344226071896,"TeDDi"
"TeDDi","Äitisi myös haluaa, että ovesi on avoinna.",42,0.956196281869755,0.968581824805978,-0.491752039706846,-0.194566063752275,"TeDDi"
"TeDDi","He toimivat nokkelasti.",23,0.73119605438273,0.61654168840595,0.162881300545372,-0.325040809423998,"TeDDi"
"TeDDi","mahdollista, äänettöminä, välinpitämättöminä, niinkuin eivät nämä asiat",71,0.841844113785893,0.632913441904317,-1.2655761532239,-0.202767333480212,"TeDDi"
"TeDDi","Ei mitään.",10,0.0443639544689173,-0.139314538793763,0.964048461330867,-0.0159606341216494,"TeDDi"
"TeDDi","Ei.",3,-1.17449970715659,-1.55244696090163,1.80163231124297,-0.539019392325625,"Cuneiform (Uruk III)"
"TeDDi","Mitä...",7,-0.679354117022208,-0.866671032810995,0.605083954225676,1.0301568822863,"Cuneiform (Uruk III)"
"TeDDi","te vasta täällä olisitte täydellisesti minun ja minä teidän?",60,0.773122817459214,0.688892463519078,-1.19970981760875,-0.219864895794386,"TeDDi"
"TeDDi","Ei hassummin.",13,0.333337036656745,0.157671852847842,0.835189407498234,0.245568744980341,"TeDDi"
"TeDDi","Kommodori Chamberlainin mukaan armahdus on hyväksyttävä heti tai Nassauta pidetään vihamielisenä seutuna.",105,1.22314310284296,1.26385837651435,-1.42904825270373,-0.312695891179674,"TeDDi"
"TeDDi","Voisivatko Meksiko tai tuo hulttiojengi muka muuttaa sitä?",58,0.915227881483572,0.910346035212776,-0.942176852262205,-0.208666492407325,"TeDDi"
"TeDDi","jota tyttö kävi mielessään eronhetken lähestyessä.",50,0.944200880782276,0.844158415947393,-0.79487762348456,-0.154731325073724,"TeDDi"
"TeDDi","ja kun aurinko laski, sulki se lehtensä, nukkui ja näki koko yön unta",69,0.832901571255692,0.764995563548394,-1.29378626451916,-0.469791027269217,"TeDDi"
"TeDDi","vohvelit eivät koskaan petä, sanoi Ted vieraanvaraisesti.",57,0.950024031896835,0.983603636991513,-0.99031385513072,-0.370893362902919,"TeDDi"
"TeDDi","Eräs Sybil-niminen nainen haluaa, ja käytän nais-termiä löyhästi.",65,1.15703972196838,1.01740269963271,-0.904407819242297,-0.465464254453191,"TeDDi"
"TeDDi","Kippis.",7,-0.581039273210738,-0.763905616013925,0.605083954225676,0.245568744980341,"Cuneiform (Uruk III)"
"TeDDi","Se ylikompensoi, koska se ei pysty pumppaamaan verta kunnolla.",62,1.01646727901248,0.941943895824774,-1.10289232958127,-0.15315637397843,"TeDDi"
"TeDDi","Helvetti!",9,-0.13473023194403,-0.3353441914511,0.870983589118411,0.0494217106538482,"Cuneiform (Uruk III)"
"TeDDi","Ehkä paikka on kirottu.",23,0.681842816011526,0.641905620696373,0.162881300545372,-0.111062226522372,"TeDDi"
"TeDDi","Operaatiota johtaneet ihmiset, kuten CIA:n johtaja Panetta- joutuivat selittämään tilanteen presidentti Obamalle- ja varapresidentti Bidenille.",143,1.23986403169191,1.0414516950597,-1.5077024803678,-0.207503277970992,"TeDDi"
"TeDDi","Adrien Arcand.",14,0.330624921398285,0.132717983068374,0.605083954225676,-0.539019392325625,"TeDDi"
"TeDDi","ollessani pakotettu kätkeytymään, mitä taas ei voinut välttää, jos",66,0.941487515496367,0.955326130921725,-1.24412714298287,-0.0320547497586928,"TeDDi"
"TeDDi","Ei tämä zombina oleminen ole niin kamalaa.",42,0.677167281503908,0.563216078482926,-0.890601492045945,-0.309383839943392,"TeDDi"
"TeDDi","Jo on aikakin, pikku paska.",27,0.420016064426818,0.378740302770915,-0.524989494068438,-0.357960591408864,"TeDDi"
"TeDDi","Ei se mitään.",13,0.333337036656745,0.185811238342262,0.835189407498234,-0.146725323672643,"TeDDi"
"TeDDi","Kuka nyt pakenee?",17,0.422930000772019,0.244321223592132,0.323543164339256,-0.244798840835889,"TeDDi"
"TeDDi","Isä on vaikutusvaltainen.",25,0.829796476047418,0.622065542690879,0.126464611418759,-0.539019392325625,"TeDDi"
"TeDDi","etupäässä olevalla kuninkaalla on ihmeellinen valta saada kansa",63,0.745217420619592,0.626689160199227,-1.25621349002345,0.0684036817177015,"TeDDi"
"TeDDi","En ollut kuvioissa paljoa.",26,0.78848363231149,0.738046991356501,0.029820321044285,-0.162417086418762,"TeDDi"
"TeDDi","Jotakuta rankaistaan.",21,0.331473637726571,0.285580211227225,0.00680977571702703,-0.303642951133836,"TeDDi"
"TeDDi","décorum, j'en appelle à vous-même, ai-je jamais péché, au moindre degré, contre",79,1.32079905305924,1.14716822284716,-1.0609960365579,-0.418313525047785,"TeDDi"
"TeDDi","Vas-y, je le referme.",21,0.587613704120726,0.574484376499411,0.405659228056129,-0.539019392325625,"TeDDi"
"TeDDi","Il est temps que tu apprennes l'indépendance et à prendre tes responsabilités.",78,0.978651621212187,0.963751896516466,-1.20507894485177,-0.416745916381839,"TeDDi"
"TeDDi","Je vous fais Chris Farley ?",27,0.892730832001869,0.791966024504748,0.250551107702035,-0.539019392325625,"TeDDi"
"TeDDi","C'est un salaire honorable.",27,0.896102823608422,0.797822143912985,0.0954429873479416,-0.539019392325625,"TeDDi"
"TeDDi","- Si elle m'irait ?",19,0.449291671679818,0.466678706429798,0.258714692983828,-0.277490013223637,"TeDDi"
"TeDDi","Elle a quelques points qui se sont ouverts.",43,0.760893021040292,0.657629080734729,-0.827991403597364,-0.426935372710488,"TeDDi"
"TeDDi","Un staphylo à cause d'un hameçon rouillé.",41,1.25790835398886,1.25708636995438,-0.0369663836860412,-0.421331171729731,"TeDDi"
"TeDDi","pas plus habile de prendre son parti d'une défaite",50,0.911668023133289,0.804380522809587,-0.878636008475771,-0.539019392325625,"TeDDi"
"TeDDi","et de l'île du Prince-Edouard. Comment nos hommes",49,1.12403778999976,1.11575255834193,-0.505996663004668,-0.342872357999134,"TeDDi"
"TeDDi","Répond lui !",12,0.496884649626621,0.325479600742532,1.45263904044626,-0.539019392325625,"TeDDi"
"TeDDi","Plaidoieries civiles prononcées aux audiences du matin du",57,0.965661568374169,0.745624516964657,-0.99031385513072,-0.539019392325625,"TeDDi"
"TeDDi","Quelqu'un a volé votre bateau ?",31,0.805482958549389,0.728927208939684,-0.224780228866962,-0.539019392325625,"TeDDi"
"TeDDi","esbigner se sauver",18,0.333516325800969,0.17646532596746,0.172997047524987,-0.539019392325625,"TeDDi"
"TeDDi","dans les laboratoires des pharmaciens du Nord. Se",49,0.987862203769384,0.892970929299634,-0.676932142578571,-0.539019392325625,"TeDDi"
"TeDDi","Je suis M. L’Ambert; permettez-moi",34,1.0769246323337,1.1117045090735,0.0771949731886344,-0.396367003724541,"TeDDi"
"TeDDi","ამისთჳს ვერ ჰრწმენდა , რამეთუ მერმეცა თქუა ესაია :",50,0.843268594980733,0.845973432942977,-0.79487762348456,-0.539019392325625,"TeDDi"
"TeDDi","ოჲ მნჲდჲ კყჟთ ოანრალჲნკთ თ ოჲრნთფვ.",35,0.755025829355102,0.676399271320201,-0.47180956708989,-0.539019392325625,"TeDDi"
"TeDDi","კაკჲ რარკჲ.",11,-0.356962951431224,-0.53802747050056,-0.101967347648182,-0.539019392325625,"Cuneiform (Uruk III)"
"TeDDi","Was sollen wir machen?",22,0.834618928374818,0.739095995043173,0.469112550019167,-0.31485135309535,"TeDDi"
"TeDDi","Knall ihn einfach ab!",21,0.505123960509241,0.439342121247074,0.00680977571702703,-0.303642951133836,"TeDDi"
"TeDDi","so rasend schnell gesprochen, auch bei nichts weniger denn aufregenden",70,0.940051315205139,0.883543533931601,-1.18973858130027,-0.402569281489806,"TeDDi"
"TeDDi","Es ist einfach nur eine Ablenkung.",34,0.946750971789773,0.986887366399012,-0.0459791223866738,-0.539019392325625,"TeDDi"
"TeDDi","Und schon habe ich dich",23,0.444017373939608,0.20550950886372,-0.20128559072076,-0.539019392325625,"TeDDi"
"TeDDi","Als du schon mal hier warst, wie lange dauerte es, bis die Geisterreiter kamen?",79,1.03262485073594,0.993588161894231,-1.16701930869867,-0.478666458686705,"TeDDi"
"TeDDi","Joe.",4,-0.796124879643999,-1.16993282952843,1.80163231124297,-0.539019392325625,"TeDDi"
"TeDDi","Ist Frau Lürig der Ansicht, die andere habe",43,1.02303947312188,0.938200236475996,-0.438417519917316,-0.539019392325625,"TeDDi"
"TeDDi","masculini: hic daniel, huius danielis; michael, gabriel,",56,0.92015084753136,0.519122128254231,-1.04017003667311,-0.539019392325625,"TeDDi"
"TeDDi","Wann haben Sie sie zuletzt gesehen?",35,0.721503768188446,0.733080795445338,-0.47180956708989,-0.400562662212808,"TeDDi"
"TeDDi","Geh du mal wieder ins Haus, lass Bono und mich zu Ende reden.",61,1.03492420869223,1.07332229957556,-0.875889831918682,-0.460560578595029,"TeDDi"
"TeDDi","führt, damit Du vermuthen kannst, in welchem",44,1.13485118520173,1.02532224568258,-0.387507296481854,-0.429541977817816,"TeDDi"
"TeDDi","denke, ihr bekommt herrlichen Sternenschein zu eurer",52,0.848719057839991,0.8629926794007,-0.856085674055062,-0.354410418841869,"TeDDi"
"TeDDi","»Aber so sage mir doch, was ist dir? Was",40,0.958892985869384,0.977376137549078,-0.292327313537295,-0.539019392325625,"TeDDi"
"TeDDi","Ich...",6,-0.985312293400292,-1.13387406132853,0.405659228056129,1.34399213720869,"Cuneiform (Uruk III)"
"TeDDi","sollen oft so angegriffen sein, daß sie ärztliche Behandlung",60,1.09151573988613,1.09924236201945,-0.920515200971376,-0.379442144060005,"TeDDi"
"TeDDi","Ich trink noch mal für dich.",28,0.880247224686941,0.785898988232599,0.15637832034419,-0.539019392325625,"TeDDi"
"TeDDi","aussah. Auch der Pfarrer wurde alsbald von einer",48,0.978448413476565,1.04367828614739,-0.641320584334005,-0.338699016843251,"TeDDi"
"TeDDi","Ja, ich kann lesen, aber es ist nicht jeder ein falscher Anwalt wie du, wieso sagst du mir also nicht, was ich mir hier ansehe?",127,1.05936556649883,0.821946223371831,-1.56189338525447,-0.501658052453913,"TeDDi"
"TeDDi","Charleston Chew.",16,0.685329436595664,0.490576228402832,1.01639745195037,-0.539019392325625,"TeDDi"
"TeDDi","Ted nuuryn nogoo ereg boloh Gyeras nutagt irjee .",49,0.961928202137363,1.06570742890824,-0.676932142578571,-0.244798840835889,"TeDDi"
"TeDDi","एलन, आराम करो.",14,0.591100405572295,0.447067538679034,1.20335813273433,-0.539019392325625,"TeDDi"
"TeDDi","सिर्फ है कि आप बुराई को दूर.",28,0.973196370018205,1.080293095165,0.455515409598517,-0.539019392325625,"TeDDi"
"TeDDi","aur jab ve israaael kee chhavanee ke pas aae hee the , ki israaaelee uttkar moaabiyon ko marane lage aur ve unake samhane se bhag gaae aur ve moab ko marate marate unake desh men pahunch gaae .",193,0.819484050996558,0.622494632633019,-1.86550941505615,-0.195762082254266,"TeDDi"
"TeDDi","Merekalah pembaca yang harus kita kejar.",40,0.976098083536394,1.13586244630793,-0.187629332298282,-0.539019392325625,"TeDDi"
"TeDDi","Tapi kurasa kita semua bertengkar dengan orang tua kita, kan?",61,0.843495123588051,0.674946677490989,-1.08185307370035,-0.539019392325625,"TeDDi"
"TeDDi","Aku pergi dari pintu itu dan tak pernah kembali.",48,0.905167885418986,0.722321465212519,-0.815817219732363,-0.539019392325625,"TeDDi"
"TeDDi","Subtitle by 100Malay Silakan duduk, semua.",42,1.12495047977065,1.0599867387379,-0.392039676622071,-0.424201616134509,"TeDDi"
"TeDDi","Aku telah melihat manusia baja (Man of Steel) dan ksatria dalam kegelapan (The Dark Knight) runtuh dan aku harus menylesaikan misiku bagaimanapun caranya.",154,1.22035291059072,1.26507237044027,-1.5432642322372,-0.508251230078333,"TeDDi"
"TeDDi","Kerjamu bagus hari ini.",23,0.780549292753945,0.71027528370078,0.344964746178438,-0.539019392325625,"TeDDi"
"TeDDi","Joe akan menjadi orang tua angkat hingga kau mengadopsi anaknya, yang bisa kau lakukan setelah Joe mendapat kepemilikan.",120,0.974898352902314,0.89150349529435,-1.58360241548513,-0.499460326579106,"TeDDi"
"TeDDi","Aku akan frustasi jika menjadi insinyur dan mungkin aku akan mengutuk Ayah karena memberiku kehidupan!",102,0.944502655334709,0.830556791718769,-1.5240682692904,-0.539019392325625,"TeDDi"
"TeDDi","Kau mendedikasikan hidupmu untuk belajar cara mengecilkan dirimu ke ukuran atom, dan aku menghabiskan belajar rahasia speedforce.",129,1.11861523660808,0.884935991043839,-1.60713917095746,-0.502241823389408,"TeDDi"
"TeDDi","Hei, tolong minggir!",20,0.613708500027212,0.45227863093546,0.335860573896786,-0.2912547173869,"TeDDi"
"TeDDi","Dokter, menurut pendapatmu bisakah putra kami menjalani hidup normal?",69,1.09822153699865,1.02188025614989,-1.11170281888609,-0.539019392325625,"TeDDi"
"TeDDi","Pengasuhmu takkan menyelamatkanmu saat ini.",43,0.745227766466677,0.618801348613066,-0.827991403597364,-0.31485135309535,"TeDDi"
"TeDDi","Jadi siapapun yang mengambil jasadnya menghidupkannya kembali?",62,0.947228297381729,0.791033093991669,-1.10289232958127,-0.461846788656186,"TeDDi"
"TeDDi","Bagaimana keadaanmu?",20,0.242583250599984,0.413752756479169,0.126464611418759,-0.2912547173869,"TeDDi"
"TeDDi","Itu sangat manis.",17,0.422930000772019,0.214118602230338,0.323543164339256,-0.539019392325625,"TeDDi"
"TeDDi","Pada akhirnya yang kami lakukan ?",33,0.532707953742194,0.603342763518596,-0.482687279426409,-0.539019392325625,"TeDDi"
"TeDDi","いや　スイートへ連れて行け",13,0.754105126476292,0.653373428453665,1.80163231124297,-0.539019392325625,"TeDDi"
"TeDDi","これだ",3,-1.17449970715659,-1.55244696090163,1.80163231124297,-0.539019392325625,"Cuneiform (Uruk III)"
"TeDDi","これがお前の故郷だ",9,0.270453854548865,0.0476722445730807,1.80163231124297,-0.539019392325625,"TeDDi"
"TeDDi","うっそー [アバ　グレイテストヒット]",19,1.15726549437491,1.15691989893986,1.58121550863453,-0.539019392325625,"TeDDi"
"TeDDi","それで分かる",6,-0.262835512547562,-0.58425930766362,1.80163231124297,-0.539019392325625,"TeDDi"
"TeDDi","And the fakers gonna fake, 嘘つき達はウソをつき続けるし",41,1.51161581706384,1.50113431835435,0.371611104075963,-0.421331171729731,"TeDDi"
"TeDDi","また 誰かとやり合うのか",12,0.496884649626621,0.318449321231553,1.45263904044626,-0.539019392325625,"TeDDi"
"TeDDi","そうね。",4,-0.796124879643999,-1.16993282952843,1.80163231124297,-0.539019392325625,"TeDDi"
"TeDDi","だめよ",3,-1.17449970715659,-1.55244696090163,1.80163231124297,-0.539019392325625,"Cuneiform (Uruk III)"
"TeDDi","テストの為に採血させて",11,0.534386671547918,0.374791755958245,1.80163231124297,-0.539019392325625,"TeDDi"
"TeDDi","そうだ",3,-1.17449970715659,-1.55244696090163,1.80163231124297,-0.539019392325625,"Cuneiform (Uruk III)"
"TeDDi","nbsp;",5,-0.502634562296497,-0.853883307024744,1.80163231124297,-0.539019392325625,"TeDDi"
"TeDDi","절름발이 내 동생과 잠자리할 생각있어?",21,0.950739449886052,1.02041606921913,1.00393340656478,-0.539019392325625,"TeDDi"
"TeDDi","is that fascinating enigma of its...",36,0.638058548956219,0.6246946250244,-0.757651674599577,-0.270017745249295,"TeDDi"
"TeDDi","그래서 너한테 투표안했던거야",15,0.820763773461087,0.761683503911015,1.5224376946056,-0.539019392325625,"TeDDi"
"TeDDi","이에 내가 그들에게 이르기를 너희가 다니는 산당이 무엇이냐 하였노라 ( 그것을 오늘날까지 바마라 일컫느니라 )",61,1.68056964189411,2.17435386337658,0.291235204844092,-0.539019392325625,"TeDDi"
"TeDDi","무슨 짓 했죠?",8,-0.112376733687232,-0.335189924623965,1.27814240504791,-0.539019392325625,"TeDDi"
"TeDDi","알겠어요 제가 바로 여기서 같이 있어드리면 괜찮겠어요?",30,1.11660906063668,1.17778074569596,0.545256536374813,-0.539019392325625,"TeDDi"
"TeDDi","그리고 자네는 월레건에게 그 즉시 가져다주면 되네.",28,1.12801282305807,1.31037324709112,0.75465249885284,-0.539019392325625,"TeDDi"
"TeDDi","잘 주무셨어요?",8,0.115539314965024,-0.140132701566876,1.80163231124297,-0.539019392325625,"TeDDi"
"TeDDi","벤은 안에 있어요",9,0.0678618113024172,-0.145353392930561,1.33630795018069,-0.539019392325625,"TeDDi"
"TeDDi","그들은 당신이 도망가게 놔두지 않을 겁니다",23,1.04433821888253,1.19886233415517,1.07329852871071,-0.539019392325625,"TeDDi"
"TeDDi","좋은 책이지",6,-0.262835512547562,-0.58425930766362,1.80163231124297,-0.539019392325625,"TeDDi"
"TeDDi","또 그들과 혼인하지 말지니 네 딸을 그 아들에게 주지 말 것이요 그 딸로 네 며느리를 삼지 말 것은",55,1.07656831793629,1.27977179054179,-0.254255320359472,-0.539019392325625,"TeDDi"
"TeDDi","귀한 자의 딸아 ! 신을 신은 네 발이 어찌 그리 아름다운가 네 넓적다리는 둥글어서 공교한 장색의 만든 구슬 꿰미 같구나",67,1.56763468329832,2.16210965679999,0.113963359927532,-0.539019392325625,"TeDDi"
"TeDDi","모든 음악이 수록되 있었요 차례대로요",20,0.864861729617038,0.907030154796675,0.964048461330867,-0.539019392325625,"TeDDi"
"TeDDi","Σταμάτα!",8,-0.340292782339487,-0.665507425292422,0.75465249885284,-0.539019392325625,"Cuneiform (Uruk III)"
"TeDDi","Ελπίζω να μην τρελάνετε τον νεαρό με τις ιστορίες σας.",54,1.04815290521708,0.952200628300762,-0.757651674599577,-0.539019392325625,"TeDDi"
"TeDDi","Απλά πες τους την αλήθεια...",28,0.957234920880439,0.850749093488235,0.15637832034419,-0.190313553522974,"TeDDi"
"TeDDi","Όχι.",4,-0.796124879643999,-1.16993282952843,1.80163231124297,-0.539019392325625,"TeDDi"
"TeDDi","Δεν ξέρω πόσο ακόμα μπορώ να συνεχίσω.",38,1.11469467479113,1.06447368888176,-0.182118912233072,-0.539019392325625,"TeDDi"
"TeDDi","Εγώ είμαι αυτός που είναι πάντα στο πλευρό σου.",47,1.10568666318017,0.938947333504621,-0.515088975747962,-0.539019392325625,"TeDDi"
"TeDDi","τάντερο αρνιού καλόστριφτον εις τ' άκρ' αφού προσδέση,",54,1.18360404748831,1.15611682454529,-0.680097614422532,-0.539019392325625,"TeDDi"
"TeDDi","Επικοινωνία μόνο μέσω του δικτύου της CIA;",42,1.30293622033318,1.30312100315235,0.00680977571702703,-0.539019392325625,"TeDDi"
"TeDDi","Άλλως θα είχαν παράπονα κατά του παππά, κι' ο παππάς αν ήθελε",61,0.977909075983045,0.916331976675545,-0.875889831918682,-0.303642951133836,"TeDDi"
"TeDDi","- πριν ασθενήσει;",17,0.570667194648386,0.395414525420183,0.569891355489877,-0.539019392325625,"TeDDi"
"TeDDi","Κι εγώ είμαι σίγουρη.",21,0.831142673890895,0.739556625647944,0.605083954225676,-0.539019392325625,"TeDDi"
"TeDDi","Θα 'στε κουρασμένοι μετά από τέτοιο ταξίδι.",43,1.14285938064441,1.18959372025861,-0.24363057807729,-0.539019392325625,"TeDDi"
"TeDDi","Γιατί είσαι ένας ανούσιος μικρός καταραμένος πόνος στον πισινό.",63,0.98622991660447,0.827641072339985,-1.12326367257708,-0.539019392325625,"TeDDi"
"TeDDi","εις ενύπνιον. Αλλ' οι κυνηγοί εκείνοι ηθέλησαν να ακούσουν εκ",61,1.02513469831021,1.04150090228498,-0.944544245845905,-0.460560578595029,"TeDDi"
"TeDDi","Ενημερώνεις τη βάση δεδομένων σου;",34,1.12008497312009,1.11652985223387,0.0771949731886344,-0.539019392325625,"TeDDi"
"TeDDi","Έχω συvταξιοδοτηθεί, οπότε...",29,1.235213413046,1.22968355974914,0.646344242398689,-0.202767333480212,"TeDDi"
"TeDDi","ερωτήσεις να μοι απευθύνης.",27,1.12418390043563,1.12012805750591,0.560767348410224,-0.539019392325625,"TeDDi"
"TeDDi","το ξέρετε καλά, όχι δεν είμαστε γεννημένοι εμείς για τη βασανισμένη",67,1.16088636608916,1.10302636770363,-0.886136759370504,-0.467693198025083,"TeDDi"
"TeDDi","Και για τις γυναίκες;",21,0.591949121900581,0.567186557947107,0.206234501886578,-0.539019392325625,"TeDDi"
"TeDDi","γελώσα κ' επαναλέγουσα:",23,0.791039872354933,0.679785301180971,0.344964746178438,-0.539019392325625,"TeDDi"
"TeDDi","- Φρέντι;",9,0.270453854548865,0.0476722445730807,1.80163231124297,-0.539019392325625,"TeDDi"
"TeDDi","δεν υπάρχει και ο λόγος.",24,1.02868876314855,1.0229280045303,0.75465249885284,-0.539019392325625,"TeDDi"
"TeDDi","- Όντως;",8,0.115539314965024,-0.140132701566876,1.80163231124297,-0.539019392325625,"TeDDi"
"TeDDi","ο υιός του μεγαλόψυχου φαίνεται του Οδυσσέα",43,1.06017070610815,0.981536503653735,-0.341024048997301,-0.426935372710488,"TeDDi"
"TeDDi","αισθητή. Αλλά τότε το ζήτημα περιεπλάκη και πάλιν, αναφανεισών δύο",66,1.3228999733612,1.34562534626555,-0.736500567278564,-0.466595871958921,"TeDDi"
"TeDDi","αλλέως να είναι ωραίαι και αι δύο και η καθεμία. Απάντησε εις εμέ ως",68,1.05037885710243,1.01683838699175,-0.908197791413846,-0.46875776808927,"TeDDi"
"TeDDi","Ο Τριστάνος τραβάει τάλογό του όξω από το θάμνο.",48,1.18112341429757,1.16769831350015,-0.292327313537295,-0.539019392325625,"TeDDi"
"TeDDi","Πρέπει να φτάσω σπίτι και να κόψω σε κάποιον το ρούμι.",54,1.11846580032601,0.976591034249474,-0.680097614422532,-0.539019392325625,"TeDDi"
"TeDDi","Συνήθιζα να ξαπλώνω άγρυπνη και να εύχομαι πως ήμουν εγώ ο γιος.",64,1.26455014996889,1.26402199679338,-0.684944743183596,-0.539019392325625,"TeDDi"
"TeDDi","כן, בדיוק ככה.",14,0.41170524157956,0.281001826462645,0.904221043480003,-0.176901790492103,"TeDDi"
"TeDDi","יישן שנתו לאט לאט. הזבובים הקטנים והיתושים הנם הראשונים המרגישים את",67,0.90379906356964,0.663350965868947,-1.19866804665114,-0.467693198025083,"TeDDi"
"TeDDi","לא תוכל להתחבר למוזיקה ולהתחמק מלקחת אחריות.",44,0.723062766553485,0.637235571625614,-0.958587194149199,-0.539019392325625,"TeDDi"
"TeDDi","אני לא יודע.",12,0.192996584756949,0.0492163783133795,0.75465249885284,-0.539019392325625,"TeDDi"
"TeDDi","אני לא מאמין שהכית אותי.",24,0.496884649626621,0.576603342245906,-0.117830678138938,-0.539019392325625,"TeDDi"
"TeDDi","אתה לוקח סיכונים.",17,0.785176416909334,0.685160416895339,1.06258773779112,-0.539019392325625,"TeDDi"
"TeDDi","לטוני יש טעם מדהים.",19,0.604999717561707,0.552528484261284,0.479131495592276,-0.539019392325625,"TeDDi"
"TeDDi","האם אתה בתוך גופך, אבל לא?",26,0.557408650892696,0.533018969967461,-0.292327313537295,-0.539019392325625,"TeDDi"
"TeDDi","אתה לא נותן לנערה שלך להיכנס לשטח האויב לבד.",44,0.969094058909178,1.05912357979947,-0.482687279426409,-0.539019392325625,"TeDDi"
"TeDDi","כן.",3,-1.17449970715659,-1.55244696090163,1.80163231124297,-0.539019392325625,"Cuneiform (Uruk III)"
"TeDDi","קייל?",5,-0.867300240140106,-1.06691893700554,0.964048461330867,0.637862813633322,"Cuneiform (Uruk III)"
"TeDDi","I Maakà reniny aza , naongany amin’ny maha-renin’ny mpanjaka azy , satria nanao sampy vetaveta ho an’i Astarte . Nazeran’i Asà ny sampiny vetaveta , dia nodorany tao amin’ny ranon-driaka Sedrôna .",196,1.09437704786254,0.768850075950277,-1.74527888991544,-0.514878218870057,"TeDDi"
"TeDDi","С тобой я танцевать не хочу.",28,0.880247224686941,0.933274987881512,0.15637832034419,-0.539019392325625,"TeDDi"
"TeDDi","И... мужчина... занимался со мной сексом.",41,0.852293946476388,0.852054234232584,-0.54768824338855,-0.0682665099420465,"TeDDi"
"TeDDi","Он найдет себе жилье.",21,0.744317512499565,0.809557495249368,0.605083954225676,-0.539019392325625,"TeDDi"
"TeDDi","Хотя... так и было.",19,0.449291671679818,0.442333903828228,0.258714692983828,-0.0159606341216494,"TeDDi"
"TeDDi","Вообще-то она классная, если ходить на тренировки.",50,1.15316991949021,1.18991676083114,-0.543602468510928,-0.346875358699675,"TeDDi"
"TeDDi","Знаешь, они сказали, что президенты не заводят новых друзей.",60,1.34521465497518,1.40433649551527,-0.571521930174666,-0.539019392325625,"TeDDi"
"TeDDi","И вы подразумеваемые Фрэнсис особенно.",38,1.12104423612857,1.10964554726608,-0.182118912233072,-0.411788883573307,"TeDDi"
"TeDDi","- (дэвид) Эми?",14,0.460862663485295,0.297512929702955,0.904221043480003,-0.539019392325625,"TeDDi"
"TeDDi","С Гонконга в Бангкок, а затем на север... в Чиангмай, 3 недели побудем с семьёй Лин.",84,1.34869986591907,1.43226699659286,-0.890601492045945,-0.425584962835606,"TeDDi"
"TeDDi","Зачем?",6,-0.262835512547562,-0.58425930766362,1.80163231124297,-0.539019392325625,"TeDDi"
"TeDDi","Я Альфа и Омега.",16,0.642316692428144,0.577057885457815,1.01639745195037,-0.539019392325625,"TeDDi"
"TeDDi","Я хочу, чтобы ты удалил это видео со своего ноутбука и телефона..",65,1.12533409041303,1.19558937282498,-0.904407819242297,-0.465464254453191,"TeDDi"
"TeDDi","Я давно не практиковался, не уверен, что смогу.",47,1.18052635140918,1.10447581120315,-0.425984310863694,-0.539019392325625,"TeDDi"
"TeDDi","No.",3,-1.17449970715659,-1.55244696090163,1.80163231124297,-0.539019392325625,"Cuneiform (Uruk III)"
"TeDDi","y ya nos contentaríamos para suma",33,0.61504642467956,0.530093586734581,-0.609593923352489,-0.539019392325625,"TeDDi"
"TeDDi","percepcion y del juicio, haciendo ver que el entendimiento no se",64,0.903885162027477,0.896971554976279,-1.01212593455551,-0.539019392325625,"TeDDi"
"TeDDi","El Tío Pérquique conocía la Sociedad de los",43,0.991029989090239,0.876077457430069,-0.535810990837327,-0.539019392325625,"TeDDi"
"TeDDi","al crimen.",10,0.409029632312526,0.218347015940506,1.80163231124297,-0.539019392325625,"TeDDi"
"TeDDi","Me culpa por la pérdida del envío quiere que le devuelva el doble del dinero.",77,0.781145715549818,0.601366151163635,-1.35290426634808,-0.539019392325625,"TeDDi"
"TeDDi","Yo abriré los otros vagones.",28,0.750009482599941,0.749024934760512,0.00680977571702703,-0.539019392325625,"TeDDi"
"TeDDi","vamos inmediatamente. ¿No estáis incomodados?",45,0.890637962683088,0.691959344769702,-0.804184110705805,-0.539019392325625,"TeDDi"
"TeDDi","para ellos.",11,0.202872418962813,0.0693133070361281,1.04019244768651,-0.0682665099420465,"TeDDi"
"TeDDi","Sí.",3,-1.17449970715659,-1.55244696090163,1.80163231124297,-0.539019392325625,"Cuneiform (Uruk III)"
"TeDDi","Pues, ¿qué tal la Academia Olympia?",35,1.11969150719871,1.15834170112115,0.126464611418759,-0.539019392325625,"TeDDi"
"TeDDi","obligado a abandonar mis trabajos en la Península, lo haría[p. 184] sin murmurar, lleno el",90,1.19537709766537,1.25940064049391,-1.1299111634494,-0.486125810035336,"TeDDi"
"TeDDi","—¿Pero qué hay que hacer?",25,0.784391496745909,0.442922125528428,0.126464611418759,-0.539019392325625,"TeDDi"
"TeDDi","Me entregan a ti directamente y sin hacer preguntas.",52,0.796465797437437,0.837528553025651,-0.936622582700456,-0.539019392325625,"TeDDi"
"TeDDi","—Hay que ser consecuente—murmuró Leguía,",40,1.05005940533029,1.00690645795322,-0.292327313537295,-0.539019392325625,"TeDDi"
"TeDDi","ay gumagamit ng̃ pamalò.... ang aming ginagamit ay ibáng paraan na",66,0.578788996937303,0.405670111658816,-1.30758046494591,-0.249325310858808,"TeDDi"
"TeDDi","hang̃al.",8,-0.112376733687232,-0.357286543758458,1.27814240504791,-0.539019392325625,"TeDDi"
"TeDDi","ระบบการสื่อสารเป็นอัมพาต",24,0.971338437591863,0.990455354232194,0.580155863454483,-0.334344226071896,"TeDDi"
"TeDDi","60 ไมล์จากที่นี่",16,0.799287460921792,0.619885748353843,1.27814240504791,-0.539019392325625,"TeDDi"
"TeDDi","ขอให้ผู้ที่เต้นที่ดีครับ",24,1.04731045380928,0.966819347755644,0.75465249885284,-0.539019392325625,"TeDDi"
"TeDDi","คุณให้การงดเว้นกับเขา, แล้วเขายังกระแทกแดกดันคุณอีก!",52,1.52482778949569,1.37999793698081,-0.211790404891901,-0.539019392325625,"TeDDi"
"TeDDi","สิ่งที่เกิดขึ้นหลังจากที่คุณให้ คำสั่งของคุณหรือไม่",51,1.6380949739409,1.53002897282995,-0.00492109052823915,-0.539019392325625,"TeDDi"
"TeDDi","ส่วน ผู้ชาย หนุ่ม ก็ เหมือน กัน . จง เตือน เขา ให้ ใช้ สติ สัมปชัญญะ",68,1.46893033684549,1.42341947994313,-0.538675504687916,-0.46875776808927,"TeDDi"
"TeDDi","เอ่อ ผมสับสนเล็กน้อย เพราะว่า เกย์",34,1.22733958425057,1.20384429341038,0.200369068763943,-0.539019392325625,"TeDDi"
"TeDDi","เอาล่ะ, ฉันได้ยินมามากพอล่ะ",27,1.14967293401637,0.903810433444515,0.560767348410224,-0.539019392325625,"TeDDi"
"TeDDi","พี่คงคิดว่าฉันจะจำแม่ง ได้ทุกๆรายละเอียด",40,1.6965325191616,1.80632480652316,0.649954517613826,-0.539019392325625,"TeDDi"
"TeDDi","กำลังเขาสู่บริการฝากข้อความ",27,1.14967293401637,1.18772028441086,0.715875468764317,-0.539019392325625,"TeDDi"
"TeDDi","ชั้นขออยู่แถวนี้สักพัก",22,0.917497491521092,0.795001962528108,0.659472515908281,-0.31485135309535,"TeDDi"
"TeDDi","เพลงประกอบหลัก :",16,0.799287460921792,0.696200261506643,1.27814240504791,-0.539019392325625,"TeDDi"
"TeDDi","ได้ยินอะไรมาเหรอ",16,0.685329436595664,0.54143922824836,1.01639745195037,-0.539019392325625,"TeDDi"
"TeDDi","เหมือนเธอยังไม่พร้อมเท่าไรนะ",28,1.03831524106171,0.998141538711757,0.305946864971354,-0.539019392325625,"TeDDi"
"TeDDi","ข้าพเจ้า ได้ แต่งตั้ง คน ให้ ดูแล เรือน พัสดุ คือ . เชเลมิยาห์ ปุโรหิต . ศาโ ดก ธรรมา จา รย์ . และ เปดายาห์ แห่ง คน เลวี . และ ผู้ ช่วย ของ เขา คือ . ฮานัน บุตร ชาย ศัก เก อร์ . ผู้ เป็น บุตร ชาย มัท ธานิยาห์ . เพราะ นับ ได้ ว่า เขา สัตย์ ซื่อ . และ หน้าที่ ของ เขา คือ แจกจ่าย แก่ พวก พี่น้อง",293,1.76356672992549,1.29773120709646,-1.74309114913591,-0.522897718271393,"TeDDi"
"TeDDi","เป็นรางวัลเล็ก ๆ น้อย ๆ เขาให้ ฉันมีโอกาสที่",44,1.4900945448132,1.483744381999,0.0883926182409362,-0.539019392325625,"TeDDi"
"TeDDi","ความยโสของมนุษย์ คือคิดไปเองว่าความคุบธรรมชาติได้",49,1.54817990931351,1.47515858321567,0.00680977571702703,-0.44094587516238,"TeDDi"
"TeDDi","นี่เป็นของที่เจอในกระเป๋าของแครนส์ตัน",37,1.31377058838169,1.24325860901174,0.217014216814664,-0.539019392325625,"TeDDi"
"TeDDi","Yapmamız gereken şeyi değiştirmez.",34,1.00573379343601,1.07419078646562,-0.0459791223866738,-0.539019392325625,"TeDDi"
"TeDDi","Çünkü o kişi ben değilim.",25,0.73898651744439,0.793064791676083,0.126464611418759,-0.539019392325625,"TeDDi"
"TeDDi","Kimse polislerden daha zengin değil.",36,0.932061147090324,0.824575283989195,-0.292327313537295,-0.539019392325625,"TeDDi"
"TeDDi","64, 65, 66.",11,-0.460156086207379,-0.665350972815029,-0.101967347648182,-0.0682665099420465,"Cuneiform (Uruk III)"
"TeDDi","Kutlamalar biter bitmez, sen ve Aethelred birlikte Lunden'e seyahat edeceksiniz.",80,1.17566917099119,1.20591854446427,-1.0775621728299,-0.539019392325625,"TeDDi"
"TeDDi","- ...bulacağımızın garantisini veremem.",39,1.11138895449814,1.11074846636323,-0.238636041107031,-0.2912547173869,"TeDDi"
"TeDDi","Bırak onu gitsin göt veren herif, bırak gitsin.",47,1.09586711986374,0.641319444357779,-0.515088975747962,-0.539019392325625,"TeDDi"
"TeDDi","Ama ders seçimini 15 Temmuz saat 02:00'de gönderdim.",52,1.22509490490241,1.25757783170179,-0.453401130828083,-0.262105932099991,"TeDDi"
"TeDDi","Maliyeti karşılama zamanı.",26,0.771294379393891,0.708542458294801,0.190894138335073,-0.539019392325625,"TeDDi"
"TeDDi","Majesteleri, bu da mı sizin küçük oyunlarınızdan biri?",54,1.31822930412889,1.2325523916721,-0.524989494068438,-0.539019392325625,"TeDDi"
"TeDDi","Buông ra!",9,0.270453854548865,0.0476722445730807,1.80163231124297,-0.539019392325625,"TeDDi"
"TeDDi","Ooh, thật đáng sợ.",18,0.738700412293864,0.717201869570288,0.870983589118411,-0.539019392325625,"TeDDi"
"TeDDi","Giá đó dưới giá thị trường rồi.",31,0.911637151322146,0.903449490325336,0.0454081098143628,-0.539019392325625,"TeDDi"
"TeDDi","Nghe hay chứ?",13,0.280398274604416,0.1770267355021,0.835189407498234,-0.539019392325625,"TeDDi"
"TeDDi","Những giọng nói tăm tối từ sâu thẳm trong anh, thì thầm... thì thầm... và cuối cùng, anh sẽ thấy bản chất thật của thế giới này.",128,1.36559332616267,1.29623834621388,-1.14299841110428,-0.390750767952845,"TeDDi"
"TeDDi","Gánh nặng lời Đức Giê-hô-va nghịch cùng đất Ha-đơ-rắc , nó sẽ đỗ trên Đa-mách : vì con mắt loài người và mọi chi phái Y-sơ-ra-ên đều ngó lên Đức Giê-hô-va .",156,1.66180767027004,1.4385860561164,-1.20507894485177,-0.539019392325625,"TeDDi"
"TeDDi","Hin nhiên là vy.",16,0.371387899608377,0.318762924125171,0.492907545755306,-0.539019392325625,"TeDDi"
"TeDDi","Ngươi đấu tranh vì những gì của ngươi.",38,1.02167980954677,0.817593526805824,-0.182118912233072,-0.539019392325625,"TeDDi"
"TeDDi","‫همین حالا می‌تونم برم بانک ‫و وام بگیرم",40,0.723991162489176,0.600487296333243,-0.711119238493349,-0.539019392325625,"TeDDi"
"TeDDi",".یه ساعت دیگم مونده براتون .دور دلسوزي رو خط بكش",48,1.12566983401956,1.16636140349902,-0.466823948935653,-0.539019392325625,"TeDDi"
"TeDDi","نه نه نه تقويتش کن، ها ؟",24,0.287590291635096,0.400972849026844,-0.292327313537295,-0.539019392325625,"TeDDi"
"TeDDi","اره",3,-1.17449970715659,-1.55244696090163,1.80163231124297,-0.539019392325625,"Cuneiform (Uruk III)"
"TeDDi","‏کی می‌خواد انجامش بده؟",23,0.889746349097342,0.863179609905516,0.527048191811504,-0.539019392325625,"TeDDi"
"TeDDi","جواهرات فرانسوی، طراحی های فرانسوی",34,0.617197931660012,0.0990679799949216,-0.661849600263225,-0.539019392325625,"TeDDi"
"TeDDi","نه دلم ميخواد بدونم اصلا چي پرسيدي",34,0.757838556982772,0.791842287909569,-0.415501409112604,-0.539019392325625,"TeDDi"
"TeDDi","ما جایزه‌شون رو آوردیم شما اینجا چیکار می کنید؟",47,0.790199206912783,0.765449675140282,-0.871507635285032,-0.539019392325625,"TeDDi"
"TeDDi","بهشون گفته بودم",15,0.456098095617487,0.2658537710223,0.684853844693496,-0.539019392325625,"TeDDi"
"TeDDi","باشه ؟",6,-0.262835512547562,-0.58425930766362,1.80163231124297,-0.539019392325625,"TeDDi"
"TeDDi","اين درسته که يه الهه همچين کارهايي بکنه؟",40,0.528209214836514,0.545151413120382,-0.815817219732363,-0.297607657769944,"TeDDi"
"TeDDi","خب ، "" پرتغالی ه سفید "" روسی ه این یه نظریست",44,0.786582299524653,0.825396040487173,-0.577867262370968,-0.539019392325625,"TeDDi"
"TeDDi","نه، فکر کردم تعميرشون کردم",26,0.631038349454045,0.326894754573916,-0.131253496246507,-0.539019392325625,"TeDDi"
"TeDDi","بسوزونش",7,-0.320563789036728,-0.571890590977172,1.20335813273433,-0.539019392325625,"TeDDi"
"TeDDi","که عقب‌نشینی نیروهای آمریکایی فقط منوط به",41,0.843614024464665,0.730984902133934,-0.64983261532905,-0.421331171729731,"TeDDi"
"TeDDi","من اونجا نميرم مگه اينکه توي يکي از اون چيزهاي بزرگ آهني",56,0.646727015704866,0.718682628500468,-1.18973858130027,-0.539019392325625,"TeDDi"
"TeDDi","Nigbana ni o ṣore-ọfẹ fun u , o si wipe , Gbà a kuro ninu ilọ sinu ihò , emi ti ri irapada !",92,1.09624482473761,1.29360620261164,-1.02066109606956,-0.539019392325625,"TeDDi"
"TeDDi","你知道的原因一個女孩敲背的傢伙",15,0.820763773461087,0.730301348907379,1.5224376946056,-0.539019392325625,"TeDDi"
"TeDDi","我们放在冷藏室所以",9,0.270453854548865,0.0476722445730807,1.80163231124297,-0.539019392325625,"TeDDi"
"TeDDi","你可別在這裏耍花招小子",11,0.534386671547918,0.374791755958245,1.80163231124297,-0.539019392325625,"TeDDi"
"TeDDi","不不是真的沒有",7,-0.320563789036728,-0.444975562858873,1.20335813273433,0.245568744980341,"TeDDi"
"TeDDi","秀晶她",3,-1.17449970715659,-1.55244696090163,1.80163231124297,-0.539019392325625,"Cuneiform (Uruk III)"
"TeDDi","是我知道",4,-0.796124879643999,-1.16993282952843,1.80163231124297,-0.539019392325625,"TeDDi"
"TeDDi","墨西哥鸡肉卷",6,-0.262835512547562,-0.58425930766362,1.80163231124297,-0.539019392325625,"TeDDi"
"TeDDi","肖恩收手吧",5,-0.502634562296497,-0.853883307024744,1.80163231124297,-0.539019392325625,"TeDDi"
"TeDDi","东植啊你回去吧",7,-0.0600883048627262,-0.348968050340497,1.80163231124297,-0.539019392325625,"TeDDi"
"TeDDi","灘團團圍定以為唾手可取只是船到灘邊便見兩條黃龍旋繞在御營上",29,1.68364727702356,1.92469401725196,1.5128102940319,-0.370893362902919,"TeDDi"
"TeDDi","大家集中他们分明在东面",11,0.534386671547918,0.374791755958245,1.80163231124297,-0.539019392325625,"TeDDi"
"TeDDi","欢迎光临寒舍",6,-0.262835512547562,-0.58425930766362,1.80163231124297,-0.539019392325625,"TeDDi"
"TeDDi","我们阻止了杀掉",7,-0.0600883048627262,-0.348968050340497,1.80163231124297,-0.539019392325625,"TeDDi"
"TeDDi","terduto taoas oesttetn etaeae odtnoho eaaetfeteaieafuto ooheloeae ttiettea moto",79,0.332028958677131,0.473854460889993,-1.59111239726177,-0.237254724131024,"TeDDi"
"TeDDi","taoeaieoher e eao teaetc",24,-0.0317342216718739,-0.0318699377123675,-0.815817219732363,-0.539019392325625,"Cuneiform (Uruk III)"
"TeDDi","teeaea atot ttatotoaetn oodeiefeatn teoteotetn ohatoaieeaee ooaeaieatothaieeeto",79,-0.0653499455817569,-0.0552003066680679,-1.8561705776137,-0.0561959232142604,"TeDDi"
"TeDDi","terduto e eaaieeee ootohaitc ttaaieeeero",40,0.146067132049107,0.00903831303877133,-1.23460914468842,0.66803928045278,"Cuneiform (Uruk III)"
"TeDDi","etao etao aieeeaetn eaaieeeeto taieetso oodtshn etasee",54,0.0182039695404767,-0.0388799384570451,-1.6107463365471,0.260372294740829,"TeDDi"
"TeDDi","loteetothtn tathrto etao eaethrdtetn terduto erder eeaderodtno erdoteeta taea oeteatoeatnllo erdoteeta aiaieeaaiaieee",117,0.251940624666646,0.0379959948411916,-1.95675675887546,-0.173780087028021,"TeDDi"
"TeDDi","teatnpt aieeaieeaiee0 gtesac",28,0.123399483117795,-0.0162431837611104,-0.741032947418781,-0.0159606341216494,"Cuneiform (Uruk III)"
"TeDDi","aieeeaetn terduto teetoaie otetaieeeown",39,0.0909916360722039,0.0648555370544449,-1.20507894485177,0.0803922950211886,"TeDDi"
"TeDDi","aioteaeeooooeae eaitfe eaieaeaier hotsobe astoto1 oteetnsc",58,0.29197204285985,0.444183737923269,-1.37540987807881,-0.126078267427749,"TeDDi"
"TeDDi","teetoaie otetaieeeown terduto eaetaieepa aieaeouoo eaeteb hr taea tlo aieibe",76,0.296574236199385,0.384469560820911,-1.55972392853588,-0.225184137403239,"TeDDi"
"TeDDi","otiisoooo taeaier etao eaaetcohasa eaaeaetaiee aieeeieemtn aieeeeeaeasee oodgte sac etao aieeeaetn aieeeooheeeaaie hre0 eaeaetn etaeae totneaaeedpa totneaaeedpa etaiaaeee oteaseear aiaaeeaietmtoown etao teetaieee aieeetc1 eaeeasoooo ottoottooheatn aieeetc1 tasac aiema aiaaeeaeeasoooo",284,0.219295768069651,0.0551616096323658,-2.12085543658486,0.392505745959903,"TeDDi"
"TeDDi","aotasee aietoeouoo matetn teer aieiaec0",39,0.328668125201516,0.463687054314953,-0.99031385513072,-0.167372379917537,"TeDDi"
"TeDDi","etaiehtahn ottooteee loaseetctcoooo oohhre eaaaieeetnasa lldaieee toteatoaieaesodsod oyhneea",92,0.407277084932433,0.483685507419378,-1.74899487860183,0.39214015524629,"TeDDi"
"TeDDi","teatoaie tathrto ttaieemtn tathaietktttn",40,0.0459101508026127,0.0380832159337457,-1.23460914468842,-0.0561959232142604,"TeDDi"
"TeDDi","hotaoeeeae otetaieeeown tathrto aieto eatoaieeeouoo eaelo erdiee eadsac",71,0.295264402931005,0.416150967415403,-1.5015152658752,-0.00101609817296515,"TeDDi"
"TeDDi","erdthaietn taeaaietetn aieeeaetn aiestar1 tn1 tathrto etaoown ettaieertoouoo oeoteaieeouoo oetoown tlo taeaaietetn aieibe",121,0.392084935709481,0.0845890168648595,-1.83251249209468,-0.0682665099420465,"TeDDi"
"TeDDi","oetoown oeaiertoetco aieeeaetn terduto taieetso taeaietn tneaiesa aieeero oelttoar erdaieee1 ooaoeaierto tootohhn ooataiee",122,0.354446992363457,0.256988312165692,-1.83705162689979,0.00565336415124287,"TeDDi"
"TeDDi","terduto iebodiebod ottoaieeeaaetnrodto hr oetodthnoo ethotc hr",62,0.435545575206082,0.369686285392661,-1.50817483760326,-0.15315637397843,"TeDDi"
"TeDDi","patnoheelo tktaiaaetsaieaeo oohthoohneerto eaaeeeto teaieeeadst eeaeaseetootieer taeeexaieeeto taaieeeeto0 aee eao taeaier aiaaellooootaoeeeae oetrto taeetotoieeohaieeetc aiee0 etaieaieaieaieeea oeoteaieeouoo moto eaaietetn thn0 etao ttaaieeeero hottniebtjho aieeeaetn aieeeaeero aee ttaeer eaeoteea eatoeatn aotetc oohaietaie aiee0",332,0.219724488793115,0.288984169650765,-2.12138843156825,0.271642670993527,"TeDDi"
