artifact_id,cdli_comments,designation,artifact_type,period,provenience,written_in,archive,composite_no,seal_no,composites,seals,museum_no,accession_no,condition_description,artifact_preservation,period_comments,provenience_comments,artifact_type_comments,is_provenience_uncertain,is_period_uncertain,is_artifact_type_uncertain,is_school_text,height,thickness,width,weight,elevation,excavation_no,findspot_square,findspot_comments,stratigraphic_level,surface_preservation,artifact_comments,seal_information,collections,dates,alternative_years,genres,languages,materials,publications_key,publications_type,publications_exact_ref,publications_comment,external_resources,external_resources_key,genres_comment,genres_uncertain,languages_uncertain,materials_aspect,materials_color,materials_uncertain,retired,has_fragments,is_artifact_fake,redirect_artifact_id,retired_comments
3,,"ATU 3, pl. 081, W 9123,d",tablet,"Uruk IV (ca. 3350-3200 BC)","Uruk (mod. Warka)",,,,,,,"VAT 15253",,,,,,,0,0,0,0,42.0,19.0,53.0,,,"W 09123,d","Qa XVI,2","unter der Abgleichung der Schicht III, 1,5 m über der Höhe des Kalksteinsockels// (t.a.q. IIIc)",,,,,"Vorderasiatisches Museum, Berlin, Germany",,,Vocabularies,undetermined,clay,"Englund1993ATU3; Falkenstein1936ATU1","primary; history","pl. 81, W 9123,d; 539","42x53x19 - Vocabulary 9 - Qa XVI,2, unter der Abgleichung der Schicht III, 1,5 m über der Höhe des Kalksteinsockels (t.a.q. IIIc) - veröffentlicht in: ATU 1, 539 - bereits kommentiert von A. Falkenstein, UVB 3, 12 und ATU 1, S. 43-45.; ","DCCLT; ARMEP","P000003; P000003","""Archaic Vocabulary (witness) Text category: 15-09; Foreign ID: LVO 9""",0,0,,,0,0,0,0,,
1770,,"ATU 3, pl. 082, W 10824",tablet,"Uruk IV (ca. 3350-3200 BC)","Uruk (mod. Warka)",,,,,,,"VAT 17886, a",,,,,,,0,0,0,0,41.0,17.0,37.0,,,"W 10824","Pa XVI,5","+19.80 m, unmittelbar vor der Süd-Ecke des Gebäudes von III",,,,,"Vorderasiatisches Museum, Berlin, Germany",,,Administrative,undetermined,clay,Englund1993ATU3,primary,"pl. 82, W 10824","41x37x17 - Practice 1 - Pa XVI,5, +19.80 m, unmittelbar vor der Südecke des Gebäudes von III - da der Text für ATU 2 irrtümlich als lexikalisch eingestuft wurde, wurde er nur in Kopie, nicht aber im Glossar aufgenommen.",,,""" Text category: -1601; Foreign ID: LSL 1""",0,0,,,0,0,0,0,,
2198,,"ATU 3, pl. 082, W 14820",tablet,"Uruk IV (ca. 3350-3200 BC)","Uruk (mod. Warka)",,,,,,,"VAT 17747",,,,,,,0,0,0,0,39.0,14.0,51.0,,,"W 14820","Oe XVI,2","+19.50 m, aus den archaischen Bauten der Schicht III",,,,,"Vorderasiatisches Museum, Berlin, Germany",,,Administrative,undetermined,clay,Englund1993ATU3,primary,"pl. 82, W 14820","39x51x14 - Practice 4 - Oe XVI,2, +19.50 m, aus den archaischen Bauten der Schicht III - da der Text für ATU 2 irrtümlich als lexikalisch eingestuft wurde, wurde er nur in Kopie, nicht aber im Glossar aufgenommen.",,,""" Text category: -1604; Foreign ID: LSL 4""",0,0,,,0,0,0,0,,
3487,,"ATU 3, pl. 083, W 20242",tablet,"Uruk IV (ca. 3350-3200 BC)","Uruk (mod. Warka)",,,,,,,"IM —",,,,,,,0,0,0,0,37.0,24.0,47.0,,,"W 20242","Ne XVII,2","ca.50 cm unter Oberfläche",,,,,"National Museum of Iraq, Baghdad, Iraq",,,Administrative,undetermined,clay,Englund1993ATU3,primary,"pl. 83, W 20242","37x47x24 - Practice 17 - Ne XVII,2, ca. 50 cm unter Oberfläche - da der Text für ATU 2 irrtümlich als lexikalisch eingestuft wurde, wurde er nur in Kopie, nicht aber im Glossar aufgenommen.",,,""" Text category: -1617; Foreign ID: LSL 17""",0,0,,,0,0,0,0,,
730,,"ATU 5, pl. 001, W 1872,1",tablet,"Uruk IV (ca. 3350-3200 BC)","Uruk (mod. Warka)",,,,,,,"VAT 15316",,,,,,,0,0,0,0,57.0,29.0,27.0,,,"W 01872,1","Od XV,5","unter der Schicht, in der das Fundament gestampft ist",,,,,"Vorderasiatisches Museum, Berlin, Germany",,,Administrative,undetermined,clay,"Englund1994ATU5; Falkenstein1936ATU1","primary; history","pl. 1, W 1872,1; 511","57x27x29 - Od XV,5, below the level with pisé foundations - ATU 1, 511 - 4.12.1928 - on the tablet only the excavation number ""1972,d[  ]"" discernable - according to the register of the DAI-Baghdad (and see ATU 1, p. 72), however, this and the following tablet; ",,," ",0,0,,,0,0,0,0,,
731,,"ATU 5, pl. 001, W 1872,2",tablet,"Uruk IV (ca. 3350-3200 BC)","Uruk (mod. Warka)",,,,,,,"VAT 15315",,,,,,,0,0,0,0,48.0,18.0,65.0,,,"W 01872,2","Od XV,5","unter der Schicht, in der das Fundament gestampft ist",,,,,"Vorderasiatisches Museum, Berlin, Germany",,,Administrative,undetermined,clay,"Englund1994ATU5; Falkenstein1936ATU1","primary; history","pl. 1, W 1872,2; 525","48x65x18 - same locus as W 1872,1 - ATU 1, 525 - 4.12.1928 - on the tablet no excavation number is discernable - complex rotation of text (see MSVO 1, p. 12).; ",,," ",0,0,,,0,0,0,0,,
732,,"ATU 5, pl. 001, W 2134",tablet,"Uruk IV (ca. 3350-3200 BC)","Uruk (mod. Warka)",,,,,,,"VAT 15345",,,,,,,0,0,0,0,26.0,28.0,35.0,,,"W 02134",?,Stadtgebiet,,,,,"Vorderasiatisches Museum, Berlin, Germany",,,Administrative,undetermined,clay,"Englund1994ATU5; Falkenstein1936ATU1","primary; history","pl. 1, W 2134; 497","26x35x28 - city area - ATU 1, 497 - 10.12.1928.; ",,," ",0,0,,,0,0,0,0,,
738,,"ATU 5, pl. 002, W 5233,f",tablet,"Uruk IV (ca. 3350-3200 BC)","Uruk (mod. Warka)",,,,,,,"VAT 15303",,,,,,,0,0,0,0,21.0,10.0,18.0,,,"W 05233,f","Pd XVI,4","an verschiedenen Stellen im Schutt des Raumes 91, etwas unter Niveau der Abflußrinne// t.a.q. II",,,,,"Vorderasiatisches Museum, Berlin, Germany",,,Administrative,undetermined,clay,Englund1994ATU5,primary,"pl. 2, W 5233,f","21x18x10 - same locus as W 5233,a - 21.11.1929 - Uruk III - see the remarks to W 5233,a.",,," ",0,0,,,0,0,0,0,,
739,,"ATU 5, pl. 002, W 5233,g",tablet,"Uruk IV (ca. 3350-3200 BC)","Uruk (mod. Warka)",,,,,,,"VAT 21404",,,,,,,0,0,0,0,18.0,12.0,17.0,,,"W 05233,g","Pd XVI,4","an verschiedenen Stellen im Schutt des Raumes 91, etwas unter Niveau der Abflußrinne// t.a.q. II",,,,,"Vorderasiatisches Museum, Berlin, Germany",,,Administrative,undetermined,clay,Englund1994ATU5,primary,"pl. 2, W 5233,g","18x17x12 - same locus as W 5233,a - 21.11.1929 - Uruk III - see the remarks to W 5233,a.",,," ",0,0,,,0,0,0,0,,
740,,"ATU 5, pl. 002, W 5353",tablet,"Uruk IV (ca. 3350-3200 BC)","Uruk (mod. Warka)",,,,,,,"VAT 14867",,,,,,,0,0,0,0,68.0,27.0,49.0,,,"W 05353","Pd XVI,5","1.15 m unter der Tonstiftschicht /Mosaik B2/ 1 m nordöstlich davon// t.a.q. III   warum nicht unter ""Roter Tempel""?",,,,,"Vorderasiatisches Museum, Berlin, Germany",,,Administrative,undetermined,clay,"Englund1994ATU5; Falkenstein1936ATU1","primary; history","pl. 2, W 5353; 259","68x49x27 - Pd XVI,5, 1.15 m below the layer of clay-cones (mosaic B2) 1 m to the northeast - ATU 1, 259 - 28.11.1929 - this was the first tablet recognized in the excavation finds as ""archaic"".; ",,," ",0,0,,,0,0,0,0,,
742,,"ATU 5, pl. 003, W 6066,a",tablet,"Uruk IV (ca. 3350-3200 BC)","Uruk (mod. Warka)",,,,,,,"IM 025683",,,,,,,0,0,0,0,,,,,,"W 06066,a","Pd XVI,3","auf der in Verlängerung des 2. Traufplasters nach SW gehenden Mauer der Schicht III, 0.15 m über Traufpflasterhöhe",,,,,"National Museum of Iraq, Baghdad, Iraq",,,Administrative,undetermined,clay,"Englund1994ATU5; Falkenstein1936ATU1","primary; history","pl. 3, W 6066,a; 599","46x27x20 - Pd XVI,3, on the wall running southwestward in extension of the 2nd rain pavement and belonging to level III, 0.15 m above the rain pavement - ATU 1, 599 - 7.1.1930 - Uruk III - this Warka tablet, originally part of the VAM collection with the acces; ",,," ",0,0,,,0,0,0,0,,
744,,"ATU 5, pl. 003, W 6108",tablet,"Uruk IV (ca. 3350-3200 BC)","Uruk (mod. Warka)",,,,,,,"VAT 14760",,,,,,,0,0,0,0,42.0,15.0,28.0,,,"W 06108","Pe XVI,2","an dem Riemchenmauerwerk in Ascheschicht, 3,50 m unter Ur III-Bauten, 9 m östlich des Wasserbeckens",,,,,"Vorderasiatisches Museum, Berlin, Germany",,,Administrative,undetermined,clay,"Englund1994ATU5; Falkenstein1936ATU1","primary; history","pl. 3, W 6108; 61","42x28x15 - Pe XVI,2, against the Riemchen brickwork in ashlayer, 3.50 m below buildings of Ur III, 9 m east of the basin - ATU 1, 61 - 8.1.1930.; ",,," ",0,0,,,0,0,0,0,,
745,,"ATU 5, pl. 003, W 6110",tablet,"Uruk IV (ca. 3350-3200 BC)","Uruk (mod. Warka)",,,,,,,"VAT 14667",,,,,,,0,0,0,0,33.0,17.0,32.0,,,"W 06110","Pe XVI,2/3","in der Scherbenschicht unter der Abgleichung der Schicht III// t.a.q. IIIc",,,,,"Vorderasiatisches Museum, Berlin, Germany",,,Administrative,undetermined,clay,"Englund1994ATU5; Falkenstein1936ATU1","primary; history","pl. 3, W 6110; 112","33x32x17 - Pe XVI,2/3, in the layer of sherds below the leveling of level III - ATU 1, 112 - 8.1.1930.; ",,," ",0,0,,,0,0,0,0,,
747,,"ATU 5, pl. 003, W 6115",tablet,"Uruk IV (ca. 3350-3200 BC)","Uruk (mod. Warka)",,,,,,,"VAT 15126",,,,,,,0,0,0,0,16.0,17.0,38.0,,,"W 06115","Pe XVI,2/3","unter der Abgleichung der Schicht III// t.a.q. IIIc",,,,,"Vorderasiatisches Museum, Berlin, Germany",,,Administrative,undetermined,clay,"Englund1994ATU5; Falkenstein1936ATU1","primary; history","pl. 3, W 6115; 428","16x38x17 - Pe XVI,2/3, below the leveling of level III - ATU 1, 428 - 8.1.1930 - the ideogram may represent a combination of UDUa and MAÇ (sheep and goats).; ",,," ",0,0,,,0,0,0,0,,
748,,"ATU 5, pl. 003, W 6150",tablet,"Uruk IV (ca. 3350-3200 BC)","Uruk (mod. Warka)",,,,,,,"VAT 14822",,,,,,,0,0,0,0,53.0,18.0,40.0,,,"W 06150","Pd XVI,3","0,5 m unter der Abgleichung der Schicht III neben der Rillenwand der Schicht IV// t.a.q. IIIc",,,,,"Vorderasiatisches Museum, Berlin, Germany",,,Administrative,undetermined,clay,"Englund1994ATU5; Falkenstein1936ATU1","primary; history","pl. 3, W 6150; 212","53x40x18 - Pd XVI,3, 0.5 m below the leveling of level III against the niched wall of level IV - ATU 1, 212 - 10.1.1930 - the summation requires a reconstruction of obv. i1 to [1N1] ... .; ",,," ",0,0,,,0,0,0,0,,
749,,"ATU 5, pl. 003, W 6216,a",tablet,"Uruk IV (ca. 3350-3200 BC)","Uruk (mod. Warka)",,,,,,,"VAT 14870",,,,,,,0,0,0,0,56.0,25.0,44.0,,,"W 06216,a","Pe XVI,2","1 m unter der Abgleichung der Schicht III an der SO-Rillenwand der Schicht IV// t.a.q. IIIc",,,,,"Vorderasiatisches Museum, Berlin, Germany",,,Administrative,undetermined,clay,"Englund1994ATU5; Falkenstein1936ATU1","primary; history","pl. 3, W 6216,a; 245","56x44x25 - Pe XVI,2, 1 m below the leveling of level III against the southeastern niched wall of level IV - ATU 1, 245 - 11.1.1930 - the slight impressions within and before the ideogram on the tablet suggested to M. Green and A. Becker (ATU 2, 351) a correct; ",,," ",0,0,,,0,0,0,0,,
750,,"ATU 5, pl. 003, W 6216,b",tablet,"Uruk IV (ca. 3350-3200 BC)","Uruk (mod. Warka)",,,,,,,"VAT 15125",,,,,,,0,0,0,0,36.0,15.0,20.0,,,"W 06216,b","Pe XVI,2","1 m unter der Abgleichung der Schicht III an der SO-Rillenwand der Schicht IV// t.a.q. IIIc",,,,,"Vorderasiatisches Museum, Berlin, Germany",,,Administrative,undetermined,clay,"Englund1994ATU5; Falkenstein1936ATU1","primary; history","pl. 3, W 6216,b; 121","36x20x15 - same locus as W 6216,a - ATU 1, 121 - 11.1.1930.; ",,," ",0,0,,,0,0,0,0,,
751,,"ATU 5, pl. 004, W 6245,a",tablet,"Uruk IV (ca. 3350-3200 BC)","Uruk (mod. Warka)",,,,,,,"VAT 14885",,,,,,,0,0,0,0,52.0,13.0,42.0,,,"W 06245,a","Pe XVI,2","in der Scherbenschicht 0,6 m unter Abgleichung der Schicht III// t.a.q. IIIc",,,,,"Vorderasiatisches Museum, Berlin, Germany",,,Administrative,undetermined,clay,"Englund1994ATU5; Falkenstein1936ATU1","primary; history","pl. 4, W 6245,a; 296","52x42x13 - Pe XVI,2, in the layer of sherds 0.6 m below the leveling of level III - ATU 1, 296 - 13.1.1930 - note the inclusion of this ideographic tablet with numerical tablets of decidedly archaic form.; ",,," ",0,0,,,0,0,0,0,,
752,,"ATU 5, pl. 004, W 6245,b",tablet,"Uruk IV (ca. 3350-3200 BC)","Uruk (mod. Warka)",,,,,,,"VAT 15058",,,,,,,0,0,0,0,36.0,27.0,52.0,,,"W 06245,b","Pe XVI,2","in der Scherbenschicht 0,6 m unter Abgleichung der Schicht III// t.a.q. IIIc",,,,,"Vorderasiatisches Museum, Berlin, Germany",,,Administrative,undetermined,clay,"Englund1994ATU5; Falkenstein1936ATU1","primary; history","pl. 4, W 6245,b; 523","36x52x27 - same locus as W 6245,a - ATU 1, 523 - 13.1.1930.; ",,," ",0,0,,,0,0,0,0,,
756,,"ATU 5, pl. 005, W 6245,e",tablet,"Uruk IV (ca. 3350-3200 BC)","Uruk (mod. Warka)",,,,,,,"VAT 17850, a",,,,,,,0,0,0,0,33.0,22.0,13.0,,,"W 06245,e","Pe XVI,2","in der Scherbenschicht 0,6 m unter Abgleichung der Schicht III// t.a.q. IIIc",,,,,"Vorderasiatisches Museum, Berlin, Germany",,,Administrative,undetermined,clay,Englund1994ATU5,primary,"pl. 5, W 6245,e","33x13x22 - same locus as W 6245,a - 13.1.1930.",,," ",0,0,,,0,0,0,0,,
757,,"ATU 5, pl. 005, W 6252",tablet,"Uruk IV (ca. 3350-3200 BC)","Uruk (mod. Warka)",,,,,,,"VAT 14843",,,,,,,0,0,0,0,67.0,29.0,44.0,,,"W 06252","Pd XVI,3","50cm unter Pflaster, 80cm unter Wand-Schicht, 2m SW der Schicht I-Mauer// t.a.q. IIIc",,,,,"Vorderasiatisches Museum, Berlin, Germany",,,Administrative,undetermined,clay,"Englund1994ATU5; Falkenstein1936ATU1; sec867","primary; history; history","pl. 5, W 6252; 253; ","67x44x29 - Pd XVI,3, 0.5 m below pavement, 0.8 m below wall level, 2 m southwest of the level I wall - ATU 1, 253 - UVB 2, fig. 36 photo - 13.1.1930.; ; ",,," ",0,0,,,0,0,0,0,,
758,,"ATU 5, pl. 005, W 6284",tablet,"Uruk IV (ca. 3350-3200 BC)","Uruk (mod. Warka)",,,,,,,"VAT 14706",,,,,,,0,0,0,0,35.0,14.0,28.0,,,"W 06284","Pd XVI,3","N; unter der Abgleichung der Schicht III, 0,6 m unter der Ascheschicht// t.a.q. IIIc",,,,,"Vorderasiatisches Museum, Berlin, Germany",,,Administrative,undetermined,clay,"Englund1994ATU5; Falkenstein1936ATU1","primary; history","pl. 5, W 6284; 38","35x28x14 - Pd XVI,3, N - below the leveling of level III, 0.6 m below ashlayer - ATU 1, 38 - 14.1.1930.; ",,," ",0,0,,,0,0,0,0,,
761,,"ATU 5, pl. 005, W 6375,a",tablet,"Uruk IV (ca. 3350-3200 BC)","Uruk (mod. Warka)",,,,,,,"VAT 14848",,,,,,,0,0,0,0,77.0,34.0,54.0,,,"W 06375,a","Pd XVI,2","3,5 m unter oberer Wasserbeckentreppe, 1-2 m südöstlich davon zwischen zwei Ascheschichten",,,,,"Vorderasiatisches Museum, Berlin, Germany",,,Administrative,undetermined,clay,"Englund1994ATU5; Falkenstein1936ATU1","primary; history","pl. 5, W 6375,a; 272","77x54x34 - Pd XVI,2, 3.5 m below the upper stairs of the basin, 1-2 m southeast of it, between two ashlayers - ATU 1, 272 - 18.1.1930 - VAT number written above a stricken VAT 15448.; ",,," ",0,0,,,0,0,0,0,,
762,,"ATU 5, pl. 006, W 6375,b",tablet,"Uruk IV (ca. 3350-3200 BC)","Uruk (mod. Warka)",,,,,,,"VAT 14847",,,,,,,0,0,0,0,74.0,28.0,54.0,,,"W 06375,b","Pd XVI,2","3,5 m unter oberer Wasserbeckentreppe, 1-2 m südöstlich davon zwischen zwei Ascheschichten",,,,,"Vorderasiatisches Museum, Berlin, Germany",,,Administrative,undetermined,clay,"Englund1994ATU5; Falkenstein1936ATU1","primary; history","pl. 6, W 6375,b; 273","74x54x28 - same locus as W 6375,a - ATU 1, 273 - 18.1.1930.; ",,," ",0,0,,,0,0,0,0,,
763,,"ATU 5, pl. 006, W 6375,c",tablet,"Uruk IV (ca. 3350-3200 BC)","Uruk (mod. Warka)",,,,,,,"VAT 15005",,,,,,,0,0,0,0,64.0,24.0,45.0,,,"W 06375,c","Pd XVI,2","3,5 m unter oberer Wasserbeckentreppe, 1-2 m südöstlich davon zwischen zwei Ascheschichten",,,,,"Vorderasiatisches Museum, Berlin, Germany",,,Administrative,undetermined,clay,"Englund1994ATU5; Falkenstein1936ATU1","primary; history","pl. 6, W 6375,c; 338","64x45x24 - same locus as W 6375,a - ATU 1, 338 - 18.1.1930.; ",,," ",0,0,,,0,0,0,0,,
764,,"ATU 5, pl. 006, W 6375,d",tablet,"Uruk IV (ca. 3350-3200 BC)","Uruk (mod. Warka)",,,,,,,"VAT 14850",,,,,,,0,0,0,0,61.0,25.0,46.0,,,"W 06375,d","Pd XVI,2","3,5 m unter oberer Wasserbeckentreppe, 1-2 m südöstlich davon zwischen zwei Ascheschichten",,,,,"Vorderasiatisches Museum, Berlin, Germany",,,Administrative,undetermined,clay,"Englund1994ATU5; Falkenstein1936ATU1","primary; history","pl. 6, W 6375,d; 270","61x46x25 - same locus as W 6375,a - ATU 1, 270 - 18.1.1930.; ",,," ",0,0,,,0,0,0,0,,
765,,"ATU 5, pl. 007, W 6375,e",tablet,"Uruk IV (ca. 3350-3200 BC)","Uruk (mod. Warka)",,,,,,,"VAT 14854",,,,,,,0,0,0,0,56.0,33.0,51.0,,,"W 06375,e","Pd XVI,2","3,5 m unter oberer Wasserbeckentreppe, 1-2 m südöstlich davon zwischen zwei Ascheschichten",,,,,"Vorderasiatisches Museum, Berlin, Germany",,,Administrative,undetermined,clay,"Englund1994ATU5; Falkenstein1936ATU1","primary; history","pl. 7, W 6375,e; 363","56x51x33 - same locus as W 6375,a - ATU 1, 363 - 18.1.1930 - large sexagesimal notation (corresponding to 3750 discrete units) qualifying an object designated ÇE3, followed by an apparent grain (groat) notation - see P. Damerow and R. Englund, ATU 2, p. 128.; ",,," ",0,0,,,0,0,0,0,,
766,,"ATU 5, pl. 007, W 6375,f+",tablet,"Uruk IV (ca. 3350-3200 BC)","Uruk (mod. Warka)",,,,,,,"VAT 14865 + VAT 15080",,,,,,,0,0,0,0,83.0,30.0,57.0,,,"W 06375,f + W 06572,a","Pd XVI,2","3,5 m unter oberer Wasserbeckentreppe, 1-2 m südöstlich davon zwischen zwei Ascheschichten",,,,,"Vorderasiatisches Museum, Berlin, Germany",,,Administrative,undetermined,clay,"Englund1994ATU5; Falkenstein1936ATU1","primary; history","pl. 7, W 6375,f+; 262","83x57x30 - W 6375,f found at same locus as W 6375,a, W 6572,a in Pd XVI,3, northeast, below the ashlayer of level IV. - ATU 1, 262 - 18.1.1930 - W 6375,f is probably VAT 14865, W 6572,a is VAT 15080.; ",,," ",0,0,,,0,0,0,0,,
767,,"ATU 5, pl. 007, W 6375,g",tablet,"Uruk IV (ca. 3350-3200 BC)","Uruk (mod. Warka)",,,,,,,"VAT 14871",,,,,,,0,0,0,0,33.0,24.0,44.0,,,"W 06375,g","Pd XVI,2","3,5 m unter oberer Wasserbeckentreppe, 1-2 m südöstlich davon zwischen zwei Ascheschichten",,,,,"Vorderasiatisches Museum, Berlin, Germany",,,Administrative,undetermined,clay,"Englund1994ATU5; Falkenstein1936ATU1","primary; history","pl. 7, W 6375,g; 367","33x44x24 - same locus as W 6375,a - ATU 1, 367 - 18.1.1930.; ",,," ",0,0,,,0,0,0,0,,
768,,"ATU 5, pl. 007, W 6426,a",tablet,"Uruk IV (ca. 3350-3200 BC)","Uruk (mod. Warka)",,,,,,,"VAT 14890",,,,,,,0,0,0,0,81.0,34.0,57.0,,,"W 06426,a","Pd XVI,2","auf der Ascheschicht von Schicht III",,,,,"Vorderasiatisches Museum, Berlin, Germany",,,Administrative,undetermined,clay,"Englund1994ATU5; Falkenstein1936ATU1","primary; history","pl. 7, W 6426,a; 264","81x57x34 - Pd XVI,2, on the ashlayer of level III - ATU 1, 264 - 20.1.1930 - hole bored through lengthwise.; ",,," ",0,0,,,0,0,0,0,,
770,,"ATU 5, pl. 008, W 6502,a",tablet,"Uruk IV (ca. 3350-3200 BC)","Uruk (mod. Warka)",,,,,,,"VAT 14953",,,,,,,0,0,0,0,60.0,27.0,45.0,,,"W 06502,a","Pd XVI,2","3,5 m unter oberer Wasserbeckentreppe, 1-2 m südöstlich davon zwischen zwei Ascheschichten",,,,,"Vorderasiatisches Museum, Berlin, Germany",,,Administrative,undetermined,clay,"Englund1994ATU5; Falkenstein1936ATU1","primary; history","pl. 8, W 6502,a; 278","60x45x27 - same locus as W 6375,a - ATU 1, 278 - 22.1.1930.; ",,," ",0,0,,,0,0,0,0,,
771,,"ATU 5, pl. 008, W 6502,b",tablet,"Uruk IV (ca. 3350-3200 BC)","Uruk (mod. Warka)",,,,,,,"VAT 14988",,,,,,,0,0,0,0,50.0,24.0,35.0,,,"W 06502,b","Pd XVI,2","3,5 m unter oberer Wasserbeckentreppe, 1-2 m südöstlich davon zwischen zwei Ascheschichten",,,,,"Vorderasiatisches Museum, Berlin, Germany",,,Administrative,undetermined,clay,"Englund1994ATU5; Falkenstein1936ATU1","primary; history","pl. 8, W 6502,b; 70","50x35x24 - same locus as W 6375,a - ATU 1, 70 - 22.1.1930.; ",,," ",0,0,,,0,0,0,0,,
772,,"ATU 5, pl. 008, W 6502,c",tablet,"Uruk IV (ca. 3350-3200 BC)","Uruk (mod. Warka)",,,,,,,"VAT 14891",,,,,,,0,0,0,0,75.0,27.0,51.0,,,"W 06502,c","Pd XVI,2","3,5 m unter oberer Wasserbeckentreppe, 1-2 m südöstlich davon zwischen zwei Ascheschichten",,,,,"Vorderasiatisches Museum, Berlin, Germany",,,Administrative,undetermined,clay,"Englund1994ATU5; Falkenstein1936ATU1","primary; history","pl. 8, W 6502,c; 263","75x51x27 - same locus as W 6375,a - ATU 1, 263 - 22.1.1930.; ",,," ",0,0,,,0,0,0,0,,
773,,"ATU 5, pl. 008, W 6502,d",tablet,"Uruk IV (ca. 3350-3200 BC)","Uruk (mod. Warka)",,,,,,,"VAT 15256",,,,,,,0,0,0,0,55.0,24.0,42.0,,,"W 06502,d","Pd XVI,2","3,5 m unter oberer Wasserbeckentreppe, 1-2 m südöstlich davon zwischen zwei Ascheschichten",,,,,"Vorderasiatisches Museum, Berlin, Germany",,,Administrative,undetermined,clay,Englund1994ATU5,primary,"pl. 8, W 6502,d","55x42x24 - same locus as W 6375,a - 22.1.1930 - VAT number written above a stricken VAT 17790.",,," ",0,0,,,0,0,0,0,,
775,,"ATU 5, pl. 008, W 6502,f",tablet,"Uruk IV (ca. 3350-3200 BC)","Uruk (mod. Warka)",,,,,,,"VAT 14853",,,,,,,0,0,0,0,58.0,21.0,39.0,,,"W 06502,f","Pd XVI,2","3,5 m unter oberer Wasserbeckentreppe, 1-2 m südöstlich davon zwischen zwei Ascheschichten",,,,,"Vorderasiatisches Museum, Berlin, Germany",,,Administrative,undetermined,clay,"Englund1994ATU5; Falkenstein1936ATU1","primary; history","pl. 8, W 6502,f; 373","58x39x21 - same locus as W 6375,a - ATU 1, 373 - 22.1.1930.; ",,," ",0,0,,,0,0,0,0,,
776,,"ATU 5, pl. 009, W 6502,g",tablet,"Uruk IV (ca. 3350-3200 BC)","Uruk (mod. Warka)",,,,,,,"VAT 14869",,,,,,,0,0,0,0,67.0,23.0,53.0,,,"W 06502,g","Pd XVI,2","3,5 m unter oberer Wasserbeckentreppe, 1-2 m südöstlich davon zwischen zwei Ascheschichten",,,,,"Vorderasiatisches Museum, Berlin, Germany",,,Administrative,undetermined,clay,"Englund1994ATU5; Falkenstein1936ATU1; sec887","primary; history; history","pl. 9, W 6502,g; 260; ","67x53x23 - same locus as W 6375,a - ATU 1, 260 - UVB 2, fig. 38 photo - 22.1.1930.; ; ",,," ",0,0,,,0,0,0,0,,
779,,"ATU 5, pl. 009, W 6572,c",tablet,"Uruk IV (ca. 3350-3200 BC)","Uruk (mod. Warka)",,,,,,,"VAT 15086",,,,,,,0,0,0,0,44.0,30.0,50.0,,,"W 06572,c","Pd XVI,3","NO; unter der Ascheschicht der Schicht IV// t.a.q. IIIc",,,,,"Vorderasiatisches Museum, Berlin, Germany",,,Administrative,undetermined,clay,"Englund1994ATU5; Falkenstein1936ATU1","primary; history","pl. 9, W 6572,c; 370","44x50x30 - same locus as W 6375,a - ATU 1, 370 - 24.1.1930.; ",,," ",0,0,,,0,0,0,0,,
780,,"ATU 5, pl. 009, W 6572,d",tablet,"Uruk IV (ca. 3350-3200 BC)","Uruk (mod. Warka)",,,,,,,"VAT 15324",,,,,,,0,0,0,0,28.0,14.0,34.0,,,"W 06572,d","Pd XVI,3","NO; unter der Ascheschicht der Schicht IV// t.a.q. IIIc",,,,,"Vorderasiatisches Museum, Berlin, Germany",,,Administrative,undetermined,clay,"Englund1994ATU5; Falkenstein1936ATU1","primary; history","pl. 9, W 6572,d; 404","28x34x14 - same locus as W 6375,a - ATU 1, 404 - 24.1.1930.; ",,," ",0,0,,,0,0,0,0,,
781,,"ATU 5, pl. 009, W 6572,e",tablet,"Uruk IV (ca. 3350-3200 BC)","Uruk (mod. Warka)",,,,,,,"VAT 15271",,,,,,,0,0,0,0,32.0,17.0,25.0,,,"W 06572,e","Pd XVI,3","NO; unter der Ascheschicht der Schicht IV// t.a.q. IIIc",,,,,"Vorderasiatisches Museum, Berlin, Germany",,,Administrative,undetermined,clay,Englund1994ATU5,primary,"pl. 9, W 6572,e","32x25x17 - same locus as W 6375,a - 2,a+ - 24.1.1930.",,," ",0,0,,,0,0,0,0,,
782,,"ATU 5, pl. 009, W 6572,f",tablet,"Uruk IV (ca. 3350-3200 BC)","Uruk (mod. Warka)",,,,,,,"VAT 21358",,,,,,,0,0,0,0,34.0,19.0,23.0,,,"W 06572,f","Pd XVI,3","NO; unter der Ascheschicht der Schicht IV",,,,,"Vorderasiatisches Museum, Berlin, Germany",,,Administrative,undetermined,clay,Englund1994ATU5,primary,"pl. 9, W 6572,f","34x23x19 - same locus as W 6375,a - 24.1.1930.",,," ",0,0,,,0,0,0,0,,
785,,"ATU 5, pl. 010, W 6573,c",tablet,"Uruk IV (ca. 3350-3200 BC)","Uruk (mod. Warka)",,,,,,,"VAT 15326",,,,,,,0,0,0,0,17.0,10.0,19.0,,,"W 06573,c","Pd XVI,3","unter Ascheschicht, 1.15 m unter Abgleichung II /?/// t.a.q. II?",,,,,"Vorderasiatisches Museum, Berlin, Germany",,,Administrative,undetermined,clay,"Englund1994ATU5; Falkenstein1936ATU1","primary; history","pl. 10, W 6573,c; 603","17x19x10 - same locus as W 6573,a - ATU 1, 603 - 24.1.1930.; ",,," ",0,0,,,0,0,0,0,,
786,,"ATU 5, pl. 010, W 6584",tablet,"Uruk IV (ca. 3350-3200 BC)","Uruk (mod. Warka)",,,,,,,"VAT 15162",,,,,,,0,0,0,0,33.0,25.0,45.0,,,"W 06584","Pe XVI,2","SW; 0,6 m unter der Höhe der Traufpflaster der Schicht III// t.a.q. IIIc",,,,,"Vorderasiatisches Museum, Berlin, Germany",,,Administrative,undetermined,clay,"Englund1994ATU5; Falkenstein1936ATU1","primary; history","pl. 10, W 6584; 502","33x45x25 - Pe XVI,2, southwest - 0.6 m below the height of the rain pavements belonging to level III - ATU 1, 502 - 24.1.1930.; ",,," ",0,0,,,0,0,0,0,,
787,,"ATU 5, pl. 010, W 6601",tablet,"Uruk IV (ca. 3350-3200 BC)","Uruk (mod. Warka)",,,,,,,"VAT 14889",,,,,,,0,0,0,0,30.0,20.0,40.0,,,"W 06601","Pc XVI,3","Eanna Südost-Halde, aus dem Gebiet der archaischen Schichten",,,,,"Vorderasiatisches Museum, Berlin, Germany",,,Administrative,undetermined,clay,"Englund1994ATU5; Falkenstein1936ATU1","primary; history","pl. 10, W 6601; 500","30x40x20 - Pc XVI,3, Eanna southeastern debris-heap, from the area of the archaic levels - ATU 1, 500 - 25.1.1930.; ",,," ",0,0,,,0,0,0,0,,
789,,"ATU 5, pl. 010, W 6611",tablet,"Uruk IV (ca. 3350-3200 BC)","Uruk (mod. Warka)",,,,,,,"VAT 14738",,,,,,,0,0,0,0,34.0,14.0,32.0,,,"W 06611","Pd XVI,3","an der Rillenwand der Schicht IV, 0,4 m unter Ascheschicht// t.a.q. IIIc",,,,,"Vorderasiatisches Museum, Berlin, Germany",,,Administrative,undetermined,clay,"Englund1994ATU5; Falkenstein1936ATU1","primary; history","pl. 10, W 6611; 133","34x32x14 - Pd XVI,3, against the niched wall of level IV, 0.4 m below ashlayer - ATU 1, 133 - 25.1.1930 - a round tablet, pressed together with the scribes hand leaving a handprint on its obverse, contents possibly included in the account W 6738,c - note the c; ",,," ",0,0,,,0,0,0,0,,
790,,"ATU 5, pl. 010, W 6612,a",tablet,"Uruk IV (ca. 3350-3200 BC)","Uruk (mod. Warka)",,,,,,,"IM 025684",,,,,,,0,0,0,0,75.0,0.0,51.0,,,"W 06612,a","Pd XVI,3","unter Ascheschicht",,,,,"National Museum of Iraq, Baghdad, Iraq",,,Administrative,undetermined,clay,"Englund1994ATU5; Falkenstein1936ATU1","primary; history","pl. 10, W 6612,a; 261","75x51x? - Pd XVI,3, against the niched wall of level IV, 0.4 m below ashlayer - ATU 1, 261 - 25.1.1930 - this Warka tablet, originally part of the collection of the Vorderasiatisches Museum, Berlin, with the accession number VAT 14844, was, for unclear reason; ",,," ",0,0,,,0,0,0,0,,
791,,"ATU 5, pl. 011, W 6612,b",tablet,"Uruk IV (ca. 3350-3200 BC)","Uruk (mod. Warka)",,,,,,,"VAT 14852",,,,,,,0,0,0,0,65.0,24.0,47.0,,,"W 06612,b","Pd XVI,3","an der Rillenwand der Schicht IV, 0,4 m unter Ascheschicht// t.a.q. IIIc",,,,,"Vorderasiatisches Museum, Berlin, Germany",,,Administrative,undetermined,clay,"Englund1994ATU5; Falkenstein1936ATU1; Szarzyńska1970Uruk","primary; history; history","pl. 11, W 6612,b; 269; p. 13 obv. (c)","65x47x24 - same locus as W 6612,a - ATU 1, 269 - 25.1.1930.; ; ",,," ",0,0,,,0,0,0,0,,
792,,"ATU 5, pl. 011, W 6612,c",tablet,"Uruk IV (ca. 3350-3200 BC)","Uruk (mod. Warka)",,,,,,,"VAT 14919",,,,,,,0,0,0,0,56.0,28.0,25.0,,,"W 06612,c","Pd XVI,3","an der Rillenwand der Schicht IV, 0,4 m unter Ascheschicht// t.a.q. IIIc",,,,,"Vorderasiatisches Museum, Berlin, Germany",,,Administrative,undetermined,clay,"Englund1994ATU5; Falkenstein1936ATU1","primary; history","pl. 11, W 6612,c; 471","56x25x28 - same locus as W 6612,a - ATU 1, 471 - 25.1.1930.; ",,," ",0,0,,,0,0,0,0,,
802,,"ATU 5, pl. 012, W 6616",tablet,"Uruk IV (ca. 3350-3200 BC)","Uruk (mod. Warka)",,,,,,,"VAT 15119",,,,,,,0,0,0,0,39.0,24.0,47.0,,,"W 06616","Pe XVI,2","Schutt zwischen den beiden Asphaltpflastern// t.a.q. IIIc",,,,,"Vorderasiatisches Museum, Berlin, Germany",,,Administrative,undetermined,clay,Englund1994ATU5,primary,"pl. 12, W 6616","39x47x24 - Pe XVI,2, debris between the two asphalt pavements - 25.1.1930 - VAT number written above a stricken VAT 17795.",,," ",0,0,,,0,0,0,0,,
804,,"ATU 5, pl. 012, W 6705,a",tablet,"Uruk IV (ca. 3350-3200 BC)","Uruk (mod. Warka)",,,,,,,"VAT 14696",,,,,,,0,0,0,0,35.0,12.0,28.0,,,"W 06705,a","Pe XVI,3","O; in der Scherbenschicht an der Rillenwand der Schicht IV// t.a.q. IIIc",,,,,"Vorderasiatisches Museum, Berlin, Germany",,,Administrative,undetermined,clay,"Englund1994ATU5; Falkenstein1936ATU1","primary; history","pl. 12, W 6705,a; 110","35x28x12 - Pe XVI,3, O - in the layer of sherds against the niched wall of level IV - ATU 1, 110 - 28.1.1930.; ",,," ",0,0,,,0,0,0,0,,
805,,"ATU 5, pl. 012, W 6705,b",tablet,"Uruk IV (ca. 3350-3200 BC)","Uruk (mod. Warka)",,,,,,,"VAT 14875",,,,,,,0,0,0,0,30.0,13.0,35.0,,,"W 06705,b","Pe XVI,3","O; in der Scherbenschicht an der Rillenwand der Schicht IV// t.a.q. IIIc",,,,,"Vorderasiatisches Museum, Berlin, Germany",,,Administrative,undetermined,clay,"Englund1994ATU5; Falkenstein1936ATU1","primary; history","pl. 12, W 6705,b; 188","30x35x13 - same locus as W 6705,a - ATU 1, 188 - 28.1.1930.; ",,," ",0,0,,,0,0,0,0,,
806,,"ATU 5, pl. 012, W 6705,c",tablet,"Uruk IV (ca. 3350-3200 BC)","Uruk (mod. Warka)",,,,,,,"VAT 15079",,,,,,,0,0,0,0,41.0,24.0,35.0,,,"W 06705,c","Pe XVI,3","O, in der Scherbenschicht an der Rillenwand der Schicht IV// t.a.q. IIIc",,,,,"Vorderasiatisches Museum, Berlin, Germany",,,Administrative,undetermined,clay,"Englund1994ATU5; Falkenstein1936ATU1","primary; history","pl. 12, W 6705,c; 438","41x35x24 - same locus as W 6705,a - ATU 1, 438 - 28.1.1930 - note use of bisexagesimal system with sign possibly representing a type of fish (see. P. Damerow and R. Englund, ATU 2, p. 134).; ",,," ",0,0,,,0,0,0,0,,
807,,"ATU 5, pl. 012, W 6705,d",tablet,"Uruk IV (ca. 3350-3200 BC)","Uruk (mod. Warka)",,,,,,,"VAT 15123",,,,,,,0,0,0,0,32.0,19.0,23.0,,,"W 06705,d","Pe XVI,3","O; in der Scherbenschicht an der Rillenwand der Schicht IV// t.a.q. IIIc",,,,,"Vorderasiatisches Museum, Berlin, Germany",,,Administrative,undetermined,clay,"Englund1994ATU5; Falkenstein1936ATU1","primary; history","pl. 12, W 6705,d; 406","32x23x19 - same locus as W 6705,a - ATU 1, 406 - 28.1.1930 - lexical text?; ",,," ",0,0,,,0,0,0,0,,
808,,"ATU 5, pl. 012, W 6705,e",tablet,"Uruk IV (ca. 3350-3200 BC)","Uruk (mod. Warka)",,,,,,,"VAT 14868",,,,,,,0,0,0,0,33.0,23.0,53.0,,,"W 06705,e","Pe XVI,3","O; in der Scherbenschicht an der Rillenwand der Schicht IV// t.a.q. IIIc",,,,,"Vorderasiatisches Museum, Berlin, Germany",,,Administrative,undetermined,clay,"Englund1994ATU5; Falkenstein1936ATU1","primary; history","pl. 12, W 6705,e; 368","33x53x23 - same locus as W 6705,a - ATU 1, 368 - 28.1.1930.; ",,," ",0,0,,,0,0,0,0,,
809,,"ATU 5, pl. 013, W 6705,f",tablet,"Uruk IV (ca. 3350-3200 BC)","Uruk (mod. Warka)",,,,,,,"VAT 14888",,,,,,,0,0,0,0,46.0,35.0,48.0,,,"W 06705,f","Pe XVI,3","O; in der Scherbenschicht an der Rillenwand der Schicht IV// t.a.q. IIIc",,,,,"Vorderasiatisches Museum, Berlin, Germany",,,Administrative,undetermined,clay,"Englund1994ATU5; Falkenstein1936ATU1","primary; history","pl. 13, W 6705,f; 521","46x48x35 - same locus as W 6705,a - ATU 1, 521 - 28.1.1930.; ",,," ",0,0,,,0,0,0,0,,
811,,"ATU 5, pl. 013, W 6705,h",tablet,"Uruk IV (ca. 3350-3200 BC)","Uruk (mod. Warka)",,,,,,,"VAT 21373",,,,,,,0,0,0,0,26.0,24.0,19.0,,,"W 06705,h","Pe XVI,3","in der Scherbenschicht an der Rillenwand der Schicht IV// t.a.q. IIIc",,,,,"Vorderasiatisches Museum, Berlin, Germany",,,Administrative,undetermined,clay,Englund1994ATU5,primary,"pl. 13, W 6705,h","26x19x24 - same locus as W 6705,a - 28.1.1930 - numerical sign sequence seems unlikely, the first sign is not N34.",,," ",0,0,,,0,0,0,0,,
812,,"ATU 5, pl. 013, W 6708",tablet,"Uruk IV (ca. 3350-3200 BC)","Uruk (mod. Warka)",,,,,,,"VAT 14862",,,,,,,0,0,0,0,46.0,19.0,38.0,,,"W 06708","Qa XVI,2","2 m unter Lehmziegelkante der Schicht I (?)",,,,,"Vorderasiatisches Museum, Berlin, Germany",,,Administrative,undetermined,clay,"Englund1994ATU5; Falkenstein1936ATU1","primary; history","pl. 13, W 6708; 243","46x38x19 - Qa XVI,2, 2 m below mudbrick edge of level I (?) - ATU 1, 243 - 28.1.1930.; ",,," ",0,0,,,0,0,0,0,,
813,,"ATU 5, pl. 013, W 6710,a",tablet,"Uruk IV (ca. 3350-3200 BC)","Uruk (mod. Warka)",,,,,,,"VAT 14942",,,,,,,0,0,0,0,57.0,23.0,43.0,,,"W 06710,a","Pd XVI,3","in Schutt der Schicht IV// t.a.q. IIIc",,,,,"Vorderasiatisches Museum, Berlin, Germany",,,Administrative,undetermined,clay,"Englund1994ATU5; Falkenstein1936ATU1; sec910; sec911","primary; history; history; history","pl. 13, W 6710,a; 353; ; ","57x43x23 - Pd XVI,3, in debris of level IV - ATU 1, 353 - Frühe Schrift, p. 56, fig. 7c, no. 7.5 = Archaic Bookkeeping, p. 20, fig. 22 - 29.1.1930 - photo courtesy of VAM.; ; ; ",,," ",0,0,,,0,0,0,0,,
814,,"ATU 5, pl. 013, W 6710,b",tablet,"Uruk IV (ca. 3350-3200 BC)","Uruk (mod. Warka)",,,,,,,"VAT 15258",,,,,,,0,0,0,0,40.0,24.0,45.0,,,"W 06710,b","Pd XVI,3","in Schutt der Schicht IV// t.a.q. IIIc",,,,,"Vorderasiatisches Museum, Berlin, Germany",,,Administrative,undetermined,clay,Englund1994ATU5,primary,"pl. 13, W 6710,b","40x45x24 - same locus as W 6710,a - 29.1.1930 - VAT number written above a stricken VAT 17788.",,," ",0,0,,,0,0,0,0,,
815,,"ATU 5, pl. 013, W 6710,c",tablet,"Uruk IV (ca. 3350-3200 BC)","Uruk (mod. Warka)",,,,,,,"VAT 21342",,,,,,,0,0,0,0,58.0,28.0,23.0,,,"W 06710,c","Pd XVI,3","in Schutt der Schicht IV// t.a.q. IIIc",,,,,"Vorderasiatisches Museum, Berlin, Germany",,,Administrative,undetermined,clay,Englund1994ATU5,primary,"pl. 13, W 6710,c","58x23x28 - same locus as W 6710,a - 29.1.1930.",,," ",0,0,,,0,0,0,0,,
816,,"ATU 5, pl. 013, W 6710,d",tablet,"Uruk IV (ca. 3350-3200 BC)","Uruk (mod. Warka)",,,,,,,"VAT 15120",,,,,,,0,0,0,0,28.0,18.0,37.0,,,"W 06710,d","Pd XVI,3","in Schutt der Schicht IV// t.a.q. IIIc",,,,,"Vorderasiatisches Museum, Berlin, Germany",,,Administrative,undetermined,clay,"Englund1994ATU5; Falkenstein1936ATU1","primary; history","pl. 13, W 6710,d; 407","28x37x18 - same locus as W 6710,a - ATU 1, 407 - 29.1.1930.; ",,," ",0,0,,,0,0,0,0,,
817,,"ATU 5, pl. 013, W 6710,e",tablet,"Uruk IV (ca. 3350-3200 BC)","Uruk (mod. Warka)",,,,,,,"VAT 15001",,,,,,,0,0,0,0,65.0,18.0,41.0,,,"W 06710,e","Pd XVI,3","in Schutt der Schicht IV// t.a.q. IIIc",,,,,"Vorderasiatisches Museum, Berlin, Germany",,,Administrative,undetermined,clay,"Englund1994ATU5; Falkenstein1936ATU1","primary; history","pl. 13, W 6710,e; 300","65x41x18 - same locus as W 6710,a - ATU 1, 300 - 29.1.1930 - the summation on the reverse is unclear - hole caused by aggressive actions of a worm.; ",,," ",0,0,,,0,0,0,0,,
818,,"ATU 5, pl. 014, W 6711",tablet,"Uruk IV (ca. 3350-3200 BC)","Uruk (mod. Warka)",,,,,,,"VAT 15169",,,,,,,0,0,0,0,49.0,16.0,43.0,,,"W 06711","Pd XVI,3",Inventar,,,,,"Vorderasiatisches Museum, Berlin, Germany",,,Administrative,undetermined,clay,Englund1994ATU5,primary,"pl. 14, W 6711","49x43x16 - Pd XVI,3 - 29.1.1930 - only incised lines on tablet's surfaces - VAT number written above a stricken VAT 17806.",,," ",0,0,,,0,0,0,0,,
819,,"ATU 5, pl. 014, W 6737",tablet,"Uruk IV (ca. 3350-3200 BC)","Uruk (mod. Warka)",,,,,,S999999,"VA 13634",,,,,,,0,0,0,0,23.0,0.0,37.0,,,"W 06737","Pd XVI,3","unter der Schicht III",,,,,"Vorderasiatisches Museum, Berlin, Germany",,,Administrative,undetermined,clay,Englund1994ATU5,primary,"pl. 14, W 6737","23 (circumference) x 37 (length) - Pd XVI,3, below level III - 30.1.1930 - sealed tag with traces of hole left by string - compare the remarks to the text W 6705,g.",,," ",0,0,,,0,0,0,0,,
820,,"ATU 5, pl. 014, W 6738,a",tablet,"Uruk IV (ca. 3350-3200 BC)","Uruk (mod. Warka)",,,,,,,"VAT 14785",,,,,,,0,0,0,0,56.0,13.0,33.0,,,"W 06738,a","Pd XVI,3","unter der Ascheschicht in Schicht IV// t.a.q. IIIc",,,,,"Vorderasiatisches Museum, Berlin, Germany",,,Administrative,undetermined,clay,"Englund1994ATU5; Falkenstein1936ATU1; sec915; Szarzyńska1970Uruk; Veenhof1978spijkerschrift","primary; history; history; history; history","pl. 14, W 6738,a; 171; ; p. 11 obv. (c); p. 27","56x33x13 - Pd XVI,3, below the ashlayer of level IV - ATU 1, 171 - M. Lambert, Archéologia 12 (9-10.1966) 29 - 30.1.1930 - see ATU 1, p. 48.; ; ; ; copy obv.",,," ",0,0,,,0,0,0,0,,
821,,"ATU 5, pl. 014, W 6738,b",tablet,"Uruk IV (ca. 3350-3200 BC)","Uruk (mod. Warka)",,,,,,,"VAT 14742",,,,,,,0,0,0,0,44.0,12.0,31.0,,,"W 06738,b","Pd XVI,3","unter der Ascheschicht in Schicht IV// t.a.q. IIIc",,,,,"Vorderasiatisches Museum, Berlin, Germany",,,Administrative,undetermined,clay,"Englund1994ATU5; Falkenstein1936ATU1","primary; history","pl. 14, W 6738,b; 150","44x31x12 - same locus as W 6738,a - ATU 1, 150 - 30.1.1930 - see ATU 1, p. 23.; ",,," ",0,0,,,0,0,0,0,,
822,,"ATU 5, pl. 014, W 6738,c",tablet,"Uruk IV (ca. 3350-3200 BC)","Uruk (mod. Warka)",,,,,,,"IM 025685",,,,,,,0,0,0,0,40.0,15.0,31.0,,,"W 06738,c","Pd XVI,3","unter der Ascheschicht in Schicht IV",,,,,"National Museum of Iraq, Baghdad, Iraq",,,Administrative,undetermined,clay,"Englund1994ATU5; Falkenstein1936ATU1","primary; history","pl. 14, W 6738,c; 177","40x31x15 - same locus as W 6738,a - ATU 1, 177 - 30.1.1930 - account possibly including the text of W 6611 - tablet originally part of the VAM collection with the accession number VAT 14842, was, for unclear reasons, returned to the Iraq Museum on the 1st of J; ",,," ",0,0,,,0,0,0,0,,
823,,"ATU 5, pl. 014, W 6738,d",tablet,"Uruk IV (ca. 3350-3200 BC)","Uruk (mod. Warka)",,,,,,,"VAT 15167",,,,,,,0,0,0,0,18.0,17.0,36.0,,,"W 06738,d","Pd XVI,3","unter der Ascheschicht in Schicht IV// t.a.q. IIIc",,,,,"Vorderasiatisches Museum, Berlin, Germany",,,Administrative,undetermined,clay,"Englund1994ATU5; Falkenstein1936ATU1","primary; history","pl. 14, W 6738,d; 493","18x36x17 - same locus as W 6738,a - ATU 1, 493 - 30.1.1930.; ",,," ",0,0,,,0,0,0,0,,
824,,"ATU 5, pl. 014, W 6738,e",tablet,"Uruk IV (ca. 3350-3200 BC)","Uruk (mod. Warka)",,,,,,,"VAT 15118",,,,,,,0,0,0,0,37.0,22.0,40.0,,,"W 06738,e","Pd XVI,3","unter der Ascheschicht in Schicht IV",,,,,"Vorderasiatisches Museum, Berlin, Germany",,,Administrative,undetermined,clay,Englund1994ATU5,primary,"pl. 14, W 6738,e","37x40x22 - same locus as W 6738,a - 30.1.1930.",,," ",0,0,,,0,0,0,0,,
825,,"ATU 5, pl. 014, W 6738,f",tablet,"Uruk IV (ca. 3350-3200 BC)","Uruk (mod. Warka)",,,,,,,"VAT 21348",,,,,,,0,0,0,0,45.0,21.0,45.0,,,"W 06738,f","Pd XVI,3","unter der Ascheschicht in Schicht IV",,,,,"Vorderasiatisches Museum, Berlin, Germany",,,Administrative,undetermined,clay,Englund1994ATU5,primary,"pl. 14, W 6738,f","45x45x21 - same locus as W 6738,a - 30.1.1930 - apparent practice tablet with traces of signs.",,," ",0,0,,,0,0,0,0,,
826,,"ATU 5, pl. 014, W 6738,g",tablet,"Uruk IV (ca. 3350-3200 BC)","Uruk (mod. Warka)",,,,,,,"VAT 21365",,,,,,,0,0,0,0,21.0,23.0,38.0,,,"W 06738,g","Pd XVI,3","unter der Ascheschicht in Schicht IV",,,,,"Vorderasiatisches Museum, Berlin, Germany",,,Administrative,undetermined,clay,Englund1994ATU5,primary,"pl. 14, W 6738,g","21x38x23 - same locus as W 6738,a - 30.1.1930.",,," ",0,0,,,0,0,0,0,,
827,,"ATU 5, pl. 014, W 6738,h",tablet,"Uruk IV (ca. 3350-3200 BC)","Uruk (mod. Warka)",,,,,,,"VAT 21363",,,,,,,0,0,0,0,26.0,18.0,22.0,,,"W 06738,h","Pd XVI,3","unter der Ascheschicht in Schicht IV",,,,,"Vorderasiatisches Museum, Berlin, Germany",,,Administrative,undetermined,clay,Englund1994ATU5,primary,"pl. 14, W 6738,h","26x22x18 - same locus as W 6738,a - 30.1.1930.",,," ",0,0,,,0,0,0,0,,
829,,"ATU 5, pl. 015, W 6746",tablet,"Uruk IV (ca. 3350-3200 BC)","Uruk (mod. Warka)",,,,,,,"VAT 15127",,,,,,,0,0,0,0,31.0,23.0,28.0,,,"W 06746","Pb XVI,3","NO; Nordost-Seite des Wadi in Höhe der Rohtonschicht",,,,,"Vorderasiatisches Museum, Berlin, Germany",,,Administrative,undetermined,clay,"Englund1994ATU5; Falkenstein1936ATU1","primary; history","pl. 15, W 6746; 405","31x28x23 - Pb XVI,3, NE, northeastern side of the wadi in the height of the clay stratum - ATU 1, 405 - 31.1.1930.; ",,," ",0,0,,,0,0,0,0,,
830,,"ATU 5, pl. 015, W 6748,a",tablet,"Uruk IV (ca. 3350-3200 BC)","Uruk (mod. Warka)",,,,,,,"VAT 14835",,,,,,,0,0,0,0,34.0,15.0,26.0,,,"W 06748,a","Pd XVI,3","in der Scherbenschicht an Rillenwand der Schicht IV// t.a.q. IIIc",,,,,"Vorderasiatisches Museum, Berlin, Germany",,,Administrative,undetermined,clay,"Englund1994ATU5; Falkenstein1936ATU1","primary; history","pl. 15, W 6748,a; 88","34x26x15 - Pd XVI,3, in the layer of sherds against the niched wall belonging to level IV - ATU 1, 88 - 31.1.1930.; ",,," ",0,0,,,0,0,0,0,,
831,,"ATU 5, pl. 015, W 6748,b",tablet,"Uruk IV (ca. 3350-3200 BC)","Uruk (mod. Warka)",,,,,,,"VAT 14719",,,,,,,0,0,0,0,35.0,15.0,26.0,,,"W 06748,b","Pd XVI,3","in der Scherbenschicht an Rillenwand der Schicht IV// t.a.q. IIIc",,,,,"Vorderasiatisches Museum, Berlin, Germany",,,Administrative,undetermined,clay,"Englund1994ATU5; Falkenstein1936ATU1","primary; history","pl. 15, W 6748,b; 14","35x26x15 - same locus as W 6748,a - ATU 1, 14 - 31.1.1930.; ",,," ",0,0,,,0,0,0,0,,
834,,"ATU 5, pl. 015, W 6756,c",tablet,"Uruk IV (ca. 3350-3200 BC)","Uruk (mod. Warka)",,,,,,,"VAT 14846",,,,,,,0,0,0,0,67.0,25.0,45.0,,,"W 06756,c","Pe XVI,3","im Schutt der Schicht IV// t.a.q. IIIc",,,,,"Vorderasiatisches Museum, Berlin, Germany",,,Administrative,undetermined,clay,"Englund1994ATU5; Falkenstein1936ATU1","primary; history","pl. 15, W 6756,c; 292A","67x45x25 - Pe XVI,3, in the debris of level IV - ATU 1, 292a - 1.2.1930 - a parallel text is W 6984,a = ATU 1, 292b.; ",,," ",0,0,,,0,0,0,0,,
836,,"ATU 5, pl. 015, W 6760,a",tablet,"Uruk IV (ca. 3350-3200 BC)","Uruk (mod. Warka)",,,,,,,"VAT 14701",,,,,,,0,0,0,0,34.0,14.0,26.0,,,"W 06760,a","Pd XVI,3","O; 0,2 - 0,5 m unter der Höhe des 3. Traufpflasters der Schicht III// t.a.q. IIIc",,,,,"Vorderasiatisches Museum, Berlin, Germany",,,Administrative,undetermined,clay,"Englund1994ATU5; Falkenstein1936ATU1","primary; history","pl. 15, W 6760,a; 17","34x26x14 - Pd XVI,3, E, 0.2-0.5 m below the 3rd rain pavement of level III - ATU 1, 17 - 1.2.1930.; ",,," ",0,0,,,0,0,0,0,,
837,,"ATU 5, pl. 015, W 6760,b",tablet,"Uruk IV (ca. 3350-3200 BC)","Uruk (mod. Warka)",,,,,,,"VAT 15114",,,,,,,0,0,0,0,66.0,23.0,35.0,,,"W 06760,b","Pd XVI,3","O; 0,2 - 0,5 m unter der Höhe des 3. Traufpflasters der Schicht III// t.a.q. IIIc",,,,,"Vorderasiatisches Museum, Berlin, Germany",,,Administrative,undetermined,clay,"Englund1994ATU5; Falkenstein1936ATU1","primary; history","pl. 15, W 6760,b; 531","66x35x23 - same locus as W 6760,a - ATU 1, 531 - 1.2.1930.; ",,," ",0,0,,,0,0,0,0,,
838,,"ATU 5, pl. 015, W 6760,c",tablet,"Uruk IV (ca. 3350-3200 BC)","Uruk (mod. Warka)",,,,,,,"VAT 14920",,,,,,,0,0,0,0,60.0,20.0,32.0,,,"W 06760,c","Pd XVI,3","O; 0,2 - 0,5 m unter der Höhe des 3. Traufpflasters der Schicht III// t.a.q. IIIc",,,,,"Vorderasiatisches Museum, Berlin, Germany",,,Administrative,undetermined,clay,"Englund1994ATU5; Falkenstein1936ATU1","primary; history","pl. 15, W 6760,c; 384","60x32x20 - same locus as W 6760,a - ATU 1, 384 - 1.2.1930.; ",,," ",0,0,,,0,0,0,0,,
839,,"ATU 5, pl. 015, W 6760,d",tablet,"Uruk IV (ca. 3350-3200 BC)","Uruk (mod. Warka)",,,,,,,"VAT 15211",,,,,,,0,0,0,0,48.0,39.0,38.0,,,"W 06760,d","Pd XVI,3","O; 0,2 - 0,5 m unter der Höhe des 3. Traufpflasters der Schicht III// t.a.q. IIIc",,,,,"Vorderasiatisches Museum, Berlin, Germany",,,Administrative,undetermined,clay,"Englund1994ATU5; Falkenstein1936ATU1","primary; history","pl. 15, W 6760,d; 366","48x38x39 - same locus as W 6760,a - ATU 1, 366 - 1.2.1930.; ",,," ",0,0,,,0,0,0,0,,
840,,"ATU 5, pl. 016, W 6760,e",tablet,"Uruk IV (ca. 3350-3200 BC)","Uruk (mod. Warka)",,,,,,,"VAT 15178",,,,,,,0,0,0,0,24.0,14.0,42.0,,,"W 06760,e","Pd XVI,3","O; 0,2 - 0,5 m unter der Höhe des 3. Traufpflasters der Schicht III// t.a.q. IIIc",,,,,"Vorderasiatisches Museum, Berlin, Germany",,,Administrative,undetermined,clay,"Englund1994ATU5; Falkenstein1936ATU1","primary; history","pl. 16, W 6760,e; 536","24x42x14 - same locus as W 6760,a - ATU 1, 536 - 1.2.1930.; ",,," ",0,0,,,0,0,0,0,,
841,,"ATU 5, pl. 016, W 6760,f",tablet,"Uruk IV (ca. 3350-3200 BC)","Uruk (mod. Warka)",,,,,,S999999,"VAT 15362",,,,,,,0,0,0,0,42.0,26.0,22.0,,,"W 06760,f","Pd XVI,3","O; 0,2 - 0,5 m unter der Höhe des 3. Traufpflasters der Schicht III// t.a.q. IIIc",,,,,"Vorderasiatisches Museum, Berlin, Germany",,,Administrative,undetermined,clay,"Englund1994ATU5; Falkenstein1936ATU1","primary; history","pl. 16, W 6760,f; 564","42x22x26 - same locus as W 6760,a - ATU 1, 564 - 1.2.1930 - sealed tablet.; ",,," ",0,0,,,0,0,0,0,,
844,,"ATU 5, pl. 016, W 6786,d",tablet,"Uruk IV (ca. 3350-3200 BC)","Uruk (mod. Warka)",,,,,,,"VAT 15361",,,,,,,0,0,0,0,32.0,19.0,31.0,,,"W 06786,d","Pb XVI,3","an der aus zwei Schichten bestehenden Riemchenmauer der Schicht II unter dem Ur III-Zingel",,,,,"Vorderasiatisches Museum, Berlin, Germany",,,Administrative,undetermined,clay,"Englund1994ATU5; Falkenstein1936ATU1","primary; history","pl. 16, W 6786,d; 563","32x31x19 - Pb XVI,3, against the two-layer Riemchen wall of level II below the Ur III enclosure - ATU 1, 563 - 4.2.1930.; ",,," ",0,0,,,0,0,0,0,,
846,,"ATU 5, pl. 016, W 6820",tablet,"Uruk IV (ca. 3350-3200 BC)","Uruk (mod. Warka)",,,,,,,"VAT 15182",,,,,,,0,0,0,0,25.0,23.0,47.0,,,"W 06820","Pb XVI,3","an der aus zwei Schichten bestehjenden Riemchenmauer der Schicht II unter dem Ur III-Zingel",,,,,"Vorderasiatisches Museum, Berlin, Germany",,,Administrative,undetermined,clay,"Englund1994ATU5; Falkenstein1936ATU1","primary; history","pl. 16, W 6820; 555","25x47x23 - same locus as W 6786,d - ATU 1, 555 - 5.2.1930.; ",,," ",0,0,,,0,0,0,0,,
849,,"ATU 5, pl. 017, W 6855",tablet,"Uruk IV (ca. 3350-3200 BC)","Uruk (mod. Warka)",,,,,,,"VAT 15109",,,,,,,0,0,0,0,63.0,28.0,58.0,,,"W 06855","Pe XVI,2","an der Wand von Schicht II in Fußbodenhöhe unter Ur III-Raum",,,,,"Vorderasiatisches Museum, Berlin, Germany",,,Administrative,undetermined,clay,"Englund1994ATU5; Falkenstein1936ATU1","primary; history","pl. 17, W 6855; 480","63x58x28 - Pc XVI,2, against the wall of level II in height of the floor below Ur III room - ATU 1, 480 - 7.2.1930.; ",,," ",0,0,,,0,0,0,0,,
850,,"ATU 5, pl. 017, W 6860",tablet,"Uruk IV (ca. 3350-3200 BC)","Uruk (mod. Warka)",,,,,,,"VAT 15081",,,,,,,0,0,0,0,32.0,19.0,23.0,,,"W 06860","Pd XVI,3","in der Tür der Rillenwand der Schicht IV// t.a.q. IIIc",,,,,"Vorderasiatisches Museum, Berlin, Germany",,,Administrative,undetermined,clay,"Englund1994ATU5; Falkenstein1936ATU1","primary; history","pl. 17, W 6860; 412","32x23x19 - Pd XVI,3, in the door of the niched wall belonging to level IV - ATU 1, 412 - 7.2.1930.; ",,," ",0,0,,,0,0,0,0,,
853,,"ATU 5, pl. 017, W 6881,c+",tablet,"Uruk IV (ca. 3350-3200 BC)","Uruk (mod. Warka)",,,,,,S999999,"VAT 15370 + VAT 15373",,,,,,,0,0,0,0,54.0,20.0,50.0,,,"W 06881,c + W 06881,f","Pd XVI,3","an der nördlichen Kante der Rillenwand der Schicht IV, 1-2 m nordwestlich der Tür, z.T. in einem Lager in dem Mauerrücksprung 1,5 m nordwestlich der Tür// t.a.q. IIIc",,,,,"Vorderasiatisches Museum, Berlin, Germany",,,Administrative,undetermined,clay,"Englund1994ATU5; Falkenstein1936ATU1","primary; history","pl. 17, W 6881,c+; 567+570","54x50x20 - same locus as W 6881,b - ATU 1, 567+570 - 8.2.1930 - W 6881,c = VAT 15373 = ATU 1, 567 - W 6881,f = VAT 15370 = ATU 1,  570 - sealed ""numero-ideographic"" tablet, with two ideograms designating types of dried fruit -  see the remarks to W 6782,a - photo; ",,," ",0,0,,,0,0,0,0,,
854,,"ATU 5, pl. 017, W 6881,d",tablet,"Uruk IV (ca. 3350-3200 BC)","Uruk (mod. Warka)",,,,,,S999999,"VAT 15367",,,,"change to Uruk V ?, numero-ideographic",,,0,0,0,0,35.0,24.0,50.0,,,"W 06881,d","Pd XVI,3","an der nördlichen Kante der Rillenwand der Schicht IV, 1-2 m nordwestlich der Tür, z.T. in einem Lager in dem Mauerrücksprung 1,5 m nordwestlich der Tür// t.a.q. IIIc",,,,,"Vorderasiatisches Museum, Berlin, Germany",,,Administrative,undetermined,clay,"Englund1994ATU5; Englund1998OBO160/1; Falkenstein1936ATU1","primary; history; history","pl. 17, W 6881,d; p. 54 fig. 16; 568","35x50x24 - same locus as W 6881,b - ATU 1, 568 - 8.2.1930 - sealed ""numero-ideographic"" tablet, with an ideogram designating a type of beer,  see the remarks to W 6782,a.; copy; ",,," ",0,0,,,0,0,0,0,,
855,,"ATU 5, pl. 017, W 6881,e",tablet,"Uruk IV (ca. 3350-3200 BC)","Uruk (mod. Warka)",,,,,,S999999,"VAT 21359",,,,,,,0,0,0,0,33.0,19.0,41.0,,,"W 06881,e","Pd XVI,3","an der nördlichen Kante der Rillenwand der Schicht IV, 1-2 m nordwestlich der Tür, z.T. in einem Lager in dem Mauerrücksprung 1,5 m nordwestlich der Tür// t.a.q. IIIc",,,,,"Vorderasiatisches Museum, Berlin, Germany",,,Administrative,undetermined,clay,Englund1994ATU5,primary,"pl. 17, W 6881,e","33x41x19 - same locus as W 6881,b - 8.2.1930 - the numerical sign N34 on the upper edge of the sealed tablet might have been used ideographically, cf. the proto-Elamite examples MDP 17, 421, M(alyan)-1154, 1473 and 1476 (unpublished, courtesy M. Stolper).",,," ",0,0,,,0,0,0,0,,
857,,"ATU 5, pl. 018, W 6881,g",tablet,"Uruk IV (ca. 3350-3200 BC)","Uruk (mod. Warka)",,,,,,S999999,"VA 13629",,,,"change to Uruk V ?, numero-ideographic",,,0,0,0,0,39.0,18.0,21.0,,,"W 06881,g","Pd XVI,3","an der nördlichen Kante der Rillenwand der Schicht IV, 1-2 m nordwestlich der Tür, z.T. in einem Lager in dem Mauerrücksprung 1,5 m nordwestlich der Tür// t.a.q. IIIc",,,,,"Vorderasiatisches Museum, Berlin, Germany",,,Administrative,undetermined,clay,Englund1994ATU5,primary,"pl. 18, W 6881,g","39x21x18 - same locus as W 6881,b - 8.2.1930 - sealed tablet - photos courtesy of DAI-Baghdad.",,," ",0,0,,,0,0,0,0,,
858,,"ATU 5, pl. 018, W 6881,h1",tablet,"Uruk IV (ca. 3350-3200 BC)","Uruk (mod. Warka)",,,,,,,"VAT 15371",,,,,,,0,0,0,0,26.0,22.0,26.0,,,"W 06881,h1","Pd XVI,3","an der nördlichen Kante der Rillenwand der Schicht IV, 1-2 m nordwestlich der Tür, z.T. in einem Lager in dem Mauerrücksprung 1,5 m nordwestlich der Tür// t.a.q. IIIc",,,,,"Vorderasiatisches Museum, Berlin, Germany",,,Administrative,undetermined,clay,"Englund1994ATU5; Falkenstein1936ATU1","primary; history","pl. 18, W 6881,h1; 572","26x26x22 - same locus as W 6881,b - ATU 1, 572 - 8.2.1930 - sealed tablet.; ",,," ",0,0,,,0,0,0,0,,
859,,"ATU 5, pl. 018, W 6881,h2",tablet,"Uruk IV (ca. 3350-3200 BC)","Uruk (mod. Warka)",,,,,,,"VA 13629",,,,,,,0,0,0,0,19.0,15.0,28.0,,,"W 06881,h2","Pd XVI,3","an der nördlichen Kante der Rillenwand der Schicht IV, 1-2 m nordwestlich der Tür, z.T. in einem Lager in dem Mauerrücksprung 1,5 m nordwestlich der Tür// t.a.q. IIIc",,,,,"Vorderasiatisches Museum, Berlin, Germany",,,Administrative,undetermined,clay,Englund1994ATU5,primary,"pl. 18, W 6881,h2","19x28x15 - same locus as W 6881,b - 8.2.1930 - sealed tablet.",,," ",0,0,,,0,0,0,0,,
860,,"ATU 5, pl. 018, W 6881,i",tablet,"Uruk IV (ca. 3350-3200 BC)","Uruk (mod. Warka)",,,,,,,"VAT 21370",,,,,,,0,0,0,0,23.0,19.0,19.0,,,"W 06881,i","Pd XVI,3","an der nördlichen Kante der Rillenwand der Schicht IV, 1-2 m nordwestlich der Tür, z.T. in einem Lager in dem Mauerrücksprung 1,5 m nordwestlich der Tür// t.a.q. IIIc",,,,,"Vorderasiatisches Museum, Berlin, Germany",,,Administrative,undetermined,clay,Englund1994ATU5,primary,"pl. 18, W 6881,i","23x19x19 - same locus as W 6881,b - 8.2.1930.",,," ",0,0,,,0,0,0,0,,
861,,"ATU 5, pl. 018, W 6881,j",tablet,"Uruk IV (ca. 3350-3200 BC)","Uruk (mod. Warka)",,,,,,,"VAT 21371",,,,,,,0,0,0,0,25.0,20.0,20.0,,,"W 06881,j","Pd XVI,3","an der nördlichen Kante der Rillenwand der Schicht IV, 1-2 m nordwestlich der Tür, z.T. in einem Lager in dem Mauerrücksprung 1,5 m nordwestlich der Tür// t.a.q. IIIc",,,,,"Vorderasiatisches Museum, Berlin, Germany",,,Administrative,undetermined,clay,Englund1994ATU5,primary,"pl. 18, W 6881,j","25x20x20 - same locus as W 6881,b - 8.2.1930.",,," ",0,0,,,0,0,0,0,,
862,,"ATU 5, pl. 018, W 6881,k",tablet,"Uruk IV (ca. 3350-3200 BC)","Uruk (mod. Warka)",,,,,,,"VAT 15328",,,,,,,0,0,0,0,21.0,17.0,28.0,,,"W 06881,k","Pd XVI,3","an der nördlichen Kante der Rillenwand der Schicht IV, 1-2 m nordwestlich der Tür, z.T. in einem Lager in dem Mauerrücksprung 1,5 m nordwestlich der Tür// t.a.q. IIIc",,,,,"Vorderasiatisches Museum, Berlin, Germany",,,Administrative,undetermined,clay,Englund1994ATU5,primary,"pl. 18, W 6881,k","21x28x17 - same locus as W 6881,b - 8.2.1930 - VAT number written above a stricken VAT 17800.",,," ",0,0,,,0,0,0,0,,
863,,"ATU 5, pl. 018, W 6881,l",tablet,"Uruk IV (ca. 3350-3200 BC)","Uruk (mod. Warka)",,,,,,,"VAT 15322",,,,,,,0,0,0,0,23.0,22.0,22.0,,,"W 06881,l","Pd XVI,3","an der nördlichen Kante der Rillenwand der Schicht IV, 1-2 m nordwestlich der Tür, z.T. in einem Lager in dem Mauerrücksprung 1,5 m nordwestlich der Tür// t.a.q. IIIc",,,,,"Vorderasiatisches Museum, Berlin, Germany",,,Administrative,undetermined,clay,Englund1994ATU5,primary,"pl. 18, W 6881,l","23x22x22 - same locus as W 6881,b - 8.2.1930 - sealed tablet.",,," ",0,0,,,0,0,0,0,,
864,,"ATU 5, pl. 018, W 6881,m",tablet,"Uruk IV (ca. 3350-3200 BC)","Uruk (mod. Warka)",,,,,,S999999,"VA 13629",,,,,,,0,0,0,0,17.0,21.0,25.0,,,"W 06881,m","Pd XVI,3","an der nördlichen Kante der Rillenwand der Schicht IV, 1-2 m nordwestlich der Tür, z.T. in einem Lager in dem Mauerrücksprung 1,5 m nordwestlich der Tür// t.a.q. IIIc",,,,,"Vorderasiatisches Museum, Berlin, Germany",,,Administrative,undetermined,clay,Englund1994ATU5,primary,"pl. 18, W 6881,m","17x25x21 - same locus as W 6881,b - 8.2.1930 - sealed tablet.",,," ",0,0,,,0,0,0,0,,
865,,"ATU 5, pl. 018, W 6881,n",tablet,"Uruk IV (ca. 3350-3200 BC)","Uruk (mod. Warka)",,,,,,S999999,"VAT 15369",,,,,,,0,0,0,0,34.0,18.0,34.0,,,"W 06881,n","Pd XVI,3","an der nördlichen Kante der Rillenwand der Schicht IV, 1-2 m nordwestlich der Tür, z.T. in einem Lager in dem Mauerrücksprung 1,5 m nordwestlich der Tür// t.a.q. IIIc",,,,,"Vorderasiatisches Museum, Berlin, Germany",,,Administrative,undetermined,clay,"Englund1994ATU5; Falkenstein1936ATU1","primary; history","pl. 18, W 6881,n; 571","34x34x18 - same locus as W 6881,b - ATU 1, 571 - 8.2.1930 - sealed tablet.; ",,," ",0,0,,,0,0,0,0,,
866,,"ATU 5, pl. 018, W 6881,o1",tablet,"Uruk IV (ca. 3350-3200 BC)","Uruk (mod. Warka)",,,,,,,"VAT 15323",,,,,,,0,0,0,0,30.0,18.0,17.0,,,"W 06881,o1","Pd XVI,3","an der nördlichen Kante der Rillenwand der Schicht IV, 1-2 m nordwestlich der Tür, z.T. in einem Lager in dem Mauerrücksprung 1,5 m nordwestlich der Tür// t.a.q. IIIc",,,,,"Vorderasiatisches Museum, Berlin, Germany",,,Administrative,undetermined,clay,Englund1994ATU5,primary,"pl. 18, W 6881,o1","30x17x18 - same locus as W 6881,b - 8.2.1930.",,," ",0,0,,,0,0,0,0,,
867,,"ATU 5, pl. 018, W 6881,o2+",tablet,"Uruk IV (ca. 3350-3200 BC)","Uruk (mod. Warka)",,,,,,S999999,"VA 13629",,,,"change to Uruk V ?, numerical",,,0,0,0,0,55.0,25.0,35.0,,,"W 06881,o2 + W 06881,ab","Pd XVI,3","an der nördlichen Kante der Rillenwand der Schicht IV, 1-2 m nordwestlich der Tür, z.T. in einem Lager in dem Mauerrücksprung 1,5 m nordwestlich der Tür",,,,,"Vorderasiatisches Museum, Berlin, Germany",,,Administrative,undetermined,clay,"Englund1994ATU5; Englund1998OBO160/1","primary; history","pl. 18, W 6881,o2+; p. 54 fig. 16","105x35x25 - same locus as W 6881,b - 8.2.1930 - sealed ""numero-ideographic"" tablet, with two ideograms designating types of textile products - compare the remarks to W 6782,a and W 6881,b.; copy",,," ",0,0,,,0,0,0,0,,
881,,"ATU 5, pl. 019, W 6882,a",tablet,"Uruk IV (ca. 3350-3200 BC)","Uruk (mod. Warka)",,,,,,,"VAT 14949",,,,,,,0,0,0,0,62.0,25.0,53.0,,,"W 06882,a","Pd XVI,3","an der nördlichen Kante der Rillenwand der Schicht IV, 1-2 m nordwestlich der Tür, z.T. in einem Lager in dem Mauerrücksprung 1,5 m nordwestlich der Tür// t.a.q. IIIc",,,,,"Vorderasiatisches Museum, Berlin, Germany",,,Administrative,undetermined,clay,"Englund1994ATU5; Falkenstein1936ATU1","primary; history","pl. 19, W 6882,a; 280","62x53x25 - same locus as W 6881,b - ATU 1, 280 - 8.2.1930 - similarly irregular dividing lines in the texts W 6882,c-f and 7068,b.; ",,," ",0,0,,,0,0,0,0,,
882,,"ATU 5, pl. 019, W 6882,b1",tablet,"Uruk IV (ca. 3350-3200 BC)","Uruk (mod. Warka)",,,,,,,"VAT 14866",,,,,,,0,0,0,0,43.0,21.0,39.0,,,"W 06882,b1","Pd XVI,3","an der nördlichen Kante der Rillenwand der Schicht IV, 1-2 m nordwestlich der Tür, z.T. in einem Lager in dem Mauerrücksprung 1,5 m nordwestlich der Tür// t.a.q. IIIc",,,,,"Vorderasiatisches Museum, Berlin, Germany",,,Administrative,undetermined,clay,"Englund1994ATU5; Falkenstein1936ATU1","primary; history","pl. 19, W 6882,b1; 241","43x39x21 - same locus as W 6881,b - ATU 1, 241 - 8.2.1930.; ",,," ",0,0,,,0,0,0,0,,
883,,"ATU 5, pl. 019, W 6882,b2",tablet,"Uruk IV (ca. 3350-3200 BC)","Uruk (mod. Warka)",,,,,,,"VAT 15090",,,,,,,0,0,0,0,30.0,17.0,27.0,,,"W 06882,b2","Pd XVI,3","an der nördlichen Kante der Rillenwand der Schicht IV, 1-2 m nordwestlich der Tür, z.T. in einem Lager in dem Mauerrücksprung 1,5 m nordwestlich der Tür// t.a.q. IIIc",,,,,"Vorderasiatisches Museum, Berlin, Germany",,,Administrative,undetermined,clay,"Englund1994ATU5; Falkenstein1936ATU1","primary; history","pl. 19, W 6882,b2; 417","30x27x17 - same locus as W 6881,b - ATU 1, 417 - 8.2.1930 - the fragment is very possibly a part of the text W 6882,e+k.; ",,," ",0,0,,,0,0,0,0,,
884,,"ATU 5, pl. 019, W 6882,c",tablet,"Uruk IV (ca. 3350-3200 BC)","Uruk (mod. Warka)",,,,,,,"VAT 15088",,,,,,,0,0,0,0,54.0,23.0,48.0,,,"W 06882,c","Pd XVI,3","an der nördlichen Kante der Rillenwand der Schicht IV, 1-2 m nordwestlich der Tür, z.T. in einem Lager in dem Mauerrücksprung 1,5 m nordwestlich der Tür// t.a.q. IIIc",,,,,"Vorderasiatisches Museum, Berlin, Germany",,,Administrative,undetermined,clay,"Englund1994ATU5; Falkenstein1936ATU1","primary; history","pl. 19, W 6882,c; 265","54x48x23 - same locus as W 6881,b - ATU 1, 265 - 8.2.1930 - compare the remarks to W 6882,a.; ",,," ",0,0,,,0,0,0,0,,
885,,"ATU 5, pl. 019, W 6882,d",tablet,"Uruk IV (ca. 3350-3200 BC)","Uruk (mod. Warka)",,,,,,,"VAT 14863",,,,,,,0,0,0,0,43.0,28.0,32.0,,,"W 06882,d","Pd XVI,3","an der nördlichen Kante der Rillenwand der Schicht IV, 1-2 m nordwestlich der Tür, z.T. in einem Lager in dem Mauerrücksprung 1,5 m nordwestlich der Tür// t.a.q. IIIc",,,,,"Vorderasiatisches Museum, Berlin, Germany",,,Administrative,undetermined,clay,"Englund1994ATU5; Falkenstein1936ATU1","primary; history","pl. 19, W 6882,d; 418","43x32x28 - same locus as W 6881,b - ATU 1, 418 - 8.2.1930 - compare the remarks to W 6882,a and see ATU 1, p. 12, fn. 1.; ",,," ",0,0,,,0,0,0,0,,
886,,"ATU 5, pl. 019, W 6882,e+",tablet,"Uruk IV (ca. 3350-3200 BC)","Uruk (mod. Warka)",,,,,,,"VAT 15285",,,,,,,0,0,0,0,27.0,18.0,40.0,,,"W 06882,e + W 06882,k","Pd XVI,3","an der nördlichen Kante der Rillenwand der Schicht IV, 1-2 m nordwestlich der Tür, z.T. in einem Lager in dem Mauerrücksprung 1,5 m nordwestlich der Tür// t.a.q. IIIc",,,,,"Vorderasiatisches Museum, Berlin, Germany",,,Administrative,undetermined,clay,"Englund1994ATU5; Falkenstein1936ATU1","primary; history","pl. 19, W 6882,e+; 421","27x40x18 - same locus as W 6881,b - ATU 1, 421 - 8.2.1930 - compare the remarks to W 6882,a - join ""ohne Anschluß.""; ",,," ",0,0,,,0,0,0,0,,
887,,"ATU 5, pl. 020, W 6882,f",tablet,"Uruk IV (ca. 3350-3200 BC)","Uruk (mod. Warka)",,,,,,,"VAT 15350",,,,,,,0,0,0,0,24.0,21.0,40.0,,,"W 06882,f","Pd XVI,3","an der nördlichen Kante der Rillenwand der Schicht IV, 1-2 m nordwestlich der Tür, z.T. in einem Lager in dem Mauerrücksprung 1,5 m nordwestlich der Tür// t.a.q. IIIc",,,,,"Vorderasiatisches Museum, Berlin, Germany",,,Administrative,undetermined,clay,"Englund1994ATU5; Falkenstein1936ATU1","primary; history","pl. 20, W 6882,f; 419","24x40x21 - same locus as W 6881,b - ATU 1, 419 - 8.2.1930 - compare the remarks to W 6882,a and see ATU 1, p. 12, fn. 1.; ",,," ",0,0,,,0,0,0,0,,
888,,"ATU 5, pl. 020, W 6882,g",tablet,"Uruk IV (ca. 3350-3200 BC)","Uruk (mod. Warka)",,,,,,,"VAT 15286",,,,,,,0,0,0,0,28.0,17.0,25.0,,,"W 06882,g","Pd XVI,3","an der nördlichen Kante der Rillenwand der Schicht IV, 1-2 m nordwestlich der Tür, z.T. in einem Lager in dem Mauerrücksprung 1,5 m nordwestlich der Tür// t.a.q. IIIc",,,,,"Vorderasiatisches Museum, Berlin, Germany",,,Administrative,undetermined,clay,"Englund1994ATU5; Falkenstein1936ATU1","primary; history","pl. 20, W 6882,g; 416","28x25x17 - same locus as W 6881,b - ATU 1, 416 - 8.2.1930.; ",,," ",0,0,,,0,0,0,0,,
890,,"ATU 5, pl. 020, W 6882,i",tablet,"Uruk IV (ca. 3350-3200 BC)","Uruk (mod. Warka)",,,,,,,"VAT 15329",,,,,,,0,0,0,0,21.0,21.0,26.0,,,"W 06882,i","Pd XVI,3","an der nördlichen Kante der Rillenwand der Schicht IV, 1-2 m nordwestlich der Tür, z.T. in einem Lager in dem Mauerrücksprung 1,5 m nordwestlich der Tür// t.a.q. IIIc",,,,,"Vorderasiatisches Museum, Berlin, Germany",,,Administrative,undetermined,clay,"Englund1994ATU5; Falkenstein1936ATU1","primary; history","pl. 20, W 6882,i; 423","21x26x21 - same locus as W 6881,b - ATU 1, 423 - 8.2.1930.; ",,," ",0,0,,,0,0,0,0,,
892,,"ATU 5, pl. 020, W 6882,l",tablet,"Uruk IV (ca. 3350-3200 BC)","Uruk (mod. Warka)",,,,,,,"VAT 15301",,,,,,,0,0,0,0,29.0,18.0,20.0,,,"W 06882,l","Pd XVI,3","an der nördlichen Kante der Rillenwand der Schicht IV, 1-2 m nordwestlich der Tür, z.T. in einem Lager in dem Mauerrücksprung 1,5 m nordwestlich der Tür// t.a.q. IIIc",,,,,"Vorderasiatisches Museum, Berlin, Germany",,,Administrative,undetermined,clay,Englund1994ATU5,primary,"pl. 20, W 6882,l","29x20x18 - same locus as W 6881,b - 8.2.1930.",,," ",0,0,,,0,0,0,0,,
893,,"ATU 5, pl. 020, W 6882,x1",tablet,"Uruk IV (ca. 3350-3200 BC)","Uruk (mod. Warka)",,,,,,,"VAT 21283",,,,,,,0,0,0,0,21.0,20.0,19.0,,,"W 06882,x1","Pd XVI,3","an der nördlichen Kante der Rillenwand der Schicht IV, 1-2 m nordwestlich der Tür, z.T. in einem Lager in dem Mauerrücksprung 1,5 m nordwestlich der Tür",,,,,"Vorderasiatisches Museum, Berlin, Germany",,,Administrative,undetermined,clay,Englund1994ATU5,primary,"pl. 20, W 6882,x1","21x19x20 - same locus as W 6881,b - 8.2.1930.",,," ",0,0,,,0,0,0,0,,
894,,"ATU 5, pl. 020, W 6882,x2",tablet,"Uruk IV (ca. 3350-3200 BC)","Uruk (mod. Warka)",,,,,,,"VAT 21283",,,,,,,0,0,0,0,32.0,18.0,25.0,,,"W 06882,x2","Pd XVI,3","an der nördlichen Kante der Rillenwand der Schicht IV, 1-2 m nordwestlich der Tür, z.T. in einem Lager in dem Mauerrücksprung 1,5 m nordwestlich der Tür",,,,,"Vorderasiatisches Museum, Berlin, Germany",,,Administrative,undetermined,clay,Englund1994ATU5,primary,"pl. 20, W 6882,x2","32x25x18 - same locus as W 6881,b - 8.2.1930.",,," ",0,0,,,0,0,0,0,,
895,,"ATU 5, pl. 020, W 6882,x3",tablet,"Uruk IV (ca. 3350-3200 BC)","Uruk (mod. Warka)",,,,,,,"VAT 21283",,,,,,,0,0,0,0,12.0,19.0,21.0,,,"W 06882,x3","Pd XVI,3","an der nördlichen Kante der Rillenwand der Schicht IV, 1-2 m nordwestlich der Tür, z.T. in einem Lager in dem Mauerrücksprung 1,5 m nordwestlich der Tür",,,,,"Vorderasiatisches Museum, Berlin, Germany",,,Administrative,undetermined,clay,Englund1994ATU5,primary,"pl. 20, W 6882,x3","12x21x19 - same locus as W 6881,b - 8.2.1930.",,," ",0,0,,,0,0,0,0,,
896,,"ATU 5, pl. 020, W 6882,x4",tablet,"Uruk IV (ca. 3350-3200 BC)","Uruk (mod. Warka)",,,,,,,"VAT 21280",,,,,,,0,0,0,0,39.0,28.0,35.0,,,"W 06882,x4","Pd XVI,3","an der nördlichen Kante der Rillenwand der Schicht IV, 1-2 m nordwestlich der Tür, z.T. in einem Lager in dem Mauerrücksprung 1,5 m nordwestlich der Tür",,,,,"Vorderasiatisches Museum, Berlin, Germany",,,Administrative,undetermined,clay,Englund1994ATU5,primary,"pl. 20, W 6882,x4","39x35x28 - same locus as W 6881,b - 8.2.1930 - uninscribed fragment.",,," ",0,0,,,0,0,0,0,,
897,,"ATU 5, pl. 020, W 6882,x5",tablet,"Uruk IV (ca. 3350-3200 BC)","Uruk (mod. Warka)",,,,,,,"VAT 21281",,,,,,,0,0,0,0,22.0,17.0,26.0,,,"W 06882,x5","Pd XVI,3","an der nördlichen Kante der Rillenwand der Schicht IV, 1-2 m nordwestlich der Tür, z.T. in einem Lager in dem Mauerrücksprung 1,5 m nordwestlich der Tür",,,,,"Vorderasiatisches Museum, Berlin, Germany",,,Administrative,undetermined,clay,Englund1994ATU5,primary,"pl. 20, W 6882,x5","22x26x17 - same locus as W 6881,b - 8.2.1930.",,," ",0,0,,,0,0,0,0,,
898,,"ATU 5, pl. 020, W 6882,x6",tablet,"Uruk IV (ca. 3350-3200 BC)","Uruk (mod. Warka)",,,,,,,"VAT 21282",,,,,,,0,0,0,0,32.0,18.0,25.0,,,"W 06882,x6","Pd XVI,3","an der nördlichen Kante der Rillenwand der Schicht IV, 1-2 m nordwestlich der Tür, z.T. in einem Lager in dem Mauerrücksprung 1,5 m nordwestlich der Tür",,,,,"Vorderasiatisches Museum, Berlin, Germany",,,Administrative,undetermined,clay,Englund1994ATU5,primary,"pl. 20, W 6882,x6","32x25x18 - same locus as W 6881,b - 8.2.1930 - fragment.",,," ",0,0,,,0,0,0,0,,
900,,"ATU 5, pl. 020, W 6883,b",tablet,"Uruk IV (ca. 3350-3200 BC)","Uruk (mod. Warka)",,,,,,S999999,"VA 13630",,,,,,,0,0,0,0,45.0,20.0,43.0,,,"W 06883,b","Pd XVI,3","an der nördlichen Kante der Rillenwand der Schicht IV, 1-2 m nordwestlich der Tür, z.T. in einem Lager in dem Mauerrücksprung 1,5 m nordwestlich der Tür",,,,,"Vorderasiatisches Museum, Berlin, Germany",,,Administrative,undetermined,clay,Englund1994ATU5,primary,"pl. 20, W 6883,b","45x43x20 - same locus as W 6881,b - 8.2.1930 - sealed ""numero-ideographic"" tablet, with an ideogram designating a type of textile product - dividing line drawn with the shaft of a stylus - cf. W 6782,a.",,," ",0,0,,,0,0,0,0,,
903,,"ATU 5, pl. 021, W 6883,h",tablet,"Uruk IV (ca. 3350-3200 BC)","Uruk (mod. Warka)",,,,,,S999999,"VA 13630",,,,,,,0,0,0,0,37.0,18.0,29.0,,,"W 06883,h","Pd XVI,3","an der nördlichen Kante der Rillenwand der Schicht IV, 1-2 m nordwestlich der Tür, z.T. in einem Lager in dem Mauerrücksprung 1,5 m nordwestlich der Tür",,,,,"Vorderasiatisches Museum, Berlin, Germany",,,Administrative,undetermined,clay,Englund1994ATU5,primary,"pl. 21, W 6883,h","37x29x18 - same locus as W 6881,b - 8.2.1930 - ""numero-ideographic"" tablet, ideogram designating a type of textile product - cf. W 6782,a.",,," ",0,0,,,0,0,0,0,,
907,,"ATU 5, pl. 021, W 6883,n",tablet,"Uruk IV (ca. 3350-3200 BC)","Uruk (mod. Warka)",,,,,,S999999,"VA 13630",,,,,,,0,0,0,0,21.0,17.0,21.0,,,"W 06883,n","Pd XVI,3","an der nördlichen Kante der Rillenwand der Schicht IV, 1-2 m nordwestlich der Tür, z.T. in einem Lager in dem Mauerrücksprung 1,5 m nordwestlich der Tür",,,,,"Vorderasiatisches Museum, Berlin, Germany",,,Administrative,undetermined,clay,Englund1994ATU5,primary,"pl. 21, W 6883,n","21x21x17 - same locus as W 6881,b - 8.2.1930 - sealed fragment, no traces of signs preserved.",,," ",0,0,,,0,0,0,0,,
908,,"ATU 5, pl. 021, W 6883,o1",tablet,"Uruk IV (ca. 3350-3200 BC)","Uruk (mod. Warka)",,,,,,S999999,"VA 13630",,,,,,,0,0,0,0,15.0,19.0,18.0,,,"W 06883,o1","Pd XVI,3","an der nördlichen Kante der Rillenwand der Schicht IV, 1-2 m nordwestlich der Tür, z.T. in einem Lager in dem Mauerrücksprung 1,5 m nordwestlich der Tür",,,,,"Vorderasiatisches Museum, Berlin, Germany",,,Administrative,undetermined,clay,Englund1994ATU5,primary,"pl. 21, W 6883,o1","15x18x19 - same locus as W 6881,b - 8.2.1930 - sealed fragment, no traces of signs preserved.",,," ",0,0,,,0,0,0,0,,
909,,"ATU 5, pl. 021, W 6883,o2",tablet,"Uruk IV (ca. 3350-3200 BC)","Uruk (mod. Warka)",,,,,,S999999,"VA 13630",,,,,,,0,0,0,0,22.0,21.0,19.0,,,"W 06883,o2","Pd XVI,3","an der nördlichen Kante der Rillenwand der Schicht IV, 1-2 m nordwestlich der Tür, z.T. in einem Lager in dem Mauerrücksprung 1,5 m nordwestlich der Tür",,,,,"Vorderasiatisches Museum, Berlin, Germany",,,Administrative,undetermined,clay,Englund1994ATU5,primary,"pl. 21, W 6883,o2","22x19x21 - same locus as W 6881,b - 8.2.1930 - sealed fragment.",,," ",0,0,,,0,0,0,0,,
910,,"ATU 5, pl. 021, W 6883,r",tablet,"Uruk IV (ca. 3350-3200 BC)","Uruk (mod. Warka)",,,,,,S999999,"VA 13630",,,,,,,0,0,0,0,31.0,18.0,20.0,,,"W 06883,r","Pd XVI,3","an der nördlichen Kante der Rillenwand der Schicht IV, 1-2 m nordwestlich der Tür, z.T. in einem Lager in dem Mauerrücksprung 1,5 m nordwestlich der Tür",,,,,"Vorderasiatisches Museum, Berlin, Germany",,,Administrative,undetermined,clay,Englund1994ATU5,primary,"pl. 21, W 6883,r","31x20x18 - same locus as W 6881,b - 8.2.1930 - sealed fragment, no traces of signs preserved.",,," ",0,0,,,0,0,0,0,,
916,,"ATU 5, pl. 022, W 6883,aa",tablet,"Uruk IV (ca. 3350-3200 BC)","Uruk (mod. Warka)",,,,,,S999999,"VAT 21385",,,,,,,0,0,0,0,15.0,20.0,10.0,,,"W 06883,aa","Pd XVI,3","an der nördlichen Kante der Rillenwand der Schicht IV, 1-2 m nordwestlich der Tür, z.T. in einem Lager in dem Mauerrücksprung 1,5 m nordwestlich der Tür",,,,,"Vorderasiatisches Museum, Berlin, Germany",,,Administrative,undetermined,clay,Englund1994ATU5,primary,"pl. 22, W 6883,aa","15x10x20 - same locus as W 6881,b - 8.2.1930 - sealed tablet - excavation number written after 1945 on surface is unclear, possibly "",as"", assigned here preliminarily to "",aa"".",,," ",0,0,,,0,0,0,0,,
917,,"ATU 5, pl. 022, W 6883,ab",tablet,"Uruk IV (ca. 3350-3200 BC)","Uruk (mod. Warka)",,,,,,S999999,"VAT 21411",,,,,,,0,0,0,0,13.0,7.0,15.0,,,"W 06883,ab","Pd XVI,3","an der nördlichen Kante der Rillenwand der Schicht IV, 1-2 m nordwestlich der Tür, z.T. in einem Lager in dem Mauerrücksprung 1,5 m nordwestlich der Tür",,,,,"Vorderasiatisches Museum, Berlin, Germany",,,Administrative,undetermined,clay,Englund1994ATU5,primary,"pl. 22, W 6883,ab","13x15x7 - same locus as W 6881,b - 8.2.1930 - sealed tablet - excavation number written after 1945 on surface is "",bb"", certainly incorrect - assigned here preliminarily to "",ab"".",,," ",0,0,,,0,0,0,0,,
911,,"ATU 5, pl. 022, W 6883,s",tablet,"Uruk IV (ca. 3350-3200 BC)","Uruk (mod. Warka)",,,,,,S999999,"VA 13630",,,,,,,0,0,0,0,24.0,20.0,24.0,,,"W 06883,s","Pd XVI,3","an der nördlichen Kante der Rillenwand der Schicht IV, 1-2 m nordwestlich der Tür, z.T. in einem Lager in dem Mauerrücksprung 1,5 m nordwestlich der Tür",,,,,"Vorderasiatisches Museum, Berlin, Germany",,,Administrative,undetermined,clay,Englund1994ATU5,primary,"pl. 22, W 6883,s","24x24x20 - same locus as W 6881,b - 8.2.1930 - sealed fragment.",,," ",0,0,,,0,0,0,0,,
912,,"ATU 5, pl. 022, W 6883,t1",tablet,"Uruk IV (ca. 3350-3200 BC)","Uruk (mod. Warka)",,,,,,S999999,"VA 13630",,,,,,,0,0,0,0,21.0,15.0,15.0,,,"W 06883,t1","Pd XVI,3","an der nördlichen Kante der Rillenwand der Schicht IV, 1-2 m nordwestlich der Tür, z.T. in einem Lager in dem Mauerrücksprung 1,5 m nordwestlich der Tür",,,,,"Vorderasiatisches Museum, Berlin, Germany",,,Administrative,undetermined,clay,Englund1994ATU5,primary,"pl. 22, W 6883,t1","21x15x15 - same locus as W 6881,b - 8.2.1930 - sealed fragment, no traces of signs preserved.",,," ",0,0,,,0,0,0,0,,
914,,"ATU 5, pl. 022, W 6883,v",tablet,"Uruk IV (ca. 3350-3200 BC)","Uruk (mod. Warka)",,,,,,S999999,"VAT 21402",,,,,,,0,0,0,0,14.0,14.0,21.0,,,"W 06883,v","Pd XVI,3","an der nördlichen Kante der Rillenwand der Schicht IV, 1-2 m nordwestlich der Tür, z.T. in einem Lager in dem Mauerrücksprung 1,5 m nordwestlich der Tür",,,,,"Vorderasiatisches Museum, Berlin, Germany",,,Administrative,undetermined,clay,Englund1994ATU5,primary,"pl. 22, W 6883,v","14x21x14 - same locus as W 6881,b - 8.2.1930 - sealed fragment.",,," ",0,0,,,0,0,0,0,,
915,,"ATU 5, pl. 022, W 6883,y",tablet,"Uruk IV (ca. 3350-3200 BC)","Uruk (mod. Warka)",,,,,,S999999,"VA 13630",,,,,,,0,0,0,0,17.0,17.0,17.0,,,"W 06883,y","Pd XVI,3","an der nördlichen Kante der Rillenwand der Schicht IV, 1-2 m nordwestlich der Tür, z.T. in einem Lager in dem Mauerrücksprung 1,5 m nordwestlich der Tür",,,,,"Vorderasiatisches Museum, Berlin, Germany",,,Administrative,undetermined,clay,Englund1994ATU5,primary,"pl. 22, W 6883,y","17x17x17 - same locus as W 6881,b - 8.2.1930 - sealed fragment.",,," ",0,0,,,0,0,0,0,,
919,,"ATU 5, pl. 022, W 6884",tablet,"Uruk IV (ca. 3350-3200 BC)","Uruk (mod. Warka)",,,,,,,"VAT 17842",,,,,,,0,0,0,0,42.0,16.0,30.0,,,"W 06884","Pd XVI,3","an der nördlichen Kante der Rillenwand in der Scherbenschicht 1-2 m nordwestlich der Tür, z.T. in einem Lager in dem Mauerrücksprung 1,5 m nordwestlich der Tür// t.a.q. IIIc",,,,,"Vorderasiatisches Museum, Berlin, Germany",,,Administrative,undetermined,clay,Englund1994ATU5,primary,"pl. 22, W 6884","42x30x16 - same locus as W 6881,b - 8.2.1930 - tablet with impressions of thumbnail on all surfaces.",,," ",0,0,,,0,0,0,0,,
920,,"ATU 5, pl. 022, W 6940,a",tablet,"Uruk IV (ca. 3350-3200 BC)","Uruk (mod. Warka)",,,,,,,"VAT 15248",,,,,,,0,0,0,0,59.0,29.0,62.0,,,"W 06940,a","Pd XVI,3","0,1 m unter Oberkante des 3. Traufpflasters der Schicht III// t.a.q. IIIc",,,,,"Vorderasiatisches Museum, Berlin, Germany",,,Administrative,undetermined,clay,"Englund1994ATU5; Falkenstein1936ATU1","primary; history","pl. 22, W 6940,a; 549","59x62x29 - Pd XVI,3, 0.1 m below the upper edge of the 3rd rain pavement belonging to level III - ATU 1, 549 - 10.2.1930 - tablet rotated around vertical  axis.; ",,," ",0,0,,,0,0,0,0,,
921,,"ATU 5, pl. 022, W 6940,b",tablet,"Uruk IV (ca. 3350-3200 BC)","Uruk (mod. Warka)",,,,,,,"VAT 15257",,,,,,,0,0,0,0,42.0,22.0,37.0,,,"W 06940,b","Pd XVI,3","0,1 m unter Oberkante des 3. Traufpflasters der Schicht III// t.a.q. IIIc",,,,,"Vorderasiatisches Museum, Berlin, Germany",,,Administrative,undetermined,clay,"Englund1994ATU5; Falkenstein1936ATU1","primary; history","pl. 22, W 6940,b; 377","42x37x22 - same locus as W 6940,a - ATU 1, 377 - 10.2.1930 - see P. Damerow and R. Englund, ATU 2, p. 138.; ",,," ",0,0,,,0,0,0,0,,
922,,"ATU 5, pl. 023, W 6940,c",tablet,"Uruk IV (ca. 3350-3200 BC)","Uruk (mod. Warka)",,,,,,,"VAT 15294",,,,,,,0,0,0,0,42.0,15.0,36.0,,,"W 06940,c","Pd XVI,3","0,1 m unter Oberkante des 3. Traufpflasters der Schicht III// t.a.q. IIIc",,,,,"Vorderasiatisches Museum, Berlin, Germany",,,Administrative,undetermined,clay,Englund1994ATU5,primary,"pl. 23, W 6940,c","42x36x15 - same locus as W 6940,a - 10.2.1930 - ""waster"".",,," ",0,0,,,0,0,0,0,,
924,,"ATU 5, pl. 023, W 6966,b",tablet,"Uruk IV (ca. 3350-3200 BC)","Uruk (mod. Warka)",,,,,,,"VAT 14908",,,,,,,0,0,0,0,57.0,31.0,66.0,,,"W 06966,b","Pd XVI,3","Schicht IV",,,,,"Vorderasiatisches Museum, Berlin, Germany",,,Administrative,undetermined,clay,"Englund1994ATU5; Falkenstein1936ATU1","primary; history","pl. 23, W 6966,b; 361","57x66x31 - Pd XVI,3, level IV - ATU 1, 361 - 11.2.1930.; ",,," ",0,0,,,0,0,0,0,,
925,,"ATU 5, pl. 023, W 6984,a",tablet,"Uruk IV (ca. 3350-3200 BC)","Uruk (mod. Warka)",,,,,,,"VAT 14845",,,,,,,0,0,0,0,64.0,23.0,43.0,,,"W 06984,a","Pd/e XVI,3","0,5 m unter der Höhe des Traufpflasters der Schicht III// t.a.q. IIIc",,,,,"Vorderasiatisches Museum, Berlin, Germany",,,Administrative,undetermined,clay,"Englund1994ATU5; Falkenstein1936ATU1","primary; history","pl. 23, W 6984,a; 292B","64x43x23 - Pd/e XVI,3, 0.5 m below the height of the rain pavement belonging to level III - ATU 1, 292b - 12.2.1930 - a parallel text probably found nearby is W 6756,c = ATU 1, 292a.; ",,," ",0,0,,,0,0,0,0,,
926,,"ATU 5, pl. 023, W 6984,b",tablet,"Uruk IV (ca. 3350-3200 BC)","Uruk (mod. Warka)",,,,,,,"VAT 14950",,,,,,,0,0,0,0,65.0,25.0,46.0,,,"W 06984,b","Pd/e XVI,3","im Schutt der Schicht IV// t.a.q. IIIc",,,,,"Vorderasiatisches Museum, Berlin, Germany",,,Administrative,undetermined,clay,"Englund1994ATU5; Falkenstein1936ATU1","primary; history","pl. 23, W 6984,b; 279","65x46x25 - Pd/e XVI,3, in the debris of level IV - ATU 1, 279 - 12.2.1930.; ",,," ",0,0,,,0,0,0,0,,
928,,"ATU 5, pl. 023, W 7024",tablet,"Uruk IV (ca. 3350-3200 BC)","Uruk (mod. Warka)",,,,,,,"VAT 15014",,,,,,,0,0,0,0,63.0,19.0,44.0,,,"W 07024","Pd XVI,3","im Schutt der Schicht IV// t.a.q. IIIc",,,,,"Vorderasiatisches Museum, Berlin, Germany",,,Administrative,undetermined,clay,"Englund1994ATU5; Falkenstein1936ATU1","primary; history","pl. 23, W 7024; 324","63x44x19 - Pd XVI,3, in the debris of level IV - ATU 1, 324 - 14.2.1930 - the first notation of the reverse apparently represents the total of the entries on the obverse (thus i 1 to be reconstructed as ¿7N1• [ÇU2] EÇDA), followed by further independent entri; ",,," ",0,0,,,0,0,0,0,,
931,,"ATU 5, pl. 024, W 7067,b",tablet,"Uruk IV (ca. 3350-3200 BC)","Uruk (mod. Warka)",,,,,,S999999,"VA 13625",,,,,,,0,0,0,0,32.0,25.0,44.0,,,"W 07067,b","Pe XVI,3","südlich der Rillenmauer deer Schicht IV// t.a.q. IIIc",,,,,"Vorderasiatisches Museum, Berlin, Germany",,,Administrative,undetermined,clay,Englund1994ATU5,primary,"pl. 24, W 7067,b","32x44x25 - same locus as W 7067,a+ - 17.2.1930 - sealed ""numero-ideographic"" tablet, with an ideogram designating a type of beer - see the remarks to W 6782,a.",,," ",0,0,,,0,0,0,0,,
933,,"ATU 5, pl. 024, W 7067,d",tablet,"Uruk IV (ca. 3350-3200 BC)","Uruk (mod. Warka)",,,,,,S999999,"VA 13625",,,,,,,0,0,0,0,31.0,18.0,29.0,,,"W 07067,d","Pe XVI,3","südlich der Rillenmauer deer Schicht IV// t.a.q. IIIc",,,,,"Vorderasiatisches Museum, Berlin, Germany",,,Administrative,undetermined,clay,Englund1994ATU5,primary,"pl. 24, W 7067,d","31x29x18 - same locus as W 7067,a+ - 17.2.1930 - sealed fragment.",,," ",0,0,,,0,0,0,0,,
934,,"ATU 5, pl. 024, W 7067,e",tablet,"Uruk IV (ca. 3350-3200 BC)","Uruk (mod. Warka)",,,,,,,"VAT 21357",,,,,,,0,0,0,0,31.0,20.0,31.0,,,"W 07067,e","Pe XVI,3","südlich der Rillenmauer deer Schicht IV",,,,,"Vorderasiatisches Museum, Berlin, Germany",,,Administrative,undetermined,clay,Englund1994ATU5,primary,"pl. 24, W 7067,e","31x31x20 - same locus as W 7067,a+ - 17.2.1930 - note the apparent use of the incising edge of the scribe's stylus to ""fill"" the impression of the numerical signs N1 on the reverse face of the tablet.",,," ",0,0,,,0,0,0,0,,
936,,"ATU 5, pl. 024, W 7067,h",tablet,"Uruk IV (ca. 3350-3200 BC)","Uruk (mod. Warka)",,,,,,,"VAT 21360",,,,,,,0,0,0,0,27.0,24.0,28.0,,,"W 07067,h","Pe XVI,3","südlich der Rillenmauer deer Schicht IV",,,,,"Vorderasiatisches Museum, Berlin, Germany",,,Administrative,undetermined,clay,Englund1994ATU5,primary,"pl. 24, W 7067,h","27x28x24 - same locus as W 7067,a+ - 17.2.1930.",,," ",0,0,,,0,0,0,0,,
937,,"ATU 5, pl. 024, W 7067,i",tablet,"Uruk IV (ca. 3350-3200 BC)","Uruk (mod. Warka)",,,,,,,"VAT 21406",,,,,,,0,0,0,0,18.0,6.0,13.0,,,"W 07067,i","Pe XVI,3","südlich der Rillenmauer deer Schicht IV",,,,,"Vorderasiatisches Museum, Berlin, Germany",,,Administrative,undetermined,clay,Englund1994ATU5,primary,"pl. 24, W 7067,i","18x13x6 - same locus as W 7067,a+ - 17.2.1930.",,," ",0,0,,,0,0,0,0,,
938,,"ATU 5, pl. 024, W 7068,a",tablet,"Uruk IV (ca. 3350-3200 BC)","Uruk (mod. Warka)",,,,,,,"VAT 15172",,,,,,,0,0,0,0,67.0,26.0,45.0,,,"W 07068,a","Pe XVI,3","nordöstlich der Rillenwand der Schicht IV, 0,4 m unter der Abgleichung der Schicht III// t.a.q. IIIc",,,,,"Vorderasiatisches Museum, Berlin, Germany",,,Administrative,undetermined,clay,"Englund1994ATU5; Falkenstein1936ATU1; sec967","primary; history; history","pl. 24, W 7068,a; 255; ","67x45x26 - Pe XVI,3, northeast of the niched wall belonging to level IV, 0.4 m below the leveling of level III - ATU 1, 255 - UVB 2, fig. 39 photo - 17.2.1930 -  see ATU 1, p. 12.; ; ",,," ",0,0,,,0,0,0,0,,
939,,"ATU 5, pl. 024, W 7068,b",tablet,"Uruk IV (ca. 3350-3200 BC)","Uruk (mod. Warka)",,,,,,,"VAT 15089",,,,,,,0,0,0,0,35.0,22.0,47.0,,,"W 07068,b","Pe XVI,3","nordöstlich der Rillenwand der Schicht IV, 0,4 m unter der Abgleichung der Schicht III// t.a.q. IIIc",,,,,"Vorderasiatisches Museum, Berlin, Germany",,,Administrative,undetermined,clay,"Englund1994ATU5; Falkenstein1936ATU1","primary; history","pl. 24, W 7068,b; 420","35x47x22 - same locus as W 7068,a - ATU 1, 420 - 17.2.1930 - note the irregular dividing line seen also in the texts W 6882,a and 6882,c-f, and see ATU 1, p. 12, fn. 1.; ",,," ",0,0,,,0,0,0,0,,
943,,"ATU 5, pl. 025, W 7092,e",tablet,"Uruk IV (ca. 3350-3200 BC)","Uruk (mod. Warka)",,,,,,,"VAT 21340",,,,,,,0,0,0,0,49.0,20.0,37.0,,,"W 07092,e","Pe XVI,3","auf Abgleichung IV",,,,,"Vorderasiatisches Museum, Berlin, Germany",,,Administrative,undetermined,clay,Englund1994ATU5,primary,"pl. 25, W 7092,e","49x37x20 - same locus as W 7092,b - 18.2.1930.",,," ",0,0,,,0,0,0,0,,
945,,"ATU 5, pl. 025, W 7092,g",tablet,"Uruk IV (ca. 3350-3200 BC)","Uruk (mod. Warka)",,,,,,,"VAT 21341",,,,,,,0,0,0,0,53.0,23.0,43.0,,,"W 07092,g","Pe XVI,3","auf Abgleichung IV",,,,,"Vorderasiatisches Museum, Berlin, Germany",,,Administrative,undetermined,clay,Englund1994ATU5,primary,"pl. 25, W 7092,g","53x43x23 - same locus as W 7092,b - 18.2.1930 - ""waster.""",,," ",0,0,,,0,0,0,0,,
947,,"ATU 5, pl. 025, W 7092,i",tablet,"Uruk IV (ca. 3350-3200 BC)","Uruk (mod. Warka)",,,,,,,"VA 13631",,,,,,,0,0,0,0,63.0,15.0,53.0,,,"W 07092,i","Pe XVI,3","auf Abgleichung IV",,,,,"Vorderasiatisches Museum, Berlin, Germany",,,Administrative,undetermined,clay,Englund1994ATU5,primary,"pl. 25, W 7092,i","63x53x15 - same locus as W 7092,b - 18.2.1930 - tablet ""blank"" with traces of a sign PA.",,," ",0,0,,,0,0,0,0,,
950,,"ATU 5, pl. 026, W 7092,l2",tablet,"Uruk IV (ca. 3350-3200 BC)","Uruk (mod. Warka)",,,,,,,"VAT 21364",,,,,,,0,0,0,0,29.0,15.0,27.0,,,"W 07092,l2","Pe XVI,3","auf Abgleichung IV",,,,,"Vorderasiatisches Museum, Berlin, Germany",,,Administrative,undetermined,clay,Englund1994ATU5,primary,"pl. 26, W 7092,l2","29x27x15 - same locus as W 7092,b - 18.2.1930 - the numerical sign on the tablet face was erased before the surface was damaged.",,," ",0,0,,,0,0,0,0,,
953,,"ATU 5, pl. 026, W 7092,p",tablet,"Uruk IV (ca. 3350-3200 BC)","Uruk (mod. Warka)",,,,,,,"VAT 21392",,,,,,,0,0,0,0,18.0,9.0,23.0,,,"W 07092,p","Pe XVI,3","auf Abgleichung IV",,,,,"Vorderasiatisches Museum, Berlin, Germany",,,Administrative,undetermined,clay,Englund1994ATU5,primary,"pl. 26, W 7092,p","18x23x9 - same locus as W 7092,b - 18.2.1930 - the unusual sequence of numerical signs on the preserved face of tablet may require its clock-wise rotation by 90˚.",,," ",0,0,,,0,0,0,0,,
958,"20130228 englund: cast in the collection of the Field Museum, Chicago","ATU 5, pl. 026, W 7227,a",tablet,"Uruk IV (ca. 3350-3200 BC)","Uruk (mod. Warka)",,,,,,,"VAT 15002",,,,,,,0,0,0,0,75.0,25.0,54.0,,,"W 07227,a","Pe XVI,3","in der Scherbenschicht nordöstlich der Rillenwand der Schicht IV// t.a.q. IIIc",,,,,"Vorderasiatisches Museum, Berlin, Germany",,,Administrative,undetermined,clay,"Englund1994ATU5; Englund1998OBO160/1; Falkenstein1936ATU1; sec971","primary; citation; history; citation","pl. 26, W 7227,a; p. 156 fig. 53; 339; ","75x54x25 - Pe XVI,3, in the layer of sherds northeast of the niched wall belonging to level IV - ATU 1, 339 - 25.2.1930 - the account includes the largest number of large cattle attested in the Uruk IV text corpus - see the remarks to W 9123,b and ATU 1, p. 48; ; ; ",,," ",0,0,,,0,0,0,0,,
959,,"ATU 5, pl. 026, W 7227,b",tablet,"Uruk IV (ca. 3350-3200 BC)","Uruk (mod. Warka)",,,,,,,"VAT 14851",,,,,,,0,0,0,0,76.0,28.0,48.0,,,"W 07227,b","Pe XVI,3","in der Scherbenschicht nordöstlich der Rillenwand der Schicht IV// t.a.q. IIIc",,,,,"Vorderasiatisches Museum, Berlin, Germany",,,Administrative,undetermined,clay,"Englund1994ATU5; Falkenstein1936ATU1; sec973","primary; history; history","pl. 26, W 7227,b; 276; ","76x48x28 - same locus as W 7227,a - ATU 1, 276 - UVB 2, fig. 40 photo - 25.2.1930.; ; ",,," ",0,0,,,0,0,0,0,,
960,,"ATU 5, pl. 027, W 7227,c",tablet,"Uruk IV (ca. 3350-3200 BC)","Uruk (mod. Warka)",,,,,,,"VAT 15132",,,,,,,0,0,0,0,76.0,23.0,50.0,,,"W 07227,c","Pe XVI,3","in der Scherbenschicht nordöstlich der Rillenwand der Schicht IV// t.a.q. IIIc",,,,,"Vorderasiatisches Museum, Berlin, Germany",,,Administrative,undetermined,clay,"Englund1994ATU5; Falkenstein1936ATU1","primary; history","pl. 27, W 7227,c; 344","76x50x23 - same locus as W 7227,a - ATU 1, 344 - 25.2.1930 - note the use of the double dividing line to separate sections of the entries on the obverse of the text (in this case of the first two columns) which are totaled separately on its reverse.; ",,," ",0,0,,,0,0,0,0,,
961,,"ATU 5, pl. 027, W 7227,d",tablet,"Uruk IV (ca. 3350-3200 BC)","Uruk (mod. Warka)",,,,,,,"VAT 15164",,,,,,,0,0,0,0,73.0,28.0,47.0,,,"W 07227,d","Pe XVI,3","in der Scherbenschicht nordöstlich der Rillenwand der Schicht IV// t.a.q. IIIc",,,,,"Vorderasiatisches Museum, Berlin, Germany",,,Administrative,undetermined,clay,"Englund1994ATU5; Falkenstein1936ATU1","primary; history","pl. 27, W 7227,d; 313","73x47x28 - same locus as W 7227,a - ATU 1, 313 - 25.2.1930.; ",,," ",0,0,,,0,0,0,0,,
962,,"ATU 5, pl. 027, W 7227,e",tablet,"Uruk IV (ca. 3350-3200 BC)","Uruk (mod. Warka)",,,,,,,"VAT 15091",,,,,,,0,0,0,0,70.0,22.0,52.0,,,"W 07227,e","Pe XVI,3","in der Scherbenschicht nordöstlich der Rillenwand der Schicht IV// t.a.q. IIIc",,,,,"Vorderasiatisches Museum, Berlin, Germany",,,Administrative,undetermined,clay,"Englund1994ATU5; Falkenstein1936ATU1","primary; history","pl. 27, W 7227,e; 258","70x52x22 - same locus as W 7227,a - ATU 1, 258 - 25.2.1930 - numerical notations in EN system (cf. P. Damerow and R. Englund, ATU 2, 143-143-144, 15675) - the text is possibly a school exercise with a progressive division by two (7 1/2 ÷ 2 = 3 3/4 - 3 3/4 ÷ 2 ≈; ",,," ",0,0,,,0,0,0,0,,
963,,"ATU 5, pl. 027, W 7227,f",tablet,"Uruk IV (ca. 3350-3200 BC)","Uruk (mod. Warka)",,,,,,,"VAT 15016",,,,,,,0,0,0,0,65.0,24.0,49.0,,,"W 07227,f","Pe XVI,3","in der Scherbenschicht nordöstlich der Rillenwand der Schicht IV// t.a.q. IIIc",,,,,"Vorderasiatisches Museum, Berlin, Germany",,,Administrative,undetermined,clay,"Englund1994ATU5; Falkenstein1936ATU1","primary; history","pl. 27, W 7227,f; 327","65x49x24 - same locus as W 7227,a - ATU 1, 327 - 25.2.1930 - the relationship between the sexagesimal notations on the obverse and a large bisexagesimal notation on the reverse is not obvious - see P. Damerow and R. Englund, ATU 2, p. 130.; ",,," ",0,0,,,0,0,0,0,,
964,,"ATU 5, pl. 028, W 7227,g",tablet,"Uruk IV (ca. 3350-3200 BC)","Uruk (mod. Warka)",,,,,,,"VAT 15077",,,,,,,0,0,0,0,70.0,24.0,51.0,,,"W 07227,g","Pe XVI,3","in der Scherbenschicht nordöstlich der Rillenwand der Schicht IV// t.a.q. IIIc",,,,,"Vorderasiatisches Museum, Berlin, Germany",,,Administrative,undetermined,clay,Englund1994ATU5,primary,"pl. 28, W 7227,g","70x51x24 - same locus as W 7227,a - 25.2.1930 - VAT number written above a stricken VAT 17782.",,," ",0,0,,,0,0,0,0,,
965,,"ATU 5, pl. 028, W 7227,h",tablet,"Uruk IV (ca. 3350-3200 BC)","Uruk (mod. Warka)",,,,,,,"VAT 15184",,,,,,,0,0,0,0,45.0,24.0,46.0,,,"W 07227,h","Pe XVI,3","in der Scherbenschicht nordöstlich der Rillenwand der Schicht IV// t.a.q. IIIc",,,,,"Vorderasiatisches Museum, Berlin, Germany",,,Administrative,undetermined,clay,"Englund1994ATU5; Falkenstein1936ATU1","primary; history","pl. 28, W 7227,h; 545","45x46x24 - same locus as W 7227,a - ATU 1, 545 - 25.2.1930.; ",,," ",0,0,,,0,0,0,0,,
966,,"ATU 5, pl. 028, W 7227,i",tablet,"Uruk IV (ca. 3350-3200 BC)","Uruk (mod. Warka)",,,,,,,"VAT 15084",,,,,,,0,0,0,0,49.0,21.0,36.0,,,"W 07227,i","Pe XVI,3","in der Scherbenschicht nordöstlich der Rillenwand der Schicht IV// t.a.q. IIIc",,,,,"Vorderasiatisches Museum, Berlin, Germany",,,Administrative,undetermined,clay,Englund1994ATU5,primary,"pl. 28, W 7227,i","49x36x21 - same locus as W 7227,a - 25.2.1930 - VAT number written above a stricken VAT 17789.",,," ",0,0,,,0,0,0,0,,
967,,"ATU 5, pl. 028, W 7227,k",tablet,"Uruk IV (ca. 3350-3200 BC)","Uruk (mod. Warka)",,,,,,,"VAT 15124",,,,,,,0,0,0,0,35.0,28.0,30.0,,,"W 07227,k","Pe XVI,3","in der Scherbenschicht nordöstlich der Rillenwand der Schicht IV// t.a.q. IIIc",,,,,"Vorderasiatisches Museum, Berlin, Germany",,,Administrative,undetermined,clay,"Englund1994ATU5; Falkenstein1936ATU1","primary; history","pl. 28, W 7227,k; 431","35x30x28 - same locus as W 7227,a - ATU 1, 431 - 25.2.1930.; ",,," ",0,0,,,0,0,0,0,,
968,,"ATU 5, pl. 028, W 7227,l",tablet,"Uruk IV (ca. 3350-3200 BC)","Uruk (mod. Warka)",,,,,,,"VAT 15341",,,,,,,0,0,0,0,35.0,21.0,28.0,,,"W 07227,l","Pe XVI,3","in der Scherbenschicht nordöstlich der Rillenwand der Schicht IV// t.a.q. IIIc",,,,,"Vorderasiatisches Museum, Berlin, Germany",,,Administrative,undetermined,clay,Englund1994ATU5,primary,"pl. 28, W 7227,l","35x28x21 - same locus as W 7227,a - 25.2.1930 - VAT number written above a stricken VAT 17771.",,," ",0,0,,,0,0,0,0,,
969,,"ATU 5, pl. 028, W 7227,m",tablet,"Uruk IV (ca. 3350-3200 BC)","Uruk (mod. Warka)",,,,,,,"VAT 15041",,,,,,,0,0,0,0,29.0,16.0,47.0,,,"W 07227,m","Pe XVI,3","in der Scherbenschicht nordöstlich der Rillenwand der Schicht IV// t.a.q. IIIc",,,,,"Vorderasiatisches Museum, Berlin, Germany",,,Administrative,undetermined,clay,"Englund1994ATU5; Falkenstein1936ATU1","primary; history","pl. 28, W 7227,m; 369","29x47x16 - same locus as W 7227,a - ATU 1, 369 - 25.2.1930 - sealed fragment.; ",,," ",0,0,,,0,0,0,0,,
977,,"ATU 5, pl. 029, W 7272,h",tablet,"Uruk IV (ca. 3350-3200 BC)","Uruk (mod. Warka)",,,,,,,"VAT 21284",,,,,,,0,0,0,0,66.0,24.0,49.0,,,"W 07272,h","Pe XVI,3","Scherbenschicht der Schicht IV// t.a.q. IIIc",,,,,"Vorderasiatisches Museum, Berlin, Germany",,,Administrative,undetermined,clay,Englund1994ATU5,primary,"pl. 29, W 7272,h","66x49x24 - same locus as W 7272,a - 26.2.1930 - ""blank"" tablet.",,," ",0,0,,,0,0,0,0,,
978,,"ATU 5, pl. 030, W 7272,i",tablet,"Uruk IV (ca. 3350-3200 BC)","Uruk (mod. Warka)",,,,,,,"VAT 21285",,,,,,,0,0,0,0,61.0,26.0,35.0,,,"W 07272,i","Pe XVI,3","Scherbenschicht der Schicht IV// t.a.q. IIIc",,,,,"Vorderasiatisches Museum, Berlin, Germany",,,Administrative,undetermined,clay,Englund1994ATU5,primary,"pl. 30, W 7272,i","61x35x26 - same locus as W 7272,a - 26.2.1930 - ""blank"" tablet.",,," ",0,0,,,0,0,0,0,,
981,,"ATU 5, pl. 030, W 7298",tablet,"Uruk IV (ca. 3350-3200 BC)","Uruk (mod. Warka)",,,,,,,"VAT 21286",,,,,,,0,0,0,0,69.0,27.0,51.0,,,"W 07298","PeXVI,3","Scherbenschicht der Schicht IV",,,,,"Vorderasiatisches Museum, Berlin, Germany",,,Administrative,undetermined,clay,Englund1994ATU5,primary,"pl. 30, W 7298","69x51x27 - same locus as W 7272,a - 26.2.1930 - ""blank"" tablet.",,," ",0,0,,,0,0,0,0,,
982,,"ATU 5, pl. 030, W 7329,a",tablet,"Uruk IV (ca. 3350-3200 BC)","Uruk (mod. Warka)",,,,,,,"VAT 15065",,,,,,,0,0,0,0,36.0,20.0,25.0,,,"W 07329,a","Pe XVI,3","1 m über der südöstlichen Mauer des Kalksteinsockels der Schicht V",,,,,"Vorderasiatisches Museum, Berlin, Germany",,,Administrative,undetermined,clay,"Englund1994ATU5; Falkenstein1936ATU1","primary; history","pl. 30, W 7329,a; 507","36x25x20 - Pe XVI,3, 1 m above the southeastern wall of the limestone base of level V - ATU 1, 507 - 28.2.1930 - no join with W 7329,b+c.; ",,," ",0,0,,,0,0,0,0,,
983,,"ATU 5, pl. 030, W 7329,b+",tablet,"Uruk IV (ca. 3350-3200 BC)","Uruk (mod. Warka)",,,,,,,"VAT 15087 + VAT 15319",,,,,,,0,0,0,0,33.0,17.0,41.0,,,"W 07329,b + W 07329,c","Pe XVI,3","1 m über der südöstlichen Mauer des Kalksteinsockels der Schicht V",,,,,"Vorderasiatisches Museum, Berlin, Germany",,,Administrative,undetermined,clay,"Englund1994ATU5; Falkenstein1936ATU1","primary; history","pl. 30, W 7329,b+; 478","32x49x16 - same locus as W 7329,a - the fragment W 7329,b is ATU 1, 478 - 28.2.1930.; ",,," ",0,0,,,0,0,0,0,,
988,,"ATU 5, pl. 031, W 7406",tablet,"Uruk IV (ca. 3350-3200 BC)","Uruk (mod. Warka)",,,,,,,"VAT 15240",,,,,,,0,0,0,0,34.0,24.0,23.0,,,"W 07406","Pd XVI,2","an innerer Wand der Schicht IV unter Wasserbecken// t.a.q. IIIc",,,,,"Vorderasiatisches Museum, Berlin, Germany",,,Administrative,undetermined,clay,Englund1994ATU5,primary,"pl. 31, W 7406","34x23x24 - Pd XVI,2, against the inner wall of level IV below the basin - 5.3.1930 - VAT number written above stricken VAT 17796.",,," ",0,0,,,0,0,0,0,,
990,,"ATU 5, pl. 031, W 7880",tablet,"Uruk IV (ca. 3350-3200 BC)","Uruk (mod. Warka)",,,,,,,"VAT 14905",,,,,,,0,0,0,0,54.0,26.0,50.0,,,"W 07880","Pe XVI,4","Schicht IV",,,,,"Vorderasiatisches Museum, Berlin, Germany",,,Administrative,undetermined,clay,"Englund1994ATU5; Falkenstein1936ATU1","primary; history","pl. 31, W 7880; 534","54x50x26 - Pe XVI,4, level IV - ATU 1, 534 - 25.11.1930 - the text appears to be a school exercise.; ",,," ",0,0,,,0,0,0,0,,
993,,"ATU 5, pl. 031, W 7883",tablet,"Uruk IV (ca. 3350-3200 BC)","Uruk (mod. Warka)",,,,,,S999999,"VA 13623",,,,,,,0,0,0,0,55.0,26.0,28.0,,,"W 07883","Pc XVI,4","dicht über kleinem Kanal",,,,,"Vorderasiatisches Museum, Berlin, Germany",,,Administrative,undetermined,clay,Englund1994ATU5,primary,"pl. 31, W 7883","55x28x26 - same locus as W 7882 - 25.11.1930 - sealed fragment, no traces of signs preserved, not a join with W 7884.",,," ",0,0,,,0,0,0,0,,
995,,"ATU 5, pl. 032, W 8063",tablet,"Uruk IV (ca. 3350-3200 BC)","Uruk (mod. Warka)",,,,,,,"VAT 15217",,,,,,,0,0,0,0,62.0,31.0,57.0,,,"W 08063","Pc XVI,5","1,2 m über Kalkstein-Südwesttrakt",,,,,"Vorderasiatisches Museum, Berlin, Germany",,,Administrative,undetermined,clay,"Englund1994ATU5; Falkenstein1936ATU1","primary; history","pl. 32, W 8063; 590","62x57x31 - Pc XVI,5, 1.2 m above southwestern wing of Limestone Temple - ATU 1, 590 - 2.12.1930.; ",,," ",0,0,,,0,0,0,0,,
996,,"ATU 5, pl. 032, W 8273",tablet,"Uruk IV (ca. 3350-3200 BC)","Uruk (mod. Warka)",,,,,,,"VAT 15336",,,,,,,0,0,0,0,78.0,27.0,63.0,,,"W 08273","Pb XVI,4","1 m westlich, 0,75 m höher als Oberkante der gebrannten Tonfläche// t.a.q. II",,,,,"Vorderasiatisches Museum, Berlin, Germany",,,Administrative,undetermined,clay,"Englund1994ATU5; Falkenstein1936ATU1; Green1987ATU2; sec991","primary; history; history; history","pl. 32, W 8273; 578; pl. 44; ","78x63x27 - Pb XVI,4, 1 m to the west and 0.75 m higher than the upper edge of the surface of fired clay - ATU 1, 578 - ATU 2, pl. 44 obv. photo - 11.12.1930 - incorrectly interpreted as an account of slaves by A. Vaiman, VDI 1974/2, 141 (=BagM 20, 124), no. 23; ; obv. (p), published as W 8273.; ",,," ",0,0,,,0,0,0,0,,
998,,"ATU 5, pl. 032, W 8405",tablet,"Uruk IV (ca. 3350-3200 BC)","Uruk (mod. Warka)",,,,,,,"VAT 14879",,,,,,,0,0,0,0,58.0,19.0,45.0,,,"W 08405","Pa XV,4","im Tiefschnitt an der Nordecke der Urnammu-Sikurrat etwa 4 m unter der Höhe Urnammus",,,,,"Vorderasiatisches Museum, Berlin, Germany",,,Administrative,undetermined,clay,"Englund1994ATU5; Falkenstein1936ATU1","primary; history","pl. 32, W 8405; 303","58x45x19 - Pa XV,4, in the deep sounding at the northern corner of the Ur-Nammu ziqqurrat about 4 m below the height of the Ur-Nammu level - ATU 1, 303 - 17.12.1930.; ",ARMEP,X000998," ",0,0,,,0,0,0,0,,
999,,"ATU 5, pl. 033, W 8406",tablet,"Uruk IV (ca. 3350-3200 BC)","Uruk (mod. Warka)",,,,,,,"VAT 15339",,,,,,,0,0,0,0,65.0,25.0,51.0,,,"W 08406","Pa XV,4","im Tiefschnitt an der Nordecke der Urnammu-Sikurrat etwa 4 m unter der Höhe Urnammus",,,,,"Vorderasiatisches Museum, Berlin, Germany",,,Administrative,undetermined,clay,"Englund1994ATU5; Falkenstein1936ATU1","primary; history","pl. 33, W 8406; 309","65x51x25 - same locus as W 8405 - ATU 1, 309 - 17.12.1930.; ",,," ",0,0,,,0,0,0,0,,
1000,,"ATU 5, pl. 033, W 8618",tablet,"Uruk IV (ca. 3350-3200 BC)","Uruk (mod. Warka)",,,,,,,"VAT 15267",,,,,,,0,0,0,0,25.0,14.0,15.0,,,"W 08618","Pb XVI,4","unter Lehmziegel der Schicht II// t.a.q. IIIc",,,,,"Vorderasiatisches Museum, Berlin, Germany",,,Administrative,undetermined,clay,Englund1994ATU5,primary,"pl. 33, W 8618","25x15x14 - Pb XVI,4, below mud-brick of level II - 23.12.1930.",,," ",0,0,,,0,0,0,0,,
1002,,"ATU 5, pl. 033, W 9070",tablet,"Uruk IV (ca. 3350-3200 BC)","Uruk (mod. Warka)",,,,,,,"VAT 15243",,,,,,,0,0,0,0,83.0,33.0,59.0,,,"W 09070","Pe/Qa XVI,2 ?","2 m östlich der Reste der Nordostfornt des Kalksteintempels, 1 m unter der Höhe der Traufpflaster der Schicht III// t.a.q. IIIc",,,,,"Vorderasiatisches Museum, Berlin, Germany",,,Administrative,undetermined,clay,Englund1994ATU5,primary,"pl. 33, W 9070","83x59x33 - Pe/Qa XVI,2 ?, 2 m east of the remains of the northeastern face of the Limestone Temple, 1 m below the height of the rain pavement belonging to level III - 3.1.1931.",,," ",0,0,,,0,0,0,0,,
1003,,"ATU 5, pl. 033, W 9071,a",tablet,"Uruk IV (ca. 3350-3200 BC)","Uruk (mod. Warka)",,,,,,,"VAT 15026",,,,,,,0,0,0,0,65.0,25.0,49.0,,,"W 09071,a","Pe/Qa XVI,2 ?","2 m östlich der Reste der Nordostfront des Kalksteintempels, 1 m unter Höhe der Traufpflaster der Schicht III// t.a.q. IIIc",,,,,"Vorderasiatisches Museum, Berlin, Germany",,,Administrative,undetermined,clay,"Englund1994ATU5; Falkenstein1936ATU1","primary; history","pl. 33, W 9071,a; 365","65x49x25 - same locus as W 9070 - ATU 1, 365 - 3.1.1931.; ",,," ",0,0,,,0,0,0,0,,
1004,,"ATU 5, pl. 033, W 9071,b",tablet,"Uruk IV (ca. 3350-3200 BC)","Uruk (mod. Warka)",,,,,,,"VAT 14834",,,,,,,0,0,0,0,25.0,14.0,26.0,,,"W 09071,b","Pe/Qa XVI,2 ?","2 m östlich der Reste der Nordostfornt des Kalksteintempels, 1 m unter der Höhe der Traufpflaster der Schicht III// t.a.q. IIIc",,,,,"Vorderasiatisches Museum, Berlin, Germany",,,Administrative,undetermined,clay,"Englund1994ATU5; Falkenstein1936ATU1","primary; history","pl. 33, W 9071,b; 128","25x26x14 - same locus as W 9070 - ATU 1, 128 - 3.1.1931.; ",,," ",0,0,,,0,0,0,0,,
1005,,"ATU 5, pl. 034, W 9071,c",tablet,"Uruk IV (ca. 3350-3200 BC)","Uruk (mod. Warka)",,,,,,,"VAT 14883",,,,,,,0,0,0,0,36.0,22.0,45.0,,,"W 09071,c","Pe/Qa XVI,2 ?","2 m östlich der Reste der Nordostfornt des Kalksteintempels, 1 m unter der Höhe der Traufpflaster der Schicht III// t.a.q. IIIc",,,,,"Vorderasiatisches Museum, Berlin, Germany",,,Administrative,undetermined,clay,"Englund1994ATU5; Falkenstein1936ATU1","primary; history","pl. 34, W 9071,c; 518","36x45x22 - same locus as W 9070 - ATU 1, 518 - 3.1.1931.; ",,," ",0,0,,,0,0,0,0,,
1006,,"ATU 5, pl. 034, W 9071,d1",tablet,"Uruk IV (ca. 3350-3200 BC)","Uruk (mod. Warka)",,,,,,,"VAT 15283",,,,,,,0,0,0,0,29.0,16.0,27.0,,,"W 09071,d1","P/Qa XVI,2 ?","2 m östlich der Reste der Nordostfornt des Kalksteintempels, 1 m unter der Höhe der Traufpflaster der Schicht III// t.a.q. IIIc",,,,,"Vorderasiatisches Museum, Berlin, Germany",,,Administrative,undetermined,clay,Englund1994ATU5,primary,"pl. 34, W 9071,d1","29x27x16 - same locus as W 9070 - 3.1.1931 - VAT number written above stricken VAT 17793?.",,," ",0,0,,,0,0,0,0,,
1007,,"ATU 5, pl. 034, W 9071,d2",tablet,"Uruk IV (ca. 3350-3200 BC)","Uruk (mod. Warka)",,,,,,,"VAT 15338",,,,,,,0,0,0,0,52.0,26.0,49.0,,,"W 09071,d2","P/Qa XVI,2 ?","2 m östlich der Reste der Nordostfornt des Kalksteintempels, 1 m unter der Höhe der Traufpflaster der Schicht III",,,,,"Vorderasiatisches Museum, Berlin, Germany",,,Administrative,undetermined,clay,Englund1994ATU5,primary,"pl. 34, W 9071,d2","52x49x26 - same locus as W 9070 - 3.1.1931 - VAT number written above stricken VAT 17787.",,," ",0,0,,,0,0,0,0,,
1008,,"ATU 5, pl. 034, W 9071,e",tablet,"Uruk IV (ca. 3350-3200 BC)","Uruk (mod. Warka)",,,,,,,"VAT 17851, a",,,,,,,0,0,0,0,25.0,19.0,44.0,,,"W 09071,e","Pe/Qa XVI,2 ?","2 m östlich der Reste der Nordostfornt des Kalksteintempels, 1 m unter der Höhe der Traufpflaster der Schicht III// t.a.q. IIIc",,,,,"Vorderasiatisches Museum, Berlin, Germany",,,Administrative,undetermined,clay,Englund1994ATU5,primary,"pl. 34, W 9071,e","25x44x19 - same locus as W 9070 - 3.1.1931.",,," ",0,0,,,0,0,0,0,,
1009,,"ATU 5, pl. 034, W 9071,f",tablet,"Uruk IV (ca. 3350-3200 BC)","Uruk (mod. Warka)",,,,,,,"VAT 15203",,,,,,,0,0,0,0,28.0,16.0,53.0,,,"W 09071,f","Pe/Qa XVI,2 ?","2 m östlich der Reste der Nordostfornt des Kalksteintempels, 1 m unter der Höhe der Traufpflaster der Schicht III// t.a.q. IIIc",,,,,"Vorderasiatisches Museum, Berlin, Germany",,,Administrative,undetermined,clay,"Englund1994ATU5; Falkenstein1936ATU1","primary; history","pl. 34, W 9071,f; 424","28x53x16 - same locus as W 9070 - ATU 1, 424 - 3.1.1931.; ",,," ",0,0,,,0,0,0,0,,
1010,,"ATU 5, pl. 034, W 9071,g",tablet,"Uruk IV (ca. 3350-3200 BC)","Uruk (mod. Warka)",,,,,,,"VAT 15150",,,,,,,0,0,0,0,45.0,27.0,42.0,,,"W 09071,g","Pe/Qa XVI,2 ?","2 m östlich der Reste der Nordostfornt des Kalksteintempels, 1 m unter der Höhe der Traufpflaster der Schicht III// t.a.q. IIIc",,,,,"Vorderasiatisches Museum, Berlin, Germany",,,Administrative,undetermined,clay,Englund1994ATU5,primary,"pl. 34, W 9071,g","45x42x27 - same locus as W 9070 - 3.1.1931 - VAT number written above stricken VAT 17799.",,," ",0,0,,,0,0,0,0,,
1011,,"ATU 5, pl. 034, W 9071,h",tablet,"Uruk IV (ca. 3350-3200 BC)","Uruk (mod. Warka)",,,,,,,"VAT 15147",,,,,,,0,0,0,0,28.0,15.0,18.0,,,"W 09071,h","Pe/Qa XVI,2 ?","2 m östlich der Reste der Nordostfornt des Kalksteintempels, 1 m unter der Höhe der Traufpflaster der Schicht III// t.a.q. IIIc",,,,,"Vorderasiatisches Museum, Berlin, Germany",,,Administrative,undetermined,clay,"Englund1994ATU5; Falkenstein1936ATU1","primary; history","pl. 34, W 9071,h; 442","28x18x15 - same locus as W 9070 - ATU 1, 442 - 3.1.1931 - ""W 9079,h"" is written on tablet.; ",,," ",0,0,,,0,0,0,0,,
1021,,"ATU 5, pl. 035, W 9123,a1",tablet,"Uruk IV (ca. 3350-3200 BC)","Uruk (mod. Warka)",,,,,,,"VAT 15006",,,,,,,0,0,0,0,72.0,27.0,50.0,,,"W 09123,a1","Qa XVI,3","unter der Abgleichung der Schicht III, 1,5 m über der Höhe des Kalksteinsockels, 4,5 m SW von erhaltener Ecke// t.a.q. IIIc",,,,,"Vorderasiatisches Museum, Berlin, Germany",,,Administrative,undetermined,clay,"Englund1994ATU5; Falkenstein1936ATU1","primary; history","pl. 35, W 9123,a1; 346","72x50x27 - Qa XVI,3, below the leveling of level III, 1.5 m above the height of the base of the Limestone Temple, 4.5 m southwest of the preserved corner - ATU 1, 346 - 5.1.1931 - note the close parallels between the first five cases of the obverse and revers; ",,," ",0,0,,,0,0,0,0,,
1022,,"ATU 5, pl. 035, W 9123,a2",tablet,"Uruk IV (ca. 3350-3200 BC)","Uruk (mod. Warka)",,,,,,,"VAT 15198",,,,,,,0,0,0,0,58.0,23.0,57.0,,,"W 09123,a2","Qa XVI,3","unter der Abgleichung der Schicht III, 1,5 m über der Höhe des Kalksteinsockels, 4,5 m SW von erhaltener Ecke",,,,,"Vorderasiatisches Museum, Berlin, Germany",,,Administrative,undetermined,clay,Englund1994ATU5,primary,"pl. 35, W 9123,a2","58x57x23 - same locus as W 9123,a1 - 5.1.1931 - ""waster"" of a lexical list?",,," ",0,0,,,0,0,0,0,,
1023,,"ATU 5, pl. 035, W 9123,b",tablet,"Uruk IV (ca. 3350-3200 BC)","Uruk (mod. Warka)",,,,,,,"VAT 14716",,,,,,,0,0,0,0,39.0,15.0,27.0,,,"W 09123,b","Qa XVI,3","unter der Abgleichung der Schicht III, 1,5 m über der Höhe des Kalksteinsockels, 4,5 m SW von erhaltener Ecke// t.a.q. IIIc",,,,,"Vorderasiatisches Museum, Berlin, Germany",,,Administrative,undetermined,clay,"Englund1994ATU5; Englund1998OBO160/1; Falkenstein1936ATU1","primary; history; history","pl. 35, W 9123,b; p. 154 fig. 52; 27","39x27x15 - same locus as W 9123,a1 - ATU 1, 27 - 5.1.1931 - receipt for the probable delivery of a cow, cp. the texts W 9123,c, 9169,f, 9579,cs, 9579,cz, and the account W 7227,a (cows) - W 9579,da and 9656,in (calves) - W 9123,e, 9335,a, 9335,o, 9579,av, 9579,; copy; ",,," ",0,0,,,0,0,0,0,,
1024,,"ATU 5, pl. 035, W 9123,c",tablet,"Uruk IV (ca. 3350-3200 BC)","Uruk (mod. Warka)",,,,,,,"VAT 14682",,,,,,,0,0,0,0,38.0,15.0,28.0,,,"W 09123,c","Qa XVI,3","unter der Abgleichung der Schicht III, 1,5 m über der Höhe des Kalksteinsockels, 4,5 m SW von erhaltener Ecke// t.a.q. IIIc",,,,,"Vorderasiatisches Museum, Berlin, Germany",,,Administrative,undetermined,clay,"Englund1994ATU5; Englund1998OBO160/1; Falkenstein1936ATU1; sec1006; sec1008","primary; history; history; history; history","pl. 35, W 9123,c; p. 154 fig. 52; 37; ; ","38x28x15 - same locus as W 9123,a1 - ATU 1, 37 - M. Lambert, Archéologia 12 (9-10.1966) 29 - 5.1.1931 - see the remarks to W 9123,b.; copy; ; ; ",,," ",0,0,,,0,0,0,0,,
1025,,"ATU 5, pl. 035, W 9123,e",tablet,"Uruk IV (ca. 3350-3200 BC)","Uruk (mod. Warka)",,,,,,,"VAT 14691",,,,,,,0,0,0,0,40.0,14.0,29.0,,,"W 09123,e","Qa XVI,3","unter der Abgleichung der Schicht III, 1,5 m über der Höhe des Kalksteinsockels, 4,5 m SW von erhaltener Ecke// t.a.q. IIIc",,,,,"Vorderasiatisches Museum, Berlin, Germany",,,Administrative,undetermined,clay,"Englund1994ATU5; Englund1998OBO160/1; Falkenstein1936ATU1; sec1011","primary; history; history; citation","pl. 35, W 9123,e; p. 154 fig. 52; 48; ","40x29x14 - same locus as W 9123,a1 - ATU 1, 48 - 5.1.1931 - see the remarks to W 9123,b.; copy; ; ",,," ",0,0,,,0,0,0,0,,
1026,,"ATU 5, pl. 035, W 9123,f+",tablet,"Uruk IV (ca. 3350-3200 BC)","Uruk (mod. Warka)",,,,,,,"VAT 15173",,,,,,,0,0,0,0,60.0,27.0,44.0,,,"W 09123,f + W 09312,p","Qa XVI,3","unter der Abgleichung der Schicht III, 1,5 m über der Höhe des Kalksteinsockels, 4,5 m SW von erhaltener Ecke// t.a.q. IIIc",,,,,"Vorderasiatisches Museum, Berlin, Germany",,,Administrative,undetermined,clay,"Englund1994ATU5; Falkenstein1936ATU1","primary; history","pl. 35, W 9123,f+; 250","60x44x27 - same locus as W 9123,a1 - ATU 1, 250 - 5.1.1931.; ",,," ",0,0,,,0,0,0,0,,
1028,,"ATU 5, pl. 036, W 9123,h",tablet,"Uruk IV (ca. 3350-3200 BC)","Uruk (mod. Warka)",,,,,,,"VAT 14658",,,,,,,0,0,0,0,39.0,15.0,28.0,,,"W 09123,h","Qa XVI,3","unter der Abgleichung der Schicht III, 1,5 m über der Höhe des Kalksteinsockels, 4,5 m SW von erhaltener Ecke// t.a.q. IIIc",,,,,"Vorderasiatisches Museum, Berlin, Germany",,,Administrative,undetermined,clay,"Englund1994ATU5; Falkenstein1936ATU1","primary; history","pl. 36, W 9123,h; 22","39x28x15 - same locus as W 9123,a1 - ATU 1, 22 - 5.1.1931.; ",,," ",0,0,,,0,0,0,0,,
1029,,"ATU 5, pl. 036, W 9123,i",tablet,"Uruk IV (ca. 3350-3200 BC)","Uruk (mod. Warka)",,,,,,,"VAT 15221",,,,,,,0,0,0,0,38.0,24.0,41.0,,,"W 09123,i","Qa XVI,3","unter der Abgleichung der Schicht III, 1,5 m über der Höhe des Kalksteinsockels, 4,5 m SW von erhaltener Ecke// t.a.q. IIIc",,,,,"Vorderasiatisches Museum, Berlin, Germany",,,Administrative,undetermined,clay,Englund1994ATU5,primary,"pl. 36, W 9123,i","38x41x24 - same locus as W 9123,a1 - 5.1.1931.",,," ",0,0,,,0,0,0,0,,
1030,,"ATU 5, pl. 036, W 9123,k",tablet,"Uruk IV (ca. 3350-3200 BC)","Uruk (mod. Warka)",,,,,,,"VAT 14916",,,,,,,0,0,0,0,43.0,14.0,30.0,,,"W 09123,k","Qa XVI,3","unter der Abgleichung der Schicht III, 1,5 m über der Höhe des Kalksteinsockels, 4,5 m SW von erhaltener Ecke// t.a.q. IIIc",,,,,"Vorderasiatisches Museum, Berlin, Germany",,,Administrative,undetermined,clay,"Englund1994ATU5; Falkenstein1936ATU1; sec1015","primary; history; citation","pl. 36, W 9123,k; 168; ","43x30x14 - same locus as W 9123,a1 - ATU 1, 168 - 5.1.1931.; ; ",,," ",0,0,,,0,0,0,0,,
1031,,"ATU 5, pl. 036, W 9123,l",tablet,"Uruk IV (ca. 3350-3200 BC)","Uruk (mod. Warka)",,,,,,,"VAT 15222",,,,,,,0,0,0,0,36.0,16.0,41.0,,,"W 09123,l","Qa XVI,3","unter der Abgleichung der Schicht III, 1,5 m über der Höhe des Kalksteinsockels, 4,5 m SW von erhaltener Ecke// t.a.q. IIIc",,,,,"Vorderasiatisches Museum, Berlin, Germany",,,Administrative,undetermined,clay,"Englund1994ATU5; Falkenstein1936ATU1","primary; history","pl. 36, W 9123,l; 501","36x41x16 - same locus as W 9123,a1 - ATU 1, 501 - 5.1.1931.; ",,," ",0,0,,,0,0,0,0,,
1032,,"ATU 5, pl. 036, W 9123,m",tablet,"Uruk IV (ca. 3350-3200 BC)","Uruk (mod. Warka)",,,,,,,"VAT 14655",,,,,,,0,0,0,0,33.0,16.0,32.0,,,"W 09123,m","Qa XVI,3","unter der Abgleichung der Schicht III, 1,5 m über der Höhe des Kalksteinsockels, 4,5 m SW von erhaltener Ecke// t.a.q. IIIc",,,,,"Vorderasiatisches Museum, Berlin, Germany",,,Administrative,undetermined,clay,"Englund1994ATU5; Falkenstein1936ATU1","primary; history","pl. 36, W 9123,m; 116","33x32x16 - same locus as W 9123,a1 - ATU 1, 116 - 5.1.1931.; ",,," ",0,0,,,0,0,0,0,,
1033,,"ATU 5, pl. 036, W 9123,n+",tablet,"Uruk IV (ca. 3350-3200 BC)","Uruk (mod. Warka)",,,,,,,"VAT 15015",,,,,,,0,0,0,0,74.0,31.0,52.0,,,"W 09123,n + W 09312,v","Qa XVI,3","unter der Abgleichung der Schicht III, 1,5 m über der Höhe des Kalksteinsockels, 4,5 m SW von erhaltener Ecke// t.a.q. IIIc",,,,,"Vorderasiatisches Museum, Berlin, Germany",,,Administrative,undetermined,clay,"Englund1994ATU5; Falkenstein1936ATU1","primary; history","pl. 36, W 9123,n+; 328","74x52x31 - same locus as W 9123,a1 - ATU 1, 328 - 5.1.1931.; ",,," ",0,0,,,0,0,0,0,,
1034,,"ATU 5, pl. 036, W 9123,o1",tablet,"Uruk IV (ca. 3350-3200 BC)","Uruk (mod. Warka)",,,,,,,"VAT 15225",,,,,,,0,0,0,0,33.0,25.0,39.0,,,"W 09123,o1","Qa XVI,3","unter der Abgleichung der Schicht III, 1,5 m über der Höhe des Kalksteinsockels, 4,5 m SW von erhaltener Ecke// t.a.q. IIIc",,,,,"Vorderasiatisches Museum, Berlin, Germany",,,Administrative,undetermined,clay,"Englund1994ATU5; Falkenstein1936ATU1","primary; history","pl. 36, W 9123,o1; 474","33x39x25 - same locus as W 9123,a1 - ATU 1, 474 - 5.1.1931.; ",,," ",0,0,,,0,0,0,0,,
1035,,"ATU 5, pl. 036, W 9123,o2",tablet,"Uruk IV (ca. 3350-3200 BC)","Uruk (mod. Warka)",,,,,,,"VAT 15237",,,,,,,0,0,0,0,41.0,18.0,36.0,,,"W 09123,o2","Qa XVI,3","unter der Abgleichung der Schicht III, 1,5 m über der Höhe des Kalksteinsockels, 4,5 m SW von erhaltener Ecke",,,,,"Vorderasiatisches Museum, Berlin, Germany",,,Administrative,undetermined,clay,Englund1994ATU5,primary,"pl. 36, W 9123,o2","41x36x18 - same locus as W 9123,a1 - 5.1.1931 - the tablet appears to contain only numerical signs in individual cases and is thus possibly a school exercise.",,," ",0,0,,,0,0,0,0,,
1036,,"ATU 5, pl. 036, W 9123,p",tablet,"Uruk IV (ca. 3350-3200 BC)","Uruk (mod. Warka)",,,,,,,"VAT 14644",,,,,,,0,0,0,0,33.0,15.0,31.0,,,"W 09123,p","Qa XVI,3","unter der Abgleichung der Schicht III, 1,5 m über der Höhe des Kalksteinsockels, 4,5 m SW von erhaltener Ecke// t.a.q. IIIc",,,,,"Vorderasiatisches Museum, Berlin, Germany",,,Administrative,undetermined,clay,"Englund1994ATU5; Falkenstein1936ATU1","primary; history","pl. 36, W 9123,p; 120","33x31x15 - same locus as W 9123,a1 - ATU 1, 120 - 5.1.1931.; ",,," ",0,0,,,0,0,0,0,,
1037,,"ATU 5, pl. 037, W 9123,q",tablet,"Uruk IV (ca. 3350-3200 BC)","Uruk (mod. Warka)",,,,,,,"VAT 14939",,,,,,,0,0,0,0,69.0,27.0,47.0,,,"W 09123,q","Qa XVI,3","unter der Abgleichung der Schicht III, 1,5 m über der Höhe des Kalksteinsockels, 4,5 m SW von erhaltener Ecke// t.a.q. IIIc",,,,,"Vorderasiatisches Museum, Berlin, Germany",,,Administrative,undetermined,clay,"Englund1994ATU5; Falkenstein1936ATU1; sec1023; Szarzyńska1970Uruk","primary; history; citation; history","pl. 37, W 9123,q; 314; ; p. 10 obv. (c)","69x47x27 - same locus as W 9123,a1 - ATU 1, 314 - 5.1.1931 - the text seems to contain the summations of two accounts dealing with rams and he-goats.; ; ; ",,," ",0,0,,,0,0,0,0,,
1040,,"ATU 5, pl. 037, W 9123,t",tablet,"Uruk IV (ca. 3350-3200 BC)","Uruk (mod. Warka)",,,,,,,"VAT 15154",,,,,,,0,0,0,0,30.0,22.0,47.0,,,"W 09123,t","Qa XVI,3","unter der Abgleichung der Schicht III, 1,5 m über der Höhe des Kalksteinsockels, 4,5 m SW von erhaltener Ecke// t.a.q. IIIc",,,,,"Vorderasiatisches Museum, Berlin, Germany",,,Administrative,undetermined,clay,"Englund1994ATU5; Falkenstein1936ATU1","primary; history","pl. 37, W 9123,t; 381","30x47x22 - same locus as W 9123,a1 - ATU 1, 381 - 5.1.1931.; ",,," ",0,0,,,0,0,0,0,,
1041,,"ATU 5, pl. 037, W 9123,u1",tablet,"Uruk IV (ca. 3350-3200 BC)","Uruk (mod. Warka)",,,,,,,"VAT 14873",,,,,,,0,0,0,0,49.0,25.0,40.0,,,"W 09123,u1","Qa XVI,3","unter der Abgleichung der Schicht III, 1,5 m über der Höhe des Kalksteinsockels, 4,5 m SW von erhaltener Ecke// t.a.q. IIIc",,,,,"Vorderasiatisches Museum, Berlin, Germany",,,Administrative,undetermined,clay,"Englund1994ATU5; Falkenstein1936ATU1","primary; history","pl. 37, W 9123,u1; 132","49x40x25 - same locus as W 9123,a1 - ATU 1, 132 - 5.1.1931.; ",,," ",0,0,,,0,0,0,0,,
1042,,"ATU 5, pl. 037, W 9123,u2",tablet,"Uruk IV (ca. 3350-3200 BC)","Uruk (mod. Warka)",,,,,,,"VAT 15357",,,,,,,0,0,0,0,34.0,25.0,24.0,,,"W 09123,u2","Qa XVI,3","unter der Abgleichung der Schicht III, 1,5 m über der Höhe des Kalksteinsockels, 4,5 m SW von erhaltener Ecke// t.a.q. IIIc",,,,,"Vorderasiatisches Museum, Berlin, Germany",,,Administrative,undetermined,clay,"Englund1994ATU5; Falkenstein1936ATU1","primary; history","pl. 37, W 9123,u2; 553","34x24x25 - same locus as W 9123,a1 - ATU 1, 553 - 5.1.1931 - tablet in the form of a prism.; ",,," ",0,0,,,0,0,0,0,,
1043,,"ATU 5, pl. 037, W 9123,v",tablet,"Uruk IV (ca. 3350-3200 BC)","Uruk (mod. Warka)",,,,,,,"VAT 14884",,,,,,,0,0,0,0,41.0,29.0,52.0,,,"W 09123,v","Qa XVI,3","unter der Abgleichung der Schicht III, 1,5 m über der Höhe des Kalksteinsockels, 4,5 m SW von erhaltener Ecke// t.a.q. IIIc",,,,,"Vorderasiatisches Museum, Berlin, Germany",,,Administrative,undetermined,clay,"Englund1994ATU5; Falkenstein1936ATU1","primary; history","pl. 37, W 9123,v; 519","41x52x29 - same locus as W 9123,a1 - ATU 1, 519 - 5.1.1931.; ",,," ",0,0,,,0,0,0,0,,
1044,,"ATU 5, pl. 037, W 9123,w",tablet,"Uruk IV (ca. 3350-3200 BC)","Uruk (mod. Warka)",,,,,,,"VAT 14752",,,,,,,0,0,0,0,39.0,16.0,26.0,,,"W 09123,w","Qa XVI,3","unter der Abgleichung der Schicht III, 1,5 m über der Höhe des Kalksteinsockels, 4,5 m SW von erhaltener Ecke// t.a.q. IIIc",,,,,"Vorderasiatisches Museum, Berlin, Germany",,,Administrative,undetermined,clay,"Englund1994ATU5; Falkenstein1936ATU1; sec1029","primary; history; history","pl. 37, W 9123,w; 136; ","39x26x16 - same locus as W 9123,a1 - ATU 1, 136 - A. Vaiman, VDI 1974/2, 140 (=BagM 20, 123), no. 11 obv. - 5.1.1931.; ; ",,," ",0,0,,,0,0,0,0,,
1045,,"ATU 5, pl. 037, W 9123,x",tablet,"Uruk IV (ca. 3350-3200 BC)","Uruk (mod. Warka)",,,,,,,"VAT 15062",,,,,,,0,0,0,0,43.0,26.0,21.0,,,"W 09123,x","Qa XVI,3","unter der Abgleichung der Schicht III, 1,5 m über der Höhe des Kalksteinsockels, 4,5 m SW von erhaltener Ecke// t.a.q. IIIc",,,,,"Vorderasiatisches Museum, Berlin, Germany",,,Administrative,undetermined,clay,"Englund1994ATU5; Falkenstein1936ATU1","primary; history","pl. 37, W 9123,x; 505","43x21x26 - same locus as W 9123,a1 - ATU 1, 505 - 5.1.1931.; ",,," ",0,0,,,0,0,0,0,,
1046,,"ATU 5, pl. 037, W 9123,y",tablet,"Uruk IV (ca. 3350-3200 BC)","Uruk (mod. Warka)",,,,,,,"VAT 15073",,,,,,,0,0,0,0,47.0,20.0,26.0,,,"W 09123,y","Qa XVI,3","unter der Abgleichung der Schicht III, 1,5 m über der Höhe des Kalksteinsockels, 4,5 m SW von erhaltener Ecke// t.a.q. IIIc",,,,,"Vorderasiatisches Museum, Berlin, Germany",,,Administrative,undetermined,clay,"Englund1994ATU5; Falkenstein1936ATU1","primary; history","pl. 37, W 9123,y; 509","47x26x20 - same locus as W 9123,a1 - ATU 1, 509 - 5.1.1931.; ",,," ",0,0,,,0,0,0,0,,
1055,,"ATU 5, pl. 038, W 9123,?",tablet,"Uruk IV (ca. 3350-3200 BC)","Uruk (mod. Warka)",,,,,,,"VAT 21346",,,,,,,0,0,0,0,40.0,18.0,32.0,,,"W 09123,?","Qa XVI,3","unter der Abgleichung der Schicht III, 1,5 m über der Höhe des Kalksteinsockels, 4,5 m SW von erhaltener Ecke",,,,,"Vorderasiatisches Museum, Berlin, Germany",,,Administrative,undetermined,clay,Englund1994ATU5,primary,"pl. 38, W 9123,?","40x32x18 - same locus as W 9123,a1 - 5.1.1931 - note the erased numerical signs on lower edge and reverse of the tablet.",,," ",0,0,,,0,0,0,0,,
1050,,"ATU 5, pl. 038, W 9123,ac",tablet,"Uruk IV (ca. 3350-3200 BC)","Uruk (mod. Warka)",,,,,,,"VAT 14807",,,,,,,0,0,0,0,50.0,21.0,34.0,,,"W 09123,ac","Qa XVI,3","unter der Abgleichung der Schicht III, 1,5 m über der Höhe des Kalksteinsockels, 4,5 m SW von erhaltener Ecke// t.a.q. IIIc",,,,,"Vorderasiatisches Museum, Berlin, Germany",,,Administrative,undetermined,clay,"Englund1994ATU5; Falkenstein1936ATU1; sec1033","primary; history; history","pl. 38, W 9123,ac; 211; ","50x34x21 - same locus as W 9123,a1 - ATU 1, 211 - Frühe Schrift, p. 160, fig. 17b, no. 17.1 = Archaic Bookkeeping, p. 118, fig. 92 - 5.1.1931.; ; ",,," ",0,0,,,0,0,0,0,,
1051,,"ATU 5, pl. 038, W 9123,ad",tablet,"Uruk IV (ca. 3350-3200 BC)","Uruk (mod. Warka)",,,,,,,"VAT 14900",,,,,,,0,0,0,0,55.0,23.0,41.0,,,"W 09123,ad","Qa XVI,3","unter der Abgleichung der Schicht III, 1,5 m über der Höhe des Kalksteinsockels, 4,5 m SW von erhaltener Ecke// t.a.q. IIIc",,,,,"Vorderasiatisches Museum, Berlin, Germany",,,Administrative,undetermined,clay,"Englund1994ATU5; Falkenstein1936ATU1","primary; history","pl. 38, W 9123,ad; 378","55x41x23 - same locus as W 9123,a1 - ATU 1, 378 - 5.1.1931.; ",,," ",0,0,,,0,0,0,0,,
1052,,"ATU 5, pl. 038, W 9123,ae",tablet,"Uruk IV (ca. 3350-3200 BC)","Uruk (mod. Warka)",,,,,,,"VAT 15163",,,,,,,0,0,0,0,59.0,25.0,34.0,,,"W 09123,ae","Qa XVI,3","unter der Abgleichung der Schicht III, 1,5 m über der Höhe des Kalksteinsockels, 4,5 m SW von erhaltener Ecke// t.a.q. IIIc",,,,,"Vorderasiatisches Museum, Berlin, Germany",,,Administrative,undetermined,clay,"Englund1994ATU5; Falkenstein1936ATU1","primary; history","pl. 38, W 9123,ae; 528","59x34x25 - same locus as W 9123,a1 - ATU 1, 528 - 5.1.1931 - tablet rotated around vertical axis - note the probable total on the reverse with the collective qualification of grain rations GAR (ninda, beveled-rim bowl) together with other known qualifications; ",,," ",0,0,,,0,0,0,0,,
1053,,"ATU 5, pl. 038, W 9123,af",tablet,"Uruk IV (ca. 3350-3200 BC)","Uruk (mod. Warka)",,,,,,,"VAT 14972",,,,,,,0,0,0,0,27.0,22.0,30.0,,,"W 09123,af","Qa XVI,3","unter der Abgleichung der Schicht III, 1,5 m über der Höhe des Kalksteinsockels, 4,5 m SW von erhaltener Ecke// t.a.q. IIIc",,,,,"Vorderasiatisches Museum, Berlin, Germany",,,Administrative,undetermined,clay,"Englund1994ATU5; Falkenstein1936ATU1","primary; history","pl. 38, W 9123,af; 435","27x30x22 - same locus as W 9123,a1 - ATU 1, 435 - 5.1.1931.; ",,," ",0,0,,,0,0,0,0,,
1054,,"ATU 5, pl. 038, W 9123,ag",tablet,"Uruk IV (ca. 3350-3200 BC)","Uruk (mod. Warka)",,,,,,,"VAT 15165",,,,,,,0,0,0,0,55.0,24.0,46.0,,,"W 09123,ag","Qa XVI,3","unter der Abgleichung der Schicht III, 1,5 m über der Höhe des Kalksteinsockels, 4,5 m SW von erhaltener Ecke// t.a.q. IIIc",,,,,"Vorderasiatisches Museum, Berlin, Germany",,,Administrative,undetermined,clay,Englund1994ATU5,primary,"pl. 38, W 9123,ag","55x46x24 - same locus as W 9123,a1 - 5.1.1931 - VAT number written above a stricken VAT 17781.",,," ",0,0,,,0,0,0,0,,
1047,,"ATU 5, pl. 038, W 9123,z",tablet,"Uruk IV (ca. 3350-3200 BC)","Uruk (mod. Warka)",,,,,,,"VAT 15022",,,,,,,0,0,0,0,40.0,21.0,23.0,,,"W 09123,z","Qa XVI,3","unter der Abgleichung der Schicht III, 1,5 m über der Höhe des Kalksteinsockels, 4,5 m SW von erhaltener Ecke// t.a.q. IIIc",,,,,"Vorderasiatisches Museum, Berlin, Germany",,,Administrative,undetermined,clay,Englund1994ATU5,primary,"pl. 38, W 9123,z","40x23x21 - same locus as W 9123,a1 - 5.1.1931.",,," ",0,0,,,0,0,0,0,,
1061,,"ATU 5, pl. 039, W 9168,f",tablet,"Uruk IV (ca. 3350-3200 BC)","Uruk (mod. Warka)",,,,,,,"VAT 15284",,,,,,,0,0,0,0,28.0,13.0,33.0,,,"W 09168,f","Pb XVI,4","3 m über Kalkstein /Inventar/; bzw. 3 m über der Höhe des Kalksteinsockels, 1.95 unter den Urnammu-Bauten, auf Riemchen vom Format 22x9x9 /ATU 1 p.74/// t.a.q. II?",,,,,"Vorderasiatisches Museum, Berlin, Germany",,,Administrative,undetermined,clay,Englund1994ATU5,primary,"pl. 39, W 9168,f","28x33x13 - same locus as W 9168,a - 6.1.1931 - Uruk III.",,," ",0,0,,,0,0,0,0,,
1071,,"ATU 5, pl. 039, W 9168,p",tablet,"Uruk IV (ca. 3350-3200 BC)","Uruk (mod. Warka)",,,,,,,"VAT 15208",,,,,,,0,0,0,0,31.0,9.0,30.0,,,"W 09168,p","Pb XVI,4","3 m über Kalkstein /Inventar/; bzw. 3 m über der Höhe des Kalksteinsockels, 1.95 unter den Urnammu-Bauten, auf Riemchen vom Format 22x9x9 /ATU 1 p.74/// t.a.q. II?",,,,,"Vorderasiatisches Museum, Berlin, Germany",,,Administrative,undetermined,clay,Englund1994ATU5,primary,"pl. 39, W 9168,p","31x30x9 - same locus as W 9168,a - 6.1.1931 - Uruk III.",,," ",0,0,,,0,0,0,0,,
1073,,"ATU 5, pl. 041, W 9168,r",tablet,"Uruk IV (ca. 3350-3200 BC)","Uruk (mod. Warka)",,,,,,,"VAT 15215",,,,,,,0,0,0,0,20.0,11.0,22.0,,,"W 09168,r","Pb XVI,4","3 m über Kalkstein /Inventar/; bzw. 3 m über der Höhe des Kalksteinsockels, 1.95 unter den Urnammu-Bauten, auf Riemchen vom Format 22x9x9 /ATU 1 p.74/// t.a.q. II?",,,,,"Vorderasiatisches Museum, Berlin, Germany",,,Administrative,undetermined,clay,"Englund1994ATU5; Falkenstein1936ATU1","primary; history","pl. 41, W 9168,r; 587","20x22x11 - same locus as W 9168,a - ATU 1, 587 - 6.1.1931 - Uruk III.; ",,," ",0,0,,,0,0,0,0,,
1075,,"ATU 5, pl. 041, W 9168,t",tablet,"Uruk IV (ca. 3350-3200 BC)","Uruk (mod. Warka)",,,,,,,"VAT 15145",,,,,,,0,0,0,0,23.0,18.0,21.0,,,"W 09168,t","Pb XVI,4","3 m über Kalkstein /Inventar/; bzw. 3 m über der Höhe des Kalksteinsockels, 1.95 unter den Urnammu-Bauten, auf Riemchen vom Format 22x9x9 /ATU 1 p.74/// t.a.q. II?",,,,,"Vorderasiatisches Museum, Berlin, Germany",,,Administrative,undetermined,clay,"Englund1994ATU5; Falkenstein1936ATU1","primary; history","pl. 41, W 9168,t; 429","23x21x18 - same locus as W 9168,a - ATU 1, 429 - 6.1.1931 - Uruk III.; ",,," ",0,0,,,0,0,0,0,,
1078,,"ATU 5, pl. 042, W 9169,a",tablet,"Uruk IV (ca. 3350-3200 BC)","Uruk (mod. Warka)",,,,,,,"VAT 15121",,,,,,,0,0,0,0,35.0,22.0,30.0,,,"W 09169,a","Qa XVI,3","unter der Abgleichung der Schicht III, 1,5 m über der Höhe des Kalksteinsockels, bei Ostecke des Kalksteintempels// t.a.q. IIIc",,,,,"Vorderasiatisches Museum, Berlin, Germany",,,Administrative,undetermined,clay,"Englund1994ATU5; Falkenstein1936ATU1","primary; history","pl. 42, W 9169,a; 400","35x30x22 - Qa XVI,3, below the leveling of level III, 1.5 m above the height of the limestone base, near the eastern corner of the Limestone Temple - ATU 1, 400 - 6.1.1931.; ",,," ",0,0,,,0,0,0,0,,
1079,,"ATU 5, pl. 042, W 9169,b",tablet,"Uruk IV (ca. 3350-3200 BC)","Uruk (mod. Warka)",,,,,,,"VAT 15159",,,,,,,0,0,0,0,55.0,26.0,52.0,,,"W 09169,b","Qa XVI,3","unter der Abgleichung der Schicht III, 1,5 m über der Höhe des Kalksteinsockels, bei Ostecke des Kalksteintempels// t.a.q. IIIc",,,,,"Vorderasiatisches Museum, Berlin, Germany",,,Administrative,undetermined,clay,"Englund1994ATU5; Falkenstein1936ATU1","primary; history","pl. 42, W 9169,b; 371","55x52x26 - same locus as W 9169,a - ATU 1, 371 - 6.1.1931.; ",,," ",0,0,,,0,0,0,0,,
1080,,"ATU 5, pl. 042, W 9169,c",tablet,"Uruk IV (ca. 3350-3200 BC)","Uruk (mod. Warka)",,,,,,,"VAT 15008",,,,,,,0,0,0,0,89.0,31.0,60.0,,,"W 09169,c","Qa XVI,3","unter der Abgleichung der Schicht III, 1,5 m über der Höhe des Kalksteinsockels, bei Ostecke des Kalksteintempels// t.a.q. IIIc",,,,,"Vorderasiatisches Museum, Berlin, Germany",,,Administrative,undetermined,clay,"Englund1994ATU5; Falkenstein1936ATU1","primary; history","pl. 42, W 9169,c; 334","89x60x31 - same locus as W 9169,a - ATU 1, 334 - 6.1.1931 - see P. Damerow and R. Englund, ATU 2, p. 134, 138.; ",,," ",0,0,,,0,0,0,0,,
1081,,"ATU 5, pl. 042, W 9169,e",tablet,"Uruk IV (ca. 3350-3200 BC)","Uruk (mod. Warka)",,,,,,,"VAT 15151",,,,,,,0,0,0,0,43.0,22.0,17.0,,,"W 09169,e","Qa XVI,3","unter der Abgleichung der Schicht III, 1,5 m über der Höhe des Kalksteinsockels, bei Ostecke des Kalksteintempels// t.a.q. IIIc",,,,,"Vorderasiatisches Museum, Berlin, Germany",,,Administrative,undetermined,clay,"Englund1994ATU5; Falkenstein1936ATU1","primary; history","pl. 42, W 9169,e; 467","43x17x22 - same locus as W 9169,a - ATU 1, 467 - 6.1.1931.; ",,," ",0,0,,,0,0,0,0,,
1082,,"ATU 5, pl. 042, W 9169,f",tablet,"Uruk IV (ca. 3350-3200 BC)","Uruk (mod. Warka)",,,,,,,"VAT 14707",,,,,,,0,0,0,0,34.0,12.0,26.0,,,"W 09169,f","Qa XVI,3","unter der Abgleichung der Schicht III, 1,5 m über der Höhe des Kalksteinsockels, bei Ostecke des Kalksteintempels// t.a.q. IIIc",,,,,"Vorderasiatisches Museum, Berlin, Germany",,,Administrative,undetermined,clay,"Englund1994ATU5; Falkenstein1936ATU1","primary; history","pl. 42, W 9169,f; 34","34x26x12 - same locus as W 9169,a - ATU 1, 34 - 6.1.1931 - see the remarks to W 9123,b.; ",,," ",0,0,,,0,0,0,0,,
1083,,"ATU 5, pl. 043, W 9169,g",tablet,"Uruk IV (ca. 3350-3200 BC)","Uruk (mod. Warka)",,,,,,,"VAT 14958",,,,,,,0,0,0,0,47.0,26.0,28.0,,,"W 09169,g","Qa XVI,3","unter der Abgleichung der Schicht III, 1,5 m über der Höhe des Kalksteinsockels, bei Ostecke des Kalksteintempels// t.a.q. IIIc",,,,,"Vorderasiatisches Museum, Berlin, Germany",,,Administrative,undetermined,clay,"Englund1994ATU5; Falkenstein1936ATU1","primary; history","pl. 43, W 9169,g; 437","47x28x26 - same locus as W 9169,a - ATU 1, 437 - 6.1.1931.; ",,," ",0,0,,,0,0,0,0,,
1084,,"ATU 5, pl. 043, W 9169,h",tablet,"Uruk IV (ca. 3350-3200 BC)","Uruk (mod. Warka)",,,,,,,"VAT 15042",,,,,,,0,0,0,0,26.0,18.0,31.0,,,"W 09169,h","Qa XVI,3","unter der Abgleichung der Schicht III, 1,5 m über der Höhe des Kalksteinsockels, bei Ostecke des Kalksteintempels// t.a.q. IIIc",,,,,"Vorderasiatisches Museum, Berlin, Germany",,,Administrative,undetermined,clay,"Englund1994ATU5; Falkenstein1936ATU1","primary; history","pl. 43, W 9169,h; 447","26x31x18 - same locus as W 9169,a - ATU 1, 447 - 6.1.1931.; ",,," ",0,0,,,0,0,0,0,,
1085,,"ATU 5, pl. 043, W 9169,i",tablet,"Uruk IV (ca. 3350-3200 BC)","Uruk (mod. Warka)",,,,,,,"VAT 15152",,,,,,,0,0,0,0,37.0,23.0,28.0,,,"W 09169,i","Qa XVI,3","unter der Abgleichung der Schicht III, 1,5 m über der Höhe des Kalksteinsockels, bei Ostecke des Kalksteintempels// t.a.q. IIIc",,,,,"Vorderasiatisches Museum, Berlin, Germany",,,Administrative,undetermined,clay,Englund1994ATU5,primary,"pl. 43, W 9169,i","37x28x23 - same locus as W 9169,a - 6.1.1931 - VAT number written above stricken VAT 17798.",,," ",0,0,,,0,0,0,0,,
1087,,"ATU 5, pl. 043, W 9169,l",tablet,"Uruk IV (ca. 3350-3200 BC)","Uruk (mod. Warka)",,,,,,,"VAT 15270",,,,,,,0,0,0,0,46.0,22.0,23.0,,,"W 09169,l","Qa XVI,3","unter der Abgleichung der Schicht III, 1,5 m über der Höhe des Kalksteinsockels, bei Ostecke des Kalksteintempels// t.a.q. IIIc",,,,,"Vorderasiatisches Museum, Berlin, Germany",,,Administrative,undetermined,clay,Englund1994ATU5,primary,"pl. 43, W 9169,l","46x23x22 - same locus as W 9169,a - 6.1.1931.",,," ",0,0,,,0,0,0,0,,
1088,,"ATU 5, pl. 043, W 9169,m+",tablet,"Uruk IV (ca. 3350-3200 BC)","Uruk (mod. Warka)",,,,,,,"VAT 15366",,,,,,,0,0,0,0,53.0,25.0,54.0,,,"W 09169,m + W 09335,k","Qa XVI,3","unter der Abgleichung der Schicht III, 1,5 m über der Höhe des Kalksteinsockels, bei Ostecke des Kalksteintempels// t.a.q. IIIc",,,,,"Vorderasiatisches Museum, Berlin, Germany",,,Administrative,undetermined,clay,"Englund1994ATU5; Falkenstein1936ATU1","primary; history","pl. 43, W 9169,m+; 560","53x54x25 - same locus as W 9169,a - ATU 1, 560 - 6.1.1931.; ",,," ",0,0,,,0,0,0,0,,
1089,,"ATU 5, pl. 043, W 9169,n",tablet,"Uruk IV (ca. 3350-3200 BC)","Uruk (mod. Warka)",,,,,,,"VAT 15144",,,,,,,0,0,0,0,29.0,21.0,28.0,,,"W 09169,n","Qa XVI,3","unter der Abgleichung der Schicht III, 1,5 m über der Höhe des Kalksteinsockels, bei Ostecke des Kalksteintempels// t.a.q. IIIc",,,,,"Vorderasiatisches Museum, Berlin, Germany",,,Administrative,undetermined,clay,"Englund1994ATU5; Falkenstein1936ATU1","primary; history","pl. 43, W 9169,n; 451","29x28x21 - same locus as W 9169,a - ATU 1, 451 - 6.1.1931.; ",,," ",0,0,,,0,0,0,0,,
1090,,"ATU 5, pl. 043, W 9169,o",tablet,"Uruk IV (ca. 3350-3200 BC)","Uruk (mod. Warka)",,,,,,,"VAT 15036",,,,,,,0,0,0,0,15.0,11.0,23.0,,,"W 09169,o","Qa XVI,3","unter der Abgleichung der Schicht III, 1,5 m über der Höhe des Kalksteinsockels, bei Ostecke des Kalksteintempels// t.a.q. IIIc",,,,,"Vorderasiatisches Museum, Berlin, Germany",,,Administrative,undetermined,clay,Englund1994ATU5,primary,"pl. 43, W 9169,o","15x23x11 - same locus as W 9169,a - 6.1.1931.",,," ",0,0,,,0,0,0,0,,
1102,,"ATU 5, pl. 044, W 9169,aa",tablet,"Uruk IV (ca. 3350-3200 BC)","Uruk (mod. Warka)",,,,,,,"VAT 15197",,,,,,,0,0,0,0,61.0,16.0,41.0,,,"W 09169,aa","Qa XVI,3","unter der Abgleichung der Schicht III, 1,5 m über der Höhe des Kalksteinsockels, bei Ostecke des Kalksteintempels// t.a.q. IIIc",,,,,"Vorderasiatisches Museum, Berlin, Germany",,,Administrative,undetermined,clay,Englund1994ATU5,primary,"pl. 44, W 9169,aa","61x41x16 - same locus as W 9169,a - 6.1.1931.",,," ",0,0,,,0,0,0,0,,
1103,,"ATU 5, pl. 044, W 9169,ab",tablet,"Uruk IV (ca. 3350-3200 BC)","Uruk (mod. Warka)",,,,,,,"VAT 15202",,,,,,,0,0,0,0,38.0,16.0,42.0,,,"W 09169,ab","Qa XVI,3","unter der Abgleichung der Schicht III, 1,5 m über der Höhe des Kalksteinsockels, bei Ostecke des Kalksteintempels// t.a.q. IIIc",,,,,"Vorderasiatisches Museum, Berlin, Germany",,,Administrative,undetermined,clay,Englund1994ATU5,primary,"pl. 44, W 9169,ab","38x42x16 - same locus as W 9169,a - 6.1.1931.",,," ",0,0,,,0,0,0,0,,
1091,,"ATU 5, pl. 044, W 9169,p+",tablet,"Uruk IV (ca. 3350-3200 BC)","Uruk (mod. Warka)",,,,,,,"VAT 15353",,,,,,,0,0,0,0,33.0,19.0,32.0,,,"W 09169,p + W 09169,s","Qa XVI,3","unter der Abgleichung der Schicht III, 1,5 m über der Höhe des Kalksteinsockels, bei Ostecke des Kalksteintempels// t.a.q. IIIc",,,,,"Vorderasiatisches Museum, Berlin, Germany",,,Administrative,undetermined,clay,"Englund1994ATU5; Falkenstein1936ATU1","primary; history","pl. 44, W 9169,p+; 562","33x32x19 - same locus as W 9169,a - ATU 1, 562 - 6.1.1931.; ",,," ",0,0,,,0,0,0,0,,
1092,,"ATU 5, pl. 044, W 9169,q",tablet,"Uruk IV (ca. 3350-3200 BC)","Uruk (mod. Warka)",,,,,,,"VAT 15034",,,,,,,0,0,0,0,13.0,11.0,18.0,,,"W 09169,q","Qa XVI,3","unter der Abgleichung der Schicht III, 1,5 m über der Höhe des Kalksteinsockels, bei Ostecke des Kalksteintempels// t.a.q. IIIc",,,,,"Vorderasiatisches Museum, Berlin, Germany",,,Administrative,undetermined,clay,Englund1994ATU5,primary,"pl. 44, W 9169,q","13x18x11 - same locus as W 9169,a - VAT number written above stricken VAT 17804.",,," ",0,0,,,0,0,0,0,,
1093,,"ATU 5, pl. 044, W 9169,r",tablet,"Uruk IV (ca. 3350-3200 BC)","Uruk (mod. Warka)",,,,,,,"VAT 15148",,,,,,,0,0,0,0,34.0,15.0,34.0,,,"W 09169,r","Qa XVI,3","unter der Abgleichung der Schicht III, 1,5 m über der Höhe des Kalksteinsockels, bei Ostecke des Kalksteintempels// t.a.q. IIIc",,,,,"Vorderasiatisches Museum, Berlin, Germany",,,Administrative,undetermined,clay,Englund1994ATU5,primary,"pl. 44, W 9169,r","34x34x15 - same locus as W 9169,a - 6.1.1931.",,," ",0,0,,,0,0,0,0,,
1095,,"ATU 5, pl. 044, W 9169,t",tablet,"Uruk IV (ca. 3350-3200 BC)","Uruk (mod. Warka)",,,,,,,"VAT 15295",,,,,,,0,0,0,0,34.0,19.0,27.0,,,"W 09169,t","Qa XVI,3","unter der Abgleichung der Schicht III, 1,5 m über der Höhe des Kalksteinsockels, bei Ostecke des Kalksteintempels// t.a.q. IIIc",,,,,"Vorderasiatisches Museum, Berlin, Germany",,,Administrative,undetermined,clay,Englund1994ATU5,primary,"pl. 44, W 9169,t","34x27x19 - same locus as W 9169,a - 6.1.1931.",,," ",0,0,,,0,0,0,0,,
1096,,"ATU 5, pl. 044, W 9169,u",tablet,"Uruk IV (ca. 3350-3200 BC)","Uruk (mod. Warka)",,,,,,,"VAT 15228",,,,,,,0,0,0,0,28.0,20.0,32.0,,,"W 09169,u","Qa XVI,3","unter der Abgleichung der Schicht III, 1,5 m über der Höhe des Kalksteinsockels, bei Ostecke des Kalksteintempels// t.a.q. IIIc",,,,,"Vorderasiatisches Museum, Berlin, Germany",,,Administrative,undetermined,clay,Englund1994ATU5,primary,"pl. 44, W 9169,u","28x32x20 - same locus as W 9169,a - 6.1.1931.",,," ",0,0,,,0,0,0,0,,
1097,,"ATU 5, pl. 044, W 9169,v",tablet,"Uruk IV (ca. 3350-3200 BC)","Uruk (mod. Warka)",,,,,,,"VAT 15343",,,,,,,0,0,0,0,34.0,21.0,24.0,,,"W 09169,v","Qa XVI,3","unter der Abgleichung der Schicht III, 1,5 m über der Höhe des Kalksteinsockels, bei Ostecke des Kalksteintempels// t.a.q. IIIc",,,,,"Vorderasiatisches Museum, Berlin, Germany",,,Administrative,undetermined,clay,Englund1994ATU5,primary,"pl. 44, W 9169,v","34x24x21 - same locus as W 9169,a - 6.1.1931.",,," ",0,0,,,0,0,0,0,,
1098,,"ATU 5, pl. 044, W 9169,w",tablet,"Uruk IV (ca. 3350-3200 BC)","Uruk (mod. Warka)",,,,,,,"VAT 15140",,,,,,,0,0,0,0,41.0,26.0,21.0,,,"W 09169,w","Qa XVI,3","unter der Abgleichung der Schicht III, 1,5 m über der Höhe des Kalksteinsockels, bei Ostecke des Kalksteintempels// t.a.q. IIIc",,,,,"Vorderasiatisches Museum, Berlin, Germany",,,Administrative,undetermined,clay,"Englund1994ATU5; Falkenstein1936ATU1","primary; history","pl. 44, W 9169,w; 443","41x21x26 - same locus as W 9169,a - ATU 1, 443 - 6.1.1931.; ",,," ",0,0,,,0,0,0,0,,
1130,,"ATU 5, pl. 045, W 9169,?1",tablet,"Uruk IV (ca. 3350-3200 BC)","Uruk (mod. Warka)",,,,,,S999999,"VAT 15331",,,,,,,0,0,0,0,23.0,20.0,17.0,,,"W 09169,?1","Qa XVI,3","unter der Abgleichung der Schicht III, 1,5 m über der Höhe des Kalksteinsockels, bei Ostecke des Kalksteintempels",,,,,"Vorderasiatisches Museum, Berlin, Germany",,,Administrative,undetermined,clay,Englund1994ATU5,primary,"pl. 45, W 9169,?1","23x17x20 - same locus as W 9169,a - 6.1.1931 - sealed fragment.",,," ",0,0,,,0,0,0,0,,
1104,,"ATU 5, pl. 045, W 9169,ac1",tablet,"Uruk IV (ca. 3350-3200 BC)","Uruk (mod. Warka)",,,,,,,"VAT 15027",,,,,,,0,0,0,0,44.0,23.0,50.0,,,"W 09169,ac1","Qa XVI,3","unter der Abgleichung der Schicht III, 1,5 m über der Höhe des Kalksteinsockels, bei Ostecke des Kalksteintempels// t.a.q. IIIc",,,,,"Vorderasiatisches Museum, Berlin, Germany",,,Administrative,undetermined,clay,"Englund1994ATU5; Falkenstein1936ATU1","primary; history","pl. 45, W 9169,ac1; 374","44x50x23 - same locus as W 9169,a - ATU 1, 374 - 6.1.1931 - both this and the following tablet bore the excavation number ""W 9169,ac"".; ",,," ",0,0,,,0,0,0,0,,
1106,,"ATU 5, pl. 045, W 9169,ad",tablet,"Uruk IV (ca. 3350-3200 BC)","Uruk (mod. Warka)",,,,,,,"VAT 15273",,,,,,,0,0,0,0,37.0,24.0,36.0,,,"W 09169,ad","Qa XVI,3","unter der Abgleichung der Schicht III, 1,5 m über der Höhe des Kalksteinsockels, bei Ostecke des Kalksteintempels// t.a.q. IIIc",,,,,"Vorderasiatisches Museum, Berlin, Germany",,,Administrative,undetermined,clay,Englund1994ATU5,primary,"pl. 45, W 9169,ad","37x36x24 - same locus as W 9169,a - 6.1.1931 - VAT number written above stricken VAT 17797.",,," ",0,0,,,0,0,0,0,,
1107,,"ATU 5, pl. 045, W 9169,ae",tablet,"Uruk IV (ca. 3350-3200 BC)","Uruk (mod. Warka)",,,,,,,"VAT 15281",,,,,,,0,0,0,0,32.0,10.0,41.0,,,"W 09169,ae","Qa XVI,3","unter der Abgleichung der Schicht III, 1,5 m über der Höhe des Kalksteinsockels, bei Ostecke des Kalksteintempels// t.a.q. IIIc",,,,,"Vorderasiatisches Museum, Berlin, Germany",,,Administrative,undetermined,clay,Englund1994ATU5,primary,"pl. 45, W 9169,ae","32x41x10 - same locus as W 9169,a - 6.1.1931.",,," ",0,0,,,0,0,0,0,,
1112,,"ATU 5, pl. 045, W 9169,ak",tablet,"Uruk IV (ca. 3350-3200 BC)","Uruk (mod. Warka)",,,,,,,"VAT 15035",,,,,,,0,0,0,0,21.0,13.0,16.0,,,"W 09169,ak","Qa XVI,3","unter der Abgleichung der Schicht III, 1,5 m über der Höhe des Kalksteinsockels, bei Ostecke des Kalksteintempels// t.a.q. IIIc",,,,,"Vorderasiatisches Museum, Berlin, Germany",,,Administrative,undetermined,clay,Englund1994ATU5,primary,"pl. 45, W 9169,ak","21x16x13 - same locus as W 9169,a - 6.1.1931.",,," ",0,0,,,0,0,0,0,,
1113,,"ATU 5, pl. 045, W 9169,al",tablet,"Uruk IV (ca. 3350-3200 BC)","Uruk (mod. Warka)",,,,,,,"VAT 14666",,,,,,,0,0,0,0,21.0,14.0,35.0,,,"W 09169,al","Qa XVI,3","unter der Abgleichung der Schicht III, 1,5 m über der Höhe des Kalksteinsockels, bei Ostecke des Kalksteintempels// t.a.q. IIIc",,,,,"Vorderasiatisches Museum, Berlin, Germany",,,Administrative,undetermined,clay,"Englund1994ATU5; Falkenstein1936ATU1; sec1062","primary; history; history","pl. 45, W 9169,al; 108; ","21x35x14 - same locus as W 9169,a - ATU 1, 108 - A. Vaiman, VDI 1974/2, 140 (=BagM 20, 123), no. 15 obv. - 6.1.1931.; ; ",,," ",0,0,,,0,0,0,0,,
1122,,"ATU 5, pl. 045, W 9169,au",tablet,"Uruk IV (ca. 3350-3200 BC)","Uruk (mod. Warka)",,,,,,,"VAT 15321",,,,,,,0,0,0,0,15.0,15.0,17.0,,,"W 09169,au","Qa XVI,3","unter der Abgleichung der Schicht III, 1,5 m über der Höhe des Kalksteinsockels, bei Ostecke des Kalksteintempels// t.a.q. IIIc",,,,,"Vorderasiatisches Museum, Berlin, Germany",,,Administrative,undetermined,clay,Englund1994ATU5,primary,"pl. 45, W 9169,au","15x17x15 - same locus as W 9169,a - 6.1.1931 - ""waster.""",,," ",0,0,,,0,0,0,0,,
1123,,"ATU 5, pl. 045, W 9169,av",tablet,"Uruk IV (ca. 3350-3200 BC)","Uruk (mod. Warka)",,,,,,,"VAT 15199",,,,,,,0,0,0,0,45.0,20.0,43.0,,,"W 09169,av","Qa XVI,3","unter der Abgleichung der Schicht III, 1,5 m über der Höhe des Kalksteinsockels, bei Ostecke des Kalksteintempels// t.a.q. IIIc",,,,,"Vorderasiatisches Museum, Berlin, Germany",,,Administrative,undetermined,clay,"Englund1994ATU5; Falkenstein1936ATU1","primary; history","pl. 45, W 9169,av; 415","45x43x20 - same locus as W 9169,a - ATU 1, 415 - 6.1.1931.; ",,," ",0,0,,,0,0,0,0,,
1125,,"ATU 5, pl. 045, W 9169,ax",tablet,"Uruk IV (ca. 3350-3200 BC)","Uruk (mod. Warka)",,,,,,,"VAT 15296",,,,,,,0,0,0,0,13.0,12.0,13.0,,,"W 09169,ax","Qa XVI,3","unter der Abgleichung der Schicht III, 1,5 m über der Höhe des Kalksteinsockels, bei Ostecke des Kalksteintempels// t.a.q. IIIc",,,,,"Vorderasiatisches Museum, Berlin, Germany",,,Administrative,undetermined,clay,Englund1994ATU5,primary,"pl. 45, W 9169,ax","13x13x12 - same locus as W 9169,a - 6.1.1931.",,," ",0,0,,,0,0,0,0,,
1133,,"ATU 5, pl. 046, W 9206,a1",tablet,"Uruk IV (ca. 3350-3200 BC)","Uruk (mod. Warka)",,,,,,,"VAT 14832",,,,,,,0,0,0,0,37.0,13.0,26.0,,,"W 09206,a1","Qa XVI,3","unter der Abgleichung der Schicht III, 1,5 m über der Höhe des Kalksteinsockels// t.a.q. IIIc",,,,,"Vorderasiatisches Museum, Berlin, Germany",,,Administrative,undetermined,clay,"Englund1994ATU5; Falkenstein1936ATU1","primary; history","pl. 46, W 9206,a1; 103","37x26x13 - Qa XVI,3, below the leveling of level III, 1.5 m above the height of the limestone base - ATU 1, 103 - 7.1.1931 - this and the following tablet bore the excavation number ""W 9206,a"".; ",,," ",0,0,,,0,0,0,0,,
1134,,"ATU 5, pl. 046, W 9206,a2",tablet,"Uruk IV (ca. 3350-3200 BC)","Uruk (mod. Warka)",,,,,,,"VAT 21375",,,,,,,0,0,0,0,32.0,23.0,16.0,,,"W 09206,a2","Qa XVI,3","unter der Abgleichung der Schicht III, 1,5 m über der Höhe des Kalksteinsockels",,,,,"Vorderasiatisches Museum, Berlin, Germany",,,Administrative,undetermined,clay,Englund1994ATU5,primary,"pl. 46, W 9206,a2","32x16x23 - same locus W 9206,a1 - 7.1.1931.",,," ",0,0,,,0,0,0,0,,
1135,,"ATU 5, pl. 046, W 9206,b",tablet,"Uruk IV (ca. 3350-3200 BC)","Uruk (mod. Warka)",,,,,,,"VAT 15185",,,,,,,0,0,0,0,49.0,21.0,41.0,,,"W 09206,b","Qa XVI,3","unter der Abgleichung der Schicht III, 1,5 m über der Höhe des Kalksteinsockels// t.a.q. IIIc",,,,,"Vorderasiatisches Museum, Berlin, Germany",,,Administrative,undetermined,clay,"Englund1994ATU5; Falkenstein1936ATU1","primary; history","pl. 46, W 9206,b; 552","49x41x21 - same locus as W 9206,a1 - ATU 1, 552 - 7.1.1931 - the join ATU 1, 463 (W 9312,n1) + 552 proposed by J. Friberg, The Early Roots of Babylonian Mathematics 1 (Göteborg 1978) 42, seems due to numerical signs of apparently different sizes unlikely - a j; ",ARMEP,X001135," ",0,0,,,0,0,0,0,,
1136,,"ATU 5, pl. 046, W 9206,c",tablet,"Uruk IV (ca. 3350-3200 BC)","Uruk (mod. Warka)",,,,,,,"VAT 14770",,,,,,,0,0,0,0,51.0,19.0,37.0,,,"W 09206,c","Qa XVI,3","unter der Abgleichung der Schicht III, 1,5 m über der Höhe des Kalksteinsockels// t.a.q. IIIc",,,,,"Vorderasiatisches Museum, Berlin, Germany",,,Administrative,undetermined,clay,"Englund1994ATU5; Englund1998OBO160/1; Falkenstein1936ATU1","primary; history; history","pl. 46, W 9206,c; p. 160 fig. 55; 85","51x37x19 - same locus as W 9206,a1 - ATU 1, 85 - 7.1.1931 - an account of fats, possibly lard or dairy fats (cp. the texts W 9393,e [sheep], 9579,ad, 9579,ah, 9579,dn, 9579,dy, 9656,as [sheep and goats], and 9656,eq [cows]).; copy; ",,," ",0,0,,,0,0,0,0,,
1137,,"ATU 5, pl. 046, W 9206,d",tablet,"Uruk IV (ca. 3350-3200 BC)","Uruk (mod. Warka)",,,,,,,"VAT 14660",,,,,,,0,0,0,0,25.0,11.0,25.0,,,"W 09206,d","Qa XVI,3","unter der Abgleichung der Schicht III, 1,5 m über der Höhe des Kalksteinsockels// t.a.q. IIIc",,,,,"Vorderasiatisches Museum, Berlin, Germany",,,Administrative,undetermined,clay,"Englund1994ATU5; Falkenstein1936ATU1; sec1069","primary; history; history","pl. 46, W 9206,d; 107; ","25x25x11 - same locus as W 9206,a1 - ATU 1, 107 - M. Lambert, Archéologia 12 (9-10.1966) 29 - 7.1.1931.; ; ",,," ",0,0,,,0,0,0,0,,
1138,,"ATU 5, pl. 046, W 9206,e",tablet,"Uruk IV (ca. 3350-3200 BC)","Uruk (mod. Warka)",,,,,,,"VAT 14801",,,,,,,0,0,0,0,40.0,16.0,31.0,,,"W 09206,e","Qa XVI,3","unter der Abgleichung der Schicht III, 1,5 m über der Höhe des Kalksteinsockels// t.a.q. IIIc",,,,,"Vorderasiatisches Museum, Berlin, Germany",,,Administrative,undetermined,clay,"Englund1994ATU5; Falkenstein1936ATU1","primary; history","pl. 46, W 9206,e; 222","40x31x16 - same locus as W 9206,a1 - ATU 1, 222 - 7.1.1931 - text with numerical notations in the EN system together with use of an accounting(?) line on corner of reverse.; ",,," ",0,0,,,0,0,0,0,,
1139,,"ATU 5, pl. 046, W 9206,f",tablet,"Uruk IV (ca. 3350-3200 BC)","Uruk (mod. Warka)",,,,,,,"VAT 15093",,,,,,,0,0,0,0,26.0,26.0,35.0,,,"W 09206,f","Qa XVI,3","unter der Abgleichung der Schicht III, 1,5 m über der Höhe des Kalksteinsockels// t.a.q. IIIc",,,,,"Vorderasiatisches Museum, Berlin, Germany",,,Administrative,undetermined,clay,"Englund1994ATU5; Falkenstein1936ATU1","primary; history","pl. 46, W 9206,f; 498","26x35x26 - same locus as W 9206,a1 - ATU 1, 498 - 7.1.1931.; ",,," ",0,0,,,0,0,0,0,,
1140,,"ATU 5, pl. 046, W 9206,g",tablet,"Uruk IV (ca. 3350-3200 BC)","Uruk (mod. Warka)",,,,,,,"VAT 14715",,,,,,,0,0,0,0,31.0,12.0,23.0,,,"W 09206,g","Qa XVI,3","unter der Abgleichung der Schicht III, 1,5 m über der Höhe des Kalksteinsockels// t.a.q. IIIc",,,,,"Vorderasiatisches Museum, Berlin, Germany",,,Administrative,undetermined,clay,"Englund1994ATU5; Falkenstein1936ATU1","primary; history","pl. 46, W 9206,g; 13","31x23x12 - same locus as W 9206,a1 - ATU 1, 13 - 7.1.1931.; ",,," ",0,0,,,0,0,0,0,,
1141,,"ATU 5, pl. 046, W 9206,h",tablet,"Uruk IV (ca. 3350-3200 BC)","Uruk (mod. Warka)",,,,,,,"VAT 15082",,,,,,,0,0,0,0,60.0,28.0,44.0,,,"W 09206,h","Qa XVI,3","unter der Abgleichung der Schicht III, 1,5 m über der Höhe des Kalksteinsockels// t.a.q. IIIc",,,,,"Vorderasiatisches Museum, Berlin, Germany",,,Administrative,undetermined,clay,"Englund1994ATU5; Falkenstein1936ATU1; sec1074","primary; history; citation","pl. 46, W 9206,h; 388; ","60x44x28 - same locus as W 9206,a1 - ATU 1, 388 - 7.1.1931 - ""waster"" squashed and discarded in antiquity.; ; ",,," ",0,0,,,0,0,0,0,,
1153,,"ATU 5, pl. 047, W 9206,?2",tablet,"Uruk IV (ca. 3350-3200 BC)","Uruk (mod. Warka)",,,,,,,"VAT 21414",,,,,,,0,0,0,0,61.0,25.0,25.0,,,"W 09206,?2","Qa XVI,3","unter der Abgleichung der Schicht III, 1,5 m über der Höhe des Kalksteinsockels",,,,,"Vorderasiatisches Museum, Berlin, Germany",,,Administrative,undetermined,clay,Englund1994ATU5,primary,"pl. 47, W 9206,?2","61x25x25 - same locus as W 9206,a1 - 7.1.1931 - the tablet only bears the excavation number ""W 9206.""",,," ",0,0,,,0,0,0,0,,
1143,,"ATU 5, pl. 047, W 9206,l",tablet,"Uruk IV (ca. 3350-3200 BC)","Uruk (mod. Warka)",,,,,,,"VAT 15122",,,,,,,0,0,0,0,22.0,20.0,17.0,,,"W 09206,l","Qa XVI,3","unter der Abgleichung der Schicht III, 1,5 m über der Höhe des Kalksteinsockels// t.a.q. IIIc",,,,,"Vorderasiatisches Museum, Berlin, Germany",,,Administrative,undetermined,clay,Englund1994ATU5,primary,"pl. 47, W 9206,l","22x17x20 - same locus as W 9206,a1 - 7.1.1931 - the ideogram is possibly BA.",,," ",0,0,,,0,0,0,0,,
1147,,"ATU 5, pl. 047, W 9206,p",tablet,"Uruk IV (ca. 3350-3200 BC)","Uruk (mod. Warka)",,,,,,,"VAT 15049",,,,,,,0,0,0,0,36.0,16.0,42.0,,,"W 09206,p","Qa XVI,3","unter der Abgleichung der Schicht III, 1,5 m über der Höhe des Kalksteinsockels// t.a.q. IIIc",,,,,"Vorderasiatisches Museum, Berlin, Germany",,,Administrative,undetermined,clay,"Englund1994ATU5; Falkenstein1936ATU1","primary; history","pl. 47, W 9206,p; 413","36x42x16 - same locus as W 9206,a1 - ATU 1, 413 - 7.1.1931.; ",,," ",0,0,,,0,0,0,0,,
1149,,"ATU 5, pl. 047, W 9206,r",tablet,"Uruk IV (ca. 3350-3200 BC)","Uruk (mod. Warka)",,,,,,,"VAT 15334",,,,,,,0,0,0,0,20.0,13.0,19.0,,,"W 09206,r","Qa XVI,3","unter der Abgleichung der Schicht III, 1,5 m über der Höhe des Kalksteinsockels// t.a.q. IIIc",,,,,"Vorderasiatisches Museum, Berlin, Germany",,,Administrative,undetermined,clay,Englund1994ATU5,primary,"pl. 47, W 9206,r","20x19x13 - same locus as W 9206,a1 - 7.1.1931.",,," ",0,0,,,0,0,0,0,,
1150,,"ATU 5, pl. 047, W 9206,s",tablet,"Uruk IV (ca. 3350-3200 BC)","Uruk (mod. Warka)",,,,,,,"VAT 15160",,,,,,,0,0,0,0,33.0,25.0,45.0,,,"W 09206,s","Qa XVI,3","unter der Abgleichung der Schicht III, 1,5 m über der Höhe des Kalksteinsockels// t.a.q. IIIc",,,,,"Vorderasiatisches Museum, Berlin, Germany",,,Administrative,undetermined,clay,"Englund1994ATU5; Falkenstein1936ATU1","primary; history","pl. 47, W 9206,s; 283","33x45x25 - same locus as W 9206,a1 - ATU 1, 283 - 7.1.1931.; ",,," ",0,0,,,0,0,0,0,,
1151,,"ATU 5, pl. 047, W 9206,t",tablet,"Uruk IV (ca. 3350-3200 BC)","Uruk (mod. Warka)",,,,,,,"VAT 15351",,,,,,,0,0,0,0,54.0,25.0,29.0,,,"W 09206,t","Qa XVI,3","unter der Abgleichung der Schicht III, 1,5 m über der Höhe des Kalksteinsockels// t.a.q. IIIc",,,,,"Vorderasiatisches Museum, Berlin, Germany",,,Administrative,undetermined,clay,"Englund1994ATU5; Falkenstein1936ATU1","primary; history","pl. 47, W 9206,t; 453","54x29x25 - same locus as W 9206,a1 - ATU 1, 453 - 7.1.1931.; ",,," ",0,0,,,0,0,0,0,,
1156,,"ATU 5, pl. 048, W 9311,a",tablet,"Uruk IV (ca. 3350-3200 BC)","Uruk (mod. Warka)",,,,,,,"VAT 14994",,,,,,,0,0,0,0,73.0,26.0,49.0,,,"W 09311,a","Qa XVI,3","unter der Abgleichung der Schicht III, 1,5 m über der Höhe des Kalksteinsockels// t.a.q. IIIc",,,,,"Vorderasiatisches Museum, Berlin, Germany",,,Administrative,undetermined,clay,"Englund1994ATU5; Falkenstein1936ATU1","primary; history","pl. 48, W 9311,a; 341","73x49x26 - Qa XVI,3, below the leveling of level III - ATU 1, 341 - 12.1.1931.; ",,," ",0,0,,,0,0,0,0,,
1157,,"ATU 5, pl. 048, W 9311,b",tablet,"Uruk IV (ca. 3350-3200 BC)","Uruk (mod. Warka)",,,,,,,"VAT 14899",,,,,,,0,0,0,0,61.0,28.0,44.0,,,"W 09311,b","Qa XVI,3","unter der Abgleichung der Schicht III, 1,5 m über der Höhe des Kalksteinsockels// t.a.q. IIIc",,,,,"Vorderasiatisches Museum, Berlin, Germany",,,Administrative,undetermined,clay,"Englund1994ATU5; Falkenstein1936ATU1; sec1080","primary; history; citation","pl. 48, W 9311,b; 251; ","61x44x28 - same locus as W 9311,a - ATU 1, 251 - 12.1.1931.; ; ",,," ",0,0,,,0,0,0,0,,
1158,,"ATU 5, pl. 048, W 9311,c",tablet,"Uruk IV (ca. 3350-3200 BC)","Uruk (mod. Warka)",,,,,,,"VAT 14906",,,,,,,0,0,0,0,72.0,26.0,49.0,,,"W 09311,c","Qa XVI,3","unter der Abgleichung der Schicht III, 1,5 m über der Höhe des Kalksteinsockels// t.a.q. IIIc",,,,,"Vorderasiatisches Museum, Berlin, Germany",,,Administrative,undetermined,clay,"Englund1994ATU5; Falkenstein1936ATU1; sec1082","primary; history; history","pl. 48, W 9311,c; 312; ","72x49x26 - same locus as W 9311,a - ATU 1, 312 - L. Jakob-Rost, Sumerische Kunst (Berlin 1966) pl. 1, obv. photo - D. Schmandt-Besserat, Before Writing vol. 1, p. 13, fig. 10, obv. photo - 12.1.1931 - the text records two types of either beer or dairy fats cons; ; ",,," ",0,0,,,0,0,0,0,,
1159,,"ATU 5, pl. 048, W 9311,d",tablet,"Uruk IV (ca. 3350-3200 BC)","Uruk (mod. Warka)",,,,,,,"VAT 14904",,,,,,,0,0,0,0,61.0,27.0,40.0,,,"W 09311,d","Qa XVI,3","unter der Abgleichung der Schicht III, 1,5 m über der Höhe des Kalksteinsockels// t.a.q. IIIc",,,,,"Vorderasiatisches Museum, Berlin, Germany",,,Administrative,undetermined,clay,"Englund1994ATU5; Falkenstein1936ATU1","primary; history","pl. 48, W 9311,d; 526","61x40x27 - same locus as W 9311,a - ATU 1, 526 - 12.1.1931.; ",,," ",0,0,,,0,0,0,0,,
1160,,"ATU 5, pl. 049, W 9311,e",tablet,"Uruk IV (ca. 3350-3200 BC)","Uruk (mod. Warka)",,,,,,,"VAT 14932",,,,,,,0,0,0,0,53.0,22.0,38.0,,,"W 09311,e","Qa XVI,3","unter der Abgleichung der Schicht III, 1,5 m über der Höhe des Kalksteinsockels",,,,,"Vorderasiatisches Museum, Berlin, Germany",,,Administrative,undetermined,clay,"Englund1994ATU5; Falkenstein1936ATU1","primary; history","pl. 49, W 9311,e; 316","53x38x22 - same locus as W 9311,a - ATU 1, 316 - 12.1.1931 - there is no obvious connection between the entries on the obverse of the text and the apparent total of beer jugs DUGc on the reverse, but note the relationship of 12 SUˆUR = 1 DUGc in the text W 20; ",,," ",0,0,,,0,0,0,0,,
1161,,"ATU 5, pl. 049, W 9311,f+",tablet,"Uruk IV (ca. 3350-3200 BC)","Uruk (mod. Warka)",,,,,,,"VAT 14968 + VAT 15352",,,,,,,0,0,0,0,50.0,24.0,39.0,,,"W 09311,f +","Qa XVI,3","unter der Abgleichung der Schicht III, 1,5 m über der Höhe des Kalksteinsockels// t.a.q. IIIc",,,,,"Vorderasiatisches Museum, Berlin, Germany",,,Administrative,undetermined,clay,"Englund1994ATU5; Falkenstein1936ATU1","primary; history","pl. 49, W 9311,f+; 354","50x39x24 - same locus as W 9311,a - ATU 1, 354 - 12.1.1931.; ",,," ",0,0,,,0,0,0,0,,
1162,,"ATU 5, pl. 049, W 9311,h",tablet,"Uruk IV (ca. 3350-3200 BC)","Uruk (mod. Warka)",,,,,,,"VAT 14922",,,,,,,0,0,0,0,28.0,17.0,37.0,,,"W 09311,h","Qa XVI,3","unter der Abgleichung der Schicht III, 1,5 m über der Höhe des Kalksteinsockels// t.a.q. IIIc",,,,,"Vorderasiatisches Museum, Berlin, Germany",,,Administrative,undetermined,clay,"Englund1994ATU5; Falkenstein1936ATU1","primary; history","pl. 49, W 9311,h; 464","28x37x17 - same locus as W 9311,a - ATU 1, 464 - 12.1.1931.; ",,," ",0,0,,,0,0,0,0,,
1163,,"ATU 5, pl. 049, W 9311,i",tablet,"Uruk IV (ca. 3350-3200 BC)","Uruk (mod. Warka)",,,,,,,"VAT 14827",,,,,,,0,0,0,0,32.0,12.0,23.0,,,"W 09311,i","Qa XVI,3","unter der Abgleichung der Schicht III, 1,5 m über der Höhe des Kalksteinsockels// t.a.q. IIIc",,,,,"Vorderasiatisches Museum, Berlin, Germany",,,Administrative,undetermined,clay,"Englund1994ATU5; Falkenstein1936ATU1; sec1088","primary; history; citation","pl. 49, W 9311,i; 105; ","32x23x12 - same locus as W 9311,a - ATU 1, 105 - 12.1.1931.; ; ",,," ",0,0,,,0,0,0,0,,
1164,,"ATU 5, pl. 049, W 9311,k",tablet,"Uruk IV (ca. 3350-3200 BC)","Uruk (mod. Warka)",,,,,,,"VAT 15166",,,,,,,0,0,0,0,27.0,24.0,41.0,,,"W 09311,k","Qa XVI,3","unter der Abgleichung der Schicht III, 1,5 m über der Höhe des Kalksteinsockels// t.a.q. IIIc",,,,,"Vorderasiatisches Museum, Berlin, Germany",,,Administrative,undetermined,clay,"Englund1994ATU5; Falkenstein1936ATU1","primary; history","pl. 49, W 9311,k; 496","27x41x24 - same locus as W 9311,a - ATU 1, 496 - 12.1.1931 - tablet rotated around vertical axis.; ",,," ",0,0,,,0,0,0,0,,
1165,,"ATU 5, pl. 049, W 9311,l",tablet,"Uruk IV (ca. 3350-3200 BC)","Uruk (mod. Warka)",,,,,,,"VAT 15183",,,,,,,0,0,0,0,33.0,22.0,30.0,,,"W 09311,l","Qa XVI,3","unter der Abgleichung der Schicht III, 1,5 m über der Höhe des Kalksteinsockels// t.a.q. IIIc",,,,,"Vorderasiatisches Museum, Berlin, Germany",,,Administrative,undetermined,clay,"Englund1994ATU5; Falkenstein1936ATU1","primary; history","pl. 49, W 9311,l; 541","33x30x22 - same locus as W 9311,a - ATU 1, 541 - 12.1.1931.; ",,," ",0,0,,,0,0,0,0,,
1166,,"ATU 5, pl. 049, W 9311,m",tablet,"Uruk IV (ca. 3350-3200 BC)","Uruk (mod. Warka)",,,,,,,"VAT 15044",,,,,,,0,0,0,0,30.0,19.0,24.0,,,"W 09311,m","Qa XVI,3","unter der Abgleichung der Schicht III, 1,5 m über der Höhe des Kalksteinsockels// t.a.q. IIIc",,,,,"Vorderasiatisches Museum, Berlin, Germany",,,Administrative,undetermined,clay,"Englund1994ATU5; Falkenstein1936ATU1","primary; history","pl. 49, W 9311,m; 440","30x24x19 - same locus as W 9311,a - ATU 1, 440 - 12.1.1931.; ",,," ",0,0,,,0,0,0,0,,
1167,,"ATU 5, pl. 049, W 9311,n",tablet,"Uruk IV (ca. 3350-3200 BC)","Uruk (mod. Warka)",,,,,,,"VAT 15064",,,,,,,0,0,0,0,26.0,20.0,38.0,,,"W 09311,n","Qa XVI,3","unter der Abgleichung der Schicht III, 1,5 m über der Höhe des Kalksteinsockels// t.a.q. IIIc",,,,,"Vorderasiatisches Museum, Berlin, Germany",,,Administrative,undetermined,clay,"Englund1994ATU5; Falkenstein1936ATU1","primary; history","pl. 49, W 9311,n; 491","26x38x20 - same locus as W 9311,a - ATU 1, 491 - 12.1.1931.; ",,," ",0,0,,,0,0,0,0,,
1168,,"ATU 5, pl. 049, W 9311,o",tablet,"Uruk IV (ca. 3350-3200 BC)","Uruk (mod. Warka)",,,,,,,"VAT 14959",,,,,,,0,0,0,0,27.0,23.0,31.0,,,"W 09311,o","Qa XVI,3","unter der Abgleichung der Schicht III, 1,5 m über der Höhe des Kalksteinsockels// t.a.q. IIIc",,,,,"Vorderasiatisches Museum, Berlin, Germany",,,Administrative,undetermined,clay,"Englund1994ATU5; Falkenstein1936ATU1","primary; history","pl. 49, W 9311,o; 408","27x31x23 - same locus as W 9311,a - ATU 1, 408 - 12.1.1931.; ",,," ",0,0,,,0,0,0,0,,
1169,,"ATU 5, pl. 050, W 9311,p",tablet,"Uruk IV (ca. 3350-3200 BC)","Uruk (mod. Warka)",,,,,,,"VAT 15311",,,,,,,0,0,0,0,34.0,8.0,18.0,,,"W 09311,p","Qa XVI,3","unter der Abgleichung der Schicht III, 1,5 m über der Höhe des Kalksteinsockels// t.a.q. IIIc",,,,,"Vorderasiatisches Museum, Berlin, Germany",,,Administrative,undetermined,clay,"Englund1994ATU5; Falkenstein1936ATU1","primary; history","pl. 50, W 9311,p; 483","34x18x8 - same locus as W 9311,a - ATU 1, 483 - 12.1.1931.; ",,," ",0,0,,,0,0,0,0,,
1170,,"ATU 5, pl. 050, W 9311,q",tablet,"Uruk IV (ca. 3350-3200 BC)","Uruk (mod. Warka)",,,,,,,"VAT 14978",,,,,,,0,0,0,0,34.0,15.0,21.0,,,"W 09311,q","Qa XVI,3","unter der Abgleichung der Schicht III, 1,5 m über der Höhe des Kalksteinsockels// t.a.q. IIIc",,,,,"Vorderasiatisches Museum, Berlin, Germany",,,Administrative,undetermined,clay,"Englund1994ATU5; Falkenstein1936ATU1","primary; history","pl. 50, W 9311,q; 396","34x21x15 - same locus as W 9311,a - ATU 1, 396 - 12.1.1931.; ",,," ",0,0,,,0,0,0,0,,
1171,,"ATU 5, pl. 050, W 9311,r",tablet,"Uruk IV (ca. 3350-3200 BC)","Uruk (mod. Warka)",,,,,,,"VAT 15200",,,,,,,0,0,0,0,33.0,22.0,23.0,,,"W 09311,r","Qa XVI,3","unter der Abgleichung der Schicht III, 1,5 m über der Höhe des Kalksteinsockels// t.a.q. IIIc",,,,,"Vorderasiatisches Museum, Berlin, Germany",,,Administrative,undetermined,clay,Englund1994ATU5,primary,"pl. 50, W 9311,r","33x23x22 - same locus as W 9311,a - 12.1.1931.",,," ",0,0,,,0,0,0,0,,
1172,,"ATU 5, pl. 050, W 9311,t",tablet,"Uruk IV (ca. 3350-3200 BC)","Uruk (mod. Warka)",,,,,,,"VAT 15099",,,,,,,0,0,0,0,32.0,18.0,13.0,,,"W 09311,t","Qa XVI,3","unter der Abgleichung der Schicht III, 1,5 m über der Höhe des Kalksteinsockels// t.a.q. IIIc",,,,,"Vorderasiatisches Museum, Berlin, Germany",,,Administrative,undetermined,clay,"Englund1994ATU5; Falkenstein1936ATU1","primary; history","pl. 50, W 9311,t; 485","32x13x18 - same locus as W 9311,a - ATU 1, 485 - 12.1.1931.; ",,," ",0,0,,,0,0,0,0,,
1174,,"ATU 5, pl. 050, W 9311,w",tablet,"Uruk IV (ca. 3350-3200 BC)","Uruk (mod. Warka)",,,,,,,"VAT 17840",,,,,,,0,0,0,0,29.0,25.0,43.0,,,"W 09311,w","Qa XVI,3","unter der Abgleichung der Schicht III, 1,5 m über der Höhe des Kalksteinsockels// t.a.q. IIIc",,,,,"Vorderasiatisches Museum, Berlin, Germany",,,Administrative,undetermined,clay,Englund1994ATU5,primary,"pl. 50, W 9311,w","29x43x25 - same locus as W 9311,a - 12.1.1931.",,," ",0,0,,,0,0,0,0,,
1175,,"ATU 5, pl. 050, W 9311,x",tablet,"Uruk IV (ca. 3350-3200 BC)","Uruk (mod. Warka)",,,,,,,"VAT 21397",,,,,,,0,0,0,0,18.0,14.0,24.0,,,"W 09311,x","Qa XVI,3","unter der Abgleichung der Schicht III, 1,5 m über der Höhe des Kalksteinsockels",,,,,"Vorderasiatisches Museum, Berlin, Germany",,,Administrative,undetermined,clay,Englund1994ATU5,primary,"pl. 50, W 9311,x","18x24x14 - same locus as W 9311,a - 12.1.1931.",,," ",0,0,,,0,0,0,0,,
1176,,"ATU 5, pl. 050, W 9312,a",tablet,"Uruk IV (ca. 3350-3200 BC)","Uruk (mod. Warka)",,,,,,,"VAT 15308",,,,,,,0,0,0,0,68.0,27.0,50.0,,,"W 09312,a","Qa XVI,3","unter der Abgleichung der Schicht III, 1,5 m über der Höhe des Kalksteinsockels// t.a.q. IIIc",,,,,"Vorderasiatisches Museum, Berlin, Germany",,,Administrative,undetermined,clay,Englund1994ATU5,primary,"pl. 50, W 9312,a","68x50x27 - same locus as W 9311,a - 13.1.1931.",,," ",0,0,,,0,0,0,0,,
1177,,"ATU 5, pl. 050, W 9312,b",tablet,"Uruk IV (ca. 3350-3200 BC)","Uruk (mod. Warka)",,,,,,,"VAT 14940",,,,,,,0,0,0,0,56.0,30.0,40.0,,,"W 09312,b","Qa XVI,3","unter der Abgleichung der Schicht III, 1,5 m über der Höhe des Kalksteinsockels// t.a.q. IIIc",,,,,"Vorderasiatisches Museum, Berlin, Germany",,,Administrative,undetermined,clay,"Englund1994ATU5; Falkenstein1936ATU1","primary; history","pl. 50, W 9312,b; 325","56x40x30 - same locus as W 9311,a - ATU 1, 325 - 13.1.1931.; ",,," ",0,0,,,0,0,0,0,,
1178,,"ATU 5, pl. 050, W 9312,c",tablet,"Uruk IV (ca. 3350-3200 BC)","Uruk (mod. Warka)",,,,,,,"VAT 14831",,,,,,,0,0,0,0,47.0,19.0,36.0,,,"W 09312,c","Qa XVI,3","unter der Abgleichung der Schicht III, 1,5 m über der Höhe des Kalksteinsockels// t.a.q. IIIc",,,,,"Vorderasiatisches Museum, Berlin, Germany",,,Administrative,undetermined,clay,"Englund1994ATU5; Falkenstein1936ATU1","primary; history","pl. 50, W 9312,c; 173","47x36x19 - same locus as W 9311,a - ATU 1, 173 - 13.1.1931.; ",,," ",0,0,,,0,0,0,0,,
1179,,"ATU 5, pl. 051, W 9312,d",tablet,"Uruk IV (ca. 3350-3200 BC)","Uruk (mod. Warka)",,,,,,,"VAT 14909",,,,,,,0,0,0,0,60.0,29.0,67.0,,,"W 09312,d","Qa XVI,3","unter der Abgleichung der Schicht III, 1,5 m über der Höhe des Kalksteinsockels// t.a.q. IIIc",,,,,"Vorderasiatisches Museum, Berlin, Germany",,,Administrative,undetermined,clay,"Englund1994ATU5; Falkenstein1936ATU1","primary; history","pl. 51, W 9312,d; 355","60x67x29 - same locus as W 9311,a - ATU 1, 355 - 13.1.1931.; ",,," ",0,0,,,0,0,0,0,,
1180,,"ATU 5, pl. 051, W 9312,e",tablet,"Uruk IV (ca. 3350-3200 BC)","Uruk (mod. Warka)",,,,,,,"VAT 14981",,,,,,,0,0,0,0,45.0,26.0,40.0,,,"W 09312,e","Qa XVI,3","unter der Abgleichung der Schicht III, 1,5 m über der Höhe des Kalksteinsockels// t.a.q. IIIc",,,,,"Vorderasiatisches Museum, Berlin, Germany",,,Administrative,undetermined,clay,"Englund1994ATU5; Falkenstein1936ATU1","primary; history","pl. 51, W 9312,e; 376","45x40x26 - same locus as W 9311,a - ATU 1, 376 - 13.1.1931.; ",,," ",0,0,,,0,0,0,0,,
1181,,"ATU 5, pl. 051, W 9312,f",tablet,"Uruk IV (ca. 3350-3200 BC)","Uruk (mod. Warka)",,,,,,,"VAT 14723",,,,,,,0,0,0,0,45.0,12.0,37.0,,,"W 09312,f","Qa XVI,3","unter der Abgleichung der Schicht III, 1,5 m über der Höhe des Kalksteinsockels// t.a.q. IIIc",,,,,"Vorderasiatisches Museum, Berlin, Germany",,,Administrative,undetermined,clay,"Englund1994ATU5; Falkenstein1936ATU1","primary; history","pl. 51, W 9312,f; 195","45x37x12 - same locus as W 9311,a - ATU 1, 195 - 13.1.1931 - see P. Damerow and R. Englund, ATU 2, p. 146.; ",,," ",0,0,,,0,0,0,0,,
1182,,"ATU 5, pl. 051, W 9312,g",tablet,"Uruk IV (ca. 3350-3200 BC)","Uruk (mod. Warka)",,,,,,,"VAT 14841",,,,,,,0,0,0,0,35.0,14.0,27.0,,,"W 09312,g","Qa XVI,3","unter der Abgleichung der Schicht III, 1,5 m über der Höhe des Kalksteinsockels// t.a.q. IIIc",,,,,"Vorderasiatisches Museum, Berlin, Germany",,,Administrative,undetermined,clay,"Englund1994ATU5; Falkenstein1936ATU1; Szarzyńska1970Uruk","primary; history; history","pl. 51, W 9312,g; 104; p. 11","35x27x14 - same locus as W 9311,a - ATU 1, 104 - 13.1.1931.; ; ",,," ",0,0,,,0,0,0,0,,
1183,,"ATU 5, pl. 051, W 9312,h",tablet,"Uruk IV (ca. 3350-3200 BC)","Uruk (mod. Warka)",,,,,,,"VAT 15306",,,,,,,0,0,0,0,37.0,13.0,29.0,,,"W 09312,h","Qa XVI,3","unter der Abgleichung der Schicht III, 1,5 m über der Höhe des Kalksteinsockels// t.a.q. IIIc",,,,,"Vorderasiatisches Museum, Berlin, Germany",,,Administrative,undetermined,clay,"Englund1994ATU5; Falkenstein1936ATU1","primary; history","pl. 51, W 9312,h; 7","37x29x13 - same locus as W 9311,a - ATU 1, 7 - 13.1.1931.; ",,," ",0,0,,,0,0,0,0,,
1184,,"ATU 5, pl. 051, W 9312,i",tablet,"Uruk IV (ca. 3350-3200 BC)","Uruk (mod. Warka)",,,,,,,"VAT 14748",,,,,,,0,0,0,0,44.0,16.0,29.0,,,"W 09312,i","Qa XVI,3","unter der Abgleichung der Schicht III, 1,5 m über der Höhe des Kalksteinsockels// t.a.q. IIIc",,,,,"Vorderasiatisches Museum, Berlin, Germany",,,Administrative,undetermined,clay,"Englund1994ATU5; Falkenstein1936ATU1; sec1106","primary; history; history","pl. 51, W 9312,i; 149; ","44x29x16 - same locus as W 9311,a - ATU 1, 149 - M. Lambert, Archéologia 12 (9-10.1966) 29 - 13.1.1931.; ; ",,," ",0,0,,,0,0,0,0,,
1185,,"ATU 5, pl. 052, W 9312,k",tablet,"Uruk IV (ca. 3350-3200 BC)","Uruk (mod. Warka)",,,,,,,"VAT 14925",,,,,,,0,0,0,0,34.0,22.0,37.0,,,"W 09312,k","Qa XVI,3","unter der Abgleichung der Schicht III, 1,5 m über der Höhe des Kalksteinsockels// t.a.q. IIIc",,,,,"Vorderasiatisches Museum, Berlin, Germany",,,Administrative,undetermined,clay,"Englund1994ATU5; Falkenstein1936ATU1","primary; history","pl. 52, W 9312,k; 465","34x37x22 - same locus as W 9311,a - ATU 1, 465 - 13.1.1931.; ",,," ",0,0,,,0,0,0,0,,
1186,,"ATU 5, pl. 052, W 9312,l",tablet,"Uruk IV (ca. 3350-3200 BC)","Uruk (mod. Warka)",,,,,,,"VAT 14782",,,,,,,0,0,0,0,35.0,13.0,31.0,,,"W 09312,l","Qa XVI,3","unter der Abgleichung der Schicht III, 1,5 m über der Höhe des Kalksteinsockels// t.a.q. IIIc",,,,,"Vorderasiatisches Museum, Berlin, Germany",,,Administrative,undetermined,clay,"Englund1994ATU5; Falkenstein1936ATU1; sec1109","primary; history; history","pl. 52, W 9312,l; 185; ","35x31x13 - same locus as W 9311,a - ATU 1, 185 - M. Lambert, Archéologia 12 (9-10.1966) 29 - 13.1.1931.; ; ",,," ",0,0,,,0,0,0,0,,
1188,,"ATU 5, pl. 052, W 9312,n1",tablet,"Uruk IV (ca. 3350-3200 BC)","Uruk (mod. Warka)",,,,,,,"VAT 14929",,,,,,,0,0,0,0,32.0,22.0,43.0,,,"W 09312,n1","Qa XVI,3","unter der Abgleichung der Schicht III, 1,5 m über der Höhe des Kalksteinsockels// t.a.q. IIIc",,,,,"Vorderasiatisches Museum, Berlin, Germany",,,Administrative,undetermined,clay,"Englund1994ATU5; Falkenstein1936ATU1","primary; history","pl. 52, W 9312,n1; 463","32x43x22 - same locus as W 9311,a - ATU 1, 463 - 13.1.1931 - "",n"" was ascribed the tablet after the war - see the remarks to W 9206,b.; ",,," ",0,0,,,0,0,0,0,,
1189,,"ATU 5, pl. 052, W 9312,n2+",tablet,"Uruk IV (ca. 3350-3200 BC)","Uruk (mod. Warka)",,,,,,,"VAT 15078",,,,,,,0,0,0,0,75.0,31.0,30.0,,,"W 09312,n2 + W 09312,r","Qa XVI,3","unter der Abgleichung der Schicht III, 1,5 m über der Höhe des Kalksteinsockels// t.a.q. IIIc",,,,,"Vorderasiatisches Museum, Berlin, Germany",,,Administrative,undetermined,clay,"Englund1994ATU5; Falkenstein1936ATU1","primary; history","pl. 52, W 9312,n2+; 362","75x30x31 - same locus as W 9311,a - ATU 1, 362 - 13.1.1931.; ",,," ",0,0,,,0,0,0,0,,
1190,,"ATU 5, pl. 052, W 9312,o",tablet,"Uruk IV (ca. 3350-3200 BC)","Uruk (mod. Warka)",,,,,,,"VAT 15227",,,,,,,0,0,0,0,53.0,27.0,26.0,,,"W 09312,o","Qa XVI,3","unter der Abgleichung der Schicht III, 1,5 m über der Höhe des Kalksteinsockels// t.a.q. IIIc",,,,,"Vorderasiatisches Museum, Berlin, Germany",,,Administrative,undetermined,clay,"Englund1994ATU5; Falkenstein1936ATU1","primary; history","pl. 52, W 9312,o; 508","53x26x27 - same locus as W 9311,a - ATU 1, 508 - 13.1.1931.; ",,," ",0,0,,,0,0,0,0,,
1195,,"ATU 5, pl. 052, W 9312,t",tablet,"Uruk IV (ca. 3350-3200 BC)","Uruk (mod. Warka)",,,,,,,"VAT 15059",,,,,,,0,0,0,0,33.0,17.0,19.0,,,"W 09312,t","Qa XVI,3","unter der Abgleichung der Schicht III, 1,5 m über der Höhe des Kalksteinsockels// t.a.q. IIIc",,,,,"Vorderasiatisches Museum, Berlin, Germany",,,Administrative,undetermined,clay,"Englund1994ATU5; Falkenstein1936ATU1","primary; history","pl. 52, W 9312,t; 486","33x19x17 - same locus as W 9311,a - ATU 1, 486 - 13.1.1931 - tablet rotated around vertical axis.; ",,," ",0,0,,,0,0,0,0,,
1199,,"ATU 5, pl. 052, W 9312,x",tablet,"Uruk IV (ca. 3350-3200 BC)","Uruk (mod. Warka)",,,,,,,"VAT 15097",,,,,,,0,0,0,0,18.0,18.0,42.0,,,"W 09312,x","Qa XVI,3","unter der Abgleichung der Schicht III, 1,5 m über der Höhe des Kalksteinsockels// t.a.q. IIIc",,,,,"Vorderasiatisches Museum, Berlin, Germany",,,Administrative,undetermined,clay,"Englund1994ATU5; Falkenstein1936ATU1","primary; history","pl. 52, W 9312,x; 495","18x42x18 - same locus as W 9311,a - ATU 1, 495 - 13.1.1931.; ",,," ",0,0,,,0,0,0,0,,
1201,,"ATU 5, pl. 052, W 9312,z",tablet,"Uruk IV (ca. 3350-3200 BC)","Uruk (mod. Warka)",,,,,,,"VAT 14652",,,,,,,0,0,0,0,21.0,15.0,31.0,,,"W 09312,z","Qa XVI,3","unter der Abgleichung der Schicht III, 1,5 m über der Höhe des Kalksteinsockels// t.a.q. IIIc",,,,,"Vorderasiatisches Museum, Berlin, Germany",,,Administrative,undetermined,clay,"Englund1994ATU5; Falkenstein1936ATU1","primary; history","pl. 52, W 9312,z; 106","21x31x15 - same locus as W 9311,a - ATU 1, 106 - 13.1.1931.; ",,," ",0,0,,,0,0,0,0,,
1202,,"ATU 5, pl. 053, W 9312,aa",tablet,"Uruk IV (ca. 3350-3200 BC)","Uruk (mod. Warka)",,,,,,,"VAT 21287",,,,,,,0,0,0,0,69.0,43.0,47.0,,,"W 09312,aa","Qa XVI,3","unter der Abgleichung der Schicht III, 1,5 m über der Höhe des Kalksteinsockels",,,,,"Vorderasiatisches Museum, Berlin, Germany",,,Administrative,undetermined,clay,"Englund1994ATU5; sec1116","primary; history","pl. 53, W 9312,aa; ","69x47x43 - same locus as W 9311,a - 13.1.1931 - tablet ""blank.""; ",,," ",0,0,,,0,0,0,0,,
1203,,"ATU 5, pl. 053, W 9335,a",tablet,"Uruk IV (ca. 3350-3200 BC)","Uruk (mod. Warka)",,,,,,,"VAT 14720",,,,,,,0,0,0,0,34.0,14.0,27.0,,,"W 09335,a","Qa XVI,3","unter der Abgleichung der Schicht III, 1,5 m über der Höhe des Kalksteinsockels// t.a.q. IIIc",,,,,"Vorderasiatisches Museum, Berlin, Germany",,,Administrative,undetermined,clay,"Englund1994ATU5; Falkenstein1936ATU1; Szarzyńska1970Uruk","primary; history; history","pl. 53, W 9335,a; 24; p. 10","34x27x14 - same locus as W 9311,a - ATU 1, 24 - 13.1.1931 - see the remarks to W 9123,b and compare the text W 9579,cc.; ; ",,," ",0,0,,,0,0,0,0,,
1204,,"ATU 5, pl. 053, W 9335,b",tablet,"Uruk IV (ca. 3350-3200 BC)","Uruk (mod. Warka)",,,,,,,"VAT 14685",,,,,,,0,0,0,0,34.0,11.0,24.0,,,"W 09335,b","Qa XVI,3","unter der Abgleichung der Schicht III, 1,5 m über der Höhe des Kalksteinsockels// t.a.q. IIIc",,,,,"Vorderasiatisches Museum, Berlin, Germany",,,Administrative,undetermined,clay,"Englund1994ATU5; Falkenstein1936ATU1; sec1120","primary; history; history","pl. 53, W 9335,b; 15; ","34x24x11 - same locus as W 9311,a - ATU 1, 15 - A. Vaiman, Peredn. sbornik 1966, 13 obv. (see BagM 21, 100) - 13.1.1931.; ; ",,," ",0,0,,,0,0,0,0,,
1205,,"ATU 5, pl. 053, W 9335,c",tablet,"Uruk IV (ca. 3350-3200 BC)","Uruk (mod. Warka)",,,,,,,"VAT 14665",,,,,,,0,0,0,0,34.0,16.0,28.0,,,"W 09335,c","Qa XVI,3","unter der Abgleichung der Schicht III, 1,5 m über der Höhe des Kalksteinsockels// t.a.q. IIIc",,,,,"Vorderasiatisches Museum, Berlin, Germany",,,Administrative,undetermined,clay,"Englund1994ATU5; Englund1998OBO160/1; Falkenstein1936ATU1; sec1122","primary; history; history; history","pl. 53, W 9335,c; p. 154 fig. 52; 111; ","34x28x16 - same locus as W 9311,a - ATU 1, 111 - M. Lambert, Archéologia 12 (9-10.1966) 29 - 13.1.1931 - see the remarks to the text W 9123,b.; copy; ; ",,," ",0,0,,,0,0,0,0,,
1206,,"ATU 5, pl. 053, W 9335,d",tablet,"Uruk IV (ca. 3350-3200 BC)","Uruk (mod. Warka)",,,,,,,"VAT 14775",,,,,,,0,0,0,0,39.0,15.0,28.0,,,"W 09335,d","Qa XVI,3","unter der Abgleichung der Schicht III, 1,5 m über der Höhe des Kalksteinsockels// t.a.q. IIIc",,,,,"Vorderasiatisches Museum, Berlin, Germany",,,Administrative,undetermined,clay,"Englund1994ATU5; Falkenstein1936ATU1; sec1125","primary; history; history","pl. 53, W 9335,d; 93; ","39x28x15 - same locus as W 9311,a - ATU 1, 93 - A. Vaiman, VDI 1974/2, 139 (=BagM 20, 122), no. 7 obv. - 13.1.1931.; ; ",,," ",0,0,,,0,0,0,0,,
1207,,"ATU 5, pl. 053, W 9335,e",tablet,"Uruk IV (ca. 3350-3200 BC)","Uruk (mod. Warka)",,,,,,,"VAT 14773",,,,,,,0,0,0,0,30.0,20.0,35.0,,,"W 09335,e","Qa XVI,3","unter der Abgleichung der Schicht III, 1,5 m über der Höhe des Kalksteinsockels// t.a.q. IIIc",,,,,"Vorderasiatisches Museum, Berlin, Germany",,,Administrative,undetermined,clay,"Englund1994ATU5; Falkenstein1936ATU1","primary; history","pl. 53, W 9335,e; 119","30x35x20 - same locus as W 9311,a - ATU 1, 119 - 13.1.1931.; ",,," ",0,0,,,0,0,0,0,,
1208,,"ATU 5, pl. 053, W 9335,f",tablet,"Uruk IV (ca. 3350-3200 BC)","Uruk (mod. Warka)",,,,,,,"VAT 15149",,,,,,,0,0,0,0,47.0,22.0,45.0,,,"W 09335,f","Qa XVI,3","unter der Abgleichung der Schicht III, 1,5 m über der Höhe des Kalksteinsockels// t.a.q. IIIc",,,,,"Vorderasiatisches Museum, Berlin, Germany",,,Administrative,undetermined,clay,"Englund1994ATU5; Falkenstein1936ATU1","primary; history","pl. 53, W 9335,f; 441","47x45x22 - same locus as W 9311,a - ATU 1, 441 - 13.1.1931.; ",,," ",0,0,,,0,0,0,0,,
1209,,"ATU 5, pl. 053, W 9335,g",tablet,"Uruk IV (ca. 3350-3200 BC)","Uruk (mod. Warka)",,,,,,,"VAT 15019",,,,,,,0,0,0,0,42.0,23.0,48.0,,,"W 09335,g","Qa XVI,3","unter der Abgleichung der Schicht III, 1,5 m über der Höhe des Kalksteinsockels// t.a.q. IIIc",,,,,"Vorderasiatisches Museum, Berlin, Germany",,,Administrative,undetermined,clay,"Englund1994ATU5; Falkenstein1936ATU1","primary; history","pl. 53, W 9335,g; 375","42x48x23 - same locus as W 9311,a - ATU 1, 375 - 13.1.1931.; ",,," ",0,0,,,0,0,0,0,,
1210,,"ATU 5, pl. 054, W 9335,h1",tablet,"Uruk IV (ca. 3350-3200 BC)","Uruk (mod. Warka)",,,,,,,"VAT 14649",,,,,,,0,0,0,0,31.0,12.0,20.0,,,"W 09335,h1","Qa XVI,3","unter der Abgleichung der Schicht III, 1,5 m über der Höhe des Kalksteinsockels// t.a.q. IIIc",,,,,"Vorderasiatisches Museum, Berlin, Germany",,,Administrative,undetermined,clay,"Englund1994ATU5; Falkenstein1936ATU1","primary; history","pl. 54, W 9335,h1; 117","31x20x12 - same locus as W 9311,a - ATU 1, 117 - 13.1.1931.; ",,," ",0,0,,,0,0,0,0,,
1211,,"ATU 5, pl. 054, W 9335,h2",tablet,"Uruk IV (ca. 3350-3200 BC)","Uruk (mod. Warka)",,,,,,,"VAT 14654",,,,,,,0,0,0,0,24.0,15.0,33.0,,,"W 09335,h2","Qa XVI,3","unter der Abgleichung der Schicht III, 1,5 m über der Höhe des Kalksteinsockels// t.a.q. IIIc",,,,,"Vorderasiatisches Museum, Berlin, Germany",,,Administrative,undetermined,clay,"Englund1994ATU5; Falkenstein1936ATU1","primary; history","pl. 54, W 9335,h2; 11","24x33x15 - same locus as W 9311,a - ATU 1, 11 - 13.1.1931.; ",,," ",0,0,,,0,0,0,0,,
1212,,"ATU 5, pl. 054, W 9335,i",tablet,"Uruk IV (ca. 3350-3200 BC)","Uruk (mod. Warka)",,,,,,,"VAT 14747",,,,,,,0,0,0,0,43.0,15.0,26.0,,,"W 09335,i","Qa XVI,3","unter der Abgleichung der Schicht III, 1,5 m über der Höhe des Kalksteinsockels// t.a.q. IIIc",,,,,"Vorderasiatisches Museum, Berlin, Germany",,,Administrative,undetermined,clay,"Englund1994ATU5; Falkenstein1936ATU1","primary; history","pl. 54, W 9335,i; 143","43x26x15 - same locus as W 9311,a - ATU 1, 143 - 13.1.1931.; ",,," ",0,0,,,0,0,0,0,,
1214,,"ATU 5, pl. 054, W 9335,l",tablet,"Uruk IV (ca. 3350-3200 BC)","Uruk (mod. Warka)",,,,,,,"VAT 15046",,,,,,,0,0,0,0,43.0,13.0,39.0,,,"W 09335,l","Qa XVI,3","unter der Abgleichung der Schicht III, 1,5 m über der Höhe des Kalksteinsockels// t.a.q. IIIc",,,,,"Vorderasiatisches Museum, Berlin, Germany",,,Administrative,undetermined,clay,"Englund1994ATU5; Falkenstein1936ATU1","primary; history","pl. 54, W 9335,l; 198","43x39x13 - same locus as W 9311,a - ATU 1, 198 - 13.1.1931 - dividing lines of the first column were impressed with shaft of the stylus - first sign of first case in the second column is a rolled N1.; ",,," ",0,0,,,0,0,0,0,,
1215,,"ATU 5, pl. 054, W 9335,m",tablet,"Uruk IV (ca. 3350-3200 BC)","Uruk (mod. Warka)",,,,,,,"VAT 14923",,,,,,,0,0,0,0,36.0,25.0,40.0,,,"W 09335,m","Qa XVI,3","unter der Abgleichung der Schicht III, 1,5 m über der Höhe des Kalksteinsockels// t.a.q. IIIc",,,,,"Vorderasiatisches Museum, Berlin, Germany",,,Administrative,undetermined,clay,Englund1994ATU5,primary,"pl. 54, W 9335,m","36x40x25 - same locus as W 9311,a - 13.1.1931 - VAT number written above a stricken VAT 17802.",,," ",0,0,,,0,0,0,0,,
1217,,"ATU 5, pl. 054, W 9335,o",tablet,"Uruk IV (ca. 3350-3200 BC)","Uruk (mod. Warka)",,,,,,,"VAT 14963",,,,,,,0,0,0,0,49.0,22.0,31.0,,,"W 09335,o","Qa XVI,3","unter der Abgleichung der Schicht III, 1,5 m über der Höhe des Kalksteinsockels// t.a.q. IIIc",,,,,"Vorderasiatisches Museum, Berlin, Germany",,,Administrative,undetermined,clay,"Englund1994ATU5; Falkenstein1936ATU1","primary; history","pl. 54, W 9335,o; 125","49x31x22 - same locus as W 9311,a - ATU 1, 125 - 13.1.1931 - see the remarks to W 9123,b.; ",,," ",0,0,,,0,0,0,0,,
1218,,"ATU 5, pl. 054, W 9335,p",tablet,"Uruk IV (ca. 3350-3200 BC)","Uruk (mod. Warka)",,,,,,,"VAT 15250",,,,,,,0,0,0,0,20.0,23.0,60.0,,,"W 09335,p","Qa XVI,3","unter der Abgleichung der Schicht III, 1,5 m über der Höhe des Kalksteinsockels// t.a.q. IIIc",,,,,"Vorderasiatisches Museum, Berlin, Germany",,,Administrative,undetermined,clay,"Englund1994ATU5; Falkenstein1936ATU1","primary; history","pl. 54, W 9335,p; 558","20x60x23 - same locus as W 9311,a - ATU 1, 558 - 13.1.1931.; ",,," ",0,0,,,0,0,0,0,,
1219,,"ATU 5, pl. 054, W 9335,q",tablet,"Uruk IV (ca. 3350-3200 BC)","Uruk (mod. Warka)",,,,,,,"VAT 15105",,,,,,,0,0,0,0,58.0,30.0,27.0,,,"W 09335,q","Qa XVI,3","unter der Abgleichung der Schicht III, 1,5 m über der Höhe des Kalksteinsockels// t.a.q. IIIc",,,,,"Vorderasiatisches Museum, Berlin, Germany",,,Administrative,undetermined,clay,"Englund1994ATU5; Falkenstein1936ATU1","primary; history","pl. 54, W 9335,q; 512","58x27x30 - same locus as W 9311,a - ATU 1, 512 - 13.1.1931.; ",,," ",0,0,,,0,0,0,0,,
1220,,"ATU 5, pl. 055, W 9335,r",tablet,"Uruk IV (ca. 3350-3200 BC)","Uruk (mod. Warka)",,,,,,,"VAT 15139",,,,,,,0,0,0,0,57.0,29.0,39.0,,,"W 09335,r","Qa XVI,3","unter der Abgleichung der Schicht III, 1,5 m über der Höhe des Kalksteinsockels// t.a.q. IIIc",,,,,"Vorderasiatisches Museum, Berlin, Germany",,,Administrative,undetermined,clay,"Englund1994ATU5; Falkenstein1936ATU1","primary; history","pl. 55, W 9335,r; 527","57x39x29 - same locus as W 9311,a - ATU 1, 527 - 13.1.1931 - the variant N42a of the obverse of this text seems to be in conflict with the use of the form N39b of the reverse, thus possibly a defective N38 - see P. Damerow and R. Englund, ATU 2, p. 136.; ",,," ",0,0,,,0,0,0,0,,
1221,,"ATU 5, pl. 055, W 9335,s",tablet,"Uruk IV (ca. 3350-3200 BC)","Uruk (mod. Warka)",,,,,,,"VAT 14928",,,,,,,0,0,0,0,43.0,24.0,39.0,,,"W 09335,s","Qa XVI,3","unter der Abgleichung der Schicht III, 1,5 m über der Höhe des Kalksteinsockels// t.a.q. IIIc",,,,,"Vorderasiatisches Museum, Berlin, Germany",,,Administrative,undetermined,clay,"Englund1994ATU5; Falkenstein1936ATU1","primary; history","pl. 55, W 9335,s; 468","43x39x24 - same locus as W 9311,a - ATU 1, 468 - 13.1.1931.; ",,," ",0,0,,,0,0,0,0,,
1222,,"ATU 5, pl. 055, W 9335,t",tablet,"Uruk IV (ca. 3350-3200 BC)","Uruk (mod. Warka)",,,,,,,"VAT 15190",,,,,,,0,0,0,0,53.0,30.0,31.0,,,"W 09335,t","Qa XVI,3","unter der Abgleichung der Schicht III, 1,5 m über der Höhe des Kalksteinsockels// t.a.q. IIIc",,,,,"Vorderasiatisches Museum, Berlin, Germany",,,Administrative,undetermined,clay,"Englund1994ATU5; Falkenstein1936ATU1","primary; history","pl. 55, W 9335,t; 547","53x31x30 - same locus as W 9311,a - ATU 1, 547 - 13.1.1931 - note that the N1's of obv. i 3 were scattered to fit into case - see P. Damerow and R. Englund, ATU 2, p. 15683.; ",,," ",0,0,,,0,0,0,0,,
1223,,"ATU 5, pl. 055, W 9335,u",tablet,"Uruk IV (ca. 3350-3200 BC)","Uruk (mod. Warka)",,,,,,,"VAT 14964",,,,,,,0,0,0,0,38.0,21.0,35.0,,,"W 09335,u","Qa XVI,3","unter der Abgleichung der Schicht III, 1,5 m über der Höhe des Kalksteinsockels// t.a.q. IIIc",,,,,"Vorderasiatisches Museum, Berlin, Germany",,,Administrative,undetermined,clay,"Englund1994ATU5; Falkenstein1936ATU1","primary; history","pl. 55, W 9335,u; 398","38x35x21 - same locus as W 9311,a - ATU 1, 398 - 13.1.1931.; ",,," ",0,0,,,0,0,0,0,,
1224,,"ATU 5, pl. 055, W 9335,v",tablet,"Uruk IV (ca. 3350-3200 BC)","Uruk (mod. Warka)",,,,,,,"VAT 15347",,,,,,,0,0,0,0,43.0,22.0,16.0,,,"W 09335,v","Qa XVI,3","unter der Abgleichung der Schicht III, 1,5 m über der Höhe des Kalksteinsockels// t.a.q. IIIc",,,,,"Vorderasiatisches Museum, Berlin, Germany",,,Administrative,undetermined,clay,"Englund1994ATU5; Falkenstein1936ATU1","primary; history","pl. 55, W 9335,v; 452","43x16x22 - same locus as W 9311,a - ATU 1, 452 - 13.1.1931.; ",,," ",0,0,,,0,0,0,0,,
1226,,"ATU 5, pl. 056, W 9393,a",tablet,"Uruk IV (ca. 3350-3200 BC)","Uruk (mod. Warka)",,,,,,,"VAT 15004",,,,,,,0,0,0,0,62.0,26.0,43.0,,,"W 09393,a","Qa XVI,3","unter der Abgleichung der Schicht III, 1,5 m über der Höhe des Kalksteinsockels// t.a.q. IIIc",,,,,"Vorderasiatisches Museum, Berlin, Germany",,,Administrative,undetermined,clay,"Englund1994ATU5; Falkenstein1936ATU1","primary; history","pl. 56, W 9393,a; 326","62x43x26 - same locus as W 9311,a - ATU 1, 326 - 14.1.1931 - tablet rotated around vertical axis.; ",,," ",0,0,,,0,0,0,0,,
1227,,"ATU 5, pl. 056, W 9393,b",tablet,"Uruk IV (ca. 3350-3200 BC)","Uruk (mod. Warka)",,,,,,,"VAT 14903",,,,,,,0,0,0,0,67.0,28.0,46.0,,,"W 09393,b","Qa XVI,3","unter der Abgleichung der Schicht III, 1,5 m über der Höhe des Kalksteinsockels// t.a.q. IIIc",,,,,"Vorderasiatisches Museum, Berlin, Germany",,,Administrative,undetermined,clay,"Damerow1991; Englund1994ATU5; Falkenstein1936ATU1; sec1143; sec1144; sec1146","history; primary; history; history; history; history","p. 703; pl. 56, W 9393,b; 311; ; ; ","(copy); 67x46x28 - same locus as W 9311,a - ATU 1, 311 - P. Damerow, R. Englund, and H. Nissen, Spektrum der Wissenschaft, March 1988, 48 - id., Natuur & Techniek 59/9 (1991) 703 - 14.1.1931 - key tablet in the determination of the numerical relationships of the EN sys; ; ; ; ",,," ",0,0,,,0,0,0,0,,
1228,,"ATU 5, pl. 056, W 9393,c",tablet,"Uruk IV (ca. 3350-3200 BC)","Uruk (mod. Warka)",,,,,,,"VAT 15017",,,,,,,0,0,0,0,99.0,27.0,68.0,,,"W 09393,c","Qa XVI,3","unter der Abgleichung der Schicht III, 1,5 m über der Höhe des Kalksteinsockels// t.a.q. IIIc",,,,,"Vorderasiatisches Museum, Berlin, Germany",,,Administrative,undetermined,clay,"Englund1994ATU5; Falkenstein1936ATU1","primary; history","pl. 56, W 9393,c; 350","99x68x27 - same locus as W 9311,a - ATU 1, 350 - 14.1.1931 - one of the fragments may be W 9289.; ",,," ",0,0,,,0,0,0,0,,
1229,,"ATU 5, pl. 057, W 9393,d",tablet,"Uruk IV (ca. 3350-3200 BC)","Uruk (mod. Warka)",,,,,,,"VAT 15259",,,,,,,0,0,0,0,68.0,24.0,47.0,,,"W 09393,d","Qa XVI,3","unter der Abgleichung der Schicht III, 1,5 m über der Höhe des Kalksteinsockels// t.a.q. IIIc",,,,,"Vorderasiatisches Museum, Berlin, Germany",,,Administrative,undetermined,clay,"Englund1994ATU5; Englund1998OBO160/1","primary; history","pl. 57, W 9393,d; p. 110 fig. 36","68x47x24 - same locus as W 9311,a - 14.1.1931 - VAT number written above stricken VAT 17779 - the lack of ideograms and the unusually high numbers represented by the numerical signs suggest the text is a school exercise.; copy",,," ",0,0,,,0,0,0,0,,
1230,,"ATU 5, pl. 057, W 9393,e",tablet,"Uruk IV (ca. 3350-3200 BC)","Uruk (mod. Warka)",,,,,,,"VAT 15171",,,,,,,0,0,0,0,83.0,31.0,56.0,,,"W 09393,e","Qa XVI,3","unter der Abgleichung der Schicht III, 1,5 m über der Höhe des Kalksteinsockels// t.a.q. IIIc",,,,,"Vorderasiatisches Museum, Berlin, Germany",,,Administrative,undetermined,clay,"Englund1994ATU5; Englund1998OBO160/1; Falkenstein1936ATU1","primary; history; history","pl. 57, W 9393,e; p. 110 fig. 36; 289","83x56x31 - same locus as W 9311,a - ATU 1, 289 - 14.1.1931 - an account of various agricultural products in a succession known from the distribution accounts from Jemdet Nasr (see R. Englund and J.-P. Grégoire, MSVO 1, nos. 83-160) and Uruk (for example, W 19; copy; ",i3.MesopOil,10943," ",0,0,,,0,0,0,0,,
1231,,"ATU 5, pl. 057, W 9393,f",tablet,"Uruk IV (ca. 3350-3200 BC)","Uruk (mod. Warka)",,,,,,,"VAT 14897",,,,,,,0,0,0,0,83.0,30.0,57.0,,,"W 09393,f","Qa XVI,3","unter der Abgleichung der Schicht III, 1,5 m über der Höhe des Kalksteinsockels// t.a.q. IIIc",,,,,"Vorderasiatisches Museum, Berlin, Germany",,,Administrative,undetermined,clay,"Englund1994ATU5; Falkenstein1936ATU1","primary; history","pl. 57, W 9393,f; 286","83x57x30 - same locus as W 9311,a - ATU 1, 286 - 14.1.1931.; ",,," ",0,0,,,0,0,0,0,,
1232,,"ATU 5, pl. 058, W 9492",tablet,"Uruk IV (ca. 3350-3200 BC)","Uruk (mod. Warka)",,,,,,S999999,"VAT 15298",,,,,,,0,0,0,0,35.0,19.0,27.0,,,"W 09492","K XVII,?","große Lehmziegel an der Nordwest-Seite",,,,,"Vorderasiatisches Museum, Berlin, Germany",,,Administrative,undetermined,clay,Englund1994ATU5,primary,"pl. 58, W 9492","35x27x19 - K XVII, large mud bricks on the northwestern side - 19.1.1931 - sealed tablet, compare W 9656,q.",,," ",0,0,,,0,0,0,0,,
1233,,"ATU 5, pl. 058, W 9578,a",tablet,"Uruk IV (ca. 3350-3200 BC)","Uruk (mod. Warka)",,,,,,,"VAT 21345",,,,,,,0,0,0,0,78.0,38.0,52.0,,,"W 09578,a","Qa XVI,2","unter der Abgleichung der Schicht III, 1,5 m über der Höhe des Kalksteinsockels// t.a.q. IIIc",,,,,"Vorderasiatisches Museum, Berlin, Germany",,,Administrative,undetermined,clay,Englund1994ATU5,primary,"pl. 58, W 9578,a","78x52x38 - Qa XVI,2, below the leveling of level III - 20.1.1931 - a blank tablet with traces of erased numerical signs.",,," ",0,0,,,0,0,0,0,,
1234,,"ATU 5, pl. 058, W 9578,b",tablet,"Uruk IV (ca. 3350-3200 BC)","Uruk (mod. Warka)",,,,,,,"VAT 14948",,,,,,,0,0,0,0,58.0,21.0,41.0,,,"W 09578,b","Qa XVI,2","unter der Abgleichung der Schicht III, 1,5 m über der Höhe des Kalksteinsockels// t.a.q. IIIc",,,,,"Vorderasiatisches Museum, Berlin, Germany",,,Administrative,undetermined,clay,"Englund1994ATU5; Falkenstein1936ATU1","primary; history","pl. 58, W 9578,b; 277","58x41x21 - same locus as W 9578,a - ATU 1, 277 - 20.1.1931 - compare W 9578,n and see P. Damerow and R. Englund, ATU 2, p. 135.; ",,," ",0,0,,,0,0,0,0,,
1235,,"ATU 5, pl. 058, W 9578,c",tablet,"Uruk IV (ca. 3350-3200 BC)","Uruk (mod. Warka)",,,,,,,"VAT 15013",,,,,,,0,0,0,0,69.0,32.0,47.0,,,"W 09578,c","Qa XVI,2","unter der Abgleichung der Schicht III, 1,5 m über der Höhe des Kalksteinsockels// t.a.q. IIIc",,,,,"Vorderasiatisches Museum, Berlin, Germany",,,Administrative,undetermined,clay,"Englund1994ATU5; Falkenstein1936ATU1","primary; history","pl. 58, W 9578,c; 329","69x47x32 - same locus as W 9578,a - ATU 1, 329 - 20.1.1931.; ",,," ",0,0,,,0,0,0,0,,
1236,,"ATU 5, pl. 058, W 9578,d",tablet,"Uruk IV (ca. 3350-3200 BC)","Uruk (mod. Warka)",,,,,,,"VAT 15130",,,,,,,0,0,0,0,68.0,26.0,46.0,,,"W 09578,d","Qa XVI,2","unter der Abgleichung der Schicht III, 1,5 m über der Höhe des Kalksteinsockels// t.a.q. IIIc",,,,,"Vorderasiatisches Museum, Berlin, Germany",,,Administrative,undetermined,clay,"Englund1994ATU5; Falkenstein1936ATU1","primary; history","pl. 58, W 9578,d; 336","68x46x26 - same locus as W 9578,a - ATU 1, 336 - 20.1.1931.; ",,," ",0,0,,,0,0,0,0,,
1237,,"ATU 5, pl. 058, W 9578,e",tablet,"Uruk IV (ca. 3350-3200 BC)","Uruk (mod. Warka)",,,,,,,"VAT 14895",,,,,,,0,0,0,0,57.0,23.0,43.0,,,"W 09578,e","Qa XVI,2","unter der Abgleichung der Schicht III, 1,5 m über der Höhe des Kalksteinsockels// t.a.q. IIIc",,,,,"Vorderasiatisches Museum, Berlin, Germany",,,Administrative,undetermined,clay,"Englund1994ATU5; Falkenstein1936ATU1; sec1156","primary; history; citation","pl. 58, W 9578,e; 266; ","57x43x23 - same locus as W 9578,a - ATU 1, 266 - 20.1.1931 - see ATU 1, p. 12, fn. 1.; ; ",,," ",0,0,,,0,0,0,0,,
1238,,"ATU 5, pl. 059, W 9578,f",tablet,"Uruk IV (ca. 3350-3200 BC)","Uruk (mod. Warka)",,,,,,,"VAT 14663",,,,,,,0,0,0,0,46.0,19.0,32.0,,,"W 09578,f","Qa XVI,2","unter der Abgleichung der Schicht III, 1,5 m über der Höhe des Kalksteinsockels// t.a.q. IIIc",,,,,"Vorderasiatisches Museum, Berlin, Germany",,,Administrative,undetermined,clay,"Englund1994ATU5; Falkenstein1936ATU1; sec1158","primary; history; history","pl. 59, W 9578,f; 65; ","46x32x19 - same locus as W 9578,a - ATU 1, 65 - A. Vaiman, VDI 1974/2, 139 (=BagM 20, 122), no. 2 obv. - 20.1.1931.; ; ",,," ",0,0,,,0,0,0,0,,
1239,,"ATU 5, pl. 059, W 9578,g",tablet,"Uruk IV (ca. 3350-3200 BC)","Uruk (mod. Warka)",,,,,,,"VAT 14938",,,,,,,0,0,0,0,59.0,22.0,42.0,,,"W 09578,g","Qa XVI,2","unter der Abgleichung der Schicht III, 1,5 m über der Höhe des Kalksteinsockels// t.a.q. IIIc",,,,,"Vorderasiatisches Museum, Berlin, Germany",,,Administrative,undetermined,clay,"Englund1994ATU5; Falkenstein1936ATU1","primary; history","pl. 59, W 9578,g; 299","59x42x22 - same locus as W 9578,a - ATU 1, 299 - 20.1.1931.; ",,," ",0,0,,,0,0,0,0,,
1240,,"ATU 5, pl. 059, W 9578,h",tablet,"Uruk IV (ca. 3350-3200 BC)","Uruk (mod. Warka)",,,,,,,"VAT 15009",,,,,,,0,0,0,0,85.0,23.0,52.0,,,"W 09578,h","Qa XVI,2","unter der Abgleichung der Schicht III, 1,5 m über der Höhe des Kalksteinsockels// t.a.q. IIIc",,,,,"Vorderasiatisches Museum, Berlin, Germany",,,Administrative,undetermined,clay,"Englund1994ATU5; Falkenstein1936ATU1","primary; history","pl. 59, W 9578,h; 310","85x52x23 - same locus as W 9578,a - ATU 1, 310 - 20.1.1931.; ",,," ",0,0,,,0,0,0,0,,
1241,,"ATU 5, pl. 059, W 9578,i",tablet,"Uruk IV (ca. 3350-3200 BC)","Uruk (mod. Warka)",,,,,,,"VAT 14651",,,,,,,0,0,0,0,39.0,16.0,27.0,,,"W 09578,i","Qa XVI,2","unter der Abgleichung der Schicht III, 1,5 m über der Höhe des Kalksteinsockels// t.a.q. IIIc",,,,,"Vorderasiatisches Museum, Berlin, Germany",,,Administrative,undetermined,clay,"Englund1994ATU5; Falkenstein1936ATU1","primary; history","pl. 59, W 9578,i; 31","39x27x16 - same locus as W 9578,a - ATU 1, 31 - 20.1.1931.; ",,," ",0,0,,,0,0,0,0,,
1242,,"ATU 5, pl. 059, W 9578,k",tablet,"Uruk IV (ca. 3350-3200 BC)","Uruk (mod. Warka)",,,,,,,"VAT 14886",,,,,,,0,0,0,0,41.0,25.0,42.0,,,"W 09578,k","Qa XVI,2","unter der Abgleichung der Schicht III, 1,5 m über der Höhe des Kalksteinsockels// t.a.q. IIIc",,,,,"Vorderasiatisches Museum, Berlin, Germany",,,Administrative,undetermined,clay,"Englund1994ATU5; Falkenstein1936ATU1","primary; history","pl. 59, W 9578,k; 517","41x42x25 - same locus as W 9578,a - ATU 1, 517 - 20.1.1931.; ",,," ",0,0,,,0,0,0,0,,
1243,,"ATU 5, pl. 060, W 9578,l",tablet,"Uruk IV (ca. 3350-3200 BC)","Uruk (mod. Warka)",,,,,,,"VAT 14991",,,,,,,0,0,0,0,77.0,35.0,52.0,,,"W 09578,l","Qa XVI,2","unter der Abgleichung der Schicht III, 1,5 m über der Höhe des Kalksteinsockels// t.a.q. IIIc",,,,,"Vorderasiatisches Museum, Berlin, Germany",,,Administrative,undetermined,clay,"Englund1994ATU5; Falkenstein1936ATU1; sec1164","primary; history; citation","pl. 60, W 9578,l; 348; ","77x52x35 - same locus as W 9578,a - ATU 1, 348 - 20.1.1931.; ; ",,," ",0,0,,,0,0,0,0,,
1244,,"ATU 5, pl. 060, W 9578,m",tablet,"Uruk IV (ca. 3350-3200 BC)","Uruk (mod. Warka)",,,,,,,"VAT 15131",,,,,,,0,0,0,0,79.0,26.0,54.0,,,"W 09578,m","Qa XVI,2","unter der Abgleichung der Schicht III, 1,5 m über der Höhe des Kalksteinsockels// t.a.q. IIIc",,,,,"Vorderasiatisches Museum, Berlin, Germany",,,Administrative,undetermined,clay,"Englund1994ATU5; Falkenstein1936ATU1","primary; history","pl. 60, W 9578,m; 343","79x54x26 - same locus as W 9578,a - ATU 1, 343 - 20.1.1931.; ",,," ",0,0,,,0,0,0,0,,
1245,,"ATU 5, pl. 060, W 9578,n",tablet,"Uruk IV (ca. 3350-3200 BC)","Uruk (mod. Warka)",,,,,,,"VAT 14896",,,,,,,0,0,0,0,65.0,23.0,47.0,,,"W 09578,n","Qa XVI,2","unter der Abgleichung der Schicht III, 1,5 m über der Höhe des Kalksteinsockels// t.a.q. IIIc",,,,,"Vorderasiatisches Museum, Berlin, Germany",,,Administrative,undetermined,clay,"Englund1994ATU5; Falkenstein1936ATU1","primary; history","pl. 60, W 9578,n; 274","65x47x23 - same locus as W 9578,a - ATU 1, 274 - 20.1.1931 - compare W 9578,b and see P. Damerow and R. Englund, ATU 2, p. 135.; ",,," ",0,0,,,0,0,0,0,,
1246,,"ATU 5, pl. 061, W 9578,o",tablet,"Uruk IV (ca. 3350-3200 BC)","Uruk (mod. Warka)",,,,,,,"VAT 14700",,,,,,,0,0,0,0,50.0,19.0,35.0,,,"W 09578,o","Qa XVI,2","unter der Abgleichung der Schicht III, 1,5 m über der Höhe des Kalksteinsockels// t.a.q. IIIc",,,,,"Vorderasiatisches Museum, Berlin, Germany",,,Administrative,undetermined,clay,"Englund1994ATU5; Falkenstein1936ATU1","primary; history","pl. 61, W 9578,o; 72","50x35x19 - same locus as W 9578,a - ATU 1, 72 - 20.1.1931.; ",,," ",0,0,,,0,0,0,0,,
1247,,"ATU 5, pl. 061, W 9578,p",tablet,"Uruk IV (ca. 3350-3200 BC)","Uruk (mod. Warka)",,,,,,,"VAT 14861",,,,,,,0,0,0,0,65.0,25.0,43.0,,,"W 09578,p","Qa XVI,2","unter der Abgleichung der Schicht III, 1,5 m über der Höhe des Kalksteinsockels// t.a.q. IIIc",,,,,"Vorderasiatisches Museum, Berlin, Germany",,,Administrative,undetermined,clay,"Englund1994ATU5; Falkenstein1936ATU1","primary; history","pl. 61, W 9578,p; 256","65x43x25 - same locus as W 9578,a - ATU 1, 256 - 20.1.1931.; ",,," ",0,0,,,0,0,0,0,,
1248,,"ATU 5, pl. 061, W 9578,q",tablet,"Uruk IV (ca. 3350-3200 BC)","Uruk (mod. Warka)",,,,,,,"VAT 14797",,,,,,,0,0,0,0,43.0,19.0,30.0,,,"W 09578,q","Qa XVI,2","unter der Abgleichung der Schicht III, 1,5 m über der Höhe des Kalksteinsockels// t.a.q. IIIc",,,,,"Vorderasiatisches Museum, Berlin, Germany",,,Administrative,undetermined,clay,"Englund1994ATU5; Falkenstein1936ATU1","primary; history","pl. 61, W 9578,q; 225","43x30x19 - same locus as W 9578,a - ATU 1, 225 - 20.1.1931 - numerical notations in the EN system together with use of an accounting(?) line on corner of reverse.; ",,," ",0,0,,,0,0,0,0,,
1249,,"ATU 5, pl. 061, W 9579,a",tablet,"Uruk IV (ca. 3350-3200 BC)","Uruk (mod. Warka)",,,,,,,"VAT 14718",,,,,,,0,0,0,0,50.0,19.0,36.0,,,"W 09579,a","Qa XVI,2","unter der Abgleichung der Schicht III, 1,5 m über der Höhe des Kalksteinsockels// t.a.q. IIIc",,,,,"Vorderasiatisches Museum, Berlin, Germany",,,Administrative,undetermined,clay,"Englund1994ATU5; Falkenstein1936ATU1; Szarzyńska1970Uruk","primary; history; history","pl. 61, W 9579,a; 75; p. 11","50x36x19 - same locus as W 9578,a - ATU 1, 75 - 21.1.1931.; ; ",,," ",0,0,,,0,0,0,0,,
1250,,"ATU 5, pl. 061, W 9579,b",tablet,"Uruk IV (ca. 3350-3200 BC)","Uruk (mod. Warka)",,,,,,,"VAT 14661",,,,,,,0,0,0,0,42.0,18.0,33.0,,,"W 09579,b","Qa XVI,2","unter der Abgleichung der Schicht III, 1,5 m über der Höhe des Kalksteinsockels// t.a.q. IIIc",,,,,"Vorderasiatisches Museum, Berlin, Germany",,,Administrative,undetermined,clay,"Englund1994ATU5; Falkenstein1936ATU1","primary; history","pl. 61, W 9579,b; 51","42x33x18 - same locus as W 9578,a - ATU 1, 51 - 21.1.1931 - compare the text W 9579,af.; ",,," ",0,0,,,0,0,0,0,,
1251,,"ATU 5, pl. 061, W 9579,c",tablet,"Uruk IV (ca. 3350-3200 BC)","Uruk (mod. Warka)",,,,,,,"VAT 14799",,,,,,,0,0,0,0,43.0,16.0,29.0,,,"W 09579,c","Qa XVI,2","unter der Abgleichung der Schicht III, 1,5 m über der Höhe des Kalksteinsockels// t.a.q. IIIc",,,,,"Vorderasiatisches Museum, Berlin, Germany",,,Administrative,undetermined,clay,"Englund1994ATU5; Falkenstein1936ATU1","primary; history","pl. 61, W 9579,c; 223","43x29x16 - same locus as W 9578,a - ATU 1, 223 - 21.1.1931 - numerical notations in the EN system together with use of an accounting(?) line on corner of reverse.; ",,," ",0,0,,,0,0,0,0,,
1252,,"ATU 5, pl. 062, W 9579,d",tablet,"Uruk IV (ca. 3350-3200 BC)","Uruk (mod. Warka)",,,,,,,"VAT 14674",,,,,,,0,0,0,0,41.0,17.0,30.0,,,"W 09579,d","Qa XVI,2","unter der Abgleichung der Schicht III, 1,5 m über der Höhe des Kalksteinsockels// t.a.q. IIIc",,,,,"Vorderasiatisches Museum, Berlin, Germany",,,Administrative,undetermined,clay,"Englund1994ATU5; Falkenstein1936ATU1; sec1175","primary; history; history","pl. 62, W 9579,d; 40; ","41x30x17 - same locus as W 9578,a - ATU 1, 40 - Frühe Schrift, p. 56, fig. 7b, no. 7.3 = Archaic Bookkeeping, p. 20, fig. 21 - 21.1.1931 - photo courtesy of VAM.; ; ",,," ",0,0,,,0,0,0,0,,
1253,,"ATU 5, pl. 062, W 9579,e",tablet,"Uruk IV (ca. 3350-3200 BC)","Uruk (mod. Warka)",,,,,,,"VAT 14893",,,,,,,0,0,0,0,48.0,18.0,36.0,,,"W 09579,e","Qa XVI,2","unter der Abgleichung der Schicht III, 1,5 m über der Höhe des Kalksteinsockels// t.a.q. IIIc",,,,,"Vorderasiatisches Museum, Berlin, Germany",,,Administrative,undetermined,clay,"Englund1994ATU5; Falkenstein1936ATU1","primary; history","pl. 62, W 9579,e; 98","48x36x18 - same locus as W 9578,a - ATU 1, 98 - 21.1.1931 - this text belongs to a group of Uruk IV period accounts recording in succession numbers of objects designated BA, followed by an entry consisting as a rule of the sign combination GU4 DUB+DIÇa/b and; ",,," ",0,0,,,0,0,0,0,,
1254,,"ATU 5, pl. 062, W 9579,f",tablet,"Uruk IV (ca. 3350-3200 BC)","Uruk (mod. Warka)",,,,,,,"VAT 14769",,,,,,,0,0,0,0,39.0,14.0,33.0,,,"W 09579,f","Qa XVI,2","unter der Abgleichung der Schicht III, 1,5 m über der Höhe des Kalksteinsockels// t.a.q. IIIc",,,,,"Vorderasiatisches Museum, Berlin, Germany",,,Administrative,undetermined,clay,"Englund1994ATU5; Falkenstein1936ATU1","primary; history","pl. 62, W 9579,f; 142","39x33x14 - same locus as W 9578,a - ATU 1, 142 - 21.1.1931.; ",,," ",0,0,,,0,0,0,0,,
1255,,"ATU 5, pl. 062, W 9579,g",tablet,"Uruk IV (ca. 3350-3200 BC)","Uruk (mod. Warka)",,,,,,,"VAT 14731",,,,,,,0,0,0,0,49.0,15.0,31.0,,,"W 09579,g","Qa XVI,2","unter der Abgleichung der Schicht III, 1,5 m über der Höhe des Kalksteinsockels// t.a.q. IIIc",,,,,"Vorderasiatisches Museum, Berlin, Germany",,,Administrative,undetermined,clay,"Englund1994ATU5; Falkenstein1936ATU1; Szarzyńska1970Uruk; Veenhof1978spijkerschrift","primary; history; history; history","pl. 62, W 9579,g; 154; p. 11; p. 27","49x31x15 - same locus as W 9578,a - ATU 1, 154 - K. Veenhof, Phoenix 24/1 (1978) 27, copy of obv. - 21.1.1931.; ; ; copy obv.",,," ",0,0,,,0,0,0,0,,
1256,,"ATU 5, pl. 062, W 9579,h",tablet,"Uruk IV (ca. 3350-3200 BC)","Uruk (mod. Warka)",,,,,,,"VAT 14787",,,,,,,0,0,0,0,57.0,18.0,36.0,,,"W 09579,h","Qa XVI,2","unter der Abgleichung der Schicht III, 1,5 m über der Höhe des Kalksteinsockels// t.a.q. IIIc",,,,,"Vorderasiatisches Museum, Berlin, Germany",,,Administrative,undetermined,clay,"Englund1994ATU5; Falkenstein1936ATU1; Szarzyńska1970Uruk","primary; history; history","pl. 62, W 9579,h; 170; p. 10","57x36x18 - same locus as W 9578,a - ATU 1, 170 - 21.1.1931 - see ATU 1, p. 48.; ; ",,," ",0,0,,,0,0,0,0,,
1257,,"ATU 5, pl. 062, W 9579,i",tablet,"Uruk IV (ca. 3350-3200 BC)","Uruk (mod. Warka)",,,,,,,"VAT 14756",,,,,,,0,0,0,0,45.0,16.0,31.0,,,"W 09579,i","Qa XVI,2","unter der Abgleichung der Schicht III, 1,5 m über der Höhe des Kalksteinsockels// t.a.q. IIIc",,,,,"Vorderasiatisches Museum, Berlin, Germany",,,Administrative,undetermined,clay,"Englund1994ATU5; Falkenstein1936ATU1","primary; history","pl. 62, W 9579,i; 151","45x31x16 - same locus as W 9578,a - ATU 1, 151 - 21.1.1931.; ",,," ",0,0,,,0,0,0,0,,
1258,,"ATU 5, pl. 062, W 9579,k",tablet,"Uruk IV (ca. 3350-3200 BC)","Uruk (mod. Warka)",,,,,,,"VAT 14820",,,,,,,0,0,0,0,44.0,20.0,31.0,,,"W 09579,k","Qa XVI,2","unter der Abgleichung der Schicht III, 1,5 m über der Höhe des Kalksteinsockels// t.a.q. IIIc",,,,,"Vorderasiatisches Museum, Berlin, Germany",,,Administrative,undetermined,clay,"Englund1994ATU5; Falkenstein1936ATU1","primary; history","pl. 62, W 9579,k; 215","44x31x20 - same locus as W 9578,a - ATU 1, 215 - 21.1.1931 - numerical notations in the EN system together with use of an accounting(?) line on corner of reverse.; ",,," ",0,0,,,0,0,0,0,,
1259,,"ATU 5, pl. 062, W 9579,l",tablet,"Uruk IV (ca. 3350-3200 BC)","Uruk (mod. Warka)",,,,,,,"VAT 14724",,,,,,,0,0,0,0,62.0,16.0,40.0,,,"W 09579,l","Qa XVI,2","unter der Abgleichung der Schicht III, 1,5 m über der Höhe des Kalksteinsockels// t.a.q. IIIc",,,,,"Vorderasiatisches Museum, Berlin, Germany",,,Administrative,undetermined,clay,"Englund1994ATU5; Falkenstein1936ATU1","primary; history","pl. 62, W 9579,l; 190","62x40x16 - same locus as W 9578,a - ATU 1, 190 - 21.1.1931 - impression of the palm of a hand on the obverse.; ",,," ",0,0,,,0,0,0,0,,
1260,,"ATU 5, pl. 063, W 9579,m",tablet,"Uruk IV (ca. 3350-3200 BC)","Uruk (mod. Warka)",,,,,,,"VAT 14743",,,,,,,0,0,0,0,52.0,15.0,32.0,,,"W 09579,m","Qa XVI,2","unter der Abgleichung der Schicht III, 1,5 m über der Höhe des Kalksteinsockels// t.a.q. IIIc",,,,,"Vorderasiatisches Museum, Berlin, Germany",,,Administrative,undetermined,clay,"Englund1994ATU5; Falkenstein1936ATU1; Szarzyńska1970Uruk","primary; history; history","pl. 63, W 9579,m; 157; p. 11","52x32x15 - same locus as W 9578,a - ATU 1, 157 - 21.1.1931.; ; ",,," ",0,0,,,0,0,0,0,,
1261,,"ATU 5, pl. 063, W 9579,n",tablet,"Uruk IV (ca. 3350-3200 BC)","Uruk (mod. Warka)",,,,,,,"VAT 14763",,,,,,,0,0,0,0,48.0,17.0,36.0,,,"W 09579,n","Qa XVI,2","unter der Abgleichung der Schicht III, 1,5 m über der Höhe des Kalksteinsockels// t.a.q. IIIc",,,,,"Vorderasiatisches Museum, Berlin, Germany",,,Administrative,undetermined,clay,"Englund1994ATU5; Falkenstein1936ATU1","primary; history","pl. 63, W 9579,n; 53","48x36x17 - same locus as W 9578,a - ATU 1, 53 - 21.1.1931.; ",,," ",0,0,,,0,0,0,0,,
1262,,"ATU 5, pl. 063, W 9579,o",tablet,"Uruk IV (ca. 3350-3200 BC)","Uruk (mod. Warka)",,,,,,,"VAT 14736",,,,,,,0,0,0,0,45.0,12.0,29.0,,,"W 09579,o","Qa XVI,2","unter der Abgleichung der Schicht III, 1,5 m über der Höhe des Kalksteinsockels// t.a.q. IIIc",,,,,"Vorderasiatisches Museum, Berlin, Germany",,,Administrative,undetermined,clay,"Englund1994ATU5; Falkenstein1936ATU1; sec1190","primary; history; history","pl. 63, W 9579,o; 167; ","45x29x12 - same locus as W 9578,a - ATU 1, 167 - A. Vaiman, VDI 1974/2, 140 (=BagM 20, 123), no. 18 obv. - 21.1.1931 - fingerprints on tablet surface.; ; ",,," ",0,0,,,0,0,0,0,,
1263,,"ATU 5, pl. 063, W 9579,p",tablet,"Uruk IV (ca. 3350-3200 BC)","Uruk (mod. Warka)",,,,,,,"VAT 14753",,,,,,,0,0,0,0,35.0,14.0,27.0,,,"W 09579,p","Qa XVI,2","unter der Abgleichung der Schicht III, 1,5 m über der Höhe des Kalksteinsockels// t.a.q. IIIc",,,,,"Vorderasiatisches Museum, Berlin, Germany",,,Administrative,undetermined,clay,"Englund1994ATU5; Falkenstein1936ATU1","primary; history","pl. 63, W 9579,p; 139","0x0x0 - same locus as W 9578,a - ATU 1, 139 - 21.1.1931.; ",,," ",0,0,,,0,0,0,0,,
1264,,"ATU 5, pl. 063, W 9579,q",tablet,"Uruk IV (ca. 3350-3200 BC)","Uruk (mod. Warka)",,,,,,,"VAT 14741",,,,,,,0,0,0,0,42.0,11.0,32.0,,,"W 09579,q","Qa XVI,2","unter der Abgleichung der Schicht III, 1,5 m über der Höhe des Kalksteinsockels// t.a.q. IIIc",,,,,"Vorderasiatisches Museum, Berlin, Germany",,,Administrative,undetermined,clay,"Englund1994ATU5; Falkenstein1936ATU1","primary; history","pl. 63, W 9579,q; 144","42x32x11 - same locus as W 9578,a - ATU 1, 144 - 21.1.1931.; ",,," ",0,0,,,0,0,0,0,,
1265,,"ATU 5, pl. 063, W 9579,r",tablet,"Uruk IV (ca. 3350-3200 BC)","Uruk (mod. Warka)",,,,,,,"VAT 14830",,,,,,,0,0,0,0,44.0,15.0,30.0,,,"W 09579,r","Qa XVI,2","unter der Abgleichung der Schicht III, 1,5 m über der Höhe des Kalksteinsockels// t.a.q. IIIc",,,,,"Vorderasiatisches Museum, Berlin, Germany",,,Administrative,undetermined,clay,"Englund1994ATU5; Falkenstein1936ATU1","primary; history","pl. 63, W 9579,r; 169","44x30x15 - same locus as W 9578,a - ATU 1, 169 - 21.1.1931.; ",,," ",0,0,,,0,0,0,0,,
1266,,"ATU 5, pl. 063, W 9579,s",tablet,"Uruk IV (ca. 3350-3200 BC)","Uruk (mod. Warka)",,,,,,,"VAT 15249",,,,,,,0,0,0,0,70.0,27.0,49.0,,,"W 09579,s","Qa XVI,2","unter der Abgleichung der Schicht III, 1,5 m über der Höhe des Kalksteinsockels// t.a.q. IIIc",,,,,"Vorderasiatisches Museum, Berlin, Germany",,,Administrative,undetermined,clay,"Englund1994ATU5; Falkenstein1936ATU1","primary; history","pl. 63, W 9579,s; 337","70x49x27 - same locus as W 9578,a - ATU 1, 337 - 21.1.1931.; ",,," ",0,0,,,0,0,0,0,,
1267,,"ATU 5, pl. 064, W 9579,t",tablet,"Uruk IV (ca. 3350-3200 BC)","Uruk (mod. Warka)",,,,,,,"VAT 15074",,,,,,,0,0,0,0,63.0,23.0,48.0,,,"W 09579,t","Qa XVI,2","unter der Abgleichung der Schicht III, 1,5 m über der Höhe des Kalksteinsockels// t.a.q. IIIc",,,,,"Vorderasiatisches Museum, Berlin, Germany",,,Administrative,undetermined,clay,"Englund1994ATU5; Falkenstein1936ATU1","primary; history","pl. 64, W 9579,t; 307","63x48x23 - same locus as W 9578,a - ATU 1, 307 - 21.1.1931.; ",,," ",0,0,,,0,0,0,0,,
1268,,"ATU 5, pl. 064, W 9579,u",tablet,"Uruk IV (ca. 3350-3200 BC)","Uruk (mod. Warka)",,,,,,,"VAT 15018",,,,,,,0,0,0,0,88.0,26.0,65.0,,,"W 09579,u","Qa XVI,2","unter der Abgleichung der Schicht III, 1,5 m über der Höhe des Kalksteinsockels// t.a.q. IIIc",,,,,"Vorderasiatisches Museum, Berlin, Germany",,,Administrative,undetermined,clay,"Englund1994ATU5; Falkenstein1936ATU1","primary; history","pl. 64, W 9579,u; 352","88x65x26 - same locus as W 9578,a - ATU 1, 352 - 21.1.1931 - the account is an important reference text for the use of the numerical sign N8 with a value below 1/2 N1 (""1/2"") in the sexagesimal system (probably with the value ""1/10"") - see P. Damerow and R. En; ",,," ",0,0,,,0,0,0,0,,
1269,,"ATU 5, pl. 064, W 9579,v",tablet,"Uruk IV (ca. 3350-3200 BC)","Uruk (mod. Warka)",,,,,,,"VAT 15076",,,,,,,0,0,0,0,61.0,23.0,42.0,,,"W 09579,v","Qa XVI,2","unter der Abgleichung der Schicht III, 1,5 m über der Höhe des Kalksteinsockels// t.a.q. IIIc",,,,,"Vorderasiatisches Museum, Berlin, Germany",,,Administrative,undetermined,clay,"Englund1994ATU5; Falkenstein1936ATU1","primary; history","pl. 64, W 9579,v; 306","61x42x23 - same locus as W 9578,a - ATU 1, 306 - 21.1.1931.; ",,," ",0,0,,,0,0,0,0,,
1274,,"ATU 5, pl. 065, W 9579,aa",tablet,"Uruk IV (ca. 3350-3200 BC)","Uruk (mod. Warka)",,,,,,,"VAT 14817",,,,,,,0,0,0,0,48.0,20.0,32.0,,,"W 09579,aa","Qa XVI,2","unter der Abgleichung der Schicht III, 1,5 m über der Höhe des Kalksteinsockels// t.a.q. IIIc",,,,,"Vorderasiatisches Museum, Berlin, Germany",,,Administrative,undetermined,clay,"Englund1994ATU5; Falkenstein1936ATU1; sec1204","primary; history; history","pl. 65, W 9579,aa; 208; ","48x32x20 - same locus as W 9578,a - ATU 1, 208 - A. Vaiman, VDI 1974/2, 140 (=BagM 20, 123), no. 17 - 21.1.1931.; ; ",,," ",0,0,,,0,0,0,0,,
1275,,"ATU 5, pl. 065, W 9579,ab",tablet,"Uruk IV (ca. 3350-3200 BC)","Uruk (mod. Warka)",,,,,,,"VAT 14952",,,,,,,0,0,0,0,45.0,18.0,34.0,,,"W 09579,ab","Qa XVI,2","unter der Abgleichung der Schicht III, 1,5 m über der Höhe des Kalksteinsockels// t.a.q. IIIc",,,,,"Vorderasiatisches Museum, Berlin, Germany",,,Administrative,undetermined,clay,"Englund1994ATU5; Falkenstein1936ATU1","primary; history","pl. 65, W 9579,ab; 97","45x34x18 - same locus as W 9578,a - ATU 1, 97 - 21.1.1931 - see the remarks to W 9579,e.; ",,," ",0,0,,,0,0,0,0,,
1270,,"ATU 5, pl. 065, W 9579,w",tablet,"Uruk IV (ca. 3350-3200 BC)","Uruk (mod. Warka)",,,,,,,"VAT 15170",,,,,,,0,0,0,0,87.0,29.0,63.0,,,"W 09579,w","Qa XVI,2","unter der Abgleichung der Schicht III, 1,5 m über der Höhe des Kalksteinsockels// t.a.q. IIIc",,,,,"Vorderasiatisches Museum, Berlin, Germany",,,Administrative,undetermined,clay,"Englund1994ATU5; Falkenstein1936ATU1","primary; history","pl. 65, W 9579,w; 285","87x63x29 - same locus as W 9578,a - ATU 1, 285 - 21.1.1931 - see P. Damerow and R. Englund, ATU 2, p. 137, 139-140.; ",,," ",0,0,,,0,0,0,0,,
1271,,"ATU 5, pl. 065, W 9579,x",tablet,"Uruk IV (ca. 3350-3200 BC)","Uruk (mod. Warka)",,,,,,,"VAT 14872",,,,,,,0,0,0,0,43.0,23.0,40.0,,,"W 09579,x","Qa XVI,2","unter der Abgleichung der Schicht III, 1,5 m über der Höhe des Kalksteinsockels// t.a.q. IIIc",,,,,"Vorderasiatisches Museum, Berlin, Germany",,,Administrative,undetermined,clay,"Englund1994ATU5; Falkenstein1936ATU1","primary; history","pl. 65, W 9579,x; 129","43x40x23 - same locus as W 9578,a - ATU 1, 129 - 21.1.1931.; ",,," ",0,0,,,0,0,0,0,,
1272,,"ATU 5, pl. 065, W 9579,y",tablet,"Uruk IV (ca. 3350-3200 BC)","Uruk (mod. Warka)",,,,,,,"VAT 14791",,,,,,,0,0,0,0,44.0,17.0,32.0,,,"W 09579,y","Qa XVI,2","unter der Abgleichung der Schicht III, 1,5 m über der Höhe des Kalksteinsockels// t.a.q. IIIc",,,,,"Vorderasiatisches Museum, Berlin, Germany",,,Administrative,undetermined,clay,"Englund1994ATU5; Falkenstein1936ATU1","primary; history","pl. 65, W 9579,y; 81","44x32x17 - same locus as W 9578,a - ATU 1, 81 - 21.1.1931.; ",,," ",0,0,,,0,0,0,0,,
1273,,"ATU 5, pl. 065, W 9579,z",tablet,"Uruk IV (ca. 3350-3200 BC)","Uruk (mod. Warka)",,,,,,,"VAT 14684",,,,,,,0,0,0,0,40.0,16.0,29.0,,,"W 09579,z","Qa XVI,2","unter der Abgleichung der Schicht III, 1,5 m über der Höhe des Kalksteinsockels// t.a.q. IIIc",,,,,"Vorderasiatisches Museum, Berlin, Germany",,,Administrative,undetermined,clay,"Englund1994ATU5; Falkenstein1936ATU1; sec1202","primary; history; history","pl. 65, W 9579,z; 41; ","40x29x16 - same locus as W 9578,a - ATU 1, 41 - A. Vaiman, VDI 1972/1, 125, no. 1 obv. (see BagM 21, 105) - 21.1.1931.; ; ",,," ",0,0,,,0,0,0,0,,
1276,,"ATU 5, pl. 066, W 9579,ac",tablet,"Uruk IV (ca. 3350-3200 BC)","Uruk (mod. Warka)",,,,,,,"VAT 14781",,,,,,,0,0,0,0,35.0,13.0,26.0,,,"W 09579,ac","Qa XVI,2","unter der Abgleichung der Schicht III, 1,5 m über der Höhe des Kalksteinsockels// t.a.q. IIIc",,,,,"Vorderasiatisches Museum, Berlin, Germany",,,Administrative,undetermined,clay,"Englund1994ATU5; Falkenstein1936ATU1; sec1207","primary; history; history","pl. 66, W 9579,ac; 21; ","35x26x13 - same locus as W 9578,a - ATU 1, 21 - A. Vaiman, VDI 1974/2, 140 (=BagM 20, 123), no. 19 obv. - 21.1.1931.; ; ",,," ",0,0,,,0,0,0,0,,
1277,,"ATU 5, pl. 066, W 9579,ad",tablet,"Uruk IV (ca. 3350-3200 BC)","Uruk (mod. Warka)",,,,,,,"VAT 14779",,,,,,,0,0,0,0,42.0,16.0,31.0,,,"W 09579,ad","Qa XVI,2","unter der Abgleichung der Schicht III, 1,5 m über der Höhe des Kalksteinsockels// t.a.q. IIIc",,,,,"Vorderasiatisches Museum, Berlin, Germany",,,Administrative,undetermined,clay,"Englund1994ATU5; Falkenstein1936ATU1","primary; history","pl. 66, W 9579,ad; 42","42x31x16 - same locus as W 9578,a - ATU 1, 42 - 21.1.1931 - see the remarks to W 9206,c.; ",,," ",0,0,,,0,0,0,0,,
1278,,"ATU 5, pl. 066, W 9579,ae",tablet,"Uruk IV (ca. 3350-3200 BC)","Uruk (mod. Warka)",,,,,,,"VAT 14670",,,,,,,0,0,0,0,43.0,17.0,33.0,,,"W 09579,ae","Qa XVI,2","unter der Abgleichung der Schicht III, 1,5 m über der Höhe des Kalksteinsockels// t.a.q. IIIc",,,,,"Vorderasiatisches Museum, Berlin, Germany",,,Administrative,undetermined,clay,"Englund1994ATU5; Falkenstein1936ATU1","primary; history","pl. 66, W 9579,ae; 235","43x33x17 - same locus as W 9578,a - ATU 1, 235 - 21.1.1931 - numerical notations in the EN system together with use of an accounting(?) line on corner of reverse.; ",,," ",0,0,,,0,0,0,0,,
1279,,"ATU 5, pl. 066, W 9579,af",tablet,"Uruk IV (ca. 3350-3200 BC)","Uruk (mod. Warka)",,,,,,,"VAT 14761",,,,,,,0,0,0,0,36.0,15.0,26.0,,,"W 09579,af","Qa XVI,2","unter der Abgleichung der Schicht III, 1,5 m über der Höhe des Kalksteinsockels// t.a.q. IIIc",,,,,"Vorderasiatisches Museum, Berlin, Germany",,,Administrative,undetermined,clay,"Englund1994ATU5; Falkenstein1936ATU1; Szarzyńska1970Uruk","primary; history; history","pl. 66, W 9579,af; 137; p. 13","36x26x15 - same locus as W 9578,a - ATU 1, 137 - 21.1.1931 - compare the text W 9579,b.; ; ",,," ",0,0,,,0,0,0,0,,
1280,,"ATU 5, pl. 066, W 9579,ag",tablet,"Uruk IV (ca. 3350-3200 BC)","Uruk (mod. Warka)",,,,,,,"VAT 14650",,,,,,,0,0,0,0,39.0,19.0,30.0,,,"W 09579,ag","Qa XVI,2","unter der Abgleichung der Schicht III, 1,5 m über der Höhe des Kalksteinsockels// t.a.q. IIIc",,,,,"Vorderasiatisches Museum, Berlin, Germany",,,Administrative,undetermined,clay,"Englund1994ATU5; Falkenstein1936ATU1; sec1213; sec1214; Szarzyńska1970Uruk","primary; history; history; history; history","pl. 66, W 9579,ag; 20; ; ; p. 11","39x30x19 - same locus as W 9578,a - ATU 1, 20 - 21.1.1931.; ; ; ; ",,," ",0,0,,,0,0,0,0,,
1281,,"ATU 5, pl. 066, W 9579,ah",tablet,"Uruk IV (ca. 3350-3200 BC)","Uruk (mod. Warka)",,,,,,,"VAT 14776",,,,,,,0,0,0,0,46.0,17.0,35.0,,,"W 09579,ah","Qa XVI,2","unter der Abgleichung der Schicht III, 1,5 m über der Höhe des Kalksteinsockels// t.a.q. IIIc",,,,,"Vorderasiatisches Museum, Berlin, Germany",,,Administrative,undetermined,clay,"Englund1994ATU5; Englund1998OBO160/1; Falkenstein1936ATU1","primary; history; history","pl. 66, W 9579,ah; p. 160 fig. 55; 86","46x35x17 - same locus as W 9578,a - ATU 1, 86 - 21.1.1931 - see the remarks to W 9206,c.; copy; ",,," ",0,0,,,0,0,0,0,,
1282,,"ATU 5, pl. 066, W 9579,ai",tablet,"Uruk IV (ca. 3350-3200 BC)","Uruk (mod. Warka)",,,,,,,"VAT 14774",,,,,,,0,0,0,0,40.0,14.0,27.0,,,"W 09579,ai","Qa XVI,2","unter der Abgleichung der Schicht III, 1,5 m über der Höhe des Kalksteinsockels// t.a.q. IIIc",,,,,"Vorderasiatisches Museum, Berlin, Germany",,,Administrative,undetermined,clay,"Englund1994ATU5; Falkenstein1936ATU1; sec1219","primary; history; history","pl. 66, W 9579,ai; 94; ","40x27x14 - same locus as W 9578,a - ATU 1, 94 - M. Lambert, Archéologia 12 (9-10.1966) 29 - 21.1.1931 - an account of small cattle and lambs apparently qualified with the numerical sign N8 - compare the texts W 9656,ba (lambs), 9656,fx (kids), 9655,t (slaves) a; ; ",,," ",0,0,,,0,0,0,0,,
1283,,"ATU 5, pl. 066, W 9579,ak",tablet,"Uruk IV (ca. 3350-3200 BC)","Uruk (mod. Warka)",,,,,,,"VAT 14690",,,,,,,0,0,0,0,29.0,12.0,23.0,,,"W 09579,ak","Qa XVI,2","unter der Abgleichung der Schicht III, 1,5 m über der Höhe des Kalksteinsockels// t.a.q. IIIc",,,,,"Vorderasiatisches Museum, Berlin, Germany",,,Administrative,undetermined,clay,"Englund1994ATU5; Falkenstein1936ATU1","primary; history","pl. 66, W 9579,ak; 8","29x23x12 - same locus as W 9578,a - ATU 1, 8 - 21.1.1931.; ",,," ",0,0,,,0,0,0,0,,
1284,,"ATU 5, pl. 066, W 9579,al",tablet,"Uruk IV (ca. 3350-3200 BC)","Uruk (mod. Warka)",,,,,,,"VAT 14810",,,,,,,0,0,0,0,40.0,16.0,28.0,,,"W 09579,al","Qa XVI,2","unter der Abgleichung der Schicht III, 1,5 m über der Höhe des Kalksteinsockels// t.a.q. IIIc",,,,,"Vorderasiatisches Museum, Berlin, Germany",,,Administrative,undetermined,clay,"Englund1994ATU5; Falkenstein1936ATU1; sec1222","primary; history; history","pl. 66, W 9579,al; 202; ","40x28x16 - same locus as W 9578,a - ATU 1, 202 - A. Vaiman, VDI 1974/2, 140 (=BagM 20, 123), no. 16 - 21.1.1931.; ; ",,," ",0,0,,,0,0,0,0,,
1285,,"ATU 5, pl. 066, W 9579,am",tablet,"Uruk IV (ca. 3350-3200 BC)","Uruk (mod. Warka)",,,,,,,"VAT 14689",,,,,,,0,0,0,0,32.0,12.0,24.0,,,"W 09579,am","Qa XVI,2","unter der Abgleichung der Schicht III, 1,5 m über der Höhe des Kalksteinsockels// t.a.q. IIIc",,,,,"Vorderasiatisches Museum, Berlin, Germany",,,Administrative,undetermined,clay,"Englund1994ATU5; Falkenstein1936ATU1; Szarzyńska1970Uruk","primary; history; history","pl. 66, W 9579,am; 12; p. 13","32x24x12 - same locus as W 9578,a - ATU 1, 12 - 21.1.1931.; ; ",,," ",0,0,,,0,0,0,0,,
1286,,"ATU 5, pl. 067, W 9579,an",tablet,"Uruk IV (ca. 3350-3200 BC)","Uruk (mod. Warka)",,,,,,,"VAT 14764",,,,,,,0,0,0,0,43.0,15.0,28.0,,,"W 09579,an","Qa XVI,2","unter der Abgleichung der Schicht III, 1,5 m über der Höhe des Kalksteinsockels// t.a.q. IIIc",,,,,"Vorderasiatisches Museum, Berlin, Germany",,,Administrative,undetermined,clay,"Englund1994ATU5; Falkenstein1936ATU1","primary; history","pl. 67, W 9579,an; 145","43x28x15 - same locus as W 9578,a - ATU 1, 145 - 21.1.1931 - note use of incising end of stylus to impress the numerical sign.; ",,," ",0,0,,,0,0,0,0,,
1287,,"ATU 5, pl. 067, W 9579,ao",tablet,"Uruk IV (ca. 3350-3200 BC)","Uruk (mod. Warka)",,,,,,,"VAT 14767",,,,,,,0,0,0,0,41.0,15.0,31.0,,,"W 09579,ao","Qa XVI,2","unter der Abgleichung der Schicht III, 1,5 m über der Höhe des Kalksteinsockels// t.a.q. IIIc",,,,,"Vorderasiatisches Museum, Berlin, Germany",,,Administrative,undetermined,clay,"Englund1994ATU5; Falkenstein1936ATU1","primary; history","pl. 67, W 9579,ao; 146","41x31x15 - same locus as W 9578,a - ATU 1, 146 - 21.1.1931.; ",,," ",0,0,,,0,0,0,0,,
1288,,"ATU 5, pl. 067, W 9579,ap",tablet,"Uruk IV (ca. 3350-3200 BC)","Uruk (mod. Warka)",,,,,,,"VAT 14713",,,,,,,0,0,0,0,31.0,14.0,24.0,,,"W 09579,ap","Qa XVI,2","unter der Abgleichung der Schicht III, 1,5 m über der Höhe des Kalksteinsockels// t.a.q. IIIc",,,,,"Vorderasiatisches Museum, Berlin, Germany",,,Administrative,undetermined,clay,"Englund1994ATU5; Falkenstein1936ATU1","primary; history","pl. 67, W 9579,ap; 9","31x24x14 - same locus as W 9578,a - ATU 1, 9 - 21.1.1931.; ",,," ",0,0,,,0,0,0,0,,
1289,,"ATU 5, pl. 067, W 9579,aq",tablet,"Uruk IV (ca. 3350-3200 BC)","Uruk (mod. Warka)",,,,,,,"VAT 14828",,,,,,,0,0,0,0,33.0,11.0,27.0,,,"W 09579,aq","Qa XVI,2","unter der Abgleichung der Schicht III, 1,5 m über der Höhe des Kalksteinsockels// t.a.q. IIIc",,,,,"Vorderasiatisches Museum, Berlin, Germany",,,Administrative,undetermined,clay,"Englund1994ATU5; Falkenstein1936ATU1","primary; history","pl. 67, W 9579,aq; 174","33x27x11 - same locus as W 9578,a - ATU 1, 174 - 21.1.1931.; ",,," ",0,0,,,0,0,0,0,,
1290,,"ATU 5, pl. 067, W 9579,ar",tablet,"Uruk IV (ca. 3350-3200 BC)","Uruk (mod. Warka)",,,,,,,"VAT 14892",,,,,,,0,0,0,0,57.0,25.0,42.0,,,"W 09579,ar","Qa XVI,2","unter der Abgleichung der Schicht III, 1,5 m über der Höhe des Kalksteinsockels// t.a.q. IIIc",,,,,"Vorderasiatisches Museum, Berlin, Germany",,,Administrative,undetermined,clay,"Englund1994ATU5; Falkenstein1936ATU1","primary; history","pl. 67, W 9579,ar; 246","57x42x25 - same locus as W 9578,a - ATU 1, 246 - 21.1.1931 - the text appears to be a school exercise.; ",,," ",0,0,,,0,0,0,0,,
1291,,"ATU 5, pl. 067, W 9579,as",tablet,"Uruk IV (ca. 3350-3200 BC)","Uruk (mod. Warka)",,,,,,,"VAT 14836",,,,,,,0,0,0,0,43.0,16.0,32.0,,,"W 09579,as","Qa XVI,2","unter der Abgleichung der Schicht III, 1,5 m über der Höhe des Kalksteinsockels// t.a.q. IIIc",,,,,"Vorderasiatisches Museum, Berlin, Germany",,,Administrative,undetermined,clay,"Englund1994ATU5; Falkenstein1936ATU1; Veenhof1978spijkerschrift","primary; history; history","pl. 67, W 9579,as; 165; p. 27","43x32x16 - same locus as W 9578,a - ATU 1, 165 - K. Veenhof, Phoenix 24/1 (1978) 27 obv. - 21.1.1931.; ; copy obv.",,," ",0,0,,,0,0,0,0,,
1292,,"ATU 5, pl. 067, W 9579,at",tablet,"Uruk IV (ca. 3350-3200 BC)","Uruk (mod. Warka)",,,,,,,"VAT 14894",,,,,,,0,0,0,0,47.0,18.0,35.0,,,"W 09579,at","Qa XVI,2","unter der Abgleichung der Schicht III, 1,5 m über der Höhe des Kalksteinsockels// t.a.q. IIIc",,,,,"Vorderasiatisches Museum, Berlin, Germany",,,Administrative,undetermined,clay,"Englund1994ATU5; Falkenstein1936ATU1","primary; history","pl. 67, W 9579,at; 99","47x35x18 - same locus as W 9578,a - ATU 1,99 - 21.1.1931 - see the remarks to W 9579,e.; ",,," ",0,0,,,0,0,0,0,,
1293,,"ATU 5, pl. 067, W 9579,au",tablet,"Uruk IV (ca. 3350-3200 BC)","Uruk (mod. Warka)",,,,,,,"VAT 14804",,,,,,,0,0,0,0,43.0,16.0,33.0,,,"W 09579,au","Qa XVI,2","unter der Abgleichung der Schicht III, 1,5 m über der Höhe des Kalksteinsockels// t.a.q. IIIc",,,,,"Vorderasiatisches Museum, Berlin, Germany",,,Administrative,undetermined,clay,"Englund1994ATU5; Falkenstein1936ATU1","primary; history","pl. 67, W 9579,au; 226","43x33x16 - same locus as W 9578,a - ATU 1, 226 - 21.1.1931 - numerical notations in the EN system together with use of an accounting(?) line on corner of reverse.; ",,," ",0,0,,,0,0,0,0,,
1294,,"ATU 5, pl. 068, W 9579,av",tablet,"Uruk IV (ca. 3350-3200 BC)","Uruk (mod. Warka)",,,,,,,"VAT 14712",,,,,,,0,0,0,0,38.0,12.0,29.0,,,"W 09579,av","Qa XVI,2","unter der Abgleichung der Schicht III, 1,5 m über der Höhe des Kalksteinsockels// t.a.q. IIIc",,,,,"Vorderasiatisches Museum, Berlin, Germany",,,Administrative,undetermined,clay,"Englund1994ATU5; Englund1998OBO160/1; Falkenstein1936ATU1; Szarzyńska1970Uruk","primary; history; history; history","pl. 68, W 9579,av; p. 154 fig. 52; 28; p. 13","38x29x12 - same locus as W 9578,a - ATU 1, 28 - 21.1.1931 - see the remarks to W 9123,b.; copy; ; ",,," ",0,0,,,0,0,0,0,,
1295,,"ATU 5, pl. 068, W 9579,aw",tablet,"Uruk IV (ca. 3350-3200 BC)","Uruk (mod. Warka)",,,,,,,"VAT 14687",,,,,,,0,0,0,0,49.0,19.0,33.0,,,"W 09579,aw","Qa XVI,2","unter der Abgleichung der Schicht III, 1,5 m über der Höhe des Kalksteinsockels// t.a.q. IIIc",,,,,"Vorderasiatisches Museum, Berlin, Germany",,,Administrative,undetermined,clay,"Englund1994ATU5; Falkenstein1936ATU1","primary; history","pl. 68, W 9579,aw; 67","49x33x19 - same locus as W 9578,a - ATU 1, 67 - 21.1.1931.; ",,," ",0,0,,,0,0,0,0,,
1296,,"ATU 5, pl. 068, W 9579,ax",tablet,"Uruk IV (ca. 3350-3200 BC)","Uruk (mod. Warka)",,,,,,,"VAT 14765",,,,,,,0,0,0,0,35.0,14.0,26.0,,,"W 09579,ax","Qa XVI,2","unter der Abgleichung der Schicht III, 1,5 m über der Höhe des Kalksteinsockels// t.a.q. IIIc",,,,,"Vorderasiatisches Museum, Berlin, Germany",,,Administrative,undetermined,clay,"Englund1994ATU5; Falkenstein1936ATU1; Szarzyńska1970Uruk","primary; history; history","pl. 68, W 9579,ax; 138; p. 10","35x26x14 - same locus as W 9578,a - ATU 1, 138 - 21.1.1931.; ; ",,," ",0,0,,,0,0,0,0,,
1297,,"ATU 5, pl. 068, W 9579,ay",tablet,"Uruk IV (ca. 3350-3200 BC)","Uruk (mod. Warka)",,,,,,,"VAT 14732",,,,,,,0,0,0,0,51.0,15.0,35.0,,,"W 09579,ay","Qa XVI,2","unter der Abgleichung der Schicht III, 1,5 m über der Höhe des Kalksteinsockels// t.a.q. IIIc",,,,,"Vorderasiatisches Museum, Berlin, Germany",,,Administrative,undetermined,clay,"Englund1994ATU5; Falkenstein1936ATU1","primary; history","pl. 68, W 9579,ay; 164","51x35x15 - same locus as W 9578,a - ATU 1, 164 - 21.1.1931 - fingerprints on obverse and reverse.; ",,," ",0,0,,,0,0,0,0,,
1298,,"ATU 5, pl. 068, W 9579,az",tablet,"Uruk IV (ca. 3350-3200 BC)","Uruk (mod. Warka)",,,,,,,"VAT 15305",,,,,,,0,0,0,0,42.0,14.0,28.0,,,"W 09579,az","Qa XVI,2","unter der Abgleichung der Schicht III, 1,5 m über der Höhe des Kalksteinsockels// t.a.q. IIIc",,,,,"Vorderasiatisches Museum, Berlin, Germany",,,Administrative,undetermined,clay,"Englund1994ATU5; Falkenstein1936ATU1","primary; history","pl. 68, W 9579,az; 178","42x28x14 - same locus as W 9578,a - ATU 1, 178 - 21.1.1931.; ",,," ",0,0,,,0,0,0,0,,
1299,,"ATU 5, pl. 068, W 9579,ba",tablet,"Uruk IV (ca. 3350-3200 BC)","Uruk (mod. Warka)",,,,,,,"VAT 14676",,,,,,,0,0,0,0,44.0,14.0,31.0,,,"W 09579,ba","Qa XVI,2","unter der Abgleichung der Schicht III, 1,5 m über der Höhe des Kalksteinsockels// t.a.q. IIIc",,,,,"Vorderasiatisches Museum, Berlin, Germany",,,Administrative,undetermined,clay,"Englund1994ATU5; Falkenstein1936ATU1","primary; history","pl. 68, W 9579,ba; 60","44x31x14 - same locus as W 9578,a - ATU 1, 60 - 21.1.1931.; ",,," ",0,0,,,0,0,0,0,,
1300,,"ATU 5, pl. 068, W 9579,bb",tablet,"Uruk IV (ca. 3350-3200 BC)","Uruk (mod. Warka)",,,,,,,"VAT 14664",,,,,,,0,0,0,0,46.0,16.0,36.0,,,"W 09579,bb","Qa XVI,2","unter der Abgleichung der Schicht III, 1,5 m über der Höhe des Kalksteinsockels// t.a.q. IIIc",,,,,"Vorderasiatisches Museum, Berlin, Germany",,,Administrative,undetermined,clay,"Englund1994ATU5; Falkenstein1936ATU1","primary; history","pl. 68, W 9579,bb; 66","46x36x16 - same locus as W 9578,a - ATU 1, 66 - 21.1.1931.; ",,," ",0,0,,,0,0,0,0,,
1301,,"ATU 5, pl. 068, W 9579,bc",tablet,"Uruk IV (ca. 3350-3200 BC)","Uruk (mod. Warka)",,,,,,,"VAT 14733",,,,,,,0,0,0,0,48.0,14.0,33.0,,,"W 09579,bc","Qa XVI,2","unter der Abgleichung der Schicht III, 1,5 m über der Höhe des Kalksteinsockels// t.a.q. IIIc",,,,,"Vorderasiatisches Museum, Berlin, Germany",,,Administrative,undetermined,clay,"Englund1994ATU5; Falkenstein1936ATU1; Szarzyńska1970Uruk","primary; history; history","pl. 68, W 9579,bc; 153; p. 10","48x33x14 - same locus as W 9578,a - ATU 1, 153 - 21.1.1931 - compare the text W 9579,bs.; ; ",,," ",0,0,,,0,0,0,0,,
1302,,"ATU 5, pl. 069, W 9579,bd",tablet,"Uruk IV (ca. 3350-3200 BC)","Uruk (mod. Warka)",,,,,,,"VAT 14819",,,,,,,0,0,0,0,42.0,16.0,31.0,,,"W 09579,bd","Qa XVI,2","unter der Abgleichung der Schicht III, 1,5 m über der Höhe des Kalksteinsockels// t.a.q. IIIc",,,,,"Vorderasiatisches Museum, Berlin, Germany",,,Administrative,undetermined,clay,"Englund1994ATU5; Falkenstein1936ATU1","primary; history","pl. 69, W 9579,bd; 216","42x31x16 - same locus as W 9578,a - ATU 1, 216 - 21.1.1931 - numerical notations in the EN system together with use of an accounting(?) line on corner of reverse.; ",,," ",0,0,,,0,0,0,0,,
1303,,"ATU 5, pl. 069, W 9579,be",tablet,"Uruk IV (ca. 3350-3200 BC)","Uruk (mod. Warka)",,,,,,,"VAT 14673",,,,,,,0,0,0,0,42.0,17.0,30.0,,,"W 09579,be","Qa XVI,2","unter der Abgleichung der Schicht III, 1,5 m über der Höhe des Kalksteinsockels// t.a.q. IIIc",,,,,"Vorderasiatisches Museum, Berlin, Germany",,,Administrative,undetermined,clay,"Englund1994ATU5; Falkenstein1936ATU1","primary; history","pl. 69, W 9579,be; 59","42x30x17 - same locus as W 9578,a - ATU 1, 59 - 21.1.1931.; ",,," ",0,0,,,0,0,0,0,,
1304,,"ATU 5, pl. 069, W 9579,bf",tablet,"Uruk IV (ca. 3350-3200 BC)","Uruk (mod. Warka)",,,,,,,"VAT 14824",,,,,,,0,0,0,0,44.0,17.0,32.0,,,"W 09579,bf","Qa XVI,2","unter der Abgleichung der Schicht III, 1,5 m über der Höhe des Kalksteinsockels// t.a.q. IIIc",,,,,"Vorderasiatisches Museum, Berlin, Germany",,,Administrative,undetermined,clay,"Englund1994ATU5; Falkenstein1936ATU1","primary; history","pl. 69, W 9579,bf; 217","44x32x17 - same locus as W 9578,a - ATU 1, 217 - 21.1.1931 - numerical notations in the EN system together with use of an accounting(?) line on corner of reverse.; ",,," ",0,0,,,0,0,0,0,,
1305,,"ATU 5, pl. 069, W 9579,bg",tablet,"Uruk IV (ca. 3350-3200 BC)","Uruk (mod. Warka)",,,,,,,"VAT 14699",,,,,,,0,0,0,0,41.0,18.0,30.0,,,"W 09579,bg","Qa XVI,2","unter der Abgleichung der Schicht III, 1,5 m über der Höhe des Kalksteinsockels// t.a.q. IIIc",,,,,"Vorderasiatisches Museum, Berlin, Germany",,,Administrative,undetermined,clay,"Englund1994ATU5; Falkenstein1936ATU1","primary; history","pl. 69, W 9579,bg; 50","41x30x18 - same locus as W 9578,a - ATU 1, 50 - 21.1.1931.; ",,," ",0,0,,,0,0,0,0,,
1306,,"ATU 5, pl. 069, W 9579,bh",tablet,"Uruk IV (ca. 3350-3200 BC)","Uruk (mod. Warka)",,,,,,,"VAT 14686",,,,,,,0,0,0,0,47.0,18.0,33.0,,,"W 09579,bh","Qa XVI,2","unter der Abgleichung der Schicht III, 1,5 m über der Höhe des Kalksteinsockels// t.a.q. IIIc",,,,,"Vorderasiatisches Museum, Berlin, Germany",,,Administrative,undetermined,clay,"Englund1994ATU5; Falkenstein1936ATU1","primary; history","pl. 69, W 9579,bh; 73","47x33x18 - same locus as W 9578,a - ATU 1, 73 - 21.1.1931.; ",,," ",0,0,,,0,0,0,0,,
1307,,"ATU 5, pl. 069, W 9579,bi",tablet,"Uruk IV (ca. 3350-3200 BC)","Uruk (mod. Warka)",,,,,,,"VAT 14717",,,,,,,0,0,0,0,37.0,16.0,30.0,,,"W 09579,bi","Qa XVI,2","unter der Abgleichung der Schicht III, 1,5 m über der Höhe des Kalksteinsockels// t.a.q. IIIc",,,,,"Vorderasiatisches Museum, Berlin, Germany",,,Administrative,undetermined,clay,"Englund1994ATU5; Falkenstein1936ATU1","primary; history","pl. 69, W 9579,bi; 25","37x30x16 - same locus as W 9578,a - ATU 1, 25 - 21.1.1931.; ",,," ",0,0,,,0,0,0,0,,
1308,,"ATU 5, pl. 069, W 9579,bk",tablet,"Uruk IV (ca. 3350-3200 BC)","Uruk (mod. Warka)",,,,,,,"VAT 14821",,,,,,,0,0,0,0,43.0,16.0,31.0,,,"W 09579,bk","Qa XVI,2","unter der Abgleichung der Schicht III, 1,5 m über der Höhe des Kalksteinsockels// t.a.q. IIIc",,,,,"Vorderasiatisches Museum, Berlin, Germany",,,Administrative,undetermined,clay,"Englund1994ATU5; Falkenstein1936ATU1","primary; history","pl. 69, W 9579,bk; 218","43x31x16 - same locus as W 9578,a - ATU 1, 218 - 21.1.1931 - numerical notations in the EN system together with use of an accounting(?) line on corner of reverse.; ",,," ",0,0,,,0,0,0,0,,
1309,,"ATU 5, pl. 069, W 9579,bl",tablet,"Uruk IV (ca. 3350-3200 BC)","Uruk (mod. Warka)",,,,,,,"VAT 14838",,,,,,,0,0,0,0,42.0,16.0,31.0,,,"W 09579,bl","Qa XVI,2","unter der Abgleichung der Schicht III, 1,5 m über der Höhe des Kalksteinsockels// t.a.q. IIIc",,,,,"Vorderasiatisches Museum, Berlin, Germany",,,Administrative,undetermined,clay,"Englund1994ATU5; Falkenstein1936ATU1","primary; history","pl. 69, W 9579,bl; 101","42x31x16 - same locus as W 9578,a - ATU 1, 101 - 21.1.1931.; ",,," ",0,0,,,0,0,0,0,,
1310,,"ATU 5, pl. 070, W 9579,bm",tablet,"Uruk IV (ca. 3350-3200 BC)","Uruk (mod. Warka)",,,,,,,"VAT 14681",,,,,,,0,0,0,0,35.0,16.0,26.0,,,"W 09579,bm","Qa XVI,2","unter der Abgleichung der Schicht III, 1,5 m über der Höhe des Kalksteinsockels// t.a.q. IIIc",,,,,"Vorderasiatisches Museum, Berlin, Germany",,,Administrative,undetermined,clay,"Englund1994ATU5; Falkenstein1936ATU1; sec1255","primary; history; history","pl. 70, W 9579,bm; 30; ","35x26x16 - same locus as W 9578,a - ATU 1, 30 - A. Vaiman, VDI 1974/2, 139 (=BagM 20, 122), no. 3 obv. - 21.1.1931.; ; ",,," ",0,0,,,0,0,0,0,,
1313,,"ATU 5, pl. 070, W 9579,bq",tablet,"Uruk IV (ca. 3350-3200 BC)","Uruk (mod. Warka)",,,,,,,"VAT 14693",,,,,,,0,0,0,0,50.0,19.0,35.0,,,"W 09579,bq","Qa XVI,2","unter der Abgleichung der Schicht III, 1,5 m über der Höhe des Kalksteinsockels// t.a.q. IIIc",,,,,"Vorderasiatisches Museum, Berlin, Germany",,,Administrative,undetermined,clay,"Englund1994ATU5; Falkenstein1936ATU1; Szarzyńska1970Uruk","primary; history; history","pl. 70, W 9579,bq; 54; p. 11","50x35x19 - same locus as W 9578,a - ATU 1, 54 - 21.1.1931.; ; ",,," ",0,0,,,0,0,0,0,,
1315,,"ATU 5, pl. 070, W 9579,bs",tablet,"Uruk IV (ca. 3350-3200 BC)","Uruk (mod. Warka)",,,,,,,"VAT 14722",,,,,,,0,0,0,0,53.0,16.0,35.0,,,"W 09579,bs","Qa XVI,2","unter der Abgleichung der Schicht III, 1,5 m über der Höhe des Kalksteinsockels// t.a.q. IIIc",,,,,"Vorderasiatisches Museum, Berlin, Germany",,,Administrative,undetermined,clay,"Englund1994ATU5; Falkenstein1936ATU1","primary; history","pl. 70, W 9579,bs; 155","53x35x16 - same locus as W 9578,a - ATU 1, 155 - 21.1.1931 - compare the text W 9579,bc.; ",,," ",0,0,,,0,0,0,0,,
1316,,"ATU 5, pl. 070, W 9579,bt",tablet,"Uruk IV (ca. 3350-3200 BC)","Uruk (mod. Warka)",,,,,,,"VAT 14771",,,,,,,0,0,0,0,42.0,18.0,30.0,,,"W 09579,bt","Qa XVI,2","unter der Abgleichung der Schicht III, 1,5 m über der Höhe des Kalksteinsockels// t.a.q. IIIc",,,,,"Vorderasiatisches Museum, Berlin, Germany",,,Administrative,undetermined,clay,"Englund1994ATU5; Falkenstein1936ATU1","primary; history","pl. 70, W 9579,bt; 90","42x30x18 - same locus as W 9578,a - ATU 1, 90 - 21.1.1931.; ",,," ",0,0,,,0,0,0,0,,
1317,,"ATU 5, pl. 070, W 9579,bu",tablet,"Uruk IV (ca. 3350-3200 BC)","Uruk (mod. Warka)",,,,,,,"VAT 14671",,,,,,,0,0,0,0,28.0,11.0,22.0,,,"W 09579,bu","Qa XVI,2","unter der Abgleichung der Schicht III, 1,5 m über der Höhe des Kalksteinsockels// t.a.q. IIIc",,,,,"Vorderasiatisches Museum, Berlin, Germany",,,Administrative,undetermined,clay,"Englund1994ATU5; Falkenstein1936ATU1","primary; history","pl. 70, W 9579,bu; 10","28x22x11 - same locus as W 9578,a - ATU 1, 10 - 21.1.1931.; ",,," ",0,0,,,0,0,0,0,,
1318,,"ATU 5, pl. 070, W 9579,bv",tablet,"Uruk IV (ca. 3350-3200 BC)","Uruk (mod. Warka)",,,,,,,"VAT 14818",,,,,,,0,0,0,0,48.0,19.0,37.0,,,"W 09579,bv","Qa XVI,2","unter der Abgleichung der Schicht III, 1,5 m über der Höhe des Kalksteinsockels// t.a.q. IIIc",,,,,"Vorderasiatisches Museum, Berlin, Germany",,,Administrative,undetermined,clay,"Englund1994ATU5; Falkenstein1936ATU1","primary; history","pl. 70, W 9579,bv; 210","48x37x19 - same locus as W 9578,a - ATU 1, 210 - 21.1.1931 - 9N1 on the reverse erased, apparently after scribe noticed he had a total of 10 (=N14) objects qualified as BA.; ",,," ",0,0,,,0,0,0,0,,
1319,,"ATU 5, pl. 070, W 9579,bw",tablet,"Uruk IV (ca. 3350-3200 BC)","Uruk (mod. Warka)",,,,,,,"VAT 14803",,,,,,,0,0,0,0,38.0,16.0,27.0,,,"W 09579,bw","Qa XVI,2","unter der Abgleichung der Schicht III, 1,5 m über der Höhe des Kalksteinsockels// t.a.q. IIIc",,,,,"Vorderasiatisches Museum, Berlin, Germany",,,Administrative,undetermined,clay,"Englund1994ATU5; Falkenstein1936ATU1; Szarzyńska1970Uruk","primary; history; history","pl. 70, W 9579,bw; 220; p. 10","38x27x16 - same locus as W 9578,a - ATU 1, 220 - 21.1.1931 - numerical notations in the EN system together with use of an accounting(?) line on corner of reverse - see P. Damerow and R. Englund, ATU 2, p. 143.; ; ",,," ",0,0,,,0,0,0,0,,
1320,,"ATU 5, pl. 071, W 9579,bx",tablet,"Uruk IV (ca. 3350-3200 BC)","Uruk (mod. Warka)",,,,,,,"VAT 14789",,,,,,,0,0,0,0,47.0,18.0,32.0,,,"W 09579,bx","Qa XVI,2","unter der Abgleichung der Schicht III, 1,5 m über der Höhe des Kalksteinsockels// t.a.q. IIIc",,,,,"Vorderasiatisches Museum, Berlin, Germany",,,Administrative,undetermined,clay,"Englund1994ATU5; Falkenstein1936ATU1","primary; history","pl. 71, W 9579,bx; 87","47x32x18 - same locus as W 9578,a - ATU 1, 87 - 21.1.1931.; ",,," ",0,0,,,0,0,0,0,,
1321,,"ATU 5, pl. 071, W 9579,by1",tablet,"Uruk IV (ca. 3350-3200 BC)","Uruk (mod. Warka)",,,,,,,"VAT 14668",,,,,,,0,0,0,0,42.0,16.0,30.0,,,"W 09579,by1","Qa XVI,2","unter der Abgleichung der Schicht III, 1,5 m über der Höhe des Kalksteinsockels// t.a.q. IIIc",,,,,"Vorderasiatisches Museum, Berlin, Germany",,,Administrative,undetermined,clay,"Englund1994ATU5; Falkenstein1936ATU1; sec1270","primary; history; history","pl. 71, W 9579,by1; 49; ","42x30x16 - same locus as W 9578,a - ATU 1, 49 - A. Vaiman, VDI 1974/2, 139 (=BagM 20, 122), no. 9 obv. - 21.1.1931.; ; ",,," ",0,0,,,0,0,0,0,,
1323,,"ATU 5, pl. 071, W 9579,bz",tablet,"Uruk IV (ca. 3350-3200 BC)","Uruk (mod. Warka)",,,,,,,"VAT 14702",,,,,,,0,0,0,0,41.0,18.0,30.0,,,"W 09579,bz","Qa XVI,2","unter der Abgleichung der Schicht III, 1,5 m über der Höhe des Kalksteinsockels// t.a.q. IIIc",,,,,"Vorderasiatisches Museum, Berlin, Germany",,,Administrative,undetermined,clay,"Englund1994ATU5; Falkenstein1936ATU1","primary; history","pl. 71, W 9579,bz; 47","41x30x18 - same locus as W 9578,a - ATU 1, 47 - 21.1.1931.; ",,," ",0,0,,,0,0,0,0,,
1324,,"ATU 5, pl. 071, W 9579,ca",tablet,"Uruk IV (ca. 3350-3200 BC)","Uruk (mod. Warka)",,,,,,,"VAT 14740",,,,,,,0,0,0,0,41.0,12.0,28.0,,,"W 09579,ca","Qa XVI,2","unter der Abgleichung der Schicht III, 1,5 m über der Höhe des Kalksteinsockels// t.a.q. IIIc",,,,,"Vorderasiatisches Museum, Berlin, Germany",,,Administrative,undetermined,clay,"Englund1994ATU5; Falkenstein1936ATU1","primary; history","pl. 71, W 9579,ca; 140","41x28x12 - same locus as W 9578,a - ATU 1, 140 - 21.1.1931.; ",,," ",0,0,,,0,0,0,0,,
1325,,"ATU 5, pl. 071, W 9579,cb",tablet,"Uruk IV (ca. 3350-3200 BC)","Uruk (mod. Warka)",,,,,,,"VAT 14704",,,,,,,0,0,0,0,51.0,22.0,36.0,,,"W 09579,cb","Qa XVI,2","unter der Abgleichung der Schicht III, 1,5 m über der Höhe des Kalksteinsockels// t.a.q. IIIc",,,,,"Vorderasiatisches Museum, Berlin, Germany",,,Administrative,undetermined,clay,"Englund1994ATU5; Falkenstein1936ATU1; sec1277","primary; history; history","pl. 71, W 9579,cb; 74; ","51x36x22 - same locus as W 9578,a - ATU 1, 74 - A. Vaiman, VDI 1974/2, 140 (=BagM 20, 123), no. 14 obv.) - 21.1.1931.; ; ",,," ",0,0,,,0,0,0,0,,
1326,,"ATU 5, pl. 071, W 9579,cc",tablet,"Uruk IV (ca. 3350-3200 BC)","Uruk (mod. Warka)",,,,,,,"VAT 14933",,,,,,,0,0,0,0,52.0,22.0,36.0,,,"W 09579,cc","Qa XVI,2","unter der Abgleichung der Schicht III, 1,5 m über der Höhe des Kalksteinsockels// t.a.q. IIIc",,,,,"Vorderasiatisches Museum, Berlin, Germany",,,Administrative,undetermined,clay,"Englund1994ATU5; Falkenstein1936ATU1","primary; history","pl. 71, W 9579,cc; 318","52x36x22 - same locus as W 9578,a - ATU 1, 318 - 21.1.1931 - see the remarks to W 9123,b and  - compare the text W 9335,a.; ",,," ",0,0,,,0,0,0,0,,
1327,,"ATU 5, pl. 071, W 9579,cd",tablet,"Uruk IV (ca. 3350-3200 BC)","Uruk (mod. Warka)",,,,,,,"VAT 14805",,,,,,,0,0,0,0,41.0,16.0,31.0,,,"W 09579,cd","Qa XVI,2","unter der Abgleichung der Schicht III, 1,5 m über der Höhe des Kalksteinsockels// t.a.q. IIIc",,,,,"Vorderasiatisches Museum, Berlin, Germany",,,Administrative,undetermined,clay,"Englund1994ATU5; Falkenstein1936ATU1","primary; history","pl. 71, W 9579,cd; 227","41x31x16 - same locus as W 9578,a - ATU 1, 227 - 21.1.1931 - numerical notations in the EN system together with use of an accounting(?) line on corner of reverse.; ",,," ",0,0,,,0,0,0,0,,
1328,,"ATU 5, pl. 071, W 9579,ce",tablet,"Uruk IV (ca. 3350-3200 BC)","Uruk (mod. Warka)",,,,,,,"VAT 14795",,,,,,,0,0,0,0,50.0,16.0,34.0,,,"W 09579,ce","Qa XVI,2","unter der Abgleichung der Schicht III, 1,5 m über der Höhe des Kalksteinsockels// t.a.q. IIIc",,,,,"Vorderasiatisches Museum, Berlin, Germany",,,Administrative,undetermined,clay,"Englund1994ATU5; Falkenstein1936ATU1; Szarzyńska1970Uruk","primary; history; history","pl. 71, W 9579,ce; 229; p. 11","50x34x16 - same locus as W 9578,a - ATU 1, 229 - 21.1.1931 - numerical notations in the EN system, no accounting(?) line on corner of reverse.; ; ",,," ",0,0,,,0,0,0,0,,
1329,,"ATU 5, pl. 072, W 9579,cf",tablet,"Uruk IV (ca. 3350-3200 BC)","Uruk (mod. Warka)",,,,,,,"VAT 14809",,,,,,,0,0,0,0,45.0,20.0,35.0,,,"W 09579,cf","Qa XVI,2","unter der Abgleichung der Schicht III, 1,5 m über der Höhe des Kalksteinsockels// t.a.q. IIIc",,,,,"Vorderasiatisches Museum, Berlin, Germany",,,Administrative,undetermined,clay,"Englund1994ATU5; Falkenstein1936ATU1; sec1283","primary; history; history","pl. 72, W 9579,cf; 204; ","45x35x20 - same locus as W 9578,a - ATU 1, 204 - A. Vaiman, VDI 1974/2, 139 (=BagM 20, 122), no. 5 - 21.1.1931 -  see ATU 1, p. 12.; ; ",,," ",0,0,,,0,0,0,0,,
1330,,"ATU 5, pl. 072, W 9579,cg",tablet,"Uruk IV (ca. 3350-3200 BC)","Uruk (mod. Warka)",,,,,,,"VAT 14792",,,,,,,0,0,0,0,47.0,18.0,33.0,,,"W 09579,cg","Qa XVI,2","unter der Abgleichung der Schicht III, 1,5 m über der Höhe des Kalksteinsockels// t.a.q. IIIc",,,,,"Vorderasiatisches Museum, Berlin, Germany",,,Administrative,undetermined,clay,"Englund1994ATU5; Falkenstein1936ATU1","primary; history","pl. 72, W 9579,cg; 100","47x33x18 - same locus as W 9578,a - ATU 1, 100 - 21.1.1931.; ",,," ",0,0,,,0,0,0,0,,
1331,,"ATU 5, pl. 072, W 9579,ch",tablet,"Uruk IV (ca. 3350-3200 BC)","Uruk (mod. Warka)",,,,,,,"VAT 14815",,,,,,,0,0,0,0,45.0,17.0,32.0,,,"W 09579,ch","Qa XVI,2","unter der Abgleichung der Schicht III, 1,5 m über der Höhe des Kalksteinsockels// t.a.q. IIIc",,,,,"Vorderasiatisches Museum, Berlin, Germany",,,Administrative,undetermined,clay,"Englund1994ATU5; Falkenstein1936ATU1; sec1286","primary; history; history","pl. 72, W 9579,ch; 213; ","45x32x17 - same locus as W 9578,a - ATU 1, 213 - A. Vaiman, VDI 1974/2, 139 (=BagM 20, 122), no. 6 - 21.1.1931 -  see ATU 1, p. 12.; ; ",,," ",0,0,,,0,0,0,0,,
1332,,"ATU 5, pl. 072, W 9579,ci",tablet,"Uruk IV (ca. 3350-3200 BC)","Uruk (mod. Warka)",,,,,,,"VAT 14998",,,,,,,0,0,0,0,59.0,20.0,42.0,,,"W 09579,ci","Qa XVI,2","unter der Abgleichung der Schicht III, 1,5 m über der Höhe des Kalksteinsockels// t.a.q. IIIc",,,,,"Vorderasiatisches Museum, Berlin, Germany",,,Administrative,undetermined,clay,"Englund1994ATU5; Falkenstein1936ATU1; sec1289; Szarzyńska1970Uruk","primary; history; citation; history","pl. 72, W 9579,ci; 323; ; p. 13","59x42x20 - same locus as W 9578,a - ATU 1, 323 - 21.1.1931 - photo courtesy of VAM.; ; ; ",,," ",0,0,,,0,0,0,0,,
1333,,"ATU 5, pl. 072, W 9579,ck",tablet,"Uruk IV (ca. 3350-3200 BC)","Uruk (mod. Warka)",,,,,,,"VAT 14659",,,,,,,0,0,0,0,46.0,17.0,32.0,,,"W 09579,ck","Qa XVI,2","unter der Abgleichung der Schicht III, 1,5 m über der Höhe des Kalksteinsockels// t.a.q. IIIc",,,,,"Vorderasiatisches Museum, Berlin, Germany",,,Administrative,undetermined,clay,"Englund1994ATU5; Falkenstein1936ATU1; sec1291","primary; history; history","pl. 72, W 9579,ck; 69; ","46x32x17 - same locus as W 9578,a - ATU 1, 69 - A. Vaiman, VDI 1974/2, 140 (=BagM 20, 123), no. 13 Vs. - 21.1.1931.; ; ",,," ",0,0,,,0,0,0,0,,
1334,,"ATU 5, pl. 072, W 9579,cl",tablet,"Uruk IV (ca. 3350-3200 BC)","Uruk (mod. Warka)",,,,,,,"VAT 15251",,,,,,,0,0,0,0,50.0,15.0,32.0,,,"W 09579,cl","Qa XVI,2","unter der Abgleichung der Schicht III, 1,5 m über der Höhe des Kalksteinsockels// t.a.q. IIIc",,,,,"Vorderasiatisches Museum, Berlin, Germany",,,Administrative,undetermined,clay,"Englund1994ATU5; Falkenstein1936ATU1","primary; history","pl. 72, W 9579,cl; 237","50x32x15 - same locus as W 9578,a - ATU 1, 237 - 21.1.1931 - scribe incised a normal dividing line in a line impressed with shaft of the stylus - possibly length measurements used to calculate field area - see P. Damerow and R. Englund, ATU 2, p. 145.; ",,," ",0,0,,,0,0,0,0,,
1335,,"ATU 5, pl. 072, W 9579,cm",tablet,"Uruk IV (ca. 3350-3200 BC)","Uruk (mod. Warka)",,,,,,,"VAT 14826",,,,,,,0,0,0,0,45.0,15.0,32.0,,,"W 09579,cm","Qa XVI,2","unter der Abgleichung der Schicht III, 1,5 m über der Höhe des Kalksteinsockels// t.a.q. IIIc",,,,,"Vorderasiatisches Museum, Berlin, Germany",,,Administrative,undetermined,clay,"Englund1994ATU5; Falkenstein1936ATU1","primary; history","pl. 72, W 9579,cm; 80","45x32x15 - same locus as W 9578,a - ATU 1, 80 - 21.1.1931.; ",,," ",0,0,,,0,0,0,0,,
1336,,"ATU 5, pl. 072, W 9579,cn",tablet,"Uruk IV (ca. 3350-3200 BC)","Uruk (mod. Warka)",,,,,,,"VAT 14679",,,,,,,0,0,0,0,34.0,13.0,25.0,,,"W 09579,cn","Qa XVI,2","unter der Abgleichung der Schicht III, 1,5 m über der Höhe des Kalksteinsockels// t.a.q. IIIc",,,,,"Vorderasiatisches Museum, Berlin, Germany",,,Administrative,undetermined,clay,"Englund1994ATU5; Falkenstein1936ATU1","primary; history","pl. 72, W 9579,cn; 23","34x25x13 - same locus as W 9578,a - ATU 1, 23 - 21.1.1931.; ",,," ",0,0,,,0,0,0,0,,
1337,,"ATU 5, pl. 073, W 9579,co",tablet,"Uruk IV (ca. 3350-3200 BC)","Uruk (mod. Warka)",,,,,,,"VAT 14759",,,,,,,0,0,0,0,40.0,17.0,30.0,,,"W 09579,co","Qa XVI,2","unter der Abgleichung der Schicht III, 1,5 m über der Höhe des Kalksteinsockels// t.a.q. IIIc",,,,,"Vorderasiatisches Museum, Berlin, Germany",,,Administrative,undetermined,clay,"Englund1994ATU5; Falkenstein1936ATU1","primary; history","pl. 73, W 9579,co; 234","40x30x17 - same locus as W 9578,a - ATU 1, 234 - 21.1.1931 - numerical notations in the EN system, no accounting(?) line on corner of reverse.; ",,," ",0,0,,,0,0,0,0,,
1338,,"ATU 5, pl. 073, W 9579,cp",tablet,"Uruk IV (ca. 3350-3200 BC)","Uruk (mod. Warka)",,,,,,,"VAT 14887",,,,,,,0,0,0,0,60.0,21.0,43.0,,,"W 09579,cp","Qa XVI,2","unter der Abgleichung der Schicht III, 1,5 m über der Höhe des Kalksteinsockels// t.a.q. IIIc",,,,,"Vorderasiatisches Museum, Berlin, Germany",,,Administrative,undetermined,clay,"Englund1994ATU5; Falkenstein1936ATU1","primary; history","pl. 73, W 9579,cp; 298","60x43x21 - same locus as W 9578,a - ATU 1, 298 - 21.1.1931 - the text appears to be a school exercise.; ",,," ",0,0,,,0,0,0,0,,
1339,,"ATU 5, pl. 073, W 9579,cq",tablet,"Uruk IV (ca. 3350-3200 BC)","Uruk (mod. Warka)",,,,,,,"VAT 14901",,,,,,,0,0,0,0,54.0,24.0,37.0,,,"W 09579,cq","Qa XVI,2","unter der Abgleichung der Schicht III, 1,5 m über der Höhe des Kalksteinsockels// t.a.q. IIIc",,,,,"Vorderasiatisches Museum, Berlin, Germany",,,Administrative,undetermined,clay,"Englund1994ATU5; Falkenstein1936ATU1","primary; history","pl. 73, W 9579,cq; 83","54x37x24 - same locus as W 9578,a - ATU 1, 83 - 21.1.1931.; ",,," ",0,0,,,0,0,0,0,,
1340,,"ATU 5, pl. 073, W 9579,cr",tablet,"Uruk IV (ca. 3350-3200 BC)","Uruk (mod. Warka)",,,,,,,"VAT 14709",,,,,,,0,0,0,0,32.0,11.0,22.0,,,"W 09579,cr","Qa XVI,2","unter der Abgleichung der Schicht III, 1,5 m über der Höhe des Kalksteinsockels// t.a.q. IIIc",,,,,"Vorderasiatisches Museum, Berlin, Germany",,,Administrative,undetermined,clay,"Englund1994ATU5; Falkenstein1936ATU1; Szarzyńska1970Uruk","primary; history; history","pl. 73, W 9579,cr; 32; p. 11","32x22x11 - same locus as W 9578,a - ATU 1, 32 - 21.1.1931.; ; ",,," ",0,0,,,0,0,0,0,,
1341,,"ATU 5, pl. 073, W 9579,cs",tablet,"Uruk IV (ca. 3350-3200 BC)","Uruk (mod. Warka)",,,,,,,"VAT 14646",,,,,,,0,0,0,0,30.0,12.0,24.0,,,"W 09579,cs","Qa XVI,2","unter der Abgleichung der Schicht III, 1,5 m über der Höhe des Kalksteinsockels// t.a.q. IIIc",,,,,"Vorderasiatisches Museum, Berlin, Germany",,,Administrative,undetermined,clay,"Englund1994ATU5; Falkenstein1936ATU1","primary; history","pl. 73, W 9579,cs; 33","30x24x12 - same locus as W 9578,a - ATU 1, 33 - 21.1.1931 - see the remarks to W 9123,b.; ",,," ",0,0,,,0,0,0,0,,
1342,,"ATU 5, pl. 073, W 9579,ct",tablet,"Uruk IV (ca. 3350-3200 BC)","Uruk (mod. Warka)",,,,,,,"VAT 14735",,,,,,,0,0,0,0,42.0,13.0,30.0,,,"W 09579,ct","Qa XVI,2","unter der Abgleichung der Schicht III, 1,5 m über der Höhe des Kalksteinsockels// t.a.q. IIIc",,,,,"Vorderasiatisches Museum, Berlin, Germany",,,Administrative,undetermined,clay,"Englund1994ATU5; Falkenstein1936ATU1","primary; history","pl. 73, W 9579,ct; 180","42x30x13 - same locus as W 9578,a - ATU 1, 180 - 21.1.1931.; ",,," ",0,0,,,0,0,0,0,,
1343,,"ATU 5, pl. 073, W 9579,cu",tablet,"Uruk IV (ca. 3350-3200 BC)","Uruk (mod. Warka)",,,,,,,"VAT 14808",,,,,,,0,0,0,0,48.0,21.0,36.0,,,"W 09579,cu","Qa XVI,2","unter der Abgleichung der Schicht III, 1,5 m über der Höhe des Kalksteinsockels// t.a.q. IIIc",,,,,"Vorderasiatisches Museum, Berlin, Germany",,,Administrative,undetermined,clay,"Englund1994ATU5; Falkenstein1936ATU1","primary; history","pl. 73, W 9579,cu; 205","48x36x21 - same locus as W 9578,a - ATU 1, 205 - 21.1.1931.; ",,," ",0,0,,,0,0,0,0,,
1344,,"ATU 5, pl. 073, W 9579,cv",tablet,"Uruk IV (ca. 3350-3200 BC)","Uruk (mod. Warka)",,,,,,,"VAT 14657",,,,,,,0,0,0,0,47.0,19.0,33.0,,,"W 09579,cv","Qa XVI,2","unter der Abgleichung der Schicht III, 1,5 m über der Höhe des Kalksteinsockels// t.a.q. IIIc",,,,,"Vorderasiatisches Museum, Berlin, Germany",,,Administrative,undetermined,clay,"Englund1994ATU5; Falkenstein1936ATU1","primary; history","pl. 73, W 9579,cv; 55","47x33x19 - same locus as W 9578,a - ATU 1, 55 - 21.1.1931.; ",,," ",0,0,,,0,0,0,0,,
1345,,"ATU 5, pl. 073, W 9579,cw",tablet,"Uruk IV (ca. 3350-3200 BC)","Uruk (mod. Warka)",,,,,,,"VAT 14793",,,,,,,0,0,0,0,46.0,18.0,35.0,,,"W 09579,cw","Qa XVI,2","unter der Abgleichung der Schicht III, 1,5 m über der Höhe des Kalksteinsockels// t.a.q. IIIc",,,,,"Vorderasiatisches Museum, Berlin, Germany",,,Administrative,undetermined,clay,"Englund1994ATU5; Falkenstein1936ATU1","primary; history","pl. 73, W 9579,cw; 96","46x35x18 - same locus as W 9578,a - ATU 1, 96 - 21.1.1931 - see the remarks to W 9579,e.; ",,," ",0,0,,,0,0,0,0,,
1346,,"ATU 5, pl. 074, W 9579,cx",tablet,"Uruk IV (ca. 3350-3200 BC)","Uruk (mod. Warka)",,,,,,,"VAT 14788",,,,,,,0,0,0,0,53.0,14.0,32.0,,,"W 09579,cx","Qa XVI,2","unter der Abgleichung der Schicht III, 1,5 m über der Höhe des Kalksteinsockels// t.a.q. IIIc",,,,,"Vorderasiatisches Museum, Berlin, Germany",,,Administrative,undetermined,clay,"Englund1994ATU5; Falkenstein1936ATU1","primary; history","pl. 74, W 9579,cx; 172","53x32x14 - same locus as W 9578,a - ATU 1, 172 - 21.1.1931.; ",,," ",0,0,,,0,0,0,0,,
1347,,"ATU 5, pl. 074, W 9579,cy",tablet,"Uruk IV (ca. 3350-3200 BC)","Uruk (mod. Warka)",,,,,,,"VAT 15276",,,,,,,0,0,0,0,41.0,17.0,31.0,,,"W 09579,cy","Qa XVI,2","unter der Abgleichung der Schicht III, 1,5 m über der Höhe des Kalksteinsockels// t.a.q. IIIc",,,,,"Vorderasiatisches Museum, Berlin, Germany",,,Administrative,undetermined,clay,Englund1994ATU5,primary,"pl. 74, W 9579,cy","41x31x17 - same locus as W 9578,a - 21.1.1931.",,," ",0,0,,,0,0,0,0,,
1348,,"ATU 5, pl. 074, W 9579,cz",tablet,"Uruk IV (ca. 3350-3200 BC)","Uruk (mod. Warka)",,,,,,,"VAT 14678",,,,,,,0,0,0,0,34.0,13.0,25.0,,,"W 09579,cz","Qa XVI,2","unter der Abgleichung der Schicht III, 1,5 m über der Höhe des Kalksteinsockels// t.a.q. IIIc",,,,,"Vorderasiatisches Museum, Berlin, Germany",,,Administrative,undetermined,clay,"Englund1994ATU5; Falkenstein1936ATU1","primary; history","pl. 74, W 9579,cz; 19","34x25x13 - same locus as W 9578,a - ATU 1, 19 - 21.1.1931 - see the remarks to W 9123,b.; ",,," ",0,0,,,0,0,0,0,,
1349,,"ATU 5, pl. 074, W 9579,da",tablet,"Uruk IV (ca. 3350-3200 BC)","Uruk (mod. Warka)",,,,,,,"VAT 14711",,,,,,,0,0,0,0,34.0,12.0,25.0,,,"W 09579,da","Qa XVI,2","unter der Abgleichung der Schicht III, 1,5 m über der Höhe des Kalksteinsockels// t.a.q. IIIc",,,,,"Vorderasiatisches Museum, Berlin, Germany",,,Administrative,undetermined,clay,"Englund1994ATU5; Englund1998OBO160/1; Falkenstein1936ATU1","primary; history; history","pl. 74, W 9579,da; p. 154 fig. 52; 18","34x25x12 - same locus as W 9578,a - ATU 1, 18 - 21.1.1931 - see the remarks to W 9123,b.; copy; ",,," ",0,0,,,0,0,0,0,,
1350,,"ATU 5, pl. 074, W 9579,db",tablet,"Uruk IV (ca. 3350-3200 BC)","Uruk (mod. Warka)",,,,,,,"VAT 14796",,,,,,,0,0,0,0,42.0,16.0,32.0,,,"W 09579,db","Qa XVI,2","unter der Abgleichung der Schicht III, 1,5 m über der Höhe des Kalksteinsockels// t.a.q. IIIc",,,,,"Vorderasiatisches Museum, Berlin, Germany",,,Administrative,undetermined,clay,"Englund1994ATU5; Falkenstein1936ATU1","primary; history","pl. 74, W 9579,db; 224","42x32x16 - same locus as W 9578,a - ATU 1, 224 - 21.1.1931 - numerical notations in the EN system, no accounting(?) line on corner of reverse.; ",,," ",0,0,,,0,0,0,0,,
1351,,"ATU 5, pl. 074, W 9579,dc",tablet,"Uruk IV (ca. 3350-3200 BC)","Uruk (mod. Warka)",,,,,,,"VAT 14766",,,,,,,0,0,0,0,48.0,13.0,36.0,,,"W 09579,dc","Qa XVI,2","unter der Abgleichung der Schicht III, 1,5 m über der Höhe des Kalksteinsockels// t.a.q. IIIc",,,,,"Vorderasiatisches Museum, Berlin, Germany",,,Administrative,undetermined,clay,"Englund1994ATU5; Falkenstein1936ATU1","primary; history","pl. 74, W 9579,dc; 152","48x36x13 - same locus as W 9578,a - ATU 1, 152 - 21.1.1931.; ",,," ",0,0,,,0,0,0,0,,
1352,,"ATU 5, pl. 074, W 9579,dd",tablet,"Uruk IV (ca. 3350-3200 BC)","Uruk (mod. Warka)",,,,,,,"VAT 14653",,,,,,,0,0,0,0,35.0,15.0,26.0,,,"W 09579,dd","Qa XVI,2","unter der Abgleichung der Schicht III, 1,5 m über der Höhe des Kalksteinsockels// t.a.q. IIIc",,,,,"Vorderasiatisches Museum, Berlin, Germany",,,Administrative,undetermined,clay,"Englund1994ATU5; Falkenstein1936ATU1","primary; history","pl. 74, W 9579,dd; 16","35x26x15 - same locus as W 9578,a - ATU 1, 16 - 21.1.1931 - see the remarks to W 9123,b.; ",,," ",0,0,,,0,0,0,0,,
1353,,"ATU 5, pl. 074, W 9579,de",tablet,"Uruk IV (ca. 3350-3200 BC)","Uruk (mod. Warka)",,,,,,,"VAT 14745",,,,,,,0,0,0,0,45.0,13.0,32.0,,,"W 09579,de","Qa XVI,2","unter der Abgleichung der Schicht III, 1,5 m über der Höhe des Kalksteinsockels// t.a.q. IIIc",,,,,"Vorderasiatisches Museum, Berlin, Germany",,,Administrative,undetermined,clay,"Englund1994ATU5; Falkenstein1936ATU1; Szarzyńska1970Uruk","primary; history; history","pl. 74, W 9579,de; 148; p. 10","45x32x13 - same locus as W 9578,a - ATU 1, 148 - 21.1.1931 - fingerprints on tablet surface.; ; ",,," ",0,0,,,0,0,0,0,,
1354,,"ATU 5, pl. 074, W 9579,df",tablet,"Uruk IV (ca. 3350-3200 BC)","Uruk (mod. Warka)",,,,,,,"VAT 14688",,,,,,,0,0,0,0,47.0,19.0,35.0,,,"W 09579,df","Qa XVI,2","unter der Abgleichung der Schicht III, 1,5 m über der Höhe des Kalksteinsockels// t.a.q. IIIc",,,,,"Vorderasiatisches Museum, Berlin, Germany",,,Administrative,undetermined,clay,"Englund1994ATU5; Falkenstein1936ATU1","primary; history","pl. 74, W 9579,df; 64","47x35x19 - same locus as W 9578,a - ATU 1, 64 - 21.1.1931.; ",,," ",0,0,,,0,0,0,0,,
1355,,"ATU 5, pl. 075, W 9579,dg",tablet,"Uruk IV (ca. 3350-3200 BC)","Uruk (mod. Warka)",,,,,,,"VAT 14669",,,,,,,0,0,0,0,42.0,15.0,29.0,,,"W 09579,dg","Qa XVI,2","unter der Abgleichung der Schicht III, 1,5 m über der Höhe des Kalksteinsockels// t.a.q. IIIc",,,,,"Vorderasiatisches Museum, Berlin, Germany",,,Administrative,undetermined,clay,"Englund1994ATU5; Falkenstein1936ATU1; sec1317; Szarzyńska1970Uruk","primary; history; history; history","pl. 75, W 9579,dg; 52; ; p. 11","42x29x15 - same locus as W 9578,a - ATU 1, 52 - A. Vaiman, VDI 1974/2, 140 (=BagM 20, 123), no. 10 obv. - 21.1.1931.; ; ; ",,," ",0,0,,,0,0,0,0,,
1356,,"ATU 5, pl. 075, W 9579,dh",tablet,"Uruk IV (ca. 3350-3200 BC)","Uruk (mod. Warka)",,,,,,,"VAT 14806",,,,,,,0,0,0,0,45.0,19.0,34.0,,,"W 09579,dh","Qa XVI,2","unter der Abgleichung der Schicht III, 1,5 m über der Höhe des Kalksteinsockels// t.a.q. IIIc",,,,,"Vorderasiatisches Museum, Berlin, Germany",,,Administrative,undetermined,clay,"Englund1994ATU5; Falkenstein1936ATU1","primary; history","pl. 75, W 9579,dh; 230","45x34x19 - same locus as W 9578,a - ATU 1, 230 - 21.1.1931 - numerical notations in the EN system together with use of an accounting(?) line on corner of reverse.; ",,," ",0,0,,,0,0,0,0,,
1357,,"ATU 5, pl. 075, W 9579,di",tablet,"Uruk IV (ca. 3350-3200 BC)","Uruk (mod. Warka)",,,,,,,"VAT 14710",,,,,,,0,0,0,0,44.0,20.0,31.0,,,"W 09579,di","Qa XVI,2","unter der Abgleichung der Schicht III, 1,5 m über der Höhe des Kalksteinsockels// t.a.q. IIIc",,,,,"Vorderasiatisches Museum, Berlin, Germany",,,Administrative,undetermined,clay,"Englund1994ATU5; Falkenstein1936ATU1; Szarzyńska1970Uruk","primary; history; history","pl. 75, W 9579,di; 46; p. 13","44x31x20 - same locus as W 9578,a - ATU 1, 46 - 21.1.1931.; ; ",,," ",0,0,,,0,0,0,0,,
1358,,"ATU 5, pl. 075, W 9579,dk",tablet,"Uruk IV (ca. 3350-3200 BC)","Uruk (mod. Warka)",,,,,,,"VAT 14721",,,,,,,0,0,0,0,35.0,12.0,25.0,,,"W 09579,dk","Qa XVI,2","unter der Abgleichung der Schicht III, 1,5 m über der Höhe des Kalksteinsockels// t.a.q. IIIc",,,,,"Vorderasiatisches Museum, Berlin, Germany",,,Administrative,undetermined,clay,"Englund1994ATU5; Falkenstein1936ATU1","primary; history","pl. 75, W 9579,dk; 35","35x25x12 - same locus as W 9578,a - ATU 1, 35 - 21.1.1931.; ",,," ",0,0,,,0,0,0,0,,
1359,,"ATU 5, pl. 075, W 9579,dl",tablet,"Uruk IV (ca. 3350-3200 BC)","Uruk (mod. Warka)",,,,,,,"VAT 14714",,,,,,,0,0,0,0,44.0,16.0,31.0,,,"W 09579,dl","Qa XVI,2","unter der Abgleichung der Schicht III, 1,5 m über der Höhe des Kalksteinsockels// t.a.q. IIIc",,,,,"Vorderasiatisches Museum, Berlin, Germany",,,Administrative,undetermined,clay,"Englund1994ATU5; Falkenstein1936ATU1","primary; history","pl. 75, W 9579,dl; 44","44x31x16 - same locus as W 9578,a - ATU 1, 44 - 21.1.1931.; ",,," ",0,0,,,0,0,0,0,,
1360,,"ATU 5, pl. 075, W 9579,dm",tablet,"Uruk IV (ca. 3350-3200 BC)","Uruk (mod. Warka)",,,,,,,"VAT 14762",,,,,,,0,0,0,0,46.0,13.0,37.0,,,"W 09579,dm","Qa XVI,2","unter der Abgleichung der Schicht III, 1,5 m über der Höhe des Kalksteinsockels// t.a.q. IIIc",,,,,"Vorderasiatisches Museum, Berlin, Germany",,,Administrative,undetermined,clay,"Englund1994ATU5; Falkenstein1936ATU1","primary; history","pl. 75, W 9579,dm; 194","46x37x13 - same locus as W 9578,a - ATU 1, 194 - 21.1.1931.; ",,," ",0,0,,,0,0,0,0,,
1361,,"ATU 5, pl. 075, W 9579,dn",tablet,"Uruk IV (ca. 3350-3200 BC)","Uruk (mod. Warka)",,,,,,,"VAT 14758",,,,,,,0,0,0,0,64.0,19.0,40.0,,,"W 09579,dn","Qa XVI,2","unter der Abgleichung der Schicht III, 1,5 m über der Höhe des Kalksteinsockels// t.a.q. IIIc",,,,,"Vorderasiatisches Museum, Berlin, Germany",,,Administrative,undetermined,clay,"Englund1994ATU5; Falkenstein1936ATU1","primary; history","pl. 75, W 9579,dn; 191","64x40x19 - same locus as W 9578,a - ATU 1, 191 - 21.1.1931 - see the remarks to W 9206,c.; ",,," ",0,0,,,0,0,0,0,,
1362,,"ATU 5, pl. 075, W 9579,do",tablet,"Uruk IV (ca. 3350-3200 BC)","Uruk (mod. Warka)",,,,,,,"VAT 14708",,,,,,,0,0,0,0,41.0,16.0,29.0,,,"W 09579,do","Qa XVI,2","unter der Abgleichung der Schicht III, 1,5 m über der Höhe des Kalksteinsockels// t.a.q. IIIc",,,,,"Vorderasiatisches Museum, Berlin, Germany",,,Administrative,undetermined,clay,"Englund1994ATU5; Falkenstein1936ATU1","primary; history","pl. 75, W 9579,do; 45","41x29x16 - same locus as W 9578,a - ATU 1, 45 - 21.1.1931 - see the remarks to W 9123,b.; ",,," ",0,0,,,0,0,0,0,,
1363,,"ATU 5, pl. 076, W 9579,dp",tablet,"Uruk IV (ca. 3350-3200 BC)","Uruk (mod. Warka)",,,,,,,"VAT 14692",,,,,,,0,0,0,0,51.0,20.0,36.0,,,"W 09579,dp","Qa XVI,2","unter der Abgleichung der Schicht III, 1,5 m über der Höhe des Kalksteinsockels// t.a.q. IIIc",,,,,"Vorderasiatisches Museum, Berlin, Germany",,,Administrative,undetermined,clay,"Englund1994ATU5; Falkenstein1936ATU1","primary; history","pl. 76, W 9579,dp; 68","51x36x20 - same locus as W 9578,a - ATU 1, 68 - 21.1.1931 - numerical notation as in copy, against photo in ATU 1.; ",,," ",0,0,,,0,0,0,0,,
1364,,"ATU 5, pl. 076, W 9579,dq",tablet,"Uruk IV (ca. 3350-3200 BC)","Uruk (mod. Warka)",,,,,,,"VAT 14768",,,,,,,0,0,0,0,45.0,12.0,29.0,,,"W 09579,dq","Qa XVI,2","unter der Abgleichung der Schicht III, 1,5 m über der Höhe des Kalksteinsockels// t.a.q. IIIc",,,,,"Vorderasiatisches Museum, Berlin, Germany",,,Administrative,undetermined,clay,"Englund1994ATU5; Falkenstein1936ATU1","primary; history","pl. 76, W 9579,dq; 147","45x29x12 - same locus as W 9578,a - ATU 1, 147 - 21.1.1931.; ",,," ",0,0,,,0,0,0,0,,
1365,,"ATU 5, pl. 076, W 9579,dr",tablet,"Uruk IV (ca. 3350-3200 BC)","Uruk (mod. Warka)",,,,,,,"VAT 14955",,,,,,,0,0,0,0,55.0,22.0,41.0,,,"W 09579,dr","Qa XVI,3","unter der Abgleichung der Schicht III, 1,5 m über der Höhe des Kalksteinsockels// t.a.q. IIIc",,,,,"Vorderasiatisches Museum, Berlin, Germany",,,Administrative,undetermined,clay,"Englund1994ATU5; Falkenstein1936ATU1","primary; history","pl. 76, W 9579,dr; 321","55x41x22 - same locus as W 9578,a - ATU 1, 321 - 21.1.1931 - see the remarks to W 9579,e.; ",,," ",0,0,,,0,0,0,0,,
1366,,"ATU 5, pl. 076, W 9579,ds",tablet,"Uruk IV (ca. 3350-3200 BC)","Uruk (mod. Warka)",,,,,,,"VAT 15193",,,,,,,0,0,0,0,54.0,22.0,39.0,,,"W 09579,ds","Qa XVI,2","unter der Abgleichung der Schicht III, 1,5 m über der Höhe des Kalksteinsockels// t.a.q. IIIc",,,,,"Vorderasiatisches Museum, Berlin, Germany",,,Administrative,undetermined,clay,"Englund1994ATU5; Falkenstein1936ATU1","primary; history","pl. 76, W 9579,ds; 319","54x39x22 - same locus as W 9578,a - ATU 1, 319 - 21.1.1931.; ",,," ",0,0,,,0,0,0,0,,
1367,,"ATU 5, pl. 076, W 9579,dt",tablet,"Uruk IV (ca. 3350-3200 BC)","Uruk (mod. Warka)",,,,,,,"VAT 14935",,,,,,,0,0,0,0,60.0,18.0,33.0,,,"W 09579,dt","Qa XVI,2","unter der Abgleichung der Schicht III, 1,5 m über der Höhe des Kalksteinsockels// t.a.q. IIIc",,,,,"Vorderasiatisches Museum, Berlin, Germany",,,Administrative,undetermined,clay,"Englund1994ATU5; Falkenstein1936ATU1","primary; history","pl. 76, W 9579,dt; 236","60x33x18 - same locus as W 9578,a - ATU 1, 236 - 21.1.1931.; ",,," ",0,0,,,0,0,0,0,,
1368,,"ATU 5, pl. 076, W 9579,du",tablet,"Uruk IV (ca. 3350-3200 BC)","Uruk (mod. Warka)",,,,,,,"VAT 14907",,,,,,,0,0,0,0,62.0,26.0,44.0,,,"W 09579,du","Qa XVI,2","unter der Abgleichung der Schicht III, 1,5 m über der Höhe des Kalksteinsockels// t.a.q. IIIc",,,,,"Vorderasiatisches Museum, Berlin, Germany",,,Administrative,undetermined,clay,"Englund1994ATU5; Falkenstein1936ATU1; Veenhof1978spijkerschrift","primary; history; history","pl. 76, W 9579,du; 304; p. 27","62x44x26 - same locus as W 9578,a - ATU 1, 304 - K. Veenhof, Phoenix 24/1 (1978) 27 obv. - D. Schmandt-Besserat, Before Writing vol. 1, p. 192, fig. 114, obv. photo - 21.1.1931.; ; copy obv.",,," ",0,0,,,0,0,0,0,,
1369,,"ATU 5, pl. 077, W 9579,dv",tablet,"Uruk IV (ca. 3350-3200 BC)","Uruk (mod. Warka)",,,,,,,"VAT 15007",,,,,,,0,0,0,0,70.0,24.0,49.0,,,"W 09579,dv","Qa XVI,2","unter der Abgleichung der Schicht III, 1,5 m über der Höhe des Kalksteinsockels// t.a.q. IIIc",,,,,"Vorderasiatisches Museum, Berlin, Germany",,,Administrative,undetermined,clay,"Englund1994ATU5; Falkenstein1936ATU1; sec1334","primary; history; history","pl. 77, W 9579,dv; 335; ","70x49x24 - same locus as W 9578,a - ATU 1, 335 - A. Vaiman, VDI 1972/1, 125, no. 2 (see BagM 21, 105) - 21.1.1931 - 4N1 seem to be missing on the obverse of the account.; ; ",,," ",0,0,,,0,0,0,0,,
1370,,"ATU 5, pl. 077, W 9579,dw",tablet,"Uruk IV (ca. 3350-3200 BC)","Uruk (mod. Warka)",,,,,,,"VAT 15030",,,,,,,0,0,0,0,65.0,24.0,49.0,,,"W 09579,dw","Qa XVI,2","unter der Abgleichung der Schicht III, 1,5 m über der Höhe des Kalksteinsockels// t.a.q. IIIc",,,,,"Vorderasiatisches Museum, Berlin, Germany",,,Administrative,undetermined,clay,"Englund1994ATU5; Falkenstein1936ATU1","primary; history","pl. 77, W 9579,dw; 275","65x49x24 - same locus as W 9578,a - ATU 1, 275 - 21.1.1931.; ",,," ",0,0,,,0,0,0,0,,
1371,,"ATU 5, pl. 077, W 9579,dx",tablet,"Uruk IV (ca. 3350-3200 BC)","Uruk (mod. Warka)",,,,,,,"VAT 14705",,,,,,,0,0,0,0,47.0,19.0,36.0,,,"W 09579,dx","Qa XVI,2","unter der Abgleichung der Schicht III, 1,5 m über der Höhe des Kalksteinsockels// t.a.q. IIIc",,,,,"Vorderasiatisches Museum, Berlin, Germany",,,Administrative,undetermined,clay,"Englund1994ATU5; Falkenstein1936ATU1; sec1337","primary; history; history","pl. 77, W 9579,dx; 78; ","47x36x19 - same locus as W 9578,a - ATU 1, 78 - A. Vaiman, VDI 1974/2, 140 (=BagM 20, 123), no. 12 obv. - 21.1.1931.; ; ",,," ",0,0,,,0,0,0,0,,
1372,,"ATU 5, pl. 077, W 9579,dy",tablet,"Uruk IV (ca. 3350-3200 BC)","Uruk (mod. Warka)",,,,,,,"VAT 15075",,,,,,,0,0,0,0,59.0,18.0,40.0,,,"W 09579,dy","Qa XVI,2","unter der Abgleichung der Schicht III, 1,5 m über der Höhe des Kalksteinsockels// t.a.q. IIIc",,,,,"Vorderasiatisches Museum, Berlin, Germany",,,Administrative,undetermined,clay,"Englund1994ATU5; Falkenstein1936ATU1","primary; history","pl. 77, W 9579,dy; 291","59x40x18 - same locus as W 9578,a - ATU 1, 291 - 21.1.1931 - see the remarks to W 9206,c.; ",,," ",0,0,,,0,0,0,0,,
1373,,"ATU 5, pl. 078, W 9579,dz",tablet,"Uruk IV (ca. 3350-3200 BC)","Uruk (mod. Warka)",,,,,,,"VAT 14881",,,,,,,0,0,0,0,57.0,22.0,40.0,,,"W 09579,dz","Qa XVI,2","unter der Abgleichung der Schicht III, 1,5 m über der Höhe des Kalksteinsockels// t.a.q. IIIc",,,,,"Vorderasiatisches Museum, Berlin, Germany",,,Administrative,undetermined,clay,"Englund1994ATU5; Falkenstein1936ATU1","primary; history","pl. 78, W 9579,dz; 297","57x40x22 - same locus as W 9578,a - ATU 1, 297 - 21.1.1931.; ",,," ",0,0,,,0,0,0,0,,
1374,,"ATU 5, pl. 078, W 9655,a",tablet,"Uruk IV (ca. 3350-3200 BC)","Uruk (mod. Warka)",,,,,,,"VAT 14997",,,,,,,0,0,0,0,67.0,25.0,59.0,,,"W 09655,a","Qa XVI,2","unter der Abgleichung der Schicht III, 1,5 m über der Höhe des Kalksteinsockels// t.a.q. IIIc",,,,,"Vorderasiatisches Museum, Berlin, Germany",,,Administrative,undetermined,clay,"Englund1994ATU5; Falkenstein1936ATU1","primary; history","pl. 78, W 9655,a; 358","67x59x25 - same locus as W 9578,a (the original entry in the excavation finds catalogue corresponding to the group of texts W 9655 was corrected in Berlin from Qa XVI,3 to Qa XVI,2 - discrepancies between the numbers of texts ascribed to particular excavati; ",,," ",0,0,,,0,0,0,0,,
1375,,"ATU 5, pl. 078, W 9655,b",tablet,"Uruk IV (ca. 3350-3200 BC)","Uruk (mod. Warka)",,,,,,,"VAT 14954",,,,,,,0,0,0,0,47.0,23.0,46.0,,,"W 09655,b","Qa XVI,2","unter der Abgleichung der Schicht III, 1,5 m über der Höhe des Kalksteinsockels// t.a.q. IIIc",,,,,"Vorderasiatisches Museum, Berlin, Germany",,,Administrative,undetermined,clay,"Englund1994ATU5; Falkenstein1936ATU1","primary; history","pl. 78, W 9655,b; 561","47x46x23 - same locus as W 9578,a - ATU 1, 561 - 22.1.1931.; ",,," ",0,0,,,0,0,0,0,,
1376,,"ATU 5, pl. 078, W 9655,c",tablet,"Uruk IV (ca. 3350-3200 BC)","Uruk (mod. Warka)",,,,,,,"VAT 14999",,,,,,,0,0,0,0,51.0,21.0,43.0,,,"W 09655,c","Qa XVI,2","unter der Abgleichung der Schicht III, 1,5 m über der Höhe des Kalksteinsockels// t.a.q. IIIc",,,,,"Vorderasiatisches Museum, Berlin, Germany",,,Administrative,undetermined,clay,"Englund1994ATU5; Falkenstein1936ATU1","primary; history","pl. 78, W 9655,c; 520","51x43x21 - same locus as W 9578,a - ATU 1, 520 - 22.1.1931.; ",,," ",0,0,,,0,0,0,0,,
1377,,"ATU 5, pl. 079, W 9655,d+",tablet,"Uruk IV (ca. 3350-3200 BC)","Uruk (mod. Warka)",,,,,,,"VAT 15133",,,,,,,0,0,0,0,76.0,31.0,51.0,,,"W 09655,d + W 09655,dh","Qa XVI,2","unter der Abgleichung der Schicht III, 1,5 m über der Höhe des Kalksteinsockels// t.a.q. IIIc",,,,,"Vorderasiatisches Museum, Berlin, Germany",,,Administrative,undetermined,clay,"Englund1994ATU5; Falkenstein1936ATU1","primary; history","pl. 79, W 9655,d+; 345","76x51x31 - same locus as W 9578,a - ATU 1, 345 - 22.1.1931 - see P. Damerow and R. Englund, ATU 2, 137 c.; ",,," ",0,0,,,0,0,0,0,,
1378,,"ATU 5, pl. 079, W 9655,e",tablet,"Uruk IV (ca. 3350-3200 BC)","Uruk (mod. Warka)",,,,,,,"VAT 14961",,,,,,,0,0,0,0,41.0,18.0,48.0,,,"W 09655,e","Qa XVI,2","unter der Abgleichung der Schicht III, 1,5 m über der Höhe des Kalksteinsockels// t.a.q. IIIc",,,,,"Vorderasiatisches Museum, Berlin, Germany",,,Administrative,undetermined,clay,"Englund1994ATU5; Falkenstein1936ATU1","primary; history","pl. 79, W 9655,e; 394","41x48x18 - same locus as W 9578,a - ATU 1, 394 - 22.1.1931.; ",,," ",0,0,,,0,0,0,0,,
1379,,"ATU 5, pl. 079, W 9655,f",tablet,"Uruk IV (ca. 3350-3200 BC)","Uruk (mod. Warka)",,,,,,,"VAT 14857",,,,,,,0,0,0,0,71.0,25.0,49.0,,,"W 09655,f","Qa XVI,2","unter der Abgleichung der Schicht III, 1,5 m über der Höhe des Kalksteinsockels// t.a.q. IIIc",,,,,"Vorderasiatisches Museum, Berlin, Germany",,,Administrative,undetermined,clay,"Englund1994ATU5; Falkenstein1936ATU1","primary; history","pl. 79, W 9655,f; 252","71x49x25 - same locus as W 9578,a - ATU 1, 252 - 22.1.1931.; ",,," ",0,0,,,0,0,0,0,,
1380,,"ATU 5, pl. 079, W 9655,g",tablet,"Uruk IV (ca. 3350-3200 BC)","Uruk (mod. Warka)",,,,,,,"VAT 14878",,,,,,,0,0,0,0,54.0,20.0,37.0,,,"W 09655,g","Qa XVI,2","unter der Abgleichung der Schicht III, 1,5 m über der Höhe des Kalksteinsockels// t.a.q. IIIc",,,,,"Vorderasiatisches Museum, Berlin, Germany",,,Administrative,undetermined,clay,"Englund1994ATU5; Falkenstein1936ATU1","primary; history","pl. 79, W 9655,g; 295","54x37x20 - same locus as W 9578,a - ATU 1, 295 - 22.1.1931.; ",,," ",0,0,,,0,0,0,0,,
1381,,"ATU 5, pl. 079, W 9655,h",tablet,"Uruk IV (ca. 3350-3200 BC)","Uruk (mod. Warka)",,,,,,,"VAT 14985",,,,,,,0,0,0,0,67.0,25.0,46.0,,,"W 09655,h","Qa XVI,2","unter der Abgleichung der Schicht III, 1,5 m über der Höhe des Kalksteinsockels// t.a.q. IIIc",,,,,"Vorderasiatisches Museum, Berlin, Germany",,,Administrative,undetermined,clay,Englund1994ATU5,primary,"pl. 79, W 9655,h","67x46x25 - same locus as W 9578,a - 22.1.1931.",,," ",0,0,,,0,0,0,0,,
1382,,"ATU 5, pl. 080, W 9655,i",tablet,"Uruk IV (ca. 3350-3200 BC)","Uruk (mod. Warka)",,,,,,,"VAT 15192",,,,,,,0,0,0,0,55.0,22.0,42.0,,,"W 09655,i","Qa XVI,2","unter der Abgleichung der Schicht III, 1,5 m über der Höhe des Kalksteinsockels// t.a.q. IIIc",,,,,"Vorderasiatisches Museum, Berlin, Germany",,,Administrative,undetermined,clay,"Englund1994ATU5; Falkenstein1936ATU1","primary; history","pl. 80, W 9655,i; 320","55x42x22 - same locus as W 9578,a - ATU 1, 320 - 22.1.1931.; ",,," ",0,0,,,0,0,0,0,,
1383,,"ATU 5, pl. 080, W 9655,k",tablet,"Uruk IV (ca. 3350-3200 BC)","Uruk (mod. Warka)",,,,,,,"VAT 15196",,,,,,,0,0,0,0,79.0,34.0,55.0,,,"W 09655,k","Qa XVI,2","unter der Abgleichung der Schicht III, 1,5 m über der Höhe des Kalksteinsockels// t.a.q. IIIc",,,,,"Vorderasiatisches Museum, Berlin, Germany",,,Administrative,undetermined,clay,"Englund1994ATU5; Falkenstein1936ATU1","primary; history","pl. 80, W 9655,k; 360","79x55x34 - same locus as W 9578,a - ATU 1, 360 - 22.1.1931.; ",,," ",0,0,,,0,0,0,0,,
1384,,"ATU 5, pl. 080, W 9655,l",tablet,"Uruk IV (ca. 3350-3200 BC)","Uruk (mod. Warka)",,,,,,,"VAT 14680",,,,,,,0,0,0,0,38.0,14.0,27.0,,,"W 09655,l","Qa XVI,2","unter der Abgleichung der Schicht III, 1,5 m über der Höhe des Kalksteinsockels// t.a.q. IIIc",,,,,"Vorderasiatisches Museum, Berlin, Germany",,,Administrative,undetermined,clay,"Englund1994ATU5; Falkenstein1936ATU1; sec1350; Szarzyńska1970Uruk","primary; history; history; history","pl. 80, W 9655,l; 36; ; p. 10","38x27x14 - same locus as W 9578,a - ATU 1, 36 - M. Lambert, Archéologia 12 (9-10.1966) 29 - 22.1.1931.; ; ; ",,," ",0,0,,,0,0,0,0,,
1385,,"ATU 5, pl. 080, W 9655,m",tablet,"Uruk IV (ca. 3350-3200 BC)","Uruk (mod. Warka)",,,,,,,"VAT 14823",,,,,,,0,0,0,0,38.0,16.0,30.0,,,"W 09655,m","Qa XVI,2","unter der Abgleichung der Schicht III, 1,5 m über der Höhe des Kalksteinsockels// t.a.q. IIIc",,,,,"Vorderasiatisches Museum, Berlin, Germany",,,Administrative,undetermined,clay,"Englund1994ATU5; Falkenstein1936ATU1","primary; history","pl. 80, W 9655,m; 214","38x30x16 - same locus as W 9578,a - ATU 1, 214 - 22.1.1931 - numerical notations in the EN system together with use of an accounting(?) line on corner of reverse -  see ATU 1, p. 12.; ",,," ",0,0,,,0,0,0,0,,
1387,,"ATU 5, pl. 080, W 9655,o",tablet,"Uruk IV (ca. 3350-3200 BC)","Uruk (mod. Warka)",,,,,,,"VAT 14814",,,,,,,0,0,0,0,45.0,17.0,31.0,,,"W 09655,o","Qa XVI,2","unter der Abgleichung der Schicht III, 1,5 m über der Höhe des Kalksteinsockels// t.a.q. IIIc",,,,,"Vorderasiatisches Museum, Berlin, Germany",,,Administrative,undetermined,clay,"Englund1994ATU5; Falkenstein1936ATU1; sec1354","primary; history; history","pl. 80, W 9655,o; 206; ","45x31x17 - same locus as W 9578,a - ATU 1, 206 - A. Vaiman, VDI 1974/2, 139 (=BagM 20, 122), no. 8 - 22.1.1931 - upper left corner missing since at least December 1988.; ; ",,," ",0,0,,,0,0,0,0,,
1388,,"ATU 5, pl. 080, W 9655,p",tablet,"Uruk IV (ca. 3350-3200 BC)","Uruk (mod. Warka)",,,,,,,"VAT 14677",,,,,,,0,0,0,0,38.0,13.0,25.0,,,"W 09655,p","Qa XVI,2","unter der Abgleichung der Schicht III, 1,5 m über der Höhe des Kalksteinsockels// t.a.q. IIIc",,,,,"Vorderasiatisches Museum, Berlin, Germany",,,Administrative,undetermined,clay,"Englund1994ATU5; Falkenstein1936ATU1; sec1356","primary; history; history","pl. 80, W 9655,p; 57; ","38x25x13 - same locus as W 9578,a - ATU 1, 57 - M. Lambert, Archéologia 12 (9-10.1966) 29 - 22.1.1931.; ; ",,," ",0,0,,,0,0,0,0,,
1389,,"ATU 5, pl. 081, W 9655,q",tablet,"Uruk IV (ca. 3350-3200 BC)","Uruk (mod. Warka)",,,,,,,"VAT 14778",,,,,,,0,0,0,0,43.0,13.0,33.0,,,"W 09655,q","Qa XVI,2","unter der Abgleichung der Schicht III, 1,5 m über der Höhe des Kalksteinsockels// t.a.q. IIIc",,,,,"Vorderasiatisches Museum, Berlin, Germany",,,Administrative,undetermined,clay,"Englund1994ATU5; Falkenstein1936ATU1","primary; history","pl. 81, W 9655,q; 63","43x33x13 - same locus as W 9578,a - ATU 1, 63 - 22.1.1931.; ",,," ",0,0,,,0,0,0,0,,
1390,,"ATU 5, pl. 081, W 9655,r",tablet,"Uruk IV (ca. 3350-3200 BC)","Uruk (mod. Warka)",,,,,,,"VAT 14695",,,,,,,0,0,0,0,43.0,16.0,28.0,,,"W 09655,r","Qa XVI,2","unter der Abgleichung der Schicht III, 1,5 m über der Höhe des Kalksteinsockels// t.a.q. IIIc",,,,,"Vorderasiatisches Museum, Berlin, Germany",,,Administrative,undetermined,clay,"Englund1994ATU5; Falkenstein1936ATU1; sec1359","primary; history; history","pl. 81, W 9655,r; 43; ","43x28x16 - same locus as W 9578,a - ATU 1, 43 - A. Vaiman, VDI 1974/2, 139 (=BagM 20, 122), no. 4 obv. - 22.1.1931.; ; ",,," ",0,0,,,0,0,0,0,,
1391,,"ATU 5, pl. 081, W 9655,s",tablet,"Uruk IV (ca. 3350-3200 BC)","Uruk (mod. Warka)",,,,,,,"VAT 14813",,,,,,,0,0,0,0,42.0,15.0,28.0,,,"W 09655,s","Qa XVI,2","unter der Abgleichung der Schicht III, 1,5 m über der Höhe des Kalksteinsockels// t.a.q. IIIc",,,,,"Vorderasiatisches Museum, Berlin, Germany",,,Administrative,undetermined,clay,"Englund1994ATU5; Falkenstein1936ATU1; sec1361","primary; history; history","pl. 81, W 9655,s; 203; ","42x28x15 - same locus as W 9578,a - ATU 1, 203 - A. Vaiman, VDI 1974/2, 140 (=BagM 20, 123), no. 21 - 22.1.1931.; ; ",,," ",0,0,,,0,0,0,0,,
1392,,"ATU 5, pl. 081, W 9655,t",tablet,"Uruk IV (ca. 3350-3200 BC)","Uruk (mod. Warka)",,,,,,,"VAT 14790",,,,,,,0,0,0,0,40.0,15.0,30.0,,,"W 09655,t","Qa XVI,2","unter der Abgleichung der Schicht III, 1,5 m über der Höhe des Kalksteinsockels// t.a.q. IIIc",,,,,"Vorderasiatisches Museum, Berlin, Germany",,,Administrative,undetermined,clay,"Englund1994ATU5; Falkenstein1936ATU1; sec1363","primary; history; history","pl. 81, W 9655,t; 92; ","40x30x15 - same locus as W 9578,a - ATU 1, 92 - A. Vaiman, VDI 1974/2, 140 (=BagM 20, 123), no. 20 obv. - 22.1.1931 - see the remarks to W 9579,ai.; ; ",,," ",0,0,,,0,0,0,0,,
1393,,"ATU 5, pl. 081, W 9655,u",tablet,"Uruk IV (ca. 3350-3200 BC)","Uruk (mod. Warka)",,,,,,,"VAT 14656",,,,,,,0,0,0,0,37.0,18.0,31.0,,,"W 09655,u","Qa XVI,2","unter der Abgleichung der Schicht III, 1,5 m über der Höhe des Kalksteinsockels// t.a.q. IIIc",,,,,"Vorderasiatisches Museum, Berlin, Germany",,,Administrative,undetermined,clay,"Englund1994ATU5; Falkenstein1936ATU1","primary; history","pl. 81, W 9655,u; 29","37x31x18 - same locus as W 9578,a - ATU 1, 29 - 22.1.1931.; ",,," ",0,0,,,0,0,0,0,,
1394,,"ATU 5, pl. 081, W 9655,v",tablet,"Uruk IV (ca. 3350-3200 BC)","Uruk (mod. Warka)",,,,,,,"VAT 14946",,,,,,,0,0,0,0,42.0,17.0,31.0,,,"W 09655,v","Qa XVI,2","unter der Abgleichung der Schicht III, 1,5 m über der Höhe des Kalksteinsockels// t.a.q. IIIc",,,,,"Vorderasiatisches Museum, Berlin, Germany",,,Administrative,undetermined,clay,"Englund1994ATU5; Falkenstein1936ATU1","primary; history","pl. 81, W 9655,v; 219","42x31x17 - same locus as W 9578,a - ATU 1, 219 - 22.1.1931 - numerical notations in the EN system together with use of an accounting(?) line on corner of reverse.; ",,," ",0,0,,,0,0,0,0,,
1395,,"ATU 5, pl. 081, W 9655,w",tablet,"Uruk IV (ca. 3350-3200 BC)","Uruk (mod. Warka)",,,,,,,"VAT 14816",,,,,,,0,0,0,0,38.0,14.0,29.0,,,"W 09655,w","Qa XVI,2","unter der Abgleichung der Schicht III, 1,5 m über der Höhe des Kalksteinsockels// t.a.q. IIIc",,,,,"Vorderasiatisches Museum, Berlin, Germany",,,Administrative,undetermined,clay,"Englund1994ATU5; Falkenstein1936ATU1","primary; history","pl. 81, W 9655,w; 232","38x29x14 - same locus as W 9578,a - ATU 1, 232 - 22.1.1931 - numerical notations in the EN system together with use of an accounting(?) line on corner of reverse.; ",,," ",0,0,,,0,0,0,0,,
1396,,"ATU 5, pl. 081, W 9655,x",tablet,"Uruk IV (ca. 3350-3200 BC)","Uruk (mod. Warka)",,,,,,,"VAT 14780",,,,,,,0,0,0,0,42.0,15.0,29.0,,,"W 09655,x","Qa XVI,2","unter der Abgleichung der Schicht III, 1,5 m über der Höhe des Kalksteinsockels// t.a.q. IIIc",,,,,"Vorderasiatisches Museum, Berlin, Germany",,,Administrative,undetermined,clay,"Englund1994ATU5; Falkenstein1936ATU1","primary; history","pl. 81, W 9655,x; 91","42x29x15 - same locus as W 9578,a - ATU 1, 91 - 22.1.1931.; ",,," ",0,0,,,0,0,0,0,,
1397,,"ATU 5, pl. 081, W 9655,y",tablet,"Uruk IV (ca. 3350-3200 BC)","Uruk (mod. Warka)",,,,,,,"VAT 14730",,,,,,,0,0,0,0,37.0,13.0,30.0,,,"W 09655,y","Qa XVI,2","unter der Abgleichung der Schicht III, 1,5 m über der Höhe des Kalksteinsockels// t.a.q. IIIc",,,,,"Vorderasiatisches Museum, Berlin, Germany",,,Administrative,undetermined,clay,"Englund1994ATU5; Falkenstein1936ATU1","primary; history","pl. 81, W 9655,y; 160","37x30x13 - same locus as W 9578,a - ATU 1, 160 - 22.1.1931.; ",,," ",0,0,,,0,0,0,0,,
1398,,"ATU 5, pl. 081, W 9655,z",tablet,"Uruk IV (ca. 3350-3200 BC)","Uruk (mod. Warka)",,,,,,,"VAT 15349",,,,,,,0,0,0,0,37.0,17.0,25.0,,,"W 09655,z","Qa XVI,2","unter der Abgleichung der Schicht III, 1,5 m über der Höhe des Kalksteinsockels// t.a.q. IIIc",,,,,"Vorderasiatisches Museum, Berlin, Germany",,,Administrative,undetermined,clay,"Englund1994ATU5; Falkenstein1936ATU1","primary; history","pl. 81, W 9655,z; 175","37x25x17 - same locus as W 9578,a - ATU 1, 175 - 22.1.1931 - a notation 9N34 at the bottom of the tablet was erased - see P. Damerow and R. Englund, ATU 2, p. 147.; ",,," ",0,0,,,0,0,0,0,,
1399,,"ATU 5, pl. 082, W 9655,aa",tablet,"Uruk IV (ca. 3350-3200 BC)","Uruk (mod. Warka)",,,,,,,"VAT 14786",,,,,,,0,0,0,0,48.0,18.0,38.0,,,"W 09655,aa","Qa XVI,2","unter der Abgleichung der Schicht III, 1,5 m über der Höhe des Kalksteinsockels// t.a.q. IIIc",,,,,"Vorderasiatisches Museum, Berlin, Germany",,,Administrative,undetermined,clay,"Englund1994ATU5; Falkenstein1936ATU1","primary; history","pl. 82, W 9655,aa; 247","48x38x18 - same locus as W 9578,a - ATU 1, 247 - 22.1.1931.; ",,," ",0,0,,,0,0,0,0,,
1400,,"ATU 5, pl. 082, W 9655,ab",tablet,"Uruk IV (ca. 3350-3200 BC)","Uruk (mod. Warka)",,,,,,,"VAT 14947",,,,,,,0,0,0,0,62.0,27.0,42.0,,,"W 09655,ab","Qa XVI,2","unter der Abgleichung der Schicht III, 1,5 m über der Höhe des Kalksteinsockels// t.a.q. IIIc",,,,,"Vorderasiatisches Museum, Berlin, Germany",,,Administrative,undetermined,clay,"Englund1994ATU5; Falkenstein1936ATU1","primary; history","pl. 82, W 9655,ab; 249","62x42x27 - same locus as W 9578,a - ATU 1, 249 - 22.1.1931.; ",,," ",0,0,,,0,0,0,0,,
1401,,"ATU 5, pl. 082, W 9655,ac",tablet,"Uruk IV (ca. 3350-3200 BC)","Uruk (mod. Warka)",,,,,,,"VAT 15138",,,,,,,0,0,0,0,74.0,23.0,51.0,,,"W 09655,ac","Qa XVI,2","unter der Abgleichung der Schicht III, 1,5 m über der Höhe des Kalksteinsockels// t.a.q. IIIc",,,,,"Vorderasiatisches Museum, Berlin, Germany",,,Administrative,undetermined,clay,"Englund1994ATU5; Falkenstein1936ATU1","primary; history","pl. 82, W 9655,ac; 331","74x51x23 - same locus as W 9578,a - ATU 1, 331 - 22.1.1931.; ",,," ",0,0,,,0,0,0,0,,
1402,,"ATU 5, pl. 082, W 9655,ad",tablet,"Uruk IV (ca. 3350-3200 BC)","Uruk (mod. Warka)",,,,,,,"VAT 14882",,,,,,,0,0,0,0,66.0,25.0,45.0,,,"W 09655,ad","Qa XVI,2","unter der Abgleichung der Schicht III, 1,5 m über der Höhe des Kalksteinsockels// t.a.q. IIIc",,,,,"Vorderasiatisches Museum, Berlin, Germany",,,Administrative,undetermined,clay,"Englund1994ATU5; Falkenstein1936ATU1","primary; history","pl. 82, W 9655,ad; 305","66x45x25 - same locus as W 9578,a - ATU 1, 305 - 22.1.1931.; ",,," ",0,0,,,0,0,0,0,,
1403,,"ATU 5, pl. 082, W 9655,ae",tablet,"Uruk IV (ca. 3350-3200 BC)","Uruk (mod. Warka)",,,,,,,"VAT 14876",,,,,,,0,0,0,0,43.0,24.0,43.0,,,"W 09655,ae","Qa XVI,2","unter der Abgleichung der Schicht III, 1,5 m über der Höhe des Kalksteinsockels// t.a.q. IIIc",,,,,"Vorderasiatisches Museum, Berlin, Germany",,,Administrative,undetermined,clay,"Englund1994ATU5; Falkenstein1936ATU1","primary; history","pl. 82, W 9655,ae; 130","43x43x24 - same locus as W 9578,a - ATU 1, 130 - 22.1.1931.; ",,," ",0,0,,,0,0,0,0,,
1405,,"ATU 5, pl. 083, W 9655,ag",tablet,"Uruk IV (ca. 3350-3200 BC)","Uruk (mod. Warka)",,,,,,,"VAT 15244",,,,,,,0,0,0,0,80.0,21.0,37.0,,,"W 09655,ag","Qa XVI,2","unter der Abgleichung der Schicht III, 1,5 m über der Höhe des Kalksteinsockels// t.a.q. IIIc",,,,,"Vorderasiatisches Museum, Berlin, Germany",,,Administrative,undetermined,clay,"Englund1994ATU5; Falkenstein1936ATU1","primary; history","pl. 83, W 9655,ag; 193","80x37x21 - same locus as W 9578,a - ATU 1, 193 - 22.1.1931.; ",,," ",0,0,,,0,0,0,0,,
1406,,"ATU 5, pl. 083, W 9655,ah",tablet,"Uruk IV (ca. 3350-3200 BC)","Uruk (mod. Warka)",,,,,,,"VAT 14772",,,,,,,0,0,0,0,51.0,17.0,32.0,,,"W 09655,ah","Qa XVI,2","unter der Abgleichung der Schicht III, 1,5 m über der Höhe des Kalksteinsockels// t.a.q. IIIc",,,,,"Vorderasiatisches Museum, Berlin, Germany",,,Administrative,undetermined,clay,"Englund1994ATU5; Falkenstein1936ATU1","primary; history","pl. 83, W 9655,ah; 82","51x32x17 - same locus as W 9578,a - ATU 1, 82 - 22.1.1931 - ""waster.""; ",,," ",0,0,,,0,0,0,0,,
1407,,"ATU 5, pl. 083, W 9655,ai",tablet,"Uruk IV (ca. 3350-3200 BC)","Uruk (mod. Warka)",,,,,,,"VAT 14898",,,,,,,0,0,0,0,67.0,28.0,47.0,,,"W 09655,ai","Qa XVI,2","unter der Abgleichung der Schicht III, 1,5 m über der Höhe des Kalksteinsockels// t.a.q. IIIc",,,,,"Vorderasiatisches Museum, Berlin, Germany",,,Administrative,undetermined,clay,"Englund1994ATU5; Falkenstein1936ATU1","primary; history","pl. 83, W 9655,ai; 267","67x47x28 - same locus as W 9578,a - ATU 1, 267 - 22.1.1931.; ",,," ",0,0,,,0,0,0,0,,
1408,,"ATU 5, pl. 083, W 9655,ak",tablet,"Uruk IV (ca. 3350-3200 BC)","Uruk (mod. Warka)",,,,,,S999999,"VAT 15220",,,,,,,0,0,0,0,40.0,20.0,40.0,,,"W 09655,ak","Qa XVI,2","unter der Abgleichung der Schicht III, 1,5 m über der Höhe des Kalksteinsockels// t.a.q. IIIc",,,,,"Vorderasiatisches Museum, Berlin, Germany",,,Administrative,undetermined,clay,"Englund1994ATU5; Falkenstein1936ATU1","primary; history","pl. 83, W 9655,ak; 566","40x40x20 - same locus as W 9578,a - ATU 1, 566 - 22.1.1931 - sealed tablet.; ",,," ",0,0,,,0,0,0,0,,
1409,,"ATU 5, pl. 083, W 9655,al",tablet,"Uruk IV (ca. 3350-3200 BC)","Uruk (mod. Warka)",,,,,,,"VAT 15269",,,,,,,0,0,0,0,33.0,18.0,26.0,,,"W 09655,al","Qa XVI,2","unter der Abgleichung der Schicht III, 1,5 m über der Höhe des Kalksteinsockels// t.a.q. IIIc",,,,,"Vorderasiatisches Museum, Berlin, Germany",,,Administrative,undetermined,clay,Englund1994ATU5,primary,"pl. 83, W 9655,al","33x26x18 - same locus as W 9578,a - 23.1.1931.",,," ",0,0,,,0,0,0,0,,
1410,,"ATU 5, pl. 083, W 9655,am",tablet,"Uruk IV (ca. 3350-3200 BC)","Uruk (mod. Warka)",,,,,,,"VAT 14945",,,,,,,0,0,0,0,42.0,19.0,35.0,,,"W 09655,am","Qa XVI,2","unter der Abgleichung der Schicht III, 1,5 m über der Höhe des Kalksteinsockels// t.a.q. IIIc",,,,,"Vorderasiatisches Museum, Berlin, Germany",,,Administrative,undetermined,clay,"Englund1994ATU5; Falkenstein1936ATU1","primary; history","pl. 83, W 9655,am; 538","42x35x19 - same locus as W 9578,a - ATU 1, 538 - 22.1.1931.; ",,," ",0,0,,,0,0,0,0,,
1411,,"ATU 5, pl. 084, W 9655,an",tablet,"Uruk IV (ca. 3350-3200 BC)","Uruk (mod. Warka)",,,,,,,"VAT 15279",,,,,,,0,0,0,0,36.0,16.0,29.0,,,"W 09655,an","Qa XVI,2","unter der Abgleichung der Schicht III, 1,5 m über der Höhe des Kalksteinsockels// t.a.q. IIIc",,,,,"Vorderasiatisches Museum, Berlin, Germany",,,Administrative,undetermined,clay,Englund1994ATU5,primary,"pl. 84, W 9655,an","36x29x16 - same locus as W 9578,a - 22.1.1931.",,," ",0,0,,,0,0,0,0,,
1412,,"ATU 5, pl. 084, W 9655,ao",tablet,"Uruk IV (ca. 3350-3200 BC)","Uruk (mod. Warka)",,,,,,,"VAT 15060",,,,,,,0,0,0,0,60.0,23.0,29.0,,,"W 09655,ao","Qa XVI,2","unter der Abgleichung der Schicht III, 1,5 m über der Höhe des Kalksteinsockels// t.a.q. IIIc",,,,,"Vorderasiatisches Museum, Berlin, Germany",,,Administrative,undetermined,clay,"Englund1994ATU5; Falkenstein1936ATU1","primary; history","pl. 84, W 9655,ao; 529","60x29x23 - same locus as W 9578,a - ATU 1, 529 - 22.1.1931.; ",,," ",0,0,,,0,0,0,0,,
1413,,"ATU 5, pl. 084, W 9655,ap",tablet,"Uruk IV (ca. 3350-3200 BC)","Uruk (mod. Warka)",,,,,,,"VAT 15189",,,,,,,0,0,0,0,70.0,28.0,24.0,,,"W 09655,ap","Qa XVI,2","unter der Abgleichung der Schicht III, 1,5 m über der Höhe des Kalksteinsockels// t.a.q. IIIc",,,,,"Vorderasiatisches Museum, Berlin, Germany",,,Administrative,undetermined,clay,"Englund1994ATU5; Falkenstein1936ATU1","primary; history","pl. 84, W 9655,ap; 548","70x24x28 - same locus as W 9578,a - ATU 1, 548 - 22.1.1931.; ",,," ",0,0,,,0,0,0,0,,
1414,,"ATU 5, pl. 084, W 9655,aq",tablet,"Uruk IV (ca. 3350-3200 BC)","Uruk (mod. Warka)",,,,,,,"VAT 15238",,,,,,,0,0,0,0,61.0,31.0,40.0,,,"W 09655,aq","Qa XVI,2","unter der Abgleichung der Schicht III, 1,5 m über der Höhe des Kalksteinsockels// t.a.q. IIIc",,,,,"Vorderasiatisches Museum, Berlin, Germany",,,Administrative,undetermined,clay,"Englund1994ATU5; Falkenstein1936ATU1","primary; history","pl. 84, W 9655,aq; 387","61x40x31 - same locus as W 9578,a - ATU 1, 387 - 22.1.1931 - ""waster.""; ",,," ",0,0,,,0,0,0,0,,
1415,,"ATU 5, pl. 084, W 9655,ar",tablet,"Uruk IV (ca. 3350-3200 BC)","Uruk (mod. Warka)",,,,,,,"VAT 15239",,,,,,,0,0,0,0,41.0,27.0,52.0,,,"W 09655,ar","Qa XVI,2","unter der Abgleichung der Schicht III, 1,5 m über der Höhe des Kalksteinsockels// t.a.q. IIIc",,,,,"Vorderasiatisches Museum, Berlin, Germany",,,Administrative,undetermined,clay,"Englund1994ATU5; Falkenstein1936ATU1","primary; history","pl. 84, W 9655,ar; 389","41x52x27 - same locus as W 9578,a - ATU 1, 389 - 22.1.1931 - ""waster.""; ",,," ",0,0,,,0,0,0,0,,
1416,,"ATU 5, pl. 085, W 9655,as",tablet,"Uruk IV (ca. 3350-3200 BC)","Uruk (mod. Warka)",,,,,,,"VAT 14757",,,,,,,0,0,0,0,41.0,17.0,32.0,,,"W 09655,as","Qa XVI,2","unter der Abgleichung der Schicht III, 1,5 m über der Höhe des Kalksteinsockels// t.a.q. IIIc",,,,,"Vorderasiatisches Museum, Berlin, Germany",,,Administrative,undetermined,clay,"Englund1994ATU5; Falkenstein1936ATU1","primary; history","pl. 85, W 9655,as; 141","41x32x17 - same locus as W 9578,a - ATU 1, 141 - 22.1.1931.; ",,," ",0,0,,,0,0,0,0,,
1417,,"ATU 5, pl. 085, W 9655,cq",tablet,"Uruk IV (ca. 3350-3200 BC)","Uruk (mod. Warka)",,,,,,,"VAT 14829",,,,,,,0,0,0,0,34.0,13.0,28.0,,,"W 09655,cq","Qa XVI,2","unter der Abgleichung der Schicht III, 1,5 m über der Höhe des Kalksteinsockels// t.a.q. IIIc",,,,,"Vorderasiatisches Museum, Berlin, Germany",,,Administrative,undetermined,clay,"Englund1994ATU5; Falkenstein1936ATU1","primary; history","pl. 85, W 9655,cq; 126","34x28x13 - same locus as W 9578,a - ATU 1, 126 - 22.1.1931 - the excavation number is certainly incorrect, since no tablet numbers between 9655,as and ,cq are recorded.; ",,," ",0,0,,,0,0,0,0,,
1418,,"ATU 5, pl. 085, W 9656,a1",tablet,"Uruk IV (ca. 3350-3200 BC)","Uruk (mod. Warka)",,,,,,,"VAT 14995",,,,,,,0,0,0,0,66.0,29.0,46.0,,,"W 09656,a1","Qa XVI,2","unter der Abgleichung der Schicht III, 1,5 m über der Höhe des Kalksteinsockels// t.a.q. IIIc",,,,,"Vorderasiatisches Museum, Berlin, Germany",,,Administrative,undetermined,clay,"Englund1994ATU5; Falkenstein1936ATU1; sec1387","primary; history; history","pl. 85, W 9656,a1; 333; ","66x46x29 - same locus as W 9578,a (the original entry in the excavation finds catalogue corresponding to the group of texts W 9656 was corrected in Berlin from Qa XVI,3 to Qa XVI,2 - see the remarks above to W 9655) - ATU 1, 333 - A. Vaiman, Soob. Gos. Erm. 2; ; ",,," ",0,0,,,0,0,0,0,,
1419,,"ATU 5, pl. 085, W 9656,a2",tablet,"Uruk IV (ca. 3350-3200 BC)","Uruk (mod. Warka)",,,,,,,"VAT 15226",,,,,,,0,0,0,0,36.0,21.0,29.0,,,"W 09656,a2","Qa XVI,2","unter der Abgleichung der Schicht III, 1,5 m über der Höhe des Kalksteinsockels// t.a.q. IIIc",,,,,"Vorderasiatisches Museum, Berlin, Germany",,,Administrative,undetermined,clay,Englund1994ATU5,primary,"pl. 85, W 9656,a2","36x29x21 - same locus as W 9578,a - 23.1.1931.",,," ",0,0,,,0,0,0,0,,
1420,,"ATU 5, pl. 085, W 9656,b",tablet,"Uruk IV (ca. 3350-3200 BC)","Uruk (mod. Warka)",,,,,,,"VAT 14930",,,,,,,0,0,0,0,62.0,26.0,47.0,,,"W 09656,b","Qa XVI,2","unter der Abgleichung der Schicht III, 1,5 m über der Höhe des Kalksteinsockels// t.a.q. IIIc",,,,,"Vorderasiatisches Museum, Berlin, Germany",,,Administrative,undetermined,clay,"Englund1994ATU5; Falkenstein1936ATU1; Szarzyńska1970Uruk","primary; history; history","pl. 85, W 9656,b; 287; p. 10","62x47x26 - same locus as W 9578,a - ATU 1, 287 - 23.1.1931 - N45: 10,5mm, N14: 4mm.; ; ",,," ",0,0,,,0,0,0,0,,
1421,,"ATU 5, pl. 085, W 9656,c",tablet,"Uruk IV (ca. 3350-3200 BC)","Uruk (mod. Warka)",,,,,,,"VAT 14812",,,,,,,0,0,0,0,35.0,16.0,31.0,,,"W 09656,c","Qa XVI,2","unter der Abgleichung der Schicht III, 1,5 m über der Höhe des Kalksteinsockels// t.a.q. IIIc",,,,,"Vorderasiatisches Museum, Berlin, Germany",,,Administrative,undetermined,clay,"Englund1994ATU5; Falkenstein1936ATU1","primary; history","pl. 85, W 9656,c; 233","35x31x16 - same locus as W 9578,a - ATU 1, 233 - 23.1.1931 - numerical notations in the EN system.; ",,," ",0,0,,,0,0,0,0,,
1422,,"ATU 5, pl. 085, W 9656,d",tablet,"Uruk IV (ca. 3350-3200 BC)","Uruk (mod. Warka)",,,,,,,"VAT 15340",,,,,,,0,0,0,0,39.0,25.0,43.0,,,"W 09656,d","Qa XVI,2","unter der Abgleichung der Schicht III, 1,5 m über der Höhe des Kalksteinsockels// t.a.q. IIIc",,,,,"Vorderasiatisches Museum, Berlin, Germany",,,Administrative,undetermined,clay,Englund1994ATU5,primary,"pl. 85, W 9656,d","39x43x25 - same locus as W 9578,a - 23.1.1931.",,," ",0,0,,,0,0,0,0,,
1424,,"ATU 5, pl. 086, W 9656,f",tablet,"Uruk IV (ca. 3350-3200 BC)","Uruk (mod. Warka)",,,,,,,"VAT 15191",,,,,,,0,0,0,0,82.0,31.0,45.0,,,"W 09656,f","Qa XVI,2","unter der Abgleichung der Schicht III, 1,5 m über der Höhe des Kalksteinsockels// t.a.q. IIIc",,,,,"Vorderasiatisches Museum, Berlin, Germany",,,Administrative,undetermined,clay,"Englund1994ATU5; Falkenstein1936ATU1","primary; history","pl. 86, W 9656,f; 550","82x45x31 - same locus as W 9578,a - ATU 1, 550 - 23.1.1931 - an account of apparent plow oxen, of which the second column is a copy of the account W 9656,dr.; ",,," ",0,0,,,0,0,0,0,,
1425,,"ATU 5, pl. 086, W 9656,g",tablet,"Uruk IV (ca. 3350-3200 BC)","Uruk (mod. Warka)",,,,,,,"VAT 14993",,,,,,,0,0,0,0,93.0,35.0,64.0,,,"W 09656,g","Qa XVI,2","unter der Abgleichung der Schicht III, 1,5 m über der Höhe des Kalksteinsockels// t.a.q. IIIc",,,,,"Vorderasiatisches Museum, Berlin, Germany",,,Administrative,undetermined,clay,"Englund1994ATU5; Falkenstein1936ATU1","primary; history","pl. 86, W 9656,g; 351","93x64x35 - same locus as W 9578,a - ATU 1, 351 - 23.1.1931 - note the correspondence of the ideograms representing professions in this text with the first entries of the lexical list Lú A (ATU 3, pp. 14-19).; ",,," ",0,0,,,0,0,0,0,,
1426,,"ATU 5, pl. 086, W 9656,h2",tablet,"Uruk IV (ca. 3350-3200 BC)","Uruk (mod. Warka)",,,,,,,"VAT 15224",,,,,,,0,0,0,0,32.0,23.0,32.0,,,"W 09656,h2","Qa XVI,2","unter der Abgleichung der Schicht III, 1,5 m über der Höhe des Kalksteinsockels// t.a.q. IIIc",,,,,"Vorderasiatisches Museum, Berlin, Germany",,,Administrative,undetermined,clay,"Englund1994ATU5; Falkenstein1936ATU1; sec1394","primary; history; history","pl. 86, W 9656,h2; 484; ","32x32x23 - same locus as W 9578,a - ATU 1, 484.; ; ",,," ",0,0,,,0,0,0,0,,
1427,,"ATU 5, pl. 086, W 9656,i",tablet,"Uruk IV (ca. 3350-3200 BC)","Uruk (mod. Warka)",,,,,,,"VAT 14800",,,,,,,0,0,0,0,48.0,19.0,35.0,,,"W 09656,i","Qa XVI,2","unter der Abgleichung der Schicht III, 1,5 m über der Höhe des Kalksteinsockels// t.a.q. IIIc",,,,,"Vorderasiatisches Museum, Berlin, Germany",,,Administrative,undetermined,clay,"Englund1994ATU5; Falkenstein1936ATU1","primary; history","pl. 86, W 9656,i; 228","48x35x19 - same locus as W 9578,a - ATU 1, 228 - 23.1.1931 - numerical notations in the EN system together with use of an accounting(?) line on corner of reverse.; ",,," ",0,0,,,0,0,0,0,,
1428,,"ATU 5, pl. 086, W 9656,k",tablet,"Uruk IV (ca. 3350-3200 BC)","Uruk (mod. Warka)",,,,,,,"VAT 14694",,,,,,,0,0,0,0,45.0,15.0,33.0,,,"W 09656,k","Qa XVI,2","unter der Abgleichung der Schicht III, 1,5 m über der Höhe des Kalksteinsockels// t.a.q. IIIc",,,,,"Vorderasiatisches Museum, Berlin, Germany",,,Administrative,undetermined,clay,"Englund1994ATU5; Falkenstein1936ATU1; Szarzyńska1970Uruk","primary; history; history","pl. 86, W 9656,k; 71; p. 10","45x33x15 - same locus as W 9578,a - ATU 1, 71 - 23.1.1931.; ; ",,," ",0,0,,,0,0,0,0,,
1429,,"ATU 5, pl. 087, W 9656,l",tablet,"Uruk IV (ca. 3350-3200 BC)","Uruk (mod. Warka)",,,,,,,"VAT 14996",,,,,,,0,0,0,0,65.0,25.0,50.0,,,"W 09656,l","Qa XVI,2","unter der Abgleichung der Schicht III, 1,5 m über der Höhe des Kalksteinsockels// t.a.q. IIIc",,,,,"Vorderasiatisches Museum, Berlin, Germany",,,Administrative,undetermined,clay,"Englund1994ATU5; Falkenstein1936ATU1","primary; history","pl. 87, W 9656,l; 332","65x50x25 - same locus as W 9578,a - ATU 1, 332 - 23.1.1931.; ",,," ",0,0,,,0,0,0,0,,
1432,,"ATU 5, pl. 087, W 9656,n2",tablet,"Uruk IV (ca. 3350-3200 BC)","Uruk (mod. Warka)",,,,,,,"VAT 15365",,,,,,,0,0,0,0,67.0,27.0,45.0,,,"W 09656,n2","Qa XVI,2","unter der Abgleichung der Schicht III, 1,5 m über der Höhe des Kalksteinsockels// t.a.q. IIIc",,,,,"Vorderasiatisches Museum, Berlin, Germany",,,Administrative,undetermined,clay,"Englund1994ATU5; Falkenstein1936ATU1","primary; history","pl. 87, W 9656,n2; 357","67x45x27 - same locus as W 9578,a - ATU 1, 357 - 23.1.1931.; ",,," ",0,0,,,0,0,0,0,,
1433,,"ATU 5, pl. 087, W 9656,o",tablet,"Uruk IV (ca. 3350-3200 BC)","Uruk (mod. Warka)",,,,,,,"VAT 14683",,,,,,,0,0,0,0,37.0,15.0,27.0,,,"W 09656,o","Qa XVI,2","unter der Abgleichung der Schicht III, 1,5 m über der Höhe des Kalksteinsockels// t.a.q. IIIc",,,,,"Vorderasiatisches Museum, Berlin, Germany",,,Administrative,undetermined,clay,"Englund1994ATU5; Falkenstein1936ATU1; sec1404","primary; history; history","pl. 87, W 9656,o; 26; ","37x27x15 - same locus as W 9578,a - ATU 1, 26 - A. Vaiman, VDI 1974/2, 139 (=BagM 20, 122), Nr. 1 Vs. - 23.1.1931.; ; ",,," ",0,0,,,0,0,0,0,,
1434,,"ATU 5, pl. 087, W 9656,p",tablet,"Uruk IV (ca. 3350-3200 BC)","Uruk (mod. Warka)",,,,,,,"VAT 14802",,,,,,,0,0,0,0,39.0,18.0,29.0,,,"W 09656,p","Qa XVI,2","unter der Abgleichung der Schicht III, 1,5 m über der Höhe des Kalksteinsockels// t.a.q. IIIc",,,,,"Vorderasiatisches Museum, Berlin, Germany",,,Administrative,undetermined,clay,"Englund1994ATU5; Falkenstein1936ATU1","primary; history","pl. 87, W 9656,p; 221","39x29x18 - same locus as W 9578,a - ATU 1, 221 - 23.1.1931 - numerical notations in the EN system together with use of an accounting(?) line on corner of reverse.; ",,," ",0,0,,,0,0,0,0,,
1435,,"ATU 5, pl. 087, W 9656,q",tablet,"Uruk IV (ca. 3350-3200 BC)","Uruk (mod. Warka)",,,,,,S999999,"VAT 15292",,,,,,,0,0,0,0,47.0,29.0,45.0,,,"W 09656,q","Qa XVI,2","unter der Abgleichung der Schicht III, 1,5 m über der Höhe des Kalksteinsockels// t.a.q. IIIc",,,,,"Vorderasiatisches Museum, Berlin, Germany",,,Administrative,undetermined,clay,Englund1994ATU5,primary,"pl. 87, W 9656,q","47x45x29 - same locus as W 9578,a - 23.1.1931 - VAT number written above stricken VAT 17823 - sealed tablet.",,," ",0,0,,,0,0,0,0,,
1436,,"ATU 5, pl. 088, W 9656,r+",tablet,"Uruk IV (ca. 3350-3200 BC)","Uruk (mod. Warka)",,,,,,,"VAT 15174",,,,,,,0,0,0,0,76.0,39.0,51.0,,,"W 09656,r + W 09656,ry","Qa XVI,2","unter der Abgleichung der Schicht III, 1,5 m über der Höhe des Kalksteinsockels// t.a.q. IIIc",,,,,"Vorderasiatisches Museum, Berlin, Germany",,,Administrative,undetermined,clay,"Englund1994ATU5; Falkenstein1936ATU1","primary; history","pl. 88, W 9656,r+; 284","76x51x39 - same locus as W 9578,a - ATU 1, 284 - 23.1.1931.; ",,," ",0,0,,,0,0,0,0,,
1437,,"ATU 5, pl. 088, W 9656,s",tablet,"Uruk IV (ca. 3350-3200 BC)","Uruk (mod. Warka)",,,,,,,"VAT 14784",,,,,,,0,0,0,0,31.0,13.0,25.0,,,"W 09656,s","Qa XVI,2","unter der Abgleichung der Schicht III, 1,5 m über der Höhe des Kalksteinsockels// t.a.q. IIIc",,,,,"Vorderasiatisches Museum, Berlin, Germany",,,Administrative,undetermined,clay,"Englund1994ATU5; Falkenstein1936ATU1","primary; history","pl. 88, W 9656,s; 134","31x25x13 - same locus as W 9578,a - ATU 1, 134 - 23.1.1931.; ",,," ",0,0,,,0,0,0,0,,
1438,,"ATU 5, pl. 088, W 9656,t",tablet,"Uruk IV (ca. 3350-3200 BC)","Uruk (mod. Warka)",,,,,,,"VAT 15194",,,,,,,0,0,0,0,32.0,21.0,45.0,,,"W 09656,t","Qa XVI,2","unter der Abgleichung der Schicht III, 1,5 m über der Höhe des Kalksteinsockels// t.a.q. IIIc",,,,,"Vorderasiatisches Museum, Berlin, Germany",,,Administrative,undetermined,clay,"Englund1994ATU5; Falkenstein1936ATU1","primary; history","pl. 88, W 9656,t; 556","32x45x21 - same locus as W 9578,a - ATU 1, 556 - 23.1.1931.; ",,," ",0,0,,,0,0,0,0,,
1439,,"ATU 5, pl. 088, W 9656,v",tablet,"Uruk IV (ca. 3350-3200 BC)","Uruk (mod. Warka)",,,,,,,"VAT 14971",,,,,,,0,0,0,0,31.0,20.0,49.0,,,"W 09656,v","Qa XVI,2","unter der Abgleichung der Schicht III, 1,5 m über der Höhe des Kalksteinsockels// t.a.q. IIIc",,,,,"Vorderasiatisches Museum, Berlin, Germany",,,Administrative,undetermined,clay,"Englund1994ATU5; Falkenstein1936ATU1","primary; history","pl. 88, W 9656,v; 411","31x49x20 - same locus as W 9578,a - ATU 1, 411 - 23.1.1931.; ",,," ",0,0,,,0,0,0,0,,
1440,,"ATU 5, pl. 088, W 9656,w",tablet,"Uruk IV (ca. 3350-3200 BC)","Uruk (mod. Warka)",,,,,,,"VAT 14957",,,,,,,0,0,0,0,42.0,28.0,44.0,,,"W 09656,w","Qa XVI,2","unter der Abgleichung der Schicht III, 1,5 m über der Höhe des Kalksteinsockels// t.a.q. IIIc",,,,,"Vorderasiatisches Museum, Berlin, Germany",,,Administrative,undetermined,clay,"Englund1994ATU5; Falkenstein1936ATU1","primary; history","pl. 88, W 9656,w; 380","42x44x28 - same locus as W 9578,a - ATU 1, 380 - 23.1.1931.; ",,," ",0,0,,,0,0,0,0,,
1442,,"ATU 5, pl. 088, W 9656,z",tablet,"Uruk IV (ca. 3350-3200 BC)","Uruk (mod. Warka)",,,,,,,"VAT 15113",,,,,,,0,0,0,0,69.0,28.0,29.0,,,"W 09656,z","Qa XVI,2","unter der Abgleichung der Schicht III, 1,5 m über der Höhe des Kalksteinsockels// t.a.q. IIIc",,,,,"Vorderasiatisches Museum, Berlin, Germany",,,Administrative,undetermined,clay,"Englund1994ATU5; Falkenstein1936ATU1","primary; history","pl. 88, W 9656,z; 530","69x29x28 - same locus as W 9578,a - ATU 1, 530 - 23.1.1931 - see the remarks to W 9123,b - note the correspondence of the ideograms representing professions in this text with the first entries of the lexical list Lú A (ATU 3, pp. 14-19).; ",,," ",0,0,,,0,0,0,0,,
1443,,"ATU 5, pl. 089, W 9656,aa",tablet,"Uruk IV (ca. 3350-3200 BC)","Uruk (mod. Warka)",,,,,,,"VAT 15061",,,,,,,0,0,0,0,80.0,31.0,40.0,,,"W 09656,aa","Qa XVI,2","unter der Abgleichung der Schicht III, 1,5 m über der Höhe des Kalksteinsockels// t.a.q. IIIc",,,,,"Vorderasiatisches Museum, Berlin, Germany",,,Administrative,undetermined,clay,"Englund1994ATU5; Falkenstein1936ATU1","primary; history","pl. 89, W 9656,aa; 532","80x40x31 - same locus as W 9578,a - ATU 1, 532 - 23.1.1931.; ",,," ",0,0,,,0,0,0,0,,
1444,,"ATU 5, pl. 089, W 9656,ab",tablet,"Uruk IV (ca. 3350-3200 BC)","Uruk (mod. Warka)",,,,,,,"VAT 14811",,,,,,,0,0,0,0,40.0,17.0,38.0,,,"W 09656,ab","Qa XVI,2","unter der Abgleichung der Schicht III, 1,5 m über der Höhe des Kalksteinsockels// t.a.q. IIIc",,,,,"Vorderasiatisches Museum, Berlin, Germany",,,Administrative,undetermined,clay,"Englund1994ATU5; Falkenstein1936ATU1","primary; history","pl. 89, W 9656,ab; 516","40x38x17 - same locus as W 9578,a - ATU 1, 516 - 23.1.1931.; ",,," ",0,0,,,0,0,0,0,,
1445,,"ATU 5, pl. 089, W 9656,ac",tablet,"Uruk IV (ca. 3350-3200 BC)","Uruk (mod. Warka)",,,,,,,"VAT 14856",,,,,,,0,0,0,0,77.0,29.0,52.0,,,"W 09656,ac","Qa XVI,2","unter der Abgleichung der Schicht III, 1,5 m über der Höhe des Kalksteinsockels// t.a.q. IIIc",,,,,"Vorderasiatisches Museum, Berlin, Germany",,,Administrative,undetermined,clay,"Englund1994ATU5; Falkenstein1936ATU1","primary; history","pl. 89, W 9656,ac; 271","77x52x29 - same locus as W 9578,a - ATU 1, 271 - 23.1.1931.; ",,," ",0,0,,,0,0,0,0,,
1446,,"ATU 5, pl. 089, W 9656,ad",tablet,"Uruk IV (ca. 3350-3200 BC)","Uruk (mod. Warka)",,,,,,,"VAT 14874",,,,,,,0,0,0,0,43.0,27.0,64.0,,,"W 09656,ad","Qa XVI,2","unter der Abgleichung der Schicht III, 1,5 m über der Höhe des Kalksteinsockels// t.a.q. IIIc",,,,,"Vorderasiatisches Museum, Berlin, Germany",,,Administrative,undetermined,clay,"Englund1994ATU5; Falkenstein1936ATU1","primary; history","pl. 89, W 9656,ad; 382","43x64x27 - same locus as W 9578,a - ATU 1, 382 - 23.1.1931.; ",,," ",0,0,,,0,0,0,0,,
1447,,"ATU 5, pl. 089, W 9656,ae",tablet,"Uruk IV (ca. 3350-3200 BC)","Uruk (mod. Warka)",,,,,,,"VAT 15066",,,,,,,0,0,0,0,43.0,29.0,49.0,,,"W 09656,ae","Qa XVI,2","unter der Abgleichung der Schicht III, 1,5 m über der Höhe des Kalksteinsockels// t.a.q. IIIc",,,,,"Vorderasiatisches Museum, Berlin, Germany",,,Administrative,undetermined,clay,"Englund1994ATU5; Falkenstein1936ATU1","primary; history","pl. 89, W 9656,ae; 524","43x49x29 - same locus as W 9578,a - ATU 1, 524 - 23.1.1931.; ",,," ",0,0,,,0,0,0,0,,
1448,,"ATU 5, pl. 090, W 9656,af",tablet,"Uruk IV (ca. 3350-3200 BC)","Uruk (mod. Warka)",,,,,,,"VAT 14943",,,,,,,0,0,0,0,38.0,24.0,41.0,,,"W 09656,af","Qa XVI,2","unter der Abgleichung der Schicht III, 1,5 m über der Höhe des Kalksteinsockels// t.a.q. IIIc",,,,,"Vorderasiatisches Museum, Berlin, Germany",,,Administrative,undetermined,clay,"Englund1994ATU5; Falkenstein1936ATU1","primary; history","pl. 90, W 9656,af; 559","38x41x24 - same locus as W 9578,a - ATU 1, 559 - 23.1.1931.; ",,," ",0,0,,,0,0,0,0,,
1449,,"ATU 5, pl. 090, W 9656,ag",tablet,"Uruk IV (ca. 3350-3200 BC)","Uruk (mod. Warka)",,,,,,,"VAT 14672",,,,,,,0,0,0,0,39.0,18.0,31.0,,,"W 09656,ag","Qa XVI,2","unter der Abgleichung der Schicht III, 1,5 m über der Höhe des Kalksteinsockels// t.a.q. IIIc",,,,,"Vorderasiatisches Museum, Berlin, Germany",,,Administrative,undetermined,clay,"Englund1994ATU5; Falkenstein1936ATU1","primary; history","pl. 90, W 9656,ag; 58","39x31x18 - same locus as W 9578,a - ATU 1, 58 - 23.1.1931.; ",,," ",0,0,,,0,0,0,0,,
1450,,"ATU 5, pl. 090, W 9656,ah",tablet,"Uruk IV (ca. 3350-3200 BC)","Uruk (mod. Warka)",,,,,,,"VAT 14825",,,,,,,0,0,0,0,39.0,15.0,29.0,,,"W 09656,ah","Qa XVI,2","unter der Abgleichung der Schicht III, 1,5 m über der Höhe des Kalksteinsockels// t.a.q. IIIc",,,,,"Vorderasiatisches Museum, Berlin, Germany",,,Administrative,undetermined,clay,"Englund1994ATU5; Falkenstein1936ATU1","primary; history","pl. 90, W 9656,ah; 102","39x29x15 - same locus as W 9578,a - ATU 1, 102 - 23.1.1931.; ",,," ",0,0,,,0,0,0,0,,
1451,,"ATU 5, pl. 090, W 9656,ai",tablet,"Uruk IV (ca. 3350-3200 BC)","Uruk (mod. Warka)",,,,,,,"VAT 14839",,,,,,,0,0,0,0,42.0,14.0,29.0,,,"W 09656,ai","Qa XVI,2","unter der Abgleichung der Schicht III, 1,5 m über der Höhe des Kalksteinsockels// t.a.q. IIIc",,,,,"Vorderasiatisches Museum, Berlin, Germany",,,Administrative,undetermined,clay,"Englund1994ATU5; Falkenstein1936ATU1","primary; history","pl. 90, W 9656,ai; 161","42x29x14 - same locus as W 9578,a - ATU 1, 161 - 23.1.1931.; ",,," ",0,0,,,0,0,0,0,,
1452,,"ATU 5, pl. 090, W 9656,ak",tablet,"Uruk IV (ca. 3350-3200 BC)","Uruk (mod. Warka)",,,,,,,"VAT 14754",,,,,,,0,0,0,0,35.0,14.0,25.0,,,"W 09656,ak","Qa XVI,2","unter der Abgleichung der Schicht III, 1,5 m über der Höhe des Kalksteinsockels// t.a.q. IIIc",,,,,"Vorderasiatisches Museum, Berlin, Germany",,,Administrative,undetermined,clay,"Englund1994ATU5; Falkenstein1936ATU1","primary; history","pl. 90, W 9656,ak; 135","35x25x14 - same locus as W 9578,a - ATU 1, 135 - 23.1.1931 - see the remarks to W 9123,b.; ",,," ",0,0,,,0,0,0,0,,
1453,,"ATU 5, pl. 090, W 9656,al",tablet,"Uruk IV (ca. 3350-3200 BC)","Uruk (mod. Warka)",,,,,,,"VAT 14777",,,,,,,0,0,0,0,36.0,13.0,28.0,,,"W 09656,al","Qa XVI,2","unter der Abgleichung der Schicht III, 1,5 m über der Höhe des Kalksteinsockels// t.a.q. IIIc",,,,,"Vorderasiatisches Museum, Berlin, Germany",,,Administrative,undetermined,clay,"Englund1994ATU5; Falkenstein1936ATU1","primary; history","pl. 90, W 9656,al; 89","36x28x13 - same locus as W 9578,a - ATU 1, 89 - 23.1.1931.; ",,," ",0,0,,,0,0,0,0,,
1454,,"ATU 5, pl. 090, W 9656,am",tablet,"Uruk IV (ca. 3350-3200 BC)","Uruk (mod. Warka)",,,,,,,"VAT 14737",,,,,,,0,0,0,0,41.0,16.0,32.0,,,"W 09656,am","Qa XVI,2","unter der Abgleichung der Schicht III, 1,5 m über der Höhe des Kalksteinsockels// t.a.q. IIIc",,,,,"Vorderasiatisches Museum, Berlin, Germany",,,Administrative,undetermined,clay,"Englund1994ATU5; Falkenstein1936ATU1","primary; history","pl. 90, W 9656,am; 176","41x32x16 - same locus as W 9578,a - ATU 1, 176 - 23.1.1931.; ",,," ",0,0,,,0,0,0,0,,
1456,,"ATU 5, pl. 090, W 9656,ao",tablet,"Uruk IV (ca. 3350-3200 BC)","Uruk (mod. Warka)",,,,,,,"VAT 14729",,,,,,,0,0,0,0,40.0,15.0,33.0,,,"W 09656,ao","Qa XVI,2","unter der Abgleichung der Schicht III, 1,5 m über der Höhe des Kalksteinsockels// t.a.q. IIIc",,,,,"Vorderasiatisches Museum, Berlin, Germany",,,Administrative,undetermined,clay,"Englund1994ATU5; Falkenstein1936ATU1","primary; history","pl. 90, W 9656,ao; 197","40x33x15 - same locus as W 9578,a - ATU 1, 197 - 23.1.1931.; ",,," ",0,0,,,0,0,0,0,,
1458,,"ATU 5, pl. 091, W 9656,aq",tablet,"Uruk IV (ca. 3350-3200 BC)","Uruk (mod. Warka)",,,,,,,"VAT 14648",,,,,,,0,0,0,0,27.0,14.0,28.0,,,"W 09656,aq","Qa XVI,2","unter der Abgleichung der Schicht III, 1,5 m über der Höhe des Kalksteinsockels// t.a.q. IIIc",,,,,"Vorderasiatisches Museum, Berlin, Germany",,,Administrative,undetermined,clay,"Englund1994ATU5; Falkenstein1936ATU1","primary; history","pl. 91, W 9656,aq; 186","27x28x14 - same locus as W 9578,a - ATU 1, 186 - 23.1.1931.; ",,," ",0,0,,,0,0,0,0,,
1459,,"ATU 5, pl. 091, W 9656,ar",tablet,"Uruk IV (ca. 3350-3200 BC)","Uruk (mod. Warka)",,,,,,,"VAT 15031",,,,,,,0,0,0,0,88.0,31.0,63.0,,,"W 09656,ar","Qa XVI,2","unter der Abgleichung der Schicht III, 1,5 m über der Höhe des Kalksteinsockels// t.a.q. IIIc",,,,,"Vorderasiatisches Museum, Berlin, Germany",,,Administrative,undetermined,clay,"Englund1994ATU5; Falkenstein1936ATU1","primary; history","pl. 91, W 9656,ar; 288","88x63x31 - same locus as W 9578,a - ATU 1, 288 - 23.1.1931 - possibly an exercise tablet - note the correspondence of the ideograms representing professions in this text with the first entries of the lexical list Lú A (ATU 3, pp. 14-19).; ",,," ",0,0,,,0,0,0,0,,
1460,,"ATU 5, pl. 091, W 9656,as",tablet,"Uruk IV (ca. 3350-3200 BC)","Uruk (mod. Warka)",,,,,,,"VAT 15181",,,,,,,0,0,0,0,56.0,27.0,71.0,,,"W 09656,as","Qa XVI,2","unter der Abgleichung der Schicht III, 1,5 m über der Höhe des Kalksteinsockels// t.a.q. IIIc",,,,,"Vorderasiatisches Museum, Berlin, Germany",,,Administrative,undetermined,clay,"Englund1994ATU5; Falkenstein1936ATU1","primary; history","pl. 91, W 9656,as; 537","56x71x27 - same locus as W 9578,a - ATU 1, 537 - 23.1.1931 - complex rotation, see R. Englund and J.-P. Grégoire, MSVO 1, pp. 11-12 and ATU 1, p. 12 - an account of fats derived from sheep and goats, see also the remarks to W 9206,c and 9393,e.; ",i3.MesopOil,10949," ",0,0,,,0,0,0,0,,
1461,,"ATU 5, pl. 091, W 9656,at",tablet,"Uruk IV (ca. 3350-3200 BC)","Uruk (mod. Warka)",,,,,,,"VAT 14734",,,,,,,0,0,0,0,43.0,15.0,33.0,,,"W 09656,at","Qa XVI,2","unter der Abgleichung der Schicht III, 1,5 m über der Höhe des Kalksteinsockels// t.a.q. IIIc",,,,,"Vorderasiatisches Museum, Berlin, Germany",,,Administrative,undetermined,clay,"Englund1994ATU5; Falkenstein1936ATU1","primary; history","pl. 91, W 9656,at; 196","43x33x15 - same locus as W 9578,a - ATU 1, 196 - 23.1.1931 - fingerprints on tablet surface.; ",,," ",0,0,,,0,0,0,0,,
1462,,"ATU 5, pl. 091, W 9656,au",tablet,"Uruk IV (ca. 3350-3200 BC)","Uruk (mod. Warka)",,,,,,,"VAT 15024",,,,,,,0,0,0,0,59.0,23.0,21.0,,,"W 09656,au","Qa XVI,2","unter der Abgleichung der Schicht III, 1,5 m über der Höhe des Kalksteinsockels// t.a.q. IIIc",,,,,"Vorderasiatisches Museum, Berlin, Germany",,,Administrative,undetermined,clay,"Englund1994ATU5; Falkenstein1936ATU1","primary; history","pl. 91, W 9656,au; 444","59x21x23 - same locus as W 9578,a - ATU 1, 444 - 23.1.1931.; ",,," ",0,0,,,0,0,0,0,,
1463,,"ATU 5, pl. 092, W 9656,av",tablet,"Uruk IV (ca. 3350-3200 BC)","Uruk (mod. Warka)",,,,,,,"VAT 15070",,,,,,,0,0,0,0,40.0,18.0,40.0,,,"W 09656,av","Qa XVI,2","unter der Abgleichung der Schicht III, 1,5 m über der Höhe des Kalksteinsockels// t.a.q. IIIc",,,,,"Vorderasiatisches Museum, Berlin, Germany",,,Administrative,undetermined,clay,"Englund1994ATU5; Falkenstein1936ATU1","primary; history","pl. 92, W 9656,av; 240","40x40x18 - same locus as W 9578,a - ATU 1, 240 - 23.1.1931.; ",,," ",0,0,,,0,0,0,0,,
1464,,"ATU 5, pl. 092, W 9656,aw",tablet,"Uruk IV (ca. 3350-3200 BC)","Uruk (mod. Warka)",,,,,,,"VAT 14960",,,,,,,0,0,0,0,45.0,23.0,44.0,,,"W 09656,aw","Qa XVI,2","unter der Abgleichung der Schicht III, 1,5 m über der Höhe des Kalksteinsockels// t.a.q. IIIc",,,,,"Vorderasiatisches Museum, Berlin, Germany",,,Administrative,undetermined,clay,"Englund1994ATU5; Falkenstein1936ATU1","primary; history","pl. 92, W 9656,aw; 379","45x44x23 - same locus as W 9578,a - ATU 1, 379 - 23.1.1931.; ",,," ",0,0,,,0,0,0,0,,
1465,,"ATU 5, pl. 092, W 9656,ax",tablet,"Uruk IV (ca. 3350-3200 BC)","Uruk (mod. Warka)",,,,,,,"VAT 15282",,,,,,,0,0,0,0,33.0,18.0,23.0,,,"W 09656,ax","Qa XVI,2","unter der Abgleichung der Schicht III, 1,5 m über der Höhe des Kalksteinsockels// t.a.q. IIIc",,,,,"Vorderasiatisches Museum, Berlin, Germany",,,Administrative,undetermined,clay,Englund1994ATU5,primary,"pl. 92, W 9656,ax","33x23x18 - same locus as W 9578,a - 23.1.1931 - VAT number written above stricken VAT 17792.",,," ",0,0,,,0,0,0,0,,
1466,,"ATU 5, pl. 092, W 9656,ay",tablet,"Uruk IV (ca. 3350-3200 BC)","Uruk (mod. Warka)",,,,,,,"VAT 14912",,,,,,,0,0,0,0,42.0,20.0,27.0,,,"W 09656,ay","Qa XVI,2","unter der Abgleichung der Schicht III, 1,5 m über der Höhe des Kalksteinsockels// t.a.q. IIIc",,,,,"Vorderasiatisches Museum, Berlin, Germany",,,Administrative,undetermined,clay,"Englund1994ATU5; Falkenstein1936ATU1","primary; history","pl. 92, W 9656,ay; 459","42x27x20 - same locus as W 9578,a - ATU 1, 459 - 23.1.1931.; ",,," ",0,0,,,0,0,0,0,,
1467,,"ATU 5, pl. 092, W 9656,az",tablet,"Uruk IV (ca. 3350-3200 BC)","Uruk (mod. Warka)",,,,,,,"VAT 14975",,,,,,,0,0,0,0,33.0,17.0,38.0,,,"W 09656,az","Qa XVI,2","unter der Abgleichung der Schicht III, 1,5 m über der Höhe des Kalksteinsockels// t.a.q. IIIc",,,,,"Vorderasiatisches Museum, Berlin, Germany",,,Administrative,undetermined,clay,"Englund1994ATU5; Falkenstein1936ATU1","primary; history","pl. 92, W 9656,az; 414","33x38x17 - same locus as W 9578,a - ATU 1, 414 - 23.1.1931 -.; ",,," ",0,0,,,0,0,0,0,,
1468,,"ATU 5, pl. 092, W 9656,ba",tablet,"Uruk IV (ca. 3350-3200 BC)","Uruk (mod. Warka)",,,,,,,"VAT 15187",,,,,,,0,0,0,0,42.0,30.0,42.0,,,"W 09656,ba","Qa XVI,2","unter der Abgleichung der Schicht III, 1,5 m über der Höhe des Kalksteinsockels// t.a.q. IIIc",,,,,"Vorderasiatisches Museum, Berlin, Germany",,,Administrative,undetermined,clay,"Englund1994ATU5; Falkenstein1936ATU1","primary; history","pl. 92, W 9656,ba; 551","42x42x30 - same locus as W 9578,a - ATU 1, 551 - 23.1.1931 - see the remarks to W 9579,ai.; ",,," ",0,0,,,0,0,0,0,,
1469,,"ATU 5, pl. 092, W 9656,bb",tablet,"Uruk IV (ca. 3350-3200 BC)","Uruk (mod. Warka)",,,,,,,"VAT 15116",,,,,,,0,0,0,0,38.0,29.0,50.0,,,"W 09656,bb","Qa XVI,2","unter der Abgleichung der Schicht III, 1,5 m über der Höhe des Kalksteinsockels// t.a.q. IIIc",,,,,"Vorderasiatisches Museum, Berlin, Germany",,,Administrative,undetermined,clay,"Englund1994ATU5; Falkenstein1936ATU1","primary; history","pl. 92, W 9656,bb; 475","38x50x29 - same locus as W 9578,a - ATU 1, 475 - 23.1.1931.; ",,," ",0,0,,,0,0,0,0,,
1471,,"ATU 5, pl. 092, W 9656,bd",tablet,"Uruk IV (ca. 3350-3200 BC)","Uruk (mod. Warka)",,,,,,,"VAT 14984",,,,,,,0,0,0,0,38.0,21.0,36.0,,,"W 09656,bd","Qa XVI,2","unter der Abgleichung der Schicht III, 1,5 m über der Höhe des Kalksteinsockels// t.a.q. IIIc",,,,,"Vorderasiatisches Museum, Berlin, Germany",,,Administrative,undetermined,clay,"Englund1994ATU5; Falkenstein1936ATU1","primary; history","pl. 92, W 9656,bd; 402","38x36x21 - same locus as W 9578,a - ATU 1, 402 - 23.1.1931.; ",,," ",0,0,,,0,0,0,0,,
1472,,"ATU 5, pl. 092, W 9656,be",tablet,"Uruk IV (ca. 3350-3200 BC)","Uruk (mod. Warka)",,,,,,,"VAT 14973",,,,,,,0,0,0,0,32.0,23.0,29.0,,,"W 09656,be","Qa XVI,2","unter der Abgleichung der Schicht III, 1,5 m über der Höhe des Kalksteinsockels// t.a.q. IIIc",,,,,"Vorderasiatisches Museum, Berlin, Germany",,,Administrative,undetermined,clay,"Englund1994ATU5; Falkenstein1936ATU1","primary; history","pl. 92, W 9656,be; 409","32x29x23 - same locus as W 9578,a - ATU 1, 409 - 23.1.1931.; ",,," ",0,0,,,0,0,0,0,,
1473,,"ATU 5, pl. 093, W 9656,bf",tablet,"Uruk IV (ca. 3350-3200 BC)","Uruk (mod. Warka)",,,,,,,"VAT 15317",,,,,,,0,0,0,0,50.0,16.0,54.0,,,"W 09656,bf","Qa XVI,2","unter der Abgleichung der Schicht III, 1,5 m über der Höhe des Kalksteinsockels// t.a.q. IIIc",,,,,"Vorderasiatisches Museum, Berlin, Germany",,,Administrative,undetermined,clay,Englund1994ATU5,primary,"pl. 93, W 9656,bf","50x54x16 - same locus as W 9578,a - 23.1.1931 - VAT number written above stricken VAT 17807 - ""waster"" - reverse seems to contain the incised representation of an insect.",,," ",0,0,,,0,0,0,0,,
1474,,"ATU 5, pl. 093, W 9656,bg",tablet,"Uruk IV (ca. 3350-3200 BC)","Uruk (mod. Warka)",,,,,,,"VAT 15313",,,,,,,0,0,0,0,44.0,17.0,33.0,,,"W 09656,bg","Qa XVI,2","unter der Abgleichung der Schicht III, 1,5 m über der Höhe des Kalksteinsockels// t.a.q. IIIc",,,,,"Vorderasiatisches Museum, Berlin, Germany",,,Administrative,undetermined,clay,"Englund1994ATU5; Falkenstein1936ATU1","primary; history","pl. 93, W 9656,bg; 510","44x33x17 - same locus as W 9578,a - ATU 1, 510 - 23.1.1931.; ",,," ",0,0,,,0,0,0,0,,
1475,,"ATU 5, pl. 093, W 9656,bh",tablet,"Uruk IV (ca. 3350-3200 BC)","Uruk (mod. Warka)",,,,,,,"VAT 15110",,,,,,,0,0,0,0,40.0,17.0,34.0,,,"W 09656,bh","Qa XVI,2","unter der Abgleichung der Schicht III, 1,5 m über der Höhe des Kalksteinsockels// t.a.q. IIIc",,,,,"Vorderasiatisches Museum, Berlin, Germany",,,Administrative,undetermined,clay,"Englund1994ATU5; Falkenstein1936ATU1","primary; history","pl. 93, W 9656,bh; 238","40x34x17 - same locus as W 9578,a - ATU 1, 238 - 23.1.1931.; ",,," ",0,0,,,0,0,0,0,,
1476,,"ATU 5, pl. 093, W 9656,bi",tablet,"Uruk IV (ca. 3350-3200 BC)","Uruk (mod. Warka)",,,,,,,"VAT 14927",,,,,,,0,0,0,0,50.0,18.0,32.0,,,"W 09656,bi","Qa XVI,2","unter der Abgleichung der Schicht III, 1,5 m über der Höhe des Kalksteinsockels// t.a.q. IIIc",,,,,"Vorderasiatisches Museum, Berlin, Germany",,,Administrative,undetermined,clay,"Englund1994ATU5; Falkenstein1936ATU1","primary; history","pl. 93, W 9656,bi; 469","50x32x18 - same locus as W 9578,a - ATU 1, 469 - 23.1.1931.; ",,," ",0,0,,,0,0,0,0,,
1477,,"ATU 5, pl. 093, W 9656,bk",tablet,"Uruk IV (ca. 3350-3200 BC)","Uruk (mod. Warka)",,,,,,,"VAT 14917",,,,,,,0,0,0,0,31.0,19.0,43.0,,,"W 09656,bk","Qa XVI,2","unter der Abgleichung der Schicht III, 1,5 m über der Höhe des Kalksteinsockels// t.a.q. IIIc",,,,,"Vorderasiatisches Museum, Berlin, Germany",,,Administrative,undetermined,clay,"Englund1994ATU5; Falkenstein1936ATU1","primary; history","pl. 93, W 9656,bk; 476","31x43x19 - same locus as W 9578,a - ATU 1, 476 - 23.1.1931.; ",,," ",0,0,,,0,0,0,0,,
1478,,"ATU 5, pl. 093, W 9656,bl+",tablet,"Uruk IV (ca. 3350-3200 BC)","Uruk (mod. Warka)",,,,,,,"VAT 15219",,,,,,,0,0,0,0,51.0,21.0,39.0,,,"W 09656,bl + W 09656,dx","Qa XVI,2","unter der Abgleichung der Schicht III, 1,5 m über der Höhe des Kalksteinsockels// t.a.q. IIIc",,,,,"Vorderasiatisches Museum, Berlin, Germany",,,Administrative,undetermined,clay,"Englund1994ATU5; Falkenstein1936ATU1","primary; history","pl. 93, W 9656,bl+; 293","51x39x21 - same locus as W 9578,a - ATU 1, 293 - 23.1.1931 - numerical notations in the EN system, see for the summations P. Damerow and R. Englund, ATU 2, 143, 15675-76.; ",,," ",0,0,,,0,0,0,0,,
1479,,"ATU 5, pl. 093, W 9656,bm",tablet,"Uruk IV (ca. 3350-3200 BC)","Uruk (mod. Warka)",,,,,,,"VAT 15021",,,,,,,0,0,0,0,66.0,27.0,26.0,,,"W 09656,bm","Qa XVI,2","unter der Abgleichung der Schicht III, 1,5 m über der Höhe des Kalksteinsockels// t.a.q. IIIc",,,,,"Vorderasiatisches Museum, Berlin, Germany",,,Administrative,undetermined,clay,"Englund1994ATU5; Falkenstein1936ATU1","primary; history","pl. 93, W 9656,bm; 385","66x26x27 - same locus as W 9578,a - ATU 1, 385 - 23.1.1931.; ",,," ",0,0,,,0,0,0,0,,
1480,,"ATU 5, pl. 094, W 9656,bn",tablet,"Uruk IV (ca. 3350-3200 BC)","Uruk (mod. Warka)",,,,,,,"VAT 14727",,,,,,,0,0,0,0,23.0,13.0,26.0,,,"W 09656,bn","Qa XVI,2","unter der Abgleichung der Schicht III, 1,5 m über der Höhe des Kalksteinsockels// t.a.q. IIIc",,,,,"Vorderasiatisches Museum, Berlin, Germany",,,Administrative,undetermined,clay,"Englund1994ATU5; Falkenstein1936ATU1","primary; history","pl. 94, W 9656,bn; 189","23x26x13 - same locus as W 9578,a - ATU 1, 189 - 23.1.1931.; ",,," ",0,0,,,0,0,0,0,,
1481,,"ATU 5, pl. 094, W 9656,bo",tablet,"Uruk IV (ca. 3350-3200 BC)","Uruk (mod. Warka)",,,,,,,"VAT 14728",,,,,,,0,0,0,0,37.0,13.0,37.0,,,"W 09656,bo","Qa XVI,2","unter der Abgleichung der Schicht III, 1,5 m über der Höhe des Kalksteinsockels// t.a.q. IIIc",,,,,"Vorderasiatisches Museum, Berlin, Germany",,,Administrative,undetermined,clay,"Englund1994ATU5; Falkenstein1936ATU1","primary; history","pl. 94, W 9656,bo; 187","37x37x13 - same locus as W 9578,a - ATU 1, 187 - 23.1.1931.; ",,," ",0,0,,,0,0,0,0,,
1482,,"ATU 5, pl. 094, W 9656,bp",tablet,"Uruk IV (ca. 3350-3200 BC)","Uruk (mod. Warka)",,,,,,,"VAT 14864",,,,,,,0,0,0,0,80.0,34.0,62.0,,,"W 09656,bp","Qa XVI,2","unter der Abgleichung der Schicht III, 1,5 m über der Höhe des Kalksteinsockels// t.a.q. IIIc",,,,,"Vorderasiatisches Museum, Berlin, Germany",,,Administrative,undetermined,clay,"Englund1994ATU5; Falkenstein1936ATU1; sec1447","primary; history; citation","pl. 94, W 9656,bp; 281; ","80x62x34 - same locus as W 9578,a - ATU 1, 281 - 23.1.1931 - large quantities of dried fruits registered.; ; ",,," ",0,0,,,0,0,0,0,,
1483,,"ATU 5, pl. 094, W 9656,bq",tablet,"Uruk IV (ca. 3350-3200 BC)","Uruk (mod. Warka)",,,,,,,"VAT 15054",,,,,,,0,0,0,0,38.0,17.0,34.0,,,"W 09656,bq","Qa XVI,2","unter der Abgleichung der Schicht III, 1,5 m über der Höhe des Kalksteinsockels// t.a.q. IIIc",,,,,"Vorderasiatisches Museum, Berlin, Germany",,,Administrative,undetermined,clay,"Englund1994ATU5; Falkenstein1936ATU1","primary; history","pl. 94, W 9656,bq; 410","38x34x17 - same locus as W 9578,a - ATU 1, 410 - 23.1.1931.; ",,," ",0,0,,,0,0,0,0,,
1484,,"ATU 5, pl. 094, W 9656,br",tablet,"Uruk IV (ca. 3350-3200 BC)","Uruk (mod. Warka)",,,,,,,"VAT 15252",,,,,,,0,0,0,0,39.0,22.0,41.0,,,"W 09656,br","Qa XVI,2","unter der Abgleichung der Schicht III, 1,5 m über der Höhe des Kalksteinsockels// t.a.q. IIIc",,,,,"Vorderasiatisches Museum, Berlin, Germany",,,Administrative,undetermined,clay,"Englund1994ATU5; Falkenstein1936ATU1","primary; history","pl. 94, W 9656,br; 540","39x41x22 - same locus as W 9578,a - ATU 1, 540 - 23.1.1931.; ",,," ",0,0,,,0,0,0,0,,
1485,,"ATU 5, pl. 094, W 9656,bs",tablet,"Uruk IV (ca. 3350-3200 BC)","Uruk (mod. Warka)",,,,,,,"VAT 14983",,,,,,,0,0,0,0,46.0,25.0,45.0,,,"W 09656,bs","Qa XVI,2","unter der Abgleichung der Schicht III, 1,5 m über der Höhe des Kalksteinsockels// t.a.q. IIIc",,,,,"Vorderasiatisches Museum, Berlin, Germany",,,Administrative,undetermined,clay,"Englund1994ATU5; Falkenstein1936ATU1","primary; history","pl. 94, W 9656,bs; 392","46x45x25 - same locus as W 9578,a - ATU 1, 392 - 23.1.1931 - VAT number written under stricken VAT 15083.; ",,," ",0,0,,,0,0,0,0,,
1486,,"ATU 5, pl. 095, W 9656,bt",tablet,"Uruk IV (ca. 3350-3200 BC)","Uruk (mod. Warka)",,,,,,,"VAT 15023",,,,,,,0,0,0,0,50.0,28.0,32.0,,,"W 09656,bt","Qa XVI,2","unter der Abgleichung der Schicht III, 1,5 m über der Höhe des Kalksteinsockels// t.a.q. IIIc",,,,,"Vorderasiatisches Museum, Berlin, Germany",,,Administrative,undetermined,clay,"Englund1994ATU5; Falkenstein1936ATU1","primary; history","pl. 95, W 9656,bt; 422","50x32x28 - same locus as W 9578,a - ATU 1, 422 - 23.1.1931 - note the use of the sign N45 to represent a quantity above N54 (= ""1200"") in the bisexagesimal system (see P. Damerow and R. Englund, ATU 2, 133).; ",,," ",0,0,,,0,0,0,0,,
1487,,"ATU 5, pl. 095, W 9656,bu",tablet,"Uruk IV (ca. 3350-3200 BC)","Uruk (mod. Warka)",,,,,,,"VAT 15156",,,,,,,0,0,0,0,52.0,15.0,36.0,,,"W 09656,bu","Qa XVI,2","unter der Abgleichung der Schicht III, 1,5 m über der Höhe des Kalksteinsockels// t.a.q. IIIc",,,,,"Vorderasiatisches Museum, Berlin, Germany",,,Administrative,undetermined,clay,Englund1994ATU5,primary,"pl. 95, W 9656,bu","52x36x15 - same locus as W 9578,a - 23.1.1931 - VAT number written above stricken VAT 17772.",,," ",0,0,,,0,0,0,0,,
1488,,"ATU 5, pl. 095, W 9656,bv",tablet,"Uruk IV (ca. 3350-3200 BC)","Uruk (mod. Warka)",,,,,,,"VAT 15055",,,,,,,0,0,0,0,49.0,22.0,29.0,,,"W 09656,bv","Qa XVI,2","unter der Abgleichung der Schicht III, 1,5 m über der Höhe des Kalksteinsockels// t.a.q. IIIc",,,,,"Vorderasiatisches Museum, Berlin, Germany",,,Administrative,undetermined,clay,"Englund1994ATU5; Falkenstein1936ATU1","primary; history","pl. 95, W 9656,bv; 399","49x29x22 - same locus as W 9578,a - ATU 1, 399 - 23.1.1931.; ",,," ",0,0,,,0,0,0,0,,
1489,,"ATU 5, pl. 095, W 9656,bw",tablet,"Uruk IV (ca. 3350-3200 BC)","Uruk (mod. Warka)",,,,,,,"VAT 15063",,,,,,,0,0,0,0,27.0,20.0,20.0,,,"W 09656,bw","Qa XVI,2","unter der Abgleichung der Schicht III, 1,5 m über der Höhe des Kalksteinsockels// t.a.q. IIIc",,,,,"Vorderasiatisches Museum, Berlin, Germany",,,Administrative,undetermined,clay,"Englund1994ATU5; Falkenstein1936ATU1","primary; history","pl. 95, W 9656,bw; 488","27x20x20 - same locus as W 9578,a - ATU 1, 488 - 23.1.1931.; ",,," ",0,0,,,0,0,0,0,,
1490,,"ATU 5, pl. 095, W 9656,bx",tablet,"Uruk IV (ca. 3350-3200 BC)","Uruk (mod. Warka)",,,,,,,"VAT 14921",,,,,,,0,0,0,0,19.0,19.0,41.0,,,"W 09656,bx","Qa XVI,2","unter der Abgleichung der Schicht III, 1,5 m über der Höhe des Kalksteinsockels// t.a.q. IIIc",,,,,"Vorderasiatisches Museum, Berlin, Germany",,,Administrative,undetermined,clay,"Englund1994ATU5; Falkenstein1936ATU1","primary; history","pl. 95, W 9656,bx; 460","19x41x19 - same locus as W 9578,a - ATU 1, 460 - 23.1.1931.; ",,," ",0,0,,,0,0,0,0,,
1491,,"ATU 5, pl. 095, W 9656,by",tablet,"Uruk IV (ca. 3350-3200 BC)","Uruk (mod. Warka)",,,,,,,"VAT 14855",,,,,,,0,0,0,0,70.0,26.0,34.0,,,"W 09656,by","Qa XVI,2","unter der Abgleichung der Schicht III, 1,5 m über der Höhe des Kalksteinsockels// t.a.q. IIIc",,,,,"Vorderasiatisches Museum, Berlin, Germany",,,Administrative,undetermined,clay,"Englund1994ATU5; Falkenstein1936ATU1","primary; history","pl. 95, W 9656,by; 386","70x34x26 - same locus as W 9578,a - ATU 1, 386 - 23.1.1931.; ",,," ",0,0,,,0,0,0,0,,
1492,,"ATU 5, pl. 095, W 9656,bz+",tablet,"Uruk IV (ca. 3350-3200 BC)","Uruk (mod. Warka)",,,,,,,"VAT 15071 + VAT 15107",,,,,,,0,0,0,0,59.0,20.0,44.0,,,"W 09656,bz + W 09656,fl","Qa XVI,2","unter der Abgleichung der Schicht III, 1,5 m über der Höhe des Kalksteinsockels// t.a.q. IIIc",,,,,"Vorderasiatisches Museum, Berlin, Germany",,,Administrative,undetermined,clay,"Englund1994ATU5; Falkenstein1936ATU1","primary; history","pl. 95, W 9656,bz+; 308","59x44x20 - same locus as W 9578,a - ATU 1, 308 - 23.1.1931.; ",,," ",0,0,,,0,0,0,0,,
1493,,"ATU 5, pl. 096, W 9656,ca",tablet,"Uruk IV (ca. 3350-3200 BC)","Uruk (mod. Warka)",,,,,,,"VAT 17847",,,,,,,0,0,0,0,22.0,20.0,49.0,,,"W 09656,ca","Qa XVI,2","unter der Abgleichung der Schicht III, 1,5 m über der Höhe des Kalksteinsockels// t.a.q. IIIc",,,,,"Vorderasiatisches Museum, Berlin, Germany",,,Administrative,undetermined,clay,Englund1994ATU5,primary,"pl. 96, W 9656,ca","22x49x20 - same locus as W 9578,a - 23.1.1931.",,," ",0,0,,,0,0,0,0,,
1494,,"ATU 5, pl. 096, W 9656,cb",tablet,"Uruk IV (ca. 3350-3200 BC)","Uruk (mod. Warka)",,,,,,,"VAT 15342",,,,,,,0,0,0,0,30.0,25.0,32.0,,,"W 09656,cb","Qa XVI,2","unter der Abgleichung der Schicht III, 1,5 m über der Höhe des Kalksteinsockels// t.a.q. IIIc",,,,,"Vorderasiatisches Museum, Berlin, Germany",,,Administrative,undetermined,clay,"Englund1994ATU5; Falkenstein1936ATU1","primary; history","pl. 96, W 9656,cb; 494","30x32x25 - same locus as W 9578,a - ATU 1, 494 - 23.1.1931.; ",,," ",0,0,,,0,0,0,0,,
1495,,"ATU 5, pl. 096, W 9656,cc",tablet,"Uruk IV (ca. 3350-3200 BC)","Uruk (mod. Warka)",,,,,,,"VAT 15188",,,,,,,0,0,0,0,34.0,22.0,42.0,,,"W 09656,cc","Qa XVI,2","unter der Abgleichung der Schicht III, 1,5 m über der Höhe des Kalksteinsockels// t.a.q. IIIc",,,,,"Vorderasiatisches Museum, Berlin, Germany",,,Administrative,undetermined,clay,"Englund1994ATU5; Falkenstein1936ATU1","primary; history","pl. 96, W 9656,cc; 557","34x42x22 - same locus as W 9578,a - ATU 1, 557 - 23.1.1931.; ",,," ",0,0,,,0,0,0,0,,
1496,,"ATU 5, pl. 096, W 9656,cd",tablet,"Uruk IV (ca. 3350-3200 BC)","Uruk (mod. Warka)",,,,,,,"VAT 14703",,,,,,,0,0,0,0,30.0,20.0,28.0,,,"W 09656,cd","Qa XVI,2","unter der Abgleichung der Schicht III, 1,5 m über der Höhe des Kalksteinsockels// t.a.q. IIIc",,,,,"Vorderasiatisches Museum, Berlin, Germany",,,Administrative,undetermined,clay,"Englund1994ATU5; Falkenstein1936ATU1","primary; history","pl. 96, W 9656,cd; 113","30x28x20 - same locus as W 9578,a - ATU 1, 113 - 23.1.1931.; ",,," ",0,0,,,0,0,0,0,,
1498,,"ATU 5, pl. 096, W 9656,cf",tablet,"Uruk IV (ca. 3350-3200 BC)","Uruk (mod. Warka)",,,,,,,"VAT 14859",,,,,,,0,0,0,0,61.0,19.0,44.0,,,"W 09656,cf","Qa XVI,2","unter der Abgleichung der Schicht III, 1,5 m über der Höhe des Kalksteinsockels// t.a.q. IIIc",,,,,"Vorderasiatisches Museum, Berlin, Germany",,,Administrative,undetermined,clay,"Englund1994ATU5; Falkenstein1936ATU1","primary; history","pl. 96, W 9656,cf; 192","61x44x19 - same locus as W 9578,a - ATU 1, 192 - 23.1.1931 - the presumed 3N45 at the bottom of the obverse may represent a sort of decoration: the circles are only lightly impressed and seem to derive from a round object larger in diameter than the stylus us; ",,," ",0,0,,,0,0,0,0,,
1499,,"ATU 5, pl. 096, W 9656,cg",tablet,"Uruk IV (ca. 3350-3200 BC)","Uruk (mod. Warka)",,,,,,,"VAT 14977",,,,,,,0,0,0,0,26.0,21.0,24.0,,,"W 09656,cg","Qa XVI,2","unter der Abgleichung der Schicht III, 1,5 m über der Höhe des Kalksteinsockels// t.a.q. IIIc",,,,,"Vorderasiatisches Museum, Berlin, Germany",,,Administrative,undetermined,clay,"Englund1994ATU5; Falkenstein1936ATU1","primary; history","pl. 96, W 9656,cg; 397","26x24x21 - same locus as W 9578,a - ATU 1, 397 - 23.1.1931.; ",,," ",0,0,,,0,0,0,0,,
1500,,"ATU 5, pl. 096, W 9656,ch",tablet,"Uruk IV (ca. 3350-3200 BC)","Uruk (mod. Warka)",,,,,,,"VAT 14976",,,,,,,0,0,0,0,19.0,19.0,40.0,,,"W 09656,ch","Qa XVI,2","unter der Abgleichung der Schicht III, 1,5 m über der Höhe des Kalksteinsockels// t.a.q. IIIc",,,,,"Vorderasiatisches Museum, Berlin, Germany",,,Administrative,undetermined,clay,"Englund1994ATU5; Falkenstein1936ATU1","primary; history","pl. 96, W 9656,ch; 427","19x40x19 - same locus as W 9578,a - ATU 1, 427 - 23.1.1931.; ",,," ",0,0,,,0,0,0,0,,
1501,,"ATU 5, pl. 096, W 9656,ci",tablet,"Uruk IV (ca. 3350-3200 BC)","Uruk (mod. Warka)",,,,,,,"VAT 15043",,,,,,,0,0,0,0,15.0,20.0,36.0,,,"W 09656,ci","Qa XVI,2","unter der Abgleichung der Schicht III, 1,5 m über der Höhe des Kalksteinsockels// t.a.q. IIIc",,,,,"Vorderasiatisches Museum, Berlin, Germany",,,Administrative,undetermined,clay,"Englund1994ATU5; Falkenstein1936ATU1","primary; history","pl. 96, W 9656,ci; 446","15x36x20 - same locus as W 9578,a - ATU 1, 446 - 23.1.1931.; ",,," ",0,0,,,0,0,0,0,,
1502,,"ATU 5, pl. 096, W 9656,ck",tablet,"Uruk IV (ca. 3350-3200 BC)","Uruk (mod. Warka)",,,,,,,"VAT 15186",,,,,,,0,0,0,0,34.0,22.0,34.0,,,"W 09656,ck","Qa XVI,2","unter der Abgleichung der Schicht III, 1,5 m über der Höhe des Kalksteinsockels// t.a.q. IIIc",,,,,"Vorderasiatisches Museum, Berlin, Germany",,,Administrative,undetermined,clay,"Englund1994ATU5; Falkenstein1936ATU1","primary; history","pl. 96, W 9656,ck; 543","34x34x22 - same locus as W 9578,a - ATU 1, 543 - 23.1.1931.; ",,," ",0,0,,,0,0,0,0,,
1503,,"ATU 5, pl. 097, W 9656,cl",tablet,"Uruk IV (ca. 3350-3200 BC)","Uruk (mod. Warka)",,,,,,,"VAT 14990",,,,,,,0,0,0,0,23.0,19.0,35.0,,,"W 09656,cl","Qa XVI,2","unter der Abgleichung der Schicht III, 1,5 m über der Höhe des Kalksteinsockels// t.a.q. IIIc",,,,,"Vorderasiatisches Museum, Berlin, Germany",,,Administrative,undetermined,clay,"Englund1994ATU5; Falkenstein1936ATU1; sec1466","primary; history; history","pl. 97, W 9656,cl; 114; ","23x35x19 - same locus as W 9578,a - ATU 1, 114 - M. Lambert, Archéologia 12 (9-10.1966) 29 - 23.1.1931.; ; ",,," ",0,0,,,0,0,0,0,,
1504,,"ATU 5, pl. 097, W 9656,cm",tablet,"Uruk IV (ca. 3350-3200 BC)","Uruk (mod. Warka)",,,,,,,"VAT 15096",,,,,,,0,0,0,0,32.0,19.0,30.0,,,"W 09656,cm","Qa XVI,2","unter der Abgleichung der Schicht III, 1,5 m über der Höhe des Kalksteinsockels// t.a.q. IIIc",,,,,"Vorderasiatisches Museum, Berlin, Germany",,,Administrative,undetermined,clay,Englund1994ATU5,primary,"pl. 97, W 9656,cm","32x30x19 - same locus as W 9578,a - 23.1.1931 - VAT number written above stricken VAT 17803.",,," ",0,0,,,0,0,0,0,,
1505,,"ATU 5, pl. 097, W 9656,cn",tablet,"Uruk IV (ca. 3350-3200 BC)","Uruk (mod. Warka)",,,,,,,"VAT 15051",,,,,,,0,0,0,0,29.0,20.0,44.0,,,"W 09656,cn","Qa XVI,2","unter der Abgleichung der Schicht III, 1,5 m über der Höhe des Kalksteinsockels// t.a.q. IIIc",,,,,"Vorderasiatisches Museum, Berlin, Germany",,,Administrative,undetermined,clay,Englund1994ATU5,primary,"pl. 97, W 9656,cn","29x44x20 - same locus as W 9578,a - 23.1.1931.",,," ",0,0,,,0,0,0,0,,
1507,,"ATU 5, pl. 097, W 9656,cp1",tablet,"Uruk IV (ca. 3350-3200 BC)","Uruk (mod. Warka)",,,,,,,"VAT 15176",,,,,,,0,0,0,0,23.0,23.0,31.0,,,"W 09656,cp1","Qa XVI,2","unter der Abgleichung der Schicht III, 1,5 m über der Höhe des Kalksteinsockels// t.a.q. IIIc",,,,,"Vorderasiatisches Museum, Berlin, Germany",,,Administrative,undetermined,clay,"Englund1994ATU5; Falkenstein1936ATU1","primary; history","pl. 97, W 9656,cp1; 439","23x31x23 - same locus as W 9578,a - ATU 1, 439 - 23.1.1931 - both this and the following tablet bore the excavation number ""W 9656,cp"".; ",,," ",0,0,,,0,0,0,0,,
1508,,"ATU 5, pl. 097, W 9656,cp2",tablet,"Uruk IV (ca. 3350-3200 BC)","Uruk (mod. Warka)",,,,,,,"VAT 21367",,,,,,,0,0,0,0,31.0,19.0,24.0,,,"W 09656,cp2","Qa XVI,2","unter der Abgleichung der Schicht III, 1,5 m über der Höhe des Kalksteinsockels",,,,,"Vorderasiatisches Museum, Berlin, Germany",,,Administrative,undetermined,clay,Englund1994ATU5,primary,"pl. 97, W 9656,cp2","31x24x19 - same locus as W 9578,a - 23.1.1931 - see the remarks above.",,," ",0,0,,,0,0,0,0,,
1509,,"ATU 5, pl. 097, W 9656,cq",tablet,"Uruk IV (ca. 3350-3200 BC)","Uruk (mod. Warka)",,,,,,,"VAT 15117",,,,,,,0,0,0,0,44.0,15.0,27.0,,,"W 09656,cq","Qa XVI,2","unter der Abgleichung der Schicht III, 1,5 m über der Höhe des Kalksteinsockels// t.a.q. IIIc",,,,,"Vorderasiatisches Museum, Berlin, Germany",,,Administrative,undetermined,clay,Englund1994ATU5,primary,"pl. 97, W 9656,cq","44x27x15 - same locus as W 9578,a - 23.1.1931 - VAT number written above stricken VAT 17791 - the sign N26 is ideographic - see the remarks to W 9655,cq.",,," ",0,0,,,0,0,0,0,,
1510,,"ATU 5, pl. 097, W 9656,cr",tablet,"Uruk IV (ca. 3350-3200 BC)","Uruk (mod. Warka)",,,,,,,"VAT 14755",,,,,,,0,0,0,0,53.0,15.0,33.0,,,"W 09656,cr","Qa XVI,2","unter der Abgleichung der Schicht III, 1,5 m über der Höhe des Kalksteinsockels// t.a.q. IIIc",,,,,"Vorderasiatisches Museum, Berlin, Germany",,,Administrative,undetermined,clay,"Englund1994ATU5; Falkenstein1936ATU1","primary; history","pl. 97, W 9656,cr; 163","53x33x15 - same locus as W 9578,a - ATU 1, 163 - 23.1.1931.; ",,," ",0,0,,,0,0,0,0,,
1511,,"ATU 5, pl. 097, W 9656,cs",tablet,"Uruk IV (ca. 3350-3200 BC)","Uruk (mod. Warka)",,,,,,,"VAT 14725",,,,,,,0,0,0,0,34.0,14.0,32.0,,,"W 09656,cs","Qa XVI,2","unter der Abgleichung der Schicht III, 1,5 m über der Höhe des Kalksteinsockels// t.a.q. IIIc",,,,,"Vorderasiatisches Museum, Berlin, Germany",,,Administrative,undetermined,clay,"Englund1994ATU5; Falkenstein1936ATU1","primary; history","pl. 97, W 9656,cs; 184","34x32x14 - same locus as W 9578,a - ATU 1, 184 - 23.1.1931.; ",,," ",0,0,,,0,0,0,0,,
1512,,"ATU 5, pl. 097, W 9656,ct",tablet,"Uruk IV (ca. 3350-3200 BC)","Uruk (mod. Warka)",,,,,,,"VAT 14911",,,,,,,0,0,0,0,25.0,17.0,27.0,,,"W 09656,ct","Qa XVI,2","unter der Abgleichung der Schicht III, 1,5 m über der Höhe des Kalksteinsockels// t.a.q. IIIc",,,,,"Vorderasiatisches Museum, Berlin, Germany",,,Administrative,undetermined,clay,"Englund1994ATU5; Falkenstein1936ATU1","primary; history","pl. 97, W 9656,ct; 458","25x27x17 - same locus as W 9578,a - ATU 1, 458 - 23.1.1931.; ",,," ",0,0,,,0,0,0,0,,
1513,,"ATU 5, pl. 098, W 9656,cu",tablet,"Uruk IV (ca. 3350-3200 BC)","Uruk (mod. Warka)",,,,,,,"VAT 15048",,,,,,,0,0,0,0,45.0,14.0,29.0,,,"W 09656,cu","Qa XVI,2","unter der Abgleichung der Schicht III, 1,5 m über der Höhe des Kalksteinsockels// t.a.q. IIIc",,,,,"Vorderasiatisches Museum, Berlin, Germany",,,Administrative,undetermined,clay,"Englund1994ATU5; Falkenstein1936ATU1","primary; history","pl. 98, W 9656,cu; 159","45x29x14 - same locus as W 9578,a - ATU 1, 159 - 23.1.1931.; ",,," ",0,0,,,0,0,0,0,,
1514,,"ATU 5, pl. 098, W 9656,cv",tablet,"Uruk IV (ca. 3350-3200 BC)","Uruk (mod. Warka)",,,,,,,"VAT 14987",,,,,,,0,0,0,0,48.0,19.0,35.0,,,"W 09656,cv","Qa XVI,2","unter der Abgleichung der Schicht III, 1,5 m über der Höhe des Kalksteinsockels// t.a.q. IIIc",,,,,"Vorderasiatisches Museum, Berlin, Germany",,,Administrative,undetermined,clay,"Englund1994ATU5; Falkenstein1936ATU1","primary; history","pl. 98, W 9656,cv; 95","48x35x19 - same locus as W 9578,a - ATU 1, 95 - 23.1.1931 - see the remarks to W 9579,e.; ",,," ",0,0,,,0,0,0,0,,
1516,,"ATU 5, pl. 098, W 9656,cx",tablet,"Uruk IV (ca. 3350-3200 BC)","Uruk (mod. Warka)",,,,,,,"VAT 15039",,,,,,,0,0,0,0,27.0,17.0,17.0,,,"W 09656,cx","Qa XVI,2","unter der Abgleichung der Schicht III, 1,5 m über der Höhe des Kalksteinsockels// t.a.q. IIIc",,,,,"Vorderasiatisches Museum, Berlin, Germany",,,Administrative,undetermined,clay,"Englund1994ATU5; Falkenstein1936ATU1","primary; history","pl. 98, W 9656,cx; 425","27x17x17 - same locus as W 9578,a - ATU 1, 425 - 23.1.1931.; ",,," ",0,0,,,0,0,0,0,,
1517,,"ATU 5, pl. 098, W 9656,cy",tablet,"Uruk IV (ca. 3350-3200 BC)","Uruk (mod. Warka)",,,,,,,"VAT 15095",,,,,,,0,0,0,0,20.0,27.0,25.0,,,"W 09656,cy","Qa XVI,2","unter der Abgleichung der Schicht III, 1,5 m über der Höhe des Kalksteinsockels",,,,,"Vorderasiatisches Museum, Berlin, Germany",,,Administrative,undetermined,clay,"Englund1994ATU5; Falkenstein1936ATU1","primary; history","pl. 98, W 9656,cy; 492","20x25x27 - same locus as W 9578,a - ATU 1, 492 - 23.1.1931.; ",,," ",0,0,,,0,0,0,0,,
1518,,"ATU 5, pl. 098, W 9656,cz",tablet,"Uruk IV (ca. 3350-3200 BC)","Uruk (mod. Warka)",,,,,,,"VAT 14979",,,,,,,0,0,0,0,25.0,16.0,19.0,,,"W 09656,cz","Qa XVI,2","unter der Abgleichung der Schicht III, 1,5 m über der Höhe des Kalksteinsockels// t.a.q. IIIc",,,,,"Vorderasiatisches Museum, Berlin, Germany",,,Administrative,undetermined,clay,"Englund1994ATU5; Falkenstein1936ATU1","primary; history","pl. 98, W 9656,cz; 433","25x19x16 - same locus as W 9578,a - ATU 1, 433 - 23.1.1931.; ",,," ",0,0,,,0,0,0,0,,
1519,,"ATU 5, pl. 098, W 9656,da",tablet,"Uruk IV (ca. 3350-3200 BC)","Uruk (mod. Warka)",,,,,,,"VAT 14751",,,,,,,0,0,0,0,46.0,17.0,31.0,,,"W 09656,da","Qa XVI,2","unter der Abgleichung der Schicht III, 1,5 m über der Höhe des Kalksteinsockels// t.a.q. IIIc",,,,,"Vorderasiatisches Museum, Berlin, Germany",,,Administrative,undetermined,clay,"Englund1994ATU5; Falkenstein1936ATU1","primary; history","pl. 98, W 9656,da; 158","46x31x17 - same locus as W 9578,a - ATU 1, 158 - 23.1.1931.; ",,," ",0,0,,,0,0,0,0,,
1520,,"ATU 5, pl. 098, W 9656,db",tablet,"Uruk IV (ca. 3350-3200 BC)","Uruk (mod. Warka)",,,,,,,"VAT 15045",,,,,,,0,0,0,0,26.0,23.0,40.0,,,"W 09656,db","Qa XVI,2","unter der Abgleichung der Schicht III, 1,5 m über der Höhe des Kalksteinsockels// t.a.q. IIIc",,,,,"Vorderasiatisches Museum, Berlin, Germany",,,Administrative,undetermined,clay,"Englund1994ATU5; Falkenstein1936ATU1","primary; history","pl. 98, W 9656,db; 454","26x40x23 - same locus as W 9578,a - ATU 1, 454 - 23.1.1931.; ",,," ",0,0,,,0,0,0,0,,
1521,,"ATU 5, pl. 098, W 9656,dc",tablet,"Uruk IV (ca. 3350-3200 BC)","Uruk (mod. Warka)",,,,,,,"VAT 14833",,,,,,,0,0,0,0,30.0,15.0,26.0,,,"W 09656,dc","Qa XVI,2","unter der Abgleichung der Schicht III, 1,5 m über der Höhe des Kalksteinsockels// t.a.q. IIIc",,,,,"Vorderasiatisches Museum, Berlin, Germany",,,Administrative,undetermined,clay,"Englund1994ATU5; Falkenstein1936ATU1","primary; history","pl. 98, W 9656,dc; 127","30x26x15 - same locus as W 9578,a - ATU 1, 127 - 23.1.1931.; ",,," ",0,0,,,0,0,0,0,,
1522,,"ATU 5, pl. 098, W 9656,dd",tablet,"Uruk IV (ca. 3350-3200 BC)","Uruk (mod. Warka)",,,,,,,"VAT 14749",,,,,,,0,0,0,0,25.0,14.0,28.0,,,"W 09656,dd","Qa XVI,2","unter der Abgleichung der Schicht III, 1,5 m über der Höhe des Kalksteinsockels// t.a.q. IIIc",,,,,"Vorderasiatisches Museum, Berlin, Germany",,,Administrative,undetermined,clay,"Englund1994ATU5; Falkenstein1936ATU1","primary; history","pl. 98, W 9656,dd; 182","25x28x14 - same locus as W 9578,a - ATU 1, 182 - 23.1.1931.; ",,," ",0,0,,,0,0,0,0,,
1523,,"ATU 5, pl. 098, W 9656,de",tablet,"Uruk IV (ca. 3350-3200 BC)","Uruk (mod. Warka)",,,,,,,"VAT 14967",,,,,,,0,0,0,0,30.0,20.0,28.0,,,"W 09656,de","Qa XVI,2","unter der Abgleichung der Schicht III, 1,5 m über der Höhe des Kalksteinsockels// t.a.q. IIIc",,,,,"Vorderasiatisches Museum, Berlin, Germany",,,Administrative,undetermined,clay,"Englund1994ATU5; Falkenstein1936ATU1","primary; history","pl. 98, W 9656,de; 426","30x28x20 - same locus as W 9578,a - ATU 1, 426 - 23.1.1931.; ",,," ",0,0,,,0,0,0,0,,
1524,,"ATU 5, pl. 098, W 9656,df",tablet,"Uruk IV (ca. 3350-3200 BC)","Uruk (mod. Warka)",,,,,,,"VAT 17839",,,,,,,0,0,0,0,33.0,26.0,24.0,,,"W 09656,df","Qa XVI,2","unter der Abgleichung der Schicht III, 1,5 m über der Höhe des Kalksteinsockels// t.a.q. IIIc",,,,,"Vorderasiatisches Museum, Berlin, Germany",,,Administrative,undetermined,clay,Englund1994ATU5,primary,"pl. 98, W 9656,df","33x24x26 - same locus as W 9578,a - 23.1.1931.",,," ",0,0,,,0,0,0,0,,
1525,,"ATU 5, pl. 099, W 9656,dg1",tablet,"Uruk IV (ca. 3350-3200 BC)","Uruk (mod. Warka)",,,,,,,"VAT 14965",,,,,,,0,0,0,0,42.0,17.0,22.0,,,"W 09656,dg1","Qa XVI,2","unter der Abgleichung der Schicht III, 1,5 m über der Höhe des Kalksteinsockels// t.a.q. IIIc",,,,,"Vorderasiatisches Museum, Berlin, Germany",,,Administrative,undetermined,clay,"Englund1994ATU5; Falkenstein1936ATU1","primary; history","pl. 99, W 9656,dg1; 122","42x22x17 - same locus as W 9578,a - ATU 1, 122 - 23.1.1931.; ",,," ",0,0,,,0,0,0,0,,
1526,,"ATU 5, pl. 099, W 9656,dg2",tablet,"Uruk IV (ca. 3350-3200 BC)","Uruk (mod. Warka)",,,,,,,"VAT 15155",,,,,,,0,0,0,0,36.0,20.0,50.0,,,"W 09656,dg2","Qa XVI,2","unter der Abgleichung der Schicht III, 1,5 m über der Höhe des Kalksteinsockels// t.a.q. IIIc",,,,,"Vorderasiatisches Museum, Berlin, Germany",,,Administrative,undetermined,clay,Englund1994ATU5,primary,"pl. 99, W 9656,dg2","36x50x20 - same locus as W 9578,a - 23.1.1931.",,," ",0,0,,,0,0,0,0,,
1528,,"ATU 5, pl. 099, W 9656,di",tablet,"Uruk IV (ca. 3350-3200 BC)","Uruk (mod. Warka)",,,,,,,"VAT 15293",,,,,,,0,0,0,0,57.0,21.0,43.0,,,"W 09656,di","Qa XVI,2","unterder /Abgleichun der Schicht III, 1,5 m über der Höhe des Kalksteinsockels/// t.a.q. IIIc",,,,,"Vorderasiatisches Museum, Berlin, Germany",,,Administrative,undetermined,clay,"Englund1994ATU5; sec1482","primary; history","pl. 99, W 9656,di; ","57x43x21 - same locus as W 9578,a - Frühe Schrift, p. 148, fig. 15c, no. 15.6 = Archaic Bookkeeping, p. 106, fig. 85 - 23.1.1931 - ""waster,"" possibly with the first lines of the forerunner version of the lexical list Lú A (see R. Englund and H. Nissen, ATU 3); ",,," ",0,0,,,0,0,0,0,,
1529,,"ATU 5, pl. 099, W 9656,dk",tablet,"Uruk IV (ca. 3350-3200 BC)","Uruk (mod. Warka)",,,,,,,"VAT 15106",,,,,,,0,0,0,0,35.0,20.0,28.0,,,"W 09656,dk","Qa XVI,2","unter der Abgleichung der Schicht III, 1,5 m über der Höhe des Kalksteinsockels// t.a.q. IIIc",,,,,"Vorderasiatisches Museum, Berlin, Germany",,,Administrative,undetermined,clay,"Englund1994ATU5; Falkenstein1936ATU1","primary; history","pl. 99, W 9656,dk; 535","35x28x20 - same locus as W 9578,a - ATU 1, 535 - 23.1.1931.; ",,," ",0,0,,,0,0,0,0,,
1530,,"ATU 5, pl. 099, W 9656,dl",tablet,"Uruk IV (ca. 3350-3200 BC)","Uruk (mod. Warka)",,,,,,,"VAT 15067",,,,,,,0,0,0,0,34.0,26.0,45.0,,,"W 09656,dl","Qa XVI,2","unter der Abgleichung der Schicht III, 1,5 m über der Höhe des Kalksteinsockels// t.a.q. IIIc",,,,,"Vorderasiatisches Museum, Berlin, Germany",,,Administrative,undetermined,clay,"Englund1994ATU5; Falkenstein1936ATU1","primary; history","pl. 99, W 9656,dl; 515","34x45x26 - same locus as W 9578,a - ATU 1, 515 - 23.1.1931.; ",,," ",0,0,,,0,0,0,0,,
1531,,"ATU 5, pl. 099, W 9656,dm",tablet,"Uruk IV (ca. 3350-3200 BC)","Uruk (mod. Warka)",,,,,,,"VAT 14877",,,,,,,0,0,0,0,59.0,23.0,42.0,,,"W 09656,dm","Qa XVI,2","unter der Abgleichung der Schicht III, 1,5 m über der Höhe des Kalksteinsockels// t.a.q. IIIc",,,,,"Vorderasiatisches Museum, Berlin, Germany",,,Administrative,undetermined,clay,"Englund1994ATU5; Falkenstein1936ATU1","primary; history","pl. 99, W 9656,dm; 302","59x42x23 - same locus as W 9578,a - ATU 1, 302 - 23.1.1931.; ",,," ",0,0,,,0,0,0,0,,
1532,,"ATU 5, pl. 099, W 9656,dn",tablet,"Uruk IV (ca. 3350-3200 BC)","Uruk (mod. Warka)",,,,,,,"VAT 15115",,,,,,,0,0,0,0,46.0,16.0,31.0,,,"W 09656,dn","Qa XVI,2","unter der Abgleichung der Schicht III, 1,5 m über der Höhe des Kalksteinsockels// t.a.q. IIIc",,,,,"Vorderasiatisches Museum, Berlin, Germany",,,Administrative,undetermined,clay,"Englund1994ATU5; Falkenstein1936ATU1","primary; history","pl. 99, W 9656,dn; 207","46x31x16 - same locus as W 9578,a - ATU 1, 207 - 23.1.1931.; ",,," ",0,0,,,0,0,0,0,,
1534,,"ATU 5, pl. 100, W 9656,dp",tablet,"Uruk IV (ca. 3350-3200 BC)","Uruk (mod. Warka)",,,,,,,"VAT 14647",,,,,,,0,0,0,0,25.0,18.0,32.0,,,"W 09656,dp","Qa XVI,2","unter der Abgleichung der Schicht III, 1,5 m über der Höhe des Kalksteinsockels// t.a.q. IIIc",,,,,"Vorderasiatisches Museum, Berlin, Germany",,,Administrative,undetermined,clay,"Englund1994ATU5; Falkenstein1936ATU1","primary; history","pl. 100, W 9656,dp; 118","25x32x18 - same locus as W 9578,a - ATU 1, 118 - 23.1.1931.; ",,," ",0,0,,,0,0,0,0,,
1535,,"ATU 5, pl. 100, W 9656,dq",tablet,"Uruk IV (ca. 3350-3200 BC)","Uruk (mod. Warka)",,,,,,,"VAT 15325",,,,,,,0,0,0,0,12.0,14.0,23.0,,,"W 09656,dq","Qa XVI,2","unter der Abgleichung der Schicht III, 1,5 m über der Höhe des Kalksteinsockels// t.a.q. IIIc",,,,,"Vorderasiatisches Museum, Berlin, Germany",,,Administrative,undetermined,clay,Englund1994ATU5,primary,"pl. 100, W 9656,dq","12x23x14 - same locus as W 9578,a - 23.1.1931.",,," ",0,0,,,0,0,0,0,,
1536,,"ATU 5, pl. 100, W 9656,dr",tablet,"Uruk IV (ca. 3350-3200 BC)","Uruk (mod. Warka)",,,,,,,"VAT 15012",,,,,,,0,0,0,0,94.0,29.0,70.0,,,"W 09656,dr","Qa XVI,2","unter der Abgleichung der Schicht III, 1,5 m über der Höhe des Kalksteinsockels// t.a.q. IIIc",,,,,"Vorderasiatisches Museum, Berlin, Germany",,,Administrative,undetermined,clay,"Englund1994ATU5; Falkenstein1936ATU1","primary; history","pl. 100, W 9656,dr; 290","94x70x29 - same locus as W 9578,a - ATU 1, 290 - 23.1.1931 - see the remarks to W 9656,f.; ",,," ",0,0,,,0,0,0,0,,
1537,,"ATU 5, pl. 100, W 9656,ds",tablet,"Uruk IV (ca. 3350-3200 BC)","Uruk (mod. Warka)",,,,,,,"VAT 17843",,,,,,,0,0,0,0,26.0,20.0,22.0,,,"W 09656,ds","Qa XVI,2","unter der Abgleichung der Schicht III, 1,5 m über der Höhe des Kalksteinsockels// t.a.q. IIIc",,,,,"Vorderasiatisches Museum, Berlin, Germany",,,Administrative,undetermined,clay,Englund1994ATU5,primary,"pl. 100, W 9656,ds","26x22x20 - same locus as W 9578,a - 23.1.1931.",,," ",0,0,,,0,0,0,0,,
1538,,"ATU 5, pl. 100, W 9656,dt",tablet,"Uruk IV (ca. 3350-3200 BC)","Uruk (mod. Warka)",,,,,,,"VAT 14974",,,,,,,0,0,0,0,19.0,15.0,30.0,,,"W 09656,dt","Qa XVI,2","unter der Abgleichung der Schicht III, 1,5 m über der Höhe des Kalksteinsockels// t.a.q. IIIc",,,,,"Vorderasiatisches Museum, Berlin, Germany",,,Administrative,undetermined,clay,"Englund1994ATU5; Falkenstein1936ATU1","primary; history","pl. 100, W 9656,dt; 449","19x30x15 - same locus as W 9578,a - ATU 1, 449 - 23.1.1931.; ",,," ",0,0,,,0,0,0,0,,
1539,,"ATU 5, pl. 100, W 9656,du",tablet,"Uruk IV (ca. 3350-3200 BC)","Uruk (mod. Warka)",,,,,,,"VAT 15056",,,,,,,0,0,0,0,37.0,21.0,27.0,,,"W 09656,du","Qa XVI,2","unter der Abgleichung der Schicht III, 1,5 m über der Höhe des Kalksteinsockels// t.a.q. IIIc",,,,,"Vorderasiatisches Museum, Berlin, Germany",,,Administrative,undetermined,clay,Englund1994ATU5,primary,"pl. 100, W 9656,du","37x27x21 - same locus as W 9578,a - 23.1.1931.",,," ",0,0,,,0,0,0,0,,
1541,,"ATU 5, pl. 101, W 9656,dw",tablet,"Uruk IV (ca. 3350-3200 BC)","Uruk (mod. Warka)",,,,,,,"VAT 15032",,,,,,,0,0,0,0,32.0,13.0,19.0,,,"W 09656,dw","Qa XVI,2","unter der Abgleichung der Schicht III, 1,5 m über der Höhe des Kalksteinsockels// t.a.q. IIIc",,,,,"Vorderasiatisches Museum, Berlin, Germany",,,Administrative,undetermined,clay,Englund1994ATU5,primary,"pl. 101, W 9656,dw","32x19x13 - same locus as W 9578,a - 23.1.1931 - VAT number written above stricken VAT 17801.",,," ",0,0,,,0,0,0,0,,
1543,,"ATU 5, pl. 101, W 9656,dy",tablet,"Uruk IV (ca. 3350-3200 BC)","Uruk (mod. Warka)",,,,,,,"VAT 15037",,,,,,,0,0,0,0,20.0,13.0,14.0,,,"W 09656,dy","Qa XVI,2","unterder /Abgleichun der Schicht III, 1,5 m über der Höhe des Kalksteinsockels/// t.a.q. IIIc",,,,,"Vorderasiatisches Museum, Berlin, Germany",,,Administrative,undetermined,clay,Englund1994ATU5,primary,"pl. 101, W 9656,dy","20x14x13 - same locus as W 9578,a - 23.1.1931.",,," ",0,0,,,0,0,0,0,,
1544,,"ATU 5, pl. 101, W 9656,dz",tablet,"Uruk IV (ca. 3350-3200 BC)","Uruk (mod. Warka)",,,,,,,"VAT 15333",,,,,,,0,0,0,0,29.0,20.0,19.0,,,"W 09656,dz","Qa XVI,2","unter der Abgleichung der Schicht III, 1,5 m über der Höhe des Kalksteinsockels// t.a.q. IIIc",,,,,"Vorderasiatisches Museum, Berlin, Germany",,,Administrative,undetermined,clay,Englund1994ATU5,primary,"pl. 101, W 9656,dz","29x19x20 - same locus as W 9578,a - 23.1.1931.",,," ",0,0,,,0,0,0,0,,
1550,,"ATU 5, pl. 102, W 9656,ef",tablet,"Uruk IV (ca. 3350-3200 BC)","Uruk (mod. Warka)",,,,,,,"VAT 14941",,,,,,,0,0,0,0,56.0,24.0,39.0,,,"W 09656,ef","Qa XVI,2","unter der Abgleichung der Schicht III, 1,5 m über der Höhe des Kalksteinsockels// t.a.q. IIIc",,,,,"Vorderasiatisches Museum, Berlin, Germany",,,Administrative,undetermined,clay,"Englund1994ATU5; Falkenstein1936ATU1; sec1493","primary; history; history","pl. 102, W 9656,ef; 322; ","56x39x24 - same locus as W 9578,a - ATU 1, 322 - A. Vaiman, VDI 1974/2, 141 (=BagM 20, 124), no. 22 - 23.1.1931.; ; ",,," ",0,0,,,0,0,0,0,,
1551,,"ATU 5, pl. 102, W 9656,eg",tablet,"Uruk IV (ca. 3350-3200 BC)","Uruk (mod. Warka)",,,,,,,"VAT 14698",,,,,,,0,0,0,0,55.0,22.0,37.0,,,"W 09656,eg","Qa XVI,2","unter der Abgleichung der Schicht III, 1,5 m über der Höhe des Kalksteinsockels// t.a.q. IIIc",,,,,"Vorderasiatisches Museum, Berlin, Germany",,,Administrative,undetermined,clay,"Englund1994ATU5; Falkenstein1936ATU1","primary; history","pl. 102, W 9656,eg; 79","55x37x22 - same locus as W 9578,a - ATU 1, 79 - 23.1.1931.; ",,," ",0,0,,,0,0,0,0,,
1552,,"ATU 5, pl. 102, W 9656,eh",tablet,"Uruk IV (ca. 3350-3200 BC)","Uruk (mod. Warka)",,,,,,,"VAT 14956",,,,,,,0,0,0,0,50.0,22.0,38.0,,,"W 09656,eh","Qa XVI,2","unter der Abgleichung der Schicht III, 1,5 m über der Höhe des Kalksteinsockels// t.a.q. IIIc",,,,,"Vorderasiatisches Museum, Berlin, Germany",,,Administrative,undetermined,clay,"Englund1994ATU5; Falkenstein1936ATU1","primary; history","pl. 102, W 9656,eh; 315","50x38x22 - same locus as W 9578,a - ATU 1, 315 - 23.1.1931.; ",,," ",0,0,,,0,0,0,0,,
1554,,"ATU 5, pl. 102, W 9656,ek",tablet,"Uruk IV (ca. 3350-3200 BC)","Uruk (mod. Warka)",,,,,,,"VAT 14936",,,,,,,0,0,0,0,55.0,15.0,33.0,,,"W 09656,ek","Qa XVI,2","unter der Abgleichung der Schicht III, 1,5 m über der Höhe des Kalksteinsockels// t.a.q. IIIc",,,,,"Vorderasiatisches Museum, Berlin, Germany",,,Administrative,undetermined,clay,"Englund1994ATU5; Falkenstein1936ATU1","primary; history","pl. 102, W 9656,ek; 239","55x33x15 - same locus as W 9578,a - ATU 1, 239 - 23.1.1931.; ",,," ",0,0,,,0,0,0,0,,
1556,,"ATU 5, pl. 103, W 9656,em",tablet,"Uruk IV (ca. 3350-3200 BC)","Uruk (mod. Warka)",,,,,,,"VAT 14880",,,,,,,0,0,0,0,54.0,23.0,39.0,,,"W 09656,em","Qa XVI,2","unter der Abgleichung der Schicht III, 1,5 m über der Höhe des Kalksteinsockels// t.a.q. IIIc",,,,,"Vorderasiatisches Museum, Berlin, Germany",,,Administrative,undetermined,clay,"Englund1994ATU5; Falkenstein1936ATU1","primary; history","pl. 103, W 9656,em; 294","54x39x23 - same locus as W 9578,a - ATU 1, 294 - 23.1.1931.; ",,," ",0,0,,,0,0,0,0,,
1558,,"ATU 5, pl. 103, W 9656,en2",tablet,"Uruk IV (ca. 3350-3200 BC)","Uruk (mod. Warka)",,,,,,,"VAT 14746",,,,,,,0,0,0,0,45.0,15.0,37.0,,,"W 09656,en2","Qa XVI,2","unter der Abgleichung der Schicht III, 1,5 m über der Höhe des Kalksteinsockels// t.a.q. IIIc",,,,,"Vorderasiatisches Museum, Berlin, Germany",,,Administrative,undetermined,clay,"Englund1994ATU5; Falkenstein1936ATU1","primary; history","pl. 103, W 9656,en2; 166","45x37x15 - same locus as W 9578,a - ATU 1, 166 - 23.1.1931.; ",,," ",0,0,,,0,0,0,0,,
1559,,"ATU 5, pl. 103, W 9656,eo",tablet,"Uruk IV (ca. 3350-3200 BC)","Uruk (mod. Warka)",,,,,,,"VAT 14951",,,,,,,0,0,0,0,56.0,21.0,37.0,,,"W 09656,eo","Qa XVI,2","unter der Abgleichung der Schicht III, 1,5 m über der Höhe des Kalksteinsockels// t.a.q. IIIc",,,,,"Vorderasiatisches Museum, Berlin, Germany",,,Administrative,undetermined,clay,"Englund1994ATU5; Falkenstein1936ATU1","primary; history","pl. 103, W 9656,eo; 84","56x37x21 - same locus as W 9578,a - ATU 1, 84 - 23.1.1931.; ",,," ",0,0,,,0,0,0,0,,
1563,,"ATU 5, pl. 104, W 9656,es",tablet,"Uruk IV (ca. 3350-3200 BC)","Uruk (mod. Warka)",,,,,,,"VAT 15129",,,,,,,0,0,0,0,75.0,22.0,53.0,,,"W 09656,es","Qa XVI,2","unter der Abgleichung der Schicht III, 1,5 m über der Höhe des Kalksteinsockels// t.a.q. IIIc",,,,,"Vorderasiatisches Museum, Berlin, Germany",,,Administrative,undetermined,clay,"Englund1994ATU5; Falkenstein1936ATU1","primary; history","pl. 104, W 9656,es; 342","75x53x22 - same locus as W 9578,a - ATU 1, 342 - 23.1.1931.; ",,," ",0,0,,,0,0,0,0,,
1567,,"ATU 5, pl. 105, W 9656,ew",tablet,"Uruk IV (ca. 3350-3200 BC)","Uruk (mod. Warka)",,,,,,,"VAT 15128",,,,,,,0,0,0,0,87.0,28.0,57.0,,,"W 09656,ew","Qa XVI,2","unter der Abgleichung der Schicht III, 1,5 m über der Höhe des Kalksteinsockels// t.a.q. IIIc",,,,,"Vorderasiatisches Museum, Berlin, Germany",,,Administrative,undetermined,clay,"Englund1994ATU5; Falkenstein1936ATU1","primary; history","pl. 105, W 9656,ew; 356","87x57x28 - same locus as W 9578,a - ATU 1, 356 - 23.1.1931 - note the use of the sign combination NINDA2+N8 in the first case of the reverse as a qualification of a grain product, presumably containing 1/2 N1 (N8) of barley - see the discussion of P. Damerow a; ",,," ",0,0,,,0,0,0,0,,
1568,,"ATU 5, pl. 106, W 9656,ex",tablet,"Uruk IV (ca. 3350-3200 BC)","Uruk (mod. Warka)",,,,,,,"VAT 14992",,,,,,,0,0,0,0,73.0,32.0,53.0,,,"W 09656,ex","Qa XVI,2","unter der Abgleichung der Schicht III, 1,5 m über der Höhe des Kalksteinsockels// t.a.q. IIIc",,,,,"Vorderasiatisches Museum, Berlin, Germany",,,Administrative,undetermined,clay,"Englund1994ATU5; Englund1998OBO160/1; Falkenstein1936ATU1","primary; history; history","pl. 106, W 9656,ex; p. 157 fig. 53; 349","73x53x32 - same locus as W 9578,a - ATU 1, 349 - 23.1.1931 - see the remarks to W 9123,b.; copy; ",,," ",0,0,,,0,0,0,0,,
1569,,"ATU 5, pl. 106, W 9656,ey",tablet,"Uruk IV (ca. 3350-3200 BC)","Uruk (mod. Warka)",,,,,,,"VAT 15092",,,,,,,0,0,0,0,70.0,27.0,51.0,,,"W 09656,ey","Qa XVI,2","unter der Abgleichung der Schicht III, 1,5 m über der Höhe des Kalksteinsockels// t.a.q. IIIc",,,,,"Vorderasiatisches Museum, Berlin, Germany",,,Administrative,undetermined,clay,"Englund1994ATU5; Falkenstein1936ATU1","primary; history","pl. 106, W 9656,ey; 268","70x51x27 - same locus as W 9578,a - ATU 1, 268 - 23.1.1931.; ",,," ",0,0,,,0,0,0,0,,
1573,,"ATU 5, pl. 107, W 9656,fc",tablet,"Uruk IV (ca. 3350-3200 BC)","Uruk (mod. Warka)",,,,,,,"VAT 15069",,,,,,,0,0,0,0,29.0,24.0,42.0,,,"W 09656,fc","Qa XVI,2","unter der Abgleichung der Schicht III, 1,5 m über der Höhe des Kalksteinsockels// t.a.q. IIIc",,,,,"Vorderasiatisches Museum, Berlin, Germany",,,Administrative,undetermined,clay,"Englund1994ATU5; Falkenstein1936ATU1","primary; history","pl. 107, W 9656,fc; 513","29x42x24 - same locus as W 9578,a - ATU 1, 513 - 23.1.1931.; ",,," ",0,0,,,0,0,0,0,,
1574,,"ATU 5, pl. 107, W 9656,fd",tablet,"Uruk IV (ca. 3350-3200 BC)","Uruk (mod. Warka)",,,,,,,"VAT 14986",,,,,,,0,0,0,0,61.0,34.0,50.0,,,"W 09656,fd","Qa XVI,2","unter der Abgleichung der Schicht III, 1,5 m über der Höhe des Kalksteinsockels// t.a.q. IIIc",,,,,"Vorderasiatisches Museum, Berlin, Germany",,,Administrative,undetermined,clay,"Englund1994ATU5; Falkenstein1936ATU1","primary; history","pl. 107, W 9656,fd; 372","61x50x34 - same locus as W 9578,a - ATU 1, 372 - 23.1.1931.; ",,," ",0,0,,,0,0,0,0,,
1575,,"ATU 5, pl. 107, W 9656,fe",tablet,"Uruk IV (ca. 3350-3200 BC)","Uruk (mod. Warka)",,,,,,,"VAT 14989",,,,,,,0,0,0,0,47.0,15.0,36.0,,,"W 09656,fe","Qa XVI,2","unter der Abgleichung der Schicht III, 1,5 m über der Höhe des Kalksteinsockels// t.a.q. IIIc",,,,,"Vorderasiatisches Museum, Berlin, Germany",,,Administrative,undetermined,clay,"Englund1994ATU5; Falkenstein1936ATU1","primary; history","pl. 107, W 9656,fe; 199","47x36x15 - same locus as W 9578,a - ATU 1, 199 - 23.1.1931.; ",,," ",0,0,,,0,0,0,0,,
1576,,"ATU 5, pl. 107, W 9656,ff",tablet,"Uruk IV (ca. 3350-3200 BC)","Uruk (mod. Warka)",,,,,,,"VAT 14750",,,,,,,0,0,0,0,49.0,14.0,35.0,,,"W 09656,ff","Qa XVI,2","unter der Abgleichung der Schicht III, 1,5 m über der Höhe des Kalksteinsockels// t.a.q. IIIc",,,,,"Vorderasiatisches Museum, Berlin, Germany",,,Administrative,undetermined,clay,"Englund1994ATU5; Falkenstein1936ATU1","primary; history","pl. 107, W 9656,ff; 201","49x35x14 - same locus as W 9578,a - ATU 1, 201 - 23.1.1931.; ",,," ",0,0,,,0,0,0,0,,
1577,,"ATU 5, pl. 107, W 9656,fg",tablet,"Uruk IV (ca. 3350-3200 BC)","Uruk (mod. Warka)",,,,,,,"VAT 15260",,,,,,,0,0,0,0,62.0,27.0,50.0,,,"W 09656,fg","Qa XVI,2","unter der Abgleichung der Schicht III, 1,5 m über der Höhe des Kalksteinsockels// t.a.q. IIIc",,,,,"Vorderasiatisches Museum, Berlin, Germany",,,Administrative,undetermined,clay,Englund1994ATU5,primary,"pl. 107, W 9656,fg","62x50x27 - same locus as W 9578,a - 23.1.1931.",,," ",0,0,,,0,0,0,0,,
1582,,"ATU 5, pl. 108, W 9656,fm",tablet,"Uruk IV (ca. 3350-3200 BC)","Uruk (mod. Warka)",,,,,,,"VAT 15312",,,,,,,0,0,0,0,44.0,29.0,47.0,,,"W 09656,fm","Qa XVI,2","unterder /Abgleichun der Schicht III, 1,5 m über der Höhe des Kalksteinsockels/// t.a.q. IIIc",,,,,"Vorderasiatisches Museum, Berlin, Germany",,,Administrative,undetermined,clay,"Englund1994ATU5; Falkenstein1936ATU1","primary; history","pl. 108, W 9656,fm; 479","44x47x29 - same locus as W 9578,a - ATU 1, 479 - 23.1.1931 - see P. Damerow and R. Englund, ATU 2, p. 133-134.; ",,," ",0,0,,,0,0,0,0,,
1583,,"ATU 5, pl. 108, W 9656,fn",tablet,"Uruk IV (ca. 3350-3200 BC)","Uruk (mod. Warka)",,,,,,,"VAT 15108",,,,,,,0,0,0,0,64.0,30.0,38.0,,,"W 09656,fn","Qa XVI,2","unter der Abgleichung der Schicht III, 1,5 m über der Höhe des Kalksteinsockels// t.a.q. IIIc",,,,,"Vorderasiatisches Museum, Berlin, Germany",,,Administrative,undetermined,clay,"Englund1994ATU5; Falkenstein1936ATU1","primary; history","pl. 108, W 9656,fn; 473","64x38x30 - same locus as W 9578,a - ATU 1, 473 - 23.1.1931.; ",i3.MesopOil,10954," ",0,0,,,0,0,0,0,,
1584,,"ATU 5, pl. 108, W 9656,fo",tablet,"Uruk IV (ca. 3350-3200 BC)","Uruk (mod. Warka)",,,,,,,"VAT 15175",,,,,,,0,0,0,0,38.0,27.0,24.0,,,"W 09656,fo","Qa XVI,2","unter der Abgleichung der Schicht III, 1,5 m über der Höhe des Kalksteinsockels// t.a.q. IIIc",,,,,"Vorderasiatisches Museum, Berlin, Germany",,,Administrative,undetermined,clay,"Englund1994ATU5; Falkenstein1936ATU1","primary; history","pl. 108, W 9656,fo; 448","38x24x27 - same locus as W 9578,a - ATU 1, 448 - 23.1.1931.; ",,," ",0,0,,,0,0,0,0,,
1586,,"ATU 5, pl. 108, W 9656,fq",tablet,"Uruk IV (ca. 3350-3200 BC)","Uruk (mod. Warka)",,,,,,,"VAT 15052",,,,,,,0,0,0,0,30.0,24.0,36.0,,,"W 09656,fq","Qa XVI,2","unter der Abgleichung der Schicht III, 1,5 m über der Höhe des Kalksteinsockels// t.a.q. IIIc",,,,,"Vorderasiatisches Museum, Berlin, Germany",,,Administrative,undetermined,clay,"Englund1994ATU5; Falkenstein1936ATU1","primary; history","pl. 108, W 9656,fq; 436","30x36x24 - same locus as W 9578,a - ATU 1, 436 - 23.1.1931.; ",,," ",0,0,,,0,0,0,0,,
1588,,"ATU 5, pl. 108, W 9656,fs",tablet,"Uruk IV (ca. 3350-3200 BC)","Uruk (mod. Warka)",,,,,,,"VAT 15098",,,,,,,0,0,0,0,43.0,21.0,22.0,,,"W 09656,fs","Qa XVI,2","unter der Abgleichung der Schicht III, 1,5 m über der Höhe des Kalksteinsockels// t.a.q. IIIc",,,,,"Vorderasiatisches Museum, Berlin, Germany",,,Administrative,undetermined,clay,"Englund1994ATU5; Falkenstein1936ATU1","primary; history","pl. 108, W 9656,fs; 503","43x22x21 - same locus as W 9578,a - ATU 1, 503 - 23.1.1931 - tablet could equally have been rotated around its vertical axis.; ",,," ",0,0,,,0,0,0,0,,
1590,,"ATU 5, pl. 109, W 9656,fu",tablet,"Uruk IV (ca. 3350-3200 BC)","Uruk (mod. Warka)",,,,,,,"VAT 14982",,,,,,,0,0,0,0,53.0,23.0,27.0,,,"W 09656,fu","Qa XVI,2","unter der Abgleichung der Schicht III, 1,5 m über der Höhe des Kalksteinsockels// t.a.q. IIIc",,,,,"Vorderasiatisches Museum, Berlin, Germany",,,Administrative,undetermined,clay,"Englund1994ATU5; Falkenstein1936ATU1","primary; history","pl. 109, W 9656,fu; 403","53x27x23 - same locus as W 9578,a - ATU 1, 403 - 23.1.1931.; ",,," ",0,0,,,0,0,0,0,,
1591,,"ATU 5, pl. 109, W 9656,fv",tablet,"Uruk IV (ca. 3350-3200 BC)","Uruk (mod. Warka)",,,,,,,"VAT 14944",,,,,,,0,0,0,0,48.0,26.0,45.0,,,"W 09656,fv","Qa XVI,2","unter der Abgleichung der Schicht III, 1,5 m über der Höhe des Kalksteinsockels// t.a.q. IIIc",,,,,"Vorderasiatisches Museum, Berlin, Germany",,,Administrative,undetermined,clay,"Englund1994ATU5; Falkenstein1936ATU1","primary; history","pl. 109, W 9656,fv; 554","48x45x26 - same locus as W 9578,a - ATU 1, 554 - 23.1.1931.; ",,," ",0,0,,,0,0,0,0,,
1593,,"ATU 5, pl. 109, W 9656,fx",tablet,"Uruk IV (ca. 3350-3200 BC)","Uruk (mod. Warka)",,,,,,,"VAT 15177",,,,,,,0,0,0,0,21.0,22.0,34.0,,,"W 09656,fx","Qa XVI,2","unter der Abgleichung der Schicht III, 1,5 m über der Höhe des Kalksteinsockels// t.a.q. IIIc",,,,,"Vorderasiatisches Museum, Berlin, Germany",,,Administrative,undetermined,clay,"Englund1994ATU5; Falkenstein1936ATU1","primary; history","pl. 109, W 9656,fx; 542","21x34x22 - same locus as W 9578,a - ATU 1, 542 - 23.1.1931 - see the remarks to W 9579,ai.; ",,," ",0,0,,,0,0,0,0,,
1597,,"ATU 5, pl. 109, W 9656,gb",tablet,"Uruk IV (ca. 3350-3200 BC)","Uruk (mod. Warka)",,,,,,,"VAT 14726",,,,,,,0,0,0,0,35.0,14.0,30.0,,,"W 09656,gb","Qa XVI,2","unter der Abgleichung der Schicht III, 1,5 m über der Höhe des Kalksteinsockels// t.a.q. IIIc",,,,,"Vorderasiatisches Museum, Berlin, Germany",,,Administrative,undetermined,clay,"Englund1994ATU5; Falkenstein1936ATU1","primary; history","pl. 109, W 9656,gb; 183","35x30x14 - same locus as W 9578,a - ATU 1, 183 - 23.1.1931 - fingerprints on both faces of tablet.; ",,," ",0,0,,,0,0,0,0,,
1600,,"ATU 5, pl. 110, W 9656,ge",tablet,"Uruk IV (ca. 3350-3200 BC)","Uruk (mod. Warka)",,,,,,,"VAT 14662",,,,,,,0,0,0,0,47.0,20.0,36.0,,,"W 09656,ge","Qa XVI,2","unter der Abgleichung der Schicht III, 1,5 m über der Höhe des Kalksteinsockels// t.a.q. IIIc",,,,,"Vorderasiatisches Museum, Berlin, Germany",,,Administrative,undetermined,clay,"Englund1994ATU5; Falkenstein1936ATU1","primary; history","pl. 110, W 9656,ge; 131","47x36x20 - same locus as W 9578,a - ATU 1, 131 - 23.1.1931.; ",,," ",0,0,,,0,0,0,0,,
1602,,"ATU 5, pl. 110, W 9656,gg",tablet,"Uruk IV (ca. 3350-3200 BC)","Uruk (mod. Warka)",,,,,,,"VAT 14798",,,,,,,0,0,0,0,43.0,17.0,32.0,,,"W 09656,gg","Qa XVI,2","unter der Abgleichung der Schicht III, 1,5 m über der Höhe des Kalksteinsockels// t.a.q. IIIc",,,,,"Vorderasiatisches Museum, Berlin, Germany",,,Administrative,undetermined,clay,"Englund1994ATU5; Falkenstein1936ATU1","primary; history","pl. 110, W 9656,gg; 231","43x32x17 - same locus as W 9578,a - ATU 1, 231 - 23.1.1931 - numerical notations in the EN system.; ",,," ",0,0,,,0,0,0,0,,
1603,,"ATU 5, pl. 110, W 9656,gh",tablet,"Uruk IV (ca. 3350-3200 BC)","Uruk (mod. Warka)",,,,,,,"VAT 14913",,,,,,,0,0,0,0,37.0,23.0,26.0,,,"W 09656,gh","Qa XVI,2","unter der Abgleichung der Schicht III, 1,5 m über der Höhe des Kalksteinsockels// t.a.q. IIIc",,,,,"Vorderasiatisches Museum, Berlin, Germany",,,Administrative,undetermined,clay,"Englund1994ATU5; Falkenstein1936ATU1","primary; history","pl. 110, W 9656,gh; 457","37x26x23 - same locus as W 9578,a - ATU 1, 457 - 23.1.1931.; ",,," ",0,0,,,0,0,0,0,,
1604,,"ATU 5, pl. 110, W 9656,gi",tablet,"Uruk IV (ca. 3350-3200 BC)","Uruk (mod. Warka)",,,,,,,"VAT 15142",,,,,,,0,0,0,0,18.0,22.0,30.0,,,"W 09656,gi","Qa XVI,2","unter der Abgleichung der Schicht III, 1,5 m über der Höhe des Kalksteinsockels// t.a.q. IIIc",,,,,"Vorderasiatisches Museum, Berlin, Germany",,,Administrative,undetermined,clay,Englund1994ATU5,primary,"pl. 110, W 9656,gi","18x30x22 - same locus as W 9578,a - 23.1.1931.",,," ",0,0,,,0,0,0,0,,
1607,,"ATU 5, pl. 111, W 9656,gm",tablet,"Uruk IV (ca. 3350-3200 BC)","Uruk (mod. Warka)",,,,,,,"VAT 14697",,,,,,,0,0,0,0,36.0,14.0,27.0,,,"W 09656,gm","Qa XVI,2","unter der Abgleichung der Schicht III, 1,5 m über der Höhe des Kalksteinsockels// t.a.q. IIIc",,,,,"Vorderasiatisches Museum, Berlin, Germany",,,Administrative,undetermined,clay,"Englund1994ATU5; Falkenstein1936ATU1","primary; history","pl. 111, W 9656,gm; 115","36x27x14 - same locus as W 9578,a - ATU 1, 115 - 23.1.1931.; ",,," ",0,0,,,0,0,0,0,,
1608,,"ATU 5, pl. 111, W 9656,gn",tablet,"Uruk IV (ca. 3350-3200 BC)","Uruk (mod. Warka)",,,,,,,"VAT 15050",,,,,,,0,0,0,0,38.0,24.0,29.0,,,"W 09656,gn","Qa XVI,2","unter der Abgleichung der Schicht III, 1,5 m über der Höhe des Kalksteinsockels// t.a.q. IIIc",,,,,"Vorderasiatisches Museum, Berlin, Germany",,,Administrative,undetermined,clay,"Englund1994ATU5; Falkenstein1936ATU1","primary; history","pl. 111, W 9656,gn; 401","38x29x24 - same locus as W 9578,a - ATU 1, 401 - 23.1.1931.; ",,," ",0,0,,,0,0,0,0,,
1609,,"ATU 5, pl. 111, W 9656,go",tablet,"Uruk IV (ca. 3350-3200 BC)","Uruk (mod. Warka)",,,,,,,"VAT 17838",,,,,,,0,0,0,0,40.0,20.0,17.0,,,"W 09656,go","Qa XVI,2","unter der Abgleichung der Schicht III, 1,5 m über der Höhe des Kalksteinsockels// t.a.q. IIIc",,,,,"Vorderasiatisches Museum, Berlin, Germany",,,Administrative,undetermined,clay,Englund1994ATU5,primary,"pl. 111, W 9656,go","40x17x20 - same locus as W 9578,a - 23.1.1931.",,," ",0,0,,,0,0,0,0,,
1610,,"ATU 5, pl. 111, W 9656,gp",tablet,"Uruk IV (ca. 3350-3200 BC)","Uruk (mod. Warka)",,,,,,,"VAT 14645",,,,,,,0,0,0,0,49.0,19.0,35.0,,,"W 09656,gp","Qa XVI,2","unter der Abgleichung der Schicht III, 1,5 m über der Höhe des Kalksteinsockels// t.a.q. IIIc",,,,,"Vorderasiatisches Museum, Berlin, Germany",,,Administrative,undetermined,clay,"Englund1994ATU5; Falkenstein1936ATU1","primary; history","pl. 111, W 9656,gp; 77","49x35x19 - same locus as W 9578,a - ATU 1, 77 - 23.1.1931.; ",,," ",0,0,,,0,0,0,0,,
1612,,"ATU 5, pl. 111, W 9656,gr",tablet,"Uruk IV (ca. 3350-3200 BC)","Uruk (mod. Warka)",,,,,,,"VAT 15179",,,,,,,0,0,0,0,50.0,26.0,22.0,,,"W 09656,gr","Qa XVI,2","unter der Abgleichung der Schicht III, 1,5 m über der Höhe des Kalksteinsockels// t.a.q. IIIc",,,,,"Vorderasiatisches Museum, Berlin, Germany",,,Administrative,undetermined,clay,"Englund1994ATU5; Falkenstein1936ATU1","primary; history","pl. 111, W 9656,gr; 546","50x22x26 - same locus as W 9578,a - ATU 1, 546 - 23.1.1931.; ",,," ",0,0,,,0,0,0,0,,
1613,,"ATU 5, pl. 111, W 9656,gs",tablet,"Uruk IV (ca. 3350-3200 BC)","Uruk (mod. Warka)",,,,,,,"VAT 14783",,,,,,,0,0,0,0,29.0,13.0,25.0,,,"W 09656,gs","Qa XVI,2","unter der Abgleichung der Schicht III, 1,5 m über der Höhe des Kalksteinsockels// t.a.q. IIIc",,,,,"Vorderasiatisches Museum, Berlin, Germany",,,Administrative,undetermined,clay,"Englund1994ATU5; Falkenstein1936ATU1","primary; history","pl. 111, W 9656,gs; 181","29x25x13 - same locus as W 9578,a - ATU 1, 181 - 23.1.1931.; ",,," ",0,0,,,0,0,0,0,,
1620,,"ATU 5, pl. 112, W 9656,gz",tablet,"Uruk IV (ca. 3350-3200 BC)","Uruk (mod. Warka)",,,,,,,"VAT 14966",,,,,,,0,0,0,0,25.0,21.0,27.0,,,"W 09656,gz","Qa XVI,2","unter der Abgleichung der Schicht III, 1,5 m über der Höhe des Kalksteinsockels// t.a.q. IIIc",,,,,"Vorderasiatisches Museum, Berlin, Germany",,,Administrative,undetermined,clay,"Englund1994ATU5; Falkenstein1936ATU1","primary; history","pl. 112, W 9656,gz; 432","25x27x21 - same locus as W 9578,a - ATU 1, 432 - 23.1.1931.; ",,," ",0,0,,,0,0,0,0,,
1621,,"ATU 5, pl. 112, W 9656,ha1",tablet,"Uruk IV (ca. 3350-3200 BC)","Uruk (mod. Warka)",,,,,,,"VAT 15033",,,,,,,0,0,0,0,22.0,17.0,14.0,,,"W 09656,ha1","Qa XVI,2","unter der Abgleichung der Schicht III, 1,5 m über der Höhe des Kalksteinsockels// t.a.q. IIIc",,,,,"Vorderasiatisches Museum, Berlin, Germany",,,Administrative,undetermined,clay,Englund1994ATU5,primary,"pl. 112, W 9656,ha1","22x14x17 - same locus as W 9578,a - 23.1.1931.",,," ",0,0,,,0,0,0,0,,
1622,,"ATU 5, pl. 112, W 9656,ha2",tablet,"Uruk IV (ca. 3350-3200 BC)","Uruk (mod. Warka)",,,,,,,"VAT 15280",,,,,,,0,0,0,0,35.0,14.0,29.0,,,"W 09656,ha2","Qa XVI,2","unter der Abgleichung der Schicht III, 1,5 m über der Höhe des Kalksteinsockels",,,,,"Vorderasiatisches Museum, Berlin, Germany",,,Administrative,undetermined,clay,Englund1994ATU5,primary,"pl. 112, W 9656,ha2","35x29x14 - same locus as W 9578,a - 23.1.1931 - ""waster.""",,," ",0,0,,,0,0,0,0,,
1623,,"ATU 5, pl. 112, W 9656,hb",tablet,"Uruk IV (ca. 3350-3200 BC)","Uruk (mod. Warka)",,,,,,,"VAT 14969",,,,,,,0,0,0,0,39.0,18.0,31.0,,,"W 09656,hb","Qa XVI,2","unter der Abgleichung der Schicht III, 1,5 m über der Höhe des Kalksteinsockels// t.a.q. IIIc",,,,,"Vorderasiatisches Museum, Berlin, Germany",,,Administrative,undetermined,clay,Englund1994ATU5,primary,"pl. 112, W 9656,hb","39x31x18 - same locus as W 9578,a - 17.2.1930.",,," ",0,0,,,0,0,0,0,,
1624,,"ATU 5, pl. 112, W 9656,hc",tablet,"Uruk IV (ca. 3350-3200 BC)","Uruk (mod. Warka)",,,,,,,"VAT 15146",,,,,,,0,0,0,0,25.0,20.0,31.0,,,"W 09656,hc","Qa XVI,2","unter der Abgleichung der Schicht III, 1,5 m über der Höhe des Kalksteinsockels// t.a.q. IIIc",,,,,"Vorderasiatisches Museum, Berlin, Germany",,,Administrative,undetermined,clay,"Englund1994ATU5; Falkenstein1936ATU1","primary; history","pl. 112, W 9656,hc; 430","25x31x20 - same locus as W 9578,a - ATU 1, 430 - 23.1.1931.; ",,," ",0,0,,,0,0,0,0,,
1625,,"ATU 5, pl. 112, W 9656,hd",tablet,"Uruk IV (ca. 3350-3200 BC)","Uruk (mod. Warka)",,,,,,,"VAT 14980",,,,,,,0,0,0,0,31.0,15.0,19.0,,,"W 09656,hd","Qa XVI,2","unter der Abgleichung der Schicht III, 1,5 m über der Höhe des Kalksteinsockels// t.a.q. IIIc",,,,,"Vorderasiatisches Museum, Berlin, Germany",,,Administrative,undetermined,clay,"Englund1994ATU5; Falkenstein1936ATU1","primary; history","pl. 112, W 9656,hd; 109","31x19x15 - same locus as W 9578,a - ATU 1, 109 - 23.1.1931.; ",,," ",0,0,,,0,0,0,0,,
1626,,"ATU 5, pl. 112, W 9656,he",tablet,"Uruk IV (ca. 3350-3200 BC)","Uruk (mod. Warka)",,,,,,,"VAT 15104",,,,,,,0,0,0,0,28.0,21.0,27.0,,,"W 09656,he","Qa XVI,2","unter der Abgleichung der Schicht III, 1,5 m über der Höhe des Kalksteinsockels// t.a.q. IIIcIV",,,,,"Vorderasiatisches Museum, Berlin, Germany",,,Administrative,undetermined,clay,"Englund1994ATU5; Falkenstein1936ATU1","primary; history","pl. 112, W 9656,he; 487","28x27x21 - same locus as W 9578,a - ATU 1, 487 - 23.1.1931 - tablet rotated around vertical axis.; ",,," ",0,0,,,0,0,0,0,,
1627,,"ATU 5, pl. 112, W 9656,hf",tablet,"Uruk IV (ca. 3350-3200 BC)","Uruk (mod. Warka)",,,,,,,"VAT 21382",,,,,,,0,0,0,0,23.0,17.0,33.0,,,"W 09656,hf","Qa XVI,2","unter der Abgleichung der Schicht III, 1,5 m über der Höhe des Kalksteinsockels// t.a.q. IIIc",,,,,"Vorderasiatisches Museum, Berlin, Germany",,,Administrative,undetermined,clay,Englund1994ATU5,primary,"pl. 112, W 9656,hf","23x33x17 - same locus as W 9578,a - 23.1.1931.",,," ",0,0,,,0,0,0,0,,
1628,,"ATU 5, pl. 112, W 9656,hg1",tablet,"Uruk IV (ca. 3350-3200 BC)","Uruk (mod. Warka)",,,,,,,"VAT 17844",,,,,,,0,0,0,0,23.0,12.0,20.0,,,"W 09656,hg1","Qa XVI,2","unter der Abgleichung der Schicht III, 1,5 m über der Höhe des Kalksteinsockels// t.a.q. IIIc",,,,,"Vorderasiatisches Museum, Berlin, Germany",,,Administrative,undetermined,clay,Englund1994ATU5,primary,"pl. 112, W 9656,hg1","23x20x12 - same locus as W 9578,a - 23.1.1931 - this and the following tablet bore the excavation number ""W 9656,hg"".",,," ",0,0,,,0,0,0,0,,
1629,,"ATU 5, pl. 112, W 9656,hg2",tablet,"Uruk IV (ca. 3350-3200 BC)","Uruk (mod. Warka)",,,,,,,"VAT 21386",,,,,,,0,0,0,0,22.0,12.0,24.0,,,"W 09656,hg2","Qa XVI,2","unter der Abgleichung der Schicht III, 1,5 m über der Höhe des Kalksteinsockels",,,,,"Vorderasiatisches Museum, Berlin, Germany",,,Administrative,undetermined,clay,Englund1994ATU5,primary,"pl. 112, W 9656,hg2","22x24x12 - same locus as W 9578,a - 23.1.1931 - see the preceding remarks .",,," ",0,0,,,0,0,0,0,,
1630,,"ATU 5, pl. 112, W 9656,hh",tablet,"Uruk IV (ca. 3350-3200 BC)","Uruk (mod. Warka)",,,,,,,"VAT 21384",,,,,,,0,0,0,0,18.0,16.0,18.0,,,"W 09656,hh","Qa XVI,2","unter der Abgleichung der Schicht III, 1,5 m über der Höhe des Kalksteinsockels// t.a.q. IIIc",,,,,"Vorderasiatisches Museum, Berlin, Germany",,,Administrative,undetermined,clay,Englund1994ATU5,primary,"pl. 112, W 9656,hh","18x18x16 - same locus as W 9578,a - 23.1.1931.",,," ",0,0,,,0,0,0,0,,
1631,,"ATU 5, pl. 113, W 9656,hi",tablet,"Uruk IV (ca. 3350-3200 BC)","Uruk (mod. Warka)",,,,,,,"VAT 15201",,,,,,,0,0,0,0,22.0,15.0,12.0,,,"W 09656,hi","Qa XVI,2","unter der Abgleichung der Schicht III, 1,5 m über der Höhe des Kalksteinsockels// t.a.q. IIIc",,,,,"Vorderasiatisches Museum, Berlin, Germany",,,Administrative,undetermined,clay,Englund1994ATU5,primary,"pl. 113, W 9656,hi","22x12x15 - same locus as W 9578,a - 23.1.1931.",,," ",0,0,,,0,0,0,0,,
1632,,"ATU 5, pl. 113, W 9656,hk",tablet,"Uruk IV (ca. 3350-3200 BC)","Uruk (mod. Warka)",,,,,,,"VAT 15302",,,,,,,0,0,0,0,11.0,12.0,20.0,,,"W 09656,hk","Qa XVI,2","unter der Abgleichung der Schicht III, 1,5 m über der Höhe des Kalksteinsockels// t.a.q. IIIc",,,,,"Vorderasiatisches Museum, Berlin, Germany",,,Administrative,undetermined,clay,Englund1994ATU5,primary,"pl. 113, W 9656,hk","11x20x12 - same locus as W 9578,a - 23.1.1931.",,," ",0,0,,,0,0,0,0,,
1633,,"ATU 5, pl. 113, W 9656,hl",tablet,"Uruk IV (ca. 3350-3200 BC)","Uruk (mod. Warka)",,,,,,,"VAT 14840",,,,,,,0,0,0,0,37.0,15.0,27.0,,,"W 09656,hl","Qa XVI,2","unter der Abgleichung der Schicht III, 1,5 m über der Höhe des Kalksteinsockels// t.a.q. IIIc",,,,,"Vorderasiatisches Museum, Berlin, Germany",,,Administrative,undetermined,clay,"Englund1994ATU5; Falkenstein1936ATU1","primary; history","pl. 113, W 9656,hl; 179","37x27x15 - same locus as W 9578,a - ATU 1, 179 - 23.1.1931.; ",,," ",0,0,,,0,0,0,0,,
1637,,"ATU 5, pl. 113, W 9656,ho",tablet,"Uruk IV (ca. 3350-3200 BC)","Uruk (mod. Warka)",,,,,,,"VAT 15320",,,,,,,0,0,0,0,18.0,17.0,33.0,,,"W 09656,ho","Qa XVI,2","unter der Abgleichung der Schicht III, 1,5 m über der Höhe des Kalksteinsockels// t.a.q. IIIc",,,,,"Vorderasiatisches Museum, Berlin, Germany",,,Administrative,undetermined,clay,Englund1994ATU5,primary,"pl. 113, W 9656,ho","18x33x17 - same locus as W 9578,a - 23.1.1931.",,," ",0,0,,,0,0,0,0,,
1645,,"ATU 5, pl. 113, W 9656,hx",tablet,"Uruk IV (ca. 3350-3200 BC)","Uruk (mod. Warka)",,,,,,,"VAT 15143",,,,,,,0,0,0,0,11.0,8.0,26.0,,,"W 09656,hx","Qa XVI,2","unter der Abgleichung der Schicht III, 1,5 m über der Höhe des Kalksteinsockels// t.a.q. IIIc",,,,,"Vorderasiatisches Museum, Berlin, Germany",,,Administrative,undetermined,clay,"Englund1994ATU5; Falkenstein1936ATU1","primary; history","pl. 113, W 9656,hx; 450","11x26x8 - same locus as W 9578,a - ATU 1, 450 - 23.1.1931.; ",,," ",0,0,,,0,0,0,0,,
1649,,"ATU 5, pl. 113, W 9656,ib1",tablet,"Uruk IV (ca. 3350-3200 BC)","Uruk (mod. Warka)",,,,,,,"VAT 15011",,,,,,,0,0,0,0,63.0,30.0,60.0,,,"W 09656,ib1","Qa XVI,2","unter der Abgleichung der Schicht III, 1,5 m über der Höhe des Kalksteinsockels// t.a.q. IIIc",,,,,"Vorderasiatisches Museum, Berlin, Germany",,,Administrative,undetermined,clay,"Englund1994ATU5; Falkenstein1936ATU1","primary; history","pl. 113, W 9656,ib1; 533","63x60x30 - same locus as W 9578,a - ATU 1, 533 - 23.1.1931 - this and the following tablet bore the excavation number ""W 9656,ib"".; ",,," ",0,0,,,0,0,0,0,,
1650,,"ATU 5, pl. 113, W 9656,ib2",tablet,"Uruk IV (ca. 3350-3200 BC)","Uruk (mod. Warka)",,,,,,,"VAT 21377",,,,,,,0,0,0,0,38.0,20.0,26.0,,,"W 09656,ib2","Qa XVI,2","unter der Abgleichung der Schicht III, 1,5 m über der Höhe des Kalksteinsockels",,,,,"Vorderasiatisches Museum, Berlin, Germany",,,Administrative,undetermined,clay,Englund1994ATU5,primary,"pl. 113, W 9656,ib2","38x26x20 - same locus as W 9578,a - 23.1.1931 - see the remarks above.",,," ",0,0,,,0,0,0,0,,
1651,,"ATU 5, pl. 113, W 9656,ic",tablet,"Uruk IV (ca. 3350-3200 BC)","Uruk (mod. Warka)",,,,,,,"VAT 21410",,,,,,,0,0,0,0,12.0,11.0,11.0,,,"W 09656,ic","Qa XVI,2","unter der Abgleichung der Schicht III, 1,5 m über der Höhe des Kalksteinsockels// t.a.q. IIIc",,,,,"Vorderasiatisches Museum, Berlin, Germany",,,Administrative,undetermined,clay,Englund1994ATU5,primary,"pl. 113, W 9656,ic","12x11x11 - same locus as W 9578,a - 23.1.1931.",,," ",0,0,,,0,0,0,0,,
1653,,"ATU 5, pl. 114, W 9656,ie1",tablet,"Uruk IV (ca. 3350-3200 BC)","Uruk (mod. Warka)",,,,,,,"VAT 14858",,,,,,,0,0,0,0,82.0,31.0,59.0,,,"W 09656,ie1","Qa XVI,2","unter der Abgleichung der Schicht III, 1,5 m über der Höhe des Kalksteinsockels// t.a.q. IIIc",,,,,"Vorderasiatisches Museum, Berlin, Germany",,,Administrative,undetermined,clay,"Englund1994ATU5; Falkenstein1936ATU1","primary; history","pl. 114, W 9656,ie1; 282","82x59x31 - same locus as W 9578,a - ATU 1, 282 - 23.1.1931 - large quantities of dried fruits registered.; ",,," ",0,0,,,0,0,0,0,,
1654,,"ATU 5, pl. 114, W 9656,ie2",tablet,"Uruk IV (ca. 3350-3200 BC)","Uruk (mod. Warka)",,,,,,,"VAT 15025",,,,,,,0,0,0,0,39.0,18.0,29.0,,,"W 09656,ie2","Qa XVI,2","unter der Abgleichung der Schicht III, 1,5 m über der Höhe des Kalksteinsockels// t.a.q. IIIc",,,,,"Vorderasiatisches Museum, Berlin, Germany",,,Administrative,undetermined,clay,"Englund1994ATU5; Falkenstein1936ATU1","primary; history","pl. 114, W 9656,ie2; 123","39x29x18 - same locus as W 9578,a - ATU 1, 123 - 23.1.1931.; ",,," ",0,0,,,0,0,0,0,,
1655,,"ATU 5, pl. 114, W 9656,if1",tablet,"Uruk IV (ca. 3350-3200 BC)","Uruk (mod. Warka)",,,,,,,"VAT 14970",,,,,,,0,0,0,0,65.0,27.0,27.0,,,"W 09656,if1","Qa XVI,2","unter der Abgleichung der Schicht III, 1,5 m über der Höhe des Kalksteinsockels// t.a.q. IIIc",,,,,"Vorderasiatisches Museum, Berlin, Germany",,,Administrative,undetermined,clay,"Englund1994ATU5; Falkenstein1936ATU1","primary; history","pl. 114, W 9656,if1; 364","65x27x27 - same locus as W 9578,a - ATU 1, 364 - 23.1.1931.; ",,," ",0,0,,,0,0,0,0,,
1656,,"ATU 5, pl. 114, W 9656,if2",tablet,"Uruk IV (ca. 3350-3200 BC)","Uruk (mod. Warka)",,,,,,,"VAT 15100",,,,,,,0,0,0,0,34.0,19.0,15.0,,,"W 09656,if2","Qa XVI,2","unter der Abgleichung der Schicht III, 1,5 m über der Höhe des Kalksteinsockels// t.a.q. IIIc",,,,,"Vorderasiatisches Museum, Berlin, Germany",,,Administrative,undetermined,clay,Englund1994ATU5,primary,"pl. 114, W 9656,if2","34x15x19 - same locus as W 9578,a - 23.1.1931.",,," ",0,0,,,0,0,0,0,,
1657,,"ATU 5, pl. 114, W 9656,ig",tablet,"Uruk IV (ca. 3350-3200 BC)","Uruk (mod. Warka)",,,,,,,"VAT 15348",,,,,,,0,0,0,0,34.0,24.0,33.0,,,"W 09656,ig","Qa XVI,2","unter der Abgleichung der Schicht III, 1,5 m über der Höhe des Kalksteinsockels// t.a.q. IIIc",,,,,"Vorderasiatisches Museum, Berlin, Germany",,,Administrative,undetermined,clay,"Englund1994ATU5; Falkenstein1936ATU1","primary; history","pl. 114, W 9656,ig; 455","34x33x24 - same locus as W 9578,a - ATU 1, 455 - 23.1.1931.; ",,," ",0,0,,,0,0,0,0,,
1658,,"ATU 5, pl. 114, W 9656,ih",tablet,"Uruk IV (ca. 3350-3200 BC)","Uruk (mod. Warka)",,,,,,,"VAT 15028",,,,,,,0,0,0,0,40.0,28.0,39.0,,,"W 09656,ih","Qa XVI,2","unter der Abgleichung der Schicht III, 1,5 m über der Höhe des Kalksteinsockels// t.a.q. IIIc",,,,,"Vorderasiatisches Museum, Berlin, Germany",,,Administrative,undetermined,clay,"Englund1994ATU5; Falkenstein1936ATU1","primary; history","pl. 114, W 9656,ih; 393","40x39x28 - same locus as W 9578,a - ATU 1, 393 - 23.1.1931.; ",,," ",0,0,,,0,0,0,0,,
1659,,"ATU 5, pl. 114, W 9656,ii",tablet,"Uruk IV (ca. 3350-3200 BC)","Uruk (mod. Warka)",,,,,,,"VAT 15047",,,,,,,0,0,0,0,45.0,14.0,37.0,,,"W 09656,ii","Qa XVI,2","unter der Abgleichung der Schicht III, 1,5 m über der Höhe des Kalksteinsockels// t.a.q. IIIc",,,,,"Vorderasiatisches Museum, Berlin, Germany",,,Administrative,undetermined,clay,"Englund1994ATU5; Falkenstein1936ATU1","primary; history","pl. 114, W 9656,ii; 200","45x37x14 - same locus as W 9578,a - ATU 1, 200 - 23.1.1931.; ",,," ",0,0,,,0,0,0,0,,
1660,,"ATU 5, pl. 114, W 9656,ik",tablet,"Uruk IV (ca. 3350-3200 BC)","Uruk (mod. Warka)",,,,,,,"VAT 15040",,,,,,,0,0,0,0,23.0,21.0,18.0,,,"W 09656,ik","Qa XVI,2","unter der Abgleichung der Schicht III, 1,5 m über der Höhe des Kalksteinsockels// t.a.q. IIIc",,,,,"Vorderasiatisches Museum, Berlin, Germany",,,Administrative,undetermined,clay,"Englund1994ATU5; Falkenstein1936ATU1","primary; history","pl. 114, W 9656,ik; 434","23x18x21 - same locus as W 9578,a - ATU 1, 434 - 23.1.1931.; ",,," ",0,0,,,0,0,0,0,,
1661,,"ATU 5, pl. 115, W 9656,il",tablet,"Uruk IV (ca. 3350-3200 BC)","Uruk (mod. Warka)",,,,,,,"VAT 14962",,,,,,,0,0,0,0,47.0,19.0,23.0,,,"W 09656,il","Qa XVI,2","unter der Abgleichung der Schicht III, 1,5 m über der Höhe des Kalksteinsockels// t.a.q. IIIc",,,,,"Vorderasiatisches Museum, Berlin, Germany",,,Administrative,undetermined,clay,"Englund1994ATU5; Falkenstein1936ATU1","primary; history","pl. 115, W 9656,il; 124","47x23x19 - same locus as W 9578,a - ATU 1, 124 - 23.1.1931.; ",,," ",0,0,,,0,0,0,0,,
1662,,"ATU 5, pl. 115, W 9656,im1",tablet,"Uruk IV (ca. 3350-3200 BC)","Uruk (mod. Warka)",,,,,,,"VAT 14914",,,,,,,0,0,0,0,27.0,14.0,36.0,,,"W 09656,im1","Qa XVI,2","unter der Abgleichung der Schicht III, 1,5 m über der Höhe des Kalksteinsockels// t.a.q. IIIc",,,,,"Vorderasiatisches Museum, Berlin, Germany",,,Administrative,undetermined,clay,"Englund1994ATU5; Falkenstein1936ATU1","primary; history","pl. 115, W 9656,im1; 461","27x36x14 - same locus as W 9578,a - ATU 1, 461 - 23.1.1931 - this and the following tablet bore the excavation number ""W 9656,im"".; ",,," ",0,0,,,0,0,0,0,,
1663,,"ATU 5, pl. 115, W 9656,im2",tablet,"Uruk IV (ca. 3350-3200 BC)","Uruk (mod. Warka)",,,,,,,"VAT 21394",,,,,,,0,0,0,0,19.0,15.0,20.0,,,"W 09656,im2","Qa XVI,2","unter der Abgleichung der Schicht III, 1,5 m über der Höhe des Kalksteinsockels",,,,,"Vorderasiatisches Museum, Berlin, Germany",,,Administrative,undetermined,clay,Englund1994ATU5,primary,"pl. 115, W 9656,im2","19x20x15 - same locus as W 9578,a - 23.1.1931 - see the remarks above.",,," ",0,0,,,0,0,0,0,,
1664,,"ATU 5, pl. 115, W 9656,in",tablet,"Uruk IV (ca. 3350-3200 BC)","Uruk (mod. Warka)",,,,,,,"VAT 14675",,,,,,,0,0,0,0,45.0,16.0,30.0,,,"W 09656,in","Qa XVI,2","unter der Abgleichung der Schicht III, 1,5 m über der Höhe des Kalksteinsockels// t.a.q. IIIc",,,,,"Vorderasiatisches Museum, Berlin, Germany",,,Administrative,undetermined,clay,"Englund1994ATU5; Englund1998OBO160/1; Falkenstein1936ATU1","primary; history; history","pl. 115, W 9656,in; p. 154 fig. 52; 62","45x30x16 - same locus as W 9578,a - ATU 1, 62 - 23.1.1931 - see the remarks to W 9123,b - photo courtesy of VAM.; copy; ",,,"with drawing ",0,0,,,0,0,0,0,,
1665,,"ATU 5, pl. 115, W 9656,io",tablet,"Uruk IV (ca. 3350-3200 BC)","Uruk (mod. Warka)",,,,,,,"VAT 14926",,,,,,,0,0,0,0,47.0,18.0,32.0,,,"W 09656,io","Qa XVI,2","unter der Abgleichung der Schicht III, 1,5 m über der Höhe des Kalksteinsockels// t.a.q. IIIc",,,,,"Vorderasiatisches Museum, Berlin, Germany",,,Administrative,undetermined,clay,"Englund1994ATU5; Falkenstein1936ATU1","primary; history","pl. 115, W 9656,io; 470","47x32x18 - same locus as W 9578,a - ATU 1, 470 - 23.1.1931.; ",,," ",0,0,,,0,0,0,0,,
1666,,"ATU 5, pl. 115, W 9656,ip",tablet,"Uruk IV (ca. 3350-3200 BC)","Uruk (mod. Warka)",,,,,,,"VAT 21383",,,,,,,0,0,0,0,18.0,11.0,22.0,,,"W 09656,ip","Qa XVI,2","unter der Abgleichung der Schicht III, 1,5 m über der Höhe des Kalksteinsockels// t.a.q. IIIc",,,,,"Vorderasiatisches Museum, Berlin, Germany",,,Administrative,undetermined,clay,Englund1994ATU5,primary,"pl. 115, W 9656,ip","18x22x11 - same locus as W 9578,a - 23.1.1931.",,," ",0,0,,,0,0,0,0,,
1667,,"ATU 5, pl. 115, W 9656,iq",tablet,"Uruk IV (ca. 3350-3200 BC)","Uruk (mod. Warka)",,,,,,,"VAT 14931",,,,,,,0,0,0,0,74.0,26.0,52.0,,,"W 09656,iq","Qa XVI,2","unter der Abgleichung der Schicht III, 1,5 m über der Höhe des Kalksteinsockels// t.a.q. IIIc",,,,,"Vorderasiatisches Museum, Berlin, Germany",,,Administrative,undetermined,clay,"Englund1994ATU5; Falkenstein1936ATU1","primary; history","pl. 115, W 9656,iq; 257","74x52x26 - same locus as W 9578,a - ATU 1, 257 - 23.1.1931 - the text was apparently discontinued after partially completing the first case (a sign in the second column was also partially erased).; ",,," ",0,0,,,0,0,0,0,,
1668,,"ATU 5, pl. 115, W 9656,ir",tablet,"Uruk IV (ca. 3350-3200 BC)","Uruk (mod. Warka)",,,,,,,"VAT 21289",,,,,,,0,0,0,0,44.0,16.0,35.0,,,"W 09656,ir","Qa XVI,2","unter der Abgleichung der Schicht III, 1,5 m über der Höhe des Kalksteinsockels",,,,,"Vorderasiatisches Museum, Berlin, Germany",,,Administrative,undetermined,clay,Englund1994ATU5,primary,"pl. 115, W 9656,ir","44x35x16 - same locus as W 9578,a - 23.1.1931 - ""blank"" tablet.",,," ",0,0,,,0,0,0,0,,
1669,,"ATU 5, pl. 115, W 9656,is",tablet,"Uruk IV (ca. 3350-3200 BC)","Uruk (mod. Warka)",,,,,,,"VAT 21290",,,,,,,0,0,0,0,78.0,38.0,52.0,,,"W 09656,is","Qa XVI,2","unter der Abgleichung der Schicht III, 1,5 m über der Höhe des Kalksteinsockels",,,,,"Vorderasiatisches Museum, Berlin, Germany",,,Administrative,undetermined,clay,Englund1994ATU5,primary,"pl. 115, W 9656,is","78x52x38 - same locus as W 9578,a - 23.1.1931 - ""blank"" tablet.",,," ",0,0,,,0,0,0,0,,
1670,,"ATU 5, pl. 116, W 9656,it",tablet,"Uruk IV (ca. 3350-3200 BC)","Uruk (mod. Warka)",,,,,,,"VAT 21291",,,,,,,0,0,0,0,63.0,19.0,43.0,,,"W 09656,it","Qa XVI,2","unter der Abgleichung der Schicht III, 1,5 m über der Höhe des Kalksteinsockels",,,,,"Vorderasiatisches Museum, Berlin, Germany",,,Administrative,undetermined,clay,Englund1994ATU5,primary,"pl. 116, W 9656,it","63x43x19 - same locus as W 9578,a - 23.1.1931 - ""blank"" tablet.",,," ",0,0,,,0,0,0,0,,
1671,,"ATU 5, pl. 116, W 9656,iu",tablet,"Uruk IV (ca. 3350-3200 BC)","Uruk (mod. Warka)",,,,,,,"VAT 21292",,,,,,,0,0,0,0,72.0,30.0,50.0,,,"W 09656,iu","Qa XVI,2","unter der Abgleichung der Schicht III, 1,5 m über der Höhe des Kalksteinsockels",,,,,"Vorderasiatisches Museum, Berlin, Germany",,,Administrative,undetermined,clay,Englund1994ATU5,primary,"pl. 116, W 9656,iu","72x50x30 - same locus as W 9578,a - 23.1.1931 - ""blank"" tablet.",,," ",0,0,,,0,0,0,0,,
1673,,"ATU 5, pl. 116, W 9656,ix",tablet,"Uruk IV (ca. 3350-3200 BC)","Uruk (mod. Warka)",,,,,,,"VAT 21294",,,,,,,0,0,0,0,66.0,27.0,47.0,,,"W 09656,ix","Qa XVI,2","unter der Abgleichung der Schicht III, 1,5 m über der Höhe des Kalksteinsockels",,,,,"Vorderasiatisches Museum, Berlin, Germany",,,Administrative,undetermined,clay,Englund1994ATU5,primary,"pl. 116, W 9656,ix","66x47x27 - same locus as W 9578,a - 23.1.1931 - ""blank"" tablet.",,," ",0,0,,,0,0,0,0,,
1675,,"ATU 5, pl. 116, W 9656,iz",tablet,"Uruk IV (ca. 3350-3200 BC)","Uruk (mod. Warka)",,,,,,,"VAT 21296",,,,,,,0,0,0,0,51.0,22.0,46.0,,,"W 09656,iz","Qa XVI,2","unter der Abgleichung der Schicht III, 1,5 m über der Höhe des Kalksteinsockels",,,,,"Vorderasiatisches Museum, Berlin, Germany",,,Administrative,undetermined,clay,Englund1994ATU5,primary,"pl. 116, W 9656,iz","51x46x22 - same locus as W 9578,a - 23.1.1931 - ""blank"" tablet.",,," ",0,0,,,0,0,0,0,,
1676,,"ATU 5, pl. 117, W 9656,ka",tablet,"Uruk IV (ca. 3350-3200 BC)","Uruk (mod. Warka)",,,,,,,"VAT 21297",,,,,,,0,0,0,0,74.0,26.0,52.0,,,"W 09656,ka","Qa XVI,2","unter der Abgleichung der Schicht III, 1,5 m über der Höhe des Kalksteinsockels",,,,,"Vorderasiatisches Museum, Berlin, Germany",,,Administrative,undetermined,clay,Englund1994ATU5,primary,"pl. 117, W 9656,ka","74x52x26 - same locus as W 9578,a - 23.1.1931.",,," ",0,0,,,0,0,0,0,,
1693,,"ATU 5, pl. 120, W 10133,b",tablet,"Uruk IV (ca. 3350-3200 BC)","Uruk (mod. Warka)",,,,,,,"VA 14887",,,,,,,0,0,0,0,77.0,27.0,76.0,,,"W 10133,b","K XVII,?","auf Boden des weißen Tempels im südlichen Treppenhaus zwischen nö Wand und Treppenwange",,,,,"Vorderasiatisches Museum, Berlin, Germany",,,Administrative,undetermined,gypsum,Englund1994ATU5,primary,"pl. 120, W 10133,b","77x76x27 - same locus as W 10133,a - 12.2.1931 - sealed gypsum tablet.",,," ",0,0,,,0,0,0,0,,
1694,,"ATU 5, pl. 120, W 10133,c",tablet,"Uruk IV (ca. 3350-3200 BC)","Uruk (mod. Warka)",,,,,,,"VA 14887",,,,,,,0,0,0,0,73.0,23.0,92.0,,,"W 10133,c","K XVII,?","auf Boden des weißen Tempels im südlichen Treppenhaus zwischen nö Wand und Treppenwange",,,,,"Vorderasiatisches Museum, Berlin, Germany",,,Administrative,undetermined,gypsum,Englund1994ATU5,primary,"pl. 120, W 10133,c","73x92x23 - same locus as W 10133,a - 12.2.1931 - gypsum tablet.",,," ",0,0,,,0,0,0,0,,
1695,,"ATU 5, pl. 120, W 10133,d",tablet,"Uruk IV (ca. 3350-3200 BC)","Uruk (mod. Warka)",,,,,,,"VA 14887",,,,,,,0,0,0,0,68.0,25.0,77.0,,,"W 10133,d","K XVII,?","auf Boden des weißen Tempels im südlichen Treppenhaus zwischen nö Wand und Treppenwange",,,,,"Vorderasiatisches Museum, Berlin, Germany",,,Administrative,undetermined,gypsum,Englund1994ATU5,primary,"pl. 120, W 10133,d","68x77x25 - same locus as W 10133,a - 12.2.1931 - sealed gypsum tablet.",,," ",0,0,,,0,0,0,0,,
1696,,"ATU 5, pl. 120, W 10133,e",tablet,"Uruk IV (ca. 3350-3200 BC)","Uruk (mod. Warka)",,,,,,,"VA 14887",,,,,,,0,0,0,0,121.0,30.0,122.0,,,"W 10133,e","K XVII,?","auf Boden des weißen Tempels im südlichen Treppenhaus zwischen nö Wand und Treppenwange",,,,,"Vorderasiatisches Museum, Berlin, Germany",,,Administrative,undetermined,gypsum,Englund1994ATU5,primary,"pl. 120, W 10133,e","121x122x30 - same locus as W 10133,a - 12.2.1931 - gypsum tablet.",,," ",0,0,,,0,0,0,0,,
1698,,"ATU 5, pl. 120, W 10187,a",tablet,"Uruk IV (ca. 3350-3200 BC)","Uruk (mod. Warka)",,,,,,,"VA 14887",,,,,,,0,0,0,0,83.0,21.0,99.0,,,"W 10187,a","K XVII,?","aus südlichem Treppenraum auf Boden",,,,,"Vorderasiatisches Museum, Berlin, Germany",,,Administrative,undetermined,gypsum,Englund1994ATU5,primary,"pl. 120, W 10187,a","83x99x21 - K XVII, on the floor of the southern room with staircase - 13.2.1931 - gypsum tablet.",,," ",0,0,,,0,0,0,0,,
1699,,"ATU 5, pl. 120, W 10187,b",tablet,"Uruk IV (ca. 3350-3200 BC)","Uruk (mod. Warka)",,,,,,,"VA 14887",,,,,,,0,0,0,0,111.0,41.0,120.0,,,"W 10187,b","K XVII,?","aus südlichem Treppenraum auf Boden",,,,,"Vorderasiatisches Museum, Berlin, Germany",,,Administrative,undetermined,gypsum,Englund1994ATU5,primary,"pl. 120, W 10187,b","111x120x41 - same locus as W 10187,a - 13.2.1931 - gypsum tablet, circular impression has a diameter of 45 mm.",,," ",0,0,,,0,0,0,0,,
1700,,"ATU 5, pl. 120, W 10187,c+",tablet,"Uruk IV (ca. 3350-3200 BC)","Uruk (mod. Warka)",,,,,,,"VA 14887",,,,,,,0,0,0,0,99.0,31.0,103.0,,,"W 10187,c + W 16351","K XVII,?","aus südlichem Treppenraum auf Boden (W 10187,c); XXX (W 16351)",,,,,"Vorderasiatisches Museum, Berlin, Germany",,,Administrative,undetermined,gypsum,Englund1994ATU5,primary,"pl. 120, W 10187,c+","99x103x31 - same locus as W 10187,a (W 10187,c), K XVII, from the large mud bricks at the southwestern side of the White Temple (W 16351) - 13.2.1931 (W 10187,c), 28.1.1936 (W 16351, 8th campaign) - gypsum tablet.",,," ",0,0,,,0,0,0,0,,
1701,,"ATU 5, pl. 121, W 10187,d+",tablet,"Uruk IV (ca. 3350-3200 BC)","Uruk (mod. Warka)",,,,,,,"VA 14887",,,,,,,0,0,0,0,106.0,29.0,103.0,,,"W 10187,d + W 16243","K XVII,?","aus südlichem Treppenraum auf Boden (W 10187,d); XXX (W 16243)",,,,,"Vorderasiatisches Museum, Berlin, Germany",,,Administrative,undetermined,gypsum,Englund1994ATU5,primary,"pl. 121, W 10187,d+","106x103x29 - same locus as W 10187,a (W 10187,d), K XVII, from the uppermost rubbish layer above the Seleucid mudbricks (W 16243) - 13.2.1931 (W 10187,d), 6.1.1936 (W 16243, 8th campaign) - gypsum tablet, W 16243 as of April 1990 missing in the Iraq Museum.",,," ",0,0,,,0,0,0,0,,
2577,,"ATU 5, pl. 121, W 16050",tablet,"Uruk IV (ca. 3350-3200 BC)","Uruk (mod. Warka)",,,,,,,"VA 14887",,,,,,,0,0,0,0,81.0,35.0,85.0,,,"W 16050","K XVII,?","aus den großformatigen Lehmziegeln des Hofes des Weißen Tempels",,,,,"Vorderasiatisches Museum, Berlin, Germany",,,Administrative,undetermined,gypsum,Englund1994ATU5,primary,"pl. 121, W 16050","81x85x35 - K XVII, from the large mud bricks of the court of the White Temple - 14.11.1935, 8th campaign - gypsum tablet.",,," ",0,0,,,0,0,0,0,,
2580,,"ATU 5, pl. 121, W 16139,a",tablet,"Uruk IV (ca. 3350-3200 BC)","Uruk (mod. Warka)",,,,,,,"VA 14887",,,,,,,0,0,0,0,79.0,25.0,84.0,,,"W 16139,a","K XVII,?","SW-Seite des Weißen Tempels vor der Nische südlich neben der Außentür zu Raum 3 auf dem Fußboden zwischen Einmauerung und Tempelwand",,,,,"Vorderasiatisches Museum, Berlin, Germany",,,Administrative,undetermined,gypsum,Englund1994ATU5,primary,"pl. 121, W 16139,a","79x84x25 - K XVII, southwestern side of the White Temple, in front of the niche south of the door leading into room 3, on the floor between enclosure and wall of the temple - 7.12.1935, 8th campaign - sealed gypsum tablet.",,," ",0,0,,,0,0,0,0,,
2581,,"ATU 5, pl. 121, W 16139,b",tablet,"Uruk IV (ca. 3350-3200 BC)","Uruk (mod. Warka)",,,,,,S999999,"VA 14887",,,,,,,0,0,0,0,74.0,25.0,91.0,,,"W 16139,b","K XVII,?","SW-Seite des Weißen Tempels vor der Nische südlich neben der Außentür zu Raum 3 auf dem Fußboden zwischen Einmauerung und Tempelwand",,,,,"Vorderasiatisches Museum, Berlin, Germany",,,Administrative,undetermined,gypsum,Englund1994ATU5,primary,"pl. 121, W 16139,b","74x91x25 - same locus as W 16139,a - 7.12.1935, 8th campaign - sealed gypsum tablet.",,," ",0,0,,,0,0,0,0,,
2583,,"ATU 5, pl. 121, W 16139,d",tablet,"Uruk IV (ca. 3350-3200 BC)","Uruk (mod. Warka)",,,,,,,"IM —",,,,,,,0,0,0,0,,,,,,"W 16139,d","K XVII,?","SW-Seite des Weißen Tempels vor der Nische südlich neben der Außentür zu Raum 3 auf dem Fußboden zwischen Einmauerung und Tempelwand",,,,,"National Museum of Iraq, Baghdad, Iraq",,,Administrative,undetermined,gypsum,Englund1994ATU5,primary,"pl. 121, W 16139,d","91x97x(?) - same locus as W 16139,a - 7.12.1935, 8th campaign - gypsum tablet, as of April 1990 missing in the Iraq Museum.",,," ",0,0,,,0,0,0,0,,
2584,,"ATU 5, pl. 121, W 16139,e",tablet,"Uruk IV (ca. 3350-3200 BC)","Uruk (mod. Warka)",,,,,,,"VA 14887",,,,,,,0,0,0,0,86.0,25.0,92.0,,,"W 16139,e","K XVII,?","SW-Seite des Weißen Tempels vor der Nische südlich neben der Außentür zu Raum 3 auf dem Fußboden zwischen Einmauerung und Tempelwand",,,,,"Vorderasiatisches Museum, Berlin, Germany",,,Administrative,undetermined,gypsum,"Englund1994ATU5; sec1657; sec1658","primary; history; history","pl. 121, W 16139,e; ; ","86x92x25 - same locus as W 16139,a - H. Nissen, World Archaeology 17 (1986) 323, obv. photo - Frühe Schrift, p. 172, fig. 18d, no. 6.7 = Archaic Bookkeeping, p. 128, fig. 110 left - 7.12.1935, 8th campaign - gypsum tablet.; ; ",,," ",0,0,,,0,0,0,0,,
2585,,"ATU 5, pl. 121, W 16139,f",tablet,"Uruk IV (ca. 3350-3200 BC)","Uruk (mod. Warka)",,,,,,,"IM —",,,,,,,0,0,0,0,,,,,,"W 16139,f","K XVII,?","SW-Seite des Weißen Tempels vor der Nische südlich neben der Außentür zu Raum 3 auf dem Fußboden zwischen Einmauerung und Tempelwand",,,,,"National Museum of Iraq, Baghdad, Iraq",,,Administrative,undetermined,gypsum,Englund1994ATU5,primary,"pl. 121, W 16139,f","81x86x(?) - same locus as W 16139,a - 7.12.1935, 8th campaign - gypsum tablet, as of April 1990 missing in the Iraq Museum.",,," ",0,0,,,0,0,0,0,,
1706,,"ATU 6, pl. 003, W 10595",tablet,"Uruk IV (ca. 3350-3200 BC)","Uruk (mod. Warka)",,,,,,,"VAT 16934",,,,,,,0,0,0,0,59.0,18.0,29.0,,,"W 10595","Pb XVI,?","3 m westlich des Stiftrundpfeilers in den waagerechten Schichten",,,,,"Vorderasiatisches Museum, Berlin, Germany",,,Administrative,undetermined,clay,Englund2005ATU6,primary,"pl. 3, W 10595","Fundstelle wie W 10594+ - 4 - .",,," ",0,0,,,0,0,0,0,,
1713,,"ATU 6, pl. 004, W 10602",tablet,"Uruk IV (ca. 3350-3200 BC)","Uruk (mod. Warka)",,,,,,,"VAT 17871",,,,,,,0,0,0,0,55.0,18.0,31.0,,,"W 10602","Pb XVI,?","3 m westlich des Stiftrundpfeilers in den waagerechten Schichten",,,,,"Vorderasiatisches Museum, Berlin, Germany",,,Administrative,undetermined,clay,Englund2005ATU6,primary,"pl. 4, W 10602","Fundstelle wie W 10594+ - 4 - s. J. Friberg, AfO 44/45 (1997/98) 32.",,," ",0,0,,,0,0,0,0,,
1725,,"ATU 6, pl. 005, W 10613,a2",tablet,"Uruk IV (ca. 3350-3200 BC)","Uruk (mod. Warka)",,,,,,,"VAT 21423",,,,"uncertain, dated to IV due to use of stylus shank divider in W 10613,f",,,0,0,0,0,36.0,17.0,23.0,,,"W 10613,a2","Pb XVI,?","+ 19,80 3 m w.d. Stiftrundpfeilers, in den wagerechten Schichten",,,,,"Vorderasiatisches Museum, Berlin, Germany",,,Administrative,undetermined,clay,Englund2005ATU6,primary,"pl. 5, W 10613,a2","Fundstelle wie W 10594+ - 4?.",,," ",0,0,,,0,0,0,0,,
1727,,"ATU 6, pl. 005, W 10613,b2",tablet,"Uruk IV (ca. 3350-3200 BC)","Uruk (mod. Warka)",,,,,,,"VAT 21424",,,,"uncertain, dated to IV due to use of stylus shank divider in W 10613,f",,,0,0,0,0,24.0,17.0,32.0,,,"W 10613,b2","Pb XVI,?","+ 19,80 3 m w.d. Stiftrundpfeilers, in den wagerechten Schichten",,,,,"Vorderasiatisches Museum, Berlin, Germany",,,Administrative,undetermined,clay,Englund2005ATU6,primary,"pl. 5, W 10613,b2","Fundstelle wie W 10594+ - 4?.",,," ",0,0,,,0,0,0,0,,
1728,,"ATU 6, pl. 005, W 10613,c",tablet,"Uruk IV (ca. 3350-3200 BC)","Uruk (mod. Warka)",,,,,,,"VAT 21425",,,,"uncertain, dated to IV due to use of stylus shank divider in W 10613,f",,,0,0,0,0,34.0,16.0,32.0,,,"W 10613,c","Pb XVI,?","3 m westlich des Stiftrundpfeilers in den waagerechten Schichten",,,,,"Vorderasiatisches Museum, Berlin, Germany",,,Administrative,undetermined,clay,Englund2005ATU6,primary,"pl. 5, W 10613,c","Fundstelle wie W 10594+ - 4?.",,," ",0,0,,,0,0,0,0,,
1729,,"ATU 6, pl. 005, W 10613,d1",tablet,"Uruk IV (ca. 3350-3200 BC)","Uruk (mod. Warka)",,,,,,,"VAT 21426",,,,"uncertain, dated to IV due to use of stylus shank divider in W 10613,f",,,0,0,0,0,29.0,10.0,19.0,,,"W 10613,d1","Pb XVI,?","+ 19,80 3 m w.d. Stiftrundpfeilers, in den wagerechten Schichten",,,,,"Vorderasiatisches Museum, Berlin, Germany",,,Administrative,undetermined,clay,Englund2005ATU6,primary,"pl. 5, W 10613,d1","Fundstelle wie W 10594+ - 4?.",,," ",0,0,,,0,0,0,0,,
1734,,"ATU 6, pl. 006, W 10613,g",tablet,"Uruk IV (ca. 3350-3200 BC)","Uruk (mod. Warka)",,,,,,,"VAT 21429",,,,"uncertain, dated to IV due to use of stylus shank divider in W 10613,f",,,0,0,0,0,25.0,12.0,10.0,,,"W 10613,g","Pb XVI,?","+ 19,80 3 m w.d. Stiftrundpfeilers, in den wagerechten Schichten",,,,,"Vorderasiatisches Museum, Berlin, Germany",,,Administrative,undetermined,clay,Englund2005ATU6,primary,"pl. 6, W 10613,g","Fundstelle wie W 10594+ - 4?.",,," ",0,0,,,0,0,0,0,,
1738,,"ATU 6, pl. 006, W 10617",tablet,"Uruk IV (ca. 3350-3200 BC)","Uruk (mod. Warka)",,,,,,,"VAT 17878",,,,,,,0,0,0,0,56.0,17.0,30.0,,,"W 10617","Pb XVI,?","3 m westlich des Stiftrundpfeilers in den waagerechten Schichten",,,,,"Vorderasiatisches Museum, Berlin, Germany",,,Administrative,undetermined,clay,Englund2005ATU6,primary,"pl. 6, W 10617","Fundstelle wie W 10594+ - 4 - .",,," ",0,0,,,0,0,0,0,,
1742,,"ATU 6, pl. 007, W 10620",tablet,"Uruk IV (ca. 3350-3200 BC)","Uruk (mod. Warka)",,,,,,,"VAT 17865",,,,,,,0,0,0,0,33.0,14.0,37.0,,,"W 10620","Pb XVI,?","3 m westlich des Stiftrundpfeilers in den waagerechten Schichten",,,,,"Vorderasiatisches Museum, Berlin, Germany",,,Administrative,undetermined,clay,Englund2005ATU6,primary,"pl. 7, W 10620","Fundstelle wie W 10594+ - 4 - .",,," ",0,0,,,0,0,0,0,,
1744,,"ATU 6, pl. 007, W 10622",tablet,"Uruk IV (ca. 3350-3200 BC)","Uruk (mod. Warka)",,,,,,,"VAT 17883, b",,,,,,,0,0,0,0,41.0,17.0,27.0,,,"W 10622","Pb XVI,?","3 m westlich des Stiftrundpfeilers in den waagerechten Schichten",,,,,"Vorderasiatisches Museum, Berlin, Germany",,,Administrative,undetermined,clay,Englund2005ATU6,primary,"pl. 7, W 10622","Fundstelle wie W 10594+ - 4 - .",,," ",0,0,,,0,0,0,0,,
1754,,"ATU 6, pl. 007, W 10629",tablet,"Uruk IV (ca. 3350-3200 BC)","Uruk (mod. Warka)",,,,,,,"VAT 17883, a",,,,,,,0,0,0,0,24.0,15.0,38.0,,,"W 10629","Pb XVI,?","3 m westlich des Stiftrundpfeilers in den waagerechten Schichten",,,,,"Vorderasiatisches Museum, Berlin, Germany",,,Administrative,undetermined,clay,Englund2005ATU6,primary,"pl. 7, W 10629","Fundstelle wie W 10594+ - 4 - .",,," ",0,0,,,0,0,0,0,,
1760,,"ATU 6, pl. 008, W 10736",tablet,"Uruk IV (ca. 3350-3200 BC)","Uruk (mod. Warka)",,,,,,,"VAT 16736",,,,,,,0,0,0,0,89.0,23.0,85.0,,,"W 10736","Pa XVI,5","+20.10 m, in den Schwemmschichten ca.7 m südlich vor den letzten Ziegeln des Sargon-Zingels",,,,,"Vorderasiatisches Museum, Berlin, Germany",,,Administrative,undetermined,clay,"Englund2005ATU6; Green1987ATU2","primary; history","pl. 8, W 10736; pl. 45","Pa XVI,5, +20.10 m, in den Schwemmschichten ca. 7 m südlich vor den letzten Ziegeln des Sargon-Zingels - 4 - ATU 2, Taf. 45 (Kopie und Foto) - die Tafel trägt Rs. ii 2 den vermeintlichen Eindruck eines Griffels.; (p, c)",,," ",0,0,,,0,0,0,0,,
1764,,"ATU 6, pl. 009, W 10802",tablet,"Uruk IV (ca. 3350-3200 BC)","Uruk (mod. Warka)",,,,,,,"VAT 17857",,,,,,,0,0,0,0,69.0,33.0,56.0,,,"W 10802","Pb XVI,5","+19.30 m, 5 m südwestlich des 2. Rundpfeilers",,,,,"Vorderasiatisches Museum, Berlin, Germany",,,Administrative,undetermined,clay,"Englund2005ATU6; Green1987ATU2","primary; history","pl. 9, W 10802; pl. 51","Pb XVI,5, +19.30 m, 5 m südwestlich des 2. Rundpfeilers - 4 - ATU 2, Taf. 51 (Vs. Kopie und Foto, Rs. Kopie).; obv. (p, c), rev. (c)",,," ",0,0,,,0,0,0,0,,
1771,,"ATU 6, pl. 010, W 10825",tablet,"Uruk IV (ca. 3350-3200 BC)","Uruk (mod. Warka)",,,,,,,"VAT 16950",,,,,,,0,0,0,0,48.0,37.0,67.0,,,"W 10825","Pa XVI,5","+20.00 m, 1 m westlich des halbrunden Pfeilers auf der Schicht großformatiger Libn",,,,,"Vorderasiatisches Museum, Berlin, Germany",,,Administrative,undetermined,clay,Englund2005ATU6,primary,"pl. 10, W 10825","Pa XVI,5, +20.00 m, 1 m westlich des halbrunden Pfeilers auf der Schicht großformatiger Libn - 4 - Fragment einer großen Tafel.",,," ",0,0,,,0,0,0,0,,
2030,,"ATU 6, pl. 042, W 14335,k",tablet,"Uruk IV (ca. 3350-3200 BC)","Uruk (mod. Warka)",,,,,,,"VAT 16965",,,,,,,0,0,0,0,52.0,14.0,34.0,,,"W 14335,k","Od XVI,5","ca 20.20 m, in Raum von III",,,,,"Vorderasiatisches Museum, Berlin, Germany",,,Administrative,undetermined,clay,Englund2005ATU6,primary,"pl. 42, W 14335,k","Fundstelle wie W 14327 - 4.",,," ",0,0,,,0,0,0,0,,
2048,,"ATU 6, pl. 043, W 14338,a+",tablet,"Uruk IV (ca. 3350-3200 BC)","Uruk (mod. Warka)",,,,,,,"VAT 16760",,,,,,,0,0,0,0,74.0,20.0,54.0,,,"W 14338,a + W 14338,b","Od XVI,5","ca 20.20 m, in Raum von III",,,,,"Vorderasiatisches Museum, Berlin, Germany",,,Administrative,undetermined,clay,Englund2005ATU6,primary,"pl. 43, W 14338,a+","Fundstelle wie W 14327 - 4 - auf der Tafel ist „VAT 14760"" geschrieben -",,," ",0,0,,,0,0,0,0,,
2051,,"ATU 6, pl. 043, W 14338,d",tablet,"Uruk IV (ca. 3350-3200 BC)","Uruk (mod. Warka)",,,,,,,"VAT 16827",,,,,,,0,0,0,0,37.0,12.0,25.0,,,"W 14338,d","Od XVI,5","ca 20.20 m, in Raum von III",,,,,"Vorderasiatisches Museum, Berlin, Germany",,,Administrative,undetermined,clay,Englund2005ATU6,primary,"pl. 43, W 14338,d","Fundstelle wie W 14327 - 4.",,," ",0,0,,,0,0,0,0,,
2052,,"ATU 6, pl. 043, W 14341",tablet,"Uruk IV (ca. 3350-3200 BC)","Uruk (mod. Warka)",,,,,,S999999,"VAT 16946",,,,,,,0,0,0,0,50.0,14.0,34.0,,,"W 14341","Od XVI,5","ca 20.20 m, in Raum von III",,,,,"Vorderasiatisches Museum, Berlin, Germany",,,Administrative,undetermined,clay,Englund2005ATU6,primary,"pl. 43, W 14341","Fundstelle wie W 14327 4 - gesiegelt.",,," ",0,0,,,0,0,0,0,,
2054,,"ATU 6, pl. 044, W 14354,a",tablet,"Uruk IV (ca. 3350-3200 BC)","Uruk (mod. Warka)",,,,,,,"VAT 16755",,,,,,,0,0,0,0,81.0,18.0,56.0,,,"W 14354,a","Oc XVI,5","+19.60 m, in Schicht III",,,,,"Vorderasiatisches Museum, Berlin, Germany",,,Administrative,undetermined,clay,Englund2005ATU6,primary,"pl. 44, W 14354,a",,,," ",0,0,,,0,0,0,0,,
2060,,"ATU 6, pl. 045, W 14358",tablet,"Uruk IV (ca. 3350-3200 BC)","Uruk (mod. Warka)",,,,,,,"VAT 16847",,,,,,,0,0,0,0,34.0,12.0,28.0,,,"W 14358","Oc XVI,5","+19.60 m, in Schicht III",,,,,"Vorderasiatisches Museum, Berlin, Germany",,,Administrative,undetermined,clay,Englund2005ATU6,primary,"pl. 45, W 14358","Fundstelle wie W 14355 - 4.",,," ",0,0,,,0,0,0,0,,
2069,,"ATU 6, pl. 046, W 14366",tablet,"Uruk IV (ca. 3350-3200 BC)","Uruk (mod. Warka)",,,,,,,"VAT 16754",,,,,,,0,0,0,0,73.0,16.0,43.0,,,"W 14366","Oc XVI,5","+19.60 m, in Schicht III",,,,,"Vorderasiatisches Museum, Berlin, Germany",,,Administrative,undetermined,clay,Englund2005ATU6,primary,"pl. 46, W 14366","Fundstelle wie W 14355 - 4.",,," ",0,0,,,0,0,0,0,,
2076,,"ATU 6, pl. 046, W 14384",tablet,"Uruk IV (ca. 3350-3200 BC)","Uruk (mod. Warka)",,,,,,,"VAT 16850",,,,,,,0,0,0,0,48.0,17.0,46.0,,,"W 14384","Oc XVI,5","ca +20.40 m, in Schicht III",,,,,"Vorderasiatisches Museum, Berlin, Germany",,,Administrative,undetermined,clay,Englund2005ATU6,primary,"pl. 46, W 14384","Oc XVI,5, ca +20.40 m, in Schicht III - 4.",,," ",0,0,,,0,0,0,0,,
2079,,"ATU 6, pl. 046, W 14557",tablet,"Uruk IV (ca. 3350-3200 BC)","Uruk (mod. Warka)",,,,,,,"VAT 16752",,,,,,,0,0,0,0,34.0,13.0,36.0,,,"W 14557","Oe XVI,4","aus der Schuttschicht zwischen III und IVa, umittelbar über den IVa Mauern",,,,,"Vorderasiatisches Museum, Berlin, Germany",,,Administrative,undetermined,clay,Englund2005ATU6,primary,"pl. 46, W 14557","Oe XVI,4, aus der Schuttschicht zwischen III und IVa, umittelbar über den IVa Mauern - 4.",,," ",0,0,,,0,0,0,0,,
2080,,"ATU 6, pl. 046, W 14568",tablet,"Uruk IV (ca. 3350-3200 BC)","Uruk (mod. Warka)",,,,,,,"VAT 16893",,,,,,,0,0,0,0,51.0,18.0,39.0,,,"W 14568","Pb XVII,2","+18.50 m, im Füllschutt des Hauses aus Riemchen auf der Nord-Süd Terrasse",,,,,"Vorderasiatisches Museum, Berlin, Germany",,,Administrative,undetermined,clay,Englund2005ATU6,primary,"pl. 46, W 14568","Pb XVII,2, +18.50 m, im Füllschutt des Hauses aus Riemchen auf der Nord-Süd Terrasse - 4.",,," ",0,0,,,0,0,0,0,,
2081,,"ATU 6, pl. 047, W 14617",tablet,"Uruk IV (ca. 3350-3200 BC)","Uruk (mod. Warka)",,,,,,,"VAT 16753",,,,,,,0,0,0,0,58.0,23.0,44.0,,,"W 14617","Oc XVI,4","+19.80 m, im Riemchenschutt unmittelbar unter neubabylonischem Wohnhaus",,,,,"Vorderasiatisches Museum, Berlin, Germany",,,Administrative,undetermined,clay,Englund2005ATU6,primary,"pl. 47, W 14617","Oc XVI,4, +19.80 m, im Riemchenschutt unmittelbar unter neubabylonischem Wohnhaus - 4.",,," ",0,0,,,0,0,0,0,,
2083,,"ATU 6, pl. 047, W 14704,a",tablet,"Uruk IV (ca. 3350-3200 BC)","Uruk (mod. Warka)",,,,,,,"VAT 16783",,,,,,,0,0,0,0,51.0,17.0,35.0,,,"W 14704,a","Oe XVI,4","+19.50 m",,,,,"Vorderasiatisches Museum, Berlin, Germany",,,Administrative,undetermined,clay,Englund2005ATU6,primary,"pl. 47, W 14704,a","Oe XVI,4, +19.50 m - 4.",,," ",0,0,,,0,0,0,0,,
2097,,"ATU 6, pl. 049, W 14731,h",tablet,"Uruk IV (ca. 3350-3200 BC)","Uruk (mod. Warka)",,,,,,,"VAT 17725",,,,,,,0,0,0,0,43.0,17.0,40.0,,,"W 14731,h","Od XVI,5","+20 m, unter den gebrannten Ziegeln des späten Baues der Schicht III",,,,,"Vorderasiatisches Museum, Berlin, Germany",,,Administrative,undetermined,clay,Englund2005ATU6,primary,"pl. 49, W 14731,h","Fundstelle wie W 14731,a1 - 4.",,," ",0,0,,,0,0,0,0,,
2105,,"ATU 6, pl. 050, W 14731,q",tablet,"Uruk IV (ca. 3350-3200 BC)","Uruk (mod. Warka)",,,,,,,"VAT 17720",,,,,,,0,0,0,0,35.0,14.0,29.0,,,"W 14731,q","Od XVI,5","+20 m, unter den gebrannten Ziegeln des späten Baues der Schicht III",,,,,"Vorderasiatisches Museum, Berlin, Germany",,,Administrative,undetermined,clay,Englund2005ATU6,primary,"pl. 50, W 14731,q","Fundstelle wie W 14731,a1 - 3.",,," ",0,0,,,0,0,0,0,,
2130,,"ATU 6, pl. 053, W 14731,am",tablet,"Uruk IV (ca. 3350-3200 BC)","Uruk (mod. Warka)",,,,,,,"VAT 21493",,,,,,,0,0,0,0,60.0,18.0,53.0,,,"W 14731,am","Od XVI,5","+20 m, unter den gebrannten Ziegeln des späten Baues der Schicht III",,,,,"Vorderasiatisches Museum, Berlin, Germany",,,Administrative,undetermined,clay,Englund2005ATU6,primary,"pl. 53, W 14731,am","Fundstelle wie W 14731,a1 - 4.",,," ",0,0,,,0,0,0,0,,
2178,,"ATU 6, pl. 056, W 14777,a",tablet,"Uruk IV (ca. 3350-3200 BC)","Uruk (mod. Warka)",,,,,,,"VAT 17777",,,,,,,0,0,0,0,54.0,14.0,36.0,,,"W 14777,a","Oe XVI,3","+19.70 m",,,,,"Vorderasiatisches Museum, Berlin, Germany",,,Administrative,undetermined,clay,Englund2005ATU6,primary,"pl. 56, W 14777,a","Oe XVI,3, +19.70 m - 4.",,," ",0,0,,,0,0,0,0,,
2180,,"ATU 6, pl. 056, W 14777,d",tablet,"Uruk IV (ca. 3350-3200 BC)","Uruk (mod. Warka)",,,,,,,"VAT 16988",,,,,,,0,0,0,0,64.0,11.0,33.0,,,"W 14777,d","Oe XVI,3","+19.70 m",,,,,"Vorderasiatisches Museum, Berlin, Germany",,,Administrative,undetermined,clay,Englund2005ATU6,primary,"pl. 56, W 14777,d","Fundstelle wie W 14777,a - 4.",,," ",0,0,,,0,0,0,0,,
2186,,"ATU 6, pl. 057, W 14777,k",tablet,"Uruk IV (ca. 3350-3200 BC)","Uruk (mod. Warka)",,,,,,,"VAT 17766, c",,,,,,,0,0,0,0,16.0,17.0,32.0,,,"W 14777,k","Oe XVI,3","+19.70 m",,,,,"Vorderasiatisches Museum, Berlin, Germany",,,Administrative,undetermined,clay,Englund2005ATU6,primary,"pl. 57, W 14777,k","Fundstelle wie W 14777,a - 4.",,," ",0,0,,,0,0,0,0,,
2188,,"ATU 6, pl. 057, W 14777,m",tablet,"Uruk IV (ca. 3350-3200 BC)","Uruk (mod. Warka)",,,,,,,"VAT 17733",,,,,,,0,0,0,0,26.0,8.0,25.0,,,"W 14777,m","Oe XVI,3","+19.70 m",,,,,"Vorderasiatisches Museum, Berlin, Germany",,,Administrative,undetermined,clay,Englund2005ATU6,primary,"pl. 57, W 14777,m","Fundstelle wie W 14777,a - 4.",,," ",0,0,,,0,0,0,0,,
2201,,"ATU 6, pl. 059, W 15193",tablet,"Uruk IV (ca. 3350-3200 BC)","Uruk (mod. Warka)",,,,,,S999999,"VAT 21306",,,,,,,0,0,0,0,76.0,27.0,48.0,,,"W 15193","Oc/d XVI,5","in Aschenschicht 10 cm über Oberkante des IVb Baues, in der Tür aus dem großen Raum nach Nordwesten",,,,,"Vorderasiatisches Museum, Berlin, Germany",,,Administrative,undetermined,clay,Englund2005ATU6,primary,"pl. 59, W 15193","Oc/d XVI,5, in Aschenschicht 10 cm über Oberkante des IVb Baues, in der Tür aus dem großen Raum nach Nordwesten - 4? - die Eindrücke sind keine Zahlzeichen - gesiegelt.",,," ",0,0,,,0,0,0,0,,
2209,,"ATU 6, pl. 060, W 15692,a1",tablet,"Uruk IV (ca. 3350-3200 BC)","Uruk (mod. Warka)",,,,,,,"VAT 16856",,,,,,,0,0,0,0,47.0,18.0,40.0,,,"W 15692,a1","Nb XVI / Nc XV,5","ca. 80 cm unter Mauer mit großen Ziegeln, zwischen Eanna und Südbau",,,,,"Vorderasiatisches Museum, Berlin, Germany",,,Administrative,undetermined,clay,Englund2005ATU6,primary,"pl. 60, W 15692,a1","Nb XVI / Nc XV,5, ca. 80 cm unter Mauer mit großen Ziegeln, zwischen Eanna und Südbau - 4.",,," ",0,0,,,0,0,0,0,,
2211,,"ATU 6, pl. 060, W 15692,a3",tablet,"Uruk IV (ca. 3350-3200 BC)","Uruk (mod. Warka)",,,,,,,"VAT 16892",,,,,,,0,0,0,0,45.0,15.0,32.0,,,"W 15692,a3","Nb XVI / Nc XV,5","ca. 80 cm unter Mauer mit großen Ziegeln, zwischen Eanna und Südbau",,,,,"Vorderasiatisches Museum, Berlin, Germany",,,Administrative,undetermined,clay,Englund2005ATU6,primary,"pl. 60, W 15692,a3","Fundstelle wie W 15692,a1 - 4.",,," ",0,0,,,0,0,0,0,,
2212,,"ATU 6, pl. 060, W 15692,a4",tablet,"Uruk IV (ca. 3350-3200 BC)","Uruk (mod. Warka)",,,,,,,"VAT 16889",,,,,,,0,0,0,0,45.0,20.0,46.0,,,"W 15692,a4","Nb XVI / Nc XV,5","ca. 80 cm unter Mauer mit großen Ziegeln, zwischen Eanna und Südbau",,,,,"Vorderasiatisches Museum, Berlin, Germany",,,Administrative,undetermined,clay,Englund2005ATU6,primary,"pl. 60, W 15692,a4","Fundstelle wie W 15692,a1 - 4.",,," ",0,0,,,0,0,0,0,,
2213,,"ATU 6, pl. 061, W 15692,a5",tablet,"Uruk IV (ca. 3350-3200 BC)","Uruk (mod. Warka)",,,,,,,"VAT 16967",,,,,,,0,0,0,0,42.0,17.0,43.0,,,"W 15692,a5","Nb XVI / Nc XV,5","ca. 80 cm unter Mauer mit großen Ziegeln, zwischen Eanna und Südbau",,,,,"Vorderasiatisches Museum, Berlin, Germany",,,Administrative,undetermined,clay,Englund2005ATU6,primary,"pl. 61, W 15692,a5","Fundstelle wie W 15692,a1 - 4.",,," ",0,0,,,0,0,0,0,,
2214,,"ATU 6, pl. 061, W 15692,a6",tablet,"Uruk IV (ca. 3350-3200 BC)","Uruk (mod. Warka)",,,,,,,"VAT 16842",,,,,,,0,0,0,0,41.0,15.0,31.0,,,"W 15692,a6","Nb XVI / Nc XV,5","ca. 80 cm unter Mauer mit großen Ziegeln, zwischen Eanna und Südbau",,,,,"Vorderasiatisches Museum, Berlin, Germany",,,Administrative,undetermined,clay,Englund2005ATU6,primary,"pl. 61, W 15692,a6","Fundstelle wie W 15692,a1 - 4 - auf der Tafel ist lediglich „W 15692"" geschrieben.",,," ",0,0,,,0,0,0,0,,
2216,,"ATU 6, pl. 061, W 15692,a8",tablet,"Uruk IV (ca. 3350-3200 BC)","Uruk (mod. Warka)",,,,,,,"VAT 16832",,,,,,,0,0,0,0,28.0,14.0,27.0,,,"W 15692,a8","Nb XVI / Nc XV,5","ca. 80 cm unter Mauer mit großen Ziegeln, zwischen Eanna und Südbau",,,,,"Vorderasiatisches Museum, Berlin, Germany",,,Administrative,undetermined,clay,Englund2005ATU6,primary,"pl. 61, W 15692,a8","Fundstelle wie W 15692,a1 - 4 - auf der Tafel ist „W 15699"" geschrieben.",,," ",0,0,,,0,0,0,0,,
2218,,"ATU 6, pl. 061, W 15692,a10",tablet,"Uruk IV (ca. 3350-3200 BC)","Uruk (mod. Warka)",,,,,,,"VAT 16906",,,,,,,0,0,0,0,27.0,12.0,26.0,,,"W 15692,a10","Nb XVI / Nc XV,5","ca. 80 cm unter Mauer mit großen Ziegeln, zwischen Eanna und Südbau",,,,,"Vorderasiatisches Museum, Berlin, Germany",,,Administrative,undetermined,clay,Englund2005ATU6,primary,"pl. 61, W 15692,a10","Fundstelle wie W 15692,a1 - 4.",,," ",0,0,,,0,0,0,0,,
2221,,"ATU 6, pl. 061, W 15692,a13",tablet,"Uruk IV (ca. 3350-3200 BC)","Uruk (mod. Warka)",,,,,,,"VAT 16782",,,,,,,0,0,0,0,71.0,31.0,58.0,,,"W 15692,a13","Nb XVI / Nc XV,5","ca. 80 cm unter Mauer mit großen Ziegeln, zwischen Eanna und Südbau",,,,,"Vorderasiatisches Museum, Berlin, Germany",,,Administrative,undetermined,clay,Englund2005ATU6,primary,"pl. 61, W 15692,a13","Fundstelle wie W 15692,a1 - 4.",,," ",0,0,,,0,0,0,0,,
2225,,"ATU 6, pl. 061, W 15692,a17",tablet,"Uruk IV (ca. 3350-3200 BC)","Uruk (mod. Warka)",,,,,,,"VAT 16866",,,,,,,0,0,0,0,48.0,16.0,38.0,,,"W 15692,a17","Nb XVI / Nc XV,5","ca. 80 cm unter Mauer mit großen Ziegeln, zwischen Eanna und Südbau",,,,,"Vorderasiatisches Museum, Berlin, Germany",,,Administrative,undetermined,clay,Englund2005ATU6,primary,"pl. 61, W 15692,a17","Fundstelle wie W 15692,a1 - 4 - vertikale Drehachse.",,," ",0,0,,,0,0,0,0,,
2292,,"ATU 6, pl. 063, W 15772,k",tablet,"Uruk IV (ca. 3350-3200 BC)","Uruk (mod. Warka)",,,,,,,"VAT 16852",,,,,,,0,0,0,0,41.0,14.0,66.0,,,"W 15772,k","Nb/c XVI,4","Seleukidenmauer Schnitt Westhälfte",,,,,"Vorderasiatisches Museum, Berlin, Germany",,,Administrative,undetermined,clay,"Englund1998OBO160/1; Englund2005ATU6; Green1987ATU2; sec1641","history; primary; history; history","p. 210 fig. 84; pl. 63, W 15772,k; pl. 59; ","copy; Fundstelle wie W 15772,a - 4 - ATU 2, Taf. 59 (Vs.) - Frühe Schrift , S. 98, Nr. 12.3 - Feldberechnung - s. J. Friberg, AfO 44/45 (1997/98) 33, und R. Englund, OBO 160/1, 210 Abb. 84.; obv.; ",,," ",0,0,,,0,0,0,0,,
2293,,"ATU 6, pl. 063, W 15772,m",tablet,"Uruk IV (ca. 3350-3200 BC)","Uruk (mod. Warka)",,,,,,,"VAT 16860",,,,,,,0,0,0,0,40.0,11.0,46.0,,,"W 15772,m","Nb/c XVI,4","Seleukidenmauer Schnitt Westhälfte",,,,,"Vorderasiatisches Museum, Berlin, Germany",,,Administrative,undetermined,clay,Englund2005ATU6,primary,"pl. 63, W 15772,m","Fundstelle wie W 15772,a - 4.",,," ",0,0,,,0,0,0,0,,
2326,,"ATU 6, pl. 065, W 15774,a",tablet,"Uruk IV (ca. 3350-3200 BC)","Uruk (mod. Warka)",,,,,,,"VAT 16787",,,,,,,0,0,0,0,55.0,28.0,40.0,,,"W 15774,a","Nb/c XVI,4","Seleukidenmauer Schnitt Westhälfte",,,,,"Vorderasiatisches Museum, Berlin, Germany",,,Administrative,undetermined,clay,Englund2005ATU6,primary,"pl. 65, W 15774,a","Fundstelle wie W 15772,a - 4.",,," ",0,0,,,0,0,0,0,,
2328,,"ATU 6, pl. 065, W 15774,c",tablet,"Uruk IV (ca. 3350-3200 BC)","Uruk (mod. Warka)",,,,,,,"VAT 17704",,,,,,,0,0,0,0,44.0,0.0,55.0,,,"W 15774,c","Nb/c XVI,4","Seleukidenmauer Schnitt Westhälfte",,,,,"Vorderasiatisches Museum, Berlin, Germany",,,Administrative,undetermined,clay,Englund2005ATU6,primary,"pl. 65, W 15774,c","Fundstelle wie W 15772,a - 4 - vgl. W 15774,w.",,," ",0,0,,,0,0,0,0,,
2333,,"ATU 6, pl. 066, W 15774,h",tablet,"Uruk IV (ca. 3350-3200 BC)","Uruk (mod. Warka)",,,,,,,"VAT 16883",,,,,,,0,0,0,0,27.0,0.0,29.0,,,"W 15774,h","Nb/c XVI,4","Seleukidenmauer Schnitt Westhälfte",,,,,"Vorderasiatisches Museum, Berlin, Germany",,,Administrative,undetermined,clay,Englund2005ATU6,primary,"pl. 66, W 15774,h","Fundstelle wie W 15772,a - 4.",,," ",0,0,,,0,0,0,0,,
2335,,"ATU 6, pl. 066, W 15774,k",tablet,"Uruk IV (ca. 3350-3200 BC)","Uruk (mod. Warka)",,,,,,,"VAT 16835",,,,,,,0,0,0,0,24.0,15.0,28.0,,,"W 15774,k","Nb/c XVI,4","Seleukidenmauer Schnitt Westhälfte",,,,,"Vorderasiatisches Museum, Berlin, Germany",,,Administrative,undetermined,clay,Englund2005ATU6,primary,"pl. 66, W 15774,k","Fundstelle wie W 15772,a - 4.",,," ",0,0,,,0,0,0,0,,
2337,,"ATU 6, pl. 066, W 15774,m",tablet,"Uruk IV (ca. 3350-3200 BC)","Uruk (mod. Warka)",,,,,,,"VAT 16786",,,,,,,0,0,0,0,33.0,21.0,24.0,,,"W 15774,m","Nb/c XVI,4","Seleukidenmauer Schnitt Westhälfte",,,,,"Vorderasiatisches Museum, Berlin, Germany",,,Administrative,undetermined,clay,Englund2005ATU6,primary,"pl. 66, W 15774,m","Fundstelle wie W 15772,a - 4.",,," ",0,0,,,0,0,0,0,,
2354,,"ATU 6, pl. 068, W 15775,e",tablet,"Uruk IV (ca. 3350-3200 BC)","Uruk (mod. Warka)",,,,,,,"VAT 16833",,,,,,,0,0,0,0,31.0,16.0,42.0,,,"W 15775,e","Nb/c XVI,4","Seleukidenmauer Schnitt Westhälfte",,,,,"Vorderasiatisches Museum, Berlin, Germany",,,Administrative,undetermined,clay,Englund2005ATU6,primary,"pl. 68, W 15775,e","Fundstelle wie W 15772,a - 4.",,," ",0,0,,,0,0,0,0,,
2368,,"ATU 6, pl. 071, W 15775,u",tablet,"Uruk IV (ca. 3350-3200 BC)","Uruk (mod. Warka)",,,,,,,"VAT 16771",,,,,,,0,0,0,0,106.0,24.0,67.0,,,"W 15775,u","Nb/c XVI,4","Seleukidenmauer Schnitt Westhälfte",,,,,"Vorderasiatisches Museum, Berlin, Germany",,,Administrative,undetermined,clay,Englund2005ATU6,primary,"pl. 71, W 15775,u","Fundstelle wie W 15772,a - 4 - auf der Tafel ist lediglich „W 15775"" geschrieben - vertikale Achse.",,," ",0,0,,,0,0,0,0,,
2371,,"ATU 6, pl. 071, W 15775,z",tablet,"Uruk IV (ca. 3350-3200 BC)","Uruk (mod. Warka)",,,,,,,"VAT 16775",,,,,,,0,0,0,0,80.0,19.0,54.0,,,"W 15775,z","Nb/c XVI,4","Seleukidenmauer Schnitt Westhälfte",,,,,"Vorderasiatisches Museum, Berlin, Germany",,,Administrative,undetermined,clay,Englund2005ATU6,primary,"pl. 71, W 15775,z","Fundstelle wie W 15772,a - 4 - auf der Tafel ist lediglich „W 15775"" neu geschrieben - vertikale Achse.",,," ",0,0,,,0,0,0,0,,
2401,,"ATU 6, pl. 072, W 15785,a4",tablet,"Uruk IV (ca. 3350-3200 BC)","Uruk (mod. Warka)",,,,,,S999999,"VAT 17633",,,,,,,0,0,0,0,35.0,29.0,21.0,,,"W 15785,a4","Oe XVI,5","+21.00 m, aus dem obersten Mauerwerk der Schicht III",,,,,"Vorderasiatisches Museum, Berlin, Germany",,,Administrative,undetermined,clay,Englund2005ATU6,primary,"pl. 72, W 15785,a4","Fundstelle wie W 15785,a1 - 4 - gesiegelt.",,," ",0,0,,,0,0,0,0,,
2409,,"ATU 6, pl. 073, W 15792,a2",tablet,"Uruk IV (ca. 3350-3200 BC)","Uruk (mod. Warka)",,,,,,,"VAT 16992",,,,,,,0,0,0,0,63.0,28.0,21.0,,,"W 15792,a2","Oe XVI,5","+21.00 m, aus dem obersten Mauerwerk der Schicht III",,,,,"Vorderasiatisches Museum, Berlin, Germany",,,Administrative,undetermined,clay,Englund2005ATU6,primary,"pl. 73, W 15792,a2","Fundstelle wie W 15785,a1 - 4.",,," ",0,0,,,0,0,0,0,,
2435,,"ATU 6, pl. 073, W 15860,a1",tablet,"Uruk IV (ca. 3350-3200 BC)","Uruk (mod. Warka)",,,,,,,"VAT 16882",,,,,,,0,0,0,0,52.0,27.0,43.0,,,"W 15860,a1","Oe XVII,1","aus den alten Schichten III, knapp darüber, unter neubabylonischen Häusern",,,,,"Vorderasiatisches Museum, Berlin, Germany",,,Administrative,undetermined,clay,Englund2005ATU6,primary,"pl. 73, W 15860,a1","Oe XVII,1, aus den alten Schichten III, knapp darüber, unter neubabylonischen Häusern - 4.",,," ",0,0,,,0,0,0,0,,
2437,,"ATU 6, pl. 074, W 15860,a3",tablet,"Uruk IV (ca. 3350-3200 BC)","Uruk (mod. Warka)",,,,,,,"VAT 16980",,,,,,,0,0,0,0,42.0,19.0,33.0,,,"W 15860,a3","Oe XVII,1","aus den alten Schichten III, knapp darüber, unter neubabylonischen Häusern",,,,,"Vorderasiatisches Museum, Berlin, Germany",,,Administrative,undetermined,clay,Englund2005ATU6,primary,"pl. 74, W 15860,a3","Fundstelle wie W 15860,a1 - 4.",,," ",0,0,,,0,0,0,0,,
2482,,"ATU 6, pl. 075, W 15893,a",tablet,"Uruk IV (ca. 3350-3200 BC)","Uruk (mod. Warka)",,,,,,,"VAT 16795",,,,,,,0,0,0,0,52.0,13.0,34.0,,,"W 15893,a","Oc XVI,4","unter neubabylonischen Häusern, aus Schutt über Tempel aus kleinen Riemchen",,,,,"Vorderasiatisches Museum, Berlin, Germany",,,Administrative,undetermined,clay,Englund2005ATU6,primary,"pl. 75, W 15893,a","Oc XVI,4, unter neubabylonischen Häusern, aus Schutt über Tempel aus kleinen Riemchen - 4.",,," ",0,0,,,0,0,0,0,,
2483,,"ATU 6, pl. 075, W 15893,b",tablet,"Uruk IV (ca. 3350-3200 BC)","Uruk (mod. Warka)",,,,,,,"VAT 16794",,,,,,,0,0,0,0,35.0,15.0,41.0,,,"W 15893,b","Oc XVI,4","unter neubabylonischen Häusern, aus Schutt über Tempel aus kleinen Riemchen",,,,,"Vorderasiatisches Museum, Berlin, Germany",,,Administrative,undetermined,clay,Englund2005ATU6,primary,"pl. 75, W 15893,b","Fundstelle wie W 15893,a - 4.",,," ",0,0,,,0,0,0,0,,
2484,,"ATU 6, pl. 075, W 15893,c",tablet,"Uruk IV (ca. 3350-3200 BC)","Uruk (mod. Warka)",,,,,,,"VAT 16800",,,,,,,0,0,0,0,51.0,13.0,31.0,,,"W 15893,c","Oc XVI,4","unter neubabylonischen Häusern, aus Schutt über Tempel aus kleinen Riemchen",,,,,"Vorderasiatisches Museum, Berlin, Germany",,,Administrative,undetermined,clay,Englund2005ATU6,primary,"pl. 75, W 15893,c","Fundstelle wie W 15893,a - 4 - „blank"", „waster"".",,," ",0,0,,,0,0,0,0,,
2485,,"ATU 6, pl. 075, W 15893,d",tablet,"Uruk IV (ca. 3350-3200 BC)","Uruk (mod. Warka)",,,,,,,"VAT 16799",,,,,,,0,0,0,0,47.0,10.0,27.0,,,"W 15893,d","Oc XVI,4","unter neubabylonischen Häusern, aus Schutt über Tempel aus kleinen Riemchen",,,,,"Vorderasiatisches Museum, Berlin, Germany",,,Administrative,undetermined,clay,Englund2005ATU6,primary,"pl. 75, W 15893,d","Fundstelle wie W 15893,a - 4.",,," ",0,0,,,0,0,0,0,,
2486,,"ATU 6, pl. 075, W 15893,e",tablet,"Uruk IV (ca. 3350-3200 BC)","Uruk (mod. Warka)",,,,,,,"VAT 16812",,,,,,,0,0,0,0,34.0,13.0,31.0,,,"W 15893,e","Oc XVI,4","unter neubabylonischen Häusern, aus Schutt über Tempel aus kleinen Riemchen",,,,,"Vorderasiatisches Museum, Berlin, Germany",,,Administrative,undetermined,clay,Englund2005ATU6,primary,"pl. 75, W 15893,e","Fundstelle wie W 15893,a - 4.",,," ",0,0,,,0,0,0,0,,
2487,,"ATU 6, pl. 075, W 15893,f",tablet,"Uruk IV (ca. 3350-3200 BC)","Uruk (mod. Warka)",,,,,,,"VAT 16811",,,,,,,0,0,0,0,35.0,13.0,31.0,,,"W 15893,f","Oc XVI,4","unter neubabylonischen Häusern, aus Schutt über Tempel aus kleinen Riemchen",,,,,"Vorderasiatisches Museum, Berlin, Germany",,,Administrative,undetermined,clay,Englund2005ATU6,primary,"pl. 75, W 15893,f","Fundstelle wie W 15893,a - 4.",,," ",0,0,,,0,0,0,0,,
2488,,"ATU 6, pl. 076, W 15893,g",tablet,"Uruk IV (ca. 3350-3200 BC)","Uruk (mod. Warka)",,,,,,,"VAT 16796",,,,,,,0,0,0,0,42.0,13.0,29.0,,,"W 15893,g","Oc XVI,4","unter neubabylonischen Häusern, aus Schutt über Tempel aus kleinen Riemchen",,,,,"Vorderasiatisches Museum, Berlin, Germany",,,Administrative,undetermined,clay,Englund2005ATU6,primary,"pl. 76, W 15893,g","Fundstelle wie W 15893,a - 4.",,," ",0,0,,,0,0,0,0,,
2489,,"ATU 6, pl. 076, W 15893,h",tablet,"Uruk IV (ca. 3350-3200 BC)","Uruk (mod. Warka)",,,,,,,"VAT 16807",,,,,,,0,0,0,0,26.0,11.0,28.0,,,"W 15893,h","Oc XVI,4","unter neubabylonischen Häusern, aus Schutt über Tempel aus kleinen Riemchen",,,,,"Vorderasiatisches Museum, Berlin, Germany",,,Administrative,undetermined,clay,Englund2005ATU6,primary,"pl. 76, W 15893,h","Fundstelle wie W 15893,a - 4.",,," ",0,0,,,0,0,0,0,,
2490,,"ATU 6, pl. 076, W 15893,i",tablet,"Uruk IV (ca. 3350-3200 BC)","Uruk (mod. Warka)",,,,,,,"VAT 17602",,,,,,,0,0,0,0,24.0,16.0,32.0,,,"W 15893,i","Oc XVI,4","unter neubabylonischen Häusern, aus Schutt über Tempel aus kleinen Riemchen",,,,,"Vorderasiatisches Museum, Berlin, Germany",,,Administrative,undetermined,clay,Englund2005ATU6,primary,"pl. 76, W 15893,i","Fundstelle wie W 15893,a - 4.",,," ",0,0,,,0,0,0,0,,
2491,,"ATU 6, pl. 076, W 15893,k",tablet,"Uruk IV (ca. 3350-3200 BC)","Uruk (mod. Warka)",,,,,,,"VAT 16816",,,,,,,0,0,0,0,36.0,12.0,31.0,,,"W 15893,k","Oc XVI,4","unter neubabylonischen Häusern, aus Schutt über Tempel aus kleinen Riemchen",,,,,"Vorderasiatisches Museum, Berlin, Germany",,,Administrative,undetermined,clay,Englund2005ATU6,primary,"pl. 76, W 15893,k","Fundstelle wie W 15893,a - 4.",,," ",0,0,,,0,0,0,0,,
2492,,"ATU 6, pl. 076, W 15893,l",tablet,"Uruk IV (ca. 3350-3200 BC)","Uruk (mod. Warka)",,,,,,,"VAT 16814",,,,,,,0,0,0,0,33.0,19.0,40.0,,,"W 15893,l","Oc XVI,4","unter neubabylonischen Häusern, aus Schutt über Tempel aus kleinen Riemchen",,,,,"Vorderasiatisches Museum, Berlin, Germany",,,Administrative,undetermined,clay,Englund2005ATU6,primary,"pl. 76, W 15893,l","Fundstelle wie W 15893,a - 4.",,," ",0,0,,,0,0,0,0,,
2493,,"ATU 6, pl. 076, W 15893,m",tablet,"Uruk IV (ca. 3350-3200 BC)","Uruk (mod. Warka)",,,,,,,"VAT 16838",,,,,,,0,0,0,0,28.0,12.0,31.0,,,"W 15893,m","Oc XVI,4","unter neubabylonischen Häusern, aus Schutt über Tempel aus kleinen Riemchen",,,,,"Vorderasiatisches Museum, Berlin, Germany",,,Administrative,undetermined,clay,Englund2005ATU6,primary,"pl. 76, W 15893,m","Fundstelle wie W 15893,a - 4.",,," ",0,0,,,0,0,0,0,,
2495,,"ATU 6, pl. 076, W 15893,o",tablet,"Uruk IV (ca. 3350-3200 BC)","Uruk (mod. Warka)",,,,,,,"VAT 16820",,,,,,,0,0,0,0,56.0,24.0,48.0,,,"W 15893,o","Oc XVI,4","unter neubabylonischen Häusern, aus Schutt über Tempel aus kleinen Riemchen",,,,,"Vorderasiatisches Museum, Berlin, Germany",,,Administrative,undetermined,clay,Englund2005ATU6,primary,"pl. 76, W 15893,o","Fundstelle wie W 15893,a - 4 - nach dem Krieg wurde auf der Tafel „W 15893,a"" geschrieben.",,," ",0,0,,,0,0,0,0,,
2504,,"ATU 6, pl. 077, W 15895,bg",tablet,"Uruk IV (ca. 3350-3200 BC)","Uruk (mod. Warka)",,,,,,,"VAT 17693",,,,,,,0,0,0,0,19.0,8.0,19.0,,,"W 15895,bg","Oe XVII,1","unter den neubabylonischen Häusern am Suchgraben",,,,,"Vorderasiatisches Museum, Berlin, Germany",,,Administrative,undetermined,clay,Englund2005ATU6,primary,"pl. 77, W 15895,bg","Fundstelle wie W 15895,x - 3 - falls das teils erhaltene Zeichen UDUNITA ist, könnte der Text zur Liste „Tribute"", falls DUG+ASZ zu „Vessels"" gehören.",,," ",0,0,,,0,0,0,0,,
2506,,"ATU 6, pl. 077, W 15895,bl",tablet,"Uruk IV (ca. 3350-3200 BC)","Uruk (mod. Warka)",,,,,,,"VAT 17766, d",,,,,,,0,0,0,0,13.0,14.0,29.0,,,"W 15895,bl","Oe XVII,1","unter den neubabylonischen Häusern am Suchgraben",,,,,"Vorderasiatisches Museum, Berlin, Germany",,,Administrative,undetermined,clay,Englund2005ATU6,primary,"pl. 77, W 15895,bl","Fundstelle wie W 15895,x - 3 - wohl lexikalisch.",,," ",0,0,,,0,0,0,0,,
2513,,"ATU 6, pl. 079, W 15897,a6",tablet,"Uruk IV (ca. 3350-3200 BC)","Uruk (mod. Warka)",,,,,,,"VAT 17639",,,,,,,0,0,0,0,25.0,10.0,23.0,,,"W 15897,a06","Ob XVI,2","aus den IIIer Häusern",,,,,"Vorderasiatisches Museum, Berlin, Germany",,,Administrative,undetermined,clay,Englund2005ATU6,primary,"pl. 79, W 15897,a6","Fundstelle wie W 15897,a1 - 3.",,," ",0,0,,,0,0,0,0,,
2516,,"ATU 6, pl. 079, W 15897,a9",tablet,"Uruk IV (ca. 3350-3200 BC)","Uruk (mod. Warka)",,,,,,,"VAT 16859",,,,,,,0,0,0,0,37.0,16.0,47.0,,,"W 15897,a09","Ob XVI,2","aus den IIIer Häusern",,,,,"Vorderasiatisches Museum, Berlin, Germany",,,Administrative,undetermined,clay,Englund2005ATU6,primary,"pl. 79, W 15897,a9","Fundstelle wie W 15897,a1 - 3 - „a9"" auf der Tafel ist unklar.",,," ",0,0,,,0,0,0,0,,
2519,,"ATU 6, pl. 079, W 15897,b2",tablet,"Uruk IV (ca. 3350-3200 BC)","Uruk (mod. Warka)",,,,,,,"VAT 16861",,,,,,,0,0,0,0,45.0,20.0,41.0,,,"W 15897,b2","Ob XVI,2","aus den IIIer Häusern",,,,,"Vorderasiatisches Museum, Berlin, Germany",,,Administrative,undetermined,clay,Englund2005ATU6,primary,"pl. 79, W 15897,b2","Fundstelle wie W 15897,a1 - 3.",,," ",0,0,,,0,0,0,0,,
2523,,"ATU 6, pl. 080, W 15897,c1",tablet,"Uruk IV (ca. 3350-3200 BC)","Uruk (mod. Warka)",,,,,,,"VAT 17706",,,,,,,0,0,0,0,63.0,18.0,44.0,,,"W 15897,c01","Ob XVI,2","aus den IIIer Häusern",,,,,"Vorderasiatisches Museum, Berlin, Germany",,,Administrative,undetermined,clay,Englund2005ATU6,primary,"pl. 80, W 15897,c1","Fundstelle wie W 15897,a1 - 3 - übergroße Zeichen.",,," ",0,0,,,0,0,0,0,,
2538,,"ATU 6, pl. 082, W 15897,c19",tablet,"Uruk IV (ca. 3350-3200 BC)","Uruk (mod. Warka)",,,,,,,"VAT 16987",,,,,,,0,0,0,0,56.0,14.0,39.0,,,"W 15897,c19","Ob XVI,2","aus den IIIer Häusern",,,,,"Vorderasiatisches Museum, Berlin, Germany",,,Administrative,undetermined,clay,Englund2005ATU6,primary,"pl. 82, W 15897,c19","Fundstelle wie W 15897,a1 - 4.",,," ",0,0,,,0,0,0,0,,
2540,,"ATU 6, pl. 083, W 15897,c21",tablet,"Uruk IV (ca. 3350-3200 BC)","Uruk (mod. Warka)",,,,,,,"VAT 16743",,,,,,,0,0,0,0,60.0,14.0,37.0,,,"W 15897,c21","Ob XVI,2","aus den IIIer Häusern",,,,,"Vorderasiatisches Museum, Berlin, Germany",,,Administrative,undetermined,clay,"Damerow1991; Englund1998OBO160/1; Englund2005ATU6; Green1987ATU2; sec1651; sec1652","history; history; primary; history; history; history","p. 702-703; p. 114 fig. 37; pl. 83, W 15897,c21; pl. 57; ; ","(copy); copy; Fundstelle wie W 15897,a1 - 4 - ATU 2, Taf. 57 - P. Damerow, H. Nissen und R. Englund, Spektrum der Wissenschaft, März 1988, 48 - dies., Natuur & Techniek 59/9 (1991) 702-3 (Kopie) - R. Englund, OBO 160/1, 114 Abb. 37.; ; ; ",,," ",0,0,,,0,0,0,0,,
2542,,"ATU 6, pl. 083, W 15897,c23",tablet,"Uruk IV (ca. 3350-3200 BC)","Uruk (mod. Warka)",,,,,,,"VAT 17659",,,,,,,0,0,0,0,43.0,11.0,42.0,,,"W 15897,c23","Ob XVI,2","aus den IIIer Häusern",,,,,"Vorderasiatisches Museum, Berlin, Germany",,,Administrative,undetermined,clay,Englund2005ATU6,primary,"pl. 83, W 15897,c23","Fundstelle wie W 15897,a1 - 4 - auf der Tafel ist lediglich „W 15897"" geschrieben.",,," ",0,0,,,0,0,0,0,,
2551,,"ATU 6, pl. 084, W 15920,a1",tablet,"Uruk IV (ca. 3350-3200 BC)","Uruk (mod. Warka)",,,,,,,"VAT 16720",,,,,,,0,0,0,0,66.0,25.0,56.0,,,"W 15920,a1","Pa XVII,1","zwischen III und IV",,,,,"Vorderasiatisches Museum, Berlin, Germany",,,Administrative,undetermined,clay,"Englund2005ATU6; Green1987ATU2","primary; history","pl. 84, W 15920,a1; pl. 57","Pa XVII,1, zwischen III und IV - 4 - ATU 2, Taf. 57 Foto - auf der Tafel ist „W 15920,a2"" geschrieben.; (p)",,," ",0,0,,,0,0,0,0,,
2558,,"ATU 6, pl. 084, W 15920,a9",tablet,"Uruk IV (ca. 3350-3200 BC)","Uruk (mod. Warka)",,,,,,,"VAT 16871",,,,,,,0,0,0,0,27.0,16.0,33.0,,,"W 15920,a9","Pa XVII,1","zwischen III und IV",,,,,"Vorderasiatisches Museum, Berlin, Germany",,,Administrative,undetermined,clay,Englund2005ATU6,primary,"pl. 84, W 15920,a9","Fundstelle wie W 15920,a1 - 4.",,," ",0,0,,,0,0,0,0,,
2593,,"ATU 6, pl. 085, W 16477",tablet,"Uruk IV (ca. 3350-3200 BC)","Uruk (mod. Warka)",,,,,,,"VAT 16867",,,,,,,0,0,0,0,54.0,18.0,44.0,,,"W 16477","Pc XVI,3","+19.80 m, aus dem aufrecht stehenden großen Topf im Kammernbau",,,,,"Vorderasiatisches Museum, Berlin, Germany",,,Administrative,undetermined,clay,Englund2005ATU6,primary,"pl. 85, W 16477","Pc XVI,3, +19.80 m, aus dem aufrecht stehenden großen Topf im Kammernbau - 4 - s. Bemerkung zu W 16465.",,," ",0,0,,,0,0,0,0,,
2594,,"ATU 6, pl. 085, W 16603,b15",tablet,"Uruk IV (ca. 3350-3200 BC)","Uruk (mod. Warka)",,,,,,,"VAT 17645",,,,,,,0,0,0,0,25.0,30.0,58.0,,,"W 16603,b15","Pe XVI,5","1,70 m unter Sargon-Zingel",,,,,"Vorderasiatisches Museum, Berlin, Germany",,,Administrative,undetermined,clay,Englund2005ATU6,primary,"pl. 85, W 16603,b15","Pe XVI,5, 1,70 m unter Sargon-Zingel - 4 - auf Tafel wurde „(b)15"" mit Bleistift nachgetragen - nach dem Grabungsinventarbuch waren die W 16603er Bruchstücke altbabylonisch.",,," ",0,0,,,0,0,0,0,,
2599,,"ATU 6, pl. 086, W 16632,b",tablet,"Uruk IV (ca. 3350-3200 BC)","Uruk (mod. Warka)",,,,,,,"VAT 17774",,,,,,,0,0,0,0,59.0,12.0,35.0,,,"W 16632,b","Pb XVI,3","aus den Lehmziegeln von III  +19.45 m",,,,,"Vorderasiatisches Museum, Berlin, Germany",,,Administrative,undetermined,clay,Englund2005ATU6,primary,"pl. 86, W 16632,b","Pb XVI,3, aus den Lehmziegeln von III +19.45 m - 4 - BA u. GI in Summe.",,," ",0,0,,,0,0,0,0,,
2603,,"ATU 6, pl. 086, W 16632,f",tablet,"Uruk IV (ca. 3350-3200 BC)","Uruk (mod. Warka)",,,,,,,"VAT 16973",,,,,,,0,0,0,0,47.0,12.0,35.0,,,"W 16632,f","Pb XVI,3","aus den Lehmziegeln von III  +19.45 m",,,,,"Vorderasiatisches Museum, Berlin, Germany",,,Administrative,undetermined,clay,Englund2005ATU6,primary,"pl. 86, W 16632,f","Fundstelle wie W 16632,b - 4.",,," ",0,0,,,0,0,0,0,,
2618,,"ATU 6, pl. 087, W 17049",tablet,"Uruk IV (ca. 3350-3200 BC)","Uruk (mod. Warka)",,,,,,,"VAT 21339",,,,,,,0,0,0,0,31.0,0.0,46.0,,,"W 17049",?,"Aus dem Scherbenschutt neben der Seleukidenmauer",,,,,"Vorderasiatisches Museum, Berlin, Germany",,,Administrative,undetermined,clay,Englund2005ATU6,primary,"pl. 87, W 17049","?, aus dem Scherbenschutt neben der Seleukidenmauer - 4.",,," ",0,0,,,0,0,0,0,,
3140,,"ATU 7, pl. 016, W 19408,92",tablet,"Uruk IV (ca. 3350-3200 BC)","Uruk (mod. Warka)",,,,,,,"HD: W 19408,92",,,,,,,0,0,0,0,54.0,15.0,34.0,,,"W 19408,92","Nb XVI,3","im Schnitt unter der Seleukidenmauer und unter der letzten Riemchenüberbauung.Auf einem Pflaster aus Ziegelbruch",,,,,"German Archaeological Institute, Berlin, Germany",,,Administrative,undetermined,clay,Englund2001ATU7,primary,"pl. 16, W 19408,92","54x34x15 - s. W 19408,1.",,," ",0,0,,,0,0,0,0,,
3145,,"ATU 7, pl. 016, W 19410,5",tablet,"Uruk IV (ca. 3350-3200 BC)","Uruk (mod. Warka)",,,,,,S999999,"HD: W 19410,5",,,,,,,0,0,0,0,57.0,32.0,47.0,,,"W 19410,05","Nb XVI,3","im Schnitt unter der Seleukidenmauer und unter der letzten Riemchenüberbauung.Auf einem Pflaster aus Ziegelbruch",,,,,"German Archaeological Institute, Berlin, Germany",,,Administrative,undetermined,clay,Englund2001ATU7,primary,"pl. 16, W 19410,5","57x47x32 - s. W 19408,1 - gesiegelte Abrechnung über Sklavinnen.",,," ",0,0,,,0,0,0,0,,
3146,,"ATU 7, pl. 017, W 19410,6",tablet,"Uruk IV (ca. 3350-3200 BC)","Uruk (mod. Warka)",,,,,,S999999,"HD: W 19410,6",,,,,,,0,0,0,0,60.0,23.0,41.0,,,"W 19410,06","Nb XVI,3","im Schnitt unter der Seleukidenmauer und unter der letzten Riemchenüberbauung.Auf einem Pflaster aus Ziegelbruch",,,,,"German Archaeological Institute, Berlin, Germany",,,Administrative,undetermined,clay,Englund2001ATU7,primary,"pl. 17, W 19410,6","60x41x23 - s. W 19408,1 - gesiegelte Tafel.",,," ",0,0,,,0,0,0,0,,
3151,,"ATU 7, pl. 017, W 19410,10",tablet,"Uruk IV (ca. 3350-3200 BC)","Uruk (mod. Warka)",,,,,,S999999,"HD: W 19410,10",,,,,,,0,0,0,0,50.0,19.0,35.0,,,"W 19410,10","Nb XVI,3","im Schnitt unter der Seleukidenmauer und unter der letzten Riemchenüberbauung.Auf einem Pflaster aus Ziegelbruch",,,,,"German Archaeological Institute, Berlin, Germany",,,Administrative,undetermined,clay,Englund2001ATU7,primary,"pl. 17, W 19410,10","50x35x19 - s. W 19408,1 - gesiegelte Tafel.",,," ",0,0,,,0,0,0,0,,
3152,,"ATU 7, pl. 017, W 19410,11",tablet,"Uruk IV (ca. 3350-3200 BC)","Uruk (mod. Warka)",,,,,,S999999,"HD: W 19410,11",,,,,,,0,0,0,0,48.0,31.0,37.0,,,"W 19410,11","Nb XVI,3","im Schnitt unter der Seleukidenmauer und unter der letzten Riemchenüberbauung.Auf einem Pflaster aus Ziegelbruch",,,,,"German Archaeological Institute, Berlin, Germany",,,Administrative,undetermined,clay,Englund2001ATU7,primary,"pl. 17, W 19410,11","48x37x31 - s. W 19408,1 - gesiegelte Tafel.",,," ",0,0,,,0,0,0,0,,
3172,,"ATU 7, pl. 018, W 19413,5",tablet,"Uruk IV (ca. 3350-3200 BC)","Uruk (mod. Warka)",,,,,,,"HD: W 19413,5",,,,,,,0,0,0,0,36.0,9.0,29.0,,,"W 19413,05","Nb XVI,3/4","in zerstreuter Lage an der Seleukidenmauer",,,,,"German Archaeological Institute, Berlin, Germany",,,Administrative,undetermined,clay,Englund2001ATU7,primary,"pl. 18, W 19413,5","36x29x9 - s. W 19412,4.",,," ",0,0,,,0,0,0,0,,
3185,,"ATU 7, pl. 019, W 19417,b",tablet,"Uruk IV (ca. 3350-3200 BC)","Uruk (mod. Warka)",,,,,,S999999,"HD: W 19417,b",,,,,,,0,0,0,0,24.0,14.0,32.0,,,"W 19417,b","Na XVI,3","in der tiefsten Schicht unmittelbar in der Asche",,,,,"German Archaeological Institute, Berlin, Germany",,,Administrative,undetermined,clay,Englund2001ATU7,primary,"pl. 19, W 19417,b","24x32x14 - s. W 19417,a - obere Hälfte einer gesiegelten numerischen Tafel.",,," ",0,0,,,0,0,0,0,,
3194,,"ATU 7, pl. 019, W 19437",tablet,"Uruk IV (ca. 3350-3200 BC)","Uruk (mod. Warka)",,,,,,,"HD: W 19437",,,,,,,0,0,0,0,21.0,12.0,33.0,,,"W 19437","Ld XV,1","im Schutt im Schnitt gegen Ziegelmauer vom Bit Resch",,,,,"German Archaeological Institute, Berlin, Germany",,,Administrative,undetermined,clay,Englund2001ATU7,primary,"pl. 19, W 19437","21x33x12 - Ld XV,1 - im Schutt im Schnitt gegen Ziegelmauer vom b¬t re· - Uruk III?",,," ",0,0,,,0,0,0,0,,
3198,,"ATU 7, pl. 019, W 19466,c",tablet,"Uruk IV (ca. 3350-3200 BC)","Uruk (mod. Warka)",,,,,,,"HD: W 19466,c",,,,,,,0,0,0,0,37.0,17.0,34.0,,,"W 19466,c","Nc XVI,2","Mitte; Unterkanthöhe der neubabylonischen Gräber",,,,,"German Archaeological Institute, Berlin, Germany",,,Administrative,undetermined,clay,Englund2001ATU7,primary,"pl. 19, W 19466,c","37x34x17 - s. W 19466,a.",,," ",0,0,,,0,0,0,0,,
3435,,"ATU 7, pl. 034, W 20044,34",tablet,"Uruk IV (ca. 3350-3200 BC)","Uruk (mod. Warka)",,,,,,,"HD: W 20044,34",,,,,,,0,0,0,0,51.0,25.0,39.0,,,"W 20044,34","Nc XVI,4","zwischen den kaputten Riemchen, dicht hinter der Wasserrinne auf der IVer Mauer",,,,,"German Archaeological Institute, Berlin, Germany",,,Administrative,undetermined,clay,Englund2001ATU7,primary,"pl. 34, W 20044,34","51x39x25 - s. W 20044,24.",,," ",0,0,,,0,0,0,0,,
3437,,"ATU 7, pl. 034, W 20044,36",tablet,"Uruk IV (ca. 3350-3200 BC)","Uruk (mod. Warka)",,,,,,,"HD: W 20044,36",,,,,,,0,0,0,0,63.0,33.0,53.0,,,"W 20044,36","Nc XVI,4","zwischen den kaputten Riemchen, dicht hinter der Wasserrinne auf der IVer Mauer",,,,,"German Archaeological Institute, Berlin, Germany",,,Administrative,undetermined,clay,Englund2001ATU7,primary,"pl. 34, W 20044,36","63x53x33 - s. W 20044,24.",,," ",0,0,,,0,0,0,0,,
3438,,"ATU 7, pl. 034, W 20044,37",tablet,"Uruk IV (ca. 3350-3200 BC)","Uruk (mod. Warka)",,,,,,,"HD: W 20044,37",,,,,,,0,0,0,0,63.0,27.0,48.0,,,"W 20044,37","Nc XVI,4","zwischen den kaputten Riemchen, dicht hinter der Wasserrinne auf der IVer Mauer",,,,,"German Archaeological Institute, Berlin, Germany",,,Administrative,undetermined,clay,"Englund2001ATU7; Green1987ATU2","primary; history","pl. 34, W 20044,37; pl. 56","63x48x27 - s. W 20044,24 - ATU 2, Taf. 56 - vgl. in diesem Band W 20044,17.; ",,," ",0,0,,,0,0,0,0,,
3456,,"ATU 7, pl. 035, W 20044,51",tablet,"Uruk IV (ca. 3350-3200 BC)","Uruk (mod. Warka)",,,,,,,"HD: W 20044,51",,,,,,,0,0,0,0,54.0,22.0,46.0,,,"W 20044,51","Nc XVI,5","auf tabuk der Mauer",,,,,"German Archaeological Institute, Berlin, Germany",,,Administrative,undetermined,clay,Englund2001ATU7,primary,"pl. 35, W 20044,51","54x46x22 - Nc XVI,5 - auf tabuk der Mauer - Abrechnung über Getreiderationen für Sklavinnen.",,," ",0,0,,,0,0,0,0,,
3457,,"ATU 7, pl. 035, W 20044,52",tablet,"Uruk IV (ca. 3350-3200 BC)","Uruk (mod. Warka)",,,,,,,"HD: W 20044,52",,,,,,,0,0,0,0,57.0,21.0,41.0,,,"W 20044,52","Nc XVI,5","auf tabuk der Mauer",,,,,"German Archaeological Institute, Berlin, Germany",,,Administrative,undetermined,clay,Englund2001ATU7,primary,"pl. 35, W 20044,52","57x41x21 - s. W 20044,51.",,," ",0,0,,,0,0,0,0,,
3463,,"ATU 7, pl. 036, W 20044,59",tablet,"Uruk IV (ca. 3350-3200 BC)","Uruk (mod. Warka)",,,,,,S999999,"HD: W 20044,59",,,,,,,0,0,0,0,48.0,17.0,35.0,,,"W 20044,59","Nc XVI,4","im Schutt neben der Flaschenanlage",,,,,"German Archaeological Institute, Berlin, Germany",,,Administrative,undetermined,clay,Englund2001ATU7,primary,"pl. 36, W 20044,59","48x35x17 - Nc XVI,4 - im Schutt neben der Flaschenanlage - gesiegelte Tafel.",,," ",0,0,,,0,0,0,0,,
3484,,"ATU 7, pl. 039, W 20239",tablet,"Uruk IV (ca. 3350-3200 BC)","Uruk (mod. Warka)",,,,,,S999999,"HD: W 20239",,,,,,,0,0,0,0,64.0,25.0,46.0,,,"W 20239","Nc XVI,5","im Schutt südlich vom obersten Abflußbecken über den Lehmziegeln des neubabylonischen Hauses",,,,,"German Archaeological Institute, Berlin, Germany",,,Administrative,undetermined,clay,"Damerow1991; Englund2001ATU7; sec1719; sec1720","history; primary; history; history","p. 698; pl. 39, W 20239; ; ","(photo); 64x46x25 - Nc XVI,5 - im Schutt südlich vom obersten Abflußbecken über den Lehmziegeln des neubabylonischen Hauses - Uruk IV - H. Nissen, Inter. Science Reviews 10 (1985) 359 - P. Damerow, R. Englund und H. Nissen, Spektrum der Wissenschaft, Februar 1988, 8 - g; ; ",,," ",0,0,,,0,0,0,0,,
3491,,"ATU 7, pl. 039, W 20244",tablet,"Uruk IV (ca. 3350-3200 BC)","Uruk (mod. Warka)",,,,,,,"HD: W 20244",,,,,,,0,0,0,0,53.0,22.0,38.0,,,"W 20244","Nb XVI,5","im Schutt innerhalb des großen Hofes",,,,,"German Archaeological Institute, Berlin, Germany",,,Administrative,undetermined,clay,Englund2001ATU7,primary,"pl. 39, W 20244","53x38x22 - Nb XVI,5 - im Schutt innerhalb des großen Hofes - Uruk IV.",,," ",0,0,,,0,0,0,0,,
3675,,"ATU 7, pl. 058, W 20364,1+",tablet,"Uruk IV (ca. 3350-3200 BC)","Uruk (mod. Warka)",,,,,,,"HD: W 20364,1+",,,,,,,0,0,0,0,,,,,,"W 20364,1 + W 20364,2","Oa XVI,4","in der obersten Schicht nordöstlich der Hauptbahn",,,,,"German Archaeological Institute, Berlin, Germany",,,Administrative,undetermined,clay,Englund2001ATU7,primary,"pl. 58, W 20364,1+","80x54x27 (?) - Oa XVI,4 - in der obersten Schicht nordöstlich der Hauptbahn - Uruk IV - Join ohne Anschluß - W 20364,1: 54x54x27, W 20364,2: 22x34x19.",,," ",0,0,,,0,0,0,0,,
3693,,"ATU 7, pl. 058, W 20368,1",tablet,"Uruk IV (ca. 3350-3200 BC)","Uruk (mod. Warka)",,,,,,,"HD: W 20368,1",,,,,,,0,0,0,0,71.0,23.0,40.0,,,"W 20368,1","Nd XVI,5","im Schutt neben Riemchenmauer im Niveau der Backsteine bei der Treppe zum großen Hof, 1.5 m südöstlich der 2. Backsteinreihe",,,,,"German Archaeological Institute, Berlin, Germany",,,Administrative,undetermined,clay,Englund2001ATU7,primary,"pl. 58, W 20368,1","71x40x23 - Nd XVI,5 - im Schutt neben Riemchenmauer im Niveau der Backsteine bei der Treppe zum großen Hof, 1,5 m südöstlich der zweiten Backsteinreihe - Uruk IV - Abrechnung über Getreiderationen.",,," ",0,0,,,0,0,0,0,,
3701,,"ATU 7, pl. 059, W 20385,1",tablet,"Uruk IV (ca. 3350-3200 BC)","Uruk (mod. Warka)",,,,,,,"HD: W 20385,1",,,,,,,0,0,0,0,46.0,19.0,37.0,,,"W 20385,1","Ne XVI,5","im Schutt etwas über Backsteinverblendung der Hofmauer",,,,,"German Archaeological Institute, Berlin, Germany",,,Administrative,undetermined,clay,Englund2001ATU7,primary,"pl. 59, W 20385,1","46x37x19 - Ne XVI,5 - im Schutt etwas über Backsteinverblendung der Hofmauer - Uruk IV - Abrechnung über Getreideprodukte.",,," ",0,0,,,0,0,0,0,,
3802,,"ATU 7, pl. 066, W 20499,1",tablet,"Uruk IV (ca. 3350-3200 BC)","Uruk (mod. Warka)",,,,,,,"HD: W 20499,1",,,,,,,0,0,0,0,72.0,20.0,48.0,,,"W 20499,1","Nd XVI,5","auf der mit Asphalt besetzten adale nahe Sickerschacht",,,,,"German Archaeological Institute, Berlin, Germany",,,Administrative,undetermined,clay,Englund2001ATU7,primary,"pl. 66, W 20499,1","72x48x20 - Nd XVI,5 - auf der mit Asphalt besetzten adale nahe Sickerschacht - Uruk IV.",,," ",0,0,,,0,0,0,0,,
3847,,"ATU 7, pl. 072, W 20516",tablet,"Uruk IV (ca. 3350-3200 BC)","Uruk (mod. Warka)",,,,,,,"HD: W 20516",,,,,,,0,0,0,0,60.0,16.0,47.0,,,"W 20516","Nc XVI,5","im Mauerwerk von Uruk III// t.a.q. IIIa?",,,,,"German Archaeological Institute, Berlin, Germany",,,Administrative,undetermined,clay,Englund2001ATU7,primary,"pl. 72, W 20516","60x47x16 - Nc XVI,5 - im Mauerwerk von Uruk III - Uruk IV?",,," ",0,0,,,0,0,0,0,,
3854,,"ATU 7, pl. 072, W 20522,1",tablet,"Uruk IV (ca. 3350-3200 BC)","Uruk (mod. Warka)",,,,,,,"HD: W 20522,1",,,,,,,0,0,0,0,39.0,9.0,22.0,,,"W 20522,01","Ne XVI,4","auf der adale des oberen Riemchengebäudes",,,,,"German Archaeological Institute, Berlin, Germany",,,Administrative,undetermined,clay,Englund2001ATU7,primary,"pl. 72, W 20522,1","39x22x9 - Ne XVI,4 - auf der adale des oberen Riemchengebäudes.",,," ",0,0,,,0,0,0,0,,
3855,,"ATU 7, pl. 072, W 20522,2",tablet,"Uruk IV (ca. 3350-3200 BC)","Uruk (mod. Warka)",,,,,,,"HD: W 20522,2",,,,,,,0,0,0,0,34.0,11.0,28.0,,,"W 20522,02","Ne XVI,4","auf der adale des oberen Riemchengebäudes",,,,,"German Archaeological Institute, Berlin, Germany",,,Administrative,undetermined,clay,"Englund2001ATU7; Green1987ATU2","primary; history","pl. 72, W 20522,2; pl. 60","34x28x11 - s. W 20522,1 - ATU 2, Taf. 60 - Schülertafel mit bisexagesimaler Übung.; obv.",,," ",0,0,,,0,0,0,0,,
3856,,"ATU 7, pl. 073, W 20522,3",tablet,"Uruk IV (ca. 3350-3200 BC)","Uruk (mod. Warka)",,,,,,,"HD: W 20522,3",,,,,,,0,0,0,0,24.0,11.0,37.0,,,"W 20522,03","Ne XVI,4","auf der adale des oberen Riemchengebäudes",,,,,"German Archaeological Institute, Berlin, Germany",,,Administrative,undetermined,clay,Englund2001ATU7,primary,"pl. 73, W 20522,3","24x37x11 - s. W 20522,1.",,," ",0,0,,,0,0,0,0,,
3857,,"ATU 7, pl. 073, W 20522,4",tablet,"Uruk IV (ca. 3350-3200 BC)","Uruk (mod. Warka)",,,,,,,"HD: W 20522,4",,,,,,,0,0,0,0,29.0,16.0,31.0,,,"W 20522,04","Ne XVI,4","auf der adale des oberen Riemchengebäudes",,,,,"German Archaeological Institute, Berlin, Germany",,,Administrative,undetermined,clay,Englund2001ATU7,primary,"pl. 73, W 20522,4","29x31x16 - s. W 20522,1.",,," ",0,0,,,0,0,0,0,,
4411,,"ATU 7, pl. 075, W 21554",tablet,"Uruk IV (ca. 3350-3200 BC)","Uruk (mod. Warka)",,,,,,,"HD: W 21554",,,,,,,0,0,0,0,35.0,23.0,40.0,,,"W 21554","Ob XVI,1","im Schutt des Stampflehmgebäudes",,,,,"German Archaeological Institute, Berlin, Germany",,,Administrative,undetermined,clay,"Englund2001ATU7; sec2020","primary; history","pl. 75, W 21554; ","35x40x23 - Ob XVI,1 - im Schutt des Stampflehmgebäudes - Uruk III.; ",,," ",0,0,,,0,0,0,0,,
4418,,"ATU 7, pl. 076, W 21601",tablet,"Uruk IV (ca. 3350-3200 BC)","Uruk (mod. Warka)",,,,,,,"HD: W 21601",,,,,,,0,0,0,0,29.0,15.0,41.0,,,"W 21601","Oa XVI,1","im Schutt des Stampflehmgebäudes",,,,,"German Archaeological Institute, Berlin, Germany",,,Administrative,undetermined,clay,Englund2001ATU7,primary,"pl. 76, W 21601","29x41x15 - Oa XVI,1 - im Schutt des Stampflehmgebäudes - Uruk III.",,," ",0,0,,,0,0,0,0,,
4424,,"ATU 7, pl. 076, W 21654,2",tablet,"Uruk IV (ca. 3350-3200 BC)","Uruk (mod. Warka)",,,,,,,"HD: W 21654,2",,,,,,,0,0,0,0,69.0,24.0,54.0,,,"W 21654,2","Ob XVI,3","im Schutt über dem im NW dem Tempel C vorgelagerten Hof, nahe dem Punkt Oa/b XVI,3/4",,,,,"German Archaeological Institute, Berlin, Germany",,,Administrative,undetermined,clay,"Englund2001ATU7; sec2025","primary; history","pl. 76, W 21654,2; ","69x54x24 - s. W 21654,1 - „blank"".; ",,," ",0,0,,,0,0,0,0,,
4456,,"ATU 7, pl. 079, W 21742",tablet,"Uruk IV (ca. 3350-3200 BC)","Uruk (mod. Warka)",,,,,,,"HD: W 21742",,,,,,,0,0,0,0,48.0,18.0,39.0,,,"W 21742","Ob XVI,1","im Schutt zwischen Stampflehmmauern",,,,,"German Archaeological Institute, Berlin, Germany",,,Administrative,undetermined,clay,Englund2001ATU7,primary,"pl. 79, W 21742","48x39x18 - Ob XVI,1 - im Schutt zwischen Stampflehmmauern - Uruk III?",,," ",0,0,,,0,0,0,0,,
4459,,"ATU 7, pl. 080, W 21760",tablet,"Uruk IV (ca. 3350-3200 BC)","Uruk (mod. Warka)",,,,,,,"HD: W 21760",,,,,,,0,0,0,0,52.0,19.0,38.0,,,"W 21760","Ne XV,4","im Schutt unter den Mauern der neubabylonischen Häuser",,,,,"German Archaeological Institute, Berlin, Germany",,,Administrative,undetermined,clay,Englund2001ATU7,primary,"pl. 80, W 21760","52x38x19 - Ne XV,4 - im Schutt unter den Mauern der neubabylonischen Häuser - Uruk III.",,," ",0,0,,,0,0,0,0,,
4491,,"ATU 7, pl. 083, W 22091,2",tablet,"Uruk IV (ca. 3350-3200 BC)","Uruk (mod. Warka)",,,,,,,"HD: W 22091,2",,,,,,,0,0,0,0,22.0,12.0,28.0,,,"W 22091,2","Ne XVII,1","Schuttloch III",,,,,"German Archaeological Institute, Berlin, Germany",,,Administrative,undetermined,clay,Englund2001ATU7,primary,"pl. 83, W 22091,2","22x28x12 - s. W 22090,1a.",,," ",0,0,,,0,0,0,0,,
4494,,"ATU 7, pl. 083, W 22091,6",tablet,"Uruk IV (ca. 3350-3200 BC)","Uruk (mod. Warka)",,,,,,,"HD: W 22091,6",,,,,,,0,0,0,0,47.0,14.0,29.0,,,"W 22091,6","Ne XVII,1","Schuttloch III",,,,,"German Archaeological Institute, Berlin, Germany",,,Administrative,undetermined,clay,Englund2001ATU7,primary,"pl. 83, W 22091,6","47x29x14 - s. W 22090,1a.",,," ",0,0,,,0,0,0,0,,
4526,,"ATU 7, pl. 084, W 22102,4",tablet,"Uruk IV (ca. 3350-3200 BC)","Uruk (mod. Warka)",,,,,,,"HD: W 22102,4",,,,,,,0,0,0,0,39.0,18.0,30.0,,,"W 22102,4","Ne XVII,1","Schuttloch III",,,,,"German Archaeological Institute, Berlin, Germany",,,Administrative,undetermined,clay,Englund2001ATU7,primary,"pl. 84, W 22102,4","39x30x18 - s. W 22090,1a.",,," ",0,0,,,0,0,0,0,,
4529,,"ATU 7, pl. 085, W 22102,7",tablet,"Uruk IV (ca. 3350-3200 BC)","Uruk (mod. Warka)",,,,,,,"HD: W 22102,7",,,,,,,0,0,0,0,33.0,19.0,28.0,,,"W 22102,7","Ne XVII,1","Schuttloch III",,,,,"German Archaeological Institute, Berlin, Germany",,,Administrative,undetermined,clay,Englund2001ATU7,primary,"pl. 85, W 22102,7","33x28x19 - s. W 22090,1a.",,," ",0,0,,,0,0,0,0,,
4,,"CDLI Lexical 000002, ex. 051",tablet,"Uruk IV (ca. 3350-3200 BC)","Uruk (mod. Warka)",,,,,Q000002,,"VAT 15168",,,,,,,0,0,0,0,26.0,23.0,23.0,,,"W 09169,d","Qa XVI,2","unter der Abgleichung der Schicht III, 1,5 m über der Höhe des Kalksteinsockels// (t.a.q. IIIc)",,,,,"Vorderasiatisches Museum, Berlin, Germany",00.00.00.00,,Lexical,undetermined,clay,"Englund1993ATU3; Falkenstein1936ATU1","history; history","pl. 9, W 9169,d; 489","; ","DCCLT; ARMEP","P000004; P000004","Archaic Lu2 A (witness) ",0,0,,,0,0,0,0,,
448,,"CDLI Lexical 000002, ex. 170",tablet,"Uruk IV (ca. 3350-3200 BC)","Uruk (mod. Warka)",,,,,Q000002,,"IM 134357",,,,,,,0,0,0,0,82.0,29.0,57.0,,,"W 20421,1","Nc XVI,4/5","im Schutt der Hofauffüllung, dicht unter Backsteinstufe",,,,,"National Museum of Iraq, Baghdad, Iraq",00.00.00.00,,Lexical,undetermined,clay,Englund1993ATU3,history,"pl. 23, W 20421,1",,"DCCLT; ARMEP","P000448; P000448","Archaic Lu2 A (witness) ",0,0,,,0,0,0,0,,
5,,"CDLI Lexical 000002, ex. 172",tablet,"Uruk IV (ca. 3350-3200 BC)","Uruk (mod. Warka)",,,,,Q000002,,"VAT 15153",,,,,,,0,0,0,0,29.0,20.0,36.0,,,"W 09206,k","Qa XVI,2","unter der Abgleichung der Schicht III, 1,5 m über der Höhe des Kalksteinsockels// (t.a.q. IIIc)",,,,,"Vorderasiatisches Museum, Berlin, Germany",00.00.00.00,,Lexical,undetermined,clay,"Englund1993ATU3; Falkenstein1936ATU1","history; history","pl. 23, W 9206,k; 390","; ","DCCLT; ARMEP","P000005; P000005","Archaic Lu2 A (witness) ",0,0,,,0,0,0,0,,
6,,"CDLI Lexical 000002, ex. 173",tablet,"Uruk IV (ca. 3350-3200 BC)","Uruk (mod. Warka)",,,,,Q000002,,"VAT 15003",,,,,,,0,0,0,0,82.0,19.0,62.0,,,"W 09656,h1","Qa XVI,2","unter der Abgleichung der Schicht III, 1,5 m über der Höhe des Kalksteinsockels// (t.a.q. IIIc)",,,,,"Vorderasiatisches Museum, Berlin, Germany",00.00.00.00,,Lexical,undetermined,clay,"Englund1993ATU3; Falkenstein1936ATU1; sec12; sec13; sec14","history; history; history; history; history","pl. 23, W 9656,h1; 340; ; ; ","; ; ; ; ","DCCLT; ARMEP","P000006; P000006","Archaic Lu2 A (witness) ",0,0,,,0,0,0,0,,
7,,"CDLI Lexical 000002, ex. 174",tablet,"Uruk IV (ca. 3350-3200 BC)","Uruk (mod. Warka)",,,,,Q000002,,"VAT 15111",,,,,,,0,0,0,0,56.0,29.0,36.0,,,"W 09656,x","Qa XVI,2","unter der Abgleichung der Schicht III, 1,5 m über der Höhe des Kalksteinsockels// (t.a.q. IIIc)",,,,,"Vorderasiatisches Museum, Berlin, Germany",00.00.00.00,,Lexical,undetermined,clay,"Englund1993ATU3; Falkenstein1936ATU1","history; history","pl. 23, W 9656,x; 522","; ","DCCLT; ARMEP","P000007; P000007","Archaic Lu2 A (witness) ",0,0,,,0,0,0,0,,
495,,"CDLI Lexical 000023, ex. 092",tablet,"Uruk IV (ca. 3350-3200 BC)","Uruk (mod. Warka)",,,,,Q000023,,"IM 134691",,,,,,,0,0,0,0,53.0,45.0,62.0,,,"W 21060,16","Oc XVI,3","Sammelfund aus NO-Trakt Tempel C, in dem Raum, der den rechten Arm des T-förmigen Hofes bildet, an der rechten Ecke des Durchganges zum Kopftrakt, unmittelbar am Fuß der Mauer. Tiefer als die noch anstehenden Riemchen, aber noch nicht von der Brandschutts",,,,,"National Museum of Iraq, Baghdad, Iraq",00.00.00.00,,Lexical,undetermined,clay,Englund1993ATU3,history,"pl. 67, W 21060,16",,"DCCLT; ARMEP","P000495; P000495","Archaic Vessels and Garments (witness) ",0,0,,,0,0,0,0,,
493,,"CDLI Lexical 000023, ex. 093",tablet,"Uruk IV (ca. 3350-3200 BC)","Uruk (mod. Warka)",,,,,Q000023,,"IM 074286",,,,,,,0,0,0,0,,,,,,"W 21060,05 + W 21060,06 ?","Oc XVI,3","Sammelfund aus NO-Trakt Tempel C, in dem Raum, der den rechten Arm des T-förmigen Hofes bildet, an der rechten Ecke des Durchganges zum Kopftrakt, unmittelbar am Fuß der Mauer. Tiefer als die noch anstehenden Riemchen, aber noch nicht von der Brandschutts",,,,,"National Museum of Iraq, Baghdad, Iraq",00.00.00.00,,Lexical,undetermined,clay,"Englund1993ATU3; Green1987ATU2","history; history","pl. 67, W 21060,5+; pl. 16","; ","DCCLT; ARMEP","P000493; P000493","Archaic Vessels and Garments (witness) ",0,0,,,0,0,0,0,,
131,,"CDLI Lexical 000026, ex. 045",tablet,"Uruk IV (ca. 3350-3200 BC)","Uruk (mod. Warka)",,,,,Q000026,,"IM —",,,,,,,0,0,0,0,39.0,0.0,89.0,,,"W 16621,a","Pb XVI,3","aus den Lehmziegeln von III  +19.45 m",,,,,"National Museum of Iraq, Baghdad, Iraq",00.00.00.00,,Lexical,undetermined,clay,Englund1993ATU3,history,"pl. 74, W 16621,a",,"DCCLT; ARMEP","P000131; P000131","Archaic Metal (witness) ",0,0,,,0,0,0,0,,
121,,"CDLI Lexical Archaic Unidentified, ex. 024",tablet,"Uruk IV (ca. 3350-3200 BC)","Uruk (mod. Warka)",,,,,,,"VAT 16731",,,,,,,0,0,0,0,70.0,17.0,45.0,,,"W 15920,a4","Pa XVII,1","zwischen III und IV",,,,,"Vorderasiatisches Museum, Berlin, Germany",,,Lexical,undetermined,clay,Englund1993ATU3,history,"pl. 87, W 15920,a4",,"DCCLT; ARMEP","P000121; P000121","Archaic Unidentified (witness) ",0,0,,,0,0,0,0,,
325163,,"CUSAS 01, 002",tablet,"Uruk IV (ca. 3350-3200 BC)","uncertain (mod. uncertain)",,,,,,,"CUNES 50-08-082",,,,,,,0,0,0,0,60.0,19.0,40.0,,,,,,,,,,"Department of Near Eastern Studies, Cornell University, Ithaca, New York, USA",,,Administrative,,clay,Monaco2007CUSAS1,primary,2,"Complete tablet, slightly damaged, which includes numerical notation and the sign BARA2a. Reverse uninscribed.",,," Numerical Notation.",0,,,,0,0,0,0,,
325222,,"CUSAS 01, 005",tablet,"Uruk IV (ca. 3350-3200 BC)","uncertain (mod. uncertain)",,,,,,,"CUNES 50-11-006",,,complete,,,,0,0,0,0,58.0,17.0,37.0,,,,,,,100%,,,"Department of Near Eastern Studies, Cornell University, Ithaca, New York, USA",,,Administrative,,clay,Monaco2007CUSAS1,primary,5,"Complete tablet, obverse slightly damaged, reverse uninscribed. Record of an amount of barley transported on a ship (?).",,," ",0,,,,0,0,0,0,,
325365,,"CUSAS 01, 006",tablet,"Uruk IV (ca. 3350-3200 BC)","uncertain (mod. uncertain)",,,,,,,"CUNES 51-02-004",,,complete,,,,0,0,0,0,50.0,35.0,45.0,,,,,,,100%,,,"Department of Near Eastern Studies, Cornell University, Ithaca, New York, USA",,,Administrative,undetermined,clay,Monaco2007CUSAS1,primary,6,"Complete, sealed tablet, obverse defaced, reverse badly damaged, right edge inscribed. Tablet roll-sealed on four sides, resembling tablets MS 2963, MS 4510 and MS 4511, which are almost cubic in shape and roll-sealed before impressing the signs. Register",,," ",0,0,,,0,0,0,0,,
231780,,"CUSAS 31, 001",tablet,"Uruk IV (ca. 3350-3200 BC)","uncertain (mod. uncertain)",,,,,,S999999,"Anonymous 231780",,,,,,,0,0,0,0,,,,,,,,,,,,,anonymous,,,Administrative,undetermined,clay,Monaco2016CUSAS31,primary,1,,,," ",0,0,,,0,0,0,0,,
2246,,"IM 023434,p",tablet,"Uruk IV (ca. 3350-3200 BC)","Uruk (mod. Warka)",,,,,,,"IM 023434,p",,,,,,,0,0,0,0,22.0,14.0,26.0,,,"W 15770,q","Nb/c XVI,4","Seleukidenmauer Schnitt Westhälfte",,,,,"National Museum of Iraq, Baghdad, Iraq",,,Administrative,undetermined,clay,,,,,,," ",0,0,,,0,0,0,0,,
2250,,"IM 023434,y",tablet,"Uruk IV (ca. 3350-3200 BC)","Uruk (mod. Warka)",,,,,,,"IM 023434,y",,,,,,,0,0,0,0,32.0,11.0,27.0,,,"W 15770,u","Nb/c XVI,4","Seleukidenmauer Schnitt Westhälfte",,,,,"National Museum of Iraq, Baghdad, Iraq",,,Administrative,undetermined,clay,,,,,,," ",0,0,,,0,0,0,0,,
2270,,"IM 023435,03",tablet,"Uruk IV (ca. 3350-3200 BC)","Uruk (mod. Warka)",,,,,,,"IM 023435,03",,,,,,,0,0,0,0,40.0,21.0,37.0,,,"W 15771,o","Nb/c XVI,4","Seleukidenmauer Schnitt Westhälfte",,,,,"National Museum of Iraq, Baghdad, Iraq",,,Administrative,undetermined,clay,,,,,,," ",0,0,,,0,0,0,0,,
2273,,"IM 023435,05",tablet,"Uruk IV (ca. 3350-3200 BC)","Uruk (mod. Warka)",,,,,,,"IM 023435,05",,,,,,,0,0,0,0,42.0,22.0,34.0,,,"W 15771,r","Nb/c XVI,4","Seleukidenmauer Schnitt Westhälfte",,,,,"National Museum of Iraq, Baghdad, Iraq",,,Administrative,undetermined,clay,,,,,,," ",0,0,,,0,0,0,0,,
2259,,"IM 023435,08",tablet,"Uruk IV (ca. 3350-3200 BC)","Uruk (mod. Warka)",,,,,,,"IM 023435,08",,,,,,,0,0,0,0,40.0,22.0,44.0,,,"W 15771,c","Nb/c XVI,4","Seleukidenmauer Schnitt Westhälfte",,,,,"National Museum of Iraq, Baghdad, Iraq",,,Administrative,undetermined,clay,,,,,,," ",0,0,,,0,0,0,0,,
2281,,"IM 023435,16",tablet,"Uruk IV (ca. 3350-3200 BC)","Uruk (mod. Warka)",,,,,,,"IM 023435,16",,,,,,,0,0,0,0,70.0,20.0,40.0,,,"W 15771,z","Nb/c XVI,4","Seleukidenmauer Schnitt Westhälfte",,,,,"National Museum of Iraq, Baghdad, Iraq",,,Administrative,undetermined,clay,,,,,,," ",0,0,,,0,0,0,0,,
2258,,"IM 023435,17",tablet,"Uruk IV (ca. 3350-3200 BC)","Uruk (mod. Warka)",,,,,,,"IM 023435,17",,,,,,,0,0,0,0,54.0,23.0,30.0,,,"W 15771,b","Nb/c XVI,4","Seleukidenmauer Schnitt Westhälfte",,,,,"National Museum of Iraq, Baghdad, Iraq",,,Administrative,undetermined,clay,,,,,,," ",0,0,,,0,0,0,0,,
2272,,"IM 023435,18",tablet,"Uruk IV (ca. 3350-3200 BC)","Uruk (mod. Warka)",,,,,,,"IM 023435,18",,,,,,,0,0,0,0,56.0,21.0,37.0,,,"W 15771,q","Nb/c XVI,4","Seleukidenmauer Schnitt Westhälfte",,,,,"National Museum of Iraq, Baghdad, Iraq",,,Administrative,undetermined,clay,,,,,,," ",0,0,,,0,0,0,0,,
2319,,"IM 023436,05",tablet,"Uruk IV (ca. 3350-3200 BC)","Uruk (mod. Warka)",,,,,,,"IM 023436,05",,,,,,,0,0,0,0,41.0,28.0,41.0,,,"W 15773,o","Nb/c XVI,4","Seleukidenmauer Schnitt Westhälfte",,,,,"National Museum of Iraq, Baghdad, Iraq",,,Administrative,undetermined,clay,,,,,,," ",0,0,,,0,0,0,0,,
2313,,"IM 023436,07",tablet,"Uruk IV (ca. 3350-3200 BC)","Uruk (mod. Warka)",,,,,,,"IM 023436,07",,,,,,,0,0,0,0,35.0,21.0,43.0,,,"W 15773,h","Nb/c XVI,4","Seleukidenmauer Schnitt Westhälfte",,,,,"National Museum of Iraq, Baghdad, Iraq",,,Administrative,undetermined,clay,,,,,,," ",0,0,,,0,0,0,0,,
2307,,"IM 023436,15",tablet,"Uruk IV (ca. 3350-3200 BC)","Uruk (mod. Warka)",,,,,,,"IM 023436,15",,,,,,,0,0,0,0,59.0,14.0,28.0,,,"W 15773,a","Nb/c XVI,4","Seleukidenmauer Schnitt Westhälfte",,,,,"National Museum of Iraq, Baghdad, Iraq",,,Administrative,undetermined,clay,,,,,,," ",0,0,,,0,0,0,0,,
2395,,"IM 023437,07",tablet,"Uruk IV (ca. 3350-3200 BC)","Uruk (mod. Warka)",,,,,,S999999,"IM 023437,07",,,,,,,0,0,0,0,30.0,40.0,40.0,,,"W 15776,r","Nb/c XVI,4","Seleukidenmauer Schnitt Westhälfte",,,,,"National Museum of Iraq, Baghdad, Iraq",,,Administrative,undetermined,clay,,,,,,," ",0,0,,,0,0,0,0,,
2397,,"IM 023437,09",tablet,"Uruk IV (ca. 3350-3200 BC)","Uruk (mod. Warka)",,,,,,S999999,"IM 023437,09",,,,,,,0,0,0,0,50.0,40.0,45.0,,,"W 15776,t","Nb/c XVI,4","Seleukidenmauer Schnitt Westhälfte",,,,,"National Museum of Iraq, Baghdad, Iraq",,,Administrative,undetermined,clay,,,,,,," ",0,0,,,0,0,0,0,,
2396,,"IM 023437,10",tablet,"Uruk IV (ca. 3350-3200 BC)","Uruk (mod. Warka)",,,,,,,"IM 023437,10",,,,,,,0,0,0,0,59.0,45.0,50.0,,,"W 15776,s","Nb/c XVI,4","Seleukidenmauer Schnitt Westhälfte",,,,,"National Museum of Iraq, Baghdad, Iraq",,,Administrative,undetermined,clay,,,,,,," ",0,0,,,0,0,0,0,,
2446,,"IM 023441,2",tablet,"Uruk IV (ca. 3350-3200 BC)","Uruk (mod. Warka)",,,,,,,"IM 023441,2",,,,,,,0,0,0,0,37.0,10.0,26.0,,,"W 15863,c","Ob XVI,3/4","spätere IIIer Schichten über dem Tempel aus kleinen Riemchen",,,,,"National Museum of Iraq, Baghdad, Iraq",,,Administrative,undetermined,clay,,,,,,," ",0,0,,,0,0,0,0,,
2380,,"IM 023443,1",tablet,"Uruk IV (ca. 3350-3200 BC)","Uruk (mod. Warka)",,,,,,,"IM 023443,1",,,,,,,0,0,0,0,48.0,17.0,25.0,,,"W 15776,b","Nb/c XVI,4","Seleukidenmauer Schnitt Westhälfte",,,,,"National Museum of Iraq, Baghdad, Iraq",,,Administrative,undetermined,clay,,,,,,," ",0,0,,,0,0,0,0,,
2393,,"IM 023443,2",tablet,"Uruk IV (ca. 3350-3200 BC)","Uruk (mod. Warka)",,,,,,S999999,"IM 023443,2",,,,,,,0,0,0,0,63.0,50.0,29.0,,,"W 15776,p + W 15776,q","Nb/c XVI,4","Seleukidenmauer Schnitt Westhälfte",,,,,"National Museum of Iraq, Baghdad, Iraq",,,Administrative,undetermined,clay,,,,,,," ",0,0,,,0,0,0,0,,
2383,,"IM 023443,5",tablet,"Uruk IV (ca. 3350-3200 BC)","Uruk (mod. Warka)",,,,,,,"IM 023443,5",,,,,,,0,0,0,0,34.0,13.0,29.0,,,"W 15776,e","Nb/c XVI,4","Seleukidenmauer Schnitt Westhälfte",,,,,"National Museum of Iraq, Baghdad, Iraq",,,Administrative,undetermined,clay,,,,,,," ",0,0,,,0,0,0,0,,
2391,,"IM 023443,6",tablet,"Uruk IV (ca. 3350-3200 BC)","Uruk (mod. Warka)",,,,,,,"IM 023443,6",,,,,,,0,0,0,0,38.0,48.0,46.0,,,"W 15776,n","Nb/c XVI,4","Seleukidenmauer Schnitt Westhälfte",,,,,"National Museum of Iraq, Baghdad, Iraq",,,Administrative,undetermined,clay,,,,,,," ",0,0,,,0,0,0,0,,
2382,,"IM 023444,2",tablet,"Uruk IV (ca. 3350-3200 BC)","Uruk (mod. Warka)",,,,,,,"IM 023444,2",,,,,,,0,0,0,0,43.0,17.0,28.0,,,"W 15776,d","Nb/c XVI,4","Seleukidenmauer Schnitt Westhälfte",,,,,"National Museum of Iraq, Baghdad, Iraq",,,Administrative,undetermined,clay,,,,,,," ",0,0,,,0,0,0,0,,
2548,,"IM 023452,1",tablet,"Uruk IV (ca. 3350-3200 BC)","Uruk (mod. Warka)",,,,,,,"IM 023452,1",,,,,,,0,0,0,0,67.0,0.0,48.0,,,"W 15919,a","Ob XVI,2","aus IIIer Häusern",,,,,"National Museum of Iraq, Baghdad, Iraq",,,Administrative,undetermined,clay,,,,,,," ",0,0,,,0,0,0,0,,
2552,,"IM 023453",tablet,"Uruk IV (ca. 3350-3200 BC)","Uruk (mod. Warka)",,,,,,,"IM 023453",,,,,,,0,0,0,0,82.0,35.0,70.0,,,"W 15920,a2","Pa XVII,1","zwischen III und IV",,,,,"National Museum of Iraq, Baghdad, Iraq",,,Administrative,undetermined,clay,Green1987ATU2,history,"pl. 56",(p),,," ",0,0,,,0,0,0,0,,
2453,,"IM 023458,2",tablet,"Uruk IV (ca. 3350-3200 BC)","Uruk (mod. Warka)",,,,,,,"IM 023458,2",,,,,,,0,0,0,0,24.0,0.0,42.0,,,"W 15876,cy",?,"Nordschnitt der Stadtmauer",,,,,"National Museum of Iraq, Baghdad, Iraq",,,Administrative,undetermined,clay,,,,,,," ",0,0,,,0,0,0,0,,
5004,,"IM 025757,01",tablet,"Uruk IV (ca. 3350-3200 BC)","Uruk (mod. Warka)",,,,,,,"IM 025757,01",,,,,,,0,0,0,0,47.0,23.0,43.0,,,"W — ?",,,,,,,"National Museum of Iraq, Baghdad, Iraq",,,Administrative,undetermined,clay,,,,,,," ",0,0,,,0,0,0,0,,
5005,,"IM 025757,02",tablet,"Uruk IV (ca. 3350-3200 BC)","Uruk (mod. Warka)",,,,,,,"IM 025757,02",,,,,,,0,0,0,0,43.0,16.0,34.0,,,"W — ?",,,,,,,"National Museum of Iraq, Baghdad, Iraq",,,Administrative,undetermined,clay,,,,,,," ",0,0,,,0,0,0,0,,
5006,,"IM 025757,03",tablet,"Uruk IV (ca. 3350-3200 BC)","Uruk (mod. Warka)",,,,,,,"IM 025757,03",,,,,,,0,0,0,0,53.0,21.0,23.0,,,"W — ?",,,,,,,"National Museum of Iraq, Baghdad, Iraq",,,Administrative,undetermined,clay,,,,,,," ",0,0,,,0,0,0,0,,
5007,,"IM 025757,04",tablet,"Uruk IV (ca. 3350-3200 BC)","Uruk (mod. Warka)",,,,,,,"IM 025757,04",,,,,,,0,0,0,0,22.0,23.0,27.0,,,"W — ?",,,,,,,"National Museum of Iraq, Baghdad, Iraq",,,Administrative,undetermined,clay,,,,,,," ",0,0,,,0,0,0,0,,
5008,,"IM 025757,05",tablet,"Uruk IV (ca. 3350-3200 BC)","Uruk (mod. Warka)",,,,,,,"IM 025757,05",,,,,,,0,0,0,0,38.0,16.0,31.0,,,"W — ?",,,,,,,"National Museum of Iraq, Baghdad, Iraq",,,Administrative,undetermined,clay,,,,,,," ",0,0,,,0,0,0,0,,
5009,,"IM 025757,06",tablet,"Uruk IV (ca. 3350-3200 BC)","Uruk (mod. Warka)",,,,,,,"IM 025757,06",,,,,,,0,0,0,0,27.0,12.0,30.0,,,"W — ?",,,,,,,"National Museum of Iraq, Baghdad, Iraq",,,Administrative,undetermined,clay,,,,,,," ",0,0,,,0,0,0,0,,
5010,,"IM 025757,07",tablet,"Uruk IV (ca. 3350-3200 BC)","Uruk (mod. Warka)",,,,,,,"IM 025757,07",,,,,,,0,0,0,0,38.0,8.0,23.0,,,"W — ?",,,,,,,"National Museum of Iraq, Baghdad, Iraq",,,Administrative,undetermined,clay,,,,,,," ",0,0,,,0,0,0,0,,
5011,,"IM 025757,08",tablet,"Uruk IV (ca. 3350-3200 BC)","Uruk (mod. Warka)",,,,,,,"IM 025757,08",,,,,,,0,0,0,0,24.0,9.0,23.0,,,"W — ?",,,,,,,"National Museum of Iraq, Baghdad, Iraq",,,Administrative,undetermined,clay,,,,,,," ",0,0,,,0,0,0,0,,
5012,,"IM 025757,09",tablet,"Uruk IV (ca. 3350-3200 BC)","Uruk (mod. Warka)",,,,,,,"IM 025757,09",,,,,,,0,0,0,0,35.0,13.0,23.0,,,"W — ?",,,,,,,"National Museum of Iraq, Baghdad, Iraq",,,Administrative,undetermined,clay,,,,,,," ",0,0,,,0,0,0,0,,
5013,,"IM 025757,10",tablet,"Uruk IV (ca. 3350-3200 BC)","Uruk (mod. Warka)",,,,,,,"IM 025757,10",,,,,,,0,0,0,0,20.0,8.0,15.0,,,"W — ?",,,,,,,"National Museum of Iraq, Baghdad, Iraq",,,Administrative,undetermined,clay,,,,,,," ",0,0,,,0,0,0,0,,
5014,,"IM 025757,11",tablet,"Uruk IV (ca. 3350-3200 BC)","Uruk (mod. Warka)",,,,,,,"IM 025757,11",,,,,,,0,0,0,0,18.0,12.0,21.0,,,"W — ?",,,,,,,"National Museum of Iraq, Baghdad, Iraq",,,Administrative,undetermined,clay,,,,,,," ",0,0,,,0,0,0,0,,
5015,,"IM 025757,12",tablet,"Uruk IV (ca. 3350-3200 BC)","Uruk (mod. Warka)",,,,,,,"IM 025757,12",,,,,,,0,0,0,0,13.0,15.0,13.0,,,"W — ?",,,,,,,"National Museum of Iraq, Baghdad, Iraq",,,Administrative,undetermined,clay,,,,,,," ",0,0,,,0,0,0,0,,
5017,,"IM 025758,2",tablet,"Uruk IV (ca. 3350-3200 BC)","Uruk (mod. Warka)",,,,,,,"IM 025758,2",,,,,,,0,0,0,0,48.0,19.0,48.0,,,"W — ?",,,,,,,"National Museum of Iraq, Baghdad, Iraq",,,Administrative,undetermined,clay,,,,,,," ",0,0,,,0,0,0,0,,
5018,,"IM 025759,1",tablet,"Uruk IV (ca. 3350-3200 BC)","Uruk (mod. Warka)",,,,,,,"IM 025759,1",,,,,,,0,0,0,0,48.0,23.0,49.0,,,"W — ?",,,,,,,"National Museum of Iraq, Baghdad, Iraq",,,Administrative,undetermined,clay,,,,,,," ",0,0,,,0,0,0,0,,
5019,,"IM 025759,3",tablet,"Uruk IV (ca. 3350-3200 BC)","Uruk (mod. Warka)",,,,,,,"IM 025759,3",,,,,,,0,0,0,0,50.0,17.0,32.0,,,"W — ?",,,,,,,"National Museum of Iraq, Baghdad, Iraq",,,Administrative,undetermined,clay,,,,,,," ",0,0,,,0,0,0,0,,
5020,,"IM 025759,4",tablet,"Uruk IV (ca. 3350-3200 BC)","Uruk (mod. Warka)",,,,,,,"IM 025759,4",,,,,,,0,0,0,0,68.0,16.0,51.0,,,"W — ?",,,,,,,"National Museum of Iraq, Baghdad, Iraq",,,Administrative,undetermined,clay,,,,,,," ",0,0,,,0,0,0,0,,
5021,,"IM 025759,5",tablet,"Uruk IV (ca. 3350-3200 BC)","Uruk (mod. Warka)",,,,,,,"IM 025759,5",,,,,,,0,0,0,0,,,,,,"W — ?",,,,,,,"National Museum of Iraq, Baghdad, Iraq",,,Administrative,undetermined,clay,,,,,,," ",0,0,,,0,0,0,0,,
5022,,"IM 025759,6",tablet,"Uruk IV (ca. 3350-3200 BC)","Uruk (mod. Warka)",,,,,,,"IM 025759,6",,,,,,,0,0,0,0,,,,,,"W — ?",,,,,,,"National Museum of Iraq, Baghdad, Iraq",,,Administrative,undetermined,clay,,,,,,," ",0,0,,,0,0,0,0,,
2592,,"IM 026830",tablet,"Uruk IV (ca. 3350-3200 BC)","Uruk (mod. Warka)",,,,,,,"IM 026830",,,,,,,0,0,0,0,46.0,19.0,29.0,,,"W 16476","Pa XV,5","aus dem NW-Stollen, 15 m einwärts der Urnammu Ziqqurat-Kante, aus dem Schutt 60 cm unter Urnammu-Ziqqurat Unterkante, wahrscheinlich vor der Mosaikwand",,,,,"National Museum of Iraq, Baghdad, Iraq",,,Administrative,undetermined,clay,"sec1661; sec1662","history; history","; ","; ",,," ",0,0,,,0,0,0,0,,
2828,,"IM 046070",tablet,"Uruk IV (ca. 3350-3200 BC)","Uruk (mod. Warka)",,,,,,,"IM 046070",,,,,,,0,0,0,0,31.0,11.0,38.0,,,"W 17872,c","Nd XIV,5","ca 20 cm unter 17871 /Schuttschichten über Bett des Ur III-Zingels/",,,,,"National Museum of Iraq, Baghdad, Iraq",,,Administrative,undetermined,clay,,,,,,," ",0,0,,,0,0,0,0,,
3199,,"IM 064830",tablet,"Uruk IV (ca. 3350-3200 BC)","Uruk (mod. Warka)",,,,,,,"IM 064830",,,,,,,0,0,0,0,62.0,24.0,44.0,,,"W 19530,a","Nc XVI,2","Ostkante, im Verfallschutt neben den Riemchen",,,,,"National Museum of Iraq, Baghdad, Iraq",,,Administrative,undetermined,clay,,,,,,," ",0,0,,,0,0,0,0,,
3436,,"IM 065116",tablet,"Uruk IV (ca. 3350-3200 BC)","Uruk (mod. Warka)",,,,,,,"IM 065116",,,,,,,0,0,0,0,62.0,19.0,44.0,,,"W 20044,35","Nc XVI,4","zwischen den kaputten Riemchen, dicht hinter der Wasserrinne auf der IVer Mauer",,,,,"National Museum of Iraq, Baghdad, Iraq",,,Administrative,undetermined,clay,,,,,,," ",0,0,,,0,0,0,0,,
3443,,"IM 065118",tablet,"Uruk IV (ca. 3350-3200 BC)","Uruk (mod. Warka)",,,,,,,"IM 065118",,,,,,,0,0,0,0,49.0,0.0,42.0,,,"W 20044,42","Nc XVI,4","zwischen den kaputten Riemchen, dicht hinter der Wasserrinne auf der IVer Mauer",,,,,"National Museum of Iraq, Baghdad, Iraq",,,Administrative,undetermined,clay,,,,,,," ",0,0,,,0,0,0,0,,
3458,,"IM 065123",tablet,"Uruk IV (ca. 3350-3200 BC)","Uruk (mod. Warka)",,,,,,,"IM 065123",,,,,,,0,0,0,0,40.0,0.0,28.0,,,"W 20044,53","Nc XVI,5","auf tabuk der Mauer",,,,,"National Museum of Iraq, Baghdad, Iraq",,,Administrative,undetermined,clay,,,,,,," ",0,0,,,0,0,0,0,,
4084,,"IM 073202",tablet,"Uruk IV (ca. 3350-3200 BC)","Uruk (mod. Warka)",,,,,,,"IM 073202",,,,,,,0,0,0,0,84.0,27.0,55.0,,,"W 20831,2","Oc XVI,3","unter den Riemchen der Plattform von III über Tempel C aus der Zwischenschicht, nordöstlich der schmalen trogförmigen Opferstätte// t.a.q. IIIc",,,,,"National Museum of Iraq, Baghdad, Iraq",,,Administrative,undetermined,clay,Green1987ATU2,history,"pl. 13","(p, c)",,," ",0,0,,,0,0,0,0,,
4093,,"IM 073404",tablet,"Uruk IV (ca. 3350-3200 BC)","Uruk (mod. Warka)",,,,,,,"IM 073404",,,,,,,0,0,0,0,41.0,19.0,31.0,,,"W 20854","Oc XVI,2","unter Riemchen der IIIer Schicht, auf fester Ebene",,,,,"National Museum of Iraq, Baghdad, Iraq",,,Administrative,undetermined,clay,,,,,,," ",0,0,,,0,0,0,0,,
4106,,"IM 073405",tablet,"Uruk IV (ca. 3350-3200 BC)","Uruk (mod. Warka)",,,,,,,"IM 073405",,,,,,,0,0,0,0,56.0,12.0,37.0,,,"W 20891,1","Oc XVI,3","aus der Zwischenschicht, auf einer Brandfläche// t.a.q. IIIc",,,,,"National Museum of Iraq, Baghdad, Iraq",,,Administrative,undetermined,clay,Green1987ATU2,history,"pl. 14","obv. (p, c)",,," ",0,0,,,0,0,0,0,,
4497,,"IM 073409,1",tablet,"Uruk IV (ca. 3350-3200 BC)","Uruk (mod. Warka)",,,,,,,"IM 073409,1",,,,,,,0,0,0,0,63.0,13.0,35.0,,,"W 22099","Ne XVII,1","Schuttloch III",,,,,"National Museum of Iraq, Baghdad, Iraq",,,Administrative,undetermined,clay,sec2064,history,,,,," ",0,0,,,0,0,0,0,,
3909,,"IM 073463",tablet,"Uruk IV (ca. 3350-3200 BC)","Uruk (mod. Warka)",,,,,,,"IM 073463",,,,,,,0,0,0,0,60.0,25.0,48.0,,,"W 20563","Nb XVI,3","Füllschutt des großen Hofes",,,,,"National Museum of Iraq, Baghdad, Iraq",,,Administrative,undetermined,clay,,,,,,," ",0,0,,,0,0,0,0,,
3974,,"IM 073469",tablet,"Uruk IV (ca. 3350-3200 BC)","Uruk (mod. Warka)",,,,,,,"IM 073469",,,,,,,0,0,0,0,52.0,23.0,67.0,,,"W 20631,2","Ob XVI,3","Schutt des Stampflehmgebäudes, in Höhe der untersten Schicht",,,,,"National Museum of Iraq, Baghdad, Iraq",,,Administrative,undetermined,clay,,,,,,," ",0,0,,,0,0,0,0,,
3985,,"IM 073472",tablet,"Uruk IV (ca. 3350-3200 BC)","Uruk (mod. Warka)",,,,,,,"IM 073472",,,,,,,0,0,0,0,60.0,29.0,48.0,,,"W 20676,2","Oc XVI,3","Nest im Hof des Riemchenbaues, ca 60 cm vor der Kante des unteren Fundamentes neben Brandschicht /Zwischenschicht/ /nachträglich hinzugefügt/// t.a.q. Zwischenschicht",,,,,"National Museum of Iraq, Baghdad, Iraq",,,Administrative,undetermined,clay,"Damerow1991; Englund1998OBO160/1; Green1987ATU2; sec1901; sec1902","history; history; history; history; history","p. 702-703; p. 114 fig. 37; pl. 4; ; ","(copy); copy; (p, c); ; ",,," ",0,0,,,0,0,0,0,,
3999,,"IM 073477,1",tablet,"Uruk IV (ca. 3350-3200 BC)","Uruk (mod. Warka)",,,,,,,"IM 073477,1",,,,,,,0,0,0,0,48.0,13.0,28.0,,,"W 20680,1","Nc XVI,5","Füllschutt des großen Hofes",,,,,"National Museum of Iraq, Baghdad, Iraq",,,Administrative,undetermined,clay,,,,,,," ",0,0,,,0,0,0,0,,
3892,,"IM 073478",tablet,"Uruk IV (ca. 3350-3200 BC)","Uruk (mod. Warka)",,,,,,,"IM 073478",,,,,,,0,0,0,0,51.0,22.0,34.0,,,"W 20546","Nb XVI,3","im Füllschutt des großen Hofes",,,,,"National Museum of Iraq, Baghdad, Iraq",,,Administrative,undetermined,clay,,,,,,," ",0,0,,,0,0,0,0,,
3893,,"IM 073479",tablet,"Uruk IV (ca. 3350-3200 BC)","Uruk (mod. Warka)",,,,,,,"IM 073479",,,,,,,0,0,0,0,63.0,20.0,38.0,,,"W 20547","Nd XVII,1","NW-Ecke, Oberflächenfund aus Häusern der Schicht III, neben SW-Außenmauer von Eanna",,,,,"National Museum of Iraq, Baghdad, Iraq",,,Administrative,undetermined,clay,,,,,,," ",0,0,,,0,0,0,0,,
4004,,"IM 073488,1",tablet,"Uruk IV (ca. 3350-3200 BC)","Uruk (mod. Warka)",,,,,,,"IM 073488,1",,,,,,,0,0,0,0,39.0,24.0,41.0,,,"W 20705","Ob XVI,4","nahe S-Kante, ca 30 cm unter den obersten kleinformatigen Lehmziegeln /III/, neben der NW-SO Mauer",,,,,"National Museum of Iraq, Baghdad, Iraq",,,Administrative,undetermined,clay,,,,,,," ",0,0,,,0,0,0,0,,
4006,,"IM 073488,2",tablet,"Uruk IV (ca. 3350-3200 BC)","Uruk (mod. Warka)",,,,,,,"IM 073488,2",,,,,,,0,0,0,0,53.0,23.0,40.0,,,"W 20707","Nc XVI,5","Hoffüllung in Höhe zwischen Backsteinbank und originalem Hofniveau",,,,,"National Museum of Iraq, Baghdad, Iraq",,,Administrative,undetermined,clay,,,,,,," ",0,0,,,0,0,0,0,,
4015,,"IM 073492",tablet,"Uruk IV (ca. 3350-3200 BC)","Uruk (mod. Warka)",,,,,,,"IM 073492",,,,,,,0,0,0,0,57.0,26.0,49.0,,,"W 20715,1","Nd XVI,3","Schutt über großem Hof, unmittelbar unter neubabylonischer Hauswand",,,,,"National Museum of Iraq, Baghdad, Iraq",,,Administrative,undetermined,clay,,,,,,," ",0,0,,,0,0,0,0,,
4021,,"IM 073495",tablet,"Uruk IV (ca. 3350-3200 BC)","Uruk (mod. Warka)",,,,,,,"IM 073495",,,,,,,0,0,0,0,56.0,19.0,47.0,,,"W 20717,1","Nc XVI,5","Hofauffüllung, im Schutt des abzuräumenden Schnittsteges",,,,,"National Museum of Iraq, Baghdad, Iraq",,,Administrative,undetermined,clay,,,,,,," ",0,0,,,0,0,0,0,,
4039,,"IM 073499",tablet,"Uruk IV (ca. 3350-3200 BC)","Uruk (mod. Warka)",,,,,,,"IM 073499",,,,,,,0,0,0,0,89.0,31.0,71.0,,,"W 20739","Nd XVI,4","Schutt über dem großen Hof",,,,,"National Museum of Iraq, Baghdad, Iraq",,,Administrative,undetermined,clay,,,,,,," ",0,0,,,0,0,0,0,,
4043,,"IM 073500",tablet,"Uruk IV (ca. 3350-3200 BC)","Uruk (mod. Warka)",,,,,,,"IM 073500",,,,,,,0,0,0,0,40.0,15.0,35.0,,,"W 20740,4","Oc XVI,3","Schutt in Fundamenthöhe des IIIer Hofes über Tempel C// t.a.q. IIIc",,,,,"National Museum of Iraq, Baghdad, Iraq",,,Administrative,undetermined,clay,Green1987ATU2,history,"pl. 11","obv. (p, c)",,," ",0,0,,,0,0,0,0,,
4012,,"IM 073561",tablet,"Uruk IV (ca. 3350-3200 BC)","Uruk (mod. Warka)",,,,,,,"IM 073561",,,,,,,0,0,0,0,58.0,29.0,51.0,,,"W 20714,1","Nd XVI,3","Füllung des großen Hofes über IVer Niveau",,,,,"National Museum of Iraq, Baghdad, Iraq",,,Administrative,undetermined,clay,Green1987ATU2,history,"pl. 54","obv. (p)",,," ",0,0,,,0,0,0,0,,
4107,,"IM 074210",tablet,"Uruk IV (ca. 3350-3200 BC)","Uruk (mod. Warka)",,,,,,,"IM 074210",,,,,,,0,0,0,0,55.0,12.0,36.0,,,"W 20891,3","Oc XVI,3","aus der Zwischenschicht, auf einer Brandfläche// t.a.q. IIIc",,,,,"National Museum of Iraq, Baghdad, Iraq",,,Administrative,undetermined,clay,Green1987ATU2,history,"pl. 14","obv. (p, c)",,," ",0,0,,,0,0,0,0,,
4113,,"IM 074214",tablet,"Uruk IV (ca. 3350-3200 BC)","Uruk (mod. Warka)",,,,,,,"IM 074214",,,,,,,0,0,0,0,85.0,28.0,70.0,,,"W 20907,02","Oc XVI,2","aus der Zwischenschicht, Sammefund am Fuß der Stampflehmmauer, nordwestlich der Opferstätten// t.a.q. Zwischenschicht",,,,,"National Museum of Iraq, Baghdad, Iraq",,,Administrative,undetermined,clay,"Green1987ATU2; Veenhof1978spijkerschrift","history; history","pl. 6, pl. 53; p. 1","(p) obv. and rev. mirrored, (p) lower right edge unclear; photo obv.",,," ",0,0,,,0,0,0,0,,
4414,,"IM 074344",tablet,"Uruk IV (ca. 3350-3200 BC)","Uruk (mod. Warka)",,,,,,,"IM 074344",,,,,,,0,0,0,0,65.0,22.0,42.0,,,"W 21562","Ob XVI,2","in einem Raum des Stampflehmgebäudes, auf Fußboden unter Stampflehm",,,,,"National Museum of Iraq, Baghdad, Iraq",,,Administrative,undetermined,clay,sec2022,history,,,,," ",0,0,,,0,0,0,0,,
3137,,"IM 133656",tablet,"Uruk IV (ca. 3350-3200 BC)","Uruk (mod. Warka)",,,,,,,"IM 133656",,,,,,,0,0,0,0,56.0,21.0,31.0,,,"W 19408,89","Nb XVI,3","im Schnitt unter der Seleukidenmauer und unter der letzten Riemchenüberbauung.Auf einem Pflaster aus Ziegelbruch",,,,,"National Museum of Iraq, Baghdad, Iraq",,,Administrative,undetermined,clay,,,,,,," ",0,0,,,0,0,0,0,,
3163,,"IM 133666",tablet,"Uruk IV (ca. 3350-3200 BC)","Uruk (mod. Warka)",,,,,,,"IM 133666",,,,,,,0,0,0,0,62.0,17.0,44.0,,,"W 19412,10","Nb XVI,3/4","in zerstreuter Lage an der Seleukidenmauer",,,,,"National Museum of Iraq, Baghdad, Iraq",,,Administrative,undetermined,clay,,,,,,," ",0,0,,,0,0,0,0,,
3168,,"IM 133667",tablet,"Uruk IV (ca. 3350-3200 BC)","Uruk (mod. Warka)",,,,,,,"IM 133667",,,,,,,0,0,0,0,57.0,39.0,32.0,,,"W 19413,01","Nb XVI,3/4","in zerstreuter Lage an der Seleukidenmauer",,,,,"National Museum of Iraq, Baghdad, Iraq",,,Administrative,undetermined,clay,,,,,,," ",0,0,,,0,0,0,0,,
3192,,"IM 133676",tablet,"Uruk IV (ca. 3350-3200 BC)","Uruk (mod. Warka)",,,,,,,"IM 133676",,,,,,,0,0,0,0,44.0,19.0,61.0,,,"W 19422,b2 + W 19422,b3 + frag.","Nc/d XVI,2","unter der Oberfläche, am Rande einer Riemchenmauer",,,,,"National Museum of Iraq, Baghdad, Iraq",,,Administrative,undetermined,clay,,,,,,," ",0,0,,,0,0,0,0,,
3455,,"IM 133691,2",tablet,"Uruk IV (ca. 3350-3200 BC)","Uruk (mod. Warka)",,,,,,,"IM 133691,2",,,,,,,0,0,0,0,24.0,17.0,44.0,,,"W 20044,50","Nc XVI,5","zwischen Lehmziegeln auf der Mauer /zerbrochene Libn/",,,,,"National Museum of Iraq, Baghdad, Iraq",,,Administrative,undetermined,clay,,,,,,," ",0,0,,,0,0,0,0,,
3442,,"IM 133957",tablet,"Uruk IV (ca. 3350-3200 BC)","Uruk (mod. Warka)",,,,,,,"IM 133957",,,,,,,0,0,0,0,62.0,19.0,43.0,,,"W 20044,41","Nc XVI,4","zwischen den kaputten Riemchen, dicht hinter der Wasserrinne auf der IVer Mauer",,,,,"National Museum of Iraq, Baghdad, Iraq",,,Administrative,undetermined,clay,,,,,,," ",0,0,,,0,0,0,0,,
3445,,"IM 133958,1",tablet,"Uruk IV (ca. 3350-3200 BC)","Uruk (mod. Warka)",,,,,,,"IM 133958,1",,,,,,,0,0,0,0,42.0,23.0,32.0,,,"W 20044,44a","Nc XVI,4","zwischen den kaputten Riemchen, dicht hinter der Wasserrinne auf der IVer Mauer",,,,,"National Museum of Iraq, Baghdad, Iraq",,,Administrative,undetermined,clay,,,,,,," ",0,0,,,0,0,0,0,,
3446,,"IM 133958,2",tablet,"Uruk IV (ca. 3350-3200 BC)","Uruk (mod. Warka)",,,,,,,"IM 133958,2",,,,,,,0,0,0,0,35.0,18.0,35.0,,,"W 20044,44b","Nc XVI,4","zwischen den kaputten Riemchen, dicht hinter der Wasserrinne auf der IVer Mauer",,,,,"National Museum of Iraq, Baghdad, Iraq",,,Administrative,undetermined,clay,,,,,,," ",0,0,,,0,0,0,0,,
3447,,"IM 133958,3",tablet,"Uruk IV (ca. 3350-3200 BC)","Uruk (mod. Warka)",,,,,,,"IM 133958,3",,,,,,,0,0,0,0,31.0,15.0,28.0,,,"W 20044,44c","Nc XVI,4","zwischen den kaputten Riemchen, dicht hinter der Wasserrinne auf der IVer Mauer",,,,,"National Museum of Iraq, Baghdad, Iraq",,,Administrative,undetermined,clay,,,,,,," ",0,0,,,0,0,0,0,,
3448,,"IM 133958,4",tablet,"Uruk IV (ca. 3350-3200 BC)","Uruk (mod. Warka)",,,,,,,"IM 133958,4",,,,,,,0,0,0,0,22.0,15.0,22.0,,,"W 20044,44d","Nc XVI,4","zwischen den kaputten Riemchen, dicht hinter der Wasserrinne auf der IVer Mauer",,,,,"National Museum of Iraq, Baghdad, Iraq",,,Administrative,undetermined,clay,,,,,,," ",0,0,,,0,0,0,0,,
3451,,"IM 133958,7",tablet,"Uruk IV (ca. 3350-3200 BC)","Uruk (mod. Warka)",,,,,,,"IM 133958,7",,,,,,,0,0,0,0,12.0,12.0,19.0,,,"W 20044,44g","Nc XVI,4","zwischen den kaputten Riemchen, dicht hinter der Wasserrinne auf der IVer Mauer",,,,,"National Museum of Iraq, Baghdad, Iraq",,,Administrative,undetermined,clay,,,,,,," ",0,0,,,0,0,0,0,,
3454,,"IM 133960",tablet,"Uruk IV (ca. 3350-3200 BC)","Uruk (mod. Warka)",,,,,,,"IM 133960",,,,,,,0,0,0,0,,,,,,"W 20044,49","Nc XVI,5","zwischen Lehmziegeln auf der Mauer /zerbrochene Libn/",,,,,"National Museum of Iraq, Baghdad, Iraq",,,Administrative,undetermined,clay,,,,,,," ",0,0,,,0,0,0,0,,
3469,,"IM 134071",tablet,"Uruk IV (ca. 3350-3200 BC)","Uruk (mod. Warka)",,,,,,,"IM 134071",,,,,,,0,0,0,0,33.0,21.0,43.0,,,"W 20214,2","Nc XVI,5","im Schutt neben Gemdet Nasr-Mauer, ca.1.50 m über dem großen Hof",,,,,"National Museum of Iraq, Baghdad, Iraq",,,Administrative,undetermined,clay,,,,,,," ",0,0,,,0,0,0,0,,
3470,,"IM 134072",tablet,"Uruk IV (ca. 3350-3200 BC)","Uruk (mod. Warka)",,,,,,,"IM 134072",,,,,,,0,0,0,0,56.0,31.0,51.0,,,"W 20214,3","Nc XVI,5","im Schutt neben Gemdet Nasr-Mauer, ca.1.50 m über dem großen Hof",,,,,"National Museum of Iraq, Baghdad, Iraq",,,Administrative,undetermined,clay,,,,,,," ",0,0,,,0,0,0,0,,
3704,,"IM 134356",tablet,"Uruk IV (ca. 3350-3200 BC)","Uruk (mod. Warka)",,,,,,,"IM 134356",,,,,,,0,0,0,0,20.0,13.0,26.0,,,"W 20420","Nc XVI,4/5","im Schutt der Hofauffüllung, dicht unter der Backsteinstufe",,,,,"National Museum of Iraq, Baghdad, Iraq",,,Administrative,undetermined,clay,"sec1876; sec1877; Szarzyńska1994tags","history; history; history","; ; tag no. 10","; ; ",,," ",0,0,,,0,0,0,0,,
3707,,"IM 134361",tablet,"Uruk IV (ca. 3350-3200 BC)","Uruk (mod. Warka)",,,,,,,"IM 134361",,,,,,,0,0,0,0,69.0,26.0,36.0,,,"W 20424","Nc XVI,4","in Höhe der Hofmauer, 7 m nordöstlich von ihr neben der Halde",,,,,"National Museum of Iraq, Baghdad, Iraq",,,Administrative,undetermined,clay,,,,,,," ",0,0,,,0,0,0,0,,
3800,,"IM 134419",tablet,"Uruk IV (ca. 3350-3200 BC)","Uruk (mod. Warka)",,,,,,,"IM 134419",,,,,,,0,0,0,0,46.0,26.0,45.0,,,"W 20496,3","Nd XVI,5","hinter der Treppe, dicht neben Sickerschacht im Schutt unterhalb desselben",,,,,"National Museum of Iraq, Baghdad, Iraq",,,Administrative,undetermined,clay,,,,,,," ",0,0,,,0,0,0,0,,
3851,,"IM 134425",tablet,"Uruk IV (ca. 3350-3200 BC)","Uruk (mod. Warka)",,,,,,,"IM 134425",,,,,,,0,0,0,0,40.0,25.0,94.0,,,"W 20519","Nd XVI,5","im Schutt unter Brennöfen",,,,,"National Museum of Iraq, Baghdad, Iraq",,,Administrative,undetermined,clay,,,,,,," ",0,0,,,0,0,0,0,,
3852,,"IM 134426",tablet,"Uruk IV (ca. 3350-3200 BC)","Uruk (mod. Warka)",,,,,,,"IM 134426",,,,,,,0,0,0,0,60.0,41.0,46.0,,,"W 20520","Nd XVI,5","dicht an der Treppe, an der Einfassung aus Backsteinen",,,,,"National Museum of Iraq, Baghdad, Iraq",,,Administrative,undetermined,clay,,,,,,," ",0,0,,,0,0,0,0,,
3868,,"IM 134428",tablet,"Uruk IV (ca. 3350-3200 BC)","Uruk (mod. Warka)",,,,,,,"IM 134428",,,,,,,0,0,0,0,20.0,10.0,19.0,,,"W 20523,2","Nd XVI,5","in Höhe der Brandstelle, 40 cm oberhalb der Riemchen der Südost-Wand des Hofes",,,,,"National Museum of Iraq, Baghdad, Iraq",,,Administrative,undetermined,clay,,,,,,," ",0,0,,,0,0,0,0,,
3895,,"IM 134436",tablet,"Uruk IV (ca. 3350-3200 BC)","Uruk (mod. Warka)",,,,,,S999999,"IM 134436",,,,,,,0,0,0,0,43.0,26.0,48.0,,,"W 20549,1","Nc XVI,3","im Füllschutt des großen Hofes",,,,,"National Museum of Iraq, Baghdad, Iraq",,,Administrative,undetermined,clay,,,,,,," ",0,0,,,0,0,0,0,,
3896,,"IM 134437",tablet,"Uruk IV (ca. 3350-3200 BC)","Uruk (mod. Warka)",,,,,,,"IM 134437",,,,,,,0,0,0,0,34.0,22.0,28.0,,,"W 20550","Ob XVI,2","obere Füllung des Stampflehmgebäudes, bis zu 50 cm unter dessen Oberkante, Raum an der NW-Grabungsgrenze",,,,,"National Museum of Iraq, Baghdad, Iraq",,,Administrative,undetermined,clay,,,,,,," ",0,0,,,0,0,0,0,,
3900,,"IM 134441",tablet,"Uruk IV (ca. 3350-3200 BC)","Uruk (mod. Warka)",,,,,,,"IM 134441",,,,,,,0,0,0,0,51.0,18.0,49.0,,,"W 20551,4","Ob XVI,2","Füllung des Stampflehmgebäudes, bei 80 cm unter Oberkante, im 2. länglichen Raum von NW-Grabungsgrenze",,,,,"National Museum of Iraq, Baghdad, Iraq",,,Administrative,undetermined,clay,,,,,,," ",0,0,,,0,0,0,0,,
3904,,"IM 134445",tablet,"Uruk IV (ca. 3350-3200 BC)","Uruk (mod. Warka)",,,,,,,"IM 134445",,,,,,,0,0,0,0,45.0,29.0,35.0,,,"W 20552,4","Ob XVI,2","Schutt zwischen Stampflehmmauern, 50-120 cm unter deren Oberkante",,,,,"National Museum of Iraq, Baghdad, Iraq",,,Administrative,undetermined,clay,,,,,,," ",0,0,,,0,0,0,0,,
3905,,"IM 134447",tablet,"Uruk IV (ca. 3350-3200 BC)","Uruk (mod. Warka)",,,,,,S999999,"IM 134447",,,,,,,0,0,0,0,27.0,19.0,27.0,,,"W 20552,6","Ob XVI,2","Schutt zwischen Stampflehmmauern, 50-120 cm unter deren Oberkante",,,,,"National Museum of Iraq, Baghdad, Iraq",,,Administrative,undetermined,clay,,,,,,," ",0,0,,,0,0,0,0,,
3910,,"IM 134451",tablet,"Uruk IV (ca. 3350-3200 BC)","Uruk (mod. Warka)",,,,,,,"IM 134451",,,,,,,0,0,0,0,32.0,21.0,22.0,,,"W 20565","Nb XVI,4","Füllschutt des Hofes",,,,,"National Museum of Iraq, Baghdad, Iraq",,,Administrative,undetermined,clay,,,,,,," ",0,0,,,0,0,0,0,,
3913,,"IM 134455",tablet,"Uruk IV (ca. 3350-3200 BC)","Uruk (mod. Warka)",,,,,,,"IM 134455",,,,,,,0,0,0,0,45.0,30.0,71.0,,,"W 20570,1","Nc XVI,2/3","Hofauffüllung neben dem Sickerschacht",,,,,"National Museum of Iraq, Baghdad, Iraq",,,Administrative,undetermined,clay,,,,,,," ",0,0,,,0,0,0,0,,
3914,,"IM 134456",tablet,"Uruk IV (ca. 3350-3200 BC)","Uruk (mod. Warka)",,,,,,S999999,"IM 134456",,,,,,,0,0,0,0,32.0,28.0,48.0,,,"W 20570,2","Nc XVI,2/3","Hofauffüllung neben dem Sickerschacht",,,,,"National Museum of Iraq, Baghdad, Iraq",,,Administrative,undetermined,clay,"sec1895; sec1896","history; history","; ","; ",,," ",0,0,,,0,0,0,0,,
3933,,"IM 134472",tablet,"Uruk IV (ca. 3350-3200 BC)","Uruk (mod. Warka)",,,,,,,"IM 134472",,,,,,,0,0,0,0,65.0,22.0,37.0,,,"W 20593,06","Ob XVI,2","Füllschutt im Stampflehmgebäude in Höhe der zweitobersten Schicht, 2.länglicher Raum von NW-Grabungskante",,,,,"National Museum of Iraq, Baghdad, Iraq",,,Administrative,undetermined,clay,,,,,,," ",0,0,,,0,0,0,0,,
3963,,"IM 134486",tablet,"Uruk IV (ca. 3350-3200 BC)","Uruk (mod. Warka)",,,,,,S999999,"IM 134486",,,,,,,0,0,0,0,28.0,42.0,43.0,,,"W 20594,3","Ob XVI,2","Füllung des Stampflehmgebäudes",,,,,"National Museum of Iraq, Baghdad, Iraq",,,Administrative,undetermined,clay,,,,,,," ",0,0,,,0,0,0,0,,
3978,,"IM 134497",tablet,"Uruk IV (ca. 3350-3200 BC)","Uruk (mod. Warka)",,,,,,,"IM 134497",,,,,,,0,0,0,0,61.0,19.0,39.0,,,"W 20651","Nc XVI,5","im obersten Schutt, wenig unterhalb der obersten Riemchen im Hof",,,,,"National Museum of Iraq, Baghdad, Iraq",,,Administrative,undetermined,clay,,,,,,," ",0,0,,,0,0,0,0,,
3987,,"IM 134503",tablet,"Uruk IV (ca. 3350-3200 BC)","Uruk (mod. Warka)",,,,,,,"IM 134503",,,,,,,0,0,0,0,54.0,26.0,48.0,,,"W 20676,4","Oc XVI,3","Nest im Hof des Riemchenbaues, ca 60 cm vor der Kante des unteren Fundamentes neben Brandschicht /Zwischenschicht/ /nachträglich hinzugefügt/// t.a.q. Zwischenschicht",,,,,"National Museum of Iraq, Baghdad, Iraq",,,Administrative,undetermined,clay,Green1987ATU2,history,"pl. 4",obv.,,," ",0,0,,,0,0,0,0,,
3988,,"IM 134504",tablet,"Uruk IV (ca. 3350-3200 BC)","Uruk (mod. Warka)",,,,,,,"IM 134504",,,,,,,0,0,0,0,55.0,33.0,44.0,,,"W 20676,5","Oc XVI,3","Nest im Hof des Riemchenbaues, ca 60 cm vor der Kante des unteren Fundamentes neben Brandschicht /Zwischenschicht/ /nachträglich hinzugefügt/// t.a.q. Zwischenschicht",,,,,"National Museum of Iraq, Baghdad, Iraq",,,Administrative,undetermined,clay,Green1987ATU2,history,"pl. 4",obv.,,," ",0,0,,,0,0,0,0,,
3989,,"IM 134505",tablet,"Uruk IV (ca. 3350-3200 BC)","Uruk (mod. Warka)",,,,,,,"IM 134505",,,,,,,0,0,0,0,51.0,31.0,39.0,,,"W 20676,6","Oc XVI,3","Nest im Hof des Riemchenbaues, ca 60 cm vor der Kante des unteren Fundamentes neben Brandschicht /Zwischenschicht/ /nachträglich hinzugefügt/// t.a.q. Zwischenschicht",,,,,"National Museum of Iraq, Baghdad, Iraq",,,Administrative,undetermined,clay,Green1987ATU2,history,"pl. 4",obv.,,," ",0,0,,,0,0,0,0,,
3992,,"IM 134507,1",tablet,"Uruk IV (ca. 3350-3200 BC)","Uruk (mod. Warka)",,,,,,,"IM 134507,1",,,,,,,0,0,0,0,30.0,16.0,27.0,,,"W 20676,9a","Oc XVI,3","Nest im Hof des Riemchenbaues, ca 60 cm vor der Kante des unteren Fundamentes neben Brandschicht /Zwischenschicht/ /nachträglich hinzugefügt/// t.a.q. Zwischenschicht",,,,,"National Museum of Iraq, Baghdad, Iraq",,,Administrative,undetermined,clay,,,,,,," ",0,0,,,0,0,0,0,,
3993,,"IM 134507,2",tablet,"Uruk IV (ca. 3350-3200 BC)","Uruk (mod. Warka)",,,,,,,"IM 134507,2",,,,,,,0,0,0,0,12.0,12.0,22.0,,,"W 20676,9b","Oc XVI,3","Nest im Hof des Riemchenbaues, ca 60 cm vor der Kante des unteren Fundamentes neben Brandschicht /Zwischenschicht/ /nachträglich hinzugefügt/// t.a.q. Zwischenschicht",,,,,"National Museum of Iraq, Baghdad, Iraq",,,Administrative,undetermined,clay,,,,,,," ",0,0,,,0,0,0,0,,
4001,,"IM 134509",tablet,"Uruk IV (ca. 3350-3200 BC)","Uruk (mod. Warka)",,,,,,,"IM 134509",,,,,,,0,0,0,0,27.0,26.0,64.0,,,"W 20680,3","Nc XVI,5","Füllschutt des großen Hofes",,,,,"National Museum of Iraq, Baghdad, Iraq",,,Administrative,undetermined,clay,,,,,,," ",0,0,,,0,0,0,0,,
4020,,"IM 134522",tablet,"Uruk IV (ca. 3350-3200 BC)","Uruk (mod. Warka)",,,,,,,"IM 134522",,,,,,,0,0,0,0,39.0,13.0,37.0,,,"W 20716,4","Nc XVI,5","Hofauffüllung, in Schnittwand, im Schutt des abzuräumenden Schnittsteges",,,,,"National Museum of Iraq, Baghdad, Iraq",,,Administrative,undetermined,clay,Green1987ATU2,history,"pl. 56",,,," ",0,0,,,0,0,0,0,,
4022,,"IM 134523",tablet,"Uruk IV (ca. 3350-3200 BC)","Uruk (mod. Warka)",,,,,,,"IM 134523",,,,,,,0,0,0,0,47.0,21.0,52.0,,,"W 20717,2","Nc XVI,5","Hofauffüllung, im Schutt des abzuräumenden Schnittsteges",,,,,"National Museum of Iraq, Baghdad, Iraq",,,Administrative,undetermined,clay,,,,,,," ",0,0,,,0,0,0,0,,
4023,,"IM 134525",tablet,"Uruk IV (ca. 3350-3200 BC)","Uruk (mod. Warka)",,,,,,,"IM 134525",,,,,,,0,0,0,0,38.0,27.0,51.0,,,"W 20718,2","Nd XVI,3","neubabylonischer Schutt über den großen Hof",,,,,"National Museum of Iraq, Baghdad, Iraq",,,Administrative,undetermined,clay,,,,,,," ",0,0,,,0,0,0,0,,
4024,,"IM 134526",tablet,"Uruk IV (ca. 3350-3200 BC)","Uruk (mod. Warka)",,,,,,,"IM 134526",,,,,,,0,0,0,0,41.0,23.0,40.0,,,"W 20718,3","Nd XVI,3","neubabylonischer Schutt über den großen Hof",,,,,"National Museum of Iraq, Baghdad, Iraq",,,Administrative,undetermined,clay,,,,,,," ",0,0,,,0,0,0,0,,
4028,,"IM 134528",tablet,"Uruk IV (ca. 3350-3200 BC)","Uruk (mod. Warka)",,,,,,,"IM 134528",,,,,,,0,0,0,0,74.0,27.0,33.0,,,"W 20719,2","Nd XVI,4","in Höhe der Fundamentunterkante des neubabylonischen Hauses /auf/ der Hoffüllung",,,,,"National Museum of Iraq, Baghdad, Iraq",,,Administrative,undetermined,clay,,,,,,," ",0,0,,,0,0,0,0,,
4029,,"IM 134529",tablet,"Uruk IV (ca. 3350-3200 BC)","Uruk (mod. Warka)",,,,,,,"IM 134529",,,,,,,0,0,0,0,35.0,26.0,32.0,,,"W 20720","Oc XVI,3","zwischen IIIer Mauern, ca 20 cm nordöstlich von Schwelle auf Boden",,,,,"National Museum of Iraq, Baghdad, Iraq",,,Administrative,undetermined,clay,,,,,,," ",0,0,,,0,0,0,0,,
4035,,"IM 134533,2",tablet,"Uruk IV (ca. 3350-3200 BC)","Uruk (mod. Warka)",,,,,,,"IM 134533,2",,,,,,,0,0,0,0,69.0,18.0,51.0,,,"W 20736,8b","Nc XVI,5","Hoffüllung, oberste Schicht in Höhe von IIIer Mauern, ca 75 cm entfernt /Schnittwand Nc XVI,5 Diagonale/",,,,,"National Museum of Iraq, Baghdad, Iraq",,,Administrative,undetermined,clay,,,,,,," ",0,0,,,0,0,0,0,,
4038,,"IM 134535",tablet,"Uruk IV (ca. 3350-3200 BC)","Uruk (mod. Warka)",,,,,,,"IM 134535",,,,,,,0,0,0,0,44.0,23.0,63.0,,,"W 20738","Oc XVI,3","zwischen IIIer Riemchenmauern, in Höhe der Unterkante der Mauer",,,,,"National Museum of Iraq, Baghdad, Iraq",,,Administrative,undetermined,clay,,,,,,," ",0,0,,,0,0,0,0,,
4041,,"IM 134537",tablet,"Uruk IV (ca. 3350-3200 BC)","Uruk (mod. Warka)",,,,,,,"IM 134537",,,,,,,0,0,0,0,51.0,24.0,50.0,,,"W 20740,2","Oc XVI,3","Schutt in Fundamenthöhe des IIIer Hofes über Tempel C// t.a.q. IIIc",,,,,"National Museum of Iraq, Baghdad, Iraq",,,Administrative,undetermined,clay,Green1987ATU2,history,"pl. 11","obv. (p, c)",,," ",0,0,,,0,0,0,0,,
4044,,"IM 134539",tablet,"Uruk IV (ca. 3350-3200 BC)","Uruk (mod. Warka)",,,,,,,"IM 134539",,,,,,,0,0,0,0,31.0,12.0,30.0,,,"W 20740,5","Oc XVI,3","Schutt in Fundamenthöhe des IIIer Hofes über Tempel C// t.a.q. IIIc",,,,,"National Museum of Iraq, Baghdad, Iraq",,,Administrative,undetermined,clay,Green1987ATU2,history,"pl. 11",obv.,,," ",0,0,,,0,0,0,0,,
4045,,"IM 134540",tablet,"Uruk IV (ca. 3350-3200 BC)","Uruk (mod. Warka)",,,,,,,"IM 134540",,,,,,,0,0,0,0,82.0,24.0,56.0,,,"W 20740,6","Oc XVI,3","Schutt in Fundamenthöhe des IIIer Hofes über Tempel C// t.a.q. IIIc",,,,,"National Museum of Iraq, Baghdad, Iraq",,,Administrative,undetermined,clay,Green1987ATU2,history,"pl. 11","obv. (p, c), rev. (c)",,," ",0,0,,,0,0,0,0,,
4082,,"IM 134570",tablet,"Uruk IV (ca. 3350-3200 BC)","Uruk (mod. Warka)",,,,,,,"IM 134570",,,,,,,0,0,0,0,31.0,23.0,36.0,,,"W 20826","Ob XVI,4","aus Riemchenmauerwerk von III, ca 4 m vom Punkt Ob/c XVI 4/5",,,,,"National Museum of Iraq, Baghdad, Iraq",,,Administrative,undetermined,clay,,,,,,," ",0,0,,,0,0,0,0,,
4087,,"IM 134574",tablet,"Uruk IV (ca. 3350-3200 BC)","Uruk (mod. Warka)",,,,,,,"IM 134574",,,,,,,0,0,0,0,53.0,16.0,40.0,,,"W 20831,6","Oc XVI,3","unter den Riemchen der Plattform von III über Tempel C aus der Zwischenschicht, nordöstlich der schmalen trogförmigen Opferstätte// t.a.q. IIIc",,,,,"National Museum of Iraq, Baghdad, Iraq",,,Administrative,undetermined,clay,Green1987ATU2,history,"pl. 13",,,," ",0,0,,,0,0,0,0,,
4089,,"IM 134576",tablet,"Uruk IV (ca. 3350-3200 BC)","Uruk (mod. Warka)",,,,,,,"IM 134576",,,,,,,0,0,0,0,45.0,15.0,37.0,,,"W 20831,8","Oc XVI,3","unter den Riemchen der Plattform von III über Tempel C aus der Zwischenschicht, nordöstlich der schmalen trogförmigen Opferstätte// t.a.q. IIIc",,,,,"National Museum of Iraq, Baghdad, Iraq",,,Administrative,undetermined,clay,,,,,,," ",0,0,,,0,0,0,0,,
4104,,"IM 134590",tablet,"Uruk IV (ca. 3350-3200 BC)","Uruk (mod. Warka)",,,,,,S999999,"IM 134590",,,,,,,0,0,0,0,30.0,33.0,44.0,,,"W 20888","Od XVI,4","aus den IIIer Schichten über dem Hof des Tempels C",,,,,"National Museum of Iraq, Baghdad, Iraq",,,Administrative,undetermined,clay,,,,,,," ",0,0,,,0,0,0,0,,
4105,,"IM 134591",tablet,"Uruk IV (ca. 3350-3200 BC)","Uruk (mod. Warka)",,,,,,,"IM 134591",,,,,,,0,0,0,0,57.0,28.0,45.0,,,"W 20889","Ob XVI,3","aus der Zwischenschicht zwischen IVa und III// t.a.q. IIIc /berichtigt gegenüber ZATU p.40/",,,,,"National Museum of Iraq, Baghdad, Iraq",,,Administrative,undetermined,clay,Green1987ATU2,history,"pl. 5","obv. (p, c)",,," ",0,0,,,0,0,0,0,,
4108,,"IM 134592",tablet,"Uruk IV (ca. 3350-3200 BC)","Uruk (mod. Warka)",,,,,,,"IM 134592",,,,,,,0,0,0,0,26.0,12.0,31.0,,,"W 20891,4","Oc XVI,3","aus der Zwischenschicht, auf einer Brandfläche// t.a.q. IIIc",,,,,"National Museum of Iraq, Baghdad, Iraq",,,Administrative,undetermined,clay,,,,,,," ",0,0,,,0,0,0,0,,
4109,,"IM 134593",tablet,"Uruk IV (ca. 3350-3200 BC)","Uruk (mod. Warka)",,,,,,S999999,"IM 134593",,,,,,,0,0,0,0,33.0,26.0,52.0,,,"W 20900","Ob XVI,4","im Schutt under den III-er Schichten über der zum Tempeö C gehörigen Riemchenterrasse",,,,,"National Museum of Iraq, Baghdad, Iraq",,,Administrative,undetermined,clay,,,,,,," ",0,0,,,0,0,0,0,,
4115,,"IM 134594",tablet,"Uruk IV (ca. 3350-3200 BC)","Uruk (mod. Warka)",,,,,,,"IM 134594",,,,,,,0,0,0,0,52.0,18.0,36.0,,,"W 20907,04","Oc XVI,2","aus der Zwischenschicht, Sammefund am Fuß der Stampflehmmauer, nordwestlich der Opferstätten// t.a.q. Zwischenschicht",,,,,"National Museum of Iraq, Baghdad, Iraq",,,Administrative,undetermined,clay,Green1987ATU2,history,"pl. 7","obv. (p, c)",,," ",0,0,,,0,0,0,0,,
4117,,"IM 134596,1",tablet,"Uruk IV (ca. 3350-3200 BC)","Uruk (mod. Warka)",,,,,,,"IM 134596,1",,,,,,,0,0,0,0,57.0,26.0,75.0,,,"W 20907,06a","Oc XVI,2","aus der Zwischenschicht, Sammefund am Fuß der Stampflehmmauer, nordwestlich der Opferstätten// t.a.q. Zwischenschicht",,,,,"National Museum of Iraq, Baghdad, Iraq",,,Administrative,undetermined,clay,Green1987ATU2,history,"pl. 7","(p, c)",,," ",0,0,,,0,0,0,0,,
4119,,"IM 134596,3",tablet,"Uruk IV (ca. 3350-3200 BC)","Uruk (mod. Warka)",,,,,,,"IM 134596,3",,,,,,,0,0,0,0,23.0,20.0,27.0,,,"W 20907,06c","Oc XVI,2","aus der Zwischenschicht, Sammefund am Fuß der Stampflehmmauer, nordwestlich der Opferstätten// t.a.q. Zwischenschicht",,,,,"National Museum of Iraq, Baghdad, Iraq",,,Administrative,undetermined,clay,,,,,,," ",0,0,,,0,0,0,0,,
4427,,"IM 134945",tablet,"Uruk IV (ca. 3350-3200 BC)","Uruk (mod. Warka)",,,,,,,"IM 134945",,,,,,,0,0,0,0,67.0,26.0,53.0,,,"W 21654,5","Ob XVI,3","im Schutt über dem im NW dem Tempel C vorgelagerten Hof, nahe dem Punkt Oa/b XVI,3/4",,,,,"National Museum of Iraq, Baghdad, Iraq",,,Administrative,undetermined,clay,,,,,,," ",0,0,,,0,0,0,0,,
4428,,"IM 134946",tablet,"Uruk IV (ca. 3350-3200 BC)","Uruk (mod. Warka)",,,,,,,"IM 134946",,,,,,,0,0,0,0,68.0,24.0,51.0,,,"W 21654,6","Ob XVI,3","im Schutt über dem im NW dem Tempel C vorgelagerten Hof, nahe dem Punkt Oa/b XVI,3/4",,,,,"National Museum of Iraq, Baghdad, Iraq",,,Administrative,undetermined,clay,,,,,,," ",0,0,,,0,0,0,0,,
4429,,"IM 134947",tablet,"Uruk IV (ca. 3350-3200 BC)","Uruk (mod. Warka)",,,,,,,"IM 134947",,,,,,,0,0,0,0,70.0,23.0,51.0,,,"W 21654,7","Ob XVI,3","im Schutt über dem im NW dem Tempel C vorgelagerten Hof, nahe dem Punkt Oa/b XVI,3/4",,,,,"National Museum of Iraq, Baghdad, Iraq",,,Administrative,undetermined,clay,,,,,,," ",0,0,,,0,0,0,0,,
4435,,"IM 134950",tablet,"Uruk IV (ca. 3350-3200 BC)","Uruk (mod. Warka)",,,,,,,"IM 134950",,,,,,,0,0,0,0,77.0,19.0,57.0,,,"W 21678 + W 21680","Ob XVI,1","im Schutt zwischen Stampflehmmauern",,,,,"National Museum of Iraq, Baghdad, Iraq",,,Administrative,undetermined,clay,sec2034,history,,,,," ",0,0,,,0,0,0,0,,
4441,,"IM 134951",tablet,"Uruk IV (ca. 3350-3200 BC)","Uruk (mod. Warka)",,,,,,,"IM 134951",,,,,,,0,0,0,0,32.0,35.0,84.0,,,"W 21700","Ob XVI,1","im Füllschutt eines .... des Stampflehmgebäudes",,,,,"National Museum of Iraq, Baghdad, Iraq",,,Administrative,undetermined,clay,,,,,,," ",0,0,,,0,0,0,0,,
4487,,"IM 134959",tablet,"Uruk IV (ca. 3350-3200 BC)","Uruk (mod. Warka)",,,,,,,"IM 134959",,,,,,,0,0,0,0,81.0,22.0,43.0,,,"W 22090,6","Ne XVII,1","Schuttloch III",,,,,"National Museum of Iraq, Baghdad, Iraq",,,Administrative,undetermined,clay,,,,,,," ",0,0,,,0,0,0,0,,
4500,,"IM 134965",tablet,"Uruk IV (ca. 3350-3200 BC)","Uruk (mod. Warka)",,,,,,,"IM 134965",,,,,,,0,0,0,0,61.0,20.0,45.0,,,"W 22100,02","Ne XVII,1","Schuttloch III",,,,,"National Museum of Iraq, Baghdad, Iraq",,,Administrative,undetermined,clay,,,,,,," ",0,0,,,0,0,0,0,,
4502,,"IM 134967",tablet,"Uruk IV (ca. 3350-3200 BC)","Uruk (mod. Warka)",,,,,,,"IM 134967",,,,,,,0,0,0,0,31.0,21.0,44.0,,,"W 22100,04","Ne XVII,1","Schuttloch III",,,,,"National Museum of Iraq, Baghdad, Iraq",,,Administrative,undetermined,clay,,,,,,," ",0,0,,,0,0,0,0,,
4889,,"IM 135653",tablet,"Uruk IV (ca. 3350-3200 BC)","Uruk (mod. Warka)",,,,,,,"IM 135653",,,,,,,0,0,0,0,53.0,22.0,54.0,,,"W 24034","Oa XV,5","an der NW-Mauer des Stampflehmgebäude auf dem Fußboden",,,,,"National Museum of Iraq, Baghdad, Iraq",,,Administrative,undetermined,clay,,,,,,," ",0,0,,,0,0,0,0,,
252172,,"MS 3161",tablet,"Uruk IV (ca. 3350-3200 BC)","uncertain (mod. uncertain)",,,,,,,"MS 3161",,,,tag,,,0,0,0,0,,,,,,,,,,,,,"Schøyen Collection, Oslo, Norway",,,Administrative,,clay,,,,,,," ",0,,,,0,0,0,0,,
252178,,"MS 3167",tablet,"Uruk IV (ca. 3350-3200 BC)","uncertain (mod. uncertain)",,,,,,,"MS 3167",,,,,,,0,0,0,0,,,,,,,,,,,,,"Schøyen Collection, Oslo, Norway",,,Administrative,,clay,,,,,,," ",0,,,,0,0,0,0,,
6288,,"MS 4485",tablet,"Uruk IV (ca. 3350-3200 BC)","uncertain (mod. uncertain)",,,,,,,"MS 4485",,,,,,,0,0,0,0,58.0,19.0,37.0,,,,,,,,,,"Schøyen Collection, Oslo, Norway",,,Administrative,undetermined,clay,,,,,,," ",0,0,,,0,0,0,0,,
6316,,"MS 4530",tablet,"Uruk IV (ca. 3350-3200 BC)","uncertain (mod. uncertain)",,,,,,,"MS 4530",,,,tag,,,0,0,0,0,26.0,14.0,24.0,,,,,,,,,,"Schøyen Collection, Oslo, Norway",,,Administrative,undetermined,clay,,,,,,," ",0,0,,,0,0,0,0,,
955,,"VA — ?",tablet,"Uruk IV (ca. 3350-3200 BC)","Uruk (mod. Warka)",,,,,,S999999,"VA — ?",,,,,,,0,0,0,0,44.0,21.0,44.0,,,"W 07204,b","Pd XVI,3","Scherbenschicht an der Rillenwand IV// t.a.q. IIIc",,,,,"Vorderasiatisches Museum, Berlin, Germany",,,Administrative,undetermined,clay,,,,,,," ",0,0,,,0,0,0,0,,
2210,,"VA — ?",tablet,"Uruk IV (ca. 3350-3200 BC)","Uruk (mod. Warka)",,,,,,,"VA — ?",,,,,,,0,0,0,0,26.0,0.0,27.0,,,"W 15692,a2","Nb XVI / Nc XV,5","ca. 80 cm unter Mauer mit großen Ziegeln, zwischen Eanna und Südbau",,,,,"Vorderasiatisches Museum, Berlin, Germany",,,Administrative,undetermined,clay,,,,,,," ",0,0,,,0,0,0,0,,
2299,,"VA — ?",tablet,"Uruk IV (ca. 3350-3200 BC)","Uruk (mod. Warka)",,,,,,,"VA — ?",,,,,,,0,0,0,0,25.0,0.0,22.0,,,"W 15772,s","Nb/c XVI,4","Seleukidenmauer Schnitt Westhälfte",,,,,"Vorderasiatisches Museum, Berlin, Germany",,,Administrative,undetermined,clay,,,,,,," ",0,0,,,0,0,0,0,,
2367,,"VA — ?",tablet,"Uruk IV (ca. 3350-3200 BC)","Uruk (mod. Warka)",,,,,,,"VA — ?",,,,,,,0,0,0,0,47.0,0.0,48.0,,,"W 15775,t","Nb/c XVI,4","Seleukidenmauer Schnitt Westhälfte",,,,,"Vorderasiatisches Museum, Berlin, Germany",,,Administrative,undetermined,clay,,,,,,," ",0,0,,,0,0,0,0,,
2555,,"VA — ?",tablet,"Uruk IV (ca. 3350-3200 BC)","Uruk (mod. Warka)",,,,,,,"VA — ?",,,,,,,0,0,0,0,40.0,0.0,19.0,,,"W 15920,a6","Pa XVII,1","zwischen III und IV",,,,,"Vorderasiatisches Museum, Berlin, Germany",,,Administrative,undetermined,clay,,,,,,," ",0,0,,,0,0,0,0,,
2578,,"VA — ?",tablet,"Uruk IV (ca. 3350-3200 BC)","Uruk (mod. Warka)",,,,,,,"VA — ?",,,,,,,0,0,0,0,47.0,0.0,36.0,,,"W 16114","Oe XV,4","aus den Lemziegelfugen des Urnammu- Nordwestzingels, o.7 m unter Pflasterhöhe des NW-Tempels",,,,,"Vorderasiatisches Museum, Berlin, Germany",,,Administrative,undetermined,clay,,,,,,," ",0,0,,,0,0,0,0,,
2596,,"W 16621,b + W 16632,c",tablet,"Uruk IV (ca. 3350-3200 BC)","Uruk (mod. Warka)",,,,,,,"IM —",,,,,,,0,0,0,0,56.0,0.0,34.0,,,"W 16621,b + W 16632,c","Pb XVI,3","aus den Lehmziegeln von III  +19.45 m",,,,,"National Museum of Iraq, Baghdad, Iraq",,,Administrative,undetermined,clay,,,,,,," ",0,0,,,0,0,0,0,,
2606,,"W 16719",tablet,"Uruk IV (ca. 3350-3200 BC)","Uruk (mod. Warka)",,,,,,,"IM —",,,,,,,0,0,0,0,72.0,0.0,50.0,,,"W 16719","Pd XVI,4","südwestlich von Brandgrab II, aus der Begleitmauer, auf Scherbe liegend",,,,,"National Museum of Iraq, Baghdad, Iraq",,,Administrative,undetermined,clay,Green1987ATU2,history,"pl. 57",,,," ",0,0,,,0,0,0,0,,
3142,,"W 19410,02",tablet,"Uruk IV (ca. 3350-3200 BC)","Uruk (mod. Warka)",,,,,,S999999,"IM —",,,,,,,0,0,0,0,49.0,0.0,37.0,,,"W 19410,02","Nb XVI,3","im Schnitt unter der Seleukidenmauer und unter der letzten Riemchenüberbauung.Auf einem Pflaster aus Ziegelbruch",,,,,"National Museum of Iraq, Baghdad, Iraq",,,Administrative,undetermined,clay,,,,,,," ",0,0,,,0,0,0,0,,
3143,,"W 19410,03",tablet,"Uruk IV (ca. 3350-3200 BC)","Uruk (mod. Warka)",,,,,,S999999,"IM —",,,,,,,0,0,0,0,48.0,21.0,38.0,,,"W 19410,03","Nb XVI,3","im Schnitt unter der Seleukidenmauer und unter der letzten Riemchenüberbauung.Auf einem Pflaster aus Ziegelbruch",,,,,"National Museum of Iraq, Baghdad, Iraq",,,Administrative,undetermined,clay,,,,,,," ",0,0,,,0,0,0,0,,
3161,,"W 19412,07",tablet,"Uruk IV (ca. 3350-3200 BC)","Uruk (mod. Warka)",,,,,,,"IM —",,,,,,,0,0,0,0,38.0,25.0,54.0,,,"W 19412,07","Nb XVI,3/4","in zerstreuter Lage an der Seleukidenmauer",,,,,"National Museum of Iraq, Baghdad, Iraq",,,Administrative,undetermined,clay,,,,,,," ",0,0,,,0,0,0,0,,
3171,,"W 19413,04",tablet,"Uruk IV (ca. 3350-3200 BC)","Uruk (mod. Warka)",,,,,,,"IM —",,,,,,,0,0,0,0,44.0,10.0,27.0,,,"W 19413,04","Nb XVI,3/4","in zerstreuter Lage an der Seleukidenmauer",,,,,"National Museum of Iraq, Baghdad, Iraq",,,Administrative,undetermined,clay,,,,,,," ",0,0,,,0,0,0,0,,
3195,,"W 19449",tablet,"Uruk IV (ca. 3350-3200 BC)","Uruk (mod. Warka)",,,,,,,"IM —",,,,,,,0,0,0,0,51.0,34.0,34.0,,,"W 19449","Lb XV,5","vor der Bastion auf der seleukidischen Terrasse",,,,,"National Museum of Iraq, Baghdad, Iraq",,,Administrative,undetermined,clay,,,,,,," ",0,0,,,0,0,0,0,,
3202,,"W 19532,a",tablet,"Uruk IV (ca. 3350-3200 BC)","Uruk (mod. Warka)",,,,,,,"IM —",,,,,,,0,0,0,0,76.0,26.0,56.0,,,"W 19532,a","Nc XVI,2","SO-Hälfte, vor der Riemchenmauer",,,,,"National Museum of Iraq, Baghdad, Iraq",,,Administrative,undetermined,clay,,,,,,," ",0,0,,,0,0,0,0,,
3486,,"W 20241",tablet,"Uruk IV (ca. 3350-3200 BC)","Uruk (mod. Warka)",,,,,,,"IM —",,,,,,,0,0,0,0,48.0,22.0,52.0,,,"W 20241","Nd XVII,2","unmittelbar unter der Ober.... im Brandschutt dicht bei den Töpferöfen",,,,,"National Museum of Iraq, Baghdad, Iraq",,,Administrative,undetermined,clay,,,,,,," ",0,0,,,0,0,0,0,,
3488,,"W 20243,1",tablet,"Uruk IV (ca. 3350-3200 BC)","Uruk (mod. Warka)",,,,,,,"IM —",,,,,,,0,0,0,0,51.0,22.0,63.0,,,"W 20243,1","Nb XVI,5","in losem Schutt unter Brandschicht",,,,,"National Museum of Iraq, Baghdad, Iraq",,,Administrative,undetermined,clay,,,,,,," ",0,0,,,0,0,0,0,,
3703,,"W 20419",tablet,"Uruk IV (ca. 3350-3200 BC)","Uruk (mod. Warka)",,,,,,,"IM —",,,,,,,0,0,0,0,27.0,0.0,18.0,,,"W 20419","Nc XVI,4/5","im Schutt der Hofauffüllung in gleicher Höhe der Backsteinbank",,,,,"National Museum of Iraq, Baghdad, Iraq",,,Administrative,undetermined,clay,"sec1873; sec1874; Szarzyńska1994tags","history; history; history","; ; tag no. 1","; ; ",,," ",0,0,,,0,0,0,0,,
3706,,"W 20423",tablet,"Uruk IV (ca. 3350-3200 BC)","Uruk (mod. Warka)",,,,,,,"IM —",,,,,,,0,0,0,0,67.0,0.0,40.0,,,"W 20423","Nc XVI,4","1.4 m tief, 2 m südlich des Steges",,,,,"National Museum of Iraq, Baghdad, Iraq",,,Administrative,undetermined,clay,,,,,,," ",0,0,,,0,0,0,0,,
3799,,"W 20496,2",tablet,"Uruk IV (ca. 3350-3200 BC)","Uruk (mod. Warka)",,,,,,,"IM —",,,,,,,0,0,0,0,41.0,18.0,34.0,,,"W 20496,2","Nd XVI,5","hinter der Treppe, dicht neben Sickerschacht im Schutt unterhalb desselben",,,,,"National Museum of Iraq, Baghdad, Iraq",,,Administrative,undetermined,clay,,,,,,," ",0,0,,,0,0,0,0,,
4444,,"W 21733,3",tablet,"Uruk IV (ca. 3350-3200 BC)","Uruk (mod. Warka)",,,,,,,"IM —",,,,,,,0,0,0,0,50.0,0.0,48.0,,,"W 21733,3","Oc XV,4","im Schutt zwischen Stampflehmmauern",,,,,"National Museum of Iraq, Baghdad, Iraq",,,Administrative,undetermined,clay,,,,,,," ",0,0,,,0,0,0,0,,
4454,,"W 21736",tablet,"Uruk IV (ca. 3350-3200 BC)","Uruk (mod. Warka)",,,,,,,"IM —",,,,,,,0,0,0,0,68.0,0.0,58.0,,,"W 21736","Oc XV,4","im Schutt zwischen Stampflehmmauern",,,,,"National Museum of Iraq, Baghdad, Iraq",,,Administrative,undetermined,clay,,,,,,," ",0,0,,,0,0,0,0,,
