"tablet.id","signs.orig.vec","signs.expand.vec","num.char","huni.chars","hrate.chars","ttr.chars","rm.chars"
"P000001","1(N01) _ 1(N01) _ TIM _ 1(N01) _ 1(N01) _ 1(N01) _ GAL~a# _ 1(N01) _ GAL~a _ UMUN2 _ 1(N01) _ DUB~a _ 1(N01) _ SUG5# _ 1(N01) _ UB","N01 _ N01 _ TIM _ N01 _ N01 _ N01 _ GAL~a _ N01 _ GAL~a _ UMUN2 _ N01 _ DUB~a _ N01 _ SUG5 _ N01 _ UB",16,2.0919171866887,1.90362689725099,0.4375,"0.2"
"P000002","GAL~a# _ SZITA~a1 _ ABGAL# _ 1(N01) _ GAL~a _ SILA4~b _ 1(N01) _ GAL~a _ SZAB~a","GAL~a _ SZITA~a1 _ ABGAL _ N01 _ GAL~a _ SILA4~b _ N01 _ GAL~a _ SZAB~a",9,2.41938194564637,1.54851100270528,0.666666666666667,"0"
"P000008","ISZ~b# _ NI~b _ TUR _ 1(N01) _ SAL _ ZATU750","ISZ~b _ NI~b _ TUR _ N01 _ SAL _ ZATU750",6,2.58496250072116,1.58197551605495,1,"0"
"P000009","1(N01) _ GAL~a# _ 1(N01) _ GAL~a# _ 1(N01) _ SANGA~a# _ GURUSZDA# _ 1(N01) _ 1(N01) _ GAL~a _ 1(N01) _ 1(N01)","N01 _ GAL~a _ N01 _ GAL~a _ N01 _ SANGA~a _ GURUSZDA _ N01 _ N01 _ GAL~a _ N01 _ N01",12,1.55109817100726,1.25780705908546,0.333333333333333,"0.181818181818182"
"P000010","1(N01) _ EN~a# _ NUN~a _ 1(N01) _ EN~a _ AMAR _ 1(N01) _ |SZU2.EN~a|# _ 1(N01) _ 1(N01) _ IB~a _ ZATU686~a _ 1(N01) _ 1(N01) _ 1(N01)","N01 _ EN~a _ NUN~a _ N01 _ EN~a _ AMAR _ N01 _ |SZU2.EN~a| _ N01 _ N01 _ IB~a _ ZATU686~a _ N01 _ N01 _ N01",15,2.17355726227519,1.74317315702057,0.466666666666667,"0.214285714285714"
"P000011","1(N01) _ NAM2# _ DI _ 1(N01) _ NAM2 _ NAM2 _ 1(N01) _ NAM2 _ URU~a1 _ 1(N01) _ NAM2 _ ERIN _ 1(N01) _ GAL~a _ SZUBUR# _ 1(N01) _ 1(N01) _ ABGAL# _ 1(N01) _ KINGAL# _ 1(N01) _ GAL~a _ TE _ 1(N01) _ GAL~a _ SUKKAL _ 1(N01) _ GADA~a _ SUKKAL _ 1(N01) _ GAL~a# _ GA~a# _ 1(N01) _ 1(N01) _ 1(N01) _ 1(N01) _ 1(N01) _ 1(N01) _ AN# _ BAR# _ 1(N01) _ NU# _ A# _ 1(N01) _ AN# _ NU# _ A# _ 1(N01) _ NU# _ 1(N01) _ NU# _ GIR~a# _ 1(N01) _ 1(N01) _ 1(N01) _ 1(N01) _ 1(N01) _ GUG2 _ 1(N01) _ 1(N01)","N01 _ NAM2 _ DI _ N01 _ NAM2 _ NAM2 _ N01 _ NAM2 _ URU~a1 _ N01 _ NAM2 _ ERIN _ N01 _ GAL~a _ SZUBUR _ N01 _ N01 _ ABGAL _ N01 _ KINGAL _ N01 _ GAL~a _ TE _ N01 _ GAL~a _ SUKKAL _ N01 _ GADA~a _ SUKKAL _ N01 _ GAL~a _ GA~a _ N01 _ N01 _ N01 _ N01 _ N01 _ N01 _ AN _ BAR _ N01 _ NU _ A _ N01 _ AN _ NU _ A _ N01 _ NU _ N01 _ NU _ GIR~a _ N01 _ N01 _ N01 _ N01 _ N01 _ GUG2 _ N01 _ N01",60,2.99870577338958,2.55911648038216,0.316666666666667,"0.203389830508475"
"P000012","1(N01) _ NIMGIR _ 1(N01) _ NIMGIR# _ SIG7 _ 1(N01) _ SUHUR _ 1(N01) _ SUHUR# _ 1(N01) _ TAR~a _ UTUL~a# _ 1(N01) _ GAL~a _ DU6~b _ 1(N01) _ KUR~a _ 1(N01) _ 1(N01)","N01 _ NIMGIR _ N01 _ NIMGIR _ SIG7 _ N01 _ SUHUR _ N01 _ SUHUR _ N01 _ TAR~a _ UTUL~a _ N01 _ GAL~a _ DU6~b _ N01 _ KUR~a _ N01 _ N01",19,2.53585777591828,2.08278628475046,0.473684210526316,"0.0555555555555556"
"P000013","1(N01) _ EN~a# _ ERIM~a _ NE~a _ NUN~a# _ ERIN# _ 1(N01) _ GAL~a# _ 1(N01) _ GAL~a#","N01 _ EN~a _ ERIM~a _ NE~a _ NUN~a _ ERIN _ N01 _ GAL~a _ N01 _ GAL~a",10,2.64643934467102,1.66131362719496,0.7,"0"
"P000014","1(N01) _ SZUBUR _ 1(N01) _ |1(N57).SZUBUR| _ 1(N01) _ |2(N57).SZUBUR| _ 1(N01) _ U4 _ SZUBUR# _ 1(N01) _ 1(N01) _ ME~a _ SZUBUR _ 1(N01) _ RAD~a@g _ SZUBUR _ 1(N01) _ KU3~a# _ SZUBUR _ 1(N01) _ ZATU686~a _ BU~a _ SZUBUR _ 1(N01) _ BU~a _ SZUBUR _ 1(N01) _ MUSZEN# _ SZUBUR# _ 1(N01) _ PAP~a _ SZUBUR# _ 1(N01) _ SZUBUR# _ 1(N01) _ NUN~a# _ SZUBUR _ 1(N01) _ KASKAL _ SZUBUR _ 1(N01) _ LAM~b _ SZUBUR _ 1(N01) _ SZUBUR _ 1(N01) _ ADAB# _ SZUBUR _ 1(N01) _ SILA4~b# _ SZUBUR _ 1(N01) _ UB _ SZUBUR _ 1(N01) _ MUSZEN _ SZUBUR _ 1(N01) _ TUM~a _ SZUBUR _ 1(N01) _ GI _ SZUBUR _ 1(N01) _ UR~a _ SZUBUR _ 1(N01) _ SZA3~a1 _ SZUBUR _ 1(N01) _ GAN2 _ SZUBUR _ 1(N01) _ SZE~a# _ SZUBUR _ 1(N01) _ GURUSZDA _ SZUBUR _ 1(N01) _ A _ SZUBUR _ 1(N01) _ SAGSZU _ SZUBUR _ 1(N01) _ BAHAR2~a _ SZUBUR _ 1(N01) _ SZUBUR _ AB2 _ 1(N01) _ SZUBUR# _ NE~a# _ 1(N01) _ SZUBUR# _ 1(N01) _ SZUBUR _ |BU~a+DU6~a| _ 1(N01) _ SZUBUR _ LAGAB~a _ 1(N01) _ SZUBUR _ GI6 _ 1(N01) _ SZUBUR# _ U4 _ 1(N01) _ BU~a _ SZUBUR _ 1(N01) _ URI3~a _ SZUBUR _ 1(N01) _ KAL~b1 _ SZUBUR _ 1(N01) _ 1(N57) _ SZUBUR _ 1(N01) _ SZUBUR _ KU6~a _ 1(N01) _ SZUBUR _ 1(N01) _ SZUBUR# _ EN~a _ 1(N01) _ SZUBUR _ SUHUR _ 1(N01) _ SZUBUR _ MU _ 1(N01) _ TE _ SZUBUR _ 1(N01) _ ZATU758 _ SZUBUR _ 1(N01) _ GAL~b# _ SZUBUR# _ 1(N01) _ BAHAR2~a _ SZUBUR _ 1(N01) _ AN _ SZUBUR _ 1(N01) _ SZUBUR _ GIR3~a _ 1(N01) _ |3(N57).SZUBUR| _ 1(N01) _ SZE3 _ SZUBUR _ 1(N01) _ NIM~a# _ 1(N01) _ SZUBUR _ 1(N01) _ SZUBUR _ MAH~a _ 5(N14) _ 8(N01)","N01 _ SZUBUR _ N01 _ |1(N57).SZUBUR| _ N01 _ |2(N57).SZUBUR| _ N01 _ U4 _ SZUBUR _ N01 _ N01 _ ME~a _ SZUBUR _ N01 _ RAD~a@g _ SZUBUR _ N01 _ KU3~a _ SZUBUR _ N01 _ ZATU686~a _ BU~a _ SZUBUR _ N01 _ BU~a _ SZUBUR _ N01 _ MUSZEN _ SZUBUR _ N01 _ PAP~a _ SZUBUR _ N01 _ SZUBUR _ N01 _ NUN~a _ SZUBUR _ N01 _ KASKAL _ SZUBUR _ N01 _ LAM~b _ SZUBUR _ N01 _ SZUBUR _ N01 _ ADAB _ SZUBUR _ N01 _ SILA4~b _ SZUBUR _ N01 _ UB _ SZUBUR _ N01 _ MUSZEN _ SZUBUR _ N01 _ TUM~a _ SZUBUR _ N01 _ GI _ SZUBUR _ N01 _ UR~a _ SZUBUR _ N01 _ SZA3~a1 _ SZUBUR _ N01 _ GAN2 _ SZUBUR _ N01 _ SZE~a _ SZUBUR _ N01 _ GURUSZDA _ SZUBUR _ N01 _ A _ SZUBUR _ N01 _ SAGSZU _ SZUBUR _ N01 _ BAHAR2~a _ SZUBUR _ N01 _ SZUBUR _ AB2 _ N01 _ SZUBUR _ NE~a _ N01 _ SZUBUR _ N01 _ SZUBUR _ |BU~a+DU6~a| _ N01 _ SZUBUR _ LAGAB~a _ N01 _ SZUBUR _ GI6 _ N01 _ SZUBUR _ U4 _ N01 _ BU~a _ SZUBUR _ N01 _ URI3~a _ SZUBUR _ N01 _ KAL~b1 _ SZUBUR _ N01 _ N57 _ SZUBUR _ N01 _ SZUBUR _ KU6~a _ N01 _ SZUBUR _ N01 _ SZUBUR _ EN~a _ N01 _ SZUBUR _ SUHUR _ N01 _ SZUBUR _ MU _ N01 _ TE _ SZUBUR _ N01 _ ZATU758 _ SZUBUR _ N01 _ GAL~b _ SZUBUR _ N01 _ BAHAR2~a _ SZUBUR _ N01 _ AN _ SZUBUR _ N01 _ SZUBUR _ GIR3~a _ N01 _ |3(N57).SZUBUR| _ N01 _ SZE3 _ SZUBUR _ N01 _ NIM~a _ N01 _ SZUBUR _ N01 _ SZUBUR _ MAH~a _ N14 N14 N14 N14 N14 _ N01 N01 N01 N01 N01 N01 N01 N01",176,3.34082750530714,3.30818221836558,0.284090909090909,"0.0685714285714286"
"P000015","1(N01)# _ DUG~b _ 1(N01) _ DUG~c _ 1(N01) _ |DUG+ASZ~c| _ 1(N01) _ UKKIN~b _ 1(N01) _ MUD3~a _ 1(N01) _ LAHTAN2# _ 1(N01) _ KISIM~b _ 1(N01) _ NI~b _ 1(N01) _ IR~b _ 1(N01) _ HI _ IR~b _ 1(N01) _ MUSZEN# _ 1(N01) _ SU~a _ NI~b _ 1(N01) _ 3(N57) _ SU~a _ NI~b _ 1(N01) _ |DUG~bxSZE~a| _ 1(N01) _ 1(N01) _ |DUG~bxKASKAL| _ 1(N01) _ KASZ~b _ 1(N01) _ |DUG~bxGESZTU~b| _ 1(N01) _ 1(N01) _ |DUG~bxNAGA~a| _ 1(N01) _ 1(N01)# _ |DUG~bxX|# _ 1(N01)# _ |DUG~bxX|# _ 1(N01)# _ |DUG~bxX|# _ 1(N01) _ |DUG~bxX|# _ 1(N01)# _ |DUG~bxX|# _ 1(N01)# _ 1(N01) _ |DUG~bxX|# _ 1(N01) _ |DUG~bxX|# _ 1(N01) _ |DUG~bxX| _ 1(N01) _ |DUG~bxGISZ| _ 1(N01) _ GISZ _ |DUG~bxGISZ| _ 1(N01) _ LA2 _ ERIM~b2 _ |DUG~bxX|# _ 1(N01) _ SIG2~d1 _ 1(N01) _ U4 _ SIG2~d1# _ 1(N01)# _ 1(N01) _ SIG2~d1 _ 1(N01) _ NI~b _ SIG2~d1 _ 1(N01) _ KU6~a _ SIG2~d1 _ 1(N01) _ SIG2~d1# _ 1(N01) _ SI _ SIG2~d1 _ 1(N01)# _ SIG2~d1 _ 1(N01)# _ SAG _ SIG2~d1 _ EZEN~a _ SIG2~d1 _ 1(N01)# _ 1(N01) _ 1(N01) _ MUD3~c _ 1(N01) _ 1(N01)# _ 1(N01) _ GAL~a _ TUN3~b# _ 1(N01) _ 1(N57) _ TAK4~a _ TUN3~b _ 1(N01) _ 3(N57) _ TAK4~a _ TUN3~b _ 1(N01) _ NAGAR~a _ SZITA~a1 _ AN _ SZITA~a1 _ 1(N01) _ 1(N01)# _ 1(N57) _ TAK4~a _ 1(N01) _ 1(N01)# _ 1(N34) _ NI~a# _ SZA3~a2","N01 _ DUG~b _ N01 _ DUG~c _ N01 _ |DUG+ASZ~c| _ N01 _ UKKIN~b _ N01 _ MUD3~a _ N01 _ LAHTAN2 _ N01 _ KISIM~b _ N01 _ NI~b _ N01 _ IR~b _ N01 _ HI _ IR~b _ N01 _ MUSZEN _ N01 _ SU~a _ NI~b _ N01 _ N57 N57 N57 _ SU~a _ NI~b _ N01 _ |DUG~bxSZE~a| _ N01 _ N01 _ |DUG~bxKASKAL| _ N01 _ KASZ~b _ N01 _ |DUG~bxGESZTU~b| _ N01 _ N01 _ |DUG~bxNAGA~a| _ N01 _ N01 _ |DUG~bxX| _ N01 _ |DUG~bxX| _ N01 _ |DUG~bxX| _ N01 _ |DUG~bxX| _ N01 _ |DUG~bxX| _ N01 _ N01 _ |DUG~bxX| _ N01 _ |DUG~bxX| _ N01 _ |DUG~bxX| _ N01 _ |DUG~bxGISZ| _ N01 _ GISZ _ |DUG~bxGISZ| _ N01 _ LA2 _ ERIM~b2 _ |DUG~bxX| _ N01 _ SIG2~d1 _ N01 _ U4 _ SIG2~d1 _ N01 _ N01 _ SIG2~d1 _ N01 _ NI~b _ SIG2~d1 _ N01 _ KU6~a _ SIG2~d1 _ N01 _ SIG2~d1 _ N01 _ SI _ SIG2~d1 _ N01 _ SIG2~d1 _ N01 _ SAG _ SIG2~d1 _ EZEN~a _ SIG2~d1 _ N01 _ N01 _ N01 _ MUD3~c _ N01 _ N01 _ N01 _ GAL~a _ TUN3~b _ N01 _ N57 _ TAK4~a _ TUN3~b _ N01 _ N57 N57 N57 _ TAK4~a _ TUN3~b _ N01 _ NAGAR~a _ SZITA~a1 _ AN _ SZITA~a1 _ N01 _ N01 _ N57 _ TAK4~a _ N01 _ N01 _ N34 _ NI~a _ SZA3~a2",130,3.66490430070994,3.06504266559896,0.307692307692308,"0.116279069767442"
"P000019","1(N01) _ GAL~a _ SZUBUR _ 1(N01) _ NAM2# _ APIN~a# _ 1(N01) _ 1(N01)","N01 _ GAL~a _ SZUBUR _ N01 _ NAM2 _ APIN~a _ N01 _ N01",8,2,1.42444131966981,0.625,"0.142857142857143"
"P000020","1(N01) _ NUN~a _ 1(N01) _ TUR3~a","N01 _ NUN~a _ N01 _ TUR3~a",4,1.5,0.948120312590145,0.75,"0"
"P000021","1(N01) _ 1(N01) _ GURUSZ~a _ KI _ 1(N01) _ U4# _ |KAK~a.GA2~a1| _ 1(N01) _ |KAK~a.GA2~a1| _ 1(N01) _ 1(N01) _ 1(N01) _ 1(N01) _ UR~a _ 1(N01) _ 3(N57) _ 1(N01) _ 1(N01) _ 1(N01) _ 1(N01) _ 1(N01)","N01 _ N01 _ GURUSZ~a _ KI _ N01 _ U4 _ |KAK~a.GA2~a1| _ N01 _ |KAK~a.GA2~a1| _ N01 _ N01 _ N01 _ N01 _ UR~a _ N01 _ N57 N57 N57 _ N01 _ N01 _ N01 _ N01 _ N01",23,1.91235080775397,1.69349343643711,0.304347826086957,"0.454545454545455"
"P000022","1(N01) _ ZATU707~a _ ZATU686~a _ ZATU707~a _ ZATU707~a _ KA~a _ E2~a _ E2~a _ KA~a _ LAGAB~b _ ZATU707~a","N01 _ ZATU707~a _ ZATU686~a _ ZATU707~a _ ZATU707~a _ KA~a _ E2~a _ E2~a _ KA~a _ LAGAB~b _ ZATU707~a",11,2.36852252772821,1.66135003417007,0.545454545454545,"0.2"
"P000023","1(N01) _ 1(N01) _ SZITA~b1 _ 1(N01) _ SZITA~a1 _ 1(N01) _ 1(N01) _ 1(N01) _ SZA _ 1(N01) _ 1(N01) _ 1(N01) _ 1(N01) _ 1(N01) _ SZITA~a1 _ 1(N01) _ |SZITA~a1xKAK~a| _ 1(N01) _ |SZITA~a1xSZU| _ 1(N01) _ |SZITA~a1xKAK~a| _ 1(N01) _ |SZITA~a1xSZU|","N01 _ N01 _ SZITA~b1 _ N01 _ SZITA~a1 _ N01 _ N01 _ N01 _ SZA _ N01 _ N01 _ N01 _ N01 _ N01 _ SZITA~a1 _ N01 _ |SZITA~a1xKAK~a| _ N01 _ |SZITA~a1xSZU| _ N01 _ |SZITA~a1xKAK~a| _ N01 _ |SZITA~a1xSZU|",23,1.71472026326885,1.568892469897,0.260869565217391,"0.318181818181818"
"P000024","1(N01) _ SANGA~a _ |(BU~a&BU~a).NA2~a|# _ 1(N01) _ BUR2","N01 _ SANGA~a _ |(BU~a&BU~a).NA2~a| _ N01 _ BUR2",5,1.92192809488736,1.1813781191217,0.8,"0"
"P000025","1(N01) _ DUG~c _ GAL~a# _ 1(N01) _ PAP~a _ BAR# _ 1(N01) _ NUN~a# _ NAM2 _ 1(N01) _ PAP~a _ 3(N57) _ 1(N01) _ 1(N01) _ NAM2@g _ 1(N01) _ SUKKAL _ NUN~a _ 1(N01) _ SUKKAL _ 1(N01) _ 1(N01) _ ME~a _ UDU~a _ URU~a1 _ 1(N01) _ 1(N01) _ EN~a# _ 1(N01) _ MASZ _ APIN~a _ 1(N01) _ EN~a _ EN~a _ 1(N01) _ 1(N01) _ 3(N57) _ 1(N01) _ AN _ SZU _ 1(N01) _ ME~a _ 1(N01) _ SZU@g _ 1(N01) _ 1(N01) _ KU6~a# _ 1(N01) _ KU6~a _ 1(N01) _ DA~a _ 1(N01) _ 1(N01) _ 1(N01) _ 3(N57) _ UR3~b2 _ 1(N01) _ EN~a _ UR3~b1 _ 1(N01) _ 1(N01) _ PAP~a _ UR3~b2 _ 1(N01) _ SAL _ UR3~b2# _ 1(N01) _ GI# _ UR3~b2# _ 1(N01) _ AN _ UR3~b2 _ 1(N01) _ 1(N01) _ 1(N01) _ 1(N01) _ 1(N01) _ 1(N01) _ 1(N01) _ 1(N01) _ 1(N01) _ 1(N01) _ |GISZxSZU2~b| _ 1(N01) _ DU _ |GISZxSZU2~b| _ 1(N01) _ LA2 _ NESAG2~b _ 1(N01) _ U2~b _ SAG _ 1(N01) _ U2~b _ 1(N02) _ 1(N01) _ ME~a _ U2~b _ 1(N01) _ LA2 _ U2~b _ 1(N01) _ 1(N01) _ U2~b _ A _ 1(N01) _ EN~a _ BU~b _ U2~b _ DU _ 1(N01) _ ZATU697~a _ 1(N01) _ 3(N57) _ 1(N01) _ 1(N01) _ EN~a _ SZA3~a2 _ 1(N01) _ HI _ EN~a _ 1(N01) _ SAL# _ 1(N01) _ 1(N01) _ 1(N01) _ URI3~a _ 1(N01) _ 3(N57) _ URI3~a _ 1(N01) _ |GIR~b.GIR~b| _ 1(N01) _ 1(N01) _ RI8~a _ 1(N01) _ BU~a _ 1(N01) _ 1(N01) _ 1(N01) _ PAP~a# _ 1(N01) _ BU~a _ SAL _ 1(N01) _ ZATU659 _ 1(N01) _ 1(N01) _ ZATU659# _ 1(N01) _ 1(N34)# _ 4(N14)# _ NE~a# _ NUNUZ~c _ DA~a","N01 _ DUG~c _ GAL~a _ N01 _ PAP~a _ BAR _ N01 _ NUN~a _ NAM2 _ N01 _ PAP~a _ N57 N57 N57 _ N01 _ N01 _ NAM2@g _ N01 _ SUKKAL _ NUN~a _ N01 _ SUKKAL _ N01 _ N01 _ ME~a _ UDU~a _ URU~a1 _ N01 _ N01 _ EN~a _ N01 _ MASZ _ APIN~a _ N01 _ EN~a _ EN~a _ N01 _ N01 _ N57 N57 N57 _ N01 _ AN _ SZU _ N01 _ ME~a _ N01 _ SZU@g _ N01 _ N01 _ KU6~a _ N01 _ KU6~a _ N01 _ DA~a _ N01 _ N01 _ N01 _ N57 N57 N57 _ UR3~b2 _ N01 _ EN~a _ UR3~b1 _ N01 _ N01 _ PAP~a _ UR3~b2 _ N01 _ SAL _ UR3~b2 _ N01 _ GI _ UR3~b2 _ N01 _ AN _ UR3~b2 _ N01 _ N01 _ N01 _ N01 _ N01 _ N01 _ N01 _ N01 _ N01 _ N01 _ |GISZxSZU2~b| _ N01 _ DU _ |GISZxSZU2~b| _ N01 _ LA2 _ NESAG2~b _ N01 _ U2~b _ SAG _ N01 _ U2~b _ N02 _ N01 _ ME~a _ U2~b _ N01 _ LA2 _ U2~b _ N01 _ N01 _ U2~b _ A _ N01 _ EN~a _ BU~b _ U2~b _ DU _ N01 _ ZATU697~a _ N01 _ N57 N57 N57 _ N01 _ N01 _ EN~a _ SZA3~a2 _ N01 _ HI _ EN~a _ N01 _ SAL _ N01 _ N01 _ N01 _ URI3~a _ N01 _ N57 N57 N57 _ URI3~a _ N01 _ |GIR~b.GIR~b| _ N01 _ N01 _ RI8~a _ N01 _ BU~a _ N01 _ N01 _ N01 _ PAP~a _ N01 _ BU~a _ SAL _ N01 _ ZATU659 _ N01 _ N01 _ ZATU659 _ N01 _ N34 _ N14 N14 N14 N14 _ NE~a _ NUNUZ~c _ DA~a",168,3.79266726402958,3.2121865782526,0.273809523809524,"0.233532934131737"
"P000030","1(N01) _ NAM2# _ 1(N01) _ NAM2# _ NAM2# _ 1(N01) _ NAM2# _ URU~a1# _ 1(N01) _ NAM2# _ ERIN#","N01 _ NAM2 _ N01 _ NAM2 _ NAM2 _ N01 _ NAM2 _ URU~a1 _ N01 _ NAM2 _ ERIN",11,1.67673703005213,1.32283380167817,0.363636363636364,"0.1"
"P000031","1(N01) _ 1(N01) _ 1(N01) _ GAL~a# _ SILA4~b# _ 1(N01) _ GAL~a# _ SZAB~a# _ 1(N01) _ BU~a _ SZAB~a _ 1(N01) _ 1(N01) _ GAL~a _ TUR3~a _ 1(N01) _ GAL~a# _ UMUN2# _ 1(N01) _ UMUN2# _ 1(N01) _ 1(N01) _ 1(N01) _ GAL~a# _ 1(N01) _ GAL~a _ SANGA~a# _ 1(N01)","N01 _ N01 _ N01 _ GAL~a _ SILA4~b _ N01 _ GAL~a _ SZAB~a _ N01 _ BU~a _ SZAB~a _ N01 _ N01 _ GAL~a _ TUR3~a _ N01 _ GAL~a _ UMUN2 _ N01 _ UMUN2 _ N01 _ N01 _ N01 _ GAL~a _ N01 _ GAL~a _ SANGA~a _ N01",28,2.20689978230284,1.88721620537155,0.285714285714286,"0.185185185185185"
"P000033","1(N01) _ KU~b2 _ DU6~b _ 1(N01) _ TAR~a _ DU6~b _ 1(N01) _ UTUL~a#","N01 _ KU~b2 _ DU6~b _ N01 _ TAR~a _ DU6~b _ N01 _ UTUL~a",8,2.15563906222957,1.39652777794305,0.625,"0"
"P000034","KISZ","KISZ",1,0,0,1,"NA"
"P000035","KU6~a# _ KU6~a _ 1(N02)# _ KU6~a _ 1(N01) _ DUR2 _ KU6~a _ KU6~a# _ 1(N01) _ ME~a _ KU6~a _ 1(N01) _ KU6~a _ 1(N01) _ MUL# _ KU6~a# _ 1(N01) _ AB~a _ KU6~a _ 1(N01) _ KU6~a _ 1(N01) _ SUKUD@g~b _ KU6~a# _ 1(N01) _ TU~b _ KU6~a _ 1(N01) _ |KU6~a+KU6~a|# _ 1(N01) _ GIR~b _ 1(N01) _ KA~a _ KU6~a _ 1(N01) _ KU6~a _ 1(N01) _ SUHUR# _ 1(N01) _ U2~b _ MUSZEN# _ 1(N01) _ 1(N01) _ 1(N01) _ |GA2~a1xHI|# _ 1(N01) _ |GA2~a1xSUHUR|# _ 1(N01) _ |GA2~a1xX|# _ 1(N01) _ NUN~a _ NAM2","KU6~a _ KU6~a _ N02 _ KU6~a _ N01 _ DUR2 _ KU6~a _ KU6~a _ N01 _ ME~a _ KU6~a _ N01 _ KU6~a _ N01 _ MUL _ KU6~a _ N01 _ AB~a _ KU6~a _ N01 _ KU6~a _ N01 _ SUKUD@g~b _ KU6~a _ N01 _ TU~b _ KU6~a _ N01 _ |KU6~a+KU6~a| _ N01 _ GIR~b _ N01 _ KA~a _ KU6~a _ N01 _ KU6~a _ N01 _ SUHUR _ N01 _ U2~b _ MUSZEN _ N01 _ N01 _ N01 _ |GA2~a1xHI| _ N01 _ |GA2~a1xSUHUR| _ N01 _ |GA2~a1xX| _ N01 _ NUN~a _ NAM2",52,3.01310258724583,2.78106075139916,0.384615384615385,"0.0784313725490196"
"P000036","1(N01) _ 1(N01) _ SZITA~a1 _ 1(N01) _ |SILA3~axSZU| _ 1(N01) _ 1(N01)","N01 _ N01 _ SZITA~a1 _ N01 _ |SILA3~axSZU| _ N01 _ N01",7,1.14883485428092,1.09603174622062,0.428571428571429,"0.333333333333333"
"P000037","1(N01) _ EN~a# _ 1(N01) _ U4 _ TUR# _ 1(N01)","N01 _ EN~a _ N01 _ U4 _ TUR _ N01",6,1.79248125036058,1.23448176593475,0.666666666666667,"0"
"P000038","1(N01) _ DUG~c _ 1(N01) _ BAPPIR~b _ 1(N01)","N01 _ DUG~c _ N01 _ BAPPIR~b _ N01",5,1.37095059445467,0.990689059560852,0.6,"0"
"P000039","NAGA~a# _ 1(N01) _ IDIGNA _ BU~a _ 1(N01) _ SAG _ RAD~a _ 1(N01) _ GAN2 _ RAD~a _ SANGA~a _ 1(N01) _ ISZ~b _ RAD~a# _ 1(N01) _ AN _ E2~a _ AN _ GAL~a _ 1(N01) _ DA~a _ PA~a _ 1(N01) _ U4 _ AN _ KI _ NUN~a#","NAGA~a _ N01 _ IDIGNA _ BU~a _ N01 _ SAG _ RAD~a _ N01 _ GAN2 _ RAD~a _ SANGA~a _ N01 _ ISZ~b _ RAD~a _ N01 _ AN _ E2~a _ AN _ GAL~a _ N01 _ DA~a _ PA~a _ N01 _ U4 _ AN _ KI _ NUN~a",27,3.67484085554383,2.72967088704969,0.62962962962963,"0"
"P000040","ZATU647 _ URUDU@g~c","ZATU647 _ URUDU@g~c",2,1,0.5,1,"0"
"P000041","PAP~a _ SZA3~a2 _ TU~b","PAP~a _ SZA3~a2 _ TU~b",3,1.58496250072116,0.861654166907052,1,"0"
"P000042","GISZ# _ NU11# _ 1(N01) _ 1(N01) _ GISZ# _ 1(N01) _ GISZ _ 1(N01) _ IN~b _ 1(N01)","GISZ _ NU11 _ N01 _ N01 _ GISZ _ N01 _ GISZ _ N01 _ IN~b _ N01",10,1.68547529722733,1.28742547379771,0.4,"0.111111111111111"
"P000043","MUSZEN _ 1(N01) _ 1(N01) _ 1(N57) _ GAN2 _ 1(N01) _ NAGA~a _ TUR3~b _ 1(N01) _ |SILA3~axA| _ 1(N01) _ ME~a _ 1(N01) _ KUSZU2~d _ 1(N01) _ 1(N01) _ AN","MUSZEN _ N01 _ N01 _ N57 _ GAN2 _ N01 _ NAGA~a _ TUR3~b _ N01 _ |SILA3~axA| _ N01 _ ME~a _ N01 _ KUSZU2~d _ N01 _ N01 _ AN",17,2.67569813536799,2.14606758299387,0.588235294117647,"0.125"
"P000045","1(N01) _ EN~a# _ 1(N01) _ KAB _ NAM2 _ 1(N01) _ 1(N01) _ 1(N01) _ 1(N01) _ 1(N01) _ 1(N01) _ 4(N01)#","N01 _ EN~a _ N01 _ KAB _ NAM2 _ N01 _ N01 _ N01 _ N01 _ N01 _ N01 _ N01 N01 N01 N01",15,1.03892059503159,1.11391152648341,0.266666666666667,"0.642857142857143"
"P000046","1(N01) _ NAM2# _ ERIN# _ 1(N01) _ GAL~a# _ 1(N01) _ NAM2#","N01 _ NAM2 _ ERIN _ N01 _ GAL~a _ N01 _ NAM2",7,1.84237099317711,1.1674603176492,0.571428571428571,"0"
"P000047","1(N01) _ HI _ NI~b# _ 1(N01) _ NI~b#","N01 _ HI _ NI~b _ N01 _ NI~b",5,1.52192809488736,0.949185309632967,0.6,"0"
"P000048","1(N01) _ TE# _ 1(N01) _ GAL~a# _ SUKKAL# _ 1(N01) _ GADA~a# _ SUKKAL _ 1(N01) _ GA~a# _ 1(N01) _ GAL~a# _ 1(N01) _ GAL~a#","N01 _ TE _ N01 _ GAL~a _ SUKKAL _ N01 _ GADA~a _ SUKKAL _ N01 _ GA~a _ N01 _ GAL~a _ N01 _ GAL~a",14,2.21702188587972,1.58599418597072,0.428571428571429,"0"
"P000050","1(N01) _ NAM2 _ KAB# _ 1(N01) _ EN~a# _ URI# _ 1(N01) _ RU# _ 1(N01) _ 1(N01) _ AN# _ TE# _ ME~a _ NUN~a _ 1(N01) _ ZATU651@g# _ 1(N01) _ 1(N01) _ 1(N01) _ 1(N01) _ 1(N01) _ 1(N01) _ 1(N14)# _ SANGA~a _ SUKKAL _ A","N01 _ NAM2 _ KAB _ N01 _ EN~a _ URI _ N01 _ RU _ N01 _ N01 _ AN _ TE _ ME~a _ NUN~a _ N01 _ ZATU651@g _ N01 _ N01 _ N01 _ N01 _ N01 _ N01 _ N14 _ SANGA~a _ SUKKAL _ A",26,3.04584164088517,2.46317898539452,0.576923076923077,"0.24"
"P000051","1(N01) _ GAL~a _ SILA4~a# _ 1(N01) _ GAL~a# _ SZAB~a# _ 1(N01) _ BU~a# _ SZAB~a# _ 1(N01) _ NESAG2~a# _ 1(N01) _ 1(N01) _ GAL~a# _ KU3~a _ UMUN2# _ 1(N01) _ GAL~a# _ 1(N01) _ GAL~a _ IM~a _ 1(N01) _ IM~a# _ 1(N01) _ 1(N01) _ 1(N01) _ SANGA~a# _ |ZATU737xU4|# _ 1(N01) _ SANGA~a# _ |ZATU737xSAL| _ 1(N01) _ SANGA~a#","N01 _ GAL~a _ SILA4~a _ N01 _ GAL~a _ SZAB~a _ N01 _ BU~a _ SZAB~a _ N01 _ NESAG2~a _ N01 _ N01 _ GAL~a _ KU3~a _ UMUN2 _ N01 _ GAL~a _ N01 _ GAL~a _ IM~a _ N01 _ IM~a _ N01 _ N01 _ N01 _ SANGA~a _ |ZATU737xU4| _ N01 _ SANGA~a _ |ZATU737xSAL| _ N01 _ SANGA~a",33,2.81204572889158,2.23556498342638,0.363636363636364,"0.09375"
"P000053","1(N01)# _ NI~a# _ 1(N01) _ DUG~c","N01 _ NI~a _ N01 _ DUG~c",4,1.5,0.948120312590145,0.75,"0"
"P000054","1(N01) _ SUKKAL# _ 1(N01) _ GA~a# _ 1(N01) _ GA~a# _ 1(N01) _ 1(N01) _ ERIN _ UMUN2# _ 1(N01) _ SANGA~a _ UMUN2# _ 1(N01) _ GAL~a _ UMUN2 _ KU3~a# _ 1(N01) _ AB~a# _ UMUN2 _ KU3~a# _ 1(N01) _ GAL~a _ AK~a# _ 1(N01) _ GAL~a _ IM~a# _ 1(N01) _ IM~a _ TUR#","N01 _ SUKKAL _ N01 _ GA~a _ N01 _ GA~a _ N01 _ N01 _ ERIN _ UMUN2 _ N01 _ SANGA~a _ UMUN2 _ N01 _ GAL~a _ UMUN2 _ KU3~a _ N01 _ AB~a _ UMUN2 _ KU3~a _ N01 _ GAL~a _ AK~a _ N01 _ GAL~a _ IM~a _ N01 _ IM~a _ TUR",30,3.01326941870273,2.29577158764549,0.4,"0.0344827586206897"
"P000055","1(N01) _ 1(N01) _ KINGAL# _ 1(N01) _ GAL~a _ TE _ 1(N01) _ GAL~a# _ 1(N01) _ GAL~a# _ UMUN2# _ 1(N01) _ ERIN# _ UMUN2 _ 1(N01) _ SANGA~a# _ UMUN2# _ 1(N01) _ 1(N01) _ AN# _ NUN~a#","N01 _ N01 _ KINGAL _ N01 _ GAL~a _ TE _ N01 _ GAL~a _ N01 _ GAL~a _ UMUN2 _ N01 _ ERIN _ UMUN2 _ N01 _ SANGA~a _ UMUN2 _ N01 _ N01 _ AN _ NUN~a",21,2.58093170766887,2.04337294599307,0.428571428571429,"0.1"
"P000056","1(N01)# _ 1(N01)# _ |DUG~bxX|# _ 1(N01)# _ |DUG~bxX|# _ 1(N01)# _ |DUG~bxX|# _ 1(N01)#","N01 _ N01 _ |DUG~bxX| _ N01 _ |DUG~bxX| _ N01 _ |DUG~bxX| _ N01",8,0.954434002924965,0.825953849777054,0.25,"0.142857142857143"
"P000057","1(N01) _ GAL~a# _ ISZ~b# _ 1(N01) _ GAL~a _ TAG~a2 _ 1(N01) _ SANGA~a _ GAL~a# _ 1(N01) _ 1(N01) _ SAG# _ SUG5# _ 1(N01) _ UB# _ SAG _ 1(N01) _ ZATU725 _ 1(N01) _ 1(N01) _ KAR2~a# _ ME~a _ 1(N01) _ GALGA~a# _ ME~a# _ 1(N01) _ LAGAR~a# _ IB~a# _ 1(N01) _ LAGAR~a# _ GAR _ 1(N01) _ MUSZ3~a# _ ME~a# _ 1(N01) _ 1(N01) _ GAL~a _ SZAGAN _ 1(N01) _ ENGIZ _ 1(N01) _ ENDIB#","N01 _ GAL~a _ ISZ~b _ N01 _ GAL~a _ TAG~a2 _ N01 _ SANGA~a _ GAL~a _ N01 _ N01 _ SAG _ SUG5 _ N01 _ UB _ SAG _ N01 _ ZATU725 _ N01 _ N01 _ KAR2~a _ ME~a _ N01 _ GALGA~a _ ME~a _ N01 _ LAGAR~a _ IB~a _ N01 _ LAGAR~a _ GAR _ N01 _ MUSZ3~a _ ME~a _ N01 _ N01 _ GAL~a _ SZAGAN _ N01 _ ENGIZ _ N01 _ ENDIB",42,3.33894228460211,2.76216616242242,0.452380952380952,"0.0731707317073171"
"P000058","|DUG~bxX|# _ |DUG~bxX|# _ 1(N01)# _ 1(N01) _ |DUG~bxANSZE~b|# _ 1(N01) _ |DUG~bxUH3~a|# _ 1(N01) _ |DUG~bxHI|# _ 1(N01) _ |DUG~bxDIN|# _ |DUG~bxDIN|# _ 1(N01) _ SZE3# _ GA'AR~a1# _ 1(N01) _ SZE3@t _ GA'AR~a1 _ 1(N01) _ GA'AR~a1 _ 1(N01) _ GA'AR~a1#","|DUG~bxX| _ |DUG~bxX| _ N01 _ N01 _ |DUG~bxANSZE~b| _ N01 _ |DUG~bxUH3~a| _ N01 _ |DUG~bxHI| _ N01 _ |DUG~bxDIN| _ |DUG~bxDIN| _ N01 _ SZE3 _ GA'AR~a1 _ N01 _ SZE3@t _ GA'AR~a1 _ N01 _ GA'AR~a1 _ N01 _ GA'AR~a1",22,2.61718957259272,2.06317545346852,0.409090909090909,"0.142857142857143"
"P000060","NU# _ AN# _ A# _ 1(N01)# _ NU# _ GIR~a# _ GIR~a# _ 1(N01) _ 1(N01) _ 1(N01) _ SAL","NU _ AN _ A _ N01 _ NU _ GIR~a _ GIR~a _ N01 _ N01 _ N01 _ SAL",11,2.36852252772821,1.6309022433379,0.545454545454545,"0.3"
"P000061","1(N01) _ URU~a1# _ 1(N01) _ ERIN# _ 1(N01) _ 1(N01) _ GAL~a# _ SZAB~a# _ 1(N01) _ BU~a _ SZAB~a _ 1(N01) _ GAL~a# _ NESAG2~a","N01 _ URU~a1 _ N01 _ ERIN _ N01 _ N01 _ GAL~a _ SZAB~a _ N01 _ BU~a _ SZAB~a _ N01 _ GAL~a _ NESAG2~a",14,2.41379956460568,1.7832770157199,0.5,"0.0769230769230769"
"P000062","GA~b# _ 1(N34)# _ 1(N01)# _ 1(N01) _ ISZ~b _ 1(N01) _ NAR# _ 1(N01) _ SZA3~a1 _ URI _ 1(N01) _ GAR# _ 5(N01)#","GA~b _ N34 _ N01 _ N01 _ ISZ~b _ N01 _ NAR _ N01 _ SZA3~a1 _ URI _ N01 _ GAR _ N01 N01 N01 N01 N01",17,2.1333874913166,1.79383635335042,0.470588235294118,"0.3125"
"P000063","NU# _ GIR~a# _ 1(N01) _ AN _ NU _ GIR~a _ 1(N01) _ NU# _ ZATU806","NU _ GIR~a _ N01 _ AN _ NU _ GIR~a _ N01 _ NU _ ZATU806",9,2.19715972342415,1.34452235042457,0.555555555555556,"0"
"P000064","|DUG~bxANSZE~b|# _ 1(N01)# _ |DUG~bxUH3~a@t|# _ 1(N01)# _ |DUG~bxX|# _ 1(N01)# _ |DUG~bxDIN|# _ 1(N01) _ U2~b# _ 1(N01) _ U2~b _ |GA~cx1(N14)| _ 1(N01) _ GA'AR~a1 _ 1(N01) _ GA'AR~a1","|DUG~bxANSZE~b| _ N01 _ |DUG~bxUH3~a@t| _ N01 _ |DUG~bxX| _ N01 _ |DUG~bxDIN| _ N01 _ U2~b _ N01 _ U2~b _ |GA~cx1(N14)| _ N01 _ GA'AR~a1 _ N01 _ GA'AR~a1",16,2.5217822215998,1.87865694317514,0.5,"0"
"P000065","1(N01) _ TA~c _ 1(N01) _ USZ~a# _ 1(N01)","N01 _ TA~c _ N01 _ USZ~a _ N01",5,1.37095059445467,0.990689059560852,0.6,"0"
"P000066","1(N01) _ NAM2# _ PA~a# _ RAD~a# _ 1(N01) _ AB~a# _ ME~a# _ 1(N01) _ GAL~a# _ |1(N58).BAD~a|# _ 1(N01) _ EN~a# _ IB~a# _ 1(N01) _ 1(N01) _ GAL~a _ SZAB~a# _ 1(N01) _ BU~a _ SZAB~a# _ 1(N01) _ GAL~a _ 1(N01) _ 1(N01) _ 1(N01) _ 1(N01)","N01 _ NAM2 _ PA~a _ RAD~a _ N01 _ AB~a _ ME~a _ N01 _ GAL~a _ |1(N58).BAD~a| _ N01 _ EN~a _ IB~a _ N01 _ N01 _ GAL~a _ SZAB~a _ N01 _ BU~a _ SZAB~a _ N01 _ GAL~a _ N01 _ N01 _ N01 _ N01",26,2.78603827541735,2.14770589744473,0.461538461538462,"0.16"
"P000067","1(N01) _ 1(N01) _ GAL~a# _ |1(N58).BAD~a|# _ 1(N01) _ EN~a# _ IB~a _ 1(N01) _ GAL~a _ SZITA~a1 _ 1(N01) _ ABGAL# _ 1(N01) _ GAL~a# _ 1(N01) _ GAL~a# _ 1(N01) _ GAL~a _ 1(N01)","N01 _ N01 _ GAL~a _ |1(N58).BAD~a| _ N01 _ EN~a _ IB~a _ N01 _ GAL~a _ SZITA~a1 _ N01 _ ABGAL _ N01 _ GAL~a _ N01 _ GAL~a _ N01 _ GAL~a _ N01",19,2.13535038252687,1.69307394261679,0.368421052631579,"0.0555555555555556"
"P000068","GUKKAL~c# _ 1(N01) _ KAL~a _ AB2 _ 1(N01) _ GA~b _ AMAR _ 1(N14) _ SUHUR _ 1(N14) _ KAR2~b# _ 3(N01) _ KAD4~a# _ 1(N01) _ 1(N14) _ UD5~a#","GUKKAL~c _ N01 _ KAL~a _ AB2 _ N01 _ GA~b _ AMAR _ N14 _ SUHUR _ N14 _ KAR2~b _ N01 N01 N01 _ KAD4~a _ N01 _ N14 _ UD5~a",18,3.0441104177484,2.22752723481127,0.611111111111111,"0.117647058823529"
"P000069","1(N01) _ 1(N01) _ |DUG~bxTAK4~a| _ 1(N01) _ |DUG~bxSA~a|","N01 _ N01 _ |DUG~bxTAK4~a| _ N01 _ |DUG~bxSA~a|",5,1.37095059445467,1.0813781191217,0.6,"0.25"
"P000070","UD5~a# _ MASZ2# _ MUSZEN# _ BALA~a# _ A _ 1(N01) _ ISZ~b _ GARA2~a# _ 1(N14) _ SUHUR# _ 1(N14) _ KAR2~b","UD5~a _ MASZ2 _ MUSZEN _ BALA~a _ A _ N01 _ ISZ~b _ GARA2~a _ N14 _ SUHUR _ N14 _ KAR2~b",12,3.41829583405449,2.25881161872973,0.916666666666667,"0"
"P000071","1(N01) _ KAB# _ 1(N01) _ NAM2 _ DI# _ 1(N01) _ NAM2 _ NAM2 _ 1(N01) _ NAM2 _ URU~a1 _ 1(N01)","N01 _ KAB _ N01 _ NAM2 _ DI _ N01 _ NAM2 _ NAM2 _ N01 _ NAM2 _ URU~a1 _ N01",12,1.95082579451809,1.48743829639773,0.416666666666667,"0.0909090909090909"
"P000072","SZAKIR~c# _ 1(N01) _ MUD3~a _ 1(N01) _ LAHTAN2# _ 1(N01)#","SZAKIR~c _ N01 _ MUD3~a _ N01 _ LAHTAN2 _ N01",6,1.79248125036058,1.19989530766152,0.666666666666667,"0"
"P000073","1(N01)# _ SZAKIR~c# _ 1(N01) _ MUD3~a _ 1(N01) _ LAHTAN2 _ 1(N01) _ KISIM~b _ 1(N01)# _ NI~b _ 1(N01)# _ 1(N01)# _ 1(N01)# _ 1(N34)","N01 _ SZAKIR~c _ N01 _ MUD3~a _ N01 _ LAHTAN2 _ N01 _ KISIM~b _ N01 _ NI~b _ N01 _ N01 _ N01 _ N34",14,2.09306920777189,1.85919626399786,0.5,"0.153846153846154"
"P000075","1(N01) _ 1(N01) _ |SZU2.EN~a|# _ 1(N01) _ NAM2 _ KAB# _ 1(N01) _ EN~a# _ RU#","N01 _ N01 _ |SZU2.EN~a| _ N01 _ NAM2 _ KAB _ N01 _ EN~a _ RU",9,2.28103611255342,1.72949506208898,0.666666666666667,"0.125"
"P000076","4(N14)# _ 5(N14) _ 6(N14) _ 7(N14)# _ 1(N01) _ 1(N01) _ GAR@g~c _ 1(N01) _ BU~a _ 1(N01) _ U4#","N14 N14 N14 N14 _ N14 N14 N14 N14 N14 _ N14 N14 N14 N14 N14 N14 _ N14 N14 N14 N14 N14 N14 N14 _ N01 _ N01 _ GAR@g~c _ N01 _ BU~a _ N01 _ U4",29,1.19910183616135,1.34061844049865,0.172413793103448,"0.785714285714286"
"P000077","1(N01) _ SZEN~a _ 1(N01) _ URI _ 1(N01)#","N01 _ SZEN~a _ N01 _ URI _ N01",5,1.37095059445467,0.990689059560852,0.6,"0"
"P000078","SUHUR# _ 1(N14)# _ 3(N01)#","SUHUR _ N14 _ N01 N01 N01",5,1.37095059445467,0.949185309632967,0.6,"0.5"
"P000079","EN~a","EN~a",1,0,0,1,"NA"
"P000080","1(N01) _ GAL~a# _ 1(N01) _ GAL~a _ NIM~a# _ 1(N01) _ GAL~a _ 1(N01) _ GAL~a#","N01 _ GAL~a _ N01 _ GAL~a _ NIM~a _ N01 _ GAL~a _ N01 _ GAL~a",9,1.39214722366453,0.961560295537874,0.333333333333333,"0"
"P000081","1(N01) _ GAL~a# _ NESAG2~a# _ 1(N01) _ GAL~a _ TUR3~a","N01 _ GAL~a _ NESAG2~a _ N01 _ GAL~a _ TUR3~a",6,1.91829583405449,1.16625928592544,0.666666666666667,"0"
"P000082","1(N01) _ NIM~a _ 1(N01) _ GAL~a _ 1(N01) _ SZAB~a#","N01 _ NIM~a _ N01 _ GAL~a _ N01 _ SZAB~a",6,1.79248125036058,1.25640129975424,0.666666666666667,"0"
"P000083","1(N01) _ GAL~a# _ 1(N01) _ IM~b _ TUR _ 1(N01) _ GAL~a# _ SZA#","N01 _ GAL~a _ N01 _ IM~b _ TUR _ N01 _ GAL~a _ SZA",8,2.15563906222957,1.42246762164797,0.625,"0"
"P000084","1(N01) _ SANGA~a# _ UMUN2","N01 _ SANGA~a _ UMUN2",3,1.58496250072116,0.861654166907052,1,"0"
"P000086","TI# _ E2~a _ |GI&GI|# _ SZE3#","TI _ E2~a _ |GI&GI| _ SZE3",4,2,1.14624062518029,1,"0"
"P000087","1(N01) _ 1(N01) _ SANGA~a# _ |ZATU737xU4|# _ 1(N01) _ SANGA~a# _ |ZATU737xSAL| _ 1(N01) _ 1(N01) _ 1(N01) _ LAGAR~a# _ 1(N01) _ MUSZ3~a#","N01 _ N01 _ SANGA~a _ |ZATU737xU4| _ N01 _ SANGA~a _ |ZATU737xSAL| _ N01 _ N01 _ N01 _ LAGAR~a _ N01 _ MUSZ3~a",13,2.03494091395623,1.66374869280758,0.461538461538462,"0.25"
"P000088","1(N01) _ GAL~a# _ SUKKAL# _ 1(N01) _ GADA~a# _ SUKKAL#","N01 _ GAL~a _ SUKKAL _ N01 _ GADA~a _ SUKKAL",6,1.91829583405449,1.19989530766152,0.666666666666667,"0"
"P000090","KASZ~b# _ |DUG~bxGESZTU~a| _ |DUG~bxX|# _ |DUG~bxX|# _ 1(N01)","KASZ~b _ |DUG~bxGESZTU~a| _ |DUG~bxX| _ |DUG~bxX| _ N01",5,1.92192809488736,1.1813781191217,0.8,"0.25"
"P000091","1(N01) _ GAL~a# _ 1(N01) _ GAL~a _ SZAGAN# _ 1(N01) _ ENGIZ#","N01 _ GAL~a _ N01 _ GAL~a _ SZAGAN _ N01 _ ENGIZ",7,1.84237099317711,1.27858358583989,0.571428571428571,"0"
"P000093","NI~a _ 1(N01)#","NI~a _ N01",2,1,0.5,1,"0"
"P000094","AB2# _ GA~a","AB2 _ GA~a",2,1,0.5,1,"0"
"P000095","1(N01) _ 1(N01) _ GAL~a _ UTUL~a# _ 1(N01) _ |NUN~a+EN~a| _ UTUL~a# _ 1(N01) _ TAR~a# _ UTUL~a#","N01 _ N01 _ GAL~a _ UTUL~a _ N01 _ |NUN~a+EN~a| _ UTUL~a _ N01 _ TAR~a _ UTUL~a",10,2.04643934467102,1.50975630717912,0.5,"0.111111111111111"
"P000096","|ZATU737xSAL|","|ZATU737xSAL|",1,0,0,1,"NA"
"P000097","1(N01) _ 1(N01) _ NE~a _ IR~a _ 1(N01) _ DIN _ IR~a","N01 _ N01 _ NE~a _ IR~a _ N01 _ DIN _ IR~a",7,1.84237099317711,1.31922378713069,0.571428571428571,"0.166666666666667"
"P000098","GAN~a# _ 1(N01) _ 5(N57)# _ GAN~a _ 1(N01) _ GAN~a# _ 1(N01) _ |DUG~bxSZE~a| _ |DUG~bxBALA~a|# _ 1(N01) _ 1(N01) _ |DUG~bxX|# _ 1(N01)# _ 1(N34)#","GAN~a _ N01 _ N57 N57 N57 N57 N57 _ GAN~a _ N01 _ GAN~a _ N01 _ |DUG~bxSZE~a| _ |DUG~bxBALA~a| _ N01 _ N01 _ |DUG~bxX| _ N01 _ N34",18,2.3991303913908,1.85569106861395,0.388888888888889,"0.294117647058824"
"P000099","1(N01) _ GADA~a# _ SUKKAL# _ 1(N01) _ GAL~a _ GA~a# _ 1(N01) _ GA~a","N01 _ GADA~a _ SUKKAL _ N01 _ GAL~a _ GA~a _ N01 _ GA~a",8,2.15563906222957,1.42444131966981,0.625,"0"
"P000100","1(N01) _ SAG _ KI _ AD~a _ 1(N01) _ HAL _ ABRIG _ AD~a","N01 _ SAG _ KI _ AD~a _ N01 _ HAL _ ABRIG _ AD~a",8,2.5,1.57978049636795,0.75,"0"
"P000101","1(N01) _ 1(N01) _ GAL~a# _ KISAL~b2# _ 1(N01) _ GAL~a# _ NIM~a _ 1(N01) _ 1(N01)","N01 _ N01 _ GAL~a _ KISAL~b2 _ N01 _ GAL~a _ NIM~a _ N01 _ N01",9,1.65774272650489,1.28263746727662,0.444444444444444,"0.25"
"P000102","1(N01) _ GAL~a _ TE _ 1(N01) _ GAL~a _ SUKKAL _ 1(N01) _ GADA~a# _ SUKKAL# _ 1(N01)","N01 _ GAL~a _ TE _ N01 _ GAL~a _ SUKKAL _ N01 _ GADA~a _ SUKKAL _ N01",10,2.12192809488736,1.41188388911726,0.5,"0"
"P000103","1(N01) _ TAK4~a# _ MAR~b _ 1(N01) _ AN# _ TAK4~a# _ MAR~b","N01 _ TAK4~a _ MAR~b _ N01 _ AN _ TAK4~a _ MAR~b",7,1.95021206491475,1.1674603176492,0.571428571428571,"0"
"P000104","1(N01)# _ |DUG~bxKUR@g~a| _ 1(N01)# _ 1(N01)# _ |DUG~bxKUR~a|#","N01 _ |DUG~bxKUR@g~a| _ N01 _ N01 _ |DUG~bxKUR~a|",5,1.37095059445467,1.02288186904959,0.6,"0.25"
"P000105","1(N01) _ 1(N01) _ BU~a _ NUN~a# _ SANGA~a _ 1(N01) _ BU~a _ SANGA~a","N01 _ N01 _ BU~a _ NUN~a _ SANGA~a _ N01 _ BU~a _ SANGA~a",8,1.90563906222957,1.27152777794305,0.5,"0.142857142857143"
"P000106","1(N01) _ NAMESZDA#","N01 _ NAMESZDA",2,1,0.5,1,"0"
"P000107","1(N01) _ NUN~a _ 1(N01) _ BU~a _ SANGA~a# _ NUN~a#","N01 _ NUN~a _ N01 _ BU~a _ SANGA~a _ NUN~a",6,1.91829583405449,1.23448176593475,0.666666666666667,"0"
"P000108","1(N01) _ 1(N01) _ GAL~a# _ ISZ~a _ 1(N01) _ 1(N01)","N01 _ N01 _ GAL~a _ ISZ~a _ N01 _ N01",6,1.25162916738782,1.02523663045181,0.5,"0.4"
"P000109","1(N01) _ BU~a _ SZAB~a _ 1(N01) _ NESAG2~a# _ 1(N01) _ 1(N01)","N01 _ BU~a _ SZAB~a _ N01 _ NESAG2~a _ N01 _ N01",7,1.66449777920046,1.22900704385684,0.571428571428571,"0.166666666666667"
"P000110","1(N01) _ SAR~b# _ 1(N01)","N01 _ SAR~b _ N01",3,0.918295834054489,0.597493750120193,0.666666666666667,"0"
"P000111","5(N01)# _ HALUB _ 5(N01)# _ MUSZEN _ SZE~a _ 5(N01)# _ MASZ _ SI4~a# _ TU~b _ GUKKAL~c# _ 3(N01)# _ 4(N01)# _ 1(N14)# _ 1(N34)","N01 N01 N01 N01 N01 _ HALUB _ N01 N01 N01 N01 N01 _ MUSZEN _ SZE~a _ N01 N01 N01 N01 N01 _ MASZ _ SI4~a _ TU~b _ GUKKAL~c _ N01 N01 N01 _ N01 N01 N01 N01 _ N14 _ N34",31,1.78943838748299,1.90393901678843,0.32258064516129,"0.6"
"P000113","SU~a# _ NI~b# _ 1(N01) _ 4(N57)# _ SU~a _ NI~b _ 1(N01) _ SU~a _ NI~b","SU~a _ NI~b _ N01 _ N57 N57 N57 N57 _ SU~a _ NI~b _ N01 _ SU~a _ NI~b",12,1.95914791702724,1.20204075116096,0.333333333333333,"0.272727272727273"
"P000114","1(N14) _ U8 _ 1(N01)# _ UTUA~b#","N14 _ U8 _ N01 _ UTUA~b",4,2,1.14624062518029,1,"0"
"P000115","1(N01) _ ABGAL# _ 1(N01) _ KINGAL# _ 1(N01) _ GA~a# _ 1(N01) _ GAL~a# _ KISAL~b2# _ 1(N01) _ GAL~a# _ NIM~a# _ 1(N01) _ GAL~a# _ 1(N01) _ GAL~a# _ 1(N01) _ ERIN# _ UMUN2# _ 1(N01)","N01 _ ABGAL _ N01 _ KINGAL _ N01 _ GA~a _ N01 _ GAL~a _ KISAL~b2 _ N01 _ GAL~a _ NIM~a _ N01 _ GAL~a _ N01 _ GAL~a _ N01 _ ERIN _ UMUN2 _ N01",20,2.49546184423832,1.99646667422828,0.45,"0"
"P000116","1(N01) _ KISAL~b1# _ 1(N01) _ NIM~b2 _ 1(N01) _ SZITA~a1 _ 1(N01) _ ZATU753 _ 1(N01) _ SANGA~a _ 1(N01) _ GAL~a# _ SANGA~a# _ 1(N01) _ UB _ 1(N01) _ GA~a# _ 1(N01) _ EN~a# _ SAG# _ 1(N01) _ NAMESZDA _ 1(N01) _ NAM2 _ URU~a1 _ 1(N01) _ NAM2# _ 1(N01) _ |SZE~a.NAM2| _ 1(N01) _ AN _ HI _ KI _ NUN~a _ 1(N01) _ 1(N01)# _ 1(N34) _ 2(N14)# _ PIRIG~b1#","N01 _ KISAL~b1 _ N01 _ NIM~b2 _ N01 _ SZITA~a1 _ N01 _ ZATU753 _ N01 _ SANGA~a _ N01 _ GAL~a _ SANGA~a _ N01 _ UB _ N01 _ GA~a _ N01 _ EN~a _ SAG _ N01 _ NAMESZDA _ N01 _ NAM2 _ URU~a1 _ N01 _ NAM2 _ N01 _ |SZE~a.NAM2| _ N01 _ AN _ HI _ KI _ NUN~a _ N01 _ N01 _ N34 _ N14 N14 _ PIRIG~b1",40,3.57192809488736,3.03533002961859,0.55,"0.0512820512820513"
"P000117","1(N01) _ |DUG~bxBALA~a|# _ 1(N01) _ |DUG~bxKASKAL| _ 1(N34)#","N01 _ |DUG~bxBALA~a| _ N01 _ |DUG~bxKASKAL| _ N34",5,1.92192809488736,1.22288186904959,0.8,"0"
"P000118","1(N01) _ |UR2x1(N57)| _ 1(N01) _ |GISZxSZU2~b| _ 1(N01) _ GISZIMMAR~b1 _ 1(N01) _ UR2 _ SU~a# _ SAR~a# _ 1(N01) _ 1(N01)","N01 _ |UR2x1(N57)| _ N01 _ |GISZxSZU2~b| _ N01 _ GISZIMMAR~b1 _ N01 _ UR2 _ SU~a _ SAR~a _ N01 _ N01",12,2.29248125036058,1.82967795129693,0.583333333333333,"0.0909090909090909"
"P000120","NE~a# _ IR~a _ 1(N01) _ DIN _ IR~a _ 1(N01) _ SU~a _ NI~b _ 1(N01) _ SU~a# _ NI~b _ 1(N01) _ |DUG~bxBALA~a|# _ 1(N01) _ |DUG~bxKASKAL| _ 1(N01) _ KASZ~b _ 1(N01) _ |DUG~bxGESZTU~a| _ 1(N01) _ |DUG~bxX|# _ 1(N01) _ |DUG~bxSIG7|# _ 1(N01)","NE~a _ IR~a _ N01 _ DIN _ IR~a _ N01 _ SU~a _ NI~b _ N01 _ SU~a _ NI~b _ N01 _ |DUG~bxBALA~a| _ N01 _ |DUG~bxKASKAL| _ N01 _ KASZ~b _ N01 _ |DUG~bxGESZTU~a| _ N01 _ |DUG~bxX| _ N01 _ |DUG~bxSIG7| _ N01",24,2.95082579451809,2.27324017576011,0.5,"0"
"P000122","SU~a# _ NI~b# _ 1(N01) _ 3(N57)# _ SU~a _ NI~b _ 1(N01) _ E2~a _ SU~a _ NI~b _ 1(N01)# _ BA#","SU~a _ NI~b _ N01 _ N57 N57 N57 _ SU~a _ NI~b _ N01 _ E2~a _ SU~a _ NI~b _ N01 _ BA",14,2.44881563572518,1.52603980790544,0.428571428571429,"0.153846153846154"
"P000123","1(N01) _ 1(N01) _ DUB~a _ SANGA~a _ 1(N01) _ SAG#","N01 _ N01 _ DUB~a _ SANGA~a _ N01 _ SAG",6,1.79248125036058,1.30514817481433,0.666666666666667,"0.2"
"P000124","GAL~a _ NINDA2#","GAL~a _ NINDA2",2,1,0.5,1,"0"
"P000125","3(N01)# _ KAD4~b _ 3(N01) _ ZA~v _ 1(N01) _ 1(N01)# _ 1(N01)#","N01 N01 N01 _ KAD4~b _ N01 N01 N01 _ ZA~v _ N01 _ N01 _ N01",11,0.865856617457224,1.16070921151454,0.272727272727273,"0.6"
"P000126","1(N01) _ 1(N01) _ MUSZEN _ UR3~a2# _ MUSZEN#","N01 _ N01 _ MUSZEN _ UR3~a2 _ MUSZEN",5,1.52192809488736,1.04918530963297,0.6,"0.25"
"P000127","1(N01) _ UMUN2# _ KU3~a# _ 1(N01) _ AB~a# _ UMUN2 _ KU3~a _ 1(N01) _ GAL~a _ AK~a _ 1(N01) _ GAL~a# _ IM~a# _ 1(N01) _ 1(N01) _ 1(N01)","N01 _ UMUN2 _ KU3~a _ N01 _ AB~a _ UMUN2 _ KU3~a _ N01 _ GAL~a _ AK~a _ N01 _ GAL~a _ IM~a _ N01 _ N01 _ N01",16,2.3967822215998,1.74899730570947,0.4375,"0.133333333333333"
"P000128","1(N01) _ 1(N01) _ SI# _ 1(N01) _ UTUL~a# _ 1(N01) _ UTUL~a# _ 1(N01) _ 1(N01) _ GA2~a1# _ 1(N01) _ 1(N01) _ 1(N01)","N01 _ N01 _ SI _ N01 _ UTUL~a _ N01 _ UTUL~a _ N01 _ N01 _ GA2~a1 _ N01 _ N01 _ N01",13,1.35203010175795,1.33150550494872,0.307692307692308,"0.333333333333333"
"P000129","1(N01) _ GAL~a# _ SZITA~a1# _ 1(N01) _ ABGAL _ 1(N01) _ KINGAL# _ 1(N01) _ GAL~a# _ TE _ 1(N01) _ SUKKAL# _ 1(N01) _ GAL~a# _ 1(N01) _ AB~a# _ UMUN2# _ KU3~a# _ 1(N01) _ GAL~a# _ AK~a# _ 1(N01) _ 1(N01)","N01 _ GAL~a _ SZITA~a1 _ N01 _ ABGAL _ N01 _ KINGAL _ N01 _ GAL~a _ TE _ N01 _ SUKKAL _ N01 _ GAL~a _ N01 _ AB~a _ UMUN2 _ KU3~a _ N01 _ GAL~a _ AK~a _ N01 _ N01",23,2.73141930610599,2.21900175115791,0.478260869565217,"0.0454545454545455"
"P000132","1(N01) _ AN _ TAK4~a","N01 _ AN _ TAK4~a",3,1.58496250072116,0.861654166907052,1,"0"
"P000133","DARA4~a1 _ AMAR# _ DARA4~a1 _ AMAR","DARA4~a1 _ AMAR _ DARA4~a1 _ AMAR",4,1,0.63208020839343,0.5,"0"
"P000134","1(N01) _ SU~a _ 1(N01) _ E2~a _ SU~a#","N01 _ SU~a _ N01 _ E2~a _ SU~a",5,1.52192809488736,0.990689059560852,0.6,"0"
"P000135","KAK~a _ GI6","KAK~a _ GI6",2,1,0.5,1,"0"
"P000136","1(N01) _ 1(N01) _ 1(N01) _ 1(N01)","N01 _ N01 _ N01 _ N01",4,0,0.50708020839343,0.25,"1"
"P000138","|DUG~bxX|# _ 1(N01) _ |DUG~bxX|# _ 1(N01) _ |DUG~bxX|# _ |DUG~bxX|# _ 1(N01) _ |DUG~bxX|#","|DUG~bxX| _ N01 _ |DUG~bxX| _ N01 _ |DUG~bxX| _ |DUG~bxX| _ N01 _ |DUG~bxX|",8,0.954434002924965,0.804747143360445,0.25,"0.142857142857143"
"P000139","GAL~a# _ GAR#","GAL~a _ GAR",2,1,0.5,1,"0"
"P000140","1(N01) _ 1(N01) _ 1(N01) _ SANGA~a# _ 1(N01) _ SANGA~a _ 1(N01) _ SANGA~a _ |ZATU737xX|# _ 1(N01) _ GAL~a _ ISZ~b# _ 1(N01) _ GAL~a#","N01 _ N01 _ N01 _ SANGA~a _ N01 _ SANGA~a _ N01 _ SANGA~a _ |ZATU737xX| _ N01 _ GAL~a _ ISZ~b _ N01 _ GAL~a",14,1.92118549658855,1.59830978273116,0.357142857142857,"0.153846153846154"
"P000141","AMAR _ BA","AMAR _ BA",2,1,0.5,1,"0"
"P000142","1(N01) _ 1(N01) _ SZAH2~a# _ GU4 _ 1(N01) _ 3(N57) _ ZAG~a _ GU4 _ 1(N01) _ 3(N57) _ DARA4~a1 _ ZAG~a _ GU4#","N01 _ N01 _ SZAH2~a _ GU4 _ N01 _ N57 N57 N57 _ ZAG~a _ GU4 _ N01 _ N57 N57 N57 _ DARA4~a1 _ ZAG~a _ GU4",17,2.30718857616267,1.55690505055229,0.352941176470588,"0.3125"
"P000143","1(N01) _ SZEN~a _ 1(N01) _ URI _ MUD3~a# _ 1(N01) _ SUH3 _ 1(N01)","N01 _ SZEN~a _ N01 _ URI _ MUD3~a _ N01 _ SUH3 _ N01",8,2,1.46428068970827,0.625,"0"
"P000144","1(N01) _ |GISZ3~a&GISZ3~a| _ GISZ _ 1(N01)","N01 _ |GISZ3~a&GISZ3~a| _ GISZ _ N01",4,1.5,0.896240625180289,0.75,"0"
"P000145","1(N01)# _ 1(N01)# _ 1(N01)# _ 1(N01)# _ NI~b# _ 1(N01)# _ HI# _ NI~b#","N01 _ N01 _ N01 _ N01 _ NI~b _ N01 _ HI _ NI~b",8,1.2987949406954,1.24376063760991,0.375,"0.428571428571429"
"P000146","AMAR# _ AMAR# _ AMAR# _ 1(N01) _ SAG# _ AMAR# _ 1(N01) _ SAG# _ DARA4~a1# _ AMAR#","AMAR _ AMAR _ AMAR _ N01 _ SAG _ AMAR _ N01 _ SAG _ DARA4~a1 _ AMAR",10,1.76096404744368,1.35273239933334,0.4,"0.222222222222222"
"P000147","1(N01) _ 1(N01) _ SZA _ 1(N01) _ UB _ SAG# _ 1(N01) _ ZATU725#","N01 _ N01 _ SZA _ N01 _ UB _ SAG _ N01 _ ZATU725",8,2,1.54944131966981,0.625,"0.142857142857143"
"P000148","1(N01) _ 1(N29~a) _ 1(N01) _ 1(N28) _ 1(N01)","N01 _ N29~a _ N01 _ N28 _ N01",5,1.37095059445467,0.990689059560852,0.6,"0"
"P000149","1(N01) _ SAG# _ AMA~b _ 1(N01) _ BAHAR2~a _ 1(N01) _ 1(N01)","N01 _ SAG _ AMA~b _ N01 _ BAHAR2~a _ N01 _ N01",7,1.66449777920046,1.22900704385684,0.571428571428571,"0.166666666666667"
"P000150","SZE~a _ 1(N01)# _ SZE~a","SZE~a _ N01 _ SZE~a",3,0.918295834054489,0.597493750120193,0.666666666666667,"0"
"P000151","1(N01) _ 1(N01)","N01 _ N01",2,0,0.25,0.5,"1"
"P000152","1(N01) _ GAL~a# _ IM~a# _ 1(N01) _ IM~a# _ TUR","N01 _ GAL~a _ IM~a _ N01 _ IM~a _ TUR",6,1.91829583405449,1.221814841481,0.666666666666667,"0"
"P000153","1(N01)# _ HI _ 1(N01) _ 9(N58) _ NI~b _ 1(N01) _ IR~a _ 1(N01) _ NE~a _ IR~a# _ 1(N01) _ DIN# _ IR~a# _ 1(N01) _ SU~a _ NI~b _ 1(N01)# _ |DUG~bxX|# _ 1(N01) _ |DUG~bxX|# _ 1(N01) _ |DUG~bxX|# _ 1(N01) _ |DUG~bxX|# _ 1(N01) _ |DUG~bxX|#","N01 _ HI _ N01 _ N58 N58 N58 N58 N58 N58 N58 N58 N58 _ NI~b _ N01 _ IR~a _ N01 _ NE~a _ IR~a _ N01 _ DIN _ IR~a _ N01 _ SU~a _ NI~b _ N01 _ |DUG~bxX| _ N01 _ |DUG~bxX| _ N01 _ |DUG~bxX| _ N01 _ |DUG~bxX| _ N01 _ |DUG~bxX|",34,2.58900399435059,1.86281952584926,0.264705882352941,"0.242424242424242"
"P000154","1(N01) _ |DUG~bxSZAH2~a| _ 1(N01) _ |DUG~bxANSZE~d|# _ 1(N01) _ 1(N01) _ |DUG~bxX|#","N01 _ |DUG~bxSZAH2~a| _ N01 _ |DUG~bxANSZE~d| _ N01 _ N01 _ |DUG~bxX|",7,1.66449777920046,1.29332592431749,0.571428571428571,"0.166666666666667"
"P000155","1(N01) _ AN _ NAGAR~b# _ 1(N01) _ NAGAR~b _ SZITA~a1 _ 1(N01) _ AN _ NAGAR~b _ SZITA~a1 _ 1(N01) _ NAGAR~b _ ME~a#","N01 _ AN _ NAGAR~b _ N01 _ NAGAR~b _ SZITA~a1 _ N01 _ AN _ NAGAR~b _ SZITA~a1 _ N01 _ NAGAR~b _ ME~a",13,2.16197817967955,1.35219871046955,0.384615384615385,"0"
"P000156","KU6~a# _ KU6~a# _ 1(N01) _ 1(N01) _ |KA~axSAR~a| _ KU6~a _ 1(N01) _ LU2 _ KU6~a","KU6~a _ KU6~a _ N01 _ N01 _ |KA~axSAR~a| _ KU6~a _ N01 _ LU2 _ KU6~a",9,1.7527152789797,1.36190941380728,0.444444444444444,"0.25"
"P000157","|DUG~bxX|# _ 1(N01)# _ |DUG~bxX|# _ 1(N01)# _ |DUG~bxX|# _ 1(N01)# _ 1(N01)# _ 1(N01)#","|DUG~bxX| _ N01 _ |DUG~bxX| _ N01 _ |DUG~bxX| _ N01 _ N01 _ N01",8,0.954434002924965,0.895640280407361,0.25,"0.285714285714286"
"P000158","1(N01) _ 1(N01) _ |ZATU737xX|# _ 1(N01) _ 1(N01) _ 1(N01) _ UB _ SAG# _ 1(N01) _ ZATU725 _ 1(N01) _ DAM#","N01 _ N01 _ |ZATU737xX| _ N01 _ N01 _ N01 _ UB _ SAG _ N01 _ ZATU725 _ N01 _ DAM",12,1.94733879618755,1.73725085642362,0.5,"0.272727272727273"
"P000159","1(N01) _ 1(N01) _ DI _ 1(N01) _ NAM2 _ NAM2# _ 1(N01)# _ EN~a# _ 1(N01) _ GAL~a# _ 1(N01) _ ABGAL#","N01 _ N01 _ DI _ N01 _ NAM2 _ NAM2 _ N01 _ EN~a _ N01 _ GAL~a _ N01 _ ABGAL",12,2.12581458369391,1.77705151772052,0.5,"0.181818181818182"
"P000160","IM~a# _ AD~a _ AN# _ NI~b _ ASAR# _ DU6~a _ 1(N01) _ AB~a# _ TE# _ 1(N01) _ 1(N57) _ BAR _ 1(N01) _ GI# _ DUR2# _ 1(N01) _ BAHAR2~b# _ NUNUZ~a1# _ E2~a# _ 1(N01)# _ TILLA2#","IM~a _ AD~a _ AN _ NI~b _ ASAR _ DU6~a _ N01 _ AB~a _ TE _ N01 _ N57 _ BAR _ N01 _ GI _ DUR2 _ N01 _ BAHAR2~b _ NUNUZ~a1 _ E2~a _ N01 _ TILLA2",21,3.83947740018653,2.75226444712986,0.80952380952381,"0"
"P000161","1(N01) _ NAMESZDA# _ 1(N01) _ NAM2 _ KAB# _ 1(N01) _ NAM2 _ DI _ 1(N01) _ NAM2 _ NAM2 _ 1(N01) _ NAM2 _ URU~a1 _ 1(N01) _ NAM2 _ ERIN _ 1(N01) _ GAL~a _ SZUBUR _ 1(N01) _ 1(N01) _ 1(N01) _ NAM2 _ PA~a _ RAD~a _ 1(N01) _ AB~a _ ME~a _ 1(N01) _ |1(N58).BAD~a| _ GAL~a _ 1(N01) _ EN~a _ IB~a _ 1(N01) _ SZITA~a1 _ 1(N01) _ ABGAL _ 1(N01) _ KINGAL _ 1(N01) _ 1(N01) _ 1(N01) _ SIG2~c1 _ GA~a# _ 1(N01) _ GAL~a# _ NIM~a _ 1(N01) _ GAL~a _ KISAL~b1# _ 1(N01) _ SILA4~a _ 1(N01) _ SZAB~a _ GAL~a _ 1(N01) _ 1(N01) _ UMUN2# _ ERIN _ 1(N01) _ SANGA~a _ UMUN2 _ 1(N01) _ AK~a _ 1(N01) _ SANGA~a# _ SUHUR _ 1(N01) _ GAL~a# _ SUHUR# _ 1(N01) _ 3(N14) _ 6(N01) _ LAGAB~a#","N01 _ NAMESZDA _ N01 _ NAM2 _ KAB _ N01 _ NAM2 _ DI _ N01 _ NAM2 _ NAM2 _ N01 _ NAM2 _ URU~a1 _ N01 _ NAM2 _ ERIN _ N01 _ GAL~a _ SZUBUR _ N01 _ N01 _ N01 _ NAM2 _ PA~a _ RAD~a _ N01 _ AB~a _ ME~a _ N01 _ |1(N58).BAD~a| _ GAL~a _ N01 _ EN~a _ IB~a _ N01 _ SZITA~a1 _ N01 _ ABGAL _ N01 _ KINGAL _ N01 _ N01 _ N01 _ SIG2~c1 _ GA~a _ N01 _ GAL~a _ NIM~a _ N01 _ GAL~a _ KISAL~b1 _ N01 _ SILA4~a _ N01 _ SZAB~a _ GAL~a _ N01 _ N01 _ UMUN2 _ ERIN _ N01 _ SANGA~a _ UMUN2 _ N01 _ AK~a _ N01 _ SANGA~a _ SUHUR _ N01 _ GAL~a _ SUHUR _ N01 _ N14 N14 N14 _ N01 N01 N01 N01 N01 N01 _ LAGAB~a",83,3.55535934685516,3.12273640061255,0.373493975903614,"0.158536585365854"
"P000162","KISZIK~a# _ 1(N01) _ KISZIK~a _ AB~a _ 1(N01) _ GAL~a# _ SZA# _ 1(N01) _ SZA# _ SZU#","KISZIK~a _ N01 _ KISZIK~a _ AB~a _ N01 _ GAL~a _ SZA _ N01 _ SZA _ SZU",10,2.44643934467102,1.67526533161915,0.6,"0"
"P000163","1(N01) _ NAMESZDA# _ 1(N01) _ NAM2 _ 1(N01) _ AB~a _ ME~a _ 1(N01) _ GAL~a _ |1(N58).BAD~a| _ 1(N01) _ EN~a _ IB~a# _ 1(N01) _ 1(N01) _ 1(N01)","N01 _ NAMESZDA _ N01 _ NAM2 _ N01 _ AB~a _ ME~a _ N01 _ GAL~a _ |1(N58).BAD~a| _ N01 _ EN~a _ IB~a _ N01 _ N01 _ N01",16,2.5,2.07561603774542,0.5625,"0.133333333333333"
"P000164","1(N01) _ GAL~a# _ UMUN2 _ KU3~a# _ 1(N01) _ AB~a _ UMUN2# _ KU3~a _ 1(N01) _ GAL~a _ AK~a _ 1(N01) _ GAL~a _ IM~a _ 1(N01) _ IM~a _ TUR# _ 1(N01) _ 1(N01) _ 1(N01) _ DAM _ 1(N01) _ NUN~a _ BU3 _ 1(N01) _ KAR2~a# _ ME~a _ 1(N01) _ NUN~a# _ GALGA~a _ 1(N01) _ LAGAR~a _ IB~a _ 1(N01) _ LAGAR~a# _ GAR _ 1(N01) _ 1(N01) _ 1(N01) _ 1(N01) _ 1(N01) _ 1(N01)","N01 _ GAL~a _ UMUN2 _ KU3~a _ N01 _ AB~a _ UMUN2 _ KU3~a _ N01 _ GAL~a _ AK~a _ N01 _ GAL~a _ IM~a _ N01 _ IM~a _ TUR _ N01 _ N01 _ N01 _ DAM _ N01 _ NUN~a _ BU3 _ N01 _ KAR2~a _ ME~a _ N01 _ NUN~a _ GALGA~a _ N01 _ LAGAR~a _ IB~a _ N01 _ LAGAR~a _ GAR _ N01 _ N01 _ N01 _ N01 _ N01 _ N01",42,3.11932908331229,2.51474615440989,0.404761904761905,"0.170731707317073"
"P000165","1(N01) _ 1(N01) _ GAL~a# _ GISZGAL# _ 1(N01) _ GAL~a# _ |ZATU737xX|# _ 1(N01) _ SANGA~a _ |ZATU737xDI| _ 1(N01) _ SANGA~a _ |ZATU737xX|#","N01 _ N01 _ GAL~a _ GISZGAL _ N01 _ GAL~a _ |ZATU737xX| _ N01 _ SANGA~a _ |ZATU737xDI| _ N01 _ SANGA~a _ |ZATU737xX|",13,2.34585198933826,1.67280559872372,0.461538461538462,"0.0833333333333333"
"P000166","1(N01) _ 1(N01) _ KAR2~a _ 1(N01) _ NUN~a _ 1(N01) _ LAGAR~a#","N01 _ N01 _ KAR2~a _ N01 _ NUN~a _ N01 _ LAGAR~a",7,1.66449777920046,1.35810382400381,0.571428571428571,"0.166666666666667"
"P000167","1(N01) _ 1(N01) _ 1(N01) _ GA2~b _ 1(N01) _ UR~a _ 1(N01) _ GA2~a3 _ 1(N01) _ URU~a1 _ 1(N01) _ 1(N01) _ 1(N01) _ GAL~a _ TE# _ 1(N01) _ TE _ |NUN~a+EN~a| _ 1(N01) _ RAD~b _ 1(N01) _ 1(N01) _ NUN~a# _ 1(N01) _ 1(N01) _ NAGA~a# _ 1(N01) _ PAP~a _ 1(N01)","N01 _ N01 _ N01 _ GA2~b _ N01 _ UR~a _ N01 _ GA2~a3 _ N01 _ URU~a1 _ N01 _ N01 _ N01 _ GAL~a _ TE _ N01 _ TE _ |NUN~a+EN~a| _ N01 _ RAD~b _ N01 _ N01 _ NUN~a _ N01 _ N01 _ NAGA~a _ N01 _ PAP~a _ N01",29,2.39291657094634,2.37981711381895,0.413793103448276,"0.214285714285714"
"P000169","1(N01) _ 1(N01) _ 1(N01) _ |8(N57).NI~b|","N01 _ N01 _ N01 _ |8(N57).NI~b|",4,0.811278124459133,0.823120312590145,0.5,"0.666666666666667"
"P000170","1(N01) _ NAMESZDA _ 1(N01) _ NAM2# _ 1(N01) _ GAL~a _ SZUBUR _ 1(N01)","N01 _ NAMESZDA _ N01 _ NAM2 _ N01 _ GAL~a _ SZUBUR _ N01",8,2,1.48072034007288,0.625,"0"
"P000171","1(N01)# _ GISZIMMAR~b1# _ GISZIMMAR~b1# _ 1(N01) _ GIR2~a _ 1(N01) _ AN _ GIR2~a _ 1(N01)#","N01 _ GISZIMMAR~b1 _ GISZIMMAR~b1 _ N01 _ GIR2~a _ N01 _ AN _ GIR2~a _ N01",9,1.83659166810898,1.31102311315414,0.444444444444444,"0.125"
"P000172","EN~a# _ 1(N01) _ EN~a# _ 1(N01) _ NUN~a _ PAP~a _ SIG7","EN~a _ N01 _ EN~a _ N01 _ NUN~a _ PAP~a _ SIG7",7,2.23592635062903,1.46322376446283,0.714285714285714,"0"
"P000173","1(N01) _ E2~a# _ GAN~a# _ 1(N01) _ |DUG~bxSZE~a|#","N01 _ E2~a _ GAN~a _ N01 _ |DUG~bxSZE~a|",5,1.92192809488736,1.1813781191217,0.8,"0"
"P000174","1(N01) _ SZAB~a# _ 1(N01) _ SZAB~a#","N01 _ SZAB~a _ N01 _ SZAB~a",4,1,0.63208020839343,0.5,"0"
"P000175","1(N01) _ 1(N01) _ GI# _ KU6~a# _ 1(N01) _ 1(N01)","N01 _ N01 _ GI _ KU6~a _ N01 _ N01",6,1.25162916738782,1.02523663045181,0.5,"0.4"
"P000176","SAG# _ 1(N01) _ ZATU686~c _ 1(N01) _ EN~a# _ PA~a","SAG _ N01 _ ZATU686~c _ N01 _ EN~a _ PA~a",6,2.25162916738782,1.41530884938828,0.833333333333333,"0"
"P000177","|DUG~bxSIG7|# _ |DUG~bxX|# _ 1(N01)#","|DUG~bxSIG7| _ |DUG~bxX| _ N01",3,1.58496250072116,0.861654166907052,1,"0"
"P000178","1(N01) _ MA _ 1(N01) _ GU4 _ A# _ 1(N01) _ AD~a _ A _ 1(N01)# _ BU~a","N01 _ MA _ N01 _ GU4 _ A _ N01 _ AD~a _ A _ N01 _ BU~a",10,2.32192809488736,1.61211361132746,0.6,"0"
"P000179","1(N01) _ NAM2# _ KAB# _ 1(N01) _ NAM2# _ DI# _ 1(N01) _ NAM2# _ NAM2# _ 1(N01) _ NAM2# _ URU~a1# _ 1(N01) _ EN~a# _ 1(N01) _ GAL~a _ SZITA~a1 _ 1(N01) _ ABGAL _ 1(N01) _ KINGAL# _ 1(N01) _ GAL~a _ TE _ 1(N01) _ GAL~a# _ NESAG2~b _ 1(N01) _ GAL~a _ TUR3~a _ 1(N01) _ GAL~a _ SZAB~a _ 1(N01) _ IM~b# _ 1(N01) _ TUR# _ IM~b _ 1(N01) _ GAL~a# _ SZA _ 1(N01) _ GAL~a _ ERIN _ 1(N01) _ 1(N01) _ PA~a _ 1(N01) _ ADAB _ PA~a _ 1(N01) _ ADAB","N01 _ NAM2 _ KAB _ N01 _ NAM2 _ DI _ N01 _ NAM2 _ NAM2 _ N01 _ NAM2 _ URU~a1 _ N01 _ EN~a _ N01 _ GAL~a _ SZITA~a1 _ N01 _ ABGAL _ N01 _ KINGAL _ N01 _ GAL~a _ TE _ N01 _ GAL~a _ NESAG2~b _ N01 _ GAL~a _ TUR3~a _ N01 _ GAL~a _ SZAB~a _ N01 _ IM~b _ N01 _ TUR _ IM~b _ N01 _ GAL~a _ SZA _ N01 _ GAL~a _ ERIN _ N01 _ N01 _ PA~a _ N01 _ ADAB _ PA~a _ N01 _ ADAB",52,3.32159958686057,2.76411327370222,0.384615384615385,"0.0392156862745098"
"P000180","1(N01) _ 1(N01) _ KISAL~b1# _ 1(N01) _ NIM~a _ 1(N01) _ 1(N01) _ EN~a# _ NUN~a# _ 1(N01) _ EN~a _ AMAR _ 1(N01) _ |SZU2.EN~a|# _ AN _ 1(N01) _ NAM2# _ 1(N01) _ 1(N01) _ BU~a# _ NUN~a# _ 1(N01)","N01 _ N01 _ KISAL~b1 _ N01 _ NIM~a _ N01 _ N01 _ EN~a _ NUN~a _ N01 _ EN~a _ AMAR _ N01 _ |SZU2.EN~a| _ AN _ N01 _ NAM2 _ N01 _ N01 _ BU~a _ NUN~a _ N01",22,2.54789762750047,2.15662507213534,0.454545454545455,"0.142857142857143"
"P000181","|SU~ax1(N58)| _ |GA2~a1xMASZ| _ GISZ _ SAR~a# _ SZU# _ SAR~a# _ 1(N34) _ 2(N34) _ 3(N34)# _ 1(N01) _ GURUSZ~a _ LA2 _ GU4# _ 1(N01)","|SU~ax1(N58)| _ |GA2~a1xMASZ| _ GISZ _ SAR~a _ SZU _ SAR~a _ N34 _ N34 N34 _ N34 N34 N34 _ N01 _ GURUSZ~a _ LA2 _ GU4 _ N01",17,2.9398290174664,2.04693483756283,0.588235294117647,"0.3125"
"P000182","1(N01) _ 1(N01) _ EN~a# _ NUN~a _ URI# _ 1(N01) _ EN~a# _ AN _ RU _ 1(N01) _ EN~a _ SAG# _ 1(N01) _ NAMESZDA# _ 1(N01) _ NAM2# _ URU~a1# _ 1(N01) _ 1(N01)","N01 _ N01 _ EN~a _ NUN~a _ URI _ N01 _ EN~a _ AN _ RU _ N01 _ EN~a _ SAG _ N01 _ NAMESZDA _ N01 _ NAM2 _ URU~a1 _ N01 _ N01",19,2.73451238175077,2.1303450830197,0.526315789473684,"0.111111111111111"
"P000183","1(N01)# _ NI~a _ 1(N01) _ DUG~b _ 1(N01) _ DUG~c# _ 1(N01)# _ 1(N01)#","N01 _ NI~a _ N01 _ DUG~b _ N01 _ DUG~c _ N01 _ N01",8,1.5487949406954,1.30526065744428,0.5,"0.142857142857143"
"P000184","1(N01)# _ 1(N01) _ NAM2# _ 1(N01) _ NAM2# _ URU~a1# _ 1(N01) _ GAL~a# _ SZUBUR# _ 1(N01) _ NAM2 _ APIN~a _ |SZE~a.NAM2|# _ PA~a# _ RAD~a# _ IB~a# _ SZITA~a1 _ 1(N01) _ 1(N01) _ GAL~a# _ 1(N01) _ GAL~a# _ 1(N01) _ ERIN# _ 1(N01) _ KU3~a _ 1(N01) _ UMUN2#","N01 _ N01 _ NAM2 _ N01 _ NAM2 _ URU~a1 _ N01 _ GAL~a _ SZUBUR _ N01 _ NAM2 _ APIN~a _ |SZE~a.NAM2| _ PA~a _ RAD~a _ IB~a _ SZITA~a1 _ N01 _ N01 _ GAL~a _ N01 _ GAL~a _ N01 _ ERIN _ N01 _ KU3~a _ N01 _ UMUN2",28,3.10865767886699,2.46309649266233,0.5,"0.0740740740740741"
"P000187","GISZ# _ NAM2 _ 1(N01) _ GISZ _ NU11 _ 1(N01) _ GISZ _ KIN2~c _ 1(N01) _ 1(N01) _ GISZ# _ |SZE~a.KIN2~c|# _ 1(N01) _ GISZ# _ DUB~b _ 1(N01) _ GISZ _ 1(N01) _ SI _ GISZ#","GISZ _ NAM2 _ N01 _ GISZ _ NU11 _ N01 _ GISZ _ KIN2~c _ N01 _ N01 _ GISZ _ |SZE~a.KIN2~c| _ N01 _ GISZ _ DUB~b _ N01 _ GISZ _ N01 _ SI _ GISZ",20,2.35677964944704,1.90470695887595,0.4,"0.0526315789473684"
"P000188","1(N01) _ UKKIN~a# _ 1(N01) _ TE _ 1(N01) _ NI~b _ 1(N01) _ 1(N01)#","N01 _ UKKIN~a _ N01 _ TE _ N01 _ NI~b _ N01 _ N01",8,1.5487949406954,1.30526065744428,0.5,"0.142857142857143"
"P000189","SUM~a _ ZATU751~a","SUM~a _ ZATU751~a",2,1,0.5,1,"0"
"P000190","GAL~a# _ |GI&GI|# _ GUM~b _ SUM~a#","GAL~a _ |GI&GI| _ GUM~b _ SUM~a",4,2,1.14624062518029,1,"0"
"P000191","1(N01) _ 1(N01) _ EN~a# _ 1(N01)","N01 _ N01 _ EN~a _ N01",4,0.811278124459133,0.771240625180289,0.5,"0.333333333333333"
"P000193","1(N01) _ 1(N01) _ NE~a# _ 1(N01) _ U4# _ 1(N01) _ GI6#","N01 _ N01 _ NE~a _ N01 _ U4 _ N01 _ GI6",7,1.66449777920046,1.35810382400381,0.571428571428571,"0.166666666666667"
"P000194","1(N01) _ |DUG~cx1(N57)| _ 1(N01) _ SZAKIR~c#","N01 _ |DUG~cx1(N57)| _ N01 _ SZAKIR~c",4,1.5,0.948120312590145,0.75,"0"
"P000195","EN~a# _ AN _ NE~a","EN~a _ AN _ NE~a",3,1.58496250072116,0.861654166907052,1,"0"
"P000196","SIG _ GA~a _ SZA3~a1","SIG _ GA~a _ SZA3~a1",3,1.58496250072116,0.861654166907052,1,"0"
"P000197","DA~a _ MAR~a _ NA~a _ NIR~b _ A _ ZATU680~b _ DA~a _ MAR~a# _ NA~a _ NIR~b# _ A _ ZATU680~b#","DA~a _ MAR~a _ NA~a _ NIR~b _ A _ ZATU680~b _ DA~a _ MAR~a _ NA~a _ NIR~b _ A _ ZATU680~b",12,2.58496250072116,1.2335829955609,0.5,"0"
"P000198","|KU6~a+KU6~a|# _ GISZ# _ ANSZE~b# _ ANSZE~b# _ LUM# _ GISZ# _ HI# _ IN~b# _ 1(N01) _ DUR2# _ GISZ _ 1(N01) _ IN~b _ HI# _ 1(N01) _ GISZ _ RU# _ 1(N01) _ GISZ _ URUDU~a _ 1(N01) _ TAG~b _ GISZ _ 1(N01) _ 1(N01) _ GISZ# _ 1(N01)","|KU6~a+KU6~a| _ GISZ _ ANSZE~b _ ANSZE~b _ LUM _ GISZ _ HI _ IN~b _ N01 _ DUR2 _ GISZ _ N01 _ IN~b _ HI _ N01 _ GISZ _ RU _ N01 _ GISZ _ URUDU~a _ N01 _ TAG~b _ GISZ _ N01 _ N01 _ GISZ _ N01",27,2.91594363348187,2.17035495758294,0.407407407407407,"0.0769230769230769"
"P000199","ZAG~a# _ GU4# _ ZAG~a# _ GU4 _ SAG# _ GU4","ZAG~a _ GU4 _ ZAG~a _ GU4 _ SAG _ GU4",6,1.45914791702725,1.02378836313694,0.5,"0"
"P000200","1(N01) _ |NINDA2x1(N01)| _ |NINDA2x2(N01)| _ 1(N08) _ 1(N01) _ 1(N01) _ A _ 1(N01) _ 1(N01)#","N01 _ |NINDA2x1(N01)| _ |NINDA2x2(N01)| _ N08 _ N01 _ N01 _ A _ N01 _ N01",9,1.87996494872711,1.38119169125602,0.555555555555556,"0.25"
"P000201","1(N01) _ 1(N01) _ KI# _ 1(N01) _ KI _ 1(N01) _ KI _ 1(N01) _ AN# _ 1(N01) _ 1(N01) _ TUM~a# _ 1(N01) _ TUM~a# _ BAR# _ KI _ 1(N01) _ MUSZ3~a _ 1(N01) _ DUR2 _ KI _ 1(N01) _ NIM~a# _ NUN~a# _ 1(N01) _ MAR~a _ 1(N01) _ U4 _ SI# _ 1(N01) _ 1(N01) _ E2~a _ HI _ EZEN~b _ 1(N01) _ BU~a _ A _ 1(N01) _ NI2 _ 1(N01) _ SIG7 _ EN~a# _ ZATU647 _ 1(N01) _ EN~a _ BA _ ZATU647 _ 1(N01) _ 1(N01) _ ILDUM~b _ BAR _ KI _ 1(N01) _ 1(N01) _ 1(N01) _ GAL~a _ 1(N01) _ 1(N01) _ ME~a _ 1(N01) _ EZINU~d# _ 1(N01) _ 1(N01) _ 1(N01) _ GAN2# _ ADDA _ 1(N01) _ |ZATU737xSAL| _ 1(N01) _ SZENNUR~a _ 1(N01) _ E2~a _ SUKKAL _ NA~a _ DA~a# _ 1(N01) _ 1(N01) _ 1(N01) _ NAM2# _ 1(N01) _ AN _ MUSZ3~a# _ KI _ 1(N01) _ KI _ 1(N01) _ 1(N01) _ GAN2 _ A _ 1(N01) _ BA _ KI _ 1(N01) _ E2~a _ KI","N01 _ N01 _ KI _ N01 _ KI _ N01 _ KI _ N01 _ AN _ N01 _ N01 _ TUM~a _ N01 _ TUM~a _ BAR _ KI _ N01 _ MUSZ3~a _ N01 _ DUR2 _ KI _ N01 _ NIM~a _ NUN~a _ N01 _ MAR~a _ N01 _ U4 _ SI _ N01 _ N01 _ E2~a _ HI _ EZEN~b _ N01 _ BU~a _ A _ N01 _ NI2 _ N01 _ SIG7 _ EN~a _ ZATU647 _ N01 _ EN~a _ BA _ ZATU647 _ N01 _ N01 _ ILDUM~b _ BAR _ KI _ N01 _ N01 _ N01 _ GAL~a _ N01 _ N01 _ ME~a _ N01 _ EZINU~d _ N01 _ N01 _ N01 _ GAN2 _ ADDA _ N01 _ |ZATU737xSAL| _ N01 _ SZENNUR~a _ N01 _ E2~a _ SUKKAL _ NA~a _ DA~a _ N01 _ N01 _ N01 _ NAM2 _ N01 _ AN _ MUSZ3~a _ KI _ N01 _ KI _ N01 _ N01 _ GAN2 _ A _ N01 _ BA _ KI _ N01 _ E2~a _ KI",95,3.59668192193363,3.15672668919823,0.357894736842105,"0.127659574468085"
"P000202","|DUG~bx(SZE~a.NAM2)|# _ 1(N01) _ |DUG~bxX|# _ 1(N01) _ |DUG~bxKU6~a|","|DUG~bx(SZE~a.NAM2)| _ N01 _ |DUG~bxX| _ N01 _ |DUG~bxKU6~a|",5,1.92192809488736,1.1813781191217,0.8,"0"
"P000203","1(N01) _ KI _ |SAG+NAM2| _ 1(N01) _ DU _ AN _ NUN~a _ AD~a _ 5(N01)# _ MUNU3 _ 1(N14) _ KAR2~a _ ME~a _ 3(N01)# _ KAD4~b# _ 3(N01) _ ZA~v","N01 _ KI _ |SAG+NAM2| _ N01 _ DU _ AN _ NUN~a _ AD~a _ N01 N01 N01 N01 N01 _ MUNU3 _ N14 _ KAR2~a _ ME~a _ N01 N01 N01 _ KAD4~b _ N01 N01 N01 _ ZA~v",25,2.71962753634136,2.24463928184812,0.52,"0.333333333333333"
"P000204","1(N01)# _ GAR@g~b _ 1(N01)# _ GAR","N01 _ GAR@g~b _ N01 _ GAR",4,1.5,0.948120312590145,0.75,"0"
"P000205","1(N01) _ 1(N01) _ SI# _ KAK~a","N01 _ N01 _ SI _ KAK~a",4,1.5,1.02124062518029,0.75,"0.333333333333333"
"P000206","GA~b _ AMAR# _ |3(N57).PIRIG~b1|#","GA~b _ AMAR _ |3(N57).PIRIG~b1|",3,1.58496250072116,0.861654166907052,1,"0"
"P000207","1(N01) _ APIN~a# _ SUHUR# _ 1(N01) _ MAR~a _ APIN~a _ 1(N01) _ 1(N01) _ DILMUN _ ZAG~a# _ 1(N01) _ GAL~a _ DU6~b _ 1(N01)# _ 1(N01)#","N01 _ APIN~a _ SUHUR _ N01 _ MAR~a _ APIN~a _ N01 _ N01 _ DILMUN _ ZAG~a _ N01 _ GAL~a _ DU6~b _ N01 _ N01",15,2.4634582986483,1.92217226911102,0.533333333333333,"0.142857142857143"
"P000208","1(N01) _ |SZE~a.NAM2|# _ 1(N01) _ PA~a# _ NAM2 _ RAD~a _ 1(N01) _ AB~a _ ME~a _ 1(N01) _ GAL~a# _ |1(N58).BAD~a|# _ 1(N01) _ EN~a# _ IB~a _ 1(N01) _ GAL~a# _ SZITA~a1 _ 1(N01) _ ABGAL _ 1(N01) _ KINGAL# _ 1(N01) _ GAL~a _ TE _ 1(N01) _ GAL~a _ SUKKAL _ 1(N01) _ GADA~a _ SUKKAL _ 1(N01) _ GAL~a _ GA~a _ 1(N01) _ 1(N01) _ 1(N01) _ 1(N01) _ 1(N01) _ 1(N01) _ 1(N01) _ 1(N01) _ 1(N01) _ 1(N01) _ 1(N01)","N01 _ |SZE~a.NAM2| _ N01 _ PA~a _ NAM2 _ RAD~a _ N01 _ AB~a _ ME~a _ N01 _ GAL~a _ |1(N58).BAD~a| _ N01 _ EN~a _ IB~a _ N01 _ GAL~a _ SZITA~a1 _ N01 _ ABGAL _ N01 _ KINGAL _ N01 _ GAL~a _ TE _ N01 _ GAL~a _ SUKKAL _ N01 _ GADA~a _ SUKKAL _ N01 _ GAL~a _ GA~a _ N01 _ N01 _ N01 _ N01 _ N01 _ N01 _ N01 _ N01 _ N01 _ N01 _ N01",45,2.87737386380194,2.41525578789592,0.4,"0.227272727272727"
"P000210","1(N01) _ NAMESZDA# _ 1(N01) _ KAB# _ 1(N01) _ DI _ 1(N01) _ GAL~a# _ 1(N01) _ GAL~a# _ 1(N01)","N01 _ NAMESZDA _ N01 _ KAB _ N01 _ DI _ N01 _ GAL~a _ N01 _ GAL~a _ N01",11,1.86763389097121,1.43961382736207,0.454545454545455,"0"
"P000211","1(N01) _ NAMESZDA# _ 1(N01)","N01 _ NAMESZDA _ N01",3,0.918295834054489,0.597493750120193,0.666666666666667,"0"
"P000212","1(N01) _ NAM2# _ 1(N01) _ GAL~a# _ 1(N01) _ NAM2#","N01 _ NAM2 _ N01 _ GAL~a _ N01 _ NAM2",6,1.45914791702725,0.976489755391713,0.5,"0"
"P000213","|DUG~bxX|# _ 1(N01) _ |DUG~bx(SA~a.GI)|# _ 1(N01) _ |DUG~bxNAGA~a|# _ 1(N01) _ 1(N01) _ 1(N01)","|DUG~bxX| _ N01 _ |DUG~bx(SA~a.GI)| _ N01 _ |DUG~bxNAGA~a| _ N01 _ N01 _ N01",8,1.5487949406954,1.26288116337474,0.5,"0.285714285714286"
"P000214","1(N01) _ NAMESZDA# _ 1(N01) _ NAM2# _ 1(N01)","N01 _ NAMESZDA _ N01 _ NAM2 _ N01",5,1.37095059445467,0.990689059560852,0.6,"0"
"P000215","|DUG~bxKASKAL|# _ KASZ~b#","|DUG~bxKASKAL| _ KASZ~b",2,1,0.5,1,"0"
"P000216","SUHUR _ 1(N01)# _ |(SUKUD+SUKUD)~b|","SUHUR _ N01 _ |(SUKUD+SUKUD)~b|",3,1.58496250072116,0.861654166907052,1,"0"
"P000217","1(N01) _ 1(N01) _ SUHUR# _ 1(N01) _ 1(N01) _ SUHUR# _ 1(N01) _ 1(N01)","N01 _ N01 _ SUHUR _ N01 _ N01 _ SUHUR _ N01 _ N01",8,0.811278124459133,0.780933765455311,0.25,"0.428571428571429"
"P000218","SUHUR# _ KASKAL _ 1(N01)","SUHUR _ KASKAL _ N01",3,1.58496250072116,0.861654166907052,1,"0"
"P000219","1(N01)# _ U2~a _ U2~a _ GI#","N01 _ U2~a _ U2~a _ GI",4,1.5,0.948120312590145,0.75,"0.333333333333333"
"P000220","1(N01) _ 1(N01) _ 1(N01)","N01 _ N01 _ N01",3,0,0.430827083453526,0.333333333333333,"1"
"P000221","1(N01) _ 1(N01) _ MUD3~a@g#","N01 _ N01 _ MUD3~a@g",3,0.918295834054489,0.694987500240385,0.666666666666667,"0.5"
"P000222","1(N01) _ AB~a _ ME~a _ 1(N01) _ GAL~a _ KISAL~b2","N01 _ AB~a _ ME~a _ N01 _ GAL~a _ KISAL~b2",6,2.25162916738782,1.41530884938828,0.833333333333333,"0"
"P000223","SAG# _ AD~a _ AD~a _ 1(N14) _ 3(N01)","SAG _ AD~a _ AD~a _ N14 _ N01 N01 N01",7,1.84237099317711,1.25865257951962,0.571428571428571,"0.5"
"P000224","5(N01)# _ HALUB# _ 5(N01)# _ SZE~a _ MUSZEN#","N01 N01 N01 N01 N01 _ HALUB _ N01 N01 N01 N01 N01 _ SZE~a _ MUSZEN",13,1.14511041438158,1.34028578299375,0.307692307692308,"0.666666666666667"
"P000225","1(N01) _ GISZ# _ GI _ BU~a# _ GI# _ NAM2 _ GISZ _ GI# _ 1(N01) _ LI# _ GISZ _ 1(N01) _ GISZ _ ERIM~a# _ 1(N01) _ U4# _ GISZ _ 1(N01) _ GISZ _ 1(N01) _ HI _ GISZ _ GISZ# _ NAGA~a# _ AN# _ E2~b _ GISZ# _ 1(N01) _ GISZ# _ NUN~a _ 1(N01) _ NAM2# _ E2~b# _ 1(N01) _ GISZ@t _ E2~b _ 1(N01) _ GISZ _ PU2 _ 1(N01) _ GISZ _ PU2 _ 1(N01) _ KI _ GISZ _ 1(N01) _ GISZ _ APIN~b# _ KI _ 1(N01)# _ SIG# _ LISZ# _ 1(N01) _ GISZ _ GI _ 1(N01) _ |BAD&BAD| _ 1(N01) _ BAD _ 1(N01) _ TAG~b _ 1(N01) _ SI _ TAG~b _ 1(N01) _ SI _ NIM~a _ 1(N01) _ AL _ 1(N01) _ NAM2 _ AL _ GISZ _ 1(N01) _ AL# _ GAZI# _ 1(N01) _ 1(N01) _ KIN _ 1(N01) _ KIN _ SZU _ 1(N01)# _ KIN# _ 1(N01)# _ GISZ# _ 1(N01)# _ GISZ# _ 1(N01) _ GISZ _ KA~a# _ 1(N01) _ GISZ _ TAG~a1 _ 1(N01) _ GISZ# _ SAG# _ 1(N01) _ 1(N01) _ GISZ _ SIG _ 1(N01) _ U4 _ GISZ _ 1(N01) _ GISZ _ 1(N01) _ GISZ# _ 1(N01)# _ 1(N01) _ GISZ _ DA~a# _ 1(N01) _ |NINDA2xGISZ|# _ 1(N01) _ GISZ# _ 1(N01) _ GISZ# _ 1(N01) _ GISZ# _ 1(N01) _ GISZ# _ 1(N01) _ NAMESZDA# _ E2~b#","N01 _ GISZ _ GI _ BU~a _ GI _ NAM2 _ GISZ _ GI _ N01 _ LI _ GISZ _ N01 _ GISZ _ ERIM~a _ N01 _ U4 _ GISZ _ N01 _ GISZ _ N01 _ HI _ GISZ _ GISZ _ NAGA~a _ AN _ E2~b _ GISZ _ N01 _ GISZ _ NUN~a _ N01 _ NAM2 _ E2~b _ N01 _ GISZ@t _ E2~b _ N01 _ GISZ _ PU2 _ N01 _ GISZ _ PU2 _ N01 _ KI _ GISZ _ N01 _ GISZ _ APIN~b _ KI _ N01 _ SIG _ LISZ _ N01 _ GISZ _ GI _ N01 _ |BAD&BAD| _ N01 _ BAD _ N01 _ TAG~b _ N01 _ SI _ TAG~b _ N01 _ SI _ NIM~a _ N01 _ AL _ N01 _ NAM2 _ AL _ GISZ _ N01 _ AL _ GAZI _ N01 _ N01 _ KIN _ N01 _ KIN _ SZU _ N01 _ KIN _ N01 _ GISZ _ N01 _ GISZ _ N01 _ GISZ _ KA~a _ N01 _ GISZ _ TAG~a1 _ N01 _ GISZ _ SAG _ N01 _ N01 _ GISZ _ SIG _ N01 _ U4 _ GISZ _ N01 _ GISZ _ N01 _ GISZ _ N01 _ N01 _ GISZ _ DA~a _ N01 _ |NINDA2xGISZ| _ N01 _ GISZ _ N01 _ GISZ _ N01 _ GISZ _ N01 _ GISZ _ N01 _ NAMESZDA _ E2~b",125,3.47294612698544,2.88022142535009,0.272,"0.032258064516129"
"P000226","NAM2# _ 1(N01) _ GISZ# _ LAM~b _ 1(N01) _ 1(N01) _ MES _ 1(N01) _ RU# _ MES _ 1(N01)# _ MES# _ MES# _ MES# _ 1(N01) _ SZE3 _ A _ 1(N01) _ TAK4~a _ SU~a# _ 1(N01)# _ |GIR~b.GIR~b|# _ 1(N01)# _ 1(N01) _ KISZIK~a# _ AB~a _ U2~b _ 1(N01) _ GAL~a _ SZA _ 1(N01) _ SZA _ 1(N01) _ 1(N01) _ GISZ# _ 1(N01) _ NAGAR~a# _ GUL# _ 1(N01) _ NAGAR~a# _ GUL _ 1(N01) _ SZIR~a# _ GISZ# _ 1(N01) _ SZIR~a# _ 1(N01) _ 1(N01) _ GISZ _ 1(N01) _ GISZ _ 1(N01) _ GISZ _ 1(N01) _ NAGA~a# _ 1(N01) _ NAGA~a _ 1(N01) _ DA~a _ U2~b# _ 1(N01) _ GISZ _ U4 _ 1(N01) _ IN~b# _ HI# _ 1(N01) _ GUM~b _ 1(N01) _ GUM~b# _ GISZ# _ 1(N01) _ 1(N01) _ UR4~a# _ U4 _ 1(N01) _ UR4~a _ SIG _ 1(N01) _ GISZ@t _ SI _ 1(N01) _ TAG~b _ 1(N01) _ |BAD&BAD| _ 1(N01) _ BAD _ 1(N01)# _ 1(N14) _ 9(N01) _ HI _ KASKAL _ GI","NAM2 _ N01 _ GISZ _ LAM~b _ N01 _ N01 _ MES _ N01 _ RU _ MES _ N01 _ MES _ MES _ MES _ N01 _ SZE3 _ A _ N01 _ TAK4~a _ SU~a _ N01 _ |GIR~b.GIR~b| _ N01 _ N01 _ KISZIK~a _ AB~a _ U2~b _ N01 _ GAL~a _ SZA _ N01 _ SZA _ N01 _ N01 _ GISZ _ N01 _ NAGAR~a _ GUL _ N01 _ NAGAR~a _ GUL _ N01 _ SZIR~a _ GISZ _ N01 _ SZIR~a _ N01 _ N01 _ GISZ _ N01 _ GISZ _ N01 _ GISZ _ N01 _ NAGA~a _ N01 _ NAGA~a _ N01 _ DA~a _ U2~b _ N01 _ GISZ _ U4 _ N01 _ IN~b _ HI _ N01 _ GUM~b _ N01 _ GUM~b _ GISZ _ N01 _ N01 _ UR4~a _ U4 _ N01 _ UR4~a _ SIG _ N01 _ GISZ@t _ SI _ N01 _ TAG~b _ N01 _ |BAD&BAD| _ N01 _ BAD _ N01 _ N14 _ N01 N01 N01 N01 N01 N01 N01 N01 N01 _ HI _ KASKAL _ GI",101,3.59193930004824,3.08537021933365,0.346534653465347,"0.15"
"P000227","3(N01)# _ ZA~v# _ 4(N01)# _ GIR2~a _ AN _ 1(N14)# _ DA~a _ KASZ~a _ KISZ","N01 N01 N01 _ ZA~v _ N01 N01 N01 N01 _ GIR2~a _ AN _ N14 _ DA~a _ KASZ~a _ KISZ",14,2.4036774610288,1.9999307663692,0.571428571428571,"0.384615384615385"
"P000229","1(N01) _ ZATU647 _ ZATU647 _ ZATU647 _ ZATU647 _ 1(N01) _ SZITA~a1 _ SZITA~a1 _ 1(N01) _ 1(N01) _ 1(N01)","N01 _ ZATU647 _ ZATU647 _ ZATU647 _ ZATU647 _ N01 _ SZITA~a1 _ SZITA~a1 _ N01 _ N01 _ N01",11,1.49491884823395,1.29050822676114,0.272727272727273,"0.6"
"P000230","EN~a# _ 1(N01) _ EN~a _ SIG2~b _ 1(N01) _ EN~a# _ TUG2~a# _ E2~b#","EN~a _ N01 _ EN~a _ SIG2~b _ N01 _ EN~a _ TUG2~a _ E2~b",8,2.15563906222957,1.45828668180099,0.625,"0"
"P000231","1(N01) _ 1(N01) _ KU6~a _ 1(N01)","N01 _ N01 _ KU6~a _ N01",4,0.811278124459133,0.771240625180289,0.5,"0.333333333333333"
"P000232","MUSZEN# _ 1(N01)# _ SZEN~b# _ MUSZEN# _ MUSZEN#","MUSZEN _ N01 _ SZEN~b _ MUSZEN _ MUSZEN",5,1.37095059445467,0.949185309632967,0.6,"0.25"
"P000233","1(N01) _ NAM2 _ URU~a1 _ 1(N01) _ NAM2# _ ERIN# _ 1(N01) _ SZUBUR# _ 1(N01) _ 1(N01) _ |SZE~a.NAM2|# _ 1(N01) _ GAL~a# _ SZITA~a1# _ 1(N01) _ ABGAL _ 1(N01) _ KINGAL _ 1(N01) _ GAL~a _ TE _ 1(N01) _ GAL~a# _ 1(N01) _ GADA~a _ SUKKAL# _ 1(N01) _ SILA4~a# _ 1(N01) _ GAL~a _ SZAB~a _ 1(N01) _ BU~a _ SZAB~a _ 1(N01) _ NESAG2~b# _ 1(N01) _ 1(N01) _ GAL~a _ UMUN2# _ 1(N01) _ SUHUR _ SANGA~a _ 1(N01) _ SUHUR _ GAL~a _ 1(N01) _ DUB~a _ SANGA~a _ 1(N01) _ SANGA~a# _ GAL~a _ 1(N01) _ SUG5 _ SAG _ 1(N01) _ |ZATU737xGAR|# _ 1(N01) _ ISZ~b _ GAL~a _ 1(N01)","N01 _ NAM2 _ URU~a1 _ N01 _ NAM2 _ ERIN _ N01 _ SZUBUR _ N01 _ N01 _ |SZE~a.NAM2| _ N01 _ GAL~a _ SZITA~a1 _ N01 _ ABGAL _ N01 _ KINGAL _ N01 _ GAL~a _ TE _ N01 _ GAL~a _ N01 _ GADA~a _ SUKKAL _ N01 _ SILA4~a _ N01 _ GAL~a _ SZAB~a _ N01 _ BU~a _ SZAB~a _ N01 _ NESAG2~b _ N01 _ N01 _ GAL~a _ UMUN2 _ N01 _ SUHUR _ SANGA~a _ N01 _ SUHUR _ GAL~a _ N01 _ DUB~a _ SANGA~a _ N01 _ SANGA~a _ GAL~a _ N01 _ SUG5 _ SAG _ N01 _ |ZATU737xGAR| _ N01 _ ISZ~b _ GAL~a _ N01",61,3.45776533352138,2.98597329108556,0.409836065573771,"0.0333333333333333"
"P000234","1(N01) _ NAMESZDA _ 1(N01) _ NAM2 _ KAB _ 1(N01) _ NAM2# _ DI _ 1(N01) _ NAM2 _ NAM2 _ 1(N01) _ NAM2 _ URU~a1# _ 1(N01) _ 1(N01) _ GADA~a _ SUKKAL# _ 1(N01) _ GAL~a _ GA~a# _ 1(N01) _ SIG2~b _ GA~a# _ 1(N01) _ GAL~a# _ KISAL~b1# _ 1(N01)","N01 _ NAMESZDA _ N01 _ NAM2 _ KAB _ N01 _ NAM2 _ DI _ N01 _ NAM2 _ NAM2 _ N01 _ NAM2 _ URU~a1 _ N01 _ N01 _ GADA~a _ SUKKAL _ N01 _ GAL~a _ GA~a _ N01 _ SIG2~b _ GA~a _ N01 _ GAL~a _ KISAL~b1 _ N01",28,2.89080534064878,2.32382152420776,0.428571428571429,"0.0740740740740741"
"P000235","SUM~a _ SUM~a# _ SUM~a# _ SUM~a# _ SUM~a# _ SUM~a# _ SUM~a# _ 1(N01) _ AN _ HI _ 1(N01) _ KAR2~a# _ KAB _ 1(N01) _ ZATU684# _ AMA~b _ 1(N01) _ NI~b _ BAHAR2~a _ 1(N01) _ DU _ |GISZxSZU2~b| _ 1(N01) _ SAR~a _ A _ 1(N01) _ GISZ _ SAR~a _ A _ 1(N01) _ SAR~a _ A","SUM~a _ SUM~a _ SUM~a _ SUM~a _ SUM~a _ SUM~a _ SUM~a _ N01 _ AN _ HI _ N01 _ KAR2~a _ KAB _ N01 _ ZATU684 _ AMA~b _ N01 _ NI~b _ BAHAR2~a _ N01 _ DU _ |GISZxSZU2~b| _ N01 _ SAR~a _ A _ N01 _ GISZ _ SAR~a _ A _ N01 _ SAR~a _ A",32,3.33871064191468,2.53003015213843,0.46875,"0.193548387096774"
"P000236","1(N01) _ SUHUR# _ 1(N01) _ SANGA~a# _ SUHUR _ 1(N01) _ MAR~a# _ APIN~a _ 1(N01) _ GAL~a# _ 1(N01) _ NESAG2~a _ ZAG~a# _ 1(N01) _ BARA3 _ ZAG~a#","N01 _ SUHUR _ N01 _ SANGA~a _ SUHUR _ N01 _ MAR~a _ APIN~a _ N01 _ GAL~a _ N01 _ NESAG2~a _ ZAG~a _ N01 _ BARA3 _ ZAG~a",16,2.78063906222957,2.08742938342716,0.5625,"0"
"P000237","DI# _ 1(N01) _ PA~a# _ RAD~a# _ 1(N01) _ AB~a _ ME~a _ 1(N01) _ GAL~a _ |1(N58).BAD~a| _ NESAG2~a# _ TUR3~a _ GAL~a# _ UMUN2 _ ERIN# _ UMUN2 _ UMUN2# _ 1(N01)# _ GAL~a# _ 1(N01) _ GAL~a# _ |ZATU737xDI|# _ 1(N01) _ SANGA~a _ |ZATU737xDI|# _ |ZATU737xSAL|# _ ISZ~b# _ TAG~a2# _ MUSZ3~a# _ 1(N01) _ BU~a _ NUN~a _ 1(N01) _ BU~a _ SANGA~a _ NUN~a _ ME~a _ 1(N01) _ NUN~a _ SANGA~a#","DI _ N01 _ PA~a _ RAD~a _ N01 _ AB~a _ ME~a _ N01 _ GAL~a _ |1(N58).BAD~a| _ NESAG2~a _ TUR3~a _ GAL~a _ UMUN2 _ ERIN _ UMUN2 _ UMUN2 _ N01 _ GAL~a _ N01 _ GAL~a _ |ZATU737xDI| _ N01 _ SANGA~a _ |ZATU737xDI| _ |ZATU737xSAL| _ ISZ~b _ TAG~a2 _ MUSZ3~a _ N01 _ BU~a _ NUN~a _ N01 _ BU~a _ SANGA~a _ NUN~a _ ME~a _ N01 _ NUN~a _ SANGA~a",40,3.90207840690058,2.77821873984786,0.5,"0.0256410256410256"
"P000240","5(N01) _ MUNU3 _ 5(N01)# _ GAZI _ 5(N01)# _ HALUB _ 5(N01)# _ MUSZEN _ SZE~a _ 5(N01) _ MASZ _ SI4~a _ 1(N14) _ TU~b# _ 1(N14) _ GUKKAL~c# _ 1(N01) _ KAL~a# _ AB2 _ 1(N01) _ AMAR _ GA~b _ 1(N14) _ SUHUR# _ KISZ# _ 1(N14) _ GA~b _ 1(N14) _ GARA2~a _ 1(N14) _ AB2 _ 1(N01) _ GU4 _ 1(N14) _ U8# _ 1(N01) _ UTUA~b _ 1(N14) _ UD5~a _ 1(N01)# _ MASZ2# _ 1(N34)# _ 5(N01)# _ GAZI _ 5(N01) _ HALUB _ 5(N01) _ MUSZEN _ SZE~a _ 5(N01) _ MASZ _ SI4~a# _ 1(N14) _ TU~b# _ 1(N14) _ GUKKAL~c# _ 1(N01)# _ KAL~a# _ AB2# _ 1(N01)# _ GA~b# _ 1(N14) _ GA~b# _ 1(N14) _ GARA2~a _ 1(N14) _ AB2 _ 1(N01) _ GU4# _ U8 _ 1(N01) _ UTUA~b _ 1(N14) _ UD5~a _ 1(N01) _ MASZ2 _ 1(N34) _ 1(N01) _ BALA~a# _ MUSZEN _ A _ 1(N01) _ ISZ~b _ 1(N01) _ KISZIK~a# _ U2~a# _ 1(N01) _ SZENNUR~a# _ 1(N01) _ 1(N01) _ 1(N01) _ GI# _ ZI~a# _ 1(N01) _ GI# _ ZI~a# _ 1(N01) _ ZATU718 _ E2~a _ PIRIG~b1# _ 1(N01) _ EN~a _ 1(N01) _ 1(N34) _ 1(N14) _ NUN~a _ NAM2# _ MUD#","N01 N01 N01 N01 N01 _ MUNU3 _ N01 N01 N01 N01 N01 _ GAZI _ N01 N01 N01 N01 N01 _ HALUB _ N01 N01 N01 N01 N01 _ MUSZEN _ SZE~a _ N01 N01 N01 N01 N01 _ MASZ _ SI4~a _ N14 _ TU~b _ N14 _ GUKKAL~c _ N01 _ KAL~a _ AB2 _ N01 _ AMAR _ GA~b _ N14 _ SUHUR _ KISZ _ N14 _ GA~b _ N14 _ GARA2~a _ N14 _ AB2 _ N01 _ GU4 _ N14 _ U8 _ N01 _ UTUA~b _ N14 _ UD5~a _ N01 _ MASZ2 _ N34 _ N01 N01 N01 N01 N01 _ GAZI _ N01 N01 N01 N01 N01 _ HALUB _ N01 N01 N01 N01 N01 _ MUSZEN _ SZE~a _ N01 N01 N01 N01 N01 _ MASZ _ SI4~a _ N14 _ TU~b _ N14 _ GUKKAL~c _ N01 _ KAL~a _ AB2 _ N01 _ GA~b _ N14 _ GA~b _ N14 _ GARA2~a _ N14 _ AB2 _ N01 _ GU4 _ U8 _ N01 _ UTUA~b _ N14 _ UD5~a _ N01 _ MASZ2 _ N34 _ N01 _ BALA~a _ MUSZEN _ A _ N01 _ ISZ~b _ N01 _ KISZIK~a _ U2~a _ N01 _ SZENNUR~a _ N01 _ N01 _ N01 _ GI _ ZI~a _ N01 _ GI _ ZI~a _ N01 _ ZATU718 _ E2~a _ PIRIG~b1 _ N01 _ EN~a _ N01 _ N34 _ N14 _ NUN~a _ NAM2 _ MUD",144,3.59323648883042,2.63678037637517,0.270833333333333,"0.265734265734266"
"P000241","ZA~v _ 4(N01)# _ AN _ GIR2~a _ 1(N14)# _ ANSZE~b _ GA~b# _ GARA2~a _ AB2 _ GU4# _ 1(N01) _ 1(N01) _ NAR# _ 1(N01) _ UB _ 5(N01) _ MUNU3# _ 5(N01) _ GAZI# _ 5(N01) _ HALUB# _ 5(N01) _ 5(N01)#","ZA~v _ N01 N01 N01 N01 _ AN _ GIR2~a _ N14 _ ANSZE~b _ GA~b _ GARA2~a _ AB2 _ GU4 _ N01 _ N01 _ NAR _ N01 _ UB _ N01 N01 N01 N01 N01 _ MUNU3 _ N01 N01 N01 N01 N01 _ GAZI _ N01 N01 N01 N01 N01 _ HALUB _ N01 N01 N01 N01 N01 _ N01 N01 N01 N01 N01",46,2.0453010864918,1.96812719789042,0.326086956521739,"0.555555555555556"
"P000243","ZA~v# _ AN# _ GIR2~a _ DA~a# _ KISZ _ GA~b _ GARA2~a _ 1(N01) _ 1(N01) _ 5(N01) _ MUNU3# _ 5(N01) _ 5(N01)#","ZA~v _ AN _ GIR2~a _ DA~a _ KISZ _ GA~b _ GARA2~a _ N01 _ N01 _ N01 N01 N01 N01 N01 _ MUNU3 _ N01 N01 N01 N01 N01 _ N01 N01 N01 N01 N01",25,1.86438145772449,1.44329150961523,0.36,"0.625"
"P000244","1(N01) _ GA~b _ 1(N14) _ GARA2~a _ 1(N14) _ AB2 _ 2(N14) _ GU4 _ 1(N14) _ 1(N14) _ 1(N14)","N01 _ GA~b _ N14 _ GARA2~a _ N14 _ AB2 _ N14 N14 _ GU4 _ N14 _ N14 _ N14",12,1.94733879618755,1.5381188332966,0.5,"0.272727272727273"
"P000245","1(N01) _ NAR# _ 1(N01) _ SZA3~a1# _ 3(N01) _ ZA~v _ 4(N01)# _ GIR2~a _ AN _ 1(N01) _ 1(N45) _ 1(N45)#","N01 _ NAR _ N01 _ SZA3~a1 _ N01 N01 N01 _ ZA~v _ N01 N01 N01 N01 _ GIR2~a _ AN _ N01 _ N45 _ N45",17,2.01574043249307,1.8072449273614,0.411764705882353,"0.375"
"P000246","5(N01)# _ MUNU3# _ 5(N01)# _ GAZI _ HALUB# _ 3(N01) _ ZA~v# _ 4(N01) _ AN _ GIR2~a _ 1(N14)","N01 N01 N01 N01 N01 _ MUNU3 _ N01 N01 N01 N01 N01 _ GAZI _ HALUB _ N01 N01 N01 _ ZA~v _ N01 N01 N01 N01 _ AN _ GIR2~a _ N14",24,1.68967632150217,1.86941824915151,0.333333333333333,"0.565217391304348"
"P000247","1(N01) _ NAMESZDA# _ 1(N01) _ NAM2 _ KAB _ 1(N01) _ NAM2 _ DI _ 1(N01) _ NAM2# _ NAM2 _ 1(N01) _ NAM2 _ URU~a1 _ 1(N01) _ NAM2 _ ERIN _ 1(N01) _ GAL~a _ SZUBUR _ 1(N01) _ NAM2# _ APIN~a# _ 1(N01) _ |SZE~a.NAM2| _ 1(N01)# _ PA~a# _ NAM2 _ RAD~a _ AB~a# _ ME~a _ |1(N58).BAD~a|# _ 1(N01) _ GAL~a# _ TE# _ 1(N01) _ GAL~a _ SUKKAL _ 1(N01) _ GADA~a _ SUKKAL _ 1(N01) _ GAL~a _ GA~a# _ 1(N01) _ SIG2~b _ GA~a# _ 1(N01) _ GAL~a _ KISAL~b2 _ 1(N01) _ GAL~a _ NIM~a _ 1(N01) _ GAL~a _ SILA4~b# _ 1(N01) _ GAL~a _ SZAB~a# _ 1(N01) _ SU3 _ SZAB~a _ 1(N01) _ GAL~a _ NESAG2~a _ 1(N01) _ GAL~a _ TUR3~a _ 1(N01) _ GAL~a _ UMUN2 _ 1(N01)# _ ERIN# _ UMUN2 _ UMUN2# _ 1(N01)# _ AB~a# _ UMUN2# _ 1(N01) _ GAL~a# _ AK~a# _ 1(N01)# _ GAL~a _ IM~a# _ IM~a# _ TUR# _ 1(N01)# _ GAL~a _ SZA _ 1(N01) _ GAL~a _ ERIN# _ 1(N01) _ GAL~a _ 1(N01) _ GAL~a _ |ZATU737xDI| _ 1(N01) _ SANGA~a# _ |ZATU737xDI| _ 1(N01) _ SANGA~a# _ |ZATU737xX| _ 1(N01) _ SANGA~a# _ |ZATU737xSAL| _ 1(N01) _ GAL~a _ ISZ~b _ 1(N01) _ GAL~a _ TAG~a2 _ 1(N01) _ GAL~a _ SANGA~a# _ 1(N01) _ DUB~a _ SANGA~a# _ 1(N01)# _ SAG# _ SUG5# _ 1(N01) _ 1(N01)# _ ZATU725# _ 1(N01) _ 1(N01)# _ 1(N01)# _ 1(N01) _ GALGA~a# _ 1(N01) _ LAGAR~a# _ IB~a# _ 1(N01) _ LAGAR~a# _ GAR# _ 1(N01) _ MUSZ3~a# _ 1(N01)# _ 1(N01) _ NIMGIR# _ 1(N01) _ ENKUM _ 1(N01) _ NINKUM _ 1(N01) _ GAL~a _ ISZ~a _ 1(N01) _ 1(N01) _ SUHUR# _ 1(N01) _ SUHUR# _ 1(N01) _ 1(N01) _ MAR~a _ APIN~a _ 1(N01) _ 1(N01) _ SZIDIM# _ NIGIN# _ 1(N01) _ GAL~a _ KAK~a _ 1(N01) _ GAL~a# _ SZAGAN# _ 1(N01) _ 1(N01) _ 1(N01) _ 1(N01) _ GAL~a# _ 1(N01) _ MUSZ3~a _ EZEN~b# _ 1(N01) _ DU _ EZEN~b# _ 1(N01) _ GAL~a _ ZAG~a _ 1(N01) _ ZAG~a _ 1(N01) _ ZAG~a# _ 1(N01) _ DILMUN _ 1(N01) _ GAL~a# _ 1(N01) _ KISAL~b1# _ 1(N01) _ KUR~a _ 1(N01) _ KU~b2 _ BA _ AN _ EN~a#","N01 _ NAMESZDA _ N01 _ NAM2 _ KAB _ N01 _ NAM2 _ DI _ N01 _ NAM2 _ NAM2 _ N01 _ NAM2 _ URU~a1 _ N01 _ NAM2 _ ERIN _ N01 _ GAL~a _ SZUBUR _ N01 _ NAM2 _ APIN~a _ N01 _ |SZE~a.NAM2| _ N01 _ PA~a _ NAM2 _ RAD~a _ AB~a _ ME~a _ |1(N58).BAD~a| _ N01 _ GAL~a _ TE _ N01 _ GAL~a _ SUKKAL _ N01 _ GADA~a _ SUKKAL _ N01 _ GAL~a _ GA~a _ N01 _ SIG2~b _ GA~a _ N01 _ GAL~a _ KISAL~b2 _ N01 _ GAL~a _ NIM~a _ N01 _ GAL~a _ SILA4~b _ N01 _ GAL~a _ SZAB~a _ N01 _ SU3 _ SZAB~a _ N01 _ GAL~a _ NESAG2~a _ N01 _ GAL~a _ TUR3~a _ N01 _ GAL~a _ UMUN2 _ N01 _ ERIN _ UMUN2 _ UMUN2 _ N01 _ AB~a _ UMUN2 _ N01 _ GAL~a _ AK~a _ N01 _ GAL~a _ IM~a _ IM~a _ TUR _ N01 _ GAL~a _ SZA _ N01 _ GAL~a _ ERIN _ N01 _ GAL~a _ N01 _ GAL~a _ |ZATU737xDI| _ N01 _ SANGA~a _ |ZATU737xDI| _ N01 _ SANGA~a _ |ZATU737xX| _ N01 _ SANGA~a _ |ZATU737xSAL| _ N01 _ GAL~a _ ISZ~b _ N01 _ GAL~a _ TAG~a2 _ N01 _ GAL~a _ SANGA~a _ N01 _ DUB~a _ SANGA~a _ N01 _ SAG _ SUG5 _ N01 _ N01 _ ZATU725 _ N01 _ N01 _ N01 _ N01 _ GALGA~a _ N01 _ LAGAR~a _ IB~a _ N01 _ LAGAR~a _ GAR _ N01 _ MUSZ3~a _ N01 _ N01 _ NIMGIR _ N01 _ ENKUM _ N01 _ NINKUM _ N01 _ GAL~a _ ISZ~a _ N01 _ N01 _ SUHUR _ N01 _ SUHUR _ N01 _ N01 _ MAR~a _ APIN~a _ N01 _ N01 _ SZIDIM _ NIGIN _ N01 _ GAL~a _ KAK~a _ N01 _ GAL~a _ SZAGAN _ N01 _ N01 _ N01 _ N01 _ GAL~a _ N01 _ MUSZ3~a _ EZEN~b _ N01 _ DU _ EZEN~b _ N01 _ GAL~a _ ZAG~a _ N01 _ ZAG~a _ N01 _ ZAG~a _ N01 _ DILMUN _ N01 _ GAL~a _ N01 _ KISAL~b1 _ N01 _ KUR~a _ N01 _ KU~b2 _ BA _ AN _ EN~a",197,4.21000441249118,3.78823317543229,0.345177664974619,"0.0714285714285714"
"P000248","|DUG~bxX|# _ 1(N01) _ |DUG~bxGI6| _ 1(N01) _ |DUG~bxKUR@g~a| _ 1(N01) _ |DUG~bxLAM~a| _ 1(N01) _ |DUG~bxKUR~b| _ 1(N01) _ |DUG~bxGISZ| _ 1(N01) _ |DUG~bxSUHUR|# _ 1(N01)# _ |DUG~bxBIR3~c|# _ 1(N01)# _ |DUG~bxKU6~a| _ 1(N01)# _ GI# _ 1(N01) _ BAPPIR~d# _ 1(N01) _ DUG~b _ 1(N01) _ U4# _ |DUG~bxSIG7| _ 1(N01) _ GI _ |DUG~bxSIG7| _ 1(N01) _ NIM~a# _ |DUG~bxSIG7| _ 1(N01) _ AGAR2 _ 1(N01)# _ U2~b# _ PU2 _ U2~b _ PU2 _ U2~b _ PU2 _ U2~b _ PU2 _ GA'AR~a1# _ GA'AR~a1# _ GA'AR~a1# _ 1(N01)# _ 1(N01) _ NAGA~a _ GA'AR~a1# _ 1(N01) _ KA~a# _ GA'AR~a1# _ 1(N01) _ GA'AR~a1# _ 1(N01) _ GA'AR~a1# _ 1(N01) _ GA'AR~a1# _ 1(N01) _ NUN~a _ GISZ# _ ALIM# _ 1(N01) _ |ZATU662x1(N14)|# _ 1(N01) _ EN~a _ |ZATU662x1(N14)|# _ 1(N01) _ ZATU662# _ 1(N01) _ EN~a# _ ZATU662# _ 1(N01) _ U4# _ TUG2~a _ 1(N01) _ U4 _ TUG2~a@g# _ 1(N01) _ GI6 _ TUG2~a _ 1(N01) _ 1(N01) _ 1(N01) _ 1(N01) _ 1(N01) _ 1(N01) _ 1(N01)","|DUG~bxX| _ N01 _ |DUG~bxGI6| _ N01 _ |DUG~bxKUR@g~a| _ N01 _ |DUG~bxLAM~a| _ N01 _ |DUG~bxKUR~b| _ N01 _ |DUG~bxGISZ| _ N01 _ |DUG~bxSUHUR| _ N01 _ |DUG~bxBIR3~c| _ N01 _ |DUG~bxKU6~a| _ N01 _ GI _ N01 _ BAPPIR~d _ N01 _ DUG~b _ N01 _ U4 _ |DUG~bxSIG7| _ N01 _ GI _ |DUG~bxSIG7| _ N01 _ NIM~a _ |DUG~bxSIG7| _ N01 _ AGAR2 _ N01 _ U2~b _ PU2 _ U2~b _ PU2 _ U2~b _ PU2 _ U2~b _ PU2 _ GA'AR~a1 _ GA'AR~a1 _ GA'AR~a1 _ N01 _ N01 _ NAGA~a _ GA'AR~a1 _ N01 _ KA~a _ GA'AR~a1 _ N01 _ GA'AR~a1 _ N01 _ GA'AR~a1 _ N01 _ GA'AR~a1 _ N01 _ NUN~a _ GISZ _ ALIM _ N01 _ |ZATU662x1(N14)| _ N01 _ EN~a _ |ZATU662x1(N14)| _ N01 _ ZATU662 _ N01 _ EN~a _ ZATU662 _ N01 _ U4 _ TUG2~a _ N01 _ U4 _ TUG2~a@g _ N01 _ GI6 _ TUG2~a _ N01 _ N01 _ N01 _ N01 _ N01 _ N01 _ N01",89,3.64135646992597,2.99845054801939,0.348314606741573,"0.102272727272727"
"P000249","1(N01) _ 1(N01) _ KAR _ 1(N01) _ 1(N01) _ 1(N01) _ 1(N01) _ 1(N01) _ A _ 1(N01) _ NI2 _ 1(N01) _ EN~a _ ZATU647 _ BA _ 1(N01) _ EN~a# _ TUG2~a _ ZATU647# _ BA _ 1(N01) _ BU~a# _ NAGAR~b# _ 1(N01) _ MUSZ3~a# _ 1(N01) _ KI# _ 1(N01) _ KI# _ 1(N01) _ 1(N01) _ TE# _ KI _ 1(N01) _ DI _ NAM2 _ KI _ 1(N01) _ NIR~a _ SZAGAN _ 1(N01) _ NIR~a _ 1(N01) _ GAL~a _ SIMUG _ KI _ 1(N01) _ KU3~a _ AB~a# _ 1(N01) _ GAL~a _ 1(N01) _ SAG# _ 1(N01) _ AK~a#","N01 _ N01 _ KAR _ N01 _ N01 _ N01 _ N01 _ N01 _ A _ N01 _ NI2 _ N01 _ EN~a _ ZATU647 _ BA _ N01 _ EN~a _ TUG2~a _ ZATU647 _ BA _ N01 _ BU~a _ NAGAR~b _ N01 _ MUSZ3~a _ N01 _ KI _ N01 _ KI _ N01 _ N01 _ TE _ KI _ N01 _ DI _ NAM2 _ KI _ N01 _ NIR~a _ SZAGAN _ N01 _ NIR~a _ N01 _ GAL~a _ SIMUG _ KI _ N01 _ KU3~a _ AB~a _ N01 _ GAL~a _ N01 _ SAG _ N01 _ AK~a",55,3.3877462500384,2.93339009062135,0.418181818181818,"0.111111111111111"
"P000250","1(N01) _ EZEN~b# _ 1(N01) _ GAL~a _ ZAG~a _ 1(N01) _ NESAG2~a _ ZAG~a _ 1(N01) _ ZAG~a# _ 1(N01) _ USZUMGAL# _ 1(N01) _ GAL~a# _ ZATU752 _ 1(N01) _ GAL~a _ UR3~a2 _ 1(N01) _ GI _ KAB _ AB~a# _ 1(N01) _ UNUG~b _ 1(N01) _ SZU _ UKKIN~a _ 1(N01) _ GAL~a _ NAR# _ 1(N01) _ GAL~a _ 1(N01) _ GAL~a _ SZU12 _ 1(N01) _ GAL~a# _ 1(N01) _ 1(N01) _ GAL~a# _ 1(N01) _ GAL~a _ 1(N01) _ GAL~a _ BULUG3 _ 1(N01) _ GAL~a _ ERIN _ E2~a _ 1(N01) _ GAL~a _ TAK4~a _ ALAN~b _ 1(N01) _ GAL~a _ KID~b _ 1(N01) _ GAL~a _ KID~b _ KID~b _ 1(N01) _ GAL~a _ |EZEN~bx6(N57)| _ 1(N01) _ 1(N01) _ 1(N01) _ 1(N01) _ 1(N01) _ ISZ~b _ 1(N01) _ ISZ~b# _ 1(N01)","N01 _ EZEN~b _ N01 _ GAL~a _ ZAG~a _ N01 _ NESAG2~a _ ZAG~a _ N01 _ ZAG~a _ N01 _ USZUMGAL _ N01 _ GAL~a _ ZATU752 _ N01 _ GAL~a _ UR3~a2 _ N01 _ GI _ KAB _ AB~a _ N01 _ UNUG~b _ N01 _ SZU _ UKKIN~a _ N01 _ GAL~a _ NAR _ N01 _ GAL~a _ N01 _ GAL~a _ SZU12 _ N01 _ GAL~a _ N01 _ N01 _ GAL~a _ N01 _ GAL~a _ N01 _ GAL~a _ BULUG3 _ N01 _ GAL~a _ ERIN _ E2~a _ N01 _ GAL~a _ TAK4~a _ ALAN~b _ N01 _ GAL~a _ KID~b _ N01 _ GAL~a _ KID~b _ KID~b _ N01 _ GAL~a _ |EZEN~bx6(N57)| _ N01 _ N01 _ N01 _ N01 _ N01 _ ISZ~b _ N01 _ ISZ~b _ N01",72,3.15159372634911,2.72754947033138,0.333333333333333,"0.0845070422535211"
"P000251","GAL~a# _ ERIN# _ 1(N01) _ GAL~a _ GISZGAL _ 1(N01) _ GAL~a _ |ZATU737xDI| _ |ZATU737xDI|# _ SAG# _ 1(N01) _ UB _ SAG _ 1(N01) _ ZATU725 _ 1(N01) _ DAM _ 1(N01) _ NUN~a _ BU3 _ 1(N01) _ ME~a _ 1(N01)# _ GALGA~a _ ME~a _ 1(N01) _ ENKUM _ 1(N01) _ NINKUM _ 1(N01) _ GAL~a _ ISZ~a# _ 1(N01) _ DUB~a# _ 1(N01) _ SANGA~a# _ SUHUR# _ 1(N01)","GAL~a _ ERIN _ N01 _ GAL~a _ GISZGAL _ N01 _ GAL~a _ |ZATU737xDI| _ |ZATU737xDI| _ SAG _ N01 _ UB _ SAG _ N01 _ ZATU725 _ N01 _ DAM _ N01 _ NUN~a _ BU3 _ N01 _ ME~a _ N01 _ GALGA~a _ ME~a _ N01 _ ENKUM _ N01 _ NINKUM _ N01 _ GAL~a _ ISZ~a _ N01 _ DUB~a _ N01 _ SANGA~a _ SUHUR _ N01",38,3.47679675268552,2.81283009522445,0.5,"0.027027027027027"
"P000252","AK~a# _ IM~a _ IM~a# _ TUR _ 1(N01) _ NUN~a# _ BU3# _ 1(N01) _ KAR2~a _ ME~a# _ 1(N01) _ GALGA~a# _ ME~a _ 1(N01) _ GAL~a# _ 1(N01) _ GAL~a _ SZAGAN#","AK~a _ IM~a _ IM~a _ TUR _ N01 _ NUN~a _ BU3 _ N01 _ KAR2~a _ ME~a _ N01 _ GALGA~a _ ME~a _ N01 _ GAL~a _ N01 _ GAL~a _ SZAGAN",18,3.19161164175138,2.1891275495823,0.611111111111111,"0.0588235294117647"
"P000253","1(N01) _ 1(N01) _ ZATU725# _ 1(N01) _ DAM _ 1(N01) _ BU3# _ 1(N01) _ KAR2~a _ ME~a# _ 1(N01) _ GALGA~a _ ME~a# _ 1(N01) _ LAGAR~a _ IB~a# _ 1(N01) _ LAGAR~a _ GAR# _ 1(N01) _ MUSZ3~a# _ ME~a _ 1(N01) _ 1(N01) _ 1(N01) _ 1(N01) _ 1(N01) _ 1(N01) _ 1(N01) _ UNUG~a# _ 1(N01)","N01 _ N01 _ ZATU725 _ N01 _ DAM _ N01 _ BU3 _ N01 _ KAR2~a _ ME~a _ N01 _ GALGA~a _ ME~a _ N01 _ LAGAR~a _ IB~a _ N01 _ LAGAR~a _ GAR _ N01 _ MUSZ3~a _ ME~a _ N01 _ N01 _ N01 _ N01 _ N01 _ N01 _ N01 _ UNUG~a _ N01",31,2.49478483285722,2.19212361347556,0.387096774193548,"0.233333333333333"
"P000254","SANGA~a# _ SAG# _ SAG# _ ZATU725# _ 1(N01) _ BU3 _ NUN~a# _ 1(N01) _ KAR2~a _ ME~a _ 1(N01) _ GALGA~a# _ SANGA~a# _ 1(N01) _ ENKUM _ 1(N01) _ NINKUM _ 1(N01) _ GAL~a _ ISZ~a _ 1(N01) _ SANGA~a _ SUHUR# _ 1(N01) _ APIN~a _ SUHUR#","SANGA~a _ SAG _ SAG _ ZATU725 _ N01 _ BU3 _ NUN~a _ N01 _ KAR2~a _ ME~a _ N01 _ GALGA~a _ SANGA~a _ N01 _ ENKUM _ N01 _ NINKUM _ N01 _ GAL~a _ ISZ~a _ N01 _ SANGA~a _ SUHUR _ N01 _ APIN~a _ SUHUR",26,3.44063635267327,2.59432003139913,0.576923076923077,"0.04"
"P000255","SANGA~a# _ ENKUM# _ 1(N01) _ NINKUM _ 1(N01) _ GAL~a _ ISZ~a _ 1(N01) _ GAL~a _ 1(N01) _ MUSZ3~a# _ 1(N01) _ DU _ EZEN~b _ 1(N01) _ GAL~a _ ZAG~a _ 1(N01) _ GAL~a _ SIPA# _ 1(N01) _ GAL~a _ GURUSZDA#","SANGA~a _ ENKUM _ N01 _ NINKUM _ N01 _ GAL~a _ ISZ~a _ N01 _ GAL~a _ N01 _ MUSZ3~a _ N01 _ DU _ EZEN~b _ N01 _ GAL~a _ ZAG~a _ N01 _ GAL~a _ SIPA _ N01 _ GAL~a _ GURUSZDA",23,2.97531671803802,2.2429081808616,0.521739130434783,"0"
"P000256","1(N01) _ URI _ 1(N01) _ 1(N01) _ MUD3~a@g _ 1(N01) _ MIR~b# _ 1(N01)# _ 1(N01) _ 1(N01) _ GU# _ 1(N01) _ GU# _ AN# _ 1(N01) _ SZU2 _ GU# _ SZU2 _ GU _ AN _ 1(N01)# _ GAL~a _ TUN3~a _ 1(N01)# _ 2(N57) _ SZU _ TUN3~a _ 1(N01)# _ 1(N57) _ SZU _ TUN3~a _ 1(N01) _ 1(N01) _ DILMUN# _ TUN3~a# _ 1(N01) _ NAGAR~b# _ 1(N01) _ 1(N01)# _ NAGAR~b# _ 1(N01) _ NAGAR~b# _ AN _ 1(N01) _ NAGAR~b# _ 1(N01)# _ NAGAR~b# _ AN# _ 1(N01)# _ 1(N01)# _ 1(N01)# _ 2(N34)# _ 2(N14) _ NUN~a#","N01 _ URI _ N01 _ N01 _ MUD3~a@g _ N01 _ MIR~b _ N01 _ N01 _ N01 _ GU _ N01 _ GU _ AN _ N01 _ SZU2 _ GU _ SZU2 _ GU _ AN _ N01 _ GAL~a _ TUN3~a _ N01 _ N57 N57 _ SZU _ TUN3~a _ N01 _ N57 _ SZU _ TUN3~a _ N01 _ N01 _ DILMUN _ TUN3~a _ N01 _ NAGAR~b _ N01 _ N01 _ NAGAR~b _ N01 _ NAGAR~b _ AN _ N01 _ NAGAR~b _ N01 _ NAGAR~b _ AN _ N01 _ N01 _ N01 _ N34 N34 _ N14 N14 _ NUN~a",57,3.15909259371015,2.32790964686863,0.280701754385965,"0.178571428571429"
"P000257","GA'AR~a1# _ GA'AR~a1# _ U4 _ TUG2~a@g# _ GI6 _ TUG2~a _ 1(N01) _ GI6 _ TUG2~a@g _ 1(N01) _ GI _ TUG2~a _ 1(N01) _ GI _ TUG2~a@g _ 1(N01) _ NE~a# _ TUG2~a _ NE~a# _ TUG2~a@g _ 1(N01) _ 1(N01) _ TUR# _ 1(N01) _ BUR2# _ TUR _ 1(N01) _ 1(N57) _ GISZ@t _ TUG2~a# _ 1(N01) _ 1(N57) _ GISZ@t#","GA'AR~a1 _ GA'AR~a1 _ U4 _ TUG2~a@g _ GI6 _ TUG2~a _ N01 _ GI6 _ TUG2~a@g _ N01 _ GI _ TUG2~a _ N01 _ GI _ TUG2~a@g _ N01 _ NE~a _ TUG2~a _ NE~a _ TUG2~a@g _ N01 _ N01 _ TUR _ N01 _ BUR2 _ TUR _ N01 _ N57 _ GISZ@t _ TUG2~a _ N01 _ N57 _ GISZ@t",33,3.27077820987419,2.24043786490073,0.363636363636364,"0.0625"
"P000258","AN# _ NAGAR~b# _ 1(N01) _ NAGAR~b# _ 1(N01) _ AN _ NAGAR~b# _ 1(N01) _ TAK4~a _ MAR~b _ 1(N01) _ TAK4~a _ MAR~b# _ 1(N01) _ BAR _ USZ~a#","AN _ NAGAR~b _ N01 _ NAGAR~b _ N01 _ AN _ NAGAR~b _ N01 _ TAK4~a _ MAR~b _ N01 _ TAK4~a _ MAR~b _ N01 _ BAR _ USZ~a",16,2.60221700146248,1.67447615018029,0.4375,"0"
"P000259","1(N01)# _ GA'AR~a1# _ 1(N01) _ GISZ _ GA'AR~a1 _ 1(N01) _ SZE3@t _ GA'AR~a1#","N01 _ GA'AR~a1 _ N01 _ GISZ _ GA'AR~a1 _ N01 _ SZE3@t _ GA'AR~a1",8,1.81127812445913,1.27078668180099,0.5,"0"
"P000260","1(N01) _ AN _ SI _ 1(N01) _ AN _ EZINU~a _ KI _ AK~a _ SI# _ KI _ SU~a# _ E2~a# _ 1(N01) _ TAK4~a# _ 1(N01) _ |AB~axZATU659| _ 1(N01) _ U4 _ NIN# _ 1(N01) _ NUN~a# _ ALIM# _ 1(N01) _ |HI.SUHUR|# _ 1(N01)#","N01 _ AN _ SI _ N01 _ AN _ EZINU~a _ KI _ AK~a _ SI _ KI _ SU~a _ E2~a _ N01 _ TAK4~a _ N01 _ |AB~axZATU659| _ N01 _ U4 _ NIN _ N01 _ NUN~a _ ALIM _ N01 _ |HI.SUHUR| _ N01",25,3.44385618977472,2.61396879928295,0.6,"0"
"P000261","|GISZxSZU2~a|# _ |SZE~a&SZE~a| _ 1(N01) _ ZI~a _ |GISZxSZU2~a| _ |SZE~a&SZE~a| _ 1(N01) _ NI~a _ ME~a _ 1(N01) _ DA~a _ MUSZEN _ 1(N01) _ SANGA~a _ GU _ 1(N01) _ 1(N01) _ SAR~a# _ 1(N01) _ 1(N01)#","|GISZxSZU2~a| _ |SZE~a&SZE~a| _ N01 _ ZI~a _ |GISZxSZU2~a| _ |SZE~a&SZE~a| _ N01 _ NI~a _ ME~a _ N01 _ DA~a _ MUSZEN _ N01 _ SANGA~a _ GU _ N01 _ N01 _ SAR~a _ N01 _ N01",20,2.92192809488736,2.18305605023428,0.55,"0.105263157894737"
"P000262","TAK4~a# _ MAR~b _ 1(N01) _ AN _ TAK4~a _ MAR~b _ 1(N01) _ USZ~b _ 1(N01) _ AN _ USZ~b# _ 1(N01) _ TAR~a _ 1(N01) _ 1(N01)","TAK4~a _ MAR~b _ N01 _ AN _ TAK4~a _ MAR~b _ N01 _ USZ~b _ N01 _ AN _ USZ~b _ N01 _ TAR~a _ N01 _ N01",15,2.33957226198672,1.57677129781225,0.4,"0.0714285714285714"
"P000263","1(N01) _ 1(N01) _ NAM2 _ NAM2# _ 1(N01) _ NAM2 _ URU~a1 _ 1(N01) _ NAM2 _ ERIN _ 1(N01) _ GAL~a# _ SZUBUR# _ 1(N01) _ 1(N01)","N01 _ N01 _ NAM2 _ NAM2 _ N01 _ NAM2 _ URU~a1 _ N01 _ NAM2 _ ERIN _ N01 _ GAL~a _ SZUBUR _ N01 _ N01",15,2.0634582986483,1.74022312891431,0.4,"0.214285714285714"
"P000264","1(N01) _ NAMESZDA _ 1(N01) _ NAM2 _ KAB _ 1(N01) _ NAM2 _ DI _ 1(N01) _ NAM2# _ NAM2# _ 1(N01) _ GAL~a# _ 1(N01) _ GAL~a# _ 1(N01) _ BU~a# _ SZAB~a#","N01 _ NAMESZDA _ N01 _ NAM2 _ KAB _ N01 _ NAM2 _ DI _ N01 _ NAM2 _ NAM2 _ N01 _ GAL~a _ N01 _ GAL~a _ N01 _ BU~a _ SZAB~a",18,2.52262030953102,1.89715480449129,0.444444444444444,"0.0588235294117647"
"P000265","NAR# _ NAGA~a _ PAP~a","NAR _ NAGA~a _ PAP~a",3,1.58496250072116,0.861654166907052,1,"0"
"P000266","DU7# _ 1(N01)# _ IM~a _ AD~a _ 1(N01) _ |BU~a+DU6~a| _ 2(N57) _ 1(N01) _ SAR~c _ HI _ 1(N01) _ GI6 _ 1(N04) _ 1(N01) _ TUR _ |SZE~a&SZE~a| _ 1(N01)# _ SUKKAL _ E2~a _ LU2# _ DA~a#","DU7 _ N01 _ IM~a _ AD~a _ N01 _ |BU~a+DU6~a| _ N57 N57 _ N01 _ SAR~c _ HI _ N01 _ GI6 _ N04 _ N01 _ TUR _ |SZE~a&SZE~a| _ N01 _ SUKKAL _ E2~a _ LU2 _ DA~a",22,3.66353275480425,2.72055988023961,0.727272727272727,"0.0476190476190476"
"P000267","1(N01) _ 1(N01) _ GAL~a# _ |1(N58).BAD~a|# _ 1(N01) _ EN~a _ IB~a _ 1(N01) _ GAL~a _ SZITA~a1# _ 1(N01) _ ABGAL# _ 1(N01) _ 1(N01) _ GAL~a# _ 1(N01) _ GAL~a#","N01 _ N01 _ GAL~a _ |1(N58).BAD~a| _ N01 _ EN~a _ IB~a _ N01 _ GAL~a _ SZITA~a1 _ N01 _ ABGAL _ N01 _ N01 _ GAL~a _ N01 _ GAL~a",17,2.20510990007387,1.72850300972015,0.411764705882353,"0.125"
"P000268","NI~b _ PA~a _ UR~a _ TI _ 1(N01) _ GAL~a _ 1(N01) _ GAL~a _ MU _ 1(N01) _ GAL~a _ 1(N01) _ GAL~a _ 1(N01) _ GAL~a _ 1(N01) _ GAL~a# _ 1(N01) _ KISAL~b1 _ 1(N01) _ GAL~a _ 1(N01) _ GAL~a _ 1(N01) _ NESAG2~a _ 1(N01)","NI~b _ PA~a _ UR~a _ TI _ N01 _ GAL~a _ N01 _ GAL~a _ MU _ N01 _ GAL~a _ N01 _ GAL~a _ N01 _ GAL~a _ N01 _ GAL~a _ N01 _ KISAL~b1 _ N01 _ GAL~a _ N01 _ GAL~a _ N01 _ NESAG2~a _ N01",26,2.31375711025608,1.61596883767218,0.346153846153846,"0"
"P000269","1(N01) _ AB~a# _ UMUN2# _ 1(N01) _ GAL~a _ AK~a# _ 1(N01) _ GAL~a _ IM~a# _ 1(N01) _ IM~a _ TUR _ 1(N01)# _ 1(N01)# _ 1(N01)# _ 1(N01)#","N01 _ AB~a _ UMUN2 _ N01 _ GAL~a _ AK~a _ N01 _ GAL~a _ IM~a _ N01 _ IM~a _ TUR _ N01 _ N01 _ N01 _ N01",16,2.25,1.75808747591105,0.4375,"0.2"
"P000270","GA~a# _ GA~a# _ GAL~a# _ IM~a# _ 1(N01) _ IM~a _ TUR#","GA~a _ GA~a _ GAL~a _ IM~a _ N01 _ IM~a _ TUR",7,2.23592635062903,1.50096096686096,0.714285714285714,"0.166666666666667"
"P000271","|ZATU737xX|# _ |ZATU737xU4|# _ 1(N01)# _ 1(N01) _ BU3 _ 1(N01) _ KAR2~a _ NUN~a#","|ZATU737xX| _ |ZATU737xU4| _ N01 _ N01 _ BU3 _ N01 _ KAR2~a _ NUN~a",8,2.40563906222957,1.62584084600334,0.75,"0.142857142857143"
"P000272","1(N01) _ 1(N01) _ USZUMGAL# _ 1(N01) _ GAL~a# _ ZATU751~a _ 1(N01) _ DUB~b# _ 1(N01) _ 1(N01) _ GAL~a# _ 1(N01) _ 1(N01)","N01 _ N01 _ USZUMGAL _ N01 _ GAL~a _ ZATU751~a _ N01 _ DUB~b _ N01 _ N01 _ GAL~a _ N01 _ N01",13,1.70043971814109,1.48726190446907,0.384615384615385,"0.25"
"P000273","1(N01) _ SANGA~a# _ |ZATU737xU4| _ 1(N01) _ SANGA~a# _ |ZATU737xSAL| _ 1(N01) _ GAL~a# _ ISZ~b# _ 1(N01)# _ 1(N01)# _ 1(N01)#","N01 _ SANGA~a _ |ZATU737xU4| _ N01 _ SANGA~a _ |ZATU737xSAL| _ N01 _ GAL~a _ ISZ~b _ N01 _ N01 _ N01",12,2.12581458369391,1.64619327376222,0.5,"0.181818181818182"
"P000274","1(N01) _ GAL~a _ UMUN2 _ 1(N01) _ AB~a _ UMUN2 _ 1(N01) _ GAL~a# _ AK~a _ 1(N01) _ IM~a# _ 1(N01) _ 1(N01)","N01 _ GAL~a _ UMUN2 _ N01 _ AB~a _ UMUN2 _ N01 _ GAL~a _ AK~a _ N01 _ IM~a _ N01 _ N01",13,2.19968779473133,1.62595011642225,0.461538461538462,"0.0833333333333333"
"P000275","KAR2~b# _ KAD4~a# _ 1(N14) _ UD5~a# _ 1(N01) _ MASZ2 _ BALA~a# _ MUSZEN#","KAR2~b _ KAD4~a _ N14 _ UD5~a _ N01 _ MASZ2 _ BALA~a _ MUSZEN",8,3,1.91240100229841,1,"0"
"P000276","1(N01)# _ 1(N01) _ GAL~a _ KISAL~b3 _ 1(N01) _ GAL~a _ NIM~a _ 1(N01)#","N01 _ N01 _ GAL~a _ KISAL~b3 _ N01 _ GAL~a _ NIM~a _ N01",8,1.75,1.30734683809606,0.5,"0.142857142857143"
"P000277","1(N01) _ LAGAR~a _ IB~a# _ 1(N01) _ LAGAR~a _ 1(N01) _ MUSZ3~a#","N01 _ LAGAR~a _ IB~a _ N01 _ LAGAR~a _ N01 _ MUSZ3~a",7,1.84237099317711,1.21606134103567,0.571428571428571,"0"
"P000278","1(N01)# _ ZATU725# _ 1(N01)# _ DAM# _ 1(N01)# _ NUN~a# _ BU3 _ KAR2~a# _ ME~a _ GALGA~a# _ ME~a# _ 1(N01) _ BU~a# _ 1(N01)","N01 _ ZATU725 _ N01 _ DAM _ N01 _ NUN~a _ BU3 _ KAR2~a _ ME~a _ GALGA~a _ ME~a _ N01 _ BU~a _ N01",14,2.83523774531212,2.06885214684013,0.642857142857143,"0"
"P000279","|DUG~bxSIG7|# _ 1(N01)# _ |DUG~bxSIG7| _ NIM~a# _ AGAR2 _ PU2# _ PU2# _ PU2# _ E2~a# _ 1(N01) _ ALIM _ NUN~a _ 1(N01) _ |ZATU662x1(N14)| _ 1(N01) _ EN~a# _ |ZATU662x1(N14)|# _ 1(N01) _ ZATU662# _ 1(N01) _ EN~a# _ ZATU662# _ 1(N01) _ SZA3~a1 _ AB2# _ 1(N01) _ SZA3~a1# _ AB2 _ TUG2~a@g# _ 1(N01) _ LUM# _ TUG2~a# _ 1(N01) _ LUM _ A _ TUG2~a@g _ 1(N01) _ 3(N57) _ AB2 _ TUG2~a# _ 1(N01) _ 3(N57)# _ AB2#","|DUG~bxSIG7| _ N01 _ |DUG~bxSIG7| _ NIM~a _ AGAR2 _ PU2 _ PU2 _ PU2 _ E2~a _ N01 _ ALIM _ NUN~a _ N01 _ |ZATU662x1(N14)| _ N01 _ EN~a _ |ZATU662x1(N14)| _ N01 _ ZATU662 _ N01 _ EN~a _ ZATU662 _ N01 _ SZA3~a1 _ AB2 _ N01 _ SZA3~a1 _ AB2 _ TUG2~a@g _ N01 _ LUM _ TUG2~a _ N01 _ LUM _ A _ TUG2~a@g _ N01 _ N57 N57 N57 _ AB2 _ TUG2~a _ N01 _ N57 N57 N57 _ AB2",47,3.6974779471001,2.5218300369526,0.382978723404255,"0.130434782608696"
"P000280","AGAR2# _ U2~b _ PU2 _ 1(N01)# _ GA2~a1 _ U2~b _ PU2 _ U2~b _ PU2 _ U2~a _ PU2 _ U2~a _ HI _ PU2# _ 1(N01) _ 1(N01) _ EN~a _ |ZATU662x1(N14)|# _ 1(N01) _ ZATU662# _ 1(N01)#","AGAR2 _ U2~b _ PU2 _ N01 _ GA2~a1 _ U2~b _ PU2 _ U2~b _ PU2 _ U2~a _ PU2 _ U2~a _ HI _ PU2 _ N01 _ N01 _ EN~a _ |ZATU662x1(N14)| _ N01 _ ZATU662 _ N01",21,2.96497606796747,2.08796093673246,0.476190476190476,"0.05"
"P000281","DUG~c# _ 1(N01) _ |DUG~cx1(N57)| _ 1(N01) _ SZAKIR~c _ SU~a# _ NI~b# _ 1(N01) _ GAN~a# _ 1(N01) _ GAN~a _ 1(N01) _ E2~a _ GAN~a _ 1(N01) _ |DUG~bxSZE~a| _ 1(N01) _ |DUG~bxBALA~a| _ 1(N01) _ |DUG~bxKASKAL|# _ 1(N01) _ 1(N01) _ 1(N01) _ |DUG~bxTI|# _ 1(N01) _ |DUG~bxMASZ|# _ 1(N01) _ |DUG~bxSI4~a|# _ 1(N01)#","DUG~c _ N01 _ |DUG~cx1(N57)| _ N01 _ SZAKIR~c _ SU~a _ NI~b _ N01 _ GAN~a _ N01 _ GAN~a _ N01 _ E2~a _ GAN~a _ N01 _ |DUG~bxSZE~a| _ N01 _ |DUG~bxBALA~a| _ N01 _ |DUG~bxKASKAL| _ N01 _ N01 _ N01 _ |DUG~bxTI| _ N01 _ |DUG~bxMASZ| _ N01 _ |DUG~bxSI4~a| _ N01",29,2.85598594647344,2.4659791064895,0.482758620689655,"0.0714285714285714"
"P000282","1(N01) _ |DUG~bxANSZE~b| _ 1(N01) _ |DUG~bxUH3~a| _ 1(N01) _ |DUG~bxHI| _ 1(N01) _ |DUG~bxX|# _ 1(N01) _ 1(N01) _ 1(N01)","N01 _ |DUG~bxANSZE~b| _ N01 _ |DUG~bxUH3~a| _ N01 _ |DUG~bxHI| _ N01 _ |DUG~bxX| _ N01 _ N01 _ N01",11,1.67293303187337,1.53797523791252,0.454545454545455,"0.2"
"P000283","GAN~b# _ GAN~b# _ BAPPIR~d _ U4# _ |DUG~bxSIG7| _ 1(N01) _ NAGA~a _ GA'AR~a1# _ 1(N01) _ KA~a _ GA'AR~a1# _ 1(N01) _ UR4~a# _ GA'AR~a1#","GAN~b _ GAN~b _ BAPPIR~d _ U4 _ |DUG~bxSIG7| _ N01 _ NAGA~a _ GA'AR~a1 _ N01 _ KA~a _ GA'AR~a1 _ N01 _ UR4~a _ GA'AR~a1",14,2.98522813603425,2.01827435117181,0.642857142857143,"0.0769230769230769"
"P000284","GA'AR~a1# _ GA'AR~a1 _ SZE3@t _ GA'AR~a1 _ GA'AR~a1 _ GUG2# _ GA'AR~a1 _ GA'AR~a1","GA'AR~a1 _ GA'AR~a1 _ SZE3@t _ GA'AR~a1 _ GA'AR~a1 _ GUG2 _ GA'AR~a1 _ GA'AR~a1",8,1.06127812445913,1.11666758619648,0.375,"0.428571428571429"
"P000285","1(N01) _ BU~a# _ 1(N01) _ BU~a _ TUG2~a@g# _ 1(N01) _ NE~a _ GAR _ TUG2~a _ NE~a# _ GAR# _ TUG2~a@g _ 1(N01) _ 1(N01)","N01 _ BU~a _ N01 _ BU~a _ TUG2~a@g _ N01 _ NE~a _ GAR _ TUG2~a _ NE~a _ GAR _ TUG2~a@g _ N01 _ N01",14,2.40666631674069,1.6361371497816,0.428571428571429,"0.0769230769230769"
"P000286","1(N01) _ AN _ 1(N01) _ GIR2~a _ UDU~a _ 1(N01) _ GIR2~a _ UDU~a# _ 1(N01) _ GIR2~a# _ AB2#","N01 _ AN _ N01 _ GIR2~a _ UDU~a _ N01 _ GIR2~a _ UDU~a _ N01 _ GIR2~a _ AB2",11,2.11807820934971,1.30813873037919,0.454545454545455,"0"
"P000287","SI# _ AN# _ SI _ NAGAR~b# _ 1(N01) _ NAGAR~b _ 1(N01) _ NAGAR~b _ 1(N01) _ TAK4~a","SI _ AN _ SI _ NAGAR~b _ N01 _ NAGAR~b _ N01 _ NAGAR~b _ N01 _ TAK4~a",10,2.17095059445467,1.38187390817827,0.5,"0"
"P000288","GIR2~a# _ GIR2~a _ DIM~c# _ DIM~c# _ DIM~c# _ 1(N01) _ 1(N01) _ DILMUN# _ TUN3~a# _ 1(N01) _ NAGAR~b _ 1(N01) _ AN _ NAGAR~b _ 1(N01) _ NAGAR~b# _ SZITA~a1# _ 1(N01) _ AN _ NAGAR~b# _ 1(N01) _ 1(N01)","GIR2~a _ GIR2~a _ DIM~c _ DIM~c _ DIM~c _ N01 _ N01 _ DILMUN _ TUN3~a _ N01 _ NAGAR~b _ N01 _ AN _ NAGAR~b _ N01 _ NAGAR~b _ SZITA~a1 _ N01 _ AN _ NAGAR~b _ N01 _ N01",22,2.60693673217532,1.85032351607283,0.363636363636364,"0.238095238095238"
"P000289","KU6~a# _ GU# _ SZU2# _ GU# _ 1(N01) _ NAGAR~b# _ 1(N01) _ NAGAR~b# _ 2(N57)# _ 1(N01) _ NAGAR~b _ AN _ TAK4~a _ 1(N01) _ NAGAR~b _ BUR~a _ NAGAR~b# _ BUR~a#","KU6~a _ GU _ SZU2 _ GU _ N01 _ NAGAR~b _ N01 _ NAGAR~b _ N57 N57 _ N01 _ NAGAR~b _ AN _ TAK4~a _ N01 _ NAGAR~b _ BUR~a _ NAGAR~b _ BUR~a",19,2.90005169899954,1.95345501822784,0.473684210526316,"0.0555555555555556"
"P000290","1(N01) _ A# _ 1(N01) _ SAR~a _ A _ 1(N01) _ GISZ# _ 1(N01) _ 1(N01) _ BAD _ SUG _ 1(N01) _ BA _ KI _ 1(N01) _ SAR~a _ SZAGAN _ 1(N01) _ SZAGAN# _ 1(N01) _ DU _ A _ 1(N01) _ IM~a _ SI _ 1(N01) _ IM~a _ MIR~a _ 1(N01) _ AN#","N01 _ A _ N01 _ SAR~a _ A _ N01 _ GISZ _ N01 _ N01 _ BAD _ SUG _ N01 _ BA _ KI _ N01 _ SAR~a _ SZAGAN _ N01 _ SZAGAN _ N01 _ DU _ A _ N01 _ IM~a _ SI _ N01 _ IM~a _ MIR~a _ N01 _ AN",30,3.11440934524794,2.47804803182844,0.466666666666667,"0.0344827586206897"
"P000291","1(N01) _ 1(N01) _ 1(N01) _ APIN~a# _ 1(N01) _ GI _ 1(N01) _ ZATU751~a _ 1(N01) _ SUG# _ 1(N01) _ BA _ KI# _ 1(N01) _ SAR~a _ SZAGAN _ 1(N01) _ NAGAR~b _ SZAGAN","N01 _ N01 _ N01 _ APIN~a _ N01 _ GI _ N01 _ ZATU751~a _ N01 _ SUG _ N01 _ BA _ KI _ N01 _ SAR~a _ SZAGAN _ N01 _ NAGAR~b _ SZAGAN",19,2.64112093381302,2.29012011151422,0.526315789473684,"0.111111111111111"
"P000292","1(N01) _ SAR~a _ SZAGAN _ EN~a _ BA _ HAL# _ GAR _ SZAGAN","N01 _ SAR~a _ SZAGAN _ EN~a _ BA _ HAL _ GAR _ SZAGAN",8,2.75,1.72490100229841,0.875,"0"
"P000293","DILMUN# _ TUN3~a _ 1(N01)# _ NAGAR~b# _ 1(N01)# _ NAGAR~b#","DILMUN _ TUN3~a _ N01 _ NAGAR~b _ N01 _ NAGAR~b",6,1.91829583405449,1.10856996378514,0.666666666666667,"0"
"P000294","NAM~d _ KU6~a _ KU6~a _ 1(N01)# _ KUSZU2~c# _ KA~a# _ 1(N01) _ 1(N01) _ 1(N01)","NAM~d _ KU6~a _ KU6~a _ N01 _ KUSZU2~c _ KA~a _ N01 _ N01 _ N01",9,2.0588138903312,1.46533464530212,0.555555555555556,"0.375"
"P000295","1(N01)# _ 1(N01) _ SU~a _ KU6~a# _ 1(N01) _ U4 _ KU6~a _ 1(N01)# _ |U4x2(N57)| _ KU6~a# _ KU6~a#","N01 _ N01 _ SU~a _ KU6~a _ N01 _ U4 _ KU6~a _ N01 _ |U4x2(N57)| _ KU6~a _ KU6~a",11,2.00488616409184,1.52975262555544,0.454545454545455,"0.2"
"P000296","A _ NU# _ KU6~a _ NU _ AN _ KU6~a _ 1(N01) _ 1(N01) _ NU# _ 1(N01) _ NU# _ 1(N01) _ ME~a _ GISZIMMAR~b1# _ 1(N01) _ ME~a _ AN _ GISZIMMAR~b1# _ 1(N01) _ GISZIMMAR~b1# _ 1(N01) _ AN _ GISZIMMAR~b1# _ 1(N01) _ GIR2~a# _ 1(N01)# _ AN# _ GIR2~a# _ 1(N01)#","A _ NU _ KU6~a _ NU _ AN _ KU6~a _ N01 _ N01 _ NU _ N01 _ NU _ N01 _ ME~a _ GISZIMMAR~b1 _ N01 _ ME~a _ AN _ GISZIMMAR~b1 _ N01 _ GISZIMMAR~b1 _ N01 _ AN _ GISZIMMAR~b1 _ N01 _ GIR2~a _ N01 _ AN _ GIR2~a _ N01",29,2.678005789994,1.88565294168011,0.275862068965517,"0.0357142857142857"
"P000297","1(N01) _ 1(N01) _ KU6~a _ 1(N01) _ KU6~a _ 1(N01) _ 1(N01) _ 1(N01)","N01 _ N01 _ KU6~a _ N01 _ KU6~a _ N01 _ N01 _ N01",8,0.811278124459133,0.8528805424929,0.25,"0.428571428571429"
"P000298","1(N01) _ KU6~a _ 1(N01) _ URI3~a _ KU6~a _ 1(N01) _ GIR2~a# _ KU6~a _ 1(N01)","N01 _ KU6~a _ N01 _ URI3~a _ KU6~a _ N01 _ GIR2~a _ KU6~a _ N01",9,1.7527152789797,1.25013955056989,0.444444444444444,"0"
"P000299","1(N01) _ GI6# _ AB2# _ 1(N01) _ SZU _ AB2 _ 1(N01) _ SZU _ BAR _ AB2 _ 1(N01) _ BAR _ MUL _ AB2 _ 1(N01) _ AB2# _ 1(N01) _ 1(N01) _ 1(N01) _ AB2# _ 1(N01) _ 1(N01) _ E2~a _ 1(N01) _ NE~a _ GU4# _ 1(N01)","N01 _ GI6 _ AB2 _ N01 _ SZU _ AB2 _ N01 _ SZU _ BAR _ AB2 _ N01 _ BAR _ MUL _ AB2 _ N01 _ AB2 _ N01 _ N01 _ N01 _ AB2 _ N01 _ N01 _ E2~a _ N01 _ NE~a _ GU4 _ N01",27,2.43898657575677,1.97537222991136,0.333333333333333,"0.115384615384615"
"P000300","1(N01) _ AB2# _ 1(N01) _ AB2# _ 1(N01) _ AB2# _ 1(N01) _ AB2# _ 1(N01) _ SZAH2~a# _ 1(N01) _ 3(N57) _ ZAG~a _ AB2# _ 1(N01) _ DARA4~a1 _ ZAG~a _ 1(N01) _ HI _ SAG _ AB2# _ 1(N01) _ AB2# _ AB2# _ 1(N01) _ AB2#","N01 _ AB2 _ N01 _ AB2 _ N01 _ AB2 _ N01 _ AB2 _ N01 _ SZAH2~a _ N01 _ N57 N57 N57 _ ZAG~a _ AB2 _ N01 _ DARA4~a1 _ ZAG~a _ N01 _ HI _ SAG _ AB2 _ N01 _ AB2 _ AB2 _ N01 _ AB2",28,2.36080158405696,1.91389703860627,0.285714285714286,"0.111111111111111"
"P000301","AMAR# _ AMAR# _ AMAR# _ AMAR# _ AMAR _ AMAR _ 1(N01) _ GA~a _ 1(N02) _ AMAR# _ 1(N01) _ AMAR _ 1(N01) _ AMAR# _ 1(N01) _ 1(N01)","AMAR _ AMAR _ AMAR _ AMAR _ AMAR _ AMAR _ N01 _ GA~a _ N02 _ AMAR _ N01 _ AMAR _ N01 _ AMAR _ N01 _ N01",16,1.4913146570364,1.44125713904929,0.25,"0.4"
"P000302","GU4# _ GU4 _ GU4# _ GI# _ GI# _ BAR _ AMAR _ 1(N01) _ DARA4~a1 _ AMAR _ 1(N01) _ DARA4~a1# _ AMAR _ 1(N01) _ DARA4~a1 _ AMAR _ 1(N01) _ SAG _ DARA4~a1 _ AMAR _ 1(N01) _ AM~b# _ 1(N01) _ 1(N01) _ SZU# _ 1(N01)","GU4 _ GU4 _ GU4 _ GI _ GI _ BAR _ AMAR _ N01 _ DARA4~a1 _ AMAR _ N01 _ DARA4~a1 _ AMAR _ N01 _ DARA4~a1 _ AMAR _ N01 _ SAG _ DARA4~a1 _ AMAR _ N01 _ AM~b _ N01 _ N01 _ SZU _ N01",26,2.76334248827185,1.89291326158625,0.346153846153846,"0.16"
"P000303","1(N01) _ UDU~a# _ AB2 _ 1(N01) _ UDU~a _ AB2 _ 1(N01) _ GAL~a# _ SIPA _ AB2# _ 1(N01) _ GAL~a#","N01 _ UDU~a _ AB2 _ N01 _ UDU~a _ AB2 _ N01 _ GAL~a _ SIPA _ AB2 _ N01 _ GAL~a",12,2.18872187554087,1.32306735839856,0.416666666666667,"0"
"P000304","1(N01) _ NI~b _ 1(N01) _ HI _ NI~b _ 1(N01) _ 10(N58) _ NI~b _ 1(N01) _ IR~a# _ IR~a# _ IR~a# _ 1(N01) _ 1(N01) _ 1(N01) _ |DUG~bxX|# _ 1(N01) _ |DUG~bxX|# _ 1(N01) _ |DUG~bxX|# _ 1(N01) _ |DUG~bxX|# _ |DUG~bxX|# _ 1(N01) _ |DUG~bxX|# _ 1(N01) _ 1(N01) _ |DUG~bxX|# _ 1(N01) _ |DUG~bxX|# _ 1(N01) _ |DUG~bxX|# _ 1(N01) _ |DUG~bxX|# _ 1(N34) _ 2(N14) _ NAMESZDA#","N01 _ NI~b _ N01 _ HI _ NI~b _ N01 _ N58 N58 N58 N58 N58 N58 N58 N58 N58 N58 _ NI~b _ N01 _ IR~a _ IR~a _ IR~a _ N01 _ N01 _ N01 _ |DUG~bxX| _ N01 _ |DUG~bxX| _ N01 _ |DUG~bxX| _ N01 _ |DUG~bxX| _ |DUG~bxX| _ N01 _ |DUG~bxX| _ N01 _ N01 _ |DUG~bxX| _ N01 _ |DUG~bxX| _ N01 _ |DUG~bxX| _ N01 _ |DUG~bxX| _ N34 _ N14 N14 _ NAMESZDA",47,2.53441147078244,1.80352968603622,0.191489361702128,"0.347826086956522"
"P000305","GISZ# _ KAK~a# _ 1(N01) _ GISZ _ SI _ KAK~a _ 1(N01) _ GISZ _ SI _ 1(N01) _ GISZ _ BAD _ 1(N01) _ GISZ _ |BAD&BAD| _ 1(N01) _ DA~a# _ 1(N01)# _ GISZ# _ 1(N01) _ GISZ# _ 1(N01) _ GISZ# _ 1(N01) _ GISZ# _ 1(N01)#","GISZ _ KAK~a _ N01 _ GISZ _ SI _ KAK~a _ N01 _ GISZ _ SI _ N01 _ GISZ _ BAD _ N01 _ GISZ _ |BAD&BAD| _ N01 _ DA~a _ N01 _ GISZ _ N01 _ GISZ _ N01 _ GISZ _ N01 _ GISZ _ N01",26,2.17164718114669,1.63553389736402,0.269230769230769,"0"
"P000306","NAM2# _ 1(N01) _ GISZ _ NU11 _ 1(N01) _ GISZ _ KIN2~c _ 1(N01) _ GISZ# _ GI6# _ KIN2~c# _ 1(N01) _ GISZ _ BU~a# _ GI# _ 1(N01) _ GISZ# _ 1(N01)","NAM2 _ N01 _ GISZ _ NU11 _ N01 _ GISZ _ KIN2~c _ N01 _ GISZ _ GI6 _ KIN2~c _ N01 _ GISZ _ BU~a _ GI _ N01 _ GISZ _ N01",18,2.55217969706655,1.80288907426072,0.444444444444444,"0"
"P000308","1(N45)# _ KI _ 1(N45) _ KI _ KI _ KISZIK~a# _ U2~b _ SZENNUR~a# _ GISZ# _ GI# _ 1(N01) _ 1(N01) _ 1(N01) _ 1(N01) _ ZI~a# _ GI# _ 1(N01) _ SAL# _ NE~a# _ 1(N01) _ GAN2# _ AD~a _ 1(N01) _ SAG#","N45 _ KI _ N45 _ KI _ KI _ KISZIK~a _ U2~b _ SZENNUR~a _ GISZ _ GI _ N01 _ N01 _ N01 _ N01 _ ZI~a _ GI _ N01 _ SAL _ NE~a _ N01 _ GAN2 _ AD~a _ N01 _ SAG",24,3.40136366919754,2.52182458617758,0.583333333333333,"0.173913043478261"
"P000309","ZATU647# _ 1(N01) _ TUM~b _ ZATU647 _ 1(N01) _ GAL~a _ ZATU647 _ HI _ ZATU647 _ ZATU647# _ 1(N01) _ EN~a#","ZATU647 _ N01 _ TUM~b _ ZATU647 _ N01 _ GAL~a _ ZATU647 _ HI _ ZATU647 _ ZATU647 _ N01 _ EN~a",12,2.22125183600447,1.61734861269207,0.5,"0.0909090909090909"
"P000310","1(N01) _ 1(N01) _ 1(N01) _ HI _ SAR~c# _ 1(N01) _ GISZ _ 1(N01) _ BIR3~c _ APIN~a _ 1(N01) _ GI#","N01 _ N01 _ N01 _ HI _ SAR~c _ N01 _ GISZ _ N01 _ BIR3~c _ APIN~a _ N01 _ GI",12,2.29248125036058,1.91839807700297,0.583333333333333,"0.181818181818182"
"P000311","IR~a# _ ERIM2# _ 1(N01) _ NIMGIR _ SIG7# _ 1(N01) _ U2~b _ NAGA~a _ MUSZEN _ ZATU647 _ BA _ 1(N01)# _ IM~a","IR~a _ ERIM2 _ N01 _ NIMGIR _ SIG7 _ N01 _ U2~b _ NAGA~a _ MUSZEN _ ZATU647 _ BA _ N01 _ IM~a",13,3.33467914105159,2.26545634242272,0.846153846153846,"0"
"P000312","1(N01) _ BALA~a _ MUSZEN _ RAD~a _ ISZ~b","N01 _ BALA~a _ MUSZEN _ RAD~a _ ISZ~b",5,2.32192809488736,1.3813781191217,1,"0"
"P000313","SZAKIR~b# _ 1(N01)# _ SIG2~a3 _ 1(N01) _ GIR2~a# _ 1(N01) _ AN# _ GIR2~a# _ 1(N01) _ DIM~c#","SZAKIR~b _ N01 _ SIG2~a3 _ N01 _ GIR2~a _ N01 _ AN _ GIR2~a _ N01 _ DIM~c",10,2.32192809488736,1.59136173636352,0.6,"0"
"P000314","1(N01) _ 1(N01) _ BA _ SAG _ 1(N01) _ SIG2~b _ 1(N01) _ KA~a _ ZAG~a# _ 1(N01) _ SZENNUR~a _ 1(N01) _ |EZEN~axSU~a| _ 1(N01) _ GI _ UNUG~a _ 1(N01) _ SZAM2 _ KI _ 1(N01)","N01 _ N01 _ BA _ SAG _ N01 _ SIG2~b _ N01 _ KA~a _ ZAG~a _ N01 _ SZENNUR~a _ N01 _ |EZEN~axSU~a| _ N01 _ GI _ UNUG~a _ N01 _ SZAM2 _ KI _ N01",20,2.89546184423832,2.42254620927659,0.6,"0.0526315789473684"
"P000315","|SZE~a&SZE~a|# _ NA2~a _ |SZE~a&SZE~a|# _ 1(N01) _ BA _ NE~a# _ 1(N01) _ SUM~b# _ |GI&GI|# _ 1(N01) _ HI _ |GI&GI|# _ BA _ SUM~b _ 1(N01) _ SI _ U4 _ KUR~a _ 1(N01) _ PAP~a _ APIN~a _ 1(N01) _ NU _ GISZ@t# _ 1(N01) _ NU _ LUM _ 1(N01) _ EN~a _ 1(N01) _ GAL~a# _ 1(N01) _ GAL~a#","|SZE~a&SZE~a| _ NA2~a _ |SZE~a&SZE~a| _ N01 _ BA _ NE~a _ N01 _ SUM~b _ |GI&GI| _ N01 _ HI _ |GI&GI| _ BA _ SUM~b _ N01 _ SI _ U4 _ KUR~a _ N01 _ PAP~a _ APIN~a _ N01 _ NU _ GISZ@t _ N01 _ NU _ LUM _ N01 _ EN~a _ N01 _ GAL~a _ N01 _ GAL~a",33,3.6741128784835,2.7526743770045,0.545454545454545,"0"
"P000316","EZEN~b# _ EZEN~b# _ EZEN~b# _ 1(N01) _ 1(N01) _ GAL~a _ SIPA _ 1(N01) _ GAL~a _ GURUSZDA _ 1(N01)#","EZEN~b _ EZEN~b _ EZEN~b _ N01 _ N01 _ GAL~a _ SIPA _ N01 _ GAL~a _ GURUSZDA _ N01",11,2.11807820934971,1.58930628413729,0.454545454545455,"0.3"
"P000317","UTUA~b# _ UD5~a# _ MASZ2# _ 1(N01) _ GI# _ 1(N01) _ ZI~a _ GI _ 1(N01) _ |GI&GI| _ SZE3 _ 1(N01) _ APIN~a _ E2~b _ PIRIG~b1 _ 1(N01) _ 1(N01) _ GI# _ 1(N01) _ TAR~a _ ZATU751~a _ 1(N01) _ ZI~a# _ 1(N01) _ DI# _ ZATU751~a","UTUA~b _ UD5~a _ MASZ2 _ N01 _ GI _ N01 _ ZI~a _ GI _ N01 _ |GI&GI| _ SZE3 _ N01 _ APIN~a _ E2~b _ PIRIG~b1 _ N01 _ N01 _ GI _ N01 _ TAR~a _ ZATU751~a _ N01 _ ZI~a _ N01 _ DI _ ZATU751~a",26,3.2664315444817,2.37942618988725,0.538461538461538,"0.04"
"P000318","1(N01) _ GAL~a _ 1(N01) _ UNUG~a _ 1(N01) _ GAL~a# _ KAK~a _ DUG~a _ NU11 _ 1(N01) _ 1(N01) _ 1(N01)","N01 _ GAL~a _ N01 _ UNUG~a _ N01 _ GAL~a _ KAK~a _ DUG~a _ NU11 _ N01 _ N01 _ N01",12,2.12581458369391,1.66828163024776,0.5,"0.181818181818182"
"P000319","NAGA~a# _ MUSZEN# _ ZATU647# _ BA _ 1(N01)# _ IM~a _ AD~a _ 1(N01)# _ AN# _ NI~a _ 1(N01)# _ ASAR _ KU~a _ DU6~a","NAGA~a _ MUSZEN _ ZATU647 _ BA _ N01 _ IM~a _ AD~a _ N01 _ AN _ NI~a _ N01 _ ASAR _ KU~a _ DU6~a",14,3.4677201004745,2.3652524332111,0.857142857142857,"0"
"P000320","1(N01) _ 1(N01) _ 1(N01) _ |ZATU737xBUR~a| _ 1(N01) _ UR2 _ KU6~a _ RAD~a _ 1(N01) _ SZIM~a _ RAD~a _ 1(N01) _ AMA~b _ ME~a _ 1(N01) _ |KA2xLAM|# _ 1(N01) _ 1(N01) _ 1(N01) _ 1(N01) _ 1(N01) _ 1(N01) _ 1(N34) _ 1(N14)# _ |3(N57).PIRIG~b1| _ E2~a","N01 _ N01 _ N01 _ |ZATU737xBUR~a| _ N01 _ UR2 _ KU6~a _ RAD~a _ N01 _ SZIM~a _ RAD~a _ N01 _ AMA~b _ ME~a _ N01 _ |KA2xLAM| _ N01 _ N01 _ N01 _ N01 _ N01 _ N01 _ N34 _ N14 _ |3(N57).PIRIG~b1| _ E2~a",26,2.77329678214747,2.32742197006906,0.5,"0.28"
"P000321","1(N01) _ GAN2 _ GI4~a _ BU~a _ 1(N01)# _ BAD3~a","N01 _ GAN2 _ GI4~a _ BU~a _ N01 _ BAD3~a",6,2.25162916738782,1.38848150814767,0.833333333333333,"0"
"P000322","1(N01) _ 1(N01) _ E2~a# _ 1(N01) _ NAGA~a _ SZITA~a1# _ 1(N01) _ SZU","N01 _ N01 _ E2~a _ N01 _ NAGA~a _ SZITA~a1 _ N01 _ SZU",8,2,1.54944131966981,0.625,"0.142857142857143"
"P000323","NUN~a# _ A _ 1(N01) _ 1(N01) _ 1(N01) _ KI","NUN~a _ A _ N01 _ N01 _ N01 _ KI",6,1.79248125036058,1.221814841481,0.666666666666667,"0.4"
"P000324","GAL~a# _ UDU~c# _ 1(N01)# _ GAL~a _ 1(N01) _ GAL~a _ 1(N01) _ SZAB~a# _ 1(N01)","GAL~a _ UDU~c _ N01 _ GAL~a _ N01 _ GAL~a _ N01 _ SZAB~a _ N01",9,1.7527152789797,1.24547029566748,0.444444444444444,"0"
"P000325","EZEN~b# _ AN _ E2~a# _ A _ NI2#","EZEN~b _ AN _ E2~a _ A _ NI2",5,2.32192809488736,1.3813781191217,1,"0"
"P000326","1(N01) _ 1(N01) _ GIR3~c _ 1(N01) _ TI _ A _ 1(N01) _ A _ 1(N01) _ E2~a _ 1(N01) _ KI _ 1(N01) _ 1(N01) _ GI# _ 1(N01) _ KA~a _ KAR _ 1(N01) _ NUN~a _ A _ 1(N01) _ DU _ KU~b2 _ KASKAL _ 1(N01) _ SZAH2~a _ ZAG~a# _ 1(N01) _ 1(N01) _ 1(N01) _ 1(N01)","N01 _ N01 _ GIR3~c _ N01 _ TI _ A _ N01 _ A _ N01 _ E2~a _ N01 _ KI _ N01 _ N01 _ GI _ N01 _ KA~a _ KAR _ N01 _ NUN~a _ A _ N01 _ DU _ KU~b2 _ KASKAL _ N01 _ SZAH2~a _ ZAG~a _ N01 _ N01 _ N01 _ N01",32,2.85140976555739,2.53529523855594,0.46875,"0.161290322580645"
"P000327","A# _ AMA~a _ A _ AN# _ MUSZ3~a _ AMA~a _ A _ 1(N01) _ MA _ UD5~a _ A _ 1(N01) _ ALIM _ A _ 1(N01) _ 1(N01) _ DUR2# _ 1(N01) _ NAR _ DUR2 _ SZE3 _ A# _ 1(N01) _ RAD~a _ A# _ 1(N01) _ HAL _ ZATU751~a _ A# _ 1(N01)","A _ AMA~a _ A _ AN _ MUSZ3~a _ AMA~a _ A _ N01 _ MA _ UD5~a _ A _ N01 _ ALIM _ A _ N01 _ N01 _ DUR2 _ N01 _ NAR _ DUR2 _ SZE3 _ A _ N01 _ RAD~a _ A _ N01 _ HAL _ ZATU751~a _ A _ N01",30,3.17355726227519,2.41934213897935,0.466666666666667,"0.0344827586206897"
"P000328","KU6~a# _ 1(N01) _ MUNSZUB~b# _ KU6~a# _ 1(N01) _ LI _ ZI~a _ MUSZEN _ KU6~a","KU6~a _ N01 _ MUNSZUB~b _ KU6~a _ N01 _ LI _ ZI~a _ MUSZEN _ KU6~a",9,2.41938194564637,1.59887479314794,0.666666666666667,"0"
"P000329","NAM2# _ NAM2# _ URU~a1 _ NAM2# _ ERIN _ GAL~a _ SZUBUR _ NAM2# _ APIN~a _ 1(N01) _ 1(N01)","NAM2 _ NAM2 _ URU~a1 _ NAM2 _ ERIN _ GAL~a _ SZUBUR _ NAM2 _ APIN~a _ N01 _ N01",11,2.55034070954639,1.86552517491233,0.636363636363636,"0.2"
"P000330","DU# _ EZEN~b# _ 1(N01) _ GAL~a _ ZAG~a# _ NESAG2~a# _ ZAG~a _ ZAG~a# _ DILMUN# _ ZAG~a _ 1(N01) _ SANGA~a _ GURUSZDA# _ 1(N01) _ GAL~a _ 1(N01) _ USZUMGAL _ 1(N01) _ GAL~a _ UR3~a2# _ 1(N01) _ KAB _ GI _ AB~b _ 1(N01) _ UNUG~a# _ 1(N01)","DU _ EZEN~b _ N01 _ GAL~a _ ZAG~a _ NESAG2~a _ ZAG~a _ ZAG~a _ DILMUN _ ZAG~a _ N01 _ SANGA~a _ GURUSZDA _ N01 _ GAL~a _ N01 _ USZUMGAL _ N01 _ GAL~a _ UR3~a2 _ N01 _ KAB _ GI _ AB~b _ N01 _ UNUG~a _ N01",27,3.39359537245371,2.53893915866065,0.555555555555556,"0.0384615384615385"
"P000331","KU3~a# _ UMUN2# _ KU3~a _ GAL~a# _ AK~a _ IM~a# _ 1(N01)# _ ZATU725# _ 1(N01) _ DAM# _ 1(N01) _ NUN~a# _ BU3# _ 1(N01) _ KAR2~a# _ ME~a# _ 1(N01)","KU3~a _ UMUN2 _ KU3~a _ GAL~a _ AK~a _ IM~a _ N01 _ ZATU725 _ N01 _ DAM _ N01 _ NUN~a _ BU3 _ N01 _ KAR2~a _ ME~a _ N01",17,3.28689575451876,2.36959028641639,0.705882352941177,"0"
"P000332","|ZATU737xGAR|# _ ISZ~b _ TAG~a2# _ SANGA~a# _ 1(N01) _ 1(N01) _ MUSZ3~a _ ME~a# _ 1(N01) _ BU~a _ NUN~a#","|ZATU737xGAR| _ ISZ~b _ TAG~a2 _ SANGA~a _ N01 _ N01 _ MUSZ3~a _ ME~a _ N01 _ BU~a _ NUN~a",11,3.02716911844062,2.03391354384296,0.818181818181818,"0.1"
"P000333","GAL~a _ GAR# _ GAL~a _ GUG2 _ GUG2#","GAL~a _ GAR _ GAL~a _ GUG2 _ GUG2",5,1.52192809488736,0.990689059560852,0.6,"0.25"
"P000334","GAL~a# _ UMUN2# _ ERIN# _ UMUN2# _ SANGA~a# _ UMUN2# _ GAL~a _ UMUN2","GAL~a _ UMUN2 _ ERIN _ UMUN2 _ SANGA~a _ UMUN2 _ GAL~a _ UMUN2",8,1.75,1.20439460249854,0.5,"0"
"P000335","KINGAL# _ GAL~a# _ TE _ 1(N01)# _ GAL~a _ 1(N01)# _ GADA~a _ 1(N01)","KINGAL _ GAL~a _ TE _ N01 _ GAL~a _ N01 _ GADA~a _ N01",8,2.15563906222957,1.41822034007288,0.625,"0"
"P000336","1(N01)# _ NAM2 _ ERIN _ GAL~a _ LA2 _ NAM2# _ APIN~a#","N01 _ NAM2 _ ERIN _ GAL~a _ LA2 _ NAM2 _ APIN~a",7,2.52164063634332,1.57238953828953,0.857142857142857,"0"
"P000337","1(N01) _ SANGA~a# _ NUN~a _ 1(N01) _ GAL~a","N01 _ SANGA~a _ NUN~a _ N01 _ GAL~a",5,1.92192809488736,1.1813781191217,0.8,"0"
"P000338","GAL~a# _ GISZGAL# _ GAL~a# _ |ZATU737xDI| _ 1(N01)","GAL~a _ GISZGAL _ GAL~a _ |ZATU737xDI| _ N01",5,1.92192809488736,1.22288186904959,0.8,"0"
"P000339","1(N01) _ BU~a# _ SZAB~a# _ 1(N01) _ NESAG2~a#","N01 _ BU~a _ SZAB~a _ N01 _ NESAG2~a",5,1.92192809488736,1.1813781191217,0.8,"0"
"P000340","1(N01)# _ 1(N01) _ GAL~a# _ 1(N01) _ SZAB~a# _ 1(N01) _ SZAB~a# _ 1(N01)# _ GAL~a#","N01 _ N01 _ GAL~a _ N01 _ SZAB~a _ N01 _ SZAB~a _ N01 _ GAL~a",9,1.43552050428267,1.08769913747288,0.333333333333333,"0.125"
"P000341","1(N01) _ DUB~a# _ SANGA~a# _ 1(N01) _ SAG#","N01 _ DUB~a _ SANGA~a _ N01 _ SAG",5,1.92192809488736,1.1813781191217,0.8,"0"
"P000342","1(N01) _ SANGA~a _ |ZATU737xU4|# _ 1(N01) _ SANGA~a _ |ZATU737xSAL|# _ 1(N01)","N01 _ SANGA~a _ |ZATU737xU4| _ N01 _ SANGA~a _ |ZATU737xSAL| _ N01",7,1.84237099317711,1.20017616808307,0.571428571428571,"0"
"P000343","TAG~a1# _ GAL~a# _ SANGA~a _ SANGA~a# _ 1(N01) _ GAL~a# _ 1(N01) _ GAL~a# _ 1(N01) _ ENGIZ#","TAG~a1 _ GAL~a _ SANGA~a _ SANGA~a _ N01 _ GAL~a _ N01 _ GAL~a _ N01 _ ENGIZ",10,2.17095059445467,1.40420474155968,0.5,"0.111111111111111"
"P000344","SUKKAL# _ 1(N01)# _ GAL~a _ GA~a# _ 1(N01) _ SIG2~b# _ GA~a#","SUKKAL _ N01 _ GAL~a _ GA~a _ N01 _ SIG2~b _ GA~a",7,2.23592635062903,1.39065235855926,0.714285714285714,"0"
"P000345","1(N01) _ NAMESZDA# _ 1(N01) _ NAM2# _ KAB# _ 1(N01) _ NAM2# _ DI","N01 _ NAMESZDA _ N01 _ NAM2 _ KAB _ N01 _ NAM2 _ DI",8,2.15563906222957,1.42246762164797,0.625,"0"
"P000346","1(N01) _ UNUG~a# _ 1(N01) _ SZU _ UKKIN~a _ 1(N01) _ GAL~a _ NAR# _ 1(N01) _ GAL~a _ BALAG# _ 1(N01) _ GAL~a#","N01 _ UNUG~a _ N01 _ SZU _ UKKIN~a _ N01 _ GAL~a _ NAR _ N01 _ GAL~a _ BALAG _ N01 _ GAL~a",13,2.44162987378722,1.7258838623235,0.538461538461538,"0"
"P000347","1(N01) _ SANGA~a# _ NUN~a _ ME~a _ 1(N01) _ NUN~a _ SANGA~a# _ 1(N01) _ ENKUM#","N01 _ SANGA~a _ NUN~a _ ME~a _ N01 _ NUN~a _ SANGA~a _ N01 _ ENKUM",9,2.19715972342415,1.45689002899961,0.555555555555556,"0"
"P000348","GAL~a# _ GAL~a#","GAL~a _ GAL~a",2,0,0.25,0.5,"1"
"P000349","MUSZ3~a# _ ME~a _ SANGA~a# _ 1(N01) _ 1(N01) _ 1(N01) _ 1(N01)","MUSZ3~a _ ME~a _ SANGA~a _ N01 _ N01 _ N01 _ N01",7,1.66449777920046,1.14446545372867,0.571428571428571,"0.5"
"P000350","ISZ~b# _ TAG~a1# _ GAL~a# _ SANGA~a _ SANGA~a","ISZ~b _ TAG~a1 _ GAL~a _ SANGA~a _ SANGA~a",5,1.92192809488736,1.14918530963297,0.8,"0.25"
"P000351","1(N01) _ GAL~a# _ 1(N01) _ GAL~a#","N01 _ GAL~a _ N01 _ GAL~a",4,1,0.63208020839343,0.5,"0"
"P000352","1(N01) _ GAL~a# _ |1(N58).BAD~a|# _ 1(N01) _ EN~a# _ IB~a#","N01 _ GAL~a _ |1(N58).BAD~a| _ N01 _ EN~a _ IB~a",6,2.25162916738782,1.41530884938828,0.833333333333333,"0"
"P000353","1(N01) _ 1(N01) _ GAL~a _ 1(N01)","N01 _ N01 _ GAL~a _ N01",4,0.811278124459133,0.771240625180289,0.5,"0.333333333333333"
"P000354","1(N01) _ GAL~a# _ 1(N01) _ GAL~a","N01 _ GAL~a _ N01 _ GAL~a",4,1,0.63208020839343,0.5,"0"
"P000355","1(N01) _ GAL~a# _ SZA _ 1(N01) _ GAL~a# _ ERIN#","N01 _ GAL~a _ SZA _ N01 _ GAL~a _ ERIN",6,1.91829583405449,1.16625928592544,0.666666666666667,"0"
"P000356","1(N01) _ MUSZ3~a# _ 1(N01) _ BU~a _ NUN~a _ ME~a#","N01 _ MUSZ3~a _ N01 _ BU~a _ NUN~a _ ME~a",6,2.25162916738782,1.44989530766152,0.833333333333333,"0"
"P000357","1(N01) _ SZA# _ 1(N01) _ GAL~a# _ ERIN _ 1(N01) _ GAL~a# _ GISZGAL _ 1(N01)#","N01 _ SZA _ N01 _ GAL~a _ ERIN _ N01 _ GAL~a _ GISZGAL _ N01",9,2.0588138903312,1.44052260821166,0.555555555555556,"0"
"P000358","1(N01) _ AK~a# _ 1(N01) _ IM~b# _ 1(N01) _ TUR# _ 1(N01) _ SZA# _ 1(N01) _ 1(N01) _ 1(N01)","N01 _ AK~a _ N01 _ IM~b _ N01 _ TUR _ N01 _ SZA _ N01 _ N01 _ N01",11,1.67293303187337,1.53797523791252,0.454545454545455,"0.2"
"P000359","1(N01) _ GAL~a _ SUKKAL#","N01 _ GAL~a _ SUKKAL",3,1.58496250072116,0.861654166907052,1,"0"
"P000361","1(N34)# _ 1(N01) _ MUSZEN# _ 1(N01) _ ISZ~b _ 1(N01) _ 1(N14)# _ SUHUR# _ 1(N14)# _ KAR2~b# _ 3(N01)# _ KAD4~a#","N34 _ N01 _ MUSZEN _ N01 _ ISZ~b _ N01 _ N14 _ SUHUR _ N14 _ KAR2~b _ N01 N01 N01 _ KAD4~a",14,2.55665670746282,1.93524208603161,0.571428571428571,"0.153846153846154"
"P000362","1(N01) _ GAR# _ 1(N01) _ UB _ SZA3~a1 _ 5(N01)# _ MUNU3# _ 2(N01)# _ 1(N01)#","N01 _ GAR _ N01 _ UB _ SZA3~a1 _ N01 N01 N01 N01 N01 _ MUNU3 _ N01 N01 _ N01",14,1.4345491399952,1.43007167015156,0.357142857142857,"0.461538461538462"
"P000363","1(N14) _ GA~a# _ 1(N14) _ AB2# _ 1(N01) _ GU4#","N14 _ GA~a _ N14 _ AB2 _ N01 _ GU4",6,2.25162916738782,1.44989530766152,0.833333333333333,"0"
"P000364","1(N14) _ GARA2~a# _ 1(N14) _ 1(N14) _ AB2#","N14 _ GARA2~a _ N14 _ N14 _ AB2",5,1.37095059445467,1.02288186904959,0.6,"0.25"
"P000365","AD~a# _ 1(N01) _ AMAR _ GARA2~a _ SUHUR# _ 1(N01)#","AD~a _ N01 _ AMAR _ GARA2~a _ SUHUR _ N01",6,2.25162916738782,1.36656197432818,0.833333333333333,"0"
"P000366","MUNU3# _ 5(N01)# _ GAZI _ 5(N01)# _ HALUB _ 1(N01)#","MUNU3 _ N01 N01 N01 N01 N01 _ GAZI _ N01 N01 N01 N01 N01 _ HALUB _ N01",14,1.08923007884258,1.27479781767817,0.285714285714286,"0.615384615384615"
"P000367","NUN~a _ AD~a# _ 5(N01) _ MUNU3 _ GAZI#","NUN~a _ AD~a _ N01 N01 N01 N01 N01 _ MUNU3 _ GAZI",9,1.87996494872711,1.42157724019205,0.555555555555556,"0.5"
"P000368","KAL~a# _ AB2 _ 1(N14) _ 1(N01) _ MASZ2#","KAL~a _ AB2 _ N14 _ N01 _ MASZ2",5,2.32192809488736,1.3813781191217,1,"0"
"P000369","1(N01) _ PIRIG~b1# _ 1(N01) _ SZE3# _ 1(N01) _ 1(N01) _ SAL _ NE~a# _ 1(N01) _ EN~a _ GAN2 _ AD~a# _ 1(N01)","N01 _ PIRIG~b1 _ N01 _ SZE3 _ N01 _ N01 _ SAL _ NE~a _ N01 _ EN~a _ GAN2 _ AD~a _ N01",13,2.50738010242364,1.9888296957123,0.615384615384615,"0.0833333333333333"
"P000370","MUNU3# _ GAZI _ 1(N14) _ DA~a# _ 1(N14)","MUNU3 _ GAZI _ N14 _ DA~a _ N14",5,1.92192809488736,1.14918530963297,0.8,"0"
"P000371","U8# _ UDUNITA~a# _ UD5~a# _ 1(N14)# _ 1(N14) _ 3(N01) _ KAD4~a# _ 3(N01)#","U8 _ UDUNITA~a _ UD5~a _ N14 _ N14 _ N01 N01 N01 _ KAD4~a _ N01 N01 N01",12,2.12581458369391,1.51504988819322,0.5,"0.454545454545455"
"P000372","1(N01) _ 1(N01) _ GI# _ 1(N01)","N01 _ N01 _ GI _ N01",4,0.811278124459133,0.771240625180289,0.5,"0.333333333333333"
"P000373","1(N01) _ SZENNUR~a# _ 1(N01) _ GISZ# _ 1(N01) _ GI# _ 1(N01) _ GI# _ ZI~a# _ 1(N01) _ GI# _ ZI~a# _ SZE3 _ 1(N01) _ PIRIG~b1#","N01 _ SZENNUR~a _ N01 _ GISZ _ N01 _ GI _ N01 _ GI _ ZI~a _ N01 _ GI _ ZI~a _ SZE3 _ N01 _ PIRIG~b1",15,2.42257976184249,1.76208217971512,0.466666666666667,"0"
"P000374","UD5~a# _ MASZ2#","UD5~a _ MASZ2",2,1,0.5,1,"0"
"P000375","1(N01)# _ 1(N01) _ 1(N01) _ 1(N01) _ 1(N01) _ 1(N01)#","N01 _ N01 _ N01 _ N01 _ N01 _ N01",6,0,0.599129685927236,0.166666666666667,"1"
"P000376","GI# _ GI# _ 1(N01) _ GISZ _ 1(N01) _ GISZ _ KISZIK~a# _ 1(N01) _ GISZ _ KISZIK~a#","GI _ GI _ N01 _ GISZ _ N01 _ GISZ _ KISZIK~a _ N01 _ GISZ _ KISZIK~a",10,1.97095059445467,1.24263804193596,0.4,"0.111111111111111"
"P000377","1(N01) _ NAM2# _ 1(N01) _ GI# _ 1(N01)","N01 _ NAM2 _ N01 _ GI _ N01",5,1.37095059445467,0.990689059560852,0.6,"0"
"P000378","1(N01) _ SUH3 _ 1(N01) _ GU _ KU6~a _ GU _ AN _ KU6~a _ GU# _ 1(N01) _ 1(N01) _ NAGAR~a# _ AN _ 1(N01) _ NAGAR~a# _ 1(N01) _ NAGAR~a# _ 1(N01) _ NAGAR~a# _ 1(N34) _ 1(N14)","N01 _ SUH3 _ N01 _ GU _ KU6~a _ GU _ AN _ KU6~a _ GU _ N01 _ N01 _ NAGAR~a _ AN _ N01 _ NAGAR~a _ N01 _ NAGAR~a _ N01 _ NAGAR~a _ N34 _ N14",21,2.65868066294225,1.89388757438334,0.380952380952381,"0.05"
"P000379","1(N01)# _ SI# _ SZITA~a1# _ 1(N01)# _ DIM~c# _ SZITA~a1# _ 1(N01)# _ AGAR2 _ 1(N01)# _ ZATU786 _ AGAR2 _ DUB2# _ NAGAR~a# _ 1(N01) _ NAGAR~a# _ 1(N01) _ NAGAR~a# _ AN# _ ME~a _ 1(N01) _ NAGAR~a _ TAK4~a _ 1(N01) _ NAGAR~a _ AN _ TAK4~a _ 1(N01) _ NAGAR~a _ TAK4~a","N01 _ SI _ SZITA~a1 _ N01 _ DIM~c _ SZITA~a1 _ N01 _ AGAR2 _ N01 _ ZATU786 _ AGAR2 _ DUB2 _ NAGAR~a _ N01 _ NAGAR~a _ N01 _ NAGAR~a _ AN _ ME~a _ N01 _ NAGAR~a _ TAK4~a _ N01 _ NAGAR~a _ AN _ TAK4~a _ N01 _ NAGAR~a _ TAK4~a",29,2.96853314962856,2.05406099419081,0.379310344827586,"0"
"P000380","1(N01)# _ NAGAR~b# _ 1(N01) _ NAGAR~b# _ 1(N01) _ AN# _ 1(N01)# _ NAGAR~b#","N01 _ NAGAR~b _ N01 _ NAGAR~b _ N01 _ AN _ N01 _ NAGAR~b",8,1.40563906222957,1.04708737780305,0.375,"0"
"P000381","1(N01) _ GIR2~a _ AN _ UDU~a# _ 1(N01) _ GIR2~a _ AB2","N01 _ GIR2~a _ AN _ UDU~a _ N01 _ GIR2~a _ AB2",7,2.23592635062903,1.35125352925264,0.714285714285714,"0"
"P000382","NAGAR~b# _ AN _ 1(N01) _ NAGAR~b# _ SZITA~a1# _ 1(N01) _ NAGAR~b# _ AN# _ SZITA~a1#","NAGAR~b _ AN _ N01 _ NAGAR~b _ SZITA~a1 _ N01 _ NAGAR~b _ AN _ SZITA~a1",9,1.97493750120193,1.19881024858399,0.444444444444444,"0"
"P000383","TUN3~a# _ 1(N01) _ 1(N01) _ AN# _ 1(N01) _ USZ~a#","TUN3~a _ N01 _ N01 _ AN _ N01 _ USZ~a",6,1.79248125036058,1.25640129975424,0.666666666666667,"0.2"
"P000384","NI~a# _ DUG~b _ 1(N01) _ DUG~c _ 1(N01) _ |DUG~cx1(N57)|# _ 1(N01)# _ 1(N01)# _ 1(N01)# _ 1(N01)#","NI~a _ DUG~b _ N01 _ DUG~c _ N01 _ |DUG~cx1(N57)| _ N01 _ N01 _ N01 _ N01",10,1.77095059445467,1.39521722245059,0.5,"0.333333333333333"
"P000385","1(N01) _ NI~a# _ 1(N01)# _ DUG~b# _ 1(N01)#","N01 _ NI~a _ N01 _ DUG~b _ N01",5,1.37095059445467,0.990689059560852,0.6,"0"
"P000386","1(N01) _ |DUG~bxSI4~a| _ 1(N01) _ |DUG~bxGA~a|# _ 1(N01) _ |DUG~bxX|#","N01 _ |DUG~bxSI4~a| _ N01 _ |DUG~bxGA~a| _ N01 _ |DUG~bxX|",6,1.79248125036058,1.25640129975424,0.666666666666667,"0"
"P000387","|DUG~bxDIN| _ 1(N01) _ |GAN~cxDIN|# _ GAN~c#","|DUG~bxDIN| _ N01 _ |GAN~cxDIN| _ GAN~c",4,2,1.14624062518029,1,"0"
"P000388","1(N01) _ EN~a _ ZATU662# _ 1(N01) _ EN~a#","N01 _ EN~a _ ZATU662 _ N01 _ EN~a",5,1.52192809488736,0.882518642966301,0.6,"0"
"P000390","KISAL~b1# _ 1(N01) _ |AB~axZATU659| _ 1(N01)","KISAL~b1 _ N01 _ |AB~axZATU659| _ N01",4,1.5,0.896240625180289,0.75,"0"
"P000391","1(N01) _ 1(N01) _ EN~a# _ BA _ ZATU647 _ 1(N01) _ EN~a _ BA _ ZATU647 _ TUG2~a _ 1(N01) _ ILDUM~b# _ 1(N01)","N01 _ N01 _ EN~a _ BA _ ZATU647 _ N01 _ EN~a _ BA _ ZATU647 _ TUG2~a _ N01 _ ILDUM~b _ N01",13,2.34585198933826,1.59211619930662,0.461538461538462,"0.0833333333333333"
"P000392","1(N01) _ 1(N01) _ EN~a# _ BA _ ZATU647 _ TUG2~a _ 1(N01) _ ILDUM~b#","N01 _ N01 _ EN~a _ BA _ ZATU647 _ TUG2~a _ N01 _ ILDUM~b",8,2.40563906222957,1.67444131966981,0.75,"0.142857142857143"
"P000393","1(N01) _ 1(N01) _ 1(N01) _ ZABALAM~a#","N01 _ N01 _ N01 _ ZABALAM~a",4,0.811278124459133,0.823120312590145,0.5,"0.666666666666667"
"P000394","1(N01) _ 1(N01) _ KU6~a _ A _ 1(N01)","N01 _ N01 _ KU6~a _ A _ N01",5,1.37095059445467,1.04918530963297,0.6,"0.25"
"P000395","1(N01) _ AGAR2# _ 1(N01) _ ZATU786 _ AGAR2 _ 1(N01) _ AGAR2 _ DUB2","N01 _ AGAR2 _ N01 _ ZATU786 _ AGAR2 _ N01 _ AGAR2 _ DUB2",8,1.81127812445913,1.22897361374069,0.5,"0"
"P000396","1(N01) _ SAG _ DARA4~a1# _ 1(N01) _ 1(N01) _ U4 _ AL _ GU4# _ GU4","N01 _ SAG _ DARA4~a1 _ N01 _ N01 _ U4 _ AL _ GU4 _ GU4",9,2.41938194564637,1.63591183018497,0.666666666666667,"0.25"
"P000397","KAD4~a# _ 1(N14) _ UD5~a# _ 1(N01) _ MASZ2","KAD4~a _ N14 _ UD5~a _ N01 _ MASZ2",5,2.32192809488736,1.3813781191217,1,"0"
"P000398","1(N14)# _ U8# _ 1(N01) _ 1(N14)# _ UD5~a#","N14 _ U8 _ N01 _ N14 _ UD5~a",5,1.92192809488736,1.1813781191217,0.8,"0"
"P000399","1(N01) _ |NU11&NU11| _ KU6~a","N01 _ |NU11&NU11| _ KU6~a",3,1.58496250072116,0.861654166907052,1,"0"
"P000400","1(N01) _ AB2 _ 1(N01) _ AB2 _ 1(N01) _ AB2# _ 1(N01) _ GI _ 1(N01) _ GI _ BAR _ 1(N01) _ DARA4~a1","N01 _ AB2 _ N01 _ AB2 _ N01 _ AB2 _ N01 _ GI _ N01 _ GI _ BAR _ N01 _ DARA4~a1",13,1.98777337148798,1.51621226566371,0.384615384615385,"0"
"P000401","1(N14) _ 1(N01) _ KAL~a _ 1(N01) _ AMAR# _ 1(N14) _ 1(N14)","N14 _ N01 _ KAL~a _ N01 _ AMAR _ N14 _ N14",7,1.84237099317711,1.22900704385684,0.571428571428571,"0.166666666666667"
"P000402","AB2# _ 1(N01) _ 1(N01) _ 1(N01)","AB2 _ N01 _ N01 _ N01",4,0.811278124459133,0.698120312590145,0.5,"0.666666666666667"
"P000403","AB2# _ AB2# _ 1(N01) _ GI6 _ GU4# _ 1(N01) _ SZU _ GU4# _ 1(N01) _ SZU#","AB2 _ AB2 _ N01 _ GI6 _ GU4 _ N01 _ SZU _ GU4 _ N01 _ SZU",10,2.24643934467102,1.39743324826178,0.5,"0.111111111111111"
"P000404","AB2# _ AB2# _ 1(N01) _ 1(N01) _ SIG7 _ DU8~c@g# _ GU4# _ 1(N01) _ SIG7 _ DU8~c@g _ GI6 _ GU4# _ 1(N01) _ SZAH2~a _ GU4# _ ZAG~a# _ GU4#","AB2 _ AB2 _ N01 _ N01 _ SIG7 _ DU8~c@g _ GU4 _ N01 _ SIG7 _ DU8~c@g _ GI6 _ GU4 _ N01 _ SZAH2~a _ GU4 _ ZAG~a _ GU4",17,2.79334519419152,1.91623437361257,0.470588235294118,"0.125"
"P000405","GU4# _ GU4 _ GU4 _ 1(N01) _ 1(N01) _ 3(N57) _ 1(N01)","GU4 _ GU4 _ GU4 _ N01 _ N01 _ N57 N57 N57 _ N01",9,1.58496250072116,1.28078308447504,0.333333333333333,"0.625"
"P000406","AMAR# _ AMAR _ AMAR","AMAR _ AMAR _ AMAR",3,0,0.430827083453526,0.333333333333333,"1"
"P000407","GU4 _ AMAR _ AMAR#","GU4 _ AMAR _ AMAR",3,0.918295834054489,0.597493750120193,0.666666666666667,"0.5"
"P000408","MUSZEN# _ MUSZEN# _ 1(N01) _ MUSZ# _ 1(N01) _ NIN# _ X# _ 1(N01)","MUSZEN _ MUSZEN _ N01 _ MUSZ _ N01 _ NIN _ X _ N01",8,2.15563906222957,1.51728049636795,0.625,"0.142857142857143"
"P000409","MUSZEN# _ 1(N01@f) _ MUSZEN# _ 1(N01@f) _ MUSZEN# _ MUSZEN# _ 1(N01@f) _ MUSZEN# _ 1(N01@f) _ MUSZEN#","MUSZEN _ N01@f _ MUSZEN _ N01@f _ MUSZEN _ MUSZEN _ N01@f _ MUSZEN _ N01@f _ MUSZEN",10,0.970950594454669,0.781585533014023,0.2,"0.111111111111111"
"P000411","1(N34) _ 2(N14)#","N34 _ N14 N14",3,0.918295834054489,0.597493750120193,0.666666666666667,"0.5"
"P000413","1(N01) _ PAP~a","N01 _ PAP~a",2,1,0.5,1,"0"
"P000415","SZITA~a3 _ KI _ KI","SZITA~a3 _ KI _ KI",3,0.918295834054489,0.597493750120193,0.666666666666667,"0.5"
"P000416","1(N02) _ 1(N01) _ 1(N01) _ AN _ KI _ LAGAB~b _ ME~a _ 1(N01) _ |DU8~cxUDU~a| _ 1(N01) _ GI# _ 1(N01) _ 1(N01) _ 1(N01) _ 1(N01) _ DU# _ 1(N01) _ DU# _ 1(N01)","N02 _ N01 _ N01 _ AN _ KI _ LAGAB~b _ ME~a _ N01 _ |DU8~cxUDU~a| _ N01 _ GI _ N01 _ N01 _ N01 _ N01 _ DU _ N01 _ DU _ N01",19,2.39428114771339,1.88550025357615,0.473684210526316,"0.222222222222222"
"P000417","1(N01) _ 4(N01) _ AN _ AMA~a _ SAG _ |NINDA2x(AN.X)|# _ SAR~a# _ MUSZEN _ SAR~a _ 1(N01) _ 1(N01) _ 1(N01)","N01 _ N01 N01 N01 N01 _ AN _ AMA~a _ SAG _ |NINDA2x(AN.X)| _ SAR~a _ MUSZEN _ SAR~a _ N01 _ N01 _ N01",15,2.17355726227519,1.80931389803216,0.466666666666667,"0.428571428571429"
"P000418","1(N01) _ 1(N01) _ GAL~a# _ 1(N01) _ 1(N01)# _ 1(N01)# _ 1(N34)# _ EN~a","N01 _ N01 _ GAL~a _ N01 _ N01 _ N01 _ N34 _ EN~a",8,1.5487949406954,1.32818017142939,0.5,"0.428571428571429"
"P000419","1(N01) _ 1(N01) _ DU _ DU# _ 1(N01) _ NINDA2#","N01 _ N01 _ DU _ DU _ N01 _ NINDA2",6,1.45914791702725,1.13848150814767,0.5,"0.4"
"P000420","BARA3# _ KI _ 1(N01) _ 1(N01) _ 1(N01) _ SI _ 1(N01) _ MUD3~a# _ 1(N01) _ 1(N01)","BARA3 _ KI _ N01 _ N01 _ N01 _ SI _ N01 _ MUD3~a _ N01 _ N01",10,1.77095059445467,1.44521722245059,0.5,"0.333333333333333"
"P000422","GUN3~b# _ BARA3 _ 1(N01) _ 1(N01) _ 1(N01) _ SZE~a#","GUN3~b _ BARA3 _ N01 _ N01 _ N01 _ SZE~a",6,1.79248125036058,1.221814841481,0.666666666666667,"0.4"
"P000424","1(N01) _ 1(N01) _ 1(N01)","N01 _ N01 _ N01",3,0,0.430827083453526,0.333333333333333,"1"
"P000425","1(N01)# _ ME~a _ 1(N01) _ SUHUR#","N01 _ ME~a _ N01 _ SUHUR",4,1.5,0.948120312590145,0.75,"0"
"P000426","1(N01) _ 1(N01)","N01 _ N01",2,0,0.25,0.5,"1"
"P000427","IM~a _ IM~a _ GI#","IM~a _ IM~a _ GI",3,0.918295834054489,0.694987500240385,0.666666666666667,"0.5"
"P000429","1(N01)# _ 1(N01)","N01 _ N01",2,0,0.25,0.5,"1"
"P000430","1(N01) _ KI _ SAG _ AD~a# _ 1(N01) _ U4 _ DU _ HAL _ ABGAL _ AD~a# _ 5(N01) _ MUNU3 _ 5(N01)# _ GAZI#","N01 _ KI _ SAG _ AD~a _ N01 _ U4 _ DU _ HAL _ ABGAL _ AD~a _ N01 N01 N01 N01 N01 _ MUNU3 _ N01 N01 N01 N01 N01 _ GAZI",22,2.41308843642576,1.86668921009447,0.454545454545455,"0.380952380952381"
"P000431","1(N01) _ GISZ _ NAM2 _ 1(N01) _ GISZ _ NU11 _ 1(N01) _ GISZ _ KIN2~c _ 1(N01) _ GI6 _ GISZ _ KIN2~c _ 1(N01) _ |SZE~a.KIN2~c| _ GISZ _ 1(N01) _ DUB~b _ GISZ _ GISZ# _ A _ 1(N01) _ SI _ GISZ _ 1(N01) _ GESZTIN~a _ GISZ _ 1(N01) _ GESZTIN~a _ DUR2# _ GISZ _ 1(N01) _ GISZ# _ MUSZEN _ 1(N01) _ ALIM# _ GISZ _ 1(N01) _ GISZ _ LAM~a _ 1(N01) _ GISZ _ KUR@g~a _ 1(N01) _ 1(N01) _ GISZ# _ 1(N01) _ GISZ _ 1(N01) _ GISZ _ DIN _ 1(N01) _ GISZ _ MA# _ 1(N01) _ HASZHUR _ GISZ _ 1(N01) _ |(GISZx(DIN.DIN))~a| _ GISZ _ 1(N01) _ BU~a _ GISZ _ GI _ 1(N01) _ BU~a _ ZATU633~a _ GISZ _ GI _ 1(N01) _ BU~a _ MES _ GISZ _ GI _ 1(N01) _ GISZ# _ MES# _ RU# _ 1(N01) _ GISZ _ MES# _ MES# _ 1(N01) _ ZATU633~a# _ MES _ GISZ _ 1(N01) _ GISZ _ A _ 1(N01) _ 3(N57)# _ SZU _ SU~a _ GISZ _ 1(N01) _ 3(N57)# _ GISZ _ |KU6~a+KU6~a|# _ 1(N01) _ GISZ _ ANSZE~b# _ LUM _ 1(N01) _ GISZ _ KISZIK~a _ U2~b _ 1(N01)# _ 1(N01)# _ SZA# _ GAL~a _ GISZ _ 1(N01) _ SZA _ SZU _ GISZ _ 1(N01) _ GISZ# _ LI# _ 1(N01) _ ERIM~a# _ GISZ _ 1(N01) _ U4 _ GISZ# _ 1(N01) _ IN~b# _ HI# _ GISZ# _ 1(N01) _ IN~b _ HI _ GISZ _ 1(N01) _ IN~b# _ HI# _ GISZ# _ 1(N01) _ BA _ SZE3 _ U2~b _ 1(N01) _ MASZ _ URUDU~a# _ GISZ# _ 1(N01)# _ GISZ _ 1(N01) _ GUL _ BU~a _ GISZ _ 1(N01) _ GISZIMMAR~a2 _ 1(N01) _ GESZTU~a _ GISZ _ 1(N01) _ GESZTU~a# _ 1(N01) _ NAGA~a# _ GISZ _ 1(N01) _ ALIM# _ GISZ _ NUN~a# _ 1(N01) _ NAM2# _ E2~a# _ 1(N01) _ GISZ@t _ E2~a _ 1(N01) _ GISZ _ PU2 _ 1(N01) _ GISZ _ KI# _ 1(N01) _ UR4~b _ GISZ _ SIG# _ 1(N01) _ GISZ _ LISZ _ 1(N01) _ BANSZUR~b1 _ GISZ _ 1(N01) _ GISZ _ AD~a _ 1(N01) _ GISZ _ 1(N01) _ BAD _ GISZ _ 1(N01) _ TAG~b# _ SZU# _ GISZ _ 1(N01) _ SI _ TAG~b _ GISZ# _ 1(N01) _ SI _ KAK~a _ GISZ _ 1(N01) _ AL _ 1(N34)","N01 _ GISZ _ NAM2 _ N01 _ GISZ _ NU11 _ N01 _ GISZ _ KIN2~c _ N01 _ GI6 _ GISZ _ KIN2~c _ N01 _ |SZE~a.KIN2~c| _ GISZ _ N01 _ DUB~b _ GISZ _ GISZ _ A _ N01 _ SI _ GISZ _ N01 _ GESZTIN~a _ GISZ _ N01 _ GESZTIN~a _ DUR2 _ GISZ _ N01 _ GISZ _ MUSZEN _ N01 _ ALIM _ GISZ _ N01 _ GISZ _ LAM~a _ N01 _ GISZ _ KUR@g~a _ N01 _ N01 _ GISZ _ N01 _ GISZ _ N01 _ GISZ _ DIN _ N01 _ GISZ _ MA _ N01 _ HASZHUR _ GISZ _ N01 _ |(GISZx(DIN.DIN))~a| _ GISZ _ N01 _ BU~a _ GISZ _ GI _ N01 _ BU~a _ ZATU633~a _ GISZ _ GI _ N01 _ BU~a _ MES _ GISZ _ GI _ N01 _ GISZ _ MES _ RU _ N01 _ GISZ _ MES _ MES _ N01 _ ZATU633~a _ MES _ GISZ _ N01 _ GISZ _ A _ N01 _ N57 N57 N57 _ SZU _ SU~a _ GISZ _ N01 _ N57 N57 N57 _ GISZ _ |KU6~a+KU6~a| _ N01 _ GISZ _ ANSZE~b _ LUM _ N01 _ GISZ _ KISZIK~a _ U2~b _ N01 _ N01 _ SZA _ GAL~a _ GISZ _ N01 _ SZA _ SZU _ GISZ _ N01 _ GISZ _ LI _ N01 _ ERIM~a _ GISZ _ N01 _ U4 _ GISZ _ N01 _ IN~b _ HI _ GISZ _ N01 _ IN~b _ HI _ GISZ _ N01 _ IN~b _ HI _ GISZ _ N01 _ BA _ SZE3 _ U2~b _ N01 _ MASZ _ URUDU~a _ GISZ _ N01 _ GISZ _ N01 _ GUL _ BU~a _ GISZ _ N01 _ GISZIMMAR~a2 _ N01 _ GESZTU~a _ GISZ _ N01 _ GESZTU~a _ N01 _ NAGA~a _ GISZ _ N01 _ ALIM _ GISZ _ NUN~a _ N01 _ NAM2 _ E2~a _ N01 _ GISZ@t _ E2~a _ N01 _ GISZ _ PU2 _ N01 _ GISZ _ KI _ N01 _ UR4~b _ GISZ _ SIG _ N01 _ GISZ _ LISZ _ N01 _ BANSZUR~b1 _ GISZ _ N01 _ GISZ _ AD~a _ N01 _ GISZ _ N01 _ BAD _ GISZ _ N01 _ TAG~b _ SZU _ GISZ _ N01 _ SI _ TAG~b _ GISZ _ N01 _ SI _ KAK~a _ GISZ _ N01 _ AL _ N34",213,4.06018209062348,3.55498600983343,0.295774647887324,"0.0377358490566038"
"P000432","1(N01) _ KISZ _ KISZ _ KISZ _ KISZ _ KISZ _ KISZ _ SAG","N01 _ KISZ _ KISZ _ KISZ _ KISZ _ KISZ _ KISZ _ SAG",8,1.06127812445913,1.03812019608562,0.375,"0.714285714285714"
"P000433","NUN~a# _ I# _ 1(N01) _ TUM~a# _ 1(N01)# _ UB _ 1(N01) _ KITI _ 1(N01) _ NI2 _ 1(N01) _ URI3~a _ E2~b _ IR~a# _ E2~a _ ERIM2# _ TUR# _ MUSZEN# _ 1(N01) _ GIBIL6 _ 1(N01) _ 1(N01)# _ U4# _ UR2# _ 1(N01) _ 1(N01) _ AN _ NE~a _ AN _ E2~b# _ 1(N01) _ NINLIL# _ 1(N01) _ 1(N01) _ E2~a# _ GISZIMMAR~a2# _ 1(N01) _ AB~a@g _ 1(N01) _ BU~a _ E2~b# _ 1(N01)# _ 1(N01)# _ 1(N01) _ 1(N01) _ AN _ SI _ 1(N01) _ AN _ EZINU~d _ 1(N01) _ BAPPIR~b _ 1(N01) _ 1(N01) _ BAHAR2~b _ E2~a _ NUNUZ~a1 _ 1(N01) _ TILLA2 _ 1(N01) _ AN _ AN _ E2~a _ 1(N01) _ DAR~a _ NESAG2~b","NUN~a _ I _ N01 _ TUM~a _ N01 _ UB _ N01 _ KITI _ N01 _ NI2 _ N01 _ URI3~a _ E2~b _ IR~a _ E2~a _ ERIM2 _ TUR _ MUSZEN _ N01 _ GIBIL6 _ N01 _ N01 _ U4 _ UR2 _ N01 _ N01 _ AN _ NE~a _ AN _ E2~b _ N01 _ NINLIL _ N01 _ N01 _ E2~a _ GISZIMMAR~a2 _ N01 _ AB~a@g _ N01 _ BU~a _ E2~b _ N01 _ N01 _ N01 _ N01 _ AN _ SI _ N01 _ AN _ EZINU~d _ N01 _ BAPPIR~b _ N01 _ N01 _ BAHAR2~b _ E2~a _ NUNUZ~a1 _ N01 _ TILLA2 _ N01 _ AN _ AN _ E2~a _ N01 _ DAR~a _ NESAG2~b",66,3.76445328332574,3.18245522789558,0.46969696969697,"0.123076923076923"
"P000434","1(N01) _ 1(N01) _ 1(N01) _ KID~a _ 1(N01) _ 1(N45) _ GAL~a _ 1(N01) _ 1(N45) _ 1(N01) _ 1(N01) _ 1(N01) _ U4# _ 1(N01) _ |GI&GI|# _ 1(N01) _ 1(N01) _ 1(N01) _ DA~a# _ PA~a# _ 1(N01) _ GU _ AL# _ 1(N01) _ TUR _ GU _ AL# _ 1(N01) _ 1(N01)","N01 _ N01 _ N01 _ KID~a _ N01 _ N45 _ GAL~a _ N01 _ N45 _ N01 _ N01 _ N01 _ U4 _ N01 _ |GI&GI| _ N01 _ N01 _ N01 _ DA~a _ PA~a _ N01 _ GU _ AL _ N01 _ TUR _ GU _ AL _ N01 _ N01",29,2.4441878916793,2.19455690208867,0.379310344827586,"0.25"
"P000437","BAR# _ PIRIG~b1 _ 1(N01) _ SU~a _ |1(N57).SZAH2~a| _ 1(N01) _ UDU~a _ SZITA~a1 _ 1(N01) _ DARA3~c _ 1(N01) _ 1(N01)","BAR _ PIRIG~b1 _ N01 _ SU~a _ |1(N57).SZAH2~a| _ N01 _ UDU~a _ SZITA~a1 _ N01 _ DARA3~c _ N01 _ N01",12,2.61749246118476,1.86965120194287,0.666666666666667,"0.0909090909090909"
"P000439","1(N01) _ HI _ IM~a# _ 1(N01) _ GI# _ 5(N57)# _ IM~a# _ 1(N01) _ U4 _ 1(N01) _ IM~a _ KI _ 1(N01) _ SIG _ 1(N01) _ U4 _ GI6 _ 1(N01) _ U4 _ 2(N08)#","N01 _ HI _ IM~a _ N01 _ GI _ N57 N57 N57 N57 N57 _ IM~a _ N01 _ U4 _ N01 _ IM~a _ KI _ N01 _ SIG _ N01 _ U4 _ GI6 _ N01 _ U4 _ N08 N08",25,2.93302019244805,2.11817545528469,0.4,"0.208333333333333"
"P000440","NI~a# _ 1(N01) _ DUG~b _ 1(N01) _ DUG~c _ 1(N01) _ NI~b _ 1(N01) _ 1(N01) _ NE~a# _ 1(N01) _ 1(N01) _ 1(N01) _ |DUG~bxSZE~a| _ 1(N01) _ |DUG~bxBALA~a|# _ 1(N01) _ |DUG~bxKASKAL| _ 1(N01) _ KASZ~b _ 1(N01)# _ |DUG~bxX|# _ |DUG~bxX|# _ 1(N01) _ |DUG~bx(SZE~a.NAM2)| _ 1(N01) _ |DUG~bx(1(N57).KU3~a)| _ 1(N01) _ |DUG~bxSIG2~a1| _ 1(N01) _ |DUG~bxSIG7| _ 1(N01) _ |DUG~bxX|# _ 1(N01) _ |DUG~bxKUR@g~a|# _ 1(N01) _ |DUG~bxLAM~a| _ 1(N01) _ |DUG~bxKUR~a| _ 1(N01) _ |DUG~bxGISZ| _ 1(N01) _ |DUG~bxX|# _ 1(N01) _ |DUG~bxX|#","NI~a _ N01 _ DUG~b _ N01 _ DUG~c _ N01 _ NI~b _ N01 _ N01 _ NE~a _ N01 _ N01 _ N01 _ |DUG~bxSZE~a| _ N01 _ |DUG~bxBALA~a| _ N01 _ |DUG~bxKASKAL| _ N01 _ KASZ~b _ N01 _ |DUG~bxX| _ |DUG~bxX| _ N01 _ |DUG~bx(SZE~a.NAM2)| _ N01 _ |DUG~bx(1(N57).KU3~a)| _ N01 _ |DUG~bxSIG2~a1| _ N01 _ |DUG~bxSIG7| _ N01 _ |DUG~bxX| _ N01 _ |DUG~bxKUR@g~a| _ N01 _ |DUG~bxLAM~a| _ N01 _ |DUG~bxKUR~a| _ N01 _ |DUG~bxGISZ| _ N01 _ |DUG~bxX| _ N01 _ |DUG~bxX|",45,2.92181830824638,2.73614329621024,0.422222222222222,"0.0909090909090909"
"P000441","|DUG~bxX|# _ |DUG~bxX|# _ |DUG~bxX|# _ 1(N01)# _ |DUG~bxX|# _ 1(N01)# _ |DUG~bxNAGA~a|# _ |DUG~bxX|# _ 1(N01) _ |DUG~bx(SZE~a.NAM2)| _ 1(N01) _ 1(N01) _ 1(N01) _ |DUG~bxSIG7| _ 1(N01) _ |DUG~bxSIG2~a2| _ |DUG~bxHI| _ 1(N01) _ 1(N01) _ |DUG~bxSI4~a|# _ 1(N01) _ SZAKIR~a#","|DUG~bxX| _ |DUG~bxX| _ |DUG~bxX| _ N01 _ |DUG~bxX| _ N01 _ |DUG~bxNAGA~a| _ |DUG~bxX| _ N01 _ |DUG~bx(SZE~a.NAM2)| _ N01 _ N01 _ N01 _ |DUG~bxSIG7| _ N01 _ |DUG~bxSIG2~a2| _ |DUG~bxHI| _ N01 _ N01 _ |DUG~bxSI4~a| _ N01 _ SZAKIR~a",22,2.42175337212319,2.17206005509068,0.409090909090909,"0.238095238095238"
"P000442","1(N01) _ U4 _ 1(N01)# _ |DUG~bxX|# _ 1(N01) _ |DUG~bx(SZE~a.NAM2)| _ 1(N01) _ |DUG~bx(1(N57).KU3~a)| _ 1(N01)#","N01 _ U4 _ N01 _ |DUG~bxX| _ N01 _ |DUG~bx(SZE~a.NAM2)| _ N01 _ |DUG~bx(1(N57).KU3~a)| _ N01",9,1.87996494872711,1.50300530669726,0.555555555555556,"0"
"P000443","UMUN2# _ KU3~a _ UMUN2# _ KU3~a _ AK~a# _ |ZATU737xX|# _ 1(N01) _ 1(N01) _ GAL~a# _ 1(N01) _ GAL~a","UMUN2 _ KU3~a _ UMUN2 _ KU3~a _ AK~a _ |ZATU737xX| _ N01 _ N01 _ GAL~a _ N01 _ GAL~a",11,2.48171457298607,1.61359241154211,0.545454545454545,"0.1"
"P000445","NAGAR~b# _ NAGAR~b _ AN _ NAGAR~b# _ TAK4~a _ NAGAR~b# _ 1(N01)# _ AN _ NU _ 1(N01) _ NU# _ GIR~a# _ 1(N01) _ AN _ NU _ GIR~a# _ 1(N01)# _ 1(N01)#","NAGAR~b _ NAGAR~b _ AN _ NAGAR~b _ TAK4~a _ NAGAR~b _ N01 _ AN _ NU _ N01 _ NU _ GIR~a _ N01 _ AN _ NU _ GIR~a _ N01 _ N01",18,2.44106858595544,1.65473734819012,0.333333333333333,"0.117647058823529"
"P000446","SZU# _ 1(N14) _ 1(N14) _ UTUL~a _ 1(N14) _ BAN~b _ GI _ 1(N14) _ URI3~a _ 1(N14) _ EN~a _ DU _ PAP~a _ 1(N14) _ DA~a _ 1(N14) _ MUSZEN _ 1(N14) _ 3(N57) _ GAR _ 1(N14) _ 1(N14) _ NUN~a# _ PAP~a _ NUN~a# _ NAM2# _ 1(N14) _ NUN~a# _ 1(N14) _ EN~a _ HI _ AB2 _ 1(N14)","SZU _ N14 _ N14 _ UTUL~a _ N14 _ BAN~b _ GI _ N14 _ URI3~a _ N14 _ EN~a _ DU _ PAP~a _ N14 _ DA~a _ N14 _ MUSZEN _ N14 _ N57 N57 N57 _ GAR _ N14 _ N14 _ NUN~a _ PAP~a _ NUN~a _ NAM2 _ N14 _ NUN~a _ N14 _ EN~a _ HI _ AB2 _ N14",35,3.36884040722608,2.66768115398798,0.485714285714286,"0.117647058823529"
"P000450","GESZTU~b _ TE _ 1(N01) _ AMA~a _ UNUG~a _ 1(N01) _ ZATU687 _ GAL~a _ 1(N01) _ KUR~a _ E2~a _ 1(N01) _ 3(N57) _ TE _ 1(N01) _ MUSZEN","GESZTU~b _ TE _ N01 _ AMA~a _ UNUG~a _ N01 _ ZATU687 _ GAL~a _ N01 _ KUR~a _ E2~a _ N01 _ N57 N57 N57 _ TE _ N01 _ MUSZEN",18,3.14967344718674,2.181671248056,0.611111111111111,"0.117647058823529"
"P000451","RAD~a# _ AB~a# _ ME~a _ GAL~a# _ |1(N58).BAD~a| _ 1(N01)# _ SIG2~b _ GA~a _ 1(N01) _ GAL~a _ KISAL~b2 _ 1(N01) _ GAL~a _ NIM~a _ 1(N01) _ GAL~a _ SILA4~b# _ 1(N01)# _ 1(N01) _ GAL~a _ 1(N01) _ GAL~a#","RAD~a _ AB~a _ ME~a _ GAL~a _ |1(N58).BAD~a| _ N01 _ SIG2~b _ GA~a _ N01 _ GAL~a _ KISAL~b2 _ N01 _ GAL~a _ NIM~a _ N01 _ GAL~a _ SILA4~b _ N01 _ N01 _ GAL~a _ N01 _ GAL~a",22,2.86119255233138,2.07284600799555,0.5,"0.0476190476190476"
"P000453","1(N01) _ SIG2~b _ 1(N01) _ 1(N01) _ SUG5 _ 1(N01)","N01 _ SIG2~b _ N01 _ N01 _ SUG5 _ N01",6,1.25162916738782,1.06781509926809,0.5,"0.2"
"P000454","1(N01) _ BU~a _ SZA3~a1 _ 1(N01) _ SI _ AN _ PAP~a _ 1(N01) _ DU _ AN# _ SZUBUR# _ 1(N01)# _ TAK4~a _ SI4~a#","N01 _ BU~a _ SZA3~a1 _ N01 _ SI _ AN _ PAP~a _ N01 _ DU _ AN _ SZUBUR _ N01 _ TAK4~a _ SI4~a",14,3.09306920777189,2.1707003268907,0.714285714285714,"0"
"P000455","GISZ# _ NU11# _ 1(N01) _ GISZ# _ KIN2~c# _ 1(N01) _ GISZ# _ GI6# _ KIN2~c# _ 1(N01) _ |SZE~a.KIN2~c|# _ GISZ# _ 1(N01) _ DUB~b# _ GISZ# _ 1(N01) _ GISZ# _ A _ 1(N01) _ GISZ# _ SI# _ GESZTIN~a# _ GISZ# _ 1(N01) _ GISZ# _ DIN# _ 1(N01) _ GISZ# _ MA _ 1(N01) _ GISZ# _ HASZHUR _ 1(N01) _ GISZ# _ NUN~a _ A# _ 1(N01) _ |(GISZx(DIN.DIN))~a| _ 1(N01) _ GISZ _ GI _ BU~a _ 1(N01) _ BU~a _ ZATU633~b _ GI _ GISZ# _ 1(N01) _ GISZ# _ GI# _ BU~a _ MES _ 1(N01) _ U4# _ MES _ GISZ# _ 1(N01)# _ GISZ# _ GI6# _ MES# _ 1(N01)# _ GISZ# _ RU# _ MES# _ 1(N01)# _ MES# _ MES# _ 1(N01)# _ ANSZE~b# _ 1(N01) _ LUM# _ ANSZE~b# _ 1(N01) _ KISZIK~a# _ U2~b _ GISZ# _ 1(N01) _ KISZIK~a _ U2~b _ AB~a _ 1(N01) _ GAL~a _ SZA _ 1(N01) _ SZU _ SZA _ 1(N01) _ LI _ 1(N01) _ ERIM~a# _ GISZ _ 1(N01) _ U4 _ GISZ _ 1(N01) _ IN~b _ HI# _ 1(N01) _ HI# _ 1(N01) _ 1(N01) _ GUL# _ BU~a# _ 1(N01) _ GISZIMMAR~a2# _ 1(N01) _ GESZTU~a _ 1(N01) _ 1(N01) _ NAGA~a# _ 1(N01) _ 1(N01) _ 1(N34) _ 3(N14) _ NAMESZDA _ E2~b _ ZATU648#","GISZ _ NU11 _ N01 _ GISZ _ KIN2~c _ N01 _ GISZ _ GI6 _ KIN2~c _ N01 _ |SZE~a.KIN2~c| _ GISZ _ N01 _ DUB~b _ GISZ _ N01 _ GISZ _ A _ N01 _ GISZ _ SI _ GESZTIN~a _ GISZ _ N01 _ GISZ _ DIN _ N01 _ GISZ _ MA _ N01 _ GISZ _ HASZHUR _ N01 _ GISZ _ NUN~a _ A _ N01 _ |(GISZx(DIN.DIN))~a| _ N01 _ GISZ _ GI _ BU~a _ N01 _ BU~a _ ZATU633~b _ GI _ GISZ _ N01 _ GISZ _ GI _ BU~a _ MES _ N01 _ U4 _ MES _ GISZ _ N01 _ GISZ _ GI6 _ MES _ N01 _ GISZ _ RU _ MES _ N01 _ MES _ MES _ N01 _ ANSZE~b _ N01 _ LUM _ ANSZE~b _ N01 _ KISZIK~a _ U2~b _ GISZ _ N01 _ KISZIK~a _ U2~b _ AB~a _ N01 _ GAL~a _ SZA _ N01 _ SZU _ SZA _ N01 _ LI _ N01 _ ERIM~a _ GISZ _ N01 _ U4 _ GISZ _ N01 _ IN~b _ HI _ N01 _ HI _ N01 _ N01 _ GUL _ BU~a _ N01 _ GISZIMMAR~a2 _ N01 _ GESZTU~a _ N01 _ N01 _ NAGA~a _ N01 _ N01 _ N34 _ N14 N14 N14 _ NAMESZDA _ E2~b _ ZATU648",119,4.07122120519636,3.38735595315279,0.352941176470588,"0.0508474576271186"
"P000456","1(N01) _ 1(N01) _ 1(N01) _ |1(N57).SZUBUR| _ 1(N01) _ MAR~a@t _ SZUBUR _ 1(N01) _ SZUBUR _ 1(N01) _ 1(N01) _ SZUBUR _ ADAB _ 1(N01) _ SZUBUR _ LAL2~a# _ 1(N01)","N01 _ N01 _ N01 _ |1(N57).SZUBUR| _ N01 _ MAR~a@t _ SZUBUR _ N01 _ SZUBUR _ N01 _ N01 _ SZUBUR _ ADAB _ N01 _ SZUBUR _ LAL2~a _ N01",17,1.93867901695735,1.73071021293269,0.352941176470588,"0.1875"
"P000457","1(N01) _ 1(N14) _ KAR2~b _ 1(N14) _ U8# _ 1(N01) _ UDUNITA~a _ 5(N01)# _ 1(N14) _ 1(N14)#","N01 _ N14 _ KAR2~b _ N14 _ U8 _ N01 _ UDUNITA~a _ N01 N01 N01 N01 N01 _ N14 _ N14",14,1.83224888960023,1.45007338049494,0.357142857142857,"0.384615384615385"
"P000458","1(N01) _ AB2 _ 1(N01) _ AB2 _ 1(N01) _ AB2 _ 1(N01) _ E2~a# _ GU4# _ 1(N01) _ NE~a _ GU4# _ 1(N01) _ U4 _ GU4#","N01 _ AB2 _ N01 _ AB2 _ N01 _ AB2 _ N01 _ E2~a _ GU4 _ N01 _ NE~a _ GU4 _ N01 _ U4 _ GU4",15,2.23892059503159,1.67580862657294,0.4,"0"
"P000459","1(N01) _ GALGA~a# _ ME~a _ 1(N01) _ LAGAR~a# _ IB~a _ 1(N01) _ LAGAR~a# _ GAR _ 1(N01) _ GAL~a _ 1(N01) _ SZIDIM#","N01 _ GALGA~a _ ME~a _ N01 _ LAGAR~a _ IB~a _ N01 _ LAGAR~a _ GAR _ N01 _ GAL~a _ N01 _ SZIDIM",13,2.65354429703057,1.9008369004903,0.615384615384615,"0"
"P000460","GIR2~a _ AN# _ 1(N01) _ DIM~c _ 1(N01) _ AN _ DIM~c _ 1(N01) _ DIM~c _ SI _ SZIR~a _ SZITA~a1 _ 1(N01) _ AN _ DIM~c _ SI _ SZIR~a _ SZITA~a1 _ 1(N01) _ AGAR2 _ 1(N01)# _ 1(N01)#","GIR2~a _ AN _ N01 _ DIM~c _ N01 _ AN _ DIM~c _ N01 _ DIM~c _ SI _ SZIR~a _ SZITA~a1 _ N01 _ AN _ DIM~c _ SI _ SZIR~a _ SZITA~a1 _ N01 _ AGAR2 _ N01 _ N01",22,2.71368743879336,1.72065732909597,0.363636363636364,"0.0476190476190476"
"P000461","1(N01) _ GAL~a# _ 1(N01) _ NAM2 _ APIN~a _ 1(N01) _ |SZE~a.NAM2| _ 1(N01) _ PA~a# _ NAM2 _ RAD~a# _ 1(N01) _ AB~a _ ME~a# _ 1(N01) _ GAL~a _ |1(N58).BAD~a| _ 1(N01) _ EN~a# _ IB~a _ 1(N01) _ GAL~a _ SZITA~a1 _ 1(N01) _ ABGAL _ 1(N01) _ KINGAL _ 1(N01) _ GAL~a _ TE# _ SUKKAL# _ 1(N01)# _ 1(N01)# _ GAL~a# _ 1(N01)# _ 1(N01) _ GAL~a# _ 1(N01) _ GAL~a# _ 1(N01) _ GAL~a# _ SZAB~a# _ 1(N01) _ BU~a# _ SZAB~a# _ 1(N01) _ GAL~a _ NESAG2~a# _ 1(N01) _ GAL~a _ TUR3~a# _ 1(N01) _ GAL~a# _ UMUN2# _ 1(N01) _ ERIN# _ UMUN2# _ 1(N01) _ UMUN2# _ 1(N01) _ 1(N01) _ 1(N01) _ SANGA~a# _ 1(N01) _ GAL~a# _ 1(N01) _ GAL~a# _ ISZ~b#","N01 _ GAL~a _ N01 _ NAM2 _ APIN~a _ N01 _ |SZE~a.NAM2| _ N01 _ PA~a _ NAM2 _ RAD~a _ N01 _ AB~a _ ME~a _ N01 _ GAL~a _ |1(N58).BAD~a| _ N01 _ EN~a _ IB~a _ N01 _ GAL~a _ SZITA~a1 _ N01 _ ABGAL _ N01 _ KINGAL _ N01 _ GAL~a _ TE _ SUKKAL _ N01 _ N01 _ GAL~a _ N01 _ N01 _ GAL~a _ N01 _ GAL~a _ N01 _ GAL~a _ SZAB~a _ N01 _ BU~a _ SZAB~a _ N01 _ GAL~a _ NESAG2~a _ N01 _ GAL~a _ TUR3~a _ N01 _ GAL~a _ UMUN2 _ N01 _ ERIN _ UMUN2 _ N01 _ UMUN2 _ N01 _ N01 _ N01 _ SANGA~a _ N01 _ GAL~a _ N01 _ GAL~a _ ISZ~b",68,3.27177840513842,2.78754019703672,0.367647058823529,"0.0597014925373134"
"P000463","GA~a# _ GA~a _ GAL~a# _ KISAL~b1 _ 1(N01) _ GAL~a# _ NIM~a _ GAL~a# _ SILA4~d# _ 1(N01)# _ 1(N01) _ GAL~a# _ UMUN2 _ 1(N01) _ ERIN# _ UMUN2 _ 1(N01) _ SANGA~a# _ UMUN2# _ 1(N01) _ UMUN2","GA~a _ GA~a _ GAL~a _ KISAL~b1 _ N01 _ GAL~a _ NIM~a _ GAL~a _ SILA4~d _ N01 _ N01 _ GAL~a _ UMUN2 _ N01 _ ERIN _ UMUN2 _ N01 _ SANGA~a _ UMUN2 _ N01 _ UMUN2",21,2.79661385114414,2.02925414604663,0.428571428571429,"0.1"
"P000464","KAR2~a# _ ME~a# _ 1(N01)# _ GALGA~a _ 1(N01)# _ LAGAR~a# _ IB~a# _ 1(N01)# _ LAGAR~a# _ GAR _ 1(N01) _ MUSZ3~a# _ ME~a _ 1(N01) _ GAL~a _ 1(N01) _ KUR~a _ 1(N01) _ 1(N01) _ GAL~a# _ 1(N01)#","KAR2~a _ ME~a _ N01 _ GALGA~a _ N01 _ LAGAR~a _ IB~a _ N01 _ LAGAR~a _ GAR _ N01 _ MUSZ3~a _ ME~a _ N01 _ GAL~a _ N01 _ KUR~a _ N01 _ N01 _ GAL~a _ N01",21,2.74806385073206,2.01309854615685,0.476190476190476,"0.05"
"P000465","1(N01) _ SZAKIR~c _ 1(N01) _ MUD3~a _ LAHTAN2# _ NE~a# _ IR~a# _ IR~a","N01 _ SZAKIR~c _ N01 _ MUD3~a _ LAHTAN2 _ NE~a _ IR~a _ IR~a",8,2.5,1.62584084600334,0.75,"0.142857142857143"
"P000466","1(N01) _ AMAR# _ 1(N01) _ AMAR _ BAR _ 1(N01) _ 1(N01) _ 1(N01) _ DARA4~c1","N01 _ AMAR _ N01 _ AMAR _ BAR _ N01 _ N01 _ N01 _ DARA4~c1",9,1.65774272650489,1.35737029347697,0.444444444444444,"0.25"
"P000467","SUKKAL _ SUKKAL _ GA~c# _ GA~c# _ 1(N01) _ AB~a _ UMUN2# _ 1(N01) _ GAL~a _ 1(N01) _ GAL~a#","SUKKAL _ SUKKAL _ GA~c _ GA~c _ N01 _ AB~a _ UMUN2 _ N01 _ GAL~a _ N01 _ GAL~a",11,2.48171457298607,1.66419619946461,0.545454545454545,"0.2"
"P000468","1(N01) _ SU~a _ NI~b _ 1(N01) _ E2~a# _ SU~a _ NI~b _ 1(N01) _ GAN~a _ 1(N01) _ GAN~a _ 1(N01) _ GAN~a# _ 1(N01)# _ |DUG~bxX|# _ 1(N01) _ |DUG~bxX|# _ 1(N01) _ |DUG~bx(ZATU789.SA~a)| _ 1(N01) _ |DUG~bx(TAK4~a.SA~a)| _ 1(N01)# _ |DUG~bxX|# _ 1(N01)# _ 1(N01)#","N01 _ SU~a _ NI~b _ N01 _ E2~a _ SU~a _ NI~b _ N01 _ GAN~a _ N01 _ GAN~a _ N01 _ GAN~a _ N01 _ |DUG~bxX| _ N01 _ |DUG~bxX| _ N01 _ |DUG~bx(ZATU789.SA~a)| _ N01 _ |DUG~bx(TAK4~a.SA~a)| _ N01 _ |DUG~bxX| _ N01 _ N01",25,2.38268318925549,1.80714786754747,0.32,"0.0416666666666667"
"P000469","1(N01)# _ NI~a _ 1(N01) _ DUG~b# _ 1(N01) _ DUG~c# _ 1(N01) _ |DUG~cx1(N57)| _ 1(N01)# _ 1(N01) _ IR~a# _ 1(N01)# _ NE~a# _ IR~a#","N01 _ NI~a _ N01 _ DUG~b _ N01 _ DUG~c _ N01 _ |DUG~cx1(N57)| _ N01 _ N01 _ IR~a _ N01 _ NE~a _ IR~a",14,2.26082031817166,1.86028870399192,0.5,"0.0769230769230769"
"P000470","GISZGAL# _ GAL~a# _ |ZATU737xDI|# _ 1(N01)# _ SANGA~a# _ |ZATU737xDI| _ 1(N01)# _ SANGA~a _ |ZATU737xU4| _ DAM# _ 1(N01) _ NUN~a _ BU3 _ 1(N01) _ KAR2~a _ ME~a _ 1(N01) _ NUN~a _ GALGA~a# _ 1(N01) _ LAGAR~a# _ IB~a _ 1(N01)# _ 1(N01) _ SANGA~a# _ 1(N01) _ APIN~a# _ 1(N01)#","GISZGAL _ GAL~a _ |ZATU737xDI| _ N01 _ SANGA~a _ |ZATU737xDI| _ N01 _ SANGA~a _ |ZATU737xU4| _ DAM _ N01 _ NUN~a _ BU3 _ N01 _ KAR2~a _ ME~a _ N01 _ NUN~a _ GALGA~a _ N01 _ LAGAR~a _ IB~a _ N01 _ N01 _ SANGA~a _ N01 _ APIN~a _ N01",28,3.30827747737771,2.48697717219582,0.535714285714286,"0.037037037037037"
"P000471","PA~a# _ NAM2 _ RAD~a _ 1(N01) _ AB~a _ ME~a _ GAL~a# _ 1(N01) _ GAL~a _ SZAB~a# _ 1(N01) _ BU~a _ SZAB~a#","PA~a _ NAM2 _ RAD~a _ N01 _ AB~a _ ME~a _ GAL~a _ N01 _ GAL~a _ SZAB~a _ N01 _ BU~a _ SZAB~a",13,3.02698683335929,1.99007667562355,0.692307692307692,"0"
"P000472","NAMESZDA# _ 1(N01)# _ NAM2 _ KAB _ NAM2# _ DI _ 1(N01)# _ EN~a _ IB~a _ GAL~a# _ SZITA~a1 _ 1(N01)# _ 1(N01) _ TUG2~a _ 1(N01) _ GAL~a#","NAMESZDA _ N01 _ NAM2 _ KAB _ NAM2 _ DI _ N01 _ EN~a _ IB~a _ GAL~a _ SZITA~a1 _ N01 _ N01 _ TUG2~a _ N01 _ GAL~a",16,3.0243974703477,2.13058453463592,0.625,"0.0666666666666667"
"P000473","1(N01) _ GAL~a _ 1(N01) _ GAL~a","N01 _ GAL~a _ N01 _ GAL~a",4,1,0.63208020839343,0.5,"0"
"P000474","AB2# _ AMAR# _ 1(N01) _ ISZ~b# _ 1(N01) _ NAR# _ 1(N01) _ UB _ SZA3~a1 _ 1(N01) _ GAR _ KI _ 1(N01) _ EN~a# _ 1(N01) _ SAL _ ISZ~b _ 1(N01) _ SAG _ GAR _ 1(N01) _ GI _ 1(N01) _ A _ 1(N01) _ SAR~a _ 1(N01) _ EN~a# _ GAN2# _ 1(N01) _ SAG# _ 1(N01) _ AN _ KI~a _ 1(N01) _ SUM~b _ 1(N01)","AB2 _ AMAR _ N01 _ ISZ~b _ N01 _ NAR _ N01 _ UB _ SZA3~a1 _ N01 _ GAR _ KI _ N01 _ EN~a _ N01 _ SAL _ ISZ~b _ N01 _ SAG _ GAR _ N01 _ GI _ N01 _ A _ N01 _ SAR~a _ N01 _ EN~a _ GAN2 _ N01 _ SAG _ N01 _ AN _ KI~a _ N01 _ SUM~b _ N01",37,3.4093625836255,2.77114628427568,0.513513513513513,"0"
"P000475","1(N01)# _ 1(N01)# _ |SILA3~axGESZTU~a|# _ 1(N01) _ GU4 _ 1(N01) _ UTUL~a#","N01 _ N01 _ |SILA3~axGESZTU~a| _ N01 _ GU4 _ N01 _ UTUL~a",7,1.66449777920046,1.35810382400381,0.571428571428571,"0.166666666666667"
"P000476","DIM~c# _ DIM~c# _ AN _ 1(N01)# _ NAGAR~b# _ 1(N01)# _ NAGAR~b# _ SZITA~a1 _ 1(N01) _ NAGAR~b# _ ME~a# _ 1(N01) _ NAGAR~b# _ ME~a# _ 1(N01)# _ 1(N01)# _ 1(N01)#","DIM~c _ DIM~c _ AN _ N01 _ NAGAR~b _ N01 _ NAGAR~b _ SZITA~a1 _ N01 _ NAGAR~b _ ME~a _ N01 _ NAGAR~b _ ME~a _ N01 _ N01 _ N01",17,2.22561081452074,1.58452383160414,0.352941176470588,"0.1875"
"P000477","KU6~a# _ KU6~a# _ MUSZEN# _ KU6~a# _ 1(N01) _ DAR~c _ KU6~a _ 1(N01) _ MUN~a4 _ KU6~a _ 1(N01) _ KUSZU2~c# _ KU6~a _ 1(N01) _ BU~a _ 1(N01) _ |GA2~a1xU4| _ 1(N01) _ |GA2~a1xPAP~a| _ 1(N01) _ |GA2~a1xA| _ 1(N01) _ |GA2~a1xKU6~a| _ 1(N01) _ 1(N01) _ 1(N01)","KU6~a _ KU6~a _ MUSZEN _ KU6~a _ N01 _ DAR~c _ KU6~a _ N01 _ MUN~a4 _ KU6~a _ N01 _ KUSZU2~c _ KU6~a _ N01 _ BU~a _ N01 _ |GA2~a1xU4| _ N01 _ |GA2~a1xPAP~a| _ N01 _ |GA2~a1xA| _ N01 _ |GA2~a1xKU6~a| _ N01 _ N01 _ N01",26,2.64030422547428,2.2982746155696,0.423076923076923,"0.12"
"P000478","1(N01) _ SZA3~a1# _ URI# _ 1(N01) _ GAR _ MUNU3# _ GAZI# _ HALUB# _ 4(N01)# _ 1(N14) _ DA~a _ KISZ# _ 1(N14) _ GA~b# _ 1(N14)","N01 _ SZA3~a1 _ URI _ N01 _ GAR _ MUNU3 _ GAZI _ HALUB _ N01 N01 N01 N01 _ N14 _ DA~a _ KISZ _ N14 _ GA~b _ N14",18,3.0441104177484,2.22654834819836,0.611111111111111,"0.176470588235294"
"P000479","AMAR# _ AMAR# _ ZAG~a# _ AMAR#","AMAR _ AMAR _ ZAG~a _ AMAR",4,0.811278124459133,0.771240625180289,0.5,"0.333333333333333"
"P000480","1(N01) _ 1(N01) _ |DUG~bxX|# _ 1(N01)","N01 _ N01 _ |DUG~bxX| _ N01",4,0.811278124459133,0.771240625180289,0.5,"0.333333333333333"
"P000481","1(N01) _ GAL~a _ 1(N01) _ GESZTU~b _ 1(N01) _ |NUN~a+EN~a|# _ 1(N01) _ EN~a _ 1(N01) _ AMAR _ 1(N01) _ NAMESZDA _ 1(N01) _ SIG2~b# _ 1(N01) _ GAL~a# _ ERIN# _ 1(N01)","N01 _ GAL~a _ N01 _ GESZTU~b _ N01 _ |NUN~a+EN~a| _ N01 _ EN~a _ N01 _ AMAR _ N01 _ NAMESZDA _ N01 _ SIG2~b _ N01 _ GAL~a _ ERIN _ N01",18,2.47385138961004,2.07199728630583,0.5,"0"
"P000482","1(N01) _ 1(N01) _ |NUN~a+EN~a|# _ 1(N01) _ |SZU2.EN~a|# _ AN _ 1(N01) _ 1(N01) _ EN~a#","N01 _ N01 _ |NUN~a+EN~a| _ N01 _ |SZU2.EN~a| _ AN _ N01 _ N01 _ EN~a",9,1.87996494872711,1.51084034131013,0.555555555555556,"0.25"
"P000483","AN _ MUSZ3~a _ |ZATU651xAN| _ UNUG~a _ 1(N01) _ AN _ MUSZ3~a _ KAR2~a _ GI6 _ UNUG~a _ 1(N01) _ 1(N01)","AN _ MUSZ3~a _ |ZATU651xAN| _ UNUG~a _ N01 _ AN _ MUSZ3~a _ KAR2~a _ GI6 _ UNUG~a _ N01 _ N01",12,2.68872187554087,1.66430447080236,0.583333333333333,"0.0909090909090909"
"P000484","1(N01) _ |LAGAB~axX|# _ 1(N01) _ |LAGAB~axTI|# _ 1(N01) _ 1(N01) _ BARA2~a# _ 1(N01) _ 1(N01) _ 1(N01) _ SZU2# _ 1(N01) _ 1(N01) _ 1(N01)","N01 _ |LAGAB~axX| _ N01 _ |LAGAB~axTI| _ N01 _ N01 _ BARA2~a _ N01 _ N01 _ N01 _ SZU2 _ N01 _ N01 _ N01",14,1.4345491399952,1.4474083425505,0.357142857142857,"0.384615384615385"
"P000485","GI# _ 1(N01)# _ 1(N01) _ 1(N01) _ GI# _ GI#","GI _ N01 _ N01 _ N01 _ GI _ GI",6,1,0.874321091360806,0.333333333333333,"0.6"
"P000486","1(N01) _ 1(N01) _ IM~a#","N01 _ N01 _ IM~a",3,0.918295834054489,0.694987500240385,0.666666666666667,"0.5"
"P000487","U2~b _ DUG~c _ TAK4~a _ KASZ~c _ EN~a _ U4 _ EN~a _ ME~a _ ZATU686~a _ EN~a# _ KID~a _ EN~a# _ SZURUPPAK~a# _ EN~a# _ BAR# _ DU# _ 3(N57) _ SU~a _ E2~a _ PIRIG~b1 _ PIRIG~b1# _ EN~a# _ HI# _ EN~a# _ EN~a# _ EN~a _ AB~a","U2~b _ DUG~c _ TAK4~a _ KASZ~c _ EN~a _ U4 _ EN~a _ ME~a _ ZATU686~a _ EN~a _ KID~a _ EN~a _ SZURUPPAK~a _ EN~a _ BAR _ DU _ N57 N57 N57 _ SU~a _ E2~a _ PIRIG~b1 _ PIRIG~b1 _ EN~a _ HI _ EN~a _ EN~a _ EN~a _ AB~a",29,3.64128401184674,2.76368437825827,0.620689655172414,"0.178571428571429"
"P000488","1(N01) _ 1(N01) _ SIG2~b _ 1(N01) _ SZU2 _ 1(N01) _ 1(N57) _ 1(N01) _ 1(N01) _ GADA~a","N01 _ N01 _ SIG2~b _ N01 _ SZU2 _ N01 _ N57 _ N01 _ N01 _ GADA~a",10,1.77095059445467,1.54136173636352,0.5,"0.222222222222222"
"P000489","SANGA~a _ A _ UB _ 1(N01) _ SANGA~a _ 1(N01) _ SZE~a","SANGA~a _ A _ UB _ N01 _ SANGA~a _ N01 _ SZE~a",7,2.23592635062903,1.40653753151186,0.714285714285714,"0"
"P000490","1(N01) _ NI~a _ 1(N01) _ DUG~b# _ 1(N01) _ DUG~c# _ 1(N01) _ 1(N01) _ NE~a _ IR~a _ 1(N01) _ SU~a# _ NI~b# _ 1(N01) _ 3(N57)# _ SU~a _ NI~b","N01 _ NI~a _ N01 _ DUG~b _ N01 _ DUG~c _ N01 _ N01 _ NE~a _ IR~a _ N01 _ SU~a _ NI~b _ N01 _ N57 N57 N57 _ SU~a _ NI~b",19,2.75285530520323,2.0693312957121,0.473684210526316,"0.166666666666667"
"P000491","1(N01)# _ GESZTU~b _ 1(N01) _ UKKIN~a _ NIR~a _ 1(N01)# _ GA'AR~a1 _ 1(N01) _ AN# _ 1(N01)","N01 _ GESZTU~b _ N01 _ UKKIN~a _ NIR~a _ N01 _ GA'AR~a1 _ N01 _ AN _ N01",10,2.16096404744368,1.65451345665521,0.6,"0"
"P000492","DI _ 1(N01) _ U2~b _ SAG _ 1(N01) _ GISZ3~b _ 1(N01) _ 1(N01)","DI _ N01 _ U2~b _ SAG _ N01 _ GISZ3~b _ N01 _ N01",8,2,1.40432081373935,0.625,"0.142857142857143"
"P000496","1(N01) _ SU~a _ NI~b _ 1(N01) _ IR~a# _ 1(N01) _ 1(N01) _ 1(N01) _ GA2~a1# _ 1(N01) _ 1(N01) _ 1(N01)# _ 1(N01) _ 1(N01) _ 1(N01) _ IN~b _ HI _ 1(N01) _ HI _ 1(N01) _ 1(N01) _ KIN2~d _ 1(N01) _ |SZE~a.KIN2~c| _ 1(N01) _ 1(N01)#","N01 _ SU~a _ NI~b _ N01 _ IR~a _ N01 _ N01 _ N01 _ GA2~a1 _ N01 _ N01 _ N01 _ N01 _ N01 _ N01 _ IN~b _ HI _ N01 _ HI _ N01 _ N01 _ KIN2~d _ N01 _ |SZE~a.KIN2~c| _ N01 _ N01",26,1.95094478347741,1.94006838484156,0.346153846153846,"0.36"
"P000497","1(N01)# _ |DUG~bx1(N57)| _ 1(N01)# _ 1(N01) _ MUD3~a# _ 1(N01) _ LAHTAN2# _ 1(N01) _ NI~b# _ NI~b# _ 1(N01) _ |DUG~bxSZE~a|# _ 1(N01) _ 1(N01) _ |DUG~bxX|# _ 1(N01) _ 1(N01) _ 1(N01)","N01 _ |DUG~bx1(N57)| _ N01 _ N01 _ MUD3~a _ N01 _ LAHTAN2 _ N01 _ NI~b _ NI~b _ N01 _ |DUG~bxSZE~a| _ N01 _ N01 _ |DUG~bxX| _ N01 _ N01 _ N01",18,1.94471679005285,1.81581357150449,0.388888888888889,"0.294117647058824"
"P000498","1(N01)# _ DUB~a _ SANGA~a _ 1(N01) _ SUHUR","N01 _ DUB~a _ SANGA~a _ N01 _ SUHUR",5,1.92192809488736,1.1813781191217,0.8,"0"
"P000499","1(N01) _ NAM2# _ PA~a _ 1(N01) _ NAM2 _ PA~a# _ GIR3~c _ 1(N01) _ UB _ SAG# _ 1(N01) _ ZATU725","N01 _ NAM2 _ PA~a _ N01 _ NAM2 _ PA~a _ GIR3~c _ N01 _ UB _ SAG _ N01 _ ZATU725",12,2.58496250072116,1.77210884259483,0.583333333333333,"0"
"P000500","1(N01) _ ALIM# _ GISZ _ 1(N01) _ GISZ# _ KUR@g~a# _ 1(N01) _ GISZ# _ KUR~a# _ 1(N01) _ DUR2 _ GISZ _ NUNUZ~a1 _ 1(N01)# _ GISZ# _ 1(N01)# _ SAR~a# _ GISZ# _ 1(N01)# _ GISZ _ DIN _ MA# _ 1(N01) _ 1(N01) _ 1(N01) _ 3(N57) _ GISZ _ 1(N01) _ 3(N57) _ GISZ _ |KU6~a+KU6~a|# _ 1(N01) _ GISZ _ ANSZE~b _ 1(N01) _ LUM# _ ANSZE~b# _ 1(N01)#","N01 _ ALIM _ GISZ _ N01 _ GISZ _ KUR@g~a _ N01 _ GISZ _ KUR~a _ N01 _ DUR2 _ GISZ _ NUNUZ~a1 _ N01 _ GISZ _ N01 _ SAR~a _ GISZ _ N01 _ GISZ _ DIN _ MA _ N01 _ N01 _ N01 _ N57 N57 N57 _ GISZ _ N01 _ N57 N57 N57 _ GISZ _ |KU6~a+KU6~a| _ N01 _ GISZ _ ANSZE~b _ N01 _ LUM _ ANSZE~b _ N01",42,2.91536444987383,2.33554230288165,0.333333333333333,"0.146341463414634"
"P000501","1(N01)# _ NI~a# _ 1(N01) _ DUG~b _ 1(N01) _ DUG~c","N01 _ NI~a _ N01 _ DUG~b _ N01 _ DUG~c",6,1.79248125036058,1.25640129975424,0.666666666666667,"0"
"P000502","1(N01) _ SZU# _ 1(N01) _ GAL~a","N01 _ SZU _ N01 _ GAL~a",4,1.5,0.948120312590145,0.75,"0"
"P000503","1(N01)# _ EN~a# _ GU4# _ 1(N01)# _ EN~a# _ GU4#","N01 _ EN~a _ GU4 _ N01 _ EN~a _ GU4",6,1.58496250072116,0.858569963785142,0.5,"0"
"P000504","1(N01) _ 1(N01) _ MIR~b# _ 1(N01) _ ZATU732# _ 1(N01) _ SZAKIR~b _ 1(N01)# _ SIG2~a3 _ GIR2~a _ GIR2~a# _ 1(N01)# _ 1(N01) _ SZU# _ 1(N01) _ SZU# _ 1(N01)","N01 _ N01 _ MIR~b _ N01 _ ZATU732 _ N01 _ SZAKIR~b _ N01 _ SIG2~a3 _ GIR2~a _ GIR2~a _ N01 _ N01 _ SZU _ N01 _ SZU _ N01",17,2.17397313460441,1.80942468083558,0.411764705882353,"0.1875"
"P000506","1(N01) _ |DUG~bxX|# _ 1(N01)# _ |DUG~bxGISZ| _ 1(N01)# _ |DUG~bxX|# _ 1(N01) _ 1(N01) _ 1(N01) _ GI _ U2~a _ NI~b _ 1(N01)","N01 _ |DUG~bxX| _ N01 _ |DUG~bxGISZ| _ N01 _ |DUG~bxX| _ N01 _ N01 _ N01 _ GI _ U2~a _ NI~b _ N01",13,2.03494091395623,1.68767688277352,0.461538461538462,"0.166666666666667"
"P000507","1(N01) _ 1(N01) _ NAM2# _ NAM2 _ 1(N01) _ NAM2# _ URU~a1 _ 1(N01) _ NAM2# _ ERIN# _ 1(N01) _ GAL~a# _ SZUBUR# _ 1(N01) _ 1(N01) _ GAL~a _ 1(N01) _ SIG2~b# _ 1(N01) _ GAL~a# _ 1(N01) _ HAL _ PAP~a","N01 _ N01 _ NAM2 _ NAM2 _ N01 _ NAM2 _ URU~a1 _ N01 _ NAM2 _ ERIN _ N01 _ GAL~a _ SZUBUR _ N01 _ N01 _ GAL~a _ N01 _ SIG2~b _ N01 _ GAL~a _ N01 _ HAL _ PAP~a",23,2.52468506688149,2.0585926863444,0.391304347826087,"0.136363636363636"
"P000508","1(N01) _ URI5 _ 1(N01) _ EN~a _ KID~a# _ 1(N01) _ ARARMA2~a# _ 1(N01) _ UNUG~a#","N01 _ URI5 _ N01 _ EN~a _ KID~a _ N01 _ ARARMA2~a _ N01 _ UNUG~a",9,2.28103611255342,1.65379672434538,0.666666666666667,"0"
"P000509","SZAKIR~b# _ SIG2~a3# _ 1(N01)# _ 1(N01) _ SZU2 _ GU# _ 1(N01) _ SZU2 _ GU# _ 1(N01)# _ GAL~a# _ 1(N34)# _ 1(N14) _ 1(N01)","SZAKIR~b _ SIG2~a3 _ N01 _ N01 _ SZU2 _ GU _ N01 _ SZU2 _ GU _ N01 _ GAL~a _ N34 _ N14 _ N01",14,2.69238060245497,1.80784348856882,0.571428571428571,"0.0769230769230769"
"P000510","SZU# _ 1(N01) _ 1(N01) _ GA~a _ GAL~a _ 1(N01) _ GAL~a _ ERIN _ 1(N01) _ GAL~a _ |1(N58).BAD~a|# _ 1(N01)# _ 1(N01) _ PA~a _ GAL~a _ 1(N01) _ A# _ 1(N01) _ PA~a _ SU~a _ 1(N01) _ SU~a#","SZU _ N01 _ N01 _ GA~a _ GAL~a _ N01 _ GAL~a _ ERIN _ N01 _ GAL~a _ |1(N58).BAD~a| _ N01 _ N01 _ PA~a _ GAL~a _ N01 _ A _ N01 _ PA~a _ SU~a _ N01 _ SU~a",22,2.61718957259272,2.02234857956752,0.409090909090909,"0.0952380952380952"
"P000511","MUNU3# _ GAZI _ HALUB# _ MUSZEN# _ SZE~a# _ 4(N01)# _ 1(N14) _ DA~a _ KISZ _ 1(N14) _ GA~b _ 1(N14) _ GARA2~a _ 1(N14) _ AB2# _ 1(N01)# _ 1(N45) _ 1(N01) _ 1(N01) _ SZENNUR~a# _ 1(N01) _ GISZ# _ 1(N01) _ GI#","MUNU3 _ GAZI _ HALUB _ MUSZEN _ SZE~a _ N01 N01 N01 N01 _ N14 _ DA~a _ KISZ _ N14 _ GA~b _ N14 _ GARA2~a _ N14 _ AB2 _ N01 _ N45 _ N01 _ N01 _ SZENNUR~a _ N01 _ GISZ _ N01 _ GI",27,3.40194953871974,2.60652637034342,0.592592592592593,"0.153846153846154"
"P000512","GA'AR~a1# _ 1(N01) _ U4# _ 1(N01) _ U4 _ TUG2~a@g# _ GI6# _ TUG2~a#","GA'AR~a1 _ N01 _ U4 _ N01 _ U4 _ TUG2~a@g _ GI6 _ TUG2~a",8,2.5,1.60061382970128,0.75,"0"
"P000513","NAMESZDA# _ KAB# _ 1(N01) _ EN~a# _ IB~a# _ 1(N01)#","NAMESZDA _ KAB _ N01 _ EN~a _ IB~a _ N01",6,2.25162916738782,1.36656197432818,0.833333333333333,"0"
"P000514","NI~b# _ NI~b _ GAN~a# _ |DUG~bxX|# _ 1(N01) _ |DUG~bx(SA~a.GI)| _ 1(N01) _ |DUG~bxNAGA~a| _ 1(N01) _ 1(N01)# _ |DUG~bxX|# _ 1(N01) _ |DUG~bxMASZ| _ 1(N01) _ |DUG~bxSI4~a| _ 1(N01) _ |DUG~bx(KUR~a.X)|# _ 1(N01)# _ |DUG~bxX|# _ 1(N01)# _ |DUG~bxX|# _ 1(N01) _ |DUG~bxX|# _ 1(N01) _ |DUG~bxX|# _ 1(N01)# _ 1(N34)# _ 2(N01) _ PAP~a","NI~b _ NI~b _ GAN~a _ |DUG~bxX| _ N01 _ |DUG~bx(SA~a.GI)| _ N01 _ |DUG~bxNAGA~a| _ N01 _ N01 _ |DUG~bxX| _ N01 _ |DUG~bxMASZ| _ N01 _ |DUG~bxSI4~a| _ N01 _ |DUG~bx(KUR~a.X)| _ N01 _ |DUG~bxX| _ N01 _ |DUG~bxX| _ N01 _ |DUG~bxX| _ N01 _ |DUG~bxX| _ N01 _ N34 _ N01 N01 _ PAP~a",30,2.54646579850407,2.02409430875837,0.366666666666667,"0.103448275862069"
"P000515","USZ~a# _ USZ~a# _ 1(N01) _ EDIN# _ 1(N01) _ AN _ EDIN _ 1(N01) _ ZATU777 _ 1(N01) _ ZATU777 _ KI","USZ~a _ USZ~a _ N01 _ EDIN _ N01 _ AN _ EDIN _ N01 _ ZATU777 _ N01 _ ZATU777 _ KI",12,2.41829583405449,1.65488222494581,0.5,"0.0909090909090909"
"P000516","1(N01) _ 1(N01) _ 1(N01) _ MUSZ3~a _ TE _ 1(N01) _ ANSZE~b# _ 1(N01) _ DILMUN _ 1(N01) _ 1(N01) _ KI#","N01 _ N01 _ N01 _ MUSZ3~a _ TE _ N01 _ ANSZE~b _ N01 _ DILMUN _ N01 _ N01 _ KI",12,1.94733879618755,1.73384651617589,0.5,"0.272727272727273"
"P000517","1(N01) _ SAG# _ KI# _ AD~a# _ 1(N01) _ U4# _ AD~a# _ 5(N01)# _ MUNU3# _ 5(N01)# _ GAZI# _ 5(N01)# _ 3(N01)# _ KAD4~a# _ 4(N01)# _ ZA~v# _ 4(N01)# _ GIR2~a# _ KISZ# _ GA~b# _ AB2# _ 1(N01) _ ISZ~b _ 1(N01) _ NAR _ 1(N01) _ 1(N01) _ 5(N01)# _ GAZI# _ 5(N01)# _ HALUB# _ MUSZEN# _ SZE~a# _ 1(N01)# _ AMAR# _ 1(N14)# _ SUHUR# _ KAR2~b# _ KAD4~a# _ ZA~v# _ 4(N01)# _ GIR2~a# _ AN# _ 1(N14)# _ KISZ# _ 1(N14)# _ 1(N01)# _ 1(N34) _ 1(N01) _ BALA~a# _ MUSZEN# _ 1(N01) _ ISZ~b# _ 1(N01) _ 1(N01)# _ 1(N01)# _ 1(N45) _ 1(N34) _ 1(N14) _ |HIx1(N57)|# _ PAP~a#","N01 _ SAG _ KI _ AD~a _ N01 _ U4 _ AD~a _ N01 N01 N01 N01 N01 _ MUNU3 _ N01 N01 N01 N01 N01 _ GAZI _ N01 N01 N01 N01 N01 _ N01 N01 N01 _ KAD4~a _ N01 N01 N01 N01 _ ZA~v _ N01 N01 N01 N01 _ GIR2~a _ KISZ _ GA~b _ AB2 _ N01 _ ISZ~b _ N01 _ NAR _ N01 _ N01 _ N01 N01 N01 N01 N01 _ GAZI _ N01 N01 N01 N01 N01 _ HALUB _ MUSZEN _ SZE~a _ N01 _ AMAR _ N14 _ SUHUR _ KAR2~b _ KAD4~a _ ZA~v _ N01 N01 N01 N01 _ GIR2~a _ AN _ N14 _ KISZ _ N14 _ N01 _ N34 _ N01 _ BALA~a _ MUSZEN _ N01 _ ISZ~b _ N01 _ N01 _ N01 _ N45 _ N34 _ N14 _ |HIx1(N57)| _ PAP~a",92,2.94117299853691,2.66466703382473,0.304347826086957,"0.395604395604396"
"P000518","MUSZEN# _ SZE~a# _ MASZ _ SI4~a# _ TU~b# _ GUKKAL~c# _ AB2# _ 1(N01) _ GU4# _ 1(N14) _ U8 _ 1(N01) _ UTUA~b _ 1(N14) _ UD5~a _ 1(N01) _ MASZ2 _ 1(N34) _ 1(N14) _ 1(N01) _ BALA~a _ MUSZEN _ 1(N01) _ ISZ~b# _ 1(N01) _ NAR# _ 1(N01) _ GI# _ ZI~a# _ 1(N01) _ ZATU718 _ E2~a _ PIRIG~b1# _ 1(N01) _ EN~a# _ SZE3 _ 1(N01) _ EN~a# _ SZE3 _ ZI~a _ 1(N01) _ SAL# _ ISZ~b# _ 1(N01) _ 1(N01) _ SAL _ NE~a# _ 1(N01) _ EN~a _ 1(N01) _ KI#","MUSZEN _ SZE~a _ MASZ _ SI4~a _ TU~b _ GUKKAL~c _ AB2 _ N01 _ GU4 _ N14 _ U8 _ N01 _ UTUA~b _ N14 _ UD5~a _ N01 _ MASZ2 _ N34 _ N14 _ N01 _ BALA~a _ MUSZEN _ N01 _ ISZ~b _ N01 _ NAR _ N01 _ GI _ ZI~a _ N01 _ ZATU718 _ E2~a _ PIRIG~b1 _ N01 _ EN~a _ SZE3 _ N01 _ EN~a _ SZE3 _ ZI~a _ N01 _ SAL _ ISZ~b _ N01 _ N01 _ SAL _ NE~a _ N01 _ EN~a _ N01 _ KI",51,4.14079526474689,3.08457765930623,0.549019607843137,"0.02"
"P000519","1(N01)# _ MIR~b# _ 1(N01) _ ZATU732 _ 1(N01) _ SZAKIR~b _ 1(N01) _ 1(N01) _ GIR2~a _ 1(N01) _ AN _ GIR2~a _ 1(N01)# _ DIM~c# _ DIM~c# _ 1(N01)# _ 1(N01)# _ 1(N01) _ DILMUN _ TUN3~a _ 1(N01) _ NAGAR~b _ 1(N01) _ AN _ NAGAR~b _ 1(N01) _ NAGAR~b _ SZITA~a1 _ 1(N01)# _ NAGAR~b# _ SZITA~a1 _ NAGAR~b# _ ME~a _ NAGAR~b# _ ME~a _ NAGAR~b# _ PU2# _ 1(N01) _ AN _ NAGAR~b _ PU2 _ 1(N01) _ TAK4~a# _ MAR~b# _ 1(N01) _ AN _ TAK4~a# _ 1(N01) _ 1(N01) _ AN# _ 1(N01) _ NU# _ 1(N01) _ NU# _ AN _ 1(N01)# _ 1(N01)# _ 1(N01) _ 1(N01) _ 1(N01)#","N01 _ MIR~b _ N01 _ ZATU732 _ N01 _ SZAKIR~b _ N01 _ N01 _ GIR2~a _ N01 _ AN _ GIR2~a _ N01 _ DIM~c _ DIM~c _ N01 _ N01 _ N01 _ DILMUN _ TUN3~a _ N01 _ NAGAR~b _ N01 _ AN _ NAGAR~b _ N01 _ NAGAR~b _ SZITA~a1 _ N01 _ NAGAR~b _ SZITA~a1 _ NAGAR~b _ ME~a _ NAGAR~b _ ME~a _ NAGAR~b _ PU2 _ N01 _ AN _ NAGAR~b _ PU2 _ N01 _ TAK4~a _ MAR~b _ N01 _ AN _ TAK4~a _ N01 _ N01 _ AN _ N01 _ NU _ N01 _ NU _ AN _ N01 _ N01 _ N01 _ N01 _ N01",60,2.9782038010086,2.39920631686617,0.266666666666667,"0.152542372881356"
"P000520","1(N01) _ GISZ _ LAM~a _ 1(N01) _ GISZ _ KUR@g~a _ 1(N01) _ GISZ _ DUR2 _ NUNUZ~b1 _ 1(N01) _ GISZ _ GI6 _ 1(N01) _ GISZ# _ LAGAB~a _ GISZ# _ SAR~a _ 1(N01) _ GISZ _ DIN _ 1(N01) _ GISZ _ MA _ 1(N01) _ GISZ _ HASZHUR _ 1(N01) _ GISZ _ BU~a# _ NUN~a# _ GI# _ 1(N01) _ GISZ _ GESZTIN~a _ BU~a# _ 1(N01)# _ 1(N01) _ GISZ# _ 1(N01) _ GISZ# _ 1(N01) _ GISZ _ GAL~a _ 1(N01) _ GISZ _ 1(N01) _ GISZ _ 1(N01) _ GISZ _ 1(N01) _ GISZ _ U4# _ 1(N01) _ GISZ# _ 1(N01)#","N01 _ GISZ _ LAM~a _ N01 _ GISZ _ KUR@g~a _ N01 _ GISZ _ DUR2 _ NUNUZ~b1 _ N01 _ GISZ _ GI6 _ N01 _ GISZ _ LAGAB~a _ GISZ _ SAR~a _ N01 _ GISZ _ DIN _ N01 _ GISZ _ MA _ N01 _ GISZ _ HASZHUR _ N01 _ GISZ _ BU~a _ NUN~a _ GI _ N01 _ GISZ _ GESZTIN~a _ BU~a _ N01 _ N01 _ GISZ _ N01 _ GISZ _ N01 _ GISZ _ GAL~a _ N01 _ GISZ _ N01 _ GISZ _ N01 _ GISZ _ N01 _ GISZ _ U4 _ N01 _ GISZ _ N01",56,2.78683376753662,2.41113234745819,0.321428571428571,"0.0181818181818182"
"P000521","ZATU732# _ 1(N01) _ SZAKIR~b _ 1(N01) _ SIG2~c2 _ 1(N01) _ GIR2~a _ 1(N01)# _ GIR2~a# _ DIM~c# _ 1(N01) _ SZU2# _ GU# _ 1(N01) _ AN# _ SZU2# _ GU# _ 1(N01) _ GAL~a# _ TUN3~a# _ 1(N01) _ SZU# _ TUN3~a# _ 1(N34) _ 1(N14) _ NAMESZDA# _ 2(N57) _ KID~a#","ZATU732 _ N01 _ SZAKIR~b _ N01 _ SIG2~c2 _ N01 _ GIR2~a _ N01 _ GIR2~a _ DIM~c _ N01 _ SZU2 _ GU _ N01 _ AN _ SZU2 _ GU _ N01 _ GAL~a _ TUN3~a _ N01 _ SZU _ TUN3~a _ N34 _ N14 _ NAMESZDA _ N57 N57 _ KID~a",29,3.68556720202412,2.7110270636644,0.586206896551724,"0.0357142857142857"
"P000522","1(N01) _ GAL~a# _ SZUBUR# _ 1(N01) _ NAM2# _ APIN~a _ 1(N01) _ |SZE~a.NAM2|# _ 1(N01) _ GAL~a# _ GA~a# _ 1(N01) _ SIG2~b _ GA~a# _ 1(N01) _ GAL~a# _ KISAL~b2# _ 1(N01) _ GAL~a# _ NIM~a# _ 1(N01) _ GAL~a# _ 1(N01) _ GAL~a# _ SZAB~a# _ 1(N01) _ SZAB~a# _ 1(N01) _ 1(N01) _ 1(N01) _ GAL~a# _ 1(N01) _ TUR# _ IM~a# _ 1(N01) _ GAL~a# _ 1(N01) _ GAL~a# _ 1(N01) _ GAL~a# _ 1(N01) _ |ZATU737xX| _ 1(N01) _ |ZATU737xX| _ 1(N01) _ |ZATU737xX| _ 1(N01) _ 1(N01) _ LAGAR~a _ GAR# _ 1(N01) _ MUSZ3~a _ 1(N01) _ BU~a# _ NUN~a _ ME~a# _ 1(N01) _ BU~a# _ SANGA~a _ NUN~a# _ ME~a _ 1(N01) _ 1(N01) _ 1(N01)","N01 _ GAL~a _ SZUBUR _ N01 _ NAM2 _ APIN~a _ N01 _ |SZE~a.NAM2| _ N01 _ GAL~a _ GA~a _ N01 _ SIG2~b _ GA~a _ N01 _ GAL~a _ KISAL~b2 _ N01 _ GAL~a _ NIM~a _ N01 _ GAL~a _ N01 _ GAL~a _ SZAB~a _ N01 _ SZAB~a _ N01 _ N01 _ N01 _ GAL~a _ N01 _ TUR _ IM~a _ N01 _ GAL~a _ N01 _ GAL~a _ N01 _ GAL~a _ N01 _ |ZATU737xX| _ N01 _ |ZATU737xX| _ N01 _ |ZATU737xX| _ N01 _ N01 _ LAGAR~a _ GAR _ N01 _ MUSZ3~a _ N01 _ BU~a _ NUN~a _ ME~a _ N01 _ BU~a _ SANGA~a _ NUN~a _ ME~a _ N01 _ N01 _ N01",64,3.14718583955234,2.58585554093888,0.328125,"0.0793650793650794"
"P000523","TAK4~a# _ TAK4~a# _ TAK4~a# _ 1(N01) _ ZATU707~a _ 1(N01) _ SAG@n _ 1(N01) _ EDIN _ 1(N01)# _ AN# _ EDIN# _ 1(N01)# _ ZATU777# _ 1(N01) _ GIR2~a _ 1(N01) _ AN _ GIR2~a# _ 1(N01)# _ 1(N01)#","TAK4~a _ TAK4~a _ TAK4~a _ N01 _ ZATU707~a _ N01 _ SAG@n _ N01 _ EDIN _ N01 _ AN _ EDIN _ N01 _ ZATU777 _ N01 _ GIR2~a _ N01 _ AN _ GIR2~a _ N01 _ N01",21,2.52164063634332,1.97767249883243,0.380952380952381,"0.15"
"P000524","KUR~a# _ 3(N01) _ KUR~a _ 1(N01)# _ 1(N01) _ 1(N16) _ 1(N01) _ 1(N17) _ 1(N01)# _ U4 _ GAR _ 1(N01) _ BU~a _ 1(N01) _ U4 _ 1(N01) _ GAL~a _ GAR _ 1(N01) _ GAL~a _ 1(N01) _ GUG2 _ 1(N01) _ GUG2 _ GUG2 _ 1(N01) _ SZITA~b3 _ |LAGAB~axSZA| _ 1(N01) _ |LAGAB~axSZITA~a1| _ |LAGAB~axSZA| _ 1(N01)# _ 1(N01)# _ 1(N01) _ 1(N01) _ DARA3~d _ SZITA~a1# _ 1(N01) _ |GISZxSZU2~b|# _ SZITA~a1#","KUR~a _ N01 N01 N01 _ KUR~a _ N01 _ N01 _ N16 _ N01 _ N17 _ N01 _ U4 _ GAR _ N01 _ BU~a _ N01 _ U4 _ N01 _ GAL~a _ GAR _ N01 _ GAL~a _ N01 _ GUG2 _ N01 _ GUG2 _ GUG2 _ N01 _ SZITA~b3 _ |LAGAB~axSZA| _ N01 _ |LAGAB~axSZITA~a1| _ |LAGAB~axSZA| _ N01 _ N01 _ N01 _ N01 _ DARA3~d _ SZITA~a1 _ N01 _ |GISZxSZU2~b| _ SZITA~a1",42,2.9353305323047,2.50005967756954,0.357142857142857,"0.170731707317073"
"P000525","1(N01)# _ 1(N01)# _ 1(N01)# _ 1(N01)# _ 1(N01)# _ 1(N01)# _ 1(N01) _ 1(N01) _ 1(N01) _ 1(N01) _ |GISZxSZU2~b|# _ 1(N01) _ 1(N01) _ 1(N01) _ 1(N01)","N01 _ N01 _ N01 _ N01 _ N01 _ N01 _ N01 _ N01 _ N01 _ N01 _ |GISZxSZU2~b| _ N01 _ N01 _ N01 _ N01",15,0.353359335021421,0.985113859232064,0.133333333333333,"0.857142857142857"
"P000526","GUN3~b# _ MUSZEN# _ 1(N01) _ SZU# _ MUSZEN# _ 1(N01) _ GA~b _ TUN3~a _ MUSZEN# _ 1(N01) _ DA~a _ MA _ MUSZEN# _ 1(N01) _ ZATU621~a _ MUSZEN#","GUN3~b _ MUSZEN _ N01 _ SZU _ MUSZEN _ N01 _ GA~b _ TUN3~a _ MUSZEN _ N01 _ DA~a _ MA _ MUSZEN _ N01 _ ZATU621~a _ MUSZEN",16,2.7743974703477,1.95405140633765,0.5625,"0"
"P000527","1(N01)# _ KINGAL# _ 1(N01) _ GAL~a# _ TE# _ 1(N01) _ GAL~a# _ SUKKAL# _ 1(N01)# _ GADA~a# _ SUKKAL# _ 1(N01)# _ GAL~a# _ 1(N01)# _ TUR# _ 1(N01)# _ GAL~a# _ SZA# _ 1(N01)# _ GAL~a# _ 1(N01)# _ GAL~a# _ GISZGAL# _ 1(N01)# _ GAL~a# _ |ZATU737xDI|# _ 1(N01)#","N01 _ KINGAL _ N01 _ GAL~a _ TE _ N01 _ GAL~a _ SUKKAL _ N01 _ GADA~a _ SUKKAL _ N01 _ GAL~a _ N01 _ TUR _ N01 _ GAL~a _ SZA _ N01 _ GAL~a _ N01 _ GAL~a _ GISZGAL _ N01 _ GAL~a _ |ZATU737xDI| _ N01",27,2.54358260366667,2.05521041334554,0.37037037037037,"0"
"P000528","NI~b# _ 1(N01) _ 10(N58) _ NI~b _ 1(N01) _ IR~a _ 1(N01) _ NE~a _ IR~a _ 1(N01) _ DIN _ IR~a _ NI~b _ 1(N01) _ GAN~a# _ 1(N01) _ 3(N57)# _ GAN~a _ 1(N01) _ E2~a _ GAN~a# _ 1(N01) _ |DUG~bxSZE~a|# _ 1(N01) _ |DUG~bxBALA~a|# _ 1(N01) _ |DUG~bxX|# _ 1(N01) _ |DUG~bxTAK4~a|# _ 1(N01) _ |DUG~bxSA~a| _ 1(N01) _ |DUG~bxSIG7| _ 1(N01) _ |DUG~bxZATU764| _ 1(N01) _ |DUG~bxTI|# _ 1(N01) _ |DUG~bxMASZ| _ 1(N01) _ |DUG~bx(SI4~a.X)|# _ 1(N01) _ |DUG~bxGA~b| _ 1(N01)# _ |DUG~bxX|# _ 1(N01)# _ 1(N01)# _ 1(N01)# _ 1(N01) _ 1(N01) _ GAN~b# _ 1(N01) _ GI _ GAN~b _ 1(N01) _ BAPPIR~d# _ 1(N01) _ DUG~b#","NI~b _ N01 _ N58 N58 N58 N58 N58 N58 N58 N58 N58 N58 _ NI~b _ N01 _ IR~a _ N01 _ NE~a _ IR~a _ N01 _ DIN _ IR~a _ NI~b _ N01 _ GAN~a _ N01 _ N57 N57 N57 _ GAN~a _ N01 _ E2~a _ GAN~a _ N01 _ |DUG~bxSZE~a| _ N01 _ |DUG~bxBALA~a| _ N01 _ |DUG~bxX| _ N01 _ |DUG~bxTAK4~a| _ N01 _ |DUG~bxSA~a| _ N01 _ |DUG~bxSIG7| _ N01 _ |DUG~bxZATU764| _ N01 _ |DUG~bxTI| _ N01 _ |DUG~bxMASZ| _ N01 _ |DUG~bx(SI4~a.X)| _ N01 _ |DUG~bxGA~b| _ N01 _ |DUG~bxX| _ N01 _ N01 _ N01 _ N01 _ N01 _ GAN~b _ N01 _ GI _ GAN~b _ N01 _ BAPPIR~d _ N01 _ DUG~b",69,3.43286078263409,2.97720080427723,0.347826086956522,"0.220588235294118"
"P000529","1(N01)# _ 1(N01) _ SZAKIR~b# _ 1(N01)#","N01 _ N01 _ SZAKIR~b _ N01",4,0.811278124459133,0.771240625180289,0.5,"0.333333333333333"
"P000533","NI2# _ 1(N01)# _ E2~a# _ 1(N01)# _ IR~a _ E2~a _ 1(N01)# _ ERIM2 _ 1(N01)# _ SUSA# _ 1(N01)# _ TU~a# _ MUSZEN# _ PAP~a _ |GA2~bxDUB~a| _ NUN~a _ 1(N01) _ NA~a# _ E2~a _ 1(N01) _ GISZIMMAR~a2 _ 1(N01) _ |AB~axASZ2|# _ 1(N01) _ SIG7 _ NIMGIR _ 1(N01) _ BA _ U2~b _ ZATU647# _ NAGA~a _ MUSZEN _ 1(N01) _ IM~a# _ 1(N01)# _ 1(N01) _ 1(N01) _ 1(N01) _ AB~a _ TE _ 1(N01) _ BAR _ 1(N57) _ AB~a _ 1(N01) _ GI# _ DUR2 _ E2~a# _ 1(N01) _ BAHAR2~b _ NUNUZ~a1 _ E2~a# _ 1(N01)# _ TILLA2# _ 1(N01)","NI2 _ N01 _ E2~a _ N01 _ IR~a _ E2~a _ N01 _ ERIM2 _ N01 _ SUSA _ N01 _ TU~a _ MUSZEN _ PAP~a _ |GA2~bxDUB~a| _ NUN~a _ N01 _ NA~a _ E2~a _ N01 _ GISZIMMAR~a2 _ N01 _ |AB~axASZ2| _ N01 _ SIG7 _ NIMGIR _ N01 _ BA _ U2~b _ ZATU647 _ NAGA~a _ MUSZEN _ N01 _ IM~a _ N01 _ N01 _ N01 _ N01 _ AB~a _ TE _ N01 _ BAR _ N57 _ AB~a _ N01 _ GI _ DUR2 _ E2~a _ N01 _ BAHAR2~b _ NUNUZ~a1 _ E2~a _ N01 _ TILLA2 _ N01",55,3.92593785221222,3.29015400279024,0.545454545454545,"0.0555555555555556"
"P000534","GI# _ UNUG~a# _ NANSZE~b _ USZUR3~b1 _ TUM~a# _ RU# _ 1(N01) _ ABZU# _ 1(N01) _ U4 _ UR2 _ 1(N01) _ TIDNUM _ 1(N01) _ PAD~a# _ 1(N01) _ NE~a# _ 1(N01) _ NINLIL# _ 1(N01) _ |E2~bx1(N57)@t| _ 1(N01) _ 1(N01) _ AN# _ NI~b# _ 1(N01) _ ASAR# _ 1(N01) _ AN# _ BU~a# _ DU6~a _ 1(N01) _ GI _ TAK4~a _ 1(N01) _ BU~a# _ KI _ 1(N01) _ 1(N01) _ DUR2# _ GI# _ 1(N01) _ E2~a _ BAHAR2~b _ NUNUZ~a1# _ 1(N01) _ TILLA2","GI _ UNUG~a _ NANSZE~b _ USZUR3~b1 _ TUM~a _ RU _ N01 _ ABZU _ N01 _ U4 _ UR2 _ N01 _ TIDNUM _ N01 _ PAD~a _ N01 _ NE~a _ N01 _ NINLIL _ N01 _ |E2~bx1(N57)@t| _ N01 _ N01 _ AN _ NI~b _ N01 _ ASAR _ N01 _ AN _ BU~a _ DU6~a _ N01 _ GI _ TAK4~a _ N01 _ BU~a _ KI _ N01 _ N01 _ DUR2 _ GI _ N01 _ E2~a _ BAHAR2~b _ NUNUZ~a1 _ N01 _ TILLA2",47,3.88987064309425,3.16834287512817,0.574468085106383,"0.0434782608695652"
"P000538","TUN3~a# _ TUN3~a# _ 1(N01) _ NAGAR~b _ TAK4~a _ AN _ 1(N01) _ NAGAR~b _ TAK4~a# _ GUR# _ 1(N01) _ NAGAR~b _ TAK4~a# _ NAGAR~b# _ BUR~a# _ NU# _ 1(N01) _ NU _ AN _ A# _ 1(N01) _ NU# _ KU6~a# _ 1(N01)#","TUN3~a _ TUN3~a _ N01 _ NAGAR~b _ TAK4~a _ AN _ N01 _ NAGAR~b _ TAK4~a _ GUR _ N01 _ NAGAR~b _ TAK4~a _ NAGAR~b _ BUR~a _ NU _ N01 _ NU _ AN _ A _ N01 _ NU _ KU6~a _ N01",24,3.04248125036058,2.1002360974727,0.416666666666667,"0.0434782608695652"
"P000539","|ZATU737xX|# _ 1(N01) _ GAL~a# _ 1(N01) _ SZIDIM# _ NIGIN# _ 1(N01)# _ GAL~a# _ KAK~a _ KAK~a _ GAL~a# _ SZAGAN# _ 1(N01) _ 1(N01) _ KU~b2 _ 1(N01) _ GAL~a#","|ZATU737xX| _ N01 _ GAL~a _ N01 _ SZIDIM _ NIGIN _ N01 _ GAL~a _ KAK~a _ KAK~a _ GAL~a _ SZAGAN _ N01 _ N01 _ KU~b2 _ N01 _ GAL~a",17,2.58688784099581,1.88888577052594,0.470588235294118,"0.125"
"P000540","1(N01) _ ILDUM~b# _ 1(N01) _ TAK4~a# _ 1(N01) _ |AB~axZATU659|# _ 1(N01) _ NIN# _ NUN~a# _ 1(N01) _ URU~a1# _ 1(N01) _ 1(N01) _ GI4~a# _ 1(N01) _ GAN2# _ GI4~a# _ 1(N01) _ GAN2# _ BU~a# _ GI4~a# _ 1(N01) _ BAD3~a# _ 1(N01) _ 1(N01)","N01 _ ILDUM~b _ N01 _ TAK4~a _ N01 _ |AB~axZATU659| _ N01 _ NIN _ NUN~a _ N01 _ URU~a1 _ N01 _ N01 _ GI4~a _ N01 _ GAN2 _ GI4~a _ N01 _ GAN2 _ BU~a _ GI4~a _ N01 _ BAD3~a _ N01 _ N01",25,2.65287868934203,2.18245089280811,0.44,"0.0833333333333333"
"P000542","1(N01)# _ NAMESZDA# _ 1(N01)# _ NAM2# _ KAB# _ NAM2# _ DI# _ NAM2# _ NAM2# _ 1(N01)# _ GAL~a _ 1(N01) _ SIG2~b _ GA~a _ 1(N01) _ GAL~a# _ 1(N01)# _ GAL~a# _ NIM~a#","N01 _ NAMESZDA _ N01 _ NAM2 _ KAB _ NAM2 _ DI _ NAM2 _ NAM2 _ N01 _ GAL~a _ N01 _ SIG2~b _ GA~a _ N01 _ GAL~a _ N01 _ GAL~a _ NIM~a",19,2.76031369731251,1.98554279921989,0.473684210526316,"0.0555555555555556"
"P000543","1(N01) _ AB2# _ 1(N01) _ U4# _ AB2 _ 1(N01) _ GI6# _ AB2 _ 1(N01) _ SZU# _ AB2 _ 1(N01) _ AB2# _ 1(N01) _ SIG7 _ SIG2~a2 _ AB2# _ 1(N01) _ SIG7 _ SIG2~a2 _ GI6 _ AB2# _ 1(N01) _ SZAH2~a _ AB2# _ 1(N01) _ 3(N57) _ ZAG~a#","N01 _ AB2 _ N01 _ U4 _ AB2 _ N01 _ GI6 _ AB2 _ N01 _ SZU _ AB2 _ N01 _ AB2 _ N01 _ SIG7 _ SIG2~a2 _ AB2 _ N01 _ SIG7 _ SIG2~a2 _ GI6 _ AB2 _ N01 _ SZAH2~a _ AB2 _ N01 _ N57 N57 N57 _ ZAG~a",30,2.79741684510371,2.03091494113264,0.333333333333333,"0.0689655172413793"
"P000544","NIM~b1# _ MUN~b# _ MUN~b# _ AN _ SZITA~b1 _ 1(N01)# _ 1(N01) _ AN# _ 1(N01) _ 1(N01)# _ AN#","NIM~b1 _ MUN~b _ MUN~b _ AN _ SZITA~b1 _ N01 _ N01 _ AN _ N01 _ N01 _ AN",11,2.11807820934971,1.38477779378542,0.454545454545455,"0.3"
"P000545","1(N01)# _ NI~a# _ 1(N01) _ DUG~b# _ 1(N01) _ DUG~c# _ 1(N01)# _ 1(N01)# _ 1(N01)# _ 1(N01)#","N01 _ NI~a _ N01 _ DUG~b _ N01 _ DUG~c _ N01 _ N01 _ N01 _ N01",10,1.35677964944704,1.31596909741453,0.4,"0.333333333333333"
"P000546","1(N01) _ GIR2~a# _ SZA3~a1# _ 1(N01) _ AN# _ GIR2~a _ SZA3~a1# _ GIR2~a#","N01 _ GIR2~a _ SZA3~a1 _ N01 _ AN _ GIR2~a _ SZA3~a1 _ GIR2~a",8,1.90563906222957,1.20902777794305,0.5,"0"
"P000547","1(N01) _ 1(N01) _ 1(N01) _ GAL~a# _ 1(N01) _ GAL~a#","N01 _ N01 _ N01 _ GAL~a _ N01 _ GAL~a",6,0.918295834054489,0.89315642205838,0.333333333333333,"0.4"
"P000548","GISZ# _ RU _ A _ 1(N01) _ GISZ#","GISZ _ RU _ A _ N01 _ GISZ",5,1.92192809488736,1.14918530963297,0.8,"0"
"P000549","1(N01) _ 1(N01) _ 1(N01) _ 1(N01) _ SZU# _ URI3~a# _ 1(N01) _ RU# _ 1(N01) _ SAG# _ 1(N01) _ 1(N01) _ GESZTU~b# _ ZATU714# _ 1(N01) _ TUM~b# _ 1(N01) _ 1(N01) _ EN~a _ 1(N01) _ 1(N01) _ AN# _ EN~a# _ DUB~a#","N01 _ N01 _ N01 _ N01 _ SZU _ URI3~a _ N01 _ RU _ N01 _ SAG _ N01 _ N01 _ GESZTU~b _ ZATU714 _ N01 _ TUM~b _ N01 _ N01 _ EN~a _ N01 _ N01 _ AN _ EN~a _ DUB~a",24,2.4972243200614,2.30379161175205,0.458333333333333,"0.260869565217391"
"P000550","1(N01) _ 1(N01) _ 1(N01) _ DA~a# _ KISZ# _ 1(N14) _ GA~b# _ 1(N14) _ GARA2~a _ 1(N14) _ AB2 _ 1(N01) _ GU4 _ U8 _ 1(N01) _ 1(N45) _ 1(N45) _ KI _ 1(N01) _ 1(N01)","N01 _ N01 _ N01 _ DA~a _ KISZ _ N14 _ GA~b _ N14 _ GARA2~a _ N14 _ AB2 _ N01 _ GU4 _ U8 _ N01 _ N45 _ N45 _ KI _ N01 _ N01",20,3.00160949705903,2.29206824656196,0.55,"0.210526315789474"
"P000551","1(N01) _ 1(N01) _ ISZ~b _ 1(N01) _ NAR _ 1(N01) _ UB# _ SZA3~a1# _ 1(N01) _ GAR# _ 3(N01)# _ 4(N01) _ AN# _ GIR2~a# _ 1(N14)","N01 _ N01 _ ISZ~b _ N01 _ NAR _ N01 _ UB _ SZA3~a1 _ N01 _ GAR _ N01 N01 N01 _ N01 N01 N01 N01 _ AN _ GIR2~a _ N14",20,2.17095059445467,1.9520317692975,0.45,"0.368421052631579"
"P000552","2(N34)# _ 6(N14)# _ 3(N01) _ EN~a# _ SU~a _ SAL _ |GA2~a1xTI|#","N34 N34 _ N14 N14 N14 N14 N14 N14 _ N01 N01 N01 _ EN~a _ SU~a _ SAL _ |GA2~a1xTI|",15,2.42257976184249,1.90008111508552,0.466666666666667,"0.571428571428571"
"P000553","1(N01) _ NAGA~a _ DU _ PAP~a","N01 _ NAGA~a _ DU _ PAP~a",4,2,1.14624062518029,1,"0"
"P000554","1(N01) _ 1(N01) _ ENKUM# _ NINKUM# _ 1(N01) _ GAL~a# _ SANGA~a# _ SUHUR# _ SANGA~a# _ SUHUR _ 1(N01) _ MAR~a# _ APIN~a _ 1(N01) _ 1(N01) _ KAK~a# _ 1(N01)# _ 1(N01) _ DU# _ 1(N01) _ GAL~a _ 1(N01) _ NESAG2~a _ 1(N01) _ BARA3 _ ZAG~a# _ 1(N01) _ DILMUN _ ZAG~a _ 1(N01) _ GAL~a# _ KISAL~b1# _ 1(N01) _ KUR~a _ 1(N01)# _ BA# _ KU~b2# _ DU6~b#","N01 _ N01 _ ENKUM _ NINKUM _ N01 _ GAL~a _ SANGA~a _ SUHUR _ SANGA~a _ SUHUR _ N01 _ MAR~a _ APIN~a _ N01 _ N01 _ KAK~a _ N01 _ N01 _ DU _ N01 _ GAL~a _ N01 _ NESAG2~a _ N01 _ BARA3 _ ZAG~a _ N01 _ DILMUN _ ZAG~a _ N01 _ GAL~a _ KISAL~b1 _ N01 _ KUR~a _ N01 _ BA _ KU~b2 _ DU6~b",38,3.42271050196224,2.79037438408648,0.5,"0.0810810810810811"
"P000555","1(N01)# _ AB~a# _ ME~a# _ 1(N01)# _ GAL~a# _ |1(N58).BAD~a|# _ 1(N01)# _ EN~a# _ IB~a# _ 1(N01)# _ GAL~a# _ 1(N01)# _ ABGAL# _ 1(N01)# _ 1(N01)# _ AB~a# _ 1(N01)# _ GAL~a# _ 1(N01)# _ GAL~a# _ 1(N01)# _ TUR# _ 1(N34)","N01 _ AB~a _ ME~a _ N01 _ GAL~a _ |1(N58).BAD~a| _ N01 _ EN~a _ IB~a _ N01 _ GAL~a _ N01 _ ABGAL _ N01 _ N01 _ AB~a _ N01 _ GAL~a _ N01 _ GAL~a _ N01 _ TUR _ N34",23,2.64446278436686,1.98673885223256,0.434782608695652,"0.0454545454545455"
"P000556","UD5~a# _ 1(N01)# _ 1(N01)# _ AN _ 1(N01)# _ 1(N01)# _ 1(N01)","UD5~a _ N01 _ N01 _ AN _ N01 _ N01 _ N01",7,1.14883485428092,0.975969844275079,0.428571428571429,"0.5"
"P000557","1(N01) _ 1(N01)# _ SANGA~a# _ SUHUR# _ 1(N01) _ GAL~a# _ SUHUR# _ 1(N01) _ MAR~a _ APIN~a# _ 1(N01)# _ 1(N01) _ DILMUN# _ 1(N01)#","N01 _ N01 _ SANGA~a _ SUHUR _ N01 _ GAL~a _ SUHUR _ N01 _ MAR~a _ APIN~a _ N01 _ N01 _ DILMUN _ N01",14,2.26082031817166,1.80773353011746,0.5,"0.153846153846154"
"P000558","1(N01) _ NAGAR~b _ SZITA~b1# _ 1(N01) _ NAGAR~b _ AN _ SZITA~b1# _ NAGAR~b# _ 1(N01)# _ 1(N01)# _ AN","N01 _ NAGAR~b _ SZITA~b1 _ N01 _ NAGAR~b _ AN _ SZITA~b1 _ NAGAR~b _ N01 _ N01 _ AN",11,1.93626002753153,1.35244323036954,0.363636363636364,"0.1"
"P000560","1(N01)# _ GAL~a# _ SZA _ 1(N01)# _ GAL~a# _ ERIN# _ 1(N01)# _ GAL~a# _ GISZGAL# _ 1(N01)# _ GAL~a# _ |ZATU737xDI|# _ |ZATU737xDI|# _ SANGA~a# _ |ZATU737xU4|# _ 1(N01)# _ SANGA~a# _ |ZATU737xSAL| _ 1(N01)# _ GAL~a# _ GAL~a# _ ENKUM# _ 1(N01)# _ NINKUM# _ 1(N01)# _ GAL~a# _ ISZ~a# _ 1(N01)# _ DUB~a# _ SANGA~a# _ 1(N01)# _ 1(N01)# _ 1(N01)#","N01 _ GAL~a _ SZA _ N01 _ GAL~a _ ERIN _ N01 _ GAL~a _ GISZGAL _ N01 _ GAL~a _ |ZATU737xDI| _ |ZATU737xDI| _ SANGA~a _ |ZATU737xU4| _ N01 _ SANGA~a _ |ZATU737xSAL| _ N01 _ GAL~a _ GAL~a _ ENKUM _ N01 _ NINKUM _ N01 _ GAL~a _ ISZ~a _ N01 _ DUB~a _ SANGA~a _ N01 _ N01 _ N01",33,2.94057830223056,2.41666991673275,0.393939393939394,"0.125"
"P000561","AB2# _ 1(N01) _ GA~b# _ AMAR _ 1(N14) _ SUHUR _ 1(N14)# _ KAR2~b _ KAD4~a#","AB2 _ N01 _ GA~b _ AMAR _ N14 _ SUHUR _ N14 _ KAR2~b _ KAD4~a",9,2.94770277922009,1.89616172875564,0.888888888888889,"0"
"P000562","DA~a# _ KISZ# _ 1(N14)# _ GA~b# _ 1(N14)# _ GARA2~a# _ 1(N14)# _ AB2# _ GU4# _ 5(N01)# _ 5(N01)# _ HALUB# _ 5(N01)# _ MUSZEN# _ SZE~a# _ SI4~a#","DA~a _ KISZ _ N14 _ GA~b _ N14 _ GARA2~a _ N14 _ AB2 _ GU4 _ N01 N01 N01 N01 N01 _ N01 N01 N01 N01 N01 _ HALUB _ N01 N01 N01 N01 N01 _ MUSZEN _ SZE~a _ SI4~a",28,2.54456040647577,1.96479805757556,0.428571428571429,"0.481481481481481"
"P000563","NINKUM# _ GAL~a# _ ISZ~a _ 1(N01)# _ DU# _ 1(N01) _ GAL~a#","NINKUM _ GAL~a _ ISZ~a _ N01 _ DU _ N01 _ GAL~a",7,2.23592635062903,1.37186418671399,0.714285714285714,"0"
"P000564","NAM2# _ E2~b#","NAM2 _ E2~b",2,1,0.5,1,"0"
"P000565","KU6~a _ DUR2 _ SI# _ 1(N57)# _ KU6~a# _ 1(N02)# _ KU6~a# _ 1(N01)# _ KID~a _ 1(N01)","KU6~a _ DUR2 _ SI _ N57 _ KU6~a _ N02 _ KU6~a _ N01 _ KID~a _ N01",10,2.64643934467102,1.75654555588008,0.7,"0"
"P000566","1(N01) _ SZE~a# _ 1(N01) _ 1(N01) _ 1(N01) _ 1(N01) _ 1(N01) _ 1(N01) _ 1(N01) _ SZE~a# _ 1(N01) _ 1(N01) _ 1(N01) _ KA~a# _ ZAG~a# _ 1(N01) _ UB# _ SAG# _ ZAG~a# _ 1(N01) _ SZENNUR~a# _ 1(N01) _ |EZEN~axSU~a|# _ 1(N01) _ 1(N01) _ 1(N01) _ KI# _ 1(N01) _ KI# _ 1(N01) _ KI# _ 1(N01) _ KI# _ 1(N01) _ KI# _ 1(N01) _ KI# _ 1(N01) _ KI# _ 1(N01) _ 1(N01) _ SAL# _ 1(N01) _ 1(N01) _ 1(N01) _ EN~a# _ KI# _ 1(N01) _ KI# _ 1(N01) _ EN~a# _ BA# _ ZATU647# _ KI# _ 1(N01) _ NUN~a# _ KI# _ 1(N01) _ 1(N02)# _ KI# _ 1(N01) _ 1(N01) _ KI# _ 1(N01) _ KI# _ 1(N01) _ KI# _ 1(N01) _ 1(N01) _ 1(N01) _ 1(N01) _ 1(N01) _ 1(N01) _ 1(N01) _ ANSZE~b# _ KI# _ 1(N01) _ NAM2# _ ERIN# _ KI# _ 1(N01) _ KI# _ 1(N01) _ MUD# _ KI# _ 1(N01) _ KI# _ 1(N01) _ PAP~a# _ KI# _ 1(N01) _ KI# _ 1(N01) _ KI# _ 1(N01) _ 1(N01) _ 1(N01) _ KI# _ 1(N01) _ PAP~a# _ PIRIG~b1# _ KI# _ 1(N01) _ ASAR# _ PAP~a# _ KI# _ 1(N01) _ SAG# _ KI# _ 1(N01) _ PIRIG~b1# _ KI# _ 1(N01) _ GI# _ KI# _ 1(N01)","N01 _ SZE~a _ N01 _ N01 _ N01 _ N01 _ N01 _ N01 _ N01 _ SZE~a _ N01 _ N01 _ N01 _ KA~a _ ZAG~a _ N01 _ UB _ SAG _ ZAG~a _ N01 _ SZENNUR~a _ N01 _ |EZEN~axSU~a| _ N01 _ N01 _ N01 _ KI _ N01 _ KI _ N01 _ KI _ N01 _ KI _ N01 _ KI _ N01 _ KI _ N01 _ KI _ N01 _ N01 _ SAL _ N01 _ N01 _ N01 _ EN~a _ KI _ N01 _ KI _ N01 _ EN~a _ BA _ ZATU647 _ KI _ N01 _ NUN~a _ KI _ N01 _ N02 _ KI _ N01 _ N01 _ KI _ N01 _ KI _ N01 _ KI _ N01 _ N01 _ N01 _ N01 _ N01 _ N01 _ N01 _ ANSZE~b _ KI _ N01 _ NAM2 _ ERIN _ KI _ N01 _ KI _ N01 _ MUD _ KI _ N01 _ KI _ N01 _ PAP~a _ KI _ N01 _ KI _ N01 _ KI _ N01 _ N01 _ N01 _ KI _ N01 _ PAP~a _ PIRIG~b1 _ KI _ N01 _ ASAR _ PAP~a _ KI _ N01 _ SAG _ KI _ N01 _ PIRIG~b1 _ KI _ N01 _ GI _ KI _ N01",116,2.52425447553092,2.35062264629637,0.198275862068966,"0.191304347826087"
"P000567","ZATU777# _ SZE3 _ UDU~a _ ZATU777# _ GU4#","ZATU777 _ SZE3 _ UDU~a _ ZATU777 _ GU4",5,1.92192809488736,1.1813781191217,0.8,"0"
"P000568","1(N01) _ SI _ MUSZEN _ 1(N01) _ GISZ3~b _ MUSZEN _ 1(N01) _ MUSZEN#","N01 _ SI _ MUSZEN _ N01 _ GISZ3~b _ MUSZEN _ N01 _ MUSZEN",8,1.81127812445913,1.20902777794305,0.5,"0"
"P000569","1(N01)# _ SAL _ NE~a# _ 1(N01)# _ AL# _ GAR _ 1(N01)#","N01 _ SAL _ NE~a _ N01 _ AL _ GAR _ N01",7,2.12808527889139,1.41364722247978,0.714285714285714,"0"
"P000570","GIR2~a# _ NAGA~a _ E2~a _ NAGA~a#","GIR2~a _ NAGA~a _ E2~a _ NAGA~a",4,1.5,0.896240625180289,0.75,"0"
"P000571","URU~a1# _ 1(N01) _ NAM2 _ ERIN# _ 1(N01)# _ GAL~a#","URU~a1 _ N01 _ NAM2 _ ERIN _ N01 _ GAL~a",6,2.25162916738782,1.38848150814767,0.833333333333333,"0"
"P000572","NAM2# _ DI# _ 1(N01) _ NAM2 _ NAM2 _ 1(N01) _ NAM2# _ URU~a1 _ 1(N01) _ NAM2 _ ERIN# _ EN~a# _ IB~a# _ 1(N01)# _ GAL~a# _ SZITA~a1 _ 1(N01)# _ ABGAL# _ 1(N01)# _ KINGAL# _ 1(N01)# _ GAL~a# _ 1(N34)","NAM2 _ DI _ N01 _ NAM2 _ NAM2 _ N01 _ NAM2 _ URU~a1 _ N01 _ NAM2 _ ERIN _ EN~a _ IB~a _ N01 _ GAL~a _ SZITA~a1 _ N01 _ ABGAL _ N01 _ KINGAL _ N01 _ GAL~a _ N34",23,3.07742608958571,2.3548346796293,0.521739130434783,"0.0454545454545455"
"P000573","1(N01) _ KISIM~b# _ 1(N01) _ NI~b _ 1(N01) _ HI _ NI~b _ 1(N01) _ |NI~bx4(N57)| _ 1(N01)# _ 1(N01) _ |DUG~bxX|# _ 1(N01)","N01 _ KISIM~b _ N01 _ NI~b _ N01 _ HI _ NI~b _ N01 _ |NI~bx4(N57)| _ N01 _ N01 _ |DUG~bxX| _ N01",13,2.03494091395623,1.68999846081084,0.461538461538462,"0.0833333333333333"
"P000575","IDIGNA# _ ISZ~b _ 1(N01)# _ 1(N01) _ TUR _ SIG2~a1# _ 1(N01) _ GI# _ 1(N01)","IDIGNA _ ISZ~b _ N01 _ N01 _ TUR _ SIG2~a1 _ N01 _ GI _ N01",9,2.28103611255342,1.60894367311996,0.666666666666667,"0.125"
"P000576","EN~a# _ IB~a# _ GAL~a# _ SZITA~a1 _ ABGAL _ 1(N01)# _ KINGAL# _ 1(N01)# _ GAL~a _ TE# _ GAL~a _ SUKKAL# _ 1(N01)# _ 1(N01)#","EN~a _ IB~a _ GAL~a _ SZITA~a1 _ ABGAL _ N01 _ KINGAL _ N01 _ GAL~a _ TE _ GAL~a _ SUKKAL _ N01 _ N01",14,2.89629152904593,1.9839053031525,0.642857142857143,"0.0769230769230769"
"P000577","MUSZEN# _ MUSZEN# _ MUSZEN# _ MUSZ# _ MUSZEN# _ NI2# _ MUSZEN# _ 1(N01) _ SZA _ MUSZEN _ 1(N01) _ ZI~a _ BA _ MUSZEN _ 1(N01) _ DU _ IR~a _ MUSZEN _ 1(N01)# _ UR5~b# _ 1(N01) _ UR5~b _ MUSZEN# _ 1(N01) _ NAGA~a _ U2~b _ MUSZEN _ 1(N01) _ NAGA~a _ U2~b _ UR5~b# _ MUSZEN _ 1(N01)#","MUSZEN _ MUSZEN _ MUSZEN _ MUSZ _ MUSZEN _ NI2 _ MUSZEN _ N01 _ SZA _ MUSZEN _ N01 _ ZI~a _ BA _ MUSZEN _ N01 _ DU _ IR~a _ MUSZEN _ N01 _ UR5~b _ N01 _ UR5~b _ MUSZEN _ N01 _ NAGA~a _ U2~b _ MUSZEN _ N01 _ NAGA~a _ U2~b _ UR5~b _ MUSZEN _ N01",33,2.89867789792895,2.19308439528021,0.363636363636364,"0.0625"
"P000578","SZE~a# _ SZE~a@t _ A _ |SZE~a&SZE~a|# _ 1(N01) _ 1(N01)","SZE~a _ SZE~a@t _ A _ |SZE~a&SZE~a| _ N01 _ N01",6,2.25162916738782,1.36656197432818,0.833333333333333,"0.2"
"P000579","DA~a# _ GA~b _ GARA2~a# _ AB2# _ 1(N01)# _ 1(N01)# _ NAR _ 1(N01) _ UB _ SZA3~a1# _ 1(N01) _ GAR _ 5(N01) _ MUNU3# _ 5(N01) _ GAZI# _ 5(N01)#","DA~a _ GA~b _ GARA2~a _ AB2 _ N01 _ N01 _ NAR _ N01 _ UB _ SZA3~a1 _ N01 _ GAR _ N01 N01 N01 N01 N01 _ MUNU3 _ N01 N01 N01 N01 N01 _ GAZI _ N01 N01 N01 N01 N01",29,2.0748560725266,1.84838084744789,0.379310344827586,"0.464285714285714"
"P000580","1(N01) _ 1(N01)# _ SZELU# _ 1(N01) _ GISZIMMAR~b1# _ 1(N01) _ GISZIMMAR~b1 _ ME~a","N01 _ N01 _ SZELU _ N01 _ GISZIMMAR~b1 _ N01 _ GISZIMMAR~b1 _ ME~a",8,1.75,1.33402777794305,0.5,"0.142857142857143"
"P000581","MES _ SZU# _ SZA# _ 1(N01) _ LI#","MES _ SZU _ SZA _ N01 _ LI",5,2.32192809488736,1.3813781191217,1,"0"
"P000582","1(N01) _ GAL~a _ IM~a _ 1(N01) _ TUR _ IM~a _ GAL~a# _ SZA# _ GAL~a# _ ERIN# _ 1(N01) _ GAL~a# _ SANGA~a# _ 1(N01) _ DUB~a# _ 1(N01) _ SUG5# _ 1(N01) _ UB# _ 1(N01)# _ AN# _ 1(N01)# _ 1(N01)# _ 1(N01)# _ AN#","N01 _ GAL~a _ IM~a _ N01 _ TUR _ IM~a _ GAL~a _ SZA _ GAL~a _ ERIN _ N01 _ GAL~a _ SANGA~a _ N01 _ DUB~a _ N01 _ SUG5 _ N01 _ UB _ N01 _ AN _ N01 _ N01 _ N01 _ AN",25,2.83508495181978,2.25127811368281,0.44,"0.0833333333333333"
"P000583","1(N01)# _ KISIM~b# _ 1(N01) _ NI~b _ HI# _ NI~b _ NI~b# _ 1(N01) _ |DUG~bxKASKAL|# _ 1(N01) _ KASZ~b _ 1(N01) _ |DUG~bxX|# _ 1(N01)#","N01 _ KISIM~b _ N01 _ NI~b _ HI _ NI~b _ NI~b _ N01 _ |DUG~bxKASKAL| _ N01 _ KASZ~b _ N01 _ |DUG~bxX| _ N01",14,2.35987902873686,1.85696336812079,0.5,"0.0769230769230769"
"P000584","1(N01) _ GA'AR~a1# _ 1(N01)# _ SZE3@t _ GA'AR~a1# _ GA'AR~a1 _ GA'AR~a1#","N01 _ GA'AR~a1 _ N01 _ SZE3@t _ GA'AR~a1 _ GA'AR~a1 _ GA'AR~a1",7,1.37878349348618,1.09280057274195,0.428571428571429,"0.333333333333333"
"P000585","MA _ 1(N01) _ HASZHUR# _ 1(N01) _ ZATU735~b# _ 1(N01) _ |HASZHURxMA|# _ 1(N01) _ GISZ _ 1(N01) _ 1(N01) _ |SILA3~axNAGA~a| _ 1(N01) _ EN~a# _ 1(N01)# _ 1(N01) _ SZE~a _ 1(N01) _ KUSZU2~b _ 1(N01) _ 1(N01) _ 1(N01)# _ 1(N01)","MA _ N01 _ HASZHUR _ N01 _ ZATU735~b _ N01 _ |HASZHURxMA| _ N01 _ GISZ _ N01 _ N01 _ |SILA3~axNAGA~a| _ N01 _ EN~a _ N01 _ N01 _ SZE~a _ N01 _ KUSZU2~b _ N01 _ N01 _ N01 _ N01",23,2.2060415687176,2.07328370951427,0.434782608695652,"0.227272727272727"
"P000586","1(N01) _ 1(N01) _ E2~b _ 1(N01) _ 1(N01) _ PAP~a _ |SILA3~bxNI~b| _ 1(N01) _ 1(N01) _ 1(N01) _ 1(N01) _ AN _ NU11","N01 _ N01 _ E2~b _ N01 _ N01 _ PAP~a _ |SILA3~bxNI~b| _ N01 _ N01 _ N01 _ N01 _ AN _ NU11",13,1.85428587198725,1.65261382291547,0.461538461538462,"0.416666666666667"
"P000587","SAG _ 1(N01) _ KU3~a _ E2~a# _ |1(N57).SZUBUR|# _ 1(N01) _ SZEN~c","SAG _ N01 _ KU3~a _ E2~a _ |1(N57).SZUBUR| _ N01 _ SZEN~c",7,2.52164063634332,1.57238953828953,0.857142857142857,"0"
"P000588","1(N01) _ 1(N01) _ SZELU# _ 1(N01)","N01 _ N01 _ SZELU _ N01",4,0.811278124459133,0.771240625180289,0.5,"0.333333333333333"
"P000589","1(N01)# _ NAM2# _ KAB# _ 1(N01)# _ NAM2# _ DI _ 1(N01)# _ NAM2 _ NAM2 _ 1(N01) _ NAM2 _ URU~a1 _ 1(N01) _ NAM2 _ ERIN _ 1(N01) _ GAL~a _ SZUBUR _ 1(N01) _ EN~a _ IB~a _ 1(N01) _ GAL~a _ SZITA~a1 _ 1(N01) _ ABGAL# _ 1(N01) _ 1(N01) _ GAL~a _ TE _ 1(N01) _ GAL~a# _ SUKKAL# _ 1(N01) _ SUKKAL# _ GADA~a# _ 1(N01) _ GAL~a _ GA~a _ 1(N01) _ SIG2~a1 _ GA~a _ 1(N01) _ GAL~a _ 1(N01) _ GAL~a _ 1(N01) _ GAL~a _ SILA4~a _ 1(N01) _ GAL~a# _ SZAB~a# _ 1(N01) _ BU~a# _ GAL~a# _ NESAG2~b# _ 1(N01) _ GAL~a# _ 1(N01) _ GAL~a# _ UMUN2# _ 1(N01) _ 1(N01) _ UMUN2 _ SANGA~a _ 1(N01) _ UMUN2 _ KU3~a _ 1(N01) _ GAL~a _ AK~a# _ 1(N01) _ 1(N01) _ 1(N01) _ GAL~a# _ SZA _ 1(N01) _ GAL~a# _ ERIN _ 1(N01) _ GAL~a# _ GURUSZ~a _ 1(N01) _ GAL~a _ |ZATU737xDI|# _ 1(N01)# _ 1(N01) _ GAL~a# _ 1(N01) _ GAL~a _ 1(N01) _ 1(N01) _ SUG5# _ SAG# _ 1(N01) _ UB _ SAG _ 1(N01) _ ZATU725 _ 1(N01)","N01 _ NAM2 _ KAB _ N01 _ NAM2 _ DI _ N01 _ NAM2 _ NAM2 _ N01 _ NAM2 _ URU~a1 _ N01 _ NAM2 _ ERIN _ N01 _ GAL~a _ SZUBUR _ N01 _ EN~a _ IB~a _ N01 _ GAL~a _ SZITA~a1 _ N01 _ ABGAL _ N01 _ N01 _ GAL~a _ TE _ N01 _ GAL~a _ SUKKAL _ N01 _ SUKKAL _ GADA~a _ N01 _ GAL~a _ GA~a _ N01 _ SIG2~a1 _ GA~a _ N01 _ GAL~a _ N01 _ GAL~a _ N01 _ GAL~a _ SILA4~a _ N01 _ GAL~a _ SZAB~a _ N01 _ BU~a _ GAL~a _ NESAG2~b _ N01 _ GAL~a _ N01 _ GAL~a _ UMUN2 _ N01 _ N01 _ UMUN2 _ SANGA~a _ N01 _ UMUN2 _ KU3~a _ N01 _ GAL~a _ AK~a _ N01 _ N01 _ N01 _ GAL~a _ SZA _ N01 _ GAL~a _ ERIN _ N01 _ GAL~a _ GURUSZ~a _ N01 _ GAL~a _ |ZATU737xDI| _ N01 _ N01 _ GAL~a _ N01 _ GAL~a _ N01 _ N01 _ SUG5 _ SAG _ N01 _ UB _ SAG _ N01 _ ZATU725 _ N01",100,3.42533209920059,3.04066391815569,0.32,"0.0707070707070707"
"P000590","1(N01) _ |(GISZx(DIN.DIN))~c| _ 1(N01)# _ TUM~a _ 1(N01)# _ GISZ _ KUR~c _ 1(N01) _ NUN~b _ A _ 1(N01) _ GESZTIN~a _ 1(N01) _ 1(N01)# _ TAK4~a _ |GIR~b.GIR~b| _ 1(N01) _ TUM~a# _ ANSZE~b# _ 1(N01) _ 1(N01) _ AL# _ 1(N01) _ AL# _ AL# _ AK~a","N01 _ |(GISZx(DIN.DIN))~c| _ N01 _ TUM~a _ N01 _ GISZ _ KUR~c _ N01 _ NUN~b _ A _ N01 _ GESZTIN~a _ N01 _ N01 _ TAK4~a _ |GIR~b.GIR~b| _ N01 _ TUM~a _ ANSZE~b _ N01 _ N01 _ AL _ N01 _ AL _ AL _ AK~a",26,2.97703066786518,2.38182291337073,0.5,"0.12"
"P000591","NI~b# _ IR~a _ IR~a# _ IR~a# _ NI~b# _ 1(N01) _ |DUG~bxSZE~a|# _ 1(N01) _ |DUG~bxBALA~a|# _ 1(N01) _ |DUG~bxKASKAL|# _ 1(N01) _ KASZ~b# _ 1(N01) _ |DUG~bxGESZTU~a|# _ 1(N01) _ |DUG~bxX|# _ 1(N01) _ |DUG~bx(SA~a.GI)| _ 1(N01) _ |DUG~bxNAGA~a| _ 1(N01) _ |DUG~bxX|# _ 1(N01) _ 1(N01) _ |DUG~bxSA~a|# _ 1(N01) _ |DUG~bxSIG7|# _ 1(N01) _ |DUG~bxSIG2~a2|# _ 1(N01) _ |DUG~bxTI| _ 1(N01) _ |DUG~bxMASZ| _ 1(N01) _ |DUG~bxX|# _ 1(N01) _ |DUG~bxX|#","NI~b _ IR~a _ IR~a _ IR~a _ NI~b _ N01 _ |DUG~bxSZE~a| _ N01 _ |DUG~bxBALA~a| _ N01 _ |DUG~bxKASKAL| _ N01 _ KASZ~b _ N01 _ |DUG~bxGESZTU~a| _ N01 _ |DUG~bxX| _ N01 _ |DUG~bx(SA~a.GI)| _ N01 _ |DUG~bxNAGA~a| _ N01 _ |DUG~bxX| _ N01 _ N01 _ |DUG~bxSA~a| _ N01 _ |DUG~bxSIG7| _ N01 _ |DUG~bxSIG2~a2| _ N01 _ |DUG~bxTI| _ N01 _ |DUG~bxMASZ| _ N01 _ |DUG~bxX| _ N01 _ |DUG~bxX|",38,3.03103920282729,2.58748112670263,0.421052631578947,"0.0810810810810811"
"P000593","ERIN# _ 1(N01) _ GA2~a1 _ 1(N01) _ TAK4~a# _ 1(N01)#","ERIN _ N01 _ GA2~a1 _ N01 _ TAK4~a _ N01",6,1.79248125036058,1.19989530766152,0.666666666666667,"0"
"P000594","1(N01) _ 1(N01) _ GAL~a# _ 1(N01)","N01 _ N01 _ GAL~a _ N01",4,0.811278124459133,0.771240625180289,0.5,"0.333333333333333"
"P000595","|DUG~bxTI|# _ 1(N01) _ |DUG~bxMASZ| _ 1(N01) _ |DUG~bxX|# _ |DUG~bxX|# _ 1(N01) _ |DUG~bxGI6|# _ 1(N01) _ |DUG~bxU2~a|# _ |DUG~bxKUR@g~a|# _ 1(N01) _ |DUG~bxSZAH2~a|# _ 1(N01) _ |DUG~bxANSZE~b| _ 1(N01) _ |DUG~bxHI| _ 1(N01) _ |DUG~bxDIN| _ 1(N01) _ SZU2# _ |DUG~bxDIN| _ 1(N01) _ |DUG~bxDIN| _ 1(N01) _ GAN~b# _ 1(N01) _ U2~a# _ 1(N01) _ U2~a _ PU2 _ 1(N01) _ U2~a _ PU2 _ 1(N01) _ U2~a# _ PU2# _ 1(N01) _ U2~a# _ PU2# _ 1(N01) _ GA'AR~a1# _ 1(N01) _ GA'AR~a1#","|DUG~bxTI| _ N01 _ |DUG~bxMASZ| _ N01 _ |DUG~bxX| _ |DUG~bxX| _ N01 _ |DUG~bxGI6| _ N01 _ |DUG~bxU2~a| _ |DUG~bxKUR@g~a| _ N01 _ |DUG~bxSZAH2~a| _ N01 _ |DUG~bxANSZE~b| _ N01 _ |DUG~bxHI| _ N01 _ |DUG~bxDIN| _ N01 _ SZU2 _ |DUG~bxDIN| _ N01 _ |DUG~bxDIN| _ N01 _ GAN~b _ N01 _ U2~a _ N01 _ U2~a _ PU2 _ N01 _ U2~a _ PU2 _ N01 _ U2~a _ PU2 _ N01 _ U2~a _ PU2 _ N01 _ GA'AR~a1 _ N01 _ GA'AR~a1",44,3.1089048458518,2.28416628714056,0.363636363636364,"0.0232558139534884"
"P000597","AB~a _ ME~a _ 1(N01) _ GAL~a _ |1(N58).BAD~a| _ 1(N01) _ EN~a# _ IB~a _ 1(N01) _ GAL~a _ SZITA~a1 _ 1(N01) _ ABGAL# _ 1(N01) _ GAL~a _ NESAG2~a# _ 1(N01) _ GAL~a _ TUR3~a _ 1(N01) _ UMUN2 _ GAL~a _ 1(N01) _ UMUN2# _ ERIN# _ 1(N01) _ UMUN2 _ SANGA~a _ GAL~a# _ 1(N01) _ GAL~a _ SANGA~a _ 1(N01) _ DUB~a# _ SANGA~a# _ 1(N01)# _ NINKUM# _ 1(N01) _ ENKUM# _ 1(N01)","AB~a _ ME~a _ N01 _ GAL~a _ |1(N58).BAD~a| _ N01 _ EN~a _ IB~a _ N01 _ GAL~a _ SZITA~a1 _ N01 _ ABGAL _ N01 _ GAL~a _ NESAG2~a _ N01 _ GAL~a _ TUR3~a _ N01 _ UMUN2 _ GAL~a _ N01 _ UMUN2 _ ERIN _ N01 _ UMUN2 _ SANGA~a _ GAL~a _ N01 _ GAL~a _ SANGA~a _ N01 _ DUB~a _ SANGA~a _ N01 _ NINKUM _ N01 _ ENKUM _ N01",40,3.26032238569895,2.56224122671095,0.425,"0"
"P000598","|DUG~bxX|# _ KASZ~b# _ |DUG~bxGESZTU~a|# _ |DUG~bxX|# _ |DUG~bxX|# _ 1(N01)# _ |DUG~bxZATU764|# _ 1(N01) _ 1(N01) _ |DUG~bxMASZ| _ 1(N01) _ |DUG~bxX|# _ 1(N01)# _ 1(N01) _ 1(N01)","|DUG~bxX| _ KASZ~b _ |DUG~bxGESZTU~a| _ |DUG~bxX| _ |DUG~bxX| _ N01 _ |DUG~bxZATU764| _ N01 _ N01 _ |DUG~bxMASZ| _ N01 _ |DUG~bxX| _ N01 _ N01 _ N01",15,2.0634582986483,1.59505875915433,0.4,"0.285714285714286"
"P000599","SUKKAL# _ SUKKAL# _ GAL~a# _ TUR3~a# _ 1(N01) _ GAL~a _ UMUN2 _ 1(N01) _ ERIN _ UMUN2 _ 1(N01)# _ UB# _ 1(N01)#","SUKKAL _ SUKKAL _ GAL~a _ TUR3~a _ N01 _ GAL~a _ UMUN2 _ N01 _ ERIN _ UMUN2 _ N01 _ UB _ N01",13,2.62351664121802,1.80375840796476,0.538461538461538,"0.0833333333333333"
"P000600","KISIM~b# _ NI~b _ NI~b# _ 1(N01) _ 2(N57)# _ SU~a _ NI~b _ 1(N01) _ E2~a# _ SU~a _ NI~b _ 1(N01) _ GAN~a# _ 1(N01) _ |DUG~bxKASKAL|# _ 1(N01) _ KASZ~b _ 1(N01) _ |DUG~bxGESZTU~a|#","KISIM~b _ NI~b _ NI~b _ N01 _ N57 N57 _ SU~a _ NI~b _ N01 _ E2~a _ SU~a _ NI~b _ N01 _ GAN~a _ N01 _ |DUG~bxKASKAL| _ N01 _ KASZ~b _ N01 _ |DUG~bxGESZTU~a|",20,2.94643934467102,2.12257749353917,0.5,"0.105263157894737"
"P000601","NAMESZDA# _ NAM2# _ KAB _ 1(N01) _ NAM2 _ DI _ NAM2# _ NAM2# _ 1(N01) _ KINGAL# _ 1(N01) _ GAL~a _ 1(N01) _ GAL~a# _ HI _ U4","NAMESZDA _ NAM2 _ KAB _ N01 _ NAM2 _ DI _ NAM2 _ NAM2 _ N01 _ KINGAL _ N01 _ GAL~a _ N01 _ GAL~a _ HI _ U4",16,2.875,2.03126146114047,0.5625,"0.0666666666666667"
"P000602","TUG2~a@g# _ BUR2# _ TUG2~a _ 1(N01) _ TUR# _ BUR2 _ TUG2~a _ 1(N01) _ DARA4~a1 _ TUG2~a _ 1(N01) _ 1(N57) _ GISZ _ TUG2~a _ 1(N01) _ SU~a _ TUG2~a","TUG2~a@g _ BUR2 _ TUG2~a _ N01 _ TUR _ BUR2 _ TUG2~a _ N01 _ DARA4~a1 _ TUG2~a _ N01 _ N57 _ GISZ _ TUG2~a _ N01 _ SU~a _ TUG2~a",17,2.81630751922464,1.91456256559857,0.529411764705882,"0"
"P000603","AL# _ AL# _ AL# _ 1(N06) _ 1(N01) _ GISZ _ KA~a# _ 1(N01) _ TI@g# _ 1(N01) _ GISZ _ DA~a","AL _ AL _ AL _ N06 _ N01 _ GISZ _ KA~a _ N01 _ TI@g _ N01 _ GISZ _ DA~a",12,2.62581458369391,1.84155328703927,0.583333333333333,"0.181818181818182"
"P000604","1(N01) _ NAM2# _ URU~a1# _ 1(N01) _ NAM2# _ ERIN _ 1(N01) _ GAL~a _ SZUBUR# _ 1(N01) _ NAM2 _ APIN~a# _ 1(N01) _ |SZE~a.NAM2|# _ 1(N01) _ GAL~a _ TE _ 1(N01) _ GAL~a _ SUKKAL _ 1(N01) _ GADA~a _ SUKKAL _ 1(N01) _ GAL~a# _ GA~a _ 1(N01)# _ GA~a# _ GAL~a# _ KISAL~b1 _ 1(N01) _ GAL~a _ SZAKIR~a _ 1(N01) _ SILA4~a# _ GAL~a# _ GAL~a# _ TUR3~a _ 1(N01) _ GAL~a# _ 1(N01) _ 1(N01) _ GAL~a _ UMUN2# _ 1(N01) _ UMUN2# _ 1(N01) _ HI _ DUG~b _ 1(N01) _ GAL~a _ DUG~b _ 1(N01) _ 1(N01) _ 1(N01) _ GAN~c _ 1(N01) _ GAL~a _ 1(N01) _ GAL~a# _ 1(N01) _ 1(N01) _ NIMGIR _ 1(N01) _ DUB~a _ 1(N01) _ 1(N01) _ 1(N01) _ 1(N01) _ 1(N01) _ 1(N01) _ AB~a","N01 _ NAM2 _ URU~a1 _ N01 _ NAM2 _ ERIN _ N01 _ GAL~a _ SZUBUR _ N01 _ NAM2 _ APIN~a _ N01 _ |SZE~a.NAM2| _ N01 _ GAL~a _ TE _ N01 _ GAL~a _ SUKKAL _ N01 _ GADA~a _ SUKKAL _ N01 _ GAL~a _ GA~a _ N01 _ GA~a _ GAL~a _ KISAL~b1 _ N01 _ GAL~a _ SZAKIR~a _ N01 _ SILA4~a _ GAL~a _ GAL~a _ TUR3~a _ N01 _ GAL~a _ N01 _ N01 _ GAL~a _ UMUN2 _ N01 _ UMUN2 _ N01 _ HI _ DUG~b _ N01 _ GAL~a _ DUG~b _ N01 _ N01 _ N01 _ GAN~c _ N01 _ GAL~a _ N01 _ GAL~a _ N01 _ N01 _ NIMGIR _ N01 _ DUB~a _ N01 _ N01 _ N01 _ N01 _ N01 _ N01 _ AB~a",72,3.10241661480346,2.7246543903181,0.319444444444444,"0.140845070422535"
"P000605","1(N01) _ 1(N01) _ |DUG~bxX|# _ 1(N01) _ |DUG~bxX|# _ 1(N01) _ |DUG~bxX|# _ 1(N01) _ |DUG~bxX|# _ 1(N01) _ |DUG~bxX|# _ 1(N01) _ 2(N14) _ 2(N01) _ SZE3 _ SZA3~a1# _ KID~b#","N01 _ N01 _ |DUG~bxX| _ N01 _ |DUG~bxX| _ N01 _ |DUG~bxX| _ N01 _ |DUG~bxX| _ N01 _ |DUG~bxX| _ N01 _ N14 N14 _ N01 N01 _ SZE3 _ SZA3~a1 _ KID~b",19,2.03008722463213,1.62767843322798,0.315789473684211,"0.166666666666667"
"P000606","NAM2# _ DI _ NAM2 _ NAM2 _ NAM2# _ URU~a1 _ 1(N01) _ GAL~a# _ 1(N01) _ NAM2# _ APIN~a# _ 1(N01) _ |SZE~a.NAM2|# _ 1(N01) _ PA~a _ NAM2 _ RAD~a# _ 1(N01) _ 1(N01) _ EN~a# _ 1(N01) _ GAL~a _ SZITA~a1# _ 1(N01) _ ABGAL# _ 1(N01) _ KINGAL# _ 1(N01) _ GAL~a# _ TE _ 1(N01) _ GAL~a# _ SUKKAL# _ SUKKAL# _ 1(N01) _ GAL~a# _ GA~a# _ 1(N01) _ SIG2~b# _ GA~a _ 1(N01) _ GAL~a _ KISAL~b1 _ 1(N01) _ GAL~a _ UMUN2# _ 1(N01) _ ERIN# _ 1(N01) _ 1(N01) _ 1(N01) _ GAL~a# _ 1(N01) _ 1(N01) _ GAL~a# _ 1(N01) _ GAL~a# _ 1(N01) _ GAL~a# _ 1(N01) _ SANGA~a# _ 1(N01) _ SANGA~a# _ SANGA~a# _ |ZATU737xSAL|# _ 1(N01) _ GAL~a# _ ISZ~b# _ 1(N01) _ GAL~a# _ 1(N01) _ GAL~a# _ SANGA~a# _ 1(N01) _ DUB~a _ SANGA~a#","NAM2 _ DI _ NAM2 _ NAM2 _ NAM2 _ URU~a1 _ N01 _ GAL~a _ N01 _ NAM2 _ APIN~a _ N01 _ |SZE~a.NAM2| _ N01 _ PA~a _ NAM2 _ RAD~a _ N01 _ N01 _ EN~a _ N01 _ GAL~a _ SZITA~a1 _ N01 _ ABGAL _ N01 _ KINGAL _ N01 _ GAL~a _ TE _ N01 _ GAL~a _ SUKKAL _ SUKKAL _ N01 _ GAL~a _ GA~a _ N01 _ SIG2~b _ GA~a _ N01 _ GAL~a _ KISAL~b1 _ N01 _ GAL~a _ UMUN2 _ N01 _ ERIN _ N01 _ N01 _ N01 _ GAL~a _ N01 _ N01 _ GAL~a _ N01 _ GAL~a _ N01 _ GAL~a _ N01 _ SANGA~a _ N01 _ SANGA~a _ SANGA~a _ |ZATU737xSAL| _ N01 _ GAL~a _ ISZ~b _ N01 _ GAL~a _ N01 _ GAL~a _ SANGA~a _ N01 _ DUB~a _ SANGA~a",76,3.28340339178214,2.77068840983678,0.315789473684211,"0.106666666666667"
"P000608","1(N01) _ 1(N01) _ GA2~a1 _ 1(N01) _ SUHUR _ GAL~a _ SAL _ A _ |DUG~bxX|# _ |DUG~bxAB2|# _ |DUG~bxTI| _ 1(N01) _ GU4 _ A _ 1(N01) _ AB2 _ A _ 1(N01) _ AMAR _ AB2 _ 1(N01) _ GA~b _ SU~a# _ 1(N57)# _ 1(N01) _ SU~a _ 1(N57) _ UDU~a _ 1(N01) _ SU~a _ 1(N57) _ GUKKAL~c# _ 1(N01) _ SU~a _ |1(N57).SZAH2~a|# _ 1(N01) _ SU~a _ 1(N57) _ ANSZE~b# _ 1(N01) _ SU~a _ 1(N57) _ 1(N01) _ |SILA3~axSZU| _ 1(N01) _ 1(N01) _ |SILA3~axZATU646| _ 1(N01) _ MASZ _ SZA3~a1 _ 1(N01) _ BU~a _ A","N01 _ N01 _ GA2~a1 _ N01 _ SUHUR _ GAL~a _ SAL _ A _ |DUG~bxX| _ |DUG~bxAB2| _ |DUG~bxTI| _ N01 _ GU4 _ A _ N01 _ AB2 _ A _ N01 _ AMAR _ AB2 _ N01 _ GA~b _ SU~a _ N57 _ N01 _ SU~a _ N57 _ UDU~a _ N01 _ SU~a _ N57 _ GUKKAL~c _ N01 _ SU~a _ |1(N57).SZAH2~a| _ N01 _ SU~a _ N57 _ ANSZE~b _ N01 _ SU~a _ N57 _ N01 _ |SILA3~axSZU| _ N01 _ N01 _ |SILA3~axZATU646| _ N01 _ MASZ _ SZA3~a1 _ N01 _ BU~a _ A",53,3.71648113795906,2.88024694243171,0.452830188679245,"0.0384615384615385"
"P000609","SUHUR# _ SUHUR _ 1(N01) _ HI _ SUHUR _ 1(N01) _ PAP~a _ SUKUD _ 1(N01) _ NUN~a# _ SUKUD _ 1(N01) _ 1(N01) _ 1(N01) _ 1(N01) _ 1(N57) _ 1(N01) _ 1(N57) _ 1(N01) _ 1(N02) _ KU6~a# _ 1(N01) _ DUR2# _ 1(N34) _ 1(N14) _ 6(N01)#","SUHUR _ SUHUR _ N01 _ HI _ SUHUR _ N01 _ PAP~a _ SUKUD _ N01 _ NUN~a _ SUKUD _ N01 _ N01 _ N01 _ N01 _ N57 _ N01 _ N57 _ N01 _ N02 _ KU6~a _ N01 _ DUR2 _ N34 _ N14 _ N01 N01 N01 N01 N01 N01",31,2.60726445547838,2.14956781494575,0.387096774193548,"0.3"
"P000610","1(N01) _ 1(N01) _ NA~a _ AN _ GI6 _ 1(N01) _ MAR~a _ BUR~a _ SZE~a _ 1(N01)","N01 _ N01 _ NA~a _ AN _ GI6 _ N01 _ MAR~a _ BUR~a _ SZE~a _ N01",10,2.52192809488736,1.83376158169127,0.7,"0.111111111111111"
"P000611","1(N01) _ SI _ KAK~a _ 1(N01) _ TAG~b _ 1(N01)# _ 1(N01) _ AL# _ 1(N06)# _ 1(N01) _ AL# _ SZU#","N01 _ SI _ KAK~a _ N01 _ TAG~b _ N01 _ N01 _ AL _ N06 _ N01 _ AL _ SZU",12,2.45082579451809,1.76624683195354,0.583333333333333,"0.0909090909090909"
"P000614","1(N01) _ GISZ _ 1(N01) _ |SZE~a.KIN2~c|# _ GISZ# _ 1(N01) _ GISZ _ DUB~b _ 1(N01) _ GISZ _ A _ 1(N01) _ NUN~a _ GISZ# _ GISZ# _ KUR~a _ 1(N01) _ GISZ _ KUR@g~a _ 1(N01) _ GISZ# _ GISZ# _ 1(N01) _ GISZ# _ DIN _ 1(N01) _ GISZ# _ MA# _ 1(N01) _ GISZ# _ HASZHUR# _ 1(N01) _ BU~a _ GI# _ 1(N01) _ GISZ _ ERIM~a _ 1(N01) _ GISZ _ U4# _ 1(N01) _ GISZ _ GI6 _ MES# _ 1(N01) _ GISZ# _ U4# _ MES# _ 1(N01) _ EN~a# _ A# _ MES# _ GISZ# _ 1(N01) _ GISZ _ SZE3 _ 1(N01) _ 1(N01)# _ KISZIK~a# _ AB~a# _ U2~b# _ 1(N01) _ GAL~a _ SZA _ 1(N01) _ SZU _ SZA _ GISZ# _ 1(N01)# _ GUM~b# _ 1(N01) _ GISZ# _ 1(N01) _ SUHUR# _ 1(N01) _ 1(N01) _ GISZ _ SANGA~a# _ 1(N01) _ 5(N57) _ SANGA~a _ 1(N01) _ 1(N01) _ URUDU@g~c# _ 1(N01) _ AL# _ 1(N34) _ 3(N01)# _ GISZ","N01 _ GISZ _ N01 _ |SZE~a.KIN2~c| _ GISZ _ N01 _ GISZ _ DUB~b _ N01 _ GISZ _ A _ N01 _ NUN~a _ GISZ _ GISZ _ KUR~a _ N01 _ GISZ _ KUR@g~a _ N01 _ GISZ _ GISZ _ N01 _ GISZ _ DIN _ N01 _ GISZ _ MA _ N01 _ GISZ _ HASZHUR _ N01 _ BU~a _ GI _ N01 _ GISZ _ ERIM~a _ N01 _ GISZ _ U4 _ N01 _ GISZ _ GI6 _ MES _ N01 _ GISZ _ U4 _ MES _ N01 _ EN~a _ A _ MES _ GISZ _ N01 _ GISZ _ SZE3 _ N01 _ N01 _ KISZIK~a _ AB~a _ U2~b _ N01 _ GAL~a _ SZA _ N01 _ SZU _ SZA _ GISZ _ N01 _ GUM~b _ N01 _ GISZ _ N01 _ SUHUR _ N01 _ N01 _ GISZ _ SANGA~a _ N01 _ N57 N57 N57 N57 N57 _ SANGA~a _ N01 _ N01 _ URUDU@g~c _ N01 _ AL _ N34 _ N01 N01 N01 _ GISZ",95,3.52841319227358,3.12011672964171,0.336842105263158,"0.117021276595745"
"P000615","PAP~a# _ EN~a# _ HI _ DU# _ ZATU697~a _ E2~a","PAP~a _ EN~a _ HI _ DU _ ZATU697~a _ E2~a",6,2.58496250072116,1.58197551605495,1,"0"
"P000617","1(N01) _ NAMESZDA _ 1(N01) _ NAM2 _ KAB _ 1(N01) _ NAM2 _ 1(N01) _ GAL~a#","N01 _ NAMESZDA _ N01 _ NAM2 _ KAB _ N01 _ NAM2 _ N01 _ GAL~a",9,2.0588138903312,1.44996288606957,0.555555555555556,"0"
"P000618","SUHUR# _ BU~a# _ SUHUR# _ SUHUR# _ 1(N01) _ SUHUR# _ 1(N01)# _ AB2 _ KU6~a# _ 1(N01)# _ HI _ KU6~a# _ 1(N01)# _ 1(N57)# _ KU6~a# _ 1(N01)# _ DUR2# _ KU6~a _ 1(N01)","SUHUR _ BU~a _ SUHUR _ SUHUR _ N01 _ SUHUR _ N01 _ AB2 _ KU6~a _ N01 _ HI _ KU6~a _ N01 _ N57 _ KU6~a _ N01 _ DUR2 _ KU6~a _ N01",19,2.58951830268954,1.91717486240691,0.421052631578947,"0.0555555555555556"
"P000620","1(N01) _ SUKUD# _ LU2#","N01 _ SUKUD _ LU2",3,1.58496250072116,0.861654166907052,1,"0"
"P000621","ZATU777# _ UDU~a _ 1(N01) _ ZATU777 _ KU3~a _ 1(N01) _ ZATU777 _ 1(N01) _ DA~a _ KU3~a _ 1(N01) _ NE~a _ KU3~a _ 1(N01) _ NI~a _ KU3~a _ 1(N01) _ KU3~a _ 1(N01) _ NUNUZ~a1 _ 1(N01) _ |SAR~axSZE~a| _ NUNUZ~a1 _ 1(N01) _ KUR~a# _ NUNUZ~a1#","ZATU777 _ UDU~a _ N01 _ ZATU777 _ KU3~a _ N01 _ ZATU777 _ N01 _ DA~a _ KU3~a _ N01 _ NE~a _ KU3~a _ N01 _ NI~a _ KU3~a _ N01 _ KU3~a _ N01 _ NUNUZ~a1 _ N01 _ |SAR~axSZE~a| _ NUNUZ~a1 _ N01 _ KUR~a _ NUNUZ~a1",26,2.79087277615092,2.11427369551179,0.384615384615385,"0"
"P000622","NAM2# _ APIN~c# _ 1(N01) _ |SZE~a.NAM2|# _ RAD~a# _ 1(N01) _ GAL~a# _ SUKKAL _ 1(N01) _ GADA~a# _ SUKKAL _ 1(N01) _ GAL~a# _ GA~a _ 1(N01) _ GA~a _ 1(N01) _ GAL~a# _ KISAL~b1# _ 1(N01) _ GAL~a _ 1(N01) _ GAL~a _ SZAB~a# _ 1(N01) _ BU~a# _ SZAB~a# _ 1(N01) _ GAL~a# _ 1(N01) _ GAL~a# _ TUR3~a# _ 1(N01) _ GAL~a# _ DU _ DUG~b _ SIG2~a1","NAM2 _ APIN~c _ N01 _ |SZE~a.NAM2| _ RAD~a _ N01 _ GAL~a _ SUKKAL _ N01 _ GADA~a _ SUKKAL _ N01 _ GAL~a _ GA~a _ N01 _ GA~a _ N01 _ GAL~a _ KISAL~b1 _ N01 _ GAL~a _ N01 _ GAL~a _ SZAB~a _ N01 _ BU~a _ SZAB~a _ N01 _ GAL~a _ N01 _ GAL~a _ TUR3~a _ N01 _ GAL~a _ DU _ DUG~b _ SIG2~a1",37,3.23595201404371,2.41895633198242,0.432432432432432,"0"
"P000623","1(N01) _ SZAH2~a _ KU6~a _ 1(N01) _ SUHUR#","N01 _ SZAH2~a _ KU6~a _ N01 _ SUHUR",5,1.92192809488736,1.1813781191217,0.8,"0"
"P000624","1(N01) _ ANSZE~b# _ 1(N01) _ BALAG _ 1(N01) _ 1(N01) _ 1(N01) _ PAP~a _ DA~a#","N01 _ ANSZE~b _ N01 _ BALAG _ N01 _ N01 _ N01 _ PAP~a _ DA~a",9,1.87996494872711,1.53550322340399,0.555555555555556,"0.25"
"P000625","1(N01) _ TAK4~a _ |GIR~b.GIR~b| _ 1(N01) _ TUM~a _ ANSZE~b _ 1(N01) _ ANSZE~b#","N01 _ TAK4~a _ |GIR~b.GIR~b| _ N01 _ TUM~a _ ANSZE~b _ N01 _ ANSZE~b",8,2.15563906222957,1.42444131966981,0.625,"0"
"P000626","1(N01) _ 1(N01) _ GA~a _ 1(N01) _ PAP~a# _ 1(N01) _ 3(N57) _ ZATU751~b _ 1(N01) _ |SILA3~cxZATU687| _ 1(N01) _ PAP~a _ 1(N01) _ 1(N01)","N01 _ N01 _ GA~a _ N01 _ PAP~a _ N01 _ N57 N57 N57 _ ZATU751~b _ N01 _ |SILA3~cxZATU687| _ N01 _ PAP~a _ N01 _ N01",16,2.07781953111478,1.67030129848535,0.375,"0.266666666666667"
"P000627","1(N01) _ EN~a _ 1(N01) _ SIG2~b#","N01 _ EN~a _ N01 _ SIG2~b",4,1.5,0.948120312590145,0.75,"0"
"P000628","1(N01) _ 1(N01) _ 1(N01) _ EN~a# _ 1(N01)","N01 _ N01 _ N01 _ EN~a _ N01",5,0.721928094887362,0.890689059560852,0.4,"0.5"
"P000629","ZATU647# _ 1(N01) _ PAP~a _ NU# _ 1(N01) _ BU~a# _ HI# _ 1(N01)#","ZATU647 _ N01 _ PAP~a _ NU _ N01 _ BU~a _ HI _ N01",8,2.40563906222957,1.57978049636795,0.75,"0"
"P000630","1(N01) _ DUG~b _ 1(N01) _ GISZIMMAR~b1 _ 1(N01)","N01 _ DUG~b _ N01 _ GISZIMMAR~b1 _ N01",5,1.37095059445467,0.990689059560852,0.6,"0"
"P000631","1(N01) _ 1(N01) _ 1(N01) _ NIMGIR _ 1(N01) _ |SZE~a.NAM2| _ 1(N01) _ GUL _ PAP~a _ 1(N01) _ GUL _ SZUBUR _ 1(N01) _ PAP~a _ 1(N01) _ GA2~a1 _ DU# _ 1(N01) _ HI _ 1(N01) _ PAP~a _ EN~a _ 1(N01) _ ZATU687 _ TAK4~a _ 1(N01) _ HI _ EN~a _ 1(N01) _ EN~a _ 1(N01) _ 1(N01) _ EN~a# _ 1(N01) _ 1(N01) _ 1(N01) _ 1(N34)","N01 _ N01 _ N01 _ NIMGIR _ N01 _ |SZE~a.NAM2| _ N01 _ GUL _ PAP~a _ N01 _ GUL _ SZUBUR _ N01 _ PAP~a _ N01 _ GA2~a1 _ DU _ N01 _ HI _ N01 _ PAP~a _ EN~a _ N01 _ ZATU687 _ TAK4~a _ N01 _ HI _ EN~a _ N01 _ EN~a _ N01 _ N01 _ EN~a _ N01 _ N01 _ N01 _ N34",37,2.72800640540935,2.28821178816258,0.351351351351351,"0.138888888888889"
"P000632","1(N01)# _ BANSZUR~c# _ 1(N01) _ ZATU786# _ BANSZUR~c# _ A _ 1(N01) _ AL _ 1(N01) _ AL# _ 1(N01) _ AL# _ 1(N06) _ 1(N01) _ AL# _ SZU#","N01 _ BANSZUR~c _ N01 _ ZATU786 _ BANSZUR~c _ A _ N01 _ AL _ N01 _ AL _ N01 _ AL _ N06 _ N01 _ AL _ SZU",16,2.40563906222957,1.7484165461376,0.4375,"0"
"P000633","GISZ# _ DIN _ 1(N01)# _ GISZ# _ MA _ HASZHUR# _ A# _ 1(N01)# _ A# _ MES _ 1(N01) _ EN~a _ A _ MES _ 1(N01) _ GISZ _ SZE3 _ A _ 1(N01)# _ 1(N01) _ 1(N01) _ GISZ# _ TUR","GISZ _ DIN _ N01 _ GISZ _ MA _ HASZHUR _ A _ N01 _ A _ MES _ N01 _ EN~a _ A _ MES _ N01 _ GISZ _ SZE3 _ A _ N01 _ N01 _ N01 _ GISZ _ TUR",23,2.88654089282209,2.02161092369528,0.434782608695652,"0.0909090909090909"
"P000634","1(N01) _ NIM~a _ 1(N01)#","N01 _ NIM~a _ N01",3,0.918295834054489,0.597493750120193,0.666666666666667,"0"
"P000635","1(N01) _ GAL~a _ 1(N01) _ GAL~a#","N01 _ GAL~a _ N01 _ GAL~a",4,1,0.63208020839343,0.5,"0"
"P000636","1(N01) _ NAM2 _ DI# _ 1(N01)","N01 _ NAM2 _ DI _ N01",4,1.5,0.896240625180289,0.75,"0"
"P000637","1(N01)# _ BA _ SUHUR# _ 1(N01)# _ SUHUR#","N01 _ BA _ SUHUR _ N01 _ SUHUR",5,1.52192809488736,0.949185309632967,0.6,"0"
"P000638","BAR# _ USZ~a# _ BAR _ AN _ USZ~a _ NU# _ A _ NU# _ A _ NU# _ KU6~a# _ 1(N01) _ 1(N01) _ 1(N01) _ 1(N01)","BAR _ USZ~a _ BAR _ AN _ USZ~a _ NU _ A _ NU _ A _ NU _ KU6~a _ N01 _ N01 _ N01 _ N01",15,2.65656476213095,1.745369734584,0.466666666666667,"0.214285714285714"
"P000639","1(N01) _ GESZTU~a# _ 1(N01) _ AN# _ NAGA~a# _ 1(N01) _ GISZ _ ALIM# _ NUN~a#","N01 _ GESZTU~a _ N01 _ AN _ NAGA~a _ N01 _ GISZ _ ALIM _ NUN~a",9,2.64160416786859,1.82046339101205,0.777777777777778,"0"
"P000640","NAMESZDA# _ NAM2# _ KAB# _ 1(N01) _ GAL~a# _ SZITA~a1# _ 1(N01) _ ABGAL _ 1(N01) _ GAL~a# _ 1(N01) _ GAL~a _ 1(N01) _ GAL~a _ SZAB~a# _ U2~b#","NAMESZDA _ NAM2 _ KAB _ N01 _ GAL~a _ SZITA~a1 _ N01 _ ABGAL _ N01 _ GAL~a _ N01 _ GAL~a _ N01 _ GAL~a _ SZAB~a _ U2~b",16,2.7743974703477,1.87533222548459,0.5625,"0"
"P000641","SZAKIR~b# _ 1(N01) _ AN _ TAK4~a _ NAGAR~a# _ 1(N01) _ TAK4~a# _ NAGAR~a# _ 1(N01) _ TAK4~a# _ NAGAR~a# _ BUR~a# _ NAGAR~a# _ NAGAR~a# _ NAGAR~a# _ PU2# _ NAGAR~a# _ 1(N01)# _ 1(N01)# _ 1(N01) _ 1(N01)# _ NAGA~a _ SILA3~a _ 1(N01)# _ SILA3~a _ 1(N01)# _ ZATU707~a# _ 1(N01)# _ SAG@n _ 1(N01)# _ 1(N34)# _ 4(N14) _ 1(N01) _ SANGA~a# _ PIRIG~a1#","SZAKIR~b _ N01 _ AN _ TAK4~a _ NAGAR~a _ N01 _ TAK4~a _ NAGAR~a _ N01 _ TAK4~a _ NAGAR~a _ BUR~a _ NAGAR~a _ NAGAR~a _ NAGAR~a _ PU2 _ NAGAR~a _ N01 _ N01 _ N01 _ N01 _ NAGA~a _ SILA3~a _ N01 _ SILA3~a _ N01 _ ZATU707~a _ N01 _ SAG@n _ N01 _ N34 _ N14 N14 N14 N14 _ N01 _ SANGA~a _ PIRIG~a1",38,3.21040325120094,2.50537038446189,0.394736842105263,"0.216216216216216"
"P000642","1(N01) _ GAL~a# _ 1(N01) _ NAM2 _ APIN~a#","N01 _ GAL~a _ N01 _ NAM2 _ APIN~a",5,1.92192809488736,1.22288186904959,0.8,"0"
"P000643","1(N01) _ MUSZEN _ NAGA~a _ 1(N01) _ ERIM2 _ 1(N01) _ I _ NUN~a _ 1(N01) _ GIBIL6 _ 1(N01) _ PAD~a _ 1(N01) _ E2~b _ AN _ 1(N01) _ E2~a _ NINLIL _ 1(N01) _ SAL _ |GA2~bxDUB~a| _ URI3~a _ PAP~a# _ 1(N01)","N01 _ MUSZEN _ NAGA~a _ N01 _ ERIM2 _ N01 _ I _ NUN~a _ N01 _ GIBIL6 _ N01 _ PAD~a _ N01 _ E2~b _ AN _ N01 _ E2~a _ NINLIL _ N01 _ SAL _ |GA2~bxDUB~a| _ URI3~a _ PAP~a _ N01",24,3.39624062518029,2.7151597080228,0.666666666666667,"0"
"P000644","SU~a _ HAL _ 1(N01) _ AN _ KI _ 1(N01)","SU~a _ HAL _ N01 _ AN _ KI _ N01",6,2.25162916738782,1.36656197432818,0.833333333333333,"0"
"P000645","1(N01) _ 1(N01) _ NE~a# _ IR~a _ 1(N01) _ DIN _ IR~a _ 1(N01) _ SU~a _ NI~b _ 1(N01) _ 5(N57) _ SU~a _ NI~b _ 1(N01) _ SU~a _ NI~b _ 1(N01) _ GAN~a# _ GAN~a# _ 1(N01) _ 1(N01) _ |DUG~bxX|# _ 1(N01) _ |DUG~bxX|# _ 1(N01) _ |DUG~bxX|# _ 1(N01) _ 1(N01) _ 1(N34)#","N01 _ N01 _ NE~a _ IR~a _ N01 _ DIN _ IR~a _ N01 _ SU~a _ NI~b _ N01 _ N57 N57 N57 N57 N57 _ SU~a _ NI~b _ N01 _ SU~a _ NI~b _ N01 _ GAN~a _ GAN~a _ N01 _ N01 _ |DUG~bxX| _ N01 _ |DUG~bxX| _ N01 _ |DUG~bxX| _ N01 _ N01 _ N34",34,2.79393286134559,1.9816441050475,0.294117647058824,"0.242424242424242"
"P000646","1(N01) _ 1(N01) _ 1(N01) _ GAL~a","N01 _ N01 _ N01 _ GAL~a",4,0.811278124459133,0.823120312590145,0.5,"0.666666666666667"
"P000647","NAGAR~b# _ NAGAR~b# _ GIR2~a _ GIR2~a# _ GU# _ AN# _ DIM~c _ 1(N01) _ DIM~c _ AN _ 1(N01) _ DIM~c#","NAGAR~b _ NAGAR~b _ GIR2~a _ GIR2~a _ GU _ AN _ DIM~c _ N01 _ DIM~c _ AN _ N01 _ DIM~c",12,2.5220552088742,1.66589664081598,0.5,"0.181818181818182"
"P000648","1(N01) _ SZU2 _ |DUG~bxDIN| _ |DUG~bxDIN|#","N01 _ SZU2 _ |DUG~bxDIN| _ |DUG~bxDIN|",4,1.5,0.896240625180289,0.75,"0.333333333333333"
"P000649","DI _ NAM2 _ |BU~a+DU6~a|# _ 1(N01) _ RI8~b _ KAK~a _ 1(N01) _ DI _ E2~b _ 1(N01) _ KU3~a _ E2~b _ 1(N01) _ KU3~c _ E2~b _ 1(N01)","DI _ NAM2 _ |BU~a+DU6~a| _ N01 _ RI8~b _ KAK~a _ N01 _ DI _ E2~b _ N01 _ KU3~a _ E2~b _ N01 _ KU3~c _ E2~b _ N01",16,2.85221700146248,1.92754439821582,0.5625,"0"
"P000650","ASAR# _ 1(N01)# _ GAL~a# _ SZAGAN#","ASAR _ N01 _ GAL~a _ SZAGAN",4,2,1.14624062518029,1,"0"
"P000651","1(N01) _ 1(N01) _ |SIxSZE3| _ BAD _ 1(N01) _ |SIxSZE3|# _ BAD","N01 _ N01 _ |SIxSZE3| _ BAD _ N01 _ |SIxSZE3| _ BAD",7,1.55665670746282,0.990110878911264,0.428571428571429,"0.166666666666667"
"P000652","1(N01) _ SIG _ 1(N01) _ BANSZUR~b2 _ 1(N01) _ GISZ _ LISZ _ 1(N01) _ 1(N01) _ TUR#","N01 _ SIG _ N01 _ BANSZUR~b2 _ N01 _ GISZ _ LISZ _ N01 _ N01 _ TUR",10,2.16096404744368,1.67526533161915,0.6,"0.111111111111111"
"P000653","|DUG~bxSIG7|# _ 1(N01) _ |DUG~bxSIG7|#","|DUG~bxSIG7| _ N01 _ |DUG~bxSIG7|",3,0.918295834054489,0.597493750120193,0.666666666666667,"0"
"P000654","1(N01) _ TE# _ 1(N01) _ 1(N01) _ GA~a _ 1(N01) _ GESZTU~b _ 1(N01) _ |NUN~a+EN~a|#","N01 _ TE _ N01 _ N01 _ GA~a _ N01 _ GESZTU~b _ N01 _ |NUN~a+EN~a|",9,1.87996494872711,1.54268561323427,0.555555555555556,"0.125"
"P000655","1(N01) _ NAM2# _ ERIN# _ 1(N01) _ GAL~a _ SZUBUR _ 1(N01) _ NAM2 _ APIN~a# _ 1(N01) _ |SZE~a.NAM2|# _ 1(N01) _ NAM2#","N01 _ NAM2 _ ERIN _ N01 _ GAL~a _ SZUBUR _ N01 _ NAM2 _ APIN~a _ N01 _ |SZE~a.NAM2| _ N01 _ NAM2",13,2.44162987378722,1.71255123824485,0.538461538461538,"0"
"P000656","GAL~a# _ GAL~a#","GAL~a _ GAL~a",2,0,0.25,0.5,"1"
"P000657","E2~a# _ NA2~a# _ 1(N01)# _ 1(N01) _ MU# _ 1(N01) _ U2~b _ A# _ 1(N01) _ BU~a _ A","E2~a _ NA2~a _ N01 _ N01 _ MU _ N01 _ U2~b _ A _ N01 _ BU~a _ A",11,2.55034070954639,1.78575756117762,0.636363636363636,"0.1"
"P000658","MES# _ MES# _ MES# _ MES# _ LI# _ 1(N01) _ ERIM~a# _ GISZ _ 1(N01) _ U4 _ GISZ _ 1(N01) _ GISZ _ HI@g~b# _ 1(N01) _ HI@g~b# _ GISZ _ GISZ# _ 1(N01) _ NIMGIR _ 1(N01) _ GISZ# _ PU2# _ 1(N01) _ GISZ# _ PU2# _ 1(N01) _ GURUSZ~a# _ 1(N01)","MES _ MES _ MES _ MES _ LI _ N01 _ ERIM~a _ GISZ _ N01 _ U4 _ GISZ _ N01 _ GISZ _ HI@g~b _ N01 _ HI@g~b _ GISZ _ GISZ _ N01 _ NIMGIR _ N01 _ GISZ _ PU2 _ N01 _ GISZ _ PU2 _ N01 _ GURUSZ~a _ N01",29,2.78278066866605,2.13072038197971,0.344827586206897,"0.142857142857143"
"P000659","1(N01) _ NAGAR~a# _ 1(N01)# _ 1(N01) _ SILA3~b# _ 1(N01)# _ NAGA~a# _ SILA3~b _ SILA3~b# _ SILA3~b# _ 1(N01)# _ 1(N01) _ |UR2xTAR| _ 1(N01) _ |UR2xTAR| _ AN _ TAR~a# _ 1(N01) _ SI _ ZATU777","N01 _ NAGAR~a _ N01 _ N01 _ SILA3~b _ N01 _ NAGA~a _ SILA3~b _ SILA3~b _ SILA3~b _ N01 _ N01 _ |UR2xTAR| _ N01 _ |UR2xTAR| _ AN _ TAR~a _ N01 _ SI _ ZATU777",20,2.62192809488736,2.10087133900949,0.45,"0.210526315789474"
"P000660","NESAG2~a# _ TUR3~a# _ 1(N01)# _ 1(N01) _ GAL~a _ SANGA~a# _ 1(N01)# _ DUB~a# _ SANGA~a# _ 1(N01)#","NESAG2~a _ TUR3~a _ N01 _ N01 _ GAL~a _ SANGA~a _ N01 _ DUB~a _ SANGA~a _ N01",10,2.32192809488736,1.56131362719496,0.6,"0.111111111111111"
"P000661","1(N01) _ 1(N01) _ NI~a _ 1(N01) _ KISAL~b1 _ 1(N01) _ SZITA~a1# _ 1(N01) _ 1(N01) _ HI _ EN~a _ E2~a _ NUN~a _ 1(N01) _ EN~a _ NUN~a _ 1(N01) _ EN~a# _ 1(N34) _ 3(N01)","N01 _ N01 _ NI~a _ N01 _ KISAL~b1 _ N01 _ SZITA~a1 _ N01 _ N01 _ HI _ EN~a _ E2~a _ NUN~a _ N01 _ EN~a _ NUN~a _ N01 _ EN~a _ N34 _ N01 N01 N01",22,2.42267546831122,1.99297345014046,0.409090909090909,"0.19047619047619"
"P000662","1(N01) _ NAMESZDA _ 1(N01) _ NAM2# _ KAB# _ 1(N01) _ |SZE~a.NAM2|# _ 1(N01) _ NAM2# _ PA~a#","N01 _ NAMESZDA _ N01 _ NAM2 _ KAB _ N01 _ |SZE~a.NAM2| _ N01 _ NAM2 _ PA~a",10,2.32192809488736,1.61211361132746,0.6,"0"
"P000663","1(N01)# _ GISZ _ A _ 1(N01) _ GISZ _ SI _ 1(N01)# _ |(GISZx(DIN.DIN))~a|# _ 1(N01) _ 1(N01)","N01 _ GISZ _ A _ N01 _ GISZ _ SI _ N01 _ |(GISZx(DIN.DIN))~a| _ N01 _ N01",10,1.96096404744368,1.46471597247463,0.5,"0.111111111111111"
"P000664","NUN~a# _ SZE3 _ SZU# _ IN~b# _ 1(N01) _ |SU~ax1(N58)| _ 1(N01) _ UDU~c _ 1(N01) _ LA2 _ GISZ _ 1(N01) _ SZA _ SAR~a _ SZU# _ 1(N01) _ 2(N34) _ 1(N01) _ 1(N01)","NUN~a _ SZE3 _ SZU _ IN~b _ N01 _ |SU~ax1(N58)| _ N01 _ UDU~c _ N01 _ LA2 _ GISZ _ N01 _ SZA _ SAR~a _ SZU _ N01 _ N34 N34 _ N01 _ N01",20,3.1393538721672,2.29864635530524,0.6,"0.105263157894737"
"P000665","AD~b# _ 1(N01) _ AD~b# _ GISZ _ A _ 1(N01) _ GUM~b# _ 1(N01) _ GUM~b@n _ 1(N01)# _ GUM~b _ 1(N01)# _ 1(N01) _ MAR~a# _ SZE~a# _ 1(N01) _ GAL~a# _ 1(N01) _ 1(N01)# _ 1(N01)# _ GISZ# _ 1(N01)# _ GISZ# _ U4# _ 1(N01)# _ GISZ# _ SAG# _ DU# _ 1(N01)# _ GISZ# _ 1(N01) _ BALA~a# _ BALA~a#","AD~b _ N01 _ AD~b _ GISZ _ A _ N01 _ GUM~b _ N01 _ GUM~b@n _ N01 _ GUM~b _ N01 _ N01 _ MAR~a _ SZE~a _ N01 _ GAL~a _ N01 _ N01 _ N01 _ GISZ _ N01 _ GISZ _ U4 _ N01 _ GISZ _ SAG _ DU _ N01 _ GISZ _ N01 _ BALA~a _ BALA~a",33,2.89552716835108,2.30661621742085,0.393939393939394,"0.125"
"P000666","SZEN~a# _ URI# _ MUD3~a# _ 1(N01) _ AN _ USZ~a# _ BAR# _ 1(N01) _ NAGAR~a# _ 1(N01) _ AN _ NAGAR~a _ 1(N01)# _ NAGAR~a#","SZEN~a _ URI _ MUD3~a _ N01 _ AN _ USZ~a _ BAR _ N01 _ NAGAR~a _ N01 _ AN _ NAGAR~a _ N01 _ NAGAR~a",14,2.75343438618878,1.72416450438764,0.571428571428571,"0"
"P000667","EZEN~b _ ME~a _ SZIDIM","EZEN~b _ ME~a _ SZIDIM",3,1.58496250072116,0.861654166907052,1,"0"
"P000668","1(N01)# _ GIR2~a# _ 1(N01) _ GIR2~a# _ 1(N01) _ GIR2~a# _ KU6~a# _ 1(N01) _ GIR2~a _ SZA3~a1# _ 1(N01) _ GIR2~a _ AN _ SZA3~a1# _ GIR2~a#","N01 _ GIR2~a _ N01 _ GIR2~a _ N01 _ GIR2~a _ KU6~a _ N01 _ GIR2~a _ SZA3~a1 _ N01 _ GIR2~a _ AN _ SZA3~a1 _ GIR2~a",15,1.9655962303576,1.565258526674,0.333333333333333,"0"
"P000669","1(N01) _ MUD3~c _ SZE~b _ 1(N01) _ AN _ TE _ PAP~a _ 1(N01)# _ |(DUBxDISZ)~c| _ TI _ 1(N01) _ 1(N01) _ ZI~a _ 1(N01) _ AN _ U4 _ KI _ 1(N01) _ AN# _ 1(N01) _ 1(N01) _ BA","N01 _ MUD3~c _ SZE~b _ N01 _ AN _ TE _ PAP~a _ N01 _ |(DUBxDISZ)~c| _ TI _ N01 _ N01 _ ZI~a _ N01 _ AN _ U4 _ KI _ N01 _ AN _ N01 _ N01 _ BA",22,2.94651286794892,2.24699527838497,0.545454545454545,"0.0952380952380952"
"P000670","1(N01) _ GAL~a _ SZITA~a1 _ 1(N01) _ ABGAL _ 1(N01) _ KINGAL# _ GAL~a# _ 1(N01) _ GAL~a# _ TUR3~a# _ 1(N01) _ GAL~a _ UMUN2# _ 1(N01) _ UMUN2#","N01 _ GAL~a _ SZITA~a1 _ N01 _ ABGAL _ N01 _ KINGAL _ GAL~a _ N01 _ GAL~a _ TUR3~a _ N01 _ GAL~a _ UMUN2 _ N01 _ UMUN2",16,2.40563906222957,1.78061073002674,0.4375,"0"
"P000671","1(N01)# _ RU _ MES# _ 1(N01)# _ MES# _ MES# _ MES#","N01 _ RU _ MES _ N01 _ MES _ MES _ MES",7,1.37878349348618,1.06315503707917,0.428571428571429,"0.333333333333333"
"P000672","1(N01) _ PU2# _ 1(N01) _ U2~b# _ 1(N01) _ GA'AR~a1# _ 1(N01) _ GA'AR~a1# _ 1(N01) _ EN~a# _ 1(N01) _ EN~a _ SIG2~b _ 1(N01) _ EN~a _ TUG2~a _ 1(N01) _ U4# _ TUG2~a","N01 _ PU2 _ N01 _ U2~b _ N01 _ GA'AR~a1 _ N01 _ GA'AR~a1 _ N01 _ EN~a _ N01 _ EN~a _ SIG2~b _ N01 _ EN~a _ TUG2~a _ N01 _ U4 _ TUG2~a",19,2.5239860659613,1.92564905228842,0.421052631578947,"0"
"P000673","1(N01) _ GISZ _ 1(N01) _ GISZ _ DUR2 _ DARA3~c _ 1(N01)# _ 1(N01)# _ 1(N01)#","N01 _ GISZ _ N01 _ GISZ _ DUR2 _ DARA3~c _ N01 _ N01 _ N01",9,1.65774272650489,1.32487237677024,0.444444444444444,"0.25"
"P000674","1(N01) _ NI~a# _ 1(N01) _ DUG~b","N01 _ NI~a _ N01 _ DUG~b",4,1.5,0.948120312590145,0.75,"0"
"P000675","1(N01) _ ZATU753# _ 1(N01) _ SANGA~a# _ 1(N01) _ EN~a# _ AN# _ 1(N01) _ EN~a# _ SAG# _ 1(N01) _ NAMESZDA _ 1(N01) _ NAM2# _ URU~a1 _ 1(N01) _ AN# _ 1(N01) _ MEN~a _ SZA3~a1 _ AN _ 1(N01) _ EN~a# _ 1(N01) _ 1(N01)","N01 _ ZATU753 _ N01 _ SANGA~a _ N01 _ EN~a _ AN _ N01 _ EN~a _ SAG _ N01 _ NAMESZDA _ N01 _ NAM2 _ URU~a1 _ N01 _ AN _ N01 _ MEN~a _ SZA3~a1 _ AN _ N01 _ EN~a _ N01 _ N01",25,2.74131527740124,2.18439398443815,0.44,"0.0416666666666667"
"P000676","|DUG~bxX|# _ |DUG~bxX|# _ |DUG~bxX|# _ 1(N01)","|DUG~bxX| _ |DUG~bxX| _ |DUG~bxX| _ N01",4,0.811278124459133,0.823120312590145,0.5,"0.666666666666667"
"P000677","1(N01) _ AB2# _ 1(N01) _ NE~a# _ AB2 _ 1(N01) _ U4 _ AB2# _ 1(N01) _ GI6# _ AB2# _ 1(N01) _ SZU _ AB2# _ 1(N01) _ 1(N01) _ DARA4~a1# _ 1(N01) _ DARA4~a1# _ 1(N01) _ 1(N01) _ 1(N01) _ AB2# _ E2~b# _ NUN~a# _ PAP~a#","N01 _ AB2 _ N01 _ NE~a _ AB2 _ N01 _ U4 _ AB2 _ N01 _ GI6 _ AB2 _ N01 _ SZU _ AB2 _ N01 _ N01 _ DARA4~a1 _ N01 _ DARA4~a1 _ N01 _ N01 _ N01 _ AB2 _ E2~b _ NUN~a _ PAP~a",26,2.5633811485512,2.07374966441793,0.384615384615385,"0.12"
"P000678","1(N01) _ 1(N01) _ |DUG~bxMASZ| _ 1(N01)","N01 _ N01 _ |DUG~bxMASZ| _ N01",4,0.811278124459133,0.771240625180289,0.5,"0.333333333333333"
"P000679","|DUG~bxX|# _ 1(N01) _ AGAR2#","|DUG~bxX| _ N01 _ AGAR2",3,1.58496250072116,0.861654166907052,1,"0"
"P000680","1(N01) _ BU~a _ NUN~a _ ME~a# _ 1(N01) _ SANGA~a# _ BU~a _ NUN~a# _ A","N01 _ BU~a _ NUN~a _ ME~a _ N01 _ SANGA~a _ BU~a _ NUN~a _ A",9,2.50325833477565,1.54851100270528,0.666666666666667,"0"
"P000681","1(N01)# _ NAM2# _ APIN~a# _ 1(N01) _ |SZE~a.NAM2|# _ 1(N01)# _ PA~a _ NAM2 _ RAD~a _ 1(N01) _ AB~a _ ME~a _ 1(N01) _ GAL~a _ |1(N58).BAD~a|# _ 1(N01) _ EN~a# _ IB~a _ GAL~a# _ SZITA~a1# _ 1(N01)# _ 1(N01) _ GAL~a# _ 1(N01) _ GAL~a# _ 1(N01) _ BU~a _ SZAB~a# _ 1(N01) _ GAL~a _ NESAG2~a# _ 1(N01) _ GAL~a _ TUR3~a# _ 1(N01) _ GAL~a _ UMUN2#","N01 _ NAM2 _ APIN~a _ N01 _ |SZE~a.NAM2| _ N01 _ PA~a _ NAM2 _ RAD~a _ N01 _ AB~a _ ME~a _ N01 _ GAL~a _ |1(N58).BAD~a| _ N01 _ EN~a _ IB~a _ GAL~a _ SZITA~a1 _ N01 _ N01 _ GAL~a _ N01 _ GAL~a _ N01 _ BU~a _ SZAB~a _ N01 _ GAL~a _ NESAG2~a _ N01 _ GAL~a _ TUR3~a _ N01 _ GAL~a _ UMUN2",37,3.32412361454145,2.659199435925,0.486486486486487,"0.0277777777777778"
"P000682","1(N01) _ 1(N01) _ SZAKIR~c# _ 1(N01) _ MUD3~a# _ LAHTAN2#","N01 _ N01 _ SZAKIR~c _ N01 _ MUD3~a _ LAHTAN2",6,1.79248125036058,1.33197551605495,0.666666666666667,"0.2"
"P000683","NAGAR~b# _ AN _ TAK4~a _ NAGAR~b# _ BUR~a _ 1(N01)# _ NAGAR~b# _ AN _ BUR~a _ 1(N01) _ NAGAR~b _ PU2# _ 1(N01) _ NAGAR~b _ AN _ PU2# _ TAK4~a# _ MAR~b# _ 1(N01)# _ 1(N01) _ 1(N01) _ 1(N01)#","NAGAR~b _ AN _ TAK4~a _ NAGAR~b _ BUR~a _ N01 _ NAGAR~b _ AN _ BUR~a _ N01 _ NAGAR~b _ PU2 _ N01 _ NAGAR~b _ AN _ PU2 _ TAK4~a _ MAR~b _ N01 _ N01 _ N01 _ N01",22,2.5496128717735,1.74919028970674,0.318181818181818,"0.142857142857143"
"P000684","1(N01) _ GAL~a _ TE _ 1(N01) _ GAL~a# _ SUKKAL#","N01 _ GAL~a _ TE _ N01 _ GAL~a _ SUKKAL",6,1.91829583405449,1.16625928592544,0.666666666666667,"0"
"P000685","1(N01)# _ NAM2# _ RAD~a# _ EN~a# _ IB~a _ 1(N01)# _ GAL~a# _ SZITA~a1# _ 1(N01) _ SIG2~b# _ GA~a# _ 1(N01) _ GAL~a# _ KISAL~b1#","N01 _ NAM2 _ RAD~a _ EN~a _ IB~a _ N01 _ GAL~a _ SZITA~a1 _ N01 _ SIG2~b _ GA~a _ N01 _ GAL~a _ KISAL~b1",14,3.09306920777189,2.08754366168865,0.714285714285714,"0"
"P000686","1(N01)# _ ENKUM# _ 1(N01)# _ NINKUM# _ 1(N01)# _ GAL~a# _ ISZ~a# _ 1(N01)# _ 1(N01)# _ 1(N01)# _ 1(N01)# _ GAL~a# _ 1(N01)# _ GAL~a# _ 1(N01)# _ 1(N01)#","N01 _ ENKUM _ N01 _ NINKUM _ N01 _ GAL~a _ ISZ~a _ N01 _ N01 _ N01 _ N01 _ GAL~a _ N01 _ GAL~a _ N01 _ N01",16,1.62661447181018,1.45553467425679,0.3125,"0.266666666666667"
"P000687","1(N01) _ HI _ NI~b _ 1(N01) _ 12(N58) _ NI~b _ 1(N01) _ IR~a _ 1(N01) _ NE~a _ IR~a _ DIN# _ IR~a# _ 1(N34)#","N01 _ HI _ NI~b _ N01 _ N58 N58 N58 N58 N58 N58 N58 N58 N58 N58 N58 N58 _ NI~b _ N01 _ IR~a _ N01 _ NE~a _ IR~a _ DIN _ IR~a _ N34",25,2.33287868934203,1.7638797045128,0.32,"0.458333333333333"
"P000688","1(N01) _ 1(N01) _ |GA2~a1xX|#","N01 _ N01 _ |GA2~a1xX|",3,0.918295834054489,0.694987500240385,0.666666666666667,"0.5"
"P000689","1(N01) _ 1(N01) _ DUG~b _ 1(N01) _ DUG~c _ 1(N01) _ |DUG~cx1(N57)| _ 1(N01) _ SZAKIR~c _ 1(N01)# _ MUD3~a# _ 1(N01) _ 4(N57) _ 1(N01) _ E2~a# _ 1(N01) _ 1(N01)# _ 1(N01)#","N01 _ N01 _ DUG~b _ N01 _ DUG~c _ N01 _ |DUG~cx1(N57)| _ N01 _ SZAKIR~c _ N01 _ MUD3~a _ N01 _ N57 N57 N57 N57 _ N01 _ E2~a _ N01 _ N01 _ N01",21,2.19928181301637,1.96487506665955,0.380952380952381,"0.3"
"P000690","1(N01) _ 1(N01) _ DUG~c _ 1(N01) _ |DUG~cx1(N57)| _ 1(N01) _ SZAKIR~c# _ 1(N01) _ E2~a# _ 1(N01) _ GAN~a#","N01 _ N01 _ DUG~c _ N01 _ |DUG~cx1(N57)| _ N01 _ SZAKIR~c _ N01 _ E2~a _ N01 _ GAN~a",11,2.04945207278939,1.75427703959545,0.545454545454545,"0.1"
"P000691","1(N01) _ |DUG~bxZATU779| _ 1(N01) _ |DUG~bxZATU780| _ 1(N01) _ |DUG~bxTAK4~a| _ 1(N01) _ |DUG~bxZATU781|# _ 1(N01) _ 1(N01)","N01 _ |DUG~bxZATU779| _ N01 _ |DUG~bxZATU780| _ N01 _ |DUG~bxTAK4~a| _ N01 _ |DUG~bxZATU781| _ N01 _ N01",10,1.77095059445467,1.51880118077191,0.5,"0.111111111111111"
"P000692","GU# _ KU6~a# _ 1(N01) _ GU# _ AN _ KU6~a _ GAL~a# _ TUN3~a# _ NAGAR~b# _ 1(N01)# _ NAGAR~b#","GU _ KU6~a _ N01 _ GU _ AN _ KU6~a _ GAL~a _ TUN3~a _ NAGAR~b _ N01 _ NAGAR~b",11,2.73215889136457,1.77884832965739,0.636363636363636,"0"
"P000693","1(N01) _ SANGA~a# _ |ZATU737xU4| _ 1(N01) _ |ZATU737xSAL|","N01 _ SANGA~a _ |ZATU737xU4| _ N01 _ |ZATU737xSAL|",5,1.92192809488736,1.1813781191217,0.8,"0"
"P000694","|BAD&BAD|# _ ZATU623# _ 1(N01)# _ 1(N01) _ UR2# _ 1(N01) _ SI# _ UR4~b# _ 1(N01) _ BAR# _ UR4~b# _ 1(N01) _ MAR~a","|BAD&BAD| _ ZATU623 _ N01 _ N01 _ UR2 _ N01 _ SI _ UR4~b _ N01 _ BAR _ UR4~b _ N01 _ MAR~a",13,2.65354429703057,1.88920632346277,0.615384615384615,"0.0833333333333333"
"P000695","GU4# _ 1(N01) _ GU4 _ 1(N01) _ GU4#","GU4 _ N01 _ GU4 _ N01 _ GU4",5,0.970950594454669,0.671190309536813,0.4,"0"
"P000696","GAL~a _ KAK~a _ SZAB~a#","GAL~a _ KAK~a _ SZAB~a",3,1.58496250072116,0.861654166907052,1,"0"
"P000697","SANGA~a _ SANGA~a# _ SANGA~a#","SANGA~a _ SANGA~a _ SANGA~a",3,0,0.430827083453526,0.333333333333333,"1"
"P000698","1(N01) _ 1(N01) _ UR3~a2# _ GU4# _ GU4 _ GU4 _ 1(N01)","N01 _ N01 _ UR3~a2 _ GU4 _ GU4 _ GU4 _ N01",7,1.44881563572518,1.13458360850775,0.428571428571429,"0.5"
"P000699","1(N01) _ SI _ AK~a _ 1(N01) _ GIR2~a# _ SU~a _ 1(N01) _ E2~a _ ABZU#","N01 _ SI _ AK~a _ N01 _ GIR2~a _ SU~a _ N01 _ E2~a _ ABZU",9,2.64160416786859,1.78505061764453,0.777777777777778,"0"
"P000700","1(N01) _ 1(N01) _ 1(N01) _ NERGAL~v _ 1(N01) _ NANSZE~b _ 1(N01) _ U4 _ USZUR3~b2 _ 1(N01) _ |ZATU737xNI~a@g| _ 1(N01)","N01 _ N01 _ N01 _ NERGAL~v _ N01 _ NANSZE~b _ N01 _ U4 _ USZUR3~b2 _ N01 _ |ZATU737xNI~a@g| _ N01",12,1.94733879618755,1.79374059811984,0.5,"0.181818181818182"
"P000701","1(N01) _ SUHUR _ 4(N58) _ 1(N01) _ SUHUR@g# _ 1(N01) _ SUHUR# _ 1(N01) _ SUHUR# _ 1(N01) _ |(SUKUD+SUKUD)~a| _ 1(N01) _ SUHUR# _ 1(N01) _ NE~a# _ 1(N01) _ SZAH2~a# _ 1(N01) _ GISZ3~b# _ 1(N01)","N01 _ SUHUR _ N58 N58 N58 N58 _ N01 _ SUHUR@g _ N01 _ SUHUR _ N01 _ SUHUR _ N01 _ |(SUKUD+SUKUD)~a| _ N01 _ SUHUR _ N01 _ NE~a _ N01 _ SZAH2~a _ N01 _ GISZ3~b _ N01",23,2.38359321914946,1.94197324680633,0.347826086956522,"0.136363636363636"
"P000702","1(N01) _ |DUG~bxZATU780| _ |DUG~bxX|# _ 1(N01)# _ |DUG~bxX|# _ 1(N01) _ |DUG~bxSZAH2~a|# _ 1(N01) _ |DUG~bxANSZE~d| _ 1(N01) _ EN~a# _ SIG2~b _ 1(N01) _ EN~a _ TUG2~a","N01 _ |DUG~bxZATU780| _ |DUG~bxX| _ N01 _ |DUG~bxX| _ N01 _ |DUG~bxSZAH2~a| _ N01 _ |DUG~bxANSZE~d| _ N01 _ EN~a _ SIG2~b _ N01 _ EN~a _ TUG2~a",15,2.60623892865339,1.92520705571315,0.533333333333333,"0"
"P000703","|DUG~bxANSZE~b|# _ 1(N01) _ |DUG~bxX|# _ |DUG~bxDIN|# _ 1(N01) _ 1(N01) _ 1(N01)","|DUG~bxANSZE~b| _ N01 _ |DUG~bxX| _ |DUG~bxDIN| _ N01 _ N01 _ N01",7,1.66449777920046,1.20601217993632,0.571428571428571,"0.333333333333333"
"P000704","1(N01)# _ PAP~a# _ SUKUD#","N01 _ PAP~a _ SUKUD",3,1.58496250072116,0.861654166907052,1,"0"
"P000705","1(N01) _ 1(N01) _ ZATU753 _ 1(N01) _ SANGA~a# _ 1(N01) _ GAL~a# _ SANGA~a# _ 1(N01) _ UB _ 1(N01) _ GA~a#","N01 _ N01 _ ZATU753 _ N01 _ SANGA~a _ N01 _ GAL~a _ SANGA~a _ N01 _ UB _ N01 _ GA~a",12,2.12581458369391,1.72735797280625,0.5,"0.0909090909090909"
"P000706","1(N01) _ UB# _ 1(N01) _ GA~a# _ 1(N01)","N01 _ UB _ N01 _ GA~a _ N01",5,1.37095059445467,0.990689059560852,0.6,"0"
"P000707","1(N01) _ GA~a# _ 1(N01) _ GESZTU~b _ 1(N01) _ EN~a# _ NUN~a#","N01 _ GA~a _ N01 _ GESZTU~b _ N01 _ EN~a _ NUN~a",7,2.12808527889139,1.47796610294043,0.714285714285714,"0"
"P000708","1(N01)# _ 1(N01)#","N01 _ N01",2,0,0.25,0.5,"1"
"P000709","1(N01) _ SAL _ SAL _ 1(N01) _ UR~a _ UR~a","N01 _ SAL _ SAL _ N01 _ UR~a _ UR~a",6,1.58496250072116,1.06781509926809,0.5,"0.4"
"P000710","1(N01) _ 1(N01) _ 1(N01)#","N01 _ N01 _ N01",3,0,0.430827083453526,0.333333333333333,"1"
"P000711","|DUG~bxSIG7|#","|DUG~bxSIG7|",1,0,0,1,"NA"
"P000712","1(N01) _ KU3~a# _ 1(N01) _ KU3~a# _ 1(N01) _ KU3~a# _ KU3~a# _ KU3~a# _ 1(N01)# _ KU3~a#","N01 _ KU3~a _ N01 _ KU3~a _ N01 _ KU3~a _ KU3~a _ KU3~a _ N01 _ KU3~a",10,0.970950594454669,0.913272795785,0.2,"0.222222222222222"
"P000713","1(N01) _ NI~a# _ 1(N01) _ DUG~b# _ 1(N01) _ DUG~c# _ 1(N01) _ 1(N01) _ SZAKIR~c# _ 1(N01) _ MUD3~a# _ 1(N01) _ LAHTAN2# _ 1(N01) _ KISIM~b# _ 1(N01) _ NI~b _ 1(N01) _ HI# _ NI~b _ 1(N01) _ 1(N58)# _ NI~b _ 1(N01) _ IR~a _ 1(N01) _ 1(N01) _ GAN~a _ 1(N01) _ 3(N57)# _ GAN~a _ 1(N01) _ E2~a# _ GAN~a _ 1(N01) _ |DUG~bxSZE~a| _ 1(N01) _ |DUG~bxBALA~a| _ 1(N01) _ |DUG~bxKASKAL| _ 1(N01) _ KASZ~b# _ 1(N01) _ 1(N01) _ |DUG~bxX|# _ 1(N01) _ |DUG~bx(SA~a.GI)|# _ 1(N01) _ |DUG~bxNAGA~a|# _ 1(N01) _ |DUG~bxX|# _ 1(N01) _ |DUG~bxTI| _ 1(N01) _ |DUG~bxMASZ|# _ 1(N01) _ |DUG~bxSI4~a| _ 1(N01) _ 1(N01) _ |DUG~bxGI6| _ 1(N01) _ |DUG~bxX|# _ 1(N01) _ |DUG~bxX|# _ 1(N01) _ |DUG~bxKUR~a| _ 1(N01) _ |DUG~bxGISZ| _ 1(N01) _ 1(N01) _ |DUG~bxX|# _ 1(N01) _ 1(N01) _ GAN~b# _ GI _ 1(N01) _ BAPPIR~b _ 1(N01) _ |DUG~bxSIG7| _ U4# _ 1(N01) _ |DUG~bxSIG7|# _ GI# _ 1(N01) _ |DUG~bxSIG7|# _ NIM~a# _ 1(N01) _ AGAR2# _ 1(N01) _ U2~b# _ 1(N01) _ U2~b# _ 1(N01) _ 1(N34)#","N01 _ NI~a _ N01 _ DUG~b _ N01 _ DUG~c _ N01 _ N01 _ SZAKIR~c _ N01 _ MUD3~a _ N01 _ LAHTAN2 _ N01 _ KISIM~b _ N01 _ NI~b _ N01 _ HI _ NI~b _ N01 _ N58 _ NI~b _ N01 _ IR~a _ N01 _ N01 _ GAN~a _ N01 _ N57 N57 N57 _ GAN~a _ N01 _ E2~a _ GAN~a _ N01 _ |DUG~bxSZE~a| _ N01 _ |DUG~bxBALA~a| _ N01 _ |DUG~bxKASKAL| _ N01 _ KASZ~b _ N01 _ N01 _ |DUG~bxX| _ N01 _ |DUG~bx(SA~a.GI)| _ N01 _ |DUG~bxNAGA~a| _ N01 _ |DUG~bxX| _ N01 _ |DUG~bxTI| _ N01 _ |DUG~bxMASZ| _ N01 _ |DUG~bxSI4~a| _ N01 _ N01 _ |DUG~bxGI6| _ N01 _ |DUG~bxX| _ N01 _ |DUG~bxX| _ N01 _ |DUG~bxKUR~a| _ N01 _ |DUG~bxGISZ| _ N01 _ N01 _ |DUG~bxX| _ N01 _ N01 _ GAN~b _ GI _ N01 _ BAPPIR~b _ N01 _ |DUG~bxSIG7| _ U4 _ N01 _ |DUG~bxSIG7| _ GI _ N01 _ |DUG~bxSIG7| _ NIM~a _ N01 _ AGAR2 _ N01 _ U2~b _ N01 _ U2~b _ N01 _ N34",96,3.57753499591164,3.30061468621204,0.385416666666667,"0.0842105263157895"
"P000714","1(N01) _ 1(N01) _ BA# _ AN# _ 1(N01) _ 1(N01) _ MA# _ 1(N01) _ U4 _ BALA~a _ 1(N01) _ UB# _ 1(N01) _ SANGA~a _ NUN~a _ 1(N01) _ SZEN~a _ A _ 1(N01) _ NUN~a# _ A _ 1(N01) _ 1(N01) _ KI _ MA _ 1(N01) _ |SZE~a.NAM2| _ NUN~a _ 1(N01) _ BA _ SZU _ NUN~a _ 1(N01) _ ZATU647 _ 1(N01) _ DA~a _ NE~a _ 1(N01) _ KI _ AL _ SU~a _ 1(N01) _ SUG _ MASZ _ 1(N01) _ 1(N01) _ 1(N01) _ LAL2~a _ 1(N01) _ PA~a _ SUG5 _ SZUBUR _ 1(N01) _ A _ A _ EN~a# _ TI# _ 1(N01) _ NI2# _ 1(N01) _ EN~a# _ BA# _ ISZ~b# _ 1(N01) _ 1(N01) _ 1(N01) _ 1(N01) _ GAL~a _ KI _ 1(N01) _ KAK~a# _ NA~b _ KI _ 1(N01) _ UNUG~a# _ 1(N01) _ KI# _ ZATU694~c _ BA _ 1(N01) _ LAL2~a _ 1(N01) _ GAL~a _ TUR3~a _ 1(N01) _ 1(N01)# _ NUN~a _ 4(N14) _ 3(N01) _ URU~a1 _ BA","N01 _ N01 _ BA _ AN _ N01 _ N01 _ MA _ N01 _ U4 _ BALA~a _ N01 _ UB _ N01 _ SANGA~a _ NUN~a _ N01 _ SZEN~a _ A _ N01 _ NUN~a _ A _ N01 _ N01 _ KI _ MA _ N01 _ |SZE~a.NAM2| _ NUN~a _ N01 _ BA _ SZU _ NUN~a _ N01 _ ZATU647 _ N01 _ DA~a _ NE~a _ N01 _ KI _ AL _ SU~a _ N01 _ SUG _ MASZ _ N01 _ N01 _ N01 _ LAL2~a _ N01 _ PA~a _ SUG5 _ SZUBUR _ N01 _ A _ A _ EN~a _ TI _ N01 _ NI2 _ N01 _ EN~a _ BA _ ISZ~b _ N01 _ N01 _ N01 _ N01 _ GAL~a _ KI _ N01 _ KAK~a _ NA~b _ KI _ N01 _ UNUG~a _ N01 _ KI _ ZATU694~c _ BA _ N01 _ LAL2~a _ N01 _ GAL~a _ TUR3~a _ N01 _ N01 _ NUN~a _ N14 N14 N14 N14 _ N01 N01 N01 _ URU~a1 _ BA",96,3.89485659515692,3.28884060181607,0.385416666666667,"0.157894736842105"
"P000733","NUNUZ~a1# _ EN~a _ USZ~a","NUNUZ~a1 _ EN~a _ USZ~a",3,1.58496250072116,0.861654166907052,1,"0"
"P000734","2(N01)# _ 1(N39~a) _ 2(N01) _ 1(N24) _ 2(N01) _ 1(N26) _ 4(N01) _ 2(N58) _ 2(N01) _ DU6~b _ 1(N01) _ U4 _ 1(N01) _ |LAGAB~axSZITA~a1| _ 2(N01) _ ZATU726~c _ 2(N01) _ DU8~c _ 5(N01) _ ZATU681 _ DUG~a _ GAL~a _ SANGA~a _ NUN~a _ 1(N01) _ 4(N39~a) _ 1(N24) _ 1(N30~a) _ DUG~a _ GAL~a# _ SANGA~a _ NUN~a","N01 N01 _ N39~a _ N01 N01 _ N24 _ N01 N01 _ N26 _ N01 N01 N01 N01 _ N58 N58 _ N01 N01 _ DU6~b _ N01 _ U4 _ N01 _ |LAGAB~axSZITA~a1| _ N01 N01 _ ZATU726~c _ N01 N01 _ DU8~c _ N01 N01 N01 N01 N01 _ ZATU681 _ DUG~a _ GAL~a _ SANGA~a _ NUN~a _ N01 _ N39~a N39~a N39~a N39~a _ N24 _ N30~a _ DUG~a _ GAL~a _ SANGA~a _ NUN~a",49,2.88718452795716,2.47417327653606,0.326530612244898,"0.354166666666667"
"P000735","3(N01) _ 1(N39~a) _ 5(N01) _ 1(N24) _ 3(N01) _ 1(N26) _ 3(N01) _ 2(N58) _ 4(N01) _ U4 _ 1(N01) _ SIG2~a2 _ 3(N01) _ ZATU726~c _ 1(N14) _ ZATU681 _ 2(N01) _ DU6~b _ 6(N01) _ |LAGAB~axSZITA~a1| _ EN~a _ SZIM~a _ NAM2 _ KAB# _ NUN~a# _ 2(N39~a) _ HI@g~a _ EN~a _ SZIM~a _ 2(N01) _ 1(N24) _ 1(N28)# _ 1(N30~c) _ SZE~a _ AN _ SIG _ MUSZ3~a","N01 N01 N01 _ N39~a _ N01 N01 N01 N01 N01 _ N24 _ N01 N01 N01 _ N26 _ N01 N01 N01 _ N58 N58 _ N01 N01 N01 N01 _ U4 _ N01 _ SIG2~a2 _ N01 N01 N01 _ ZATU726~c _ N14 _ ZATU681 _ N01 N01 _ DU6~b _ N01 N01 N01 N01 N01 N01 _ |LAGAB~axSZITA~a1| _ EN~a _ SZIM~a _ NAM2 _ KAB _ NUN~a _ N39~a N39~a _ HI@g~a _ EN~a _ SZIM~a _ N01 N01 _ N24 _ N28 _ N30~c _ SZE~a _ AN _ SIG _ MUSZ3~a",61,3.09869000146185,2.87037030626024,0.39344262295082,"0.4"
"P000736","1(N39~a)# _ 1(N24)# _ 2(N01)# _ 1(N26)# _ 6(N01)# _ 2(N01) _ 2(N58) _ 2(N01) _ SIG2~a2 _ 2(N01) _ ZATU727 _ 1(N14) _ 2(N14)# _ ZATU681# _ 1(N14) _ 6(N01) _ NAGAR~b# _ A# _ DUG~a# _ EZEN~b _ 2(N57) _ 4(N01) _ 2(N39~a) _ 1(N24) _ 1(N26) _ DUG~a","N39~a _ N24 _ N01 N01 _ N26 _ N01 N01 N01 N01 N01 N01 _ N01 N01 _ N58 N58 _ N01 N01 _ SIG2~a2 _ N01 N01 _ ZATU727 _ N14 _ N14 N14 _ ZATU681 _ N14 _ N01 N01 N01 N01 N01 N01 _ NAGAR~b _ A _ DUG~a _ EZEN~b _ N57 N57 _ N01 N01 N01 N01 _ N39~a N39~a _ N24 _ N26 _ DUG~a",47,2.72918486190165,2.27953810527544,0.297872340425532,"0.5"
"P000737","1(N01)# _ BA# _ SZITA~a1# _ 1(N14) _ AN _ HI _ SZITA~a1 _ 1(N14) _ SIG7 _ SZITA~a1 _ 5(N01) _ SZITA~a1 _ BU~a _ TUR","N01 _ BA _ SZITA~a1 _ N14 _ AN _ HI _ SZITA~a1 _ N14 _ SIG7 _ SZITA~a1 _ N01 N01 N01 N01 N01 _ SZITA~a1 _ BU~a _ TUR",18,2.7527152789797,1.94411975182281,0.5,"0.235294117647059"
"P000741","2(N34)#","N34 N34",2,0,0.25,0.5,"1"
"P000743","9(N01) _ UDU~a _ 1(N14) _ SZITA~b1 _ 1(N14) _ BA _ 1(N57) _ 8(N01)# _ KU3~a# _ 2(N39~a) _ 1(N24) _ HI@g~a _ 2(N39~a) _ 1(N28) _ ZATU714 _ 4(N39~a) _ 1(N24) _ 1(N28)# _ |ZATU714xHI@g~a|# _ MU _ 1(N40)","N01 N01 N01 N01 N01 N01 N01 N01 N01 _ UDU~a _ N14 _ SZITA~b1 _ N14 _ BA _ N57 _ N01 N01 N01 N01 N01 N01 N01 N01 _ KU3~a _ N39~a N39~a _ N24 _ HI@g~a _ N39~a N39~a _ N28 _ ZATU714 _ N39~a N39~a N39~a N39~a _ N24 _ N28 _ |ZATU714xHI@g~a| _ MU _ N40",41,2.93104302166063,2.35223943423937,0.365853658536585,"0.5"
"P000759","9(N01) _ UDU~a _ 1(N14) _ SZITA~b1# _ 1(N14) _ BA# _ 1(N57)# _ KU3~a _ 1(N34)# _ 2(N14) _ TA~c _ 1(N24)# _ 2(N39~a)# _ 1(N28)# _ HI@g~a _ 4(N42~a) _ 1(N25) _ 1(N24)# _ 1(N28) _ HI@g~a _ GESZTU~b _ NAM2 _ KAB# _ NUN~a# _ AN# _ MUSZ3~a# _ U4","N01 N01 N01 N01 N01 N01 N01 N01 N01 _ UDU~a _ N14 _ SZITA~b1 _ N14 _ BA _ N57 _ KU3~a _ N34 _ N14 N14 _ TA~c _ N24 _ N39~a N39~a _ N28 _ HI@g~a _ N42~a N42~a N42~a N42~a _ N25 _ N24 _ N28 _ HI@g~a _ GESZTU~b _ NAM2 _ KAB _ NUN~a _ AN _ MUSZ3~a _ U4",40,4.00869496956284,3.04553784538787,0.55,"0.333333333333333"
"P000760","2(N01) _ SAL _ KI _ 1(N01) _ SAL _ SZA3~a1 _ 2(N01)# _ 2(N01)# _ 8(N01) _ |U4.SZU2| _ SA~a _ 2(N01) _ 5(N01) _ 1(N14) _ 6(N01)# _ 1(N14) _ 2(N01)#","N01 N01 _ SAL _ KI _ N01 _ SAL _ SZA3~a1 _ N01 N01 _ N01 N01 _ N01 N01 N01 N01 N01 N01 N01 N01 _ |U4.SZU2| _ SA~a _ N01 N01 _ N01 N01 N01 N01 N01 _ N14 _ N01 N01 N01 N01 N01 N01 _ N14 _ N01 N01",38,1.26880335901581,1.38393939795709,0.184210526315789,"0.648648648648649"
"P000769","SZITA~b1 _ SZITA~a1 _ 1(N01)# _ 1(N39~a)#","SZITA~b1 _ SZITA~a1 _ N01 _ N39~a",4,2,1.14624062518029,1,"0"
"P000783","AB2# _ 1(N14) _ BA _ 8(N01) _ KU3~a# _ 2(N34) _ AB2 _ SZITA~a1 _ 1(N34) _ 4(N14) _ SZITA~a1 _ 2(N14) _ |(SZAxHI@g~a)~b| _ 4(N39~a) _ HI@g~a# _ 3(N39~a)# _ 1(N24)# _ 1(N01)# _ 2(N39~a) _ 1(N24)# _ 1(N28)# _ 2(N39~a)# _ IDIGNA# _ AN _ MEN~a _ GESZTU~b#","AB2 _ N14 _ BA _ N01 N01 N01 N01 N01 N01 N01 N01 _ KU3~a _ N34 N34 _ AB2 _ SZITA~a1 _ N34 _ N14 N14 N14 N14 _ SZITA~a1 _ N14 N14 _ |(SZAxHI@g~a)~b| _ N39~a N39~a N39~a N39~a _ HI@g~a _ N39~a N39~a N39~a _ N24 _ N01 _ N39~a N39~a _ N24 _ N28 _ N39~a N39~a _ IDIGNA _ AN _ MEN~a _ GESZTU~b",45,3.3365321013395,2.52225558077266,0.355555555555556,"0.431818181818182"
"P000784","2(N34)# _ 3(N01)# _ SZITA~b1 _ 2(N34) _ 4(N01) _ SZITA~a1 _ DU _ 2(N34) _ 4(N01) _ SZITA@g~a _ 2(N34)# _ 4(N01)# _ |3(N57).PIRIG~b1| _ 7(N34@f)# _ 1(N01@f)#","N34 N34 _ N01 N01 N01 _ SZITA~b1 _ N34 N34 _ N01 N01 N01 N01 _ SZITA~a1 _ DU _ N34 N34 _ N01 N01 N01 N01 _ SZITA@g~a _ N34 N34 _ N01 N01 N01 N01 _ |3(N57).PIRIG~b1| _ N34@f N34@f N34@f N34@f N34@f N34@f N34@f _ N01@f",36,2.32951268509423,1.78205715992118,0.25,"0.6"
"P000788","3(N01) _ DUG~b# _ 1(N01) _ IR~a _ 4(N01) _ DUG~b# _ 2(N01) _ 1(N01) _ IR~a _ 2(N01) _ MA _ 1(N01) _ DUG~b _ 1(N01) _ IR~a _ 2(N01) _ MA _ 2(N01) _ ZATU662 _ 1(N01)# _ ZATU662# _ 2(N01) _ 1(N08) _ HASZHUR","N01 N01 N01 _ DUG~b _ N01 _ IR~a _ N01 N01 N01 N01 _ DUG~b _ N01 N01 _ N01 _ IR~a _ N01 N01 _ MA _ N01 _ DUG~b _ N01 _ IR~a _ N01 N01 _ MA _ N01 N01 _ ZATU662 _ N01 _ ZATU662 _ N01 N01 _ N08 _ HASZHUR",34,1.80460194082835,1.61351093891527,0.205882352941176,"0.333333333333333"
"P000985","UDU~a# _ 1(N14)# _ SZITA~b1# _ 1(N14)# _ 1(N57)# _ BA# _ SZITA~a1# _ 8(N01)# _ KU3~a# _ |(SZAxHI@g~a)~b|# _ 1(N39~a)# _ AMA~a# _ PAP~a# _ SZE~a# _ 1(N58)@t# _ GESZTU~b#","UDU~a _ N14 _ SZITA~b1 _ N14 _ N57 _ BA _ SZITA~a1 _ N01 N01 N01 N01 N01 N01 N01 N01 _ KU3~a _ |(SZAxHI@g~a)~b| _ N39~a _ AMA~a _ PAP~a _ SZE~a _ 1(N58)@t _ GESZTU~b",23,3.39312717344832,2.47493731617666,0.652173913043478,"0.318181818181818"
"P000989","5(N14)# _ 9(N01) _ GAR _ 1(N14)# _ 2(N01) _ 7(N01) _ DUG~a# _ NUN~a# _ ZATU762~a _ BA","N14 N14 N14 N14 N14 _ N01 N01 N01 N01 N01 N01 N01 N01 N01 _ GAR _ N14 _ N01 N01 _ N01 N01 N01 N01 N01 N01 N01 _ DUG~a _ NUN~a _ ZATU762~a _ BA",29,1.7349318561521,1.58770661928362,0.241379310344828,"0.714285714285714"
"P000997","1(N01) _ GAL~a _ KASZ~a _ ERIN _ NAM2 _ 1(N01) _ U2~b _ SAG _ 2(N01)# _ 1(N01) _ SILA3~a# _ PAP~a _ 1(N01) _ MUSZEN _ ZATU659","N01 _ GAL~a _ KASZ~a _ ERIN _ NAM2 _ N01 _ U2~b _ SAG _ N01 N01 _ N01 _ SILA3~a _ PAP~a _ N01 _ MUSZEN _ ZATU659",16,3.03063906222957,2.25489621256311,0.6875,"0.133333333333333"
"P001001","EN~a _ DU# _ I","EN~a _ DU _ I",3,1.58496250072116,0.861654166907052,1,"0"
"P001056","1(N08)# _ 2(N01)# _ 2(N08) _ 2(N14)# _ SZAGAN# _ 1(N01) _ 1(N08) _ 1(N14) _ EN~a _ NUN~a _ ERIM~a _ KISAL~b1 _ 1(N01)# _ 1(N14) _ NAMESZDA _ KISAL~b1 _ 1(N01) _ 1(N14) _ GESZTU~b _ TE _ 1(N01) _ 1(N14) _ AB~b _ 5(N57)# _ GURUSZ~a# _ 1(N14) _ UDU~a# _ URI# _ 1(N01) _ 2(N14)# _ ZATU752# _ GAL~a# _ 1(N01)# _ 1(N08)# _ 2(N14) _ EN~a _ NUNUZ~c# _ 1(N01)# _ 1(N08)# _ 2(N14) _ UMUN2 _ 1(N01)# _ 1(N08)# _ 2(N14) _ TUR3~a _ 1(N01)# _ 1(N08)#","N08 _ N01 N01 _ N08 N08 _ N14 N14 _ SZAGAN _ N01 _ N08 _ N14 _ EN~a _ NUN~a _ ERIM~a _ KISAL~b1 _ N01 _ N14 _ NAMESZDA _ KISAL~b1 _ N01 _ N14 _ GESZTU~b _ TE _ N01 _ N14 _ AB~b _ N57 N57 N57 N57 N57 _ GURUSZ~a _ N14 _ UDU~a _ URI _ N01 _ N14 N14 _ ZATU752 _ GAL~a _ N01 _ N08 _ N14 N14 _ EN~a _ NUNUZ~c _ N01 _ N08 _ N14 N14 _ UMUN2 _ N01 _ N08 _ N14 N14 _ TUR3~a _ N01 _ N08",58,3.50855431903145,2.64004242758531,0.362068965517241,"0.192982456140351"
"P001057","1(N14)# _ 3(N14) _ AMAR _ 2(N14)# _ 1(N14) _ KAB _ SANGA~a# _ NAM2#","N14 _ N14 N14 N14 _ AMAR _ N14 N14 _ N14 _ KAB _ SANGA~a _ NAM2",11,1.67293303187337,1.58032356751159,0.454545454545455,"0.5"
"P001058","1(N01) _ 1(N01)#","N01 _ N01",2,0,0.25,0.5,"1"
"P001059","2(N01) _ APIN~a _ SZAM2# _ 2(N14)# _ |KA2xLAM|# _ 2(N01)# _ KINGAL#","N01 N01 _ APIN~a _ SZAM2 _ N14 N14 _ |KA2xLAM| _ N01 N01 _ KINGAL",10,2.32192809488736,1.64136173636352,0.6,"0.333333333333333"
"P001063","E2~b# _ NUN~a# _ 2(N14) _ TUR3~a# _ GAL~a# _ 2(N14) _ AN# _ ZATU752# _ 2(N14)# _ E2~b _ GI6 _ BU~a _ 1(N34) _ BU~a _ NAM2 _ PAP~a _ 2(N14) _ NAM2 _ 3(N57) _ URI _ 4(N14)# _ MAR~a _ AN _ PA~a _ UKKIN~a# _ E2~b _ NUN~a _ GAL~a _ ZAG~a _ 1(N14)# _ 2(N14) _ KAB _ NAM2 _ KISAL~b1# _ 2(N14) _ SANGA~a# _ TE# _ 2(N14) _ UKKIN~a _ SZU _ 2(N14) _ SAL _ UKKIN~a# _ SZU _ 2(N14) _ 6(N57) _ TE _ 1(N14) _ LAGAR~a _ 1(N14) _ ZATU659 _ SZA _ 1(N14) _ ZATU647 _ ZATU628~a _ 1(N14) _ NE~a _ ZATU628~a _ ME~a _ 1(N51)# _ 5(N14)# _ 6(N01)# _ 1(N34)# _ 2(N14) _ NAM2 _ SZITA~a1 _ 3(N14)# _ 1(N34) _ 3(N14) _ 5(N01) _ TUR# _ 1(N14) _ PAP~a _ KU6~a _ MUSZ3~a _ 7(N01) _ |ZATU651xEN~a| _ 1(N51) _ 3(N14) _ 7(N01) _ TUR _ 1(N51) _ 5(N14)# _ 3(N01)# _ EN~a _ 3(N14) _ 4(N01) _ 1(N08) _ DIM~b _ SZUBUR _ 3(N14) _ 4(N01) _ 1(N08) _ GAL~a _ |ZATU737xDI|# _ 2(N14) _ 6(N01) _ E2~b _ 1(N14)# _ 3(N01)# _ |ZATU737xNIMGIR| _ 1(N14) _ |ZATU762~bxAB~a| _ 1(N14) _ 4(N01) _ 1(N08) _ TUR# _ MU _ 6(N01) _ SIG7 _ 5(N01) _ GAR _ NUN~a# _ 1(N14)# _ 2(N01)# _ AN# _ ZATU659# _ 1(N34)# _ 5(N01)# _ ZATU753# _ 3(N01) _ |ZATU659x1(N01)| _ |SZU2.URI3~a| _ 1(N14) _ 2(N01) _ 1(N08) _ SAL# _ MUSZ3~a# _ 1(N14) _ 1(N01) _ SAL _ RAD~a _ 1(N14) _ 1(N01) _ 1(N08) _ SAL _ NAGA~a _ 9(N01) _ 1(N08) _ UB _ 7(N01)# _ 1(N08) _ UB _ RU _ 1(N01)# _ DU# _ GISZIMMAR~b1 _ 1(N01)# _ PIRIG~b1 _ 1(N14) _ 1(N01) _ NAM2 _ SZU@g _ 1(N14) _ 8(N01) _ ZATU762~b _ SANGA~a _ 3(N14) _ |ZATU651xGAR| _ 1(N14)# _ KI# _ NAM2 _ |U4x1(N57)| _ KASZ~b _ GAR# _ 1(N01)#","E2~b _ NUN~a _ N14 N14 _ TUR3~a _ GAL~a _ N14 N14 _ AN _ ZATU752 _ N14 N14 _ E2~b _ GI6 _ BU~a _ N34 _ BU~a _ NAM2 _ PAP~a _ N14 N14 _ NAM2 _ N57 N57 N57 _ URI _ N14 N14 N14 N14 _ MAR~a _ AN _ PA~a _ UKKIN~a _ E2~b _ NUN~a _ GAL~a _ ZAG~a _ N14 _ N14 N14 _ KAB _ NAM2 _ KISAL~b1 _ N14 N14 _ SANGA~a _ TE _ N14 N14 _ UKKIN~a _ SZU _ N14 N14 _ SAL _ UKKIN~a _ SZU _ N14 N14 _ N57 N57 N57 N57 N57 N57 _ TE _ N14 _ LAGAR~a _ N14 _ ZATU659 _ SZA _ N14 _ ZATU647 _ ZATU628~a _ N14 _ NE~a _ ZATU628~a _ ME~a _ N51 _ N14 N14 N14 N14 N14 _ N01 N01 N01 N01 N01 N01 _ N34 _ N14 N14 _ NAM2 _ SZITA~a1 _ N14 N14 N14 _ N34 _ N14 N14 N14 _ N01 N01 N01 N01 N01 _ TUR _ N14 _ PAP~a _ KU6~a _ MUSZ3~a _ N01 N01 N01 N01 N01 N01 N01 _ |ZATU651xEN~a| _ N51 _ N14 N14 N14 _ N01 N01 N01 N01 N01 N01 N01 _ TUR _ N51 _ N14 N14 N14 N14 N14 _ N01 N01 N01 _ EN~a _ N14 N14 N14 _ N01 N01 N01 N01 _ N08 _ DIM~b _ SZUBUR _ N14 N14 N14 _ N01 N01 N01 N01 _ N08 _ GAL~a _ |ZATU737xDI| _ N14 N14 _ N01 N01 N01 N01 N01 N01 _ E2~b _ N14 _ N01 N01 N01 _ |ZATU737xNIMGIR| _ N14 _ |ZATU762~bxAB~a| _ N14 _ N01 N01 N01 N01 _ N08 _ TUR _ MU _ N01 N01 N01 N01 N01 N01 _ SIG7 _ N01 N01 N01 N01 N01 _ GAR _ NUN~a _ N14 _ N01 N01 _ AN _ ZATU659 _ N34 _ N01 N01 N01 N01 N01 _ ZATU753 _ N01 N01 N01 _ |ZATU659x1(N01)| _ |SZU2.URI3~a| _ N14 _ N01 N01 _ N08 _ SAL _ MUSZ3~a _ N14 _ N01 _ SAL _ RAD~a _ N14 _ N01 _ N08 _ SAL _ NAGA~a _ N01 N01 N01 N01 N01 N01 N01 N01 N01 _ N08 _ UB _ N01 N01 N01 N01 N01 N01 N01 _ N08 _ UB _ RU _ N01 _ DU _ GISZIMMAR~b1 _ N01 _ PIRIG~b1 _ N14 _ N01 _ NAM2 _ SZU@g _ N14 _ N01 N01 N01 N01 N01 N01 N01 N01 _ ZATU762~b _ SANGA~a _ N14 N14 N14 _ |ZATU651xGAR| _ N14 _ KI _ NAM2 _ |U4x1(N57)| _ KASZ~b _ GAR _ N01",284,3.76292632530774,3.04772215191333,0.225352112676056,"0.420494699646643"
"P001065","1(N51)# _ |U4x3(N57)|#","N51 _ |U4x3(N57)|",2,1,0.5,1,"0"
"P001066","GESZTU~b# _ |ESZDAxTAR|#","GESZTU~b _ |ESZDAxTAR|",2,1,0.5,1,"0"
"P001067","2(N14)# _ 2(N01) _ ERIM~a _ 1(N34)# _ 2(N01)# _ SZU _ 1(N14)# _ GA2~b#","N14 N14 _ N01 N01 _ ERIM~a _ N34 _ N01 N01 _ SZU _ N14 _ GA2~b",11,2.29989639116789,1.70163261253383,0.545454545454545,"0.3"
"P001072","2(N34)# _ 6(N01) _ ZATU647# _ AMA~a#","N34 N34 _ N01 N01 N01 N01 N01 N01 _ ZATU647 _ AMA~a",10,1.57095059445467,1.34328172278794,0.4,"0.666666666666667"
"P001076","6(N01)#","N01 N01 N01 N01 N01 N01",6,0,0.599129685927236,0.166666666666667,"1"
"P001077","1(N01) _ GAL~a _ TE _ 1(N01) _ AMAR# _ EN~a _ UKKIN~a# _ 1(N01) _ EN~a _ SU~a _ 1(N01) _ TUG2~c _ TE _ 1(N01) _ GUM~b _ AN _ 1(N01) _ MUSZEN# _ GISZ# _ APIN~a# _ 1(N01)# _ SZITA~a1# _ 1(N01)# _ 2(N01) _ EN~a# _ NIM~a# _ SZITA~a1 _ 3(N02) _ DUG~d _ 1(N01) _ EN~a _ SU~a#","N01 _ GAL~a _ TE _ N01 _ AMAR _ EN~a _ UKKIN~a _ N01 _ EN~a _ SU~a _ N01 _ TUG2~c _ TE _ N01 _ GUM~b _ AN _ N01 _ MUSZEN _ GISZ _ APIN~a _ N01 _ SZITA~a1 _ N01 _ N01 N01 _ EN~a _ NIM~a _ SZITA~a1 _ N02 N02 N02 _ DUG~d _ N01 _ EN~a _ SU~a",35,3.50617915102572,2.61214319413074,0.485714285714286,"0.117647058823529"
"P001100","SUHUR#","SUHUR",1,0,0,1,"NA"
"P001114","1(N14)# _ 2(N01)#","N14 _ N01 N01",3,0.918295834054489,0.597493750120193,0.666666666666667,"0.5"
"P001131","2(N01)#","N01 N01",2,0,0.25,0.5,"1"
"P001152","2(N34)# _ 1(N01) _ 1(N14)# _ 2(N34)#","N34 N34 _ N01 _ N14 _ N34 N34",6,1.25162916738782,1.02523663045181,0.5,"0.4"
"P001154","2(N01)#","N01 N01",2,0,0.25,0.5,"1"
"P001497","2(N34)#","N34 N34",2,0,0.25,0.5,"1"
"P001515","3(N34)#","N34 N34 N34",3,0,0.430827083453526,0.333333333333333,"1"
"P001533","7(N01)# _ 2(N14)# _ 2(N01)# _ 1(N14)# _ 2(N01)# _ 8(N01)# _ 7(N01) _ KISAL~a1","N01 N01 N01 N01 N01 N01 N01 _ N14 N14 _ N01 N01 _ N14 _ N01 N01 _ N01 N01 N01 N01 N01 N01 N01 N01 _ N01 N01 N01 N01 N01 N01 N01 _ KISAL~a1",30,0.674679923147456,0.997143024565992,0.1,"0.827586206896552"
"P001681","1(N01)# _ ZATU662# _ 1(N01)","N01 _ ZATU662 _ N01",3,0.918295834054489,0.597493750120193,0.666666666666667,"0"
"P001687","1(N14) _ 3(N01) _ EN~a _ HI@g~b# _ ZATU769#","N14 _ N01 N01 N01 _ EN~a _ HI@g~b _ ZATU769",7,2.12808527889139,1.50096096686096,0.714285714285714,"0.333333333333333"
"P001689","2(N34)# _ 2(N45) _ 4(N50) _ SZE~a# _ SAR~a# _ 2(N45)","N34 N34 _ N45 N45 _ N50 N50 N50 N50 _ SZE~a _ SAR~a _ N45 N45",12,2.08496250072116,1.5477195866298,0.416666666666667,"0.545454545454545"
"P001705","2(N47)# _ 6(N20)# _ 4(N05)# _ 2(N47)# _ 6(N20)# _ 1(N42~a)# _ 1(N25)# _ 3(N42~a)# _ BA _ 2(N47) _ U4 _ KI _ 6(N20) _ 4(N05) _ U4 _ KI _ 1(N01)# _ 1(N39~a)# _ 1(N24)# _ 1(N28)#","N47 N47 _ N20 N20 N20 N20 N20 N20 _ N05 N05 N05 N05 _ N47 N47 _ N20 N20 N20 N20 N20 N20 _ N42~a _ N25 _ N42~a N42~a N42~a _ BA _ N47 N47 _ U4 _ KI _ N20 N20 N20 N20 N20 N20 _ N05 N05 N05 N05 _ U4 _ KI _ N01 _ N39~a _ N24 _ N28",46,2.77207445539857,2.02932881461529,0.260869565217391,"0.577777777777778"
"P001709","2(N51)# _ 1(N34) _ 1(N14)# _ 6(N01)# _ GAR _ GUM~b _ 4(N14)# _ 2(N01) _ DUG~a# _ KASZ~a _ 1(N14)# _ DUG~a# _ 3(N14)# _ DUG~a# _ 1(N01)# _ 1(N08) _ DUG~a# _ 1(N54) _ 5(N51)# _ 1(N34)# _ 1(N14)# _ 1(N01) _ KASZ~a# _ 5(N51)# _ 1(N34) _ 2(N14) _ 2(N01) _ GAR _ 4(N34)# _ 4(N14)# _ 2(N01)# _ DUG~a _ KASZ~a _ 2(N34)# _ DUG~a _ 2(N34) _ 4(N14)# _ 2(N01)# _ KASZ~a _ 1(N48) _ 5(N34) _ SZITA~a1# _ 7(N34)# _ 1(N14)#","N51 N51 _ N34 _ N14 _ N01 N01 N01 N01 N01 N01 _ GAR _ GUM~b _ N14 N14 N14 N14 _ N01 N01 _ DUG~a _ KASZ~a _ N14 _ DUG~a _ N14 N14 N14 _ DUG~a _ N01 _ N08 _ DUG~a _ N54 _ N51 N51 N51 N51 N51 _ N34 _ N14 _ N01 _ KASZ~a _ N51 N51 N51 N51 N51 _ N34 _ N14 N14 _ N01 N01 _ GAR _ N34 N34 N34 N34 _ N14 N14 N14 N14 _ N01 N01 _ DUG~a _ KASZ~a _ N34 N34 _ DUG~a _ N34 N34 _ N14 N14 N14 N14 _ N01 N01 _ KASZ~a _ N48 _ N34 N34 N34 N34 N34 _ SZITA~a1 _ N34 N34 N34 N34 N34 N34 N34 _ N14",89,2.78123999410521,1.89509353678809,0.134831460674157,"0.511363636363636"
"P001712","1(N51)# _ 1(N34)# _ 3(N14) _ ERIM~a _ 3(N14) _ 5(N01) _ GAL~a _ 1(N14)# _ 3(N14) _ 1(N01) _ GESZTU~b _ 1(N14)# _ 2(N34) _ 2(N14) _ 2(N01) _ |NUN~b+EN~a| _ 1(N34) _ 1(N14)# _ 1(N14)","N51 _ N34 _ N14 N14 N14 _ ERIM~a _ N14 N14 N14 _ N01 N01 N01 N01 N01 _ GAL~a _ N14 _ N14 N14 N14 _ N01 _ GESZTU~b _ N14 _ N34 N34 _ N14 N14 _ N01 N01 _ |NUN~b+EN~a| _ N34 _ N14 _ N14",32,2.16864503330851,1.77199880405707,0.25,"0.483870967741935"
"P001714","3(N01)# _ |NINDA2xEZEN~b| _ 3(N01) _ GI _ 7(N01)#","N01 N01 N01 _ |NINDA2xEZEN~b| _ N01 N01 N01 _ GI _ N01 N01 N01 N01 N01 N01 N01",15,0.699842839886239,1.11133534937549,0.2,"0.714285714285714"
"P001715","1(N51)# _ 1(N34)# _ 1(N14)# _ 6(N01)# _ GAL~a _ 4(N51) _ 3(N14) _ 2(N01) _ 7(N51)# _ 2(N14)# _ 1(N01)# _ |NUN~b+EN~a|# _ 2(N01)# _ SZU _ 3(N51) _ 1(N34) _ AN _ RU _ 1(N34)# _ 2(N34)#","N51 _ N34 _ N14 _ N01 N01 N01 N01 N01 N01 _ GAL~a _ N51 N51 N51 N51 _ N14 N14 N14 _ N01 N01 _ N51 N51 N51 N51 N51 N51 N51 _ N14 N14 _ N01 _ |NUN~b+EN~a| _ N01 N01 _ SZU _ N51 N51 N51 _ N34 _ AN _ RU _ N34 _ N34 N34",42,2.44525736997157,1.89799171681692,0.214285714285714,"0.560975609756098"
"P001719","1(N14)# _ 2(N01)# _ GUM~b#","N14 _ N01 N01 _ GUM~b",4,1.5,0.948120312590145,0.75,"0.333333333333333"
"P001721","1(N34)# _ 5(N14)# _ 1(N34) _ 1(N14)# _ 2(N01)# _ 2(N14)#","N34 _ N14 N14 N14 N14 N14 _ N34 _ N14 _ N01 N01 _ N14 N14",12,1.25162916738782,1.22815869543015,0.25,"0.545454545454545"
"P001723","1(N14)# _ 1(N34)# _ 2(N51)# _ 1(N34)#","N14 _ N34 _ N51 N51 _ N34",5,1.52192809488736,0.949185309632967,0.6,"0.25"
"P001737","4(N14)# _ 5(N01)# _ 3(N01)# _ 1(N08)","N14 N14 N14 N14 _ N01 N01 N01 N01 N01 _ N01 N01 N01 _ N08",13,1.23890125660263,1.18761900140246,0.230769230769231,"0.833333333333333"
"P001741","TUN3~a _ 1(N34)# _ 1(N34)#","TUN3~a _ N34 _ N34",3,0.918295834054489,0.597493750120193,0.666666666666667,"0.5"
"P001743","2(N01)# _ |ZATU737xAB~a| _ 3(N14)# _ 5(N01)# _ 1(N51)# _ 1(N34)#","N01 N01 _ |ZATU737xAB~a| _ N14 N14 N14 _ N01 N01 N01 N01 N01 _ N51 _ N34",13,1.82302649071288,1.51178937175657,0.384615384615385,"0.583333333333333"
"P001747","2(N14)# _ AN# _ ZATU752# _ 2(N14)# _ GAL~a _ NIM~a _ 2(N14)# _ AN _ 5(N14)# _ 1(N01)# _ U4# _ GI# _ 4(N14)# _ GURUSZ~a# _ KA2~b# _ 7(N01)# _ |1(N58).BAD~a| _ 3(N01) _ |NINDA2xEZEN~b| _ 1(N01) _ GISZIMMAR~b1 _ 2(N14) _ 5(N01) _ |ZATU737xDI| _ 3(N14) _ SA~c _ DI _ 2(N14)# _ 1(N01)# _ 1(N08)# _ SZU@g _ 2(N14)# _ 1(N01) _ 1(N08) _ TUR# _ 6(N01)# _ SA~c# _ SZA3~a2 _ 4(N51)# _ 3(N14)# _ |ZATU651xEN~a|# _ 4(N51)# _ 1(N14)# _ 3(N14)# _ GAR#","N14 N14 _ AN _ ZATU752 _ N14 N14 _ GAL~a _ NIM~a _ N14 N14 _ AN _ N14 N14 N14 N14 N14 _ N01 _ U4 _ GI _ N14 N14 N14 N14 _ GURUSZ~a _ KA2~b _ N01 N01 N01 N01 N01 N01 N01 _ |1(N58).BAD~a| _ N01 N01 N01 _ |NINDA2xEZEN~b| _ N01 _ GISZIMMAR~b1 _ N14 N14 _ N01 N01 N01 N01 N01 _ |ZATU737xDI| _ N14 N14 N14 _ SA~c _ DI _ N14 N14 _ N01 _ N08 _ SZU@g _ N14 N14 _ N01 _ N08 _ TUR _ N01 N01 N01 N01 N01 N01 _ SA~c _ SZA3~a2 _ N51 N51 N51 N51 _ N14 N14 N14 _ |ZATU651xEN~a| _ N51 N51 N51 N51 _ N14 _ N14 N14 N14 _ GAR",87,2.99838613531584,2.49583114422298,0.264367816091954,"0.5"
"P001753","3(N14)","N14 N14 N14",3,0,0.430827083453526,0.333333333333333,"1"
"P001756","DUG~c#","DUG~c",1,0,0,1,"NA"
"P001762","1(N01) _ 1(N01) _ 1(N01)","N01 _ N01 _ N01",3,0,0.430827083453526,0.333333333333333,"1"
"P001763","2(N42~a)# _ GAR _ 3(N58) _ UR3~b1 _ KAB _ 1(N05) _ DUG~a _ |U4x2(N57)| _ 1(N27) _ KASZ~a _ 1(N05) _ 2(N42~a)# _ 1(N27)#","N42~a N42~a _ GAR _ N58 N58 N58 _ UR3~b1 _ KAB _ N05 _ DUG~a _ |U4x2(N57)| _ N27 _ KASZ~a _ N05 _ N42~a N42~a _ N27",17,3.10188122347602,2.16659737654524,0.588235294117647,"0.25"
"P001766","2(N01)# _ 2(N01) _ GADA~a _ 2(N01)# _ BARA2~a _ RAD~a# _ PA~a","N01 N01 _ N01 N01 _ GADA~a _ N01 N01 _ BARA2~a _ RAD~a _ PA~a",10,1.77095059445467,1.61074336527266,0.5,"0.444444444444444"
"P001773","4(N51)# _ 5(N01)#","N51 N51 N51 N51 _ N01 N01 N01 N01 N01",9,0.991076059838222,1.01816418372911,0.222222222222222,"0.875"
"P001780","1(N34)# _ 4(N14) _ UB#","N34 _ N14 N14 N14 N14 _ UB",6,1.25162916738782,1.03417907753201,0.5,"0.6"
"P001781","2(N34)#","N34 N34",2,0,0.25,0.5,"1"
"P001782","SUM~a# _ GA'AR~b1 _ SAG","SUM~a _ GA'AR~b1 _ SAG",3,1.58496250072116,0.861654166907052,1,"0"
"P001785","KUR~a#","KUR~a",1,0,0,1,"NA"
"P001797","1(N01) _ 1(N08) _ SZAB~a# _ E2~a _ 1(N01) _ |GISZxSZU2~b|# _ SAR~b _ 3(N01)# _ EN~a#","N01 _ N08 _ SZAB~a _ E2~a _ N01 _ |GISZxSZU2~b| _ SAR~b _ N01 N01 N01 _ EN~a",11,2.40400975732486,1.75850928524961,0.636363636363636,"0.2"
"P001801","3(N01)# _ 2(N01) _ EN~a _ NANSZE~a _ 2(N01) _ 4(N01) _ 1(N01)#","N01 N01 N01 _ N01 N01 _ EN~a _ NANSZE~a _ N01 N01 _ N01 N01 N01 N01 _ N01",14,0.73452992143947,1.0396806287501,0.214285714285714,"0.769230769230769"
"P001802","4(N14)#","N14 N14 N14 N14",4,0,0.50708020839343,0.25,"1"
"P001803","1(N01)# _ UR4~b _ 2(N01) _ 1(N08) _ DUG~a","N01 _ UR4~b _ N01 N01 _ N08 _ DUG~a",6,1.79248125036058,1.28322864099485,0.666666666666667,"0.2"
"P001804","4(N62)#","N62 N62 N62 N62",4,0,0.50708020839343,0.25,"1"
"P001805","SZITA~a1 _ 3(N01) _ ZATU753# _ 4(N01)# _ SANGA~a# _ 3(N01) _ SZU# _ 2(N01) _ 1(N01) _ 2(N01)# _ 1(N14)#","SZITA~a1 _ N01 N01 N01 _ ZATU753 _ N01 N01 N01 N01 _ SANGA~a _ N01 N01 N01 _ SZU _ N01 N01 _ N01 _ N01 N01 _ N14",20,1.39176014818097,1.52629550820516,0.3,"0.578947368421053"
"P001818","1(N01)# _ 1(N14)#","N01 _ N14",2,1,0.5,1,"0"
"P001819","1(N01) _ AN# _ |SZU2.EN~a|# _ SANGA~a _ 1(N01)# _ AB~a# _ 1(N01)# _ 1(N01)# _ 1(N01)# _ 1(N01)# _ 4(N14) _ NAM2 _ 3(N14) _ 6(N01) _ |KI@n+DUB~a| _ 1(N14)# _ 2(N14)#","N01 _ AN _ |SZU2.EN~a| _ SANGA~a _ N01 _ AB~a _ N01 _ N01 _ N01 _ N01 _ N14 N14 N14 N14 _ NAM2 _ N14 N14 N14 _ N01 N01 N01 N01 N01 N01 _ |KI@n+DUB~a| _ N14 _ N14 N14",28,2.08453953071734,1.71467203565406,0.285714285714286,"0.555555555555556"
"P001820","IB~a# _ AN _ AB~b _ ME~a#","IB~a _ AN _ AB~b _ ME~a",4,2,1.14624062518029,1,"0"
"P001821","1(N01)# _ NAMESZDA _ TE _ 1(N01)# _ ERIN _ 1(N01)# _ NUN~a _ ZATU686~a _ 1(N01)# _ |NIR~axAN| _ GIR3~c _ BA#","N01 _ NAMESZDA _ TE _ N01 _ ERIN _ N01 _ NUN~a _ ZATU686~a _ N01 _ |NIR~axAN| _ GIR3~c _ BA",12,2.91829583405449,2.07983429024947,0.75,"0"
"P001822","1(N01)# _ 1(N01)#","N01 _ N01",2,0,0.25,0.5,"1"
"P001823","1(N01) _ GA~a _ 1(N01)#","N01 _ GA~a _ N01",3,0.918295834054489,0.597493750120193,0.666666666666667,"0"
"P001842","1(N14)# _ 2(N01)#","N14 _ N01 N01",3,0.918295834054489,0.597493750120193,0.666666666666667,"0.5"
"P001843","1(N01) _ DUG~a","N01 _ DUG~a",2,1,0.5,1,"0"
"P001845","1(N01)# _ 1(N08)# _ 1(N02)#","N01 _ N08 _ N02",3,1.58496250072116,0.861654166907052,1,"0"
"P001850","3(N01) _ 1(N08)","N01 N01 N01 _ N08",4,0.811278124459133,0.823120312590145,0.5,"0.666666666666667"
"P001855","NI~a# _ DUG~b#","NI~a _ DUG~b",2,1,0.5,1,"0"
"P001872","1(N01)# _ NAM2 _ 1(N01) _ NAM2","N01 _ NAM2 _ N01 _ NAM2",4,1,0.63208020839343,0.5,"0"
"P001876","1(N14)# _ SUHUR _ 1(N14)#","N14 _ SUHUR _ N14",3,0.918295834054489,0.597493750120193,0.666666666666667,"0"
"P001877","1(N34)# _ 2(N14)# _ 5(N34) _ 2(N14) _ 1(N34)# _ 2(N01)#","N34 _ N14 N14 _ N34 N34 N34 N34 N34 _ N14 N14 _ N34 _ N01 N01",13,1.41955629857161,1.18581332485876,0.230769230769231,"0.583333333333333"
"P001879","3(N14)# _ IB~a# _ 2(N34)# _ BA#","N14 N14 N14 _ IB~a _ N34 N34 _ BA",7,1.84237099317711,1.38774935966659,0.571428571428571,"0.5"
"P001880","4(N14)# _ EN~a#","N14 N14 N14 N14 _ EN~a",5,0.721928094887362,0.870049785692216,0.4,"0.75"
"P001885","1(N01)# _ 1(N01)#","N01 _ N01",2,0,0.25,0.5,"1"
"P001888","1(N01)# _ 1(N01)# _ 1(N01)#","N01 _ N01 _ N01",3,0,0.430827083453526,0.333333333333333,"1"
"P001890","1(N01) _ SZUBUR _ 1(N01) _ SZUBUR _ 1(N01)# _ 1(N01) _ SZUBUR#","N01 _ SZUBUR _ N01 _ SZUBUR _ N01 _ N01 _ SZUBUR",7,0.985228136034252,0.803040453659989,0.285714285714286,"0.166666666666667"
"P001892","1(N01)# _ KISAL~b1# _ BA#","N01 _ KISAL~b1 _ BA",3,1.58496250072116,0.861654166907052,1,"0"
"P001894","3(N14)# _ 7(N01)#","N14 N14 N14 _ N01 N01 N01 N01 N01 N01 N01",10,0.881290899230693,0.948454390981683,0.2,"0.888888888888889"
"P001895","AB~a# _ GI# _ 1(N14)# _ 4(N01)#","AB~a _ GI _ N14 _ N01 N01 N01 N01",7,1.66449777920046,1.14446545372867,0.571428571428571,"0.5"
"P001901","2(N01)#","N01 N01",2,0,0.25,0.5,"1"
"P001903","1(N01)# _ 2(N01)#","N01 _ N01 N01",3,0,0.430827083453526,0.333333333333333,"1"
"P001904","|1(N57).SZUBUR| _ 1(N14)#","|1(N57).SZUBUR| _ N14",2,1,0.5,1,"0"
"P001906","1(N34)# _ 2(N34)#","N34 _ N34 N34",3,0,0.430827083453526,0.333333333333333,"1"
"P001907","1(N01)# _ 1(N01)#","N01 _ N01",2,0,0.25,0.5,"1"
"P001909","1(N01)# _ 2(N01)#","N01 _ N01 N01",3,0,0.430827083453526,0.333333333333333,"1"
"P001910","1(N01)# _ 1(N08) _ SZE~a#","N01 _ N08 _ SZE~a",3,1.58496250072116,0.861654166907052,1,"0"
"P001913","1(N34)# _ 2(N01)#","N34 _ N01 N01",3,0.918295834054489,0.597493750120193,0.666666666666667,"0.5"
"P001916","EN~a# _ 5(N01)# _ SZUBUR# _ MUSZ3~a _ 1(N14) _ IB~a _ MUSZEN _ 5(N01) _ U2~a _ 3(N14) _ ZAG~a _ 2(N14)# _ 2(N01)# _ EN~a _ 3(N14) _ ZAG~a# _ 2(N34)# _ 3(N14) _ 4(N01)#","EN~a _ N01 N01 N01 N01 N01 _ SZUBUR _ MUSZ3~a _ N14 _ IB~a _ MUSZEN _ N01 N01 N01 N01 N01 _ U2~a _ N14 N14 N14 _ ZAG~a _ N14 N14 _ N01 N01 _ EN~a _ N14 N14 N14 _ ZAG~a _ N34 N34 _ N14 N14 N14 _ N01 N01 N01 N01",39,2.38746503915318,1.91393371739257,0.256410256410256,"0.526315789473684"
"P001918","NUN~a# _ AN# _ |GI&GI&GI|","NUN~a _ AN _ |GI&GI&GI|",3,1.58496250072116,0.861654166907052,1,"0"
"P001924","1(N45) _ 3(N14) _ |NINDA2xGAR|#","N45 _ N14 N14 N14 _ |NINDA2xGAR|",5,1.37095059445467,1.02288186904959,0.6,"0.5"
"P001925","6(N01) _ AN# _ NAGAR~a","N01 N01 N01 N01 N01 N01 _ AN _ NAGAR~a",8,1.06127812445913,1.17526662970263,0.375,"0.714285714285714"
"P001926","2(N14) _ 4(N01) _ GAR _ 2(N14) _ 2(N01) _ 2(N54)#","N14 N14 _ N01 N01 N01 N01 _ GAR _ N14 N14 _ N01 N01 _ N54 N54",13,1.73814933319287,1.35565103763091,0.307692307692308,"0.583333333333333"
"P001927","1(N01) _ NI~a _ KU6~a _ 2(N01) _ UNUG~a _ 1(N01) _ UH3~b _ 1(N01) _ MAR~a _ GAR _ 1(N01) _ SZA3~a1# _ 1(N01) _ UKKIN~a _ NESAG2~a _ 1(N14)# _ 2(N01)","N01 _ NI~a _ KU6~a _ N01 N01 _ UNUG~a _ N01 _ UH3~b _ N01 _ MAR~a _ GAR _ N01 _ SZA3~a1 _ N01 _ UKKIN~a _ NESAG2~a _ N14 _ N01 N01",19,2.74638409170775,2.26346207093434,0.578947368421053,"0.111111111111111"
"P001929","2(N14)#","N14 N14",2,0,0.25,0.5,"1"
"P001932","5(N01)#","N01 N01 N01 N01 N01",5,0,0.571190309536813,0.2,"1"
"P001933","8(N01)# _ 2(N01)# _ 1(N34)# _ 2(N14)# _ AB2 _ SZE3# _ 2(N34) _ 1(N14) _ 2(N34) _ 1(N34) _ 4(N14) _ 3(N01) _ 9(N34)# _ 1(N14) _ AB2 _ 2(N48)# _ 7(N34)# _ 4(N14)# _ 3(N48)# _ 1(N34)# _ 5(N14)# _ 1(N48)#","N01 N01 N01 N01 N01 N01 N01 N01 _ N01 N01 _ N34 _ N14 N14 _ AB2 _ SZE3 _ N34 N34 _ N14 _ N34 N34 _ N34 _ N14 N14 N14 N14 _ N01 N01 N01 _ N34 N34 N34 N34 N34 N34 N34 N34 N34 _ N14 _ AB2 _ N48 N48 _ N34 N34 N34 N34 N34 N34 N34 _ N14 N14 N14 N14 _ N48 N48 N48 _ N34 _ N14 N14 N14 N14 N14 _ N48",62,2.0970304292461,1.52804131098379,0.0967741935483871,"0.688524590163934"
"P001936","1(N01)# _ U4 _ UNUG~a# _ SANGA~a#","N01 _ U4 _ UNUG~a _ SANGA~a",4,2,1.14624062518029,1,"0"
"P001948","GAL~a# _ TUR3~a#","GAL~a _ TUR3~a",2,1,0.5,1,"0"
"P001950","2(N01)#","N01 N01",2,0,0.25,0.5,"1"
"P001951","1(N01) _ 2(N58) _ ZATU675~d _ NAGA~a _ 1(N01) _ ZATU659 _ NAM2 _ PAP~a _ SZITA~a3 _ E2~b _ 1(N57) _ DU _ E2~b _ NUNUZ~a1# _ 1(N57) _ NAGA~a# _ 3(N57)# _ 1(N57) _ E2~b# _ 1(N01) _ ZATU659 _ NIR~a# _ SU~a _ PAP~a _ 3(N57) _ 1(N57) _ EN~a _ SAG _ SZITA~a1 _ 1(N57) _ PAP~a _ GA2~a1 _ GISZ _ 1(N57) _ SZU _ GU7","N01 _ N58 N58 _ ZATU675~d _ NAGA~a _ N01 _ ZATU659 _ NAM2 _ PAP~a _ SZITA~a3 _ E2~b _ N57 _ DU _ E2~b _ NUNUZ~a1 _ N57 _ NAGA~a _ N57 N57 N57 _ N57 _ E2~b _ N01 _ ZATU659 _ NIR~a _ SU~a _ PAP~a _ N57 N57 N57 _ N57 _ EN~a _ SAG _ SZITA~a1 _ N57 _ PAP~a _ GA2~a1 _ GISZ _ N57 _ SZU _ GU7",41,3.81403462619993,2.83542604743048,0.51219512195122,"0.175"
"P001952","2(N01) _ GA2~a1 _ 8(N34) _ BA _ LAGAB~a _ SZE3 _ U2~a _ PA~a _ GAL~a _ ZATU795 _ UDU~a _ 3(N34) _ SZU _ GAL~a _ 5(N34)","N01 N01 _ GA2~a1 _ N34 N34 N34 N34 N34 N34 N34 N34 _ BA _ LAGAB~a _ SZE3 _ U2~a _ PA~a _ GAL~a _ ZATU795 _ UDU~a _ N34 N34 N34 _ SZU _ GAL~a _ N34 N34 N34 N34 N34",29,2.51315340892068,2.10580909651695,0.413793103448276,"0.5"
"P001954","5(N01)# _ KUR~a _ DU8~c@g# _ 7(N01) _ HI _ DU8~c@g _ 7(N01) _ GISZ _ DIN _ DU8~c@g# _ SIG2~b# _ 1(N01)# _ |SILA3~axMA|# _ 4(N01)# _ 7(N01) _ SZA# _ HI _ 7(N01) _ SZA# _ SIG2~b# _ 7(N01)# _ |SILA3~axGARA2~a|# _ 7(N01) _ |SILA3~axKASZ~c|# _ 7(N01)# _ |SILA3~axX|#","N01 N01 N01 N01 N01 _ KUR~a _ DU8~c@g _ N01 N01 N01 N01 N01 N01 N01 _ HI _ DU8~c@g _ N01 N01 N01 N01 N01 N01 N01 _ GISZ _ DIN _ DU8~c@g _ SIG2~b _ N01 _ |SILA3~axMA| _ N01 N01 N01 N01 _ N01 N01 N01 N01 N01 N01 N01 _ SZA _ HI _ N01 N01 N01 N01 N01 N01 N01 _ SZA _ SIG2~b _ N01 N01 N01 N01 N01 N01 N01 _ |SILA3~axGARA2~a| _ N01 N01 N01 N01 N01 N01 N01 _ |SILA3~axKASZ~c| _ N01 N01 N01 N01 N01 N01 N01 _ |SILA3~axX|",75,1.45774099163572,1.74274928216402,0.16,"0.675675675675676"
"P001956","DIM~a#","DIM~a",1,0,0,1,"NA"
"P001958","1(N01)# _ 1(N01)# _ 1(N14) _ EN~a# _ 4(N01)# _ EN~a _ PAP~a","N01 _ N01 _ N14 _ EN~a _ N01 N01 N01 N01 _ EN~a _ PAP~a",10,1.57095059445467,1.3063268268885,0.4,"0.444444444444444"
"P001961","SILA3~a#","SILA3~a",1,0,0,1,"NA"
"P001962","SILA3~a#","SILA3~a",1,0,0,1,"NA"
"P001968","NAGA~a _ EN~a _ U4 _ SIG _ 6(N01)#","NAGA~a _ EN~a _ U4 _ SIG _ N01 N01 N01 N01 N01 N01",10,1.77095059445467,1.26027625345794,0.5,"0.555555555555556"
"P001971","1(N01)# _ |DUG~cx1(N57)|# _ 6(N02)# _ 2(N01)# _ |DUG~cx1(N57)| _ 2(N14) _ GESZTU~c3# _ 1(N02)# _ 2(N02) _ 2(N01) _ KASZ~c _ 3(N01)# _ |DUG~cx1(N57)| _ NUN~a _ 2(N01) _ KASZ~c# _ 1(N14) _ GESZTU~c3# _ AN _ MUSZ3~a# _ 1(N02) _ 1(N01) _ KASZ~c# _ AB~b# _ KU6~a _ AB~a _ 1(N01)# _ |DUG~cx1(N57)| _ 3(N14) _ GESZTU~c3# _ 1(N15) _ 4(N02) _ DUG~c# _ 5(N01)# _ KASZ~c# _ EN~a _ ERIM~a _ NUN~a _ EN~a _ AN _ RU","N01 _ |DUG~cx1(N57)| _ N02 N02 N02 N02 N02 N02 _ N01 N01 _ |DUG~cx1(N57)| _ N14 N14 _ GESZTU~c3 _ N02 _ N02 N02 _ N01 N01 _ KASZ~c _ N01 N01 N01 _ |DUG~cx1(N57)| _ NUN~a _ N01 N01 _ KASZ~c _ N14 _ GESZTU~c3 _ AN _ MUSZ3~a _ N02 _ N01 _ KASZ~c _ AB~b _ KU6~a _ AB~a _ N01 _ |DUG~cx1(N57)| _ N14 N14 N14 _ GESZTU~c3 _ N15 _ N02 N02 N02 N02 _ DUG~c _ N01 N01 N01 N01 N01 _ KASZ~c _ EN~a _ ERIM~a _ NUN~a _ EN~a _ AN _ RU",62,3.2920269601199,2.39686187726389,0.274193548387097,"0.360655737704918"
"P001972","8(N01) _ SZU2 _ AN _ UMUN2 _ 2(N01)# _ SZE~a@t","N01 N01 N01 N01 N01 N01 N01 N01 _ SZU2 _ AN _ UMUN2 _ N01 N01 _ SZE~a@t",14,1.4345491399952,1.56275564629187,0.357142857142857,"0.615384615384615"
"P001977","3(N57) _ NAGA~a _ MUSZ3~a# _ EZINU~d _ GUG2 _ GI4~a _ UNUG~a#","N57 N57 N57 _ NAGA~a _ MUSZ3~a _ EZINU~d _ GUG2 _ GI4~a _ UNUG~a",9,2.64160416786859,1.90851686327433,0.777777777777778,"0.25"
"P001979","2(N01)# _ SU~a# _ UDU~a _ 1(N57) _ UTUA~a _ GI6 _ U4# _ LU2#","N01 N01 _ SU~a _ UDU~a _ N57 _ UTUA~a _ GI6 _ U4 _ LU2",9,2.94770277922009,1.99657033553662,0.888888888888889,"0.125"
"P001980","SILA3~a# _ SILA3~a# _ EN~a# _ TUR# _ MUSZEN#","SILA3~a _ SILA3~a _ EN~a _ TUR _ MUSZEN",5,1.92192809488736,1.2813781191217,0.8,"0.25"
"P001985","ZATU756# _ 5(N01)# _ SUHUR _ BA# _ SUHUR@g# _ A# _ ZATU756 _ ZATU756 _ 5(N01) _ SUHUR _ BA# _ 5(N01) _ 3(N57) _ SUHUR@g _ |GI&GI|# _ PAP~a _ E~a# _ IB~a# _ 5(N01)# _ |GI&GI|# _ SUHUR# _ |GI&GI| _ 1(N01)# _ |GI&GI|# _ NAM2 _ PA~a _ RAD~a _ UKKIN~a# _ RAD~a _ 1(N14)# _ 1(N14)#","ZATU756 _ N01 N01 N01 N01 N01 _ SUHUR _ BA _ SUHUR@g _ A _ ZATU756 _ ZATU756 _ N01 N01 N01 N01 N01 _ SUHUR _ BA _ N01 N01 N01 N01 N01 _ N57 N57 N57 _ SUHUR@g _ |GI&GI| _ PAP~a _ E~a _ IB~a _ N01 N01 N01 N01 N01 _ |GI&GI| _ SUHUR _ |GI&GI| _ N01 _ |GI&GI| _ NAM2 _ PA~a _ RAD~a _ UKKIN~a _ RAD~a _ N14 _ N14",49,3.11464191789389,2.3857848836815,0.326530612244898,"0.416666666666667"
"P001986","1(N01) _ ZATU710 _ 1(N57) _ BU~a _ ZATU801 _ 1(N01) _ 3(N57) _ |SZE~a&SZE~a| _ 1(N01) _ 1(N57) _ EN~a _ SZU# _ 1(N01) _ 2(N57) _ U4 _ ZATU801# _ 1(N01) _ 3(N57) _ U4 _ 1(N01)# _ 4(N57) _ U4 _ ZATU801# _ 1(N01) _ 3(N57)# _ ZATU801#","N01 _ ZATU710 _ N57 _ BU~a _ ZATU801 _ N01 _ N57 N57 N57 _ |SZE~a&SZE~a| _ N01 _ N57 _ EN~a _ SZU _ N01 _ N57 N57 _ U4 _ ZATU801 _ N01 _ N57 N57 N57 _ U4 _ N01 _ N57 N57 N57 N57 _ U4 _ ZATU801 _ N01 _ N57 N57 N57 _ ZATU801",36,2.3395572165028,1.59450506070808,0.25,"0.285714285714286"
"P001988","9(N01)# _ 2(N01)# _ SAG#","N01 N01 N01 N01 N01 N01 N01 N01 N01 _ N01 N01 _ SAG",12,0.413816850303634,0.892157912364763,0.166666666666667,"0.909090909090909"
"P001992","ZATU777 _ KU3~a _ NUNUZ~a2 _ URU~a1","ZATU777 _ KU3~a _ NUNUZ~a2 _ URU~a1",4,2,1.14624062518029,1,"0"
"P001994","SUM~a# _ 2(N01)# _ TAG~a3 _ SUM~a","SUM~a _ N01 N01 _ TAG~a3 _ SUM~a",5,1.52192809488736,0.990689059560852,0.6,"0.25"
"P001995","2(N01) _ AB2 _ NE~a _ 1(N01) _ U4 _ AB2 _ 2(N01) _ SZU _ AB2 _ 2(N01)# _ GI6 _ AB2 _ 1(N01) _ KUR~a _ AM~a _ NE~a# _ GU4 _ 3(N01)# _ GU4# _ |SZE~a&SZE~a|# _ |SIxGU4| _ BU~a _ NA~a","N01 N01 _ AB2 _ NE~a _ N01 _ U4 _ AB2 _ N01 N01 _ SZU _ AB2 _ N01 N01 _ GI6 _ AB2 _ N01 _ KUR~a _ AM~a _ NE~a _ GU4 _ N01 N01 N01 _ GU4 _ |SZE~a&SZE~a| _ |SIxGU4| _ BU~a _ NA~a",28,3.01972107187867,2.40270847947811,0.464285714285714,"0.185185185185185"
"P001998","1(N01)# _ 1(N01) _ TUN3~a _ 1(N57)","N01 _ N01 _ TUN3~a _ N57",4,1.5,1.02124062518029,0.75,"0.333333333333333"
"P002001","5(N01) _ |SILA3~axSZU|","N01 N01 N01 N01 N01 _ |SILA3~axSZU|",6,0.650022421648354,0.906819008067537,0.333333333333333,"0.8"
"P002002","3(N01) _ KU6~a _ KISIM~a _ IB~a _ DIM~a _ 1(N01) _ UNUG~a _ SZEN~b _ PAP~a _ |MUSZENx2(N57)| _ 1(N01) _ SZEN~b _ PAP~a _ SZU _ PAP~a _ |MUSZENx2(N57)| _ 1(N01) _ UKKIN~b# _ |SILA3~axSZE~a@t| _ 1(N01) _ SZEN~b# _ PAP~a _ |MUSZENx2(N57)| _ 1(N01) _ SZEN~b _ SI _ RAD~a _ PAP~a _ |MUSZENx1(N57)| _ 1(N01) _ DUG~b _ GA2~a2 _ GURUSZDA# _ UNUG~a _ 5(N57) _ 1(N01) _ SI _ UKKIN~b _ SZE~a _ 3(N57) _ E2~a _ 1(N01) _ GI _ 1(N01) _ DUG~b _ |SZU&SZU| _ 1(N01) _ KISIM~a _ 2(N01) _ KISIM~a _ PAP~a _ SZU _ DIM~a# _ IB~a# _ 1(N01) _ KISIM~a _ EN~a _ DU _ AB2 _ DIM~a _ IB~a _ 2(N01) _ UKKIN~b _ |SZU2.EN~a|# _ AN# _ EN~a _ DU _ AB2 _ |MUSZENx2(N57)| _ PAP~a _ 1(N01) _ U4 _ EN~a _ |SZU&SZU|# _ 1(N01) _ NUNUZ~a1 _ |SZU&SZU| _ EN~a# _ TI _ |GISZxSZU2~a| _ EN~a _ 2(N01) _ UKKIN~b _ APIN~a _ ZATU752 _ |MUSZENx2(N57)| _ PAP~a _ 1(N01)# _ 4(N01)# _ GURUSZDA# _ GA2~a2 _ 4(N01) _ KISIM~a _ IM~b _ GURUSZDA _ GA2~a2 _ 1(N01) _ SZEN~b _ 1(N01) _ 1(N08) _ KISIM~a _ EN~a _ TU~a _ 1(N01) _ SZEN~b _ MAH~a _ DA~a# _ GURUSZDA _ GA2~a2# _ UDU~a _ E2~a# _ PIRIG~b1 _ 1(N01) _ UKKIN~a _ |SZU&SZU| _ IDIGNA _ EN~a _ 6(N01)# _ SZEN~b# _ 6(N01)# _ DUG~b# _ 2(N01)# _ 1(N01)# _ SI# _ SZE~a# _ UKKIN~b# _ 1(N14) _ 3(N01) _ KISIM~a _ 7(N01) _ UKKIN~b# _ TUR _ 1(N01) _ MUD3~a _ 1(N01)# _ |DUG~cx1(N57)| _ PIRIG~b1# _ EN~a# _ |SILA3~axSZE~a@t|# _ GU7#","N01 N01 N01 _ KU6~a _ KISIM~a _ IB~a _ DIM~a _ N01 _ UNUG~a _ SZEN~b _ PAP~a _ |MUSZENx2(N57)| _ N01 _ SZEN~b _ PAP~a _ SZU _ PAP~a _ |MUSZENx2(N57)| _ N01 _ UKKIN~b _ |SILA3~axSZE~a@t| _ N01 _ SZEN~b _ PAP~a _ |MUSZENx2(N57)| _ N01 _ SZEN~b _ SI _ RAD~a _ PAP~a _ |MUSZENx1(N57)| _ N01 _ DUG~b _ GA2~a2 _ GURUSZDA _ UNUG~a _ N57 N57 N57 N57 N57 _ N01 _ SI _ UKKIN~b _ SZE~a _ N57 N57 N57 _ E2~a _ N01 _ GI _ N01 _ DUG~b _ |SZU&SZU| _ N01 _ KISIM~a _ N01 N01 _ KISIM~a _ PAP~a _ SZU _ DIM~a _ IB~a _ N01 _ KISIM~a _ EN~a _ DU _ AB2 _ DIM~a _ IB~a _ N01 N01 _ UKKIN~b _ |SZU2.EN~a| _ AN _ EN~a _ DU _ AB2 _ |MUSZENx2(N57)| _ PAP~a _ N01 _ U4 _ EN~a _ |SZU&SZU| _ N01 _ NUNUZ~a1 _ |SZU&SZU| _ EN~a _ TI _ |GISZxSZU2~a| _ EN~a _ N01 N01 _ UKKIN~b _ APIN~a _ ZATU752 _ |MUSZENx2(N57)| _ PAP~a _ N01 _ N01 N01 N01 N01 _ GURUSZDA _ GA2~a2 _ N01 N01 N01 N01 _ KISIM~a _ IM~b _ GURUSZDA _ GA2~a2 _ N01 _ SZEN~b _ N01 _ N08 _ KISIM~a _ EN~a _ TU~a _ N01 _ SZEN~b _ MAH~a _ DA~a _ GURUSZDA _ GA2~a2 _ UDU~a _ E2~a _ PIRIG~b1 _ N01 _ UKKIN~a _ |SZU&SZU| _ IDIGNA _ EN~a _ N01 N01 N01 N01 N01 N01 _ SZEN~b _ N01 N01 N01 N01 N01 N01 _ DUG~b _ N01 N01 _ N01 _ SI _ SZE~a _ UKKIN~b _ N14 _ N01 N01 N01 _ KISIM~a _ N01 N01 N01 N01 N01 N01 N01 _ UKKIN~b _ TUR _ N01 _ MUD3~a _ N01 _ |DUG~cx1(N57)| _ PIRIG~b1 _ EN~a _ |SILA3~axSZE~a@t| _ GU7",176,4.24010147295428,3.17839506076094,0.272727272727273,"0.217142857142857"
"P002004","2(N02) _ NAM2 _ ERIN _ 2(N02) _ TAK4~a _ GURUSZDA _ SANGA~a _ 1(N35)# _ EN~a# _ SI _ SZU _ NUN~a _ 5(N02) _ KU6~a _ GAN2 _ 2(N01) _ EN~a _ AB~b# _ 2(N02)# _ IB~a# _ ZATU703 _ 3(N57) _ NUN~a# _ EN~a# _ RU# _ GESZTU~b# _ 3(N57) _ EN~a# _ AMAR# _ EN~a# _ GISZIMMAR~b1# _ 1(N34)# _ ERIM~a# _ TAK4~a# _ 2(N01)# _ PAP~a# _ 2(N01)# _ 1(N34)# _ 3(N57) _ 5(N01)# _ 2(N01)# _ 2(N14)# _ 1(N34)# _ 1(N34)# _ 4(N01)# _ 5(N34)#","N02 N02 _ NAM2 _ ERIN _ N02 N02 _ TAK4~a _ GURUSZDA _ SANGA~a _ N35 _ EN~a _ SI _ SZU _ NUN~a _ N02 N02 N02 N02 N02 _ KU6~a _ GAN2 _ N01 N01 _ EN~a _ AB~b _ N02 N02 _ IB~a _ ZATU703 _ N57 N57 N57 _ NUN~a _ EN~a _ RU _ GESZTU~b _ N57 N57 N57 _ EN~a _ AMAR _ EN~a _ GISZIMMAR~b1 _ N34 _ ERIM~a _ TAK4~a _ N01 N01 _ PAP~a _ N01 N01 _ N34 _ N57 N57 N57 _ N01 N01 N01 N01 N01 _ N01 N01 _ N14 N14 _ N34 _ N34 _ N01 N01 N01 N01 _ N34 N34 N34 N34 N34",75,3.79936660240702,2.770204338117,0.346666666666667,"0.418918918918919"
"P002007","5(N14) _ KASZ~c _ 1(N34) _ 2(N14) _ GUG2 _ 1(N34)# _ 3(N14) _ SA~a#","N14 N14 N14 N14 N14 _ KASZ~c _ N34 _ N14 N14 _ GUG2 _ N34 _ N14 N14 N14 _ SA~a",15,1.55893853235028,1.53068707057302,0.333333333333333,"0.5"
"P002008","3(N14)# _ 5(N01)# _ DUG~c _ 2(N01) _ |MAxMA| _ 5(N34) _ 1(N14) _ MA _ 1(N34)# _ 4(N01)# _ HASZHUR# _ 1(N14) _ 5(N01)# _ HASZHUR#","N14 N14 N14 _ N01 N01 N01 N01 N01 _ DUG~c _ N01 N01 _ |MAxMA| _ N34 N34 N34 N34 N34 _ N14 _ MA _ N34 _ N01 N01 N01 N01 _ HASZHUR _ N14 _ N01 N01 N01 N01 N01 _ HASZHUR",32,2.09001826628863,1.72414246459011,0.21875,"0.580645161290323"
"P002011","1(N01) _ 3(N01) _ UDU~a# _ EN~a# _ SAG","N01 _ N01 N01 N01 _ UDU~a _ EN~a _ SAG",7,1.66449777920046,1.39179519303426,0.571428571428571,"0.5"
"P002012","1(N01)# _ TUR _ NUN~a# _ 2(N02)# _ 1(N14)# _ 2(N02)# _ 2(N01)# _ SU~a#","N01 _ TUR _ NUN~a _ N02 N02 _ N14 _ N02 N02 _ N01 N01 _ SU~a",11,2.29989639116789,1.58836656270067,0.545454545454545,"0.3"
"P002015","NUN~a# _ 2(N01)# _ 2(N01) _ 1(N01)","NUN~a _ N01 N01 _ N01 N01 _ N01",6,0.650022421648354,0.754267533169491,0.333333333333333,"0.8"
"P002017","1(N01)# _ 1(N01)# _ KASZ~d# _ TUR3~a _ TUR# _ 2(N01)# _ KASZ~d# _ NUN~a# _ SZUBUR# _ 1(N01)# _ |DUG~cx1(N57)|# _ 2(N01)# _ KASZ~d# _ TAK4~a _ KI _ AN _ SZU2 _ EN~a _ |ZATU651xGAR|# _ 7(N01)# _ |DUG~cx1(N57)| _ 2(N14)# _ 4(N01) _ KASZ~d _ E2~b _ PIRIG~b1#","N01 _ N01 _ KASZ~d _ TUR3~a _ TUR _ N01 N01 _ KASZ~d _ NUN~a _ SZUBUR _ N01 _ |DUG~cx1(N57)| _ N01 N01 _ KASZ~d _ TAK4~a _ KI _ AN _ SZU2 _ EN~a _ |ZATU651xGAR| _ N01 N01 N01 N01 N01 N01 N01 _ |DUG~cx1(N57)| _ N14 N14 _ N01 N01 N01 N01 _ KASZ~d _ E2~b _ PIRIG~b1",38,2.95691040749723,2.33702289545148,0.421052631578947,"0.351351351351351"
"P002018","1(N01) _ |SILA3~axKASZ~d| _ 1(N01) _ |SILA3~axHASZHUR| _ 1(N01)# _ 1(N01) _ SANGA~a","N01 _ |SILA3~axKASZ~d| _ N01 _ |SILA3~axHASZHUR| _ N01 _ N01 _ SANGA~a",7,1.66449777920046,1.29332592431749,0.571428571428571,"0.166666666666667"
"P002021","2(N01) _ NUN~a# _ MUSZEN# _ 2(N01)#","N01 N01 _ NUN~a _ MUSZEN _ N01 N01",6,1.25162916738782,1.02523663045181,0.5,"0.4"
"P002023","2(N51)#","N51 N51",2,0,0.25,0.5,"1"
"P002026","DU _ AMAR","DU _ AMAR",2,1,0.5,1,"0"
"P002027","3(N01) _ DUG~a#","N01 N01 N01 _ DUG~a",4,0.811278124459133,0.823120312590145,0.5,"0.666666666666667"
"P002031","1(N01) _ EN~a# _ SZU _ NUN~a#","N01 _ EN~a _ SZU _ NUN~a",4,2,1.14624062518029,1,"0"
"P002033","ME~a _ 2(N14)# _ 2(N14)#","ME~a _ N14 N14 _ N14 N14",5,0.721928094887362,0.724022392894185,0.4,"0.75"
"P002034","1(N01) _ 2(N01)","N01 _ N01 N01",3,0,0.430827083453526,0.333333333333333,"1"
"P002035","NAGAR~a# _ NE~a _ 5(N01)# _ SZA@g# _ 5(N01) _ 1(N51)# _ 1(N34)# _ GA'AR~a2 _ |SAR~axSZE~a|# _ EN~a _ SIG7# _ GI# _ GU7#","NAGAR~a _ NE~a _ N01 N01 N01 N01 N01 _ SZA@g _ N01 N01 N01 N01 N01 _ N51 _ N34 _ GA'AR~a2 _ |SAR~axSZE~a| _ EN~a _ SIG7 _ GI _ GU7",21,2.81044690140383,2.26956420325124,0.571428571428571,"0.4"
"P002041","HAL _ 2(N01)# _ 1(N14) _ 4(N01) _ BA _ 1(N01) _ 2(N14) _ 4(N01) _ BA _ 1(N34) _ 3(N14)# _ NAM2 _ RAD~a _ PA~a# _ EN~a# _ 2(N14)#","HAL _ N01 N01 _ N14 _ N01 N01 N01 N01 _ BA _ N01 _ N14 N14 _ N01 N01 N01 N01 _ BA _ N34 _ N14 N14 N14 _ NAM2 _ RAD~a _ PA~a _ EN~a _ N14 N14",27,2.38252647234827,1.90717607198638,0.333333333333333,"0.423076923076923"
"P002043","NA2~a# _ AB~a# _ APIN~a _ BA _ GI# _ GI#","NA2~a _ AB~a _ APIN~a _ BA _ GI _ GI",6,2.25162916738782,1.36656197432818,0.833333333333333,"0.2"
"P002044","GAL~a#","GAL~a",1,0,0,1,"NA"
"P002050","4(N01)# _ 2(N39~a)# _ 1(N14)# _ 2(N01)# _ 1(N24)#","N01 N01 N01 N01 _ N39~a N39~a _ N14 _ N01 N01 _ N24",10,1.57095059445467,1.43569756964878,0.4,"0.555555555555556"
"P002053","1(N01)# _ 1(N01) _ TUG2~a _ BUR2 _ 3(N01) _ TUG2~a _ 1(N01) _ SZU2 _ 1(N01) _ BAR _ SZU2 _ SAL _ 4(N01) _ GISZIMMAR~b1 _ 1(N01) _ URI _ 1(N01)# _ GISZ# _ 1(N01) _ GISZ _ 2(N01) _ ZATU759 _ 1(N14) _ |ZATU759@txX|# _ 1(N01) _ NU11 _ SAL _ 1(N01) _ ZATU778 _ SUG5 _ 3(N57) _ KAL~b2 _ E2~b","N01 _ N01 _ TUG2~a _ BUR2 _ N01 N01 N01 _ TUG2~a _ N01 _ SZU2 _ N01 _ BAR _ SZU2 _ SAL _ N01 N01 N01 N01 _ GISZIMMAR~b1 _ N01 _ URI _ N01 _ GISZ _ N01 _ GISZ _ N01 N01 _ ZATU759 _ N14 _ |ZATU759@txX| _ N01 _ NU11 _ SAL _ N01 _ ZATU778 _ SUG5 _ N57 N57 N57 _ KAL~b2 _ E2~b",41,3.21575840637113,2.72069815518964,0.439024390243902,"0.225"
"P002056","GARA2~a _ 1(N01) _ SZEN~e _ EN~a _ AB~a _ TI _ 1(N01)# _ 5(N01) _ GARA2~a _ 1(N01)# _ SZEN~e# _ TUR3~a","GARA2~a _ N01 _ SZEN~e _ EN~a _ AB~a _ TI _ N01 _ N01 N01 N01 N01 N01 _ GARA2~a _ N01 _ SZEN~e _ TUR3~a",16,2.25,1.58599705663497,0.4375,"0.333333333333333"
"P002059","1(N01) _ |SILA3~axNI~a| _ 1(N01) _ MA# _ ZATU681# _ 1(N01)# _ GIR3~c# _ PAP~a","N01 _ |SILA3~axNI~a| _ N01 _ MA _ ZATU681 _ N01 _ GIR3~c _ PAP~a",8,2.40563906222957,1.65178068970827,0.75,"0"
"P002062","EZEN~b# _ EN~a# _ SAG# _ SZITA~a1 _ 2(N01) _ EN~a _ EZEN~b _ 6(N01) _ |SILA3~axSZE~a@t| _ 3(N01) _ PAP~a _ |MUSZENx2(N57)| _ GU7# _ 3(N34) _ 2(N14) _ 2(N01) _ BA _ |SILA3~axSZE~a@t| _ E2~a _ 1(N34)# _ TUR3~a# _ GAL~a _ 1(N34) _ ABGAL# _ 1(N34) _ SANGA~a _ BU~a _ ABGAL _ 6(N01) _ SZITA~a1 _ |SILA3~axSZE~a@t| _ 3(N01) _ PAP~a _ |MUSZENx2(N57)| _ 2(N01)# _ EN~a _ EZEN~b","EZEN~b _ EN~a _ SAG _ SZITA~a1 _ N01 N01 _ EN~a _ EZEN~b _ N01 N01 N01 N01 N01 N01 _ |SILA3~axSZE~a@t| _ N01 N01 N01 _ PAP~a _ |MUSZENx2(N57)| _ GU7 _ N34 N34 N34 _ N14 N14 _ N01 N01 _ BA _ |SILA3~axSZE~a@t| _ E2~a _ N34 _ TUR3~a _ GAL~a _ N34 _ ABGAL _ N34 _ SANGA~a _ BU~a _ ABGAL _ N01 N01 N01 N01 N01 N01 _ SZITA~a1 _ |SILA3~axSZE~a@t| _ N01 N01 N01 _ PAP~a _ |MUSZENx2(N57)| _ N01 N01 _ EN~a _ EZEN~b",57,3.20458233823272,2.38902787690264,0.315789473684211,"0.357142857142857"
"P002063","GU4# _ GU4# _ 1(N01)# _ GU4# _ 1(N01) _ |U4x5(N57)| _ GU4 _ 1(N01) _ |U4x4(N57)| _ GU4 _ 2(N01) _ |U4x2(N57)| _ GU4 _ 2(N01)# _ AMAR# _ E2~a# _ 1(N57) _ UTUL~a _ GAL~a# _ 1(N48)# _ 1(N34)# _ 2(N34)# _ 1(N14)#","GU4 _ GU4 _ N01 _ GU4 _ N01 _ |U4x5(N57)| _ GU4 _ N01 _ |U4x4(N57)| _ GU4 _ N01 N01 _ |U4x2(N57)| _ GU4 _ N01 N01 _ AMAR _ E2~a _ N57 _ UTUL~a _ GAL~a _ N48 _ N34 _ N34 N34 _ N14",26,3.16520329656826,2.46941349774615,0.5,"0.2"
"P002064","6(N51)# _ 1(N45)#","N51 N51 N51 N51 N51 N51 _ N45",7,0.591672778582327,0.91459043394586,0.285714285714286,"0.833333333333333"
"P002068","2(N01) _ |SILA3~axNI~a| _ HI _ BAN~a _ |U4x1(N01)| _ 1(N14)# _ |DUG~ax1(N57)|# _ DA~a# _ GA2~c _ 1(N14) _ |SILA3~axHI| _ 1(N14) _ |SILA3~axNI~a|# _ BA _ ZATU629# _ 2(N14) _ 2(N01) _ |DUG~ax1(N57)| _ GAR#","N01 N01 _ |SILA3~axNI~a| _ HI _ BAN~a _ |U4x1(N01)| _ N14 _ |DUG~ax1(N57)| _ DA~a _ GA2~c _ N14 _ |SILA3~axHI| _ N14 _ |SILA3~axNI~a| _ BA _ ZATU629 _ N14 N14 _ N01 N01 _ |DUG~ax1(N57)| _ GAR",22,3.38626614252653,2.39217052168617,0.590909090909091,"0.142857142857143"
"P002070","2(N01) _ 2(N01) _ 2(N01) _ 1(N14) _ DUG~c _ |SILA3~axSZE~a@t| _ E2~a","N01 N01 _ N01 N01 _ N01 N01 _ N14 _ DUG~c _ |SILA3~axSZE~a@t| _ E2~a",10,1.77095059445467,1.58939861339507,0.5,"0.555555555555556"
"P002073","1(N01)# _ DU _ 1(N01) _ ZI~a _ |DU6~axDISZ| _ 1(N01)# _ GI# _ 1(N14) _ 4(N01)#","N01 _ DU _ N01 _ ZI~a _ |DU6~axDISZ| _ N01 _ GI _ N14 _ N01 N01 N01 N01",12,1.94733879618755,1.61714976575589,0.5,"0.272727272727273"
"P002074","AB2# _ GU4#","AB2 _ GU4",2,1,0.5,1,"0"
"P002078","UMUN2# _ SILA3~c","UMUN2 _ SILA3~c",2,1,0.5,1,"0"
"P002082","1(N01)# _ BA# _ SUHUR# _ SAG _ 2(N01)# _ BA# _ SUHUR _ 1(N14)# _ SUHUR# _ 1(N01)# _ SUMASZ _ 1(N34) _ |ZATU759xKU6~a|# _ UB _ KU6~a _ EN~a# _ SUHUR# _ TUR3~a# _ DU# _ SZE3# _ |GI&GI|# _ SUHUR#","N01 _ BA _ SUHUR _ SAG _ N01 N01 _ BA _ SUHUR _ N14 _ SUHUR _ N01 _ SUMASZ _ N34 _ |ZATU759xKU6~a| _ UB _ KU6~a _ EN~a _ SUHUR _ TUR3~a _ DU _ SZE3 _ |GI&GI| _ SUHUR",23,3.58401237021193,2.61930503094975,0.652173913043478,"0.0454545454545455"
"P002084","5(N01)#","N01 N01 N01 N01 N01",5,0,0.571190309536813,0.2,"1"
"P002086","3(N01)# _ GISZ# _ TE# _ 1(N01) _ UDU~a _ EN~a _ BU~b _ U2~b _ DU _ GAL~a# _ SANGA~a#","N01 N01 N01 _ GISZ _ TE _ N01 _ UDU~a _ EN~a _ BU~b _ U2~b _ DU _ GAL~a _ SANGA~a",13,3.08505510275648,2.30391788088426,0.769230769230769,"0.166666666666667"
"P002088","1(N01)# _ SI _ EN~a","N01 _ SI _ EN~a",3,1.58496250072116,0.861654166907052,1,"0"
"P002089","|(UDU~axTAR)~b|#","|(UDU~axTAR)~b|",1,0,0,1,"NA"
"P002090","DUG~a _ UDU~a _ |BU~a+DU6~a| _ AN _ ZATU751~b _ |(UDU~axTAR)~b|# _ EN~a _ BU~a#","DUG~a _ UDU~a _ |BU~a+DU6~a| _ AN _ ZATU751~b _ |(UDU~axTAR)~b| _ EN~a _ BU~a",8,3,1.91240100229841,1,"0"
"P002092","1(N02) _ DIM~a _ 1(N02) _ APIN~a _ 1(N01)# _ 1(N01)# _ 1(N01) _ DA~a _ 1(N01) _ HI _ 5(N57) _ GI6 _ 1(N01) _ EN~a _ GAN~c _ HI _ 1(N01) _ NIM~a _ BA _ SZITA~a3 _ GAL~a# _ 3(N02)# _ NUN~a _ |SILA3~axSZU2| _ A _ URI3~a _ GAL~a _ SZITA~a3#","N02 _ DIM~a _ N02 _ APIN~a _ N01 _ N01 _ N01 _ DA~a _ N01 _ HI _ N57 N57 N57 N57 N57 _ GI6 _ N01 _ EN~a _ GAN~c _ HI _ N01 _ NIM~a _ BA _ SZITA~a3 _ GAL~a _ N02 N02 N02 _ NUN~a _ |SILA3~axSZU2| _ A _ URI3~a _ GAL~a _ SZITA~a3",34,3.77190237203856,2.80506680719383,0.529411764705882,"0.242424242424242"
"P002093","1(N01) _ |SAR~axSZE~a| _ SAG _ 3(N01) _ SIG7","N01 _ |SAR~axSZE~a| _ SAG _ N01 N01 N01 _ SIG7",7,1.66449777920046,1.26368038865472,0.571428571428571,"0.333333333333333"
"P002094","|SILA3~axSZU2|# _ A _ 1(N02) _ APIN~a _ LA2 _ GAL~a# _ LAM~b _ NUN~a# _ 1(N01) _ 1(N01) _ BA _ GAL~a _ SZITA~a1# _ SZU# _ 2(N02) _ |SILA3~axSZU2|# _ NUN~a _ URI3~a _ 5(N02) _ GAL~a _ LAM~b _ NUN~a _ GAL~a _ SZITA~a1 _ SZU _ 5(N01)# _ BA# _ 2(N14)# _ 5(N01)#","|SILA3~axSZU2| _ A _ N02 _ APIN~a _ LA2 _ GAL~a _ LAM~b _ NUN~a _ N01 _ N01 _ BA _ GAL~a _ SZITA~a1 _ SZU _ N02 N02 _ |SILA3~axSZU2| _ NUN~a _ URI3~a _ N02 N02 N02 N02 N02 _ GAL~a _ LAM~b _ NUN~a _ GAL~a _ SZITA~a1 _ SZU _ N01 N01 N01 N01 N01 _ BA _ N14 N14 _ N01 N01 N01 N01 N01",43,3.29197551026448,2.09269875144138,0.325581395348837,"0.357142857142857"
"P002095","1(N01) _ DUB~a _ 3(N01) _ BU~a _ EN~a#","N01 _ DUB~a _ N01 N01 N01 _ BU~a _ EN~a",7,1.66449777920046,1.33510896008329,0.571428571428571,"0.333333333333333"
"P002096","EN~a# _ SAL# _ EN~a# _ U4# _ 3(N50)# _ 2(N50)# _ GAN2# _ SZU# _ ZATU651@g","EN~a _ SAL _ EN~a _ U4 _ N50 N50 N50 _ N50 N50 _ GAN2 _ SZU _ ZATU651@g",12,2.45082579451809,1.77449669038289,0.583333333333333,"0.363636363636364"
"P002098","1(N01) _ UH3~a _ UNUG~a# _ KALAM~b _ RAD~a@g _ NAR# _ NAGA~a# _ KI _ ZABALAM~a#","N01 _ UH3~a _ UNUG~a _ KALAM~b _ RAD~a@g _ NAR _ NAGA~a _ KI _ ZABALAM~a",9,3.16992500144231,2.05212589109218,1,"0"
"P002099","1(N50)# _ SAG# _ EN~a _ A _ SIG _ MUD _ AN _ TE","N50 _ SAG _ EN~a _ A _ SIG _ MUD _ AN _ TE",8,3,1.91240100229841,1,"0"
"P002100","1(N14)# _ |(UDU~axTAR)~b|# _ UDUNITA~a# _ GU7","N14 _ |(UDU~axTAR)~b| _ UDUNITA~a _ GU7",4,2,1.14624062518029,1,"0"
"P002101","2(N01) _ 2(N01) _ GESZTIN~a# _ KASZ~a# _ 8(N01)# _ 1(N01)# _ 7(N01)# _ 3(N01)# _ 3(N14)# _ BA# _ GISZ","N01 N01 _ N01 N01 _ GESZTIN~a _ KASZ~a _ N01 N01 N01 N01 N01 N01 N01 N01 _ N01 _ N01 N01 N01 N01 N01 N01 N01 _ N01 N01 N01 _ N14 N14 N14 _ BA _ GISZ",30,1.28033017922603,1.34650257870677,0.2,"0.793103448275862"
"P002102","1(N01)# _ PAP~a _ SZU2 _ 1(N01)# _ NESAG2~a# _ SZU2#","N01 _ PAP~a _ SZU2 _ N01 _ NESAG2~a _ SZU2",6,1.91829583405449,1.19989530766152,0.666666666666667,"0"
"P002103","TI# _ 1(N01)# _ EN~a# _ TUR# _ NIR~a# _ USZ~a","TI _ N01 _ EN~a _ TUR _ NIR~a _ USZ~a",6,2.58496250072116,1.58197551605495,1,"0"
"P002104","1(N01)# _ EN~a# _ UNUG~a#","N01 _ EN~a _ UNUG~a",3,1.58496250072116,0.861654166907052,1,"0"
"P002106","2(N01@f) _ SZU","N01@f N01@f _ SZU",3,0.918295834054489,0.694987500240385,0.666666666666667,"0.5"
"P002107","1(N01) _ EN~a _ TUR _ 2(N02) _ SZUBUR _ SZAM2# _ 7(N01)","N01 _ EN~a _ TUR _ N02 N02 _ SZUBUR _ SZAM2 _ N01 N01 N01 N01 N01 N01 N01",14,1.95021206491475,1.44491226668162,0.428571428571429,"0.538461538461538"
"P002108","DA~a# _ DIM~a","DA~a _ DIM~a",2,1,0.5,1,"0"
"P002109","1(N14) _ 3(N01) _ U8# _ |U4x10(N57)|# _ 3(N01) _ UDUNITA~a _ 4(N01)# _ RAD~a _ ZATU752# _ 2(N14)# _ UDU~a# _ AMAR# _ |U4x10(N57)|# _ DARA4~c1# _ RAD~a# _ ZATU752","N14 _ N01 N01 N01 _ U8 _ |U4x10(N57)| _ N01 N01 N01 _ UDUNITA~a _ N01 N01 N01 N01 _ RAD~a _ ZATU752 _ N14 N14 _ UDU~a _ AMAR _ |U4x10(N57)| _ DARA4~c1 _ RAD~a _ ZATU752",24,2.75270548192794,2.0944884483347,0.416666666666667,"0.347826086956522"
"P002110","1(N34) _ |(UDU~axTAR)~b|#","N34 _ |(UDU~axTAR)~b|",2,1,0.5,1,"0"
"P002111","EN~a","EN~a",1,0,0,1,"NA"
"P002112","1(N01) _ PAP~a _ NE~a# _ GI# _ 1(N01) _ 1(N01)# _ GAL~a _ LAM~b","N01 _ PAP~a _ NE~a _ GI _ N01 _ N01 _ GAL~a _ LAM~b",8,2.40563906222957,1.60572034007288,0.75,"0.142857142857143"
"P002113","8(N01)# _ SZITA~a1 _ EN~a _ SAG _ 4(N01) _ 3(N01) _ 1(N01)","N01 N01 N01 N01 N01 N01 N01 N01 _ SZITA~a1 _ EN~a _ SAG _ N01 N01 N01 N01 _ N01 N01 N01 _ N01",19,0.879506460812007,1.17988219180826,0.210526315789474,"0.777777777777778"
"P002115","EN~a# _ AN# _ TE# _ SZU#","EN~a _ AN _ TE _ SZU",4,2,1.14624062518029,1,"0"
"P002116","2(N01)#","N01 N01",2,0,0.25,0.5,"1"
"P002118","PAP~a# _ TI _ PAP~a","PAP~a _ TI _ PAP~a",3,0.918295834054489,0.597493750120193,0.666666666666667,"0"
"P002120","1(N02) _ U4#","N02 _ U4",2,1,0.5,1,"0"
"P002121","1(N45)# _ 4(N50)#","N45 _ N50 N50 N50 N50",5,0.721928094887362,0.724022392894185,0.4,"0.75"
"P002123","SZU# _ BU~a","SZU _ BU~a",2,1,0.5,1,"0"
"P002124","MEN~a# _ TUG2~a","MEN~a _ TUG2~a",2,1,0.5,1,"0"
"P002127","1(N01) _ E2~a","N01 _ E2~a",2,1,0.5,1,"0"
"P002128","NIM~a","NIM~a",1,0,0,1,"NA"
"P002129","ZATU659 _ GAR","ZATU659 _ GAR",2,1,0.5,1,"0"
"P002131","HASZHUR#","HASZHUR",1,0,0,1,"NA"
"P002134","3(N01)","N01 N01 N01",3,0,0.430827083453526,0.333333333333333,"1"
"P002136","NA2~a# _ A","NA2~a _ A",2,1,0.5,1,"0"
"P002138","1(N45) _ SU~a# _ NE~a# _ 1(N34)# _ 1(N14) _ 3(N14) _ |(UDU~axTAR)~b|# _ 1(N14) _ 5(N01) _ AN# _ 3(N57) _ 3(N14)# _ |(UDU~axTAR)~b| _ 3(N14)# _ BA _ UR~a# _ 1(N01) _ 1(N08) _ EN~a# _ DU# _ KI _ NE~a# _ U4 _ BU~a","N45 _ SU~a _ NE~a _ N34 _ N14 _ N14 N14 N14 _ |(UDU~axTAR)~b| _ N14 _ N01 N01 N01 N01 N01 _ AN _ N57 N57 N57 _ N14 N14 N14 _ |(UDU~axTAR)~b| _ N14 N14 N14 _ BA _ UR~a _ N01 _ N08 _ EN~a _ DU _ KI _ NE~a _ U4 _ BU~a",36,3.43885804834507,2.54099872236513,0.472222222222222,"0.371428571428571"
"P002139","1(N01) _ TI","N01 _ TI",2,1,0.5,1,"0"
"P002141","2(N01)# _ ZATU647# _ EN~a _ AN# _ NUN~a _ BA# _ KASKAL# _ EN~a# _ ERIM~a# _ 2(N01)# _ 2(N01)# _ DU _ BU~a _ 1(N01)# _ UDU~a _ AB2 _ 4(N01) _ HI _ 4(N01) _ EN~a# _ 2(N01) _ 5(N01)# _ EN~a# _ NUN~a _ SZITA~a1 _ 1(N34)# _ GISZ# _ A# _ GAL~a# _ ZAG~a#","N01 N01 _ ZATU647 _ EN~a _ AN _ NUN~a _ BA _ KASKAL _ EN~a _ ERIM~a _ N01 N01 _ N01 N01 _ DU _ BU~a _ N01 _ UDU~a _ AB2 _ N01 N01 N01 N01 _ HI _ N01 N01 N01 N01 _ EN~a _ N01 N01 _ N01 N01 N01 N01 N01 _ EN~a _ NUN~a _ SZITA~a1 _ N34 _ GISZ _ A _ GAL~a _ ZAG~a",44,3.00244308204592,2.44737993446584,0.431818181818182,"0.372093023255814"
"P002144","SANGA~a# _ GIR3~c#","SANGA~a _ GIR3~c",2,1,0.5,1,"0"
"P002146","E2~a# _ TI# _ 2(N14)# _ 2(N01)# _ 1(N01) _ SI _ DILMUN# _ ZATU777 _ 3(N14) _ 3(N01)# _ 2(N01)# _ 1(N34)# _ ALAN~a# _ 3(N14) _ SZE~a _ EN~a _ 1(N01) _ KAB _ TUR#","E2~a _ TI _ N14 N14 _ N01 N01 _ N01 _ SI _ DILMUN _ ZATU777 _ N14 N14 N14 _ N01 N01 N01 _ N01 N01 _ N34 _ ALAN~a _ N14 N14 N14 _ SZE~a _ EN~a _ N01 _ KAB _ TUR",28,2.93130760016543,2.19711119949632,0.464285714285714,"0.407407407407407"
"P002147","1(N01)# _ EN~a# _ UNUG~a#","N01 _ EN~a _ UNUG~a",3,1.58496250072116,0.861654166907052,1,"0"
"P002148","TAK4~a _ KI _ AK~a _ SI","TAK4~a _ KI _ AK~a _ SI",4,2,1.14624062518029,1,"0"
"P002150","2(N02)","N02 N02",2,0,0.25,0.5,"1"
"P002153","2(N14)","N14 N14",2,0,0.25,0.5,"1"
"P002171","1(N01) _ AB2# _ 2(N01) _ GU4 _ 1(N14) _ 1(N14)#","N01 _ AB2 _ N01 N01 _ GU4 _ N14 _ N14",7,1.84237099317711,1.30043561528541,0.571428571428571,"0.333333333333333"
"P002172","UDU~a _ HI","UDU~a _ HI",2,1,0.5,1,"0"
"P002173","NIM~a","NIM~a",1,0,0,1,"NA"
"P002174","SUKKAL","SUKKAL",1,0,0,1,"NA"
"P002175","2(N50)#","N50 N50",2,0,0.25,0.5,"1"
"P002179","SZU _ 3(N01)# _ BA# _ EN~a _ TUR _ 1(N01)# _ EN~a _ TUR _ GAL~a# _ 1(N01) _ IDIGNA _ A _ SZIDIM _ 4(N01) _ EN~a _ TUR _ GI _ 2(N01)# _ NUN~a# _ EN~a _ BA _ 1(N01) _ GI _ 2(N01) _ SZITA~a1 _ LAGAR~a@r _ EN~a _ TUR _ 1(N01) _ TUR _ EN~a _ BA _ 2(N01) _ EN~a _ TUR _ GI _ 2(N01) _ GI _ |U4x1(N57)| _ 2(N01) _ HI _ E2~a _ NUN~a _ BA _ 1(N01) _ EN~a _ PA~a _ 1(N01) _ U4 _ E2~b _ AN# _ MAR~a _ 2(N01) _ EN~a _ TUR _ BA _ 3(N01) _ |U4x2(N57)| _ GI _ 2(N01) _ EN~a _ SZU _ NUN~a _ 1(N01) _ EN~a _ PA~a _ 1(N01) _ PAP~a _ 1(N01) _ KID~b _ UR4~b _ 1(N01) _ GI _ 1(N02) _ 1(N01) _ SZIDIM _ NUN~a _ SIG7 _ 3(N01) _ EN~a _ TUR _ GI _ 1(N01) _ BA _ EN~a# _ AMAR# _ 1(N01) _ SAL _ 1(N01) _ AB~a _ GI _ 2(N01) _ EN~a _ TUR _ KAK~a _ SZU _ SZITA~a1 _ 2(N01) _ EN~a _ TUR _ BA _ 4(N01) _ EN~a _ TUR _ GI _ 2(N01) _ AN _ |SZU2.EN~a| _ BA _ 1(N01) _ GI _ 2(N01) _ EN~a _ TUR _ BA _ 4(N01) _ |U4x2(N57)| _ GI _ 1(N01) _ KAB _ NAM2# _ U2~a _ GI# _ 2(N01) _ |KA2xLAM| _ 8(N01) _ GI _ |U4x2(N57)| _ 2(N01) _ LAM~a _ SI _ ME~a _ KAB _ NAM2 _ 1(N01) _ GI _ 2(N01) _ SZITA~a1 _ KAK~a _ SZU _ EN~a _ TUR _ 2(N01) _ EN~a _ TUR _ GI _ 3(N01) _ |U4x2(N57)|# _ GI# _ 2(N01) _ BA# _ TUN3~a# _ 5(N14) _ 4(N01)#","SZU _ N01 N01 N01 _ BA _ EN~a _ TUR _ N01 _ EN~a _ TUR _ GAL~a _ N01 _ IDIGNA _ A _ SZIDIM _ N01 N01 N01 N01 _ EN~a _ TUR _ GI _ N01 N01 _ NUN~a _ EN~a _ BA _ N01 _ GI _ N01 N01 _ SZITA~a1 _ LAGAR~a@r _ EN~a _ TUR _ N01 _ TUR _ EN~a _ BA _ N01 N01 _ EN~a _ TUR _ GI _ N01 N01 _ GI _ |U4x1(N57)| _ N01 N01 _ HI _ E2~a _ NUN~a _ BA _ N01 _ EN~a _ PA~a _ N01 _ U4 _ E2~b _ AN _ MAR~a _ N01 N01 _ EN~a _ TUR _ BA _ N01 N01 N01 _ |U4x2(N57)| _ GI _ N01 N01 _ EN~a _ SZU _ NUN~a _ N01 _ EN~a _ PA~a _ N01 _ PAP~a _ N01 _ KID~b _ UR4~b _ N01 _ GI _ N02 _ N01 _ SZIDIM _ NUN~a _ SIG7 _ N01 N01 N01 _ EN~a _ TUR _ GI _ N01 _ BA _ EN~a _ AMAR _ N01 _ SAL _ N01 _ AB~a _ GI _ N01 N01 _ EN~a _ TUR _ KAK~a _ SZU _ SZITA~a1 _ N01 N01 _ EN~a _ TUR _ BA _ N01 N01 N01 N01 _ EN~a _ TUR _ GI _ N01 N01 _ AN _ |SZU2.EN~a| _ BA _ N01 _ GI _ N01 N01 _ EN~a _ TUR _ BA _ N01 N01 N01 N01 _ |U4x2(N57)| _ GI _ N01 _ KAB _ NAM2 _ U2~a _ GI _ N01 N01 _ |KA2xLAM| _ N01 N01 N01 N01 N01 N01 N01 N01 _ GI _ |U4x2(N57)| _ N01 N01 _ LAM~a _ SI _ ME~a _ KAB _ NAM2 _ N01 _ GI _ N01 N01 _ SZITA~a1 _ KAK~a _ SZU _ EN~a _ TUR _ N01 N01 _ EN~a _ TUR _ GI _ N01 N01 N01 _ |U4x2(N57)| _ GI _ N01 N01 _ BA _ TUN3~a _ N14 N14 N14 N14 N14 _ N01 N01 N01 N01",201,3.52968039684354,2.7088110461756,0.203980099502488,"0.235"
"P002181","2(N01)# _ DA~a# _ NE~a _ 4(N01) _ GAL~a# _ SZAB~a _ UDU~a _ KUR~a _ 4(N01) _ GAL~a _ SZAB~a _ AL _ 4(N01) _ 2(N57) _ BA _ 8(N01) _ TUR _ 2(N01) _ SZU _ 1(N14) _ 9(N01) _ DA~a _ DU _ NE~a#","N01 N01 _ DA~a _ NE~a _ N01 N01 N01 N01 _ GAL~a _ SZAB~a _ UDU~a _ KUR~a _ N01 N01 N01 N01 _ GAL~a _ SZAB~a _ AL _ N01 N01 N01 N01 _ N57 N57 _ BA _ N01 N01 N01 N01 N01 N01 N01 N01 _ TUR _ N01 N01 _ SZU _ N14 _ N01 N01 N01 N01 N01 N01 N01 N01 N01 _ DA~a _ DU _ NE~a",51,2.21232718630818,1.97128341693232,0.274509803921569,"0.54"
"P002182","2(N01) _ ME~a _ SUHUR _ 1(N38) _ 1(N34) _ E~b _ SUHUR","N01 N01 _ ME~a _ SUHUR _ N38 _ N34 _ E~b _ SUHUR",8,2.5,1.66240100229841,0.75,"0.142857142857143"
"P002183","5(N01)# _ UDU~a# _ KU3~a# _ EN~a _ PAP~a _ EN~a _ DU _ GI","N01 N01 N01 N01 N01 _ UDU~a _ KU3~a _ EN~a _ PAP~a _ EN~a _ DU _ GI",12,2.45082579451809,1.92696267822561,0.583333333333333,"0.363636363636364"
"P002184","2(N14) _ SANGA~a _ 1(N14) _ SZU _ SZU _ 1(N34) _ EN~a _ DU _ KISAL~b1 _ SZU","N14 N14 _ SANGA~a _ N14 _ SZU _ SZU _ N34 _ EN~a _ DU _ KISAL~b1 _ SZU",11,2.59490661824394,1.88439051578864,0.636363636363636,"0.2"
"P002185","DUB~a _ 2(N14) _ 3(N01) _ SIG2~b _ NI~a","DUB~a _ N14 N14 _ N01 N01 N01 _ SIG2~b _ NI~a",8,2.15563906222957,1.50666018377781,0.625,"0.428571428571429"
"P002187","4(N34)#","N34 N34 N34 N34",4,0,0.50708020839343,0.25,"1"
"P002190","KALAM~a# _ EN~a# _ SU~a# _ 2(N01) _ AN# _ 2(N01) _ PAP~a _ E2~a _ 2(N01) _ AB~b#","KALAM~a _ EN~a _ SU~a _ N01 N01 _ AN _ N01 N01 _ PAP~a _ E2~a _ N01 N01 _ AB~b",13,2.50738010242364,1.8388147662012,0.615384615384615,"0.25"
"P002195","2(N01)# _ BALAG _ 3(N01) _ ZATU781 _ 1(N01) _ ZATU686~a _ 2(N01)# _ |UR2x1(N57)| _ NUN~a _ 1(N01) _ EN~a _ 3(N01) _ E2~b _ ZAG~a# _ 1(N01) _ SZU _ UKKIN~a _ 3(N01) _ AN# _ GUG2 _ 3(N01) _ URI _ 4(N01) _ |GISZxSZU2~a| _ 1(N01) _ AN _ |GISZxSZU2~a| _ 1(N01) _ ZAG~a _ SI _ 1(N01)# _ 4(N01)# _ 3(N01)# _ |BU~a+DU6~a|# _ 5(N01)# _ UKKIN~a _ URUDU~a _ 6(N01)# _ URUDU~a _ DI _ 2(N01)# _ ZATU730# _ 2(N01) _ URUDU~a _ BU~a# _ 1(N01) _ AB~a _ 2(N01) _ GU4 _ 2(N01) _ ERIN _ NIMGIR _ 1(N01) _ NIMGIR _ AB~a _ 4(N01) _ EZEN~b _ 1(N01) _ KU6~a _ DIN _ 1(N01) _ NIR~a _ TE _ 1(N01) _ 1(N01) _ KALAM~a _ 4(N01) _ TAK4~a# _ UMBIN~a# _ 4(N01) _ AB~a# _ ZATU647 _ 1(N01) _ 2(N01) _ 1(N01) _ DU6~a _ 2(N01) _ GIR3~a _ TI@r _ 1(N01) _ SZURUPPAK~b _ KISAL~b1 _ 1(N01) _ |GI&GI| _ KISAL~b1 _ 1(N01) _ 1(N01)# _ 2(N01) _ NA2~a# _ 1(N01) _ SANGA~a _ 1(N01) _ |ZATU737xDI| _ 2(N01) _ DUB~a _ 1(N01) _ SUHUR _ 1(N01) _ SUG5 _ GAL~a _ 1(N01) _ GAR _ 2(N01) _ GURUSZ~a _ SANGA~a _ GAL~a# _ 1(N01)# _ DUG~a# _ 1(N01) _ KASZ~a# _ 1(N01) _ MU _ 1(N01)# _ 1(N01) _ 1(N01) _ EZEN~b _ 1(N01) _ DUG~a _ 1(N01) _ GA~a _ 1(N01) _ SZEN~e _ 4(N01) _ |GI&GI| _ 3(N57) _ TE _ 1(N01) _ SAG _ KISAL~b1 _ 1(N01) _ KISAL~b1 _ 2(N01) _ ZATU623 _ |NUN~a+EN~a| _ 1(N01)# _ 2(N01) _ 2(N01) _ 3(N01) _ EN~a# _ SZU _ NUN~a# _ GA~a _ 2(N01) _ ZATU623 _ 1(N01) _ MU _ 1(N01)# _ SUHUR _ TE _ KISAL~b1# _ 2(N01) _ UKKIN~a _ SZU _ 1(N01) _ SUHUR _ 1(N01) _ USZ~a _ URU~a1 _ 3(N01)# _ TE _ 1(N01) _ ZAR~c _ TE _ 1(N01) _ SUHUR _ 1(N01) _ KISAL~b1 _ 1(N01) _ MU _ 1(N01) _ KASZ~b _ 1(N34) _ 2(N01) _ UKKIN~a _ 9(N01) _ GAL~a _ TE _ 1(N14) _ ZATU647 _ 5(N01) _ NIM~a _ 2(N01) _ GAL~a _ KISAL~b1 _ 1(N14) _ 4(N01) _ 7(N01) _ 7(N01)# _ 2(N14)# _ 1(N14)# _ NIMGIR _ 4(N01)# _ 1(N01)# _ NESAG2~a# _ 3(N01)# _ ZATU776 _ E2~a# _ 3(N34) _ 4(N14) _ 4(N01) _ EN~a _ TUR#","N01 N01 _ BALAG _ N01 N01 N01 _ ZATU781 _ N01 _ ZATU686~a _ N01 N01 _ |UR2x1(N57)| _ NUN~a _ N01 _ EN~a _ N01 N01 N01 _ E2~b _ ZAG~a _ N01 _ SZU _ UKKIN~a _ N01 N01 N01 _ AN _ GUG2 _ N01 N01 N01 _ URI _ N01 N01 N01 N01 _ |GISZxSZU2~a| _ N01 _ AN _ |GISZxSZU2~a| _ N01 _ ZAG~a _ SI _ N01 _ N01 N01 N01 N01 _ N01 N01 N01 _ |BU~a+DU6~a| _ N01 N01 N01 N01 N01 _ UKKIN~a _ URUDU~a _ N01 N01 N01 N01 N01 N01 _ URUDU~a _ DI _ N01 N01 _ ZATU730 _ N01 N01 _ URUDU~a _ BU~a _ N01 _ AB~a _ N01 N01 _ GU4 _ N01 N01 _ ERIN _ NIMGIR _ N01 _ NIMGIR _ AB~a _ N01 N01 N01 N01 _ EZEN~b _ N01 _ KU6~a _ DIN _ N01 _ NIR~a _ TE _ N01 _ N01 _ KALAM~a _ N01 N01 N01 N01 _ TAK4~a _ UMBIN~a _ N01 N01 N01 N01 _ AB~a _ ZATU647 _ N01 _ N01 N01 _ N01 _ DU6~a _ N01 N01 _ GIR3~a _ TI@r _ N01 _ SZURUPPAK~b _ KISAL~b1 _ N01 _ |GI&GI| _ KISAL~b1 _ N01 _ N01 _ N01 N01 _ NA2~a _ N01 _ SANGA~a _ N01 _ |ZATU737xDI| _ N01 N01 _ DUB~a _ N01 _ SUHUR _ N01 _ SUG5 _ GAL~a _ N01 _ GAR _ N01 N01 _ GURUSZ~a _ SANGA~a _ GAL~a _ N01 _ DUG~a _ N01 _ KASZ~a _ N01 _ MU _ N01 _ N01 _ N01 _ EZEN~b _ N01 _ DUG~a _ N01 _ GA~a _ N01 _ SZEN~e _ N01 N01 N01 N01 _ |GI&GI| _ N57 N57 N57 _ TE _ N01 _ SAG _ KISAL~b1 _ N01 _ KISAL~b1 _ N01 N01 _ ZATU623 _ |NUN~a+EN~a| _ N01 _ N01 N01 _ N01 N01 _ N01 N01 N01 _ EN~a _ SZU _ NUN~a _ GA~a _ N01 N01 _ ZATU623 _ N01 _ MU _ N01 _ SUHUR _ TE _ KISAL~b1 _ N01 N01 _ UKKIN~a _ SZU _ N01 _ SUHUR _ N01 _ USZ~a _ URU~a1 _ N01 N01 N01 _ TE _ N01 _ ZAR~c _ TE _ N01 _ SUHUR _ N01 _ KISAL~b1 _ N01 _ MU _ N01 _ KASZ~b _ N34 _ N01 N01 _ UKKIN~a _ N01 N01 N01 N01 N01 N01 N01 N01 N01 _ GAL~a _ TE _ N14 _ ZATU647 _ N01 N01 N01 N01 N01 _ NIM~a _ N01 N01 _ GAL~a _ KISAL~b1 _ N14 _ N01 N01 N01 N01 _ N01 N01 N01 N01 N01 N01 N01 _ N01 N01 N01 N01 N01 N01 N01 _ N14 N14 _ N14 _ NIMGIR _ N01 N01 N01 N01 _ N01 _ NESAG2~a _ N01 N01 N01 _ ZATU776 _ E2~a _ N34 N34 N34 _ N14 N14 N14 N14 _ N01 N01 N01 N01 _ EN~a _ TUR",304,3.31533424263373,3.24064980762859,0.226973684210526,"0.389438943894389"
"P002197","EN~a# _ AMAR# _ 1(N01) _ AN _ |SZU2.EN~a| _ 1(N01) _ AN _ RU _ 1(N01) _ |NUN~a+EN~a| _ 1(N01) _ KU6~a _ KAB _ 1(N01) _ NUN~a# _ 1(N01) _ EN~a# _ ERIM~a# _ NUN~a# _ 1(N01) _ KAB _ GI _ SZUM _ 8(N01) _ BA _ 4(N01)# _ 1(N14) _ 2(N01)#","EN~a _ AMAR _ N01 _ AN _ |SZU2.EN~a| _ N01 _ AN _ RU _ N01 _ |NUN~a+EN~a| _ N01 _ KU6~a _ KAB _ N01 _ NUN~a _ N01 _ EN~a _ ERIM~a _ NUN~a _ N01 _ KAB _ GI _ SZUM _ N01 N01 N01 N01 N01 N01 N01 N01 _ BA _ N01 N01 N01 N01 _ N14 _ N01 N01",39,2.71518001685317,2.30025944182652,0.384615384615385,"0.289473684210526"
"P002199","3(N14) _ 4(N34)# _ 4(N14)# _ SZE3 _ 7(N01) _ 3(N61) _ SZE3","N14 N14 N14 _ N34 N34 N34 N34 _ N14 N14 N14 N14 _ SZE3 _ N01 N01 N01 N01 N01 N01 N01 _ N61 N61 N61 _ SZE3",23,2.17322037297136,1.65804556333108,0.217391304347826,"0.727272727272727"
"P002202","4(N08)# _ SUHUR _ |SAGxGESZTU~b| _ |ZATU759x(KU6~a+KU6~a)|# _ 1(N01) _ SUHUR# _ |SAGxGESZTU~b|# _ 1(N01) _ SUHUR _ EN~a _ SZU _ |ZATU651xGAR|","N08 N08 N08 N08 _ SUHUR _ |SAGxGESZTU~b| _ |ZATU759x(KU6~a+KU6~a)| _ N01 _ SUHUR _ |SAGxGESZTU~b| _ N01 _ SUHUR _ EN~a _ SZU _ |ZATU651xGAR|",15,2.78989809546429,1.98803216165852,0.533333333333333,"0.214285714285714"
"P002203","2(N14) _ 5(N01) _ |GA2~a1xKU6~a| _ HAL _ PAP~a _ 3(N14) _ 4(N01) _ |GA2~a1xKU6~a| _ SANGA~a _ MU _ BA _ |MAH~axKU6~a|#","N14 N14 _ N01 N01 N01 N01 N01 _ |GA2~a1xKU6~a| _ HAL _ PAP~a _ N14 N14 N14 _ N01 N01 N01 N01 _ |GA2~a1xKU6~a| _ SANGA~a _ MU _ BA _ |MAH~axKU6~a|",22,2.54402409648195,1.87196075543808,0.409090909090909,"0.476190476190476"
"P002205","SUHUR# _ 5(N01) _ |GA2~a1xA| _ 1(N14) _ 5(N01) _ |ZATU759xKU6~a| _ |ZATU759xX| _ 1(N01)# _ IDIGNA# _ KALAM~a _ EN~a _ HI _ E2~a _ NUN~a","SUHUR _ N01 N01 N01 N01 N01 _ |GA2~a1xA| _ N14 _ N01 N01 N01 N01 N01 _ |ZATU759xKU6~a| _ |ZATU759xX| _ N01 _ IDIGNA _ KALAM~a _ EN~a _ HI _ E2~a _ NUN~a",22,2.72971580931865,2.31040772035008,0.545454545454545,"0.380952380952381"
"P002215","4(N01)","N01 N01 N01 N01",4,0,0.50708020839343,0.25,"1"
"P002217","ZATU758","ZATU758",1,0,0,1,"NA"
"P002219","2(N14)","N14 N14",2,0,0.25,0.5,"1"
"P002222","5(N01)","N01 N01 N01 N01 N01",5,0,0.571190309536813,0.2,"1"
