"tablet.id","signs.orig.vec","signs.expand.vec","num.tokens","num.types","huni.chars","hrate.chars","ttr.chars","rm.chars"
"P000003","1(N01) _ NI~b# _ 1(N01) _ |NI~bxX| _ 1(N01) _ IR~a# _ 1(N01) _ BIR~a _ 1(N01) _ BIR~c _ 1(N01) _ 1(N01) _ SZU2# _ 1(N01) _ 1(N57) _ 1(N01) _ ME~a _ 1(N01) _ ME~b _ 1(N01) _ NU@g# _ 1(N01) _ 1(N01) _ DUR2 _ 1(N01) _ DIB _ 1(N01) _ |LAGAB~axME~a| _ 1(N01) _ |LAGAB~axZATU753| _ 1(N01) _ 1(N01) _ |GA2~a1xX|# _ 1(N01) _ 1(N01) _ 1(N01) _ |GA2~a1xGISZ@t| _ SUKKAL _ 1(N01) _ 1(N01) _ UNUG~a@s _ 1(N01) _ NAM2 _ 1(N01)","N01 _ NI~b _ N01 _ |NI~bxX| _ N01 _ IR~a _ N01 _ BIR~a _ N01 _ BIR~c _ N01 _ N01 _ SZU2 _ N01 _ N57 _ N01 _ ME~a _ N01 _ ME~b _ N01 _ NU@g _ N01 _ N01 _ DUR2 _ N01 _ DIB _ N01 _ |LAGAB~axME~a| _ N01 _ |LAGAB~axZATU753| _ N01 _ N01 _ |GA2~a1xX| _ N01 _ N01 _ N01 _ |GA2~a1xGISZ@t| _ SUKKAL _ N01 _ N01 _ UNUG~a@s _ N01 _ NAM2 _ N01",44,20,2.8208769653562,2.84109676292422,0.454545454545455,0.25
"P000004","1(N01) _ |SZE~a.NAM2|# _ 1(N01) _ 1(N01) _ 1(N01)","N01 _ |SZE~a.NAM2| _ N01 _ N01 _ N01",5,2,0.721928094887362,0.790689059560852,0.4,0.666666666666667
"P000005","1(N01) _ ESZDA# _ 1(N01) _ KAB _ 1(N01) _ 1(N01) _ EN~b _ 1(N01) _ NUN~a _ 1(N01) _ DU6~c _ 1(N01) _ SZITA~a1 _ 1(N01) _ 1(N01) _ 1(N01)","N01 _ ESZDA _ N01 _ KAB _ N01 _ N01 _ EN~b _ N01 _ NUN~a _ N01 _ DU6~c _ N01 _ SZITA~a1 _ N01 _ N01 _ N01",16,7,1.9237949406954,1.80674614242517,0.4375,0.333333333333333
"P000006","1(N01) _ 1(N01) _ 1(N01) _ KAB _ NAM2 _ 1(N01) _ NAM2 _ NAM2 _ 1(N01) _ NAM2 _ URU~a1 _ 1(N01) _ NAM2 _ DI# _ 1(N01) _ NAM2 _ ERIN _ 1(N01) _ NAM2 _ 1(N01) _ AB~a# _ 1(N01) _ SZITA~a1# _ 1(N01) _ TE _ 1(N01) _ KINGAL _ 1(N01) _ UKKIN~a _ GESZTU~b _ 1(N01) _ UKKIN~a _ NUN~a _ 1(N01) _ GA~a _ GAL~b _ 1(N01) _ GA~a _ GESZTU~b _ 1(N01) _ GA~a _ NUN~a _ 1(N01) _ UMUN2# _ 1(N01) _ ZATU693 _ EN~a _ 1(N01) _ ZATU693 _ UKKIN~a _ 1(N01) _ ZATU693 _ NAGA~b _ 1(N01) _ SUKKAL# _ USZ~a# _ 1(N01) _ 1(N01) _ KASZ~b _ 1(N01) _ ISZ~a _ 1(N01) _ NIM~a _ 1(N01) _ 1(N01) _ |GURUSZ~ax2(N14)| _ 1(N01) _ SZITA~a1 _ 1(N01) _ KISAL~b1# _ NUN~a _ 1(N01) _ KISAL~b1 _ GESZTU~b _ 1(N01) _ UMUN2 _ 1(N01) _ 1(N01) _ SUHUR# _ 1(N01) _ NESAG2~a# _ 1(N01) _ TUR3~a _ 1(N01) _ 1(N01) _ 1(N01) _ 1(N01) _ 1(N01) _ SUHUR _ 1(N01) _ 1(N01) _ 1(N01) _ KISAL~b1# _ 1(N01) _ 1(N01) _ GIR3~a# _ 1(N01) _ 1(N01) _ ZATU736~b _ 1(N01) _ DA~b _ 1(N01) _ PA~a _ GIR3~a _ 1(N01) _ SZEG9 _ 1(N01) _ GI _ 1(N01) _ 1(N01) _ |AB2x2(N14)| _ 1(N01) _ DARA3~c _ 1(N01) _ DIN _ 1(N01) _ GURUSZDA# _ 1(N01) _ RAD~b _ 1(N01) _ PA~a _ RAD~b _ 1(N01) _ ADAB _ 1(N01) _ NIR~b _ 1(N01) _ BU~a _ 1(N01) _ 1(N01) _ SZUM _ PA~a _ 1(N01) _ ZATU693 _ 1(N01) _ UTUL~b _ 1(N01) _ |USZ~b&USZ~b|","N01 _ N01 _ N01 _ KAB _ NAM2 _ N01 _ NAM2 _ NAM2 _ N01 _ NAM2 _ URU~a1 _ N01 _ NAM2 _ DI _ N01 _ NAM2 _ ERIN _ N01 _ NAM2 _ N01 _ AB~a _ N01 _ SZITA~a1 _ N01 _ TE _ N01 _ KINGAL _ N01 _ UKKIN~a _ GESZTU~b _ N01 _ UKKIN~a _ NUN~a _ N01 _ GA~a _ GAL~b _ N01 _ GA~a _ GESZTU~b _ N01 _ GA~a _ NUN~a _ N01 _ UMUN2 _ N01 _ ZATU693 _ EN~a _ N01 _ ZATU693 _ UKKIN~a _ N01 _ ZATU693 _ NAGA~b _ N01 _ SUKKAL _ USZ~a _ N01 _ N01 _ KASZ~b _ N01 _ ISZ~a _ N01 _ NIM~a _ N01 _ N01 _ |GURUSZ~ax2(N14)| _ N01 _ SZITA~a1 _ N01 _ KISAL~b1 _ NUN~a _ N01 _ KISAL~b1 _ GESZTU~b _ N01 _ UMUN2 _ N01 _ N01 _ SUHUR _ N01 _ NESAG2~a _ N01 _ TUR3~a _ N01 _ N01 _ N01 _ N01 _ N01 _ SUHUR _ N01 _ N01 _ N01 _ KISAL~b1 _ N01 _ N01 _ GIR3~a _ N01 _ N01 _ ZATU736~b _ N01 _ DA~b _ N01 _ PA~a _ GIR3~a _ N01 _ SZEG9 _ N01 _ GI _ N01 _ N01 _ |AB2x2(N14)| _ N01 _ DARA3~c _ N01 _ DIN _ N01 _ GURUSZDA _ N01 _ RAD~b _ N01 _ PA~a _ RAD~b _ N01 _ ADAB _ N01 _ NIR~b _ N01 _ BU~a _ N01 _ N01 _ SZUM _ PA~a _ N01 _ ZATU693 _ N01 _ UTUL~b _ N01 _ |USZ~b&USZ~b|",138,46,3.68382311454589,3.4699059074127,0.333333333333333,0.173913043478261
"P000007","1(N01) _ 1(N01) _ |SZE~a.NAM2| _ 1(N01) _ PAP~b _ 1(N01) _ |1(N58).BAD~b| _ 1(N01) _ AB~a _ 1(N01) _ 1(N01) _ 1(N01) _ 1(N01) _ 1(N01) _ TE _ 1(N01) _ GA~a _ 1(N01) _ 1(N01) _ NIM~a _ 1(N01) _ NIM~a#","N01 _ N01 _ |SZE~a.NAM2| _ N01 _ PAP~b _ N01 _ |1(N58).BAD~b| _ N01 _ AB~a _ N01 _ N01 _ N01 _ N01 _ N01 _ TE _ N01 _ GA~a _ N01 _ N01 _ NIM~a _ N01 _ NIM~a",22,8,1.94566030460064,1.92242235365851,0.363636363636364,0.428571428571429
"P000121","NUN~a _ U4 _ ZATU659 _ GAL~a _ IB~b _ IB~b _ KA~a# _ NAM2 _ RAD~a _ NAM2 _ UMUN2 _ ERIN _ NAM2 _ |1(N57).SZUBUR| _ ZATU766# _ DI _ NA~c _ A2","NUN~a _ U4 _ ZATU659 _ GAL~a _ IB~b _ IB~b _ KA~a _ NAM2 _ RAD~a _ NAM2 _ UMUN2 _ ERIN _ NAM2 _ |1(N57).SZUBUR| _ ZATU766 _ DI _ NA~c _ A2",18,15,3.79465347354434,2.65021461976114,0.833333333333333,0.333333333333333
"P000131","ZATU679# _ TAK4~a _ 1(N01) _ GU _ KU6~a _ 1(N01) _ 1(N01) _ AN _ NAGAR~a _ 1(N01) _ ME~a _ NAGAR~a _ 1(N01)# _ 1(N01) _ GA'AR~b1","ZATU679 _ TAK4~a _ N01 _ GU _ KU6~a _ N01 _ N01 _ AN _ NAGAR~a _ N01 _ ME~a _ NAGAR~a _ N01 _ N01 _ GA'AR~b1",15,9,2.73957226198672,1.9421603624964,0.6,0.333333333333333
"P000448","1(N01) _ 1(N01) _ ERIN _ NAM2 _ 1(N01) _ NAM2 _ NAM2 _ 1(N01) _ KISAL~a1# _ 1(N01) _ AD~b# _ 1(N01) _ |SZE~a.NAM2|# _ 1(N01) _ TE# _ 1(N01) _ SANGA~a _ 1(N01) _ 1(N01) _ 1(N01) _ 1(N01) _ NESAG2~b _ 1(N01) _ SUKKAL _ 1(N01) _ NE~d _ 1(N01) _ UMUN2 _ 1(N01) _ KIB _ 1(N01) _ LAGAR~b2 _ LAGAR~b2 _ 1(N01) _ LAGAR~b2 _ 1(N01) _ 1(N01) _ 1(N01) _ 1(N01) _ 1(N01) _ AB2# _ 1(N01) _ NESAG2~b# _ 1(N01) _ NIMGIR# _ 1(N01)","N01 _ N01 _ ERIN _ NAM2 _ N01 _ NAM2 _ NAM2 _ N01 _ KISAL~a1 _ N01 _ AD~b _ N01 _ |SZE~a.NAM2| _ N01 _ TE _ N01 _ SANGA~a _ N01 _ N01 _ N01 _ N01 _ NESAG2~b _ N01 _ SUKKAL _ N01 _ NE~d _ N01 _ UMUN2 _ N01 _ KIB _ N01 _ LAGAR~b2 _ LAGAR~b2 _ N01 _ LAGAR~b2 _ N01 _ N01 _ N01 _ N01 _ N01 _ AB2 _ N01 _ NESAG2~b _ N01 _ NIMGIR _ N01",46,16,2.6165791804919,2.49262338912679,0.347826086956522,0.333333333333333
"P000493","1(N01) _ NI~a _ 1(N01) _ DUG~b _ 1(N01) _ DUG~c _ 1(N01) _ 1(N01) _ 1(N01) _ 1(N01) _ 1(N01) _ 1(N01) _ 1(N01) _ SU~a _ NI~b# _ X# _ 1(N01) _ GAN~a _ 1(N01) _ |DUG~bxSZE~a| _ 1(N01) _ 1(N01) _ 1(N01) _ ZATU632~a _ 1(N01) _ SZEN~b _ 1(N01) _ 1(N01) _ DUG~a _ 1(N01) _ EZEN~a _ 1(N01) _ DU _ KAK~a _ 1(N01)# _ 1(N01) _ 1(N01) _ KUSZU2~e _ 1(N01) _ 1(N01) _ 1(N01) _ KU3~a","N01 _ NI~a _ N01 _ DUG~b _ N01 _ DUG~c _ N01 _ N01 _ N01 _ N01 _ N01 _ N01 _ N01 _ SU~a _ NI~b _ X _ N01 _ GAN~a _ N01 _ |DUG~bxSZE~a| _ N01 _ N01 _ N01 _ ZATU632~a _ N01 _ SZEN~b _ N01 _ N01 _ DUG~a _ N01 _ EZEN~a _ N01 _ DU _ KAK~a _ N01 _ N01 _ N01 _ KUSZU2~e _ N01 _ N01 _ N01 _ KU3~a",42,17,2.48252140678666,2.57089425430572,0.404761904761905,0.52
"P000495","1(N01) _ 1(N01) _ KISIM~a# _ 1(N01) _ TUG2~a# _ 1(N01) _ 1(N01)","N01 _ N01 _ KISIM~a _ N01 _ TUG2~a _ N01 _ N01",7,3,1.14883485428092,1.09603174622062,0.428571428571429,0.5
"P000730","2(N14)# _ |SAGxGESZTU~a|# _ 2(N14)# _ URUDU~a# _ ERIM~a _ 4(N01)# _ ZATU764","N14 N14 _ |SAGxGESZTU~a| _ N14 N14 _ URUDU~a _ ERIM~a _ N01 N01 N01 N01 _ ZATU764",12,6,2.25162916738782,1.69265506777781,0.5,0.833333333333333
"P000731","1(N01)# _ SZUM# _ 3(N01)# _ BUR~b# _ 2(N01)# _ 1(N01)# _ 1(N01)# _ SILA3~a# _ GUG2# _ 4(N01)# _ 4(N01)# _ 3(N01)# _ ZATU726~a# _ 1(N01)# _ 2(N08)# _ ZATU734# _ 9(N01)","N01 _ SZUM _ N01 N01 N01 _ BUR~b _ N01 N01 _ N01 _ N01 _ SILA3~a _ GUG2 _ N01 N01 N01 N01 _ N01 N01 N01 N01 _ N01 N01 N01 _ ZATU726~a _ N01 _ N08 N08 _ ZATU734 _ N01 N01 N01 N01 N01 N01 N01 N01 N01",37,8,1.3477925856641,1.55112574741804,0.216216216216216,0.827586206896552
"P000732","TAG~a1 _ 2(N01)# _ SANGA~a# _ NUN~a#","TAG~a1 _ N01 N01 _ SANGA~a _ NUN~a",5,4,1.92192809488736,1.22288186904959,0.8,1
"P000739","2(N01)# _ 3(N01)#","N01 N01 _ N01 N01 N01",5,1,0,0.571190309536813,0.2,1
"P000740","2(N14) _ ZATU621~c# _ 2(N14) _ TE _ 2(N14) _ SZIR~a _ 2(N01) _ 5(N01) _ ZATU702 _ 5(N01) _ ZATU697~a","N14 N14 _ ZATU621~c _ N14 N14 _ TE _ N14 N14 _ SZIR~a _ N01 N01 _ N01 N01 N01 N01 N01 _ ZATU702 _ N01 N01 N01 N01 N01 _ ZATU697~a",23,7,1.97880869462306,1.67213235050361,0.304347826086957,0.8125
"P000742","2(N14) _ UDU~a _ 2(N14) _ SZITA~b1 _ 2(N14) _ BA _ 1(N57) _ SZITA~a1 _ 8(N01) _ KU3~a _ 5(N34) _ 2(N14) _ SZITA~a1 _ 2(N14) _ |(SZAxHI@g~a)~b| _ 2(N14) _ |(SZAxHI@g~a)~a| _ HI@g~a _ 1(N01) _ 1(N28) _ ZATU714 _ 2(N01) _ 1(N28) _ |ZATU714xHI@g~a| _ MU _ 3(N39~a) _ HI@g~a _ EN~a# _ SZE~a# _ GESZTU~b","N14 N14 _ UDU~a _ N14 N14 _ SZITA~b1 _ N14 N14 _ BA _ N57 _ SZITA~a1 _ N01 N01 N01 N01 N01 N01 N01 N01 _ KU3~a _ N34 N34 N34 N34 N34 _ N14 N14 _ SZITA~a1 _ N14 N14 _ |(SZAxHI@g~a)~b| _ N14 N14 _ |(SZAxHI@g~a)~a| _ HI@g~a _ N01 _ N28 _ ZATU714 _ N01 N01 _ N28 _ |ZATU714xHI@g~a| _ MU _ N39~a N39~a N39~a _ HI@g~a _ EN~a _ SZE~a _ GESZTU~b",50,20,3.57509967396944,2.77294941015223,0.4,0.666666666666667
"P000744","1(N14) _ KASZ~b _ GAR3 _ PIRIG~a1 _ MASZ _ ISZ~c","N14 _ KASZ~b _ GAR3 _ PIRIG~a1 _ MASZ _ ISZ~c",6,6,2.58496250072116,1.58197551605495,1,0
"P000745","1(N01) _ NUN~a _ A _ AN# _ EN~b","N01 _ NUN~a _ A _ AN _ EN~b",5,5,2.32192809488736,1.3813781191217,1,0
"P000747","3(N34)# _ |LAGAB~axNUN~b|","N34 N34 N34 _ |LAGAB~axNUN~b|",4,2,0.811278124459133,0.823120312590145,0.5,1
"P000748","3(N01) _ NUN~b# _ 1(N01) _ UD5~a# _ 1(N01)# _ GUKKAL~a _ ZATU720# _ 6(N01) _ ZATU720","N01 N01 N01 _ NUN~b _ N01 _ UD5~a _ N01 _ GUKKAL~a _ ZATU720 _ N01 N01 N01 N01 N01 N01 _ ZATU720",16,5,1.49664076218686,1.45945402182813,0.3125,0.636363636363636
"P000749","4(N14) _ 4(N01)","N14 N14 N14 N14 _ N01 N01 N01 N01",8,2,1,1.00981439410511,0.25,1
"P000750","1(N01)# _ UTUA~a","N01 _ UTUA~a",2,2,1,0.5,1,0
"P000751","1(N01)# _ ZATU622 _ USZ~a# _ 1(N01) _ USZ~a _ 1(N01) _ ZATU753 _ USZ~a _ 1(N01) _ AN# _ AL# _ USZ~a _ GUKKAL~a","N01 _ ZATU622 _ USZ~a _ N01 _ USZ~a _ N01 _ ZATU753 _ USZ~a _ N01 _ AN _ AL _ USZ~a _ GUKKAL~a",13,7,2.46967048737186,1.79369368365507,0.538461538461538,0
"P000752","5(N01)# _ 1(N34) _ 2(N14) _ 6(N01)# _ ADAB# _ 2(N01) _ U8#","N01 N01 N01 N01 N01 _ N34 _ N14 N14 _ N01 N01 N01 N01 N01 N01 _ ADAB _ N01 N01 _ U8",18,5,1.38627409389597,1.50052273075059,0.277777777777778,0.846153846153846
"P000756","3(N14)# _ 1(N01)#","N14 N14 N14 _ N01",4,2,0.811278124459133,0.823120312590145,0.5,1
"P000757","1(N48) _ 5(N34) _ 7(N01) _ LAGAR~a _ PIRIG~a1","N48 _ N34 N34 N34 N34 N34 _ N01 N01 N01 N01 N01 N01 N01 _ LAGAR~a _ PIRIG~a1",15,5,1.82281560035252,1.48962630623868,0.333333333333333,1
"P000758","2(N01) _ LAGAB~a _ SI4~d _ TE","N01 N01 _ LAGAB~a _ SI4~d _ TE",5,4,1.92192809488736,1.2813781191217,0.8,1
"P000761","2(N34) _ U4 _ AMAR _ GAR3 _ 2(N14) _ ZATU694~d@t _ 4(N14) _ 6(N01)# _ 4(N34)# _ GUL _ 1(N14)# _ 3(N14)# _ 4(N14)# _ 2(N34)#","N34 N34 _ U4 _ AMAR _ GAR3 _ N14 N14 _ ZATU694~d@t _ N14 N14 N14 N14 _ N01 N01 N01 N01 N01 N01 _ N34 N34 N34 N34 _ GUL _ N14 _ N14 N14 N14 _ N14 N14 N14 N14 _ N34 N34",33,8,2.23188672805138,1.67113213563818,0.242424242424242,0.84
"P000762","1(N34)# _ 2(N01)# _ NA~b# _ 3(N14)# _ GAR3 _ 2(N01) _ ZATU694~d# _ DUG~c# _ SI#","N34 _ N01 N01 _ NA~b _ N14 N14 N14 _ GAR3 _ N01 N01 _ ZATU694~d _ DUG~c _ SI",13,8,2.71929452566698,1.94407750836369,0.615384615384615,0.8
"P000763","3(N34) _ GAR3 _ 1(N14) _ 5(N01) _ ZATU694~d@t _ 1(N14) _ 5(N01) _ ZATU694~b# _ 7(N01) _ NA~c _ 1(N14) _ 5(N01)# _ |LAGAB~axDU6~b| _ 2(N14) _ 6(N01) _ DIB# _ 4(N01) _ PIRIG~a3 _ 2(N01) _ NU11# _ GA2~a1 _ ESZDA _ GA2~a1 _ 1(N34) _ GAR3# _ 2(N01) _ NA~c _ 1(N01)#","N34 N34 N34 _ GAR3 _ N14 _ N01 N01 N01 N01 N01 _ ZATU694~d@t _ N14 _ N01 N01 N01 N01 N01 _ ZATU694~b _ N01 N01 N01 N01 N01 N01 N01 _ NA~c _ N14 _ N01 N01 N01 N01 N01 _ |LAGAB~axDU6~b| _ N14 N14 _ N01 N01 N01 N01 N01 N01 _ DIB _ N01 N01 N01 N01 _ PIRIG~a3 _ N01 N01 _ NU11 _ GA2~a1 _ ESZDA _ GA2~a1 _ N34 _ GAR3 _ N01 N01 _ NA~c _ N01",59,13,2.18163601541764,2.05295066055791,0.220338983050847,0.673913043478261
"P000764","9(N01) _ ZATU694~d _ 2(N01) _ 5(N14) _ GAR3#","N01 N01 N01 N01 N01 N01 N01 N01 N01 _ ZATU694~d _ N01 N01 _ N14 N14 N14 N14 N14 _ GAR3",18,4,1.41084787480636,1.47319206676842,0.222222222222222,0.928571428571429
"P000765","1(N45) _ 2(N34) _ 3(N14) _ SZE3 _ 1(N47)# _ 2(N20)# _ 3(N05) _ 4(N34) _ 3(N14) _ SIG2~d3 _ 1(N34) _ 1(N14)","N45 _ N34 N34 _ N14 N14 N14 _ SZE3 _ N47 _ N20 N20 _ N05 N05 N05 _ N34 N34 N34 N34 _ N14 N14 N14 _ SIG2~d3 _ N34 _ N14",23,8,2.52104645992789,1.7739945390125,0.347826086956522,0.733333333333333
"P000766","2(N34) _ GAR3 _ 4(N34) _ GUL _ 1(N34) _ ZATU694~a _ 7(N01) _ NA~b _ SI4~a","N34 N34 _ GAR3 _ N34 N34 N34 N34 _ GUL _ N34 _ ZATU694~a _ N01 N01 N01 N01 N01 N01 N01 _ NA~b _ SI4~a",19,7,2.17935020245377,1.7845630971509,0.368421052631579,0.833333333333333
"P000767","5(N14) _ GAR3 _ 3(N01)# _ 2(N14) _ GAR3 _ 1(N01)","N14 N14 N14 N14 N14 _ GAR3 _ N01 N01 N01 _ N14 N14 _ GAR3 _ N01",13,3,1.41955629857161,1.22366787339475,0.230769230769231,0.7
"P000768","1(N48) _ 1(N34) _ 3(N14) _ NUNUZ~a2 _ 5(N34) _ GAR3# _ 4(N14)# _ ZATU694~d _ 8(N01) _ NA~b _ UR~a@g#","N48 _ N34 _ N14 N14 N14 _ NUNUZ~a2 _ N34 N34 N34 N34 N34 _ GAR3 _ N14 N14 N14 N14 _ ZATU694~d _ N01 N01 N01 N01 N01 N01 N01 N01 _ NA~b _ UR~a@g",27,9,2.56372974443272,1.89410622193442,0.333333333333333,0.888888888888889
"P000770","2(N34) _ GAR3 _ 3(N14)# _ 4(N01) _ ZATU694~d# _ 1(N01) _ PIRIG~a1 _ 1(N34) _ GAR3 _ 3(N01) _ ZATU694~d _ 2(N01) _ ZATU694~b#","N34 N34 _ GAR3 _ N14 N14 N14 _ N01 N01 N01 N01 _ ZATU694~d _ N01 _ PIRIG~a1 _ N34 _ GAR3 _ N01 N01 N01 _ ZATU694~d _ N01 N01 _ ZATU694~b",22,7,2.33538362076454,1.71714245358565,0.318181818181818,0.6
"P000771","5(N01) _ ZATU694~a# _ AB~a# _ RU","N01 N01 N01 N01 N01 _ ZATU694~a _ AB~a _ RU",8,4,1.5487949406954,1.40603362130785,0.5,1
"P000772","1(N48) _ 1(N34) _ NUNUZ~a2 _ 2(N34) _ GAR3# _ 4(N14) _ ZATU694~d# _ 2(N34)#","N48 _ N34 _ NUNUZ~a2 _ N34 N34 _ GAR3 _ N14 N14 N14 N14 _ ZATU694~d _ N34 N34",13,6,2.19200583549211,1.60465297411407,0.461538461538462,0.714285714285714
"P000773","1(N14) _ 6(N01)# _ 1(N01)#","N14 _ N01 N01 N01 N01 N01 N01 _ N01",8,2,0.543564443199596,0.765206942493572,0.25,1
"P000775","6(N01)# _ ZATU694~d# _ 5(N01)# _ ZATU694~b# _ 1(N01)# _ 4(N14) _ GAR3# _ 2(N01)# _ SZA3~a1","N01 N01 N01 N01 N01 N01 _ ZATU694~d _ N01 N01 N01 N01 N01 _ ZATU694~b _ N01 _ N14 N14 N14 N14 _ GAR3 _ N01 N01 _ SZA3~a1",22,6,1.67293303187337,1.75522016435849,0.272727272727273,0.8125
"P000776","2(N34)# _ GAR3 _ 2(N14)# _ ZATU694~d# _ |MUSZEN.UR3~b2|","N34 N34 _ GAR3 _ N14 N14 _ ZATU694~d _ |MUSZEN.UR3~b2|",7,5,2.23592635062903,1.51974913870623,0.714285714285714,1
"P000779","3(N34)# _ GAR3 _ BU~a#","N34 N34 N34 _ GAR3 _ BU~a",5,3,1.37095059445467,1.12288186904959,0.6,1
"P000780","1(N48) _ 4(N34)# _ EN@g~b# _ GAR3#","N48 _ N34 N34 N34 N34 _ EN@g~b _ GAR3",7,4,1.66449777920046,1.28748991246424,0.571428571428571,1
"P000785","4(N01)# _ UDU~a","N01 N01 N01 N01 _ UDU~a",5,2,0.721928094887362,0.870049785692216,0.4,1
"P000786","1(N14) _ 2(N01) _ 1(N14) _ 2(N01) _ ZATU690#","N14 _ N01 N01 _ N14 _ N01 N01 _ ZATU690",7,3,1.37878349348618,1.02375620777255,0.428571428571429,0.5
"P000787","7(N01) _ UDUNITA~a _ 2(N01)#","N01 N01 N01 N01 N01 N01 N01 _ UDUNITA~a _ N01 N01",10,2,0.468995593589281,1.00917401998225,0.2,0.875
"P000789","1(N01) _ SZU2 _ KAB _ NAM2","N01 _ SZU2 _ KAB _ NAM2",4,4,2,1.14624062518029,1,0
"P000790","2(N34) _ GAR3 _ 2(N14) _ ZATU694~d _ 5(N01) _ NA~b _ 2(N34) _ GUL _ GI _ KA~a","N34 N34 _ GAR3 _ N14 N14 _ ZATU694~d _ N01 N01 N01 N01 N01 _ NA~b _ N34 N34 _ GUL _ GI _ KA~a",17,9,2.81630751922464,2.04402259511929,0.529411764705882,0.875
"P000791","4(N14)# _ GAR3 _ 7(N01) _ ZATU694~b _ AZU _ 1(N14)# _ 2(N01)# _ 3(N14) _ GAR3 _ 6(N01) _ ZATU694~b","N14 N14 N14 N14 _ GAR3 _ N01 N01 N01 N01 N01 N01 N01 _ ZATU694~b _ AZU _ N14 _ N01 N01 _ N14 N14 N14 _ GAR3 _ N01 N01 N01 N01 N01 N01 _ ZATU694~b",28,5,1.71437781726733,1.30854451312243,0.178571428571429,0.739130434782609
"P000792","1(N34)# _ 3(N34) _ GUL#","N34 _ N34 N34 N34 _ GUL",5,2,0.721928094887362,0.870049785692216,0.4,1
"P000802","1(N51)# _ 1(N34)#","N51 _ N34",2,2,1,0.5,1,0
"P000804","2(N14)# _ IB~a _ GUM~a _ MAR~a _ UTUA~a _ U8 _ UD5~a _ A","N14 N14 _ IB~a _ GUM~a _ MAR~a _ UTUA~a _ U8 _ UD5~a _ A",9,8,2.94770277922009,1.99657033553662,0.888888888888889,1
"P000805","2(N01)# _ ZATU754 _ NUN~a _ 2(N02) _ 1(N01) _ PAP~a","N01 N01 _ ZATU754 _ NUN~a _ N02 N02 _ N01 _ PAP~a",8,5,2.15563906222957,1.51288116337474,0.625,0.666666666666667
"P000806","4(N51)# _ SZA3~c _ SUKUD@g~a","N51 N51 N51 N51 _ SZA3~c _ SUKUD@g~a",6,3,1.25162916738782,1.15586857153037,0.5,1
"P000807","SZITA~a1# _ 1(N01) _ NUN~a _ 1(N01) _ NIM~a _ 1(N01)","SZITA~a1 _ N01 _ NUN~a _ N01 _ NIM~a _ N01",6,4,1.79248125036058,1.19989530766152,0.666666666666667,0
"P000808","3(N14) _ SUKKAL _ AB2","N14 N14 N14 _ SUKKAL _ AB2",5,3,1.37095059445467,1.12288186904959,0.6,1
"P000809","3(N14) _ 1(N01) _ ZATU650 _ 4(N14) _ 4(N01)# _ 2(N14) _ 1(N01)# _ 3(N14)","N14 N14 N14 _ N01 _ ZATU650 _ N14 N14 N14 N14 _ N01 N01 N01 N01 _ N14 N14 _ N01 _ N14 N14 N14",19,3,1.1674367232867,1.20287315269962,0.157894736842105,0.6875
"P000812","1(N34)# _ GESZTU~a _ KISAL~b1","N34 _ GESZTU~a _ KISAL~b1",3,3,1.58496250072116,0.861654166907052,1,0
"P000813","1(N14) _ 3(N01) _ ZATU678 _ ERIM~a _ 1(N14) _ ZATU678 _ ZATU765 _ 5(N01) _ 5(N01) _ SAL _ 5(N01) _ PAP~a _ 1(N14) _ 4(N14) _ 8(N01)","N14 _ N01 N01 N01 _ ZATU678 _ ERIM~a _ N14 _ ZATU678 _ ZATU765 _ N01 N01 N01 N01 N01 _ N01 N01 N01 N01 N01 _ SAL _ N01 N01 N01 N01 N01 _ PAP~a _ N14 _ N14 N14 N14 N14 _ N01 N01 N01 N01 N01 N01 N01 N01",39,7,1.5966094720399,1.49201479888871,0.179487179487179,0.8125
"P000814","1(N34)# _ 5(N01)# _ 1(N01)# _ 1(N34)# _ 1(N14) _ 6(N01)# _ 2(N01)# _ 1(N34)# _ 1(N34)#","N34 _ N01 N01 N01 N01 N01 _ N01 _ N34 _ N14 _ N01 N01 N01 N01 N01 N01 _ N01 N01 _ N34 _ N34",19,3,1.02145546561167,1.04777673397462,0.157894736842105,0.8125
"P000816","AB2# _ GADA~a _ 1(N01) _ SZU2 _ DUB~b#","AB2 _ GADA~a _ N01 _ SZU2 _ DUB~b",5,5,2.32192809488736,1.3813781191217,1,0
"P000817","1(N14) _ TE _ PIRIG~a1 _ 3(N01) _ TE _ 1(N01) _ TE# _ DU _ 1(N01) _ |SAGxGESZTU~a| _ 1(N01) _ AB~a _ 2(N01) _ SI _ 1(N01) _ SZU _ 4(N01)","N14 _ TE _ PIRIG~a1 _ N01 N01 N01 _ TE _ N01 _ TE _ DU _ N01 _ |SAGxGESZTU~a| _ N01 _ AB~a _ N01 N01 _ SI _ N01 _ SZU _ N01 N01 N01 N01",23,9,2.22527483266581,1.95524774915679,0.391304347826087,0.428571428571429
"P000819","3(N01)","N01 N01 N01",3,1,0,0.430827083453526,0.333333333333333,1
"P000820","1(N48) _ 1(N34) _ 3(N14) _ 1(N01) _ UKKIN~a","N48 _ N34 _ N14 N14 N14 _ N01 _ UKKIN~a",7,5,2.12808527889139,1.44832056727766,0.714285714285714,1
"P000821","2(N01) _ UNUG~a _ NI~a@g _ SANGA~a _ GURUSZDA _ UTUA~a","N01 N01 _ UNUG~a _ NI~a@g _ SANGA~a _ GURUSZDA _ UTUA~a",7,6,2.52164063634332,1.6856011454839,0.857142857142857,1
"P000822","1(N01) _ SZU2 _ NAM2 _ KAB _ 1(N34) _ 1(N28) _ 1(N01) _ SZU2 _ SI4~a _ EN~a _ ZATU685","N01 _ SZU2 _ NAM2 _ KAB _ N34 _ N28 _ N01 _ SZU2 _ SI4~a _ EN~a _ ZATU685",11,9,3.09579525500093,1.98899298048326,0.818181818181818,0
"P000823","1(N14) _ NESAG2~a _ 1(N14) _ UKKIN~a# _ 1(N01)# _ 1(N01)# _ 6(N01) _ TE _ TU~a#","N14 _ NESAG2~a _ N14 _ UKKIN~a _ N01 _ N01 _ N01 N01 N01 N01 N01 N01 _ TE _ TU~a",14,6,1.95021206491475,1.50075445407689,0.428571428571429,0.875
"P000826","1(N34)# _ 1(N34)#","N34 _ N34",2,1,0,0.25,0.5,1
"P000829","9(N01)# _ ZATU630# _ 1(N01) _ MU","N01 N01 N01 N01 N01 N01 N01 N01 N01 _ ZATU630 _ N01 _ MU",12,3,0.816689088315021,1.20275888240485,0.25,0.888888888888889
"P000830","1(N14) _ ERIM~b2 _ AMA~a# _ 1(N14) _ ZATU752 _ SILA4~c _ EN~b _ |URU~a3xKALAM~a|","N14 _ ERIM~b2 _ AMA~a _ N14 _ ZATU752 _ SILA4~c _ EN~b _ |URU~a3xKALAM~a|",8,7,2.75,1.78740100229841,0.875,0
"P000831","2(N01) _ UNUG~a _ NESAG2~a# _ MASZ _ |MAH~axMASZ|","N01 N01 _ UNUG~a _ NESAG2~a _ MASZ _ |MAH~axMASZ|",6,5,2.25162916738782,1.49864218272161,0.833333333333333,1
"P000834","3(N01) _ BA _ 1(N01) _ APIN~a _ 1(N01) _ SIG7# _ PAP~a _ 3(N02) _ 1(N01) _ PAP~a _ 1(N01) _ TUR _ SZIR~b _ 9(N01)#","N01 N01 N01 _ BA _ N01 _ APIN~a _ N01 _ SIG7 _ PAP~a _ N02 N02 N02 _ N01 _ PAP~a _ N01 _ TUR _ SZIR~b _ N01 N01 N01 N01 N01 N01 N01 N01 N01",26,8,1.9790978911348,1.78365294789627,0.307692307692308,0.666666666666667
"P000836","1(N01) _ NESAG2~a _ U8 _ SZE~a _ MAR~a","N01 _ NESAG2~a _ U8 _ SZE~a _ MAR~a",5,5,2.32192809488736,1.3813781191217,1,0
"P000837","2(N01) _ TE _ 1(N57) _ 2(N01) _ NUN~a _ 1(N01) _ ZATU693 _ 2(N01) _ GESZTU~a _ 2(N01) _ AN _ USZ~a# _ 2(N01) _ BALAG _ 2(N01) _ GURUSZ~a# _ 1(N01) _ 1(N01)# _ 1(N01)# _ 2(N01)# _ 1(N01)# _ 1(N34) _ 1(N01)","N01 N01 _ TE _ N57 _ N01 N01 _ NUN~a _ N01 _ ZATU693 _ N01 N01 _ GESZTU~a _ N01 N01 _ AN _ USZ~a _ N01 N01 _ BALAG _ N01 N01 _ GURUSZ~a _ N01 _ N01 _ N01 _ N01 N01 _ N01 _ N34 _ N01",30,11,2.02560519901694,2.1315216355512,0.366666666666667,0.578947368421053
"P000838","1(N01) _ SI4~a _ 1(N01) _ GA~a _ NIMGIR _ GAL~a _ 2(N01) _ UKKIN~a _ 1(N01) _ SZITA~a1 _ 1(N01) _ UKKIN~a _ 1(N01)# _ 1(N01)# _ 2(N01) _ 1(N01)#","N01 _ SI4~a _ N01 _ GA~a _ NIMGIR _ GAL~a _ N01 N01 _ UKKIN~a _ N01 _ SZITA~a1 _ N01 _ UKKIN~a _ N01 _ N01 _ N01 N01 _ N01",18,7,1.94471679005285,1.63196050700603,0.388888888888889,0.454545454545455
"P000839","7(N01)# _ |DUG~bxX|# _ 3(N01)# _ |DUG~bxSZE~a|# _ 1(N14)# _ 4(N01) _ 3(N14)# _ UNUG~a _ |DUG~bxHI@g~a|# _ 1(N14) _ 3(N01) _ |DUG~bxSZE~a|# _ 1(N14)# _ SZE~a# _ 1(N14)#","N01 N01 N01 N01 N01 N01 N01 _ |DUG~bxX| _ N01 N01 N01 _ |DUG~bxSZE~a| _ N14 _ N01 N01 N01 N01 _ N14 N14 N14 _ UNUG~a _ |DUG~bxHI@g~a| _ N14 _ N01 N01 N01 _ |DUG~bxSZE~a| _ N14 _ SZE~a _ N14",30,7,1.86894550375322,1.78995870308268,0.233333333333333,0.652173913043478
"P000840","1(N01)# _ 1(N57) _ 1(N01) _ U4 _ PAP~a _ 1(N01)# _ BU~a# _ 1(N01) _ NIMGIR _ 3(N01) _ UDU~a _ NIM~a _ 1(N01) _ KU6~a _ 1(N14) _ 2(N01)#","N01 _ N57 _ N01 _ U4 _ PAP~a _ N01 _ BU~a _ N01 _ NIMGIR _ N01 N01 N01 _ UDU~a _ NIM~a _ N01 _ KU6~a _ N14 _ N01 N01",19,10,2.49954430560813,2.16473542961512,0.526315789473684,0.333333333333333
"P000844","1(N01) _ 1(N01)# _ ZATU675~a _ 1(N01) _ KIN2~e# _ 1(N01)","N01 _ N01 _ ZATU675~a _ N01 _ KIN2~e _ N01",6,3,1.25162916738782,1.11656197432818,0.5,0.333333333333333
"P000846","1(N01) _ 1(N01) _ ZATU753 _ EN~b _ 1(N01) _ ZATU644~b","N01 _ N01 _ ZATU753 _ EN~b _ N01 _ ZATU644~b",6,4,1.79248125036058,1.30514817481433,0.666666666666667,0.5
"P000849","4(N01) _ ME~a _ EN~b _ LAGAR~b1 _ 2(N01) _ ME~a _ UDU~a# _ ZATU640 _ 2(N01) _ ME~a _ ZATU621~b# _ 1(N01)# _ 1(N01)#","N01 N01 N01 N01 _ ME~a _ EN~b _ LAGAR~b1 _ N01 N01 _ ME~a _ UDU~a _ ZATU640 _ N01 N01 _ ME~a _ ZATU621~b _ N01 _ N01",18,7,2.0602489763847,1.7694272130196,0.388888888888889,0.545454545454545
"P000850","1(N01) _ DUG~c _ 2(N01) _ SZU2","N01 _ DUG~c _ N01 N01 _ SZU2",5,3,1.37095059445467,1.02288186904959,0.6,0.5
"P000853","1(N34)# _ 2(N01) _ MA _ DIN","N34 _ N01 N01 _ MA _ DIN",5,4,1.92192809488736,1.22288186904959,0.8,1
"P000854","3(N01) _ DUG~c","N01 N01 N01 _ DUG~c",4,2,0.811278124459133,0.823120312590145,0.5,1
"P000855","1(N14)# _ 1(N01) _ 1(N34)#","N14 _ N01 _ N34",3,3,1.58496250072116,0.861654166907052,1,0
"P000865","1(N01)# _ 1(N01) _ BAR","N01 _ N01 _ BAR",3,2,0.918295834054489,0.694987500240385,0.666666666666667,1
"P000866","2(N34)#","N34 N34",2,1,0,0.25,0.5,1
"P000867","9(N01)# _ ZATU662 _ ZATU644~a _ 1(N34) _ 5(N01)#","N01 N01 N01 N01 N01 N01 N01 N01 N01 _ ZATU662 _ ZATU644~a _ N34 _ N01 N01 N01 N01 N01",17,4,0.951994081908783,1.28793063167485,0.235294117647059,0.923076923076923
"P000881","1(N14)# _ 1(N57)# _ SZU2# _ NUN~c# _ 5(N01)# _ SZU2# _ NUN~c# _ 2(N01) _ 1(N57) _ ZATU758 _ SZU2 _ SZU2# _ 1(N01)# _ SZU2 _ 1(N01)# _ SZU2# _ MUSZ3~a# _ 2(N01) _ BIR~a _ 1(N57) _ DUR~a# _ 1(N01) _ 3(N57)# _ SZU2# _ 1(N01) _ SZU2 _ NUN~c","N14 _ N57 _ SZU2 _ NUN~c _ N01 N01 N01 N01 N01 _ SZU2 _ NUN~c _ N01 N01 _ N57 _ ZATU758 _ SZU2 _ SZU2 _ N01 _ SZU2 _ N01 _ SZU2 _ MUSZ3~a _ N01 N01 _ BIR~a _ N57 _ DUR~a _ N01 _ N57 N57 N57 _ SZU2 _ N01 _ SZU2 _ NUN~c",35,9,2.49012933573569,1.92880570073821,0.257142857142857,0.346153846153846
"P000882","4(N01)# _ DUG~c# _ SZITA~a1 _ 3(N01) _ SZITA~a1 _ ZATU713","N01 N01 N01 N01 _ DUG~c _ SZITA~a1 _ N01 N01 N01 _ SZITA~a1 _ ZATU713",11,4,1.49111485005519,1.39476439331807,0.363636363636364,0.714285714285714
"P000883","3(N01)# _ SZITA~a1# _ ZATU713# _ DUG~b#","N01 N01 N01 _ SZITA~a1 _ ZATU713 _ DUG~b",6,4,1.79248125036058,1.36656197432818,0.666666666666667,1
"P000884","1(N01) _ NUN~c _ MA _ 2(N01) _ SANGA~b _ MA _ 1(N01) _ SUKUD@g~b _ MA _ 2(N01) _ NUMUN# _ 1(N01)# _ 1(N01)# _ DUG~c#","N01 _ NUN~c _ MA _ N01 N01 _ SANGA~b _ MA _ N01 _ SUKUD@g~b _ MA _ N01 N01 _ NUMUN _ N01 _ N01 _ DUG~c",16,7,2.20281953111478,1.72723184341293,0.4375,0.333333333333333
"P000885","1(N01) _ SZU2 _ DUB~b _ ZATU680~e _ 1(N01) _ GISZIMMAR~b3 _ SZU2# _ 2(N01) _ 1(N01)# _ DUB~b#","N01 _ SZU2 _ DUB~b _ ZATU680~e _ N01 _ GISZIMMAR~b3 _ SZU2 _ N01 N01 _ N01 _ DUB~b",11,5,2.0403733936885,1.47365535158166,0.454545454545455,0.333333333333333
"P000886","ZATU713# _ 1(N01)# _ UB# _ 1(N01)# _ ZATU713# _ ZATU713# _ 2(N01)# _ ZATU713# _ 1(N01)# _ ZATU713# _ SANGA~b#","ZATU713 _ N01 _ UB _ N01 _ ZATU713 _ ZATU713 _ N01 N01 _ ZATU713 _ N01 _ ZATU713 _ SANGA~b",12,4,1.65002242164835,1.2908239598542,0.333333333333333,0.25
"P000887","BALAG _ 2(N01) _ SZE~a _ NUN~c","BALAG _ N01 N01 _ SZE~a _ NUN~c",5,4,1.92192809488736,1.22288186904959,0.8,1
"P000888","2(N01)# _ HASZHUR# _ SANGA~b# _ MA#","N01 N01 _ HASZHUR _ SANGA~b _ MA",5,4,1.92192809488736,1.2813781191217,0.8,1
"P000890","2(N01)# _ ERIM~b1 _ SIG2~c1","N01 N01 _ ERIM~b1 _ SIG2~c1",4,3,1.5,1.02124062518029,0.75,1
"P000897","2(N01)#","N01 N01",2,1,0,0.25,0.5,1
"P000898","3(N01)#","N01 N01 N01",3,1,0,0.430827083453526,0.333333333333333,1
"P000900","6(N01)# _ 4(N01) _ SZU2#","N01 N01 N01 N01 N01 N01 _ N01 N01 N01 N01 _ SZU2",11,2,0.439496986921513,0.901094713967696,0.181818181818182,1
"P000903","1(N01)# _ SZU2","N01 _ SZU2",2,2,1,0.5,1,0
"P000920","1(N14)# _ 9(N01)# _ ZATU753 _ 1(N14)# _ 8(N01)# _ 6(N01)# _ 1(N14)# _ 1(N14)# _ NIM~a _ 8(N01)# _ 5(N01) _ TUR# _ 5(N01) _ GURUSZ~a# _ 5(N01) _ GURUSZ~a# _ 5(N01)# _ NIMGIR _ 5(N01) _ TE _ 4(N01) _ TE# _ 3(N01)# _ 1(N14) _ AB2 _ 5(N01)# _ 1(N01)# _ 3(N01)# _ 5(N01)# _ KISAL~b1 _ NUN~a# _ 3(N01)#","N14 _ N01 N01 N01 N01 N01 N01 N01 N01 N01 _ ZATU753 _ N14 _ N01 N01 N01 N01 N01 N01 N01 N01 _ N01 N01 N01 N01 N01 N01 _ N14 _ N14 _ NIM~a _ N01 N01 N01 N01 N01 N01 N01 N01 _ N01 N01 N01 N01 N01 _ TUR _ N01 N01 N01 N01 N01 _ GURUSZ~a _ N01 N01 N01 N01 N01 _ GURUSZ~a _ N01 N01 N01 N01 N01 _ NIMGIR _ N01 N01 N01 N01 N01 _ TE _ N01 N01 N01 N01 _ TE _ N01 N01 N01 _ N14 _ AB2 _ N01 N01 N01 N01 N01 _ N01 _ N01 N01 N01 _ N01 N01 N01 N01 N01 _ KISAL~b1 _ NUN~a _ N01 N01 N01",96,11,1.1540886667063,1.57723183819963,0.114583333333333,0.823529411764706
"P000921","2(N01)# _ |ZATU659x1(N14)|# _ 1(N08) _ 1(N39~b)# _ 1(N01)# _ 1(N24)# _ 3(N01)#","N01 N01 _ |ZATU659x1(N14)| _ N08 _ N39~b _ N01 _ N24 _ N01 N01 N01",10,5,1.77095059445467,1.42243324826178,0.5,0.6
"P000924","2(N14) _ GURUSZ~a _ 1(N01) _ GI# _ 1(N01)# _ BA# _ BU~a# _ 1(N01)# _ USZ~a# _ BU~a# _ 1(N01)# _ DA~a# _ USZ~a _ 3(N14) _ 1(N01)# _ BA# _ 1(N14)#","N14 N14 _ GURUSZ~a _ N01 _ GI _ N01 _ BA _ BU~a _ N01 _ USZ~a _ BU~a _ N01 _ DA~a _ USZ~a _ N14 N14 N14 _ N01 _ BA _ N14",20,8,2.66595732094917,1.86588120449262,0.4,0.25
"P000925","3(N01)# _ BA# _ 1(N01)# _ APIN~a# _ 1(N02) _ 1(N01) _ TUR# _ |(BU~a&BU~a).NA2~a@n|#","N01 N01 N01 _ BA _ N01 _ APIN~a _ N02 _ N01 _ TUR _ |(BU~a&BU~a).NA2~a@n|",10,6,2.16096404744368,1.78376158169127,0.6,0.5
"P000926","1(N34) _ 5(N14) _ EN~a _ NUN~a _ GAR3 _ 1(N14) _ 2(N01) _ ZATU694~d _ 2(N14) _ 4(N01) _ ZATU694~b _ 4(N01) _ SZA3~a1 _ 5(N14)# _ SAG _ 6(N01) _ ZATU694~d _ 5(N01) _ ZATU694~b _ 2(N01) _ SZA3~a1","N34 _ N14 N14 N14 N14 N14 _ EN~a _ NUN~a _ GAR3 _ N14 _ N01 N01 _ ZATU694~d _ N14 N14 _ N01 N01 N01 N01 _ ZATU694~b _ N01 N01 N01 N01 _ SZA3~a1 _ N14 N14 N14 N14 N14 _ SAG _ N01 N01 N01 N01 N01 N01 _ ZATU694~d _ N01 N01 N01 N01 N01 _ ZATU694~b _ N01 N01 _ SZA3~a1",47,10,2.18974541922773,1.72144335726625,0.212765957446809,0.702702702702703
"P000928","5(N01)# _ ESZDA _ 5(N01) _ NUN~a _ 5(N01) _ LAGAR~a _ 5(N01) _ EN~b _ 3(N01)# _ TE# _ 3(N01) _ ZATU693 _ 3(N01) _ GA2~b _ 3(N01) _ MUSZ3~a _ 3(N01) _ ZATU659 _ PA~a _ 3(N01) _ DUG~c _ 1(N01) _ SZUBUR _ ZATU644~a _ 3(N14) _ 8(N01) _ SZU2 _ 1(N01) _ ZATU644~a _ UNUG~a# _ 1(N01) _ SAG _ 2(N01) _ NU _ 2(N01) _ SAL _ USZ~a _ 1(N01) _ ZATU758 _ 1(N14) _ TI# _ 1(N01) _ 2(N01)# _ ZATU687# _ 1(N01)","N01 N01 N01 N01 N01 _ ESZDA _ N01 N01 N01 N01 N01 _ NUN~a _ N01 N01 N01 N01 N01 _ LAGAR~a _ N01 N01 N01 N01 N01 _ EN~b _ N01 N01 N01 _ TE _ N01 N01 N01 _ ZATU693 _ N01 N01 N01 _ GA2~b _ N01 N01 N01 _ MUSZ3~a _ N01 N01 N01 _ ZATU659 _ PA~a _ N01 N01 N01 _ DUG~c _ N01 _ SZUBUR _ ZATU644~a _ N14 N14 N14 _ N01 N01 N01 N01 N01 N01 N01 N01 _ SZU2 _ N01 _ ZATU644~a _ UNUG~a _ N01 _ SAG _ N01 N01 _ NU _ N01 N01 _ SAL _ USZ~a _ N01 _ ZATU758 _ N14 _ TI _ N01 _ N01 N01 _ ZATU687 _ N01",85,24,2.29453331593301,2.75068303595515,0.282352941176471,0.672131147540984
"P000931","2(N01)# _ 1(N14)# _ DUG~a","N01 N01 _ N14 _ DUG~a",4,3,1.5,1.02124062518029,0.75,1
"P000934","2(N01) _ 2(N01)#","N01 N01 _ N01 N01",4,1,0,0.50708020839343,0.25,1
"P000938","1(N48) _ 1(N34) _ 4(N14) _ DUR~a _ EN~a _ ZATU700 _ 4(N34) _ 5(N14) _ UNUG~a _ DUR~a _ SZIR~b","N48 _ N34 _ N14 N14 N14 N14 _ DUR~a _ EN~a _ ZATU700 _ N34 N34 N34 N34 _ N14 N14 N14 N14 N14 _ UNUG~a _ DUR~a _ SZIR~b",21,8,2.38570001861602,1.7439340579956,0.380952380952381,0.769230769230769
"P000939","TUG2~b _ ZATU758 _ 1(N01) _ NIM~a _ TUG2~a","TUG2~b _ ZATU758 _ N01 _ NIM~a _ TUG2~a",5,5,2.32192809488736,1.3813781191217,1,0
"P000958","1(N14) _ 1(N01) _ USZ~a _ 6(N01)# _ RU _ USZ~a _ 1(N01) _ EN~b _ 1(N01) _ |ZATU737xEN~b| _ 1(N01) _ PIRIG~a1 _ EN~b _ 1(N01) _ DUB~d _ 1(N01)# _ KASZ~b _ 1(N01) _ PA~b _ 1(N01) _ 1(N01) _ UMUN2# _ SANGA~b# _ 1(N01) _ ZATU678# _ 1(N01) _ ZATU678 _ 1(N01) _ GA~a _ GAL~a _ 1(N01) _ SUG5 _ SANGA~b _ 1(N01) _ NIR~b _ GA~a _ 1(N01) _ BU~a _ SANGA~b _ 1(N01) _ NAM2 _ 1(N01) _ UMBIN~b2 _ 1(N01) _ ISZ~b _ 1(N01) _ 1(N01) _ NIM~b2 _ 4(N01) _ |MAR~bx(LAGAB~b.SZE3)| _ 2(N01) _ TE _ PIRIG~a1 _ 3(N01) _ SZITA~a3 _ 1(N01) _ ZATU693 _ 1(N01) _ ZATU752 _ 1(N01)# _ SANGA~b# _ 1(N01) _ URU~b2 _ 1(N01) _ PAP~a _ UB# _ 1(N01) _ UB# _ 5(N14) _ 4(N01) _ GU4# _ AB2","N14 _ N01 _ USZ~a _ N01 N01 N01 N01 N01 N01 _ RU _ USZ~a _ N01 _ EN~b _ N01 _ |ZATU737xEN~b| _ N01 _ PIRIG~a1 _ EN~b _ N01 _ DUB~d _ N01 _ KASZ~b _ N01 _ PA~b _ N01 _ N01 _ UMUN2 _ SANGA~b _ N01 _ ZATU678 _ N01 _ ZATU678 _ N01 _ GA~a _ GAL~a _ N01 _ SUG5 _ SANGA~b _ N01 _ NIR~b _ GA~a _ N01 _ BU~a _ SANGA~b _ N01 _ NAM2 _ N01 _ UMBIN~b2 _ N01 _ ISZ~b _ N01 _ N01 _ NIM~b2 _ N01 N01 N01 N01 _ |MAR~bx(LAGAB~b.SZE3)| _ N01 N01 _ TE _ PIRIG~a1 _ N01 N01 N01 _ SZITA~a3 _ N01 _ ZATU693 _ N01 _ ZATU752 _ N01 _ SANGA~b _ N01 _ URU~b2 _ N01 _ PAP~a _ UB _ N01 _ UB _ N14 N14 N14 N14 N14 _ N01 N01 N01 N01 _ GU4 _ AB2",90,32,3.3513734925612,3.1434963295276,0.355555555555556,0.344827586206897
"P000959","1(N51) _ IB~b# _ 1(N51) _ SUHUR _ 1(N51) _ |1(N57).SZUBUR| _ 1(N51)# _ TE# _ EN~b# _ 1(N51) _ IB~b _ KUSZU2~a _ KU3~a","N51 _ IB~b _ N51 _ SUHUR _ N51 _ |1(N57).SZUBUR| _ N51 _ TE _ EN~b _ N51 _ IB~b _ KUSZU2~a _ KU3~a",13,8,2.65354429703057,1.94111058877999,0.615384615384615,0
"P000960","1(N01)# _ ZATU668# _ PAP~a _ 1(N01) _ NIR~b# _ 1(N01) _ MASZ# _ ZATU621~b# _ 2(N01) _ DIN _ 1(N01)# _ UB _ 1(N01) _ MASZ _ MUSZ3~b _ 2(N01) _ GURUSZDA# _ BU~a _ 1(N01) _ |1(N58).BAD~b| _ GUKKAL~b _ 1(N01) _ UKKIN~c _ GUKKAL~a _ 1(N01)# _ BU~a# _ 1(N01)# _ ZATU621~a# _ NAM~a# _ 1(N01)# _ ZATU680~d _ 1(N01)# _ SZA# _ SZUBUR# _ 9(N01)# _ ZATU771 _ 2(N01)# _ ZATU768","N01 _ ZATU668 _ PAP~a _ N01 _ NIR~b _ N01 _ MASZ _ ZATU621~b _ N01 N01 _ DIN _ N01 _ UB _ N01 _ MASZ _ MUSZ3~b _ N01 N01 _ GURUSZDA _ BU~a _ N01 _ |1(N58).BAD~b| _ GUKKAL~b _ N01 _ UKKIN~c _ GUKKAL~a _ N01 _ BU~a _ N01 _ ZATU621~a _ NAM~a _ N01 _ ZATU680~d _ N01 _ SZA _ SZUBUR _ N01 N01 N01 N01 N01 N01 N01 N01 N01 _ ZATU771 _ N01 N01 _ ZATU768",49,22,3.03896632020361,2.74185198466677,0.448979591836735,0.407407407407407
"P000961","|ZATU737xEN~a|# _ 4(N01) _ SAG _ 6(N01) _ U8# _ 2(N01)# _ 3(N01)# _ EN~a _ 1(N01) _ NUN~c# _ 2(N14)# _ 1(N01)# _ GISZIMMAR~a1 _ GUKKAL~b#","|ZATU737xEN~a| _ N01 N01 N01 N01 _ SAG _ N01 N01 N01 N01 N01 N01 _ U8 _ N01 N01 _ N01 N01 N01 _ EN~a _ N01 _ NUN~c _ N14 N14 _ N01 _ GISZIMMAR~a1 _ GUKKAL~b",26,9,1.95094478347741,1.94229474772585,0.346153846153846,0.764705882352941
"P000962","7(N01)# _ 1(N24) _ ZATU722# _ 3(N01)# _ 1(N24)# _ 1(N08) _ ZATU722# _ 1(N01) _ 1(N24) _ 1(N08) _ 3(N07~a)# _ ZATU723#","N01 N01 N01 N01 N01 N01 N01 _ N24 _ ZATU722 _ N01 N01 N01 _ N24 _ N08 _ ZATU722 _ N01 _ N24 _ N08 _ N07~a N07~a N07~a _ ZATU723",22,6,2.11563512730379,1.7154588255576,0.272727272727273,0.625
"P000963","1(N14)# _ 3(N01)# _ PAP~a# _ NUN~a _ 3(N34)# _ |SAGxGESZTU~a|# _ 1(N34) _ 3(N14)# _ 2(N51) _ 3(N14)# _ 5(N01)#","N14 _ N01 N01 N01 _ PAP~a _ NUN~a _ N34 N34 N34 _ |SAGxGESZTU~a| _ N34 _ N14 N14 N14 _ N51 N51 _ N14 N14 N14 _ N01 N01 N01 N01 N01",24,7,2.34948398178769,1.68549096134555,0.291666666666667,0.764705882352941
"P000964","1(N34)# _ 2(N14)# _ 1(N14)# _ 5(N01)# _ 2(N14)# _ 9(N01)# _ RAD~a#","N34 _ N14 N14 _ N14 _ N01 N01 N01 N01 N01 _ N14 N14 _ N01 N01 N01 N01 N01 N01 N01 N01 N01 _ RAD~a",21,4,1.30124078548146,1.13490108009017,0.19047619047619,0.882352941176471
"P000965","1(N14) _ NESAG2~a _ 1(N58)@t _ 1(N14) _ NUN~c _ 4(N01) _ SZITA~a3 _ KUSZU2~a _ ZATU701 _ GA2~b# _ DUB~b _ ERIN# _ SZIR~b","N14 _ NESAG2~a _ 1(N58)@t _ N14 _ NUN~c _ N01 N01 N01 N01 _ SZITA~a3 _ KUSZU2~a _ ZATU701 _ GA2~b _ DUB~b _ ERIN _ SZIR~b",16,12,3.375,2.39134378175829,0.75,0.75
"P000967","1(N01)# _ BU~a _ KISAL~b1 _ GURUSZ~b#","N01 _ BU~a _ KISAL~b1 _ GURUSZ~b",4,4,2,1.14624062518029,1,0
"P000968","1(N01) _ 1(N01)# _ 2(N01)#","N01 _ N01 _ N01 N01",4,1,0,0.50708020839343,0.25,1
"P000969","1(N14) _ 5(N01) _ SZITA~a1 _ 1(N01)#","N14 _ N01 N01 N01 N01 N01 _ SZITA~a1 _ N01",8,3,1.06127812445913,1.10412001513432,0.375,0.8
"P000982","2(N14)# _ 3(N01)# _ DUR~a _ UNUG~a# _ DUR~a#","N14 N14 _ N01 N01 N01 _ DUR~a _ UNUG~a _ DUR~a",8,4,1.90563906222957,1.39228049636795,0.5,0.75
"P000983","2(N48)# _ 1(N34)# _ 1(N14)# _ 5(N01)# _ ZATU651# _ 1(N01)# _ IB~a#","N48 N48 _ N34 _ N14 _ N01 N01 N01 N01 N01 _ ZATU651 _ N01 _ IB~a",12,6,2.12581458369391,1.65472714380305,0.5,0.833333333333333
"P000990","3(N01)# _ 3(N01) _ 2(N14) _ 2(N01) _ 2(N01)# _ 1(N14)# _ 1(N14) _ SZITA~b1 _ 1(N34) _ 3(N14)","N01 N01 N01 _ N01 N01 N01 _ N14 N14 _ N01 N01 _ N01 N01 _ N14 _ N14 _ SZITA~b1 _ N34 _ N14 N14 N14",19,4,1.46525565011323,1.39038081218024,0.210526315789474,0.8
"P000995","9(N01)# _ SIG2~b# _ EN~a _ 1(N14) _ 4(N01) _ TUG2~a# _ EN~a# _ 2(N01)# _ 1(N01)# _ 1(N14)#","N01 N01 N01 N01 N01 N01 N01 N01 N01 _ SIG2~b _ EN~a _ N14 _ N01 N01 N01 N01 _ TUG2~a _ EN~a _ N01 N01 _ N01 _ N14",22,5,1.36852252772821,1.55718047167538,0.227272727272727,0.764705882352941
"P000996","5(N51)# _ 1(N26) _ 5(N34)# _ ZATU664 _ 4(N52)# _ 5(N34)# _ 3(N14)#","N51 N51 N51 N51 N51 _ N26 _ N34 N34 N34 N34 N34 _ ZATU664 _ N52 N52 N52 N52 _ N34 N34 N34 N34 N34 _ N14 N14 N14",24,6,2.18563712882641,1.72337576246755,0.25,0.944444444444444
"P000998","1(N01) _ KISAL~a1# _ 1(N01) _ SI4~a _ KU6~a _ 1(N01) _ KISAL~a1 _ UNUG~a _ 1(N01) _ SI4~a _ 1(N01) _ KISAL~a1 _ 1(N01) _ SI4~a _ KASKAL _ 2(N01) _ GI6 _ 1(N01) _ ERIM~a _ 1(N01) _ ZATU623 _ 1(N14) _ ADAB _ |DUG~b&(DUG~bx1(N58))|","N01 _ KISAL~a1 _ N01 _ SI4~a _ KU6~a _ N01 _ KISAL~a1 _ UNUG~a _ N01 _ SI4~a _ N01 _ KISAL~a1 _ N01 _ SI4~a _ KASKAL _ N01 N01 _ GI6 _ N01 _ ERIM~a _ N01 _ ZATU623 _ N14 _ ADAB _ |DUG~b&(DUG~bx1(N58))|",25,12,2.9346939516467,2.31188163398493,0.48,0.0769230769230769
"P000999","GURUSZ~b _ 1(N01)# _ 1(N01)# _ EN~a# _ 1(N01)# _ 1(N01) _ SUKUD _ EN~b","GURUSZ~b _ N01 _ N01 _ EN~a _ N01 _ N01 _ SUKUD _ EN~b",8,5,2,1.45828668180099,0.625,0.666666666666667
"P001002","3(N01)# _ 4(N57)# _ 1(N01)# _ 2(N01)# _ 5(N01)# _ 8(N01)# _ 2(N01)# _ 4(N01)# _ 1(N14)# _ 1(N14)# _ 3(N01)# _ KU6~a# _ KU6~a# _ 1(N14)# _ 2(N01)# _ 3(N01)# _ ERIM~a# _ 4(N01)# _ UMBIN~a# _ 5(N01)# _ GURUSZ~a# _ 9(N01)# _ 1(N01)#","N01 N01 N01 _ N57 N57 N57 N57 _ N01 _ N01 N01 _ N01 N01 N01 N01 N01 _ N01 N01 N01 N01 N01 N01 N01 N01 _ N01 N01 _ N01 N01 N01 N01 _ N14 _ N14 _ N01 N01 N01 _ KU6~a _ KU6~a _ N14 _ N01 N01 _ N01 N01 N01 _ ERIM~a _ N01 N01 N01 N01 _ UMBIN~a _ N01 N01 N01 N01 N01 _ GURUSZ~a _ N01 N01 N01 N01 N01 N01 N01 N01 N01 _ N01",64,7,1.13784761178906,1.51289951131814,0.109375,0.87719298245614
"P001003","1(N34)# _ GA2~b# _ 1(N34) _ ZATU758# _ 1(N34) _ ERIN _ 3(N14)# _ 3(N14)# _ 8(N01)# _ 5(N01)# _ 1(N14)#","N34 _ GA2~b _ N34 _ ZATU758 _ N34 _ ERIN _ N14 N14 N14 _ N14 N14 N14 _ N01 N01 N01 N01 N01 N01 N01 N01 _ N01 N01 N01 N01 N01 _ N14",26,6,1.91151324535644,1.39526804763575,0.230769230769231,0.85
"P001004","2(N02)# _ SUHUR# _ UTUA~a","N02 N02 _ SUHUR _ UTUA~a",4,3,1.5,1.02124062518029,0.75,1
"P001005","4(N34) _ 2(N14) _ 8(N01) _ DUR~a _ BAR _ 2(N34)# _ 3(N34)# _ 3(N14) _ 3(N01) _ BA _ DUB~b","N34 N34 N34 N34 _ N14 N14 _ N01 N01 N01 N01 N01 N01 N01 N01 _ DUR~a _ BAR _ N34 N34 _ N34 N34 N34 _ N14 N14 N14 _ N01 N01 N01 _ BA _ DUB~b",29,7,2.16168053676799,1.60279263416995,0.241379310344828,0.863636363636364
"P001006","2(N01)","N01 N01",2,1,0,0.25,0.5,1
"P001007","6(N34)# _ 1(N14)# _ 2(N14)# _ 4(N01)# _ 1(N14)#","N34 N34 N34 N34 N34 N34 _ N14 _ N14 N14 _ N01 N01 N01 N01 _ N14",14,3,1.55665670746282,1.39197316163485,0.214285714285714,0.909090909090909
"P001008","2(N14)# _ 4(N01)#","N14 N14 _ N01 N01 N01 N01",6,2,0.918295834054489,0.858569963785142,0.333333333333333,1
"P001009","1(N01)# _ 4(N01)# _ U4 _ 1(N26) _ 4(N01)# _ SZA3~c# _ A#","N01 _ N01 N01 N01 N01 _ U4 _ N26 _ N01 N01 N01 N01 _ SZA3~c _ A",13,5,1.50587625560411,1.5202444318436,0.384615384615385,0.875
"P001010","2(N01)# _ 2(N01)# _ |SILA3~axSUHUR|#","N01 N01 _ N01 N01 _ |SILA3~axSUHUR|",5,2,0.721928094887362,0.870049785692216,0.4,1
"P001011","ZATU737# _ AB2#","ZATU737 _ AB2",2,2,1,0.5,1,0
"P001021","2(N01) _ SZAH2~a _ 4(N34) _ 4(N14) _ SUHUR _ 1(N01) _ SI4~a _ 1(N01) _ ZAR~c _ 7(N01) _ ZATU721 _ 5(N34)# _ 1(N01) _ KISIM~c _ 1(N01) _ SIG2~b _ 1(N01)# _ 3(N51) _ 2(N57) _ ZI~b# _ 1(N01) _ TE _ 2(N01)# _ 1(N01) _ SZAH2~a _ 2(N34) _ SUHUR _ 1(N34) _ ZI~b _ 1(N01) _ ZAR~b1 _ 7(N01) _ ZATU721 _ 2(N01) _ TAG~b","N01 N01 _ SZAH2~a _ N34 N34 N34 N34 _ N14 N14 N14 N14 _ SUHUR _ N01 _ SI4~a _ N01 _ ZAR~c _ N01 N01 N01 N01 N01 N01 N01 _ ZATU721 _ N34 N34 N34 N34 N34 _ N01 _ KISIM~c _ N01 _ SIG2~b _ N01 _ N51 N51 N51 _ N57 N57 _ ZI~b _ N01 _ TE _ N01 N01 _ N01 _ SZAH2~a _ N34 N34 _ SUHUR _ N34 _ ZI~b _ N01 _ ZAR~b1 _ N01 N01 N01 N01 N01 N01 N01 _ ZATU721 _ N01 N01 _ TAG~b",64,16,2.86905663549328,2.3156042257781,0.25,0.625
"P001022","1(N01)# _ 1(N01)# _ 1(N01)# _ 1(N01)# _ SZE~a# _ A# _ 1(N01)# _ 1(N01)# _ 1(N01)# _ 1(N01)# _ 1(N01)# _ 1(N01)#","N01 _ N01 _ N01 _ N01 _ SZE~a _ A _ N01 _ N01 _ N01 _ N01 _ N01 _ N01",12,3,0.816689088315021,1.04223121340364,0.25,0.888888888888889
"P001023","1(N01) _ AN _ AB2 _ ZATU621~a","N01 _ AN _ AB2 _ ZATU621~a",4,4,2,1.14624062518029,1,0
"P001024","1(N01) _ GA~a _ AB2 _ UNUG~a _ AN","N01 _ GA~a _ AB2 _ UNUG~a _ AN",5,5,2.32192809488736,1.3813781191217,1,0
"P001025","2(N01) _ GI _ |GIx1(N14)| _ UNUG~a _ GU4 _ AN","N01 N01 _ GI _ |GIx1(N14)| _ UNUG~a _ GU4 _ AN",7,6,2.52164063634332,1.6856011454839,0.857142857142857,1
"P001026","4(N14)# _ KAB _ UTUL~a _ UDU~a# _ 5(N01) _ MUSZ3~a","N14 N14 N14 N14 _ KAB _ UTUL~a _ UDU~a _ N01 N01 N01 N01 N01 _ MUSZ3~a",13,6,2.19200583549211,1.69853100448494,0.461538461538462,1
"P001028","2(N01) _ MAR~a# _ UMBIN~a _ NUN~b","N01 N01 _ MAR~a _ UMBIN~a _ NUN~b",5,4,1.92192809488736,1.2813781191217,0.8,1
"P001029","6(N14)# _ 3(N01) _ 2(N39~b)# _ 2(N01)# _ 2(N39~b)# _ 1(N24)# _ LAM~b@t _ LAM~b@t","N14 N14 N14 N14 N14 N14 _ N01 N01 N01 _ N39~b N39~b _ N01 N01 _ N39~b N39~b _ N24 _ LAM~b@t _ LAM~b@t",18,5,2.1077352526221,1.64310171218644,0.277777777777778,0.846153846153846
"P001030","6(N01)# _ SZAM2 _ KU6~a#","N01 N01 N01 N01 N01 N01 _ SZAM2 _ KU6~a",8,3,1.06127812445913,1.17526662970263,0.375,1
"P001031","1(N01)# _ KISAL~b1# _ NUN~a# _ 1(N01)# _ 1(N01)# _ PA~a# _ 1(N01)# _ SUKKAL# _ 2(N01)# _ BALAG# _ 1(N01) _ |URU~a1xX| _ 1(N01)# _ KISAL~a1#","N01 _ KISAL~b1 _ NUN~a _ N01 _ N01 _ PA~a _ N01 _ SUKKAL _ N01 N01 _ BALAG _ N01 _ |URU~a1xX| _ N01 _ KISAL~a1",15,8,2.30689059560852,1.94767285788548,0.533333333333333,0.285714285714286
"P001032","2(N01)# _ DARA4~b# _ UTUA~a","N01 N01 _ DARA4~b _ UTUA~a",4,3,1.5,1.02124062518029,0.75,1
"P001033","1(N14) _ ZATU694~d _ 1(N14) _ ZATU694~b _ 2(N14)# _ NIM~a# _ 5(N34)# _ GAR3 _ ZATU677~b _ 2(N14)# _ 3(N01)# _ SZE~a# _ 2(N14) _ 3(N01)# _ NIM~a","N14 _ ZATU694~d _ N14 _ ZATU694~b _ N14 N14 _ NIM~a _ N34 N34 N34 N34 N34 _ GAR3 _ ZATU677~b _ N14 N14 _ N01 N01 N01 _ SZE~a _ N14 N14 _ N01 N01 N01 _ NIM~a",26,9,2.65738527665018,1.92595714085376,0.346153846153846,0.647058823529412
"P001034","|1(N58).BAD~b| _ 1(N14) _ 2(N01) _ SUKKAL _ GISZ _ A# _ EN~b _ 3(N01) _ ZAR~c _ NIMGIR#","|1(N58).BAD~b| _ N14 _ N01 N01 _ SUKKAL _ GISZ _ A _ EN~b _ N01 N01 N01 _ ZAR~c _ NIMGIR",13,9,2.80739045087672,1.95986746759062,0.692307692307692,0.75
"P001035","7(N01) _ 1(N14) _ 7(N01) _ 5(N01)# _ 2(N01) _ 2(N01)","N01 N01 N01 N01 N01 N01 N01 _ N14 _ N01 N01 N01 N01 N01 N01 N01 _ N01 N01 N01 N01 N01 _ N01 N01 _ N01 N01",24,2,0.249882292833185,0.795384540269834,0.0833333333333333,0.954545454545455
"P001036","2(N01)# _ SIG2~e _ KAB _ ESZDA","N01 N01 _ SIG2~e _ KAB _ ESZDA",5,4,1.92192809488736,1.2813781191217,0.8,1
"P001037","3(N34) _ 8(N01)# _ UDUNITA~a _ UDUNITA~a _ 7(N34)# _ MASZ# _ MASZ","N34 N34 N34 _ N01 N01 N01 N01 N01 N01 N01 N01 _ UDUNITA~a _ UDUNITA~a _ N34 N34 N34 N34 N34 N34 N34 _ MASZ _ MASZ",22,4,1.67673703005213,1.40334129259565,0.181818181818182,0.944444444444444
"P001040","1(N01)# _ GURUSZ~a# _ 1(N01)# _ 1(N01) _ 1(N01) _ EN~b _ 1(N01) _ ME~b _ UKKIN~a","N01 _ GURUSZ~a _ N01 _ N01 _ N01 _ EN~b _ N01 _ ME~b _ UKKIN~a",9,5,1.87996494872711,1.56800114011073,0.555555555555556,0.5
"P001041","1(N34)# _ 2(N14)# _ UDU~a _ NUN~a _ GURUSZDA","N34 _ N14 N14 _ UDU~a _ NUN~a _ GURUSZDA",6,5,2.25162916738782,1.44989530766152,0.833333333333333,1
"P001042","1(N01) _ 1(N01) _ GI _ TE# _ 1(N01) _ GI# _ 1(N01) _ AN","N01 _ N01 _ GI _ TE _ N01 _ GI _ N01 _ AN",8,4,1.75,1.31938715546746,0.5,0.25
"P001043","1(N36) _ NESAG2~a# _ TE# _ 1(N36) _ GI _ AL _ 3(N36)# _ AN#","N36 _ NESAG2~a _ TE _ N36 _ GI _ AL _ N36 N36 N36 _ AN",10,6,2.16096404744368,1.6302421152967,0.6,0.5
"P001044","1(N01) _ DUB~b _ SAL _ DI _ LAL2~a","N01 _ DUB~b _ SAL _ DI _ LAL2~a",5,5,2.32192809488736,1.3813781191217,1,0
"P001045","5(N01)# _ MA# _ 3(N01) _ GESZTU~a _ 1(N01)# _ 3(N14) _ 2(N01)#","N01 N01 N01 N01 N01 _ MA _ N01 N01 N01 _ GESZTU~a _ N01 _ N14 N14 N14 _ N01 N01",16,4,1.32446029330164,1.52628224186688,0.25,0.75
"P001046","1(N01) _ AB2# _ GA~a# _ 1(N01) _ AB2 _ 1(N01) _ 5(N01)#","N01 _ AB2 _ GA~a _ N01 _ AB2 _ N01 _ N01 N01 N01 N01 N01",11,3,1.09579525500093,1.06711439553296,0.272727272727273,0.625
"P001047","3(N01)# _ UDU~a#","N01 N01 N01 _ UDU~a",4,2,0.811278124459133,0.823120312590145,0.5,1
"P001050","2(N01) _ LAGAR~a _ 1(N01) _ TAG~a1 _ 1(N01) _ DIM~a _ 1(N01) _ ESZDA _ |NUN~a+A| _ 3(N01)# _ DIM~a# _ BA#","N01 N01 _ LAGAR~a _ N01 _ TAG~a1 _ N01 _ DIM~a _ N01 _ ESZDA _ |NUN~a+A| _ N01 N01 N01 _ DIM~a _ BA",15,7,2.17355726227519,1.79271728001068,0.466666666666667,0.375
"P001051","1(N01)# _ 3(N01) _ NUN~b","N01 _ N01 N01 N01 _ NUN~b",5,2,0.721928094887362,0.870049785692216,0.4,1
"P001052","4(N01)# _ 3(N01) _ GAR# _ BA# _ 2(N01)# _ DU8~c# _ SIG2~a3 _ ZATU726~d _ GAR","N01 N01 N01 N01 _ N01 N01 N01 _ GAR _ BA _ N01 N01 _ DU8~c _ SIG2~a3 _ ZATU726~d _ GAR",15,6,1.8716022614098,1.7618191399786,0.4,0.777777777777778
"P001053","1(N48)# _ SZE3#","N48 _ SZE3",2,2,1,0.5,1,0
"P001054","3(N14)# _ 6(N01) _ 2(N14) _ 9(N01) _ 2(N34)# _ 2(N14)# _ 3(N01)#","N14 N14 N14 _ N01 N01 N01 N01 N01 N01 _ N14 N14 _ N01 N01 N01 N01 N01 N01 N01 N01 N01 _ N34 N34 _ N14 N14 _ N01 N01 N01",27,3,1.17303066955736,1.14992569343681,0.111111111111111,0.833333333333333
"P001055","2(N14)# _ 1(N01)#","N14 N14 _ N01",3,2,0.918295834054489,0.694987500240385,0.666666666666667,1
"P001061","1(N51)# _ GAR#","N51 _ GAR",2,2,1,0.5,1,0
"P001071","5(N51)# _ 1(N14)# _ 3(N01)#","N51 N51 N51 N51 N51 _ N14 _ N01 N01 N01",9,3,1.35164411515339,1.25924794124266,0.333333333333333,1
"P001078","2(N01)# _ GIR3~a# _ 3(N01)# _ SANGA~b# _ KUR@g~a#","N01 N01 _ GIR3~a _ N01 N01 N01 _ SANGA~b _ KUR@g~a",8,4,1.5487949406954,1.32818017142939,0.5,0.75
"P001079","2(N01)# _ GAR@g~a _ 1(N39~b) _ 4(N01) _ GAR@g~a# _ 1(N24) _ 3(N01) _ GAR _ 1(N24) _ 1(N01)# _ GAR@g~a# _ 3(N01) _ ZATU726~c _ 3(N01) _ SIG2~a3 _ 3(N01)","N01 N01 _ GAR@g~a _ N39~b _ N01 N01 N01 N01 _ GAR@g~a _ N24 _ N01 N01 N01 _ GAR _ N24 _ N01 _ GAR@g~a _ N01 N01 N01 _ ZATU726~c _ N01 N01 N01 _ SIG2~a3 _ N01 N01 N01",28,7,1.68358669857219,1.7307372003714,0.25,0.571428571428571
"P001080","KUR~b _ 1(N01) _ NINDA2 _ 1(N39~b) _ 1(N14)# _ 1(N24)# _ 1(N26)# _ 2(N14) _ 1(N28) _ GI6# _ 2(N14) _ 1(N28) _ GAR@g~a _ 2(N14)# _ 2(N14)# _ 1(N28) _ SIG2~a2 _ 2(N14) _ DU8~c _ 2(N14) _ ZATU726~d# _ 2(N01)# _ DUG~b _ 2(N01) _ KASZ~b _ MUSZ3~a _ NUN~a# _ 1(N51)# _ 4(N14)# _ 1(N39~b)# _ 1(N26)# _ 1(N28)# _ 1(N24)# _ NUN~a# _ MUSZ3~a# _ 2(N20)# _ 2(N05)# _ 2(N42~b)# _ 1(N25)# _ 1(N28~c)#","KUR~b _ N01 _ NINDA2 _ N39~b _ N14 _ N24 _ N26 _ N14 N14 _ N28 _ GI6 _ N14 N14 _ N28 _ GAR@g~a _ N14 N14 _ N14 N14 _ N28 _ SIG2~a2 _ N14 N14 _ DU8~c _ N14 N14 _ ZATU726~d _ N01 N01 _ DUG~b _ N01 N01 _ KASZ~b _ MUSZ3~a _ NUN~a _ N51 _ N14 N14 N14 N14 _ N39~b _ N26 _ N28 _ N24 _ NUN~a _ MUSZ3~a _ N20 N20 _ N05 N05 _ N42~b N42~b _ N25 _ N28~c",54,23,3.80865585816916,2.83357351301262,0.425925925925926,0.483870967741935
"P001081","2(N14) _ 2(N01)# _ NUN~b# _ 5(N01)# _ 2(N57) _ 1(N14)#","N14 N14 _ N01 N01 _ NUN~b _ N01 N01 N01 N01 N01 _ N57 N57 _ N14",13,4,1.66918033686673,1.38646678301495,0.307692307692308,0.777777777777778
"P001082","1(N01) _ EN~a# _ TUM~a _ AB2# _ RAD~b","N01 _ EN~a _ TUM~a _ AB2 _ RAD~b",5,5,2.32192809488736,1.3813781191217,1,0
"P001083","U8 _ 4(N01)# _ |MAH~axX|# _ ZATU729#","U8 _ N01 N01 N01 N01 _ |MAH~axX| _ ZATU729",7,4,1.66449777920046,1.28748991246424,0.571428571428571,1
"P001084","2(N14) _ 3(N01) _ UDU~a#","N14 N14 _ N01 N01 N01 _ UDU~a",6,3,1.45914791702725,1.13848150814767,0.5,1
"P001085","1(N01) _ KISAL~b1 _ 1(N01)# _ TE# _ 1(N01)# _ 1(N01)#","N01 _ KISAL~b1 _ N01 _ TE _ N01 _ N01",6,3,1.25162916738782,1.04098775802747,0.5,0.333333333333333
"P001087","ESZDA# _ 2(N01)#","ESZDA _ N01 N01",3,2,0.918295834054489,0.597493750120193,0.666666666666667,1
"P001088","1(N01)# _ 1(N01) _ ZATU696 _ 2(N01) _ ZATU635 _ AMA~a# _ 1(N01)# _ SZA3~c# _ 1(N01) _ ZATU635 _ TUG2~a _ UH3~a _ 1(N01)# _ 2(N01)# _ TUG2~a _ SZE~a@t _ 3(N01)# _ 3(N01) _ 4(N01)# _ 6(N01) _ |MAH~axTUG2~a| _ U4 _ 2(N01)# _ TUG2~a# _ 6(N01)# _ U4# _ ZATU697~a _ MAH~a _ 6(N01)# _ SZA3~c","N01 _ N01 _ ZATU696 _ N01 N01 _ ZATU635 _ AMA~a _ N01 _ SZA3~c _ N01 _ ZATU635 _ TUG2~a _ UH3~a _ N01 _ N01 N01 _ TUG2~a _ SZE~a@t _ N01 N01 N01 _ N01 N01 N01 _ N01 N01 N01 N01 _ N01 N01 N01 N01 N01 N01 _ |MAH~axTUG2~a| _ U4 _ N01 N01 _ TUG2~a _ N01 N01 N01 N01 N01 N01 _ U4 _ ZATU697~a _ MAH~a _ N01 N01 N01 N01 N01 N01 _ SZA3~c",55,12,1.83798564011027,1.83334841238017,0.218181818181818,0.697674418604651
"P001089","1(N14)# _ 4(N01)# _ SZUBUR#","N14 _ N01 N01 N01 N01 _ SZUBUR",6,3,1.25162916738782,1.03417907753201,0.5,1
"P001090","3(N01)# _ ZATU693# _ 2(N01)#","N01 N01 N01 _ ZATU693 _ N01 N01",6,2,0.650022421648354,0.89315642205838,0.333333333333333,0.75
"P001091","1(N01) _ 1(N01) _ 1(N01) _ 1(N01) _ 1(N01)# _ 1(N01)# _ 6(N01)# _ 4(N01)","N01 _ N01 _ N01 _ N01 _ N01 _ N01 _ N01 N01 N01 N01 N01 N01 _ N01 N01 N01 N01",16,1,0,0.628310059154982,0.0625,1
"P001093","1(N14) _ 9(N01) _ 2(N14)#","N14 _ N01 N01 N01 N01 N01 N01 N01 N01 N01 _ N14 N14",12,2,0.811278124459133,0.925658016631265,0.166666666666667,0.9
"P001096","1(N14)# _ 2(N01)# _ 1(N14)# _ 2(N01)#","N14 _ N01 N01 _ N14 _ N01 N01",6,2,0.918295834054489,0.726489755391713,0.333333333333333,0.5
"P001097","2(N14)#","N14 N14",2,1,0,0.25,0.5,1
"P001098","4(N01)# _ 3(N57) _ 2(N01)#","N01 N01 N01 N01 _ N57 N57 N57 _ N01 N01",9,2,0.918295834054489,1.07015223784129,0.222222222222222,0.857142857142857
"P001104","1(N14)# _ GI6 _ 1(N14)# _ 1(N14)# _ 2(N14) _ 1(N14)# _ 2(N01)#","N14 _ GI6 _ N14 _ N14 _ N14 N14 _ N14 _ N01 N01",9,3,1.22439444540599,1.15741682340519,0.333333333333333,0.833333333333333
"P001106","7(N01)# _ 1(N01)#","N01 N01 N01 N01 N01 N01 N01 _ N01",8,1,0,0.634341506468835,0.125,1
"P001112","1(N01) _ USZ~a#","N01 _ USZ~a",2,2,1,0.5,1,0
"P001113","2(N01) _ SAL# _ ERIN _ UNUG~a","N01 N01 _ SAL _ ERIN _ UNUG~a",5,4,1.92192809488736,1.2813781191217,0.8,1
"P001123","RAD~b# _ 1(N01)# _ DI#","RAD~b _ N01 _ DI",3,3,1.58496250072116,0.861654166907052,1,0
"P001133","2(N14) _ EN~b _ UDUNITA~a _ U4 _ SU~a _ |UNUG~axA@t|","N14 N14 _ EN~b _ UDUNITA~a _ U4 _ SU~a _ |UNUG~axA@t|",7,6,2.52164063634332,1.6856011454839,0.857142857142857,1
"P001134","2(N34)# _ 1(N01)#","N34 N34 _ N01",3,2,0.918295834054489,0.694987500240385,0.666666666666667,1
"P001135","1(N01)# _ 1(N01) _ SIG2~a3 _ 1(N01) _ DU8~c _ 1(N01) _ 1(N28) _ ZATU726~d# _ 2(N01)# _ 3(N01) _ ZATU720# _ 6(N01) _ 1(N28)#","N01 _ N01 _ SIG2~a3 _ N01 _ DU8~c _ N01 _ N28 _ ZATU726~d _ N01 N01 _ N01 N01 N01 _ ZATU720 _ N01 N01 N01 N01 N01 N01 _ N28",21,6,1.50644318782029,1.47175952951251,0.285714285714286,0.666666666666667
"P001136","3(N01) _ NI~a _ 1(N01) _ DUG~b _ |1(N57).SZUBUR|","N01 N01 N01 _ NI~a _ N01 _ DUG~b _ |1(N57).SZUBUR|",7,4,1.66449777920046,1.40653753151186,0.571428571428571,0.666666666666667
"P001137","1(N01) _ AN _ AB2","N01 _ AN _ AB2",3,3,1.58496250072116,0.861654166907052,1,0
"P001138","2(N07~a) _ BA _ SANGA~a _ UNUG~a _ 3(N07~a)","N07~a N07~a _ BA _ SANGA~a _ UNUG~a _ N07~a N07~a N07~a",8,4,1.5487949406954,1.21304121706685,0.5,0.75
"P001139","3(N14) _ 5(N01) _ EN~b _ 2(N34) _ 1(N01)#","N14 N14 N14 _ N01 N01 N01 N01 N01 _ EN~b _ N34 N34 _ N01",12,4,1.72957395851362,1.48041121622828,0.333333333333333,0.875
"P001140","1(N01) _ NUN~a _ UNUG~a _ DUG~c _ NESAG2~a","N01 _ NUN~a _ UNUG~a _ DUG~c _ NESAG2~a",5,5,2.32192809488736,1.3813781191217,1,0
"P001141","1(N01) _ UMUN2 _ 2(N01) _ |SZE~a.NAM2| _ 1(N01) _ UTUL~a _ GU4 _ NINDA2# _ 1(N01) _ MUSZ3~a# _ 1(N01) _ TE _ 1(N01) _ |1(N58).BAD~a| _ 1(N01) _ |USZ~a&USZ~a|# _ 1(N01)","N01 _ UMUN2 _ N01 N01 _ |SZE~a.NAM2| _ N01 _ UTUL~a _ GU4 _ NINDA2 _ N01 _ MUSZ3~a _ N01 _ TE _ N01 _ |1(N58).BAD~a| _ N01 _ |USZ~a&USZ~a| _ N01",18,10,2.58496250072116,2.22113780846111,0.555555555555556,0.125
"P001143","7(N01)#","N01 N01 N01 N01 N01 N01 N01",7,1,0,0.624876355033059,0.142857142857143,1
"P001149","1(N01)# _ SANGA~a#","N01 _ SANGA~a",2,2,1,0.5,1,0
"P001150","2(N14)# _ 3(N01)# _ DUG~a# _ 1(N01)# _ 2(N01)# _ 2(N01)# _ ZATU758# _ 5(N01)# _ ZATU697~a#","N14 N14 _ N01 N01 N01 _ DUG~a _ N01 _ N01 N01 _ N01 N01 _ ZATU758 _ N01 N01 N01 N01 N01 _ ZATU697~a",18,5,1.38627409389597,1.41106222480562,0.277777777777778,0.846153846153846
"P001151","5(N14) _ BAN~a _ 1(N01)#","N14 N14 N14 N14 N14 _ BAN~a _ N01",7,3,1.14883485428092,1.17832413863755,0.428571428571429,1
"P001156","2(N01)# _ NUN~a# _ 2(N01)# _ NUN~a _ ZATU693 _ 1(N01) _ SAL# _ NUN~a# _ 1(N01) _ NUN~a _ 2(N01) _ SAL# _ GURUSZ~a _ 2(N01) _ SIG7 _ 1(N01)# _ SAL _ ZAG~c# _ UNUG~a _ 4(N01) _ U8 _ 2(N01) _ NUN~a _ 2(N01) _ NUN~a _ ZATU693 _ ZATU651 _ 3(N01) _ UTUA~a _ KU3~a _ 2(N14)# _ 2(N01)# _ NUN~c#","N01 N01 _ NUN~a _ N01 N01 _ NUN~a _ ZATU693 _ N01 _ SAL _ NUN~a _ N01 _ NUN~a _ N01 N01 _ SAL _ GURUSZ~a _ N01 N01 _ SIG7 _ N01 _ SAL _ ZAG~c _ UNUG~a _ N01 N01 N01 N01 _ U8 _ N01 N01 _ NUN~a _ N01 N01 _ NUN~a _ ZATU693 _ ZATU651 _ N01 N01 N01 _ UTUA~a _ KU3~a _ N14 N14 _ N01 N01 _ NUN~c",46,14,2.6039149446701,2.25689688881336,0.304347826086957,0.40625
"P001157","2(N14)# _ 7(N01)# _ UDUNITA~a# _ 1(N14) _ 2(N01) _ UTUA~a# _ DI","N14 N14 _ N01 N01 N01 N01 N01 N01 N01 _ UDUNITA~a _ N14 _ N01 N01 _ UTUA~a _ DI",15,5,1.6879430945989,1.51588128435266,0.333333333333333,0.8
"P001158","1(N14) _ U4 _ |DUG~bxHI@g~a| _ 1(N14) _ 4(N01) _ U4 _ KASZ~b# _ 1(N14) _ 6(N01) _ |DUG~bxHI@g~a| _ MUSZEN _ KASZ~b# _ MUSZEN _ 1(N14) _ GI4~b _ |DUG~bxHI@g~a| _ 1(N14) _ GI4~b# _ KASZ~b _ |BU~a+DU6~a| _ 3(N14) _ 6(N01) _ |DUG~bxHI@g~a| _ 3(N14) _ 4(N01) _ KASZ~b","N14 _ U4 _ |DUG~bxHI@g~a| _ N14 _ N01 N01 N01 N01 _ U4 _ KASZ~b _ N14 _ N01 N01 N01 N01 N01 N01 _ |DUG~bxHI@g~a| _ MUSZEN _ KASZ~b _ MUSZEN _ N14 _ GI4~b _ |DUG~bxHI@g~a| _ N14 _ GI4~b _ KASZ~b _ |BU~a+DU6~a| _ N14 N14 N14 _ N01 N01 N01 N01 N01 N01 _ |DUG~bxHI@g~a| _ N14 N14 N14 _ N01 N01 N01 N01 _ KASZ~b",46,8,2.3389465277362,1.67940294956777,0.173913043478261,0.526315789473684
"P001159","1(N34)# _ 1(N14) _ 1(N01) _ UDU~a _ 1(N34) _ 1(N14) _ 2(N01)# _ UDU~a _ ZATU705 _ 1(N34) _ UDU~a# _ KAB# _ 3(N14)# _ 4(N34) _ 4(N14) _ 5(N01)#","N34 _ N14 _ N01 _ UDU~a _ N34 _ N14 _ N01 N01 _ UDU~a _ ZATU705 _ N34 _ UDU~a _ KAB _ N14 N14 N14 _ N34 N34 N34 N34 _ N14 N14 N14 N14 _ N01 N01 N01 N01 N01",29,6,2.20502592721214,1.62072208808943,0.206896551724138,0.565217391304348
"P001160","3(N01) _ DUG~c _ AN# _ 2(N14) _ 1(N01) _ BAR _ DUG~c _ 1(N34) _ SUHUR _ 4(N14) _ 9(N01) _ DUG~c _ U4 _ ZATU755~a","N01 N01 N01 _ DUG~c _ AN _ N14 N14 _ N01 _ BAR _ DUG~c _ N34 _ SUHUR _ N14 N14 N14 N14 _ N01 N01 N01 N01 N01 N01 N01 N01 N01 _ DUG~c _ U4 _ ZATU755~a",28,9,2.36555567768887,1.75998266803064,0.321428571428571,0.736842105263158
"P001161","3(N01)# _ SANGA~b _ 2(N01) _ GURUSZDA _ MASZ _ ZATU672 _ A _ 3(N01)# _ UTUA~a@t _ 1(N01) _ UD5~a _ GUM~a# _ SZUBUR _ IB~a#","N01 N01 N01 _ SANGA~b _ N01 N01 _ GURUSZDA _ MASZ _ ZATU672 _ A _ N01 N01 N01 _ UTUA~a@t _ N01 _ UD5~a _ GUM~a _ SZUBUR _ IB~a",19,11,2.74638409170775,2.30706986266873,0.578947368421053,0.625
"P001162","3(N01) _ KU6~a _ 2(N01)# _ UDU~a","N01 N01 N01 _ KU6~a _ N01 N01 _ UDU~a",7,3,1.14883485428092,1.1666133506297,0.428571428571429,0.75
"P001163","1(N01) _ DIN# _ NIR~b _ |1(N58).BAD~a|","N01 _ DIN _ NIR~b _ |1(N58).BAD~a|",4,4,2,1.14624062518029,1,0
"P001164","1(N14) _ 6(N01) _ BU~a _ 1(N14)# _ 1(N01)# _ 1(N14) _ 2(N14)# _ 1(N14)#","N14 _ N01 N01 N01 N01 N01 N01 _ BU~a _ N14 _ N01 _ N14 _ N14 N14 _ N14",14,3,1.29583638929116,1.26299440785937,0.214285714285714,0.727272727272727
"P001165","AL# _ SUHUR# _ SI4~a _ AB~a#","AL _ SUHUR _ SI4~a _ AB~a",4,4,2,1.14624062518029,1,0
"P001166","2(N14) _ AL#","N14 N14 _ AL",3,2,0.918295834054489,0.694987500240385,0.666666666666667,1
"P001167","GIBIL# _ 1(N34) _ 5(N01)#","GIBIL _ N34 _ N01 N01 N01 N01 N01",7,3,1.14883485428092,0.946324308612304,0.428571428571429,1
"P001168","3(N01)# _ UKKIN~a# _ 2(N14)#","N01 N01 N01 _ UKKIN~a _ N14 N14",6,3,1.45914791702725,1.15114843260142,0.5,1
"P001169","NUNUZ~a2 _ BAR","NUNUZ~a2 _ BAR",2,2,1,0.5,1,0
"P001170","1(N01) _ EZEN~a _ EN~a _ 1(N01) _ USZ~a _ GI4~b#","N01 _ EZEN~a _ EN~a _ N01 _ USZ~a _ GI4~b",6,5,2.25162916738782,1.41530884938828,0.833333333333333,0
"P001172","1(N01)# _ SAG _ 2(N01)#","N01 _ SAG _ N01 N01",4,2,0.811278124459133,0.698120312590145,0.5,0.5
"P001174","2(N01) _ 1(N34)#","N01 N01 _ N34",3,2,0.918295834054489,0.694987500240385,0.666666666666667,1
"P001176","4(N02)# _ 1(N02) _ 1(N02) _ 1(N02) _ 1(N02) _ TUR3~a# _ 1(N01)# _ 1(N02) _ 1(N02)# _ 1(N02)#","N02 N02 N02 N02 _ N02 _ N02 _ N02 _ N02 _ TUR3~a _ N01 _ N02 _ N02 _ N02",13,3,0.773228348524918,1.19051157015774,0.230769230769231,0.9
"P001177","1(N01)# _ NUN~b# _ 1(N01) _ GUKKAL~a# _ 1(N01) _ UTUA~b _ BA _ 1(N01) _ GUKKAL~a _ 3(N01) _ UD5~c _ GA~a _ 1(N01)# _ SZU# _ 1(N14) _ 3(N01)","N01 _ NUN~b _ N01 _ GUKKAL~a _ N01 _ UTUA~b _ BA _ N01 _ GUKKAL~a _ N01 N01 N01 _ UD5~c _ GA~a _ N01 _ SZU _ N14 _ N01 N01 N01",20,9,2.31924070463685,1.97518447048627,0.45,0.363636363636364
"P001178","1(N34) _ 1(N14) _ NAM~a# _ PAP~a# _ LAL2~a","N34 _ N14 _ NAM~a _ PAP~a _ LAL2~a",5,5,2.32192809488736,1.3813781191217,1,0
"P001179","1(N01)# _ 2(N01) _ IR~c _ PAP~a _ 1(N01) _ NIM~a _ 1(N01) _ KAB _ 2(N01) _ UD5~a _ 2(N01)# _ 1(N01) _ MUSZ3~a _ 1(N01) _ |MAH~bxSAL| _ 1(N01) _ AB2 _ SANGA~a _ 1(N01) _ LAGAR~a _ PA~a _ 1(N01)# _ IB~a _ MU _ 1(N01) _ UMUN2# _ LAM~b _ 1(N01)# _ NUN~a _ 1(N01) _ AB~a _ 2(N14)# _ 2(N01)# _ UDU~a","N01 _ N01 N01 _ IR~c _ PAP~a _ N01 _ NIM~a _ N01 _ KAB _ N01 N01 _ UD5~a _ N01 N01 _ N01 _ MUSZ3~a _ N01 _ |MAH~bxSAL| _ N01 _ AB2 _ SANGA~a _ N01 _ LAGAR~a _ PA~a _ N01 _ IB~a _ MU _ N01 _ UMUN2 _ LAM~b _ N01 _ NUN~a _ N01 _ AB~a _ N14 N14 _ N01 N01 _ UDU~a",39,20,3.16461702000512,2.91632297597166,0.512820512820513,0.368421052631579
"P001180","ZATU720 _ 1(N01) _ KU6~a _ UTUA~a# _ 1(N01) _ |MAH~axUDU~a| _ 1(N01) _ GUKKAL~d _ NIMGIR","ZATU720 _ N01 _ KU6~a _ UTUA~a _ N01 _ |MAH~axUDU~a| _ N01 _ GUKKAL~d _ NIMGIR",9,7,2.64160416786859,1.76716572348412,0.777777777777778,0
"P001181","1(N01) _ MASZ _ ZATU625 _ 1(N01) _ 1(N01) _ |2(N57).AB2|","N01 _ MASZ _ ZATU625 _ N01 _ N01 _ |2(N57).AB2|",6,4,1.79248125036058,1.221814841481,0.666666666666667,0.5
"P001182","3(N01) _ NESAG2~a _ LAL2~a _ MUSZ3~a# _ UTUA~a _ DUB~b _ ZATU659 _ ZATU659","N01 N01 N01 _ NESAG2~a _ LAL2~a _ MUSZ3~a _ UTUA~a _ DUB~b _ ZATU659 _ ZATU659",10,7,2.64643934467102,1.88376158169127,0.7,1
"P001183","ADAB _ |URU~a2x1(N58)| _ RAD~b","ADAB _ |URU~a2x1(N58)| _ RAD~b",3,3,1.58496250072116,0.861654166907052,1,0
"P001184","3(N34) _ PAD~a _ UDU~a","N34 N34 N34 _ PAD~a _ UDU~a",5,3,1.37095059445467,1.12288186904959,0.6,1
"P001185","6(N01)# _ HASZHUR","N01 N01 N01 N01 N01 N01 _ HASZHUR",7,2,0.591672778582327,0.91459043394586,0.285714285714286,1
"P001186","1(N14) _ 4(N01) _ GUKKAL~a _ AN","N14 _ N01 N01 N01 N01 _ GUKKAL~a _ AN",7,4,1.66449777920046,1.28748991246424,0.571428571428571,1
"P001188","1(N08) _ 1(N39~b) _ 1(N01)# _ GAR# _ 1(N01) _ NUN~b _ UMBIN~a _ 1(N01) _ |MAH~axX|# _ 1(N01)#","N08 _ N39~b _ N01 _ GAR _ N01 _ NUN~b _ UMBIN~a _ N01 _ |MAH~axX| _ N01",10,7,2.52192809488736,1.74691330198296,0.7,0
"P001189","2(N01)# _ ZATU662# _ 4(N01)# _ ZATU644~a# _ 1(N01)# _ ZATU753 _ 3(N01)# _ ME~a _ 1(N01)# _ SZU2","N01 N01 _ ZATU662 _ N01 N01 N01 N01 _ ZATU644~a _ N01 _ ZATU753 _ N01 N01 N01 _ ME~a _ N01 _ SZU2",16,6,1.62164076218686,1.71054330664959,0.375,0.6
"P001190","4(N01)# _ NUN~a# _ EN~b# _ 4(N01)# _ 4(N01)# _ EN~b# _ NUN~a# _ 2(N01)# _ 2(N14) _ 5(N01)#","N01 N01 N01 N01 _ NUN~a _ EN~b _ N01 N01 N01 N01 _ N01 N01 N01 N01 _ EN~b _ NUN~a _ N01 N01 _ N14 N14 _ N01 N01 N01 N01 N01",25,4,1.1754312795576,1.38140811868021,0.16,0.761904761904762
"P001195","ZATU697~a# _ NUN~a _ ZATU697~a# _ KU6~a _ 1(N24) _ KU6~a#","ZATU697~a _ NUN~a _ ZATU697~a _ KU6~a _ N24 _ KU6~a",6,4,1.91829583405449,1.23448176593475,0.666666666666667,0
"P001199","2(N01)# _ KAB _ 9(N01) _ GURUSZ~a _ 2(N01)#","N01 N01 _ KAB _ N01 N01 N01 N01 N01 N01 N01 N01 N01 _ GURUSZ~a _ N01 N01",15,3,0.699842839886239,1.13481290446575,0.2,0.833333333333333
"P001201","2(N01) _ GURUSZDA# _ |EZEN~axKAB|","N01 N01 _ GURUSZDA _ |EZEN~axKAB|",4,3,1.5,1.02124062518029,0.75,1
"P001203","2(N01) _ ZATU639 _ UNUG~a _ ERIM~a _ GU4 _ LAGAR~a# _ MASZ# _ PA~a","N01 N01 _ ZATU639 _ UNUG~a _ ERIM~a _ GU4 _ LAGAR~a _ MASZ _ PA~a",9,8,2.94770277922009,1.99657033553662,0.888888888888889,1
"P001204","2(N01) _ MASZ _ SAL _ NAM2 _ DI _ GURUSZDA _ UNUG~a","N01 N01 _ MASZ _ SAL _ NAM2 _ DI _ GURUSZDA _ UNUG~a",8,7,2.75,1.84990100229841,0.875,1
"P001205","3(N01)# _ GU4 _ AB2 _ |GIxSIG2~d1|# _ NESAG2~a#","N01 N01 N01 _ GU4 _ AB2 _ |GIxSIG2~d1| _ NESAG2~a",7,5,2.12808527889139,1.57238953828953,0.714285714285714,1
"P001206","1(N01) _ TUM~d _ 1(N01) _ EN@g~b _ DIM~a _ KUR~a _ LAL2~a _ DUB~b","N01 _ TUM~d _ N01 _ EN@g~b _ DIM~a _ KUR~a _ LAL2~a _ DUB~b",8,7,2.75,1.81334084600334,0.875,0
"P001207","8(N01)# _ 1(N01) _ EN~a _ SZUBUR#","N01 N01 N01 N01 N01 N01 N01 N01 _ N01 _ EN~a _ SZUBUR",11,3,0.865856617457224,1.1434418088596,0.272727272727273,1
"P001208","NUN~a# _ 1(N01)# _ DIN# _ MUSZ3~a# _ ZATU659","NUN~a _ N01 _ DIN _ MUSZ3~a _ ZATU659",5,5,2.32192809488736,1.3813781191217,1,0
"P001209","1(N01) _ 1(N08) _ ZATU693 _ 2(N01)# _ SZITA~a1 _ 1(N01) _ AB~a","N01 _ N08 _ ZATU693 _ N01 N01 _ SZITA~a1 _ N01 _ AB~a",8,5,2,1.46682081373935,0.625,0.333333333333333
"P001210","2(N01)# _ DUG~b# _ TUR3~a","N01 N01 _ DUG~b _ TUR3~a",4,3,1.5,1.02124062518029,0.75,1
"P001211","1(N01)# _ NESAG2~a# _ UTUA~a","N01 _ NESAG2~a _ UTUA~a",3,3,1.58496250072116,0.861654166907052,1,0
"P001212","1(N34) _ |SZITA~b1xHI@g~a|#","N34 _ |SZITA~b1xHI@g~a|",2,2,1,0.5,1,0
"P001214","1(N34)# _ 3(N14)# _ 1(N14) _ ZATU644~a _ 2(N01)# _ SZU2# _ 2(N01) _ NU@g _ 1(N14) _ ME~a# _ 1(N14)#","N34 _ N14 N14 N14 _ N14 _ ZATU644~a _ N01 N01 _ SZU2 _ N01 N01 _ NU@g _ N14 _ ME~a _ N14",15,7,2.33957226198672,1.84769080950844,0.466666666666667,0.625
"P001217","UNUG~a# _ DUB~b _ |GU4.ZATU755~a|# _ URUDU~d","UNUG~a _ DUB~b _ |GU4.ZATU755~a| _ URUDU~d",4,4,2,1.14624062518029,1,0
"P001218","4(N01)# _ ZATU642 _ 3(N14)# _ 7(N01) _ ZATU708 _ EN~a _ |DUG~bxX|# _ ZATU720 _ UMBIN~a _ 1(N14) _ 4(N01)# _ 1(N14) _ 4(N01) _ 1(N14) _ 2(N01)#","N01 N01 N01 N01 _ ZATU642 _ N14 N14 N14 _ N01 N01 N01 N01 N01 N01 N01 _ ZATU708 _ EN~a _ |DUG~bxX| _ ZATU720 _ UMBIN~a _ N14 _ N01 N01 N01 N01 _ N14 _ N01 N01 N01 N01 _ N14 _ N01 N01",33,8,1.77928985018631,1.62793036596089,0.242424242424242,0.72
"P001219","3(N14)# _ 2(N01)# _ UD5~c _ 6(N34) _ ZATU752 _ 2(N34)# _ 2(N34) _ 9(N01)# _ MASZ _ SANGA~a# _ 4(N34) _ 1(N14) _ 1(N01)#","N14 N14 N14 _ N01 N01 _ UD5~c _ N34 N34 N34 N34 N34 N34 _ ZATU752 _ N34 N34 _ N34 N34 _ N01 N01 N01 N01 N01 N01 N01 N01 N01 _ MASZ _ SANGA~a _ N34 N34 N34 N34 _ N14 _ N01",34,7,2.01915346132504,1.68579558718219,0.205882352941176,0.814814814814815
"P001220","1(N25)# _ ZATU621~b _ 1(N42~a) _ SZA# _ 1(N01)# _ U4 _ EN~b# _ 1(N34) _ 8(N14)# _ 4(N01) _ 3(N39~b)# _ SZA _ 1(N34)#","N25 _ ZATU621~b _ N42~a _ SZA _ N01 _ U4 _ EN~b _ N34 _ N14 N14 N14 N14 N14 N14 N14 N14 _ N01 N01 N01 N01 _ N39~b N39~b N39~b _ SZA _ N34",25,10,2.86927507071071,1.93510249866626,0.4,0.8
"P001221","6(N01) _ UMBIN~a# _ GUKKAL~a _ 6(N01)# _ 2(N01) _ ZATU720 _ UTUA~a _ ZATU720 _ 1(N01)","N01 N01 N01 N01 N01 N01 _ UMBIN~a _ GUKKAL~a _ N01 N01 N01 N01 N01 N01 _ N01 N01 _ ZATU720 _ UTUA~a _ ZATU720 _ N01",20,5,1.29176014818097,1.44788890380415,0.25,0.8
"P001222","1(N14)# _ 4(N01)# _ 6(N01)# _ UDUNITA~c# _ 1(N34) _ 3(N14) _ 2(N34)# _ 5(N14)# _ 1(N14) _ 3(N01) _ ZATU675~b _ 5(N01) _ 4(N01) _ U8 _ NESAG2~a _ 1(N34)# _ 1(N14) _ 4(N01)# _ EN~a# _ UDUNITA~c","N14 _ N01 N01 N01 N01 _ N01 N01 N01 N01 N01 N01 _ UDUNITA~c _ N34 _ N14 N14 N14 _ N34 N34 _ N14 N14 N14 N14 N14 _ N14 _ N01 N01 N01 _ ZATU675~b _ N01 N01 N01 N01 N01 _ N01 N01 N01 N01 _ U8 _ NESAG2~a _ N34 _ N14 _ N01 N01 N01 N01 _ EN~a _ UDUNITA~c",47,8,1.93192543728022,1.68727850449027,0.170212765957447,0.769230769230769
"P001223","|GUKKAL~a.HI@g~a|# _ 4(N01)","|GUKKAL~a.HI@g~a| _ N01 N01 N01 N01",5,2,0.721928094887362,0.724022392894185,0.4,1
"P001224","3(N01)# _ ERIN# _ 1(N01) _ UDU~a _ 1(N01)# _ ZATU693# _ 1(N01) _ ZATU735~b","N01 N01 N01 _ ERIN _ N01 _ UDU~a _ N01 _ ZATU693 _ N01 _ ZATU735~b",10,5,1.77095059445467,1.63489758551627,0.5,0.4
"P001226","2(N34) _ 3(N14) _ 5(N01) _ HASZHUR# _ 2(N14)# _ 5(N01)# _ 5(N01) _ EN~a# _ NUN~a _ DIN _ 1(N14)# _ 5(N01) _ ZATU631 _ PA~a _ ZATU631# _ HASZHUR _ 1(N01)#","N34 N34 _ N14 N14 N14 _ N01 N01 N01 N01 N01 _ HASZHUR _ N14 N14 _ N01 N01 N01 N01 N01 _ N01 N01 N01 N01 N01 _ EN~a _ NUN~a _ DIN _ N14 _ N01 N01 N01 N01 N01 _ ZATU631 _ PA~a _ ZATU631 _ HASZHUR _ N01",37,9,2.13517117961055,1.77787389680762,0.243243243243243,0.75
"P001227","1(N14) _ 1(N01) _ 3(N07~b) _ EN~b# _ NUN~a _ 2(N01) _ 1(N24) _ 1(N08) _ 2(N07~b) _ NESAG2~a _ 1(N14) _ 4(N01) _ 1(N07~b) _ ZATU724","N14 _ N01 _ N07~b N07~b N07~b _ EN~b _ NUN~a _ N01 N01 _ N24 _ N08 _ N07~b N07~b _ NESAG2~a _ N14 _ N01 N01 N01 N01 _ N07~b _ ZATU724",21,9,2.6227336390297,1.91497517082676,0.428571428571429,0.583333333333333
"P001228","1(N14)# _ 5(N01)# _ GESZTU~b _ 1(N14)# _ 4(N01)# _ 1(N14) _ 4(N01) _ UKKIN~a# _ 1(N14) _ 1(N14)# _ TE# _ 2(N14) _ NAM2 _ 6(N01)# _ SZITA~a1 _ 6(N01) _ 5(N01)# _ 1(N01)# _ 2(N14) _ AB~a# _ 5(N01) _ MUSZ3~a _ 3(N01) _ EN~a# _ 1(N01)# _ ZATU630# _ 4(N14) _ ZATU693 _ 1(N14) _ 3(N01) _ NIR~b _ 1(N14) _ KU6~a _ 6(N01) _ APIN~a _ DA~a _ 1(N34) _ 4(N14)# _ 5(N34) _ ZATU758 _ KU6~a#","N14 _ N01 N01 N01 N01 N01 _ GESZTU~b _ N14 _ N01 N01 N01 N01 _ N14 _ N01 N01 N01 N01 _ UKKIN~a _ N14 _ N14 _ TE _ N14 N14 _ NAM2 _ N01 N01 N01 N01 N01 N01 _ SZITA~a1 _ N01 N01 N01 N01 N01 N01 _ N01 N01 N01 N01 N01 _ N01 _ N14 N14 _ AB~a _ N01 N01 N01 N01 N01 _ MUSZ3~a _ N01 N01 N01 _ EN~a _ N01 _ ZATU630 _ N14 N14 N14 N14 _ ZATU693 _ N14 _ N01 N01 N01 _ NIR~b _ N14 _ KU6~a _ N01 N01 N01 N01 N01 N01 _ APIN~a _ DA~a _ N34 _ N14 N14 N14 N14 _ N34 N34 N34 N34 N34 _ ZATU758 _ KU6~a",90,18,2.34361776164745,2.29143508247821,0.2,0.722222222222222
"P001229","3(N14)# _ 1(N48) _ 1(N48) _ 1(N34)","N14 N14 N14 _ N48 _ N48 _ N34",6,3,1.45914791702725,1.1730679664209,0.5,1
"P001230","2(N01) _ NI~a _ 1(N14) _ 4(N01)# _ DUG~b _ 8(N01) _ SZU2 _ 5(N01) _ 1(N57) _ 3(N34) _ 1(N14) _ SZE3 _ 1(N18) _ 4(N03) _ 5(N52)# _ 1(N38)# _ UDU~a _ UD5~a","N01 N01 _ NI~a _ N14 _ N01 N01 N01 N01 _ DUG~b _ N01 N01 N01 N01 N01 N01 N01 N01 _ SZU2 _ N01 N01 N01 N01 N01 _ N57 _ N34 N34 N34 _ N14 _ SZE3 _ N18 _ N03 N03 N03 N03 _ N52 N52 N52 N52 N52 _ N38 _ UDU~a _ UD5~a",42,14,2.84290907201618,2.322916930794,0.333333333333333,0.857142857142857
"P001231","5(N02)# _ 5(N01)# _ TE# _ 3(N01) _ SZITA~a1 _ 1(N01) _ 1(N02) _ ISZ~b _ 5(N01)# _ NUN~a# _ 5(N01) _ DI _ 6(N01)# _ TE# _ 2(N01)# _ GAL~a _ 1(N01) _ |SILA3~axSZE~a@t|# _ 2(N01)# _ 1(N02)# _ NUN~a# _ 1(N02) _ ADAB _ DA~b _ UB# _ 1(N02)# _ GA~a# _ 1(N01) _ AN _ MUSZ3~a#","N02 N02 N02 N02 N02 _ N01 N01 N01 N01 N01 _ TE _ N01 N01 N01 _ SZITA~a1 _ N01 _ N02 _ ISZ~b _ N01 N01 N01 N01 N01 _ NUN~a _ N01 N01 N01 N01 N01 _ DI _ N01 N01 N01 N01 N01 N01 _ TE _ N01 N01 _ GAL~a _ N01 _ |SILA3~axSZE~a@t| _ N01 N01 _ N02 _ NUN~a _ N02 _ ADAB _ DA~b _ UB _ N02 _ GA~a _ N01 _ AN _ MUSZ3~a",55,15,2.39755224743422,2.33507576452398,0.272727272727273,0.625
"P001232","1(N14) _ 3(N01)#","N14 _ N01 N01 N01",4,2,0.811278124459133,0.698120312590145,0.5,1
"P001234","1(N20) _ 6(N01)# _ UDU~a _ 1(N38) _ 3(N01) _ SZU2 _ SZAB~a _ |U4.SZU2| _ |NUN~a+EN~a| _ 1(N05)","N20 _ N01 N01 N01 N01 N01 N01 _ UDU~a _ N38 _ N01 N01 N01 _ SZU2 _ SZAB~a _ |U4.SZU2| _ |NUN~a+EN~a| _ N05",17,9,2.40926725225147,2.0443024584792,0.529411764705882,0.875
"P001235","2(N14) _ 8(N01) _ UTUA~a _ 1(N14) _ 4(N01) _ U8# _ 3(N34)# _ 2(N14) _ 3(N01) _ 2(N34) _ 4(N14) _ 1(N01) _ UD5~a _ U2~b _ 1(N34)# _ 5(N01)# _ GA2~b# _ UTUA~b# _ 1(N34)# _ 1(N14) _ 4(N01) _ U8# _ GI6# _ 7(N01) _ U8 _ 1(N14) _ UDUNITA~a# _ 5(N01) _ UD5~b","N14 N14 _ N01 N01 N01 N01 N01 N01 N01 N01 _ UTUA~a _ N14 _ N01 N01 N01 N01 _ U8 _ N34 N34 N34 _ N14 N14 _ N01 N01 N01 _ N34 N34 _ N14 N14 N14 N14 _ N01 _ UD5~a _ U2~b _ N34 _ N01 N01 N01 N01 N01 _ GA2~b _ UTUA~b _ N34 _ N14 _ N01 N01 N01 N01 _ U8 _ GI6 _ N01 N01 N01 N01 N01 N01 N01 _ U8 _ N14 _ UDUNITA~a _ N01 N01 N01 N01 N01 _ UD5~b",66,12,2.17757753920924,1.95988457981955,0.181818181818182,0.685185185185185
"P001236","2(N01) _ MAR~a _ SZIM~b _ 1(N01) _ |1(N58).BAD~a|# _ 1(N01) _ UB _ |1(N58).BAD~a| _ 1(N01) _ DI _ 1(N01) _ NAM2 _ 1(N01)# _ 1(N01) _ ZATU689# _ 1(N01) _ 1(N01) _ BIR~a# _ 1(N01) _ KISAL~b1 _ GUKKAL~a# _ KU6~a# _ SU~b _ 1(N14) _ 1(N01) _ BA _ GUKKAL~a _ KU6~a _ SU~a#","N01 N01 _ MAR~a _ SZIM~b _ N01 _ |1(N58).BAD~a| _ N01 _ UB _ |1(N58).BAD~a| _ N01 _ DI _ N01 _ NAM2 _ N01 _ N01 _ ZATU689 _ N01 _ N01 _ BIR~a _ N01 _ KISAL~b1 _ GUKKAL~a _ KU6~a _ SU~b _ N14 _ N01 _ BA _ GUKKAL~a _ KU6~a _ SU~a",30,16,3.27290559532006,2.65436666250738,0.533333333333333,0.214285714285714
"P001237","1(N01) _ 1(N01)# _ |1(N58).BAD~a|# _ 1(N01) _ SAL _ SANGA~a _ 1(N01) _ SAL _ 1(N01)# _ SAL# _ GA~a# _ 1(N01)# _ SAL# _ TE# _ 1(N01) _ SAL# _ |1(N58).BAD~a|#","N01 _ N01 _ |1(N58).BAD~a| _ N01 _ SAL _ SANGA~a _ N01 _ SAL _ N01 _ SAL _ GA~a _ N01 _ SAL _ TE _ N01 _ SAL _ |1(N58).BAD~a|",17,6,2.13092608073034,1.6943097629867,0.352941176470588,0.0909090909090909
"P001238","2(N01) _ AN _ MUSZ3~a _ KASKAL# _ KUR~a# _ DUB~b _ NAGA~a _ A _ IB~a _ NUN~c#","N01 N01 _ AN _ MUSZ3~a _ KASKAL _ KUR~a _ DUB~b _ NAGA~a _ A _ IB~a _ NUN~c",11,10,3.27761343681912,2.2500447939413,0.909090909090909,1
"P001239","1(N14) _ 4(N01) _ |DUG~bx1(N57)| _ 1(N14) _ 4(N01) _ |DUG~bxHI| _ SU~a# _ EN~b# _ UNUG~a# _ 2(N14) _ 8(N01)#","N14 _ N01 N01 N01 N01 _ |DUG~bx1(N57)| _ N14 _ N01 N01 N01 N01 _ |DUG~bxHI| _ SU~a _ EN~b _ UNUG~a _ N14 N14 _ N01 N01 N01 N01 N01 N01 N01 N01",25,7,1.76385618977472,1.5153124107184,0.28,0.777777777777778
"P001240","5(N34) _ 5(N01)# _ SZU2 _ 1(N14)# _ ZATU644~a _ 1(N14) _ ZATU753 _ 1(N14) _ ME~a _ NESAG2~a _ 1(N01) _ |ZATU662x1(N14)| _ 1(N01) _ ZATU662 _ 4(N14) _ 2(N01) _ SZU2 _ 4(N14) _ 2(N01) _ 2(N01) _ ME~a _ ANSZE~c _ EN~b@t _ GIR3~a","N34 N34 N34 N34 N34 _ N01 N01 N01 N01 N01 _ SZU2 _ N14 _ ZATU644~a _ N14 _ ZATU753 _ N14 _ ME~a _ NESAG2~a _ N01 _ |ZATU662x1(N14)| _ N01 _ ZATU662 _ N14 N14 N14 N14 _ N01 N01 _ SZU2 _ N14 N14 N14 N14 _ N01 N01 _ N01 N01 _ ME~a _ ANSZE~c _ EN~b@t _ GIR3~a",41,13,2.87537872131854,2.23672007859612,0.317073170731707,0.642857142857143
"P001241","2(N14) _ UTUA~a _ EN@g~b _ GURUSZDA _ A _ BU~a#","N14 N14 _ UTUA~a _ EN@g~b _ GURUSZDA _ A _ BU~a",7,6,2.52164063634332,1.6856011454839,0.857142857142857,1
"P001242","5(N01)# _ UD5~a _ SZUBUR# _ 2(N14) _ 2(N01)#","N01 N01 N01 N01 N01 _ UD5~a _ SZUBUR _ N14 N14 _ N01 N01",11,4,1.49111485005519,1.42456878595137,0.363636363636364,0.857142857142857
"P001243","6(N34)# _ 4(N14)# _ 8(N01)# _ GI6 _ U8# _ 2(N34)# _ 1(N14)# _ 3(N01)# _ UD5~a# _ GI6# _ 8(N01)# _ UDUNITA~c _ GI6 _ 1(N01) _ SILA4~c# _ ZATU693 _ NUN~a _ 9(N34) _ 3(N14) _ NUN~a _ ZATU693 _ U8 _ GI6 _ UD5~a#","N34 N34 N34 N34 N34 N34 _ N14 N14 N14 N14 _ N01 N01 N01 N01 N01 N01 N01 N01 _ GI6 _ U8 _ N34 N34 _ N14 _ N01 N01 N01 _ UD5~a _ GI6 _ N01 N01 N01 N01 N01 N01 N01 N01 _ UDUNITA~c _ GI6 _ N01 _ SILA4~c _ ZATU693 _ NUN~a _ N34 N34 N34 N34 N34 N34 N34 N34 N34 _ N14 N14 N14 _ NUN~a _ ZATU693 _ U8 _ GI6 _ UD5~a",59,10,2.56187304598891,1.87064999011781,0.169491525423729,0.714285714285714
"P001244","3(N01) _ SZITA~a1 _ 6(N01) _ |SILA3~bxNAGA~b| _ 2(N01)# _ UKKIN~a# _ NAGA~a _ 1(N01) _ MASZ _ GIR3~a _ 2(N01) _ 1(N01) _ SUHUR _ GESZTU~b _ 4(N01)# _ SUHUR# _ GAL~a# _ 2(N01) _ IB~a# _ ZATU762~b# _ DUB~b# _ 4(N01) _ ZATU764 _ 5(N01)# _ 4(N01)# _ GESZTU~b _ 5(N01) _ GA~a# _ GAL~a _ 4(N01) _ 7(N01) _ IDIGNA# _ 5(N14)# _ LAM~b","N01 N01 N01 _ SZITA~a1 _ N01 N01 N01 N01 N01 N01 _ |SILA3~bxNAGA~b| _ N01 N01 _ UKKIN~a _ NAGA~a _ N01 _ MASZ _ GIR3~a _ N01 N01 _ N01 _ SUHUR _ GESZTU~b _ N01 N01 N01 N01 _ SUHUR _ GAL~a _ N01 N01 _ IB~a _ ZATU762~b _ DUB~b _ N01 N01 N01 N01 _ ZATU764 _ N01 N01 N01 N01 N01 _ N01 N01 N01 N01 _ GESZTU~b _ N01 N01 N01 N01 N01 _ GA~a _ GAL~a _ N01 N01 N01 N01 _ N01 N01 N01 N01 N01 N01 N01 _ IDIGNA _ N14 N14 N14 N14 N14 _ LAM~b",74,18,2.15806890666715,2.14743351904317,0.243243243243243,0.767857142857143
"P001245","6(N01)# _ UDU~a _ 1(N38) _ 1(N01) _ 1(N01) _ GI# _ |U4.SZU2|","N01 N01 N01 N01 N01 N01 _ UDU~a _ N38 _ N01 _ N01 _ GI _ |U4.SZU2|",12,5,1.58496250072116,1.59701107263088,0.416666666666667,0.857142857142857
"P001246","3(N01)# _ NIM~a _ UNUG~a _ TU~a _ SUKKAL _ DUB~b","N01 N01 N01 _ NIM~a _ UNUG~a _ TU~a _ SUKKAL _ DUB~b",8,6,2.40563906222957,1.75084084600334,0.75,1
"P001247","3(N34) _ GISZIMMAR~a1# _ ERIN _ SANGA~a# _ 3(N34) _ 1(N14) _ |ZATU711xHI@g~a| _ BA# _ KU6~a","N34 N34 N34 _ GISZIMMAR~a1 _ ERIN _ SANGA~a _ N34 N34 N34 _ N14 _ |ZATU711xHI@g~a| _ BA _ KU6~a",13,8,2.50738010242364,1.9656103853532,0.615384615384615,0.8
"P001248","1(N08) _ ESZDA _ BA _ U4 _ |HIx1(N57)| _ PAP~a _ 1(N07~a)","N08 _ ESZDA _ BA _ U4 _ |HIx1(N57)| _ PAP~a _ N07~a",7,7,2.8073549220576,1.75702971691247,1,0
"P001249","1(N01) _ TAG~b _ |ZATU662x1(N14)| _ BA _ APIN~a","N01 _ TAG~b _ |ZATU662x1(N14)| _ BA _ APIN~a",5,5,2.32192809488736,1.3813781191217,1,0
"P001250","1(N14) _ LAL2~a _ NESAG2~a _ SUMASZ _ KALAM~a","N14 _ LAL2~a _ NESAG2~a _ SUMASZ _ KALAM~a",5,5,2.32192809488736,1.3813781191217,1,0
"P001251","2(N07~a) _ SAG _ BA _ EZINU~d _ 1(N01) _ 2(N07~a)","N07~a N07~a _ SAG _ BA _ EZINU~d _ N01 _ N07~a N07~a",8,5,2,1.42845475879361,0.625,0.666666666666667
"P001252","4(N01) _ KASZ~b _ UDU~a _ ZATU762~a","N01 N01 N01 N01 _ KASZ~b _ UDU~a _ ZATU762~a",7,4,1.66449777920046,1.39179519303426,0.571428571428571,1
"P001253","7(N01) _ 1(N01) _ GU4 _ |(DUBxDISZ)~a| _ 6(N02) _ UR~a _ TE _ NUN~a _ USZ~a","N01 N01 N01 N01 N01 N01 N01 _ N01 _ GU4 _ |(DUBxDISZ)~a| _ N02 N02 N02 N02 N02 N02 _ UR~a _ TE _ NUN~a _ USZ~a",20,8,2.34643934467102,1.9566678484933,0.4,1
"P001254","2(N01) _ IB~a _ GURUSZDA _ NUN~b _ U4","N01 N01 _ IB~a _ GURUSZDA _ NUN~b _ U4",6,5,2.25162916738782,1.49864218272161,0.833333333333333,1
"P001255","1(N34) _ 1(N14) _ 7(N01) _ GAL~a _ LAGAR~a","N34 _ N14 _ N01 N01 N01 N01 N01 N01 N01 _ GAL~a _ LAGAR~a",11,5,1.67293303187337,1.3703036456628,0.454545454545455,1
"P001256","2(N34) _ 3(N14) _ ZATU677~a","N34 N34 _ N14 N14 N14 _ ZATU677~a",6,3,1.45914791702725,1.13848150814767,0.5,1
"P001257","1(N01) _ MASZ _ SANGA~a# _ UNUG~a# _ DARA4~a2# _ GU4 _ GU4#","N01 _ MASZ _ SANGA~a _ UNUG~a _ DARA4~a2 _ GU4 _ GU4",7,6,2.52164063634332,1.55650436533693,0.857142857142857,1
"P001258","1(N07~a)# _ KU3~a# _ ESZDA _ 1(N08)","N07~a _ KU3~a _ ESZDA _ N08",4,4,2,1.14624062518029,1,0
"P001259","6(N01) _ EN~b _ SAL _ |GA2~a1xSUKUD| _ 5(N01) _ |GA2~a1xSUKUD| _ SAL","N01 N01 N01 N01 N01 N01 _ EN~b _ SAL _ |GA2~a1xSUKUD| _ N01 N01 N01 N01 N01 _ |GA2~a1xSUKUD| _ SAL",16,4,1.37164076218686,1.36277764595827,0.25,0.75
"P001260","2(N34) _ 2(N14)# _ PAP~a# _ ERIN","N34 N34 _ N14 N14 _ PAP~a _ ERIN",6,4,1.91829583405449,1.33197551605495,0.666666666666667,1
"P001261","3(N01) _ USZ~a _ 1(N01) _ 4(N01) _ ZATU697~b","N01 N01 N01 _ USZ~a _ N01 _ N01 N01 N01 N01 _ ZATU697~b",10,3,0.921928094887362,1.11279332253856,0.3,0.857142857142857
"P001262","1(N01) _ DUB~b _ KUR~a _ 1(N01) _ SAL _ SANGA~a _ KISAL~a1 _ UNUG~a","N01 _ DUB~b _ KUR~a _ N01 _ SAL _ SANGA~a _ KISAL~a1 _ UNUG~a",8,7,2.75,1.78740100229841,0.875,0
"P001263","1(N01) _ KASZ~b _ TUG2~a _ LAL2~a","N01 _ KASZ~b _ TUG2~a _ LAL2~a",4,4,2,1.14624062518029,1,0
"P001264","2(N01) _ SZE~a _ MAR~a _ UDUNITA~a _ KISAL~b1 _ A _ EN~a","N01 N01 _ SZE~a _ MAR~a _ UDUNITA~a _ KISAL~b1 _ A _ EN~a",8,7,2.75,1.84990100229841,0.875,1
"P001265","2(N01) _ GURUSZDA# _ UDUNITA~a _ 1(N57) _ NIMGIR _ UNUG~a","N01 N01 _ GURUSZDA _ UDUNITA~a _ N57 _ NIMGIR _ UNUG~a",7,6,2.52164063634332,1.6856011454839,0.857142857142857,1
"P001266","2(N14) _ 7(N01) _ UDUNITA~a _ ZATU680~b _ 3(N14)# _ 9(N01)# _ MUSZEN _ EN~b# _ 5(N01)# _ 5(N01) _ USZ~a# _ AB2 _ 1(N14)# _ 8(N01)# _ 5(N01)# _ 2(N14)# _ GIR3~a# _ 1(N34) _ 3(N14) _ 1(N01) _ U8# _ 6(N01)# _ GI6# _ UD5~a# _ 5(N14)# _ 8(N01)#","N14 N14 _ N01 N01 N01 N01 N01 N01 N01 _ UDUNITA~a _ ZATU680~b _ N14 N14 N14 _ N01 N01 N01 N01 N01 N01 N01 N01 N01 _ MUSZEN _ EN~b _ N01 N01 N01 N01 N01 _ N01 N01 N01 N01 N01 _ USZ~a _ AB2 _ N14 _ N01 N01 N01 N01 N01 N01 N01 N01 _ N01 N01 N01 N01 N01 _ N14 N14 _ GIR3~a _ N34 _ N14 N14 N14 _ N01 _ U8 _ N01 N01 N01 N01 N01 N01 _ GI6 _ UD5~a _ N14 N14 N14 N14 N14 _ N01 N01 N01 N01 N01 N01 N01 N01",81,13,1.71313487798552,1.67571238315133,0.160493827160494,0.838235294117647
"P001267","1(N34) _ 3(N14) _ DU8~c _ 1(N34) _ 4(N14) _ 2(N14)# _ 7(N01)# _ SIG2~a3# _ 1(N51) _ 1(N34) _ 3(N14)# _ 7(N01)#","N34 _ N14 N14 N14 _ DU8~c _ N34 _ N14 N14 N14 N14 _ N14 N14 _ N01 N01 N01 N01 N01 N01 N01 _ SIG2~a3 _ N51 _ N34 _ N14 N14 N14 _ N01 N01 N01 N01 N01 N01 N01",32,6,1.84133104938676,1.35948939215931,0.1875,0.807692307692308
"P001268","3(N34)# _ 3(N14)# _ 1(N34)# _ 4(N01)# _ 2(N34)# _ 3(N14)# _ 6(N01)# _ 2(N34)# _ 3(N14)# _ KASZ~b# _ 2(N34) _ 1(N48) _ 3(N34)# _ 3(N01)# _ KASZ~b#","N34 N34 N34 _ N14 N14 N14 _ N34 _ N01 N01 N01 N01 _ N34 N34 _ N14 N14 N14 _ N01 N01 N01 N01 N01 N01 _ N34 N34 _ N14 N14 N14 _ KASZ~b _ N34 N34 _ N48 _ N34 N34 N34 _ N01 N01 N01 _ KASZ~b",38,5,1.91264441647913,1.49209567698954,0.131578947368421,0.696969696969697
"P001269","3(N01)# _ UDUNITA~a# _ 2(N01) _ GUKKAL~a _ 1(N01)# _ UTUA~a# _ SANGA~a# _ ERIN# _ 3(N01) _ ESZGAR _ 2(N01) _ UD5~a# _ 1(N01) _ U8# _ 1(N14) _ 2(N01)","N01 N01 N01 _ UDUNITA~a _ N01 N01 _ GUKKAL~a _ N01 _ UTUA~a _ SANGA~a _ ERIN _ N01 N01 N01 _ ESZGAR _ N01 N01 _ UD5~a _ N01 _ U8 _ N14 _ N01 N01",23,10,2.2060415687176,2.16049234657692,0.434782608695652,0.538461538461538
"P001270","9(N34)# _ 1(N45)# _ 7(N14)# _ 3(N01)# _ 5(N36)# _ 1(N46)# _ 2(N14) _ 3(N01)# _ 1(N36) _ 2(N46) _ 1(N04)# _ 1(N46)# _ 1(N19)# _ 2(N01)# _ GI# _ 2(N36)# _ 1(N46)# _ 2(N19)# _ GI# _ 2(N36)# _ 1(N46)# _ 1(N01)# _ 1(N36)# _ 8(N14)# _ 1(N01)# _ DA~c _ U4#","N34 N34 N34 N34 N34 N34 N34 N34 N34 _ N45 _ N14 N14 N14 N14 N14 N14 N14 _ N01 N01 N01 _ N36 N36 N36 N36 N36 _ N46 _ N14 N14 _ N01 N01 N01 _ N36 _ N46 N46 _ N04 _ N46 _ N19 _ N01 N01 _ GI _ N36 N36 _ N46 _ N19 N19 _ GI _ N36 N36 _ N46 _ N01 _ N36 _ N14 N14 N14 N14 N14 N14 N14 N14 _ N01 _ DA~c _ U4",62,11,2.86461752692541,2.03772416552587,0.17741935483871,0.686274509803922
"P001271","1(N14) _ 6(N01) _ EN~a _ MAGUR~a#","N14 _ N01 N01 N01 N01 N01 N01 _ EN~a _ MAGUR~a",9,4,1.44661666762821,1.27498739668081,0.444444444444444,1
"P001272","8(N01) _ BA _ 2(N02) _ GUM~a _ TE","N01 N01 N01 N01 N01 N01 N01 N01 _ BA _ N02 N02 _ GUM~a _ TE",13,5,1.70043971814109,1.58320793663548,0.384615384615385,1
"P001273","5(N01) _ ZATU651 _ AN _ DUG~a _ U8 _ DIN _ BAR","N01 N01 N01 N01 N01 _ ZATU651 _ AN _ DUG~a _ U8 _ DIN _ BAR",11,7,2.40400975732486,1.92723215322089,0.636363636363636,1
"P001274","1(N01) _ SANGA~a _ KUR~a _ ZATU752 _ 1(N01) _ NA2~b1 _ SAL# _ BA _ DUB~b#","N01 _ SANGA~a _ KUR~a _ ZATU752 _ N01 _ NA2~b1 _ SAL _ BA _ DUB~b",9,8,2.94770277922009,1.92312988582066,0.888888888888889,0
"P001275","8(N01) _ BA _ 2(N01) _ GI# _ 1(N01) _ GU4 _ |(DUBxDISZ)~a|# _ 1(N01) _ ZATU753 _ GURUSZ~a _ 1(N01) _ AN _ MUSZ3~a _ 4(N02) _ AB~a _ TE _ PAP~a _ SZU","N01 N01 N01 N01 N01 N01 N01 N01 _ BA _ N01 N01 _ GI _ N01 _ GU4 _ |(DUBxDISZ)~a| _ N01 _ ZATU753 _ GURUSZ~a _ N01 _ AN _ MUSZ3~a _ N02 N02 N02 N02 _ AB~a _ TE _ PAP~a _ SZU",29,14,2.92330112147812,2.58685627188376,0.482758620689655,0.733333333333333
"P001276","1(N01) _ SAL _ 3(N01) _ GURUSZ~a _ SUKKAL _ UNUG~a _ KUR~a _ MAGUR~a","N01 _ SAL _ N01 N01 N01 _ GURUSZ~a _ SUKKAL _ UNUG~a _ KUR~a _ MAGUR~a",10,7,2.52192809488736,1.88376158169127,0.7,0.666666666666667
"P001277","2(N01)# _ DUG~b# _ 1(N01) _ NI~a# _ PAP~a#","N01 N01 _ DUG~b _ N01 _ NI~a _ PAP~a",6,4,1.79248125036058,1.33197551605495,0.666666666666667,0.5
"P001278","1(N09) _ BAR _ LAM~b _ BA _ SZUBUR _ SZESZ~a _ 1(N09)#","N09 _ BAR _ LAM~b _ BA _ SZUBUR _ SZESZ~a _ N09",7,6,2.52164063634332,1.55650436533693,0.857142857142857,0
"P001279","1(N01) _ SUHUR _ NESAG2~a _ LAL2~a","N01 _ SUHUR _ NESAG2~a _ LAL2~a",4,4,2,1.14624062518029,1,0
"P001280","1(N01) _ KISAL~b1 _ BU~a _ GURUSZDA _ BU~a _ PAP~a _ NIM~a _ DUG~b _ TUR#","N01 _ KISAL~b1 _ BU~a _ GURUSZDA _ BU~a _ PAP~a _ NIM~a _ DUG~b _ TUR",9,8,2.94770277922009,1.92312988582066,0.888888888888889,0
"P001281","5(N01) _ |LAGAB~ax2(N14)| _ NI~a _ 2(N01) _ DUG~b _ U4 _ SANGA~a","N01 N01 N01 N01 N01 _ |LAGAB~ax2(N14)| _ NI~a _ N01 N01 _ DUG~b _ U4 _ SANGA~a",12,6,1.94733879618755,1.76662947378582,0.5,0.833333333333333
"P001282","3(N01) _ 3(N08) _ U8 _ UR2# _ UMBIN~a _ 2(N01) _ MASZ _ GURUSZDA _ MUSZ3~a","N01 N01 N01 _ N08 N08 N08 _ U8 _ UR2 _ UMBIN~a _ N01 N01 _ MASZ _ GURUSZDA _ MUSZ3~a",14,8,2.63846006658616,2.04664205620469,0.571428571428571,0.833333333333333
"P001283","2(N01) _ SZE~a _ MAR~a _ UTUA~a _ GURUSZDA _ MUSZ3~a","N01 N01 _ SZE~a _ MAR~a _ UTUA~a _ GURUSZDA _ MUSZ3~a",7,6,2.52164063634332,1.6856011454839,0.857142857142857,1
"P001284","1(N01) _ SZE~a _ MAR~b _ BA _ NAM~a _ SAL _ 1(N01) _ |GA2~bxDUB~b| _ IB~a _ SAL _ UMBIN~a _ SUHUR","N01 _ SZE~a _ MAR~b _ BA _ NAM~a _ SAL _ N01 _ |GA2~bxDUB~b| _ IB~a _ SAL _ UMBIN~a _ SUHUR",12,10,3.25162916738782,2.14756781046691,0.833333333333333,0
"P001285","5(N01) _ GA2~b _ UNUG~a _ KASZ~b#","N01 N01 N01 N01 N01 _ GA2~b _ UNUG~a _ KASZ~b",8,4,1.5487949406954,1.40603362130785,0.5,1
"P001286","1(N34@f) _ UMUN2 _ DUG~b _ UNUG~a _ KAB#","N34@f _ UMUN2 _ DUG~b _ UNUG~a _ KAB",5,5,2.32192809488736,1.3813781191217,1,0
"P001287","1(N14) _ PAP~a _ TI _ EN~a# _ IDIGNA# _ GAL~a _ UNUG~a#","N14 _ PAP~a _ TI _ EN~a _ IDIGNA _ GAL~a _ UNUG~a",7,7,2.8073549220576,1.75702971691247,1,0
"P001288","1(N14) _ KAB _ UNUG~a _ UDUNITA~a _ EN@g~a","N14 _ KAB _ UNUG~a _ UDUNITA~a _ EN@g~a",5,5,2.32192809488736,1.3813781191217,1,0
"P001289","2(N01) _ GESZTU~b _ UKKIN~a _ UDUNITA~a _ 2(N01)# _ GURUSZDA _ ZATU697~a","N01 N01 _ GESZTU~b _ UKKIN~a _ UDUNITA~a _ N01 N01 _ GURUSZDA _ ZATU697~a",9,6,2.28103611255342,1.64912746944296,0.666666666666667,0.666666666666667
"P001290","4(N14) _ NUN~b _ SZITA~a1","N14 N14 N14 N14 _ NUN~b _ SZITA~a1",6,3,1.25162916738782,1.15586857153037,0.5,1
"P001291","1(N14) _ 3(N01) _ UDU~a _ ERIM~a _ UMBIN~a _ UNUG~a _ GURUSZDA","N14 _ N01 N01 N01 _ UDU~a _ ERIM~a _ UMBIN~a _ UNUG~a _ GURUSZDA",9,7,2.64160416786859,1.85296130771878,0.777777777777778,1
"P001292","4(N01) _ BA _ 1(N01) _ GU4 _ |(DUBxDISZ)~a|# _ 1(N02) _ ZATU651 _ TE _ NESAG2~a","N01 N01 N01 N01 _ BA _ N01 _ GU4 _ |(DUBxDISZ)~a| _ N02 _ ZATU651 _ TE _ NESAG2~a",12,8,2.61749246118476,2.08219435971395,0.666666666666667,0.75
"P001293","2(N07~a) _ |NUN~a+EN~a| _ E2~a _ BA _ ERIN _ 3(N07~a)","N07~a N07~a _ |NUN~a+EN~a| _ E2~a _ BA _ ERIN _ N07~a N07~a N07~a",9,5,1.87996494872711,1.39028895234111,0.555555555555556,0.75
"P001294","1(N01) _ AN _ GU4 _ |GI&GI| _ |GIxSIG2~d1| _ KU6~a","N01 _ AN _ GU4 _ |GI&GI| _ |GIxSIG2~d1| _ KU6~a",6,6,2.58496250072116,1.58197551605495,1,0
"P001295","1(N48) _ ZATU692# _ |BU~a+DU6~a| _ ZATU626~c","N48 _ ZATU692 _ |BU~a+DU6~a| _ ZATU626~c",4,4,2,1.14624062518029,1,0
"P001296","1(N14) _ NUN~b _ UNUG~a _ UMBIN~a _ GURUSZDA","N14 _ NUN~b _ UNUG~a _ UMBIN~a _ GURUSZDA",5,5,2.32192809488736,1.3813781191217,1,0
"P001297","3(N01) _ UMBIN~a _ NUN~b","N01 N01 N01 _ UMBIN~a _ NUN~b",5,3,1.37095059445467,1.12288186904959,0.6,1
"P001298","1(N01) _ U4 _ 1(N01) _ GI6 _ 1(N01) _ DUB~b _ 1(N01) _ IB~a _ 8(N01)","N01 _ U4 _ N01 _ GI6 _ N01 _ DUB~b _ N01 _ IB~a _ N01 N01 N01 N01 N01 N01 N01 N01",16,5,1.31127812445913,1.38947624032024,0.3125,0.636363636363636
"P001299","1(N01) _ KUSZU2~a _ |EZEN~axEN~b| _ DARA3~a","N01 _ KUSZU2~a _ |EZEN~axEN~b| _ DARA3~a",4,4,2,1.14624062518029,1,0
"P001300","2(N01) _ NESAG2~a _ UNUG~a# _ |MAxMA|","N01 N01 _ NESAG2~a _ UNUG~a _ |MAxMA|",5,4,1.92192809488736,1.2813781191217,0.8,1
"P001301","1(N14) _ 7(N01) _ LAGAR~a _ GESZTU~b","N14 _ N01 N01 N01 N01 N01 N01 N01 _ LAGAR~a _ GESZTU~b",10,4,1.35677964944704,1.26135086362783,0.4,1
"P001302","1(N07~a) _ |ZATU714.RU| _ GAL~a _ GI# _ BA _ 1(N08)","N07~a _ |ZATU714.RU| _ GAL~a _ GI _ BA _ N08",6,6,2.58496250072116,1.58197551605495,1,0
"P001303","1(N01) _ LAL2~a _ UNUG~a _ DARA3~a","N01 _ LAL2~a _ UNUG~a _ DARA3~a",4,4,2,1.14624062518029,1,0
"P001304","1(N07~a) _ |AxEN~a| _ ERIN# _ BA# _ 1(N08)","N07~a _ |AxEN~a| _ ERIN _ BA _ N08",5,5,2.32192809488736,1.3813781191217,1,0
"P001305","4(N01) _ PA~a _ U4","N01 N01 N01 N01 _ PA~a _ U4",6,3,1.25162916738782,1.15586857153037,0.5,1
"P001306","5(N01) _ ZATU729# _ SANGA~a#","N01 N01 N01 N01 N01 _ ZATU729 _ SANGA~a",7,3,1.14883485428092,1.17832413863755,0.428571428571429,1
"P001307","2(N01) _ AN _ SIG2~e _ NIMGIR","N01 N01 _ AN _ SIG2~e _ NIMGIR",5,4,1.92192809488736,1.2813781191217,0.8,1
"P001308","1(N07~a) _ DU _ BA _ |GURUSZ~bx2(N14)| _ MUSZ3~a _ 1(N08)","N07~a _ DU _ BA _ |GURUSZ~bx2(N14)| _ MUSZ3~a _ N08",6,6,2.58496250072116,1.58197551605495,1,0
"P001309","5(N01) _ 3(N58) _ UDUNITA~a _ 5(N01) _ MASZ _ UNUG~a# _ ZATU762~b _ GURUSZDA","N01 N01 N01 N01 N01 _ N58 N58 N58 _ UDUNITA~a _ N01 N01 N01 N01 N01 _ MASZ _ UNUG~a _ ZATU762~b _ GURUSZDA",18,7,2.0602489763847,1.83098521931346,0.388888888888889,0.909090909090909
"P001310","2(N01)# _ KUR~a _ GURUSZ~a _ EN~b _ U2~b","N01 N01 _ KUR~a _ GURUSZ~a _ EN~b _ U2~b",6,5,2.25162916738782,1.49864218272161,0.833333333333333,1
"P001313","1(N34) _ GUKKAL~a _ |EZEN~axNIMGIR|","N34 _ GUKKAL~a _ |EZEN~axNIMGIR|",3,3,1.58496250072116,0.861654166907052,1,0
"P001315","2(N14) _ 1(N01) _ LAGAR~a","N14 N14 _ N01 _ LAGAR~a",4,3,1.5,1.02124062518029,0.75,1
"P001316","1(N05) _ 1(N01) _ UDU~a _ 2(N01) _ ERIM~a _ AMA~a# _ NESAG2~a _ GUM~a","N05 _ N01 _ UDU~a _ N01 N01 _ ERIM~a _ AMA~a _ NESAG2~a _ GUM~a",9,7,2.64160416786859,1.81201877470955,0.777777777777778,0.5
"P001317","1(N01) _ SZESZ~a _ DUG~b","N01 _ SZESZ~a _ DUG~b",3,3,1.58496250072116,0.861654166907052,1,0
"P001318","1(N14) _ BA _ 3(N02) _ GIR3~a# _ ZATU758# _ 9(N01)# _ BA# _ 3(N02)# _ GIR3~a#","N14 _ BA _ N02 N02 N02 _ GIR3~a _ ZATU758 _ N01 N01 N01 N01 N01 N01 N01 N01 N01 _ BA _ N02 N02 N02 _ GIR3~a",21,6,2.10474123147839,1.36288580361837,0.285714285714286,0.8
"P001319","1(N07~a) _ 1(N11) _ SAG _ AB2 _ AB2 _ SAL _ MUSZ3~a _ 1(N01) _ 3(N07~a) _ 1(N09) _ 1(N12)","N07~a _ N11 _ SAG _ AB2 _ AB2 _ SAL _ MUSZ3~a _ N01 _ N07~a N07~a N07~a _ N09 _ N12",13,9,2.93120894891032,2.03071450363764,0.692307692307692,0.75
"P001320","4(N01) _ UDU~a _ 2(N01) _ SILA4~c _ 4(N01) _ NESAG2~a","N01 N01 N01 N01 _ UDU~a _ N01 N01 _ SILA4~c _ N01 N01 N01 N01 _ NESAG2~a",13,4,1.14511041438158,1.36354710936831,0.307692307692308,0.777777777777778
"P001321","1(N01)# _ SAL# _ SZUBUR _ |GA2~a1x1(N57)|# _ DUB~b _ EN~b","N01 _ SAL _ SZUBUR _ |GA2~a1x1(N57)| _ DUB~b _ EN~b",6,6,2.58496250072116,1.58197551605495,1,0
"P001323","3(N14) _ KU6~a","N14 N14 N14 _ KU6~a",4,2,0.811278124459133,0.823120312590145,0.5,1
"P001324","1(N01) _ BU~a _ |EZEN~axRAD~a| _ DUB~b","N01 _ BU~a _ |EZEN~axRAD~a| _ DUB~b",4,4,2,1.14624062518029,1,0
"P001325","1(N02) _ |URU~a1xNIMGIR| _ BARA2~b _ SAL _ ERIM~a","N02 _ |URU~a1xNIMGIR| _ BARA2~b _ SAL _ ERIM~a",5,5,2.32192809488736,1.3813781191217,1,0
"P001326","2(N01) _ AB2 _ NUN~a _ ZATU639 _ LAM~b _ NIMGIR _ GU4 _ 1(N01) _ AB2 _ BA# _ 1(N01) _ AB2 _ SZE~b _ UNUG~a _ 4(N01) _ AB2# _ GU4 _ ZATU639 _ UNUG~a","N01 N01 _ AB2 _ NUN~a _ ZATU639 _ LAM~b _ NIMGIR _ GU4 _ N01 _ AB2 _ BA _ N01 _ AB2 _ SZE~b _ UNUG~a _ N01 N01 N01 N01 _ AB2 _ GU4 _ ZATU639 _ UNUG~a",23,10,2.87138804301353,1.98863460043615,0.434782608695652,0.307692307692308
"P001327","2(N07~a)# _ 1(N09)# _ SAG# _ URU~b1 _ BA# _ NAM2# _ 1(N01)# _ 1(N07~a)# _ 1(N09)","N07~a N07~a _ N09 _ SAG _ URU~b1 _ BA _ NAM2 _ N01 _ N07~a _ N09",10,7,2.64643934467102,1.75168137329784,0.7,0.333333333333333
"P001328","1(N07~a) _ 1(N09) _ ZATU651 _ TUR _ SAG _ BA _ EN~a _ 1(N01) _ 2(N07~a) _ 1(N09)","N07~a _ N09 _ ZATU651 _ TUR _ SAG _ BA _ EN~a _ N01 _ N07~a N07~a _ N09",11,8,2.84535093662244,1.79283597212632,0.727272727272727,0.333333333333333
"P001329","1(N01) _ AB~a# _ AN _ MUSZ3~a _ KASKAL# _ BA# _ KUR~a _ DUB~b# _ 1(N01) _ U2~b _ KUR~a _ AB~a _ SANGA~a _ DUB~b","N01 _ AB~a _ AN _ MUSZ3~a _ KASKAL _ BA _ KUR~a _ DUB~b _ N01 _ U2~b _ KUR~a _ AB~a _ SANGA~a _ DUB~b",14,10,3.23592635062903,2.09517234663178,0.714285714285714,0
"P001330","3(N01) _ MASZ _ 4(N01) _ TUR _ ZATU631#","N01 N01 N01 _ MASZ _ N01 N01 N01 N01 _ TUR _ ZATU631",10,4,1.35677964944704,1.34468419696116,0.4,0.833333333333333
"P001331","1(N01)# _ GUM~a# _ ERIM~a# _ SZUBUR# _ IB~a# _ BA# _ KUR~a# _ 1(N01)# _ KUR~a _ GURUSZ~a# _ UNUG~a#","N01 _ GUM~a _ ERIM~a _ SZUBUR _ IB~a _ BA _ KUR~a _ N01 _ KUR~a _ GURUSZ~a _ UNUG~a",11,9,3.09579525500093,2.01504820296664,0.818181818181818,0
"P001332","|(DUBxDISZ)~a|# _ 3(N01) _ GAL~a _ TE _ 1(N01) _ |SZE~a.NAM2| _ SZE~a _ 1(N01) _ GAL~a _ ZATU693 _ 1(N01)# _ DI _ 2(N01) _ MAR~a _ SZIM~a _ 1(N01) _ SZUBUR _ NAM2 _ 1(N01) _ GA~a _ SZE~a _ 1(N01) _ NIM~b2 _ 1(N01) _ |ZATU762~axNIM~a| _ 1(N01) _ 1(N01) _ |1(N58).BAD~a| _ SZE~a _ 1(N01) _ KAB _ USZ~a _ 1(N01) _ GAL~a# _ NIM~a _ 1(N01) _ GA2~b _ SZE~a# _ 4(N01) _ |ZATU737xSZE~a| _ 9(N01) _ SZE~a# _ 5(N01) _ GAL~a _ 1(N14) _ 8(N01) _ |DARA3~cx(KAR2.SZE~a)|# _ SU~a _ NUN~a","|(DUBxDISZ)~a| _ N01 N01 N01 _ GAL~a _ TE _ N01 _ |SZE~a.NAM2| _ SZE~a _ N01 _ GAL~a _ ZATU693 _ N01 _ DI _ N01 N01 _ MAR~a _ SZIM~a _ N01 _ SZUBUR _ NAM2 _ N01 _ GA~a _ SZE~a _ N01 _ NIM~b2 _ N01 _ |ZATU762~axNIM~a| _ N01 _ N01 _ |1(N58).BAD~a| _ SZE~a _ N01 _ KAB _ USZ~a _ N01 _ GAL~a _ NIM~a _ N01 _ GA2~b _ SZE~a _ N01 N01 N01 N01 _ |ZATU737xSZE~a| _ N01 N01 N01 N01 N01 N01 N01 N01 N01 _ SZE~a _ N01 N01 N01 N01 N01 _ GAL~a _ N14 _ N01 N01 N01 N01 N01 N01 N01 N01 _ |DARA3~cx(KAR2.SZE~a)| _ SU~a _ NUN~a",74,25,2.79135843418804,2.52985471624728,0.337837837837838,0.530612244897959
"P001333","1(N01) _ LAGAB~a _ RAD~a@g _ GI _ PA~a _ SAL","N01 _ LAGAB~a _ RAD~a@g _ GI _ PA~a _ SAL",6,6,2.58496250072116,1.58197551605495,1,0
"P001334","4(N14) _ 5(N01) _ 1(N57) _ 4(N14) _ 2(N57) _ KU3~a _ 4(N14) _ 3(N01) _ SI4~b _ 1(N14) _ 5(N01) _ KU3~a#","N14 N14 N14 N14 _ N01 N01 N01 N01 N01 _ N57 _ N14 N14 N14 N14 _ N57 N57 _ KU3~a _ N14 N14 N14 N14 _ N01 N01 N01 _ SI4~b _ N14 _ N01 N01 N01 N01 N01 _ KU3~a",32,5,1.78230249456775,1.49344334392946,0.15625,0.740740740740741
"P001335","2(N01) _ BA _ MUSZEN# _ SZE~a# _ AB2# _ 1(N01)# _ AB2# _ NUN~a# _ BA","N01 N01 _ BA _ MUSZEN _ SZE~a _ AB2 _ N01 _ AB2 _ NUN~a _ BA",10,6,2.44643934467102,1.67264196062445,0.6,0.25
"P001336","1(N14) _ UDUNITA~a# _ AB2# _ KAB","N14 _ UDUNITA~a _ AB2 _ KAB",4,4,2,1.14624062518029,1,0
"P001337","1(N07~a) _ APIN~a _ NAM2 _ 1(N08)","N07~a _ APIN~a _ NAM2 _ N08",4,4,2,1.14624062518029,1,0
"P001338","1(N34) _ ZATU694~d# _ 5(N14)# _ ZATU694~b# _ 1(N14) _ ZATU693 _ 2(N34)","N34 _ ZATU694~d _ N14 N14 N14 N14 N14 _ ZATU694~b _ N14 _ ZATU693 _ N34 N34",12,5,1.89624062518029,1.50444648463116,0.416666666666667,0.714285714285714
"P001339","5(N14) _ 5(N01) _ NUN~b _ TE _ 3(N14)# _ 3(N01)# _ UTUA~a","N14 N14 N14 N14 N14 _ N01 N01 N01 N01 N01 _ NUN~b _ TE _ N14 N14 N14 _ N01 N01 N01 _ UTUA~a",19,5,1.7216117239699,1.48666002576553,0.263157894736842,0.857142857142857
"P001340","2(N01) _ UDUNITA~a _ GURUSZDA _ UNUG~a _ GESZTU~b _ UKKIN~a","N01 N01 _ UDUNITA~a _ GURUSZDA _ UNUG~a _ GESZTU~b _ UKKIN~a",7,6,2.52164063634332,1.6856011454839,0.857142857142857,1
"P001341","1(N01) _ NUN~a# _ A _ AB2 _ RAD~b _ AN","N01 _ NUN~a _ A _ AB2 _ RAD~b _ AN",6,6,2.58496250072116,1.58197551605495,1,0
"P001342","6(N01)# _ BA _ SUKKAL# _ 1(N01)# _ GURUSZ~a","N01 N01 N01 N01 N01 N01 _ BA _ SUKKAL _ N01 _ GURUSZ~a",10,4,1.35677964944704,1.43090236332295,0.4,0.833333333333333
"P001343","2(N14) _ 4(N01) _ |1(N58).BAD~b| _ 2(N01) _ MA2#","N14 N14 _ N01 N01 N01 N01 _ |1(N58).BAD~b| _ N01 N01 _ MA2",10,4,1.57095059445467,1.3865665300377,0.4,0.833333333333333
"P001344","1(N01)# _ GI# _ AMA~a _ ERIM~a#","N01 _ GI _ AMA~a _ ERIM~a",4,4,2,1.14624062518029,1,0
"P001345","1(N14) _ 1(N01) _ GU4 _ |(DUBxDISZ)~b| _ MUSZ3~a _ TE _ NUN~a _ DA~a","N14 _ N01 _ GU4 _ |(DUBxDISZ)~b| _ MUSZ3~a _ TE _ NUN~a _ DA~a",8,8,3,1.91240100229841,1,0
"P001346","1(N14) _ 5(N01) _ BIR3~b _ 3(N01) _ KAB _ SZUBUR","N14 _ N01 N01 N01 N01 N01 _ BIR3~b _ N01 N01 N01 _ KAB _ SZUBUR",12,5,1.58496250072116,1.48707999625201,0.416666666666667,0.857142857142857
"P001347","2(N14)# _ 6(N01)#","N14 N14 _ N01 N01 N01 N01 N01 N01",8,2,0.811278124459133,0.867620516443721,0.25,1
"P001348","1(N01) _ AB2 _ AN _ ERIM~a _ GUM~a _ ZATU621~a","N01 _ AB2 _ AN _ ERIM~a _ GUM~a _ ZATU621~a",6,6,2.58496250072116,1.58197551605495,1,0
"P001349","1(N01) _ AMAR _ RAD~b _ |GIxLAGAB~a| _ AN","N01 _ AMAR _ RAD~b _ |GIxLAGAB~a| _ AN",5,5,2.32192809488736,1.3813781191217,1,0
"P001350","2(N07~a) _ LAM~b _ BA# _ SZA3~b _ ERIN _ 3(N07~a)#","N07~a N07~a _ LAM~b _ BA _ SZA3~b _ ERIN _ N07~a N07~a N07~a",9,5,1.87996494872711,1.39028895234111,0.555555555555556,0.75
"P001351","4(N01) _ SUHUR _ UNUG~a _ SZU2 _ KAB _ NAM2","N01 N01 N01 N01 _ SUHUR _ UNUG~a _ SZU2 _ KAB _ NAM2",9,6,2.28103611255342,1.76805459474246,0.666666666666667,1
"P001352","1(N01) _ GAR3# _ NESAG2~a _ GU4 _ AL","N01 _ GAR3 _ NESAG2~a _ GU4 _ AL",5,5,2.32192809488736,1.3813781191217,1,0
"P001353","1(N34) _ NAM2 _ URU~b2","N34 _ NAM2 _ URU~b2",3,3,1.58496250072116,0.861654166907052,1,0
"P001354","8(N01) _ ZATU758 _ SZA#","N01 N01 N01 N01 N01 N01 N01 N01 _ ZATU758 _ SZA",10,3,0.921928094887362,1.15665851480804,0.3,1
"P001355","1(N01) _ ZATU629 _ ERIM~a _ SAL _ DUB~b _ MUSZ3~a","N01 _ ZATU629 _ ERIM~a _ SAL _ DUB~b _ MUSZ3~a",6,6,2.58496250072116,1.58197551605495,1,0
"P001356","2(N07~a) _ BA# _ E2~a _ PAP~a _ ESZDA _ 3(N07~a)","N07~a N07~a _ BA _ E2~a _ PAP~a _ ESZDA _ N07~a N07~a N07~a",9,5,1.87996494872711,1.39028895234111,0.555555555555556,0.75
"P001357","3(N01) _ ERIM~a _ MASZ _ GURUSZDA","N01 N01 N01 _ ERIM~a _ MASZ _ GURUSZDA",6,4,1.79248125036058,1.36656197432818,0.666666666666667,1
"P001358","1(N01) _ UNUG~a _ DIN _ LAGAB~b# _ NESAG2~a","N01 _ UNUG~a _ DIN _ LAGAB~b _ NESAG2~a",5,5,2.32192809488736,1.3813781191217,1,0
"P001359","5(N01)# _ SZITA~a3 _ SUHUR _ UNUG~a _ NESAG2~a#","N01 N01 N01 N01 N01 _ SZITA~a3 _ SUHUR _ UNUG~a _ NESAG2~a",9,5,1.87996494872711,1.6020215524339,0.555555555555556,1
"P001360","1(N01)# _ 1(N01) _ GI _ IDIGNA _ TE","N01 _ N01 _ GI _ IDIGNA _ TE",5,4,1.92192809488736,1.2813781191217,0.8,1
"P001361","1(N01)# _ DUG~b _ 1(N34) _ 1(N14) _ SZE3 _ 4(N14) _ SZE3 _ MASZ _ NUN~a","N01 _ DUG~b _ N34 _ N14 _ SZE3 _ N14 N14 N14 N14 _ SZE3 _ MASZ _ NUN~a",12,7,2.45082579451809,1.69708742841229,0.583333333333333,0.6
"P001362","1(N01) _ UNUG~a# _ GU4# _ AN# _ UTUL~a#","N01 _ UNUG~a _ GU4 _ AN _ UTUL~a",5,5,2.32192809488736,1.3813781191217,1,0
"P001363","4(N14) _ 7(N01) _ GIR~b _ BA","N14 N14 N14 N14 _ N01 N01 N01 N01 N01 N01 N01 _ GIR~b _ BA",13,4,1.57340245241777,1.40334029202652,0.307692307692308,1
"P001364","2(N01) _ MASZ# _ UNUG~a _ ERIM~a _ GURUSZDA","N01 N01 _ MASZ _ UNUG~a _ ERIM~a _ GURUSZDA",6,5,2.25162916738782,1.49864218272161,0.833333333333333,1
"P001365","7(N01)# _ BA _ 1(N01) _ GU4 _ 6(N02) _ USZ~a _ DUB~b _ NUN~a _ TE _ ERIN _ 8(N01) _ TUR","N01 N01 N01 N01 N01 N01 N01 _ BA _ N01 _ GU4 _ N02 N02 N02 N02 N02 N02 _ USZ~a _ DUB~b _ NUN~a _ TE _ ERIN _ N01 N01 N01 N01 N01 N01 N01 N01 _ TUR",30,10,2.25656476213095,1.92863672499526,0.333333333333333,0.9
"P001366","2(N14)# _ UDUNITA~a# _ GIR3~a _ 1(N14) _ NIMGIR _ GIR3~a _ 4(N01)# _ PIRIG~a2# _ 3(N01)# _ MASZ _ ERIM~a _ 1(N14) _ EZEN~c _ SAL _ MASZ _ 2(N01) _ USZ~a _ 3(N57) _ GURUSZDA _ LAL2~a","N14 N14 _ UDUNITA~a _ GIR3~a _ N14 _ NIMGIR _ GIR3~a _ N01 N01 N01 N01 _ PIRIG~a2 _ N01 N01 N01 _ MASZ _ ERIM~a _ N14 _ EZEN~c _ SAL _ MASZ _ N01 N01 _ USZ~a _ N57 N57 N57 _ GURUSZDA _ LAL2~a",29,14,3.29645642563984,2.50681745807229,0.482758620689655,0.6
"P001367","1(N01) _ AB~a _ 2(N01) _ ZATU758 _ 3(N01) _ UH3~b _ 1(N01) _ RU _ 7(N01)","N01 _ AB~a _ N01 N01 _ ZATU758 _ N01 N01 N01 _ UH3~b _ N01 _ RU _ N01 N01 N01 N01 N01 N01 N01",18,5,1.20864895095306,1.38330728901671,0.277777777777778,0.692307692307692
"P001368","6(N01)# _ NUN~b# _ 5(N01) _ UTUA~a _ 7(N01) _ 5(N01) _ UD5~a _ 2(N01) _ ESZGAR _ 1(N01) _ U8 _ GURUSZ~a _ 2(N14) _ 6(N01)","N01 N01 N01 N01 N01 N01 _ NUN~b _ N01 N01 N01 N01 N01 _ UTUA~a _ N01 N01 N01 N01 N01 N01 N01 _ N01 N01 N01 N01 N01 _ UD5~a _ N01 N01 _ ESZGAR _ N01 _ U8 _ GURUSZ~a _ N14 N14 _ N01 N01 N01 N01 N01 N01",40,8,1.27192809488736,1.69022432900812,0.2,0.84375
"P001369","2(N34) _ 2(N01) _ NUN~b _ 1(N34) _ 2(N14)# _ UD5~a# _ 4(N14)# _ 9(N01)# _ UDUNITA~c# _ 4(N14) _ 1(N01) _ NIR~b _ UKKIN~a _ UTUA~b _ 1(N34) _ NUN~b _ 4(N14) _ UTUA~b _ 2(N01) _ GUKKAL~a# _ KISAL~a1 _ EN~b# _ 7(N34) _ 3(N14) _ 8(N01)# _ UDU~a _ BA","N34 N34 _ N01 N01 _ NUN~b _ N34 _ N14 N14 _ UD5~a _ N14 N14 N14 N14 _ N01 N01 N01 N01 N01 N01 N01 N01 N01 _ UDUNITA~c _ N14 N14 N14 N14 _ N01 _ NIR~b _ UKKIN~a _ UTUA~b _ N34 _ NUN~b _ N14 N14 N14 N14 _ UTUA~b _ N01 N01 _ GUKKAL~a _ KISAL~a1 _ EN~b _ N34 N34 N34 N34 N34 N34 N34 _ N14 N14 N14 _ N01 N01 N01 N01 N01 N01 N01 N01 _ UDU~a _ BA",63,14,2.64953211847949,2.02593192645954,0.222222222222222,0.73469387755102
"P001370","3(N14)# _ 2(N01)# _ |DUG~bxHI@g~a|# _ 8(N01)# _ 1(N14) _ KASZ~b# _ KASZ~b _ E~c#","N14 N14 N14 _ N01 N01 _ |DUG~bxHI@g~a| _ N01 N01 N01 N01 N01 N01 N01 N01 _ N14 _ KASZ~b _ KASZ~b _ E~c",18,5,1.768853837616,1.54187236107051,0.277777777777778,0.846153846153846
"P001371","1(N01) _ SANGA~a# _ DUB~b _ NAGA~b# _ SAL _ UNUG~a _ MUSZ3~a","N01 _ SANGA~a _ DUB~b _ NAGA~b _ SAL _ UNUG~a _ MUSZ3~a",7,7,2.8073549220576,1.75702971691247,1,0
"P001372","1(N01) _ DUG~b _ 1(N34) _ 2(N14) _ 4(N01)# _ SZE3 _ PIRIG~a1# _ 1(N14) _ 5(N01) _ SZE3 _ BAR","N01 _ DUG~b _ N34 _ N14 N14 _ N01 N01 N01 N01 _ SZE3 _ PIRIG~a1 _ N14 _ N01 N01 N01 N01 N01 _ SZE3 _ BAR",19,7,2.14402391075742,1.53985810885586,0.368421052631579,0.666666666666667
"P001373","7(N01) _ BA _ 1(N01)# _ GI _ UMBIN~c _ GI@t _ TE# _ 6(N01) _ BAR","N01 N01 N01 N01 N01 N01 N01 _ BA _ N01 _ GI _ UMBIN~c _ GI@t _ TE _ N01 N01 N01 N01 N01 N01 _ BAR",20,7,1.65677964944704,1.69393238796758,0.35,0.846153846153846
"P001374","2(N01) _ EN~a _ DU _ UTUA~a _ UDUNITA~a _ SUKKAL _ 1(N01) _ ESZDA# _ UTUA~a# _ MUSZEN# _ 1(N01) _ EN~a# _ DU# _ UTUA~a# _ 1(N01) _ PIRIG~a1 _ UTUA~a _ SZUM _ 2(N01) _ UTUA~a _ PA~a _ 1(N01) _ SILA4~c _ SAR~a _ EN~a _ USZ~a# _ 2(N01)# _ GUKKAL~a _ UTUA~a _ 2(N01) _ NIM~a _ UKKIN~a#","N01 N01 _ EN~a _ DU _ UTUA~a _ UDUNITA~a _ SUKKAL _ N01 _ ESZDA _ UTUA~a _ MUSZEN _ N01 _ EN~a _ DU _ UTUA~a _ N01 _ PIRIG~a1 _ UTUA~a _ SZUM _ N01 N01 _ UTUA~a _ PA~a _ N01 _ SILA4~c _ SAR~a _ EN~a _ USZ~a _ N01 N01 _ GUKKAL~a _ UTUA~a _ N01 N01 _ NIM~a _ UKKIN~a",36,17,3.35647465379942,2.59178450003715,0.472222222222222,0.210526315789474
"P001375","1(N01)# _ ZATU662# _ 4(N01)# _ ZATU644~a _ SIG7 _ 2(N14) _ 6(N01)# _ DUR~a","N01 _ ZATU662 _ N01 N01 N01 N01 _ ZATU644~a _ SIG7 _ N14 N14 _ N01 N01 N01 N01 N01 N01 _ DUR~a",17,6,1.73136002919091,1.52869104163302,0.352941176470588,0.818181818181818
"P001376","1(N14)# _ 1(N01)# _ 8(N01) _ U8 _ BANSZUR~a _ 2(N01) _ DA~d _ 3(N01) _ 1(N58) _ 1(N01) _ NUN~b _ 1(N34) _ 2(N01) _ LAGAR~a _ TE _ SANGA~a#","N14 _ N01 _ N01 N01 N01 N01 N01 N01 N01 N01 _ U8 _ BANSZUR~a _ N01 N01 _ DA~d _ N01 N01 N01 _ N58 _ N01 _ NUN~b _ N34 _ N01 N01 _ LAGAR~a _ TE _ SANGA~a",27,11,2.18129978730214,2.19562039201872,0.407407407407407,0.75
"P001377","1(N01) _ 1(N33) _ UKKIN~a _ 1(N01) _ 1(N32) _ 1(N01)# _ 1(N32) _ EN~a# _ NUN~a _ 1(N01) _ 1(N30~c) _ NUN~a _ 1(N01) _ 1(N31) _ NAM2 _ 6(N01)# _ TE _ 6(N01) _ ZATU693 _ NIM~a# _ 4(N01) _ 1(N01)# _ 1(N30~d) _ 1(N01) _ SANGA~b# _ 1(N01) _ KISAL~b1 _ NUNUZ~a2","N01 _ N33 _ UKKIN~a _ N01 _ N32 _ N01 _ N32 _ EN~a _ NUN~a _ N01 _ N30~c _ NUN~a _ N01 _ N31 _ NAM2 _ N01 N01 N01 N01 N01 N01 _ TE _ N01 N01 N01 N01 N01 N01 _ ZATU693 _ NIM~a _ N01 N01 N01 N01 _ N01 _ N30~d _ N01 _ SANGA~b _ N01 _ KISAL~b1 _ NUNUZ~a2",41,16,2.57611054078131,2.33594424747009,0.390243902439024,0.56
"P001378","2(N01)# _ NIMGIR _ UNUG~a _ 1(N01) _ |GIxNAM2|#","N01 N01 _ NIMGIR _ UNUG~a _ N01 _ |GIxNAM2|",6,4,1.79248125036058,1.30514817481433,0.666666666666667,0.5
"P001379","EN~a# _ 1(N01) _ SAL _ 1(N01) _ LAGAR~b1# _ 1(N01)# _ ZATU621~a# _ 1(N01) _ URU~b2 _ GU4","EN~a _ N01 _ SAL _ N01 _ LAGAR~b1 _ N01 _ ZATU621~a _ N01 _ URU~b2 _ GU4",10,7,2.52192809488736,1.79985798643564,0.7,0
"P001380","7(N01)# _ NUN~b _ 1(N01) _ SZAM2# _ GUKKAL~a# _ 1(N14)","N01 N01 N01 N01 N01 N01 N01 _ NUN~b _ N01 _ SZAM2 _ GUKKAL~a _ N14",12,5,1.58496250072116,1.61045160001653,0.416666666666667,0.857142857142857
"P001381","1(N48) _ 7(N34)# _ 6(N14)# _ 3(N01) _ SZE~a#","N48 _ N34 N34 N34 N34 N34 N34 N34 _ N14 N14 N14 N14 N14 N14 _ N01 N01 N01 _ SZE~a",18,5,1.95236128139267,1.56997963731366,0.277777777777778,1
"P001382","5(N01)# _ RAD~a@g# _ EN~a# _ 1(N01) _ |NUN~a+EN~a|# _ 1(N01) _ NAM~b# _ 1(N01)# _ ZATU704 _ 1(N01)# _ PAP~a _ 1(N01)# _ RAD~a@g# _ 1(N01)# _ ZATU631# _ 1(N01) _ 1(N01) _ LAGAR~c _ 1(N14) _ 3(N01)","N01 N01 N01 N01 N01 _ RAD~a@g _ EN~a _ N01 _ |NUN~a+EN~a| _ N01 _ NAM~b _ N01 _ ZATU704 _ N01 _ PAP~a _ N01 _ RAD~a@g _ N01 _ ZATU631 _ N01 _ N01 _ LAGAR~c _ N14 _ N01 N01 N01",26,10,2.16197817967955,2.18139388319757,0.384615384615385,0.4375
"P001383","3(N34)# _ 2(N14)# _ 4(N01) _ UTUA~a _ 2(N34)# _ 7(N01)# _ UDUNITA~a# _ 1(N34) _ 1(N14) _ 9(N01) _ NUN~b# _ 4(N14)# _ 1(N01)# _ 1(N14) _ 3(N01)# _ U2~b# _ ZATU752# _ SZUBUR# _ MASZ _ 1(N14)# _ 7(N34)# _ 4(N14)# _ 4(N01)# _ U2~b# _ BAR#","N34 N34 N34 _ N14 N14 _ N01 N01 N01 N01 _ UTUA~a _ N34 N34 _ N01 N01 N01 N01 N01 N01 N01 _ UDUNITA~a _ N34 _ N14 _ N01 N01 N01 N01 N01 N01 N01 N01 N01 _ NUN~b _ N14 N14 N14 N14 _ N01 _ N14 _ N01 N01 N01 _ U2~b _ ZATU752 _ SZUBUR _ MASZ _ N14 _ N34 N34 N34 N34 N34 N34 N34 _ N14 N14 N14 N14 _ N01 N01 N01 N01 _ U2~b _ BAR",63,11,2.28176610620974,1.81027995441736,0.174603174603175,0.730769230769231
"P001384","1(N14) _ GA~a _ UDUNITA~a _ KAB","N14 _ GA~a _ UDUNITA~a _ KAB",4,4,2,1.14624062518029,1,0
"P001385","1(N07~a) _ BA _ EZINU~d _ SIMUG _ 1(N08)","N07~a _ BA _ EZINU~d _ SIMUG _ N08",5,5,2.32192809488736,1.3813781191217,1,0
"P001387","3(N01) _ IB~a _ URUDU@g~a _ 1(N01) _ EN~b _ KUR~a _ 2(N01)# _ EN~b _ ZATU752 _ BU~a# _ 1(N01) _ DUB~b# _ 1(N01) _ LAGAR~a _ UNUG~a# _ KUR~a _ BA _ TUR#","N01 N01 N01 _ IB~a _ URUDU@g~a _ N01 _ EN~b _ KUR~a _ N01 N01 _ EN~b _ ZATU752 _ BU~a _ N01 _ DUB~b _ N01 _ LAGAR~a _ UNUG~a _ KUR~a _ BA _ TUR",21,12,3.05898408944543,2.41902284531785,0.571428571428571,0.333333333333333
"P001388","1(N14) _ MA _ TE# _ IB~a _ NESAG2~a _ UMBIN~a _ SZEG9","N14 _ MA _ TE _ IB~a _ NESAG2~a _ UMBIN~a _ SZEG9",7,7,2.8073549220576,1.75702971691247,1,0
"P001389","2(N01) _ |ZATU711xX|# _ GI4~b _ 2(N01) _ |ZATU711xHI@g~a| _ GI4~b _ |AxZATU672|","N01 N01 _ |ZATU711xX| _ GI4~b _ N01 N01 _ |ZATU711xHI@g~a| _ GI4~b _ |AxZATU672|",9,5,2.0588138903312,1.51429996735675,0.555555555555556,0.5
"P001390","1(N01) _ IDIGNA# _ KUR~a","N01 _ IDIGNA _ KUR~a",3,3,1.58496250072116,0.861654166907052,1,0
"P001391","1(N01) _ KUR~a _ URUDU~a _ ERIM~a _ 1(N01) _ SAL _ SU~a _ RAD~b _ 1(N01) _ URU~a2 _ BA _ EN~b _ MAGUR~a","N01 _ KUR~a _ URUDU~a _ ERIM~a _ N01 _ SAL _ SU~a _ RAD~b _ N01 _ URU~a2 _ BA _ EN~b _ MAGUR~a",13,11,3.33467914105159,2.2915360310809,0.846153846153846,0
"P001392","3(N01) _ 2(N08) _ ZATU693 _ KID~c _ |SAL.KUR~a| _ 1(N01) _ 3(N57) _ ZATU693 _ KUR~a _ KISAL~b1 _ GESZTU~b _ PAP~a","N01 N01 N01 _ N08 N08 _ ZATU693 _ KID~c _ |SAL.KUR~a| _ N01 _ N57 N57 N57 _ ZATU693 _ KUR~a _ KISAL~b1 _ GESZTU~b _ PAP~a",17,10,3.10188122347602,2.28981050552105,0.588235294117647,0.714285714285714
"P001393","1(N01) _ GESZTU~b _ MUD3~b# _ BU~a _ A#","N01 _ GESZTU~b _ MUD3~b _ BU~a _ A",5,5,2.32192809488736,1.3813781191217,1,0
"P001394","1(N07~a) _ |AxSZUBUR| _ BA# _ GAL~a# _ 1(N08)","N07~a _ |AxSZUBUR| _ BA _ GAL~a _ N08",5,5,2.32192809488736,1.3813781191217,1,0
"P001395","1(N07~a)# _ 1(N09) _ SIG7# _ BA _ ESZDA _ 3(N07~a) _ 1(N09)","N07~a _ N09 _ SIG7 _ BA _ ESZDA _ N07~a N07~a N07~a _ N09",9,5,2.0588138903312,1.35422353419101,0.555555555555556,0.5
"P001396","1(N01) _ LAGAR~b1 _ 1(N01) _ UMUN2# _ 1(N01) _ UNUG~a# _ GU4","N01 _ LAGAR~b1 _ N01 _ UMUN2 _ N01 _ UNUG~a _ GU4",7,5,2.12808527889139,1.47796610294043,0.714285714285714,0
"P001397","2(N34)# _ 2(N14) _ 5(N01)# _ GISAL~a","N34 N34 _ N14 N14 _ N01 N01 N01 N01 N01 _ GISAL~a",10,4,1.76096404744368,1.35420474155968,0.4,1
"P001398","1(N45) _ 1(N34)","N45 _ N34",2,2,1,0.5,1,0
"P001399","2(N01)# _ SZAGAN# _ 1(N01) _ LAGAR~a _ MA2 _ 1(N01) _ LAGAR~a# _ ZAG~b _ BALA~b _ BAR","N01 N01 _ SZAGAN _ N01 _ LAGAR~a _ MA2 _ N01 _ LAGAR~a _ ZAG~b _ BALA~b _ BAR",11,7,2.55034070954639,1.85262934411962,0.636363636363636,0.25
"P001400","2(N34) _ 2(N14) _ 1(N01) _ UDU~a _ U2~b _ GUM~a _ ZATU752# _ SZAB~a","N34 N34 _ N14 N14 _ N01 _ UDU~a _ U2~b _ GUM~a _ ZATU752 _ SZAB~a",10,8,2.92192809488736,2.0291061114717,0.8,1
"P001401","1(N01) _ SZITA~a1 _ 1(N01) _ KASKAL _ 1(N01) _ BALAG _ ZATU659 _ 1(N01) _ NINDA2# _ 1(N01) _ ZATU630 _ UMUN2# _ 1(N01) _ LAM~b _ 1(N01) _ 1(N01) _ ISZ~b _ 3(N01) _ NESAG2~a _ 1(N01)# _ AB~a# _ PIRIG~a1# _ 1(N01) _ ZATU630 _ 1(N01) _ UKKIN~a _ GA2~b _ 1(N14) _ 5(N01)","N01 _ SZITA~a1 _ N01 _ KASKAL _ N01 _ BALAG _ ZATU659 _ N01 _ NINDA2 _ N01 _ ZATU630 _ UMUN2 _ N01 _ LAM~b _ N01 _ N01 _ ISZ~b _ N01 N01 N01 _ NESAG2~a _ N01 _ AB~a _ PIRIG~a1 _ N01 _ ZATU630 _ N01 _ UKKIN~a _ GA2~b _ N14 _ N01 N01 N01 N01 N01",35,16,2.76612236678988,2.48499867522346,0.457142857142857,0.368421052631579
"P001402","5(N01) _ ERIM~a# _ MASZ# _ 2(N01) _ UDUNITA~a _ 5(N01) _ MASZ _ NIMGIR _ 2(N01)# _ AN# _ URU~a1# _ GUM~a# _ PA~b _ 1(N14) _ 4(N01) _ |BU~axA|#","N01 N01 N01 N01 N01 _ ERIM~a _ MASZ _ N01 N01 _ UDUNITA~a _ N01 N01 N01 N01 N01 _ MASZ _ NIMGIR _ N01 N01 _ AN _ URU~a1 _ GUM~a _ PA~b _ N14 _ N01 N01 N01 N01 _ |BU~axA|",29,11,2.20078616664614,2.15277596045688,0.379310344827586,0.722222222222222
"P001403","1(N34) _ 1(N14) _ 1(N01) _ U8 _ UTUA~a _ SANGA~a","N34 _ N14 _ N01 _ U8 _ UTUA~a _ SANGA~a",6,6,2.58496250072116,1.58197551605495,1,0
"P001405","SAL _ 6(N01)# _ UDU~a# _ UDU~a# _ U8#","SAL _ N01 N01 N01 N01 N01 N01 _ UDU~a _ UDU~a _ U8",10,4,1.57095059445467,1.32118521642935,0.4,1
"P001406","1(N01)# _ SZAM2 _ |GA2~a1x1(N14)| _ 1(N01) _ ZATU665 _ EN~a _ |GA2~a1x1(N14)|","N01 _ SZAM2 _ |GA2~a1x1(N14)| _ N01 _ ZATU665 _ EN~a _ |GA2~a1x1(N14)|",7,5,2.23592635062903,1.41364722247978,0.714285714285714,0
"P001407","6(N01)# _ 6(N01) _ TE _ 4(N01)# _ 4(N01) _ BIR~b","N01 N01 N01 N01 N01 N01 _ N01 N01 N01 N01 N01 N01 _ TE _ N01 N01 N01 N01 _ N01 N01 N01 N01 _ BIR~b",22,3,0.530406077830604,1.07233587045716,0.136363636363636,0.947368421052632
"P001408","7(N01) _ URUDU@g~a _ 8(N01)#","N01 N01 N01 N01 N01 N01 N01 _ URUDU@g~a _ N01 N01 N01 N01 N01 N01 N01 N01",16,2,0.337290066617014,0.891971120542904,0.125,0.928571428571429
"P001409","5(N01)# _ TUM~a# _ UDU~a#","N01 N01 N01 N01 N01 _ TUM~a _ UDU~a",7,3,1.14883485428092,1.17832413863755,0.428571428571429,1
"P001410","5(N01) _ ZATU680~b _ GA2~b _ USZ~a _ 4(N01)# _ ZATU752# _ UDUNITA~c","N01 N01 N01 N01 N01 _ ZATU680~b _ GA2~b _ USZ~a _ N01 N01 N01 N01 _ ZATU752 _ UDUNITA~c",14,6,1.76954599255897,1.65472541127939,0.428571428571429,0.875
"P001411","6(N34) _ 3(N14) _ 1(N01)","N34 N34 N34 N34 N34 N34 _ N14 N14 N14 _ N01",10,3,1.29546184423832,1.28090236332295,0.3,1
"P001412","|SILA3~axSUHUR|# _ |SILA3~axX|# _ ZATU720# _ ZATU720# _ 1(N01) _ |MAH~ax(SILA3~axUMBIN~a)| _ 1(N01) _ |MAH~axZATU659| _ 1(N01) _ |SILA3~axSZE~a@t| _ 1(N01) _ |SILA3~ax(ZATU659.TU~c)| _ AMA~a _ LAM~b#","|SILA3~axSUHUR| _ |SILA3~axX| _ ZATU720 _ ZATU720 _ N01 _ |MAH~ax(SILA3~axUMBIN~a)| _ N01 _ |MAH~axZATU659| _ N01 _ |SILA3~axSZE~a@t| _ N01 _ |SILA3~ax(ZATU659.TU~c)| _ AMA~a _ LAM~b",14,10,3.09306920777189,2.18749243594325,0.714285714285714,0.25
"P001413","AN# _ 2(N14)# _ 2(N01)# _ SILA4~c _ SU~b _ 2(N01) _ U8 _ 1(N01) _ ESZGAR _ 2(N01) _ TUG2~a","AN _ N14 N14 _ N01 N01 _ SILA4~c _ SU~b _ N01 N01 _ U8 _ N01 _ ESZGAR _ N01 N01 _ TUG2~a",15,8,2.4634582986483,1.90742530592771,0.533333333333333,0.571428571428571
"P001414","1(N01) _ USZ~a# _ 2(N01) _ AK~a _ 1(N57) _ ZATU625 _ 1(N01) _ 1(N01)# _ 1(N01)# _ PA~a# _ GESZTU~b# _ 2(N01)# _ TE# _ GUKKAL~a# _ 2(N01)# _ MAR~a# _ 1(N02)# _ 1(N01)# _ UB# _ BAD# _ 1(N01)# _ 1(N02)# _ KINGAL# _ 1(N01)# _ UDU~a# _ ERIN","N01 _ USZ~a _ N01 N01 _ AK~a _ N57 _ ZATU625 _ N01 _ N01 _ N01 _ PA~a _ GESZTU~b _ N01 N01 _ TE _ GUKKAL~a _ N01 N01 _ MAR~a _ N02 _ N01 _ UB _ BAD _ N01 _ N02 _ KINGAL _ N01 _ UDU~a _ ERIN",29,16,3.13019767320226,2.65058142431733,0.551724137931034,0.384615384615385
"P001415","1(N01)# _ ZAR~c# _ |NUN~a+EN~a|# _ UKKIN~a# _ 2(N02) _ ZAR~c _ GAL~a# _ 1(N02)# _ NAM2# _ 1(N02)# _ 3(N01) _ 1(N02)# _ ZATU753# _ 1(N57)# _ ZATU625# _ 1(N01)# _ BAN~a# _ 1(N02)#","N01 _ ZAR~c _ |NUN~a+EN~a| _ UKKIN~a _ N02 N02 _ ZAR~c _ GAL~a _ N02 _ NAM2 _ N02 _ N01 N01 N01 _ N02 _ ZATU753 _ N57 _ ZATU625 _ N01 _ BAN~a _ N02",21,11,3.00567859045668,2.26851990408954,0.523809523809524,0.3
"P001416","1(N34) _ GAL~a# _ SANGA~a","N34 _ GAL~a _ SANGA~a",3,3,1.58496250072116,0.861654166907052,1,0
"P001417","3(N01)# _ LAL2~a _ MASZ _ IB~a _ GUM~a#","N01 N01 N01 _ LAL2~a _ MASZ _ IB~a _ GUM~a",7,5,2.12808527889139,1.57238953828953,0.714285714285714,1
"P001418","6(N01)# _ 9(N01) _ MUSZ3~a# _ 1(N14) _ KAB _ 6(N01) _ URU~a2 _ 8(N01) _ ERIN _ 7(N01) _ NAM2 _ 6(N01) _ ISZ~b _ ZATU758 _ 1(N34) _ 1(N01)# _ 4(N14)# _ 2(N01)# _ ZATU758# _ NAM2#","N01 N01 N01 N01 N01 N01 _ N01 N01 N01 N01 N01 N01 N01 N01 N01 _ MUSZ3~a _ N14 _ KAB _ N01 N01 N01 N01 N01 N01 _ URU~a2 _ N01 N01 N01 N01 N01 N01 N01 N01 _ ERIN _ N01 N01 N01 N01 N01 N01 N01 _ NAM2 _ N01 N01 N01 N01 N01 N01 _ ISZ~b _ ZATU758 _ N34 _ N01 _ N14 N14 N14 N14 _ N01 N01 _ ZATU758 _ NAM2",60,10,1.52784009878732,1.86728000641037,0.166666666666667,0.82
"P001419","1(N14)# _ 3(N14)# _ 2(N45)# _ 3(N14)#","N14 _ N14 N14 N14 _ N45 N45 _ N14 N14 N14",9,2,0.76420450650862,0.992170156673024,0.222222222222222,0.857142857142857
"P001420","1(N45) _ 4(N14)# _ 5(N01)# _ |1(N57).SZUBUR| _ NUN~c","N45 _ N14 N14 N14 N14 _ N01 N01 N01 N01 N01 _ |1(N57).SZUBUR| _ NUN~c",12,5,1.95082579451809,1.5308959800142,0.416666666666667,1
"P001421","1(N07~a) _ 1(N09) _ EN~a# _ NUN~a# _ 2(N07~a)# _ 1(N09)# _ BA#","N07~a _ N09 _ EN~a _ NUN~a _ N07~a N07~a _ N09 _ BA",8,5,2.15563906222957,1.37640727201259,0.625,0.333333333333333
"P001422","9(N34)# _ 5(N01)# _ 1(N14)# _ 8(N01)# _ MASZ#","N34 N34 N34 N34 N34 N34 N34 N34 N34 _ N01 N01 N01 N01 N01 _ N14 _ N01 N01 N01 N01 N01 N01 N01 N01 _ MASZ",24,4,1.39183577785386,1.33890629597439,0.166666666666667,0.95
"P001424","1(N01)# _ GU4# _ APIN~a# _ 7(N01)# _ |USZ~a&USZ~a| _ UNUG~a _ 1(N14) _ 2(N01) _ APIN~a _ |USZ~a&USZ~a|# _ MUSZ3~a _ |URU~a1xAMAR|# _ ISZ~b _ 2(N01) _ ESZDA# _ NINDA2 _ BU~a _ APIN~a _ 5(N01)# _ MUSZ3~a# _ 1(N14) _ 9(N01) _ |USZ~a&USZ~a| _ 1(N14) _ 2(N01) _ NINDA2 _ 1(N14) _ |URU~a1xAMAR|#","N01 _ GU4 _ APIN~a _ N01 N01 N01 N01 N01 N01 N01 _ |USZ~a&USZ~a| _ UNUG~a _ N14 _ N01 N01 _ APIN~a _ |USZ~a&USZ~a| _ MUSZ3~a _ |URU~a1xAMAR| _ ISZ~b _ N01 N01 _ ESZDA _ NINDA2 _ BU~a _ APIN~a _ N01 N01 N01 N01 N01 _ MUSZ3~a _ N14 _ N01 N01 N01 N01 N01 N01 N01 N01 N01 _ |USZ~a&USZ~a| _ N14 _ N01 N01 _ NINDA2 _ N14 _ |URU~a1xAMAR|",49,12,2.3878585620348,1.93612143438384,0.244897959183673,0.567567567567568
"P001425","1(N34) _ ESZDA# _ 1(N34) _ NAM2 _ KAB _ 4(N14)# _ NAM2 _ 4(N14) _ NAM2# _ 1(N34) _ 4(N14)# _ GAL~a _ KISAL~b1 _ 1(N34)# _ 4(N34) _ 4(N14)# _ 3(N34)# _ |NUN~a+EN~a| _ 1(N14)# _ |AB2x2(N14)| _ 1(N14) _ GA~a _ ZATU753 _ 1(N14)# _ 2(N34)# _ 1(N34)# _ 1(N14) _ GISZ@t _ BU~a _ 1(N14) _ SZUM _ 1(N14) _ UDU~a _ ZATU641 _ 2(N14) _ SZA _ 1(N34)# _ 1(N14)# _ IB~a# _ 3(N14) _ DUG~a _ 3(N14) _ ZATU693 _ GA2~a1 _ 3(N14) _ ZATU753 _ GA~a# _ TI@t# _ 3(N48) _ 1(N34)# _ 5(N14)# _ ZATU679# _ TI","N34 _ ESZDA _ N34 _ NAM2 _ KAB _ N14 N14 N14 N14 _ NAM2 _ N14 N14 N14 N14 _ NAM2 _ N34 _ N14 N14 N14 N14 _ GAL~a _ KISAL~b1 _ N34 _ N34 N34 N34 N34 _ N14 N14 N14 N14 _ N34 N34 N34 _ |NUN~a+EN~a| _ N14 _ |AB2x2(N14)| _ N14 _ GA~a _ ZATU753 _ N14 _ N34 N34 _ N34 _ N14 _ GISZ@t _ BU~a _ N14 _ SZUM _ N14 _ UDU~a _ ZATU641 _ N14 N14 _ SZA _ N34 _ N14 _ IB~a _ N14 N14 N14 _ DUG~a _ N14 N14 N14 _ ZATU693 _ GA2~a1 _ N14 N14 N14 _ ZATU753 _ GA~a _ TI@t _ N48 N48 N48 _ N34 _ N14 N14 N14 N14 N14 _ ZATU679 _ TI",84,25,3.01564526158882,2.75104223006588,0.297619047619048,0.559322033898305
"P001426","1(N01)# _ UD5~a _ UMUN2 _ UD5~a _ SZITA~a1 _ 1(N01)# _ NESAG2~a# _ 3(N01)# _ SUKUD# _ UD5~a# _ SANGA~a _ KAB _ 1(N01)# _ U4 _ 3(N01)#","N01 _ UD5~a _ UMUN2 _ UD5~a _ SZITA~a1 _ N01 _ NESAG2~a _ N01 N01 N01 _ SUKUD _ UD5~a _ SANGA~a _ KAB _ N01 _ U4 _ N01 N01 N01",19,9,2.49612685475178,2.00008476793197,0.473684210526316,0.4
"P001427","2(N07~a) _ PAP~a _ BA _ 3(N07~a)","N07~a N07~a _ PAP~a _ BA _ N07~a N07~a N07~a",7,3,1.14883485428092,1.01775288004088,0.428571428571429,0.75
"P001428","3(N34)# _ 2(N45) _ NESAG2~a#","N34 N34 N34 _ N45 N45 _ NESAG2~a",6,3,1.45914791702725,1.1730679664209,0.5,1
"P001429","2(N01) _ BA _ 5(N01)# _ BAN~a# _ KU6~a _ 5(N01) _ 1(N57) _ KU6~a# _ 2(N01) _ EN~b _ 1(N01) _ 1(N01) _ ZATU729 _ 1(N01) _ SZESZ~b _ DI _ 2(N01) _ U4 _ ZATU697~a _ USZ~a# _ 1(N01) _ AB~a _ 1(N01) _ GURUSZ~a# _ |USZ~a&USZ~a| _ 2(N14) _ 7(N01) _ |USZ~a&USZ~a| _ GURUSZ~a#","N01 N01 _ BA _ N01 N01 N01 N01 N01 _ BAN~a _ KU6~a _ N01 N01 N01 N01 N01 _ N57 _ KU6~a _ N01 N01 _ EN~b _ N01 _ N01 _ ZATU729 _ N01 _ SZESZ~b _ DI _ N01 N01 _ U4 _ ZATU697~a _ USZ~a _ N01 _ AB~a _ N01 _ GURUSZ~a _ |USZ~a&USZ~a| _ N14 N14 _ N01 N01 N01 N01 N01 N01 N01 _ |USZ~a&USZ~a| _ GURUSZ~a",47,16,2.52041996194119,2.41696049211336,0.340425531914894,0.612903225806452
"P001432","3(N01) _ 3(N01) _ U4 _ 3(N01) _ 3(N01) _ BU~a _ 3(N01)# _ 3(N01) _ APIN~a _ 3(N01) _ UR~a@g _ 2(N01) _ SI4~a# _ 2(N01) _ 1(N01)# _ 2(N01)# _ 2(N01) _ KA~a _ 2(N01) _ KA~a _ 1(N01)# _ EN~a# _ ERIM~a _ 1(N01)# _ SAG@n# _ 2(N01) _ MUSZEN _ 2(N01)# _ KA~a _ 2(N01) _ A _ EN~a# _ 2(N01) _ BU~a _ 1(N01)# _ KU3~a# _ 2(N01)# _ 1(N01) _ 2(N01) _ 2(N01) _ 1(N01) _ 2(N01)","N01 N01 N01 _ N01 N01 N01 _ U4 _ N01 N01 N01 _ N01 N01 N01 _ BU~a _ N01 N01 N01 _ N01 N01 N01 _ APIN~a _ N01 N01 N01 _ UR~a@g _ N01 N01 _ SI4~a _ N01 N01 _ N01 _ N01 N01 _ N01 N01 _ KA~a _ N01 N01 _ KA~a _ N01 _ EN~a _ ERIM~a _ N01 _ SAG@n _ N01 N01 _ MUSZEN _ N01 N01 _ KA~a _ N01 N01 _ A _ EN~a _ N01 N01 _ BU~a _ N01 _ KU3~a _ N01 N01 _ N01 _ N01 N01 _ N01 N01 _ N01 _ N01 N01",69,13,1.58193501338668,1.99913345413865,0.188405797101449,0.678571428571429
"P001433","1(N01) _ UNUG~a# _ BA# _ AN# _ KUR~a# _ ERIM~a# _ DUB~b# _ URUDU~a","N01 _ UNUG~a _ BA _ AN _ KUR~a _ ERIM~a _ DUB~b _ URUDU~a",8,8,3,1.91240100229841,1,0
"P001434","1(N07~a)# _ ESZDA _ KU3~a _ BA _ MUSZ3~a _ PAP~a _ DA~a _ 3(N07~a)# _ 1(N09)#","N07~a _ ESZDA _ KU3~a _ BA _ MUSZ3~a _ PAP~a _ DA~a _ N07~a N07~a N07~a _ N09",11,8,2.73215889136457,1.86405147138086,0.727272727272727,0.666666666666667
"P001435","2(N51) _ 2(N14)# _ 3(N01)","N51 N51 _ N14 N14 _ N01 N01 N01",7,3,1.55665670746282,1.15757847242827,0.428571428571429,1
"P001436","3(N34)# _ 4(N14)# _ 1(N34)# _ 2(N14)# _ 1(N01)# _ UDUNITA~a# _ 1(N14)# _ 4(N01)# _ MASZ _ 1(N34)# _ 9(N01) _ UDUNITA~c# _ 2(N34)# _ 5(N01) _ UD5~a _ SZITA~a1#","N34 N34 N34 _ N14 N14 N14 N14 _ N34 _ N14 N14 _ N01 _ UDUNITA~a _ N14 _ N01 N01 N01 N01 _ MASZ _ N34 _ N01 N01 N01 N01 N01 N01 N01 N01 N01 _ UDUNITA~c _ N34 N34 _ N01 N01 N01 N01 N01 _ UD5~a _ SZITA~a1",38,8,2.08967510122689,1.77917974108493,0.210526315789474,0.733333333333333
"P001437","4(N01) _ KASZ~b _ MASZ _ SZAB~a#","N01 N01 N01 N01 _ KASZ~b _ MASZ _ SZAB~a",7,4,1.66449777920046,1.39179519303426,0.571428571428571,1
"P001438","3(N01) _ 2(N58)# _ ZATU720# _ NUN~b _ 1(N01) _ ZATU720 _ 2(N01) _ AN#","N01 N01 N01 _ N58 N58 _ ZATU720 _ NUN~b _ N01 _ ZATU720 _ N01 N01 _ AN",12,5,1.95914791702724,1.6127260746922,0.416666666666667,0.571428571428571
"P001439","1(N14)# _ 5(N01)# _ NUN~a# _ EN~a# _ 1(N14)# _ 3(N01)# _ ERIN# _ 3(N01) _ ERIN# _ 1(N34)#","N14 _ N01 N01 N01 N01 N01 _ NUN~a _ EN~a _ N14 _ N01 N01 N01 _ ERIN _ N01 N01 N01 _ ERIN _ N34",18,6,1.83360567894174,1.54048196528778,0.333333333333333,0.666666666666667
"P001440","1(N01)# _ TUG2~a _ 1(N01) _ U8 _ 1(N01) _ UDUNITA~a","N01 _ TUG2~a _ N01 _ U8 _ N01 _ UDUNITA~a",6,4,1.79248125036058,1.25640129975424,0.666666666666667,0
"P001442","NAM2# _ 2(N01) _ KAB _ 1(N01) _ SZITA~a1# _ 2(N01) _ ESZDA _ 1(N01) _ SZE~a# _ 1(N01)# _ 1(N01)# _ GESZTU~b# _ 2(N01)# _ 2(N14) _ 5(N01) _ GU4#","NAM2 _ N01 N01 _ KAB _ N01 _ SZITA~a1 _ N01 N01 _ ESZDA _ N01 _ SZE~a _ N01 _ N01 _ GESZTU~b _ N01 N01 _ N14 N14 _ N01 N01 N01 N01 N01 _ GU4",24,9,2.0598225451325,1.96857262321984,0.375,0.6
"P001443","3(N01)# _ NUN~a# _ USZ~a _ 2(N01) _ ERIN _ USZ~a _ 1(N01) _ EZEN~c _ ZATU632~b# _ KUR~a _ 5(N01)# _ DARA3~b _ 3(N01) _ 3(N01) _ ZATU672# _ 4(N01)# _ BALAG _ 2(N34)# _ EN~a#","N01 N01 N01 _ NUN~a _ USZ~a _ N01 N01 _ ERIN _ USZ~a _ N01 _ EZEN~c _ ZATU632~b _ KUR~a _ N01 N01 N01 N01 N01 _ DARA3~b _ N01 N01 N01 _ N01 N01 N01 _ ZATU672 _ N01 N01 N01 N01 _ BALAG _ N34 N34 _ EN~a",34,12,2.25691384482816,2.08180599950993,0.352941176470588,0.727272727272727
"P001444","1(N01)# _ |1(N58).BAD~a| _ 1(N01) _ ZATU689 _ ZAG~b# _ 1(N01) _ ZATU693 _ UKKIN~a _ 1(N01) _ AK~a _ 1(N01)# _ 9(N01)# _ KU6~a _ NUN~b","N01 _ |1(N58).BAD~a| _ N01 _ ZATU689 _ ZAG~b _ N01 _ ZATU693 _ UKKIN~a _ N01 _ AK~a _ N01 _ N01 N01 N01 N01 N01 N01 N01 N01 N01 _ KU6~a _ NUN~b",22,9,2.03656939550973,1.79842542457221,0.409090909090909,0.692307692307692
"P001445","2(N01)# _ TUR3~a _ EN~b _ AB2# _ BA# _ 1(N01) _ MUSZEN _ SZE~a _ 2(N01) _ 1(N01) _ 1(N01) _ USZ~b _ ZATU620 _ 1(N01)# _ MUSZEN# _ 1(N01) _ |1(N58).BAD~a|","N01 N01 _ TUR3~a _ EN~b _ AB2 _ BA _ N01 _ MUSZEN _ SZE~a _ N01 N01 _ N01 _ N01 _ USZ~b _ ZATU620 _ N01 _ MUSZEN _ N01 _ |1(N58).BAD~a|",19,10,2.64112093381302,2.0681745495654,0.526315789473684,0.444444444444444
"P001446","6(N34)# _ EN~b _ GIR~b# _ NESAG2~a#","N34 N34 N34 N34 N34 N34 _ EN~b _ GIR~b _ NESAG2~a",9,4,1.44661666762821,1.3968953376737,0.444444444444444,1
"P001447","1(N14) _ ERIM~a _ DILMUN# _ 1(N14) _ ZATU729 _ TUR# _ 2(N01)# _ EN@g~b _ DUB~b _ SANGA~a _ UMBIN~a _ 1(N01)# _ 1(N54)# _ 3(N51)# _ BA","N14 _ ERIM~a _ DILMUN _ N14 _ ZATU729 _ TUR _ N01 N01 _ EN@g~b _ DUB~b _ SANGA~a _ UMBIN~a _ N01 _ N54 _ N51 N51 N51 _ BA",18,13,3.53049305675748,2.45075427960442,0.722222222222222,0.6
"P001448","1(N01) _ ZATU729 _ 1(N01) _ AB~a _ 2(N01) _ TE _ 1(N01)# _ APIN~a _ 1(N01) _ MUSZ3~a _ MUSZ3~a _ NA2~a _ 1(N14) _ 3(N01)#","N01 _ ZATU729 _ N01 _ AB~a _ N01 N01 _ TE _ N01 _ APIN~a _ N01 _ MUSZ3~a _ MUSZ3~a _ NA2~a _ N14 _ N01 N01 N01",17,8,2.29162019342794,1.93077880279214,0.470588235294118,0.444444444444444
"P001449","1(N14) _ |GURUSZ~ax2(N14)|# _ UTUL~d _ SZEG9 _ DA~a#","N14 _ |GURUSZ~ax2(N14)| _ UTUL~d _ SZEG9 _ DA~a",5,5,2.32192809488736,1.3813781191217,1,0
"P001450","5(N01)# _ NIMGIR# _ NIR~b# _ PA~a# _ UDU~a# _ GURUSZDA#","N01 N01 N01 N01 N01 _ NIMGIR _ NIR~b _ PA~a _ UDU~a _ GURUSZDA",10,6,2.16096404744368,1.77401220667925,0.6,1
"P001451","2(N01) _ GAR3# _ ZATU667 _ SI4~c _ IB~a _ UDUNITA~a","N01 N01 _ GAR3 _ ZATU667 _ SI4~c _ IB~a _ UDUNITA~a",7,6,2.52164063634332,1.6856011454839,0.857142857142857,1
"P001452","4(N01) _ NESAG2~a _ GU4 _ GAR3#","N01 N01 N01 N01 _ NESAG2~a _ GU4 _ GAR3",7,4,1.66449777920046,1.39179519303426,0.571428571428571,1
"P001453","5(N01) _ NUN~b _ ADAB# _ SZE3@t _ 1(N01) _ UD5~a","N01 N01 N01 N01 N01 _ NUN~b _ ADAB _ SZE3@t _ N01 _ UD5~a",10,5,1.77095059445467,1.61551595660713,0.5,0.8
"P001454","2(N14) _ 3(N58) _ URU~b2 _ NAM2# _ GURUSZDA _ GAR3","N14 N14 _ N58 N58 N58 _ URU~b2 _ NAM2 _ GURUSZDA _ GAR3",9,6,2.41938194564637,1.75646321915399,0.666666666666667,1
"P001456","3(N01)# _ BALAG","N01 N01 N01 _ BALAG",4,2,0.811278124459133,0.823120312590145,0.5,1
"P001458","NUN~b# _ 2(N01) _ GUKKAL~a _ NIMGIR _ 1(N57) _ BAR","NUN~b _ N01 N01 _ GUKKAL~a _ NIMGIR _ N57 _ BAR",7,6,2.52164063634332,1.6438181097181,0.857142857142857,1
"P001459","1(N01)# _ URU~a1 _ 1(N01) _ 1(N01) _ NAM2 _ 1(N01) _ 1(N01) _ |SZE~a.NAM2| _ 1(N01) _ ZATU753 _ PAP~a","N01 _ URU~a1 _ N01 _ N01 _ NAM2 _ N01 _ N01 _ |SZE~a.NAM2| _ N01 _ ZATU753 _ PAP~a",11,6,2.04945207278939,1.7041875624936,0.545454545454545,0.4
"P001460","1(N14)# _ 3(N01)# _ 2(N01) _ GUKKAL~a _ DUG~b# _ 3(N01) _ UD5~a _ DUG~b _ 1(N01)# _ UTUA~a# _ UD5~a# _ 1(N01) _ NUN~b _ 3(N01) _ UTUA~a _ ZATU720# _ 2(N01)# _ 2(N01) _ 3(N01)# _ GUKKAL~a# _ ZATU709 _ 2(N01)# _ UTUA~a _ MUSZ3~a#","N14 _ N01 N01 N01 _ N01 N01 _ GUKKAL~a _ DUG~b _ N01 N01 N01 _ UD5~a _ DUG~b _ N01 _ UTUA~a _ UD5~a _ N01 _ NUN~b _ N01 N01 N01 _ UTUA~a _ ZATU720 _ N01 N01 _ N01 N01 _ N01 N01 N01 _ GUKKAL~a _ ZATU709 _ N01 N01 _ UTUA~a _ MUSZ3~a",36,10,2.14596991499276,1.90298420115716,0.277777777777778,0.576923076923077
"P001461","1(N01) _ BA _ 1(N01) _ GURUSZ~a _ ZATU753","N01 _ BA _ N01 _ GURUSZ~a _ ZATU753",5,4,1.92192809488736,1.22288186904959,0.8,0
"P001462","4(N14) _ 5(N01)# _ 4(N14) _ KASZ~b#","N14 N14 N14 N14 _ N01 N01 N01 N01 N01 _ N14 N14 N14 N14 _ KASZ~b",14,3,1.26380917388355,1.25323453275481,0.214285714285714,0.909090909090909
"P001463","SI4~a# _ BA _ ZATU697~a _ PAP~a _ |MAR~bxSZE~a| _ 6(N01)#","SI4~a _ BA _ ZATU697~a _ PAP~a _ |MAR~bxSZE~a| _ N01 N01 N01 N01 N01 N01",11,6,2.04945207278939,1.41136699836365,0.545454545454545,1
"P001464","7(N01)# _ GUKKAL~a# _ 1(N01)# _ 9(N01)# _ UD5~a#","N01 N01 N01 N01 N01 N01 N01 _ GUKKAL~a _ N01 _ N01 N01 N01 N01 N01 N01 N01 N01 N01 _ UD5~a",19,3,0.59072391864065,1.0371639228081,0.157894736842105,0.9375
"P001465","2(N01)# _ 4(N39~b)#","N01 N01 _ N39~b N39~b N39~b N39~b",6,2,0.918295834054489,0.858569963785142,0.333333333333333,1
"P001466","2(N01)# _ SANGA~a# _ NUN~a _ MASZ _ LAL2~a#","N01 N01 _ SANGA~a _ NUN~a _ MASZ _ LAL2~a",6,5,2.25162916738782,1.49864218272161,0.833333333333333,1
"P001467","1(N01)# _ BU~a _ UTUA~a# _ 1(N14)# _ NUN~b","N01 _ BU~a _ UTUA~a _ N14 _ NUN~b",5,5,2.32192809488736,1.3813781191217,1,0
"P001468","1(N01) _ ESZGAR# _ 1(N01) _ NUN~b _ GA~a# _ 2(N01) _ UTUA~a _ 1(N01) _ 1(N08) _ U8 _ ZATU767 _ 1(N34) _ 1(N14) _ 5(N01)# _ NUN~b _ 1(N14) _ 1(N01) _ GUKKAL~a","N01 _ ESZGAR _ N01 _ NUN~b _ GA~a _ N01 N01 _ UTUA~a _ N01 _ N08 _ U8 _ ZATU767 _ N34 _ N14 _ N01 N01 N01 N01 N01 _ NUN~b _ N14 _ N01 _ GUKKAL~a",23,11,2.69513813844787,2.10661146446943,0.478260869565217,0.416666666666667
"P001469","1(N34)# _ U2~b _ GUKKAL~a _ 1(N01)# _ NIMGIR# _ 1(N14) _ MUSZ3~a _ NUN~b _ 1(N14) _ UTUA~a# _ IB~a# _ 1(N14) _ GESZTU~a# _ 6(N01)# _ MUSZ3~a# _ 1(N34)#","N34 _ U2~b _ GUKKAL~a _ N01 _ NIMGIR _ N14 _ MUSZ3~a _ NUN~b _ N14 _ UTUA~a _ IB~a _ N14 _ GESZTU~a _ N01 N01 N01 N01 N01 N01 _ MUSZ3~a _ N34",21,11,3.03963304389463,2.05913497712616,0.523809523809524,0.5
"P001471","3(N01) _ PAP~a _ BA _ GUN3~a _ 1(N01) _ RU _ ZAG~a _ 1(N01) _ SUKKAL _ 2(N01)# _ 1(N01) _ BIR3~a# _ 3(N01)# _ 1(N14)#","N01 N01 N01 _ PAP~a _ BA _ GUN3~a _ N01 _ RU _ ZAG~a _ N01 _ SUKKAL _ N01 N01 _ N01 _ BIR3~a _ N01 N01 N01 _ N14",19,9,2.24509868160094,1.97521243106846,0.473684210526316,0.6
"P001472","3(N01)# _ NAM2 _ DI _ 1(N01) _ URU~b1 _ GI4~a# _ 2(N01)# _ 1(N01)","N01 N01 N01 _ NAM2 _ DI _ N01 _ URU~b1 _ GI4~a _ N01 N01 _ N01",11,5,1.67293303187337,1.48579563111889,0.454545454545455,0.666666666666667
"P001473","3(N01)# _ SAL# _ 7(N01)#","N01 N01 N01 _ SAL _ N01 N01 N01 N01 N01 N01 N01",11,2,0.439496986921513,0.872777186765344,0.181818181818182,0.888888888888889
"P001474","5(N01)# _ ZATU753 _ ZATU753#","N01 N01 N01 N01 N01 _ ZATU753 _ ZATU753",7,2,0.863120568566631,0.977798787062004,0.285714285714286,1
"P001475","2(N01) _ KIN2~a _ 1(N01)# _ ERIM~a# _ 2(N01) _ MA _ 1(N01) _ AB2 _ TUR3~a _ 2(N01)# _ SZUBUR _ TE _ 2(N01) _ TE _ DA~a _ MUN~a1","N01 N01 _ KIN2~a _ N01 _ ERIM~a _ N01 N01 _ MA _ N01 _ AB2 _ TUR3~a _ N01 N01 _ SZUBUR _ TE _ N01 N01 _ TE _ DA~a _ MUN~a1",20,10,2.56096404744368,2.19149400888889,0.5,0.4
"P001476","2(N01)# _ GAL~a# _ 2(N01) _ IDIGNA# _ 2(N01) _ GESZTU~b _ 1(N01)# _ GA~a# _ ERIM~a#","N01 N01 _ GAL~a _ N01 N01 _ IDIGNA _ N01 N01 _ GESZTU~b _ N01 _ GA~a _ ERIM~a",12,6,1.94733879618755,1.73405198815136,0.5,0.5
"P001477","7(N01)# _ NUN~a# _ UBI~a# _ 5(N01)","N01 N01 N01 N01 N01 N01 N01 _ NUN~a _ UBI~a _ N01 N01 N01 N01 N01",14,3,0.73452992143947,1.1302141775099,0.214285714285714,0.909090909090909
"P001478","2(N07~b)# _ 1(N07~b)# _ 1(N09) _ EN~b _ 1(N07~b)# _ UMUN2# _ 1(N01) _ 2(N07~b)# _ 3(N07~b) _ 1(N09) _ 1(N11) _ 1(N08) _ EZINU~d _ 1(N08) _ 1(N11) _ BA _ 1(N01) _ 1(N24) _ 1(N07~b) _ 1(N09) _ 1(N11)","N07~b N07~b _ N07~b _ N09 _ EN~b _ N07~b _ UMUN2 _ N01 _ N07~b N07~b _ N07~b N07~b N07~b _ N09 _ N11 _ N08 _ EZINU~d _ N08 _ N11 _ BA _ N01 _ N24 _ N07~b _ N09 _ N11",25,10,2.7746939516467,2.04897722577693,0.4,0.4
"P001479","4(N01)# _ |GA2~a1xSUKUD| _ SU~b# _ |GA2~a1xSUHUR|# _ NUN~c#","N01 N01 N01 N01 _ |GA2~a1xSUKUD| _ SU~b _ |GA2~a1xSUHUR| _ NUN~c",8,5,2,1.59282079390498,0.625,1
"P001480","2(N34)# _ 1(N01)# _ DUR~a _ DU8~b","N34 N34 _ N01 _ DUR~a _ DU8~b",5,4,1.92192809488736,1.2813781191217,0.8,1
"P001481","5(N01)# _ |GA2~a1xHI|","N01 N01 N01 N01 N01 _ |GA2~a1xHI|",6,2,0.650022421648354,0.906819008067537,0.333333333333333,1
"P001482","5(N34)# _ 3(N14) _ 5(N01) _ MA# _ 2(N01) _ |MAxMA| _ 1(N14) _ 5(N01) _ SIG2~d4 _ 1(N14)# _ 1(N01)# _ 1(N48) _ 2(N34) _ 1(N14) _ HASZHUR _ 6(N01) _ 1(N57) _ 1(N01)","N34 N34 N34 N34 N34 _ N14 N14 N14 _ N01 N01 N01 N01 N01 _ MA _ N01 N01 _ |MAxMA| _ N14 _ N01 N01 N01 N01 N01 _ SIG2~d4 _ N14 _ N01 _ N48 _ N34 N34 _ N14 _ HASZHUR _ N01 N01 N01 N01 N01 N01 _ N57 _ N01",39,9,2.16745808151667,1.92935212767487,0.230769230769231,0.7
"P001483","|MAH~axMASZ|# _ 2(N01)# _ SZITA@g~a# _ AB2 _ 2(N01) _ SZITA@g~a# _ 2(N01)# _ 2(N01)# _ 3(N01)#","|MAH~axMASZ| _ N01 N01 _ SZITA@g~a _ AB2 _ N01 N01 _ SZITA@g~a _ N01 N01 _ N01 N01 _ N01 N01 N01",15,4,1.23664074194117,1.17049626728725,0.266666666666667,0.727272727272727
"P001484","6(N01) _ ZATU688~b# _ 1(N01)# _ 6(N01) _ 2(N14)# _ 2(N01)# _ 1(N01@r)# _ GA~a _ 1(N01) _ DU#","N01 N01 N01 N01 N01 N01 _ ZATU688~b _ N01 _ N01 N01 N01 N01 N01 N01 _ N14 N14 _ N01 N01 _ N01@r _ GA~a _ N01 _ DU",22,6,1.4594316186373,1.68828529735782,0.272727272727273,0.8125
"P001485","1(N34)# _ 1(N14)# _ 2(N01)# _ |AMARxTAR|","N34 _ N14 _ N01 N01 _ |AMARxTAR|",5,4,1.92192809488736,1.1813781191217,0.8,1
"P001486","1(N45) _ 2(N54)# _ 2(N57) _ SUKUD@g~c _ 1(N34)#","N45 _ N54 N54 _ N57 N57 _ SUKUD@g~c _ N34",7,5,2.23592635062903,1.47796610294043,0.714285714285714,1
"P001487","5(N01)# _ GISZ# _ EN~a#","N01 N01 N01 N01 N01 _ GISZ _ EN~a",7,3,1.14883485428092,1.17832413863755,0.428571428571429,1
"P001488","|GA2~a1xSUHUR|# _ KUSZU2~a#","|GA2~a1xSUHUR| _ KUSZU2~a",2,2,1,0.5,1,0
"P001489","1(N14) _ 3(N01)# _ SZITA~a3 _ AN _ 1(N14)","N14 _ N01 N01 N01 _ SZITA~a3 _ AN _ N14",7,4,1.84237099317711,1.30043561528541,0.571428571428571,0.666666666666667
"P001491","1(N34)# _ 4(N14) _ UNUG~a _ GAR3 _ 2(N14)","N34 _ N14 N14 N14 N14 _ UNUG~a _ GAR3 _ N14 N14",9,4,1.44661666762821,1.28859909866343,0.444444444444444,0.8
"P001492","2(N14)# _ 1(N01)# _ UTUA~a _ 1(N14) _ 8(N01)# _ UD5~a _ ESZGAR _ 2(N01) _ U8# _ 1(N14) _ 4(N01) _ GUKKAL~a# _ 1(N01)# _ UDUNITA~a _ 9(N01)# _ 1(N34) _ 5(N01)# _ NUN~a#","N14 N14 _ N01 _ UTUA~a _ N14 _ N01 N01 N01 N01 N01 N01 N01 N01 _ UD5~a _ ESZGAR _ N01 N01 _ U8 _ N14 _ N01 N01 N01 N01 _ GUKKAL~a _ N01 _ UDUNITA~a _ N01 N01 N01 N01 N01 N01 N01 N01 N01 _ N34 _ N01 N01 N01 N01 N01 _ NUN~a",42,10,1.69691937829649,1.79003434597558,0.238095238095238,0.75
"P001493","1(N34)# _ 2(N14) _ 4(N01)#","N34 _ N14 N14 _ N01 N01 N01 N01",7,3,1.37878349348618,1.0312538465343,0.428571428571429,1
"P001494","|NUN~a+A|# _ |GA2~a1xSUHUR|# _ BU~b#","|NUN~a+A| _ |GA2~a1xSUHUR| _ BU~b",3,3,1.58496250072116,0.861654166907052,1,0
"P001495","NUN~b _ 2(N14)# _ 7(N01)# _ |MAH~axX|# _ 1(N01)# _ 1(N01) _ NESAG2~a _ 1(N14) _ 1(N01)# _ 1(N01)# _ MAH~a#","NUN~b _ N14 N14 _ N01 N01 N01 N01 N01 N01 N01 _ |MAH~axX| _ N01 _ N01 _ NESAG2~a _ N14 _ N01 _ N01 _ MAH~a",18,6,1.7916674843771,1.60112501189587,0.333333333333333,0.75
"P001496","2(N01)# _ EN~b _ BA","N01 N01 _ EN~b _ BA",4,3,1.5,1.02124062518029,0.75,1
"P001498","2(N45)# _ 6(N14) _ EN~b","N45 N45 _ N14 N14 N14 N14 N14 N14 _ EN~b",9,3,1.22439444540599,1.12343212588801,0.333333333333333,1
"P001499","GURUSZDA _ A _ BU~a","GURUSZDA _ A _ BU~a",3,3,1.58496250072116,0.861654166907052,1,0
"P001500","1(N48)# _ 1(N34)# _ TUM~a","N48 _ N34 _ TUM~a",3,3,1.58496250072116,0.861654166907052,1,0
"P001501","2(N01)# _ |GA2~a1xSUMASZ|#","N01 N01 _ |GA2~a1xSUMASZ|",3,2,0.918295834054489,0.694987500240385,0.666666666666667,1
"P001502","2(N14)# _ 5(N01)# _ NUNUZ~b1# _ 1(N01)# _ 2(N01)# _ 1(N01) _ NUNUZ~b1# _ EN2#","N14 N14 _ N01 N01 N01 N01 N01 _ NUNUZ~b1 _ N01 _ N01 N01 _ N01 _ NUNUZ~b1 _ EN2",14,4,1.48383170684469,1.28817119991894,0.285714285714286,0.8
"P001503","2(N14)# _ 6(N01)# _ U8#","N14 N14 _ N01 N01 N01 N01 N01 N01 _ U8",9,3,1.22439444540599,1.12343212588801,0.333333333333333,1
"P001504","3(N34)# _ 1(N14)# _ 1(N01)# _ UDU~a# _ 1(N34)# _ 1(N14)# _ 1(N01)#","N34 N34 N34 _ N14 _ N01 _ UDU~a _ N34 _ N14 _ N01",9,4,1.83659166810898,1.27624145302274,0.444444444444444,0.4
"P001505","2(N01)# _ 1(N01)#","N01 N01 _ N01",3,1,0,0.430827083453526,0.333333333333333,1
"P001507","2(N54)# _ 8(N51)# _ 1(N14) _ 2(N01) _ |GA2~a1xSUKUD| _ 1(N14) _ |GA2~a1xSUKUD|#","N54 N54 _ N51 N51 N51 N51 N51 N51 N51 N51 _ N14 _ N01 N01 _ |GA2~a1xSUKUD| _ N14 _ |GA2~a1xSUKUD|",16,5,2,1.5743543784265,0.3125,0.818181818181818
"P001508","2(N14)#","N14 N14",2,1,0,0.25,0.5,1
"P001509","1(N01)# _ 1(N28)","N01 _ N28",2,2,1,0.5,1,0
"P001510","6(N34)# _ 4(N14)# _ 6(N01)# _ TE","N34 N34 N34 N34 N34 N34 _ N14 N14 N14 N14 _ N01 N01 N01 N01 N01 N01 _ TE",17,4,1.79219519368246,1.4968664684838,0.235294117647059,1
"P001511","1(N01)# _ NE~a# _ 4(N01) _ GI _ |1(N57).SZUBUR|","N01 _ NE~a _ N01 N01 N01 N01 _ GI _ |1(N57).SZUBUR|",8,4,1.5487949406954,1.33328668180099,0.5,0.75
"P001512","UTUA~a# _ GURUSZDA _ UNUG~a","UTUA~a _ GURUSZDA _ UNUG~a",3,3,1.58496250072116,0.861654166907052,1,0
"P001513","1(N14) _ 5(N01)# _ ZATU817","N14 _ N01 N01 N01 N01 N01 _ ZATU817",7,3,1.14883485428092,1.04756573158208,0.428571428571429,1
"P001514","3(N01)# _ BA# _ 1(N01)# _ GU4# _ |(DUBxDISZ)~a|# _ 3(N02)# _ TE# _ NUN~a# _ U4","N01 N01 N01 _ BA _ N01 _ GU4 _ |(DUBxDISZ)~a| _ N02 N02 N02 _ TE _ NUN~a _ U4",13,8,2.71929452566698,2.0643479312498,0.615384615384615,0.8
"P001516","1(N01)# _ ZATU670 _ U4#","N01 _ ZATU670 _ U4",3,3,1.58496250072116,0.861654166907052,1,0
"P001517","GI# _ 1(N02) _ KISAL~a1 _ SANGA~a# _ KUR~a#","GI _ N02 _ KISAL~a1 _ SANGA~a _ KUR~a",5,5,2.32192809488736,1.3813781191217,1,0
"P001518","1(N14) _ UDU~a# _ URUDU~a#","N14 _ UDU~a _ URUDU~a",3,3,1.58496250072116,0.861654166907052,1,0
"P001519","3(N01) _ NESAG2~a","N01 N01 N01 _ NESAG2~a",4,2,0.811278124459133,0.823120312590145,0.5,1
"P001520","1(N01)# _ SZITA~a1# _ 1(N34) _ 2(N14) _ 2(N01) _ UMBIN~a _ 1(N01)#","N01 _ SZITA~a1 _ N34 _ N14 N14 _ N01 N01 _ UMBIN~a _ N01",9,5,2.0588138903312,1.44744975114171,0.555555555555556,0.5
"P001521","3(N01)# _ ERIM~a# _ KASZ~b# _ |AB~axA@t|#","N01 N01 N01 _ ERIM~a _ KASZ~b _ |AB~axA@t|",6,4,1.79248125036058,1.36656197432818,0.666666666666667,1
"P001522","1(N01) _ NUN~b _ RAD~b#","N01 _ NUN~b _ RAD~b",3,3,1.58496250072116,0.861654166907052,1,0
"P001523","2(N01)# _ UD5~a","N01 N01 _ UD5~a",3,2,0.918295834054489,0.694987500240385,0.666666666666667,1
"P001524","4(N01)# _ 3(N01)#","N01 N01 N01 N01 _ N01 N01 N01",7,1,0,0.624876355033059,0.142857142857143,1
"P001525","1(N34)# _ 3(N14)# _ 3(N01)# _ BIR3~b _ UNUG~a","N34 _ N14 N14 N14 _ N01 N01 N01 _ BIR3~b _ UNUG~a",9,5,2.11328333429487,1.5533881175644,0.555555555555556,1
"P001528","ESZDA# _ KAB# _ NAM2# _ EN~b# _ EN~b _ |GA2~a3xX|","ESZDA _ KAB _ NAM2 _ EN~b _ EN~b _ |GA2~a3xX|",6,5,2.25162916738782,1.38848150814767,0.833333333333333,1
"P001529","5(N01)# _ MA2# _ 7(N14)# _ 3(N01)#","N01 N01 N01 N01 N01 _ MA2 _ N14 N14 N14 N14 N14 N14 N14 _ N01 N01 N01",16,3,1.2717822215998,1.23747459506373,0.1875,0.923076923076923
"P001530","4(N14)# _ 4(N01) _ BU~a# _ 2(N01)# _ 4(N01) _ PA~a _ BAR# _ 2(N34)# _ 3(N01) _ 2(N01)#","N14 N14 N14 N14 _ N01 N01 N01 N01 _ BU~a _ N01 N01 _ N01 N01 N01 N01 _ PA~a _ BAR _ N34 N34 _ N01 N01 N01 _ N01 N01",24,6,1.72648921179917,1.59852948772145,0.25,0.888888888888889
"P001531","5(N01)# _ ZATU693# _ MASZ _ NUN~b# _ 2(N01)# _ NUN~b _ MUSZ3~a# _ 7(N01)# _ ZATU753# _ USZ~a# _ UDUNITA~a# _ GURUSZDA _ UNUG~a _ 1(N14) _ 9(N01) _ UNUG~a _ GURUSZDA","N01 N01 N01 N01 N01 _ ZATU693 _ MASZ _ NUN~b _ N01 N01 _ NUN~b _ MUSZ3~a _ N01 N01 N01 N01 N01 N01 N01 _ ZATU753 _ USZ~a _ UDUNITA~a _ GURUSZDA _ UNUG~a _ N14 _ N01 N01 N01 N01 N01 N01 N01 N01 N01 _ UNUG~a _ GURUSZDA",36,11,2.11320486285033,1.89875416208881,0.305555555555556,0.76
"P001532","2(N01)# _ BU~a _ 1(N01) _ AB~a# _ SAL# _ 5(N01)#","N01 N01 _ BU~a _ N01 _ AB~a _ SAL _ N01 N01 N01 N01 N01",11,4,1.27761343681912,1.25648226470704,0.363636363636364,0.714285714285714
"P001534","3(N01)# _ NIR~b _ KISAL~b1# _ KASZ~b","N01 N01 N01 _ NIR~b _ KISAL~b1 _ KASZ~b",6,4,1.79248125036058,1.36656197432818,0.666666666666667,1
"P001535","1(N01)# _ 1(N01)#","N01 _ N01",2,1,0,0.25,0.5,1
"P001536","3(N01)# _ U4# _ GU4 _ UNUG~a# _ APIN~a# _ |USZ~a&USZ~a|# _ 1(N14) _ 2(N01) _ APIN~a _ GU4 _ |USZ~a&USZ~a| _ MUSZ3~a","N01 N01 N01 _ U4 _ GU4 _ UNUG~a _ APIN~a _ |USZ~a&USZ~a| _ N14 _ N01 N01 _ APIN~a _ GU4 _ |USZ~a&USZ~a| _ MUSZ3~a",15,8,2.7329145639794,1.9644630739879,0.533333333333333,0.428571428571429
"P001537","5(N01)#","N01 N01 N01 N01 N01",5,1,0,0.571190309536813,0.2,1
"P001538","EN~a# _ NUN~a#","EN~a _ NUN~a",2,2,1,0.5,1,0
"P001539","2(N34)# _ TE#","N34 N34 _ TE",3,2,0.918295834054489,0.694987500240385,0.666666666666667,1
"P001541","1(N34)# _ 1(N14) _ KISAL~b1#","N34 _ N14 _ KISAL~b1",3,3,1.58496250072116,0.861654166907052,1,0
"P001550","2(N01) _ SAL _ 1(N01) _ KUR~a _ 2(N01) _ SAL _ 1(N01) _ KUR~a# _ SILA4~b _ DIM~b _ 5(N01)# _ SAL _ 2(N01)# _ KUR~a# _ NUN~a _ GA~a _ 1(N14) _ 3(N01)# _ |SAL.KUR~a|# _ BU~a# _ DIM~b# _ A# _ ZATU758#","N01 N01 _ SAL _ N01 _ KUR~a _ N01 N01 _ SAL _ N01 _ KUR~a _ SILA4~b _ DIM~b _ N01 N01 N01 N01 N01 _ SAL _ N01 N01 _ KUR~a _ NUN~a _ GA~a _ N14 _ N01 N01 N01 _ |SAL.KUR~a| _ BU~a _ DIM~b _ A _ ZATU758",32,12,2.64031953111478,2.17896425540675,0.375,0.45
"P001551","2(N01) _ BU~a _ A _ GUM~a _ UDUNITA~a _ PIRIG~a1#","N01 N01 _ BU~a _ A _ GUM~a _ UDUNITA~a _ PIRIG~a1",7,6,2.52164063634332,1.6856011454839,0.857142857142857,1
"P001552","5(N01)# _ MASZ _ MAR~a _ BU~a _ GURUSZDA# _ 2(N01) _ UDUNITA~a# _ MUSZ3~a# _ 5(N01)# _ NUN~b# _ NUN~a _ ZATU753#","N01 N01 N01 N01 N01 _ MASZ _ MAR~a _ BU~a _ GURUSZDA _ N01 N01 _ UDUNITA~a _ MUSZ3~a _ N01 N01 N01 N01 N01 _ NUN~b _ NUN~a _ ZATU753",21,10,2.34376742236667,2.06505627540131,0.476190476190476,0.818181818181818
"P001554","4(N01) _ BA _ 1(N01) _ GI _ TE _ PIRIG~a1# _ DA~a _ 5(N01) _ DA~a _ TE _ PIRIG~a1#","N01 N01 N01 N01 _ BA _ N01 _ GI _ TE _ PIRIG~a1 _ DA~a _ N01 N01 N01 N01 N01 _ DA~a _ TE _ PIRIG~a1",18,6,1.99107605983822,1.60810781501355,0.333333333333333,0.583333333333333
"P001556","5(N01)# _ UDU~a _ |1(N58).BAD~a|# _ 1(N14) _ UD5~a# _ 2(N01)# _ UDUNITA~a _ 4(N01)# _ MASZ# _ ERIM~a# _ GURUSZDA# _ 2(N14) _ 1(N01)#","N01 N01 N01 N01 N01 _ UDU~a _ |1(N58).BAD~a| _ N14 _ UD5~a _ N01 N01 _ UDUNITA~a _ N01 N01 N01 N01 _ MASZ _ ERIM~a _ GURUSZDA _ N14 N14 _ N01",22,9,2.28786627723651,2.0421163232064,0.409090909090909,0.692307692307692
"P001558","1(N34) _ DUR~a# _ UNUG~a _ SZE3","N34 _ DUR~a _ UNUG~a _ SZE3",4,4,2,1.14624062518029,1,0
"P001559","2(N14) _ BU~a _ UTUA~a# _ 1(N14) _ NUN~b _ U4 _ GA2~b# _ ERIM~a _ A","N14 N14 _ BU~a _ UTUA~a _ N14 _ NUN~b _ U4 _ GA2~b _ ERIM~a _ A",10,8,2.84643934467102,2.01300970672733,0.8,0.5
"P001563","1(N01)# _ AB~a _ 5(N01)# _ |URU~a2x1(N58)| _ 1(N01)# _ U4# _ PAP~a# _ 1(N01)# _ KISAL~b1# _ 1(N01) _ 1(N01) _ GESZTU~b _ 1(N01) _ BU~a _ NUN~a# _ 1(N01)# _ 1(N01)# _ |1(N58).BAD~a|# _ 1(N01) _ |SAGxGESZTU~a|# _ 2(N01) _ 1(N01) _ AN# _ 1(N01) _ 2(N01)# _ GESZTU~b# _ BU~a _ 1(N01) _ SAG _ 1(N01) _ GA2~a4 _ 2(N01)# _ UMUN2# _ PAP~a","N01 _ AB~a _ N01 N01 N01 N01 N01 _ |URU~a2x1(N58)| _ N01 _ U4 _ PAP~a _ N01 _ KISAL~b1 _ N01 _ N01 _ GESZTU~b _ N01 _ BU~a _ NUN~a _ N01 _ N01 _ |1(N58).BAD~a| _ N01 _ |SAGxGESZTU~a| _ N01 N01 _ N01 _ AN _ N01 _ N01 N01 _ GESZTU~b _ BU~a _ N01 _ SAG _ N01 _ GA2~a4 _ N01 N01 _ UMUN2 _ PAP~a",41,15,2.52733005297643,2.49282171974547,0.365853658536585,0.423076923076923
"P001567","1(N01)# _ NINDA2# _ 2(N01)# _ 1(N39~b)# _ 3(N01)# _ 1(N24)# _ 1(N14) _ 4(N01)# _ U4 _ 1(N14) _ SZA3~c# _ ZATU629# _ 1(N14) _ 1(N01)# _ ZATU726~d# _ 1(N14)# _ 1(N14)# _ 1(N01)# _ UMBIN~a _ 1(N01)# _ 2(N01) _ UMBIN~a _ 1(N01)# _ |MAH~axMASZ|# _ 1(N14)# _ |SILA3~axX| _ 1(N14)# _ |SILA3~axX| _ 2(N14)# _ |SILA3~axX|# _ 2(N14)# _ |SILA3~axX|# _ 1(N14) _ ZATU720 _ 5(N01) _ SZUBUR _ AN _ |NINDA2x1(N08)| _ 1(N01) _ 1(N39~b) _ 2(N01) _ 1(N24) _ 2(N01) _ DU8~c _ 1(N01) _ ZATU726~d _ 2(N01)# _ U4 _ 2(N01) _ |LAGAB~axPA~a| _ 1(N01)# _ SZA3~c# _ 1(N01) _ |DUG~bxMASZ| _ 1(N01) _ UMBIN~a# _ 1(N01) _ UDU~a# _ 5(N01)# _ 5(N01) _ ZATU717","N01 _ NINDA2 _ N01 N01 _ N39~b _ N01 N01 N01 _ N24 _ N14 _ N01 N01 N01 N01 _ U4 _ N14 _ SZA3~c _ ZATU629 _ N14 _ N01 _ ZATU726~d _ N14 _ N14 _ N01 _ UMBIN~a _ N01 _ N01 N01 _ UMBIN~a _ N01 _ |MAH~axMASZ| _ N14 _ |SILA3~axX| _ N14 _ |SILA3~axX| _ N14 N14 _ |SILA3~axX| _ N14 N14 _ |SILA3~axX| _ N14 _ ZATU720 _ N01 N01 N01 N01 N01 _ SZUBUR _ AN _ |NINDA2x1(N08)| _ N01 _ N39~b _ N01 N01 _ N24 _ N01 N01 _ DU8~c _ N01 _ ZATU726~d _ N01 N01 _ U4 _ N01 N01 _ |LAGAB~axPA~a| _ N01 _ SZA3~c _ N01 _ |DUG~bxMASZ| _ N01 _ UMBIN~a _ N01 _ UDU~a _ N01 N01 N01 N01 N01 _ N01 N01 N01 N01 N01 _ ZATU717",86,21,2.78780165184567,2.44039185769253,0.244186046511628,0.430769230769231
"P001568","7(N01)# _ GU4# _ 1(N01) _ AMAR# _ 1(N01)# _ GU4 _ 1(N01) _ GU4# _ 1(N01) _ PA~a# _ 1(N01) _ NUN~a# _ SANGA~a _ GU4 _ 1(N01)# _ AB~a _ AB2# _ 1(N01) _ PA~a _ AB2 _ 1(N01)# _ 1(N08) _ 1(N01) _ 1(N08) _ U2~b _ AB2 _ 1(N01) _ MAR~a _ GU4 _ |MAH~axX|# _ GU4# _ 1(N01) _ SZUM# _ GU4 _ 1(N01) _ GU4 _ UR3~a1 _ 1(N01) _ KU6~a# _ NUN~a _ 1(N01)# _ EN~b _ SAL _ 1(N01)# _ ZATU693# _ 1(N01) _ NUN~a# _ 1(N01)# _ GISAL~b _ 2(N01)# _ SANGA~a _ NUN~a _ GU4 _ 1(N14) _ 4(N01)# _ GU4 _ 4(N01) _ AB2 _ 4(N01) _ AMAR _ BA# _ 6(N01)# _ GU4","N01 N01 N01 N01 N01 N01 N01 _ GU4 _ N01 _ AMAR _ N01 _ GU4 _ N01 _ GU4 _ N01 _ PA~a _ N01 _ NUN~a _ SANGA~a _ GU4 _ N01 _ AB~a _ AB2 _ N01 _ PA~a _ AB2 _ N01 _ N08 _ N01 _ N08 _ U2~b _ AB2 _ N01 _ MAR~a _ GU4 _ |MAH~axX| _ GU4 _ N01 _ SZUM _ GU4 _ N01 _ GU4 _ UR3~a1 _ N01 _ KU6~a _ NUN~a _ N01 _ EN~b _ SAL _ N01 _ ZATU693 _ N01 _ NUN~a _ N01 _ GISAL~b _ N01 N01 _ SANGA~a _ NUN~a _ GU4 _ N14 _ N01 N01 N01 N01 _ GU4 _ N01 N01 N01 N01 _ AB2 _ N01 N01 N01 N01 _ AMAR _ BA _ N01 N01 N01 N01 N01 N01 _ GU4",84,21,2.79388005343291,2.55135242922493,0.25,0.333333333333333
"P001569","1(N01)# _ UDU~a _ 1(N28) _ 1(N14) _ SZE~a _ ZATU689# _ 1(N01)# _ 1(N01)# _ GUKKAL~a#","N01 _ UDU~a _ N28 _ N14 _ SZE~a _ ZATU689 _ N01 _ N01 _ GUKKAL~a",9,7,2.64160416786859,1.72949506208898,0.777777777777778,0.5
"P001573","1(N14)# _ 1(N01)# _ MUSZ3~a _ KID~d _ 1(N01)# _ MUSZ3~a _ 1(N34)# _ SUHUR","N14 _ N01 _ MUSZ3~a _ KID~d _ N01 _ MUSZ3~a _ N34 _ SUHUR",8,6,2.5,1.55734683809606,0.75,0
"P001574","1(N48)# _ 5(N34)# _ KU6~a _ GAR3#","N48 _ N34 N34 N34 N34 N34 _ KU6~a _ GAR3",8,4,1.5487949406954,1.29162001513432,0.5,1
"P001575","9(N01)# _ EN~b# _ 1(N01) _ 1(N01) _ SI4~a _ 1(N01)#","N01 N01 N01 N01 N01 N01 N01 N01 N01 _ EN~b _ N01 _ N01 _ SI4~a _ N01",14,3,0.73452992143947,1.26201218437342,0.214285714285714,0.818181818181818
"P001576","2(N01)# _ 2(N01) _ GI","N01 N01 _ N01 N01 _ GI",5,2,0.721928094887362,0.870049785692216,0.4,1
"P001577","5(N34)# _ 7(N01)#","N34 N34 N34 N34 N34 _ N01 N01 N01 N01 N01 N01 N01",12,2,0.979868756651153,1.03443165889634,0.166666666666667,1
"P001582","1(N51)# _ 1(N26)# _ 1(N51) _ 1(N34) _ 1(N14) _ 5(N01)# _ SIG2~a3 _ 1(N51)# _ 1(N51)# _ 1(N01)#","N51 _ N26 _ N51 _ N34 _ N14 _ N01 N01 N01 N01 N01 _ SIG2~a3 _ N51 _ N51 _ N01",14,6,2.12808527889139,1.6304618007633,0.428571428571429,0.625
"P001583","1(N01)# _ AB2 _ 1(N01) _ DUG~b _ ZATU637 _ AB2","N01 _ AB2 _ N01 _ DUG~b _ ZATU637 _ AB2",6,4,1.91829583405449,1.23448176593475,0.666666666666667,0
"P001584","1(N14) _ 1(N34)# _ ZATU693","N14 _ N34 _ ZATU693",3,3,1.58496250072116,0.861654166907052,1,0
"P001586","2(N14)# _ SUHUR _ UB#","N14 N14 _ SUHUR _ UB",4,3,1.5,1.02124062518029,0.75,1
"P001588","KASZ~b# _ |NUN~a+EN~a| _ 2(N51)# _ 1(N51)#","KASZ~b _ |NUN~a+EN~a| _ N51 N51 _ N51",5,3,1.37095059445467,0.949185309632967,0.6,1
"P001590","4(N01)# _ DUG~b _ 3(N01) _ SZU2","N01 N01 N01 N01 _ DUG~b _ N01 N01 N01 _ SZU2",9,3,0.986426728730843,1.17802216990032,0.333333333333333,0.833333333333333
"P001591","2(N01) _ 2(N58) _ MU _ UMBIN~a _ 2(N01) _ ZATU720 _ 2(N01) _ |DUG~bxMASZ|# _ 1(N01) _ UKKIN~a# _ 2(N01) _ |MAH~axUTUA~a| _ 4(N01) _ |MAH~axGUKKAL~a|# _ 1(N01) _ 2(N01)# _ 2(N01)# _ 2(N14)# _ 4(N01)#","N01 N01 _ N58 N58 _ MU _ UMBIN~a _ N01 N01 _ ZATU720 _ N01 N01 _ |DUG~bxMASZ| _ N01 _ UKKIN~a _ N01 N01 _ |MAH~axUTUA~a| _ N01 N01 N01 N01 _ |MAH~axGUKKAL~a| _ N01 _ N01 N01 _ N01 N01 _ N14 N14 _ N01 N01 N01 N01",33,10,1.95022758572147,1.95579185978605,0.303030303030303,0.695652173913043
"P001593","UD5~a# _ 9(N01) _ UD5~a# _ UTUA~a# _ 2(N01) _ 2(N08) _ UD5~a","UD5~a _ N01 N01 N01 N01 N01 N01 N01 N01 N01 _ UD5~a _ UTUA~a _ N01 N01 _ N08 N08 _ UD5~a",17,4,1.45166076435777,1.41106804901443,0.235294117647059,0.769230769230769
"P001597","1(N34) _ 6(N01) _ SANGA~a","N34 _ N01 N01 N01 N01 N01 N01 _ SANGA~a",8,3,1.06127812445913,1.03812019608562,0.375,1
"P001600","1(N34) _ 2(N14)# _ 1(N01)# _ UDU~a# _ GURUSZDA","N34 _ N14 N14 _ N01 _ UDU~a _ GURUSZDA",6,5,2.25162916738782,1.44989530766152,0.833333333333333,1
"P001602","1(N07~a)# _ 1(N09)# _ LAM~b _ SAG _ 2(N07~a)# _ 1(N09)#","N07~a _ N09 _ LAM~b _ SAG _ N07~a N07~a _ N09",7,4,1.84237099317711,1.14446545372867,0.571428571428571,0.333333333333333
"P001603","NAM2@t _ KAB# _ UNUG~a _ ZATU818","NAM2@t _ KAB _ UNUG~a _ ZATU818",4,4,2,1.14624062518029,1,0
"P001604","1(N34)# _ 2(N14) _ SZITA~a1 _ 1(N34)#","N34 _ N14 N14 _ SZITA~a1 _ N34",5,3,1.52192809488736,0.990689059560852,0.6,0.5
"P001607","1(N01)# _ EN@g~b _ SZAGAN#","N01 _ EN@g~b _ SZAGAN",3,3,1.58496250072116,0.861654166907052,1,0
"P001608","SI4~a# _ 2(N14) _ BIR3~b _ SUHUR# _ 1(N14) _ NUN~a#","SI4~a _ N14 N14 _ BIR3~b _ SUHUR _ N14 _ NUN~a",7,5,2.12808527889139,1.45917793109516,0.714285714285714,0.5
"P001609","4(N14)# _ 3(N01)#","N14 N14 N14 N14 _ N01 N01 N01",7,2,0.985228136034252,1.00662966283578,0.285714285714286,1
"P001610","5(N01) _ MUSZ3~a#","N01 N01 N01 N01 N01 _ MUSZ3~a",6,2,0.650022421648354,0.906819008067537,0.333333333333333,1
"P001612","NINDA2# _ SZU2 _ NINDA2 _ ZATU626~a _ 1(N01)# _ 1(N01)#","NINDA2 _ SZU2 _ NINDA2 _ ZATU626~a _ N01 _ N01",6,4,1.91829583405449,1.23448176593475,0.666666666666667,0.5
"P001613","1(N01) _ ZATU753 _ UNUG~a _ NESAG2~a","N01 _ ZATU753 _ UNUG~a _ NESAG2~a",4,4,2,1.14624062518029,1,0
"P001620","2(N01) _ UD5~a# _ LAGAR~c _ PA~a#","N01 N01 _ UD5~a _ LAGAR~c _ PA~a",5,4,1.92192809488736,1.2813781191217,0.8,1
"P001622","3(N01)# _ SAL#","N01 N01 N01 _ SAL",4,2,0.811278124459133,0.823120312590145,0.5,1
"P001624","6(N01)# _ EN~b# _ KISAL~b1","N01 N01 N01 N01 N01 N01 _ EN~b _ KISAL~b1",8,3,1.06127812445913,1.17526662970263,0.375,1
"P001625","3(N01)# _ |DUG~bxHI@g~a|# _ URU~c","N01 N01 N01 _ |DUG~bxHI@g~a| _ URU~c",5,3,1.37095059445467,1.12288186904959,0.6,1
"P001626","4(N01)# _ 1(N14)# _ 2(N01)# _ HASZHUR#","N01 N01 N01 N01 _ N14 _ N01 N01 _ HASZHUR",8,3,1.06127812445913,1.20194756954962,0.375,0.8
"P001627","2(N01)#","N01 N01",2,1,0,0.25,0.5,1
"P001628","2(N14)#","N14 N14",2,1,0,0.25,0.5,1
"P001629","2(N34)#","N34 N34",2,1,0,0.25,0.5,1
"P001630","1(N14)# _ 2(N01)#","N14 _ N01 N01",3,2,0.918295834054489,0.597493750120193,0.666666666666667,1
"P001631","1(N34)# _ SUHUR#","N34 _ SUHUR",2,2,1,0.5,1,0
"P001633","2(N01) _ ZATU693@t _ |GA2~a1xEN~b| _ MASZ _ 6(N01)# _ ZATU693 _ UDU~a _ UNUG~a# _ GURUSZDA#","N01 N01 _ ZATU693@t _ |GA2~a1xEN~b| _ MASZ _ N01 N01 N01 N01 N01 N01 _ ZATU693 _ UDU~a _ UNUG~a _ GURUSZDA",15,8,2.30689059560852,1.85556559318032,0.533333333333333,0.857142857142857
"P001637","2(N01)#","N01 N01",2,1,0,0.25,0.5,1
"P001645","1(N14)# _ PA~a _ UDUNITA~a#","N14 _ PA~a _ UDUNITA~a",3,3,1.58496250072116,0.861654166907052,1,0
"P001649","1(N14) _ 2(N01)# _ NAMESZDA# _ 6(N01)# _ MUSZ3~a _ 1(N01)# _ 2(N14)# _ KASZ~b","N14 _ N01 N01 _ NAMESZDA _ N01 N01 N01 N01 N01 N01 _ MUSZ3~a _ N01 _ N14 N14 _ KASZ~b",15,5,1.6879430945989,1.51628019481419,0.333333333333333,0.7
"P001650","4(N01)#","N01 N01 N01 N01",4,1,0,0.50708020839343,0.25,1
"P001651","3(N01)#","N01 N01 N01",3,1,0,0.430827083453526,0.333333333333333,1
"P001653","2(N48)# _ 6(N34) _ 3(N14) _ MA# _ 2(N14) _ 4(N01) _ |MAxMA| _ DARA4~a2 _ 3(N48)# _ 3(N34)# _ HASZHUR _ 2(N34) _ SIG2~d4 _ 1(N14)# _ 1(N01) _ DIN#","N48 N48 _ N34 N34 N34 N34 N34 N34 _ N14 N14 N14 _ MA _ N14 N14 _ N01 N01 N01 N01 _ |MAxMA| _ DARA4~a2 _ N48 N48 N48 _ N34 N34 N34 _ HASZHUR _ N34 N34 _ SIG2~d4 _ N14 _ N01 _ DIN",33,10,2.71764249032176,2.09676871669366,0.303030303030303,0.739130434782609
"P001654","SZUBUR _ |NUN~a+EN~a|#","SZUBUR _ |NUN~a+EN~a|",2,2,1,0.5,1,0
"P001655","2(N01)# _ DIN# _ 2(N14)# _ 4(N01) _ DIN","N01 N01 _ DIN _ N14 N14 _ N01 N01 N01 N01 _ DIN",10,3,1.37095059445467,1.05109714036822,0.3,0.714285714285714
"P001656","1(N14)# _ 4(N01) _ U8 _ 2(N01)#","N14 _ N01 N01 N01 N01 _ U8 _ N01 N01",8,3,1.06127812445913,1.08010742990141,0.375,0.8
"P001657","4(N01)# _ |MAH~axUD5~a|# _ 1(N01)# _ 2(N01) _ |MAH~axUD5~a|# _ GI6 _ 2(N01)#","N01 N01 N01 N01 _ |MAH~axUD5~a| _ N01 _ N01 N01 _ |MAH~axUD5~a| _ GI6 _ N01 N01",12,3,1.04085208297276,1.20179965649733,0.25,0.666666666666667
"P001658","2(N01) _ UD5~a# _ 1(N01) _ 1(N01)","N01 N01 _ UD5~a _ N01 _ N01",5,2,0.721928094887362,0.782518642966301,0.4,0.666666666666667
"P001659","1(N01)# _ BA _ 1(N01)# _ SI _ 1(N01)# _ 1(N01)# _ SZEG9# _ AN#","N01 _ BA _ N01 _ SI _ N01 _ N01 _ SZEG9 _ AN",8,5,2,1.50666018377781,0.625,0.333333333333333
"P001660","1(N01) _ UTUA~a _ U4","N01 _ UTUA~a _ U4",3,3,1.58496250072116,0.861654166907052,1,0
"P001661","MA2 _ |DUG~bxSZE~a| _ SANGA~a","MA2 _ |DUG~bxSZE~a| _ SANGA~a",3,3,1.58496250072116,0.861654166907052,1,0
"P001662","1(N01)# _ GI# _ DUB~b# _ PAP~a","N01 _ GI _ DUB~b _ PAP~a",4,4,2,1.14624062518029,1,0
"P001664","1(N01) _ |ZATU737xUNUG~a| _ AB2 _ TUR3~a _ AMAR _ AN _ UNUG~a","N01 _ |ZATU737xUNUG~a| _ AB2 _ TUR3~a _ AMAR _ AN _ UNUG~a",7,7,2.8073549220576,1.75702971691247,1,0
"P001665","1(N01) _ UMBIN~a# _ 2(N01)# _ ERIM~a#","N01 _ UMBIN~a _ N01 N01 _ ERIM~a",5,3,1.37095059445467,1.02288186904959,0.6,0.5
"P001667","3(N01)# _ NUN~a","N01 N01 N01 _ NUN~a",4,2,0.811278124459133,0.823120312590145,0.5,1
"P001706","1(N14)# _ 6(N01)# _ GAL~a _ GA~a _ 7(N01) _ 1(N08) _ EN~a _ TUR3~a _ 7(N01) _ 1(N08) _ MUN~a1 _ DI _ 7(N01)# _ 1(N08) _ 3(N58) _ 1(N01)# _ 1(N51)# _ 1(N51)# _ 1(N14)# _ 2(N51)# _ 1(N34)#","N14 _ N01 N01 N01 N01 N01 N01 _ GAL~a _ GA~a _ N01 N01 N01 N01 N01 N01 N01 _ N08 _ EN~a _ TUR3~a _ N01 N01 N01 N01 N01 N01 N01 _ N08 _ MUN~a1 _ DI _ N01 N01 N01 N01 N01 N01 N01 _ N08 _ N58 N58 N58 _ N01 _ N51 _ N51 _ N14 _ N51 N51 _ N34",47,12,2.2755311320619,1.96187978148046,0.25531914893617,0.771428571428571
"P001713","6(N14) _ KI _ 2(N14) _ KI _ 6(N14) _ KI _ 2(N50)# _ BA _ 1(N14)#","N14 N14 N14 N14 N14 N14 _ KI _ N14 N14 _ KI _ N14 N14 N14 N14 N14 N14 _ KI _ N50 N50 _ BA _ N14",21,4,1.28001997343156,1.34588746042251,0.19047619047619,0.705882352941177
"P001727","2(N01)#","N01 N01",2,1,0,0.25,0.5,1
"P001738","2(N14)# _ 5(N01)# _ 4(N14) _ 3(N01) _ 1(N08) _ |ZATU737xDI|# _ 7(N01) _ EN~a _ TUR3~a _ 2(N14)# _ 6(N01)# _ 1(N08) _ 2(N01)#","N14 N14 _ N01 N01 N01 N01 N01 _ N14 N14 N14 N14 _ N01 N01 N01 _ N08 _ |ZATU737xDI| _ N01 N01 N01 N01 N01 N01 N01 _ EN~a _ TUR3~a _ N14 N14 _ N01 N01 N01 N01 N01 N01 _ N08 _ N01 N01",36,6,1.55764930729478,1.46933035021034,0.166666666666667,0.766666666666667
"P001742","1(N34)# _ 3(N14) _ 1(N01) _ NUN~b _ 1(N14) _ AMAR _ 4(N14) _ 2(N01) _ AN","N34 _ N14 N14 N14 _ N01 _ NUN~b _ N14 _ AMAR _ N14 N14 N14 N14 _ N01 N01 _ AN",15,6,1.98989809546429,1.55203663312957,0.4,0.666666666666667
"P001744","1(N54) _ 2(N51)# _ 1(N51)# _ 1(N34)# _ 2(N14)# _ 2(N01) _ GAR#","N54 _ N51 N51 _ N51 _ N34 _ N14 N14 _ N01 N01 _ GAR",10,6,2.44643934467102,1.70099399026064,0.6,1
"P001754","1(N08) _ A","N08 _ A",2,2,1,0.5,1,0
"P001760","1(N14) _ 2(N01) _ UKKIN~a# _ 5(N01) _ 1(N57) _ 4(N01)# _ 3(N01)# _ ZATU647 _ 5(N01) _ DU# _ KAR2~a _ 6(N01)# _ 5(N01) _ KISAL~b1# _ 8(N01)# _ 1(N57) _ 1(N01) _ SANGA~a _ 1(N01) _ 1(N57) _ 1(N01) _ GA~a _ 3(N01)# _ UB _ 5(N01) _ 1(N57) _ 6(N01) _ 2(N01)# _ 2(N01)# _ 2(N01)# _ 6(N01)# _ 4(N01)# _ 1(N01)# _ 1(N01)# _ 1(N01)# _ 3(N01)# _ 2(N01)# _ 3(N01) _ PA~a _ 3(N01) _ |1(N58).BAD~a| _ 1(N57) _ EN~a# _ BA _ KISAL~b1# _ 1(N34) _ 1(N14) _ 6(N01) _ ZATU659 _ 1(N34) _ 3(N14) _ GAR# _ 4(N14) _ 6(N01) _ 3(N14) _ 5(N01) _ |SILA3~axSZU| _ 1(N01) _ SZITA@g~a _ 2(N14) _ 8(N01) _ 3(N14)# _ 5(N01) _ ZATU780 _ 1(N14) _ 2(N01) _ SZA@g _ 2(N01) _ |SILA3~axNUN~b|","N14 _ N01 N01 _ UKKIN~a _ N01 N01 N01 N01 N01 _ N57 _ N01 N01 N01 N01 _ N01 N01 N01 _ ZATU647 _ N01 N01 N01 N01 N01 _ DU _ KAR2~a _ N01 N01 N01 N01 N01 N01 _ N01 N01 N01 N01 N01 _ KISAL~b1 _ N01 N01 N01 N01 N01 N01 N01 N01 _ N57 _ N01 _ SANGA~a _ N01 _ N57 _ N01 _ GA~a _ N01 N01 N01 _ UB _ N01 N01 N01 N01 N01 _ N57 _ N01 N01 N01 N01 N01 N01 _ N01 N01 _ N01 N01 _ N01 N01 _ N01 N01 N01 N01 N01 N01 _ N01 N01 N01 N01 _ N01 _ N01 _ N01 _ N01 N01 N01 _ N01 N01 _ N01 N01 N01 _ PA~a _ N01 N01 N01 _ |1(N58).BAD~a| _ N57 _ EN~a _ BA _ KISAL~b1 _ N34 _ N14 _ N01 N01 N01 N01 N01 N01 _ ZATU659 _ N34 _ N14 N14 N14 _ GAR _ N14 N14 N14 N14 _ N01 N01 N01 N01 N01 N01 _ N14 N14 N14 _ N01 N01 N01 N01 N01 _ |SILA3~axSZU| _ N01 _ SZITA@g~a _ N14 N14 _ N01 N01 N01 N01 N01 N01 N01 N01 _ N14 N14 N14 _ N01 N01 N01 N01 N01 _ ZATU780 _ N14 _ N01 N01 _ SZA@g _ N01 N01 _ |SILA3~axNUN~b|",165,23,1.79362426289175,1.9031293536315,0.139393939393939,0.767605633802817
"P001764","KASKAL _ 2(N01) _ TE _ AMAR _ 1(N01) _ AMA~a _ 1(N01) _ 3(N01) _ TUR3~a _ 1(N01) _ RU _ PA~a _ 1(N01) _ BA _ PA~a _ 1(N01) _ SI4~a _ |SZE~a.NAM2| _ KU6~a _ 2(N01) _ ERIM~a _ KUR~a _ KI _ 1(N01) _ NI~a _ ERIM~a _ BARA2~a _ 1(N14) _ 6(N01) _ BARA2~a","KASKAL _ N01 N01 _ TE _ AMAR _ N01 _ AMA~a _ N01 _ N01 N01 N01 _ TUR3~a _ N01 _ RU _ PA~a _ N01 _ BA _ PA~a _ N01 _ SI4~a _ |SZE~a.NAM2| _ KU6~a _ N01 N01 _ ERIM~a _ KUR~a _ KI _ N01 _ NI~a _ ERIM~a _ BARA2~a _ N14 _ N01 N01 N01 N01 N01 N01 _ BARA2~a",39,18,3.06205291744101,2.56279733970981,0.461538461538462,0.476190476190476
"P001770","KASZ~b _ DA~a _ BU~a# _ TAK4~a","KASZ~b _ DA~a _ BU~a _ TAK4~a",4,4,2,1.14624062518029,1,0
"P001771","1(N54) _ GAR# _ KASZ~a# _ 1(N14) _ 2(N01) _ 1(N14)#","N54 _ GAR _ KASZ~a _ N14 _ N01 N01 _ N14",7,5,2.23592635062903,1.37186418671399,0.714285714285714,0.5
"P002030","4(N01)# _ AL _ 1(N14) _ HI _ E2~a _ |ZATU651xNUN~a|# _ TAK4~a _ AN","N01 N01 N01 N01 _ AL _ N14 _ HI _ E2~a _ |ZATU651xNUN~a| _ TAK4~a _ AN",11,8,2.73215889136457,2.06307736965516,0.727272727272727,1
"P002048","1(N02)# _ 1(N01)# _ 2(N14) _ 2(N02) _ 2(N01) _ HI _ NANSZE~a _ 2(N14) _ 1(N02) _ 1(N01) _ HI _ TUR _ 3(N01)# _ HI _ MAR~a _ 3(N01) _ UDU~a _ TE _ 1(N34) _ 2(N14) _ HI _ AN _ 3(N57) _ SANGA~a _ GU4# _ NUN~a# _ EN~a# _ 4(N14) _ SANGA~a","N02 _ N01 _ N14 N14 _ N02 N02 _ N01 N01 _ HI _ NANSZE~a _ N14 N14 _ N02 _ N01 _ HI _ TUR _ N01 N01 N01 _ HI _ MAR~a _ N01 N01 N01 _ UDU~a _ TE _ N34 _ N14 N14 _ HI _ AN _ N57 N57 N57 _ SANGA~a _ GU4 _ NUN~a _ EN~a _ N14 N14 N14 N14 _ SANGA~a",43,16,3.3519984895879,2.50930517589615,0.372093023255814,0.518518518518518
"P002051","4(N01)# _ UDU~a _ ZATU752 _ GESZTU~a# _ A#","N01 N01 N01 N01 _ UDU~a _ ZATU752 _ GESZTU~a _ A",8,5,2,1.59282079390498,0.625,1
"P002052","3(N14) _ 5(N01) _ 5(N57)# _ ZATU804 _ 1(N14) _ 5(N57)","N14 N14 N14 _ N01 N01 N01 N01 N01 _ N57 N57 N57 N57 N57 _ ZATU804 _ N14 _ N57 N57 N57 N57 N57",20,4,1.68048202372184,1.4322252655102,0.2,0.875
"P002054","7(N01)# _ U2~a# _ U4# _ 5(N01) _ SIG _ U2~a _ 7(N01) _ U4 _ U2~a _ 5(N01) _ SIG _ U2~a# _ 3(N01) _ EN~a _ SAG# _ 1(N01) _ GI _ 2(N01) _ SZIR~a _ NE~a _ 1(N01) _ SZITA~a1 _ |SZU2.EN~a|# _ AN _ 1(N01) _ EN~a _ ZI~a _ SZUBUR _ 1(N01) _ EN~a# _ NAGA~a _ 1(N01) _ |MUSZENx2(N57)| _ PAP~a _ 5(N14) _ 3(N01) _ GU7 _ ZATU703","N01 N01 N01 N01 N01 N01 N01 _ U2~a _ U4 _ N01 N01 N01 N01 N01 _ SIG _ U2~a _ N01 N01 N01 N01 N01 N01 N01 _ U4 _ U2~a _ N01 N01 N01 N01 N01 _ SIG _ U2~a _ N01 N01 N01 _ EN~a _ SAG _ N01 _ GI _ N01 N01 _ SZIR~a _ NE~a _ N01 _ SZITA~a1 _ |SZU2.EN~a| _ AN _ N01 _ EN~a _ ZI~a _ SZUBUR _ N01 _ EN~a _ NAGA~a _ N01 _ |MUSZENx2(N57)| _ PAP~a _ N14 N14 N14 N14 N14 _ N01 N01 N01 _ GU7 _ ZATU703",67,20,2.76587572023581,2.54532600090277,0.298507462686567,0.617021276595745
"P002060","1(N01)# _ NAGA~a#","N01 _ NAGA~a",2,2,1,0.5,1,0
"P002069","2(N01) _ SZITA~a1 _ GAL~a _ |SZU&SZU| _ 4(N01)# _ SIG _ 2(N01)# _ U2~a# _ U4 _ 1(N01) _ ZATU703# _ GI# _ GU7# _ 6(N01)# _ BA","N01 N01 _ SZITA~a1 _ GAL~a _ |SZU&SZU| _ N01 N01 N01 N01 _ SIG _ N01 N01 _ U2~a _ U4 _ N01 _ ZATU703 _ GI _ GU7 _ N01 N01 N01 N01 N01 N01 _ BA",25,11,2.29972183240961,2.0370782868979,0.44,0.714285714285714
"P002076","1(N14)# _ 1(N01)# _ GUM~b# _ SUM~a _ 1(N01)# _ |SILA3~axMASZ| _ 2(N01)# _ 1(N01) _ DUR2# _ ZATU751~a _ KU6~a _ GU7#","N14 _ N01 _ GUM~b _ SUM~a _ N01 _ |SILA3~axMASZ| _ N01 N01 _ N01 _ DUR2 _ ZATU751~a _ KU6~a _ GU7",13,9,2.80739045087672,2.06817622638637,0.692307692307692,0.5
"P002080","2(N01)# _ 9(N01)# _ SUHUR _ 1(N14)# _ SUHUR#","N01 N01 _ N01 N01 N01 N01 N01 N01 N01 N01 N01 _ SUHUR _ N14 _ SUHUR",14,3,0.946372935985442,1.16500086625336,0.214285714285714,0.909090909090909
"P002081","1(N01)# _ TUG2~a# _ EN~a _ 1(N01)# _ EN~b _ EN~b _ EN~a#","N01 _ TUG2~a _ EN~a _ N01 _ EN~b _ EN~b _ EN~a",7,4,1.95021206491475,1.22900704385684,0.571428571428571,0.333333333333333
"P002083","5(N01)# _ |NUN~a+EN~d|# _ 2(N01) _ SANGA~a# _ 1(N01) _ EN~a _ SANGA~a#","N01 N01 N01 N01 N01 _ |NUN~a+EN~d| _ N01 N01 _ SANGA~a _ N01 _ EN~a _ SANGA~a",12,4,1.41829583405449,1.49662507835902,0.333333333333333,0.625
"P002097","BAHAR2~b# _ NUNUZ~a1 _ GAL~a#","BAHAR2~b _ NUNUZ~a1 _ GAL~a",3,3,1.58496250072116,0.861654166907052,1,0
"P002130","KID~b# _ GAL~a#","KID~b _ GAL~a",2,2,1,0.5,1,0
"P002178","1(N01) _ SZU2 _ 2(N01) _ 1(N57) _ 1(N38) _ NI~a _ AL _ GAN~a _ AB2 _ NUN~a","N01 _ SZU2 _ N01 N01 _ N57 _ N38 _ NI~a _ AL _ GAN~a _ AB2 _ NUN~a",11,9,3.02716911844062,2.13254649845397,0.818181818181818,0.5
"P002180","1(N14) _ 5(N01) _ UDU~a","N14 _ N01 N01 N01 N01 N01 _ UDU~a",7,3,1.14883485428092,1.04756573158208,0.428571428571429,1
"P002186","TUR# _ EN~a# _ PAP~a","TUR _ EN~a _ PAP~a",3,3,1.58496250072116,0.861654166907052,1,0
"P002188","1(N24)# _ SZU","N24 _ SZU",2,2,1,0.5,1,0
"P002198","AN _ HI _ EN~a _ BARA2~a _ HI#","AN _ HI _ EN~a _ BARA2~a _ HI",5,4,1.92192809488736,1.14918530963297,0.8,0
"P002209","1(N01) _ |DUG~cx1(N57)| _ 2(N02) _ SANGA~a _ |GI4~b&GI4~b|","N01 _ |DUG~cx1(N57)| _ N02 N02 _ SANGA~a _ |GI4~b&GI4~b|",6,5,2.25162916738782,1.41530884938828,0.833333333333333,1
"P002211","2(N01)# _ UDU~a _ UB _ SAG","N01 N01 _ UDU~a _ UB _ SAG",5,4,1.92192809488736,1.2813781191217,0.8,1
"P002212","2(N02)# _ AMA~a _ 1(N02) _ 1(N05) _ U4 _ SI4~a _ U4#","N02 N02 _ AMA~a _ N02 _ N05 _ U4 _ SI4~a _ U4",8,5,2.15563906222957,1.53740100229841,0.625,0.333333333333333
"P002213","MUSZEN# _ 3(N01) _ TE _ BU~a _ 1(N14) _ EN~a# _ 4(N01)# _ 1(N24) _ MUSZEN _ 2(N01)#","MUSZEN _ N01 N01 N01 _ TE _ BU~a _ N14 _ EN~a _ N01 N01 N01 N01 _ N24 _ MUSZEN _ N01 N01",16,7,2.0919171866887,1.62686815495045,0.4375,0.666666666666667
"P002214","2(N14)# _ GAR# _ LAM~b#","N14 N14 _ GAR _ LAM~b",4,3,1.5,1.02124062518029,0.75,1
"P002216","2(N01) _ UDU~a","N01 N01 _ UDU~a",3,2,0.918295834054489,0.694987500240385,0.666666666666667,1
"P002218","2(N14)# _ GAR#","N14 N14 _ GAR",3,2,0.918295834054489,0.694987500240385,0.666666666666667,1
"P002221","1(N01)# _ UR3~a1# _ 6(N01)# _ 2(N08) _ BA","N01 _ UR3~a1 _ N01 N01 N01 N01 N01 N01 _ N08 N08 _ BA",11,4,1.49111485005519,1.35807304988295,0.363636363636364,0.857142857142857
"P002225","1(N14) _ 5(N01) _ HASZHUR# _ SIG7# _ 1(N01) _ |MAxMA| _ HASZHUR#","N14 _ N01 N01 N01 N01 N01 _ HASZHUR _ SIG7 _ N01 _ |MAxMA| _ HASZHUR",11,5,1.86763389097121,1.54268786600016,0.454545454545455,0.666666666666667
"P002250","2(N14) _ GAR _ 1(N01)# _ UDU~a#","N14 N14 _ GAR _ N01 _ UDU~a",5,4,1.92192809488736,1.2813781191217,0.8,1
"P002258","2(N14) _ SZU2 _ 1(N01) _ GADA~a _ 1(N01) _ 1(N14) _ 4(N01)# _ 1(N14)#","N14 N14 _ SZU2 _ N01 _ GADA~a _ N01 _ N14 _ N01 N01 N01 N01 _ N14",12,4,1.62581458369391,1.35341219132677,0.333333333333333,0.5
"P002259","MA _ HASZHUR _ 1(N14) _ BU~a#","MA _ HASZHUR _ N14 _ BU~a",4,4,2,1.14624062518029,1,0
"P002270","1(N14) _ 2(N01)# _ EN~a _ 6(N01) _ GU4","N14 _ N01 N01 _ EN~a _ N01 N01 N01 N01 N01 N01 _ GU4",11,4,1.27761343681912,1.20826670510403,0.363636363636364,0.857142857142857
"P002272","4(N14)# _ 1(N34) _ 3(N01) _ KALAM~b# _ 4(N14)# _ 2(N01) _ EN~a# _ |BU~a+DU6~a|# _ 2(N14)# _ 3(N01) _ KA~a# _ 2(N48)#","N14 N14 N14 N14 _ N34 _ N01 N01 N01 _ KALAM~b _ N14 N14 N14 N14 _ N01 N01 _ EN~a _ |BU~a+DU6~a| _ N14 N14 _ N01 N01 N01 _ KA~a _ N48 N48",25,8,2.27508495181978,1.87976057167826,0.32,0.764705882352941
"P002273","1(N37) _ 1(N47) _ 1(N05)","N37 _ N47 _ N05",3,3,1.58496250072116,0.861654166907052,1,0
"P002281","SANGA~a# _ GA~a","SANGA~a _ GA~a",2,2,1,0.5,1,0
"P002292","1(N14)# _ 1(N34)# _ 2(N14)# _ 2(N01)# _ 4(N14)# _ GAN2# _ DA~a _ DANNA _ 1(N22) _ 2(N01) _ GAN2# _ GI","N14 _ N34 _ N14 N14 _ N01 N01 _ N14 N14 N14 N14 _ GAN2 _ DA~a _ DANNA _ N22 _ N01 N01 _ GAN2 _ GI",18,8,2.52262030953102,1.95157907394702,0.444444444444444,0.6
"P002293","1(N01) _ TUG2~a _ GADA~a _ EN~a","N01 _ TUG2~a _ GADA~a _ EN~a",4,4,2,1.14624062518029,1,0
"P002307","1(N01) _ AB~b _ |3(N57).PIRIG~b1|# _ SU~a","N01 _ AB~b _ |3(N57).PIRIG~b1| _ SU~a",4,4,2,1.14624062518029,1,0
"P002313","1(N45)# _ 1(N54) _ 2(N14) _ 4(N01)#","N45 _ N54 _ N14 N14 _ N01 N01 N01 N01",8,4,1.75,1.20439460249854,0.5,1
"P002319","1(N01) _ UB _ A _ SI _ 1(N01)","N01 _ UB _ A _ SI _ N01",5,4,1.92192809488736,1.14918530963297,0.8,0
"P002326","UMBIN~a# _ BARA2~a# _ 1(N01)# _ EZEN~a# _ 1(N01)# _ BARA2~a# _ 2(N01)#","UMBIN~a _ BARA2~a _ N01 _ EZEN~a _ N01 _ BARA2~a _ N01 N01",8,4,1.75,1.18890727201259,0.5,0.25
"P002328","4(N34)# _ 1(N34)# _ EN~a# _ 2(N34)# _ SAL# _ NUN~a# _ DU# _ 1(N34)# _ 3(N14)# _ 2(N14)#","N34 N34 N34 N34 _ N34 _ EN~a _ N34 N34 _ SAL _ NUN~a _ DU _ N34 _ N14 N14 N14 _ N14 N14",17,6,1.99277810745994,1.75905551682842,0.352941176470588,0.818181818181818
"P002333","BA# _ GAL~a# _ GURUSZDA# _ 2(N01)# _ GIR3@g~c#","BA _ GAL~a _ GURUSZDA _ N01 N01 _ GIR3@g~c",6,5,2.25162916738782,1.38848150814767,0.833333333333333,1
"P002337","1(N14)# _ 4(N01) _ IB~a# _ URI","N14 _ N01 N01 N01 N01 _ IB~a _ URI",7,4,1.66449777920046,1.28748991246424,0.571428571428571,1
"P002354","3(N14)# _ 6(N01)# _ BA _ 1(N01)# _ 2(N01)# _ 1(N01)# _ 1(N14)#","N14 N14 N14 _ N01 N01 N01 N01 N01 N01 _ BA _ N01 _ N01 N01 _ N01 _ N14",15,3,1.15893853235028,1.24017056030814,0.2,0.833333333333333
"P002368","1(N01)# _ SIG7# _ GAL~a# _ 1(N01) _ BA _ 2(N01)# _ UMUN2# _ GAL~a _ 2(N01) _ 2(N01) _ DARA4~a2 _ 2(N01) _ UKKIN~a# _ 2(N01) _ 1(N01) _ SIG7 _ EN~a# _ SZU# _ NUN~a# _ 1(N01) _ SIG7# _ GAL~a _ 4(N01) _ 6(N01) _ NUN~a _ EN~a _ 7(N01)# _ 2(N01) _ EN~a _ SZU# _ NUN~a# _ 1(N01) _ NUNUZ~a1# _ 5(N01)# _ 5(N01) _ 3(N01)# _ 3(N01)# _ 1(N01) _ SIG7 _ 2(N01) _ GAL~a _ ZATU776 _ |Ax1(N14)| _ 2(N14) _ 9(N01) _ SIG7# _ 2(N14) _ 5(N01) _ BA#","N01 _ SIG7 _ GAL~a _ N01 _ BA _ N01 N01 _ UMUN2 _ GAL~a _ N01 N01 _ N01 N01 _ DARA4~a2 _ N01 N01 _ UKKIN~a _ N01 N01 _ N01 _ SIG7 _ EN~a _ SZU _ NUN~a _ N01 _ SIG7 _ GAL~a _ N01 N01 N01 N01 _ N01 N01 N01 N01 N01 N01 _ NUN~a _ EN~a _ N01 N01 N01 N01 N01 N01 N01 _ N01 N01 _ EN~a _ SZU _ NUN~a _ N01 _ NUNUZ~a1 _ N01 N01 N01 N01 N01 _ N01 N01 N01 N01 N01 _ N01 N01 N01 _ N01 N01 N01 _ N01 _ SIG7 _ N01 N01 _ GAL~a _ ZATU776 _ |Ax1(N14)| _ N14 N14 _ N01 N01 N01 N01 N01 N01 N01 N01 N01 _ SIG7 _ N14 N14 _ N01 N01 N01 N01 N01 _ BA",96,14,1.92301050864371,1.7364162601798,0.145833333333333,0.670731707317073
"P002371","NIR~b _ 2(N01) _ GA2~a1 _ SIG7# _ DU _ 2(N01)# _ 1(N01) _ U4# _ 1(N01) _ 1(N01) _ GIR3~c _ 1(N01) _ |SAR~axSZE~a| _ 2(N01)# _ GI# _ 9(N01)# _ BA _ 2(N14) _ 1(N01)","NIR~b _ N01 N01 _ GA2~a1 _ SIG7 _ DU _ N01 N01 _ N01 _ U4 _ N01 _ N01 _ GIR3~c _ N01 _ |SAR~axSZE~a| _ N01 N01 _ GI _ N01 N01 N01 N01 N01 N01 N01 N01 N01 _ BA _ N14 N14 _ N01",31,11,2.10133947497567,1.98141537196441,0.354838709677419,0.7
"P002380","3(N01) _ SAL _ 1(N01) _ 6(N01) _ 1(N34) _ 2(N14)","N01 N01 N01 _ SAL _ N01 _ N01 N01 N01 N01 N01 N01 _ N34 _ N14 N14",14,4,1.29169199713806,1.34211633816499,0.285714285714286,0.9
"P002382","EN~a _ |GA2~bxDUB~a| _ 6(N01)# _ 4(N01)# _ 1(N14) _ 2(N01)# _ SIG7 _ 6(N01)#","EN~a _ |GA2~bxDUB~a| _ N01 N01 N01 N01 N01 N01 _ N01 N01 N01 N01 _ N14 _ N01 N01 _ SIG7 _ N01 N01 N01 N01 N01 N01",22,5,1.04767479927541,1.28647934177674,0.227272727272727,0.882352941176471
"P002383","2(N14) _ 3(N01) _ BA _ 1(N14) _ 1(N01) _ TE","N14 N14 _ N01 N01 N01 _ BA _ N14 _ N01 _ TE",9,4,1.7527152789797,1.38184433603861,0.444444444444444,0.6
"P002391","4(N01)# _ 2(N01) _ KIB# _ AMA~a _ NU _ DIN _ BU~a# _ E2~a","N01 N01 N01 N01 _ N01 N01 _ KIB _ AMA~a _ NU _ DIN _ BU~a _ E2~a",12,7,2.29248125036058,1.91153168777576,0.583333333333333,1
"P002393","1(N01) _ 5(N01)# _ 5(N01) _ 4(N01) _ 2(N14) _ 1(N18) _ 1(N03) _ ZATU679#","N01 _ N01 N01 N01 N01 N01 _ N01 N01 N01 N01 N01 _ N01 N01 N01 N01 _ N14 N14 _ N18 _ N03 _ ZATU679",20,5,1.29176014818097,1.41475680112114,0.25,1
"P002409","1(N34) _ EN~a# _ NUN~a# _ 1(N34) _ 2(N14) _ 1(N14)","N34 _ EN~a _ NUN~a _ N34 _ N14 N14 _ N14",7,4,1.84237099317711,1.22900704385684,0.571428571428571,0.666666666666667
"P002435","5(N01)# _ 6(N01) _ KISAL~b1 _ 8(N01) _ IB~a _ SZITA~a1 _ 8(N01) _ IB~a _ 1(N14)# _ 2(N14)# _ 1(N14)#","N01 N01 N01 N01 N01 _ N01 N01 N01 N01 N01 N01 _ KISAL~b1 _ N01 N01 N01 N01 N01 N01 N01 N01 _ IB~a _ SZITA~a1 _ N01 N01 N01 N01 N01 N01 N01 N01 _ IB~a _ N14 _ N14 N14 _ N14",35,5,1.17551265813315,1.37668674743493,0.142857142857143,0.9
"P002437","SANGA~a# _ 3(N01) _ IB~a _ 1(N01)","SANGA~a _ N01 N01 N01 _ IB~a _ N01",6,3,1.25162916738782,1.06781509926809,0.5,0.666666666666667
"P002446","GUN3~b _ SAL _ PAP~a _ |GIxX| _ A","GUN3~b _ SAL _ PAP~a _ |GIxX| _ A",5,5,2.32192809488736,1.3813781191217,1,0
"P002453","1(N14@f) _ 3(N14@f) _ 6(N01@f)","N14@f _ N14@f N14@f N14@f _ N01@f N01@f N01@f N01@f N01@f N01@f",10,2,0.970950594454669,1.0046120867432,0.2,1
"P002482","1(N01) _ UDU~a# _ TUR# _ ZATU802 _ RAD~a","N01 _ UDU~a _ TUR _ ZATU802 _ RAD~a",5,5,2.32192809488736,1.3813781191217,1,0
"P002483","1(N14)# _ 2(N14)# _ KASZ~a _ DUG~a _ 1(N01)#","N14 _ N14 N14 _ KASZ~a _ DUG~a _ N01",6,4,1.79248125036058,1.36656197432818,0.666666666666667,1
"P002485","2(N01) _ MAR~a# _ PA~a _ ZATU699~b","N01 N01 _ MAR~a _ PA~a _ ZATU699~b",5,4,1.92192809488736,1.2813781191217,0.8,1
"P002486","4(N14) _ |NINDA2xGAR| _ BU~b","N14 N14 N14 N14 _ |NINDA2xGAR| _ BU~b",6,3,1.25162916738782,1.15586857153037,0.5,1
"P002487","4(N14)","N14 N14 N14 N14",4,1,0,0.50708020839343,0.25,1
"P002488","5(N01)# _ GUG2 _ NINDA2 _ GESZTU~b","N01 N01 N01 N01 N01 _ GUG2 _ NINDA2 _ GESZTU~b",8,4,1.5487949406954,1.40603362130785,0.5,1
"P002489","2(N14) _ GAR _ 1(N01)#","N14 N14 _ GAR _ N01",4,3,1.5,1.02124062518029,0.75,1
"P002490","KASZ~a _ BAR","KASZ~a _ BAR",2,2,1,0.5,1,0
"P002492","1(N51)# _ 3(N14) _ 4(N01)# _ GUG2#","N51 _ N14 N14 N14 _ N01 N01 N01 N01 _ GUG2",9,4,1.7527152789797,1.33473339678556,0.444444444444444,1
"P002493","1(N01)# _ ME~a _ GIR3~c#","N01 _ ME~a _ GIR3~c",3,3,1.58496250072116,0.861654166907052,1,0
"P002495","3(N01) _ KASZ~a _ GIR3~a _ 1(N14) _ 1(N01)# _ 3(N01)# _ GAR# _ 5(N57)","N01 N01 N01 _ KASZ~a _ GIR3~a _ N14 _ N01 _ N01 N01 N01 _ GAR _ N57 N57 N57 N57 N57",16,6,2.0461796919475,1.61467784012869,0.375,0.9
"P002504","1(N01) _ 1(N01)","N01 _ N01",2,1,0,0.25,0.5,1
"P002506","1(N01)# _ |URU~a1x1(N57)|","N01 _ |URU~a1x1(N57)|",2,2,1,0.5,1,0
"P002513","GAL~a# _ ZATU752 _ EZEN~b","GAL~a _ ZATU752 _ EZEN~b",3,3,1.58496250072116,0.861654166907052,1,0
"P002516","3(N01)# _ SU~a# _ 6(N01)# _ NAGA~a _ 5(N01)","N01 N01 N01 _ SU~a _ N01 N01 N01 N01 N01 N01 _ NAGA~a _ N01 N01 N01 N01 N01",16,3,0.668564443199596,1.10873732827945,0.1875,0.846153846153846
"P002519","|SZU2.EN~a|# _ 1(N01)# _ SAL _ KU3~a _ PAP~a _ 1(N01)# _ EN~a# _ AMAR _ SZITA~a1","|SZU2.EN~a| _ N01 _ SAL _ KU3~a _ PAP~a _ N01 _ EN~a _ AMAR _ SZITA~a1",9,8,2.94770277922009,1.90851686327433,0.888888888888889,0
"P002523","TUM~a@g# _ SAG#","TUM~a@g _ SAG",2,2,1,0.5,1,0
"P002538","1(N01) _ UR2 _ 1(N01) _ 4(N57) _ ZAG~c _ U4 _ U2~a _ 1(N01) _ UR2 _ 1(N01) _ GA'AR~b2 _ |3(N57).PIRIG~b1| _ IB~a _ SU~a _ URI3~a _ 1(N01) _ UR4~c _ 1(N01) _ ZATU646 _ 3(N01)# _ U4 _ GI _ KISAL~b1#","N01 _ UR2 _ N01 _ N57 N57 N57 N57 _ ZAG~c _ U4 _ U2~a _ N01 _ UR2 _ N01 _ GA'AR~b2 _ |3(N57).PIRIG~b1| _ IB~a _ SU~a _ URI3~a _ N01 _ UR4~c _ N01 _ ZATU646 _ N01 N01 N01 _ U4 _ GI _ KISAL~b1",28,15,3.35987902873686,2.58865940837867,0.535714285714286,0.384615384615385
"P002540","3(N01) _ DUB~b _ SZITA~a3 _ IB~a _ SZU _ PAP~a _ 3(N01) _ ZATU725 _ 3(N01) _ MUSZEN _ GA~a _ 3(N01) _ NIM~b1 _ URI3~a _ NE~a _ KU6~a _ SILA4~b _ BA _ MUSZEN _ NA~a _ ZI~a _ 2(N14) _ DUB~b _ BA _ MUSZEN _ ZI~a _ NA~a","N01 N01 N01 _ DUB~b _ SZITA~a3 _ IB~a _ SZU _ PAP~a _ N01 N01 N01 _ ZATU725 _ N01 N01 N01 _ MUSZEN _ GA~a _ N01 N01 N01 _ NIM~b1 _ URI3~a _ NE~a _ KU6~a _ SILA4~b _ BA _ MUSZEN _ NA~a _ ZI~a _ N14 N14 _ DUB~b _ BA _ MUSZEN _ ZI~a _ NA~a",36,18,3.56507951503072,2.68560808795559,0.5,0.5
"P002542","2(N01) _ DU# _ GI _ GI _ UDU~a# _ 3(N01) _ GISZIMMAR~b1 _ U4 _ U2~a _ 3(N01) _ U4 _ U2~a# _ GU7# _ TAR~a _ AB2#","N01 N01 _ DU _ GI _ GI _ UDU~a _ N01 N01 N01 _ GISZIMMAR~b1 _ U4 _ U2~a _ N01 N01 N01 _ U4 _ U2~a _ GU7 _ TAR~a _ AB2",20,10,2.82192809488736,2.0991238818148,0.5,0.6
"P002548","6(N01) _ DUG~b _ 1(N01) _ SZU2 _ 1(N01) _ 1(N57) _ KAB _ 8(N34) _ SZE3 _ UDU~a _ AN _ ADAB _ 1(N38) _ 1(N01)# _ DUG~b#","N01 N01 N01 N01 N01 N01 _ DUG~b _ N01 _ SZU2 _ N01 _ N57 _ KAB _ N34 N34 N34 N34 N34 N34 N34 N34 _ SZE3 _ UDU~a _ AN _ ADAB _ N38 _ N01 _ DUG~b",27,11,2.73528287205307,2.20996780120511,0.407407407407407,0.75
"P002551","2(N36) _ 2(N46)# _ UR5~a# _ 7(N19) _ 2(N04) _ 1(N41)","N36 N36 _ N46 N46 _ UR5~a _ N19 N19 N19 N19 N19 N19 N19 _ N04 N04 _ N41",15,6,2.19679163198164,1.63167511529727,0.4,1
"P002552","GAR _ KU6~a _ SAG _ 1(N29~a) _ 2(N20) _ SAG _ UNUG~a _ GAR _ NAGA~a _ EN~a _ 1(N28) _ 1(N20) _ GAR _ 1(N28) _ KU6~a _ 2(N20) _ GAR _ TUR3~a _ 1(N29~b) _ 1(N20) _ 1(N28) _ |USZ~bxTAR~c| _ SAG _ 1(N58) _ MUSZ3~a _ 1(N20) _ KASZ~a _ SAG _ 1(N58) _ MUSZ3~a _ 4(N05) _ 4(N42~a) _ KA2~a _ 3(N05) _ AN _ E2~a _ 3(N20) _ 2(N05) _ 2(N42~a) _ |DUG~axU2~b| _ ZATU780 _ 2(N20) _ 3(N01) _ 1(N42~a) _ GAR _ ZATU629 _ 2(N05) _ 4(N42~a) _ ZATU762~a _ KASZ~a _ SUG _ 4(N42~a) _ 1(N25) _ TE _ ERIN _ 4(N05) _ 1(N47) _ 7(N20)# _ 3(N05)","GAR _ KU6~a _ SAG _ N29~a _ N20 N20 _ SAG _ UNUG~a _ GAR _ NAGA~a _ EN~a _ N28 _ N20 _ GAR _ N28 _ KU6~a _ N20 N20 _ GAR _ TUR3~a _ N29~b _ N20 _ N28 _ |USZ~bxTAR~c| _ SAG _ N58 _ MUSZ3~a _ N20 _ KASZ~a _ SAG _ N58 _ MUSZ3~a _ N05 N05 N05 N05 _ N42~a N42~a N42~a N42~a _ KA2~a _ N05 N05 N05 _ AN _ E2~a _ N20 N20 N20 _ N05 N05 _ N42~a N42~a _ |DUG~axU2~b| _ ZATU780 _ N20 N20 _ N01 N01 N01 _ N42~a _ GAR _ ZATU629 _ N05 N05 _ N42~a N42~a N42~a N42~a _ ZATU762~a _ KASZ~a _ SUG _ N42~a N42~a N42~a N42~a _ N25 _ TE _ ERIN _ N05 N05 N05 N05 _ N47 _ N20 N20 N20 N20 N20 N20 N20 _ N05 N05 N05",94,30,3.87914154110018,2.80428276656813,0.319148936170213,0.546875
"P002555","EN~a _ KU6~a _ KU6~a#","EN~a _ KU6~a _ KU6~a",3,2,0.918295834054489,0.597493750120193,0.666666666666667,1
"P002558","2(N01) _ LAGAB~a","N01 N01 _ LAGAB~a",3,2,0.918295834054489,0.694987500240385,0.666666666666667,1
"P002578","2(N01) _ DIN _ 1(N14) _ GIR3~c _ DIN _ 6(N01) _ DIN@t _ BA _ KI","N01 N01 _ DIN _ N14 _ GIR3~c _ DIN _ N01 N01 N01 N01 N01 N01 _ DIN@t _ BA _ KI",15,7,2.17355726227519,1.72550605799363,0.466666666666667,0.75
"P002592","9(N01) _ MASZ _ KUSZU2~b _ ZATU674","N01 N01 N01 N01 N01 N01 N01 N01 N01 _ MASZ _ KUSZU2~b _ ZATU674",12,4,1.20751874963942,1.34690186651473,0.333333333333333,1
"P002593","1(N01)# _ |NINDA2x1(N01)| _ 1(N39~a) _ 1(N01) _ 1(N24) _ IDIGNA _ AN _ GA2~a1","N01 _ |NINDA2x1(N01)| _ N39~a _ N01 _ N24 _ IDIGNA _ AN _ GA2~a1",8,7,2.75,1.78740100229841,0.875,0
"P002596","NAM2# _ NAM2 _ KAB _ 4(N01)#","NAM2 _ NAM2 _ KAB _ N01 N01 N01 N01",7,3,1.37878349348618,1.0730368823001,0.428571428571429,1
"P002599","3(N01) _ BA _ 4(N01) _ NIM~a _ 1(N01) _ GI _ SAG _ EN~a _ DA~a _ 8(N01)","N01 N01 N01 _ BA _ N01 N01 N01 N01 _ NIM~a _ N01 _ GI _ SAG _ EN~a _ DA~a _ N01 N01 N01 N01 N01 N01 N01 N01",22,7,1.55034070954639,1.59976415966852,0.318181818181818,0.8
"P002603","2(N01) _ BA _ 1(N14)# _ NIM~b2 _ 1(N01)# _ 2(N01) _ NESAG2~a _ 1(N14) _ 6(N01)#","N01 N01 _ BA _ N14 _ NIM~b2 _ N01 _ N01 N01 _ NESAG2~a _ N14 _ N01 N01 N01 N01 N01 N01",16,5,1.49664076218686,1.34222267753206,0.3125,0.727272727272727
"P002606","|NINDA2x1(N01)| _ 2(N01) _ 1(N39~a) _ 2(N01) _ 1(N24) _ 2(N01) _ 1(N26) _ 5(N01) _ DU6~b _ 1(N01) _ SIG2~a4 _ 2(N01) _ 2(N58) _ 2(N01) _ 1(N14) _ ZATU681# _ NIR~b _ EN~a _ ME~a _ SZU _ 1(N39~a) _ HI@g~a _ 2(N01) _ 2(N39~a) _ 1(N28) _ 1(N29~a)# _ SZE~a _ 2(N01) _ 3(N39~a) _ 1(N28) _ 1(N29~a) _ HI@g~a _ SZE~a","|NINDA2x1(N01)| _ N01 N01 _ N39~a _ N01 N01 _ N24 _ N01 N01 _ N26 _ N01 N01 N01 N01 N01 _ DU6~b _ N01 _ SIG2~a4 _ N01 N01 _ N58 N58 _ N01 N01 _ N14 _ ZATU681 _ NIR~b _ EN~a _ ME~a _ SZU _ N39~a _ HI@g~a _ N01 N01 _ N39~a N39~a _ N28 _ N29~a _ SZE~a _ N01 N01 _ N39~a N39~a N39~a _ N28 _ N29~a _ HI@g~a _ SZE~a",48,18,3.16641986838469,2.55003409044284,0.375,0.5
"P002618","2(N45) _ 6(N14) _ SZE~a _ |NINDA2xX|#","N45 N45 _ N14 N14 N14 N14 N14 N14 _ SZE~a _ |NINDA2xX|",10,4,1.57095059445467,1.34328172278794,0.4,1
"P003137","1(N01) _ 1(N01) _ 1(N01) _ 1(N01) _ 8(N01) _ AN _ MUSZ3~a _ 6(N01)","N01 _ N01 _ N01 _ N01 _ N01 N01 N01 N01 N01 N01 N01 N01 _ AN _ MUSZ3~a _ N01 N01 N01 N01 N01 N01",20,3,0.568995593589281,1.0952089312542,0.15,0.941176470588235
"P003140","2(N02) _ U4 _ GA'AR~b2 _ 1(N01) _ NE~a _ DUG~c","N02 N02 _ U4 _ GA'AR~b2 _ N01 _ NE~a _ DUG~c",7,6,2.52164063634332,1.6856011454839,0.857142857142857,1
"P003142","8(N01) _ TUR","N01 N01 N01 N01 N01 N01 N01 N01 _ TUR",9,2,0.503258334775646,0.916073005910333,0.222222222222222,1
"P003143","1(N14) _ EZEN~a _ ME~a _ EN~b","N14 _ EZEN~a _ ME~a _ EN~b",4,4,2,1.14624062518029,1,0
"P003145","1(N14)# _ 1(N01)# _ 2(N14)# _ 2(N01)# _ SAL _ ZATU694~d","N14 _ N01 _ N14 N14 _ N01 N01 _ SAL _ ZATU694~d",8,4,1.81127812445913,1.33999351711114,0.5,0.5
"P003146","2(N01)#","N01 N01",2,1,0,0.25,0.5,1
"P003151","1(N01) _ SIG2~b _ EN~a _ 1(N01) _ EN~a _ 4(N01)# _ 1(N14)#","N01 _ SIG2~b _ EN~a _ N01 _ EN~a _ N01 N01 N01 N01 _ N14",10,4,1.57095059445467,1.29619878393482,0.4,0.5
"P003152","5(N01) _ TUG2~a _ 1(N34) _ 1(N14) _ 5(N01)#","N01 N01 N01 N01 N01 _ TUG2~a _ N34 _ N14 _ N01 N01 N01 N01 N01",13,4,1.14511041438158,1.25777236053725,0.307692307692308,0.888888888888889
"P003161","1(N14) _ 2(N01) _ LAM~b _ 4(N01) _ AB~a _ 2(N01) _ U4 _ 1(N14) _ 1(N01) _ DUB~a _ 2(N14) _ 7(N01) _ GURUSZDA _ GAL~a","N14 _ N01 N01 _ LAM~b _ N01 N01 N01 N01 _ AB~a _ N01 N01 _ U4 _ N14 _ N01 _ DUB~a _ N14 N14 _ N01 N01 N01 N01 N01 N01 N01 _ GURUSZDA _ GAL~a",26,8,1.93120894891032,1.73875505489061,0.307692307692308,0.666666666666667
"P003163","1(N14) _ 1(N01) _ ZATU659 _ 1(N14) _ 2(N14) _ 3(N01) _ 6(N01) _ 4(N14) _ 5(N14) _ GAR _ 1(N01) _ 1(N14) _ DUG~a","N14 _ N01 _ ZATU659 _ N14 _ N14 N14 _ N01 N01 N01 _ N01 N01 N01 N01 N01 N01 _ N14 N14 N14 N14 _ N14 N14 N14 N14 N14 _ GAR _ N01 _ N14 _ DUG~a",28,5,1.54461503942129,1.43338476467027,0.178571428571429,0.782608695652174
"P003168","1(N48) _ UDU~a _ 5(N01) _ 1(N01)","N48 _ UDU~a _ N01 N01 N01 N01 N01 _ N01",8,3,1.06127812445913,0.930120516443721,0.375,1
"P003171","2(N01) _ UDU~a _ DUB~b# _ APIN~a#","N01 N01 _ UDU~a _ DUB~b _ APIN~a",5,4,1.92192809488736,1.2813781191217,0.8,1
"P003172","2(N01) _ UDU~a _ AMA~a#","N01 N01 _ UDU~a _ AMA~a",4,3,1.5,1.02124062518029,0.75,1
"P003185","2(N01)#","N01 N01",2,1,0,0.25,0.5,1
"P003192","NUN~c# _ EN~a# _ EN~a# _ NUN~a#","NUN~c _ EN~a _ EN~a _ NUN~a",4,3,1.5,0.948120312590145,0.75,1
"P003194","4(N01) _ 4(N01)#","N01 N01 N01 N01 _ N01 N01 N01 N01",8,1,0,0.634341506468835,0.125,1
"P003195","8(N01) _ SZU2 _ 1(N01) _ NU@g _ 3(N01) _ ME~a _ 2(N01) _ ZATU753 _ 4(N14) _ 3(N01) _ 3(N01) _ 8(N01) _ |DUG~bxX| _ 6(N01)","N01 N01 N01 N01 N01 N01 N01 N01 _ SZU2 _ N01 _ NU@g _ N01 N01 N01 _ ME~a _ N01 N01 _ ZATU753 _ N14 N14 N14 N14 _ N01 N01 N01 _ N01 N01 N01 _ N01 N01 N01 N01 N01 N01 N01 N01 _ |DUG~bxX| _ N01 N01 N01 N01 N01 N01",43,7,1.21757320580648,1.51376540682608,0.162790697674419,0.861111111111111
"P003198","MUSZ3~a _ KUR@g~a _ NAGA~b","MUSZ3~a _ KUR@g~a _ NAGA~b",3,3,1.58496250072116,0.861654166907052,1,0
"P003199","5(N34) _ 5(N34) _ 1(N48)#","N34 N34 N34 N34 N34 _ N34 N34 N34 N34 N34 _ N48",11,2,0.439496986921513,0.901094713967696,0.181818181818182,1
"P003202","4(N14) _ SZITA@g~a _ 3(N14) _ 4(N01) _ 3(N14) _ 1(N14) _ 4(N01) _ 4(N14) _ 2(N14)","N14 N14 N14 N14 _ SZITA@g~a _ N14 N14 N14 _ N01 N01 N01 N01 _ N14 N14 N14 _ N14 _ N01 N01 N01 N01 _ N14 N14 N14 N14 _ N14 N14",26,3,1.10479093732356,1.04894252021516,0.115384615384615,0.826086956521739
"P003435","1(N14)# _ 3(N01)#","N14 _ N01 N01 N01",4,2,0.811278124459133,0.698120312590145,0.5,1
"P003436","1(N34) _ 4(N14) _ 1(N57) _ 2(N34) _ 1(N57) _ 1(N34) _ 1(N14) _ 5(N01) _ 1(N58) _ 1(N34) _ 1(N58)","N34 _ N14 N14 N14 N14 _ N57 _ N34 N34 _ N57 _ N34 _ N14 _ N01 N01 N01 N01 N01 _ N58 _ N34 _ N58",19,5,2.20430007011146,1.64765291572052,0.263157894736842,0.571428571428571
"P003437","UMBIN~a# _ 1(N48)# _ 1(N34)# _ UMBIN~a","UMBIN~a _ N48 _ N34 _ UMBIN~a",4,3,1.5,0.896240625180289,0.75,0
"P003438","1(N25)# _ 3(N20)# _ 5(N05)# _ 2(N05) _ 2(N42~b) _ GESZTU~b# _ 1(N20)# _ 1(N05)# _ 2(N42~b)# _ SAG#","N25 _ N20 N20 N20 _ N05 N05 N05 N05 N05 _ N05 N05 _ N42~b N42~b _ GESZTU~b _ N20 _ N05 _ N42~b N42~b _ SAG",19,6,2.14266435554885,1.62959967206507,0.315789473684211,0.769230769230769
"P003442","1(N34) _ 2(N14) _ 4(N14) _ 1(N57)# _ 1(N14) _ 1(N58)# _ 1(N34) _ 3(N14) _ 1(N58) _ SUKKAL","N34 _ N14 N14 _ N14 N14 N14 N14 _ N57 _ N14 _ N58 _ N34 _ N14 N14 N14 _ N58 _ SUKKAL",16,5,1.6737949406954,1.45350141402531,0.3125,0.636363636363636
"P003443","1(N51) _ NAGA~a _ ZATU752","N51 _ NAGA~a _ ZATU752",3,3,1.58496250072116,0.861654166907052,1,0
"P003445","TI _ EZEN~a","TI _ EZEN~a",2,2,1,0.5,1,0
"P003446","1(N34)# _ 1(N34)#","N34 _ N34",2,1,0,0.25,0.5,1
"P003447","2(N14)#","N14 N14",2,1,0,0.25,0.5,1
"P003448","1(N34) _ 4(N14)","N34 _ N14 N14 N14 N14",5,2,0.721928094887362,0.724022392894185,0.4,1
"P003451","2(N14)#","N14 N14",2,1,0,0.25,0.5,1
"P003454","3(N34) _ 1(N34)# _ 2(N14)# _ 1(N58) _ 1(N34) _ 1(N58)","N34 N34 N34 _ N34 _ N14 N14 _ N58 _ N34 _ N58",9,3,1.43552050428267,1.28167195573338,0.333333333333333,0.666666666666667
"P003455","1(N14) _ DUG~a _ 1(N14)","N14 _ DUG~a _ N14",3,2,0.918295834054489,0.597493750120193,0.666666666666667,0
"P003456","1(N51) _ SAL# _ EN~a# _ MU#","N51 _ SAL _ EN~a _ MU",4,4,2,1.14624062518029,1,0
"P003457","1(N34) _ 2(N14) _ 1(N57)# _ 5(N14)# _ 1(N14)# _ 1(N58)# _ 1(N14)# _ 1(N58) _ EN~a# _ PAP~a#","N34 _ N14 N14 _ N57 _ N14 N14 N14 N14 N14 _ N14 _ N58 _ N14 _ N58 _ EN~a _ PAP~a",15,6,1.8716022614098,1.60335910887476,0.4,0.666666666666667
"P003458","2(N01) _ UDU~a# _ ERIM~a","N01 N01 _ UDU~a _ ERIM~a",4,3,1.5,1.02124062518029,0.75,1
"P003463","1(N34)# _ 3(N14) _ U4 _ ZATU759 _ BA","N34 _ N14 N14 N14 _ U4 _ ZATU759 _ BA",7,5,2.12808527889139,1.50096096686096,0.714285714285714,1
"P003469","1(N51) _ GAR _ 1(N14)# _ GAL~a","N51 _ GAR _ N14 _ GAL~a",4,4,2,1.14624062518029,1,0
"P003484","1(N45) _ 3(N14) _ 2(N01)","N45 _ N14 N14 N14 _ N01 N01",6,3,1.45914791702725,1.06781509926809,0.5,1
"P003486","1(N01) _ U2~a _ 3(N01) _ 1(N01)","N01 _ U2~a _ N01 N01 N01 _ N01",6,2,0.650022421648354,0.809823088725046,0.333333333333333,0.75
"P003487","AN# _ A _ EN~a# _ KI _ AN","AN _ A _ EN~a _ KI _ AN",5,4,1.92192809488736,1.14918530963297,0.8,0
"P003488","|1(N57).SZUBUR| _ LAGAR~a _ NE~a _ 4(N34) _ 2(N01) _ AN _ MUSZ3~a _ 2(N14) _ 5(N01) _ SZIDIM _ 2(N14) _ 5(N01) _ KU6~a _ 1(N01) _ 1(N14) _ 3(N34) _ 3(N14) _ 1(N01) _ NE~a# _ 3(N14) _ 5(N01) _ AL _ ISZ~b _ SZIDIM","|1(N57).SZUBUR| _ LAGAR~a _ NE~a _ N34 N34 N34 N34 _ N01 N01 _ AN _ MUSZ3~a _ N14 N14 _ N01 N01 N01 N01 N01 _ SZIDIM _ N14 N14 _ N01 N01 N01 N01 N01 _ KU6~a _ N01 _ N14 _ N34 N34 N34 _ N14 N14 N14 _ N01 _ NE~a _ N14 N14 N14 _ N01 N01 N01 N01 N01 _ AL _ ISZ~b _ SZIDIM",48,12,2.61796552124529,1.94429760867123,0.25,0.666666666666667
"P003491","2(N01) _ SIG2~b# _ NIMGIR","N01 N01 _ SIG2~b _ NIMGIR",4,3,1.5,1.02124062518029,0.75,1
"P003675","5(N01)# _ GESZTU~b _ SAL _ 4(N01)# _ MU# _ 2(N01)# _ 2(N01) _ KASZ~b _ AN _ MUSZ3~a# _ 2(N01)","N01 N01 N01 N01 N01 _ GESZTU~b _ SAL _ N01 N01 N01 N01 _ MU _ N01 N01 _ N01 N01 _ KASZ~b _ AN _ MUSZ3~a _ N01 N01",21,7,1.60168128305839,1.77138467623774,0.333333333333333,0.785714285714286
"P003693","2(N34)# _ 3(N14)# _ GAR _ 2(N14)# _ 5(N01)# _ 2(N14)# _ 6(N01)# _ 1(N14) _ 9(N01) _ 2(N14) _ GAR _ LAGAR~a _ 1(N34) _ 3(N14) _ 6(N01) _ ZATU629 _ 1(N34) _ 1(N14) _ 7(N01)","N34 N34 _ N14 N14 N14 _ GAR _ N14 N14 _ N01 N01 N01 N01 N01 _ N14 N14 _ N01 N01 N01 N01 N01 N01 _ N14 _ N01 N01 N01 N01 N01 N01 N01 N01 N01 _ N14 N14 _ GAR _ LAGAR~a _ N34 _ N14 N14 N14 _ N01 N01 N01 N01 N01 N01 _ ZATU629 _ N34 _ N14 _ N01 N01 N01 N01 N01 N01 N01",55,6,1.60376017084038,1.32288738543996,0.109090909090909,0.73469387755102
"P003701","1(N34)# _ 7(N01) _ TE _ KAB _ 5(N57)# _ SAG","N34 _ N01 N01 N01 N01 N01 N01 N01 _ TE _ KAB _ N57 N57 N57 N57 N57 _ SAG",16,6,2.0461796919475,1.64509156353,0.375,1
"P003706","2(N01) _ NAM2 _ KAB _ 2(N01) _ GESZTU~a _ 1(N01) _ NUN~a _ SZU _ EN~a _ 1(N01) _ EN~a _ AMAR _ 1(N01) _ |NUN~a+EN~a| _ 1(N01) _ AN _ |SZU2.EN~a| _ 7(N01) _ SI _ KAB#","N01 N01 _ NAM2 _ KAB _ N01 N01 _ GESZTU~a _ N01 _ NUN~a _ SZU _ EN~a _ N01 _ EN~a _ AMAR _ N01 _ |NUN~a+EN~a| _ N01 _ AN _ |SZU2.EN~a| _ N01 N01 N01 N01 N01 N01 N01 _ SI _ KAB",28,12,2.57152067441018,2.21429422844129,0.428571428571429,0.5
"P003707","1(N01) _ 2(N01) _ ERIM~a _ 2(N01) _ 2(N01) _ SANGA~a _ DI _ MUSZ3~a# _ 2(N01) _ BAN~a _ 2(N01)","N01 _ N01 N01 _ ERIM~a _ N01 N01 _ N01 N01 _ SANGA~a _ DI _ MUSZ3~a _ N01 N01 _ BAN~a _ N01 N01",16,6,1.62164076218686,1.69132079592627,0.375,0.7
"P003799","1(N34) _ GAR _ 1(N14) _ BALAG _ AN _ DU","N34 _ GAR _ N14 _ BALAG _ AN _ DU",6,6,2.58496250072116,1.58197551605495,1,0
"P003800","5(N01) _ 3(N01) _ 8(N01) _ MA _ 7(N01) _ 3(N01) _ 1(N01)# _ MA _ 1(N01)# _ 1(N48)# _ 4(N34) _ SZITA~b1 _ UDU~a","N01 N01 N01 N01 N01 _ N01 N01 N01 _ N01 N01 N01 N01 N01 N01 N01 N01 _ MA _ N01 N01 N01 N01 N01 N01 N01 _ N01 N01 N01 _ N01 _ MA _ N01 _ N48 _ N34 N34 N34 N34 _ SZITA~b1 _ UDU~a",37,6,1.30118477596374,1.40156032429501,0.162162162162162,0.903225806451613
"P003802","1(N20) _ TUR _ |SILA3~axGESZTU~c3| _ 1(N05) _ 1(N20) _ 2(N05) _ |SILA3~axGESZTU~c3| _ U4 _ SI _ 1(N05) _ KASZ~c _ 2(N05) _ GURUSZDA _ GAL~a _ 1(N14) _ 1(N02) _ ZATU752# _ |SILA3~axGESZTU~c3|# _ URI3~a _ 1(N01)# _ ZATU752# _ 5(N01) _ ZATU752# _ NAGA~a# _ HI _ NAGAR~a# _ 1(N14) _ 1(N14)","N20 _ TUR _ |SILA3~axGESZTU~c3| _ N05 _ N20 _ N05 N05 _ |SILA3~axGESZTU~c3| _ U4 _ SI _ N05 _ KASZ~c _ N05 N05 _ GURUSZDA _ GAL~a _ N14 _ N02 _ ZATU752 _ |SILA3~axGESZTU~c3| _ URI3~a _ N01 _ ZATU752 _ N01 N01 N01 N01 N01 _ ZATU752 _ NAGA~a _ HI _ NAGAR~a _ N14 _ N14",34,17,3.69675070845198,2.65579754886857,0.5,0.411764705882353
"P003847","AMAR# _ 1(N34)# _ 1(N14)# _ 1(N01)# _ 1(N14)# _ 1(N34)# _ 3(N01)# _ SANGA~a# _ GAR","AMAR _ N34 _ N14 _ N01 _ N14 _ N34 _ N01 N01 N01 _ SANGA~a _ GAR",11,6,2.36852252772821,1.66440067943637,0.545454545454545,0.4
"P003851","1(N01) _ SANGA~a _ 2(N01) _ 1(N01) _ GA~a _ 1(N01) _ 1(N01) _ PAP~b _ 2(N01) _ 2(N58) _ 1(N01) _ 1(N57) _ 2(N01) _ 2(N01) _ 1(N01) _ 6(N01)","N01 _ SANGA~a _ N01 N01 _ N01 _ GA~a _ N01 _ N01 _ PAP~b _ N01 N01 _ N58 N58 _ N01 _ N57 _ N01 N01 _ N01 N01 _ N01 _ N01 N01 N01 N01 N01 N01",26,6,1.29895656822774,1.48623170262814,0.230769230769231,0.75
"P003852","SILA3~a _ 1(N14)# _ 7(N01) _ |SILA3~axX| _ 2(N14) _ |SILA3~axX| _ 1(N14) _ 2(N01) _ 1(N14) _ 1(N34) _ 1(N14) _ |SILA3~axX|# _ 2(N14) _ DIN _ 3(N01) _ 2(N01)","SILA3~a _ N14 _ N01 N01 N01 N01 N01 N01 N01 _ |SILA3~axX| _ N14 N14 _ |SILA3~axX| _ N14 _ N01 N01 _ N14 _ N34 _ N14 _ |SILA3~axX| _ N14 N14 _ DIN _ N01 N01 N01 _ N01 N01",28,6,1.87671719309439,1.57335380315153,0.214285714285714,0.590909090909091
"P003854","4(N01) _ GAR","N01 N01 N01 N01 _ GAR",5,2,0.721928094887362,0.870049785692216,0.4,1
"P003856","3(N34)# _ ZATU720#","N34 N34 N34 _ ZATU720",4,2,0.811278124459133,0.823120312590145,0.5,1
"P003857","1(N01)# _ 1(N39~a) _ 2(N01) _ |MAH~axMASZ|#","N01 _ N39~a _ N01 N01 _ |MAH~axMASZ|",5,3,1.37095059445467,1.02288186904959,0.6,0.5
"P003868","1(N01) _ GA~a# _ AN _ EN~a#","N01 _ GA~a _ AN _ EN~a",4,4,2,1.14624062518029,1,0
"P003892","2(N14) _ 8(N01) _ ERIM~a _ 1(N01) _ SZIR~a","N14 N14 _ N01 N01 N01 N01 N01 N01 N01 N01 _ ERIM~a _ N01 _ SZIR~a",13,4,1.35203010175795,1.34512372643632,0.307692307692308,0.888888888888889
"P003893","4(N14)# _ 8(N01) _ GA~a _ SZU","N14 N14 N14 N14 _ N01 N01 N01 N01 N01 N01 N01 N01 _ GA~a _ SZU",14,4,1.52164063634332,1.37474299573497,0.285714285714286,1
"P003895","1(N34)# _ 3(N01)","N34 _ N01 N01 N01",4,2,0.811278124459133,0.698120312590145,0.5,1
"P003896","MA _ BA# _ NAM2 _ KAB#","MA _ BA _ NAM2 _ KAB",4,4,2,1.14624062518029,1,0
"P003900","2(N50) _ U4","N50 N50 _ U4",3,2,0.918295834054489,0.694987500240385,0.666666666666667,1
"P003904","1(N51)# _ GISZ _ 1(N51) _ 1(N34) _ AN _ A","N51 _ GISZ _ N51 _ N34 _ AN _ A",6,5,2.25162916738782,1.44989530766152,0.833333333333333,0
"P003909","7(N34) _ NAGA~a _ SI4~a# _ 3(N14) _ SI4~a _ NAGA~a _ 1(N34) _ 3(N57) _ 3(N14) _ SI4~a","N34 N34 N34 N34 N34 N34 N34 _ NAGA~a _ SI4~a _ N14 N14 N14 _ SI4~a _ NAGA~a _ N34 _ N57 N57 N57 _ N14 N14 N14 _ SI4~a",22,5,2.14036116369848,1.67491410562783,0.227272727272727,0.705882352941177
"P003913","1(N34) _ 3(N01) _ SIG2~e _ 3(N01) _ TUG2~a _ 3(N14) _ 5(N01) _ ME~a _ 3(N14) _ ZATU753#","N34 _ N01 N01 N01 _ SIG2~e _ N01 N01 N01 _ TUG2~a _ N14 N14 N14 _ N01 N01 N01 N01 N01 _ ME~a _ N14 N14 N14 _ ZATU753",22,7,2.0247260363947,1.71678913961329,0.318181818181818,0.8
"P003914","1(N51) _ 1(N34)# _ 2(N01) _ DA~a","N51 _ N34 _ N01 N01 _ DA~a",5,4,1.92192809488736,1.1813781191217,0.8,1
"P003933","GI _ SAL _ A _ 5(N14)","GI _ SAL _ A _ N14 N14 N14 N14 N14",8,4,1.5487949406954,1.13042071113639,0.5,1
"P003963","SANGA~a _ 3(N57)","SANGA~a _ N57 N57 N57",4,2,0.811278124459133,0.698120312590145,0.5,1
"P003974","NAM2 _ APIN~a","NAM2 _ APIN~a",2,2,1,0.5,1,0
"P003978","1(N34)# _ 3(N14)# _ 2(N34) _ 1(N34) _ 1(N14) _ 1(N34)# _ 2(N01)#","N34 _ N14 N14 N14 _ N34 N34 _ N34 _ N14 _ N34 _ N01 N01",11,3,1.49491884823395,1.25621072064647,0.272727272727273,0.625
"P003985","1(N14) _ 7(N01) _ 1(N57) _ DUG~c _ 5(N01) _ KASZ~a# _ DA~a _ BAR _ 2(N14) _ 2(N01) _ DUG~c _ BAR","N14 _ N01 N01 N01 N01 N01 N01 N01 _ N57 _ DUG~c _ N01 N01 N01 N01 N01 _ KASZ~a _ DA~a _ BAR _ N14 N14 _ N01 N01 _ DUG~c _ BAR",24,7,1.99921848359741,1.74019433649963,0.291666666666667,0.705882352941177
"P003987","1(N01) _ MA _ 3(N01) _ AK~a _ 3(N01) _ ZATU651 _ MA _ 1(N01) _ MA","N01 _ MA _ N01 N01 N01 _ AK~a _ N01 N01 N01 _ ZATU651 _ MA _ N01 _ MA",13,4,1.48852529489775,1.33426833514141,0.307692307692308,0.444444444444444
"P003988","8(N01)# _ DUG~c# _ 5(N14)# _ 5(N01)# _ DUG~c _ BAR","N01 N01 N01 N01 N01 N01 N01 N01 _ DUG~c _ N14 N14 N14 N14 N14 _ N01 N01 N01 N01 N01 _ DUG~c _ BAR",21,4,1.45349090800395,1.36583194504636,0.19047619047619,0.882352941176471
"P003989","7(N01)# _ GIR3~a#","N01 N01 N01 N01 N01 N01 N01 _ GIR3~a",8,2,0.543564443199596,0.921766810653927,0.25,1
"P003992","1(N01) _ KAB","N01 _ KAB",2,2,1,0.5,1,0
"P003993","AN _ MUSZ3~a","AN _ MUSZ3~a",2,2,1,0.5,1,0
"P003999","2(N14) _ 3(N01) _ DA~a _ 3(N57)","N14 N14 _ N01 N01 N01 _ DA~a _ N57 N57 N57",9,4,1.89106111207265,1.41368960796275,0.444444444444444,1
"P004001","5(N01) _ SZIDIM _ IB~a _ BA _ 5(N34) _ 1(N01)","N01 N01 N01 N01 N01 _ SZIDIM _ IB~a _ BA _ N34 N34 N34 N34 N34 _ N01",14,5,1.87025381643162,1.58437047946912,0.357142857142857,0.888888888888889
"P004004","1(N01) _ LAM~b _ ZATU644~b _ 1(N01) _ ZATU644~b _ |AB~axA@t|","N01 _ LAM~b _ ZATU644~b _ N01 _ ZATU644~b _ |AB~axA@t|",6,4,1.91829583405449,1.221814841481,0.666666666666667,0
"P004006","3(N01) _ 2(N14) _ TUG2~a _ 1(N01) _ 1(N01) _ MA2# _ 3(N01)#","N01 N01 N01 _ N14 N14 _ TUG2~a _ N01 _ N01 _ MA2 _ N01 N01 N01",12,4,1.41829583405449,1.3683520767457,0.333333333333333,0.75
"P004012","2(N14) _ |SILA3~axGESZTU~c3| _ 6(N01) _ |DUG~cx1(N57)| _ 9(N02) _ KASZ~a _ 6(N01) _ NE~a _ KASZ~a _ AN _ |SZU2.EN~a|","N14 N14 _ |SILA3~axGESZTU~c3| _ N01 N01 N01 N01 N01 N01 _ |DUG~cx1(N57)| _ N02 N02 N02 N02 N02 N02 N02 N02 N02 _ KASZ~a _ N01 N01 N01 N01 N01 N01 _ NE~a _ KASZ~a _ AN _ |SZU2.EN~a|",30,9,2.38859476155403,1.82786420805244,0.3,0.904761904761905
"P004015","2(N01)# _ 1(N14)# _ 1(N01)# _ ZATU762~a _ SZUBUR","N01 N01 _ N14 _ N01 _ ZATU762~a _ SZUBUR",6,4,1.79248125036058,1.33197551605495,0.666666666666667,0.5
"P004020","2(N01) _ 2(N01) _ PAD~a _ 1(N18) _ 1(N03) _ GI _ 1(N18) _ ZATU659","N01 N01 _ N01 N01 _ PAD~a _ N18 _ N03 _ GI _ N18 _ ZATU659",10,6,2.32192809488736,1.76494569468484,0.6,0.75
"P004021","3(N01) _ GESZTU~a _ 3(N01) _ |NUN~a+EN~b| _ 1(N14) _ 9(N01)","N01 N01 N01 _ GESZTU~a _ N01 N01 N01 _ |NUN~a+EN~b| _ N14 _ N01 N01 N01 N01 N01 N01 N01 N01 N01",18,4,0.914182838435214,1.21195608914232,0.222222222222222,0.857142857142857
"P004023","2(N01) _ 3(N14)# _ 1(N01) _ ANSZE~b _ 4(N14) _ 2(N01) _ UMBIN~a#","N01 N01 _ N14 N14 N14 _ N01 _ ANSZE~b _ N14 N14 N14 N14 _ N01 N01 _ UMBIN~a",14,4,1.57441742714046,1.32613827848864,0.285714285714286,0.7
"P004024","2(N01)# _ DU#","N01 N01 _ DU",3,2,0.918295834054489,0.694987500240385,0.666666666666667,1
"P004028","4(N01) _ EN~a# _ 1(N19) _ 1(N04)","N01 N01 N01 N01 _ EN~a _ N19 _ N04",7,4,1.66449777920046,1.39179519303426,0.571428571428571,1
"P004029","1(N01) _ GAL~a _ SZITA~a1 _ 2(N14) _ ZATU753 _ EN~a#","N01 _ GAL~a _ SZITA~a1 _ N14 N14 _ ZATU753 _ EN~a",7,6,2.52164063634332,1.5911777101348,0.857142857142857,1
"P004035","1(N01)# _ AN# _ 1(N01)# _ 1(N01)# _ 1(N01)# _ 1(N01)# _ AMAR# _ 1(N01)# _ SZU# _ 1(N01)#","N01 _ AN _ N01 _ N01 _ N01 _ N01 _ AMAR _ N01 _ SZU _ N01",10,4,1.35677964944704,1.39971825032939,0.4,0.5
"P004038","6(N01) _ SZITA~a1 _ 2(N01) _ 3(N01) _ 2(N01) _ 3(N01) _ 4(N01)","N01 N01 N01 N01 N01 N01 _ SZITA~a1 _ N01 N01 _ N01 N01 N01 _ N01 N01 _ N01 N01 N01 _ N01 N01 N01 N01",21,2,0.276195427647939,0.814799911951418,0.0952380952380952,0.947368421052632
"P004039","1(N14) _ 2(N14) _ 5(N01) _ 9(N01) _ GADA~a _ 1(N34) _ 3(N14) _ 6(N01) _ SZU2 _ 7(N01) _ ZATU644~a _ 1(N14) _ ME~a _ 9(N01) _ ZATU753 _ 2(N01) _ 1(N01) _ NU@g _ 6(N01) _ 1(N34) _ 1(N14) _ 1(N14)","N14 _ N14 N14 _ N01 N01 N01 N01 N01 _ N01 N01 N01 N01 N01 N01 N01 N01 N01 _ GADA~a _ N34 _ N14 N14 N14 _ N01 N01 N01 N01 N01 N01 _ SZU2 _ N01 N01 N01 N01 N01 N01 N01 _ ZATU644~a _ N14 _ ME~a _ N01 N01 N01 N01 N01 N01 N01 N01 N01 _ ZATU753 _ N01 N01 _ N01 _ NU@g _ N01 N01 N01 N01 N01 N01 _ N34 _ N14 _ N14",62,9,1.47576543380919,1.64896929878317,0.145161290322581,0.830188679245283
"P004041","8(N01) _ SU~a _ 5(N01) _ 2(N14) _ 7(N01) _ 2(N14) _ 2(N01)","N01 N01 N01 N01 N01 N01 N01 N01 _ SU~a _ N01 N01 N01 N01 N01 _ N14 N14 _ N01 N01 N01 N01 N01 N01 N01 _ N14 N14 _ N01 N01",27,3,0.824980257347893,1.08905081209429,0.111111111111111,0.833333333333333
"P004043","2(N01) _ BARA2~a _ 1(N01) _ NAM2 _ SZU","N01 N01 _ BARA2~a _ N01 _ NAM2 _ SZU",6,4,1.79248125036058,1.33197551605495,0.666666666666667,0.5
"P004044","1(N01) _ HASZHUR _ GA~a","N01 _ HASZHUR _ GA~a",3,3,1.58496250072116,0.861654166907052,1,0
"P004045","2(N36)# _ 1(N46)# _ 1(N48)# _ 4(N34)# _ 2(N14)# _ 1(N01)# _ 1(N45)# _ 4(N14)# _ 3(N01)# _ SZE~a _ 3(N57)","N36 N36 _ N46 _ N48 _ N34 N34 N34 N34 _ N14 N14 _ N01 _ N45 _ N14 N14 N14 N14 _ N01 N01 N01 _ SZE~a _ N57 N57 N57",23,9,2.85988097751395,2.01223887682388,0.391304347826087,0.857142857142857
"P004082","2(N01) _ |ZATU662x1(N14)|","N01 N01 _ |ZATU662x1(N14)|",3,2,0.918295834054489,0.694987500240385,0.666666666666667,1
"P004084","2(N14) _ SI _ 1(N14) _ UB _ AB2 _ 1(N14) _ AN _ SAL _ IB~b _ 1(N01) _ TUR3~a _ 1(N01) _ GI _ 1(N01) _ U4 _ AMA~a _ 1(N01) _ MUN~a1 _ KASZ~a _ SZE~a _ 1(N01) _ SIG7 _ IB~b _ 1(N01) _ NAM~b _ 6(N01) _ AB2 _ 4(N14) _ SI _ PAP~a _ 1(N14) _ AB2 _ 1(N14) _ AN _ 1(N01) _ AN _ U4 _ 1(N01) _ GI _ 1(N01) _ 1(N08) _ 2(N01) _ 1(N01) _ NAM~b _ HASZHUR","N14 N14 _ SI _ N14 _ UB _ AB2 _ N14 _ AN _ SAL _ IB~b _ N01 _ TUR3~a _ N01 _ GI _ N01 _ U4 _ AMA~a _ N01 _ MUN~a1 _ KASZ~a _ SZE~a _ N01 _ SIG7 _ IB~b _ N01 _ NAM~b _ N01 N01 N01 N01 N01 N01 _ AB2 _ N14 N14 N14 N14 _ SI _ PAP~a _ N14 _ AB2 _ N14 _ AN _ N01 _ AN _ U4 _ N01 _ GI _ N01 _ N08 _ N01 N01 _ N01 _ NAM~b _ HASZHUR",55,20,3.45794687753989,2.58402787621712,0.363636363636364,0.314285714285714
"P004087","SANGA~a# _ NUN~a# _ 1(N01) _ NUN~a _ AB2 _ 1(N01) _ NESAG2~b _ 1(N01) _ 3(N01) _ SILA4~b _ 2(N14) _ 3(N01) _ MA","SANGA~a _ NUN~a _ N01 _ NUN~a _ AB2 _ N01 _ NESAG2~b _ N01 _ N01 N01 N01 _ SILA4~b _ N14 N14 _ N01 N01 N01 _ MA",18,8,2.36274027849893,1.86897258484572,0.444444444444444,0.6
"P004089","4(N02) _ DA~a# _ EN~a#","N02 N02 N02 N02 _ DA~a _ EN~a",6,3,1.25162916738782,1.15586857153037,0.5,1
"P004093","1(N01) _ KUR~a _ 2(N01) _ SAL","N01 _ KUR~a _ N01 N01 _ SAL",5,3,1.37095059445467,1.02288186904959,0.6,0.5
"P004104","1(N14) _ 1(N01)#","N14 _ N01",2,2,1,0.5,1,0
"P004105","3(N34) _ 3(N14) _ 2(N01)","N34 N34 N34 _ N14 N14 N14 _ N01 N01",8,3,1.56127812445913,1.25666018377781,0.375,1
"P004106","1(N01) _ SAL _ 5(N02) _ 6(N01) _ SZU _ GURUSZDA _ 6(N57)","N01 _ SAL _ N02 N02 N02 N02 N02 _ N01 N01 N01 N01 N01 N01 _ SZU _ GURUSZDA _ N57 N57 N57 N57 N57 N57",21,6,2.16513171167557,1.64634964365515,0.285714285714286,0.933333333333333
"P004107","1(N02) _ 1(N01) _ TE","N02 _ N01 _ TE",3,3,1.58496250072116,0.861654166907052,1,0
"P004108","2(N14)# _ 2(N01)# _ 1(N01)# _ GAR","N14 N14 _ N01 N01 _ N01 _ GAR",6,3,1.45914791702725,1.13848150814767,0.5,1
"P004113","1(N01) _ NIMGIR _ SI _ 3(N01) _ SAG _ 1(N01) _ KUR~a _ 7(N01) _ 1(N01) _ KUR~a _ 9(N01) _ SAG _ 1(N01) _ KUR~a _ 2(N01) _ EN~a _ 1(N01) _ KUR~a _ 5(N01) _ UR2 _ 1(N01) _ 5(N01) _ AMA~a _ 1(N01) _ KUR~a _ 1(N01) _ EN~a _ NUN~a _ DIN _ GA~a _ 2(N01)# _ 1(N14) _ 3(N01) _ 3(N14) _ 3(N01) _ DIN _ 6(N01) _ KUR~a _ 1(N34) _ 1(N14) _ 6(N01) _ 1(N14) _ 3(N01) _ 3(N14) _ 9(N01) _ DIN _ NUN~a _ GA~a","N01 _ NIMGIR _ SI _ N01 N01 N01 _ SAG _ N01 _ KUR~a _ N01 N01 N01 N01 N01 N01 N01 _ N01 _ KUR~a _ N01 N01 N01 N01 N01 N01 N01 N01 N01 _ SAG _ N01 _ KUR~a _ N01 N01 _ EN~a _ N01 _ KUR~a _ N01 N01 N01 N01 N01 _ UR2 _ N01 _ N01 N01 N01 N01 N01 _ AMA~a _ N01 _ KUR~a _ N01 _ EN~a _ NUN~a _ DIN _ GA~a _ N01 N01 _ N14 _ N01 N01 N01 _ N14 N14 N14 _ N01 N01 N01 _ DIN _ N01 N01 N01 N01 N01 N01 _ KUR~a _ N34 _ N14 _ N01 N01 N01 N01 N01 N01 _ N14 _ N01 N01 N01 _ N14 N14 N14 _ N01 N01 N01 N01 N01 N01 N01 N01 N01 _ DIN _ NUN~a _ GA~a",102,13,1.83491521447832,1.71579855325034,0.127450980392157,0.629213483146067
"P004115","3(N02) _ 2(N01) _ URI3~a","N02 N02 N02 _ N01 N01 _ URI3~a",6,3,1.45914791702725,1.1730679664209,0.5,1
"P004117","9(N01) _ |DUG~bxX| _ UNUG~a _ 2(N01) _ 3(N57) _ SI _ 2(N14) _ 8(N01) _ DIN _ EN~a _ 1(N14) _ 5(N01)","N01 N01 N01 N01 N01 N01 N01 N01 N01 _ |DUG~bxX| _ UNUG~a _ N01 N01 _ N57 N57 N57 _ SI _ N14 N14 _ N01 N01 N01 N01 N01 N01 N01 N01 _ DIN _ EN~a _ N14 _ N01 N01 N01 N01 N01",35,8,1.71360087346969,1.7120358810181,0.228571428571429,0.851851851851852
"P004411","1(N01) _ SANGA~a _ NUN~a# _ KASZ~b _ 2(N01) _ BU~a# _ BU~a# _ 1(N01)#","N01 _ SANGA~a _ NUN~a _ KASZ~b _ N01 N01 _ BU~a _ BU~a _ N01",9,5,2.0588138903312,1.43674724681158,0.555555555555556,0.5
"P004414","1(N01) _ SIG2~b _ 6(N01) _ |NUN~a+EN~a| _ 1(N01) _ 2(N01) _ ME~a _ 2(N01)","N01 _ SIG2~b _ N01 N01 N01 N01 N01 N01 _ |NUN~a+EN~a| _ N01 _ N01 N01 _ ME~a _ N01 N01",15,4,1.03892059503159,1.36783455685939,0.266666666666667,0.727272727272727
"P004418","3(N01)# _ 3(N14)# _ 3(N01)# _ |SILA3~axSZU|# _ 1(N14)# _ 1(N01)#","N01 N01 N01 _ N14 N14 N14 _ N01 N01 N01 _ |SILA3~axSZU| _ N14 _ N01",12,3,1.28067212952089,1.27502341646062,0.25,0.666666666666667
"P004435","1(N34) _ 2(N14) _ HAL _ 1(N14) _ 4(N01) _ 2(N14) _ 5(N01) _ GAL~a _ 2(N14) _ 2(N14) _ 2(N01) _ AMA~a#","N34 _ N14 N14 _ HAL _ N14 _ N01 N01 N01 N01 _ N14 N14 _ N01 N01 N01 N01 N01 _ GAL~a _ N14 N14 _ N14 N14 _ N01 N01 _ AMA~a",24,6,1.81066779997153,1.50463518501446,0.25,0.722222222222222
"P004441","5(N01) _ TUG2~a _ 1(N14) _ 2(N01) _ 1(N14) _ 1(N01) _ TI _ 1(N14) _ 2(N01) _ 1(N34) _ 1(N14) _ GAR _ 2(N14) _ 4(N01) _ 1(N14) _ 4(N01) _ DU _ 1(N14) _ 5(N01) _ 1(N01) _ SAG _ 1(N14) _ 1(N14)","N01 N01 N01 N01 N01 _ TUG2~a _ N14 _ N01 N01 _ N14 _ N01 _ TI _ N14 _ N01 N01 _ N34 _ N14 _ GAR _ N14 N14 _ N01 N01 N01 N01 _ N14 _ N01 N01 N01 N01 _ DU _ N14 _ N01 N01 N01 N01 N01 _ N01 _ SAG _ N14 _ N14",40,8,1.74046857073283,1.73761733962249,0.2,0.59375
"P004444","1(N14) _ 1(N14) _ 1(N01) _ 3(N01) _ BA","N14 _ N14 _ N01 _ N01 N01 N01 _ BA",7,3,1.37878349348618,1.13696781496692,0.428571428571429,1
"P004454","1(N01) _ ZATU662 _ 1(N01) _ NU _ 1(N14) _ 1(N01) _ NU@g _ 3(N01) _ ZI~a _ E2~a _ NUN~a _ 2(N01) _ SZU2 _ 1(N14) _ 6(N01) _ 8(N01) _ GADA~a _ 2(N01) _ TUG2~a _ 2(N01) _ BARA2~a","N01 _ ZATU662 _ N01 _ NU _ N14 _ N01 _ NU@g _ N01 N01 N01 _ ZI~a _ E2~a _ NUN~a _ N01 N01 _ SZU2 _ N14 _ N01 N01 N01 N01 N01 N01 _ N01 N01 N01 N01 N01 N01 N01 N01 _ GADA~a _ N01 N01 _ TUG2~a _ N01 N01 _ BARA2~a",38,12,1.97920560103126,1.92467053981962,0.315789473684211,0.692307692307692
"P004456","1(N34)# _ 1(N01)# _ 3(N01)# _ 1(N34) _ 1(N34) _ |SZU2.EN~a|# _ 3(N01)# _ 1(N34)# _ 1(N48) _ 2(N34) _ 2(N14) _ TI#","N34 _ N01 _ N01 N01 N01 _ N34 _ N34 _ |SZU2.EN~a| _ N01 N01 N01 _ N34 _ N48 _ N34 N34 _ N14 N14 _ TI",18,6,2.10541058706841,1.71461236491531,0.333333333333333,0.666666666666667
"P004459","2(N01) _ EN~a _ TUG2~a _ 1(N01) _ 1(N01)# _ ZATU764 _ BARA2~a#","N01 N01 _ EN~a _ TUG2~a _ N01 _ N01 _ ZATU764 _ BARA2~a",8,5,2,1.49484683809606,0.625,0.666666666666667
"P004494","3(N34) _ |SAR~axSZE~a| _ SZIDIM#","N34 N34 N34 _ |SAR~axSZE~a| _ SZIDIM",5,3,1.37095059445467,1.12288186904959,0.6,1
"P004497","1(N01) _ UR2 _ GISZ _ NI~a _ GIR3~c _ SZAH2~a _ 1(N01) _ A _ NU _ 3(N01)","N01 _ UR2 _ GISZ _ NI~a _ GIR3~c _ SZAH2~a _ N01 _ A _ NU _ N01 N01 N01",12,8,2.61749246118476,1.85405138882697,0.666666666666667,0.5
"P004500","1(N34)# _ 3(N14) _ MA _ 5(N34) _ 3(N14) _ HASZHUR _ 7(N01) _ 9(N34) _ 4(N14)","N34 _ N14 N14 N14 _ MA _ N34 N34 N34 N34 N34 _ N14 N14 N14 _ HASZHUR _ N01 N01 N01 N01 N01 N01 N01 _ N34 N34 N34 N34 N34 N34 N34 N34 N34 _ N14 N14 N14 N14",34,5,1.80881212544432,1.31185718088727,0.147058823529412,0.862068965517241
"P004502","5(N51) _ GAR# _ 1(N34)","N51 N51 N51 N51 N51 _ GAR _ N34",7,3,1.14883485428092,1.17832413863755,0.428571428571429,1
"P004526","AMAR# _ 3(N57)# _ DUG~a#","AMAR _ N57 N57 N57 _ DUG~a",5,3,1.37095059445467,1.02288186904959,0.6,1
"P004529","1(N01)# _ NI~a _ URUDU~a","N01 _ NI~a _ URUDU~a",3,3,1.58496250072116,0.861654166907052,1,0
"P004889","5(N14)","N14 N14 N14 N14 N14",5,1,0,0.571190309536813,0.2,1
"P005004","1(N34) _ GAR _ BAR _ 3(N39~a) _ 1(N14)","N34 _ GAR _ BAR _ N39~a N39~a N39~a _ N14",7,5,2.12808527889139,1.40653753151186,0.714285714285714,1
"P005005","1(N34) _ 1(N14) _ 2(N01)","N34 _ N14 _ N01 N01",4,3,1.5,0.896240625180289,0.75,1
"P005006","1(N34) _ 5(N14)# _ 1(N01)","N34 _ N14 N14 N14 N14 N14 _ N01",7,3,1.14883485428092,1.04756573158208,0.428571428571429,1
"P005007","2(N01)# _ TUR# _ EN~a#","N01 N01 _ TUR _ EN~a",4,3,1.5,1.02124062518029,0.75,1
"P005008","GESZTU~b _ TUN3~a _ TAK4~a _ A","GESZTU~b _ TUN3~a _ TAK4~a _ A",4,4,2,1.14624062518029,1,0
"P005010","6(N14)# _ 4(N01)# _ SANGA~a#","N14 N14 N14 N14 N14 N14 _ N01 N01 N01 N01 _ SANGA~a",11,3,1.32217934551667,1.27992457916813,0.272727272727273,1
"P005011","2(N14)# _ GAR# _ X#","N14 N14 _ GAR _ X",4,3,1.5,1.02124062518029,0.75,1
"P005012","2(N14)# _ |NINDA2xGAR|#","N14 N14 _ |NINDA2xGAR|",3,2,0.918295834054489,0.694987500240385,0.666666666666667,1
"P005013","2(N14)# _ GU4#","N14 N14 _ GU4",3,2,0.918295834054489,0.694987500240385,0.666666666666667,1
"P005017","ME~a _ 1(N01)# _ DI# _ 2(N01)#","ME~a _ N01 _ DI _ N01 N01",5,3,1.37095059445467,0.949185309632967,0.6,0.5
"P005018","3(N14)# _ BAR","N14 N14 N14 _ BAR",4,2,0.811278124459133,0.823120312590145,0.5,1
"P005020","3(N14)# _ GI#","N14 N14 N14 _ GI",4,2,0.811278124459133,0.823120312590145,0.5,1
"P006288","1(N01) _ GAL~a _ SZU2 _ 3(N57) _ 1(N01) _ GESZTU~b _ SZIM~a _ SZU _ 1(N01) _ SI4~a _ 1(N01) _ 1(N01) _ SI _ UR3~b1 _ 1(N01) _ AMAR","N01 _ GAL~a _ SZU2 _ N57 N57 N57 _ N01 _ GESZTU~b _ SZIM~a _ SZU _ N01 _ SI4~a _ N01 _ N01 _ SI _ UR3~b1 _ N01 _ AMAR",18,11,3.0441104177484,2.2846145002055,0.611111111111111,0.428571428571429
"P252172","SANGA~a _ NUN~a _ IB~a","SANGA~a _ NUN~a _ IB~a",3,3,1.58496250072116,0.861654166907052,1,0
"P252178","SZU _ ZATU753 _ ZATU753 _ SZE~a","SZU _ ZATU753 _ ZATU753 _ SZE~a",4,3,1.5,0.948120312590145,0.75,1
"P325163","1(N48) _ 7(N34) _ 3(N14) _ BARA2~a#","N48 _ N34 N34 N34 N34 N34 N34 N34 _ N14 N14 N14 _ BARA2~a",12,4,1.55109817100726,1.35560190823953,0.333333333333333,1
"P325222","1(N45) _ 8(N14)# _ SZE~a","N45 _ N14 N14 N14 N14 N14 N14 N14 N14 _ SZE~a",10,3,0.921928094887362,1.01653517670162,0.3,1
"P325365","4(N01)# _ BA# _ 1(N01) _ SANGA~a","N01 N01 N01 N01 _ BA _ N01 _ SANGA~a",7,3,1.14883485428092,1.20715501441132,0.428571428571429,0.75
