"tablet.id","signs.orig.vec","signs.expand.vec"
"P000001","1(N01) _ 1(N01) _ TIM _ 1(N01) _ 1(N01) _ 1(N01) _ 1(N01) _ GAL~a _ UMUN2 _ 1(N01) _ DUB~a _ 1(N01) _ 1(N01) _ UB","N01 _ N01 _ TIM _ N01 _ N01 _ N01 _ N01 _ GAL~a _ UMUN2 _ N01 _ DUB~a _ N01 _ N01 _ UB"
"P000002","SZITA~a1 _ 1(N01) _ GAL~a _ SILA4~b _ 1(N01) _ GAL~a _ SZAB~a","SZITA~a1 _ N01 _ GAL~a _ SILA4~b _ N01 _ GAL~a _ SZAB~a"
"P000008","NI~b _ TUR _ 1(N01) _ SAL _ ZATU750","NI~b _ TUR _ N01 _ SAL _ ZATU750"
"P000009","1(N01) _ 1(N01) _ 1(N01) _ 1(N01) _ 1(N01) _ GAL~a _ 1(N01) _ 1(N01)","N01 _ N01 _ N01 _ N01 _ N01 _ GAL~a _ N01 _ N01"
"P000010","1(N01) _ NUN~a _ 1(N01) _ EN~a _ AMAR _ 1(N01) _ 1(N01) _ 1(N01) _ IB~a _ ZATU686~a _ 1(N01) _ 1(N01) _ 1(N01)","N01 _ NUN~a _ N01 _ EN~a _ AMAR _ N01 _ N01 _ N01 _ IB~a _ ZATU686~a _ N01 _ N01 _ N01"
"P000011","1(N01) _ DI _ 1(N01) _ NAM2 _ NAM2 _ 1(N01) _ NAM2 _ URU~a1 _ 1(N01) _ NAM2 _ ERIN _ 1(N01) _ GAL~a _ 1(N01) _ 1(N01) _ 1(N01) _ 1(N01) _ GAL~a _ TE _ 1(N01) _ GAL~a _ SUKKAL _ 1(N01) _ GADA~a _ SUKKAL _ 1(N01) _ 1(N01) _ 1(N01) _ 1(N01) _ 1(N01) _ 1(N01) _ 1(N01) _ 1(N01) _ 1(N01) _ 1(N01) _ 1(N01) _ 1(N01) _ 1(N01) _ 1(N01) _ 1(N01) _ 1(N01) _ GUG2 _ 1(N01) _ 1(N01)","N01 _ DI _ N01 _ NAM2 _ NAM2 _ N01 _ NAM2 _ URU~a1 _ N01 _ NAM2 _ ERIN _ N01 _ GAL~a _ N01 _ N01 _ N01 _ N01 _ GAL~a _ TE _ N01 _ GAL~a _ SUKKAL _ N01 _ GADA~a _ SUKKAL _ N01 _ N01 _ N01 _ N01 _ N01 _ N01 _ N01 _ N01 _ N01 _ N01 _ N01 _ N01 _ N01 _ N01 _ N01 _ N01 _ GUG2 _ N01 _ N01"
"P000012","1(N01) _ NIMGIR _ 1(N01) _ SIG7 _ 1(N01) _ SUHUR _ 1(N01) _ 1(N01) _ TAR~a _ 1(N01) _ GAL~a _ DU6~b _ 1(N01) _ KUR~a _ 1(N01) _ 1(N01)","N01 _ NIMGIR _ N01 _ SIG7 _ N01 _ SUHUR _ N01 _ N01 _ TAR~a _ N01 _ GAL~a _ DU6~b _ N01 _ KUR~a _ N01 _ N01"
"P000013","1(N01) _ ERIM~a _ NE~a _ 1(N01) _ 1(N01)","N01 _ ERIM~a _ NE~a _ N01 _ N01"
"P000014","1(N01) _ SZUBUR _ 1(N01) _ |1(N57).SZUBUR| _ 1(N01) _ |2(N57).SZUBUR| _ 1(N01) _ U4 _ 1(N01) _ 1(N01) _ ME~a _ SZUBUR _ 1(N01) _ RAD~a@g _ SZUBUR _ 1(N01) _ SZUBUR _ 1(N01) _ ZATU686~a _ BU~a _ SZUBUR _ 1(N01) _ BU~a _ SZUBUR _ 1(N01) _ 1(N01) _ PAP~a _ 1(N01) _ 1(N01) _ SZUBUR _ 1(N01) _ KASKAL _ SZUBUR _ 1(N01) _ LAM~b _ SZUBUR _ 1(N01) _ SZUBUR _ 1(N01) _ SZUBUR _ 1(N01) _ SZUBUR _ 1(N01) _ UB _ SZUBUR _ 1(N01) _ MUSZEN _ SZUBUR _ 1(N01) _ TUM~a _ SZUBUR _ 1(N01) _ GI _ SZUBUR _ 1(N01) _ UR~a _ SZUBUR _ 1(N01) _ SZA3~a1 _ SZUBUR _ 1(N01) _ GAN2 _ SZUBUR _ 1(N01) _ SZUBUR _ 1(N01) _ GURUSZDA _ SZUBUR _ 1(N01) _ A _ SZUBUR _ 1(N01) _ SAGSZU _ SZUBUR _ 1(N01) _ BAHAR2~a _ SZUBUR _ 1(N01) _ SZUBUR _ AB2 _ 1(N01) _ 1(N01) _ 1(N01) _ SZUBUR _ |BU~a+DU6~a| _ 1(N01) _ SZUBUR _ LAGAB~a _ 1(N01) _ SZUBUR _ GI6 _ 1(N01) _ U4 _ 1(N01) _ BU~a _ SZUBUR _ 1(N01) _ URI3~a _ SZUBUR _ 1(N01) _ KAL~b1 _ SZUBUR _ 1(N01) _ 1(N57) _ SZUBUR _ 1(N01) _ SZUBUR _ KU6~a _ 1(N01) _ SZUBUR _ 1(N01) _ EN~a _ 1(N01) _ SZUBUR _ SUHUR _ 1(N01) _ SZUBUR _ MU _ 1(N01) _ TE _ SZUBUR _ 1(N01) _ ZATU758 _ SZUBUR _ 1(N01) _ 1(N01) _ BAHAR2~a _ SZUBUR _ 1(N01) _ AN _ SZUBUR _ 1(N01) _ SZUBUR _ GIR3~a _ 1(N01) _ |3(N57).SZUBUR| _ 1(N01) _ SZE3 _ SZUBUR _ 1(N01) _ 1(N01) _ SZUBUR _ 1(N01) _ SZUBUR _ MAH~a _ 5(N14) _ 8(N01)","N01 _ SZUBUR _ N01 _ |1(N57).SZUBUR| _ N01 _ |2(N57).SZUBUR| _ N01 _ U4 _ N01 _ N01 _ ME~a _ SZUBUR _ N01 _ RAD~a@g _ SZUBUR _ N01 _ SZUBUR _ N01 _ ZATU686~a _ BU~a _ SZUBUR _ N01 _ BU~a _ SZUBUR _ N01 _ N01 _ PAP~a _ N01 _ N01 _ SZUBUR _ N01 _ KASKAL _ SZUBUR _ N01 _ LAM~b _ SZUBUR _ N01 _ SZUBUR _ N01 _ SZUBUR _ N01 _ SZUBUR _ N01 _ UB _ SZUBUR _ N01 _ MUSZEN _ SZUBUR _ N01 _ TUM~a _ SZUBUR _ N01 _ GI _ SZUBUR _ N01 _ UR~a _ SZUBUR _ N01 _ SZA3~a1 _ SZUBUR _ N01 _ GAN2 _ SZUBUR _ N01 _ SZUBUR _ N01 _ GURUSZDA _ SZUBUR _ N01 _ A _ SZUBUR _ N01 _ SAGSZU _ SZUBUR _ N01 _ BAHAR2~a _ SZUBUR _ N01 _ SZUBUR _ AB2 _ N01 _ N01 _ N01 _ SZUBUR _ |BU~a+DU6~a| _ N01 _ SZUBUR _ LAGAB~a _ N01 _ SZUBUR _ GI6 _ N01 _ U4 _ N01 _ BU~a _ SZUBUR _ N01 _ URI3~a _ SZUBUR _ N01 _ KAL~b1 _ SZUBUR _ N01 _ N57 _ SZUBUR _ N01 _ SZUBUR _ KU6~a _ N01 _ SZUBUR _ N01 _ EN~a _ N01 _ SZUBUR _ SUHUR _ N01 _ SZUBUR _ MU _ N01 _ TE _ SZUBUR _ N01 _ ZATU758 _ SZUBUR _ N01 _ N01 _ BAHAR2~a _ SZUBUR _ N01 _ AN _ SZUBUR _ N01 _ SZUBUR _ GIR3~a _ N01 _ |3(N57).SZUBUR| _ N01 _ SZE3 _ SZUBUR _ N01 _ N01 _ SZUBUR _ N01 _ SZUBUR _ MAH~a _ N14 N14 N14 N14 N14 _ N01 N01 N01 N01 N01 N01 N01 N01"
"P000015","DUG~b _ 1(N01) _ DUG~c _ 1(N01) _ |DUG+ASZ~c| _ 1(N01) _ UKKIN~b _ 1(N01) _ MUD3~a _ 1(N01) _ 1(N01) _ KISIM~b _ 1(N01) _ NI~b _ 1(N01) _ IR~b _ 1(N01) _ HI _ IR~b _ 1(N01) _ 1(N01) _ SU~a _ NI~b _ 1(N01) _ 3(N57) _ SU~a _ NI~b _ 1(N01) _ |DUG~bxSZE~a| _ 1(N01) _ 1(N01) _ |DUG~bxKASKAL| _ 1(N01) _ KASZ~b _ 1(N01) _ |DUG~bxGESZTU~b| _ 1(N01) _ 1(N01) _ |DUG~bxNAGA~a| _ 1(N01) _ 1(N01) _ 1(N01) _ 1(N01) _ 1(N01) _ |DUG~bxX| _ 1(N01) _ |DUG~bxGISZ| _ 1(N01) _ GISZ _ |DUG~bxGISZ| _ 1(N01) _ LA2 _ ERIM~b2 _ 1(N01) _ SIG2~d1 _ 1(N01) _ U4 _ 1(N01) _ SIG2~d1 _ 1(N01) _ NI~b _ SIG2~d1 _ 1(N01) _ KU6~a _ SIG2~d1 _ 1(N01) _ 1(N01) _ SI _ SIG2~d1 _ SIG2~d1 _ SAG _ SIG2~d1 _ EZEN~a _ SIG2~d1 _ 1(N01) _ 1(N01) _ MUD3~c _ 1(N01) _ 1(N01) _ GAL~a _ 1(N01) _ 1(N57) _ TAK4~a _ TUN3~b _ 1(N01) _ 3(N57) _ TAK4~a _ TUN3~b _ 1(N01) _ NAGAR~a _ SZITA~a1 _ AN _ SZITA~a1 _ 1(N01) _ 1(N57) _ TAK4~a _ 1(N01) _ 1(N34) _ SZA3~a2","DUG~b _ N01 _ DUG~c _ N01 _ |DUG+ASZ~c| _ N01 _ UKKIN~b _ N01 _ MUD3~a _ N01 _ N01 _ KISIM~b _ N01 _ NI~b _ N01 _ IR~b _ N01 _ HI _ IR~b _ N01 _ N01 _ SU~a _ NI~b _ N01 _ N57 N57 N57 _ SU~a _ NI~b _ N01 _ |DUG~bxSZE~a| _ N01 _ N01 _ |DUG~bxKASKAL| _ N01 _ KASZ~b _ N01 _ |DUG~bxGESZTU~b| _ N01 _ N01 _ |DUG~bxNAGA~a| _ N01 _ N01 _ N01 _ N01 _ N01 _ |DUG~bxX| _ N01 _ |DUG~bxGISZ| _ N01 _ GISZ _ |DUG~bxGISZ| _ N01 _ LA2 _ ERIM~b2 _ N01 _ SIG2~d1 _ N01 _ U4 _ N01 _ SIG2~d1 _ N01 _ NI~b _ SIG2~d1 _ N01 _ KU6~a _ SIG2~d1 _ N01 _ N01 _ SI _ SIG2~d1 _ SIG2~d1 _ SAG _ SIG2~d1 _ EZEN~a _ SIG2~d1 _ N01 _ N01 _ MUD3~c _ N01 _ N01 _ GAL~a _ N01 _ N57 _ TAK4~a _ TUN3~b _ N01 _ N57 N57 N57 _ TAK4~a _ TUN3~b _ N01 _ NAGAR~a _ SZITA~a1 _ AN _ SZITA~a1 _ N01 _ N57 _ TAK4~a _ N01 _ N34 _ SZA3~a2"
"P000019","1(N01) _ GAL~a _ SZUBUR _ 1(N01) _ 1(N01) _ 1(N01)","N01 _ GAL~a _ SZUBUR _ N01 _ N01 _ N01"
"P000020","1(N01) _ NUN~a _ 1(N01) _ TUR3~a","N01 _ NUN~a _ N01 _ TUR3~a"
"P000021","1(N01) _ 1(N01) _ GURUSZ~a _ KI _ 1(N01) _ |KAK~a.GA2~a1| _ 1(N01) _ |KAK~a.GA2~a1| _ 1(N01) _ 1(N01) _ 1(N01) _ 1(N01) _ UR~a _ 1(N01) _ 3(N57) _ 1(N01) _ 1(N01) _ 1(N01) _ 1(N01) _ 1(N01)","N01 _ N01 _ GURUSZ~a _ KI _ N01 _ |KAK~a.GA2~a1| _ N01 _ |KAK~a.GA2~a1| _ N01 _ N01 _ N01 _ N01 _ UR~a _ N01 _ N57 N57 N57 _ N01 _ N01 _ N01 _ N01 _ N01"
"P000022","1(N01) _ ZATU707~a _ ZATU686~a _ ZATU707~a _ ZATU707~a _ KA~a _ E2~a _ E2~a _ KA~a _ LAGAB~b _ ZATU707~a","N01 _ ZATU707~a _ ZATU686~a _ ZATU707~a _ ZATU707~a _ KA~a _ E2~a _ E2~a _ KA~a _ LAGAB~b _ ZATU707~a"
"P000023","1(N01) _ 1(N01) _ SZITA~b1 _ 1(N01) _ SZITA~a1 _ 1(N01) _ 1(N01) _ 1(N01) _ SZA _ 1(N01) _ 1(N01) _ 1(N01) _ 1(N01) _ 1(N01) _ SZITA~a1 _ 1(N01) _ |SZITA~a1xKAK~a| _ 1(N01) _ |SZITA~a1xSZU| _ 1(N01) _ |SZITA~a1xKAK~a| _ 1(N01) _ |SZITA~a1xSZU|","N01 _ N01 _ SZITA~b1 _ N01 _ SZITA~a1 _ N01 _ N01 _ N01 _ SZA _ N01 _ N01 _ N01 _ N01 _ N01 _ SZITA~a1 _ N01 _ |SZITA~a1xKAK~a| _ N01 _ |SZITA~a1xSZU| _ N01 _ |SZITA~a1xKAK~a| _ N01 _ |SZITA~a1xSZU|"
"P000024","1(N01) _ SANGA~a _ 1(N01) _ BUR2","N01 _ SANGA~a _ N01 _ BUR2"
"P000025","1(N01) _ DUG~c _ 1(N01) _ PAP~a _ 1(N01) _ NAM2 _ 1(N01) _ PAP~a _ 3(N57) _ 1(N01) _ 1(N01) _ NAM2@g _ 1(N01) _ SUKKAL _ NUN~a _ 1(N01) _ SUKKAL _ 1(N01) _ 1(N01) _ ME~a _ UDU~a _ URU~a1 _ 1(N01) _ 1(N01) _ 1(N01) _ MASZ _ APIN~a _ 1(N01) _ EN~a _ EN~a _ 1(N01) _ 1(N01) _ 3(N57) _ 1(N01) _ AN _ SZU _ 1(N01) _ ME~a _ 1(N01) _ SZU@g _ 1(N01) _ 1(N01) _ 1(N01) _ KU6~a _ 1(N01) _ DA~a _ 1(N01) _ 1(N01) _ 1(N01) _ 3(N57) _ UR3~b2 _ 1(N01) _ EN~a _ UR3~b1 _ 1(N01) _ 1(N01) _ PAP~a _ UR3~b2 _ 1(N01) _ SAL _ 1(N01) _ 1(N01) _ AN _ UR3~b2 _ 1(N01) _ 1(N01) _ 1(N01) _ 1(N01) _ 1(N01) _ 1(N01) _ 1(N01) _ 1(N01) _ 1(N01) _ 1(N01) _ |GISZxSZU2~b| _ 1(N01) _ DU _ |GISZxSZU2~b| _ 1(N01) _ LA2 _ NESAG2~b _ 1(N01) _ U2~b _ SAG _ 1(N01) _ U2~b _ 1(N02) _ 1(N01) _ ME~a _ U2~b _ 1(N01) _ LA2 _ U2~b _ 1(N01) _ 1(N01) _ U2~b _ A _ 1(N01) _ EN~a _ BU~b _ U2~b _ DU _ 1(N01) _ ZATU697~a _ 1(N01) _ 3(N57) _ 1(N01) _ 1(N01) _ EN~a _ SZA3~a2 _ 1(N01) _ HI _ EN~a _ 1(N01) _ 1(N01) _ 1(N01) _ 1(N01) _ URI3~a _ 1(N01) _ 3(N57) _ URI3~a _ 1(N01) _ |GIR~b.GIR~b| _ 1(N01) _ 1(N01) _ RI8~a _ 1(N01) _ BU~a _ 1(N01) _ 1(N01) _ 1(N01) _ 1(N01) _ BU~a _ SAL _ 1(N01) _ ZATU659 _ 1(N01) _ 1(N01) _ 1(N01) _ NUNUZ~c _ DA~a","N01 _ DUG~c _ N01 _ PAP~a _ N01 _ NAM2 _ N01 _ PAP~a _ N57 N57 N57 _ N01 _ N01 _ NAM2@g _ N01 _ SUKKAL _ NUN~a _ N01 _ SUKKAL _ N01 _ N01 _ ME~a _ UDU~a _ URU~a1 _ N01 _ N01 _ N01 _ MASZ _ APIN~a _ N01 _ EN~a _ EN~a _ N01 _ N01 _ N57 N57 N57 _ N01 _ AN _ SZU _ N01 _ ME~a _ N01 _ SZU@g _ N01 _ N01 _ N01 _ KU6~a _ N01 _ DA~a _ N01 _ N01 _ N01 _ N57 N57 N57 _ UR3~b2 _ N01 _ EN~a _ UR3~b1 _ N01 _ N01 _ PAP~a _ UR3~b2 _ N01 _ SAL _ N01 _ N01 _ AN _ UR3~b2 _ N01 _ N01 _ N01 _ N01 _ N01 _ N01 _ N01 _ N01 _ N01 _ N01 _ |GISZxSZU2~b| _ N01 _ DU _ |GISZxSZU2~b| _ N01 _ LA2 _ NESAG2~b _ N01 _ U2~b _ SAG _ N01 _ U2~b _ N02 _ N01 _ ME~a _ U2~b _ N01 _ LA2 _ U2~b _ N01 _ N01 _ U2~b _ A _ N01 _ EN~a _ BU~b _ U2~b _ DU _ N01 _ ZATU697~a _ N01 _ N57 N57 N57 _ N01 _ N01 _ EN~a _ SZA3~a2 _ N01 _ HI _ EN~a _ N01 _ N01 _ N01 _ N01 _ URI3~a _ N01 _ N57 N57 N57 _ URI3~a _ N01 _ |GIR~b.GIR~b| _ N01 _ N01 _ RI8~a _ N01 _ BU~a _ N01 _ N01 _ N01 _ N01 _ BU~a _ SAL _ N01 _ ZATU659 _ N01 _ N01 _ N01 _ NUNUZ~c _ DA~a"
"P000030","1(N01) _ 1(N01) _ 1(N01) _ 1(N01)","N01 _ N01 _ N01 _ N01"
"P000031","1(N01) _ 1(N01) _ 1(N01) _ 1(N01) _ 1(N01) _ BU~a _ SZAB~a _ 1(N01) _ 1(N01) _ GAL~a _ TUR3~a _ 1(N01) _ 1(N01) _ 1(N01) _ 1(N01) _ 1(N01) _ 1(N01) _ GAL~a _ 1(N01)","N01 _ N01 _ N01 _ N01 _ N01 _ BU~a _ SZAB~a _ N01 _ N01 _ GAL~a _ TUR3~a _ N01 _ N01 _ N01 _ N01 _ N01 _ N01 _ GAL~a _ N01"
"P000033","1(N01) _ KU~b2 _ DU6~b _ 1(N01) _ TAR~a _ DU6~b _ 1(N01)","N01 _ KU~b2 _ DU6~b _ N01 _ TAR~a _ DU6~b _ N01"
"P000034","KISZ","KISZ"
"P000035","KU6~a _ KU6~a _ 1(N01) _ DUR2 _ KU6~a _ 1(N01) _ ME~a _ KU6~a _ 1(N01) _ KU6~a _ 1(N01) _ 1(N01) _ AB~a _ KU6~a _ 1(N01) _ KU6~a _ 1(N01) _ SUKUD@g~b _ 1(N01) _ TU~b _ KU6~a _ 1(N01) _ 1(N01) _ GIR~b _ 1(N01) _ KA~a _ KU6~a _ 1(N01) _ KU6~a _ 1(N01) _ 1(N01) _ U2~b _ 1(N01) _ 1(N01) _ 1(N01) _ 1(N01) _ 1(N01) _ 1(N01) _ NUN~a _ NAM2","KU6~a _ KU6~a _ N01 _ DUR2 _ KU6~a _ N01 _ ME~a _ KU6~a _ N01 _ KU6~a _ N01 _ N01 _ AB~a _ KU6~a _ N01 _ KU6~a _ N01 _ SUKUD@g~b _ N01 _ TU~b _ KU6~a _ N01 _ N01 _ GIR~b _ N01 _ KA~a _ KU6~a _ N01 _ KU6~a _ N01 _ N01 _ U2~b _ N01 _ N01 _ N01 _ N01 _ N01 _ N01 _ NUN~a _ NAM2"
"P000036","1(N01) _ 1(N01) _ SZITA~a1 _ 1(N01) _ |SILA3~axSZU| _ 1(N01) _ 1(N01)","N01 _ N01 _ SZITA~a1 _ N01 _ |SILA3~axSZU| _ N01 _ N01"
"P000037","1(N01) _ 1(N01) _ U4 _ 1(N01)","N01 _ N01 _ U4 _ N01"
"P000038","1(N01) _ DUG~c _ 1(N01) _ BAPPIR~b _ 1(N01)","N01 _ DUG~c _ N01 _ BAPPIR~b _ N01"
"P000039","1(N01) _ IDIGNA _ BU~a _ 1(N01) _ SAG _ RAD~a _ 1(N01) _ GAN2 _ RAD~a _ SANGA~a _ 1(N01) _ ISZ~b _ 1(N01) _ AN _ E2~a _ AN _ GAL~a _ 1(N01) _ DA~a _ PA~a _ 1(N01) _ U4 _ AN _ KI","N01 _ IDIGNA _ BU~a _ N01 _ SAG _ RAD~a _ N01 _ GAN2 _ RAD~a _ SANGA~a _ N01 _ ISZ~b _ N01 _ AN _ E2~a _ AN _ GAL~a _ N01 _ DA~a _ PA~a _ N01 _ U4 _ AN _ KI"
"P000040","ZATU647 _ URUDU@g~c","ZATU647 _ URUDU@g~c"
"P000041","PAP~a _ SZA3~a2 _ TU~b","PAP~a _ SZA3~a2 _ TU~b"
"P000042","1(N01) _ 1(N01) _ 1(N01) _ GISZ _ 1(N01) _ IN~b _ 1(N01)","N01 _ N01 _ N01 _ GISZ _ N01 _ IN~b _ N01"
"P000043","MUSZEN _ 1(N01) _ 1(N01) _ 1(N57) _ GAN2 _ 1(N01) _ NAGA~a _ TUR3~b _ 1(N01) _ |SILA3~axA| _ 1(N01) _ ME~a _ 1(N01) _ KUSZU2~d _ 1(N01) _ 1(N01) _ AN","MUSZEN _ N01 _ N01 _ N57 _ GAN2 _ N01 _ NAGA~a _ TUR3~b _ N01 _ |SILA3~axA| _ N01 _ ME~a _ N01 _ KUSZU2~d _ N01 _ N01 _ AN"
"P000045","1(N01) _ 1(N01) _ KAB _ NAM2 _ 1(N01) _ 1(N01) _ 1(N01) _ 1(N01) _ 1(N01) _ 1(N01)","N01 _ N01 _ KAB _ NAM2 _ N01 _ N01 _ N01 _ N01 _ N01 _ N01"
"P000046","1(N01) _ 1(N01) _ 1(N01)","N01 _ N01 _ N01"
"P000047","1(N01) _ HI _ 1(N01)","N01 _ HI _ N01"
"P000048","1(N01) _ 1(N01) _ 1(N01) _ SUKKAL _ 1(N01) _ 1(N01) _ 1(N01)","N01 _ N01 _ N01 _ SUKKAL _ N01 _ N01 _ N01"
"P000050","1(N01) _ NAM2 _ 1(N01) _ 1(N01) _ 1(N01) _ 1(N01) _ ME~a _ NUN~a _ 1(N01) _ 1(N01) _ 1(N01) _ 1(N01) _ 1(N01) _ 1(N01) _ 1(N01) _ SANGA~a _ SUKKAL _ A","N01 _ NAM2 _ N01 _ N01 _ N01 _ N01 _ ME~a _ NUN~a _ N01 _ N01 _ N01 _ N01 _ N01 _ N01 _ N01 _ SANGA~a _ SUKKAL _ A"
"P000051","1(N01) _ GAL~a _ 1(N01) _ 1(N01) _ 1(N01) _ 1(N01) _ 1(N01) _ KU3~a _ 1(N01) _ 1(N01) _ GAL~a _ IM~a _ 1(N01) _ 1(N01) _ 1(N01) _ 1(N01) _ 1(N01) _ |ZATU737xSAL| _ 1(N01)","N01 _ GAL~a _ N01 _ N01 _ N01 _ N01 _ N01 _ KU3~a _ N01 _ N01 _ GAL~a _ IM~a _ N01 _ N01 _ N01 _ N01 _ N01 _ |ZATU737xSAL| _ N01"
"P000053","1(N01) _ DUG~c","N01 _ DUG~c"
"P000054","1(N01) _ 1(N01) _ 1(N01) _ 1(N01) _ 1(N01) _ ERIN _ 1(N01) _ SANGA~a _ 1(N01) _ GAL~a _ UMUN2 _ 1(N01) _ UMUN2 _ 1(N01) _ GAL~a _ 1(N01) _ GAL~a _ 1(N01) _ IM~a","N01 _ N01 _ N01 _ N01 _ N01 _ ERIN _ N01 _ SANGA~a _ N01 _ GAL~a _ UMUN2 _ N01 _ UMUN2 _ N01 _ GAL~a _ N01 _ GAL~a _ N01 _ IM~a"
"P000055","1(N01) _ 1(N01) _ 1(N01) _ GAL~a _ TE _ 1(N01) _ 1(N01) _ 1(N01) _ UMUN2 _ 1(N01) _ 1(N01) _ 1(N01)","N01 _ N01 _ N01 _ GAL~a _ TE _ N01 _ N01 _ N01 _ UMUN2 _ N01 _ N01 _ N01"
"P000056","",""
"P000057","1(N01) _ 1(N01) _ GAL~a _ TAG~a2 _ 1(N01) _ SANGA~a _ 1(N01) _ 1(N01) _ 1(N01) _ SAG _ 1(N01) _ ZATU725 _ 1(N01) _ 1(N01) _ ME~a _ 1(N01) _ 1(N01) _ 1(N01) _ GAR _ 1(N01) _ 1(N01) _ 1(N01) _ GAL~a _ SZAGAN _ 1(N01) _ ENGIZ _ 1(N01)","N01 _ N01 _ GAL~a _ TAG~a2 _ N01 _ SANGA~a _ N01 _ N01 _ N01 _ SAG _ N01 _ ZATU725 _ N01 _ N01 _ ME~a _ N01 _ N01 _ N01 _ GAR _ N01 _ N01 _ N01 _ GAL~a _ SZAGAN _ N01 _ ENGIZ _ N01"
"P000058","1(N01) _ 1(N01) _ 1(N01) _ 1(N01) _ 1(N01) _ 1(N01) _ SZE3@t _ GA'AR~a1 _ 1(N01) _ GA'AR~a1 _ 1(N01)","N01 _ N01 _ N01 _ N01 _ N01 _ N01 _ SZE3@t _ GA'AR~a1 _ N01 _ GA'AR~a1 _ N01"
"P000060","1(N01) _ 1(N01) _ 1(N01) _ SAL","N01 _ N01 _ N01 _ SAL"
"P000061","1(N01) _ 1(N01) _ 1(N01) _ 1(N01) _ 1(N01) _ BU~a _ SZAB~a _ 1(N01) _ NESAG2~a","N01 _ N01 _ N01 _ N01 _ N01 _ BU~a _ SZAB~a _ N01 _ NESAG2~a"
"P000062","1(N01) _ ISZ~b _ 1(N01) _ 1(N01) _ SZA3~a1 _ URI _ 1(N01)","N01 _ ISZ~b _ N01 _ N01 _ SZA3~a1 _ URI _ N01"
"P000063","1(N01) _ AN _ NU _ GIR~a _ 1(N01) _ ZATU806","N01 _ AN _ NU _ GIR~a _ N01 _ ZATU806"
"P000064","1(N01) _ 1(N01) _ U2~b _ |GA~cx1(N14)| _ 1(N01) _ GA'AR~a1 _ 1(N01) _ GA'AR~a1","N01 _ N01 _ U2~b _ |GA~cx1(N14)| _ N01 _ GA'AR~a1 _ N01 _ GA'AR~a1"
"P000065","1(N01) _ TA~c _ 1(N01) _ 1(N01)","N01 _ TA~c _ N01 _ N01"
"P000066","1(N01) _ 1(N01) _ 1(N01) _ 1(N01) _ 1(N01) _ 1(N01) _ GAL~a _ 1(N01) _ BU~a _ 1(N01) _ GAL~a _ 1(N01) _ 1(N01) _ 1(N01) _ 1(N01)","N01 _ N01 _ N01 _ N01 _ N01 _ N01 _ GAL~a _ N01 _ BU~a _ N01 _ GAL~a _ N01 _ N01 _ N01 _ N01"
"P000067","1(N01) _ 1(N01) _ 1(N01) _ IB~a _ 1(N01) _ GAL~a _ SZITA~a1 _ 1(N01) _ 1(N01) _ 1(N01) _ 1(N01) _ GAL~a _ 1(N01)","N01 _ N01 _ N01 _ IB~a _ N01 _ GAL~a _ SZITA~a1 _ N01 _ N01 _ N01 _ N01 _ GAL~a _ N01"
"P000068","1(N01) _ KAL~a _ AB2 _ 1(N01) _ GA~b _ AMAR _ 1(N14) _ SUHUR _ 1(N14) _ 3(N01) _ 1(N01) _ 1(N14)","N01 _ KAL~a _ AB2 _ N01 _ GA~b _ AMAR _ N14 _ SUHUR _ N14 _ N01 N01 N01 _ N01 _ N14"
"P000069","1(N01) _ 1(N01) _ |DUG~bxTAK4~a| _ 1(N01) _ |DUG~bxSA~a|","N01 _ N01 _ |DUG~bxTAK4~a| _ N01 _ |DUG~bxSA~a|"
"P000070","A _ 1(N01) _ ISZ~b _ 1(N14) _ 1(N14) _ KAR2~b","A _ N01 _ ISZ~b _ N14 _ N14 _ KAR2~b"
"P000071","1(N01) _ 1(N01) _ NAM2 _ 1(N01) _ NAM2 _ NAM2 _ 1(N01) _ NAM2 _ URU~a1 _ 1(N01)","N01 _ N01 _ NAM2 _ N01 _ NAM2 _ NAM2 _ N01 _ NAM2 _ URU~a1 _ N01"
"P000072","1(N01) _ MUD3~a _ 1(N01)","N01 _ MUD3~a _ N01"
"P000073","1(N01) _ MUD3~a _ 1(N01) _ LAHTAN2 _ 1(N01) _ KISIM~b _ NI~b _ 1(N34)","N01 _ MUD3~a _ N01 _ LAHTAN2 _ N01 _ KISIM~b _ NI~b _ N34"
"P000075","1(N01) _ 1(N01) _ 1(N01) _ NAM2 _ 1(N01)","N01 _ N01 _ N01 _ NAM2 _ N01"
"P000076","5(N14) _ 6(N14) _ 1(N01) _ 1(N01) _ GAR@g~c _ 1(N01) _ BU~a _ 1(N01)","N14 N14 N14 N14 N14 _ N14 N14 N14 N14 N14 N14 _ N01 _ N01 _ GAR@g~c _ N01 _ BU~a _ N01"
"P000077","1(N01) _ SZEN~a _ 1(N01) _ URI","N01 _ SZEN~a _ N01 _ URI"
"P000078","",""
"P000079","EN~a","EN~a"
"P000080","1(N01) _ 1(N01) _ GAL~a _ 1(N01) _ GAL~a _ 1(N01)","N01 _ N01 _ GAL~a _ N01 _ GAL~a _ N01"
"P000081","1(N01) _ 1(N01) _ GAL~a _ TUR3~a","N01 _ N01 _ GAL~a _ TUR3~a"
"P000082","1(N01) _ NIM~a _ 1(N01) _ GAL~a _ 1(N01)","N01 _ NIM~a _ N01 _ GAL~a _ N01"
"P000083","1(N01) _ 1(N01) _ IM~b _ TUR _ 1(N01)","N01 _ N01 _ IM~b _ TUR _ N01"
"P000084","1(N01) _ UMUN2","N01 _ UMUN2"
"P000085","1(N01)","N01"
"P000086","E2~a","E2~a"
"P000087","1(N01) _ 1(N01) _ 1(N01) _ |ZATU737xSAL| _ 1(N01) _ 1(N01) _ 1(N01) _ 1(N01)","N01 _ N01 _ N01 _ |ZATU737xSAL| _ N01 _ N01 _ N01 _ N01"
"P000088","1(N01) _ 1(N01)","N01 _ N01"
"P000090","|DUG~bxGESZTU~a| _ 1(N01)","|DUG~bxGESZTU~a| _ N01"
"P000091","1(N01) _ 1(N01) _ GAL~a _ 1(N01)","N01 _ N01 _ GAL~a _ N01"
"P000092","",""
"P000093","NI~a","NI~a"
"P000094","GA~a","GA~a"
"P000095","1(N01) _ 1(N01) _ GAL~a _ 1(N01) _ |NUN~a+EN~a| _ 1(N01)","N01 _ N01 _ GAL~a _ N01 _ |NUN~a+EN~a| _ N01"
"P000096","|ZATU737xSAL|","|ZATU737xSAL|"
"P000097","1(N01) _ 1(N01) _ NE~a _ IR~a _ 1(N01) _ DIN _ IR~a","N01 _ N01 _ NE~a _ IR~a _ N01 _ DIN _ IR~a"
"P000098","1(N01) _ GAN~a _ 1(N01) _ 1(N01) _ |DUG~bxSZE~a| _ 1(N01) _ 1(N01)","N01 _ GAN~a _ N01 _ N01 _ |DUG~bxSZE~a| _ N01 _ N01"
"P000099","1(N01) _ 1(N01) _ GAL~a _ 1(N01) _ GA~a","N01 _ N01 _ GAL~a _ N01 _ GA~a"
"P000100","1(N01) _ SAG _ KI _ AD~a _ 1(N01) _ HAL _ ABRIG _ AD~a","N01 _ SAG _ KI _ AD~a _ N01 _ HAL _ ABRIG _ AD~a"
"P000101","1(N01) _ 1(N01) _ 1(N01) _ NIM~a _ 1(N01) _ 1(N01)","N01 _ N01 _ N01 _ NIM~a _ N01 _ N01"
"P000102","1(N01) _ GAL~a _ TE _ 1(N01) _ GAL~a _ SUKKAL _ 1(N01) _ 1(N01)","N01 _ GAL~a _ TE _ N01 _ GAL~a _ SUKKAL _ N01 _ N01"
"P000103","1(N01) _ MAR~b _ 1(N01) _ MAR~b","N01 _ MAR~b _ N01 _ MAR~b"
"P000104","|DUG~bxKUR@g~a|","|DUG~bxKUR@g~a|"
"P000105","1(N01) _ 1(N01) _ BU~a _ SANGA~a _ 1(N01) _ BU~a _ SANGA~a","N01 _ N01 _ BU~a _ SANGA~a _ N01 _ BU~a _ SANGA~a"
"P000106","1(N01)","N01"
"P000107","1(N01) _ NUN~a _ 1(N01) _ BU~a","N01 _ NUN~a _ N01 _ BU~a"
"P000108","1(N01) _ 1(N01) _ ISZ~a _ 1(N01) _ 1(N01)","N01 _ N01 _ ISZ~a _ N01 _ N01"
"P000109","1(N01) _ BU~a _ SZAB~a _ 1(N01) _ 1(N01) _ 1(N01)","N01 _ BU~a _ SZAB~a _ N01 _ N01 _ N01"
"P000110","1(N01) _ 1(N01)","N01 _ N01"
"P000111","HALUB _ MUSZEN _ SZE~a _ MASZ _ TU~b _ 1(N34)","HALUB _ MUSZEN _ SZE~a _ MASZ _ TU~b _ N34"
"P000113","1(N01) _ SU~a _ NI~b _ 1(N01) _ SU~a _ NI~b","N01 _ SU~a _ NI~b _ N01 _ SU~a _ NI~b"
"P000114","1(N14) _ U8","N14 _ U8"
"P000115","1(N01) _ 1(N01) _ 1(N01) _ 1(N01) _ 1(N01) _ 1(N01) _ 1(N01) _ 1(N01) _ 1(N01)","N01 _ N01 _ N01 _ N01 _ N01 _ N01 _ N01 _ N01 _ N01"
"P000116","1(N01) _ 1(N01) _ NIM~b2 _ 1(N01) _ SZITA~a1 _ 1(N01) _ ZATU753 _ 1(N01) _ SANGA~a _ 1(N01) _ 1(N01) _ UB _ 1(N01) _ 1(N01) _ 1(N01) _ NAMESZDA _ 1(N01) _ NAM2 _ URU~a1 _ 1(N01) _ 1(N01) _ |SZE~a.NAM2| _ 1(N01) _ AN _ HI _ KI _ NUN~a _ 1(N01) _ 1(N34)","N01 _ N01 _ NIM~b2 _ N01 _ SZITA~a1 _ N01 _ ZATU753 _ N01 _ SANGA~a _ N01 _ N01 _ UB _ N01 _ N01 _ N01 _ NAMESZDA _ N01 _ NAM2 _ URU~a1 _ N01 _ N01 _ |SZE~a.NAM2| _ N01 _ AN _ HI _ KI _ NUN~a _ N01 _ N34"
"P000117","1(N01) _ 1(N01) _ |DUG~bxKASKAL|","N01 _ N01 _ |DUG~bxKASKAL|"
"P000118","1(N01) _ |UR2x1(N57)| _ 1(N01) _ |GISZxSZU2~b| _ 1(N01) _ GISZIMMAR~b1 _ 1(N01) _ UR2 _ 1(N01) _ 1(N01)","N01 _ |UR2x1(N57)| _ N01 _ |GISZxSZU2~b| _ N01 _ GISZIMMAR~b1 _ N01 _ UR2 _ N01 _ N01"
"P000120","IR~a _ 1(N01) _ DIN _ IR~a _ 1(N01) _ SU~a _ NI~b _ 1(N01) _ NI~b _ 1(N01) _ 1(N01) _ |DUG~bxKASKAL| _ 1(N01) _ KASZ~b _ 1(N01) _ |DUG~bxGESZTU~a| _ 1(N01) _ 1(N01) _ 1(N01)","IR~a _ N01 _ DIN _ IR~a _ N01 _ SU~a _ NI~b _ N01 _ NI~b _ N01 _ N01 _ |DUG~bxKASKAL| _ N01 _ KASZ~b _ N01 _ |DUG~bxGESZTU~a| _ N01 _ N01 _ N01"
"P000122","1(N01) _ SU~a _ NI~b _ 1(N01) _ E2~a _ SU~a _ NI~b","N01 _ SU~a _ NI~b _ N01 _ E2~a _ SU~a _ NI~b"
"P000123","1(N01) _ 1(N01) _ DUB~a _ SANGA~a _ 1(N01)","N01 _ N01 _ DUB~a _ SANGA~a _ N01"
"P000124","GAL~a","GAL~a"
"P000125","KAD4~b _ 3(N01) _ ZA~v _ 1(N01)","KAD4~b _ N01 N01 N01 _ ZA~v _ N01"
"P000126","1(N01) _ 1(N01) _ MUSZEN","N01 _ N01 _ MUSZEN"
"P000127","1(N01) _ 1(N01) _ UMUN2 _ KU3~a _ 1(N01) _ GAL~a _ AK~a _ 1(N01) _ 1(N01) _ 1(N01) _ 1(N01)","N01 _ N01 _ UMUN2 _ KU3~a _ N01 _ GAL~a _ AK~a _ N01 _ N01 _ N01 _ N01"
"P000128","1(N01) _ 1(N01) _ 1(N01) _ 1(N01) _ 1(N01) _ 1(N01) _ 1(N01) _ 1(N01) _ 1(N01)","N01 _ N01 _ N01 _ N01 _ N01 _ N01 _ N01 _ N01 _ N01"
"P000129","1(N01) _ 1(N01) _ ABGAL _ 1(N01) _ 1(N01) _ TE _ 1(N01) _ 1(N01) _ 1(N01) _ 1(N01) _ 1(N01) _ 1(N01)","N01 _ N01 _ ABGAL _ N01 _ N01 _ TE _ N01 _ N01 _ N01 _ N01 _ N01 _ N01"
"P000132","1(N01) _ AN _ TAK4~a","N01 _ AN _ TAK4~a"
"P000133","DARA4~a1 _ DARA4~a1 _ AMAR","DARA4~a1 _ DARA4~a1 _ AMAR"
"P000134","1(N01) _ SU~a _ 1(N01) _ E2~a","N01 _ SU~a _ N01 _ E2~a"
"P000135","KAK~a _ GI6","KAK~a _ GI6"
"P000136","1(N01) _ 1(N01) _ 1(N01) _ 1(N01)","N01 _ N01 _ N01 _ N01"
"P000137","",""
"P000138","1(N01) _ 1(N01) _ 1(N01)","N01 _ N01 _ N01"
"P000139","",""
"P000140","1(N01) _ 1(N01) _ 1(N01) _ 1(N01) _ SANGA~a _ 1(N01) _ SANGA~a _ 1(N01) _ GAL~a _ 1(N01)","N01 _ N01 _ N01 _ N01 _ SANGA~a _ N01 _ SANGA~a _ N01 _ GAL~a _ N01"
"P000141","AMAR _ BA","AMAR _ BA"
"P000142","1(N01) _ 1(N01) _ GU4 _ 1(N01) _ 3(N57) _ ZAG~a _ GU4 _ 1(N01) _ 3(N57) _ DARA4~a1 _ ZAG~a","N01 _ N01 _ GU4 _ N01 _ N57 N57 N57 _ ZAG~a _ GU4 _ N01 _ N57 N57 N57 _ DARA4~a1 _ ZAG~a"
"P000143","1(N01) _ SZEN~a _ 1(N01) _ URI _ 1(N01) _ SUH3 _ 1(N01)","N01 _ SZEN~a _ N01 _ URI _ N01 _ SUH3 _ N01"
"P000144","1(N01) _ |GISZ3~a&GISZ3~a| _ GISZ _ 1(N01)","N01 _ |GISZ3~a&GISZ3~a| _ GISZ _ N01"
"P000145","",""
"P000146","1(N01) _ 1(N01)","N01 _ N01"
"P000147","1(N01) _ 1(N01) _ SZA _ 1(N01) _ UB _ 1(N01)","N01 _ N01 _ SZA _ N01 _ UB _ N01"
"P000148","1(N01) _ 1(N29~a) _ 1(N01) _ 1(N28) _ 1(N01)","N01 _ N29~a _ N01 _ N28 _ N01"
"P000149","1(N01) _ AMA~b _ 1(N01) _ BAHAR2~a _ 1(N01) _ 1(N01)","N01 _ AMA~b _ N01 _ BAHAR2~a _ N01 _ N01"
"P000150","SZE~a _ SZE~a","SZE~a _ SZE~a"
"P000151","1(N01) _ 1(N01)","N01 _ N01"
"P000152","1(N01) _ 1(N01) _ TUR","N01 _ N01 _ TUR"
"P000153","HI _ 1(N01) _ 9(N58) _ NI~b _ 1(N01) _ IR~a _ 1(N01) _ NE~a _ 1(N01) _ 1(N01) _ SU~a _ NI~b _ 1(N01) _ 1(N01) _ 1(N01) _ 1(N01)","HI _ N01 _ N58 N58 N58 N58 N58 N58 N58 N58 N58 _ NI~b _ N01 _ IR~a _ N01 _ NE~a _ N01 _ N01 _ SU~a _ NI~b _ N01 _ N01 _ N01 _ N01"
"P000154","1(N01) _ |DUG~bxSZAH2~a| _ 1(N01) _ 1(N01) _ 1(N01)","N01 _ |DUG~bxSZAH2~a| _ N01 _ N01 _ N01"
"P000155","1(N01) _ AN _ 1(N01) _ NAGAR~b _ SZITA~a1 _ 1(N01) _ AN _ NAGAR~b _ SZITA~a1 _ 1(N01) _ NAGAR~b","N01 _ AN _ N01 _ NAGAR~b _ SZITA~a1 _ N01 _ AN _ NAGAR~b _ SZITA~a1 _ N01 _ NAGAR~b"
"P000156","1(N01) _ 1(N01) _ |KA~axSAR~a| _ KU6~a _ 1(N01) _ LU2 _ KU6~a","N01 _ N01 _ |KA~axSAR~a| _ KU6~a _ N01 _ LU2 _ KU6~a"
"P000157","",""
"P000158","1(N01) _ 1(N01) _ 1(N01) _ 1(N01) _ 1(N01) _ UB _ 1(N01) _ ZATU725 _ 1(N01)","N01 _ N01 _ N01 _ N01 _ N01 _ UB _ N01 _ ZATU725 _ N01"
"P000159","1(N01) _ 1(N01) _ DI _ 1(N01) _ NAM2 _ 1(N01) _ 1(N01)","N01 _ N01 _ DI _ N01 _ NAM2 _ N01 _ N01"
"P000160","AD~a _ NI~b _ DU6~a _ 1(N01) _ 1(N01) _ 1(N57) _ BAR _ 1(N01) _ 1(N01)","AD~a _ NI~b _ DU6~a _ N01 _ N01 _ N57 _ BAR _ N01 _ N01"
"P000161","1(N01) _ 1(N01) _ NAM2 _ 1(N01) _ NAM2 _ DI _ 1(N01) _ NAM2 _ NAM2 _ 1(N01) _ NAM2 _ URU~a1 _ 1(N01) _ NAM2 _ ERIN _ 1(N01) _ GAL~a _ SZUBUR _ 1(N01) _ 1(N01) _ 1(N01) _ NAM2 _ PA~a _ RAD~a _ 1(N01) _ AB~a _ ME~a _ 1(N01) _ |1(N58).BAD~a| _ GAL~a _ 1(N01) _ EN~a _ IB~a _ 1(N01) _ SZITA~a1 _ 1(N01) _ ABGAL _ 1(N01) _ KINGAL _ 1(N01) _ 1(N01) _ 1(N01) _ SIG2~c1 _ 1(N01) _ NIM~a _ 1(N01) _ GAL~a _ 1(N01) _ SILA4~a _ 1(N01) _ SZAB~a _ GAL~a _ 1(N01) _ 1(N01) _ ERIN _ 1(N01) _ SANGA~a _ UMUN2 _ 1(N01) _ AK~a _ 1(N01) _ SUHUR _ 1(N01) _ 1(N01) _ 3(N14) _ 6(N01)","N01 _ N01 _ NAM2 _ N01 _ NAM2 _ DI _ N01 _ NAM2 _ NAM2 _ N01 _ NAM2 _ URU~a1 _ N01 _ NAM2 _ ERIN _ N01 _ GAL~a _ SZUBUR _ N01 _ N01 _ N01 _ NAM2 _ PA~a _ RAD~a _ N01 _ AB~a _ ME~a _ N01 _ |1(N58).BAD~a| _ GAL~a _ N01 _ EN~a _ IB~a _ N01 _ SZITA~a1 _ N01 _ ABGAL _ N01 _ KINGAL _ N01 _ N01 _ N01 _ SIG2~c1 _ N01 _ NIM~a _ N01 _ GAL~a _ N01 _ SILA4~a _ N01 _ SZAB~a _ GAL~a _ N01 _ N01 _ ERIN _ N01 _ SANGA~a _ UMUN2 _ N01 _ AK~a _ N01 _ SUHUR _ N01 _ N01 _ N14 N14 N14 _ N01 N01 N01 N01 N01 N01"
"P000162","1(N01) _ KISZIK~a _ AB~a _ 1(N01) _ 1(N01)","N01 _ KISZIK~a _ AB~a _ N01 _ N01"
"P000163","1(N01) _ 1(N01) _ NAM2 _ 1(N01) _ AB~a _ ME~a _ 1(N01) _ GAL~a _ |1(N58).BAD~a| _ 1(N01) _ EN~a _ 1(N01) _ 1(N01) _ 1(N01)","N01 _ N01 _ NAM2 _ N01 _ AB~a _ ME~a _ N01 _ GAL~a _ |1(N58).BAD~a| _ N01 _ EN~a _ N01 _ N01 _ N01"
"P000164","1(N01) _ UMUN2 _ 1(N01) _ AB~a _ KU3~a _ 1(N01) _ GAL~a _ AK~a _ 1(N01) _ GAL~a _ IM~a _ 1(N01) _ IM~a _ 1(N01) _ 1(N01) _ 1(N01) _ DAM _ 1(N01) _ NUN~a _ BU3 _ 1(N01) _ ME~a _ 1(N01) _ GALGA~a _ 1(N01) _ LAGAR~a _ IB~a _ 1(N01) _ GAR _ 1(N01) _ 1(N01) _ 1(N01) _ 1(N01) _ 1(N01) _ 1(N01)","N01 _ UMUN2 _ N01 _ AB~a _ KU3~a _ N01 _ GAL~a _ AK~a _ N01 _ GAL~a _ IM~a _ N01 _ IM~a _ N01 _ N01 _ N01 _ DAM _ N01 _ NUN~a _ BU3 _ N01 _ ME~a _ N01 _ GALGA~a _ N01 _ LAGAR~a _ IB~a _ N01 _ GAR _ N01 _ N01 _ N01 _ N01 _ N01 _ N01"
"P000165","1(N01) _ 1(N01) _ 1(N01) _ 1(N01) _ SANGA~a _ |ZATU737xDI| _ 1(N01) _ SANGA~a","N01 _ N01 _ N01 _ N01 _ SANGA~a _ |ZATU737xDI| _ N01 _ SANGA~a"
"P000166","1(N01) _ 1(N01) _ KAR2~a _ 1(N01) _ NUN~a _ 1(N01)","N01 _ N01 _ KAR2~a _ N01 _ NUN~a _ N01"
"P000167","1(N01) _ 1(N01) _ 1(N01) _ GA2~b _ 1(N01) _ UR~a _ 1(N01) _ GA2~a3 _ 1(N01) _ URU~a1 _ 1(N01) _ 1(N01) _ 1(N01) _ GAL~a _ 1(N01) _ TE _ |NUN~a+EN~a| _ 1(N01) _ RAD~b _ 1(N01) _ 1(N01) _ 1(N01) _ 1(N01) _ 1(N01) _ PAP~a _ 1(N01)","N01 _ N01 _ N01 _ GA2~b _ N01 _ UR~a _ N01 _ GA2~a3 _ N01 _ URU~a1 _ N01 _ N01 _ N01 _ GAL~a _ N01 _ TE _ |NUN~a+EN~a| _ N01 _ RAD~b _ N01 _ N01 _ N01 _ N01 _ N01 _ PAP~a _ N01"
"P000169","1(N01) _ 1(N01) _ 1(N01) _ |8(N57).NI~b|","N01 _ N01 _ N01 _ |8(N57).NI~b|"
"P000170","1(N01) _ NAMESZDA _ 1(N01) _ 1(N01) _ GAL~a _ SZUBUR _ 1(N01)","N01 _ NAMESZDA _ N01 _ N01 _ GAL~a _ SZUBUR _ N01"
"P000171","1(N01) _ GIR2~a _ 1(N01) _ AN _ GIR2~a","N01 _ GIR2~a _ N01 _ AN _ GIR2~a"
"P000172","1(N01) _ 1(N01) _ NUN~a _ PAP~a _ SIG7","N01 _ N01 _ NUN~a _ PAP~a _ SIG7"
"P000173","1(N01) _ 1(N01)","N01 _ N01"
"P000174","1(N01) _ 1(N01)","N01 _ N01"
"P000175","1(N01) _ 1(N01) _ 1(N01) _ 1(N01)","N01 _ N01 _ N01 _ N01"
"P000176","1(N01) _ ZATU686~c _ 1(N01) _ PA~a","N01 _ ZATU686~c _ N01 _ PA~a"
"P000177","",""
"P000178","1(N01) _ MA _ 1(N01) _ GU4 _ 1(N01) _ AD~a _ A _ BU~a","N01 _ MA _ N01 _ GU4 _ N01 _ AD~a _ A _ BU~a"
"P000179","1(N01) _ 1(N01) _ 1(N01) _ 1(N01) _ 1(N01) _ 1(N01) _ GAL~a _ SZITA~a1 _ 1(N01) _ ABGAL _ 1(N01) _ 1(N01) _ GAL~a _ TE _ 1(N01) _ NESAG2~b _ 1(N01) _ GAL~a _ TUR3~a _ 1(N01) _ GAL~a _ SZAB~a _ 1(N01) _ 1(N01) _ IM~b _ 1(N01) _ SZA _ 1(N01) _ GAL~a _ ERIN _ 1(N01) _ 1(N01) _ PA~a _ 1(N01) _ ADAB _ PA~a _ 1(N01) _ ADAB","N01 _ N01 _ N01 _ N01 _ N01 _ N01 _ GAL~a _ SZITA~a1 _ N01 _ ABGAL _ N01 _ N01 _ GAL~a _ TE _ N01 _ NESAG2~b _ N01 _ GAL~a _ TUR3~a _ N01 _ GAL~a _ SZAB~a _ N01 _ N01 _ IM~b _ N01 _ SZA _ N01 _ GAL~a _ ERIN _ N01 _ N01 _ PA~a _ N01 _ ADAB _ PA~a _ N01 _ ADAB"
"P000180","1(N01) _ 1(N01) _ 1(N01) _ NIM~a _ 1(N01) _ 1(N01) _ 1(N01) _ EN~a _ AMAR _ 1(N01) _ AN _ 1(N01) _ 1(N01) _ 1(N01) _ 1(N01)","N01 _ N01 _ N01 _ NIM~a _ N01 _ N01 _ N01 _ EN~a _ AMAR _ N01 _ AN _ N01 _ N01 _ N01 _ N01"
"P000181","|SU~ax1(N58)| _ |GA2~a1xMASZ| _ GISZ _ 1(N34) _ 2(N34) _ 1(N01) _ GURUSZ~a _ LA2 _ 1(N01)","|SU~ax1(N58)| _ |GA2~a1xMASZ| _ GISZ _ N34 _ N34 N34 _ N01 _ GURUSZ~a _ LA2 _ N01"
"P000182","1(N01) _ 1(N01) _ NUN~a _ 1(N01) _ AN _ RU _ 1(N01) _ EN~a _ 1(N01) _ 1(N01) _ 1(N01) _ 1(N01)","N01 _ N01 _ NUN~a _ N01 _ AN _ RU _ N01 _ EN~a _ N01 _ N01 _ N01 _ N01"
"P000183","NI~a _ 1(N01) _ DUG~b _ 1(N01)","NI~a _ N01 _ DUG~b _ N01"
"P000184","1(N01) _ 1(N01) _ 1(N01) _ 1(N01) _ NAM2 _ APIN~a _ SZITA~a1 _ 1(N01) _ 1(N01) _ 1(N01) _ 1(N01) _ 1(N01) _ KU3~a _ 1(N01)","N01 _ N01 _ N01 _ N01 _ NAM2 _ APIN~a _ SZITA~a1 _ N01 _ N01 _ N01 _ N01 _ N01 _ KU3~a _ N01"
"P000187","NAM2 _ 1(N01) _ GISZ _ NU11 _ 1(N01) _ GISZ _ KIN2~c _ 1(N01) _ 1(N01) _ 1(N01) _ DUB~b _ 1(N01) _ GISZ _ 1(N01) _ SI","NAM2 _ N01 _ GISZ _ NU11 _ N01 _ GISZ _ KIN2~c _ N01 _ N01 _ N01 _ DUB~b _ N01 _ GISZ _ N01 _ SI"
"P000188","1(N01) _ 1(N01) _ TE _ 1(N01) _ NI~b _ 1(N01)","N01 _ N01 _ TE _ N01 _ NI~b _ N01"
"P000189","SUM~a _ ZATU751~a","SUM~a _ ZATU751~a"
"P000190","GUM~b","GUM~b"
"P000191","1(N01) _ 1(N01) _ 1(N01)","N01 _ N01 _ N01"
"P000193","1(N01) _ 1(N01) _ 1(N01) _ 1(N01)","N01 _ N01 _ N01 _ N01"
"P000194","1(N01) _ |DUG~cx1(N57)| _ 1(N01)","N01 _ |DUG~cx1(N57)| _ N01"
"P000195","AN _ NE~a","AN _ NE~a"
"P000196","SIG _ GA~a _ SZA3~a1","SIG _ GA~a _ SZA3~a1"
"P000197","DA~a _ MAR~a _ NA~a _ NIR~b _ A _ ZATU680~b _ DA~a _ NA~a _ A","DA~a _ MAR~a _ NA~a _ NIR~b _ A _ ZATU680~b _ DA~a _ NA~a _ A"
"P000198","1(N01) _ GISZ _ 1(N01) _ IN~b _ 1(N01) _ GISZ _ 1(N01) _ GISZ _ URUDU~a _ 1(N01) _ TAG~b _ GISZ _ 1(N01) _ 1(N01) _ 1(N01)","N01 _ GISZ _ N01 _ IN~b _ N01 _ GISZ _ N01 _ GISZ _ URUDU~a _ N01 _ TAG~b _ GISZ _ N01 _ N01 _ N01"
"P000199","GU4 _ GU4","GU4 _ GU4"
"P000200","1(N01) _ |NINDA2x1(N01)| _ |NINDA2x2(N01)| _ 1(N08) _ 1(N01) _ 1(N01) _ A _ 1(N01)","N01 _ |NINDA2x1(N01)| _ |NINDA2x2(N01)| _ N08 _ N01 _ N01 _ A _ N01"
"P000201","1(N01) _ 1(N01) _ 1(N01) _ KI _ 1(N01) _ KI _ 1(N01) _ 1(N01) _ 1(N01) _ 1(N01) _ KI _ 1(N01) _ MUSZ3~a _ 1(N01) _ DUR2 _ KI _ 1(N01) _ 1(N01) _ MAR~a _ 1(N01) _ U4 _ 1(N01) _ 1(N01) _ E2~a _ HI _ EZEN~b _ 1(N01) _ BU~a _ A _ 1(N01) _ NI2 _ 1(N01) _ SIG7 _ ZATU647 _ 1(N01) _ EN~a _ BA _ ZATU647 _ 1(N01) _ 1(N01) _ ILDUM~b _ BAR _ KI _ 1(N01) _ 1(N01) _ 1(N01) _ GAL~a _ 1(N01) _ 1(N01) _ ME~a _ 1(N01) _ 1(N01) _ 1(N01) _ 1(N01) _ ADDA _ 1(N01) _ |ZATU737xSAL| _ 1(N01) _ SZENNUR~a _ 1(N01) _ E2~a _ SUKKAL _ NA~a _ 1(N01) _ 1(N01) _ 1(N01) _ 1(N01) _ AN _ KI _ 1(N01) _ KI _ 1(N01) _ 1(N01) _ GAN2 _ A _ 1(N01) _ BA _ KI _ 1(N01) _ E2~a _ KI","N01 _ N01 _ N01 _ KI _ N01 _ KI _ N01 _ N01 _ N01 _ N01 _ KI _ N01 _ MUSZ3~a _ N01 _ DUR2 _ KI _ N01 _ N01 _ MAR~a _ N01 _ U4 _ N01 _ N01 _ E2~a _ HI _ EZEN~b _ N01 _ BU~a _ A _ N01 _ NI2 _ N01 _ SIG7 _ ZATU647 _ N01 _ EN~a _ BA _ ZATU647 _ N01 _ N01 _ ILDUM~b _ BAR _ KI _ N01 _ N01 _ N01 _ GAL~a _ N01 _ N01 _ ME~a _ N01 _ N01 _ N01 _ N01 _ ADDA _ N01 _ |ZATU737xSAL| _ N01 _ SZENNUR~a _ N01 _ E2~a _ SUKKAL _ NA~a _ N01 _ N01 _ N01 _ N01 _ AN _ KI _ N01 _ KI _ N01 _ N01 _ GAN2 _ A _ N01 _ BA _ KI _ N01 _ E2~a _ KI"
"P000202","1(N01) _ 1(N01) _ |DUG~bxKU6~a|","N01 _ N01 _ |DUG~bxKU6~a|"
"P000203","1(N01) _ KI _ |SAG+NAM2| _ 1(N01) _ DU _ AN _ NUN~a _ AD~a _ MUNU3 _ 1(N14) _ KAR2~a _ ME~a _ 3(N01) _ ZA~v","N01 _ KI _ |SAG+NAM2| _ N01 _ DU _ AN _ NUN~a _ AD~a _ MUNU3 _ N14 _ KAR2~a _ ME~a _ N01 N01 N01 _ ZA~v"
"P000204","GAR@g~b _ GAR","GAR@g~b _ GAR"
"P000205","1(N01) _ 1(N01) _ KAK~a","N01 _ N01 _ KAK~a"
"P000206","GA~b","GA~b"
"P000207","1(N01) _ 1(N01) _ MAR~a _ APIN~a _ 1(N01) _ 1(N01) _ DILMUN _ 1(N01) _ GAL~a _ DU6~b","N01 _ N01 _ MAR~a _ APIN~a _ N01 _ N01 _ DILMUN _ N01 _ GAL~a _ DU6~b"
"P000208","1(N01) _ 1(N01) _ NAM2 _ RAD~a _ 1(N01) _ AB~a _ ME~a _ 1(N01) _ 1(N01) _ IB~a _ 1(N01) _ SZITA~a1 _ 1(N01) _ ABGAL _ 1(N01) _ 1(N01) _ GAL~a _ TE _ 1(N01) _ GAL~a _ SUKKAL _ 1(N01) _ GADA~a _ SUKKAL _ 1(N01) _ GAL~a _ GA~a _ 1(N01) _ 1(N01) _ 1(N01) _ 1(N01) _ 1(N01) _ 1(N01) _ 1(N01) _ 1(N01) _ 1(N01) _ 1(N01) _ 1(N01)","N01 _ N01 _ NAM2 _ RAD~a _ N01 _ AB~a _ ME~a _ N01 _ N01 _ IB~a _ N01 _ SZITA~a1 _ N01 _ ABGAL _ N01 _ N01 _ GAL~a _ TE _ N01 _ GAL~a _ SUKKAL _ N01 _ GADA~a _ SUKKAL _ N01 _ GAL~a _ GA~a _ N01 _ N01 _ N01 _ N01 _ N01 _ N01 _ N01 _ N01 _ N01 _ N01 _ N01"
"P000210","1(N01) _ 1(N01) _ 1(N01) _ DI _ 1(N01) _ 1(N01) _ 1(N01)","N01 _ N01 _ N01 _ DI _ N01 _ N01 _ N01"
"P000211","1(N01) _ 1(N01)","N01 _ N01"
"P000212","1(N01) _ 1(N01) _ 1(N01)","N01 _ N01 _ N01"
"P000213","1(N01) _ 1(N01) _ 1(N01) _ 1(N01) _ 1(N01)","N01 _ N01 _ N01 _ N01 _ N01"
"P000214","1(N01) _ 1(N01) _ 1(N01)","N01 _ N01 _ N01"
"P000215","",""
"P000216","SUHUR _ |(SUKUD+SUKUD)~b|","SUHUR _ |(SUKUD+SUKUD)~b|"
"P000217","1(N01) _ 1(N01) _ 1(N01) _ 1(N01) _ 1(N01) _ 1(N01)","N01 _ N01 _ N01 _ N01 _ N01 _ N01"
"P000218","KASKAL _ 1(N01)","KASKAL _ N01"
"P000219","U2~a _ U2~a","U2~a _ U2~a"
"P000220","1(N01) _ 1(N01) _ 1(N01)","N01 _ N01 _ N01"
"P000221","1(N01) _ 1(N01)","N01 _ N01"
"P000222","1(N01) _ AB~a _ ME~a _ 1(N01) _ GAL~a _ KISAL~b2","N01 _ AB~a _ ME~a _ N01 _ GAL~a _ KISAL~b2"
"P000223","AD~a _ AD~a _ 1(N14) _ 3(N01)","AD~a _ AD~a _ N14 _ N01 N01 N01"
"P000224","SZE~a","SZE~a"
"P000225","1(N01) _ GI _ NAM2 _ GISZ _ 1(N01) _ GISZ _ 1(N01) _ GISZ _ 1(N01) _ GISZ _ 1(N01) _ GISZ _ 1(N01) _ HI _ GISZ _ E2~b _ 1(N01) _ NUN~a _ 1(N01) _ 1(N01) _ GISZ@t _ E2~b _ 1(N01) _ GISZ _ PU2 _ 1(N01) _ GISZ _ PU2 _ 1(N01) _ KI _ GISZ _ 1(N01) _ GISZ _ KI _ 1(N01) _ GISZ _ GI _ 1(N01) _ |BAD&BAD| _ 1(N01) _ BAD _ 1(N01) _ TAG~b _ 1(N01) _ SI _ TAG~b _ 1(N01) _ SI _ NIM~a _ 1(N01) _ AL _ 1(N01) _ NAM2 _ AL _ GISZ _ 1(N01) _ 1(N01) _ 1(N01) _ KIN _ 1(N01) _ KIN _ SZU _ 1(N01) _ GISZ _ 1(N01) _ GISZ _ TAG~a1 _ 1(N01) _ 1(N01) _ 1(N01) _ GISZ _ SIG _ 1(N01) _ U4 _ GISZ _ 1(N01) _ GISZ _ 1(N01) _ 1(N01) _ GISZ _ 1(N01) _ 1(N01) _ 1(N01) _ 1(N01) _ 1(N01) _ 1(N01)","N01 _ GI _ NAM2 _ GISZ _ N01 _ GISZ _ N01 _ GISZ _ N01 _ GISZ _ N01 _ GISZ _ N01 _ HI _ GISZ _ E2~b _ N01 _ NUN~a _ N01 _ N01 _ GISZ@t _ E2~b _ N01 _ GISZ _ PU2 _ N01 _ GISZ _ PU2 _ N01 _ KI _ GISZ _ N01 _ GISZ _ KI _ N01 _ GISZ _ GI _ N01 _ |BAD&BAD| _ N01 _ BAD _ N01 _ TAG~b _ N01 _ SI _ TAG~b _ N01 _ SI _ NIM~a _ N01 _ AL _ N01 _ NAM2 _ AL _ GISZ _ N01 _ N01 _ N01 _ KIN _ N01 _ KIN _ SZU _ N01 _ GISZ _ N01 _ GISZ _ TAG~a1 _ N01 _ N01 _ N01 _ GISZ _ SIG _ N01 _ U4 _ GISZ _ N01 _ GISZ _ N01 _ N01 _ GISZ _ N01 _ N01 _ N01 _ N01 _ N01 _ N01"
"P000226","1(N01) _ LAM~b _ 1(N01) _ 1(N01) _ MES _ 1(N01) _ MES _ 1(N01) _ SZE3 _ A _ 1(N01) _ TAK4~a _ 1(N01) _ AB~a _ U2~b _ 1(N01) _ GAL~a _ SZA _ 1(N01) _ SZA _ 1(N01) _ 1(N01) _ 1(N01) _ 1(N01) _ GUL _ 1(N01) _ 1(N01) _ 1(N01) _ 1(N01) _ GISZ _ 1(N01) _ GISZ _ 1(N01) _ GISZ _ 1(N01) _ 1(N01) _ NAGA~a _ 1(N01) _ DA~a _ 1(N01) _ GISZ _ U4 _ 1(N01) _ 1(N01) _ GUM~b _ 1(N01) _ 1(N01) _ 1(N01) _ U4 _ 1(N01) _ UR4~a _ SIG _ 1(N01) _ GISZ@t _ SI _ 1(N01) _ TAG~b _ 1(N01) _ |BAD&BAD| _ 1(N01) _ BAD _ 1(N14) _ 9(N01) _ HI _ KASKAL _ GI","N01 _ LAM~b _ N01 _ N01 _ MES _ N01 _ MES _ N01 _ SZE3 _ A _ N01 _ TAK4~a _ N01 _ AB~a _ U2~b _ N01 _ GAL~a _ SZA _ N01 _ SZA _ N01 _ N01 _ N01 _ N01 _ GUL _ N01 _ N01 _ N01 _ N01 _ GISZ _ N01 _ GISZ _ N01 _ GISZ _ N01 _ N01 _ NAGA~a _ N01 _ DA~a _ N01 _ GISZ _ U4 _ N01 _ N01 _ GUM~b _ N01 _ N01 _ N01 _ U4 _ N01 _ UR4~a _ SIG _ N01 _ GISZ@t _ SI _ N01 _ TAG~b _ N01 _ |BAD&BAD| _ N01 _ BAD _ N14 _ N01 N01 N01 N01 N01 N01 N01 N01 N01 _ HI _ KASKAL _ GI"
"P000227","GIR2~a _ AN _ DA~a _ KASZ~a _ KISZ","GIR2~a _ AN _ DA~a _ KASZ~a _ KISZ"
"P000229","1(N01) _ ZATU647 _ ZATU647 _ ZATU647 _ ZATU647 _ 1(N01) _ SZITA~a1 _ SZITA~a1 _ 1(N01) _ 1(N01) _ 1(N01)","N01 _ ZATU647 _ ZATU647 _ ZATU647 _ ZATU647 _ N01 _ SZITA~a1 _ SZITA~a1 _ N01 _ N01 _ N01"
"P000230","1(N01) _ EN~a _ SIG2~b _ 1(N01)","N01 _ EN~a _ SIG2~b _ N01"
"P000231","1(N01) _ 1(N01) _ KU6~a _ 1(N01)","N01 _ N01 _ KU6~a _ N01"
"P000232","",""
"P000233","1(N01) _ NAM2 _ URU~a1 _ 1(N01) _ 1(N01) _ 1(N01) _ 1(N01) _ 1(N01) _ 1(N01) _ ABGAL _ 1(N01) _ KINGAL _ 1(N01) _ GAL~a _ TE _ 1(N01) _ 1(N01) _ GADA~a _ 1(N01) _ 1(N01) _ GAL~a _ SZAB~a _ 1(N01) _ BU~a _ SZAB~a _ 1(N01) _ 1(N01) _ 1(N01) _ GAL~a _ 1(N01) _ SUHUR _ SANGA~a _ 1(N01) _ SUHUR _ GAL~a _ 1(N01) _ DUB~a _ SANGA~a _ 1(N01) _ GAL~a _ 1(N01) _ SUG5 _ SAG _ 1(N01) _ 1(N01) _ ISZ~b _ GAL~a _ 1(N01)","N01 _ NAM2 _ URU~a1 _ N01 _ N01 _ N01 _ N01 _ N01 _ N01 _ ABGAL _ N01 _ KINGAL _ N01 _ GAL~a _ TE _ N01 _ N01 _ GADA~a _ N01 _ N01 _ GAL~a _ SZAB~a _ N01 _ BU~a _ SZAB~a _ N01 _ N01 _ N01 _ GAL~a _ N01 _ SUHUR _ SANGA~a _ N01 _ SUHUR _ GAL~a _ N01 _ DUB~a _ SANGA~a _ N01 _ GAL~a _ N01 _ SUG5 _ SAG _ N01 _ N01 _ ISZ~b _ GAL~a _ N01"
"P000234","1(N01) _ NAMESZDA _ 1(N01) _ NAM2 _ KAB _ 1(N01) _ DI _ 1(N01) _ NAM2 _ NAM2 _ 1(N01) _ NAM2 _ 1(N01) _ 1(N01) _ GADA~a _ 1(N01) _ GAL~a _ 1(N01) _ SIG2~b _ 1(N01) _ 1(N01)","N01 _ NAMESZDA _ N01 _ NAM2 _ KAB _ N01 _ DI _ N01 _ NAM2 _ NAM2 _ N01 _ NAM2 _ N01 _ N01 _ GADA~a _ N01 _ GAL~a _ N01 _ SIG2~b _ N01 _ N01"
"P000235","SUM~a _ 1(N01) _ AN _ HI _ 1(N01) _ KAB _ 1(N01) _ AMA~b _ 1(N01) _ NI~b _ BAHAR2~a _ 1(N01) _ DU _ |GISZxSZU2~b| _ 1(N01) _ SAR~a _ A _ 1(N01) _ GISZ _ SAR~a _ A _ 1(N01) _ SAR~a _ A","SUM~a _ N01 _ AN _ HI _ N01 _ KAB _ N01 _ AMA~b _ N01 _ NI~b _ BAHAR2~a _ N01 _ DU _ |GISZxSZU2~b| _ N01 _ SAR~a _ A _ N01 _ GISZ _ SAR~a _ A _ N01 _ SAR~a _ A"
"P000236","1(N01) _ 1(N01) _ SUHUR _ 1(N01) _ APIN~a _ 1(N01) _ 1(N01) _ NESAG2~a _ 1(N01) _ BARA3","N01 _ N01 _ SUHUR _ N01 _ APIN~a _ N01 _ N01 _ NESAG2~a _ N01 _ BARA3"
"P000237","1(N01) _ 1(N01) _ AB~a _ ME~a _ 1(N01) _ GAL~a _ |1(N58).BAD~a| _ TUR3~a _ UMUN2 _ UMUN2 _ 1(N01) _ 1(N01) _ SANGA~a _ 1(N01) _ BU~a _ NUN~a _ 1(N01) _ BU~a _ SANGA~a _ NUN~a _ ME~a _ 1(N01) _ NUN~a","N01 _ N01 _ AB~a _ ME~a _ N01 _ GAL~a _ |1(N58).BAD~a| _ TUR3~a _ UMUN2 _ UMUN2 _ N01 _ N01 _ SANGA~a _ N01 _ BU~a _ NUN~a _ N01 _ BU~a _ SANGA~a _ NUN~a _ ME~a _ N01 _ NUN~a"
"P000240","5(N01) _ MUNU3 _ GAZI _ HALUB _ MUSZEN _ SZE~a _ 5(N01) _ MASZ _ SI4~a _ 1(N14) _ 1(N14) _ 1(N01) _ AB2 _ 1(N01) _ AMAR _ GA~b _ 1(N14) _ 1(N14) _ GA~b _ 1(N14) _ GARA2~a _ 1(N14) _ AB2 _ 1(N01) _ GU4 _ 1(N14) _ 1(N01) _ UTUA~b _ 1(N14) _ UD5~a _ GAZI _ 5(N01) _ HALUB _ 5(N01) _ MUSZEN _ SZE~a _ 5(N01) _ MASZ _ 1(N14) _ 1(N14) _ 1(N14) _ 1(N14) _ GARA2~a _ 1(N14) _ AB2 _ 1(N01) _ U8 _ 1(N01) _ UTUA~b _ 1(N14) _ UD5~a _ 1(N01) _ MASZ2 _ 1(N34) _ 1(N01) _ MUSZEN _ A _ 1(N01) _ ISZ~b _ 1(N01) _ 1(N01) _ 1(N01) _ 1(N01) _ 1(N01) _ 1(N01) _ 1(N01) _ ZATU718 _ E2~a _ 1(N01) _ EN~a _ 1(N01) _ 1(N34) _ 1(N14) _ NUN~a","N01 N01 N01 N01 N01 _ MUNU3 _ GAZI _ HALUB _ MUSZEN _ SZE~a _ N01 N01 N01 N01 N01 _ MASZ _ SI4~a _ N14 _ N14 _ N01 _ AB2 _ N01 _ AMAR _ GA~b _ N14 _ N14 _ GA~b _ N14 _ GARA2~a _ N14 _ AB2 _ N01 _ GU4 _ N14 _ N01 _ UTUA~b _ N14 _ UD5~a _ GAZI _ N01 N01 N01 N01 N01 _ HALUB _ N01 N01 N01 N01 N01 _ MUSZEN _ SZE~a _ N01 N01 N01 N01 N01 _ MASZ _ N14 _ N14 _ N14 _ N14 _ GARA2~a _ N14 _ AB2 _ N01 _ U8 _ N01 _ UTUA~b _ N14 _ UD5~a _ N01 _ MASZ2 _ N34 _ N01 _ MUSZEN _ A _ N01 _ ISZ~b _ N01 _ N01 _ N01 _ N01 _ N01 _ N01 _ N01 _ ZATU718 _ E2~a _ N01 _ EN~a _ N01 _ N34 _ N14 _ NUN~a"
"P000241","ZA~v _ AN _ GIR2~a _ ANSZE~b _ GARA2~a _ AB2 _ 1(N01) _ 1(N01) _ 1(N01) _ UB _ 5(N01) _ 5(N01) _ 5(N01) _ 5(N01)","ZA~v _ AN _ GIR2~a _ ANSZE~b _ GARA2~a _ AB2 _ N01 _ N01 _ N01 _ UB _ N01 N01 N01 N01 N01 _ N01 N01 N01 N01 N01 _ N01 N01 N01 N01 N01 _ N01 N01 N01 N01 N01"
"P000243","GIR2~a _ KISZ _ GA~b _ GARA2~a _ 1(N01) _ 1(N01) _ 5(N01) _ 5(N01)","GIR2~a _ KISZ _ GA~b _ GARA2~a _ N01 _ N01 _ N01 N01 N01 N01 N01 _ N01 N01 N01 N01 N01"
"P000244","1(N01) _ GA~b _ 1(N14) _ GARA2~a _ 1(N14) _ AB2 _ 2(N14) _ GU4 _ 1(N14) _ 1(N14) _ 1(N14)","N01 _ GA~b _ N14 _ GARA2~a _ N14 _ AB2 _ N14 N14 _ GU4 _ N14 _ N14 _ N14"
"P000245","1(N01) _ 1(N01) _ 3(N01) _ ZA~v _ GIR2~a _ AN _ 1(N01) _ 1(N45)","N01 _ N01 _ N01 N01 N01 _ ZA~v _ GIR2~a _ AN _ N01 _ N45"
"P000246","GAZI _ 3(N01) _ 4(N01) _ AN _ GIR2~a _ 1(N14)","GAZI _ N01 N01 N01 _ N01 N01 N01 N01 _ AN _ GIR2~a _ N14"
"P000247","1(N01) _ 1(N01) _ NAM2 _ KAB _ 1(N01) _ NAM2 _ DI _ 1(N01) _ NAM2 _ 1(N01) _ NAM2 _ URU~a1 _ 1(N01) _ NAM2 _ ERIN _ 1(N01) _ GAL~a _ SZUBUR _ 1(N01) _ 1(N01) _ |SZE~a.NAM2| _ NAM2 _ RAD~a _ ME~a _ 1(N01) _ 1(N01) _ GAL~a _ SUKKAL _ 1(N01) _ GADA~a _ SUKKAL _ 1(N01) _ GAL~a _ 1(N01) _ SIG2~b _ 1(N01) _ GAL~a _ KISAL~b2 _ 1(N01) _ GAL~a _ NIM~a _ 1(N01) _ GAL~a _ 1(N01) _ GAL~a _ 1(N01) _ SU3 _ SZAB~a _ 1(N01) _ GAL~a _ NESAG2~a _ 1(N01) _ GAL~a _ TUR3~a _ 1(N01) _ GAL~a _ UMUN2 _ UMUN2 _ 1(N01) _ GAL~a _ GAL~a _ SZA _ 1(N01) _ GAL~a _ 1(N01) _ GAL~a _ 1(N01) _ GAL~a _ |ZATU737xDI| _ 1(N01) _ |ZATU737xDI| _ 1(N01) _ |ZATU737xX| _ 1(N01) _ |ZATU737xSAL| _ 1(N01) _ GAL~a _ ISZ~b _ 1(N01) _ GAL~a _ TAG~a2 _ 1(N01) _ GAL~a _ 1(N01) _ DUB~a _ 1(N01) _ 1(N01) _ 1(N01) _ 1(N01) _ 1(N01) _ 1(N01) _ 1(N01) _ 1(N01) _ ENKUM _ 1(N01) _ NINKUM _ 1(N01) _ GAL~a _ ISZ~a _ 1(N01) _ 1(N01) _ 1(N01) _ 1(N01) _ 1(N01) _ MAR~a _ APIN~a _ 1(N01) _ 1(N01) _ 1(N01) _ GAL~a _ KAK~a _ 1(N01) _ 1(N01) _ 1(N01) _ 1(N01) _ 1(N01) _ 1(N01) _ MUSZ3~a _ 1(N01) _ DU _ 1(N01) _ GAL~a _ ZAG~a _ 1(N01) _ ZAG~a _ 1(N01) _ 1(N01) _ DILMUN _ 1(N01) _ 1(N01) _ 1(N01) _ KUR~a _ 1(N01) _ KU~b2 _ BA _ AN","N01 _ N01 _ NAM2 _ KAB _ N01 _ NAM2 _ DI _ N01 _ NAM2 _ N01 _ NAM2 _ URU~a1 _ N01 _ NAM2 _ ERIN _ N01 _ GAL~a _ SZUBUR _ N01 _ N01 _ |SZE~a.NAM2| _ NAM2 _ RAD~a _ ME~a _ N01 _ N01 _ GAL~a _ SUKKAL _ N01 _ GADA~a _ SUKKAL _ N01 _ GAL~a _ N01 _ SIG2~b _ N01 _ GAL~a _ KISAL~b2 _ N01 _ GAL~a _ NIM~a _ N01 _ GAL~a _ N01 _ GAL~a _ N01 _ SU3 _ SZAB~a _ N01 _ GAL~a _ NESAG2~a _ N01 _ GAL~a _ TUR3~a _ N01 _ GAL~a _ UMUN2 _ UMUN2 _ N01 _ GAL~a _ GAL~a _ SZA _ N01 _ GAL~a _ N01 _ GAL~a _ N01 _ GAL~a _ |ZATU737xDI| _ N01 _ |ZATU737xDI| _ N01 _ |ZATU737xX| _ N01 _ |ZATU737xSAL| _ N01 _ GAL~a _ ISZ~b _ N01 _ GAL~a _ TAG~a2 _ N01 _ GAL~a _ N01 _ DUB~a _ N01 _ N01 _ N01 _ N01 _ N01 _ N01 _ N01 _ N01 _ ENKUM _ N01 _ NINKUM _ N01 _ GAL~a _ ISZ~a _ N01 _ N01 _ N01 _ N01 _ N01 _ MAR~a _ APIN~a _ N01 _ N01 _ N01 _ GAL~a _ KAK~a _ N01 _ N01 _ N01 _ N01 _ N01 _ N01 _ MUSZ3~a _ N01 _ DU _ N01 _ GAL~a _ ZAG~a _ N01 _ ZAG~a _ N01 _ N01 _ DILMUN _ N01 _ N01 _ N01 _ KUR~a _ N01 _ KU~b2 _ BA _ AN"
"P000248","1(N01) _ |DUG~bxGI6| _ 1(N01) _ |DUG~bxKUR@g~a| _ 1(N01) _ |DUG~bxLAM~a| _ 1(N01) _ |DUG~bxKUR~b| _ 1(N01) _ |DUG~bxGISZ| _ 1(N01) _ |DUG~bxKU6~a| _ 1(N01) _ 1(N01) _ DUG~b _ 1(N01) _ |DUG~bxSIG7| _ 1(N01) _ GI _ |DUG~bxSIG7| _ 1(N01) _ |DUG~bxSIG7| _ 1(N01) _ AGAR2 _ PU2 _ U2~b _ PU2 _ U2~b _ PU2 _ U2~b _ PU2 _ 1(N01) _ NAGA~a _ 1(N01) _ 1(N01) _ 1(N01) _ 1(N01) _ 1(N01) _ NUN~a _ 1(N01) _ 1(N01) _ EN~a _ 1(N01) _ 1(N01) _ 1(N01) _ TUG2~a _ 1(N01) _ U4 _ 1(N01) _ GI6 _ TUG2~a _ 1(N01) _ 1(N01) _ 1(N01) _ 1(N01) _ 1(N01) _ 1(N01) _ 1(N01)","N01 _ |DUG~bxGI6| _ N01 _ |DUG~bxKUR@g~a| _ N01 _ |DUG~bxLAM~a| _ N01 _ |DUG~bxKUR~b| _ N01 _ |DUG~bxGISZ| _ N01 _ |DUG~bxKU6~a| _ N01 _ N01 _ DUG~b _ N01 _ |DUG~bxSIG7| _ N01 _ GI _ |DUG~bxSIG7| _ N01 _ |DUG~bxSIG7| _ N01 _ AGAR2 _ PU2 _ U2~b _ PU2 _ U2~b _ PU2 _ U2~b _ PU2 _ N01 _ NAGA~a _ N01 _ N01 _ N01 _ N01 _ N01 _ NUN~a _ N01 _ N01 _ EN~a _ N01 _ N01 _ N01 _ TUG2~a _ N01 _ U4 _ N01 _ GI6 _ TUG2~a _ N01 _ N01 _ N01 _ N01 _ N01 _ N01 _ N01"
"P000249","1(N01) _ 1(N01) _ KAR _ 1(N01) _ 1(N01) _ 1(N01) _ 1(N01) _ 1(N01) _ A _ 1(N01) _ NI2 _ 1(N01) _ EN~a _ ZATU647 _ BA _ 1(N01) _ TUG2~a _ BA _ 1(N01) _ 1(N01) _ 1(N01) _ 1(N01) _ 1(N01) _ 1(N01) _ KI _ 1(N01) _ DI _ NAM2 _ KI _ 1(N01) _ NIR~a _ SZAGAN _ 1(N01) _ NIR~a _ 1(N01) _ GAL~a _ SIMUG _ KI _ 1(N01) _ KU3~a _ 1(N01) _ GAL~a _ 1(N01) _ 1(N01)","N01 _ N01 _ KAR _ N01 _ N01 _ N01 _ N01 _ N01 _ A _ N01 _ NI2 _ N01 _ EN~a _ ZATU647 _ BA _ N01 _ TUG2~a _ BA _ N01 _ N01 _ N01 _ N01 _ N01 _ N01 _ KI _ N01 _ DI _ NAM2 _ KI _ N01 _ NIR~a _ SZAGAN _ N01 _ NIR~a _ N01 _ GAL~a _ SIMUG _ KI _ N01 _ KU3~a _ N01 _ GAL~a _ N01 _ N01"
"P000250","1(N01) _ 1(N01) _ GAL~a _ ZAG~a _ 1(N01) _ NESAG2~a _ ZAG~a _ 1(N01) _ 1(N01) _ 1(N01) _ ZATU752 _ 1(N01) _ GAL~a _ UR3~a2 _ 1(N01) _ GI _ KAB _ 1(N01) _ UNUG~b _ 1(N01) _ SZU _ UKKIN~a _ 1(N01) _ GAL~a _ 1(N01) _ GAL~a _ 1(N01) _ GAL~a _ SZU12 _ 1(N01) _ 1(N01) _ 1(N01) _ 1(N01) _ GAL~a _ 1(N01) _ GAL~a _ BULUG3 _ 1(N01) _ GAL~a _ ERIN _ E2~a _ 1(N01) _ GAL~a _ TAK4~a _ ALAN~b _ 1(N01) _ GAL~a _ KID~b _ 1(N01) _ GAL~a _ KID~b _ KID~b _ 1(N01) _ GAL~a _ |EZEN~bx6(N57)| _ 1(N01) _ 1(N01) _ 1(N01) _ 1(N01) _ 1(N01) _ ISZ~b _ 1(N01) _ 1(N01)","N01 _ N01 _ GAL~a _ ZAG~a _ N01 _ NESAG2~a _ ZAG~a _ N01 _ N01 _ N01 _ ZATU752 _ N01 _ GAL~a _ UR3~a2 _ N01 _ GI _ KAB _ N01 _ UNUG~b _ N01 _ SZU _ UKKIN~a _ N01 _ GAL~a _ N01 _ GAL~a _ N01 _ GAL~a _ SZU12 _ N01 _ N01 _ N01 _ N01 _ GAL~a _ N01 _ GAL~a _ BULUG3 _ N01 _ GAL~a _ ERIN _ E2~a _ N01 _ GAL~a _ TAK4~a _ ALAN~b _ N01 _ GAL~a _ KID~b _ N01 _ GAL~a _ KID~b _ KID~b _ N01 _ GAL~a _ |EZEN~bx6(N57)| _ N01 _ N01 _ N01 _ N01 _ N01 _ ISZ~b _ N01 _ N01"
"P000251","1(N01) _ GAL~a _ GISZGAL _ 1(N01) _ GAL~a _ |ZATU737xDI| _ 1(N01) _ UB _ SAG _ 1(N01) _ ZATU725 _ 1(N01) _ DAM _ 1(N01) _ NUN~a _ BU3 _ 1(N01) _ ME~a _ GALGA~a _ ME~a _ 1(N01) _ ENKUM _ 1(N01) _ NINKUM _ 1(N01) _ GAL~a _ 1(N01) _ 1(N01) _ 1(N01)","N01 _ GAL~a _ GISZGAL _ N01 _ GAL~a _ |ZATU737xDI| _ N01 _ UB _ SAG _ N01 _ ZATU725 _ N01 _ DAM _ N01 _ NUN~a _ BU3 _ N01 _ ME~a _ GALGA~a _ ME~a _ N01 _ ENKUM _ N01 _ NINKUM _ N01 _ GAL~a _ N01 _ N01 _ N01"
"P000252","IM~a _ TUR _ 1(N01) _ 1(N01) _ KAR2~a _ 1(N01) _ ME~a _ 1(N01) _ 1(N01) _ GAL~a","IM~a _ TUR _ N01 _ N01 _ KAR2~a _ N01 _ ME~a _ N01 _ N01 _ GAL~a"
"P000253","1(N01) _ 1(N01) _ 1(N01) _ DAM _ 1(N01) _ 1(N01) _ KAR2~a _ 1(N01) _ GALGA~a _ 1(N01) _ LAGAR~a _ 1(N01) _ LAGAR~a _ 1(N01) _ ME~a _ 1(N01) _ 1(N01) _ 1(N01) _ 1(N01) _ 1(N01) _ 1(N01) _ 1(N01) _ 1(N01)","N01 _ N01 _ N01 _ DAM _ N01 _ N01 _ KAR2~a _ N01 _ GALGA~a _ N01 _ LAGAR~a _ N01 _ LAGAR~a _ N01 _ ME~a _ N01 _ N01 _ N01 _ N01 _ N01 _ N01 _ N01 _ N01"
"P000254","1(N01) _ BU3 _ 1(N01) _ KAR2~a _ ME~a _ 1(N01) _ 1(N01) _ ENKUM _ 1(N01) _ NINKUM _ 1(N01) _ GAL~a _ ISZ~a _ 1(N01) _ SANGA~a _ 1(N01) _ APIN~a","N01 _ BU3 _ N01 _ KAR2~a _ ME~a _ N01 _ N01 _ ENKUM _ N01 _ NINKUM _ N01 _ GAL~a _ ISZ~a _ N01 _ SANGA~a _ N01 _ APIN~a"
"P000255","1(N01) _ NINKUM _ 1(N01) _ GAL~a _ ISZ~a _ 1(N01) _ GAL~a _ 1(N01) _ 1(N01) _ DU _ EZEN~b _ 1(N01) _ GAL~a _ ZAG~a _ 1(N01) _ GAL~a _ 1(N01) _ GAL~a","N01 _ NINKUM _ N01 _ GAL~a _ ISZ~a _ N01 _ GAL~a _ N01 _ N01 _ DU _ EZEN~b _ N01 _ GAL~a _ ZAG~a _ N01 _ GAL~a _ N01 _ GAL~a"
"P000256","1(N01) _ URI _ 1(N01) _ 1(N01) _ MUD3~a@g _ 1(N01) _ 1(N01) _ 1(N01) _ 1(N01) _ 1(N01) _ SZU2 _ SZU2 _ GU _ AN _ GAL~a _ TUN3~a _ 2(N57) _ SZU _ TUN3~a _ 1(N57) _ SZU _ TUN3~a _ 1(N01) _ 1(N01) _ 1(N01) _ 1(N01) _ 1(N01) _ AN _ 1(N01) _ 2(N14)","N01 _ URI _ N01 _ N01 _ MUD3~a@g _ N01 _ N01 _ N01 _ N01 _ N01 _ SZU2 _ SZU2 _ GU _ AN _ GAL~a _ TUN3~a _ N57 N57 _ SZU _ TUN3~a _ N57 _ SZU _ TUN3~a _ N01 _ N01 _ N01 _ N01 _ N01 _ AN _ N01 _ N14 N14"
"P000257","U4 _ GI6 _ TUG2~a _ 1(N01) _ GI6 _ TUG2~a@g _ 1(N01) _ GI _ TUG2~a _ 1(N01) _ GI _ TUG2~a@g _ 1(N01) _ TUG2~a _ TUG2~a@g _ 1(N01) _ 1(N01) _ 1(N01) _ TUR _ 1(N01) _ 1(N57) _ GISZ@t _ 1(N01) _ 1(N57)","U4 _ GI6 _ TUG2~a _ N01 _ GI6 _ TUG2~a@g _ N01 _ GI _ TUG2~a _ N01 _ GI _ TUG2~a@g _ N01 _ TUG2~a _ TUG2~a@g _ N01 _ N01 _ N01 _ TUR _ N01 _ N57 _ GISZ@t _ N01 _ N57"
"P000258","1(N01) _ 1(N01) _ AN _ 1(N01) _ TAK4~a _ MAR~b _ 1(N01) _ TAK4~a _ 1(N01) _ BAR","N01 _ N01 _ AN _ N01 _ TAK4~a _ MAR~b _ N01 _ TAK4~a _ N01 _ BAR"
"P000259","1(N01) _ GISZ _ GA'AR~a1 _ 1(N01) _ SZE3@t","N01 _ GISZ _ GA'AR~a1 _ N01 _ SZE3@t"
"P000260","1(N01) _ AN _ SI _ 1(N01) _ AN _ EZINU~a _ KI _ AK~a _ KI _ 1(N01) _ 1(N01) _ |AB~axZATU659| _ 1(N01) _ U4 _ 1(N01) _ 1(N01)","N01 _ AN _ SI _ N01 _ AN _ EZINU~a _ KI _ AK~a _ KI _ N01 _ N01 _ |AB~axZATU659| _ N01 _ U4 _ N01 _ N01"
"P000261","|SZE~a&SZE~a| _ 1(N01) _ ZI~a _ |GISZxSZU2~a| _ |SZE~a&SZE~a| _ 1(N01) _ NI~a _ ME~a _ 1(N01) _ DA~a _ MUSZEN _ 1(N01) _ SANGA~a _ GU _ 1(N01) _ 1(N01) _ 1(N01)","|SZE~a&SZE~a| _ N01 _ ZI~a _ |GISZxSZU2~a| _ |SZE~a&SZE~a| _ N01 _ NI~a _ ME~a _ N01 _ DA~a _ MUSZEN _ N01 _ SANGA~a _ GU _ N01 _ N01 _ N01"
"P000262","MAR~b _ 1(N01) _ AN _ TAK4~a _ MAR~b _ 1(N01) _ USZ~b _ 1(N01) _ AN _ 1(N01) _ TAR~a _ 1(N01) _ 1(N01)","MAR~b _ N01 _ AN _ TAK4~a _ MAR~b _ N01 _ USZ~b _ N01 _ AN _ N01 _ TAR~a _ N01 _ N01"
"P000263","1(N01) _ 1(N01) _ NAM2 _ 1(N01) _ NAM2 _ URU~a1 _ 1(N01) _ NAM2 _ ERIN _ 1(N01) _ 1(N01) _ 1(N01)","N01 _ N01 _ NAM2 _ N01 _ NAM2 _ URU~a1 _ N01 _ NAM2 _ ERIN _ N01 _ N01 _ N01"
"P000264","1(N01) _ NAMESZDA _ 1(N01) _ NAM2 _ KAB _ 1(N01) _ NAM2 _ DI _ 1(N01) _ 1(N01) _ 1(N01) _ 1(N01)","N01 _ NAMESZDA _ N01 _ NAM2 _ KAB _ N01 _ NAM2 _ DI _ N01 _ N01 _ N01 _ N01"
"P000265","NAGA~a _ PAP~a","NAGA~a _ PAP~a"
"P000266","IM~a _ AD~a _ 1(N01) _ |BU~a+DU6~a| _ 2(N57) _ 1(N01) _ SAR~c _ HI _ 1(N01) _ GI6 _ 1(N04) _ 1(N01) _ TUR _ |SZE~a&SZE~a| _ SUKKAL _ E2~a","IM~a _ AD~a _ N01 _ |BU~a+DU6~a| _ N57 N57 _ N01 _ SAR~c _ HI _ N01 _ GI6 _ N04 _ N01 _ TUR _ |SZE~a&SZE~a| _ SUKKAL _ E2~a"
"P000267","1(N01) _ 1(N01) _ 1(N01) _ EN~a _ IB~a _ 1(N01) _ GAL~a _ 1(N01) _ 1(N01) _ 1(N01) _ 1(N01)","N01 _ N01 _ N01 _ EN~a _ IB~a _ N01 _ GAL~a _ N01 _ N01 _ N01 _ N01"
"P000268","NI~b _ PA~a _ UR~a _ TI _ 1(N01) _ GAL~a _ 1(N01) _ GAL~a _ MU _ 1(N01) _ GAL~a _ 1(N01) _ GAL~a _ 1(N01) _ GAL~a _ 1(N01) _ 1(N01) _ KISAL~b1 _ 1(N01) _ GAL~a _ 1(N01) _ GAL~a _ 1(N01) _ NESAG2~a _ 1(N01)","NI~b _ PA~a _ UR~a _ TI _ N01 _ GAL~a _ N01 _ GAL~a _ MU _ N01 _ GAL~a _ N01 _ GAL~a _ N01 _ GAL~a _ N01 _ N01 _ KISAL~b1 _ N01 _ GAL~a _ N01 _ GAL~a _ N01 _ NESAG2~a _ N01"
"P000269","1(N01) _ 1(N01) _ GAL~a _ 1(N01) _ GAL~a _ 1(N01) _ IM~a _ TUR","N01 _ N01 _ GAL~a _ N01 _ GAL~a _ N01 _ IM~a _ TUR"
"P000270","1(N01) _ IM~a","N01 _ IM~a"
"P000271","1(N01) _ BU3 _ 1(N01) _ KAR2~a","N01 _ BU3 _ N01 _ KAR2~a"
"P000272","1(N01) _ 1(N01) _ 1(N01) _ ZATU751~a _ 1(N01) _ 1(N01) _ 1(N01) _ 1(N01) _ 1(N01)","N01 _ N01 _ N01 _ ZATU751~a _ N01 _ N01 _ N01 _ N01 _ N01"
"P000273","1(N01) _ |ZATU737xU4| _ 1(N01) _ |ZATU737xSAL| _ 1(N01)","N01 _ |ZATU737xU4| _ N01 _ |ZATU737xSAL| _ N01"
"P000274","1(N01) _ GAL~a _ UMUN2 _ 1(N01) _ AB~a _ UMUN2 _ 1(N01) _ AK~a _ 1(N01) _ 1(N01) _ 1(N01)","N01 _ GAL~a _ UMUN2 _ N01 _ AB~a _ UMUN2 _ N01 _ AK~a _ N01 _ N01 _ N01"
"P000275","1(N14) _ 1(N01) _ MASZ2","N14 _ N01 _ MASZ2"
"P000276","1(N01) _ GAL~a _ KISAL~b3 _ 1(N01) _ GAL~a _ NIM~a","N01 _ GAL~a _ KISAL~b3 _ N01 _ GAL~a _ NIM~a"
"P000277","1(N01) _ LAGAR~a _ 1(N01) _ LAGAR~a _ 1(N01)","N01 _ LAGAR~a _ N01 _ LAGAR~a _ N01"
"P000278","BU3 _ ME~a _ 1(N01) _ 1(N01)","BU3 _ ME~a _ N01 _ N01"
"P000279","|DUG~bxSIG7| _ AGAR2 _ 1(N01) _ ALIM _ NUN~a _ 1(N01) _ |ZATU662x1(N14)| _ 1(N01) _ 1(N01) _ 1(N01) _ 1(N01) _ SZA3~a1 _ 1(N01) _ AB2 _ 1(N01) _ 1(N01) _ LUM _ A _ TUG2~a@g _ 1(N01) _ 3(N57) _ AB2 _ 1(N01)","|DUG~bxSIG7| _ AGAR2 _ N01 _ ALIM _ NUN~a _ N01 _ |ZATU662x1(N14)| _ N01 _ N01 _ N01 _ N01 _ SZA3~a1 _ N01 _ AB2 _ N01 _ N01 _ LUM _ A _ TUG2~a@g _ N01 _ N57 N57 N57 _ AB2 _ N01"
"P000280","U2~b _ PU2 _ GA2~a1 _ U2~b _ PU2 _ U2~b _ PU2 _ U2~a _ PU2 _ U2~a _ HI _ 1(N01) _ 1(N01) _ EN~a _ 1(N01)","U2~b _ PU2 _ GA2~a1 _ U2~b _ PU2 _ U2~b _ PU2 _ U2~a _ PU2 _ U2~a _ HI _ N01 _ N01 _ EN~a _ N01"
"P000281","1(N01) _ |DUG~cx1(N57)| _ 1(N01) _ SZAKIR~c _ 1(N01) _ 1(N01) _ GAN~a _ 1(N01) _ E2~a _ GAN~a _ 1(N01) _ |DUG~bxSZE~a| _ 1(N01) _ |DUG~bxBALA~a| _ 1(N01) _ 1(N01) _ 1(N01) _ 1(N01) _ 1(N01) _ 1(N01)","N01 _ |DUG~cx1(N57)| _ N01 _ SZAKIR~c _ N01 _ N01 _ GAN~a _ N01 _ E2~a _ GAN~a _ N01 _ |DUG~bxSZE~a| _ N01 _ |DUG~bxBALA~a| _ N01 _ N01 _ N01 _ N01 _ N01 _ N01"
"P000282","1(N01) _ |DUG~bxANSZE~b| _ 1(N01) _ |DUG~bxUH3~a| _ 1(N01) _ |DUG~bxHI| _ 1(N01) _ 1(N01) _ 1(N01) _ 1(N01)","N01 _ |DUG~bxANSZE~b| _ N01 _ |DUG~bxUH3~a| _ N01 _ |DUG~bxHI| _ N01 _ N01 _ N01 _ N01"
"P000283","BAPPIR~d _ |DUG~bxSIG7| _ 1(N01) _ NAGA~a _ 1(N01) _ KA~a _ 1(N01)","BAPPIR~d _ |DUG~bxSIG7| _ N01 _ NAGA~a _ N01 _ KA~a _ N01"
"P000284","GA'AR~a1 _ SZE3@t _ GA'AR~a1 _ GA'AR~a1 _ GA'AR~a1 _ GA'AR~a1","GA'AR~a1 _ SZE3@t _ GA'AR~a1 _ GA'AR~a1 _ GA'AR~a1 _ GA'AR~a1"
"P000285","1(N01) _ 1(N01) _ BU~a _ 1(N01) _ NE~a _ GAR _ TUG2~a _ TUG2~a@g _ 1(N01) _ 1(N01)","N01 _ N01 _ BU~a _ N01 _ NE~a _ GAR _ TUG2~a _ TUG2~a@g _ N01 _ N01"
"P000286","1(N01) _ AN _ 1(N01) _ GIR2~a _ UDU~a _ 1(N01) _ GIR2~a _ 1(N01)","N01 _ AN _ N01 _ GIR2~a _ UDU~a _ N01 _ GIR2~a _ N01"
"P000287","SI _ 1(N01) _ NAGAR~b _ 1(N01) _ NAGAR~b _ 1(N01) _ TAK4~a","SI _ N01 _ NAGAR~b _ N01 _ NAGAR~b _ N01 _ TAK4~a"
"P000288","GIR2~a _ 1(N01) _ 1(N01) _ 1(N01) _ NAGAR~b _ 1(N01) _ AN _ NAGAR~b _ 1(N01) _ 1(N01) _ AN _ 1(N01) _ 1(N01)","GIR2~a _ N01 _ N01 _ N01 _ NAGAR~b _ N01 _ AN _ NAGAR~b _ N01 _ N01 _ AN _ N01 _ N01"
"P000289","1(N01) _ 1(N01) _ 1(N01) _ NAGAR~b _ AN _ TAK4~a _ 1(N01) _ NAGAR~b _ BUR~a","N01 _ N01 _ N01 _ NAGAR~b _ AN _ TAK4~a _ N01 _ NAGAR~b _ BUR~a"
"P000290","1(N01) _ 1(N01) _ SAR~a _ A _ 1(N01) _ 1(N01) _ 1(N01) _ BAD _ SUG _ 1(N01) _ BA _ KI _ 1(N01) _ SAR~a _ SZAGAN _ 1(N01) _ 1(N01) _ DU _ A _ 1(N01) _ IM~a _ SI _ 1(N01) _ IM~a _ MIR~a _ 1(N01)","N01 _ N01 _ SAR~a _ A _ N01 _ N01 _ N01 _ BAD _ SUG _ N01 _ BA _ KI _ N01 _ SAR~a _ SZAGAN _ N01 _ N01 _ DU _ A _ N01 _ IM~a _ SI _ N01 _ IM~a _ MIR~a _ N01"
"P000291","1(N01) _ 1(N01) _ 1(N01) _ 1(N01) _ GI _ 1(N01) _ ZATU751~a _ 1(N01) _ 1(N01) _ BA _ 1(N01) _ SAR~a _ SZAGAN _ 1(N01) _ NAGAR~b _ SZAGAN","N01 _ N01 _ N01 _ N01 _ GI _ N01 _ ZATU751~a _ N01 _ N01 _ BA _ N01 _ SAR~a _ SZAGAN _ N01 _ NAGAR~b _ SZAGAN"
"P000292","1(N01) _ SAR~a _ SZAGAN _ EN~a _ BA _ GAR _ SZAGAN","N01 _ SAR~a _ SZAGAN _ EN~a _ BA _ GAR _ SZAGAN"
"P000293","TUN3~a","TUN3~a"
"P000294","NAM~d _ KU6~a _ KU6~a _ 1(N01) _ 1(N01) _ 1(N01)","NAM~d _ KU6~a _ KU6~a _ N01 _ N01 _ N01"
"P000295","1(N01) _ SU~a _ 1(N01) _ U4 _ KU6~a _ |U4x2(N57)|","N01 _ SU~a _ N01 _ U4 _ KU6~a _ |U4x2(N57)|"
"P000296","A _ KU6~a _ NU _ AN _ KU6~a _ 1(N01) _ 1(N01) _ 1(N01) _ 1(N01) _ ME~a _ 1(N01) _ ME~a _ AN _ 1(N01) _ 1(N01) _ AN _ 1(N01)","A _ KU6~a _ NU _ AN _ KU6~a _ N01 _ N01 _ N01 _ N01 _ ME~a _ N01 _ ME~a _ AN _ N01 _ N01 _ AN _ N01"
"P000297","1(N01) _ 1(N01) _ KU6~a _ 1(N01) _ KU6~a _ 1(N01) _ 1(N01) _ 1(N01)","N01 _ N01 _ KU6~a _ N01 _ KU6~a _ N01 _ N01 _ N01"
"P000298","1(N01) _ KU6~a _ 1(N01) _ URI3~a _ KU6~a _ 1(N01) _ KU6~a _ 1(N01)","N01 _ KU6~a _ N01 _ URI3~a _ KU6~a _ N01 _ KU6~a _ N01"
"P000299","1(N01) _ 1(N01) _ SZU _ AB2 _ 1(N01) _ SZU _ BAR _ AB2 _ 1(N01) _ BAR _ MUL _ AB2 _ 1(N01) _ 1(N01) _ 1(N01) _ 1(N01) _ 1(N01) _ 1(N01) _ E2~a _ 1(N01) _ NE~a _ 1(N01)","N01 _ N01 _ SZU _ AB2 _ N01 _ SZU _ BAR _ AB2 _ N01 _ BAR _ MUL _ AB2 _ N01 _ N01 _ N01 _ N01 _ N01 _ N01 _ E2~a _ N01 _ NE~a _ N01"
"P000300","1(N01) _ 1(N01) _ 1(N01) _ 1(N01) _ 1(N01) _ 1(N01) _ 3(N57) _ ZAG~a _ 1(N01) _ DARA4~a1 _ ZAG~a _ 1(N01) _ HI _ SAG _ 1(N01) _ 1(N01)","N01 _ N01 _ N01 _ N01 _ N01 _ N01 _ N57 N57 N57 _ ZAG~a _ N01 _ DARA4~a1 _ ZAG~a _ N01 _ HI _ SAG _ N01 _ N01"
"P000301","AMAR _ AMAR _ 1(N01) _ GA~a _ 1(N02) _ 1(N01) _ AMAR _ 1(N01) _ 1(N01) _ 1(N01)","AMAR _ AMAR _ N01 _ GA~a _ N02 _ N01 _ AMAR _ N01 _ N01 _ N01"
"P000302","GU4 _ BAR _ AMAR _ 1(N01) _ DARA4~a1 _ AMAR _ 1(N01) _ AMAR _ 1(N01) _ DARA4~a1 _ AMAR _ 1(N01) _ SAG _ DARA4~a1 _ AMAR _ 1(N01) _ 1(N01) _ 1(N01) _ 1(N01)","GU4 _ BAR _ AMAR _ N01 _ DARA4~a1 _ AMAR _ N01 _ AMAR _ N01 _ DARA4~a1 _ AMAR _ N01 _ SAG _ DARA4~a1 _ AMAR _ N01 _ N01 _ N01 _ N01"
"P000303","1(N01) _ AB2 _ 1(N01) _ UDU~a _ AB2 _ 1(N01) _ SIPA _ 1(N01)","N01 _ AB2 _ N01 _ UDU~a _ AB2 _ N01 _ SIPA _ N01"
"P000304","1(N01) _ NI~b _ 1(N01) _ HI _ NI~b _ 1(N01) _ 10(N58) _ NI~b _ 1(N01) _ 1(N01) _ 1(N01) _ 1(N01) _ 1(N01) _ 1(N01) _ 1(N01) _ 1(N01) _ 1(N01) _ 1(N01) _ 1(N01) _ 1(N01) _ 1(N01) _ 1(N34) _ 2(N14)","N01 _ NI~b _ N01 _ HI _ NI~b _ N01 _ N58 N58 N58 N58 N58 N58 N58 N58 N58 N58 _ NI~b _ N01 _ N01 _ N01 _ N01 _ N01 _ N01 _ N01 _ N01 _ N01 _ N01 _ N01 _ N01 _ N01 _ N34 _ N14 N14"
"P000305","1(N01) _ GISZ _ SI _ KAK~a _ 1(N01) _ GISZ _ SI _ 1(N01) _ GISZ _ BAD _ 1(N01) _ GISZ _ |BAD&BAD| _ 1(N01) _ 1(N01) _ 1(N01) _ 1(N01)","N01 _ GISZ _ SI _ KAK~a _ N01 _ GISZ _ SI _ N01 _ GISZ _ BAD _ N01 _ GISZ _ |BAD&BAD| _ N01 _ N01 _ N01 _ N01"
"P000306","1(N01) _ GISZ _ NU11 _ 1(N01) _ GISZ _ KIN2~c _ 1(N01) _ 1(N01) _ GISZ _ 1(N01) _ 1(N01)","N01 _ GISZ _ NU11 _ N01 _ GISZ _ KIN2~c _ N01 _ N01 _ GISZ _ N01 _ N01"
"P000308","KI _ 1(N45) _ KI _ KI _ U2~b _ 1(N01) _ 1(N01) _ 1(N01) _ 1(N01) _ 1(N01) _ 1(N01) _ AD~a _ 1(N01)","KI _ N45 _ KI _ KI _ U2~b _ N01 _ N01 _ N01 _ N01 _ N01 _ N01 _ AD~a _ N01"
"P000309","1(N01) _ TUM~b _ ZATU647 _ 1(N01) _ GAL~a _ ZATU647 _ HI _ ZATU647 _ 1(N01)","N01 _ TUM~b _ ZATU647 _ N01 _ GAL~a _ ZATU647 _ HI _ ZATU647 _ N01"
"P000310","1(N01) _ 1(N01) _ 1(N01) _ HI _ 1(N01) _ GISZ _ 1(N01) _ BIR3~c _ APIN~a _ 1(N01)","N01 _ N01 _ N01 _ HI _ N01 _ GISZ _ N01 _ BIR3~c _ APIN~a _ N01"
"P000311","1(N01) _ NIMGIR _ 1(N01) _ U2~b _ NAGA~a _ MUSZEN _ ZATU647 _ BA _ IM~a","N01 _ NIMGIR _ N01 _ U2~b _ NAGA~a _ MUSZEN _ ZATU647 _ BA _ IM~a"
"P000312","1(N01) _ BALA~a _ MUSZEN _ RAD~a _ ISZ~b","N01 _ BALA~a _ MUSZEN _ RAD~a _ ISZ~b"
"P000313","SIG2~a3 _ 1(N01) _ 1(N01) _ 1(N01)","SIG2~a3 _ N01 _ N01 _ N01"
"P000314","1(N01) _ 1(N01) _ BA _ SAG _ 1(N01) _ SIG2~b _ 1(N01) _ KA~a _ 1(N01) _ SZENNUR~a _ 1(N01) _ |EZEN~axSU~a| _ 1(N01) _ GI _ UNUG~a _ 1(N01) _ SZAM2 _ KI _ 1(N01)","N01 _ N01 _ BA _ SAG _ N01 _ SIG2~b _ N01 _ KA~a _ N01 _ SZENNUR~a _ N01 _ |EZEN~axSU~a| _ N01 _ GI _ UNUG~a _ N01 _ SZAM2 _ KI _ N01"
"P000315","NA2~a _ 1(N01) _ BA _ 1(N01) _ 1(N01) _ HI _ BA _ SUM~b _ 1(N01) _ SI _ U4 _ KUR~a _ 1(N01) _ PAP~a _ APIN~a _ 1(N01) _ NU _ 1(N01) _ NU _ LUM _ 1(N01) _ EN~a _ 1(N01) _ 1(N01)","NA2~a _ N01 _ BA _ N01 _ N01 _ HI _ BA _ SUM~b _ N01 _ SI _ U4 _ KUR~a _ N01 _ PAP~a _ APIN~a _ N01 _ NU _ N01 _ NU _ LUM _ N01 _ EN~a _ N01 _ N01"
"P000316","1(N01) _ 1(N01) _ GAL~a _ SIPA _ 1(N01) _ GAL~a _ GURUSZDA","N01 _ N01 _ GAL~a _ SIPA _ N01 _ GAL~a _ GURUSZDA"
"P000317","1(N01) _ 1(N01) _ ZI~a _ GI _ 1(N01) _ |GI&GI| _ SZE3 _ 1(N01) _ APIN~a _ E2~b _ PIRIG~b1 _ 1(N01) _ 1(N01) _ 1(N01) _ TAR~a _ ZATU751~a _ 1(N01) _ 1(N01) _ ZATU751~a","N01 _ N01 _ ZI~a _ GI _ N01 _ |GI&GI| _ SZE3 _ N01 _ APIN~a _ E2~b _ PIRIG~b1 _ N01 _ N01 _ N01 _ TAR~a _ ZATU751~a _ N01 _ N01 _ ZATU751~a"
"P000318","1(N01) _ GAL~a _ 1(N01) _ UNUG~a _ 1(N01) _ KAK~a _ DUG~a _ NU11 _ 1(N01) _ 1(N01) _ 1(N01)","N01 _ GAL~a _ N01 _ UNUG~a _ N01 _ KAK~a _ DUG~a _ NU11 _ N01 _ N01 _ N01"
"P000319","BA _ IM~a _ AD~a _ NI~a _ ASAR _ KU~a _ DU6~a","BA _ IM~a _ AD~a _ NI~a _ ASAR _ KU~a _ DU6~a"
"P000320","1(N01) _ 1(N01) _ 1(N01) _ |ZATU737xBUR~a| _ 1(N01) _ UR2 _ KU6~a _ RAD~a _ 1(N01) _ SZIM~a _ RAD~a _ 1(N01) _ AMA~b _ ME~a _ 1(N01) _ 1(N01) _ 1(N01) _ 1(N01) _ 1(N01) _ 1(N01) _ 1(N01) _ 1(N34) _ |3(N57).PIRIG~b1| _ E2~a","N01 _ N01 _ N01 _ |ZATU737xBUR~a| _ N01 _ UR2 _ KU6~a _ RAD~a _ N01 _ SZIM~a _ RAD~a _ N01 _ AMA~b _ ME~a _ N01 _ N01 _ N01 _ N01 _ N01 _ N01 _ N01 _ N34 _ |3(N57).PIRIG~b1| _ E2~a"
"P000321","1(N01) _ GAN2 _ GI4~a _ BU~a _ BAD3~a","N01 _ GAN2 _ GI4~a _ BU~a _ BAD3~a"
"P000322","1(N01) _ 1(N01) _ 1(N01) _ NAGA~a _ 1(N01) _ SZU","N01 _ N01 _ N01 _ NAGA~a _ N01 _ SZU"
"P000323","A _ 1(N01) _ 1(N01) _ 1(N01) _ KI","A _ N01 _ N01 _ N01 _ KI"
"P000324","GAL~a _ 1(N01) _ GAL~a _ 1(N01) _ 1(N01)","GAL~a _ N01 _ GAL~a _ N01 _ N01"
"P000325","AN _ A","AN _ A"
"P000326","1(N01) _ 1(N01) _ GIR3~c _ 1(N01) _ TI _ A _ 1(N01) _ A _ 1(N01) _ E2~a _ 1(N01) _ KI _ 1(N01) _ 1(N01) _ 1(N01) _ KA~a _ KAR _ 1(N01) _ NUN~a _ A _ 1(N01) _ DU _ KU~b2 _ KASKAL _ 1(N01) _ SZAH2~a _ 1(N01) _ 1(N01) _ 1(N01) _ 1(N01)","N01 _ N01 _ GIR3~c _ N01 _ TI _ A _ N01 _ A _ N01 _ E2~a _ N01 _ KI _ N01 _ N01 _ N01 _ KA~a _ KAR _ N01 _ NUN~a _ A _ N01 _ DU _ KU~b2 _ KASKAL _ N01 _ SZAH2~a _ N01 _ N01 _ N01 _ N01"
"P000327","AMA~a _ A _ MUSZ3~a _ AMA~a _ A _ 1(N01) _ MA _ UD5~a _ A _ 1(N01) _ ALIM _ A _ 1(N01) _ 1(N01) _ 1(N01) _ NAR _ DUR2 _ SZE3 _ 1(N01) _ RAD~a _ 1(N01) _ HAL _ ZATU751~a _ 1(N01)","AMA~a _ A _ MUSZ3~a _ AMA~a _ A _ N01 _ MA _ UD5~a _ A _ N01 _ ALIM _ A _ N01 _ N01 _ N01 _ NAR _ DUR2 _ SZE3 _ N01 _ RAD~a _ N01 _ HAL _ ZATU751~a _ N01"
"P000328","1(N01) _ 1(N01) _ LI _ ZI~a _ MUSZEN _ KU6~a","N01 _ N01 _ LI _ ZI~a _ MUSZEN _ KU6~a"
"P000329","URU~a1 _ ERIN _ GAL~a _ SZUBUR _ APIN~a _ 1(N01) _ 1(N01)","URU~a1 _ ERIN _ GAL~a _ SZUBUR _ APIN~a _ N01 _ N01"
"P000330","1(N01) _ GAL~a _ ZAG~a _ ZAG~a _ 1(N01) _ SANGA~a _ 1(N01) _ GAL~a _ 1(N01) _ USZUMGAL _ 1(N01) _ GAL~a _ 1(N01) _ KAB _ GI _ AB~b _ 1(N01) _ 1(N01)","N01 _ GAL~a _ ZAG~a _ ZAG~a _ N01 _ SANGA~a _ N01 _ GAL~a _ N01 _ USZUMGAL _ N01 _ GAL~a _ N01 _ KAB _ GI _ AB~b _ N01 _ N01"
"P000331","KU3~a _ AK~a _ 1(N01) _ 1(N01) _ 1(N01) _ 1(N01)","KU3~a _ AK~a _ N01 _ N01 _ N01 _ N01"
"P000332","ISZ~b _ 1(N01) _ 1(N01) _ MUSZ3~a _ 1(N01) _ BU~a","ISZ~b _ N01 _ N01 _ MUSZ3~a _ N01 _ BU~a"
"P000333","GAL~a _ GAL~a _ GUG2","GAL~a _ GAL~a _ GUG2"
"P000334","GAL~a _ UMUN2","GAL~a _ UMUN2"
"P000335","TE _ GAL~a _ GADA~a _ 1(N01)","TE _ GAL~a _ GADA~a _ N01"
"P000336","NAM2 _ ERIN _ GAL~a _ LA2","NAM2 _ ERIN _ GAL~a _ LA2"
"P000337","1(N01) _ NUN~a _ 1(N01) _ GAL~a","N01 _ NUN~a _ N01 _ GAL~a"
"P000338","|ZATU737xDI| _ 1(N01)","|ZATU737xDI| _ N01"
"P000339","1(N01) _ 1(N01)","N01 _ N01"
"P000340","1(N01) _ 1(N01) _ 1(N01)","N01 _ N01 _ N01"
"P000341","1(N01) _ 1(N01)","N01 _ N01"
"P000342","1(N01) _ SANGA~a _ 1(N01) _ SANGA~a _ 1(N01)","N01 _ SANGA~a _ N01 _ SANGA~a _ N01"
"P000343","SANGA~a _ 1(N01) _ 1(N01) _ 1(N01)","SANGA~a _ N01 _ N01 _ N01"
"P000344","GAL~a _ 1(N01)","GAL~a _ N01"
"P000345","1(N01) _ 1(N01) _ 1(N01) _ DI","N01 _ N01 _ N01 _ DI"
"P000346","1(N01) _ 1(N01) _ SZU _ UKKIN~a _ 1(N01) _ GAL~a _ 1(N01) _ GAL~a _ 1(N01)","N01 _ N01 _ SZU _ UKKIN~a _ N01 _ GAL~a _ N01 _ GAL~a _ N01"
"P000347","1(N01) _ NUN~a _ ME~a _ 1(N01) _ NUN~a _ 1(N01)","N01 _ NUN~a _ ME~a _ N01 _ NUN~a _ N01"
"P000348","",""
"P000349","ME~a _ 1(N01) _ 1(N01) _ 1(N01) _ 1(N01)","ME~a _ N01 _ N01 _ N01 _ N01"
"P000350","SANGA~a _ SANGA~a","SANGA~a _ SANGA~a"
"P000351","1(N01) _ 1(N01)","N01 _ N01"
"P000352","1(N01) _ 1(N01)","N01 _ N01"
"P000353","1(N01) _ 1(N01) _ GAL~a _ 1(N01)","N01 _ N01 _ GAL~a _ N01"
"P000354","1(N01) _ 1(N01) _ GAL~a","N01 _ N01 _ GAL~a"
"P000355","1(N01) _ SZA _ 1(N01)","N01 _ SZA _ N01"
"P000356","1(N01) _ 1(N01) _ BU~a _ NUN~a","N01 _ N01 _ BU~a _ NUN~a"
"P000357","1(N01) _ 1(N01) _ ERIN _ 1(N01) _ GISZGAL","N01 _ N01 _ ERIN _ N01 _ GISZGAL"
"P000358","1(N01) _ 1(N01) _ 1(N01) _ 1(N01) _ 1(N01) _ 1(N01) _ 1(N01)","N01 _ N01 _ N01 _ N01 _ N01 _ N01 _ N01"
"P000359","1(N01) _ GAL~a","N01 _ GAL~a"
"P000360","1(N01)","N01"
"P000361","1(N01) _ 1(N01) _ ISZ~b _ 1(N01)","N01 _ N01 _ ISZ~b _ N01"
"P000362","1(N01) _ 1(N01) _ UB _ SZA3~a1","N01 _ N01 _ UB _ SZA3~a1"
"P000363","1(N14) _ 1(N14) _ 1(N01)","N14 _ N14 _ N01"
"P000364","1(N14) _ 1(N14) _ 1(N14)","N14 _ N14 _ N14"
"P000365","1(N01) _ AMAR _ GARA2~a","N01 _ AMAR _ GARA2~a"
"P000366","GAZI _ HALUB","GAZI _ HALUB"
"P000367","NUN~a _ 5(N01) _ MUNU3","NUN~a _ N01 N01 N01 N01 N01 _ MUNU3"
"P000368","AB2 _ 1(N14) _ 1(N01)","AB2 _ N14 _ N01"
"P000369","1(N01) _ 1(N01) _ 1(N01) _ 1(N01) _ SAL _ 1(N01) _ EN~a _ GAN2 _ 1(N01)","N01 _ N01 _ N01 _ N01 _ SAL _ N01 _ EN~a _ GAN2 _ N01"
"P000370","GAZI _ 1(N14) _ 1(N14)","GAZI _ N14 _ N14"
"P000371","1(N14) _ 3(N01)","N14 _ N01 N01 N01"
"P000372","1(N01) _ 1(N01) _ 1(N01)","N01 _ N01 _ N01"
"P000373","1(N01) _ 1(N01) _ 1(N01) _ 1(N01) _ 1(N01) _ SZE3 _ 1(N01)","N01 _ N01 _ N01 _ N01 _ N01 _ SZE3 _ N01"
"P000374","",""
"P000375","1(N01) _ 1(N01) _ 1(N01) _ 1(N01)","N01 _ N01 _ N01 _ N01"
"P000376","1(N01) _ GISZ _ 1(N01) _ GISZ _ 1(N01) _ GISZ","N01 _ GISZ _ N01 _ GISZ _ N01 _ GISZ"
"P000377","1(N01) _ 1(N01) _ 1(N01)","N01 _ N01 _ N01"
"P000378","1(N01) _ SUH3 _ 1(N01) _ GU _ KU6~a _ GU _ AN _ KU6~a _ 1(N01) _ 1(N01) _ AN _ 1(N01) _ 1(N01) _ 1(N01) _ 1(N34) _ 1(N14)","N01 _ SUH3 _ N01 _ GU _ KU6~a _ GU _ AN _ KU6~a _ N01 _ N01 _ AN _ N01 _ N01 _ N01 _ N34 _ N14"
"P000379","AGAR2 _ ZATU786 _ AGAR2 _ 1(N01) _ 1(N01) _ ME~a _ 1(N01) _ NAGAR~a _ TAK4~a _ 1(N01) _ NAGAR~a _ AN _ TAK4~a _ 1(N01) _ NAGAR~a _ TAK4~a","AGAR2 _ ZATU786 _ AGAR2 _ N01 _ N01 _ ME~a _ N01 _ NAGAR~a _ TAK4~a _ N01 _ NAGAR~a _ AN _ TAK4~a _ N01 _ NAGAR~a _ TAK4~a"
"P000380","1(N01) _ 1(N01)","N01 _ N01"
"P000381","1(N01) _ GIR2~a _ AN _ 1(N01) _ GIR2~a _ AB2","N01 _ GIR2~a _ AN _ N01 _ GIR2~a _ AB2"
"P000382","AN _ 1(N01) _ 1(N01)","AN _ N01 _ N01"
"P000383","1(N01) _ 1(N01) _ 1(N01)","N01 _ N01 _ N01"
"P000384","DUG~b _ 1(N01) _ DUG~c _ 1(N01)","DUG~b _ N01 _ DUG~c _ N01"
"P000385","1(N01)","N01"
"P000386","1(N01) _ |DUG~bxSI4~a| _ 1(N01) _ 1(N01)","N01 _ |DUG~bxSI4~a| _ N01 _ N01"
"P000387","|DUG~bxDIN| _ 1(N01)","|DUG~bxDIN| _ N01"
"P000388","1(N01) _ EN~a _ 1(N01)","N01 _ EN~a _ N01"
"P000389","",""
"P000390","1(N01) _ |AB~axZATU659| _ 1(N01)","N01 _ |AB~axZATU659| _ N01"
"P000391","1(N01) _ 1(N01) _ BA _ ZATU647 _ 1(N01) _ EN~a _ BA _ ZATU647 _ TUG2~a _ 1(N01) _ 1(N01)","N01 _ N01 _ BA _ ZATU647 _ N01 _ EN~a _ BA _ ZATU647 _ TUG2~a _ N01 _ N01"
"P000392","1(N01) _ 1(N01) _ BA _ ZATU647 _ TUG2~a _ 1(N01)","N01 _ N01 _ BA _ ZATU647 _ TUG2~a _ N01"
"P000393","1(N01) _ 1(N01) _ 1(N01)","N01 _ N01 _ N01"
"P000394","1(N01) _ 1(N01) _ KU6~a _ A _ 1(N01)","N01 _ N01 _ KU6~a _ A _ N01"
"P000395","1(N01) _ 1(N01) _ ZATU786 _ AGAR2 _ 1(N01) _ AGAR2 _ DUB2","N01 _ N01 _ ZATU786 _ AGAR2 _ N01 _ AGAR2 _ DUB2"
"P000396","1(N01) _ SAG _ 1(N01) _ 1(N01) _ U4 _ AL _ GU4","N01 _ SAG _ N01 _ N01 _ U4 _ AL _ GU4"
"P000397","1(N14) _ 1(N01) _ MASZ2","N14 _ N01 _ MASZ2"
"P000398","1(N01)","N01"
"P000399","1(N01) _ |NU11&NU11| _ KU6~a","N01 _ |NU11&NU11| _ KU6~a"
"P000400","1(N01) _ AB2 _ 1(N01) _ AB2 _ 1(N01) _ 1(N01) _ GI _ 1(N01) _ GI _ BAR _ 1(N01) _ DARA4~a1","N01 _ AB2 _ N01 _ AB2 _ N01 _ N01 _ GI _ N01 _ GI _ BAR _ N01 _ DARA4~a1"
"P000401","1(N14) _ 1(N01) _ KAL~a _ 1(N01) _ 1(N14) _ 1(N14)","N14 _ N01 _ KAL~a _ N01 _ N14 _ N14"
"P000402","1(N01) _ 1(N01) _ 1(N01)","N01 _ N01 _ N01"
"P000403","1(N01) _ GI6 _ 1(N01) _ SZU _ 1(N01)","N01 _ GI6 _ N01 _ SZU _ N01"
"P000404","1(N01) _ 1(N01) _ SIG7 _ 1(N01) _ SIG7 _ DU8~c@g _ GI6 _ 1(N01) _ SZAH2~a","N01 _ N01 _ SIG7 _ N01 _ SIG7 _ DU8~c@g _ GI6 _ N01 _ SZAH2~a"
"P000405","GU4 _ GU4 _ 1(N01) _ 1(N01) _ 3(N57) _ 1(N01)","GU4 _ GU4 _ N01 _ N01 _ N57 N57 N57 _ N01"
"P000406","AMAR _ AMAR","AMAR _ AMAR"
"P000407","GU4 _ AMAR","GU4 _ AMAR"
"P000408","1(N01) _ 1(N01) _ 1(N01)","N01 _ N01 _ N01"
"P000409","1(N01@f) _ 1(N01@f) _ 1(N01@f) _ 1(N01@f)","N01@f _ N01@f _ N01@f _ N01@f"
"P000410","",""
"P000411","1(N34)","N34"
"P000412","1(N01)","N01"
"P000413","1(N01) _ PAP~a","N01 _ PAP~a"
"P000414","",""
"P000415","SZITA~a3 _ KI _ KI","SZITA~a3 _ KI _ KI"
"P000416","1(N02) _ 1(N01) _ 1(N01) _ AN _ KI _ LAGAB~b _ ME~a _ 1(N01) _ |DU8~cxUDU~a| _ 1(N01) _ 1(N01) _ 1(N01) _ 1(N01) _ 1(N01) _ 1(N01) _ 1(N01)","N02 _ N01 _ N01 _ AN _ KI _ LAGAB~b _ ME~a _ N01 _ |DU8~cxUDU~a| _ N01 _ N01 _ N01 _ N01 _ N01 _ N01 _ N01"
"P000417","1(N01) _ 4(N01) _ AN _ AMA~a _ SAG _ MUSZEN _ SAR~a _ 1(N01) _ 1(N01) _ 1(N01)","N01 _ N01 N01 N01 N01 _ AN _ AMA~a _ SAG _ MUSZEN _ SAR~a _ N01 _ N01 _ N01"
"P000418","1(N01) _ 1(N01) _ 1(N01) _ EN~a","N01 _ N01 _ N01 _ EN~a"
"P000419","1(N01) _ 1(N01) _ DU _ 1(N01)","N01 _ N01 _ DU _ N01"
"P000420","KI _ 1(N01) _ 1(N01) _ 1(N01) _ SI _ 1(N01) _ 1(N01) _ 1(N01)","KI _ N01 _ N01 _ N01 _ SI _ N01 _ N01 _ N01"
"P000421","HI","HI"
"P000422","BARA3 _ 1(N01) _ 1(N01) _ 1(N01)","BARA3 _ N01 _ N01 _ N01"
"P000423","1(N01)","N01"
"P000424","1(N01) _ 1(N01) _ 1(N01)","N01 _ N01 _ N01"
"P000425","ME~a _ 1(N01)","ME~a _ N01"
"P000426","1(N01) _ 1(N01)","N01 _ N01"
"P000427","IM~a _ IM~a","IM~a _ IM~a"
"P000428","",""
"P000429","1(N01)","N01"
"P000430","1(N01) _ KI _ SAG _ 1(N01) _ U4 _ DU _ HAL _ ABGAL _ 5(N01) _ MUNU3","N01 _ KI _ SAG _ N01 _ U4 _ DU _ HAL _ ABGAL _ N01 N01 N01 N01 N01 _ MUNU3"
"P000431","1(N01) _ GISZ _ NAM2 _ 1(N01) _ GISZ _ NU11 _ 1(N01) _ GISZ _ KIN2~c _ 1(N01) _ GI6 _ GISZ _ KIN2~c _ 1(N01) _ |SZE~a.KIN2~c| _ GISZ _ 1(N01) _ DUB~b _ GISZ _ A _ 1(N01) _ SI _ GISZ _ 1(N01) _ GESZTIN~a _ GISZ _ 1(N01) _ GESZTIN~a _ GISZ _ 1(N01) _ MUSZEN _ 1(N01) _ GISZ _ 1(N01) _ GISZ _ LAM~a _ 1(N01) _ GISZ _ KUR@g~a _ 1(N01) _ 1(N01) _ 1(N01) _ GISZ _ 1(N01) _ GISZ _ DIN _ 1(N01) _ GISZ _ 1(N01) _ HASZHUR _ GISZ _ 1(N01) _ |(GISZx(DIN.DIN))~a| _ GISZ _ 1(N01) _ BU~a _ GISZ _ GI _ 1(N01) _ BU~a _ ZATU633~a _ GISZ _ GI _ 1(N01) _ BU~a _ MES _ GISZ _ GI _ 1(N01) _ 1(N01) _ GISZ _ 1(N01) _ MES _ GISZ _ 1(N01) _ GISZ _ A _ 1(N01) _ SZU _ SU~a _ GISZ _ 1(N01) _ GISZ _ 1(N01) _ GISZ _ LUM _ 1(N01) _ GISZ _ KISZIK~a _ U2~b _ GAL~a _ GISZ _ 1(N01) _ SZA _ SZU _ GISZ _ 1(N01) _ 1(N01) _ GISZ _ 1(N01) _ U4 _ 1(N01) _ 1(N01) _ IN~b _ HI _ GISZ _ 1(N01) _ 1(N01) _ BA _ SZE3 _ U2~b _ 1(N01) _ MASZ _ GISZ _ 1(N01) _ GUL _ BU~a _ GISZ _ 1(N01) _ GISZIMMAR~a2 _ 1(N01) _ GESZTU~a _ GISZ _ 1(N01) _ 1(N01) _ GISZ _ 1(N01) _ GISZ _ 1(N01) _ 1(N01) _ GISZ@t _ E2~a _ 1(N01) _ GISZ _ PU2 _ 1(N01) _ GISZ _ 1(N01) _ UR4~b _ GISZ _ 1(N01) _ GISZ _ LISZ _ 1(N01) _ BANSZUR~b1 _ GISZ _ 1(N01) _ GISZ _ AD~a _ 1(N01) _ GISZ _ 1(N01) _ BAD _ GISZ _ 1(N01) _ GISZ _ 1(N01) _ SI _ TAG~b _ 1(N01) _ SI _ KAK~a _ GISZ _ 1(N01) _ AL _ 1(N34)","N01 _ GISZ _ NAM2 _ N01 _ GISZ _ NU11 _ N01 _ GISZ _ KIN2~c _ N01 _ GI6 _ GISZ _ KIN2~c _ N01 _ |SZE~a.KIN2~c| _ GISZ _ N01 _ DUB~b _ GISZ _ A _ N01 _ SI _ GISZ _ N01 _ GESZTIN~a _ GISZ _ N01 _ GESZTIN~a _ GISZ _ N01 _ MUSZEN _ N01 _ GISZ _ N01 _ GISZ _ LAM~a _ N01 _ GISZ _ KUR@g~a _ N01 _ N01 _ N01 _ GISZ _ N01 _ GISZ _ DIN _ N01 _ GISZ _ N01 _ HASZHUR _ GISZ _ N01 _ |(GISZx(DIN.DIN))~a| _ GISZ _ N01 _ BU~a _ GISZ _ GI _ N01 _ BU~a _ ZATU633~a _ GISZ _ GI _ N01 _ BU~a _ MES _ GISZ _ GI _ N01 _ N01 _ GISZ _ N01 _ MES _ GISZ _ N01 _ GISZ _ A _ N01 _ SZU _ SU~a _ GISZ _ N01 _ GISZ _ N01 _ GISZ _ LUM _ N01 _ GISZ _ KISZIK~a _ U2~b _ GAL~a _ GISZ _ N01 _ SZA _ SZU _ GISZ _ N01 _ N01 _ GISZ _ N01 _ U4 _ N01 _ N01 _ IN~b _ HI _ GISZ _ N01 _ N01 _ BA _ SZE3 _ U2~b _ N01 _ MASZ _ GISZ _ N01 _ GUL _ BU~a _ GISZ _ N01 _ GISZIMMAR~a2 _ N01 _ GESZTU~a _ GISZ _ N01 _ N01 _ GISZ _ N01 _ GISZ _ N01 _ N01 _ GISZ@t _ E2~a _ N01 _ GISZ _ PU2 _ N01 _ GISZ _ N01 _ UR4~b _ GISZ _ N01 _ GISZ _ LISZ _ N01 _ BANSZUR~b1 _ GISZ _ N01 _ GISZ _ AD~a _ N01 _ GISZ _ N01 _ BAD _ GISZ _ N01 _ GISZ _ N01 _ SI _ TAG~b _ N01 _ SI _ KAK~a _ GISZ _ N01 _ AL _ N34"
"P000432","1(N01) _ KISZ _ KISZ _ KISZ _ KISZ _ KISZ _ KISZ _ SAG","N01 _ KISZ _ KISZ _ KISZ _ KISZ _ KISZ _ KISZ _ SAG"
"P000433","1(N01) _ UB _ 1(N01) _ KITI _ 1(N01) _ NI2 _ 1(N01) _ URI3~a _ E2~b _ E2~a _ 1(N01) _ GIBIL6 _ 1(N01) _ 1(N01) _ 1(N01) _ AN _ NE~a _ AN _ 1(N01) _ 1(N01) _ 1(N01) _ 1(N01) _ AB~a@g _ 1(N01) _ BU~a _ 1(N01) _ 1(N01) _ AN _ SI _ 1(N01) _ AN _ EZINU~d _ 1(N01) _ BAPPIR~b _ 1(N01) _ 1(N01) _ BAHAR2~b _ E2~a _ NUNUZ~a1 _ 1(N01) _ TILLA2 _ 1(N01) _ AN _ AN _ E2~a _ 1(N01) _ DAR~a _ NESAG2~b","N01 _ UB _ N01 _ KITI _ N01 _ NI2 _ N01 _ URI3~a _ E2~b _ E2~a _ N01 _ GIBIL6 _ N01 _ N01 _ N01 _ AN _ NE~a _ AN _ N01 _ N01 _ N01 _ N01 _ AB~a@g _ N01 _ BU~a _ N01 _ N01 _ AN _ SI _ N01 _ AN _ EZINU~d _ N01 _ BAPPIR~b _ N01 _ N01 _ BAHAR2~b _ E2~a _ NUNUZ~a1 _ N01 _ TILLA2 _ N01 _ AN _ AN _ E2~a _ N01 _ DAR~a _ NESAG2~b"
"P000434","1(N01) _ 1(N01) _ 1(N01) _ KID~a _ 1(N01) _ 1(N45) _ GAL~a _ 1(N01) _ 1(N45) _ 1(N01) _ 1(N01) _ 1(N01) _ 1(N01) _ 1(N01) _ 1(N01) _ 1(N01) _ 1(N01) _ GU _ 1(N01) _ TUR _ GU _ 1(N01) _ 1(N01)","N01 _ N01 _ N01 _ KID~a _ N01 _ N45 _ GAL~a _ N01 _ N45 _ N01 _ N01 _ N01 _ N01 _ N01 _ N01 _ N01 _ N01 _ GU _ N01 _ TUR _ GU _ N01 _ N01"
"P000437","PIRIG~b1 _ 1(N01) _ SU~a _ |1(N57).SZAH2~a| _ 1(N01) _ UDU~a _ SZITA~a1 _ 1(N01) _ DARA3~c _ 1(N01) _ 1(N01)","PIRIG~b1 _ N01 _ SU~a _ |1(N57).SZAH2~a| _ N01 _ UDU~a _ SZITA~a1 _ N01 _ DARA3~c _ N01 _ N01"
"P000439","1(N01) _ HI _ 1(N01) _ 1(N01) _ U4 _ 1(N01) _ IM~a _ KI _ 1(N01) _ SIG _ 1(N01) _ U4 _ GI6 _ 1(N01) _ U4","N01 _ HI _ N01 _ N01 _ U4 _ N01 _ IM~a _ KI _ N01 _ SIG _ N01 _ U4 _ GI6 _ N01 _ U4"
"P000440","1(N01) _ DUG~b _ 1(N01) _ DUG~c _ 1(N01) _ NI~b _ 1(N01) _ 1(N01) _ 1(N01) _ 1(N01) _ 1(N01) _ |DUG~bxSZE~a| _ 1(N01) _ 1(N01) _ |DUG~bxKASKAL| _ 1(N01) _ KASZ~b _ 1(N01) _ |DUG~bx(SZE~a.NAM2)| _ 1(N01) _ |DUG~bx(1(N57).KU3~a)| _ 1(N01) _ |DUG~bxSIG2~a1| _ 1(N01) _ |DUG~bxSIG7| _ 1(N01) _ 1(N01) _ 1(N01) _ |DUG~bxLAM~a| _ 1(N01) _ |DUG~bxKUR~a| _ 1(N01) _ |DUG~bxGISZ| _ 1(N01) _ 1(N01)","N01 _ DUG~b _ N01 _ DUG~c _ N01 _ NI~b _ N01 _ N01 _ N01 _ N01 _ N01 _ |DUG~bxSZE~a| _ N01 _ N01 _ |DUG~bxKASKAL| _ N01 _ KASZ~b _ N01 _ |DUG~bx(SZE~a.NAM2)| _ N01 _ |DUG~bx(1(N57).KU3~a)| _ N01 _ |DUG~bxSIG2~a1| _ N01 _ |DUG~bxSIG7| _ N01 _ N01 _ N01 _ |DUG~bxLAM~a| _ N01 _ |DUG~bxKUR~a| _ N01 _ |DUG~bxGISZ| _ N01 _ N01"
"P000441","1(N01) _ |DUG~bx(SZE~a.NAM2)| _ 1(N01) _ 1(N01) _ 1(N01) _ |DUG~bxSIG7| _ 1(N01) _ |DUG~bxSIG2~a2| _ |DUG~bxHI| _ 1(N01) _ 1(N01) _ 1(N01)","N01 _ |DUG~bx(SZE~a.NAM2)| _ N01 _ N01 _ N01 _ |DUG~bxSIG7| _ N01 _ |DUG~bxSIG2~a2| _ |DUG~bxHI| _ N01 _ N01 _ N01"
"P000442","1(N01) _ U4 _ 1(N01) _ |DUG~bx(SZE~a.NAM2)| _ 1(N01) _ |DUG~bx(1(N57).KU3~a)|","N01 _ U4 _ N01 _ |DUG~bx(SZE~a.NAM2)| _ N01 _ |DUG~bx(1(N57).KU3~a)|"
"P000443","KU3~a _ KU3~a _ 1(N01) _ 1(N01) _ 1(N01) _ GAL~a","KU3~a _ KU3~a _ N01 _ N01 _ N01 _ GAL~a"
"P000445","NAGAR~b _ AN _ TAK4~a _ AN _ NU _ 1(N01) _ 1(N01) _ AN _ NU","NAGAR~b _ AN _ TAK4~a _ AN _ NU _ N01 _ N01 _ AN _ NU"
"P000446","1(N14) _ 1(N14) _ UTUL~a _ 1(N14) _ BAN~b _ GI _ 1(N14) _ URI3~a _ 1(N14) _ EN~a _ DU _ PAP~a _ 1(N14) _ DA~a _ 1(N14) _ MUSZEN _ 1(N14) _ 3(N57) _ GAR _ 1(N14) _ 1(N14) _ PAP~a _ 1(N14) _ 1(N14) _ EN~a _ HI _ AB2 _ 1(N14)","N14 _ N14 _ UTUL~a _ N14 _ BAN~b _ GI _ N14 _ URI3~a _ N14 _ EN~a _ DU _ PAP~a _ N14 _ DA~a _ N14 _ MUSZEN _ N14 _ N57 N57 N57 _ GAR _ N14 _ N14 _ PAP~a _ N14 _ N14 _ EN~a _ HI _ AB2 _ N14"
"P000450","GESZTU~b _ TE _ 1(N01) _ AMA~a _ UNUG~a _ 1(N01) _ ZATU687 _ GAL~a _ 1(N01) _ KUR~a _ E2~a _ 1(N01) _ 3(N57) _ TE _ 1(N01) _ MUSZEN","GESZTU~b _ TE _ N01 _ AMA~a _ UNUG~a _ N01 _ ZATU687 _ GAL~a _ N01 _ KUR~a _ E2~a _ N01 _ N57 N57 N57 _ TE _ N01 _ MUSZEN"
"P000451","ME~a _ |1(N58).BAD~a| _ SIG2~b _ GA~a _ 1(N01) _ GAL~a _ KISAL~b2 _ 1(N01) _ GAL~a _ NIM~a _ 1(N01) _ GAL~a _ 1(N01) _ GAL~a _ 1(N01)","ME~a _ |1(N58).BAD~a| _ SIG2~b _ GA~a _ N01 _ GAL~a _ KISAL~b2 _ N01 _ GAL~a _ NIM~a _ N01 _ GAL~a _ N01 _ GAL~a _ N01"
"P000453","1(N01) _ SIG2~b _ 1(N01) _ 1(N01) _ SUG5 _ 1(N01)","N01 _ SIG2~b _ N01 _ N01 _ SUG5 _ N01"
"P000454","1(N01) _ BU~a _ SZA3~a1 _ 1(N01) _ SI _ AN _ PAP~a _ 1(N01) _ DU _ TAK4~a","N01 _ BU~a _ SZA3~a1 _ N01 _ SI _ AN _ PAP~a _ N01 _ DU _ TAK4~a"
"P000455","1(N01) _ 1(N01) _ 1(N01) _ 1(N01) _ 1(N01) _ A _ 1(N01) _ 1(N01) _ 1(N01) _ MA _ 1(N01) _ HASZHUR _ 1(N01) _ NUN~a _ 1(N01) _ |(GISZx(DIN.DIN))~a| _ 1(N01) _ GISZ _ GI _ BU~a _ 1(N01) _ BU~a _ ZATU633~b _ GI _ 1(N01) _ BU~a _ MES _ 1(N01) _ MES _ 1(N01) _ 1(N01) _ U2~b _ 1(N01) _ KISZIK~a _ U2~b _ AB~a _ 1(N01) _ GAL~a _ SZA _ 1(N01) _ SZU _ SZA _ 1(N01) _ LI _ 1(N01) _ GISZ _ 1(N01) _ U4 _ GISZ _ 1(N01) _ IN~b _ 1(N01) _ 1(N01) _ 1(N01) _ 1(N01) _ 1(N01) _ GESZTU~a _ 1(N01) _ 1(N01) _ 1(N01) _ 1(N01) _ 1(N34) _ 3(N14) _ NAMESZDA _ E2~b","N01 _ N01 _ N01 _ N01 _ N01 _ A _ N01 _ N01 _ N01 _ MA _ N01 _ HASZHUR _ N01 _ NUN~a _ N01 _ |(GISZx(DIN.DIN))~a| _ N01 _ GISZ _ GI _ BU~a _ N01 _ BU~a _ ZATU633~b _ GI _ N01 _ BU~a _ MES _ N01 _ MES _ N01 _ N01 _ U2~b _ N01 _ KISZIK~a _ U2~b _ AB~a _ N01 _ GAL~a _ SZA _ N01 _ SZU _ SZA _ N01 _ LI _ N01 _ GISZ _ N01 _ U4 _ GISZ _ N01 _ IN~b _ N01 _ N01 _ N01 _ N01 _ N01 _ GESZTU~a _ N01 _ N01 _ N01 _ N01 _ N34 _ N14 N14 N14 _ NAMESZDA _ E2~b"
"P000456","1(N01) _ 1(N01) _ 1(N01) _ |1(N57).SZUBUR| _ 1(N01) _ MAR~a@t _ SZUBUR _ 1(N01) _ SZUBUR _ 1(N01) _ 1(N01) _ SZUBUR _ ADAB _ 1(N01) _ SZUBUR _ 1(N01)","N01 _ N01 _ N01 _ |1(N57).SZUBUR| _ N01 _ MAR~a@t _ SZUBUR _ N01 _ SZUBUR _ N01 _ N01 _ SZUBUR _ ADAB _ N01 _ SZUBUR _ N01"
"P000457","1(N01) _ 1(N14) _ KAR2~b _ 1(N14) _ 1(N01) _ UDUNITA~a _ 1(N14)","N01 _ N14 _ KAR2~b _ N14 _ N01 _ UDUNITA~a _ N14"
"P000458","1(N01) _ AB2 _ 1(N01) _ AB2 _ 1(N01) _ AB2 _ 1(N01) _ 1(N01) _ NE~a _ 1(N01) _ U4","N01 _ AB2 _ N01 _ AB2 _ N01 _ AB2 _ N01 _ N01 _ NE~a _ N01 _ U4"
"P000459","1(N01) _ ME~a _ 1(N01) _ IB~a _ 1(N01) _ GAR _ 1(N01) _ GAL~a _ 1(N01)","N01 _ ME~a _ N01 _ IB~a _ N01 _ GAR _ N01 _ GAL~a _ N01"
"P000460","GIR2~a _ 1(N01) _ DIM~c _ 1(N01) _ AN _ DIM~c _ 1(N01) _ DIM~c _ SI _ SZIR~a _ SZITA~a1 _ 1(N01) _ AN _ DIM~c _ SI _ SZIR~a _ SZITA~a1 _ 1(N01) _ AGAR2","GIR2~a _ N01 _ DIM~c _ N01 _ AN _ DIM~c _ N01 _ DIM~c _ SI _ SZIR~a _ SZITA~a1 _ N01 _ AN _ DIM~c _ SI _ SZIR~a _ SZITA~a1 _ N01 _ AGAR2"
"P000461","1(N01) _ 1(N01) _ NAM2 _ APIN~a _ 1(N01) _ |SZE~a.NAM2| _ 1(N01) _ NAM2 _ 1(N01) _ AB~a _ 1(N01) _ GAL~a _ |1(N58).BAD~a| _ 1(N01) _ IB~a _ 1(N01) _ GAL~a _ SZITA~a1 _ 1(N01) _ ABGAL _ 1(N01) _ KINGAL _ 1(N01) _ GAL~a _ 1(N01) _ 1(N01) _ 1(N01) _ 1(N01) _ 1(N01) _ GAL~a _ 1(N01) _ GAL~a _ 1(N01) _ 1(N01) _ 1(N01) _ 1(N01) _ 1(N01) _ 1(N01) _ 1(N01) _ 1(N01)","N01 _ N01 _ NAM2 _ APIN~a _ N01 _ |SZE~a.NAM2| _ N01 _ NAM2 _ N01 _ AB~a _ N01 _ GAL~a _ |1(N58).BAD~a| _ N01 _ IB~a _ N01 _ GAL~a _ SZITA~a1 _ N01 _ ABGAL _ N01 _ KINGAL _ N01 _ GAL~a _ N01 _ N01 _ N01 _ N01 _ N01 _ GAL~a _ N01 _ GAL~a _ N01 _ N01 _ N01 _ N01 _ N01 _ N01 _ N01 _ N01"
"P000463","GA~a _ KISAL~b1 _ 1(N01) _ NIM~a _ 1(N01) _ UMUN2 _ 1(N01) _ UMUN2 _ 1(N01) _ 1(N01) _ UMUN2","GA~a _ KISAL~b1 _ N01 _ NIM~a _ N01 _ UMUN2 _ N01 _ UMUN2 _ N01 _ N01 _ UMUN2"
"P000464","GALGA~a _ GAR _ 1(N01) _ ME~a _ 1(N01) _ GAL~a _ 1(N01) _ KUR~a _ 1(N01) _ 1(N01)","GALGA~a _ GAR _ N01 _ ME~a _ N01 _ GAL~a _ N01 _ KUR~a _ N01 _ N01"
"P000465","1(N01) _ SZAKIR~c _ 1(N01) _ MUD3~a _ IR~a","N01 _ SZAKIR~c _ N01 _ MUD3~a _ IR~a"
"P000466","1(N01) _ 1(N01) _ AMAR _ BAR _ 1(N01) _ 1(N01) _ 1(N01) _ DARA4~c1","N01 _ N01 _ AMAR _ BAR _ N01 _ N01 _ N01 _ DARA4~c1"
"P000467","SUKKAL _ SUKKAL _ 1(N01) _ AB~a _ 1(N01) _ GAL~a _ 1(N01)","SUKKAL _ SUKKAL _ N01 _ AB~a _ N01 _ GAL~a _ N01"
"P000468","1(N01) _ SU~a _ NI~b _ 1(N01) _ SU~a _ NI~b _ 1(N01) _ GAN~a _ 1(N01) _ GAN~a _ 1(N01) _ 1(N01) _ 1(N01) _ |DUG~bx(ZATU789.SA~a)| _ 1(N01) _ |DUG~bx(TAK4~a.SA~a)|","N01 _ SU~a _ NI~b _ N01 _ SU~a _ NI~b _ N01 _ GAN~a _ N01 _ GAN~a _ N01 _ N01 _ N01 _ |DUG~bx(ZATU789.SA~a)| _ N01 _ |DUG~bx(TAK4~a.SA~a)|"
"P000469","NI~a _ 1(N01) _ 1(N01) _ 1(N01) _ |DUG~cx1(N57)| _ 1(N01)","NI~a _ N01 _ N01 _ N01 _ |DUG~cx1(N57)| _ N01"
"P000470","|ZATU737xDI| _ SANGA~a _ |ZATU737xU4| _ 1(N01) _ NUN~a _ BU3 _ 1(N01) _ KAR2~a _ ME~a _ 1(N01) _ NUN~a _ 1(N01) _ IB~a _ 1(N01) _ 1(N01)","|ZATU737xDI| _ SANGA~a _ |ZATU737xU4| _ N01 _ NUN~a _ BU3 _ N01 _ KAR2~a _ ME~a _ N01 _ NUN~a _ N01 _ IB~a _ N01 _ N01"
"P000471","NAM2 _ RAD~a _ 1(N01) _ AB~a _ ME~a _ 1(N01) _ GAL~a _ 1(N01) _ BU~a","NAM2 _ RAD~a _ N01 _ AB~a _ ME~a _ N01 _ GAL~a _ N01 _ BU~a"
"P000472","NAM2 _ KAB _ DI _ EN~a _ IB~a _ SZITA~a1 _ 1(N01) _ TUG2~a _ 1(N01)","NAM2 _ KAB _ DI _ EN~a _ IB~a _ SZITA~a1 _ N01 _ TUG2~a _ N01"
"P000473","1(N01) _ GAL~a _ 1(N01) _ GAL~a","N01 _ GAL~a _ N01 _ GAL~a"
"P000474","1(N01) _ 1(N01) _ 1(N01) _ UB _ SZA3~a1 _ 1(N01) _ GAR _ KI _ 1(N01) _ 1(N01) _ SAL _ ISZ~b _ 1(N01) _ SAG _ GAR _ 1(N01) _ GI _ 1(N01) _ A _ 1(N01) _ SAR~a _ 1(N01) _ 1(N01) _ 1(N01) _ AN _ KI~a _ 1(N01) _ SUM~b _ 1(N01)","N01 _ N01 _ N01 _ UB _ SZA3~a1 _ N01 _ GAR _ KI _ N01 _ N01 _ SAL _ ISZ~b _ N01 _ SAG _ GAR _ N01 _ GI _ N01 _ A _ N01 _ SAR~a _ N01 _ N01 _ N01 _ AN _ KI~a _ N01 _ SUM~b _ N01"
"P000475","1(N01) _ GU4 _ 1(N01)","N01 _ GU4 _ N01"
"P000476","AN _ SZITA~a1 _ 1(N01) _ 1(N01)","AN _ SZITA~a1 _ N01 _ N01"
"P000477","1(N01) _ DAR~c _ KU6~a _ 1(N01) _ MUN~a4 _ KU6~a _ 1(N01) _ KU6~a _ 1(N01) _ BU~a _ 1(N01) _ |GA2~a1xU4| _ 1(N01) _ |GA2~a1xPAP~a| _ 1(N01) _ |GA2~a1xA| _ 1(N01) _ |GA2~a1xKU6~a| _ 1(N01) _ 1(N01) _ 1(N01)","N01 _ DAR~c _ KU6~a _ N01 _ MUN~a4 _ KU6~a _ N01 _ KU6~a _ N01 _ BU~a _ N01 _ |GA2~a1xU4| _ N01 _ |GA2~a1xPAP~a| _ N01 _ |GA2~a1xA| _ N01 _ |GA2~a1xKU6~a| _ N01 _ N01 _ N01"
"P000478","1(N01) _ 1(N01) _ GAR _ 1(N14) _ DA~a _ 1(N14) _ 1(N14)","N01 _ N01 _ GAR _ N14 _ DA~a _ N14 _ N14"
"P000479","",""
"P000480","1(N01) _ 1(N01) _ 1(N01)","N01 _ N01 _ N01"
"P000481","1(N01) _ GAL~a _ 1(N01) _ GESZTU~b _ 1(N01) _ 1(N01) _ EN~a _ 1(N01) _ AMAR _ 1(N01) _ NAMESZDA _ 1(N01) _ 1(N01) _ 1(N01)","N01 _ GAL~a _ N01 _ GESZTU~b _ N01 _ N01 _ EN~a _ N01 _ AMAR _ N01 _ NAMESZDA _ N01 _ N01 _ N01"
"P000482","1(N01) _ 1(N01) _ 1(N01) _ AN _ 1(N01) _ 1(N01)","N01 _ N01 _ N01 _ AN _ N01 _ N01"
"P000483","AN _ MUSZ3~a _ |ZATU651xAN| _ UNUG~a _ 1(N01) _ AN _ MUSZ3~a _ KAR2~a _ GI6 _ UNUG~a _ 1(N01) _ 1(N01)","AN _ MUSZ3~a _ |ZATU651xAN| _ UNUG~a _ N01 _ AN _ MUSZ3~a _ KAR2~a _ GI6 _ UNUG~a _ N01 _ N01"
"P000484","1(N01) _ 1(N01) _ 1(N01) _ 1(N01) _ 1(N01) _ 1(N01) _ 1(N01) _ 1(N01) _ 1(N01) _ 1(N01)","N01 _ N01 _ N01 _ N01 _ N01 _ N01 _ N01 _ N01 _ N01 _ N01"
"P000485","1(N01) _ 1(N01)","N01 _ N01"
"P000486","1(N01) _ 1(N01)","N01 _ N01"
"P000487","U2~b _ DUG~c _ TAK4~a _ KASZ~c _ EN~a _ U4 _ EN~a _ ME~a _ ZATU686~a _ KID~a _ 3(N57) _ SU~a _ E2~a _ PIRIG~b1 _ EN~a _ AB~a","U2~b _ DUG~c _ TAK4~a _ KASZ~c _ EN~a _ U4 _ EN~a _ ME~a _ ZATU686~a _ KID~a _ N57 N57 N57 _ SU~a _ E2~a _ PIRIG~b1 _ EN~a _ AB~a"
"P000488","1(N01) _ 1(N01) _ SIG2~b _ 1(N01) _ SZU2 _ 1(N01) _ 1(N57) _ 1(N01) _ 1(N01) _ GADA~a","N01 _ N01 _ SIG2~b _ N01 _ SZU2 _ N01 _ N57 _ N01 _ N01 _ GADA~a"
"P000489","SANGA~a _ A _ UB _ 1(N01) _ SANGA~a _ 1(N01) _ SZE~a","SANGA~a _ A _ UB _ N01 _ SANGA~a _ N01 _ SZE~a"
"P000490","1(N01) _ NI~a _ 1(N01) _ 1(N01) _ 1(N01) _ 1(N01) _ NE~a _ IR~a _ 1(N01) _ 1(N01) _ SU~a _ NI~b","N01 _ NI~a _ N01 _ N01 _ N01 _ N01 _ NE~a _ IR~a _ N01 _ N01 _ SU~a _ NI~b"
"P000491","GESZTU~b _ 1(N01) _ UKKIN~a _ NIR~a _ GA'AR~a1 _ 1(N01) _ 1(N01)","GESZTU~b _ N01 _ UKKIN~a _ NIR~a _ GA'AR~a1 _ N01 _ N01"
"P000492","DI _ 1(N01) _ U2~b _ SAG _ 1(N01) _ GISZ3~b _ 1(N01) _ 1(N01)","DI _ N01 _ U2~b _ SAG _ N01 _ GISZ3~b _ N01 _ N01"
"P000496","1(N01) _ SU~a _ NI~b _ 1(N01) _ 1(N01) _ 1(N01) _ 1(N01) _ 1(N01) _ 1(N01) _ 1(N01) _ 1(N01) _ 1(N01) _ IN~b _ HI _ 1(N01) _ HI _ 1(N01) _ 1(N01) _ KIN2~d _ 1(N01) _ |SZE~a.KIN2~c| _ 1(N01)","N01 _ SU~a _ NI~b _ N01 _ N01 _ N01 _ N01 _ N01 _ N01 _ N01 _ N01 _ N01 _ IN~b _ HI _ N01 _ HI _ N01 _ N01 _ KIN2~d _ N01 _ |SZE~a.KIN2~c| _ N01"
"P000497","|DUG~bx1(N57)| _ 1(N01) _ 1(N01) _ 1(N01) _ 1(N01) _ 1(N01) _ 1(N01) _ 1(N01) _ 1(N01) _ 1(N01)","|DUG~bx1(N57)| _ N01 _ N01 _ N01 _ N01 _ N01 _ N01 _ N01 _ N01 _ N01"
"P000498","DUB~a _ SANGA~a _ 1(N01) _ SUHUR","DUB~a _ SANGA~a _ N01 _ SUHUR"
"P000499","1(N01) _ PA~a _ 1(N01) _ NAM2 _ GIR3~c _ 1(N01) _ UB _ 1(N01) _ ZATU725","N01 _ PA~a _ N01 _ NAM2 _ GIR3~c _ N01 _ UB _ N01 _ ZATU725"
"P000500","1(N01) _ GISZ _ 1(N01) _ 1(N01) _ 1(N01) _ DUR2 _ GISZ _ NUNUZ~a1 _ GISZ _ DIN _ 1(N01) _ 1(N01) _ 1(N01) _ 3(N57) _ GISZ _ 1(N01) _ 3(N57) _ GISZ _ 1(N01) _ GISZ _ ANSZE~b _ 1(N01)","N01 _ GISZ _ N01 _ N01 _ N01 _ DUR2 _ GISZ _ NUNUZ~a1 _ GISZ _ DIN _ N01 _ N01 _ N01 _ N57 N57 N57 _ GISZ _ N01 _ N57 N57 N57 _ GISZ _ N01 _ GISZ _ ANSZE~b _ N01"
"P000501","1(N01) _ DUG~b _ 1(N01) _ DUG~c","N01 _ DUG~b _ N01 _ DUG~c"
"P000502","1(N01) _ 1(N01) _ GAL~a","N01 _ N01 _ GAL~a"
"P000503","",""
"P000504","1(N01) _ 1(N01) _ 1(N01) _ 1(N01) _ SZAKIR~b _ SIG2~a3 _ GIR2~a _ 1(N01) _ 1(N01) _ 1(N01)","N01 _ N01 _ N01 _ N01 _ SZAKIR~b _ SIG2~a3 _ GIR2~a _ N01 _ N01 _ N01"
"P000506","1(N01) _ |DUG~bxGISZ| _ 1(N01) _ 1(N01) _ 1(N01) _ GI _ U2~a _ NI~b _ 1(N01)","N01 _ |DUG~bxGISZ| _ N01 _ N01 _ N01 _ GI _ U2~a _ NI~b _ N01"
"P000507","1(N01) _ 1(N01) _ NAM2 _ 1(N01) _ URU~a1 _ 1(N01) _ 1(N01) _ 1(N01) _ 1(N01) _ GAL~a _ 1(N01) _ 1(N01) _ 1(N01) _ HAL _ PAP~a","N01 _ N01 _ NAM2 _ N01 _ URU~a1 _ N01 _ N01 _ N01 _ N01 _ GAL~a _ N01 _ N01 _ N01 _ HAL _ PAP~a"
"P000508","1(N01) _ URI5 _ 1(N01) _ EN~a _ 1(N01) _ 1(N01)","N01 _ URI5 _ N01 _ EN~a _ N01 _ N01"
"P000509","1(N01) _ SZU2 _ 1(N01) _ SZU2 _ 1(N14) _ 1(N01)","N01 _ SZU2 _ N01 _ SZU2 _ N14 _ N01"
"P000510","1(N01) _ 1(N01) _ GA~a _ GAL~a _ 1(N01) _ GAL~a _ ERIN _ 1(N01) _ GAL~a _ 1(N01) _ PA~a _ GAL~a _ 1(N01) _ 1(N01) _ PA~a _ SU~a _ 1(N01)","N01 _ N01 _ GA~a _ GAL~a _ N01 _ GAL~a _ ERIN _ N01 _ GAL~a _ N01 _ PA~a _ GAL~a _ N01 _ N01 _ PA~a _ SU~a _ N01"
"P000511","GAZI _ 1(N14) _ DA~a _ KISZ _ 1(N14) _ GA~b _ 1(N14) _ GARA2~a _ 1(N14) _ 1(N45) _ 1(N01) _ 1(N01) _ 1(N01) _ 1(N01)","GAZI _ N14 _ DA~a _ KISZ _ N14 _ GA~b _ N14 _ GARA2~a _ N14 _ N45 _ N01 _ N01 _ N01 _ N01"
"P000512","1(N01) _ 1(N01) _ U4","N01 _ N01 _ U4"
"P000513","1(N01)","N01"
"P000514","NI~b _ 1(N01) _ |DUG~bx(SA~a.GI)| _ 1(N01) _ |DUG~bxNAGA~a| _ 1(N01) _ 1(N01) _ |DUG~bxMASZ| _ 1(N01) _ |DUG~bxSI4~a| _ 1(N01) _ 1(N01) _ 1(N01) _ 2(N01) _ PAP~a","NI~b _ N01 _ |DUG~bx(SA~a.GI)| _ N01 _ |DUG~bxNAGA~a| _ N01 _ N01 _ |DUG~bxMASZ| _ N01 _ |DUG~bxSI4~a| _ N01 _ N01 _ N01 _ N01 N01 _ PAP~a"
"P000515","1(N01) _ 1(N01) _ AN _ EDIN _ 1(N01) _ ZATU777 _ 1(N01) _ ZATU777 _ KI","N01 _ N01 _ AN _ EDIN _ N01 _ ZATU777 _ N01 _ ZATU777 _ KI"
"P000516","1(N01) _ 1(N01) _ 1(N01) _ MUSZ3~a _ TE _ 1(N01) _ 1(N01) _ DILMUN _ 1(N01) _ 1(N01)","N01 _ N01 _ N01 _ MUSZ3~a _ TE _ N01 _ N01 _ DILMUN _ N01 _ N01"
"P000517","1(N01) _ 1(N01) _ 1(N01) _ ISZ~b _ 1(N01) _ NAR _ 1(N01) _ 1(N01) _ 1(N34) _ 1(N01) _ 1(N01) _ 1(N01) _ 1(N45) _ 1(N34) _ 1(N14)","N01 _ N01 _ N01 _ ISZ~b _ N01 _ NAR _ N01 _ N01 _ N34 _ N01 _ N01 _ N01 _ N45 _ N34 _ N14"
"P000518","MASZ _ 1(N01) _ 1(N14) _ U8 _ 1(N01) _ UTUA~b _ 1(N14) _ UD5~a _ 1(N01) _ MASZ2 _ 1(N34) _ 1(N14) _ 1(N01) _ BALA~a _ MUSZEN _ 1(N01) _ 1(N01) _ 1(N01) _ 1(N01) _ ZATU718 _ E2~a _ 1(N01) _ SZE3 _ 1(N01) _ SZE3 _ ZI~a _ 1(N01) _ 1(N01) _ 1(N01) _ SAL _ 1(N01) _ EN~a _ 1(N01)","MASZ _ N01 _ N14 _ U8 _ N01 _ UTUA~b _ N14 _ UD5~a _ N01 _ MASZ2 _ N34 _ N14 _ N01 _ BALA~a _ MUSZEN _ N01 _ N01 _ N01 _ N01 _ ZATU718 _ E2~a _ N01 _ SZE3 _ N01 _ SZE3 _ ZI~a _ N01 _ N01 _ N01 _ SAL _ N01 _ EN~a _ N01"
"P000519","1(N01) _ ZATU732 _ 1(N01) _ SZAKIR~b _ 1(N01) _ 1(N01) _ GIR2~a _ 1(N01) _ AN _ GIR2~a _ 1(N01) _ DILMUN _ TUN3~a _ 1(N01) _ NAGAR~b _ 1(N01) _ AN _ NAGAR~b _ 1(N01) _ NAGAR~b _ SZITA~a1 _ SZITA~a1 _ ME~a _ ME~a _ 1(N01) _ AN _ NAGAR~b _ PU2 _ 1(N01) _ 1(N01) _ AN _ 1(N01) _ 1(N01) _ 1(N01) _ 1(N01) _ AN _ 1(N01) _ 1(N01)","N01 _ ZATU732 _ N01 _ SZAKIR~b _ N01 _ N01 _ GIR2~a _ N01 _ AN _ GIR2~a _ N01 _ DILMUN _ TUN3~a _ N01 _ NAGAR~b _ N01 _ AN _ NAGAR~b _ N01 _ NAGAR~b _ SZITA~a1 _ SZITA~a1 _ ME~a _ ME~a _ N01 _ AN _ NAGAR~b _ PU2 _ N01 _ N01 _ AN _ N01 _ N01 _ N01 _ N01 _ AN _ N01 _ N01"
"P000520","1(N01) _ GISZ _ LAM~a _ 1(N01) _ GISZ _ KUR@g~a _ 1(N01) _ GISZ _ DUR2 _ NUNUZ~b1 _ 1(N01) _ GISZ _ GI6 _ 1(N01) _ LAGAB~a _ SAR~a _ 1(N01) _ GISZ _ DIN _ 1(N01) _ GISZ _ MA _ 1(N01) _ GISZ _ HASZHUR _ 1(N01) _ GISZ _ 1(N01) _ GISZ _ GESZTIN~a _ 1(N01) _ 1(N01) _ 1(N01) _ GISZ _ GAL~a _ 1(N01) _ GISZ _ 1(N01) _ GISZ _ 1(N01) _ GISZ _ 1(N01) _ GISZ _ 1(N01)","N01 _ GISZ _ LAM~a _ N01 _ GISZ _ KUR@g~a _ N01 _ GISZ _ DUR2 _ NUNUZ~b1 _ N01 _ GISZ _ GI6 _ N01 _ LAGAB~a _ SAR~a _ N01 _ GISZ _ DIN _ N01 _ GISZ _ MA _ N01 _ GISZ _ HASZHUR _ N01 _ GISZ _ N01 _ GISZ _ GESZTIN~a _ N01 _ N01 _ N01 _ GISZ _ GAL~a _ N01 _ GISZ _ N01 _ GISZ _ N01 _ GISZ _ N01 _ GISZ _ N01"
"P000521","1(N01) _ SZAKIR~b _ 1(N01) _ SIG2~c2 _ 1(N01) _ GIR2~a _ 1(N01) _ 1(N01) _ 1(N01) _ 1(N01) _ 1(N34) _ 1(N14) _ 2(N57)","N01 _ SZAKIR~b _ N01 _ SIG2~c2 _ N01 _ GIR2~a _ N01 _ N01 _ N01 _ N01 _ N34 _ N14 _ N57 N57"
"P000522","1(N01) _ 1(N01) _ APIN~a _ 1(N01) _ 1(N01) _ 1(N01) _ SIG2~b _ 1(N01) _ 1(N01) _ 1(N01) _ 1(N01) _ 1(N01) _ 1(N01) _ 1(N01) _ 1(N01) _ 1(N01) _ 1(N01) _ 1(N01) _ 1(N01) _ 1(N01) _ |ZATU737xX| _ 1(N01) _ |ZATU737xX| _ 1(N01) _ |ZATU737xX| _ 1(N01) _ 1(N01) _ LAGAR~a _ 1(N01) _ MUSZ3~a _ 1(N01) _ NUN~a _ 1(N01) _ SANGA~a _ ME~a _ 1(N01) _ 1(N01) _ 1(N01)","N01 _ N01 _ APIN~a _ N01 _ N01 _ N01 _ SIG2~b _ N01 _ N01 _ N01 _ N01 _ N01 _ N01 _ N01 _ N01 _ N01 _ N01 _ N01 _ N01 _ N01 _ |ZATU737xX| _ N01 _ |ZATU737xX| _ N01 _ |ZATU737xX| _ N01 _ N01 _ LAGAR~a _ N01 _ MUSZ3~a _ N01 _ NUN~a _ N01 _ SANGA~a _ ME~a _ N01 _ N01 _ N01"
"P000523","1(N01) _ ZATU707~a _ 1(N01) _ SAG@n _ 1(N01) _ EDIN _ 1(N01) _ GIR2~a _ 1(N01) _ AN","N01 _ ZATU707~a _ N01 _ SAG@n _ N01 _ EDIN _ N01 _ GIR2~a _ N01 _ AN"
"P000524","3(N01) _ KUR~a _ 1(N01) _ 1(N16) _ 1(N01) _ 1(N17) _ U4 _ GAR _ 1(N01) _ BU~a _ 1(N01) _ U4 _ 1(N01) _ GAL~a _ GAR _ 1(N01) _ GAL~a _ 1(N01) _ GUG2 _ 1(N01) _ GUG2 _ GUG2 _ 1(N01) _ SZITA~b3 _ |LAGAB~axSZA| _ 1(N01) _ |LAGAB~axSZITA~a1| _ |LAGAB~axSZA| _ 1(N01) _ 1(N01) _ DARA3~d _ 1(N01)","N01 N01 N01 _ KUR~a _ N01 _ N16 _ N01 _ N17 _ U4 _ GAR _ N01 _ BU~a _ N01 _ U4 _ N01 _ GAL~a _ GAR _ N01 _ GAL~a _ N01 _ GUG2 _ N01 _ GUG2 _ GUG2 _ N01 _ SZITA~b3 _ |LAGAB~axSZA| _ N01 _ |LAGAB~axSZITA~a1| _ |LAGAB~axSZA| _ N01 _ N01 _ DARA3~d _ N01"
"P000525","1(N01) _ 1(N01) _ 1(N01) _ 1(N01) _ 1(N01) _ 1(N01) _ 1(N01) _ 1(N01)","N01 _ N01 _ N01 _ N01 _ N01 _ N01 _ N01 _ N01"
"P000526","1(N01) _ 1(N01) _ GA~b _ TUN3~a _ 1(N01) _ DA~a _ MA _ 1(N01) _ ZATU621~a","N01 _ N01 _ GA~b _ TUN3~a _ N01 _ DA~a _ MA _ N01 _ ZATU621~a"
"P000527","1(N01) _ 1(N01)","N01 _ N01"
"P000528","1(N01) _ 10(N58) _ NI~b _ 1(N01) _ IR~a _ 1(N01) _ NE~a _ IR~a _ 1(N01) _ DIN _ IR~a _ NI~b _ 1(N01) _ 1(N01) _ GAN~a _ 1(N01) _ E2~a _ 1(N01) _ 1(N01) _ 1(N01) _ 1(N01) _ 1(N01) _ |DUG~bxSA~a| _ 1(N01) _ |DUG~bxSIG7| _ 1(N01) _ |DUG~bxZATU764| _ 1(N01) _ 1(N01) _ |DUG~bxMASZ| _ 1(N01) _ 1(N01) _ |DUG~bxGA~b| _ 1(N01) _ 1(N01) _ 1(N01) _ GI _ GAN~b _ 1(N01) _ 1(N01)","N01 _ N58 N58 N58 N58 N58 N58 N58 N58 N58 N58 _ NI~b _ N01 _ IR~a _ N01 _ NE~a _ IR~a _ N01 _ DIN _ IR~a _ NI~b _ N01 _ N01 _ GAN~a _ N01 _ E2~a _ N01 _ N01 _ N01 _ N01 _ N01 _ |DUG~bxSA~a| _ N01 _ |DUG~bxSIG7| _ N01 _ |DUG~bxZATU764| _ N01 _ N01 _ |DUG~bxMASZ| _ N01 _ N01 _ |DUG~bxGA~b| _ N01 _ N01 _ N01 _ GI _ GAN~b _ N01 _ N01"
"P000529","1(N01)","N01"
"P000533","IR~a _ E2~a _ ERIM2 _ PAP~a _ |GA2~bxDUB~a| _ NUN~a _ 1(N01) _ E2~a _ 1(N01) _ GISZIMMAR~a2 _ 1(N01) _ 1(N01) _ SIG7 _ NIMGIR _ 1(N01) _ BA _ U2~b _ NAGA~a _ MUSZEN _ 1(N01) _ 1(N01) _ 1(N01) _ 1(N01) _ AB~a _ TE _ 1(N01) _ BAR _ 1(N57) _ AB~a _ 1(N01) _ DUR2 _ 1(N01) _ BAHAR2~b _ NUNUZ~a1 _ 1(N01)","IR~a _ E2~a _ ERIM2 _ PAP~a _ |GA2~bxDUB~a| _ NUN~a _ N01 _ E2~a _ N01 _ GISZIMMAR~a2 _ N01 _ N01 _ SIG7 _ NIMGIR _ N01 _ BA _ U2~b _ NAGA~a _ MUSZEN _ N01 _ N01 _ N01 _ N01 _ AB~a _ TE _ N01 _ BAR _ N57 _ AB~a _ N01 _ DUR2 _ N01 _ BAHAR2~b _ NUNUZ~a1 _ N01"
"P000534","NANSZE~b _ USZUR3~b1 _ 1(N01) _ 1(N01) _ U4 _ UR2 _ 1(N01) _ TIDNUM _ 1(N01) _ 1(N01) _ 1(N01) _ 1(N01) _ |E2~bx1(N57)@t| _ 1(N01) _ 1(N01) _ 1(N01) _ 1(N01) _ DU6~a _ 1(N01) _ GI _ TAK4~a _ 1(N01) _ KI _ 1(N01) _ 1(N01) _ 1(N01) _ E2~a _ BAHAR2~b _ 1(N01) _ TILLA2","NANSZE~b _ USZUR3~b1 _ N01 _ N01 _ U4 _ UR2 _ N01 _ TIDNUM _ N01 _ N01 _ N01 _ N01 _ |E2~bx1(N57)@t| _ N01 _ N01 _ N01 _ N01 _ DU6~a _ N01 _ GI _ TAK4~a _ N01 _ KI _ N01 _ N01 _ N01 _ E2~a _ BAHAR2~b _ N01 _ TILLA2"
"P000538","1(N01) _ NAGAR~b _ TAK4~a _ AN _ 1(N01) _ NAGAR~b _ 1(N01) _ NAGAR~b _ 1(N01) _ NU _ AN _ 1(N01)","N01 _ NAGAR~b _ TAK4~a _ AN _ N01 _ NAGAR~b _ N01 _ NAGAR~b _ N01 _ NU _ AN _ N01"
"P000539","1(N01) _ 1(N01) _ KAK~a _ KAK~a _ 1(N01) _ 1(N01) _ KU~b2 _ 1(N01)","N01 _ N01 _ KAK~a _ KAK~a _ N01 _ N01 _ KU~b2 _ N01"
"P000540","1(N01) _ 1(N01) _ 1(N01) _ 1(N01) _ 1(N01) _ 1(N01) _ 1(N01) _ 1(N01) _ 1(N01) _ 1(N01) _ 1(N01) _ 1(N01)","N01 _ N01 _ N01 _ N01 _ N01 _ N01 _ N01 _ N01 _ N01 _ N01 _ N01 _ N01"
"P000542","GAL~a _ 1(N01) _ SIG2~b _ GA~a _ 1(N01)","GAL~a _ N01 _ SIG2~b _ GA~a _ N01"
"P000543","1(N01) _ 1(N01) _ AB2 _ 1(N01) _ AB2 _ 1(N01) _ AB2 _ 1(N01) _ 1(N01) _ SIG7 _ SIG2~a2 _ 1(N01) _ SIG7 _ SIG2~a2 _ GI6 _ 1(N01) _ SZAH2~a _ 1(N01) _ 3(N57)","N01 _ N01 _ AB2 _ N01 _ AB2 _ N01 _ AB2 _ N01 _ N01 _ SIG7 _ SIG2~a2 _ N01 _ SIG7 _ SIG2~a2 _ GI6 _ N01 _ SZAH2~a _ N01 _ N57 N57 N57"
"P000544","AN _ SZITA~b1 _ 1(N01) _ 1(N01)","AN _ SZITA~b1 _ N01 _ N01"
"P000545","1(N01) _ 1(N01)","N01 _ N01"
"P000546","1(N01) _ 1(N01) _ GIR2~a","N01 _ N01 _ GIR2~a"
"P000547","1(N01) _ 1(N01) _ 1(N01) _ 1(N01)","N01 _ N01 _ N01 _ N01"
"P000548","RU _ A _ 1(N01)","RU _ A _ N01"
"P000549","1(N01) _ 1(N01) _ 1(N01) _ 1(N01) _ 1(N01) _ 1(N01) _ 1(N01) _ 1(N01) _ 1(N01) _ 1(N01) _ 1(N01) _ EN~a _ 1(N01) _ 1(N01)","N01 _ N01 _ N01 _ N01 _ N01 _ N01 _ N01 _ N01 _ N01 _ N01 _ N01 _ EN~a _ N01 _ N01"
"P000550","1(N01) _ 1(N01) _ 1(N01) _ 1(N14) _ 1(N14) _ GARA2~a _ 1(N14) _ AB2 _ 1(N01) _ GU4 _ U8 _ 1(N01) _ 1(N45) _ 1(N45) _ KI _ 1(N01) _ 1(N01)","N01 _ N01 _ N01 _ N14 _ N14 _ GARA2~a _ N14 _ AB2 _ N01 _ GU4 _ U8 _ N01 _ N45 _ N45 _ KI _ N01 _ N01"
"P000551","1(N01) _ 1(N01) _ ISZ~b _ 1(N01) _ NAR _ 1(N01) _ 1(N01) _ 4(N01) _ 1(N14)","N01 _ N01 _ ISZ~b _ N01 _ NAR _ N01 _ N01 _ N01 N01 N01 N01 _ N14"
"P000552","3(N01) _ SU~a _ SAL","N01 N01 N01 _ SU~a _ SAL"
"P000553","1(N01) _ NAGA~a _ DU _ PAP~a","N01 _ NAGA~a _ DU _ PAP~a"
"P000554","1(N01) _ 1(N01) _ 1(N01) _ SUHUR _ 1(N01) _ APIN~a _ 1(N01) _ 1(N01) _ 1(N01) _ 1(N01) _ GAL~a _ 1(N01) _ NESAG2~a _ 1(N01) _ BARA3 _ 1(N01) _ DILMUN _ ZAG~a _ 1(N01) _ 1(N01) _ KUR~a","N01 _ N01 _ N01 _ SUHUR _ N01 _ APIN~a _ N01 _ N01 _ N01 _ N01 _ GAL~a _ N01 _ NESAG2~a _ N01 _ BARA3 _ N01 _ DILMUN _ ZAG~a _ N01 _ N01 _ KUR~a"
"P000555","1(N34)","N34"
"P000556","AN _ 1(N01)","AN _ N01"
"P000557","1(N01) _ 1(N01) _ 1(N01) _ MAR~a _ 1(N01)","N01 _ N01 _ N01 _ MAR~a _ N01"
"P000558","1(N01) _ NAGAR~b _ 1(N01) _ NAGAR~b _ AN _ AN","N01 _ NAGAR~b _ N01 _ NAGAR~b _ AN _ AN"
"P000560","SZA _ |ZATU737xSAL|","SZA _ |ZATU737xSAL|"
"P000561","1(N01) _ AMAR _ 1(N14) _ SUHUR _ KAR2~b","N01 _ AMAR _ N14 _ SUHUR _ KAR2~b"
"P000562","",""
"P000563","ISZ~a _ 1(N01)","ISZ~a _ N01"
"P000564","",""
"P000565","KU6~a _ DUR2 _ KID~a _ 1(N01)","KU6~a _ DUR2 _ KID~a _ N01"
"P000566","1(N01) _ 1(N01) _ 1(N01) _ 1(N01) _ 1(N01) _ 1(N01) _ 1(N01) _ 1(N01) _ 1(N01) _ 1(N01) _ 1(N01) _ 1(N01) _ 1(N01) _ 1(N01) _ 1(N01) _ 1(N01) _ 1(N01) _ 1(N01) _ 1(N01) _ 1(N01) _ 1(N01) _ 1(N01) _ 1(N01) _ 1(N01) _ 1(N01) _ 1(N01) _ 1(N01) _ 1(N01) _ 1(N01) _ 1(N01) _ 1(N01) _ 1(N01) _ 1(N01) _ 1(N01) _ 1(N01) _ 1(N01) _ 1(N01) _ 1(N01) _ 1(N01) _ 1(N01) _ 1(N01) _ 1(N01) _ 1(N01) _ 1(N01) _ 1(N01) _ 1(N01) _ 1(N01) _ 1(N01) _ 1(N01) _ 1(N01) _ 1(N01) _ 1(N01) _ 1(N01) _ 1(N01) _ 1(N01) _ 1(N01) _ 1(N01) _ 1(N01) _ 1(N01)","N01 _ N01 _ N01 _ N01 _ N01 _ N01 _ N01 _ N01 _ N01 _ N01 _ N01 _ N01 _ N01 _ N01 _ N01 _ N01 _ N01 _ N01 _ N01 _ N01 _ N01 _ N01 _ N01 _ N01 _ N01 _ N01 _ N01 _ N01 _ N01 _ N01 _ N01 _ N01 _ N01 _ N01 _ N01 _ N01 _ N01 _ N01 _ N01 _ N01 _ N01 _ N01 _ N01 _ N01 _ N01 _ N01 _ N01 _ N01 _ N01 _ N01 _ N01 _ N01 _ N01 _ N01 _ N01 _ N01 _ N01 _ N01 _ N01"
"P000567","SZE3 _ UDU~a","SZE3 _ UDU~a"
"P000568","1(N01) _ SI _ MUSZEN _ 1(N01) _ GISZ3~b _ MUSZEN _ 1(N01)","N01 _ SI _ MUSZEN _ N01 _ GISZ3~b _ MUSZEN _ N01"
"P000569","SAL _ GAR","SAL _ GAR"
"P000570","NAGA~a _ E2~a","NAGA~a _ E2~a"
"P000571","1(N01) _ NAM2","N01 _ NAM2"
"P000572","1(N01) _ NAM2 _ NAM2 _ 1(N01) _ URU~a1 _ 1(N01) _ NAM2 _ SZITA~a1 _ 1(N34)","N01 _ NAM2 _ NAM2 _ N01 _ URU~a1 _ N01 _ NAM2 _ SZITA~a1 _ N34"
"P000573","1(N01) _ 1(N01) _ NI~b _ 1(N01) _ HI _ NI~b _ 1(N01) _ |NI~bx4(N57)| _ 1(N01) _ 1(N01)","N01 _ N01 _ NI~b _ N01 _ HI _ NI~b _ N01 _ |NI~bx4(N57)| _ N01 _ N01"
"P000575","ISZ~b _ 1(N01) _ TUR _ 1(N01) _ 1(N01)","ISZ~b _ N01 _ TUR _ N01 _ N01"
"P000576","SZITA~a1 _ ABGAL _ GAL~a _ GAL~a","SZITA~a1 _ ABGAL _ GAL~a _ GAL~a"
"P000577","1(N01) _ SZA _ MUSZEN _ 1(N01) _ ZI~a _ BA _ MUSZEN _ 1(N01) _ DU _ IR~a _ MUSZEN _ 1(N01) _ UR5~b _ 1(N01) _ NAGA~a _ U2~b _ MUSZEN _ 1(N01) _ NAGA~a _ U2~b _ MUSZEN","N01 _ SZA _ MUSZEN _ N01 _ ZI~a _ BA _ MUSZEN _ N01 _ DU _ IR~a _ MUSZEN _ N01 _ UR5~b _ N01 _ NAGA~a _ U2~b _ MUSZEN _ N01 _ NAGA~a _ U2~b _ MUSZEN"
"P000578","SZE~a@t _ A _ 1(N01) _ 1(N01)","SZE~a@t _ A _ N01 _ N01"
"P000579","GA~b _ NAR _ 1(N01) _ UB _ 1(N01) _ GAR _ 5(N01) _ 5(N01)","GA~b _ NAR _ N01 _ UB _ N01 _ GAR _ N01 N01 N01 N01 N01 _ N01 N01 N01 N01 N01"
"P000580","1(N01) _ 1(N01) _ 1(N01) _ GISZIMMAR~b1 _ ME~a","N01 _ N01 _ N01 _ GISZIMMAR~b1 _ ME~a"
"P000581","MES _ 1(N01)","MES _ N01"
"P000582","1(N01) _ GAL~a _ IM~a _ 1(N01) _ TUR _ IM~a _ 1(N01) _ 1(N01) _ 1(N01) _ 1(N01)","N01 _ GAL~a _ IM~a _ N01 _ TUR _ IM~a _ N01 _ N01 _ N01 _ N01"
"P000583","1(N01) _ NI~b _ NI~b _ 1(N01) _ 1(N01) _ KASZ~b _ 1(N01)","N01 _ NI~b _ NI~b _ N01 _ N01 _ KASZ~b _ N01"
"P000584","1(N01) _ SZE3@t _ GA'AR~a1","N01 _ SZE3@t _ GA'AR~a1"
"P000585","MA _ 1(N01) _ 1(N01) _ 1(N01) _ 1(N01) _ GISZ _ 1(N01) _ 1(N01) _ |SILA3~axNAGA~a| _ 1(N01) _ 1(N01) _ SZE~a _ 1(N01) _ KUSZU2~b _ 1(N01) _ 1(N01) _ 1(N01)","MA _ N01 _ N01 _ N01 _ N01 _ GISZ _ N01 _ N01 _ |SILA3~axNAGA~a| _ N01 _ N01 _ SZE~a _ N01 _ KUSZU2~b _ N01 _ N01 _ N01"
"P000586","1(N01) _ 1(N01) _ E2~b _ 1(N01) _ 1(N01) _ PAP~a _ |SILA3~bxNI~b| _ 1(N01) _ 1(N01) _ 1(N01) _ 1(N01) _ AN _ NU11","N01 _ N01 _ E2~b _ N01 _ N01 _ PAP~a _ |SILA3~bxNI~b| _ N01 _ N01 _ N01 _ N01 _ AN _ NU11"
"P000587","SAG _ 1(N01) _ KU3~a _ 1(N01) _ SZEN~c","SAG _ N01 _ KU3~a _ N01 _ SZEN~c"
"P000588","1(N01) _ 1(N01) _ 1(N01)","N01 _ N01 _ N01"
"P000589","DI _ NAM2 _ NAM2 _ 1(N01) _ NAM2 _ URU~a1 _ 1(N01) _ NAM2 _ ERIN _ 1(N01) _ GAL~a _ SZUBUR _ 1(N01) _ EN~a _ IB~a _ 1(N01) _ GAL~a _ SZITA~a1 _ 1(N01) _ 1(N01) _ 1(N01) _ GAL~a _ TE _ 1(N01) _ 1(N01) _ 1(N01) _ GAL~a _ GA~a _ 1(N01) _ SIG2~a1 _ GA~a _ 1(N01) _ GAL~a _ 1(N01) _ GAL~a _ 1(N01) _ GAL~a _ SILA4~a _ 1(N01) _ 1(N01) _ 1(N01) _ 1(N01) _ 1(N01) _ 1(N01) _ UMUN2 _ SANGA~a _ 1(N01) _ UMUN2 _ KU3~a _ 1(N01) _ GAL~a _ 1(N01) _ 1(N01) _ 1(N01) _ SZA _ 1(N01) _ ERIN _ 1(N01) _ GURUSZ~a _ 1(N01) _ GAL~a _ 1(N01) _ 1(N01) _ GAL~a _ 1(N01) _ 1(N01) _ 1(N01) _ UB _ SAG _ 1(N01) _ ZATU725 _ 1(N01)","DI _ NAM2 _ NAM2 _ N01 _ NAM2 _ URU~a1 _ N01 _ NAM2 _ ERIN _ N01 _ GAL~a _ SZUBUR _ N01 _ EN~a _ IB~a _ N01 _ GAL~a _ SZITA~a1 _ N01 _ N01 _ N01 _ GAL~a _ TE _ N01 _ N01 _ N01 _ GAL~a _ GA~a _ N01 _ SIG2~a1 _ GA~a _ N01 _ GAL~a _ N01 _ GAL~a _ N01 _ GAL~a _ SILA4~a _ N01 _ N01 _ N01 _ N01 _ N01 _ N01 _ UMUN2 _ SANGA~a _ N01 _ UMUN2 _ KU3~a _ N01 _ GAL~a _ N01 _ N01 _ N01 _ SZA _ N01 _ ERIN _ N01 _ GURUSZ~a _ N01 _ GAL~a _ N01 _ N01 _ GAL~a _ N01 _ N01 _ N01 _ UB _ SAG _ N01 _ ZATU725 _ N01"
"P000590","1(N01) _ |(GISZx(DIN.DIN))~c| _ TUM~a _ GISZ _ KUR~c _ 1(N01) _ NUN~b _ A _ 1(N01) _ GESZTIN~a _ 1(N01) _ TAK4~a _ |GIR~b.GIR~b| _ 1(N01) _ 1(N01) _ 1(N01) _ 1(N01) _ AK~a","N01 _ |(GISZx(DIN.DIN))~c| _ TUM~a _ GISZ _ KUR~c _ N01 _ NUN~b _ A _ N01 _ GESZTIN~a _ N01 _ TAK4~a _ |GIR~b.GIR~b| _ N01 _ N01 _ N01 _ N01 _ AK~a"
"P000591","IR~a _ 1(N01) _ 1(N01) _ 1(N01) _ 1(N01) _ 1(N01) _ 1(N01) _ 1(N01) _ |DUG~bx(SA~a.GI)| _ 1(N01) _ |DUG~bxNAGA~a| _ 1(N01) _ 1(N01) _ 1(N01) _ 1(N01) _ 1(N01) _ 1(N01) _ |DUG~bxTI| _ 1(N01) _ |DUG~bxMASZ| _ 1(N01) _ 1(N01)","IR~a _ N01 _ N01 _ N01 _ N01 _ N01 _ N01 _ N01 _ |DUG~bx(SA~a.GI)| _ N01 _ |DUG~bxNAGA~a| _ N01 _ N01 _ N01 _ N01 _ N01 _ N01 _ |DUG~bxTI| _ N01 _ |DUG~bxMASZ| _ N01 _ N01"
"P000593","1(N01) _ GA2~a1 _ 1(N01)","N01 _ GA2~a1 _ N01"
"P000594","1(N01) _ 1(N01) _ 1(N01)","N01 _ N01 _ N01"
"P000595","1(N01) _ |DUG~bxMASZ| _ 1(N01) _ 1(N01) _ 1(N01) _ 1(N01) _ 1(N01) _ |DUG~bxANSZE~b| _ 1(N01) _ |DUG~bxHI| _ 1(N01) _ |DUG~bxDIN| _ 1(N01) _ |DUG~bxDIN| _ 1(N01) _ |DUG~bxDIN| _ 1(N01) _ 1(N01) _ 1(N01) _ U2~a _ PU2 _ 1(N01) _ U2~a _ PU2 _ 1(N01) _ 1(N01) _ 1(N01) _ 1(N01)","N01 _ |DUG~bxMASZ| _ N01 _ N01 _ N01 _ N01 _ N01 _ |DUG~bxANSZE~b| _ N01 _ |DUG~bxHI| _ N01 _ |DUG~bxDIN| _ N01 _ |DUG~bxDIN| _ N01 _ |DUG~bxDIN| _ N01 _ N01 _ N01 _ U2~a _ PU2 _ N01 _ U2~a _ PU2 _ N01 _ N01 _ N01 _ N01"
"P000597","AB~a _ ME~a _ 1(N01) _ GAL~a _ |1(N58).BAD~a| _ 1(N01) _ IB~a _ 1(N01) _ GAL~a _ SZITA~a1 _ 1(N01) _ 1(N01) _ GAL~a _ 1(N01) _ GAL~a _ TUR3~a _ 1(N01) _ UMUN2 _ GAL~a _ 1(N01) _ 1(N01) _ UMUN2 _ SANGA~a _ 1(N01) _ GAL~a _ SANGA~a _ 1(N01) _ 1(N01) _ 1(N01)","AB~a _ ME~a _ N01 _ GAL~a _ |1(N58).BAD~a| _ N01 _ IB~a _ N01 _ GAL~a _ SZITA~a1 _ N01 _ N01 _ GAL~a _ N01 _ GAL~a _ TUR3~a _ N01 _ UMUN2 _ GAL~a _ N01 _ N01 _ UMUN2 _ SANGA~a _ N01 _ GAL~a _ SANGA~a _ N01 _ N01 _ N01"
"P000598","1(N01) _ 1(N01) _ |DUG~bxMASZ| _ 1(N01) _ 1(N01) _ 1(N01)","N01 _ N01 _ |DUG~bxMASZ| _ N01 _ N01 _ N01"
"P000599","1(N01) _ GAL~a _ UMUN2 _ 1(N01) _ ERIN _ UMUN2","N01 _ GAL~a _ UMUN2 _ N01 _ ERIN _ UMUN2"
"P000600","NI~b _ 1(N01) _ SU~a _ NI~b _ 1(N01) _ SU~a _ NI~b _ 1(N01) _ 1(N01) _ 1(N01) _ KASZ~b _ 1(N01)","NI~b _ N01 _ SU~a _ NI~b _ N01 _ SU~a _ NI~b _ N01 _ N01 _ N01 _ KASZ~b _ N01"
"P000601","KAB _ 1(N01) _ NAM2 _ DI _ 1(N01) _ 1(N01) _ GAL~a _ 1(N01) _ HI _ U4","KAB _ N01 _ NAM2 _ DI _ N01 _ N01 _ GAL~a _ N01 _ HI _ U4"
"P000602","TUG2~a _ 1(N01) _ BUR2 _ TUG2~a _ 1(N01) _ DARA4~a1 _ TUG2~a _ 1(N01) _ 1(N57) _ GISZ _ TUG2~a _ 1(N01) _ SU~a _ TUG2~a","TUG2~a _ N01 _ BUR2 _ TUG2~a _ N01 _ DARA4~a1 _ TUG2~a _ N01 _ N57 _ GISZ _ TUG2~a _ N01 _ SU~a _ TUG2~a"
"P000603","1(N06) _ 1(N01) _ GISZ _ 1(N01) _ 1(N01) _ GISZ _ DA~a","N06 _ N01 _ GISZ _ N01 _ N01 _ GISZ _ DA~a"
"P000604","1(N01) _ 1(N01) _ ERIN _ 1(N01) _ GAL~a _ 1(N01) _ NAM2 _ 1(N01) _ 1(N01) _ GAL~a _ TE _ 1(N01) _ GAL~a _ SUKKAL _ 1(N01) _ GADA~a _ SUKKAL _ 1(N01) _ GA~a _ KISAL~b1 _ 1(N01) _ GAL~a _ SZAKIR~a _ 1(N01) _ TUR3~a _ 1(N01) _ 1(N01) _ 1(N01) _ GAL~a _ 1(N01) _ 1(N01) _ HI _ DUG~b _ 1(N01) _ GAL~a _ DUG~b _ 1(N01) _ 1(N01) _ 1(N01) _ GAN~c _ 1(N01) _ GAL~a _ 1(N01) _ 1(N01) _ 1(N01) _ NIMGIR _ 1(N01) _ DUB~a _ 1(N01) _ 1(N01) _ 1(N01) _ 1(N01) _ 1(N01) _ 1(N01) _ AB~a","N01 _ N01 _ ERIN _ N01 _ GAL~a _ N01 _ NAM2 _ N01 _ N01 _ GAL~a _ TE _ N01 _ GAL~a _ SUKKAL _ N01 _ GADA~a _ SUKKAL _ N01 _ GA~a _ KISAL~b1 _ N01 _ GAL~a _ SZAKIR~a _ N01 _ TUR3~a _ N01 _ N01 _ N01 _ GAL~a _ N01 _ N01 _ HI _ DUG~b _ N01 _ GAL~a _ DUG~b _ N01 _ N01 _ N01 _ GAN~c _ N01 _ GAL~a _ N01 _ N01 _ N01 _ NIMGIR _ N01 _ DUB~a _ N01 _ N01 _ N01 _ N01 _ N01 _ N01 _ AB~a"
"P000605","1(N01) _ 1(N01) _ 1(N01) _ 1(N01) _ 1(N01) _ 1(N01) _ 1(N01) _ 2(N14) _ 2(N01) _ SZE3","N01 _ N01 _ N01 _ N01 _ N01 _ N01 _ N01 _ N14 N14 _ N01 N01 _ SZE3"
"P000606","DI _ NAM2 _ NAM2 _ URU~a1 _ 1(N01) _ 1(N01) _ 1(N01) _ 1(N01) _ PA~a _ NAM2 _ 1(N01) _ 1(N01) _ 1(N01) _ GAL~a _ 1(N01) _ 1(N01) _ 1(N01) _ TE _ 1(N01) _ 1(N01) _ 1(N01) _ GA~a _ 1(N01) _ GAL~a _ KISAL~b1 _ 1(N01) _ GAL~a _ 1(N01) _ 1(N01) _ 1(N01) _ 1(N01) _ 1(N01) _ 1(N01) _ 1(N01) _ 1(N01) _ 1(N01) _ 1(N01) _ 1(N01) _ 1(N01) _ 1(N01) _ 1(N01) _ DUB~a","DI _ NAM2 _ NAM2 _ URU~a1 _ N01 _ N01 _ N01 _ N01 _ PA~a _ NAM2 _ N01 _ N01 _ N01 _ GAL~a _ N01 _ N01 _ N01 _ TE _ N01 _ N01 _ N01 _ GA~a _ N01 _ GAL~a _ KISAL~b1 _ N01 _ GAL~a _ N01 _ N01 _ N01 _ N01 _ N01 _ N01 _ N01 _ N01 _ N01 _ N01 _ N01 _ N01 _ N01 _ N01 _ DUB~a"
"P000608","1(N01) _ 1(N01) _ GA2~a1 _ 1(N01) _ SUHUR _ GAL~a _ SAL _ A _ |DUG~bxTI| _ 1(N01) _ GU4 _ A _ 1(N01) _ AB2 _ A _ 1(N01) _ AMAR _ AB2 _ 1(N01) _ GA~b _ 1(N01) _ SU~a _ 1(N57) _ UDU~a _ 1(N01) _ SU~a _ 1(N57) _ 1(N01) _ SU~a _ 1(N01) _ SU~a _ 1(N57) _ 1(N01) _ SU~a _ 1(N57) _ 1(N01) _ |SILA3~axSZU| _ 1(N01) _ 1(N01) _ |SILA3~axZATU646| _ 1(N01) _ MASZ _ SZA3~a1 _ 1(N01) _ BU~a _ A","N01 _ N01 _ GA2~a1 _ N01 _ SUHUR _ GAL~a _ SAL _ A _ |DUG~bxTI| _ N01 _ GU4 _ A _ N01 _ AB2 _ A _ N01 _ AMAR _ AB2 _ N01 _ GA~b _ N01 _ SU~a _ N57 _ UDU~a _ N01 _ SU~a _ N57 _ N01 _ SU~a _ N01 _ SU~a _ N57 _ N01 _ SU~a _ N57 _ N01 _ |SILA3~axSZU| _ N01 _ N01 _ |SILA3~axZATU646| _ N01 _ MASZ _ SZA3~a1 _ N01 _ BU~a _ A"
"P000609","SUHUR _ 1(N01) _ HI _ SUHUR _ 1(N01) _ PAP~a _ SUKUD _ 1(N01) _ SUKUD _ 1(N01) _ 1(N01) _ 1(N01) _ 1(N01) _ 1(N57) _ 1(N01) _ 1(N57) _ 1(N01) _ 1(N02) _ 1(N01) _ 1(N34) _ 1(N14)","SUHUR _ N01 _ HI _ SUHUR _ N01 _ PAP~a _ SUKUD _ N01 _ SUKUD _ N01 _ N01 _ N01 _ N01 _ N57 _ N01 _ N57 _ N01 _ N02 _ N01 _ N34 _ N14"
"P000610","1(N01) _ 1(N01) _ NA~a _ AN _ GI6 _ 1(N01) _ MAR~a _ BUR~a _ SZE~a _ 1(N01)","N01 _ N01 _ NA~a _ AN _ GI6 _ N01 _ MAR~a _ BUR~a _ SZE~a _ N01"
"P000611","1(N01) _ SI _ KAK~a _ 1(N01) _ TAG~b _ 1(N01) _ 1(N01)","N01 _ SI _ KAK~a _ N01 _ TAG~b _ N01 _ N01"
"P000614","1(N01) _ GISZ _ 1(N01) _ 1(N01) _ GISZ _ DUB~b _ 1(N01) _ GISZ _ A _ 1(N01) _ NUN~a _ KUR~a _ 1(N01) _ GISZ _ KUR@g~a _ 1(N01) _ 1(N01) _ DIN _ 1(N01) _ 1(N01) _ 1(N01) _ BU~a _ 1(N01) _ GISZ _ ERIM~a _ 1(N01) _ GISZ _ 1(N01) _ GISZ _ GI6 _ 1(N01) _ 1(N01) _ 1(N01) _ GISZ _ SZE3 _ 1(N01) _ 1(N01) _ GAL~a _ SZA _ 1(N01) _ SZU _ SZA _ 1(N01) _ 1(N01) _ 1(N01) _ 1(N01) _ GISZ _ 1(N01) _ 5(N57) _ SANGA~a _ 1(N01) _ 1(N01) _ 1(N01) _ 1(N34) _ GISZ","N01 _ GISZ _ N01 _ N01 _ GISZ _ DUB~b _ N01 _ GISZ _ A _ N01 _ NUN~a _ KUR~a _ N01 _ GISZ _ KUR@g~a _ N01 _ N01 _ DIN _ N01 _ N01 _ N01 _ BU~a _ N01 _ GISZ _ ERIM~a _ N01 _ GISZ _ N01 _ GISZ _ GI6 _ N01 _ N01 _ N01 _ GISZ _ SZE3 _ N01 _ N01 _ GAL~a _ SZA _ N01 _ SZU _ SZA _ N01 _ N01 _ N01 _ N01 _ GISZ _ N01 _ N57 N57 N57 N57 N57 _ SANGA~a _ N01 _ N01 _ N01 _ N34 _ GISZ"
"P000615","HI _ ZATU697~a _ E2~a","HI _ ZATU697~a _ E2~a"
"P000617","1(N01) _ NAMESZDA _ 1(N01) _ NAM2 _ KAB _ 1(N01) _ NAM2 _ 1(N01)","N01 _ NAMESZDA _ N01 _ NAM2 _ KAB _ N01 _ NAM2 _ N01"
"P000618","1(N01) _ AB2 _ HI _ KU6~a _ 1(N01)","N01 _ AB2 _ HI _ KU6~a _ N01"
"P000620","1(N01)","N01"
"P000621","UDU~a _ 1(N01) _ ZATU777 _ KU3~a _ 1(N01) _ ZATU777 _ 1(N01) _ DA~a _ KU3~a _ 1(N01) _ NE~a _ KU3~a _ 1(N01) _ NI~a _ KU3~a _ 1(N01) _ KU3~a _ 1(N01) _ NUNUZ~a1 _ 1(N01) _ |SAR~axSZE~a| _ NUNUZ~a1 _ 1(N01)","UDU~a _ N01 _ ZATU777 _ KU3~a _ N01 _ ZATU777 _ N01 _ DA~a _ KU3~a _ N01 _ NE~a _ KU3~a _ N01 _ NI~a _ KU3~a _ N01 _ KU3~a _ N01 _ NUNUZ~a1 _ N01 _ |SAR~axSZE~a| _ NUNUZ~a1 _ N01"
"P000622","1(N01) _ 1(N01) _ SUKKAL _ 1(N01) _ SUKKAL _ 1(N01) _ GA~a _ 1(N01) _ GA~a _ 1(N01) _ 1(N01) _ GAL~a _ 1(N01) _ GAL~a _ 1(N01) _ 1(N01) _ 1(N01) _ 1(N01) _ DU _ DUG~b _ SIG2~a1","N01 _ N01 _ SUKKAL _ N01 _ SUKKAL _ N01 _ GA~a _ N01 _ GA~a _ N01 _ N01 _ GAL~a _ N01 _ GAL~a _ N01 _ N01 _ N01 _ N01 _ DU _ DUG~b _ SIG2~a1"
"P000623","1(N01) _ SZAH2~a _ KU6~a _ 1(N01)","N01 _ SZAH2~a _ KU6~a _ N01"
"P000624","1(N01) _ 1(N01) _ BALAG _ 1(N01) _ 1(N01) _ 1(N01) _ PAP~a","N01 _ N01 _ BALAG _ N01 _ N01 _ N01 _ PAP~a"
"P000625","1(N01) _ TAK4~a _ |GIR~b.GIR~b| _ 1(N01) _ TUM~a _ ANSZE~b _ 1(N01)","N01 _ TAK4~a _ |GIR~b.GIR~b| _ N01 _ TUM~a _ ANSZE~b _ N01"
"P000626","1(N01) _ 1(N01) _ GA~a _ 1(N01) _ 1(N01) _ 3(N57) _ ZATU751~b _ 1(N01) _ |SILA3~cxZATU687| _ 1(N01) _ PAP~a _ 1(N01) _ 1(N01)","N01 _ N01 _ GA~a _ N01 _ N01 _ N57 N57 N57 _ ZATU751~b _ N01 _ |SILA3~cxZATU687| _ N01 _ PAP~a _ N01 _ N01"
"P000627","1(N01) _ EN~a _ 1(N01)","N01 _ EN~a _ N01"
"P000628","1(N01) _ 1(N01) _ 1(N01) _ 1(N01)","N01 _ N01 _ N01 _ N01"
"P000629","1(N01) _ PAP~a _ 1(N01)","N01 _ PAP~a _ N01"
"P000630","1(N01) _ DUG~b _ 1(N01) _ GISZIMMAR~b1 _ 1(N01)","N01 _ DUG~b _ N01 _ GISZIMMAR~b1 _ N01"
"P000631","1(N01) _ 1(N01) _ 1(N01) _ NIMGIR _ 1(N01) _ |SZE~a.NAM2| _ 1(N01) _ GUL _ PAP~a _ 1(N01) _ GUL _ SZUBUR _ 1(N01) _ PAP~a _ 1(N01) _ GA2~a1 _ 1(N01) _ HI _ 1(N01) _ PAP~a _ EN~a _ 1(N01) _ ZATU687 _ TAK4~a _ 1(N01) _ HI _ EN~a _ 1(N01) _ EN~a _ 1(N01) _ 1(N01) _ 1(N01) _ 1(N01) _ 1(N01) _ 1(N34)","N01 _ N01 _ N01 _ NIMGIR _ N01 _ |SZE~a.NAM2| _ N01 _ GUL _ PAP~a _ N01 _ GUL _ SZUBUR _ N01 _ PAP~a _ N01 _ GA2~a1 _ N01 _ HI _ N01 _ PAP~a _ EN~a _ N01 _ ZATU687 _ TAK4~a _ N01 _ HI _ EN~a _ N01 _ EN~a _ N01 _ N01 _ N01 _ N01 _ N01 _ N34"
"P000632","1(N01) _ A _ 1(N01) _ AL _ 1(N01) _ 1(N01) _ 1(N06) _ 1(N01)","N01 _ A _ N01 _ AL _ N01 _ N01 _ N06 _ N01"
"P000633","DIN _ MA _ MES _ 1(N01) _ EN~a _ A _ MES _ 1(N01) _ GISZ _ SZE3 _ A _ 1(N01) _ 1(N01) _ TUR","DIN _ MA _ MES _ N01 _ EN~a _ A _ MES _ N01 _ GISZ _ SZE3 _ A _ N01 _ N01 _ TUR"
"P000634","1(N01) _ NIM~a","N01 _ NIM~a"
"P000635","1(N01) _ GAL~a _ 1(N01)","N01 _ GAL~a _ N01"
"P000636","1(N01) _ NAM2 _ 1(N01)","N01 _ NAM2 _ N01"
"P000637","BA","BA"
"P000638","BAR _ AN _ USZ~a _ A _ A _ 1(N01) _ 1(N01) _ 1(N01) _ 1(N01)","BAR _ AN _ USZ~a _ A _ A _ N01 _ N01 _ N01 _ N01"
"P000639","1(N01) _ 1(N01) _ 1(N01) _ GISZ","N01 _ N01 _ N01 _ GISZ"
"P000640","1(N01) _ 1(N01) _ ABGAL _ 1(N01) _ 1(N01) _ GAL~a _ 1(N01) _ GAL~a","N01 _ N01 _ ABGAL _ N01 _ N01 _ GAL~a _ N01 _ GAL~a"
"P000641","1(N01) _ AN _ TAK4~a _ 1(N01) _ 1(N01) _ 1(N01) _ NAGA~a _ SILA3~a _ SILA3~a _ SAG@n _ 4(N14) _ 1(N01)","N01 _ AN _ TAK4~a _ N01 _ N01 _ N01 _ NAGA~a _ SILA3~a _ SILA3~a _ SAG@n _ N14 N14 N14 N14 _ N01"
"P000642","1(N01) _ 1(N01) _ NAM2","N01 _ N01 _ NAM2"
"P000643","1(N01) _ MUSZEN _ NAGA~a _ 1(N01) _ ERIM2 _ 1(N01) _ I _ NUN~a _ 1(N01) _ GIBIL6 _ 1(N01) _ PAD~a _ 1(N01) _ E2~b _ AN _ 1(N01) _ E2~a _ NINLIL _ 1(N01) _ SAL _ |GA2~bxDUB~a| _ URI3~a _ 1(N01)","N01 _ MUSZEN _ NAGA~a _ N01 _ ERIM2 _ N01 _ I _ NUN~a _ N01 _ GIBIL6 _ N01 _ PAD~a _ N01 _ E2~b _ AN _ N01 _ E2~a _ NINLIL _ N01 _ SAL _ |GA2~bxDUB~a| _ URI3~a _ N01"
"P000644","SU~a _ HAL _ 1(N01) _ AN _ KI _ 1(N01)","SU~a _ HAL _ N01 _ AN _ KI _ N01"
"P000645","1(N01) _ 1(N01) _ IR~a _ 1(N01) _ DIN _ IR~a _ 1(N01) _ SU~a _ NI~b _ 1(N01) _ 5(N57) _ SU~a _ NI~b _ 1(N01) _ SU~a _ NI~b _ 1(N01) _ 1(N01) _ 1(N01) _ 1(N01) _ 1(N01) _ 1(N01) _ 1(N01)","N01 _ N01 _ IR~a _ N01 _ DIN _ IR~a _ N01 _ SU~a _ NI~b _ N01 _ N57 N57 N57 N57 N57 _ SU~a _ NI~b _ N01 _ SU~a _ NI~b _ N01 _ N01 _ N01 _ N01 _ N01 _ N01 _ N01"
"P000646","1(N01) _ 1(N01) _ 1(N01) _ GAL~a","N01 _ N01 _ N01 _ GAL~a"
"P000647","GIR2~a _ DIM~c _ 1(N01) _ DIM~c _ AN _ 1(N01)","GIR2~a _ DIM~c _ N01 _ DIM~c _ AN _ N01"
"P000648","1(N01) _ SZU2 _ |DUG~bxDIN|","N01 _ SZU2 _ |DUG~bxDIN|"
"P000649","DI _ NAM2 _ 1(N01) _ RI8~b _ KAK~a _ 1(N01) _ DI _ E2~b _ 1(N01) _ KU3~a _ E2~b _ 1(N01) _ KU3~c _ E2~b _ 1(N01)","DI _ NAM2 _ N01 _ RI8~b _ KAK~a _ N01 _ DI _ E2~b _ N01 _ KU3~a _ E2~b _ N01 _ KU3~c _ E2~b _ N01"
"P000650","",""
"P000651","1(N01) _ 1(N01) _ |SIxSZE3| _ BAD _ 1(N01) _ BAD","N01 _ N01 _ |SIxSZE3| _ BAD _ N01 _ BAD"
"P000652","1(N01) _ SIG _ 1(N01) _ BANSZUR~b2 _ 1(N01) _ GISZ _ LISZ _ 1(N01) _ 1(N01)","N01 _ SIG _ N01 _ BANSZUR~b2 _ N01 _ GISZ _ LISZ _ N01 _ N01"
"P000653","1(N01)","N01"
"P000654","1(N01) _ 1(N01) _ 1(N01) _ GA~a _ 1(N01) _ GESZTU~b _ 1(N01)","N01 _ N01 _ N01 _ GA~a _ N01 _ GESZTU~b _ N01"
"P000655","1(N01) _ 1(N01) _ GAL~a _ SZUBUR _ 1(N01) _ NAM2 _ 1(N01) _ 1(N01)","N01 _ N01 _ GAL~a _ SZUBUR _ N01 _ NAM2 _ N01 _ N01"
"P000656","",""
"P000657","1(N01) _ 1(N01) _ U2~b _ 1(N01) _ BU~a _ A","N01 _ N01 _ U2~b _ N01 _ BU~a _ A"
"P000658","1(N01) _ GISZ _ 1(N01) _ U4 _ GISZ _ 1(N01) _ GISZ _ 1(N01) _ GISZ _ 1(N01) _ NIMGIR _ 1(N01) _ 1(N01) _ 1(N01) _ 1(N01)","N01 _ GISZ _ N01 _ U4 _ GISZ _ N01 _ GISZ _ N01 _ GISZ _ N01 _ NIMGIR _ N01 _ N01 _ N01 _ N01"
"P000659","1(N01) _ 1(N01) _ SILA3~b _ 1(N01) _ |UR2xTAR| _ 1(N01) _ |UR2xTAR| _ AN _ 1(N01) _ SI _ ZATU777","N01 _ N01 _ SILA3~b _ N01 _ |UR2xTAR| _ N01 _ |UR2xTAR| _ AN _ N01 _ SI _ ZATU777"
"P000660","1(N01) _ GAL~a","N01 _ GAL~a"
"P000661","1(N01) _ 1(N01) _ NI~a _ 1(N01) _ KISAL~b1 _ 1(N01) _ 1(N01) _ 1(N01) _ HI _ EN~a _ E2~a _ NUN~a _ 1(N01) _ EN~a _ NUN~a _ 1(N01) _ 1(N34) _ 3(N01)","N01 _ N01 _ NI~a _ N01 _ KISAL~b1 _ N01 _ N01 _ N01 _ HI _ EN~a _ E2~a _ NUN~a _ N01 _ EN~a _ NUN~a _ N01 _ N34 _ N01 N01 N01"
"P000662","1(N01) _ NAMESZDA _ 1(N01) _ 1(N01) _ 1(N01)","N01 _ NAMESZDA _ N01 _ N01 _ N01"
"P000663","GISZ _ A _ 1(N01) _ GISZ _ SI _ 1(N01) _ 1(N01)","GISZ _ A _ N01 _ GISZ _ SI _ N01 _ N01"
"P000664","SZE3 _ 1(N01) _ |SU~ax1(N58)| _ 1(N01) _ UDU~c _ 1(N01) _ LA2 _ GISZ _ 1(N01) _ SZA _ SAR~a _ 1(N01) _ 2(N34) _ 1(N01) _ 1(N01)","SZE3 _ N01 _ |SU~ax1(N58)| _ N01 _ UDU~c _ N01 _ LA2 _ GISZ _ N01 _ SZA _ SAR~a _ N01 _ N34 N34 _ N01 _ N01"
"P000665","1(N01) _ GISZ _ A _ 1(N01) _ 1(N01) _ GUM~b@n _ GUM~b _ 1(N01) _ 1(N01) _ 1(N01) _ 1(N01)","N01 _ GISZ _ A _ N01 _ N01 _ GUM~b@n _ GUM~b _ N01 _ N01 _ N01 _ N01"
"P000666","1(N01) _ AN _ 1(N01) _ 1(N01) _ AN _ NAGAR~a","N01 _ AN _ N01 _ N01 _ AN _ NAGAR~a"
"P000667","EZEN~b _ ME~a _ SZIDIM","EZEN~b _ ME~a _ SZIDIM"
"P000668","1(N01) _ 1(N01) _ 1(N01) _ GIR2~a _ 1(N01) _ GIR2~a _ AN","N01 _ N01 _ N01 _ GIR2~a _ N01 _ GIR2~a _ AN"
"P000669","1(N01) _ MUD3~c _ SZE~b _ 1(N01) _ AN _ TE _ PAP~a _ |(DUBxDISZ)~c| _ TI _ 1(N01) _ 1(N01) _ ZI~a _ 1(N01) _ AN _ U4 _ KI _ 1(N01) _ 1(N01) _ 1(N01) _ BA","N01 _ MUD3~c _ SZE~b _ N01 _ AN _ TE _ PAP~a _ |(DUBxDISZ)~c| _ TI _ N01 _ N01 _ ZI~a _ N01 _ AN _ U4 _ KI _ N01 _ N01 _ N01 _ BA"
"P000670","1(N01) _ GAL~a _ SZITA~a1 _ 1(N01) _ ABGAL _ 1(N01) _ 1(N01) _ 1(N01) _ GAL~a _ 1(N01)","N01 _ GAL~a _ SZITA~a1 _ N01 _ ABGAL _ N01 _ N01 _ N01 _ GAL~a _ N01"
"P000671","RU","RU"
"P000672","1(N01) _ 1(N01) _ 1(N01) _ 1(N01) _ 1(N01) _ 1(N01) _ EN~a _ SIG2~b _ 1(N01) _ EN~a _ TUG2~a _ 1(N01) _ TUG2~a","N01 _ N01 _ N01 _ N01 _ N01 _ N01 _ EN~a _ SIG2~b _ N01 _ EN~a _ TUG2~a _ N01 _ TUG2~a"
"P000673","1(N01) _ GISZ _ 1(N01) _ GISZ _ DUR2 _ DARA3~c","N01 _ GISZ _ N01 _ GISZ _ DUR2 _ DARA3~c"
"P000674","1(N01) _ 1(N01) _ DUG~b","N01 _ N01 _ DUG~b"
"P000675","1(N01) _ 1(N01) _ 1(N01) _ 1(N01) _ 1(N01) _ NAMESZDA _ 1(N01) _ URU~a1 _ 1(N01) _ 1(N01) _ MEN~a _ SZA3~a1 _ AN _ 1(N01) _ 1(N01) _ 1(N01)","N01 _ N01 _ N01 _ N01 _ N01 _ NAMESZDA _ N01 _ URU~a1 _ N01 _ N01 _ MEN~a _ SZA3~a1 _ AN _ N01 _ N01 _ N01"
"P000676","1(N01)","N01"
"P000677","1(N01) _ 1(N01) _ AB2 _ 1(N01) _ U4 _ 1(N01) _ 1(N01) _ SZU _ 1(N01) _ 1(N01) _ 1(N01) _ 1(N01) _ 1(N01) _ 1(N01)","N01 _ N01 _ AB2 _ N01 _ U4 _ N01 _ N01 _ SZU _ N01 _ N01 _ N01 _ N01 _ N01 _ N01"
"P000678","1(N01) _ 1(N01) _ |DUG~bxMASZ| _ 1(N01)","N01 _ N01 _ |DUG~bxMASZ| _ N01"
"P000679","1(N01)","N01"
"P000680","1(N01) _ BU~a _ NUN~a _ 1(N01) _ BU~a _ A","N01 _ BU~a _ NUN~a _ N01 _ BU~a _ A"
"P000681","1(N01) _ PA~a _ NAM2 _ RAD~a _ 1(N01) _ AB~a _ ME~a _ 1(N01) _ GAL~a _ 1(N01) _ IB~a _ 1(N01) _ 1(N01) _ 1(N01) _ BU~a _ 1(N01) _ GAL~a _ 1(N01) _ GAL~a _ 1(N01) _ GAL~a","N01 _ PA~a _ NAM2 _ RAD~a _ N01 _ AB~a _ ME~a _ N01 _ GAL~a _ N01 _ IB~a _ N01 _ N01 _ N01 _ BU~a _ N01 _ GAL~a _ N01 _ GAL~a _ N01 _ GAL~a"
"P000682","1(N01) _ 1(N01) _ 1(N01)","N01 _ N01 _ N01"
"P000683","AN _ TAK4~a _ BUR~a _ AN _ BUR~a _ 1(N01) _ NAGAR~b _ 1(N01) _ NAGAR~b _ AN _ 1(N01) _ 1(N01)","AN _ TAK4~a _ BUR~a _ AN _ BUR~a _ N01 _ NAGAR~b _ N01 _ NAGAR~b _ AN _ N01 _ N01"
"P000684","1(N01) _ GAL~a _ TE _ 1(N01)","N01 _ GAL~a _ TE _ N01"
"P000685","IB~a _ 1(N01) _ 1(N01)","IB~a _ N01 _ N01"
"P000686","",""
"P000687","1(N01) _ HI _ NI~b _ 1(N01) _ 12(N58) _ NI~b _ 1(N01) _ IR~a _ 1(N01) _ NE~a _ IR~a","N01 _ HI _ NI~b _ N01 _ N58 N58 N58 N58 N58 N58 N58 N58 N58 N58 N58 N58 _ NI~b _ N01 _ IR~a _ N01 _ NE~a _ IR~a"
"P000688","1(N01) _ 1(N01)","N01 _ N01"
"P000689","1(N01) _ 1(N01) _ DUG~b _ 1(N01) _ DUG~c _ 1(N01) _ |DUG~cx1(N57)| _ 1(N01) _ SZAKIR~c _ 1(N01) _ 4(N57) _ 1(N01) _ 1(N01)","N01 _ N01 _ DUG~b _ N01 _ DUG~c _ N01 _ |DUG~cx1(N57)| _ N01 _ SZAKIR~c _ N01 _ N57 N57 N57 N57 _ N01 _ N01"
"P000690","1(N01) _ 1(N01) _ DUG~c _ 1(N01) _ |DUG~cx1(N57)| _ 1(N01) _ 1(N01) _ 1(N01)","N01 _ N01 _ DUG~c _ N01 _ |DUG~cx1(N57)| _ N01 _ N01 _ N01"
"P000691","1(N01) _ |DUG~bxZATU779| _ 1(N01) _ |DUG~bxZATU780| _ 1(N01) _ |DUG~bxTAK4~a| _ 1(N01) _ 1(N01) _ 1(N01)","N01 _ |DUG~bxZATU779| _ N01 _ |DUG~bxZATU780| _ N01 _ |DUG~bxTAK4~a| _ N01 _ N01 _ N01"
"P000692","1(N01) _ AN _ KU6~a","N01 _ AN _ KU6~a"
"P000693","1(N01) _ |ZATU737xU4| _ 1(N01) _ |ZATU737xSAL|","N01 _ |ZATU737xU4| _ N01 _ |ZATU737xSAL|"
"P000694","1(N01) _ 1(N01) _ 1(N01) _ 1(N01) _ MAR~a","N01 _ N01 _ N01 _ N01 _ MAR~a"
"P000695","1(N01) _ GU4 _ 1(N01)","N01 _ GU4 _ N01"
"P000696","GAL~a _ KAK~a","GAL~a _ KAK~a"
"P000697","SANGA~a","SANGA~a"
"P000698","1(N01) _ 1(N01) _ GU4 _ GU4 _ 1(N01)","N01 _ N01 _ GU4 _ GU4 _ N01"
"P000699","1(N01) _ SI _ AK~a _ 1(N01) _ SU~a _ 1(N01) _ E2~a","N01 _ SI _ AK~a _ N01 _ SU~a _ N01 _ E2~a"
"P000700","1(N01) _ 1(N01) _ 1(N01) _ NERGAL~v _ 1(N01) _ NANSZE~b _ 1(N01) _ U4 _ USZUR3~b2 _ 1(N01) _ |ZATU737xNI~a@g| _ 1(N01)","N01 _ N01 _ N01 _ NERGAL~v _ N01 _ NANSZE~b _ N01 _ U4 _ USZUR3~b2 _ N01 _ |ZATU737xNI~a@g| _ N01"
"P000701","1(N01) _ SUHUR _ 4(N58) _ 1(N01) _ 1(N01) _ 1(N01) _ 1(N01) _ |(SUKUD+SUKUD)~a| _ 1(N01) _ 1(N01) _ 1(N01) _ 1(N01) _ 1(N01)","N01 _ SUHUR _ N58 N58 N58 N58 _ N01 _ N01 _ N01 _ N01 _ |(SUKUD+SUKUD)~a| _ N01 _ N01 _ N01 _ N01 _ N01"
"P000702","1(N01) _ |DUG~bxZATU780| _ 1(N01) _ 1(N01) _ |DUG~bxANSZE~d| _ 1(N01) _ SIG2~b _ 1(N01) _ EN~a _ TUG2~a","N01 _ |DUG~bxZATU780| _ N01 _ N01 _ |DUG~bxANSZE~d| _ N01 _ SIG2~b _ N01 _ EN~a _ TUG2~a"
"P000703","1(N01) _ 1(N01) _ 1(N01) _ 1(N01)","N01 _ N01 _ N01 _ N01"
"P000704","",""
"P000705","1(N01) _ 1(N01) _ ZATU753 _ 1(N01) _ 1(N01) _ 1(N01) _ UB _ 1(N01)","N01 _ N01 _ ZATU753 _ N01 _ N01 _ N01 _ UB _ N01"
"P000706","1(N01) _ 1(N01) _ 1(N01)","N01 _ N01 _ N01"
"P000707","1(N01) _ 1(N01) _ GESZTU~b _ 1(N01)","N01 _ N01 _ GESZTU~b _ N01"
"P000708","",""
"P000709","1(N01) _ SAL _ SAL _ 1(N01) _ UR~a _ UR~a","N01 _ SAL _ SAL _ N01 _ UR~a _ UR~a"
"P000710","1(N01) _ 1(N01)","N01 _ N01"
"P000711","",""
"P000712","1(N01) _ 1(N01) _ 1(N01)","N01 _ N01 _ N01"
"P000713","1(N01) _ 1(N01) _ 1(N01) _ 1(N01) _ 1(N01) _ 1(N01) _ 1(N01) _ 1(N01) _ 1(N01) _ NI~b _ 1(N01) _ NI~b _ 1(N01) _ NI~b _ 1(N01) _ IR~a _ 1(N01) _ 1(N01) _ GAN~a _ 1(N01) _ GAN~a _ 1(N01) _ GAN~a _ 1(N01) _ |DUG~bxSZE~a| _ 1(N01) _ |DUG~bxBALA~a| _ 1(N01) _ |DUG~bxKASKAL| _ 1(N01) _ 1(N01) _ 1(N01) _ 1(N01) _ 1(N01) _ 1(N01) _ 1(N01) _ |DUG~bxTI| _ 1(N01) _ 1(N01) _ |DUG~bxSI4~a| _ 1(N01) _ 1(N01) _ |DUG~bxGI6| _ 1(N01) _ 1(N01) _ 1(N01) _ |DUG~bxKUR~a| _ 1(N01) _ |DUG~bxGISZ| _ 1(N01) _ 1(N01) _ 1(N01) _ 1(N01) _ GI _ 1(N01) _ BAPPIR~b _ 1(N01) _ |DUG~bxSIG7| _ 1(N01) _ 1(N01) _ 1(N01) _ 1(N01) _ 1(N01) _ 1(N01)","N01 _ N01 _ N01 _ N01 _ N01 _ N01 _ N01 _ N01 _ N01 _ NI~b _ N01 _ NI~b _ N01 _ NI~b _ N01 _ IR~a _ N01 _ N01 _ GAN~a _ N01 _ GAN~a _ N01 _ GAN~a _ N01 _ |DUG~bxSZE~a| _ N01 _ |DUG~bxBALA~a| _ N01 _ |DUG~bxKASKAL| _ N01 _ N01 _ N01 _ N01 _ N01 _ N01 _ N01 _ |DUG~bxTI| _ N01 _ N01 _ |DUG~bxSI4~a| _ N01 _ N01 _ |DUG~bxGI6| _ N01 _ N01 _ N01 _ |DUG~bxKUR~a| _ N01 _ |DUG~bxGISZ| _ N01 _ N01 _ N01 _ N01 _ GI _ N01 _ BAPPIR~b _ N01 _ |DUG~bxSIG7| _ N01 _ N01 _ N01 _ N01 _ N01 _ N01"
"P000714","1(N01) _ 1(N01) _ 1(N01) _ 1(N01) _ 1(N01) _ U4 _ BALA~a _ 1(N01) _ 1(N01) _ SANGA~a _ NUN~a _ 1(N01) _ SZEN~a _ A _ 1(N01) _ A _ 1(N01) _ 1(N01) _ KI _ MA _ 1(N01) _ |SZE~a.NAM2| _ NUN~a _ 1(N01) _ BA _ SZU _ NUN~a _ 1(N01) _ ZATU647 _ 1(N01) _ DA~a _ NE~a _ 1(N01) _ KI _ AL _ SU~a _ 1(N01) _ SUG _ MASZ _ 1(N01) _ 1(N01) _ 1(N01) _ LAL2~a _ 1(N01) _ PA~a _ SUG5 _ SZUBUR _ 1(N01) _ A _ A _ 1(N01) _ 1(N01) _ 1(N01) _ 1(N01) _ 1(N01) _ 1(N01) _ GAL~a _ KI _ 1(N01) _ NA~b _ KI _ 1(N01) _ 1(N01) _ ZATU694~c _ BA _ 1(N01) _ LAL2~a _ 1(N01) _ GAL~a _ TUR3~a _ 1(N01) _ NUN~a _ 4(N14) _ 3(N01) _ URU~a1 _ BA","N01 _ N01 _ N01 _ N01 _ N01 _ U4 _ BALA~a _ N01 _ N01 _ SANGA~a _ NUN~a _ N01 _ SZEN~a _ A _ N01 _ A _ N01 _ N01 _ KI _ MA _ N01 _ |SZE~a.NAM2| _ NUN~a _ N01 _ BA _ SZU _ NUN~a _ N01 _ ZATU647 _ N01 _ DA~a _ NE~a _ N01 _ KI _ AL _ SU~a _ N01 _ SUG _ MASZ _ N01 _ N01 _ N01 _ LAL2~a _ N01 _ PA~a _ SUG5 _ SZUBUR _ N01 _ A _ A _ N01 _ N01 _ N01 _ N01 _ N01 _ N01 _ GAL~a _ KI _ N01 _ NA~b _ KI _ N01 _ N01 _ ZATU694~c _ BA _ N01 _ LAL2~a _ N01 _ GAL~a _ TUR3~a _ N01 _ NUN~a _ N14 N14 N14 N14 _ N01 N01 N01 _ URU~a1 _ BA"
"P000733","EN~a _ USZ~a","EN~a _ USZ~a"
"P000734","1(N39~a) _ 2(N01) _ 1(N24) _ 2(N01) _ 1(N26) _ 4(N01) _ 2(N58) _ 2(N01) _ DU6~b _ 1(N01) _ U4 _ 1(N01) _ |LAGAB~axSZITA~a1| _ 2(N01) _ ZATU726~c _ 2(N01) _ DU8~c _ 5(N01) _ ZATU681 _ DUG~a _ GAL~a _ SANGA~a _ NUN~a _ 1(N01) _ 4(N39~a) _ 1(N24) _ 1(N30~a) _ DUG~a _ SANGA~a _ NUN~a","N39~a _ N01 N01 _ N24 _ N01 N01 _ N26 _ N01 N01 N01 N01 _ N58 N58 _ N01 N01 _ DU6~b _ N01 _ U4 _ N01 _ |LAGAB~axSZITA~a1| _ N01 N01 _ ZATU726~c _ N01 N01 _ DU8~c _ N01 N01 N01 N01 N01 _ ZATU681 _ DUG~a _ GAL~a _ SANGA~a _ NUN~a _ N01 _ N39~a N39~a N39~a N39~a _ N24 _ N30~a _ DUG~a _ SANGA~a _ NUN~a"
"P000735","3(N01) _ 1(N39~a) _ 5(N01) _ 1(N24) _ 3(N01) _ 1(N26) _ 3(N01) _ 2(N58) _ 4(N01) _ U4 _ 1(N01) _ SIG2~a2 _ 3(N01) _ ZATU726~c _ 1(N14) _ ZATU681 _ 2(N01) _ DU6~b _ 6(N01) _ |LAGAB~axSZITA~a1| _ EN~a _ SZIM~a _ NAM2 _ 2(N39~a) _ HI@g~a _ EN~a _ SZIM~a _ 2(N01) _ 1(N24) _ 1(N30~c) _ SZE~a _ AN _ SIG _ MUSZ3~a","N01 N01 N01 _ N39~a _ N01 N01 N01 N01 N01 _ N24 _ N01 N01 N01 _ N26 _ N01 N01 N01 _ N58 N58 _ N01 N01 N01 N01 _ U4 _ N01 _ SIG2~a2 _ N01 N01 N01 _ ZATU726~c _ N14 _ ZATU681 _ N01 N01 _ DU6~b _ N01 N01 N01 N01 N01 N01 _ |LAGAB~axSZITA~a1| _ EN~a _ SZIM~a _ NAM2 _ N39~a N39~a _ HI@g~a _ EN~a _ SZIM~a _ N01 N01 _ N24 _ N30~c _ SZE~a _ AN _ SIG _ MUSZ3~a"
"P000736","2(N01) _ 2(N58) _ 2(N01) _ SIG2~a2 _ 2(N01) _ ZATU727 _ 1(N14) _ 1(N14) _ 6(N01) _ EZEN~b _ 2(N57) _ 4(N01) _ 2(N39~a) _ 1(N24) _ 1(N26) _ DUG~a","N01 N01 _ N58 N58 _ N01 N01 _ SIG2~a2 _ N01 N01 _ ZATU727 _ N14 _ N14 _ N01 N01 N01 N01 N01 N01 _ EZEN~b _ N57 N57 _ N01 N01 N01 N01 _ N39~a N39~a _ N24 _ N26 _ DUG~a"
"P000737","1(N14) _ AN _ HI _ SZITA~a1 _ 1(N14) _ SIG7 _ SZITA~a1 _ 5(N01) _ SZITA~a1 _ BU~a _ TUR","N14 _ AN _ HI _ SZITA~a1 _ N14 _ SIG7 _ SZITA~a1 _ N01 N01 N01 N01 N01 _ SZITA~a1 _ BU~a _ TUR"
"P000741","",""
"P000743","9(N01) _ UDU~a _ 1(N14) _ SZITA~b1 _ 1(N14) _ BA _ 1(N57) _ 2(N39~a) _ 1(N24) _ HI@g~a _ 2(N39~a) _ 1(N28) _ ZATU714 _ 4(N39~a) _ 1(N24) _ MU _ 1(N40)","N01 N01 N01 N01 N01 N01 N01 N01 N01 _ UDU~a _ N14 _ SZITA~b1 _ N14 _ BA _ N57 _ N39~a N39~a _ N24 _ HI@g~a _ N39~a N39~a _ N28 _ ZATU714 _ N39~a N39~a N39~a N39~a _ N24 _ MU _ N40"
"P000746","",""
"P000759","9(N01) _ UDU~a _ 1(N14) _ 1(N14) _ KU3~a _ 2(N14) _ TA~c _ HI@g~a _ 4(N42~a) _ 1(N25) _ 1(N28) _ HI@g~a _ GESZTU~b _ NAM2 _ U4","N01 N01 N01 N01 N01 N01 N01 N01 N01 _ UDU~a _ N14 _ N14 _ KU3~a _ N14 N14 _ TA~c _ HI@g~a _ N42~a N42~a N42~a N42~a _ N25 _ N28 _ HI@g~a _ GESZTU~b _ NAM2 _ U4"
"P000760","2(N01) _ SAL _ KI _ 1(N01) _ SAL _ SZA3~a1 _ 8(N01) _ |U4.SZU2| _ SA~a _ 2(N01) _ 5(N01) _ 1(N14) _ 1(N14)","N01 N01 _ SAL _ KI _ N01 _ SAL _ SZA3~a1 _ N01 N01 N01 N01 N01 N01 N01 N01 _ |U4.SZU2| _ SA~a _ N01 N01 _ N01 N01 N01 N01 N01 _ N14 _ N14"
"P000769","SZITA~b1 _ SZITA~a1","SZITA~b1 _ SZITA~a1"
"P000778","1(N01)","N01"
"P000783","1(N14) _ BA _ 8(N01) _ 2(N34) _ AB2 _ SZITA~a1 _ 1(N34) _ 4(N14) _ SZITA~a1 _ 2(N14) _ |(SZAxHI@g~a)~b| _ 4(N39~a) _ 2(N39~a) _ AN _ MEN~a","N14 _ BA _ N01 N01 N01 N01 N01 N01 N01 N01 _ N34 N34 _ AB2 _ SZITA~a1 _ N34 _ N14 N14 N14 N14 _ SZITA~a1 _ N14 N14 _ |(SZAxHI@g~a)~b| _ N39~a N39~a N39~a N39~a _ N39~a N39~a _ AN _ MEN~a"
"P000784","SZITA~b1 _ 2(N34) _ 4(N01) _ SZITA~a1 _ DU _ 2(N34) _ 4(N01) _ SZITA@g~a _ |3(N57).PIRIG~b1|","SZITA~b1 _ N34 N34 _ N01 N01 N01 N01 _ SZITA~a1 _ DU _ N34 N34 _ N01 N01 N01 N01 _ SZITA@g~a _ |3(N57).PIRIG~b1|"
"P000788","3(N01) _ 1(N01) _ IR~a _ 4(N01) _ 2(N01) _ 1(N01) _ IR~a _ 2(N01) _ MA _ 1(N01) _ DUG~b _ 1(N01) _ IR~a _ 2(N01) _ MA _ 2(N01) _ ZATU662 _ 2(N01) _ 1(N08) _ HASZHUR","N01 N01 N01 _ N01 _ IR~a _ N01 N01 N01 N01 _ N01 N01 _ N01 _ IR~a _ N01 N01 _ MA _ N01 _ DUG~b _ N01 _ IR~a _ N01 N01 _ MA _ N01 N01 _ ZATU662 _ N01 N01 _ N08 _ HASZHUR"
"P000985","",""
"P000986","",""
"P000989","9(N01) _ GAR _ 2(N01) _ 7(N01) _ ZATU762~a _ BA","N01 N01 N01 N01 N01 N01 N01 N01 N01 _ GAR _ N01 N01 _ N01 N01 N01 N01 N01 N01 N01 _ ZATU762~a _ BA"
"P000991","",""
"P000997","1(N01) _ GAL~a _ KASZ~a _ ERIN _ NAM2 _ 1(N01) _ U2~b _ SAG _ 1(N01) _ PAP~a _ 1(N01) _ MUSZEN _ ZATU659","N01 _ GAL~a _ KASZ~a _ ERIN _ NAM2 _ N01 _ U2~b _ SAG _ N01 _ PAP~a _ N01 _ MUSZEN _ ZATU659"
"P001001","EN~a _ I","EN~a _ I"
"P001018","",""
"P001019","",""
"P001020","",""
"P001056","2(N08) _ 1(N01) _ 1(N08) _ 1(N14) _ EN~a _ NUN~a _ ERIM~a _ KISAL~b1 _ 1(N14) _ NAMESZDA _ KISAL~b1 _ 1(N01) _ 1(N14) _ GESZTU~b _ TE _ 1(N01) _ 1(N14) _ AB~b _ 1(N14) _ 1(N01) _ 2(N14) _ EN~a _ 2(N14) _ UMUN2 _ 2(N14) _ TUR3~a","N08 N08 _ N01 _ N08 _ N14 _ EN~a _ NUN~a _ ERIM~a _ KISAL~b1 _ N14 _ NAMESZDA _ KISAL~b1 _ N01 _ N14 _ GESZTU~b _ TE _ N01 _ N14 _ AB~b _ N14 _ N01 _ N14 N14 _ EN~a _ N14 N14 _ UMUN2 _ N14 N14 _ TUR3~a"
"P001057","3(N14) _ AMAR _ 1(N14) _ KAB","N14 N14 N14 _ AMAR _ N14 _ KAB"
"P001058","1(N01)","N01"
"P001059","2(N01) _ APIN~a","N01 N01 _ APIN~a"
"P001060","",""
"P001062","",""
"P001063","2(N14) _ 2(N14) _ E2~b _ GI6 _ BU~a _ 1(N34) _ BU~a _ NAM2 _ PAP~a _ 2(N14) _ NAM2 _ 3(N57) _ URI _ MAR~a _ AN _ PA~a _ E2~b _ NUN~a _ GAL~a _ ZAG~a _ 2(N14) _ KAB _ NAM2 _ 2(N14) _ 2(N14) _ UKKIN~a _ SZU _ 2(N14) _ SAL _ SZU _ 2(N14) _ 6(N57) _ TE _ 1(N14) _ LAGAR~a _ 1(N14) _ ZATU659 _ SZA _ 1(N14) _ ZATU647 _ ZATU628~a _ 1(N14) _ NE~a _ ZATU628~a _ ME~a _ 2(N14) _ NAM2 _ SZITA~a1 _ 1(N34) _ 3(N14) _ 5(N01) _ 1(N14) _ PAP~a _ KU6~a _ MUSZ3~a _ 7(N01) _ |ZATU651xEN~a| _ 1(N51) _ 3(N14) _ 7(N01) _ TUR _ 1(N51) _ EN~a _ 3(N14) _ 4(N01) _ 1(N08) _ DIM~b _ SZUBUR _ 3(N14) _ 4(N01) _ 1(N08) _ GAL~a _ 2(N14) _ 6(N01) _ E2~b _ |ZATU737xNIMGIR| _ 1(N14) _ |ZATU762~bxAB~a| _ 1(N14) _ 4(N01) _ 1(N08) _ MU _ 6(N01) _ SIG7 _ 5(N01) _ GAR _ 3(N01) _ |ZATU659x1(N01)| _ |SZU2.URI3~a| _ 1(N14) _ 2(N01) _ 1(N08) _ 1(N14) _ 1(N01) _ SAL _ RAD~a _ 1(N14) _ 1(N01) _ 1(N08) _ SAL _ NAGA~a _ 9(N01) _ 1(N08) _ UB _ 1(N08) _ UB _ RU _ GISZIMMAR~b1 _ PIRIG~b1 _ 1(N14) _ 1(N01) _ NAM2 _ SZU@g _ 1(N14) _ 8(N01) _ ZATU762~b _ SANGA~a _ 3(N14) _ |ZATU651xGAR| _ NAM2 _ |U4x1(N57)| _ KASZ~b","N14 N14 _ N14 N14 _ E2~b _ GI6 _ BU~a _ N34 _ BU~a _ NAM2 _ PAP~a _ N14 N14 _ NAM2 _ N57 N57 N57 _ URI _ MAR~a _ AN _ PA~a _ E2~b _ NUN~a _ GAL~a _ ZAG~a _ N14 N14 _ KAB _ NAM2 _ N14 N14 _ N14 N14 _ UKKIN~a _ SZU _ N14 N14 _ SAL _ SZU _ N14 N14 _ N57 N57 N57 N57 N57 N57 _ TE _ N14 _ LAGAR~a _ N14 _ ZATU659 _ SZA _ N14 _ ZATU647 _ ZATU628~a _ N14 _ NE~a _ ZATU628~a _ ME~a _ N14 N14 _ NAM2 _ SZITA~a1 _ N34 _ N14 N14 N14 _ N01 N01 N01 N01 N01 _ N14 _ PAP~a _ KU6~a _ MUSZ3~a _ N01 N01 N01 N01 N01 N01 N01 _ |ZATU651xEN~a| _ N51 _ N14 N14 N14 _ N01 N01 N01 N01 N01 N01 N01 _ TUR _ N51 _ EN~a _ N14 N14 N14 _ N01 N01 N01 N01 _ N08 _ DIM~b _ SZUBUR _ N14 N14 N14 _ N01 N01 N01 N01 _ N08 _ GAL~a _ N14 N14 _ N01 N01 N01 N01 N01 N01 _ E2~b _ |ZATU737xNIMGIR| _ N14 _ |ZATU762~bxAB~a| _ N14 _ N01 N01 N01 N01 _ N08 _ MU _ N01 N01 N01 N01 N01 N01 _ SIG7 _ N01 N01 N01 N01 N01 _ GAR _ N01 N01 N01 _ |ZATU659x1(N01)| _ |SZU2.URI3~a| _ N14 _ N01 N01 _ N08 _ N14 _ N01 _ SAL _ RAD~a _ N14 _ N01 _ N08 _ SAL _ NAGA~a _ N01 N01 N01 N01 N01 N01 N01 N01 N01 _ N08 _ UB _ N08 _ UB _ RU _ GISZIMMAR~b1 _ PIRIG~b1 _ N14 _ N01 _ NAM2 _ SZU@g _ N14 _ N01 N01 N01 N01 N01 N01 N01 N01 _ ZATU762~b _ SANGA~a _ N14 N14 N14 _ |ZATU651xGAR| _ NAM2 _ |U4x1(N57)| _ KASZ~b"
"P001064","",""
"P001065","",""
"P001066","",""
"P001067","2(N01) _ ERIM~a _ SZU","N01 N01 _ ERIM~a _ SZU"
"P001072","6(N01)","N01 N01 N01 N01 N01 N01"
"P001076","",""
"P001077","1(N01) _ GAL~a _ TE _ 1(N01) _ EN~a _ 1(N01) _ EN~a _ SU~a _ 1(N01) _ TUG2~c _ TE _ 1(N01) _ GUM~b _ AN _ 1(N01) _ 2(N01) _ SZITA~a1 _ 3(N02) _ DUG~d _ 1(N01) _ EN~a","N01 _ GAL~a _ TE _ N01 _ EN~a _ N01 _ EN~a _ SU~a _ N01 _ TUG2~c _ TE _ N01 _ GUM~b _ AN _ N01 _ N01 N01 _ SZITA~a1 _ N02 N02 N02 _ DUG~d _ N01 _ EN~a"
"P001100","",""
"P001105","",""
"P001109","",""
"P001110","",""
"P001111","",""
"P001114","",""
"P001116","",""
"P001117","",""
"P001120","",""
"P001121","",""
"P001126","",""
"P001127","1(N01)","N01"
"P001128","",""
"P001129","",""
"P001131","",""
"P001132","",""
"P001144","",""
"P001148","",""
"P001152","1(N01)","N01"
"P001154","",""
"P001173","",""
"P001187","",""
"P001194","",""
"P001200","",""
"P001497","",""
"P001506","",""
"P001515","",""
"P001533","7(N01) _ KISAL~a1","N01 N01 N01 N01 N01 N01 N01 _ KISAL~a1"
"P001681","1(N01)","N01"
"P001686","",""
"P001687","1(N14) _ 3(N01) _ EN~a","N14 _ N01 N01 N01 _ EN~a"
"P001689","2(N45) _ 4(N50) _ 2(N45)","N45 N45 _ N50 N50 N50 N50 _ N45 N45"
"P001703","",""
"P001705","BA _ 2(N47) _ U4 _ KI _ 6(N20) _ 4(N05) _ U4 _ KI","BA _ N47 N47 _ U4 _ KI _ N20 N20 N20 N20 N20 N20 _ N05 N05 N05 N05 _ U4 _ KI"
"P001708","",""
"P001709","1(N34) _ GAR _ GUM~b _ 2(N01) _ KASZ~a _ 1(N08) _ 1(N54) _ 1(N01) _ 1(N34) _ 2(N14) _ 2(N01) _ GAR _ DUG~a _ KASZ~a _ DUG~a _ 2(N34) _ KASZ~a _ 1(N48) _ 5(N34)","N34 _ GAR _ GUM~b _ N01 N01 _ KASZ~a _ N08 _ N54 _ N01 _ N34 _ N14 N14 _ N01 N01 _ GAR _ DUG~a _ KASZ~a _ DUG~a _ N34 N34 _ KASZ~a _ N48 _ N34 N34 N34 N34 N34"
"P001712","3(N14) _ ERIM~a _ 3(N14) _ 5(N01) _ GAL~a _ 3(N14) _ 1(N01) _ GESZTU~b _ 2(N34) _ 2(N14) _ 2(N01) _ |NUN~b+EN~a| _ 1(N34) _ 1(N14)","N14 N14 N14 _ ERIM~a _ N14 N14 N14 _ N01 N01 N01 N01 N01 _ GAL~a _ N14 N14 N14 _ N01 _ GESZTU~b _ N34 N34 _ N14 N14 _ N01 N01 _ |NUN~b+EN~a| _ N34 _ N14"
"P001714","|NINDA2xEZEN~b| _ 3(N01) _ GI","|NINDA2xEZEN~b| _ N01 N01 N01 _ GI"
"P001715","GAL~a _ 4(N51) _ 3(N14) _ 2(N01) _ SZU _ 3(N51) _ 1(N34) _ AN _ RU","GAL~a _ N51 N51 N51 N51 _ N14 N14 N14 _ N01 N01 _ SZU _ N51 N51 N51 _ N34 _ AN _ RU"
"P001719","",""
"P001721","1(N34)","N34"
"P001722","",""
"P001723","",""
"P001737","1(N08)","N08"
"P001739","",""
"P001741","TUN3~a","TUN3~a"
"P001743","|ZATU737xAB~a|","|ZATU737xAB~a|"
"P001745","",""
"P001746","",""
"P001747","GAL~a _ NIM~a _ AN _ |1(N58).BAD~a| _ 3(N01) _ |NINDA2xEZEN~b| _ 1(N01) _ GISZIMMAR~b1 _ 2(N14) _ 5(N01) _ |ZATU737xDI| _ 3(N14) _ SA~c _ DI _ SZU@g _ 1(N01) _ 1(N08) _ SZA3~a2","GAL~a _ NIM~a _ AN _ |1(N58).BAD~a| _ N01 N01 N01 _ |NINDA2xEZEN~b| _ N01 _ GISZIMMAR~b1 _ N14 N14 _ N01 N01 N01 N01 N01 _ |ZATU737xDI| _ N14 N14 N14 _ SA~c _ DI _ SZU@g _ N01 _ N08 _ SZA3~a2"
"P001753","3(N14)","N14 N14 N14"
"P001756","",""
"P001762","1(N01) _ 1(N01) _ 1(N01)","N01 _ N01 _ N01"
"P001763","GAR _ 3(N58) _ UR3~b1 _ KAB _ 1(N05) _ DUG~a _ |U4x2(N57)| _ 1(N27) _ KASZ~a _ 1(N05)","GAR _ N58 N58 N58 _ UR3~b1 _ KAB _ N05 _ DUG~a _ |U4x2(N57)| _ N27 _ KASZ~a _ N05"
"P001766","2(N01) _ GADA~a _ BARA2~a _ PA~a","N01 N01 _ GADA~a _ BARA2~a _ PA~a"
"P001769","",""
"P001773","",""
"P001780","4(N14)","N14 N14 N14 N14"
"P001781","",""
"P001782","GA'AR~b1 _ SAG","GA'AR~b1 _ SAG"
"P001783","",""
"P001784","",""
"P001785","",""
"P001786","",""
"P001787","",""
"P001790","",""
"P001794","",""
"P001796","",""
"P001797","1(N01) _ 1(N08) _ E2~a _ 1(N01) _ SAR~b","N01 _ N08 _ E2~a _ N01 _ SAR~b"
"P001801","2(N01) _ EN~a _ NANSZE~a _ 2(N01) _ 4(N01)","N01 N01 _ EN~a _ NANSZE~a _ N01 N01 _ N01 N01 N01 N01"
"P001802","",""
"P001803","UR4~b _ 2(N01) _ 1(N08) _ DUG~a","UR4~b _ N01 N01 _ N08 _ DUG~a"
"P001804","",""
"P001805","SZITA~a1 _ 3(N01) _ 3(N01) _ 2(N01) _ 1(N01)","SZITA~a1 _ N01 N01 N01 _ N01 N01 N01 _ N01 N01 _ N01"
"P001808","",""
"P001810","",""
"P001811","",""
"P001812","",""
"P001814","",""
"P001816","",""
"P001818","",""
"P001819","1(N01) _ SANGA~a _ 4(N14) _ NAM2 _ 3(N14) _ 6(N01) _ |KI@n+DUB~a|","N01 _ SANGA~a _ N14 N14 N14 N14 _ NAM2 _ N14 N14 N14 _ N01 N01 N01 N01 N01 N01 _ |KI@n+DUB~a|"
"P001820","AN _ AB~b","AN _ AB~b"
"P001821","NAMESZDA _ TE _ ERIN _ NUN~a _ ZATU686~a _ |NIR~axAN| _ GIR3~c","NAMESZDA _ TE _ ERIN _ NUN~a _ ZATU686~a _ |NIR~axAN| _ GIR3~c"
"P001822","",""
"P001823","1(N01) _ GA~a","N01 _ GA~a"
"P001826","",""
"P001828","",""
"P001830","",""
"P001840","",""
"P001841","",""
"P001842","",""
"P001843","1(N01) _ DUG~a","N01 _ DUG~a"
"P001844","",""
"P001845","",""
"P001849","",""
"P001850","3(N01) _ 1(N08)","N01 N01 N01 _ N08"
"P001853","",""
"P001855","",""
"P001857","",""
"P001861","",""
"P001862","",""
"P001864","",""
"P001866","",""
"P001867","",""
"P001868","",""
"P001869","",""
"P001872","NAM2 _ 1(N01) _ NAM2","NAM2 _ N01 _ NAM2"
"P001873","",""
"P001876","SUHUR","SUHUR"
"P001877","5(N34) _ 2(N14)","N34 N34 N34 N34 N34 _ N14 N14"
"P001878","",""
"P001879","",""
"P001880","",""
"P001881","",""
"P001885","",""
"P001886","",""
"P001888","",""
"P001889","",""
"P001890","1(N01) _ SZUBUR _ 1(N01) _ SZUBUR _ 1(N01)","N01 _ SZUBUR _ N01 _ SZUBUR _ N01"
"P001892","",""
"P001894","",""
"P001895","",""
"P001897","",""
"P001901","",""
"P001903","",""
"P001904","|1(N57).SZUBUR|","|1(N57).SZUBUR|"
"P001905","",""
"P001906","",""
"P001907","",""
"P001909","",""
"P001910","1(N08)","N08"
"P001913","",""
"P001916","MUSZ3~a _ 1(N14) _ IB~a _ MUSZEN _ 5(N01) _ U2~a _ 3(N14) _ ZAG~a _ EN~a _ 3(N14) _ 3(N14)","MUSZ3~a _ N14 _ IB~a _ MUSZEN _ N01 N01 N01 N01 N01 _ U2~a _ N14 N14 N14 _ ZAG~a _ EN~a _ N14 N14 N14 _ N14 N14 N14"
"P001918","|GI&GI&GI|","|GI&GI&GI|"
"P001923","",""
"P001924","1(N45) _ 3(N14)","N45 _ N14 N14 N14"
"P001925","6(N01) _ NAGAR~a","N01 N01 N01 N01 N01 N01 _ NAGAR~a"
"P001926","2(N14) _ 4(N01) _ GAR _ 2(N14) _ 2(N01)","N14 N14 _ N01 N01 N01 N01 _ GAR _ N14 N14 _ N01 N01"
"P001927","1(N01) _ NI~a _ KU6~a _ 2(N01) _ UNUG~a _ 1(N01) _ UH3~b _ 1(N01) _ MAR~a _ GAR _ 1(N01) _ 1(N01) _ UKKIN~a _ NESAG2~a _ 2(N01)","N01 _ NI~a _ KU6~a _ N01 N01 _ UNUG~a _ N01 _ UH3~b _ N01 _ MAR~a _ GAR _ N01 _ N01 _ UKKIN~a _ NESAG2~a _ N01 N01"
"P001929","",""
"P001930","",""
"P001932","",""
"P001933","AB2 _ 2(N34) _ 1(N14) _ 2(N34) _ 1(N34) _ 4(N14) _ 3(N01) _ 1(N14) _ AB2","AB2 _ N34 N34 _ N14 _ N34 N34 _ N34 _ N14 N14 N14 N14 _ N01 N01 N01 _ N14 _ AB2"
"P001936","U4","U4"
"P001941","",""
"P001944","",""
"P001948","",""
"P001950","",""
"P001951","1(N01) _ 2(N58) _ ZATU675~d _ NAGA~a _ 1(N01) _ ZATU659 _ NAM2 _ PAP~a _ SZITA~a3 _ E2~b _ 1(N57) _ DU _ E2~b _ 1(N57) _ 1(N57) _ 1(N01) _ ZATU659 _ SU~a _ PAP~a _ 3(N57) _ 1(N57) _ EN~a _ SAG _ SZITA~a1 _ 1(N57) _ PAP~a _ GA2~a1 _ GISZ _ 1(N57) _ SZU _ GU7","N01 _ N58 N58 _ ZATU675~d _ NAGA~a _ N01 _ ZATU659 _ NAM2 _ PAP~a _ SZITA~a3 _ E2~b _ N57 _ DU _ E2~b _ N57 _ N57 _ N01 _ ZATU659 _ SU~a _ PAP~a _ N57 N57 N57 _ N57 _ EN~a _ SAG _ SZITA~a1 _ N57 _ PAP~a _ GA2~a1 _ GISZ _ N57 _ SZU _ GU7"
"P001952","2(N01) _ GA2~a1 _ 8(N34) _ BA _ LAGAB~a _ SZE3 _ U2~a _ PA~a _ GAL~a _ ZATU795 _ UDU~a _ 3(N34) _ SZU _ GAL~a _ 5(N34)","N01 N01 _ GA2~a1 _ N34 N34 N34 N34 N34 N34 N34 N34 _ BA _ LAGAB~a _ SZE3 _ U2~a _ PA~a _ GAL~a _ ZATU795 _ UDU~a _ N34 N34 N34 _ SZU _ GAL~a _ N34 N34 N34 N34 N34"
"P001954","KUR~a _ 7(N01) _ HI _ DU8~c@g _ 7(N01) _ GISZ _ DIN _ 7(N01) _ HI _ 7(N01) _ 7(N01)","KUR~a _ N01 N01 N01 N01 N01 N01 N01 _ HI _ DU8~c@g _ N01 N01 N01 N01 N01 N01 N01 _ GISZ _ DIN _ N01 N01 N01 N01 N01 N01 N01 _ HI _ N01 N01 N01 N01 N01 N01 N01 _ N01 N01 N01 N01 N01 N01 N01"
"P001956","",""
"P001958","1(N14) _ EN~a _ PAP~a","N14 _ EN~a _ PAP~a"
"P001960","",""
"P001961","",""
"P001962","",""
"P001968","NAGA~a _ EN~a _ U4 _ SIG","NAGA~a _ EN~a _ U4 _ SIG"
"P001971","|DUG~cx1(N57)| _ 2(N14) _ 2(N02) _ 2(N01) _ KASZ~c _ |DUG~cx1(N57)| _ NUN~a _ 2(N01) _ 1(N14) _ AN _ 1(N02) _ 1(N01) _ KU6~a _ AB~a _ |DUG~cx1(N57)| _ 3(N14) _ 1(N15) _ 4(N02) _ EN~a _ ERIM~a _ NUN~a _ EN~a _ AN _ RU","|DUG~cx1(N57)| _ N14 N14 _ N02 N02 _ N01 N01 _ KASZ~c _ |DUG~cx1(N57)| _ NUN~a _ N01 N01 _ N14 _ AN _ N02 _ N01 _ KU6~a _ AB~a _ |DUG~cx1(N57)| _ N14 N14 N14 _ N15 _ N02 N02 N02 N02 _ EN~a _ ERIM~a _ NUN~a _ EN~a _ AN _ RU"
"P001972","8(N01) _ SZU2 _ AN _ UMUN2 _ SZE~a@t","N01 N01 N01 N01 N01 N01 N01 N01 _ SZU2 _ AN _ UMUN2 _ SZE~a@t"
"P001976","",""
"P001977","3(N57) _ NAGA~a _ EZINU~d _ GUG2 _ GI4~a","N57 N57 N57 _ NAGA~a _ EZINU~d _ GUG2 _ GI4~a"
"P001978","",""
"P001979","UDU~a _ 1(N57) _ UTUA~a _ GI6","UDU~a _ N57 _ UTUA~a _ GI6"
"P001980","",""
"P001981","",""
"P001984","",""
"P001985","SUHUR _ ZATU756 _ ZATU756 _ 5(N01) _ SUHUR _ 5(N01) _ 3(N57) _ SUHUR@g _ PAP~a _ |GI&GI| _ NAM2 _ PA~a _ RAD~a _ RAD~a","SUHUR _ ZATU756 _ ZATU756 _ N01 N01 N01 N01 N01 _ SUHUR _ N01 N01 N01 N01 N01 _ N57 N57 N57 _ SUHUR@g _ PAP~a _ |GI&GI| _ NAM2 _ PA~a _ RAD~a _ RAD~a"
"P001986","1(N01) _ ZATU710 _ 1(N57) _ BU~a _ ZATU801 _ 1(N01) _ 3(N57) _ |SZE~a&SZE~a| _ 1(N01) _ 1(N57) _ EN~a _ 1(N01) _ 2(N57) _ U4 _ 1(N01) _ 3(N57) _ U4 _ 4(N57) _ U4 _ 1(N01)","N01 _ ZATU710 _ N57 _ BU~a _ ZATU801 _ N01 _ N57 N57 N57 _ |SZE~a&SZE~a| _ N01 _ N57 _ EN~a _ N01 _ N57 N57 _ U4 _ N01 _ N57 N57 N57 _ U4 _ N57 N57 N57 N57 _ U4 _ N01"
"P001987","",""
"P001988","",""
"P001992","ZATU777 _ KU3~a _ NUNUZ~a2 _ URU~a1","ZATU777 _ KU3~a _ NUNUZ~a2 _ URU~a1"
"P001994","TAG~a3 _ SUM~a","TAG~a3 _ SUM~a"
"P001995","2(N01) _ AB2 _ NE~a _ 1(N01) _ U4 _ AB2 _ 2(N01) _ SZU _ AB2 _ GI6 _ AB2 _ 1(N01) _ KUR~a _ AM~a _ GU4 _ |SIxGU4| _ BU~a _ NA~a","N01 N01 _ AB2 _ NE~a _ N01 _ U4 _ AB2 _ N01 N01 _ SZU _ AB2 _ GI6 _ AB2 _ N01 _ KUR~a _ AM~a _ GU4 _ |SIxGU4| _ BU~a _ NA~a"
"P001998","1(N01) _ TUN3~a _ 1(N57)","N01 _ TUN3~a _ N57"
"P002001","5(N01) _ |SILA3~axSZU|","N01 N01 N01 N01 N01 _ |SILA3~axSZU|"
"P002002","3(N01) _ KU6~a _ KISIM~a _ IB~a _ DIM~a _ 1(N01) _ UNUG~a _ SZEN~b _ PAP~a _ |MUSZENx2(N57)| _ 1(N01) _ SZEN~b _ PAP~a _ SZU _ PAP~a _ |MUSZENx2(N57)| _ 1(N01) _ |SILA3~axSZE~a@t| _ 1(N01) _ PAP~a _ |MUSZENx2(N57)| _ 1(N01) _ SZEN~b _ SI _ RAD~a _ PAP~a _ |MUSZENx1(N57)| _ 1(N01) _ DUG~b _ GA2~a2 _ UNUG~a _ 5(N57) _ 1(N01) _ SI _ UKKIN~b _ SZE~a _ 3(N57) _ E2~a _ 1(N01) _ GI _ 1(N01) _ DUG~b _ |SZU&SZU| _ 1(N01) _ KISIM~a _ 2(N01) _ KISIM~a _ PAP~a _ SZU _ 1(N01) _ KISIM~a _ EN~a _ DU _ AB2 _ DIM~a _ IB~a _ 2(N01) _ UKKIN~b _ EN~a _ DU _ AB2 _ |MUSZENx2(N57)| _ PAP~a _ 1(N01) _ U4 _ EN~a _ 1(N01) _ NUNUZ~a1 _ |SZU&SZU| _ TI _ |GISZxSZU2~a| _ EN~a _ 2(N01) _ UKKIN~b _ APIN~a _ ZATU752 _ |MUSZENx2(N57)| _ PAP~a _ GA2~a2 _ 4(N01) _ KISIM~a _ IM~b _ GURUSZDA _ GA2~a2 _ 1(N01) _ SZEN~b _ 1(N01) _ 1(N08) _ KISIM~a _ EN~a _ TU~a _ 1(N01) _ SZEN~b _ MAH~a _ GURUSZDA _ UDU~a _ PIRIG~b1 _ 1(N01) _ UKKIN~a _ |SZU&SZU| _ IDIGNA _ EN~a _ 1(N14) _ 3(N01) _ KISIM~a _ 7(N01) _ TUR _ 1(N01) _ MUD3~a _ |DUG~cx1(N57)|","N01 N01 N01 _ KU6~a _ KISIM~a _ IB~a _ DIM~a _ N01 _ UNUG~a _ SZEN~b _ PAP~a _ |MUSZENx2(N57)| _ N01 _ SZEN~b _ PAP~a _ SZU _ PAP~a _ |MUSZENx2(N57)| _ N01 _ |SILA3~axSZE~a@t| _ N01 _ PAP~a _ |MUSZENx2(N57)| _ N01 _ SZEN~b _ SI _ RAD~a _ PAP~a _ |MUSZENx1(N57)| _ N01 _ DUG~b _ GA2~a2 _ UNUG~a _ N57 N57 N57 N57 N57 _ N01 _ SI _ UKKIN~b _ SZE~a _ N57 N57 N57 _ E2~a _ N01 _ GI _ N01 _ DUG~b _ |SZU&SZU| _ N01 _ KISIM~a _ N01 N01 _ KISIM~a _ PAP~a _ SZU _ N01 _ KISIM~a _ EN~a _ DU _ AB2 _ DIM~a _ IB~a _ N01 N01 _ UKKIN~b _ EN~a _ DU _ AB2 _ |MUSZENx2(N57)| _ PAP~a _ N01 _ U4 _ EN~a _ N01 _ NUNUZ~a1 _ |SZU&SZU| _ TI _ |GISZxSZU2~a| _ EN~a _ N01 N01 _ UKKIN~b _ APIN~a _ ZATU752 _ |MUSZENx2(N57)| _ PAP~a _ GA2~a2 _ N01 N01 N01 N01 _ KISIM~a _ IM~b _ GURUSZDA _ GA2~a2 _ N01 _ SZEN~b _ N01 _ N08 _ KISIM~a _ EN~a _ TU~a _ N01 _ SZEN~b _ MAH~a _ GURUSZDA _ UDU~a _ PIRIG~b1 _ N01 _ UKKIN~a _ |SZU&SZU| _ IDIGNA _ EN~a _ N14 _ N01 N01 N01 _ KISIM~a _ N01 N01 N01 N01 N01 N01 N01 _ TUR _ N01 _ MUD3~a _ |DUG~cx1(N57)|"
"P002004","2(N02) _ NAM2 _ ERIN _ 2(N02) _ TAK4~a _ GURUSZDA _ SANGA~a _ SI _ SZU _ NUN~a _ 5(N02) _ KU6~a _ GAN2 _ 2(N01) _ EN~a _ ZATU703 _ 3(N57) _ 3(N57) _ 3(N57)","N02 N02 _ NAM2 _ ERIN _ N02 N02 _ TAK4~a _ GURUSZDA _ SANGA~a _ SI _ SZU _ NUN~a _ N02 N02 N02 N02 N02 _ KU6~a _ GAN2 _ N01 N01 _ EN~a _ ZATU703 _ N57 N57 N57 _ N57 N57 N57 _ N57 N57 N57"
"P002007","5(N14) _ KASZ~c _ 1(N34) _ 2(N14) _ GUG2 _ 3(N14)","N14 N14 N14 N14 N14 _ KASZ~c _ N34 _ N14 N14 _ GUG2 _ N14 N14 N14"
"P002008","DUG~c _ 2(N01) _ |MAxMA| _ 5(N34) _ 1(N14) _ MA _ 1(N14)","DUG~c _ N01 N01 _ |MAxMA| _ N34 N34 N34 N34 N34 _ N14 _ MA _ N14"
"P002011","1(N01) _ 3(N01) _ SAG","N01 _ N01 N01 N01 _ SAG"
"P002012","TUR","TUR"
"P002015","2(N01) _ 1(N01)","N01 N01 _ N01"
"P002017","TUR3~a _ TAK4~a _ KI _ AN _ SZU2 _ EN~a _ |DUG~cx1(N57)| _ 4(N01) _ KASZ~d _ E2~b","TUR3~a _ TAK4~a _ KI _ AN _ SZU2 _ EN~a _ |DUG~cx1(N57)| _ N01 N01 N01 N01 _ KASZ~d _ E2~b"
"P002018","1(N01) _ |SILA3~axKASZ~d| _ 1(N01) _ |SILA3~axHASZHUR| _ 1(N01) _ SANGA~a","N01 _ |SILA3~axKASZ~d| _ N01 _ |SILA3~axHASZHUR| _ N01 _ SANGA~a"
"P002021","2(N01)","N01 N01"
"P002023","",""
"P002024","",""
"P002025","",""
"P002026","DU _ AMAR","DU _ AMAR"
"P002027","3(N01)","N01 N01 N01"
"P002028","UB","UB"
"P002029","",""
"P002031","1(N01) _ SZU","N01 _ SZU"
"P002032","",""
"P002033","ME~a","ME~a"
"P002034","1(N01) _ 2(N01)","N01 _ N01 N01"
"P002035","NE~a _ 5(N01) _ GA'AR~a2 _ EN~a","NE~a _ N01 N01 N01 N01 N01 _ GA'AR~a2 _ EN~a"
"P002041","HAL _ 1(N14) _ 4(N01) _ BA _ 1(N01) _ 2(N14) _ 4(N01) _ BA _ 1(N34) _ NAM2 _ RAD~a","HAL _ N14 _ N01 N01 N01 N01 _ BA _ N01 _ N14 N14 _ N01 N01 N01 N01 _ BA _ N34 _ NAM2 _ RAD~a"
"P002043","APIN~a _ BA","APIN~a _ BA"
"P002044","",""
"P002050","",""
"P002053","1(N01) _ TUG2~a _ BUR2 _ 3(N01) _ TUG2~a _ 1(N01) _ SZU2 _ 1(N01) _ BAR _ SZU2 _ SAL _ 4(N01) _ GISZIMMAR~b1 _ 1(N01) _ URI _ 1(N01) _ GISZ _ 2(N01) _ ZATU759 _ 1(N14) _ 1(N01) _ NU11 _ SAL _ 1(N01) _ ZATU778 _ SUG5 _ 3(N57) _ KAL~b2 _ E2~b","N01 _ TUG2~a _ BUR2 _ N01 N01 N01 _ TUG2~a _ N01 _ SZU2 _ N01 _ BAR _ SZU2 _ SAL _ N01 N01 N01 N01 _ GISZIMMAR~b1 _ N01 _ URI _ N01 _ GISZ _ N01 N01 _ ZATU759 _ N14 _ N01 _ NU11 _ SAL _ N01 _ ZATU778 _ SUG5 _ N57 N57 N57 _ KAL~b2 _ E2~b"
"P002056","GARA2~a _ 1(N01) _ SZEN~e _ EN~a _ AB~a _ TI _ 5(N01) _ GARA2~a _ TUR3~a","GARA2~a _ N01 _ SZEN~e _ EN~a _ AB~a _ TI _ N01 N01 N01 N01 N01 _ GARA2~a _ TUR3~a"
"P002059","1(N01) _ |SILA3~axNI~a| _ 1(N01) _ PAP~a","N01 _ |SILA3~axNI~a| _ N01 _ PAP~a"
"P002061","",""
"P002062","SZITA~a1 _ 2(N01) _ EN~a _ EZEN~b _ 6(N01) _ |SILA3~axSZE~a@t| _ 3(N01) _ PAP~a _ |MUSZENx2(N57)| _ 3(N34) _ 2(N14) _ 2(N01) _ BA _ |SILA3~axSZE~a@t| _ E2~a _ GAL~a _ 1(N34) _ 1(N34) _ SANGA~a _ BU~a _ ABGAL _ 6(N01) _ SZITA~a1 _ |SILA3~axSZE~a@t| _ 3(N01) _ PAP~a _ |MUSZENx2(N57)| _ EN~a _ EZEN~b","SZITA~a1 _ N01 N01 _ EN~a _ EZEN~b _ N01 N01 N01 N01 N01 N01 _ |SILA3~axSZE~a@t| _ N01 N01 N01 _ PAP~a _ |MUSZENx2(N57)| _ N34 N34 N34 _ N14 N14 _ N01 N01 _ BA _ |SILA3~axSZE~a@t| _ E2~a _ GAL~a _ N34 _ N34 _ SANGA~a _ BU~a _ ABGAL _ N01 N01 N01 N01 N01 N01 _ SZITA~a1 _ |SILA3~axSZE~a@t| _ N01 N01 N01 _ PAP~a _ |MUSZENx2(N57)| _ EN~a _ EZEN~b"
"P002063","1(N01) _ |U4x5(N57)| _ GU4 _ 1(N01) _ |U4x4(N57)| _ GU4 _ 2(N01) _ |U4x2(N57)| _ GU4 _ 1(N57) _ UTUL~a","N01 _ |U4x5(N57)| _ GU4 _ N01 _ |U4x4(N57)| _ GU4 _ N01 N01 _ |U4x2(N57)| _ GU4 _ N57 _ UTUL~a"
"P002064","",""
"P002068","2(N01) _ |SILA3~axNI~a| _ HI _ BAN~a _ |U4x1(N01)| _ GA2~c _ 1(N14) _ |SILA3~axHI| _ 1(N14) _ BA _ 2(N14) _ 2(N01) _ |DUG~ax1(N57)|","N01 N01 _ |SILA3~axNI~a| _ HI _ BAN~a _ |U4x1(N01)| _ GA2~c _ N14 _ |SILA3~axHI| _ N14 _ BA _ N14 N14 _ N01 N01 _ |DUG~ax1(N57)|"
"P002070","2(N01) _ 2(N01) _ 2(N01) _ 1(N14) _ DUG~c _ |SILA3~axSZE~a@t| _ E2~a","N01 N01 _ N01 N01 _ N01 N01 _ N14 _ DUG~c _ |SILA3~axSZE~a@t| _ E2~a"
"P002073","DU _ 1(N01) _ ZI~a _ |DU6~axDISZ| _ 1(N14)","DU _ N01 _ ZI~a _ |DU6~axDISZ| _ N14"
"P002074","",""
"P002078","SILA3~c","SILA3~c"
"P002082","SAG _ SUHUR _ SUMASZ _ 1(N34) _ UB _ KU6~a","SAG _ SUHUR _ SUMASZ _ N34 _ UB _ KU6~a"
"P002084","",""
"P002085","NU","NU"
"P002086","1(N01) _ UDU~a _ EN~a _ BU~b _ U2~b _ DU","N01 _ UDU~a _ EN~a _ BU~b _ U2~b _ DU"
"P002087","",""
"P002088","SI _ EN~a","SI _ EN~a"
"P002089","",""
"P002090","DUG~a _ UDU~a _ |BU~a+DU6~a| _ AN _ ZATU751~b _ EN~a","DUG~a _ UDU~a _ |BU~a+DU6~a| _ AN _ ZATU751~b _ EN~a"
"P002091","",""
"P002092","1(N02) _ DIM~a _ 1(N02) _ APIN~a _ 1(N01) _ DA~a _ 1(N01) _ HI _ 5(N57) _ GI6 _ 1(N01) _ EN~a _ GAN~c _ HI _ 1(N01) _ NIM~a _ BA _ SZITA~a3 _ NUN~a _ |SILA3~axSZU2| _ A _ URI3~a _ GAL~a","N02 _ DIM~a _ N02 _ APIN~a _ N01 _ DA~a _ N01 _ HI _ N57 N57 N57 N57 N57 _ GI6 _ N01 _ EN~a _ GAN~c _ HI _ N01 _ NIM~a _ BA _ SZITA~a3 _ NUN~a _ |SILA3~axSZU2| _ A _ URI3~a _ GAL~a"
"P002093","1(N01) _ |SAR~axSZE~a| _ SAG _ 3(N01) _ SIG7","N01 _ |SAR~axSZE~a| _ SAG _ N01 N01 N01 _ SIG7"
"P002094","A _ 1(N02) _ APIN~a _ LA2 _ LAM~b _ 1(N01) _ 1(N01) _ BA _ GAL~a _ 2(N02) _ NUN~a _ URI3~a _ 5(N02) _ GAL~a _ LAM~b _ NUN~a _ GAL~a _ SZITA~a1 _ SZU","A _ N02 _ APIN~a _ LA2 _ LAM~b _ N01 _ N01 _ BA _ GAL~a _ N02 N02 _ NUN~a _ URI3~a _ N02 N02 N02 N02 N02 _ GAL~a _ LAM~b _ NUN~a _ GAL~a _ SZITA~a1 _ SZU"
"P002095","1(N01) _ DUB~a _ 3(N01) _ BU~a","N01 _ DUB~a _ N01 N01 N01 _ BU~a"
"P002096","ZATU651@g","ZATU651@g"
"P002098","1(N01) _ UH3~a _ KALAM~b _ RAD~a@g _ KI","N01 _ UH3~a _ KALAM~b _ RAD~a@g _ KI"
"P002099","EN~a _ A _ SIG _ MUD _ AN _ TE","EN~a _ A _ SIG _ MUD _ AN _ TE"
"P002100","GU7","GU7"
"P002101","2(N01) _ 2(N01) _ GISZ","N01 N01 _ N01 N01 _ GISZ"
"P002102","PAP~a _ SZU2","PAP~a _ SZU2"
"P002103","USZ~a","USZ~a"
"P002104","",""
"P002106","2(N01@f) _ SZU","N01@f N01@f _ SZU"
"P002107","1(N01) _ EN~a _ TUR _ 2(N02) _ SZUBUR _ 7(N01)","N01 _ EN~a _ TUR _ N02 N02 _ SZUBUR _ N01 N01 N01 N01 N01 N01 N01"
"P002108","DIM~a","DIM~a"
"P002109","1(N14) _ 3(N01) _ 3(N01) _ UDUNITA~a _ RAD~a _ ZATU752","N14 _ N01 N01 N01 _ N01 N01 N01 _ UDUNITA~a _ RAD~a _ ZATU752"
"P002110","1(N34)","N34"
"P002111","EN~a","EN~a"
"P002112","1(N01) _ PAP~a _ 1(N01) _ GAL~a _ LAM~b","N01 _ PAP~a _ N01 _ GAL~a _ LAM~b"
"P002113","SZITA~a1 _ EN~a _ SAG _ 4(N01) _ 3(N01) _ 1(N01)","SZITA~a1 _ EN~a _ SAG _ N01 N01 N01 N01 _ N01 N01 N01 _ N01"
"P002115","",""
"P002116","",""
"P002118","TI _ PAP~a","TI _ PAP~a"
"P002119","GAR","GAR"
"P002120","1(N02)","N02"
"P002121","",""
"P002122","1(N34)","N34"
"P002123","BU~a","BU~a"
"P002124","TUG2~a","TUG2~a"
"P002125","",""
"P002126","1(N01)","N01"
"P002127","1(N01) _ E2~a","N01 _ E2~a"
"P002128","NIM~a","NIM~a"
"P002129","ZATU659 _ GAR","ZATU659 _ GAR"
"P002131","",""
"P002133","1(N01)","N01"
"P002134","3(N01)","N01 N01 N01"
"P002135","",""
"P002136","A","A"
"P002138","1(N45) _ 1(N14) _ 3(N14) _ 1(N14) _ 5(N01) _ 3(N57) _ |(UDU~axTAR)~b| _ BA _ 1(N01) _ 1(N08) _ KI _ U4 _ BU~a","N45 _ N14 _ N14 N14 N14 _ N14 _ N01 N01 N01 N01 N01 _ N57 N57 N57 _ |(UDU~axTAR)~b| _ BA _ N01 _ N08 _ KI _ U4 _ BU~a"
"P002139","1(N01) _ TI","N01 _ TI"
"P002140","",""
"P002141","EN~a _ NUN~a _ DU _ BU~a _ UDU~a _ AB2 _ 4(N01) _ HI _ 4(N01) _ 2(N01) _ NUN~a _ SZITA~a1","EN~a _ NUN~a _ DU _ BU~a _ UDU~a _ AB2 _ N01 N01 N01 N01 _ HI _ N01 N01 N01 N01 _ N01 N01 _ NUN~a _ SZITA~a1"
"P002142","",""
"P002143","",""
"P002144","",""
"P002145","",""
"P002146","1(N01) _ SI _ ZATU777 _ 3(N14) _ 3(N14) _ SZE~a _ EN~a _ 1(N01) _ KAB","N01 _ SI _ ZATU777 _ N14 N14 N14 _ N14 N14 N14 _ SZE~a _ EN~a _ N01 _ KAB"
"P002147","",""
"P002148","TAK4~a _ KI _ AK~a _ SI","TAK4~a _ KI _ AK~a _ SI"
"P002150","2(N02)","N02 N02"
"P002151","",""
"P002153","2(N14)","N14 N14"
"P002154","",""
"P002157","1(N01)","N01"
"P002169","AN","AN"
"P002170","",""
"P002171","1(N01) _ 2(N01) _ GU4 _ 1(N14)","N01 _ N01 N01 _ GU4 _ N14"
"P002172","UDU~a _ HI","UDU~a _ HI"
"P002173","NIM~a","NIM~a"
"P002174","SUKKAL","SUKKAL"
"P002175","",""
"P002176","",""
"P002179","SZU _ EN~a _ TUR _ EN~a _ TUR _ 1(N01) _ IDIGNA _ A _ SZIDIM _ 4(N01) _ EN~a _ TUR _ GI _ EN~a _ BA _ 1(N01) _ GI _ 2(N01) _ SZITA~a1 _ LAGAR~a@r _ EN~a _ TUR _ 1(N01) _ TUR _ EN~a _ BA _ 2(N01) _ EN~a _ TUR _ GI _ 2(N01) _ GI _ |U4x1(N57)| _ 2(N01) _ HI _ E2~a _ NUN~a _ BA _ 1(N01) _ EN~a _ PA~a _ 1(N01) _ U4 _ E2~b _ MAR~a _ 2(N01) _ EN~a _ TUR _ BA _ 3(N01) _ |U4x2(N57)| _ GI _ 2(N01) _ EN~a _ SZU _ NUN~a _ 1(N01) _ EN~a _ PA~a _ 1(N01) _ PAP~a _ 1(N01) _ KID~b _ UR4~b _ 1(N01) _ GI _ 1(N02) _ 1(N01) _ SZIDIM _ NUN~a _ SIG7 _ 3(N01) _ EN~a _ TUR _ GI _ 1(N01) _ BA _ 1(N01) _ SAL _ 1(N01) _ AB~a _ GI _ 2(N01) _ EN~a _ TUR _ KAK~a _ SZU _ SZITA~a1 _ 2(N01) _ EN~a _ TUR _ BA _ 4(N01) _ EN~a _ TUR _ GI _ 2(N01) _ AN _ |SZU2.EN~a| _ BA _ 1(N01) _ GI _ 2(N01) _ EN~a _ TUR _ BA _ 4(N01) _ |U4x2(N57)| _ GI _ 1(N01) _ KAB _ U2~a _ 2(N01) _ |KA2xLAM| _ 8(N01) _ GI _ |U4x2(N57)| _ 2(N01) _ LAM~a _ SI _ ME~a _ KAB _ NAM2 _ 1(N01) _ GI _ 2(N01) _ SZITA~a1 _ KAK~a _ SZU _ EN~a _ TUR _ 2(N01) _ EN~a _ TUR _ GI _ 3(N01) _ 2(N01) _ 5(N14)","SZU _ EN~a _ TUR _ EN~a _ TUR _ N01 _ IDIGNA _ A _ SZIDIM _ N01 N01 N01 N01 _ EN~a _ TUR _ GI _ EN~a _ BA _ N01 _ GI _ N01 N01 _ SZITA~a1 _ LAGAR~a@r _ EN~a _ TUR _ N01 _ TUR _ EN~a _ BA _ N01 N01 _ EN~a _ TUR _ GI _ N01 N01 _ GI _ |U4x1(N57)| _ N01 N01 _ HI _ E2~a _ NUN~a _ BA _ N01 _ EN~a _ PA~a _ N01 _ U4 _ E2~b _ MAR~a _ N01 N01 _ EN~a _ TUR _ BA _ N01 N01 N01 _ |U4x2(N57)| _ GI _ N01 N01 _ EN~a _ SZU _ NUN~a _ N01 _ EN~a _ PA~a _ N01 _ PAP~a _ N01 _ KID~b _ UR4~b _ N01 _ GI _ N02 _ N01 _ SZIDIM _ NUN~a _ SIG7 _ N01 N01 N01 _ EN~a _ TUR _ GI _ N01 _ BA _ N01 _ SAL _ N01 _ AB~a _ GI _ N01 N01 _ EN~a _ TUR _ KAK~a _ SZU _ SZITA~a1 _ N01 N01 _ EN~a _ TUR _ BA _ N01 N01 N01 N01 _ EN~a _ TUR _ GI _ N01 N01 _ AN _ |SZU2.EN~a| _ BA _ N01 _ GI _ N01 N01 _ EN~a _ TUR _ BA _ N01 N01 N01 N01 _ |U4x2(N57)| _ GI _ N01 _ KAB _ U2~a _ N01 N01 _ |KA2xLAM| _ N01 N01 N01 N01 N01 N01 N01 N01 _ GI _ |U4x2(N57)| _ N01 N01 _ LAM~a _ SI _ ME~a _ KAB _ NAM2 _ N01 _ GI _ N01 N01 _ SZITA~a1 _ KAK~a _ SZU _ EN~a _ TUR _ N01 N01 _ EN~a _ TUR _ GI _ N01 N01 N01 _ N01 N01 _ N14 N14 N14 N14 N14"
"P002181","NE~a _ 4(N01) _ SZAB~a _ UDU~a _ KUR~a _ 4(N01) _ GAL~a _ SZAB~a _ AL _ 4(N01) _ 2(N57) _ BA _ 8(N01) _ TUR _ 2(N01) _ SZU _ 1(N14) _ 9(N01) _ DA~a _ DU","NE~a _ N01 N01 N01 N01 _ SZAB~a _ UDU~a _ KUR~a _ N01 N01 N01 N01 _ GAL~a _ SZAB~a _ AL _ N01 N01 N01 N01 _ N57 N57 _ BA _ N01 N01 N01 N01 N01 N01 N01 N01 _ TUR _ N01 N01 _ SZU _ N14 _ N01 N01 N01 N01 N01 N01 N01 N01 N01 _ DA~a _ DU"
"P002182","2(N01) _ ME~a _ SUHUR _ 1(N38) _ 1(N34) _ E~b _ SUHUR","N01 N01 _ ME~a _ SUHUR _ N38 _ N34 _ E~b _ SUHUR"
"P002183","EN~a _ PAP~a _ EN~a _ DU _ GI","EN~a _ PAP~a _ EN~a _ DU _ GI"
"P002184","2(N14) _ SANGA~a _ 1(N14) _ SZU _ SZU _ 1(N34) _ EN~a _ DU _ KISAL~b1 _ SZU","N14 N14 _ SANGA~a _ N14 _ SZU _ SZU _ N34 _ EN~a _ DU _ KISAL~b1 _ SZU"
"P002185","DUB~a _ 2(N14) _ 3(N01) _ SIG2~b _ NI~a","DUB~a _ N14 N14 _ N01 N01 N01 _ SIG2~b _ NI~a"
"P002187","",""
"P002189","",""
"P002190","2(N01) _ 2(N01) _ PAP~a _ E2~a _ 2(N01)","N01 N01 _ N01 N01 _ PAP~a _ E2~a _ N01 N01"
"P002192","",""
"P002194","",""
"P002195","BALAG _ 3(N01) _ ZATU781 _ 1(N01) _ ZATU686~a _ |UR2x1(N57)| _ NUN~a _ 1(N01) _ EN~a _ 3(N01) _ E2~b _ 1(N01) _ SZU _ UKKIN~a _ 3(N01) _ GUG2 _ 3(N01) _ URI _ 4(N01) _ |GISZxSZU2~a| _ 1(N01) _ AN _ |GISZxSZU2~a| _ 1(N01) _ ZAG~a _ SI _ UKKIN~a _ URUDU~a _ URUDU~a _ DI _ 2(N01) _ URUDU~a _ 1(N01) _ AB~a _ 2(N01) _ GU4 _ 2(N01) _ ERIN _ NIMGIR _ 1(N01) _ NIMGIR _ AB~a _ 4(N01) _ EZEN~b _ 1(N01) _ KU6~a _ DIN _ 1(N01) _ NIR~a _ TE _ 1(N01) _ 1(N01) _ KALAM~a _ 4(N01) _ 4(N01) _ ZATU647 _ 1(N01) _ 2(N01) _ 1(N01) _ DU6~a _ 2(N01) _ GIR3~a _ TI@r _ 1(N01) _ SZURUPPAK~b _ KISAL~b1 _ 1(N01) _ |GI&GI| _ KISAL~b1 _ 1(N01) _ 2(N01) _ 1(N01) _ SANGA~a _ 1(N01) _ |ZATU737xDI| _ 2(N01) _ DUB~a _ 1(N01) _ SUHUR _ 1(N01) _ SUG5 _ GAL~a _ 1(N01) _ GAR _ 2(N01) _ GURUSZ~a _ SANGA~a _ 1(N01) _ 1(N01) _ MU _ 1(N01) _ 1(N01) _ EZEN~b _ 1(N01) _ DUG~a _ 1(N01) _ GA~a _ 1(N01) _ SZEN~e _ 4(N01) _ |GI&GI| _ 3(N57) _ TE _ 1(N01) _ SAG _ KISAL~b1 _ 1(N01) _ KISAL~b1 _ 2(N01) _ ZATU623 _ |NUN~a+EN~a| _ 2(N01) _ 2(N01) _ 3(N01) _ SZU _ GA~a _ 2(N01) _ ZATU623 _ 1(N01) _ MU _ SUHUR _ TE _ 2(N01) _ UKKIN~a _ SZU _ 1(N01) _ SUHUR _ 1(N01) _ USZ~a _ URU~a1 _ TE _ 1(N01) _ ZAR~c _ TE _ 1(N01) _ SUHUR _ 1(N01) _ KISAL~b1 _ 1(N01) _ MU _ 1(N01) _ KASZ~b _ 1(N34) _ 2(N01) _ UKKIN~a _ 9(N01) _ GAL~a _ TE _ 1(N14) _ ZATU647 _ 5(N01) _ NIM~a _ 2(N01) _ GAL~a _ KISAL~b1 _ 1(N14) _ 4(N01) _ 7(N01) _ NIMGIR _ ZATU776 _ 3(N34) _ 4(N14) _ 4(N01) _ EN~a","BALAG _ N01 N01 N01 _ ZATU781 _ N01 _ ZATU686~a _ |UR2x1(N57)| _ NUN~a _ N01 _ EN~a _ N01 N01 N01 _ E2~b _ N01 _ SZU _ UKKIN~a _ N01 N01 N01 _ GUG2 _ N01 N01 N01 _ URI _ N01 N01 N01 N01 _ |GISZxSZU2~a| _ N01 _ AN _ |GISZxSZU2~a| _ N01 _ ZAG~a _ SI _ UKKIN~a _ URUDU~a _ URUDU~a _ DI _ N01 N01 _ URUDU~a _ N01 _ AB~a _ N01 N01 _ GU4 _ N01 N01 _ ERIN _ NIMGIR _ N01 _ NIMGIR _ AB~a _ N01 N01 N01 N01 _ EZEN~b _ N01 _ KU6~a _ DIN _ N01 _ NIR~a _ TE _ N01 _ N01 _ KALAM~a _ N01 N01 N01 N01 _ N01 N01 N01 N01 _ ZATU647 _ N01 _ N01 N01 _ N01 _ DU6~a _ N01 N01 _ GIR3~a _ TI@r _ N01 _ SZURUPPAK~b _ KISAL~b1 _ N01 _ |GI&GI| _ KISAL~b1 _ N01 _ N01 N01 _ N01 _ SANGA~a _ N01 _ |ZATU737xDI| _ N01 N01 _ DUB~a _ N01 _ SUHUR _ N01 _ SUG5 _ GAL~a _ N01 _ GAR _ N01 N01 _ GURUSZ~a _ SANGA~a _ N01 _ N01 _ MU _ N01 _ N01 _ EZEN~b _ N01 _ DUG~a _ N01 _ GA~a _ N01 _ SZEN~e _ N01 N01 N01 N01 _ |GI&GI| _ N57 N57 N57 _ TE _ N01 _ SAG _ KISAL~b1 _ N01 _ KISAL~b1 _ N01 N01 _ ZATU623 _ |NUN~a+EN~a| _ N01 N01 _ N01 N01 _ N01 N01 N01 _ SZU _ GA~a _ N01 N01 _ ZATU623 _ N01 _ MU _ SUHUR _ TE _ N01 N01 _ UKKIN~a _ SZU _ N01 _ SUHUR _ N01 _ USZ~a _ URU~a1 _ TE _ N01 _ ZAR~c _ TE _ N01 _ SUHUR _ N01 _ KISAL~b1 _ N01 _ MU _ N01 _ KASZ~b _ N34 _ N01 N01 _ UKKIN~a _ N01 N01 N01 N01 N01 N01 N01 N01 N01 _ GAL~a _ TE _ N14 _ ZATU647 _ N01 N01 N01 N01 N01 _ NIM~a _ N01 N01 _ GAL~a _ KISAL~b1 _ N14 _ N01 N01 N01 N01 _ N01 N01 N01 N01 N01 N01 N01 _ NIMGIR _ ZATU776 _ N34 N34 N34 _ N14 N14 N14 N14 _ N01 N01 N01 N01 _ EN~a"
"P002197","1(N01) _ AN _ |SZU2.EN~a| _ 1(N01) _ AN _ RU _ 1(N01) _ |NUN~a+EN~a| _ 1(N01) _ KU6~a _ KAB _ 1(N01) _ 1(N01) _ 1(N01) _ KAB _ GI _ SZUM _ 8(N01) _ BA _ 1(N14)","N01 _ AN _ |SZU2.EN~a| _ N01 _ AN _ RU _ N01 _ |NUN~a+EN~a| _ N01 _ KU6~a _ KAB _ N01 _ N01 _ N01 _ KAB _ GI _ SZUM _ N01 N01 N01 N01 N01 N01 N01 N01 _ BA _ N14"
"P002199","3(N14) _ SZE3 _ 7(N01) _ 3(N61) _ SZE3","N14 N14 N14 _ SZE3 _ N01 N01 N01 N01 N01 N01 N01 _ N61 N61 N61 _ SZE3"
"P002200","",""
"P002202","SUHUR _ |SAGxGESZTU~b| _ 1(N01) _ 1(N01) _ SUHUR _ EN~a _ SZU _ |ZATU651xGAR|","SUHUR _ |SAGxGESZTU~b| _ N01 _ N01 _ SUHUR _ EN~a _ SZU _ |ZATU651xGAR|"
"P002203","2(N14) _ 5(N01) _ |GA2~a1xKU6~a| _ HAL _ PAP~a _ 3(N14) _ 4(N01) _ |GA2~a1xKU6~a| _ SANGA~a _ MU _ BA","N14 N14 _ N01 N01 N01 N01 N01 _ |GA2~a1xKU6~a| _ HAL _ PAP~a _ N14 N14 N14 _ N01 N01 N01 N01 _ |GA2~a1xKU6~a| _ SANGA~a _ MU _ BA"
"P002204","",""
"P002205","5(N01) _ |GA2~a1xA| _ 1(N14) _ 5(N01) _ |ZATU759xKU6~a| _ |ZATU759xX| _ KALAM~a _ EN~a _ HI _ E2~a _ NUN~a","N01 N01 N01 N01 N01 _ |GA2~a1xA| _ N14 _ N01 N01 N01 N01 N01 _ |ZATU759xKU6~a| _ |ZATU759xX| _ KALAM~a _ EN~a _ HI _ E2~a _ NUN~a"
"P002206","1(N14)","N14"
"P002215","4(N01)","N01 N01 N01 N01"
"P002217","ZATU758","ZATU758"
"P002219","2(N14)","N14 N14"
"P002220","",""
"P002222","5(N01)","N01 N01 N01 N01 N01"
