"tablet.id","signs.orig.vec","signs.expand.vec","num.char","huni.chars","hrate.chars","ttr.chars","rm.chars"
"P000001","1(N01) _ 1(N01) _ TIM _ 1(N01) _ 1(N01) _ 1(N01) _ 1(N01) _ GAL~a _ UMUN2 _ 1(N01) _ DUB~a _ 1(N01) _ 1(N01) _ UB","N01 _ N01 _ TIM _ N01 _ N01 _ N01 _ N01 _ GAL~a _ UMUN2 _ N01 _ DUB~a _ N01 _ N01 _ UB",27,1.91655263739254,1.60314661157589,0.259259259259259,"0"
"P000002","SZITA~a1 _ 1(N01) _ GAL~a _ SILA4~b _ 1(N01) _ GAL~a _ SZAB~a","SZITA~a1 _ N01 _ GAL~a _ SILA4~b _ N01 _ GAL~a _ SZAB~a",13,2.19968779473133,1.43209681795521,0.461538461538462,"0"
"P000008","NI~b _ TUR _ 1(N01) _ SAL _ ZATU750","NI~b _ TUR _ N01 _ SAL _ ZATU750",9,2.28103611255342,1.63073908549656,0.666666666666667,"0"
"P000009","1(N01) _ 1(N01) _ 1(N01) _ 1(N01) _ 1(N01) _ GAL~a _ 1(N01) _ 1(N01)","N01 _ N01 _ N01 _ N01 _ N01 _ GAL~a _ N01 _ N01",15,1.28669266835475,1.03530266478922,0.2,"0"
"P000010","1(N01) _ NUN~a _ 1(N01) _ EN~a _ AMAR _ 1(N01) _ 1(N01) _ 1(N01) _ IB~a _ ZATU686~a _ 1(N01) _ 1(N01) _ 1(N01)","N01 _ NUN~a _ N01 _ EN~a _ AMAR _ N01 _ N01 _ N01 _ IB~a _ ZATU686~a _ N01 _ N01 _ N01",25,1.96307418942857,1.56556126117761,0.28,"0"
"P000011","1(N01) _ DI _ 1(N01) _ NAM2 _ NAM2 _ 1(N01) _ NAM2 _ URU~a1 _ 1(N01) _ NAM2 _ ERIN _ 1(N01) _ GAL~a _ 1(N01) _ 1(N01) _ 1(N01) _ 1(N01) _ GAL~a _ TE _ 1(N01) _ GAL~a _ SUKKAL _ 1(N01) _ GADA~a _ SUKKAL _ 1(N01) _ 1(N01) _ 1(N01) _ 1(N01) _ 1(N01) _ 1(N01) _ 1(N01) _ 1(N01) _ 1(N01) _ 1(N01) _ 1(N01) _ 1(N01) _ 1(N01) _ 1(N01) _ 1(N01) _ 1(N01) _ GUG2 _ 1(N01) _ 1(N01)","N01 _ DI _ N01 _ NAM2 _ NAM2 _ N01 _ NAM2 _ URU~a1 _ N01 _ NAM2 _ ERIN _ N01 _ GAL~a _ N01 _ N01 _ N01 _ N01 _ GAL~a _ TE _ N01 _ GAL~a _ SUKKAL _ N01 _ GADA~a _ SUKKAL _ N01 _ N01 _ N01 _ N01 _ N01 _ N01 _ N01 _ N01 _ N01 _ N01 _ N01 _ N01 _ N01 _ N01 _ N01 _ N01 _ GUG2 _ N01 _ N01",87,1.9720731416757,1.44625386054099,0.126436781609195,"0"
"P000012","1(N01) _ NIMGIR _ 1(N01) _ SIG7 _ 1(N01) _ SUHUR _ 1(N01) _ 1(N01) _ TAR~a _ 1(N01) _ GAL~a _ DU6~b _ 1(N01) _ KUR~a _ 1(N01) _ 1(N01)","N01 _ NIMGIR _ N01 _ SIG7 _ N01 _ SUHUR _ N01 _ N01 _ TAR~a _ N01 _ GAL~a _ DU6~b _ N01 _ KUR~a _ N01 _ N01",31,2.14346457015757,1.86161748279228,0.290322580645161,"0"
"P000013","1(N01) _ ERIM~a _ NE~a _ 1(N01) _ 1(N01)","N01 _ ERIM~a _ NE~a _ N01 _ N01",9,1.7527152789797,1.19112436896772,0.444444444444444,"0"
"P000014","1(N01) _ SZUBUR _ 1(N01) _ |1(N57).SZUBUR| _ 1(N01) _ |2(N57).SZUBUR| _ 1(N01) _ U4 _ 1(N01) _ 1(N01) _ ME~a _ SZUBUR _ 1(N01) _ RAD~a@g _ SZUBUR _ 1(N01) _ SZUBUR _ 1(N01) _ ZATU686~a _ BU~a _ SZUBUR _ 1(N01) _ BU~a _ SZUBUR _ 1(N01) _ 1(N01) _ PAP~a _ 1(N01) _ 1(N01) _ SZUBUR _ 1(N01) _ KASKAL _ SZUBUR _ 1(N01) _ LAM~b _ SZUBUR _ 1(N01) _ SZUBUR _ 1(N01) _ SZUBUR _ 1(N01) _ SZUBUR _ 1(N01) _ UB _ SZUBUR _ 1(N01) _ MUSZEN _ SZUBUR _ 1(N01) _ TUM~a _ SZUBUR _ 1(N01) _ GI _ SZUBUR _ 1(N01) _ UR~a _ SZUBUR _ 1(N01) _ SZA3~a1 _ SZUBUR _ 1(N01) _ GAN2 _ SZUBUR _ 1(N01) _ SZUBUR _ 1(N01) _ GURUSZDA _ SZUBUR _ 1(N01) _ A _ SZUBUR _ 1(N01) _ SAGSZU _ SZUBUR _ 1(N01) _ BAHAR2~a _ SZUBUR _ 1(N01) _ SZUBUR _ AB2 _ 1(N01) _ 1(N01) _ 1(N01) _ SZUBUR _ |BU~a+DU6~a| _ 1(N01) _ SZUBUR _ LAGAB~a _ 1(N01) _ SZUBUR _ GI6 _ 1(N01) _ U4 _ 1(N01) _ BU~a _ SZUBUR _ 1(N01) _ URI3~a _ SZUBUR _ 1(N01) _ KAL~b1 _ SZUBUR _ 1(N01) _ 1(N57) _ SZUBUR _ 1(N01) _ SZUBUR _ KU6~a _ 1(N01) _ SZUBUR _ 1(N01) _ EN~a _ 1(N01) _ SZUBUR _ SUHUR _ 1(N01) _ SZUBUR _ MU _ 1(N01) _ TE _ SZUBUR _ 1(N01) _ ZATU758 _ SZUBUR _ 1(N01) _ 1(N01) _ BAHAR2~a _ SZUBUR _ 1(N01) _ AN _ SZUBUR _ 1(N01) _ SZUBUR _ GIR3~a _ 1(N01) _ |3(N57).SZUBUR| _ 1(N01) _ SZE3 _ SZUBUR _ 1(N01) _ 1(N01) _ SZUBUR _ 1(N01) _ SZUBUR _ MAH~a _ 5(N14) _ 8(N01)","N01 _ SZUBUR _ N01 _ |1(N57).SZUBUR| _ N01 _ |2(N57).SZUBUR| _ N01 _ U4 _ N01 _ N01 _ ME~a _ SZUBUR _ N01 _ RAD~a@g _ SZUBUR _ N01 _ SZUBUR _ N01 _ ZATU686~a _ BU~a _ SZUBUR _ N01 _ BU~a _ SZUBUR _ N01 _ N01 _ PAP~a _ N01 _ N01 _ SZUBUR _ N01 _ KASKAL _ SZUBUR _ N01 _ LAM~b _ SZUBUR _ N01 _ SZUBUR _ N01 _ SZUBUR _ N01 _ SZUBUR _ N01 _ UB _ SZUBUR _ N01 _ MUSZEN _ SZUBUR _ N01 _ TUM~a _ SZUBUR _ N01 _ GI _ SZUBUR _ N01 _ UR~a _ SZUBUR _ N01 _ SZA3~a1 _ SZUBUR _ N01 _ GAN2 _ SZUBUR _ N01 _ SZUBUR _ N01 _ GURUSZDA _ SZUBUR _ N01 _ A _ SZUBUR _ N01 _ SAGSZU _ SZUBUR _ N01 _ BAHAR2~a _ SZUBUR _ N01 _ SZUBUR _ AB2 _ N01 _ N01 _ N01 _ SZUBUR _ |BU~a+DU6~a| _ N01 _ SZUBUR _ LAGAB~a _ N01 _ SZUBUR _ GI6 _ N01 _ U4 _ N01 _ BU~a _ SZUBUR _ N01 _ URI3~a _ SZUBUR _ N01 _ KAL~b1 _ SZUBUR _ N01 _ N57 _ SZUBUR _ N01 _ SZUBUR _ KU6~a _ N01 _ SZUBUR _ N01 _ EN~a _ N01 _ SZUBUR _ SUHUR _ N01 _ SZUBUR _ MU _ N01 _ TE _ SZUBUR _ N01 _ ZATU758 _ SZUBUR _ N01 _ N01 _ BAHAR2~a _ SZUBUR _ N01 _ AN _ SZUBUR _ N01 _ SZUBUR _ GIR3~a _ N01 _ |3(N57).SZUBUR| _ N01 _ SZE3 _ SZUBUR _ N01 _ N01 _ SZUBUR _ N01 _ SZUBUR _ MAH~a _ N14 N14 N14 N14 N14 _ N01 N01 N01 N01 N01 N01 N01 N01",304,2.6254804191318,2.45837491914019,0.141447368421053,"0.0363036303630363"
"P000015","DUG~b _ 1(N01) _ DUG~c _ 1(N01) _ |DUG+ASZ~c| _ 1(N01) _ UKKIN~b _ 1(N01) _ MUD3~a _ 1(N01) _ 1(N01) _ KISIM~b _ 1(N01) _ NI~b _ 1(N01) _ IR~b _ 1(N01) _ HI _ IR~b _ 1(N01) _ 1(N01) _ SU~a _ NI~b _ 1(N01) _ 3(N57) _ SU~a _ NI~b _ 1(N01) _ |DUG~bxSZE~a| _ 1(N01) _ 1(N01) _ |DUG~bxKASKAL| _ 1(N01) _ KASZ~b _ 1(N01) _ |DUG~bxGESZTU~b| _ 1(N01) _ 1(N01) _ |DUG~bxNAGA~a| _ 1(N01) _ 1(N01) _ 1(N01) _ 1(N01) _ 1(N01) _ |DUG~bxX| _ 1(N01) _ |DUG~bxGISZ| _ 1(N01) _ GISZ _ |DUG~bxGISZ| _ 1(N01) _ LA2 _ ERIM~b2 _ 1(N01) _ SIG2~d1 _ 1(N01) _ U4 _ 1(N01) _ SIG2~d1 _ 1(N01) _ NI~b _ SIG2~d1 _ 1(N01) _ KU6~a _ SIG2~d1 _ 1(N01) _ 1(N01) _ SI _ SIG2~d1 _ SIG2~d1 _ SAG _ SIG2~d1 _ EZEN~a _ SIG2~d1 _ 1(N01) _ 1(N01) _ MUD3~c _ 1(N01) _ 1(N01) _ GAL~a _ 1(N01) _ 1(N57) _ TAK4~a _ TUN3~b _ 1(N01) _ 3(N57) _ TAK4~a _ TUN3~b _ 1(N01) _ NAGAR~a _ SZITA~a1 _ AN _ SZITA~a1 _ 1(N01) _ 1(N57) _ TAK4~a _ 1(N01) _ 1(N34) _ SZA3~a2","DUG~b _ N01 _ DUG~c _ N01 _ |DUG+ASZ~c| _ N01 _ UKKIN~b _ N01 _ MUD3~a _ N01 _ N01 _ KISIM~b _ N01 _ NI~b _ N01 _ IR~b _ N01 _ HI _ IR~b _ N01 _ N01 _ SU~a _ NI~b _ N01 _ N57 N57 N57 _ SU~a _ NI~b _ N01 _ |DUG~bxSZE~a| _ N01 _ N01 _ |DUG~bxKASKAL| _ N01 _ KASZ~b _ N01 _ |DUG~bxGESZTU~b| _ N01 _ N01 _ |DUG~bxNAGA~a| _ N01 _ N01 _ N01 _ N01 _ N01 _ |DUG~bxX| _ N01 _ |DUG~bxGISZ| _ N01 _ GISZ _ |DUG~bxGISZ| _ N01 _ LA2 _ ERIM~b2 _ N01 _ SIG2~d1 _ N01 _ U4 _ N01 _ SIG2~d1 _ N01 _ NI~b _ SIG2~d1 _ N01 _ KU6~a _ SIG2~d1 _ N01 _ N01 _ SI _ SIG2~d1 _ SIG2~d1 _ SAG _ SIG2~d1 _ EZEN~a _ SIG2~d1 _ N01 _ N01 _ MUD3~c _ N01 _ N01 _ GAL~a _ N01 _ N57 _ TAK4~a _ TUN3~b _ N01 _ N57 N57 N57 _ TAK4~a _ TUN3~b _ N01 _ NAGAR~a _ SZITA~a1 _ AN _ SZITA~a1 _ N01 _ N57 _ TAK4~a _ N01 _ N34 _ SZA3~a2",201,2.9131122052205,2.60145727855635,0.189054726368159,"0.02"
"P000019","1(N01) _ GAL~a _ SZUBUR _ 1(N01) _ 1(N01) _ 1(N01)","N01 _ GAL~a _ SZUBUR _ N01 _ N01 _ N01",11,1.67673703005213,1.18443851467426,0.363636363636364,"0"
"P000020","1(N01) _ NUN~a _ 1(N01) _ TUR3~a","N01 _ NUN~a _ N01 _ TUR3~a",7,1.84237099317711,1.20839638639549,0.571428571428571,"0"
"P000021","1(N01) _ 1(N01) _ GURUSZ~a _ KI _ 1(N01) _ |KAK~a.GA2~a1| _ 1(N01) _ |KAK~a.GA2~a1| _ 1(N01) _ 1(N01) _ 1(N01) _ 1(N01) _ UR~a _ 1(N01) _ 3(N57) _ 1(N01) _ 1(N01) _ 1(N01) _ 1(N01) _ 1(N01)","N01 _ N01 _ GURUSZ~a _ KI _ N01 _ |KAK~a.GA2~a1| _ N01 _ |KAK~a.GA2~a1| _ N01 _ N01 _ N01 _ N01 _ UR~a _ N01 _ N57 N57 N57 _ N01 _ N01 _ N01 _ N01 _ N01",41,1.92417446397423,1.45215115538714,0.170731707317073,"0.05"
"P000022","1(N01) _ ZATU707~a _ ZATU686~a _ ZATU707~a _ ZATU707~a _ KA~a _ E2~a _ E2~a _ KA~a _ LAGAB~b _ ZATU707~a","N01 _ ZATU707~a _ ZATU686~a _ ZATU707~a _ ZATU707~a _ KA~a _ E2~a _ E2~a _ KA~a _ LAGAB~b _ ZATU707~a",21,2.23901832997525,1.65773660508064,0.333333333333333,"0"
"P000023","1(N01) _ 1(N01) _ SZITA~b1 _ 1(N01) _ SZITA~a1 _ 1(N01) _ 1(N01) _ 1(N01) _ SZA _ 1(N01) _ 1(N01) _ 1(N01) _ 1(N01) _ 1(N01) _ SZITA~a1 _ 1(N01) _ |SZITA~a1xKAK~a| _ 1(N01) _ |SZITA~a1xSZU| _ 1(N01) _ |SZITA~a1xKAK~a| _ 1(N01) _ |SZITA~a1xSZU|","N01 _ N01 _ SZITA~b1 _ N01 _ SZITA~a1 _ N01 _ N01 _ N01 _ SZA _ N01 _ N01 _ N01 _ N01 _ N01 _ SZITA~a1 _ N01 _ |SZITA~a1xKAK~a| _ N01 _ |SZITA~a1xSZU| _ N01 _ |SZITA~a1xKAK~a| _ N01 _ |SZITA~a1xSZU|",45,1.87605632868193,1.37624070195059,0.155555555555556,"0"
"P000024","1(N01) _ SANGA~a _ 1(N01) _ BUR2","N01 _ SANGA~a _ N01 _ BUR2",7,1.84237099317711,1.20839638639549,0.571428571428571,"0"
"P000025","1(N01) _ DUG~c _ 1(N01) _ PAP~a _ 1(N01) _ NAM2 _ 1(N01) _ PAP~a _ 3(N57) _ 1(N01) _ 1(N01) _ NAM2@g _ 1(N01) _ SUKKAL _ NUN~a _ 1(N01) _ SUKKAL _ 1(N01) _ 1(N01) _ ME~a _ UDU~a _ URU~a1 _ 1(N01) _ 1(N01) _ 1(N01) _ MASZ _ APIN~a _ 1(N01) _ EN~a _ EN~a _ 1(N01) _ 1(N01) _ 3(N57) _ 1(N01) _ AN _ SZU _ 1(N01) _ ME~a _ 1(N01) _ SZU@g _ 1(N01) _ 1(N01) _ 1(N01) _ KU6~a _ 1(N01) _ DA~a _ 1(N01) _ 1(N01) _ 1(N01) _ 3(N57) _ UR3~b2 _ 1(N01) _ EN~a _ UR3~b1 _ 1(N01) _ 1(N01) _ PAP~a _ UR3~b2 _ 1(N01) _ SAL _ 1(N01) _ 1(N01) _ AN _ UR3~b2 _ 1(N01) _ 1(N01) _ 1(N01) _ 1(N01) _ 1(N01) _ 1(N01) _ 1(N01) _ 1(N01) _ 1(N01) _ 1(N01) _ |GISZxSZU2~b| _ 1(N01) _ DU _ |GISZxSZU2~b| _ 1(N01) _ LA2 _ NESAG2~b _ 1(N01) _ U2~b _ SAG _ 1(N01) _ U2~b _ 1(N02) _ 1(N01) _ ME~a _ U2~b _ 1(N01) _ LA2 _ U2~b _ 1(N01) _ 1(N01) _ U2~b _ A _ 1(N01) _ EN~a _ BU~b _ U2~b _ DU _ 1(N01) _ ZATU697~a _ 1(N01) _ 3(N57) _ 1(N01) _ 1(N01) _ EN~a _ SZA3~a2 _ 1(N01) _ HI _ EN~a _ 1(N01) _ 1(N01) _ 1(N01) _ 1(N01) _ URI3~a _ 1(N01) _ 3(N57) _ URI3~a _ 1(N01) _ |GIR~b.GIR~b| _ 1(N01) _ 1(N01) _ RI8~a _ 1(N01) _ BU~a _ 1(N01) _ 1(N01) _ 1(N01) _ 1(N01) _ BU~a _ SAL _ 1(N01) _ ZATU659 _ 1(N01) _ 1(N01) _ 1(N01) _ NUNUZ~c _ DA~a","N01 _ DUG~c _ N01 _ PAP~a _ N01 _ NAM2 _ N01 _ PAP~a _ N57 N57 N57 _ N01 _ N01 _ NAM2@g _ N01 _ SUKKAL _ NUN~a _ N01 _ SUKKAL _ N01 _ N01 _ ME~a _ UDU~a _ URU~a1 _ N01 _ N01 _ N01 _ MASZ _ APIN~a _ N01 _ EN~a _ EN~a _ N01 _ N01 _ N57 N57 N57 _ N01 _ AN _ SZU _ N01 _ ME~a _ N01 _ SZU@g _ N01 _ N01 _ N01 _ KU6~a _ N01 _ DA~a _ N01 _ N01 _ N01 _ N57 N57 N57 _ UR3~b2 _ N01 _ EN~a _ UR3~b1 _ N01 _ N01 _ PAP~a _ UR3~b2 _ N01 _ SAL _ N01 _ N01 _ AN _ UR3~b2 _ N01 _ N01 _ N01 _ N01 _ N01 _ N01 _ N01 _ N01 _ N01 _ N01 _ |GISZxSZU2~b| _ N01 _ DU _ |GISZxSZU2~b| _ N01 _ LA2 _ NESAG2~b _ N01 _ U2~b _ SAG _ N01 _ U2~b _ N02 _ N01 _ ME~a _ U2~b _ N01 _ LA2 _ U2~b _ N01 _ N01 _ U2~b _ A _ N01 _ EN~a _ BU~b _ U2~b _ DU _ N01 _ ZATU697~a _ N01 _ N57 N57 N57 _ N01 _ N01 _ EN~a _ SZA3~a2 _ N01 _ HI _ EN~a _ N01 _ N01 _ N01 _ N01 _ URI3~a _ N01 _ N57 N57 N57 _ URI3~a _ N01 _ |GIR~b.GIR~b| _ N01 _ N01 _ RI8~a _ N01 _ BU~a _ N01 _ N01 _ N01 _ N01 _ BU~a _ SAL _ N01 _ ZATU659 _ N01 _ N01 _ N01 _ NUNUZ~c _ DA~a",291,2.783348241122,2.39780604582883,0.140893470790378,"0.0344827586206897"
"P000030","1(N01) _ 1(N01) _ 1(N01) _ 1(N01)","N01 _ N01 _ N01 _ N01",7,0.985228136034252,0.720114450271154,0.285714285714286,"0"
"P000031","1(N01) _ 1(N01) _ 1(N01) _ 1(N01) _ 1(N01) _ BU~a _ SZAB~a _ 1(N01) _ 1(N01) _ GAL~a _ TUR3~a _ 1(N01) _ 1(N01) _ 1(N01) _ 1(N01) _ 1(N01) _ 1(N01) _ GAL~a _ 1(N01)","N01 _ N01 _ N01 _ N01 _ N01 _ BU~a _ SZAB~a _ N01 _ N01 _ GAL~a _ TUR3~a _ N01 _ N01 _ N01 _ N01 _ N01 _ N01 _ GAL~a _ N01",37,1.68616636739197,1.2790943604854,0.162162162162162,"0"
"P000033","1(N01) _ KU~b2 _ DU6~b _ 1(N01) _ TAR~a _ DU6~b _ 1(N01)","N01 _ KU~b2 _ DU6~b _ N01 _ TAR~a _ DU6~b _ N01",13,1.98777337148798,1.33688713110603,0.384615384615385,"0"
"P000034","KISZ","KISZ",1,0,0,1,"NA"
"P000035","KU6~a _ KU6~a _ 1(N01) _ DUR2 _ KU6~a _ 1(N01) _ ME~a _ KU6~a _ 1(N01) _ KU6~a _ 1(N01) _ 1(N01) _ AB~a _ KU6~a _ 1(N01) _ KU6~a _ 1(N01) _ SUKUD@g~b _ 1(N01) _ TU~b _ KU6~a _ 1(N01) _ 1(N01) _ GIR~b _ 1(N01) _ KA~a _ KU6~a _ 1(N01) _ KU6~a _ 1(N01) _ 1(N01) _ U2~b _ 1(N01) _ 1(N01) _ 1(N01) _ 1(N01) _ 1(N01) _ 1(N01) _ NUN~a _ NAM2","KU6~a _ KU6~a _ N01 _ DUR2 _ KU6~a _ N01 _ ME~a _ KU6~a _ N01 _ KU6~a _ N01 _ N01 _ AB~a _ KU6~a _ N01 _ KU6~a _ N01 _ SUKUD@g~b _ N01 _ TU~b _ KU6~a _ N01 _ N01 _ GIR~b _ N01 _ KA~a _ KU6~a _ N01 _ KU6~a _ N01 _ N01 _ U2~b _ N01 _ N01 _ N01 _ N01 _ N01 _ N01 _ NUN~a _ NAM2",79,2.17987531295877,1.75698658245272,0.164556962025316,"0"
"P000036","1(N01) _ 1(N01) _ SZITA~a1 _ 1(N01) _ |SILA3~axSZU| _ 1(N01) _ 1(N01)","N01 _ N01 _ SZITA~a1 _ N01 _ |SILA3~axSZU| _ N01 _ N01",13,1.61433083515927,1.21867283206115,0.307692307692308,"0"
"P000037","1(N01) _ 1(N01) _ U4 _ 1(N01)","N01 _ N01 _ U4 _ N01",7,1.44881563572518,1.01651150805671,0.428571428571429,"0"
"P000038","1(N01) _ DUG~c _ 1(N01) _ BAPPIR~b _ 1(N01)","N01 _ DUG~c _ N01 _ BAPPIR~b _ N01",9,1.7527152789797,1.22708191172107,0.444444444444444,"0"
"P000039","1(N01) _ IDIGNA _ BU~a _ 1(N01) _ SAG _ RAD~a _ 1(N01) _ GAN2 _ RAD~a _ SANGA~a _ 1(N01) _ ISZ~b _ 1(N01) _ AN _ E2~a _ AN _ GAL~a _ 1(N01) _ DA~a _ PA~a _ 1(N01) _ U4 _ AN _ KI","N01 _ IDIGNA _ BU~a _ N01 _ SAG _ RAD~a _ N01 _ GAN2 _ RAD~a _ SANGA~a _ N01 _ ISZ~b _ N01 _ AN _ E2~a _ AN _ GAL~a _ N01 _ DA~a _ PA~a _ N01 _ U4 _ AN _ KI",47,2.77909317197811,2.39954241475014,0.340425531914894,"0"
"P000040","ZATU647 _ URUDU@g~c","ZATU647 _ URUDU@g~c",3,1.58496250072116,0.861654166907052,1,"0"
"P000041","PAP~a _ SZA3~a2 _ TU~b","PAP~a _ SZA3~a2 _ TU~b",5,1.92192809488736,1.1813781191217,0.8,"0"
"P000042","1(N01) _ 1(N01) _ 1(N01) _ GISZ _ 1(N01) _ IN~b _ 1(N01)","N01 _ N01 _ N01 _ GISZ _ N01 _ IN~b _ N01",13,1.61433083515927,1.3108495689867,0.307692307692308,"0"
"P000043","MUSZEN _ 1(N01) _ 1(N01) _ 1(N57) _ GAN2 _ 1(N01) _ NAGA~a _ TUR3~b _ 1(N01) _ |SILA3~axA| _ 1(N01) _ ME~a _ 1(N01) _ KUSZU2~d _ 1(N01) _ 1(N01) _ AN","MUSZEN _ N01 _ N01 _ N57 _ GAN2 _ N01 _ NAGA~a _ TUR3~b _ N01 _ |SILA3~axA| _ N01 _ ME~a _ N01 _ KUSZU2~d _ N01 _ N01 _ AN",33,2.37772745269179,2.00213218565616,0.333333333333333,"0"
"P000045","1(N01) _ 1(N01) _ KAB _ NAM2 _ 1(N01) _ 1(N01) _ 1(N01) _ 1(N01) _ 1(N01) _ 1(N01)","N01 _ N01 _ KAB _ NAM2 _ N01 _ N01 _ N01 _ N01 _ N01 _ N01",19,1.48322619697091,1.04444103360601,0.210526315789474,"0"
"P000046","1(N01) _ 1(N01) _ 1(N01)","N01 _ N01 _ N01",5,0.970950594454669,0.671190309536813,0.4,"0"
"P000047","1(N01) _ HI _ 1(N01)","N01 _ HI _ N01",5,1.52192809488736,0.949185309632967,0.6,"0"
"P000048","1(N01) _ 1(N01) _ 1(N01) _ SUKKAL _ 1(N01) _ 1(N01) _ 1(N01)","N01 _ N01 _ N01 _ SUKKAL _ N01 _ N01 _ N01",13,1.31432048670618,0.974736263139164,0.230769230769231,"0"
"P000050","1(N01) _ NAM2 _ 1(N01) _ 1(N01) _ 1(N01) _ 1(N01) _ ME~a _ NUN~a _ 1(N01) _ 1(N01) _ 1(N01) _ 1(N01) _ 1(N01) _ 1(N01) _ 1(N01) _ SANGA~a _ SUKKAL _ A","N01 _ NAM2 _ N01 _ N01 _ N01 _ N01 _ ME~a _ NUN~a _ N01 _ N01 _ N01 _ N01 _ N01 _ N01 _ N01 _ SANGA~a _ SUKKAL _ A",35,1.91481392237612,1.50590120482301,0.228571428571429,"0"
"P000051","1(N01) _ GAL~a _ 1(N01) _ 1(N01) _ 1(N01) _ 1(N01) _ 1(N01) _ KU3~a _ 1(N01) _ 1(N01) _ GAL~a _ IM~a _ 1(N01) _ 1(N01) _ 1(N01) _ 1(N01) _ 1(N01) _ |ZATU737xSAL| _ 1(N01)","N01 _ GAL~a _ N01 _ N01 _ N01 _ N01 _ N01 _ KU3~a _ N01 _ N01 _ GAL~a _ IM~a _ N01 _ N01 _ N01 _ N01 _ N01 _ |ZATU737xSAL| _ N01",37,1.68616636739197,1.32672926440198,0.162162162162162,"0"
"P000053","1(N01) _ DUG~c","N01 _ DUG~c",3,1.58496250072116,0.861654166907052,1,"0"
"P000054","1(N01) _ 1(N01) _ 1(N01) _ 1(N01) _ 1(N01) _ ERIN _ 1(N01) _ SANGA~a _ 1(N01) _ GAL~a _ UMUN2 _ 1(N01) _ UMUN2 _ 1(N01) _ GAL~a _ 1(N01) _ GAL~a _ 1(N01) _ IM~a","N01 _ N01 _ N01 _ N01 _ N01 _ ERIN _ N01 _ SANGA~a _ N01 _ GAL~a _ UMUN2 _ N01 _ UMUN2 _ N01 _ GAL~a _ N01 _ GAL~a _ N01 _ IM~a",37,1.96979700527394,1.55328169912584,0.189189189189189,"0"
"P000055","1(N01) _ 1(N01) _ 1(N01) _ GAL~a _ TE _ 1(N01) _ 1(N01) _ 1(N01) _ UMUN2 _ 1(N01) _ 1(N01) _ 1(N01)","N01 _ N01 _ N01 _ GAL~a _ TE _ N01 _ N01 _ N01 _ UMUN2 _ N01 _ N01 _ N01",23,1.62864574657914,1.28174689936219,0.217391304347826,"0"
"P000057","1(N01) _ 1(N01) _ GAL~a _ TAG~a2 _ 1(N01) _ SANGA~a _ 1(N01) _ 1(N01) _ 1(N01) _ SAG _ 1(N01) _ ZATU725 _ 1(N01) _ 1(N01) _ ME~a _ 1(N01) _ 1(N01) _ 1(N01) _ GAR _ 1(N01) _ 1(N01) _ 1(N01) _ GAL~a _ SZAGAN _ 1(N01) _ ENGIZ _ 1(N01)","N01 _ N01 _ GAL~a _ TAG~a2 _ N01 _ SANGA~a _ N01 _ N01 _ N01 _ SAG _ N01 _ ZATU725 _ N01 _ N01 _ ME~a _ N01 _ N01 _ N01 _ GAR _ N01 _ N01 _ N01 _ GAL~a _ SZAGAN _ N01 _ ENGIZ _ N01",53,2.07323553054576,1.81093248611083,0.207547169811321,"0"
"P000058","1(N01) _ 1(N01) _ 1(N01) _ 1(N01) _ 1(N01) _ 1(N01) _ SZE3@t _ GA'AR~a1 _ 1(N01) _ GA'AR~a1 _ 1(N01)","N01 _ N01 _ N01 _ N01 _ N01 _ N01 _ SZE3@t _ GA'AR~a1 _ N01 _ GA'AR~a1 _ N01",21,1.57235166330859,1.23303676888696,0.19047619047619,"0"
"P000060","1(N01) _ 1(N01) _ 1(N01) _ SAL","N01 _ N01 _ N01 _ SAL",7,1.44881563572518,1.00982852918396,0.428571428571429,"0"
"P000061","1(N01) _ 1(N01) _ 1(N01) _ 1(N01) _ 1(N01) _ BU~a _ SZAB~a _ 1(N01) _ NESAG2~a","N01 _ N01 _ N01 _ N01 _ N01 _ BU~a _ SZAB~a _ N01 _ NESAG2~a",17,1.76335842923111,1.44114078485125,0.294117647058824,"0"
"P000062","1(N01) _ ISZ~b _ 1(N01) _ 1(N01) _ SZA3~a1 _ URI _ 1(N01)","N01 _ ISZ~b _ N01 _ N01 _ SZA3~a1 _ URI _ N01",13,1.89199548703902,1.46091582308544,0.384615384615385,"0"
"P000063","1(N01) _ AN _ NU _ GIR~a _ 1(N01) _ ZATU806","N01 _ AN _ NU _ GIR~a _ N01 _ ZATU806",11,2.22219157550668,1.60761491829592,0.545454545454545,"0"
"P000064","1(N01) _ 1(N01) _ U2~b _ |GA~cx1(N14)| _ 1(N01) _ GA'AR~a1 _ 1(N01) _ GA'AR~a1","N01 _ N01 _ U2~b _ |GA~cx1(N14)| _ N01 _ GA'AR~a1 _ N01 _ GA'AR~a1",15,1.93012496531497,1.3827858979296,0.333333333333333,"0"
"P000065","1(N01) _ TA~c _ 1(N01) _ 1(N01)","N01 _ TA~c _ N01 _ N01",7,1.44881563572518,0.946324308612304,0.428571428571429,"0"
"P000066","1(N01) _ 1(N01) _ 1(N01) _ 1(N01) _ 1(N01) _ 1(N01) _ GAL~a _ 1(N01) _ BU~a _ 1(N01) _ GAL~a _ 1(N01) _ 1(N01) _ 1(N01) _ 1(N01)","N01 _ N01 _ N01 _ N01 _ N01 _ N01 _ GAL~a _ N01 _ BU~a _ N01 _ GAL~a _ N01 _ N01 _ N01 _ N01",29,1.4675493083186,1.10022686724057,0.137931034482759,"0"
"P000067","1(N01) _ 1(N01) _ 1(N01) _ IB~a _ 1(N01) _ GAL~a _ SZITA~a1 _ 1(N01) _ 1(N01) _ 1(N01) _ 1(N01) _ GAL~a _ 1(N01)","N01 _ N01 _ N01 _ IB~a _ N01 _ GAL~a _ SZITA~a1 _ N01 _ N01 _ N01 _ N01 _ GAL~a _ N01",25,1.70190118890934,1.26193411889784,0.2,"0"
"P000068","1(N01) _ KAL~a _ AB2 _ 1(N01) _ GA~b _ AMAR _ 1(N14) _ SUHUR _ 1(N14) _ 3(N01) _ 1(N01) _ 1(N14)","N01 _ KAL~a _ AB2 _ N01 _ GA~b _ AMAR _ N14 _ SUHUR _ N14 _ N01 N01 N01 _ N01 _ N14",25,2.3111197773147,1.8081369422845,0.32,"0.0833333333333333"
"P000069","1(N01) _ 1(N01) _ |DUG~bxTAK4~a| _ 1(N01) _ |DUG~bxSA~a|","N01 _ N01 _ |DUG~bxTAK4~a| _ N01 _ |DUG~bxSA~a|",9,1.7527152789797,1.23357772545588,0.444444444444444,"0"
"P000070","A _ 1(N01) _ ISZ~b _ 1(N14) _ 1(N14) _ KAR2~b","A _ N01 _ ISZ~b _ N14 _ N14 _ KAR2~b",11,2.22219157550668,1.56216037284137,0.545454545454545,"0"
"P000071","1(N01) _ 1(N01) _ NAM2 _ 1(N01) _ NAM2 _ NAM2 _ 1(N01) _ NAM2 _ URU~a1 _ 1(N01)","N01 _ N01 _ NAM2 _ N01 _ NAM2 _ NAM2 _ N01 _ NAM2 _ URU~a1 _ N01",19,1.71429775094792,1.1524862442865,0.210526315789474,"0"
"P000072","1(N01) _ MUD3~a _ 1(N01)","N01 _ MUD3~a _ N01",5,1.52192809488736,0.949185309632967,0.6,"0"
"P000073","1(N01) _ MUD3~a _ 1(N01) _ LAHTAN2 _ 1(N01) _ KISIM~b _ NI~b _ 1(N34)","N01 _ MUD3~a _ N01 _ LAHTAN2 _ N01 _ KISIM~b _ NI~b _ N34",15,2.27979913183741,1.77928673754239,0.466666666666667,"0"
"P000075","1(N01) _ 1(N01) _ 1(N01) _ NAM2 _ 1(N01)","N01 _ N01 _ N01 _ NAM2 _ N01",9,1.39214722366453,1.07264024500098,0.333333333333333,"0"
"P000076","5(N14) _ 6(N14) _ 1(N01) _ 1(N01) _ GAR@g~c _ 1(N01) _ BU~a _ 1(N01)","N14 N14 N14 N14 N14 _ N14 N14 N14 N14 N14 N14 _ N01 _ N01 _ GAR@g~c _ N01 _ BU~a _ N01",24,1.84724448991226,1.54397255689855,0.208333333333333,"0.391304347826087"
"P000077","1(N01) _ SZEN~a _ 1(N01) _ URI","N01 _ SZEN~a _ N01 _ URI",7,1.84237099317711,1.20839638639549,0.571428571428571,"0"
"P000079","EN~a","EN~a",1,0,0,1,"NA"
"P000080","1(N01) _ 1(N01) _ GAL~a _ 1(N01) _ GAL~a _ 1(N01)","N01 _ N01 _ GAL~a _ N01 _ GAL~a _ N01",11,1.49491884823395,0.923474439787138,0.272727272727273,"0"
"P000081","1(N01) _ 1(N01) _ GAL~a _ TUR3~a","N01 _ N01 _ GAL~a _ TUR3~a",7,1.84237099317711,1.27858358583989,0.571428571428571,"0"
"P000082","1(N01) _ NIM~a _ 1(N01) _ GAL~a _ 1(N01)","N01 _ NIM~a _ N01 _ GAL~a _ N01",9,1.7527152789797,1.22708191172107,0.444444444444444,"0"
"P000083","1(N01) _ 1(N01) _ IM~b _ TUR _ 1(N01)","N01 _ N01 _ IM~b _ TUR _ N01",9,1.7527152789797,1.28167195573338,0.444444444444444,"0"
"P000084","1(N01) _ UMUN2","N01 _ UMUN2",3,1.58496250072116,0.861654166907052,1,"0"
"P000085","1(N01)","N01",1,0,0,1,"NA"
"P000086","E2~a","E2~a",1,0,0,1,"NA"
"P000087","1(N01) _ 1(N01) _ 1(N01) _ |ZATU737xSAL| _ 1(N01) _ 1(N01) _ 1(N01) _ 1(N01)","N01 _ N01 _ N01 _ |ZATU737xSAL| _ N01 _ N01 _ N01 _ N01",15,1.28669266835475,0.934435919121482,0.2,"0"
"P000088","1(N01) _ 1(N01)","N01 _ N01",3,0.918295834054489,0.597493750120193,0.666666666666667,"0"
"P000090","|DUG~bxGESZTU~a| _ 1(N01)","|DUG~bxGESZTU~a| _ N01",3,1.58496250072116,0.861654166907052,1,"0"
"P000091","1(N01) _ 1(N01) _ GAL~a _ 1(N01)","N01 _ N01 _ GAL~a _ N01",7,1.44881563572518,1.01651150805671,0.428571428571429,"0"
"P000093","NI~a","NI~a",1,0,0,1,"NA"
"P000094","GA~a","GA~a",1,0,0,1,"NA"
"P000095","1(N01) _ 1(N01) _ GAL~a _ 1(N01) _ |NUN~a+EN~a| _ 1(N01)","N01 _ N01 _ GAL~a _ N01 _ |NUN~a+EN~a| _ N01",11,1.67673703005213,1.26720224576218,0.363636363636364,"0"
"P000096","|ZATU737xSAL|","|ZATU737xSAL|",1,0,0,1,"NA"
"P000097","1(N01) _ 1(N01) _ NE~a _ IR~a _ 1(N01) _ DIN _ IR~a","N01 _ N01 _ NE~a _ IR~a _ N01 _ DIN _ IR~a",13,1.98777337148798,1.45556383026297,0.384615384615385,"0"
"P000098","1(N01) _ GAN~a _ 1(N01) _ 1(N01) _ |DUG~bxSZE~a| _ 1(N01) _ 1(N01)","N01 _ GAN~a _ N01 _ N01 _ |DUG~bxSZE~a| _ N01 _ N01",13,1.61433083515927,1.18467335058974,0.307692307692308,"0"
"P000099","1(N01) _ 1(N01) _ GAL~a _ 1(N01) _ GA~a","N01 _ N01 _ GAL~a _ N01 _ GA~a",9,1.7527152789797,1.23357772545588,0.444444444444444,"0"
"P000100","1(N01) _ SAG _ KI _ AD~a _ 1(N01) _ HAL _ ABRIG _ AD~a","N01 _ SAG _ KI _ AD~a _ N01 _ HAL _ ABRIG _ AD~a",15,2.33012496531497,1.75994991166091,0.466666666666667,"0"
"P000101","1(N01) _ 1(N01) _ 1(N01) _ NIM~a _ 1(N01) _ 1(N01)","N01 _ N01 _ N01 _ NIM~a _ N01 _ N01",11,1.34858789601242,1.02711873899358,0.272727272727273,"0"
"P000102","1(N01) _ GAL~a _ TE _ 1(N01) _ GAL~a _ SUKKAL _ 1(N01) _ 1(N01)","N01 _ GAL~a _ TE _ N01 _ GAL~a _ SUKKAL _ N01 _ N01",15,1.93012496531497,1.33601095333288,0.333333333333333,"0"
"P000103","1(N01) _ MAR~b _ 1(N01) _ MAR~b","N01 _ MAR~b _ N01 _ MAR~b",7,1.55665670746282,0.918682307482693,0.428571428571429,"0"
"P000104","|DUG~bxKUR@g~a|","|DUG~bxKUR@g~a|",1,0,0,1,"NA"
"P000105","1(N01) _ 1(N01) _ BU~a _ SANGA~a _ 1(N01) _ BU~a _ SANGA~a","N01 _ N01 _ BU~a _ SANGA~a _ N01 _ BU~a _ SANGA~a",13,1.83392721764183,1.11395601892093,0.307692307692308,"0"
"P000106","1(N01)","N01",1,0,0,1,"NA"
"P000107","1(N01) _ NUN~a _ 1(N01) _ BU~a","N01 _ NUN~a _ N01 _ BU~a",7,1.84237099317711,1.20839638639549,0.571428571428571,"0"
"P000108","1(N01) _ 1(N01) _ ISZ~a _ 1(N01) _ 1(N01)","N01 _ N01 _ ISZ~a _ N01 _ N01",9,1.39214722366453,0.975921198319659,0.333333333333333,"0"
"P000109","1(N01) _ BU~a _ SZAB~a _ 1(N01) _ 1(N01) _ 1(N01)","N01 _ BU~a _ SZAB~a _ N01 _ N01 _ N01",11,1.67673703005213,1.18443851467426,0.363636363636364,"0"
"P000110","1(N01) _ 1(N01)","N01 _ N01",3,0.918295834054489,0.597493750120193,0.666666666666667,"0"
"P000111","HALUB _ MUSZEN _ SZE~a _ MASZ _ TU~b _ 1(N34)","HALUB _ MUSZEN _ SZE~a _ MASZ _ TU~b _ N34",11,2.40400975732486,1.79973158505,0.636363636363636,"0"
"P000113","1(N01) _ SU~a _ NI~b _ 1(N01) _ SU~a _ NI~b","N01 _ SU~a _ NI~b _ N01 _ SU~a _ NI~b",11,1.85855521187031,1.08152461432913,0.363636363636364,"0"
"P000114","1(N14) _ U8","N14 _ U8",3,1.58496250072116,0.861654166907052,1,"0"
"P000115","1(N01) _ 1(N01) _ 1(N01) _ 1(N01) _ 1(N01) _ 1(N01) _ 1(N01) _ 1(N01) _ 1(N01)","N01 _ N01 _ N01 _ N01 _ N01 _ N01 _ N01 _ N01 _ N01",17,0.997502546369115,0.670815856148015,0.117647058823529,"0"
"P000116","1(N01) _ 1(N01) _ NIM~b2 _ 1(N01) _ SZITA~a1 _ 1(N01) _ ZATU753 _ 1(N01) _ SANGA~a _ 1(N01) _ 1(N01) _ UB _ 1(N01) _ 1(N01) _ 1(N01) _ NAMESZDA _ 1(N01) _ NAM2 _ URU~a1 _ 1(N01) _ 1(N01) _ |SZE~a.NAM2| _ 1(N01) _ AN _ HI _ KI _ NUN~a _ 1(N01) _ 1(N34)","N01 _ N01 _ NIM~b2 _ N01 _ SZITA~a1 _ N01 _ ZATU753 _ N01 _ SANGA~a _ N01 _ N01 _ UB _ N01 _ N01 _ N01 _ NAMESZDA _ N01 _ NAM2 _ URU~a1 _ N01 _ N01 _ |SZE~a.NAM2| _ N01 _ AN _ HI _ KI _ NUN~a _ N01 _ N34",57,2.44325322904648,2.32332852673598,0.280701754385965,"0"
"P000117","1(N01) _ 1(N01) _ |DUG~bxKASKAL|","N01 _ N01 _ |DUG~bxKASKAL|",5,1.52192809488736,0.970049785692216,0.6,"0"
"P000118","1(N01) _ |UR2x1(N57)| _ 1(N01) _ |GISZxSZU2~b| _ 1(N01) _ GISZIMMAR~b1 _ 1(N01) _ UR2 _ 1(N01) _ 1(N01)","N01 _ |UR2x1(N57)| _ N01 _ |GISZxSZU2~b| _ N01 _ GISZIMMAR~b1 _ N01 _ UR2 _ N01 _ N01",19,1.9300801441116,1.53697510509548,0.315789473684211,"0"
"P000120","IR~a _ 1(N01) _ DIN _ IR~a _ 1(N01) _ SU~a _ NI~b _ 1(N01) _ NI~b _ 1(N01) _ 1(N01) _ |DUG~bxKASKAL| _ 1(N01) _ KASZ~b _ 1(N01) _ |DUG~bxGESZTU~a| _ 1(N01) _ 1(N01) _ 1(N01)","IR~a _ N01 _ DIN _ IR~a _ N01 _ SU~a _ NI~b _ N01 _ NI~b _ N01 _ N01 _ |DUG~bxKASKAL| _ N01 _ KASZ~b _ N01 _ |DUG~bxGESZTU~a| _ N01 _ N01 _ N01",37,2.1749146906334,1.73802486118966,0.243243243243243,"0"
"P000122","1(N01) _ SU~a _ NI~b _ 1(N01) _ E2~a _ SU~a _ NI~b","N01 _ SU~a _ NI~b _ N01 _ E2~a _ SU~a _ NI~b",13,2.04584164088517,1.33688713110603,0.384615384615385,"0"
"P000123","1(N01) _ 1(N01) _ DUB~a _ SANGA~a _ 1(N01)","N01 _ N01 _ DUB~a _ SANGA~a _ N01",9,1.7527152789797,1.28167195573338,0.444444444444444,"0"
"P000124","GAL~a","GAL~a",1,0,0,1,"NA"
"P000125","KAD4~b _ 3(N01) _ ZA~v _ 1(N01)","KAD4~b _ N01 N01 N01 _ ZA~v _ N01",9,1.7527152789797,1.27008058014491,0.444444444444444,"0.25"
"P000126","1(N01) _ 1(N01) _ MUSZEN","N01 _ N01 _ MUSZEN",5,1.52192809488736,0.970049785692216,0.6,"0"
"P000127","1(N01) _ 1(N01) _ UMUN2 _ KU3~a _ 1(N01) _ GAL~a _ AK~a _ 1(N01) _ 1(N01) _ 1(N01) _ 1(N01)","N01 _ N01 _ UMUN2 _ KU3~a _ N01 _ GAL~a _ AK~a _ N01 _ N01 _ N01 _ N01",21,1.87466192738462,1.45016767184905,0.285714285714286,"0"
"P000128","1(N01) _ 1(N01) _ 1(N01) _ 1(N01) _ 1(N01) _ 1(N01) _ 1(N01) _ 1(N01) _ 1(N01)","N01 _ N01 _ N01 _ N01 _ N01 _ N01 _ N01 _ N01 _ N01",17,0.997502546369115,0.670815856148015,0.117647058823529,"0"
"P000129","1(N01) _ 1(N01) _ ABGAL _ 1(N01) _ 1(N01) _ TE _ 1(N01) _ 1(N01) _ 1(N01) _ 1(N01) _ 1(N01) _ 1(N01)","N01 _ N01 _ ABGAL _ N01 _ N01 _ TE _ N01 _ N01 _ N01 _ N01 _ N01 _ N01",23,1.42473461893163,1.0537865531391,0.173913043478261,"0"
"P000132","1(N01) _ AN _ TAK4~a","N01 _ AN _ TAK4~a",5,1.92192809488736,1.1813781191217,0.8,"0"
"P000133","DARA4~a1 _ DARA4~a1 _ AMAR","DARA4~a1 _ DARA4~a1 _ AMAR",5,1.52192809488736,0.970049785692216,0.6,"0"
"P000134","1(N01) _ SU~a _ 1(N01) _ E2~a","N01 _ SU~a _ N01 _ E2~a",7,1.84237099317711,1.20839638639549,0.571428571428571,"0"
"P000135","KAK~a _ GI6","KAK~a _ GI6",3,1.58496250072116,0.861654166907052,1,"0"
"P000136","1(N01) _ 1(N01) _ 1(N01) _ 1(N01)","N01 _ N01 _ N01 _ N01",7,0.985228136034252,0.720114450271154,0.285714285714286,"0"
"P000138","1(N01) _ 1(N01) _ 1(N01)","N01 _ N01 _ N01",5,0.970950594454669,0.671190309536813,0.4,"0"
"P000140","1(N01) _ 1(N01) _ 1(N01) _ 1(N01) _ SANGA~a _ 1(N01) _ SANGA~a _ 1(N01) _ GAL~a _ 1(N01)","N01 _ N01 _ N01 _ N01 _ SANGA~a _ N01 _ SANGA~a _ N01 _ GAL~a _ N01",19,1.60683227831811,1.24106385792143,0.210526315789474,"0"
"P000141","AMAR _ BA","AMAR _ BA",3,1.58496250072116,0.861654166907052,1,"0"
"P000142","1(N01) _ 1(N01) _ GU4 _ 1(N01) _ 3(N57) _ ZAG~a _ GU4 _ 1(N01) _ 3(N57) _ DARA4~a1 _ ZAG~a","N01 _ N01 _ GU4 _ N01 _ N57 N57 N57 _ ZAG~a _ GU4 _ N01 _ N57 N57 N57 _ DARA4~a1 _ ZAG~a",25,2.2146939516467,1.46308982371026,0.24,"0.166666666666667"
"P000143","1(N01) _ SZEN~a _ 1(N01) _ URI _ 1(N01) _ SUH3 _ 1(N01)","N01 _ SZEN~a _ N01 _ URI _ N01 _ SUH3 _ N01",13,1.89199548703902,1.41777072286983,0.384615384615385,"0"
"P000144","1(N01) _ |GISZ3~a&GISZ3~a| _ GISZ _ 1(N01)","N01 _ |GISZ3~a&GISZ3~a| _ GISZ _ N01",7,1.84237099317711,1.22900704385684,0.571428571428571,"0"
"P000146","1(N01) _ 1(N01)","N01 _ N01",3,0.918295834054489,0.597493750120193,0.666666666666667,"0"
"P000147","1(N01) _ 1(N01) _ SZA _ 1(N01) _ UB _ 1(N01)","N01 _ N01 _ SZA _ N01 _ UB _ N01",11,1.67673703005213,1.26720224576218,0.363636363636364,"0"
"P000148","1(N01) _ 1(N29~a) _ 1(N01) _ 1(N28) _ 1(N01)","N01 _ N29~a _ N01 _ N28 _ N01",9,1.7527152789797,1.22708191172107,0.444444444444444,"0"
"P000149","1(N01) _ AMA~b _ 1(N01) _ BAHAR2~a _ 1(N01) _ 1(N01)","N01 _ AMA~b _ N01 _ BAHAR2~a _ N01 _ N01",11,1.67673703005213,1.19113104965427,0.363636363636364,"0"
"P000150","SZE~a _ SZE~a","SZE~a _ SZE~a",3,0.918295834054489,0.597493750120193,0.666666666666667,"0"
"P000151","1(N01) _ 1(N01)","N01 _ N01",3,0.918295834054489,0.597493750120193,0.666666666666667,"0"
"P000152","1(N01) _ 1(N01) _ TUR","N01 _ N01 _ TUR",5,1.52192809488736,0.970049785692216,0.6,"0"
"P000153","HI _ 1(N01) _ 9(N58) _ NI~b _ 1(N01) _ IR~a _ 1(N01) _ NE~a _ 1(N01) _ 1(N01) _ SU~a _ NI~b _ 1(N01) _ 1(N01) _ 1(N01) _ 1(N01)","HI _ N01 _ N58 N58 N58 N58 N58 N58 N58 N58 N58 _ NI~b _ N01 _ IR~a _ N01 _ NE~a _ N01 _ N01 _ SU~a _ NI~b _ N01 _ N01 _ N01 _ N01",39,2.26842763014201,1.61195691736088,0.205128205128205,"0.210526315789474"
"P000154","1(N01) _ |DUG~bxSZAH2~a| _ 1(N01) _ 1(N01) _ 1(N01)","N01 _ |DUG~bxSZAH2~a| _ N01 _ N01 _ N01",9,1.39214722366453,0.971260019333076,0.333333333333333,"0"
"P000155","1(N01) _ AN _ 1(N01) _ NAGAR~b _ SZITA~a1 _ 1(N01) _ AN _ NAGAR~b _ SZITA~a1 _ 1(N01) _ NAGAR~b","N01 _ AN _ N01 _ NAGAR~b _ SZITA~a1 _ N01 _ AN _ NAGAR~b _ SZITA~a1 _ N01 _ NAGAR~b",21,2.01259511558652,1.18246489054,0.238095238095238,"0"
"P000156","1(N01) _ 1(N01) _ |KA~axSAR~a| _ KU6~a _ 1(N01) _ LU2 _ KU6~a","N01 _ N01 _ |KA~axSAR~a| _ KU6~a _ N01 _ LU2 _ KU6~a",13,1.98777337148798,1.45556383026297,0.384615384615385,"0"
"P000158","1(N01) _ 1(N01) _ 1(N01) _ 1(N01) _ 1(N01) _ UB _ 1(N01) _ ZATU725 _ 1(N01)","N01 _ N01 _ N01 _ N01 _ N01 _ UB _ N01 _ ZATU725 _ N01",17,1.51972846157956,1.29307219287207,0.235294117647059,"0"
"P000159","1(N01) _ 1(N01) _ DI _ 1(N01) _ NAM2 _ 1(N01) _ 1(N01)","N01 _ N01 _ DI _ N01 _ NAM2 _ N01 _ N01",13,1.61433083515927,1.21867283206115,0.307692307692308,"0"
"P000160","AD~a _ NI~b _ DU6~a _ 1(N01) _ 1(N01) _ 1(N57) _ BAR _ 1(N01) _ 1(N01)","AD~a _ NI~b _ DU6~a _ N01 _ N01 _ N57 _ BAR _ N01 _ N01",17,2.20510990007387,1.63482020335464,0.411764705882353,"0"
"P000161","1(N01) _ 1(N01) _ NAM2 _ 1(N01) _ NAM2 _ DI _ 1(N01) _ NAM2 _ NAM2 _ 1(N01) _ NAM2 _ URU~a1 _ 1(N01) _ NAM2 _ ERIN _ 1(N01) _ GAL~a _ SZUBUR _ 1(N01) _ 1(N01) _ 1(N01) _ NAM2 _ PA~a _ RAD~a _ 1(N01) _ AB~a _ ME~a _ 1(N01) _ |1(N58).BAD~a| _ GAL~a _ 1(N01) _ EN~a _ IB~a _ 1(N01) _ SZITA~a1 _ 1(N01) _ ABGAL _ 1(N01) _ KINGAL _ 1(N01) _ 1(N01) _ 1(N01) _ SIG2~c1 _ 1(N01) _ NIM~a _ 1(N01) _ GAL~a _ 1(N01) _ SILA4~a _ 1(N01) _ SZAB~a _ GAL~a _ 1(N01) _ 1(N01) _ ERIN _ 1(N01) _ SANGA~a _ UMUN2 _ 1(N01) _ AK~a _ 1(N01) _ SUHUR _ 1(N01) _ 1(N01) _ 3(N14) _ 6(N01)","N01 _ N01 _ NAM2 _ N01 _ NAM2 _ DI _ N01 _ NAM2 _ NAM2 _ N01 _ NAM2 _ URU~a1 _ N01 _ NAM2 _ ERIN _ N01 _ GAL~a _ SZUBUR _ N01 _ N01 _ N01 _ NAM2 _ PA~a _ RAD~a _ N01 _ AB~a _ ME~a _ N01 _ |1(N58).BAD~a| _ GAL~a _ N01 _ EN~a _ IB~a _ N01 _ SZITA~a1 _ N01 _ ABGAL _ N01 _ KINGAL _ N01 _ N01 _ N01 _ SIG2~c1 _ N01 _ NIM~a _ N01 _ GAL~a _ N01 _ SILA4~a _ N01 _ SZAB~a _ GAL~a _ N01 _ N01 _ ERIN _ N01 _ SANGA~a _ UMUN2 _ N01 _ AK~a _ N01 _ SUHUR _ N01 _ N01 _ N14 N14 N14 _ N01 N01 N01 N01 N01 N01",138,2.6739043128989,2.54637585014939,0.195652173913043,"0.0510948905109489"
"P000162","1(N01) _ KISZIK~a _ AB~a _ 1(N01) _ 1(N01)","N01 _ KISZIK~a _ AB~a _ N01 _ N01",9,1.7527152789797,1.19112436896772,0.444444444444444,"0"
"P000163","1(N01) _ 1(N01) _ NAM2 _ 1(N01) _ AB~a _ ME~a _ 1(N01) _ GAL~a _ |1(N58).BAD~a| _ 1(N01) _ EN~a _ 1(N01) _ 1(N01) _ 1(N01)","N01 _ N01 _ NAM2 _ N01 _ AB~a _ ME~a _ N01 _ GAL~a _ |1(N58).BAD~a| _ N01 _ EN~a _ N01 _ N01 _ N01",27,2.08430541565109,1.76048582006123,0.296296296296296,"0"
"P000164","1(N01) _ UMUN2 _ 1(N01) _ AB~a _ KU3~a _ 1(N01) _ GAL~a _ AK~a _ 1(N01) _ GAL~a _ IM~a _ 1(N01) _ IM~a _ 1(N01) _ 1(N01) _ 1(N01) _ DAM _ 1(N01) _ NUN~a _ BU3 _ 1(N01) _ ME~a _ 1(N01) _ GALGA~a _ 1(N01) _ LAGAR~a _ IB~a _ 1(N01) _ GAR _ 1(N01) _ 1(N01) _ 1(N01) _ 1(N01) _ 1(N01) _ 1(N01)","N01 _ UMUN2 _ N01 _ AB~a _ KU3~a _ N01 _ GAL~a _ AK~a _ N01 _ GAL~a _ IM~a _ N01 _ IM~a _ N01 _ N01 _ N01 _ DAM _ N01 _ NUN~a _ BU3 _ N01 _ ME~a _ N01 _ GALGA~a _ N01 _ LAGAR~a _ IB~a _ N01 _ GAR _ N01 _ N01 _ N01 _ N01 _ N01 _ N01",69,2.37396852405441,2.11143130899022,0.231884057971014,"0"
"P000165","1(N01) _ 1(N01) _ 1(N01) _ 1(N01) _ SANGA~a _ |ZATU737xDI| _ 1(N01) _ SANGA~a","N01 _ N01 _ N01 _ N01 _ SANGA~a _ |ZATU737xDI| _ N01 _ SANGA~a",15,1.68948226701918,1.2597590280518,0.266666666666667,"0"
"P000166","1(N01) _ 1(N01) _ KAR2~a _ 1(N01) _ NUN~a _ 1(N01)","N01 _ N01 _ KAR2~a _ N01 _ NUN~a _ N01",11,1.67673703005213,1.26720224576218,0.363636363636364,"0"
"P000167","1(N01) _ 1(N01) _ 1(N01) _ GA2~b _ 1(N01) _ UR~a _ 1(N01) _ GA2~a3 _ 1(N01) _ URU~a1 _ 1(N01) _ 1(N01) _ 1(N01) _ GAL~a _ 1(N01) _ TE _ |NUN~a+EN~a| _ 1(N01) _ RAD~b _ 1(N01) _ 1(N01) _ 1(N01) _ 1(N01) _ 1(N01) _ PAP~a _ 1(N01)","N01 _ N01 _ N01 _ GA2~b _ N01 _ UR~a _ N01 _ GA2~a3 _ N01 _ URU~a1 _ N01 _ N01 _ N01 _ GAL~a _ N01 _ TE _ |NUN~a+EN~a| _ N01 _ RAD~b _ N01 _ N01 _ N01 _ N01 _ N01 _ PAP~a _ N01",51,2.03353763519456,1.85553045294341,0.215686274509804,"0"
"P000169","1(N01) _ 1(N01) _ 1(N01) _ |8(N57).NI~b|","N01 _ N01 _ N01 _ |8(N57).NI~b|",7,1.44881563572518,1.00982852918396,0.428571428571429,"0"
"P000170","1(N01) _ NAMESZDA _ 1(N01) _ 1(N01) _ GAL~a _ SZUBUR _ 1(N01)","N01 _ NAMESZDA _ N01 _ N01 _ GAL~a _ SZUBUR _ N01",13,1.89199548703902,1.46091582308544,0.384615384615385,"0"
"P000171","1(N01) _ GIR2~a _ 1(N01) _ AN _ GIR2~a","N01 _ GIR2~a _ N01 _ AN _ GIR2~a",9,1.83659166810898,1.22708191172107,0.444444444444444,"0"
"P000172","1(N01) _ 1(N01) _ NUN~a _ PAP~a _ SIG7","N01 _ N01 _ NUN~a _ PAP~a _ SIG7",9,2.0588138903312,1.51333445581351,0.555555555555556,"0"
"P000173","1(N01) _ 1(N01)","N01 _ N01",3,0.918295834054489,0.597493750120193,0.666666666666667,"0"
"P000174","1(N01) _ 1(N01)","N01 _ N01",3,0.918295834054489,0.597493750120193,0.666666666666667,"0"
"P000175","1(N01) _ 1(N01) _ 1(N01) _ 1(N01)","N01 _ N01 _ N01 _ N01",7,0.985228136034252,0.720114450271154,0.285714285714286,"0"
"P000176","1(N01) _ ZATU686~c _ 1(N01) _ PA~a","N01 _ ZATU686~c _ N01 _ PA~a",7,1.84237099317711,1.20839638639549,0.571428571428571,"0"
"P000178","1(N01) _ MA _ 1(N01) _ GU4 _ 1(N01) _ AD~a _ A _ BU~a","N01 _ MA _ N01 _ GU4 _ N01 _ AD~a _ A _ BU~a",15,2.27979913183741,1.77928673754239,0.466666666666667,"0"
"P000179","1(N01) _ 1(N01) _ 1(N01) _ 1(N01) _ 1(N01) _ 1(N01) _ GAL~a _ SZITA~a1 _ 1(N01) _ ABGAL _ 1(N01) _ 1(N01) _ GAL~a _ TE _ 1(N01) _ NESAG2~b _ 1(N01) _ GAL~a _ TUR3~a _ 1(N01) _ GAL~a _ SZAB~a _ 1(N01) _ 1(N01) _ IM~b _ 1(N01) _ SZA _ 1(N01) _ GAL~a _ ERIN _ 1(N01) _ 1(N01) _ PA~a _ 1(N01) _ ADAB _ PA~a _ 1(N01) _ ADAB","N01 _ N01 _ N01 _ N01 _ N01 _ N01 _ GAL~a _ SZITA~a1 _ N01 _ ABGAL _ N01 _ N01 _ GAL~a _ TE _ N01 _ NESAG2~b _ N01 _ GAL~a _ TUR3~a _ N01 _ GAL~a _ SZAB~a _ N01 _ N01 _ IM~b _ N01 _ SZA _ N01 _ GAL~a _ ERIN _ N01 _ N01 _ PA~a _ N01 _ ADAB _ PA~a _ N01 _ ADAB",75,2.29817899848981,2.032039956077,0.186666666666667,"0"
"P000180","1(N01) _ 1(N01) _ 1(N01) _ NIM~a _ 1(N01) _ 1(N01) _ 1(N01) _ EN~a _ AMAR _ 1(N01) _ AN _ 1(N01) _ 1(N01) _ 1(N01) _ 1(N01)","N01 _ N01 _ N01 _ NIM~a _ N01 _ N01 _ N01 _ EN~a _ AMAR _ N01 _ AN _ N01 _ N01 _ N01 _ N01",29,1.70774938430631,1.41722592578288,0.206896551724138,"0"
"P000181","|SU~ax1(N58)| _ |GA2~a1xMASZ| _ GISZ _ 1(N34) _ 2(N34) _ 1(N01) _ GURUSZ~a _ LA2 _ 1(N01)","|SU~ax1(N58)| _ |GA2~a1xMASZ| _ GISZ _ N34 _ N34 N34 _ N01 _ GURUSZ~a _ LA2 _ N01",18,2.46132014021101,1.89289706317521,0.444444444444444,"0.0588235294117647"
"P000182","1(N01) _ 1(N01) _ NUN~a _ 1(N01) _ AN _ RU _ 1(N01) _ EN~a _ 1(N01) _ 1(N01) _ 1(N01) _ 1(N01)","N01 _ N01 _ NUN~a _ N01 _ AN _ RU _ N01 _ EN~a _ N01 _ N01 _ N01 _ N01",23,1.82557292105657,1.46013766362004,0.260869565217391,"0"
"P000183","NI~a _ 1(N01) _ DUG~b _ 1(N01)","NI~a _ N01 _ DUG~b _ N01",7,1.84237099317711,1.1674603176492,0.571428571428571,"0"
"P000184","1(N01) _ 1(N01) _ 1(N01) _ 1(N01) _ NAM2 _ APIN~a _ SZITA~a1 _ 1(N01) _ 1(N01) _ 1(N01) _ 1(N01) _ 1(N01) _ KU3~a _ 1(N01)","N01 _ N01 _ N01 _ N01 _ NAM2 _ APIN~a _ SZITA~a1 _ N01 _ N01 _ N01 _ N01 _ N01 _ KU3~a _ N01",27,1.74285056569281,1.39329628814117,0.222222222222222,"0"
"P000187","NAM2 _ 1(N01) _ GISZ _ NU11 _ 1(N01) _ GISZ _ KIN2~c _ 1(N01) _ 1(N01) _ 1(N01) _ DUB~b _ 1(N01) _ GISZ _ 1(N01) _ SI","NAM2 _ N01 _ GISZ _ NU11 _ N01 _ GISZ _ KIN2~c _ N01 _ N01 _ N01 _ DUB~b _ N01 _ GISZ _ N01 _ SI",29,2.17834855149402,1.60722396449833,0.275862068965517,"0"
"P000188","1(N01) _ 1(N01) _ TE _ 1(N01) _ NI~b _ 1(N01)","N01 _ N01 _ TE _ N01 _ NI~b _ N01",11,1.67673703005213,1.26720224576218,0.363636363636364,"0"
"P000189","SUM~a _ ZATU751~a","SUM~a _ ZATU751~a",3,1.58496250072116,0.861654166907052,1,"0"
"P000190","GUM~b","GUM~b",1,0,0,1,"NA"
"P000191","1(N01) _ 1(N01) _ 1(N01)","N01 _ N01 _ N01",5,0.970950594454669,0.671190309536813,0.4,"0"
"P000193","1(N01) _ 1(N01) _ 1(N01) _ 1(N01)","N01 _ N01 _ N01 _ N01",7,0.985228136034252,0.720114450271154,0.285714285714286,"0"
"P000194","1(N01) _ |DUG~cx1(N57)| _ 1(N01)","N01 _ |DUG~cx1(N57)| _ N01",5,1.52192809488736,0.949185309632967,0.6,"0"
"P000195","AN _ NE~a","AN _ NE~a",3,1.58496250072116,0.861654166907052,1,"0"
"P000196","SIG _ GA~a _ SZA3~a1","SIG _ GA~a _ SZA3~a1",5,1.92192809488736,1.1813781191217,0.8,"0"
"P000197","DA~a _ MAR~a _ NA~a _ NIR~b _ A _ ZATU680~b _ DA~a _ NA~a _ A","DA~a _ MAR~a _ NA~a _ NIR~b _ A _ ZATU680~b _ DA~a _ NA~a _ A",17,2.3227569588974,1.67377699656667,0.411764705882353,"0"
"P000198","1(N01) _ GISZ _ 1(N01) _ IN~b _ 1(N01) _ GISZ _ 1(N01) _ GISZ _ URUDU~a _ 1(N01) _ TAG~b _ GISZ _ 1(N01) _ 1(N01) _ 1(N01)","N01 _ GISZ _ N01 _ IN~b _ N01 _ GISZ _ N01 _ GISZ _ URUDU~a _ N01 _ TAG~b _ GISZ _ N01 _ N01 _ N01",29,1.916499308617,1.4086633734536,0.206896551724138,"0"
"P000199","GU4 _ GU4","GU4 _ GU4",3,0.918295834054489,0.597493750120193,0.666666666666667,"0"
"P000200","1(N01) _ |NINDA2x1(N01)| _ |NINDA2x2(N01)| _ 1(N08) _ 1(N01) _ 1(N01) _ A _ 1(N01)","N01 _ |NINDA2x1(N01)| _ |NINDA2x2(N01)| _ N08 _ N01 _ N01 _ A _ N01",15,2.0634582986483,1.56928708311161,0.4,"0"
"P000201","1(N01) _ 1(N01) _ 1(N01) _ KI _ 1(N01) _ KI _ 1(N01) _ 1(N01) _ 1(N01) _ 1(N01) _ KI _ 1(N01) _ MUSZ3~a _ 1(N01) _ DUR2 _ KI _ 1(N01) _ 1(N01) _ MAR~a _ 1(N01) _ U4 _ 1(N01) _ 1(N01) _ E2~a _ HI _ EZEN~b _ 1(N01) _ BU~a _ A _ 1(N01) _ NI2 _ 1(N01) _ SIG7 _ ZATU647 _ 1(N01) _ EN~a _ BA _ ZATU647 _ 1(N01) _ 1(N01) _ ILDUM~b _ BAR _ KI _ 1(N01) _ 1(N01) _ 1(N01) _ GAL~a _ 1(N01) _ 1(N01) _ ME~a _ 1(N01) _ 1(N01) _ 1(N01) _ 1(N01) _ ADDA _ 1(N01) _ |ZATU737xSAL| _ 1(N01) _ SZENNUR~a _ 1(N01) _ E2~a _ SUKKAL _ NA~a _ 1(N01) _ 1(N01) _ 1(N01) _ 1(N01) _ AN _ KI _ 1(N01) _ KI _ 1(N01) _ 1(N01) _ GAN2 _ A _ 1(N01) _ BA _ KI _ 1(N01) _ E2~a _ KI","N01 _ N01 _ N01 _ KI _ N01 _ KI _ N01 _ N01 _ N01 _ N01 _ KI _ N01 _ MUSZ3~a _ N01 _ DUR2 _ KI _ N01 _ N01 _ MAR~a _ N01 _ U4 _ N01 _ N01 _ E2~a _ HI _ EZEN~b _ N01 _ BU~a _ A _ N01 _ NI2 _ N01 _ SIG7 _ ZATU647 _ N01 _ EN~a _ BA _ ZATU647 _ N01 _ N01 _ ILDUM~b _ BAR _ KI _ N01 _ N01 _ N01 _ GAL~a _ N01 _ N01 _ ME~a _ N01 _ N01 _ N01 _ N01 _ ADDA _ N01 _ |ZATU737xSAL| _ N01 _ SZENNUR~a _ N01 _ E2~a _ SUKKAL _ NA~a _ N01 _ N01 _ N01 _ N01 _ AN _ KI _ N01 _ KI _ N01 _ N01 _ GAN2 _ A _ N01 _ BA _ KI _ N01 _ E2~a _ KI",161,2.5388933261715,2.32854703708909,0.173913043478261,"0"
"P000202","1(N01) _ 1(N01) _ |DUG~bxKU6~a|","N01 _ N01 _ |DUG~bxKU6~a|",5,1.52192809488736,0.970049785692216,0.6,"0"
"P000203","1(N01) _ KI _ |SAG+NAM2| _ 1(N01) _ DU _ AN _ NUN~a _ AD~a _ MUNU3 _ 1(N14) _ KAR2~a _ ME~a _ 3(N01) _ ZA~v","N01 _ KI _ |SAG+NAM2| _ N01 _ DU _ AN _ NUN~a _ AD~a _ MUNU3 _ N14 _ KAR2~a _ ME~a _ N01 N01 N01 _ ZA~v",29,2.79883076029064,2.41389546027838,0.448275862068966,"0.0714285714285714"
"P000204","GAR@g~b _ GAR","GAR@g~b _ GAR",3,1.58496250072116,0.861654166907052,1,"0"
"P000205","1(N01) _ 1(N01) _ KAK~a","N01 _ N01 _ KAK~a",5,1.52192809488736,0.970049785692216,0.6,"0"
"P000206","GA~b","GA~b",1,0,0,1,"NA"
"P000207","1(N01) _ 1(N01) _ MAR~a _ APIN~a _ 1(N01) _ 1(N01) _ DILMUN _ 1(N01) _ GAL~a _ DU6~b","N01 _ N01 _ MAR~a _ APIN~a _ N01 _ N01 _ DILMUN _ N01 _ GAL~a _ DU6~b",19,2.13535038252687,1.70974239038961,0.368421052631579,"0"
"P000208","1(N01) _ 1(N01) _ NAM2 _ RAD~a _ 1(N01) _ AB~a _ ME~a _ 1(N01) _ 1(N01) _ IB~a _ 1(N01) _ SZITA~a1 _ 1(N01) _ ABGAL _ 1(N01) _ 1(N01) _ GAL~a _ TE _ 1(N01) _ GAL~a _ SUKKAL _ 1(N01) _ GADA~a _ SUKKAL _ 1(N01) _ GAL~a _ GA~a _ 1(N01) _ 1(N01) _ 1(N01) _ 1(N01) _ 1(N01) _ 1(N01) _ 1(N01) _ 1(N01) _ 1(N01) _ 1(N01) _ 1(N01)","N01 _ N01 _ NAM2 _ RAD~a _ N01 _ AB~a _ ME~a _ N01 _ N01 _ IB~a _ N01 _ SZITA~a1 _ N01 _ ABGAL _ N01 _ N01 _ GAL~a _ TE _ N01 _ GAL~a _ SUKKAL _ N01 _ GADA~a _ SUKKAL _ N01 _ GAL~a _ GA~a _ N01 _ N01 _ N01 _ N01 _ N01 _ N01 _ N01 _ N01 _ N01 _ N01 _ N01",75,2.18153086356594,1.78771178719046,0.186666666666667,"0"
"P000210","1(N01) _ 1(N01) _ 1(N01) _ DI _ 1(N01) _ 1(N01) _ 1(N01)","N01 _ N01 _ N01 _ DI _ N01 _ N01 _ N01",13,1.31432048670618,0.974736263139164,0.230769230769231,"0"
"P000211","1(N01) _ 1(N01)","N01 _ N01",3,0.918295834054489,0.597493750120193,0.666666666666667,"0"
"P000212","1(N01) _ 1(N01) _ 1(N01)","N01 _ N01 _ N01",5,0.970950594454669,0.671190309536813,0.4,"0"
"P000213","1(N01) _ 1(N01) _ 1(N01) _ 1(N01) _ 1(N01)","N01 _ N01 _ N01 _ N01 _ N01",9,0.991076059838222,0.718129650066405,0.222222222222222,"0"
"P000214","1(N01) _ 1(N01) _ 1(N01)","N01 _ N01 _ N01",5,0.970950594454669,0.671190309536813,0.4,"0"
"P000216","SUHUR _ |(SUKUD+SUKUD)~b|","SUHUR _ |(SUKUD+SUKUD)~b|",3,1.58496250072116,0.861654166907052,1,"0"
"P000217","1(N01) _ 1(N01) _ 1(N01) _ 1(N01) _ 1(N01) _ 1(N01)","N01 _ N01 _ N01 _ N01 _ N01 _ N01",11,0.994030211476957,0.71579677554667,0.181818181818182,"0"
"P000218","KASKAL _ 1(N01)","KASKAL _ N01",3,1.58496250072116,0.861654166907052,1,"0"
"P000219","U2~a _ U2~a","U2~a _ U2~a",3,0.918295834054489,0.597493750120193,0.666666666666667,"0"
"P000220","1(N01) _ 1(N01) _ 1(N01)","N01 _ N01 _ N01",5,0.970950594454669,0.671190309536813,0.4,"0"
"P000221","1(N01) _ 1(N01)","N01 _ N01",3,0.918295834054489,0.597493750120193,0.666666666666667,"0"
"P000222","1(N01) _ AB~a _ ME~a _ 1(N01) _ GAL~a _ KISAL~b2","N01 _ AB~a _ ME~a _ N01 _ GAL~a _ KISAL~b2",11,2.22219157550668,1.62958886250105,0.545454545454545,"0"
"P000223","AD~a _ AD~a _ 1(N14) _ 3(N01)","AD~a _ AD~a _ N14 _ N01 N01 N01",9,1.89106111207265,1.33722751128894,0.444444444444444,"0.25"
"P000224","SZE~a","SZE~a",1,0,0,1,"NA"
"P000225","1(N01) _ GI _ NAM2 _ GISZ _ 1(N01) _ GISZ _ 1(N01) _ GISZ _ 1(N01) _ GISZ _ 1(N01) _ GISZ _ 1(N01) _ HI _ GISZ _ E2~b _ 1(N01) _ NUN~a _ 1(N01) _ 1(N01) _ GISZ@t _ E2~b _ 1(N01) _ GISZ _ PU2 _ 1(N01) _ GISZ _ PU2 _ 1(N01) _ KI _ GISZ _ 1(N01) _ GISZ _ KI _ 1(N01) _ GISZ _ GI _ 1(N01) _ |BAD&BAD| _ 1(N01) _ BAD _ 1(N01) _ TAG~b _ 1(N01) _ SI _ TAG~b _ 1(N01) _ SI _ NIM~a _ 1(N01) _ AL _ 1(N01) _ NAM2 _ AL _ GISZ _ 1(N01) _ 1(N01) _ 1(N01) _ KIN _ 1(N01) _ KIN _ SZU _ 1(N01) _ GISZ _ 1(N01) _ GISZ _ TAG~a1 _ 1(N01) _ 1(N01) _ 1(N01) _ GISZ _ SIG _ 1(N01) _ U4 _ GISZ _ 1(N01) _ GISZ _ 1(N01) _ 1(N01) _ GISZ _ 1(N01) _ 1(N01) _ 1(N01) _ 1(N01) _ 1(N01) _ 1(N01)","N01 _ GI _ NAM2 _ GISZ _ N01 _ GISZ _ N01 _ GISZ _ N01 _ GISZ _ N01 _ GISZ _ N01 _ HI _ GISZ _ E2~b _ N01 _ NUN~a _ N01 _ N01 _ GISZ@t _ E2~b _ N01 _ GISZ _ PU2 _ N01 _ GISZ _ PU2 _ N01 _ KI _ GISZ _ N01 _ GISZ _ KI _ N01 _ GISZ _ GI _ N01 _ |BAD&BAD| _ N01 _ BAD _ N01 _ TAG~b _ N01 _ SI _ TAG~b _ N01 _ SI _ NIM~a _ N01 _ AL _ N01 _ NAM2 _ AL _ GISZ _ N01 _ N01 _ N01 _ KIN _ N01 _ KIN _ SZU _ N01 _ GISZ _ N01 _ GISZ _ TAG~a1 _ N01 _ N01 _ N01 _ GISZ _ SIG _ N01 _ U4 _ GISZ _ N01 _ GISZ _ N01 _ N01 _ GISZ _ N01 _ N01 _ N01 _ N01 _ N01 _ N01",171,2.44279986346391,1.99194555213743,0.128654970760234,"0"
"P000226","1(N01) _ LAM~b _ 1(N01) _ 1(N01) _ MES _ 1(N01) _ MES _ 1(N01) _ SZE3 _ A _ 1(N01) _ TAK4~a _ 1(N01) _ AB~a _ U2~b _ 1(N01) _ GAL~a _ SZA _ 1(N01) _ SZA _ 1(N01) _ 1(N01) _ 1(N01) _ 1(N01) _ GUL _ 1(N01) _ 1(N01) _ 1(N01) _ 1(N01) _ GISZ _ 1(N01) _ GISZ _ 1(N01) _ GISZ _ 1(N01) _ 1(N01) _ NAGA~a _ 1(N01) _ DA~a _ 1(N01) _ GISZ _ U4 _ 1(N01) _ 1(N01) _ GUM~b _ 1(N01) _ 1(N01) _ 1(N01) _ U4 _ 1(N01) _ UR4~a _ SIG _ 1(N01) _ GISZ@t _ SI _ 1(N01) _ TAG~b _ 1(N01) _ |BAD&BAD| _ 1(N01) _ BAD _ 1(N14) _ 9(N01) _ HI _ KASKAL _ GI","N01 _ LAM~b _ N01 _ N01 _ MES _ N01 _ MES _ N01 _ SZE3 _ A _ N01 _ TAK4~a _ N01 _ AB~a _ U2~b _ N01 _ GAL~a _ SZA _ N01 _ SZA _ N01 _ N01 _ N01 _ N01 _ GUL _ N01 _ N01 _ N01 _ N01 _ GISZ _ N01 _ GISZ _ N01 _ GISZ _ N01 _ N01 _ NAGA~a _ N01 _ DA~a _ N01 _ GISZ _ U4 _ N01 _ N01 _ GUM~b _ N01 _ N01 _ N01 _ U4 _ N01 _ UR4~a _ SIG _ N01 _ GISZ@t _ SI _ N01 _ TAG~b _ N01 _ |BAD&BAD| _ N01 _ BAD _ N14 _ N01 N01 N01 N01 N01 N01 N01 N01 N01 _ HI _ KASKAL _ GI",139,2.57267316190655,2.49530823448798,0.201438848920863,"0.0579710144927536"
"P000227","GIR2~a _ AN _ DA~a _ KASZ~a _ KISZ","GIR2~a _ AN _ DA~a _ KASZ~a _ KISZ",9,2.28103611255342,1.63073908549656,0.666666666666667,"0"
"P000229","1(N01) _ ZATU647 _ ZATU647 _ ZATU647 _ ZATU647 _ 1(N01) _ SZITA~a1 _ SZITA~a1 _ 1(N01) _ 1(N01) _ 1(N01)","N01 _ ZATU647 _ ZATU647 _ ZATU647 _ ZATU647 _ N01 _ SZITA~a1 _ SZITA~a1 _ N01 _ N01 _ N01",21,1.78141640262112,1.24985240589097,0.19047619047619,"0"
"P000230","1(N01) _ EN~a _ SIG2~b _ 1(N01)","N01 _ EN~a _ SIG2~b _ N01",7,1.84237099317711,1.22900704385684,0.571428571428571,"0"
"P000231","1(N01) _ 1(N01) _ KU6~a _ 1(N01)","N01 _ N01 _ KU6~a _ N01",7,1.44881563572518,1.01651150805671,0.428571428571429,"0"
"P000233","1(N01) _ NAM2 _ URU~a1 _ 1(N01) _ 1(N01) _ 1(N01) _ 1(N01) _ 1(N01) _ 1(N01) _ ABGAL _ 1(N01) _ KINGAL _ 1(N01) _ GAL~a _ TE _ 1(N01) _ 1(N01) _ GADA~a _ 1(N01) _ 1(N01) _ GAL~a _ SZAB~a _ 1(N01) _ BU~a _ SZAB~a _ 1(N01) _ 1(N01) _ 1(N01) _ GAL~a _ 1(N01) _ SUHUR _ SANGA~a _ 1(N01) _ SUHUR _ GAL~a _ 1(N01) _ DUB~a _ SANGA~a _ 1(N01) _ GAL~a _ 1(N01) _ SUG5 _ SAG _ 1(N01) _ 1(N01) _ ISZ~b _ GAL~a _ 1(N01)","N01 _ NAM2 _ URU~a1 _ N01 _ N01 _ N01 _ N01 _ N01 _ N01 _ ABGAL _ N01 _ KINGAL _ N01 _ GAL~a _ TE _ N01 _ N01 _ GADA~a _ N01 _ N01 _ GAL~a _ SZAB~a _ N01 _ BU~a _ SZAB~a _ N01 _ N01 _ N01 _ GAL~a _ N01 _ SUHUR _ SANGA~a _ N01 _ SUHUR _ GAL~a _ N01 _ DUB~a _ SANGA~a _ N01 _ GAL~a _ N01 _ SUG5 _ SAG _ N01 _ N01 _ ISZ~b _ GAL~a _ N01",95,2.37330975804101,2.04399239602929,0.178947368421053,"0"
"P000234","1(N01) _ NAMESZDA _ 1(N01) _ NAM2 _ KAB _ 1(N01) _ DI _ 1(N01) _ NAM2 _ NAM2 _ 1(N01) _ NAM2 _ 1(N01) _ 1(N01) _ GADA~a _ 1(N01) _ GAL~a _ 1(N01) _ SIG2~b _ 1(N01) _ 1(N01)","N01 _ NAMESZDA _ N01 _ NAM2 _ KAB _ N01 _ DI _ N01 _ NAM2 _ NAM2 _ N01 _ NAM2 _ N01 _ N01 _ GADA~a _ N01 _ GAL~a _ N01 _ SIG2~b _ N01 _ N01",41,2.12603225577034,1.7311141922335,0.219512195121951,"0"
"P000235","SUM~a _ 1(N01) _ AN _ HI _ 1(N01) _ KAB _ 1(N01) _ AMA~b _ 1(N01) _ NI~b _ BAHAR2~a _ 1(N01) _ DU _ |GISZxSZU2~b| _ 1(N01) _ SAR~a _ A _ 1(N01) _ GISZ _ SAR~a _ A _ 1(N01) _ SAR~a _ A","SUM~a _ N01 _ AN _ HI _ N01 _ KAB _ N01 _ AMA~b _ N01 _ NI~b _ BAHAR2~a _ N01 _ DU _ |GISZxSZU2~b| _ N01 _ SAR~a _ A _ N01 _ GISZ _ SAR~a _ A _ N01 _ SAR~a _ A",47,2.62795693691938,2.07369572755305,0.297872340425532,"0"
"P000236","1(N01) _ 1(N01) _ SUHUR _ 1(N01) _ APIN~a _ 1(N01) _ 1(N01) _ NESAG2~a _ 1(N01) _ BARA3","N01 _ N01 _ SUHUR _ N01 _ APIN~a _ N01 _ N01 _ NESAG2~a _ N01 _ BARA3",19,1.9300801441116,1.54001232064904,0.315789473684211,"0"
"P000237","1(N01) _ 1(N01) _ AB~a _ ME~a _ 1(N01) _ GAL~a _ |1(N58).BAD~a| _ TUR3~a _ UMUN2 _ UMUN2 _ 1(N01) _ 1(N01) _ SANGA~a _ 1(N01) _ BU~a _ NUN~a _ 1(N01) _ BU~a _ SANGA~a _ NUN~a _ ME~a _ 1(N01) _ NUN~a","N01 _ N01 _ AB~a _ ME~a _ N01 _ GAL~a _ |1(N58).BAD~a| _ TUR3~a _ UMUN2 _ UMUN2 _ N01 _ N01 _ SANGA~a _ N01 _ BU~a _ NUN~a _ N01 _ BU~a _ SANGA~a _ NUN~a _ ME~a _ N01 _ NUN~a",45,2.49491124939225,1.90286776548702,0.244444444444444,"0"
"P000240","5(N01) _ MUNU3 _ GAZI _ HALUB _ MUSZEN _ SZE~a _ 5(N01) _ MASZ _ SI4~a _ 1(N14) _ 1(N14) _ 1(N01) _ AB2 _ 1(N01) _ AMAR _ GA~b _ 1(N14) _ 1(N14) _ GA~b _ 1(N14) _ GARA2~a _ 1(N14) _ AB2 _ 1(N01) _ GU4 _ 1(N14) _ 1(N01) _ UTUA~b _ 1(N14) _ UD5~a _ GAZI _ 5(N01) _ HALUB _ 5(N01) _ MUSZEN _ SZE~a _ 5(N01) _ MASZ _ 1(N14) _ 1(N14) _ 1(N14) _ 1(N14) _ GARA2~a _ 1(N14) _ AB2 _ 1(N01) _ U8 _ 1(N01) _ UTUA~b _ 1(N14) _ UD5~a _ 1(N01) _ MASZ2 _ 1(N34) _ 1(N01) _ MUSZEN _ A _ 1(N01) _ ISZ~b _ 1(N01) _ 1(N01) _ 1(N01) _ 1(N01) _ 1(N01) _ 1(N01) _ 1(N01) _ ZATU718 _ E2~a _ 1(N01) _ EN~a _ 1(N01) _ 1(N34) _ 1(N14) _ NUN~a","N01 N01 N01 N01 N01 _ MUNU3 _ GAZI _ HALUB _ MUSZEN _ SZE~a _ N01 N01 N01 N01 N01 _ MASZ _ SI4~a _ N14 _ N14 _ N01 _ AB2 _ N01 _ AMAR _ GA~b _ N14 _ N14 _ GA~b _ N14 _ GARA2~a _ N14 _ AB2 _ N01 _ GU4 _ N14 _ N01 _ UTUA~b _ N14 _ UD5~a _ GAZI _ N01 N01 N01 N01 N01 _ HALUB _ N01 N01 N01 N01 N01 _ MUSZEN _ SZE~a _ N01 N01 N01 N01 N01 _ MASZ _ N14 _ N14 _ N14 _ N14 _ GARA2~a _ N14 _ AB2 _ N01 _ U8 _ N01 _ UTUA~b _ N14 _ UD5~a _ N01 _ MASZ2 _ N34 _ N01 _ MUSZEN _ A _ N01 _ ISZ~b _ N01 _ N01 _ N01 _ N01 _ N01 _ N01 _ N01 _ ZATU718 _ E2~a _ N01 _ EN~a _ N01 _ N34 _ N14 _ NUN~a",167,2.76514314763042,2.18879214780958,0.155688622754491,"0.120481927710843"
"P000241","ZA~v _ AN _ GIR2~a _ ANSZE~b _ GARA2~a _ AB2 _ 1(N01) _ 1(N01) _ 1(N01) _ UB _ 5(N01) _ 5(N01) _ 5(N01) _ 5(N01)","ZA~v _ AN _ GIR2~a _ ANSZE~b _ GARA2~a _ AB2 _ N01 _ N01 _ N01 _ UB _ N01 N01 N01 N01 N01 _ N01 N01 N01 N01 N01 _ N01 N01 N01 N01 N01 _ N01 N01 N01 N01 N01",43,1.88794751458244,1.44910793027091,0.209302325581395,"0.380952380952381"
"P000243","GIR2~a _ KISZ _ GA~b _ GARA2~a _ 1(N01) _ 1(N01) _ 5(N01) _ 5(N01)","GIR2~a _ KISZ _ GA~b _ GARA2~a _ N01 _ N01 _ N01 N01 N01 N01 N01 _ N01 N01 N01 N01 N01",23,1.7987343707067,1.39651991037727,0.260869565217391,"0.363636363636364"
"P000244","1(N01) _ GA~b _ 1(N14) _ GARA2~a _ 1(N14) _ AB2 _ 2(N14) _ GU4 _ 1(N14) _ 1(N14) _ 1(N14)","N01 _ GA~b _ N14 _ GARA2~a _ N14 _ AB2 _ N14 N14 _ GU4 _ N14 _ N14 _ N14",22,2.05621500939744,1.62771918045838,0.318181818181818,"0.0476190476190476"
"P000245","1(N01) _ 1(N01) _ 3(N01) _ ZA~v _ GIR2~a _ AN _ 1(N01) _ 1(N45)","N01 _ N01 _ N01 N01 N01 _ ZA~v _ GIR2~a _ AN _ N01 _ N45",17,2.01915346132504,1.71817987323861,0.352941176470588,"0.125"
"P000246","GAZI _ 3(N01) _ 4(N01) _ AN _ GIR2~a _ 1(N14)","GAZI _ N01 N01 N01 _ N01 N01 N01 N01 _ AN _ GIR2~a _ N14",16,2.0461796919475,1.58689042394492,0.375,"0.333333333333333"
"P000247","1(N01) _ 1(N01) _ NAM2 _ KAB _ 1(N01) _ NAM2 _ DI _ 1(N01) _ NAM2 _ 1(N01) _ NAM2 _ URU~a1 _ 1(N01) _ NAM2 _ ERIN _ 1(N01) _ GAL~a _ SZUBUR _ 1(N01) _ 1(N01) _ |SZE~a.NAM2| _ NAM2 _ RAD~a _ ME~a _ 1(N01) _ 1(N01) _ GAL~a _ SUKKAL _ 1(N01) _ GADA~a _ SUKKAL _ 1(N01) _ GAL~a _ 1(N01) _ SIG2~b _ 1(N01) _ GAL~a _ KISAL~b2 _ 1(N01) _ GAL~a _ NIM~a _ 1(N01) _ GAL~a _ 1(N01) _ GAL~a _ 1(N01) _ SU3 _ SZAB~a _ 1(N01) _ GAL~a _ NESAG2~a _ 1(N01) _ GAL~a _ TUR3~a _ 1(N01) _ GAL~a _ UMUN2 _ UMUN2 _ 1(N01) _ GAL~a _ GAL~a _ SZA _ 1(N01) _ GAL~a _ 1(N01) _ GAL~a _ 1(N01) _ GAL~a _ |ZATU737xDI| _ 1(N01) _ |ZATU737xDI| _ 1(N01) _ |ZATU737xX| _ 1(N01) _ |ZATU737xSAL| _ 1(N01) _ GAL~a _ ISZ~b _ 1(N01) _ GAL~a _ TAG~a2 _ 1(N01) _ GAL~a _ 1(N01) _ DUB~a _ 1(N01) _ 1(N01) _ 1(N01) _ 1(N01) _ 1(N01) _ 1(N01) _ 1(N01) _ 1(N01) _ ENKUM _ 1(N01) _ NINKUM _ 1(N01) _ GAL~a _ ISZ~a _ 1(N01) _ 1(N01) _ 1(N01) _ 1(N01) _ 1(N01) _ MAR~a _ APIN~a _ 1(N01) _ 1(N01) _ 1(N01) _ GAL~a _ KAK~a _ 1(N01) _ 1(N01) _ 1(N01) _ 1(N01) _ 1(N01) _ 1(N01) _ MUSZ3~a _ 1(N01) _ DU _ 1(N01) _ GAL~a _ ZAG~a _ 1(N01) _ ZAG~a _ 1(N01) _ 1(N01) _ DILMUN _ 1(N01) _ 1(N01) _ 1(N01) _ KUR~a _ 1(N01) _ KU~b2 _ BA _ AN","N01 _ N01 _ NAM2 _ KAB _ N01 _ NAM2 _ DI _ N01 _ NAM2 _ N01 _ NAM2 _ URU~a1 _ N01 _ NAM2 _ ERIN _ N01 _ GAL~a _ SZUBUR _ N01 _ N01 _ |SZE~a.NAM2| _ NAM2 _ RAD~a _ ME~a _ N01 _ N01 _ GAL~a _ SUKKAL _ N01 _ GADA~a _ SUKKAL _ N01 _ GAL~a _ N01 _ SIG2~b _ N01 _ GAL~a _ KISAL~b2 _ N01 _ GAL~a _ NIM~a _ N01 _ GAL~a _ N01 _ GAL~a _ N01 _ SU3 _ SZAB~a _ N01 _ GAL~a _ NESAG2~a _ N01 _ GAL~a _ TUR3~a _ N01 _ GAL~a _ UMUN2 _ UMUN2 _ N01 _ GAL~a _ GAL~a _ SZA _ N01 _ GAL~a _ N01 _ GAL~a _ N01 _ GAL~a _ |ZATU737xDI| _ N01 _ |ZATU737xDI| _ N01 _ |ZATU737xX| _ N01 _ |ZATU737xSAL| _ N01 _ GAL~a _ ISZ~b _ N01 _ GAL~a _ TAG~a2 _ N01 _ GAL~a _ N01 _ DUB~a _ N01 _ N01 _ N01 _ N01 _ N01 _ N01 _ N01 _ N01 _ ENKUM _ N01 _ NINKUM _ N01 _ GAL~a _ ISZ~a _ N01 _ N01 _ N01 _ N01 _ N01 _ MAR~a _ APIN~a _ N01 _ N01 _ N01 _ GAL~a _ KAK~a _ N01 _ N01 _ N01 _ N01 _ N01 _ N01 _ MUSZ3~a _ N01 _ DU _ N01 _ GAL~a _ ZAG~a _ N01 _ ZAG~a _ N01 _ N01 _ DILMUN _ N01 _ N01 _ N01 _ KUR~a _ N01 _ KU~b2 _ BA _ AN",271,2.65761561566309,2.48873585720381,0.158671586715867,"0"
"P000248","1(N01) _ |DUG~bxGI6| _ 1(N01) _ |DUG~bxKUR@g~a| _ 1(N01) _ |DUG~bxLAM~a| _ 1(N01) _ |DUG~bxKUR~b| _ 1(N01) _ |DUG~bxGISZ| _ 1(N01) _ |DUG~bxKU6~a| _ 1(N01) _ 1(N01) _ DUG~b _ 1(N01) _ |DUG~bxSIG7| _ 1(N01) _ GI _ |DUG~bxSIG7| _ 1(N01) _ |DUG~bxSIG7| _ 1(N01) _ AGAR2 _ PU2 _ U2~b _ PU2 _ U2~b _ PU2 _ U2~b _ PU2 _ 1(N01) _ NAGA~a _ 1(N01) _ 1(N01) _ 1(N01) _ 1(N01) _ 1(N01) _ NUN~a _ 1(N01) _ 1(N01) _ EN~a _ 1(N01) _ 1(N01) _ 1(N01) _ TUG2~a _ 1(N01) _ U4 _ 1(N01) _ GI6 _ TUG2~a _ 1(N01) _ 1(N01) _ 1(N01) _ 1(N01) _ 1(N01) _ 1(N01) _ 1(N01)","N01 _ |DUG~bxGI6| _ N01 _ |DUG~bxKUR@g~a| _ N01 _ |DUG~bxLAM~a| _ N01 _ |DUG~bxKUR~b| _ N01 _ |DUG~bxGISZ| _ N01 _ |DUG~bxKU6~a| _ N01 _ N01 _ DUG~b _ N01 _ |DUG~bxSIG7| _ N01 _ GI _ |DUG~bxSIG7| _ N01 _ |DUG~bxSIG7| _ N01 _ AGAR2 _ PU2 _ U2~b _ PU2 _ U2~b _ PU2 _ U2~b _ PU2 _ N01 _ NAGA~a _ N01 _ N01 _ N01 _ N01 _ N01 _ NUN~a _ N01 _ N01 _ EN~a _ N01 _ N01 _ N01 _ TUG2~a _ N01 _ U4 _ N01 _ GI6 _ TUG2~a _ N01 _ N01 _ N01 _ N01 _ N01 _ N01 _ N01",115,2.39345086997292,2.03799648941178,0.173913043478261,"0"
"P000249","1(N01) _ 1(N01) _ KAR _ 1(N01) _ 1(N01) _ 1(N01) _ 1(N01) _ 1(N01) _ A _ 1(N01) _ NI2 _ 1(N01) _ EN~a _ ZATU647 _ BA _ 1(N01) _ TUG2~a _ BA _ 1(N01) _ 1(N01) _ 1(N01) _ 1(N01) _ 1(N01) _ 1(N01) _ KI _ 1(N01) _ DI _ NAM2 _ KI _ 1(N01) _ NIR~a _ SZAGAN _ 1(N01) _ NIR~a _ 1(N01) _ GAL~a _ SIMUG _ KI _ 1(N01) _ KU3~a _ 1(N01) _ GAL~a _ 1(N01) _ 1(N01)","N01 _ N01 _ KAR _ N01 _ N01 _ N01 _ N01 _ N01 _ A _ N01 _ NI2 _ N01 _ EN~a _ ZATU647 _ BA _ N01 _ TUG2~a _ BA _ N01 _ N01 _ N01 _ N01 _ N01 _ N01 _ KI _ N01 _ DI _ NAM2 _ KI _ N01 _ NIR~a _ SZAGAN _ N01 _ NIR~a _ N01 _ GAL~a _ SIMUG _ KI _ N01 _ KU3~a _ N01 _ GAL~a _ N01 _ N01",87,2.37255990996756,2.10503970051661,0.195402298850575,"0"
"P000250","1(N01) _ 1(N01) _ GAL~a _ ZAG~a _ 1(N01) _ NESAG2~a _ ZAG~a _ 1(N01) _ 1(N01) _ 1(N01) _ ZATU752 _ 1(N01) _ GAL~a _ UR3~a2 _ 1(N01) _ GI _ KAB _ 1(N01) _ UNUG~b _ 1(N01) _ SZU _ UKKIN~a _ 1(N01) _ GAL~a _ 1(N01) _ GAL~a _ 1(N01) _ GAL~a _ SZU12 _ 1(N01) _ 1(N01) _ 1(N01) _ 1(N01) _ GAL~a _ 1(N01) _ GAL~a _ BULUG3 _ 1(N01) _ GAL~a _ ERIN _ E2~a _ 1(N01) _ GAL~a _ TAK4~a _ ALAN~b _ 1(N01) _ GAL~a _ KID~b _ 1(N01) _ GAL~a _ KID~b _ KID~b _ 1(N01) _ GAL~a _ |EZEN~bx6(N57)| _ 1(N01) _ 1(N01) _ 1(N01) _ 1(N01) _ 1(N01) _ ISZ~b _ 1(N01) _ 1(N01)","N01 _ N01 _ GAL~a _ ZAG~a _ N01 _ NESAG2~a _ ZAG~a _ N01 _ N01 _ N01 _ ZATU752 _ N01 _ GAL~a _ UR3~a2 _ N01 _ GI _ KAB _ N01 _ UNUG~b _ N01 _ SZU _ UKKIN~a _ N01 _ GAL~a _ N01 _ GAL~a _ N01 _ GAL~a _ SZU12 _ N01 _ N01 _ N01 _ N01 _ GAL~a _ N01 _ GAL~a _ BULUG3 _ N01 _ GAL~a _ ERIN _ E2~a _ N01 _ GAL~a _ TAK4~a _ ALAN~b _ N01 _ GAL~a _ KID~b _ N01 _ GAL~a _ KID~b _ KID~b _ N01 _ GAL~a _ |EZEN~bx6(N57)| _ N01 _ N01 _ N01 _ N01 _ N01 _ ISZ~b _ N01 _ N01",125,2.43665367167761,2.07307712697342,0.168,"0"
"P000251","1(N01) _ GAL~a _ GISZGAL _ 1(N01) _ GAL~a _ |ZATU737xDI| _ 1(N01) _ UB _ SAG _ 1(N01) _ ZATU725 _ 1(N01) _ DAM _ 1(N01) _ NUN~a _ BU3 _ 1(N01) _ ME~a _ GALGA~a _ ME~a _ 1(N01) _ ENKUM _ 1(N01) _ NINKUM _ 1(N01) _ GAL~a _ 1(N01) _ 1(N01) _ 1(N01)","N01 _ GAL~a _ GISZGAL _ N01 _ GAL~a _ |ZATU737xDI| _ N01 _ UB _ SAG _ N01 _ ZATU725 _ N01 _ DAM _ N01 _ NUN~a _ BU3 _ N01 _ ME~a _ GALGA~a _ ME~a _ N01 _ ENKUM _ N01 _ NINKUM _ N01 _ GAL~a _ N01 _ N01 _ N01",57,2.50891559915403,2.20784388160186,0.263157894736842,"0"
"P000252","IM~a _ TUR _ 1(N01) _ 1(N01) _ KAR2~a _ 1(N01) _ ME~a _ 1(N01) _ 1(N01) _ GAL~a","IM~a _ TUR _ N01 _ N01 _ KAR2~a _ N01 _ ME~a _ N01 _ N01 _ GAL~a",19,2.13535038252687,1.57695350019961,0.368421052631579,"0"
"P000253","1(N01) _ 1(N01) _ 1(N01) _ DAM _ 1(N01) _ 1(N01) _ KAR2~a _ 1(N01) _ GALGA~a _ 1(N01) _ LAGAR~a _ 1(N01) _ LAGAR~a _ 1(N01) _ ME~a _ 1(N01) _ 1(N01) _ 1(N01) _ 1(N01) _ 1(N01) _ 1(N01) _ 1(N01) _ 1(N01)","N01 _ N01 _ N01 _ DAM _ N01 _ N01 _ KAR2~a _ N01 _ GALGA~a _ N01 _ LAGAR~a _ N01 _ LAGAR~a _ N01 _ ME~a _ N01 _ N01 _ N01 _ N01 _ N01 _ N01 _ N01 _ N01",45,1.72308945385687,1.39416577329929,0.155555555555556,"0"
"P000254","1(N01) _ BU3 _ 1(N01) _ KAR2~a _ ME~a _ 1(N01) _ 1(N01) _ ENKUM _ 1(N01) _ NINKUM _ 1(N01) _ GAL~a _ ISZ~a _ 1(N01) _ SANGA~a _ 1(N01) _ APIN~a","N01 _ BU3 _ N01 _ KAR2~a _ ME~a _ N01 _ N01 _ ENKUM _ N01 _ NINKUM _ N01 _ GAL~a _ ISZ~a _ N01 _ SANGA~a _ N01 _ APIN~a",33,2.37772745269179,2.07352852364301,0.333333333333333,"0"
"P000255","1(N01) _ NINKUM _ 1(N01) _ GAL~a _ ISZ~a _ 1(N01) _ GAL~a _ 1(N01) _ 1(N01) _ DU _ EZEN~b _ 1(N01) _ GAL~a _ ZAG~a _ 1(N01) _ GAL~a _ 1(N01) _ GAL~a","N01 _ NINKUM _ N01 _ GAL~a _ ISZ~a _ N01 _ GAL~a _ N01 _ N01 _ DU _ EZEN~b _ N01 _ GAL~a _ ZAG~a _ N01 _ GAL~a _ N01 _ GAL~a",35,2.12652562335375,1.57368968510023,0.228571428571429,"0"
"P000256","1(N01) _ URI _ 1(N01) _ 1(N01) _ MUD3~a@g _ 1(N01) _ 1(N01) _ 1(N01) _ 1(N01) _ 1(N01) _ SZU2 _ SZU2 _ GU _ AN _ GAL~a _ TUN3~a _ 2(N57) _ SZU _ TUN3~a _ 1(N57) _ SZU _ TUN3~a _ 1(N01) _ 1(N01) _ 1(N01) _ 1(N01) _ 1(N01) _ AN _ 1(N01) _ 2(N14)","N01 _ URI _ N01 _ N01 _ MUD3~a@g _ N01 _ N01 _ N01 _ N01 _ N01 _ SZU2 _ SZU2 _ GU _ AN _ GAL~a _ TUN3~a _ N57 N57 _ SZU _ TUN3~a _ N57 _ SZU _ TUN3~a _ N01 _ N01 _ N01 _ N01 _ N01 _ AN _ N01 _ N14 N14",61,2.46034073474595,1.84521327975587,0.19672131147541,"0.0333333333333333"
"P000257","U4 _ GI6 _ TUG2~a _ 1(N01) _ GI6 _ TUG2~a@g _ 1(N01) _ GI _ TUG2~a _ 1(N01) _ GI _ TUG2~a@g _ 1(N01) _ TUG2~a _ TUG2~a@g _ 1(N01) _ 1(N01) _ 1(N01) _ TUR _ 1(N01) _ 1(N57) _ GISZ@t _ 1(N01) _ 1(N57)","U4 _ GI6 _ TUG2~a _ N01 _ GI6 _ TUG2~a@g _ N01 _ GI _ TUG2~a _ N01 _ GI _ TUG2~a@g _ N01 _ TUG2~a _ TUG2~a@g _ N01 _ N01 _ N01 _ TUR _ N01 _ N57 _ GISZ@t _ N01 _ N57",47,2.40392874515383,1.74906581014735,0.212765957446809,"0"
"P000258","1(N01) _ 1(N01) _ AN _ 1(N01) _ TAK4~a _ MAR~b _ 1(N01) _ TAK4~a _ 1(N01) _ BAR","N01 _ N01 _ AN _ N01 _ TAK4~a _ MAR~b _ N01 _ TAK4~a _ N01 _ BAR",19,2.03008722463213,1.50051000592444,0.315789473684211,"0"
"P000259","1(N01) _ GISZ _ GA'AR~a1 _ 1(N01) _ SZE3@t","N01 _ GISZ _ GA'AR~a1 _ N01 _ SZE3@t",9,2.0588138903312,1.42278686904785,0.555555555555556,"0"
"P000260","1(N01) _ AN _ SI _ 1(N01) _ AN _ EZINU~a _ KI _ AK~a _ KI _ 1(N01) _ 1(N01) _ |AB~axZATU659| _ 1(N01) _ U4 _ 1(N01) _ 1(N01)","N01 _ AN _ SI _ N01 _ AN _ EZINU~a _ KI _ AK~a _ KI _ N01 _ N01 _ |AB~axZATU659| _ N01 _ U4 _ N01 _ N01",31,2.30081426559555,1.81284432657933,0.290322580645161,"0"
"P000261","|SZE~a&SZE~a| _ 1(N01) _ ZI~a _ |GISZxSZU2~a| _ |SZE~a&SZE~a| _ 1(N01) _ NI~a _ ME~a _ 1(N01) _ DA~a _ MUSZEN _ 1(N01) _ SANGA~a _ GU _ 1(N01) _ 1(N01) _ 1(N01)","|SZE~a&SZE~a| _ N01 _ ZI~a _ |GISZxSZU2~a| _ |SZE~a&SZE~a| _ N01 _ NI~a _ ME~a _ N01 _ DA~a _ MUSZEN _ N01 _ SANGA~a _ GU _ N01 _ N01 _ N01",33,2.44889459043714,2.03723616223759,0.333333333333333,"0"
"P000262","MAR~b _ 1(N01) _ AN _ TAK4~a _ MAR~b _ 1(N01) _ USZ~b _ 1(N01) _ AN _ 1(N01) _ TAR~a _ 1(N01) _ 1(N01)","MAR~b _ N01 _ AN _ TAK4~a _ MAR~b _ N01 _ USZ~b _ N01 _ AN _ N01 _ TAR~a _ N01 _ N01",25,2.14268318925549,1.55521531587345,0.28,"0"
"P000263","1(N01) _ 1(N01) _ NAM2 _ 1(N01) _ NAM2 _ URU~a1 _ 1(N01) _ NAM2 _ ERIN _ 1(N01) _ 1(N01) _ 1(N01)","N01 _ N01 _ NAM2 _ N01 _ NAM2 _ URU~a1 _ N01 _ NAM2 _ ERIN _ N01 _ N01 _ N01",23,1.80790457511888,1.31973113885513,0.217391304347826,"0"
"P000264","1(N01) _ NAMESZDA _ 1(N01) _ NAM2 _ KAB _ 1(N01) _ NAM2 _ DI _ 1(N01) _ 1(N01) _ 1(N01) _ 1(N01)","N01 _ NAMESZDA _ N01 _ NAM2 _ KAB _ N01 _ NAM2 _ DI _ N01 _ N01 _ N01 _ N01",23,1.92768229260425,1.42809552874445,0.260869565217391,"0"
"P000265","NAGA~a _ PAP~a","NAGA~a _ PAP~a",3,1.58496250072116,0.861654166907052,1,"0"
"P000266","IM~a _ AD~a _ 1(N01) _ |BU~a+DU6~a| _ 2(N57) _ 1(N01) _ SAR~c _ HI _ 1(N01) _ GI6 _ 1(N04) _ 1(N01) _ TUR _ |SZE~a&SZE~a| _ SUKKAL _ E2~a","IM~a _ AD~a _ N01 _ |BU~a+DU6~a| _ N57 N57 _ N01 _ SAR~c _ HI _ N01 _ GI6 _ N04 _ N01 _ TUR _ |SZE~a&SZE~a| _ SUKKAL _ E2~a",32,2.85614503330851,2.41253628907173,0.4375,"0.032258064516129"
"P000267","1(N01) _ 1(N01) _ 1(N01) _ EN~a _ IB~a _ 1(N01) _ GAL~a _ 1(N01) _ 1(N01) _ 1(N01) _ 1(N01)","N01 _ N01 _ N01 _ EN~a _ IB~a _ N01 _ GAL~a _ N01 _ N01 _ N01 _ N01",21,1.66758975854668,1.29945889115853,0.238095238095238,"0"
"P000268","NI~b _ PA~a _ UR~a _ TI _ 1(N01) _ GAL~a _ 1(N01) _ GAL~a _ MU _ 1(N01) _ GAL~a _ 1(N01) _ GAL~a _ 1(N01) _ GAL~a _ 1(N01) _ 1(N01) _ KISAL~b1 _ 1(N01) _ GAL~a _ 1(N01) _ GAL~a _ 1(N01) _ NESAG2~a _ 1(N01)","NI~b _ PA~a _ UR~a _ TI _ N01 _ GAL~a _ N01 _ GAL~a _ MU _ N01 _ GAL~a _ N01 _ GAL~a _ N01 _ GAL~a _ N01 _ N01 _ KISAL~b1 _ N01 _ GAL~a _ N01 _ GAL~a _ N01 _ NESAG2~a _ N01",49,2.19135612418212,1.46880955967099,0.204081632653061,"0"
"P000269","1(N01) _ 1(N01) _ GAL~a _ 1(N01) _ GAL~a _ 1(N01) _ IM~a _ TUR","N01 _ N01 _ GAL~a _ N01 _ GAL~a _ N01 _ IM~a _ TUR",15,1.93012496531497,1.36332082233635,0.333333333333333,"0"
"P000270","1(N01) _ IM~a","N01 _ IM~a",3,1.58496250072116,0.861654166907052,1,"0"
"P000271","1(N01) _ BU3 _ 1(N01) _ KAR2~a","N01 _ BU3 _ N01 _ KAR2~a",7,1.84237099317711,1.20839638639549,0.571428571428571,"0"
"P000272","1(N01) _ 1(N01) _ 1(N01) _ ZATU751~a _ 1(N01) _ 1(N01) _ 1(N01) _ 1(N01) _ 1(N01)","N01 _ N01 _ N01 _ ZATU751~a _ N01 _ N01 _ N01 _ N01 _ N01",17,1.26393342948563,0.905823377818261,0.176470588235294,"0"
"P000273","1(N01) _ |ZATU737xU4| _ 1(N01) _ |ZATU737xSAL| _ 1(N01)","N01 _ |ZATU737xU4| _ N01 _ |ZATU737xSAL| _ N01",9,1.7527152789797,1.22708191172107,0.444444444444444,"0"
"P000274","1(N01) _ GAL~a _ UMUN2 _ 1(N01) _ AB~a _ UMUN2 _ 1(N01) _ AK~a _ 1(N01) _ 1(N01) _ 1(N01)","N01 _ GAL~a _ UMUN2 _ N01 _ AB~a _ UMUN2 _ N01 _ AK~a _ N01 _ N01 _ N01",21,1.97664809167397,1.44993607271973,0.285714285714286,"0"
"P000275","1(N14) _ 1(N01) _ MASZ2","N14 _ N01 _ MASZ2",5,1.92192809488736,1.1813781191217,0.8,"0"
"P000276","1(N01) _ GAL~a _ KISAL~b3 _ 1(N01) _ GAL~a _ NIM~a","N01 _ GAL~a _ KISAL~b3 _ N01 _ GAL~a _ NIM~a",11,2.0403733936885,1.33526183305537,0.454545454545455,"0"
"P000277","1(N01) _ LAGAR~a _ 1(N01) _ LAGAR~a _ 1(N01)","N01 _ LAGAR~a _ N01 _ LAGAR~a _ N01",9,1.53049305675748,0.872571316786491,0.333333333333333,"0"
"P000278","BU3 _ ME~a _ 1(N01) _ 1(N01)","BU3 _ ME~a _ N01 _ N01",7,1.84237099317711,1.1674603176492,0.571428571428571,"0"
"P000279","|DUG~bxSIG7| _ AGAR2 _ 1(N01) _ ALIM _ NUN~a _ 1(N01) _ |ZATU662x1(N14)| _ 1(N01) _ 1(N01) _ 1(N01) _ 1(N01) _ SZA3~a1 _ 1(N01) _ AB2 _ 1(N01) _ 1(N01) _ LUM _ A _ TUG2~a@g _ 1(N01) _ 3(N57) _ AB2 _ 1(N01)","|DUG~bxSIG7| _ AGAR2 _ N01 _ ALIM _ NUN~a _ N01 _ |ZATU662x1(N14)| _ N01 _ N01 _ N01 _ N01 _ SZA3~a1 _ N01 _ AB2 _ N01 _ N01 _ LUM _ A _ TUG2~a@g _ N01 _ N57 N57 N57 _ AB2 _ N01",47,2.51382010875861,2.10209036076969,0.276595744680851,"0.0434782608695652"
"P000280","U2~b _ PU2 _ GA2~a1 _ U2~b _ PU2 _ U2~b _ PU2 _ U2~a _ PU2 _ U2~a _ HI _ 1(N01) _ 1(N01) _ EN~a _ 1(N01)","U2~b _ PU2 _ GA2~a1 _ U2~b _ PU2 _ U2~b _ PU2 _ U2~a _ PU2 _ U2~a _ HI _ N01 _ N01 _ EN~a _ N01",29,2.3471967222609,1.73997849367023,0.275862068965517,"0"
"P000281","1(N01) _ |DUG~cx1(N57)| _ 1(N01) _ SZAKIR~c _ 1(N01) _ 1(N01) _ GAN~a _ 1(N01) _ E2~a _ GAN~a _ 1(N01) _ |DUG~bxSZE~a| _ 1(N01) _ |DUG~bxBALA~a| _ 1(N01) _ 1(N01) _ 1(N01) _ 1(N01) _ 1(N01) _ 1(N01)","N01 _ |DUG~cx1(N57)| _ N01 _ SZAKIR~c _ N01 _ N01 _ GAN~a _ N01 _ E2~a _ GAN~a _ N01 _ |DUG~bxSZE~a| _ N01 _ |DUG~bxBALA~a| _ N01 _ N01 _ N01 _ N01 _ N01 _ N01",39,1.93113711395809,1.5502309844151,0.205128205128205,"0"
"P000282","1(N01) _ |DUG~bxANSZE~b| _ 1(N01) _ |DUG~bxUH3~a| _ 1(N01) _ |DUG~bxHI| _ 1(N01) _ 1(N01) _ 1(N01) _ 1(N01)","N01 _ |DUG~bxANSZE~b| _ N01 _ |DUG~bxUH3~a| _ N01 _ |DUG~bxHI| _ N01 _ N01 _ N01 _ N01",19,1.71209543621285,1.32134066486614,0.263157894736842,"0"
"P000283","BAPPIR~d _ |DUG~bxSIG7| _ 1(N01) _ NAGA~a _ 1(N01) _ KA~a _ 1(N01)","BAPPIR~d _ |DUG~bxSIG7| _ N01 _ NAGA~a _ N01 _ KA~a _ N01",13,2.14161952533414,1.53684395850508,0.461538461538462,"0"
"P000284","GA'AR~a1 _ SZE3@t _ GA'AR~a1 _ GA'AR~a1 _ GA'AR~a1 _ GA'AR~a1","GA'AR~a1 _ SZE3@t _ GA'AR~a1 _ GA'AR~a1 _ GA'AR~a1 _ GA'AR~a1",11,1.34858789601242,0.944171281628928,0.272727272727273,"0"
"P000285","1(N01) _ 1(N01) _ BU~a _ 1(N01) _ NE~a _ GAR _ TUG2~a _ TUG2~a@g _ 1(N01) _ 1(N01)","N01 _ N01 _ BU~a _ N01 _ NE~a _ GAR _ TUG2~a _ TUG2~a@g _ N01 _ N01",19,2.13535038252687,1.74009940462305,0.368421052631579,"0"
"P000286","1(N01) _ AN _ 1(N01) _ GIR2~a _ UDU~a _ 1(N01) _ GIR2~a _ 1(N01)","N01 _ AN _ N01 _ GIR2~a _ UDU~a _ N01 _ GIR2~a _ N01",15,1.93012496531497,1.3151016565869,0.333333333333333,"0"
"P000287","SI _ 1(N01) _ NAGAR~b _ 1(N01) _ NAGAR~b _ 1(N01) _ TAK4~a","SI _ N01 _ NAGAR~b _ N01 _ NAGAR~b _ N01 _ TAK4~a",13,1.98777337148798,1.2073758419658,0.384615384615385,"0"
"P000288","GIR2~a _ 1(N01) _ 1(N01) _ 1(N01) _ NAGAR~b _ 1(N01) _ AN _ NAGAR~b _ 1(N01) _ 1(N01) _ AN _ 1(N01) _ 1(N01)","GIR2~a _ N01 _ N01 _ N01 _ NAGAR~b _ N01 _ AN _ NAGAR~b _ N01 _ N01 _ AN _ N01 _ N01",25,1.80307418942857,1.22465542991691,0.2,"0"
"P000289","1(N01) _ 1(N01) _ 1(N01) _ NAGAR~b _ AN _ TAK4~a _ 1(N01) _ NAGAR~b _ BUR~a","N01 _ N01 _ N01 _ NAGAR~b _ AN _ TAK4~a _ N01 _ NAGAR~b _ BUR~a",17,2.08746284125034,1.56107650014865,0.352941176470588,"0"
"P000290","1(N01) _ 1(N01) _ SAR~a _ A _ 1(N01) _ 1(N01) _ 1(N01) _ BAD _ SUG _ 1(N01) _ BA _ KI _ 1(N01) _ SAR~a _ SZAGAN _ 1(N01) _ 1(N01) _ DU _ A _ 1(N01) _ IM~a _ SI _ 1(N01) _ IM~a _ MIR~a _ 1(N01)","N01 _ N01 _ SAR~a _ A _ N01 _ N01 _ N01 _ BAD _ SUG _ N01 _ BA _ KI _ N01 _ SAR~a _ SZAGAN _ N01 _ N01 _ DU _ A _ N01 _ IM~a _ SI _ N01 _ IM~a _ MIR~a _ N01",51,2.43485760171616,2.0639343996378,0.254901960784314,"0"
"P000291","1(N01) _ 1(N01) _ 1(N01) _ 1(N01) _ GI _ 1(N01) _ ZATU751~a _ 1(N01) _ 1(N01) _ BA _ 1(N01) _ SAR~a _ SZAGAN _ 1(N01) _ NAGAR~b _ SZAGAN","N01 _ N01 _ N01 _ N01 _ GI _ N01 _ ZATU751~a _ N01 _ N01 _ BA _ N01 _ SAR~a _ SZAGAN _ N01 _ NAGAR~b _ SZAGAN",31,2.07894844112531,1.83444670202075,0.258064516129032,"0"
"P000292","1(N01) _ SAR~a _ SZAGAN _ EN~a _ BA _ GAR _ SZAGAN","N01 _ SAR~a _ SZAGAN _ EN~a _ BA _ GAR _ SZAGAN",13,2.35353394857748,1.75709652268161,0.538461538461538,"0"
"P000293","TUN3~a","TUN3~a",1,0,0,1,"NA"
"P000294","NAM~d _ KU6~a _ KU6~a _ 1(N01) _ 1(N01) _ 1(N01)","NAM~d _ KU6~a _ KU6~a _ N01 _ N01 _ N01",11,1.78992907531,1.18355529207852,0.363636363636364,"0"
"P000295","1(N01) _ SU~a _ 1(N01) _ U4 _ KU6~a _ |U4x2(N57)|","N01 _ SU~a _ N01 _ U4 _ KU6~a _ |U4x2(N57)|",11,2.22219157550668,1.65900867020834,0.545454545454545,"0"
"P000296","A _ KU6~a _ NU _ AN _ KU6~a _ 1(N01) _ 1(N01) _ 1(N01) _ 1(N01) _ ME~a _ 1(N01) _ ME~a _ AN _ 1(N01) _ 1(N01) _ AN _ 1(N01)","A _ KU6~a _ NU _ AN _ KU6~a _ N01 _ N01 _ N01 _ N01 _ ME~a _ N01 _ ME~a _ AN _ N01 _ N01 _ AN _ N01",33,2.11242783141411,1.4431682634258,0.212121212121212,"0"
"P000297","1(N01) _ 1(N01) _ KU6~a _ 1(N01) _ KU6~a _ 1(N01) _ 1(N01) _ 1(N01)","N01 _ N01 _ KU6~a _ N01 _ KU6~a _ N01 _ N01 _ N01",15,1.42947329835984,0.915265328041797,0.2,"0"
"P000298","1(N01) _ KU6~a _ 1(N01) _ URI3~a _ KU6~a _ 1(N01) _ KU6~a _ 1(N01)","N01 _ KU6~a _ N01 _ URI3~a _ KU6~a _ N01 _ KU6~a _ N01",15,1.74646579850407,1.05763198000364,0.266666666666667,"0"
"P000299","1(N01) _ 1(N01) _ SZU _ AB2 _ 1(N01) _ SZU _ BAR _ AB2 _ 1(N01) _ BAR _ MUL _ AB2 _ 1(N01) _ 1(N01) _ 1(N01) _ 1(N01) _ 1(N01) _ 1(N01) _ E2~a _ 1(N01) _ NE~a _ 1(N01)","N01 _ N01 _ SZU _ AB2 _ N01 _ SZU _ BAR _ AB2 _ N01 _ BAR _ MUL _ AB2 _ N01 _ N01 _ N01 _ N01 _ N01 _ N01 _ E2~a _ N01 _ NE~a _ N01",43,2.07712281541904,1.57587789559923,0.186046511627907,"0"
"P000300","1(N01) _ 1(N01) _ 1(N01) _ 1(N01) _ 1(N01) _ 1(N01) _ 3(N57) _ ZAG~a _ 1(N01) _ DARA4~a1 _ ZAG~a _ 1(N01) _ HI _ SAG _ 1(N01) _ 1(N01)","N01 _ N01 _ N01 _ N01 _ N01 _ N01 _ N57 N57 N57 _ ZAG~a _ N01 _ DARA4~a1 _ ZAG~a _ N01 _ HI _ SAG _ N01 _ N01",33,2.057196319808,1.70490826574533,0.212121212121212,"0.0625"
"P000301","AMAR _ AMAR _ 1(N01) _ GA~a _ 1(N02) _ 1(N01) _ AMAR _ 1(N01) _ 1(N01) _ 1(N01)","AMAR _ AMAR _ N01 _ GA~a _ N02 _ N01 _ AMAR _ N01 _ N01 _ N01",19,1.8850931455709,1.31956735049162,0.263157894736842,"0"
"P000302","GU4 _ BAR _ AMAR _ 1(N01) _ DARA4~a1 _ AMAR _ 1(N01) _ AMAR _ 1(N01) _ DARA4~a1 _ AMAR _ 1(N01) _ SAG _ DARA4~a1 _ AMAR _ 1(N01) _ 1(N01) _ 1(N01) _ 1(N01)","GU4 _ BAR _ AMAR _ N01 _ DARA4~a1 _ AMAR _ N01 _ AMAR _ N01 _ DARA4~a1 _ AMAR _ N01 _ SAG _ DARA4~a1 _ AMAR _ N01 _ N01 _ N01 _ N01",37,2.08990801420836,1.28028036649862,0.189189189189189,"0"
"P000303","1(N01) _ AB2 _ 1(N01) _ UDU~a _ AB2 _ 1(N01) _ SIPA _ 1(N01)","N01 _ AB2 _ N01 _ UDU~a _ AB2 _ N01 _ SIPA _ N01",15,1.93012496531497,1.35279134502109,0.333333333333333,"0"
"P000304","1(N01) _ NI~b _ 1(N01) _ HI _ NI~b _ 1(N01) _ 10(N58) _ NI~b _ 1(N01) _ 1(N01) _ 1(N01) _ 1(N01) _ 1(N01) _ 1(N01) _ 1(N01) _ 1(N01) _ 1(N01) _ 1(N01) _ 1(N01) _ 1(N01) _ 1(N01) _ 1(N34) _ 2(N14)","N01 _ NI~b _ N01 _ HI _ NI~b _ N01 _ N58 N58 N58 N58 N58 N58 N58 N58 N58 N58 _ NI~b _ N01 _ N01 _ N01 _ N01 _ N01 _ N01 _ N01 _ N01 _ N01 _ N01 _ N01 _ N01 _ N01 _ N34 _ N14 N14",55,2.10714763968725,1.30118660737668,0.127272727272727,"0.185185185185185"
"P000305","1(N01) _ GISZ _ SI _ KAK~a _ 1(N01) _ GISZ _ SI _ 1(N01) _ GISZ _ BAD _ 1(N01) _ GISZ _ |BAD&BAD| _ 1(N01) _ 1(N01) _ 1(N01) _ 1(N01)","N01 _ GISZ _ SI _ KAK~a _ N01 _ GISZ _ SI _ N01 _ GISZ _ BAD _ N01 _ GISZ _ |BAD&BAD| _ N01 _ N01 _ N01 _ N01",33,2.07469714966148,1.47254584487923,0.212121212121212,"0"
"P000306","1(N01) _ GISZ _ NU11 _ 1(N01) _ GISZ _ KIN2~c _ 1(N01) _ 1(N01) _ GISZ _ 1(N01) _ 1(N01)","N01 _ GISZ _ NU11 _ N01 _ GISZ _ KIN2~c _ N01 _ N01 _ GISZ _ N01 _ N01",21,1.84546297252333,1.24422827951043,0.238095238095238,"0"
"P000308","KI _ 1(N45) _ KI _ KI _ U2~b _ 1(N01) _ 1(N01) _ 1(N01) _ 1(N01) _ 1(N01) _ 1(N01) _ AD~a _ 1(N01)","KI _ N45 _ KI _ KI _ U2~b _ N01 _ N01 _ N01 _ N01 _ N01 _ N01 _ AD~a _ N01",25,1.9468193111659,1.43064216852662,0.24,"0"
"P000309","1(N01) _ TUM~b _ ZATU647 _ 1(N01) _ GAL~a _ ZATU647 _ HI _ ZATU647 _ 1(N01)","N01 _ TUM~b _ ZATU647 _ N01 _ GAL~a _ ZATU647 _ HI _ ZATU647 _ N01",17,2.1162996057017,1.49393453375326,0.352941176470588,"0"
"P000310","1(N01) _ 1(N01) _ 1(N01) _ HI _ 1(N01) _ GISZ _ 1(N01) _ BIR3~c _ APIN~a _ 1(N01)","N01 _ N01 _ N01 _ HI _ N01 _ GISZ _ N01 _ BIR3~c _ APIN~a _ N01",19,1.9300801441116,1.65986985388598,0.315789473684211,"0"
"P000311","1(N01) _ NIMGIR _ 1(N01) _ U2~b _ NAGA~a _ MUSZEN _ ZATU647 _ BA _ IM~a","N01 _ NIMGIR _ N01 _ U2~b _ NAGA~a _ MUSZEN _ ZATU647 _ BA _ IM~a",17,2.55805107654446,2.09647336698124,0.529411764705882,"0"
"P000312","1(N01) _ BALA~a _ MUSZEN _ RAD~a _ ISZ~b","N01 _ BALA~a _ MUSZEN _ RAD~a _ ISZ~b",9,2.28103611255342,1.63073908549656,0.666666666666667,"0"
"P000313","SIG2~a3 _ 1(N01) _ 1(N01) _ 1(N01)","SIG2~a3 _ N01 _ N01 _ N01",7,1.44881563572518,0.898705260993257,0.428571428571429,"0"
"P000314","1(N01) _ 1(N01) _ BA _ SAG _ 1(N01) _ SIG2~b _ 1(N01) _ KA~a _ 1(N01) _ SZENNUR~a _ 1(N01) _ |EZEN~axSU~a| _ 1(N01) _ GI _ UNUG~a _ 1(N01) _ SZAM2 _ KI _ 1(N01)","N01 _ N01 _ BA _ SAG _ N01 _ SIG2~b _ N01 _ KA~a _ N01 _ SZENNUR~a _ N01 _ |EZEN~axSU~a| _ N01 _ GI _ UNUG~a _ N01 _ SZAM2 _ KI _ N01",37,2.40977836457645,2.19716696608094,0.324324324324324,"0"
"P000315","NA2~a _ 1(N01) _ BA _ 1(N01) _ 1(N01) _ HI _ BA _ SUM~b _ 1(N01) _ SI _ U4 _ KUR~a _ 1(N01) _ PAP~a _ APIN~a _ 1(N01) _ NU _ 1(N01) _ NU _ LUM _ 1(N01) _ EN~a _ 1(N01) _ 1(N01)","NA2~a _ N01 _ BA _ N01 _ N01 _ HI _ BA _ SUM~b _ N01 _ SI _ U4 _ KUR~a _ N01 _ PAP~a _ APIN~a _ N01 _ NU _ N01 _ NU _ LUM _ N01 _ EN~a _ N01 _ N01",47,2.54903127852477,2.1945834335485,0.297872340425532,"0"
"P000316","1(N01) _ 1(N01) _ GAL~a _ SIPA _ 1(N01) _ GAL~a _ GURUSZDA","N01 _ N01 _ GAL~a _ SIPA _ N01 _ GAL~a _ GURUSZDA",13,1.98777337148798,1.3508166897131,0.384615384615385,"0"
"P000317","1(N01) _ 1(N01) _ ZI~a _ GI _ 1(N01) _ |GI&GI| _ SZE3 _ 1(N01) _ APIN~a _ E2~b _ PIRIG~b1 _ 1(N01) _ 1(N01) _ 1(N01) _ TAR~a _ ZATU751~a _ 1(N01) _ 1(N01) _ ZATU751~a","N01 _ N01 _ ZI~a _ GI _ N01 _ |GI&GI| _ SZE3 _ N01 _ APIN~a _ E2~b _ PIRIG~b1 _ N01 _ N01 _ N01 _ TAR~a _ ZATU751~a _ N01 _ N01 _ ZATU751~a",37,2.3557243105224,1.98036869911807,0.297297297297297,"0"
"P000318","1(N01) _ GAL~a _ 1(N01) _ UNUG~a _ 1(N01) _ KAK~a _ DUG~a _ NU11 _ 1(N01) _ 1(N01) _ 1(N01)","N01 _ GAL~a _ N01 _ UNUG~a _ N01 _ KAK~a _ DUG~a _ NU11 _ N01 _ N01 _ N01",21,2.07188618691207,1.67366891308316,0.333333333333333,"0"
"P000319","BA _ IM~a _ AD~a _ NI~a _ ASAR _ KU~a _ DU6~a","BA _ IM~a _ AD~a _ NI~a _ ASAR _ KU~a _ DU6~a",13,2.50738010242364,1.94538218492705,0.615384615384615,"0"
"P000320","1(N01) _ 1(N01) _ 1(N01) _ |ZATU737xBUR~a| _ 1(N01) _ UR2 _ KU6~a _ RAD~a _ 1(N01) _ SZIM~a _ RAD~a _ 1(N01) _ AMA~b _ ME~a _ 1(N01) _ 1(N01) _ 1(N01) _ 1(N01) _ 1(N01) _ 1(N01) _ 1(N01) _ 1(N34) _ |3(N57).PIRIG~b1| _ E2~a","N01 _ N01 _ N01 _ |ZATU737xBUR~a| _ N01 _ UR2 _ KU6~a _ RAD~a _ N01 _ SZIM~a _ RAD~a _ N01 _ AMA~b _ ME~a _ N01 _ N01 _ N01 _ N01 _ N01 _ N01 _ N01 _ N34 _ |3(N57).PIRIG~b1| _ E2~a",47,2.27485180220646,1.90193191721639,0.25531914893617,"0"
"P000321","1(N01) _ GAN2 _ GI4~a _ BU~a _ BAD3~a","N01 _ GAN2 _ GI4~a _ BU~a _ BAD3~a",9,2.28103611255342,1.63073908549656,0.666666666666667,"0"
"P000322","1(N01) _ 1(N01) _ 1(N01) _ NAGA~a _ 1(N01) _ SZU","N01 _ N01 _ N01 _ NAGA~a _ N01 _ SZU",11,1.67673703005213,1.27234882159237,0.363636363636364,"0"
"P000323","A _ 1(N01) _ 1(N01) _ 1(N01) _ KI","A _ N01 _ N01 _ N01 _ KI",9,1.7527152789797,1.14195064440653,0.444444444444444,"0"
"P000324","GAL~a _ 1(N01) _ GAL~a _ 1(N01) _ 1(N01)","GAL~a _ N01 _ GAL~a _ N01 _ N01",9,1.53049305675748,0.912926246624364,0.333333333333333,"0"
"P000325","AN _ A","AN _ A",3,1.58496250072116,0.861654166907052,1,"0"
"P000326","1(N01) _ 1(N01) _ GIR3~c _ 1(N01) _ TI _ A _ 1(N01) _ A _ 1(N01) _ E2~a _ 1(N01) _ KI _ 1(N01) _ 1(N01) _ 1(N01) _ KA~a _ KAR _ 1(N01) _ NUN~a _ A _ 1(N01) _ DU _ KU~b2 _ KASKAL _ 1(N01) _ SZAH2~a _ 1(N01) _ 1(N01) _ 1(N01) _ 1(N01)","N01 _ N01 _ GIR3~c _ N01 _ TI _ A _ N01 _ A _ N01 _ E2~a _ N01 _ KI _ N01 _ N01 _ N01 _ KA~a _ KAR _ N01 _ NUN~a _ A _ N01 _ DU _ KU~b2 _ KASKAL _ N01 _ SZAH2~a _ N01 _ N01 _ N01 _ N01",59,2.32948480595738,2.08372096130917,0.23728813559322,"0"
"P000327","AMA~a _ A _ MUSZ3~a _ AMA~a _ A _ 1(N01) _ MA _ UD5~a _ A _ 1(N01) _ ALIM _ A _ 1(N01) _ 1(N01) _ 1(N01) _ NAR _ DUR2 _ SZE3 _ 1(N01) _ RAD~a _ 1(N01) _ HAL _ ZATU751~a _ 1(N01)","AMA~a _ A _ MUSZ3~a _ AMA~a _ A _ N01 _ MA _ UD5~a _ A _ N01 _ ALIM _ A _ N01 _ N01 _ N01 _ NAR _ DUR2 _ SZE3 _ N01 _ RAD~a _ N01 _ HAL _ ZATU751~a _ N01",47,2.6175266178625,2.21389015911556,0.297872340425532,"0"
"P000328","1(N01) _ 1(N01) _ LI _ ZI~a _ MUSZEN _ KU6~a","N01 _ N01 _ LI _ ZI~a _ MUSZEN _ KU6~a",11,2.22219157550668,1.70367325167296,0.545454545454545,"0"
"P000329","URU~a1 _ ERIN _ GAL~a _ SZUBUR _ APIN~a _ 1(N01) _ 1(N01)","URU~a1 _ ERIN _ GAL~a _ SZUBUR _ APIN~a _ N01 _ N01",13,2.35353394857748,1.75709652268161,0.538461538461538,"0"
"P000330","1(N01) _ GAL~a _ ZAG~a _ ZAG~a _ 1(N01) _ SANGA~a _ 1(N01) _ GAL~a _ 1(N01) _ USZUMGAL _ 1(N01) _ GAL~a _ 1(N01) _ KAB _ GI _ AB~b _ 1(N01) _ 1(N01)","N01 _ GAL~a _ ZAG~a _ ZAG~a _ N01 _ SANGA~a _ N01 _ GAL~a _ N01 _ USZUMGAL _ N01 _ GAL~a _ N01 _ KAB _ GI _ AB~b _ N01 _ N01",35,2.26523285113299,1.78409720177003,0.257142857142857,"0"
"P000331","KU3~a _ AK~a _ 1(N01) _ 1(N01) _ 1(N01) _ 1(N01)","KU3~a _ AK~a _ N01 _ N01 _ N01 _ N01",11,1.67673703005213,1.08489419647059,0.363636363636364,"0"
"P000332","ISZ~b _ 1(N01) _ 1(N01) _ MUSZ3~a _ 1(N01) _ BU~a","ISZ~b _ N01 _ N01 _ MUSZ3~a _ N01 _ BU~a",11,1.97174725712818,1.36840715496941,0.454545454545455,"0"
"P000333","GAL~a _ GAL~a _ GUG2","GAL~a _ GAL~a _ GUG2",5,1.52192809488736,0.970049785692216,0.6,"0"
"P000334","GAL~a _ UMUN2","GAL~a _ UMUN2",3,1.58496250072116,0.861654166907052,1,"0"
"P000335","TE _ GAL~a _ GADA~a _ 1(N01)","TE _ GAL~a _ GADA~a _ N01",7,2.12808527889139,1.42953239543239,0.714285714285714,"0"
"P000336","NAM2 _ ERIN _ GAL~a _ LA2","NAM2 _ ERIN _ GAL~a _ LA2",7,2.12808527889139,1.42953239543239,0.714285714285714,"0"
"P000337","1(N01) _ NUN~a _ 1(N01) _ GAL~a","N01 _ NUN~a _ N01 _ GAL~a",7,1.84237099317711,1.20839638639549,0.571428571428571,"0"
"P000338","|ZATU737xDI| _ 1(N01)","|ZATU737xDI| _ N01",3,1.58496250072116,0.861654166907052,1,"0"
"P000339","1(N01) _ 1(N01)","N01 _ N01",3,0.918295834054489,0.597493750120193,0.666666666666667,"0"
"P000340","1(N01) _ 1(N01) _ 1(N01)","N01 _ N01 _ N01",5,0.970950594454669,0.671190309536813,0.4,"0"
"P000341","1(N01) _ 1(N01)","N01 _ N01",3,0.918295834054489,0.597493750120193,0.666666666666667,"0"
"P000342","1(N01) _ SANGA~a _ 1(N01) _ SANGA~a _ 1(N01)","N01 _ SANGA~a _ N01 _ SANGA~a _ N01",9,1.53049305675748,0.872571316786491,0.333333333333333,"0"
"P000343","SANGA~a _ 1(N01) _ 1(N01) _ 1(N01)","SANGA~a _ N01 _ N01 _ N01",7,1.44881563572518,0.898705260993257,0.428571428571429,"0"
"P000344","GAL~a _ 1(N01)","GAL~a _ N01",3,1.58496250072116,0.861654166907052,1,"0"
"P000345","1(N01) _ 1(N01) _ 1(N01) _ DI","N01 _ N01 _ N01 _ DI",7,1.44881563572518,1.00982852918396,0.428571428571429,"0"
"P000346","1(N01) _ 1(N01) _ SZU _ UKKIN~a _ 1(N01) _ GAL~a _ 1(N01) _ GAL~a _ 1(N01)","N01 _ N01 _ SZU _ UKKIN~a _ N01 _ GAL~a _ N01 _ GAL~a _ N01",17,1.87513104863641,1.32055654500896,0.294117647058824,"0"
"P000347","1(N01) _ NUN~a _ ME~a _ 1(N01) _ NUN~a _ 1(N01)","N01 _ NUN~a _ ME~a _ N01 _ NUN~a _ N01",11,1.78992907531,1.1276826974372,0.363636363636364,"0"
"P000349","ME~a _ 1(N01) _ 1(N01) _ 1(N01) _ 1(N01)","ME~a _ N01 _ N01 _ N01 _ N01",9,1.39214722366453,0.869933214488526,0.333333333333333,"0"
"P000350","SANGA~a _ SANGA~a","SANGA~a _ SANGA~a",3,0.918295834054489,0.597493750120193,0.666666666666667,"0"
"P000351","1(N01) _ 1(N01)","N01 _ N01",3,0.918295834054489,0.597493750120193,0.666666666666667,"0"
"P000352","1(N01) _ 1(N01)","N01 _ N01",3,0.918295834054489,0.597493750120193,0.666666666666667,"0"
"P000353","1(N01) _ 1(N01) _ GAL~a _ 1(N01)","N01 _ N01 _ GAL~a _ N01",7,1.44881563572518,1.01651150805671,0.428571428571429,"0"
"P000354","1(N01) _ 1(N01) _ GAL~a","N01 _ N01 _ GAL~a",5,1.52192809488736,0.970049785692216,0.6,"0"
"P000355","1(N01) _ SZA _ 1(N01)","N01 _ SZA _ N01",5,1.52192809488736,0.949185309632967,0.6,"0"
"P000356","1(N01) _ 1(N01) _ BU~a _ NUN~a","N01 _ N01 _ BU~a _ NUN~a",7,1.84237099317711,1.27858358583989,0.571428571428571,"0"
"P000357","1(N01) _ 1(N01) _ ERIN _ 1(N01) _ GISZGAL","N01 _ N01 _ ERIN _ N01 _ GISZGAL",9,1.7527152789797,1.23357772545588,0.444444444444444,"0"
"P000358","1(N01) _ 1(N01) _ 1(N01) _ 1(N01) _ 1(N01) _ 1(N01) _ 1(N01)","N01 _ N01 _ N01 _ N01 _ N01 _ N01 _ N01",13,0.995727452084926,0.700673805200465,0.153846153846154,"0"
"P000359","1(N01) _ GAL~a","N01 _ GAL~a",3,1.58496250072116,0.861654166907052,1,"0"
"P000360","1(N01)","N01",1,0,0,1,"NA"
"P000361","1(N01) _ 1(N01) _ ISZ~b _ 1(N01)","N01 _ N01 _ ISZ~b _ N01",7,1.44881563572518,1.01651150805671,0.428571428571429,"0"
"P000362","1(N01) _ 1(N01) _ UB _ SZA3~a1","N01 _ N01 _ UB _ SZA3~a1",7,1.84237099317711,1.27858358583989,0.571428571428571,"0"
"P000363","1(N14) _ 1(N14) _ 1(N01)","N14 _ N14 _ N01",5,1.52192809488736,0.970049785692216,0.6,"0"
"P000364","1(N14) _ 1(N14) _ 1(N14)","N14 _ N14 _ N14",5,0.970950594454669,0.671190309536813,0.4,"0"
"P000365","1(N01) _ AMAR _ GARA2~a","N01 _ AMAR _ GARA2~a",5,1.92192809488736,1.1813781191217,0.8,"0"
"P000366","GAZI _ HALUB","GAZI _ HALUB",3,1.58496250072116,0.861654166907052,1,"0"
"P000367","NUN~a _ 5(N01) _ MUNU3","NUN~a _ N01 N01 N01 N01 N01 _ MUNU3",9,1.65774272650489,1.25491057352538,0.444444444444444,"0.5"
"P000368","AB2 _ 1(N14) _ 1(N01)","AB2 _ N14 _ N01",5,1.92192809488736,1.1813781191217,0.8,"0"
"P000369","1(N01) _ 1(N01) _ 1(N01) _ 1(N01) _ SAL _ 1(N01) _ EN~a _ GAN2 _ 1(N01)","N01 _ N01 _ N01 _ N01 _ SAL _ N01 _ EN~a _ GAN2 _ N01",17,1.76335842923111,1.5044413762093,0.294117647058824,"0"
"P000370","GAZI _ 1(N14) _ 1(N14)","GAZI _ N14 _ N14",5,1.52192809488736,0.882518642966301,0.6,"0"
"P000371","1(N14) _ 3(N01)","N14 _ N01 N01 N01",5,1.37095059445467,0.949185309632967,0.6,"0.5"
"P000372","1(N01) _ 1(N01) _ 1(N01)","N01 _ N01 _ N01",5,0.970950594454669,0.671190309536813,0.4,"0"
"P000373","1(N01) _ 1(N01) _ 1(N01) _ 1(N01) _ 1(N01) _ SZE3 _ 1(N01)","N01 _ N01 _ N01 _ N01 _ N01 _ SZE3 _ N01",13,1.31432048670618,1.05462163817792,0.230769230769231,"0"
"P000375","1(N01) _ 1(N01) _ 1(N01) _ 1(N01)","N01 _ N01 _ N01 _ N01",7,0.985228136034252,0.720114450271154,0.285714285714286,"0"
"P000376","1(N01) _ GISZ _ 1(N01) _ GISZ _ 1(N01) _ GISZ","N01 _ GISZ _ N01 _ GISZ _ N01 _ GISZ",11,1.5394847569315,0.850665275354187,0.272727272727273,"0"
"P000377","1(N01) _ 1(N01) _ 1(N01)","N01 _ N01 _ N01",5,0.970950594454669,0.671190309536813,0.4,"0"
"P000378","1(N01) _ SUH3 _ 1(N01) _ GU _ KU6~a _ GU _ AN _ KU6~a _ 1(N01) _ 1(N01) _ AN _ 1(N01) _ 1(N01) _ 1(N01) _ 1(N34) _ 1(N14)","N01 _ SUH3 _ N01 _ GU _ KU6~a _ GU _ AN _ KU6~a _ N01 _ N01 _ AN _ N01 _ N01 _ N01 _ N34 _ N14",31,2.23629813656329,1.64500547883658,0.258064516129032,"0"
"P000379","AGAR2 _ ZATU786 _ AGAR2 _ 1(N01) _ 1(N01) _ ME~a _ 1(N01) _ NAGAR~a _ TAK4~a _ 1(N01) _ NAGAR~a _ AN _ TAK4~a _ 1(N01) _ NAGAR~a _ TAK4~a","AGAR2 _ ZATU786 _ AGAR2 _ N01 _ N01 _ ME~a _ N01 _ NAGAR~a _ TAK4~a _ N01 _ NAGAR~a _ AN _ TAK4~a _ N01 _ NAGAR~a _ TAK4~a",31,2.31797778093876,1.59661927845231,0.258064516129032,"0"
"P000380","1(N01) _ 1(N01)","N01 _ N01",3,0.918295834054489,0.597493750120193,0.666666666666667,"0"
"P000381","1(N01) _ GIR2~a _ AN _ 1(N01) _ GIR2~a _ AB2","N01 _ GIR2~a _ AN _ N01 _ GIR2~a _ AB2",11,2.0403733936885,1.33526183305537,0.454545454545455,"0"
"P000382","AN _ 1(N01) _ 1(N01)","AN _ N01 _ N01",5,1.52192809488736,0.882518642966301,0.6,"0"
"P000383","1(N01) _ 1(N01) _ 1(N01)","N01 _ N01 _ N01",5,0.970950594454669,0.671190309536813,0.4,"0"
"P000384","DUG~b _ 1(N01) _ DUG~c _ 1(N01)","DUG~b _ N01 _ DUG~c _ N01",7,1.84237099317711,1.1674603176492,0.571428571428571,"0"
"P000385","1(N01)","N01",1,0,0,1,"NA"
"P000386","1(N01) _ |DUG~bxSI4~a| _ 1(N01) _ 1(N01)","N01 _ |DUG~bxSI4~a| _ N01 _ N01",7,1.44881563572518,0.946324308612304,0.428571428571429,"0"
"P000387","|DUG~bxDIN| _ 1(N01)","|DUG~bxDIN| _ N01",3,1.58496250072116,0.861654166907052,1,"0"
"P000388","1(N01) _ EN~a _ 1(N01)","N01 _ EN~a _ N01",5,1.52192809488736,0.949185309632967,0.6,"0"
"P000390","1(N01) _ |AB~axZATU659| _ 1(N01)","N01 _ |AB~axZATU659| _ N01",5,1.52192809488736,0.949185309632967,0.6,"0"
"P000391","1(N01) _ 1(N01) _ BA _ ZATU647 _ 1(N01) _ EN~a _ BA _ ZATU647 _ TUG2~a _ 1(N01) _ 1(N01)","N01 _ N01 _ BA _ ZATU647 _ N01 _ EN~a _ BA _ ZATU647 _ TUG2~a _ N01 _ N01",21,2.06713068833541,1.49036033824906,0.285714285714286,"0"
"P000392","1(N01) _ 1(N01) _ BA _ ZATU647 _ TUG2~a _ 1(N01)","N01 _ N01 _ BA _ ZATU647 _ TUG2~a _ N01",11,1.97174725712818,1.49609411605479,0.454545454545455,"0"
"P000393","1(N01) _ 1(N01) _ 1(N01)","N01 _ N01 _ N01",5,0.970950594454669,0.671190309536813,0.4,"0"
"P000394","1(N01) _ 1(N01) _ KU6~a _ A _ 1(N01)","N01 _ N01 _ KU6~a _ A _ N01",9,1.7527152789797,1.28167195573338,0.444444444444444,"0"
"P000395","1(N01) _ 1(N01) _ ZATU786 _ AGAR2 _ 1(N01) _ AGAR2 _ DUB2","N01 _ N01 _ ZATU786 _ AGAR2 _ N01 _ AGAR2 _ DUB2",13,1.98777337148798,1.40255951024072,0.384615384615385,"0"
"P000396","1(N01) _ SAG _ 1(N01) _ 1(N01) _ U4 _ AL _ GU4","N01 _ SAG _ N01 _ N01 _ U4 _ AL _ GU4",13,2.14161952533414,1.64920148533088,0.461538461538462,"0"
"P000397","1(N14) _ 1(N01) _ MASZ2","N14 _ N01 _ MASZ2",5,1.92192809488736,1.1813781191217,0.8,"0"
"P000398","1(N01)","N01",1,0,0,1,"NA"
"P000399","1(N01) _ |NU11&NU11| _ KU6~a","N01 _ |NU11&NU11| _ KU6~a",5,1.92192809488736,1.1813781191217,0.8,"0"
"P000400","1(N01) _ AB2 _ 1(N01) _ AB2 _ 1(N01) _ 1(N01) _ GI _ 1(N01) _ GI _ BAR _ 1(N01) _ DARA4~a1","N01 _ AB2 _ N01 _ AB2 _ N01 _ N01 _ GI _ N01 _ GI _ BAR _ N01 _ DARA4~a1",23,2.02080009478148,1.475960541941,0.260869565217391,"0"
"P000401","1(N14) _ 1(N01) _ KAL~a _ 1(N01) _ 1(N14) _ 1(N14)","N14 _ N01 _ KAL~a _ N01 _ N14 _ N14",11,1.78992907531,1.17114391238514,0.363636363636364,"0"
"P000402","1(N01) _ 1(N01) _ 1(N01)","N01 _ N01 _ N01",5,0.970950594454669,0.671190309536813,0.4,"0"
"P000403","1(N01) _ GI6 _ 1(N01) _ SZU _ 1(N01)","N01 _ GI6 _ N01 _ SZU _ N01",9,1.7527152789797,1.22708191172107,0.444444444444444,"0"
"P000404","1(N01) _ 1(N01) _ SIG7 _ 1(N01) _ SIG7 _ DU8~c@g _ GI6 _ 1(N01) _ SZAH2~a","N01 _ N01 _ SIG7 _ N01 _ SIG7 _ DU8~c@g _ GI6 _ N01 _ SZAH2~a",17,2.08746284125034,1.57001583245379,0.352941176470588,"0"
"P000405","GU4 _ GU4 _ 1(N01) _ 1(N01) _ 3(N57) _ 1(N01)","GU4 _ GU4 _ N01 _ N01 _ N57 N57 N57 _ N01",13,1.92202314285157,1.3656538682233,0.307692307692308,"0.166666666666667"
"P000406","AMAR _ AMAR","AMAR _ AMAR",3,0.918295834054489,0.597493750120193,0.666666666666667,"0"
"P000407","GU4 _ AMAR","GU4 _ AMAR",3,1.58496250072116,0.861654166907052,1,"0"
"P000408","1(N01) _ 1(N01) _ 1(N01)","N01 _ N01 _ N01",5,0.970950594454669,0.671190309536813,0.4,"0"
"P000409","1(N01@f) _ 1(N01@f) _ 1(N01@f) _ 1(N01@f)","N01@f _ N01@f _ N01@f _ N01@f",7,0.985228136034252,0.720114450271154,0.285714285714286,"0"
"P000411","1(N34)","N34",1,0,0,1,"NA"
"P000412","1(N01)","N01",1,0,0,1,"NA"
"P000413","1(N01) _ PAP~a","N01 _ PAP~a",3,1.58496250072116,0.861654166907052,1,"0"
"P000415","SZITA~a3 _ KI _ KI","SZITA~a3 _ KI _ KI",5,1.52192809488736,0.882518642966301,0.6,"0"
"P000416","1(N02) _ 1(N01) _ 1(N01) _ AN _ KI _ LAGAB~b _ ME~a _ 1(N01) _ |DU8~cxUDU~a| _ 1(N01) _ 1(N01) _ 1(N01) _ 1(N01) _ 1(N01) _ 1(N01) _ 1(N01)","N02 _ N01 _ N01 _ AN _ KI _ LAGAB~b _ ME~a _ N01 _ |DU8~cxUDU~a| _ N01 _ N01 _ N01 _ N01 _ N01 _ N01 _ N01",31,1.99217566899973,1.47137613454962,0.258064516129032,"0"
"P000417","1(N01) _ 4(N01) _ AN _ AMA~a _ SAG _ MUSZEN _ SAR~a _ 1(N01) _ 1(N01) _ 1(N01)","N01 _ N01 N01 N01 N01 _ AN _ AMA~a _ SAG _ MUSZEN _ SAR~a _ N01 _ N01 _ N01",22,2.07173502713817,1.78452846532113,0.318181818181818,"0.142857142857143"
"P000418","1(N01) _ 1(N01) _ 1(N01) _ EN~a","N01 _ N01 _ N01 _ EN~a",7,1.44881563572518,1.00982852918396,0.428571428571429,"0"
"P000419","1(N01) _ 1(N01) _ DU _ 1(N01)","N01 _ N01 _ DU _ N01",7,1.44881563572518,1.01651150805671,0.428571428571429,"0"
"P000420","KI _ 1(N01) _ 1(N01) _ 1(N01) _ SI _ 1(N01) _ 1(N01) _ 1(N01)","KI _ N01 _ N01 _ N01 _ SI _ N01 _ N01 _ N01",15,1.56280663169317,1.07955699515647,0.266666666666667,"0"
"P000421","HI","HI",1,0,0,1,"NA"
"P000422","BARA3 _ 1(N01) _ 1(N01) _ 1(N01)","BARA3 _ N01 _ N01 _ N01",7,1.44881563572518,0.898705260993257,0.428571428571429,"0"
"P000423","1(N01)","N01",1,0,0,1,"NA"
"P000424","1(N01) _ 1(N01) _ 1(N01)","N01 _ N01 _ N01",5,0.970950594454669,0.671190309536813,0.4,"0"
"P000425","ME~a _ 1(N01)","ME~a _ N01",3,1.58496250072116,0.861654166907052,1,"0"
"P000426","1(N01) _ 1(N01)","N01 _ N01",3,0.918295834054489,0.597493750120193,0.666666666666667,"0"
"P000427","IM~a _ IM~a","IM~a _ IM~a",3,0.918295834054489,0.597493750120193,0.666666666666667,"0"
"P000429","1(N01)","N01",1,0,0,1,"NA"
"P000430","1(N01) _ KI _ SAG _ 1(N01) _ U4 _ DU _ HAL _ ABGAL _ 5(N01) _ MUNU3","N01 _ KI _ SAG _ N01 _ U4 _ DU _ HAL _ ABGAL _ N01 N01 N01 N01 N01 _ MUNU3",23,2.42874415312727,1.98978242940909,0.391304347826087,"0.181818181818182"
"P000431","1(N01) _ GISZ _ NAM2 _ 1(N01) _ GISZ _ NU11 _ 1(N01) _ GISZ _ KIN2~c _ 1(N01) _ GI6 _ GISZ _ KIN2~c _ 1(N01) _ |SZE~a.KIN2~c| _ GISZ _ 1(N01) _ DUB~b _ GISZ _ A _ 1(N01) _ SI _ GISZ _ 1(N01) _ GESZTIN~a _ GISZ _ 1(N01) _ GESZTIN~a _ GISZ _ 1(N01) _ MUSZEN _ 1(N01) _ GISZ _ 1(N01) _ GISZ _ LAM~a _ 1(N01) _ GISZ _ KUR@g~a _ 1(N01) _ 1(N01) _ 1(N01) _ GISZ _ 1(N01) _ GISZ _ DIN _ 1(N01) _ GISZ _ 1(N01) _ HASZHUR _ GISZ _ 1(N01) _ |(GISZx(DIN.DIN))~a| _ GISZ _ 1(N01) _ BU~a _ GISZ _ GI _ 1(N01) _ BU~a _ ZATU633~a _ GISZ _ GI _ 1(N01) _ BU~a _ MES _ GISZ _ GI _ 1(N01) _ 1(N01) _ GISZ _ 1(N01) _ MES _ GISZ _ 1(N01) _ GISZ _ A _ 1(N01) _ SZU _ SU~a _ GISZ _ 1(N01) _ GISZ _ 1(N01) _ GISZ _ LUM _ 1(N01) _ GISZ _ KISZIK~a _ U2~b _ GAL~a _ GISZ _ 1(N01) _ SZA _ SZU _ GISZ _ 1(N01) _ 1(N01) _ GISZ _ 1(N01) _ U4 _ 1(N01) _ 1(N01) _ IN~b _ HI _ GISZ _ 1(N01) _ 1(N01) _ BA _ SZE3 _ U2~b _ 1(N01) _ MASZ _ GISZ _ 1(N01) _ GUL _ BU~a _ GISZ _ 1(N01) _ GISZIMMAR~a2 _ 1(N01) _ GESZTU~a _ GISZ _ 1(N01) _ 1(N01) _ GISZ _ 1(N01) _ GISZ _ 1(N01) _ 1(N01) _ GISZ@t _ E2~a _ 1(N01) _ GISZ _ PU2 _ 1(N01) _ GISZ _ 1(N01) _ UR4~b _ GISZ _ 1(N01) _ GISZ _ LISZ _ 1(N01) _ BANSZUR~b1 _ GISZ _ 1(N01) _ GISZ _ AD~a _ 1(N01) _ GISZ _ 1(N01) _ BAD _ GISZ _ 1(N01) _ GISZ _ 1(N01) _ SI _ TAG~b _ 1(N01) _ SI _ KAK~a _ GISZ _ 1(N01) _ AL _ 1(N34)","N01 _ GISZ _ NAM2 _ N01 _ GISZ _ NU11 _ N01 _ GISZ _ KIN2~c _ N01 _ GI6 _ GISZ _ KIN2~c _ N01 _ |SZE~a.KIN2~c| _ GISZ _ N01 _ DUB~b _ GISZ _ A _ N01 _ SI _ GISZ _ N01 _ GESZTIN~a _ GISZ _ N01 _ GESZTIN~a _ GISZ _ N01 _ MUSZEN _ N01 _ GISZ _ N01 _ GISZ _ LAM~a _ N01 _ GISZ _ KUR@g~a _ N01 _ N01 _ N01 _ GISZ _ N01 _ GISZ _ DIN _ N01 _ GISZ _ N01 _ HASZHUR _ GISZ _ N01 _ |(GISZx(DIN.DIN))~a| _ GISZ _ N01 _ BU~a _ GISZ _ GI _ N01 _ BU~a _ ZATU633~a _ GISZ _ GI _ N01 _ BU~a _ MES _ GISZ _ GI _ N01 _ N01 _ GISZ _ N01 _ MES _ GISZ _ N01 _ GISZ _ A _ N01 _ SZU _ SU~a _ GISZ _ N01 _ GISZ _ N01 _ GISZ _ LUM _ N01 _ GISZ _ KISZIK~a _ U2~b _ GAL~a _ GISZ _ N01 _ SZA _ SZU _ GISZ _ N01 _ N01 _ GISZ _ N01 _ U4 _ N01 _ N01 _ IN~b _ HI _ GISZ _ N01 _ N01 _ BA _ SZE3 _ U2~b _ N01 _ MASZ _ GISZ _ N01 _ GUL _ BU~a _ GISZ _ N01 _ GISZIMMAR~a2 _ N01 _ GESZTU~a _ GISZ _ N01 _ N01 _ GISZ _ N01 _ GISZ _ N01 _ N01 _ GISZ@t _ E2~a _ N01 _ GISZ _ PU2 _ N01 _ GISZ _ N01 _ UR4~b _ GISZ _ N01 _ GISZ _ LISZ _ N01 _ BANSZUR~b1 _ GISZ _ N01 _ GISZ _ AD~a _ N01 _ GISZ _ N01 _ BAD _ GISZ _ N01 _ GISZ _ N01 _ SI _ TAG~b _ N01 _ SI _ KAK~a _ GISZ _ N01 _ AL _ N34",331,2.77113989602166,2.51927490510765,0.151057401812689,"0"
"P000432","1(N01) _ KISZ _ KISZ _ KISZ _ KISZ _ KISZ _ KISZ _ SAG","N01 _ KISZ _ KISZ _ KISZ _ KISZ _ KISZ _ KISZ _ SAG",15,1.56280663169317,1.01142107566633,0.266666666666667,"0"
"P000433","1(N01) _ UB _ 1(N01) _ KITI _ 1(N01) _ NI2 _ 1(N01) _ URI3~a _ E2~b _ E2~a _ 1(N01) _ GIBIL6 _ 1(N01) _ 1(N01) _ 1(N01) _ AN _ NE~a _ AN _ 1(N01) _ 1(N01) _ 1(N01) _ 1(N01) _ AB~a@g _ 1(N01) _ BU~a _ 1(N01) _ 1(N01) _ AN _ SI _ 1(N01) _ AN _ EZINU~d _ 1(N01) _ BAPPIR~b _ 1(N01) _ 1(N01) _ BAHAR2~b _ E2~a _ NUNUZ~a1 _ 1(N01) _ TILLA2 _ 1(N01) _ AN _ AN _ E2~a _ 1(N01) _ DAR~a _ NESAG2~b","N01 _ UB _ N01 _ KITI _ N01 _ NI2 _ N01 _ URI3~a _ E2~b _ E2~a _ N01 _ GIBIL6 _ N01 _ N01 _ N01 _ AN _ NE~a _ AN _ N01 _ N01 _ N01 _ N01 _ AB~a@g _ N01 _ BU~a _ N01 _ N01 _ AN _ SI _ N01 _ AN _ EZINU~d _ N01 _ BAPPIR~b _ N01 _ N01 _ BAHAR2~b _ E2~a _ NUNUZ~a1 _ N01 _ TILLA2 _ N01 _ AN _ AN _ E2~a _ N01 _ DAR~a _ NESAG2~b",95,2.57577314364295,2.30340464774129,0.221052631578947,"0"
"P000434","1(N01) _ 1(N01) _ 1(N01) _ KID~a _ 1(N01) _ 1(N45) _ GAL~a _ 1(N01) _ 1(N45) _ 1(N01) _ 1(N01) _ 1(N01) _ 1(N01) _ 1(N01) _ 1(N01) _ 1(N01) _ 1(N01) _ GU _ 1(N01) _ TUR _ GU _ 1(N01) _ 1(N01)","N01 _ N01 _ N01 _ KID~a _ N01 _ N45 _ GAL~a _ N01 _ N45 _ N01 _ N01 _ N01 _ N01 _ N01 _ N01 _ N01 _ N01 _ GU _ N01 _ TUR _ GU _ N01 _ N01",45,1.800575416107,1.40624257299402,0.155555555555556,"0"
"P000437","PIRIG~b1 _ 1(N01) _ SU~a _ |1(N57).SZAH2~a| _ 1(N01) _ UDU~a _ SZITA~a1 _ 1(N01) _ DARA3~c _ 1(N01) _ 1(N01)","PIRIG~b1 _ N01 _ SU~a _ |1(N57).SZAH2~a| _ N01 _ UDU~a _ SZITA~a1 _ N01 _ DARA3~c _ N01 _ N01",21,2.2576068788116,1.75540676212308,0.380952380952381,"0"
"P000439","1(N01) _ HI _ 1(N01) _ 1(N01) _ U4 _ 1(N01) _ IM~a _ KI _ 1(N01) _ SIG _ 1(N01) _ U4 _ GI6 _ 1(N01) _ U4","N01 _ HI _ N01 _ N01 _ U4 _ N01 _ IM~a _ KI _ N01 _ SIG _ N01 _ U4 _ GI6 _ N01 _ U4",29,2.17834855149402,1.72851314984976,0.275862068965517,"0"
"P000440","1(N01) _ DUG~b _ 1(N01) _ DUG~c _ 1(N01) _ NI~b _ 1(N01) _ 1(N01) _ 1(N01) _ 1(N01) _ 1(N01) _ |DUG~bxSZE~a| _ 1(N01) _ 1(N01) _ |DUG~bxKASKAL| _ 1(N01) _ KASZ~b _ 1(N01) _ |DUG~bx(SZE~a.NAM2)| _ 1(N01) _ |DUG~bx(1(N57).KU3~a)| _ 1(N01) _ |DUG~bxSIG2~a1| _ 1(N01) _ |DUG~bxSIG7| _ 1(N01) _ 1(N01) _ 1(N01) _ |DUG~bxLAM~a| _ 1(N01) _ |DUG~bxKUR~a| _ 1(N01) _ |DUG~bxGISZ| _ 1(N01) _ 1(N01)","N01 _ DUG~b _ N01 _ DUG~c _ N01 _ NI~b _ N01 _ N01 _ N01 _ N01 _ N01 _ |DUG~bxSZE~a| _ N01 _ N01 _ |DUG~bxKASKAL| _ N01 _ KASZ~b _ N01 _ |DUG~bx(SZE~a.NAM2)| _ N01 _ |DUG~bx(1(N57).KU3~a)| _ N01 _ |DUG~bxSIG2~a1| _ N01 _ |DUG~bxSIG7| _ N01 _ N01 _ N01 _ |DUG~bxLAM~a| _ N01 _ |DUG~bxKUR~a| _ N01 _ |DUG~bxGISZ| _ N01 _ N01",69,2.17981094645162,2.13896736581663,0.217391304347826,"0"
"P000441","1(N01) _ |DUG~bx(SZE~a.NAM2)| _ 1(N01) _ 1(N01) _ 1(N01) _ |DUG~bxSIG7| _ 1(N01) _ |DUG~bxSIG2~a2| _ |DUG~bxHI| _ 1(N01) _ 1(N01) _ 1(N01)","N01 _ |DUG~bx(SZE~a.NAM2)| _ N01 _ N01 _ N01 _ |DUG~bxSIG7| _ N01 _ |DUG~bxSIG2~a2| _ |DUG~bxHI| _ N01 _ N01 _ N01",23,1.82557292105657,1.48372091674239,0.260869565217391,"0"
"P000442","1(N01) _ U4 _ 1(N01) _ |DUG~bx(SZE~a.NAM2)| _ 1(N01) _ |DUG~bx(1(N57).KU3~a)|","N01 _ U4 _ N01 _ |DUG~bx(SZE~a.NAM2)| _ N01 _ |DUG~bx(1(N57).KU3~a)|",11,1.97174725712818,1.39871018527244,0.454545454545455,"0"
"P000443","KU3~a _ KU3~a _ 1(N01) _ 1(N01) _ 1(N01) _ GAL~a","KU3~a _ KU3~a _ N01 _ N01 _ N01 _ GAL~a",11,1.78992907531,1.23406594569234,0.363636363636364,"0"
"P000445","NAGAR~b _ AN _ TAK4~a _ AN _ NU _ 1(N01) _ 1(N01) _ AN _ NU","NAGAR~b _ AN _ TAK4~a _ AN _ NU _ N01 _ N01 _ AN _ NU",17,2.16070475288778,1.46017427387593,0.352941176470588,"0"
"P000446","1(N14) _ 1(N14) _ UTUL~a _ 1(N14) _ BAN~b _ GI _ 1(N14) _ URI3~a _ 1(N14) _ EN~a _ DU _ PAP~a _ 1(N14) _ DA~a _ 1(N14) _ MUSZEN _ 1(N14) _ 3(N57) _ GAR _ 1(N14) _ 1(N14) _ PAP~a _ 1(N14) _ 1(N14) _ EN~a _ HI _ AB2 _ 1(N14)","N14 _ N14 _ UTUL~a _ N14 _ BAN~b _ GI _ N14 _ URI3~a _ N14 _ EN~a _ DU _ PAP~a _ N14 _ DA~a _ N14 _ MUSZEN _ N14 _ N57 N57 N57 _ GAR _ N14 _ N14 _ PAP~a _ N14 _ N14 _ EN~a _ HI _ AB2 _ N14",57,2.58302042826279,2.2270138887743,0.263157894736842,"0.0357142857142857"
"P000450","GESZTU~b _ TE _ 1(N01) _ AMA~a _ UNUG~a _ 1(N01) _ ZATU687 _ GAL~a _ 1(N01) _ KUR~a _ E2~a _ 1(N01) _ 3(N57) _ TE _ 1(N01) _ MUSZEN","GESZTU~b _ TE _ N01 _ AMA~a _ UNUG~a _ N01 _ ZATU687 _ GAL~a _ N01 _ KUR~a _ E2~a _ N01 _ N57 N57 N57 _ TE _ N01 _ MUSZEN",33,2.71203390994245,2.11195382689101,0.363636363636364,"0.0625"
"P000451","ME~a _ |1(N58).BAD~a| _ SIG2~b _ GA~a _ 1(N01) _ GAL~a _ KISAL~b2 _ 1(N01) _ GAL~a _ NIM~a _ 1(N01) _ GAL~a _ 1(N01) _ GAL~a _ 1(N01)","ME~a _ |1(N58).BAD~a| _ SIG2~b _ GA~a _ N01 _ GAL~a _ KISAL~b2 _ N01 _ GAL~a _ NIM~a _ N01 _ GAL~a _ N01 _ GAL~a _ N01",29,2.34375308536056,1.63710219450484,0.310344827586207,"0"
"P000453","1(N01) _ SIG2~b _ 1(N01) _ 1(N01) _ SUG5 _ 1(N01)","N01 _ SIG2~b _ N01 _ N01 _ SUG5 _ N01",11,1.67673703005213,1.24212071354545,0.363636363636364,"0"
"P000454","1(N01) _ BU~a _ SZA3~a1 _ 1(N01) _ SI _ AN _ PAP~a _ 1(N01) _ DU _ TAK4~a","N01 _ BU~a _ SZA3~a1 _ N01 _ SI _ AN _ PAP~a _ N01 _ DU _ TAK4~a",19,2.49612685475178,2.00488878458661,0.473684210526316,"0"
"P000455","1(N01) _ 1(N01) _ 1(N01) _ 1(N01) _ 1(N01) _ A _ 1(N01) _ 1(N01) _ 1(N01) _ MA _ 1(N01) _ HASZHUR _ 1(N01) _ NUN~a _ 1(N01) _ |(GISZx(DIN.DIN))~a| _ 1(N01) _ GISZ _ GI _ BU~a _ 1(N01) _ BU~a _ ZATU633~b _ GI _ 1(N01) _ BU~a _ MES _ 1(N01) _ MES _ 1(N01) _ 1(N01) _ U2~b _ 1(N01) _ KISZIK~a _ U2~b _ AB~a _ 1(N01) _ GAL~a _ SZA _ 1(N01) _ SZU _ SZA _ 1(N01) _ LI _ 1(N01) _ GISZ _ 1(N01) _ U4 _ GISZ _ 1(N01) _ IN~b _ 1(N01) _ 1(N01) _ 1(N01) _ 1(N01) _ 1(N01) _ GESZTU~a _ 1(N01) _ 1(N01) _ 1(N01) _ 1(N01) _ 1(N34) _ 3(N14) _ NAMESZDA _ E2~b","N01 _ N01 _ N01 _ N01 _ N01 _ A _ N01 _ N01 _ N01 _ MA _ N01 _ HASZHUR _ N01 _ NUN~a _ N01 _ |(GISZx(DIN.DIN))~a| _ N01 _ GISZ _ GI _ BU~a _ N01 _ BU~a _ ZATU633~b _ GI _ N01 _ BU~a _ MES _ N01 _ MES _ N01 _ N01 _ U2~b _ N01 _ KISZIK~a _ U2~b _ AB~a _ N01 _ GAL~a _ SZA _ N01 _ SZU _ SZA _ N01 _ LI _ N01 _ GISZ _ N01 _ U4 _ GISZ _ N01 _ IN~b _ N01 _ N01 _ N01 _ N01 _ N01 _ GESZTU~a _ N01 _ N01 _ N01 _ N01 _ N34 _ N14 N14 N14 _ NAMESZDA _ E2~b",131,2.66144079966478,2.45704128469278,0.198473282442748,"0.0153846153846154"
"P000456","1(N01) _ 1(N01) _ 1(N01) _ |1(N57).SZUBUR| _ 1(N01) _ MAR~a@t _ SZUBUR _ 1(N01) _ SZUBUR _ 1(N01) _ 1(N01) _ SZUBUR _ ADAB _ 1(N01) _ SZUBUR _ 1(N01)","N01 _ N01 _ N01 _ |1(N57).SZUBUR| _ N01 _ MAR~a@t _ SZUBUR _ N01 _ SZUBUR _ N01 _ N01 _ SZUBUR _ ADAB _ N01 _ SZUBUR _ N01",31,1.88540005402853,1.41340195362433,0.193548387096774,"0"
"P000457","1(N01) _ 1(N14) _ KAR2~b _ 1(N14) _ 1(N01) _ UDUNITA~a _ 1(N14)","N01 _ N14 _ KAR2~b _ N14 _ N01 _ UDUNITA~a _ N14",13,1.98777337148798,1.40085852979595,0.384615384615385,"0"
"P000458","1(N01) _ AB2 _ 1(N01) _ AB2 _ 1(N01) _ AB2 _ 1(N01) _ 1(N01) _ NE~a _ 1(N01) _ U4","N01 _ AB2 _ N01 _ AB2 _ N01 _ AB2 _ N01 _ N01 _ NE~a _ N01 _ U4",21,1.84546297252333,1.28139316980157,0.238095238095238,"0"
"P000459","1(N01) _ ME~a _ 1(N01) _ IB~a _ 1(N01) _ GAR _ 1(N01) _ GAL~a _ 1(N01)","N01 _ ME~a _ N01 _ IB~a _ N01 _ GAR _ N01 _ GAL~a _ N01",17,1.99277810745994,1.57077443410706,0.352941176470588,"0"
"P000460","GIR2~a _ 1(N01) _ DIM~c _ 1(N01) _ AN _ DIM~c _ 1(N01) _ DIM~c _ SI _ SZIR~a _ SZITA~a1 _ 1(N01) _ AN _ DIM~c _ SI _ SZIR~a _ SZITA~a1 _ 1(N01) _ AGAR2","GIR2~a _ N01 _ DIM~c _ N01 _ AN _ DIM~c _ N01 _ DIM~c _ SI _ SZIR~a _ SZITA~a1 _ N01 _ AN _ DIM~c _ SI _ SZIR~a _ SZITA~a1 _ N01 _ AGAR2",37,2.43463470345602,1.47703116009752,0.243243243243243,"0"
"P000461","1(N01) _ 1(N01) _ NAM2 _ APIN~a _ 1(N01) _ |SZE~a.NAM2| _ 1(N01) _ NAM2 _ 1(N01) _ AB~a _ 1(N01) _ GAL~a _ |1(N58).BAD~a| _ 1(N01) _ IB~a _ 1(N01) _ GAL~a _ SZITA~a1 _ 1(N01) _ ABGAL _ 1(N01) _ KINGAL _ 1(N01) _ GAL~a _ 1(N01) _ 1(N01) _ 1(N01) _ 1(N01) _ 1(N01) _ GAL~a _ 1(N01) _ GAL~a _ 1(N01) _ 1(N01) _ 1(N01) _ 1(N01) _ 1(N01) _ 1(N01) _ 1(N01) _ 1(N01)","N01 _ N01 _ NAM2 _ APIN~a _ N01 _ |SZE~a.NAM2| _ N01 _ NAM2 _ N01 _ AB~a _ N01 _ GAL~a _ |1(N58).BAD~a| _ N01 _ IB~a _ N01 _ GAL~a _ SZITA~a1 _ N01 _ ABGAL _ N01 _ KINGAL _ N01 _ GAL~a _ N01 _ N01 _ N01 _ N01 _ N01 _ GAL~a _ N01 _ GAL~a _ N01 _ N01 _ N01 _ N01 _ N01 _ N01 _ N01 _ N01",79,2.05268287786783,1.58055339855429,0.151898734177215,"0"
"P000463","GA~a _ KISAL~b1 _ 1(N01) _ NIM~a _ 1(N01) _ UMUN2 _ 1(N01) _ UMUN2 _ 1(N01) _ 1(N01) _ UMUN2","GA~a _ KISAL~b1 _ N01 _ NIM~a _ N01 _ UMUN2 _ N01 _ UMUN2 _ N01 _ N01 _ UMUN2",21,2.03118366442286,1.32518807384026,0.285714285714286,"0"
"P000464","GALGA~a _ GAR _ 1(N01) _ ME~a _ 1(N01) _ GAL~a _ 1(N01) _ KUR~a _ 1(N01) _ 1(N01)","GALGA~a _ GAR _ N01 _ ME~a _ N01 _ GAL~a _ N01 _ KUR~a _ N01 _ N01",19,2.13535038252687,1.6184462663196,0.368421052631579,"0"
"P000465","1(N01) _ SZAKIR~c _ 1(N01) _ MUD3~a _ IR~a","N01 _ SZAKIR~c _ N01 _ MUD3~a _ IR~a",9,2.0588138903312,1.4587444118012,0.555555555555556,"0"
"P000466","1(N01) _ 1(N01) _ AMAR _ BAR _ 1(N01) _ 1(N01) _ 1(N01) _ DARA4~c1","N01 _ N01 _ AMAR _ BAR _ N01 _ N01 _ N01 _ DARA4~c1",15,1.82281560035252,1.31978180243211,0.333333333333333,"0"
"P000467","SUKKAL _ SUKKAL _ 1(N01) _ AB~a _ 1(N01) _ GAL~a _ 1(N01)","SUKKAL _ SUKKAL _ N01 _ AB~a _ N01 _ GAL~a _ N01",13,1.98777337148798,1.45556383026297,0.384615384615385,"0"
"P000468","1(N01) _ SU~a _ NI~b _ 1(N01) _ SU~a _ NI~b _ 1(N01) _ GAN~a _ 1(N01) _ GAN~a _ 1(N01) _ 1(N01) _ 1(N01) _ |DUG~bx(ZATU789.SA~a)| _ 1(N01) _ |DUG~bx(TAK4~a.SA~a)|","N01 _ SU~a _ NI~b _ N01 _ SU~a _ NI~b _ N01 _ GAN~a _ N01 _ GAN~a _ N01 _ N01 _ N01 _ |DUG~bx(ZATU789.SA~a)| _ N01 _ |DUG~bx(TAK4~a.SA~a)|",31,2.09602344154404,1.48916581225323,0.225806451612903,"0"
"P000469","NI~a _ 1(N01) _ 1(N01) _ 1(N01) _ |DUG~cx1(N57)| _ 1(N01)","NI~a _ N01 _ N01 _ N01 _ |DUG~cx1(N57)| _ N01",11,1.67673703005213,1.19223463399453,0.363636363636364,"0"
"P000470","|ZATU737xDI| _ SANGA~a _ |ZATU737xU4| _ 1(N01) _ NUN~a _ BU3 _ 1(N01) _ KAR2~a _ ME~a _ 1(N01) _ NUN~a _ 1(N01) _ IB~a _ 1(N01) _ 1(N01)","|ZATU737xDI| _ SANGA~a _ |ZATU737xU4| _ N01 _ NUN~a _ BU3 _ N01 _ KAR2~a _ ME~a _ N01 _ NUN~a _ N01 _ IB~a _ N01 _ N01",29,2.41616223950228,1.87119046888144,0.344827586206897,"0"
"P000471","NAM2 _ RAD~a _ 1(N01) _ AB~a _ ME~a _ 1(N01) _ GAL~a _ 1(N01) _ BU~a","NAM2 _ RAD~a _ N01 _ AB~a _ ME~a _ N01 _ GAL~a _ N01 _ BU~a",17,2.39599887053484,1.79381159244348,0.470588235294118,"0"
"P000472","NAM2 _ KAB _ DI _ EN~a _ IB~a _ SZITA~a1 _ 1(N01) _ TUG2~a _ 1(N01)","NAM2 _ KAB _ DI _ EN~a _ IB~a _ SZITA~a1 _ N01 _ TUG2~a _ N01",17,2.55805107654446,2.02809418909691,0.529411764705882,"0"
"P000473","1(N01) _ GAL~a _ 1(N01) _ GAL~a","N01 _ GAL~a _ N01 _ GAL~a",7,1.55665670746282,0.918682307482693,0.428571428571429,"0"
"P000474","1(N01) _ 1(N01) _ 1(N01) _ UB _ SZA3~a1 _ 1(N01) _ GAR _ KI _ 1(N01) _ 1(N01) _ SAL _ ISZ~b _ 1(N01) _ SAG _ GAR _ 1(N01) _ GI _ 1(N01) _ A _ 1(N01) _ SAR~a _ 1(N01) _ 1(N01) _ 1(N01) _ AN _ KI~a _ 1(N01) _ SUM~b _ 1(N01)","N01 _ N01 _ N01 _ UB _ SZA3~a1 _ N01 _ GAR _ KI _ N01 _ N01 _ SAL _ ISZ~b _ N01 _ SAG _ GAR _ N01 _ GI _ N01 _ A _ N01 _ SAR~a _ N01 _ N01 _ N01 _ AN _ KI~a _ N01 _ SUM~b _ N01",57,2.40816550974824,2.24294611798627,0.263157894736842,"0"
"P000475","1(N01) _ GU4 _ 1(N01)","N01 _ GU4 _ N01",5,1.52192809488736,0.949185309632967,0.6,"0"
"P000476","AN _ SZITA~a1 _ 1(N01) _ 1(N01)","AN _ SZITA~a1 _ N01 _ N01",7,1.84237099317711,1.1674603176492,0.571428571428571,"0"
"P000477","1(N01) _ DAR~c _ KU6~a _ 1(N01) _ MUN~a4 _ KU6~a _ 1(N01) _ KU6~a _ 1(N01) _ BU~a _ 1(N01) _ |GA2~a1xU4| _ 1(N01) _ |GA2~a1xPAP~a| _ 1(N01) _ |GA2~a1xA| _ 1(N01) _ |GA2~a1xKU6~a| _ 1(N01) _ 1(N01) _ 1(N01)","N01 _ DAR~c _ KU6~a _ N01 _ MUN~a4 _ KU6~a _ N01 _ KU6~a _ N01 _ BU~a _ N01 _ |GA2~a1xU4| _ N01 _ |GA2~a1xPAP~a| _ N01 _ |GA2~a1xA| _ N01 _ |GA2~a1xKU6~a| _ N01 _ N01 _ N01",41,2.20518134108343,1.87262465230578,0.24390243902439,"0"
"P000478","1(N01) _ 1(N01) _ GAR _ 1(N14) _ DA~a _ 1(N14) _ 1(N14)","N01 _ N01 _ GAR _ N14 _ DA~a _ N14 _ N14",13,1.98777337148798,1.4345264121718,0.384615384615385,"0"
"P000480","1(N01) _ 1(N01) _ 1(N01)","N01 _ N01 _ N01",5,0.970950594454669,0.671190309536813,0.4,"0"
"P000481","1(N01) _ GAL~a _ 1(N01) _ GESZTU~b _ 1(N01) _ 1(N01) _ EN~a _ 1(N01) _ AMAR _ 1(N01) _ NAMESZDA _ 1(N01) _ 1(N01) _ 1(N01)","N01 _ GAL~a _ N01 _ GESZTU~b _ N01 _ N01 _ EN~a _ N01 _ AMAR _ N01 _ NAMESZDA _ N01 _ N01 _ N01",27,1.91655263739254,1.5839061023982,0.259259259259259,"0"
"P000482","1(N01) _ 1(N01) _ 1(N01) _ AN _ 1(N01) _ 1(N01)","N01 _ N01 _ N01 _ AN _ N01 _ N01",11,1.34858789601242,1.02711873899358,0.272727272727273,"0"
"P000483","AN _ MUSZ3~a _ |ZATU651xAN| _ UNUG~a _ 1(N01) _ AN _ MUSZ3~a _ KAR2~a _ GI6 _ UNUG~a _ 1(N01) _ 1(N01)","AN _ MUSZ3~a _ |ZATU651xAN| _ UNUG~a _ N01 _ AN _ MUSZ3~a _ KAR2~a _ GI6 _ UNUG~a _ N01 _ N01",23,2.40144737748424,1.69107272122782,0.347826086956522,"0"
"P000484","1(N01) _ 1(N01) _ 1(N01) _ 1(N01) _ 1(N01) _ 1(N01) _ 1(N01) _ 1(N01) _ 1(N01) _ 1(N01)","N01 _ N01 _ N01 _ N01 _ N01 _ N01 _ N01 _ N01 _ N01 _ N01",19,0.998000883872299,0.656052252699519,0.105263157894737,"0"
"P000485","1(N01) _ 1(N01)","N01 _ N01",3,0.918295834054489,0.597493750120193,0.666666666666667,"0"
"P000486","1(N01) _ 1(N01)","N01 _ N01",3,0.918295834054489,0.597493750120193,0.666666666666667,"0"
"P000487","U2~b _ DUG~c _ TAK4~a _ KASZ~c _ EN~a _ U4 _ EN~a _ ME~a _ ZATU686~a _ KID~a _ 3(N57) _ SU~a _ E2~a _ PIRIG~b1 _ EN~a _ AB~a","U2~b _ DUG~c _ TAK4~a _ KASZ~c _ EN~a _ U4 _ EN~a _ ME~a _ ZATU686~a _ KID~a _ N57 N57 N57 _ SU~a _ E2~a _ PIRIG~b1 _ EN~a _ AB~a",33,2.9803597575871,2.51297230097923,0.454545454545455,"0.0625"
"P000488","1(N01) _ 1(N01) _ SIG2~b _ 1(N01) _ SZU2 _ 1(N01) _ 1(N57) _ 1(N01) _ 1(N01) _ GADA~a","N01 _ N01 _ SIG2~b _ N01 _ SZU2 _ N01 _ N57 _ N01 _ N01 _ GADA~a",19,1.9300801441116,1.52670215114508,0.315789473684211,"0"
"P000489","SANGA~a _ A _ UB _ 1(N01) _ SANGA~a _ 1(N01) _ SZE~a","SANGA~a _ A _ UB _ N01 _ SANGA~a _ N01 _ SZE~a",13,2.19968779473133,1.54153194617513,0.461538461538462,"0"
"P000490","1(N01) _ NI~a _ 1(N01) _ 1(N01) _ 1(N01) _ 1(N01) _ NE~a _ IR~a _ 1(N01) _ 1(N01) _ SU~a _ NI~b","N01 _ NI~a _ N01 _ N01 _ N01 _ N01 _ NE~a _ IR~a _ N01 _ N01 _ SU~a _ NI~b",23,2.01463881434338,1.64898491973891,0.304347826086957,"0"
"P000491","GESZTU~b _ 1(N01) _ UKKIN~a _ NIR~a _ GA'AR~a1 _ 1(N01) _ 1(N01)","GESZTU~b _ N01 _ UKKIN~a _ NIR~a _ GA'AR~a1 _ N01 _ N01",13,2.14161952533414,1.51580654041391,0.461538461538462,"0"
"P000492","DI _ 1(N01) _ U2~b _ SAG _ 1(N01) _ GISZ3~b _ 1(N01) _ 1(N01)","DI _ N01 _ U2~b _ SAG _ N01 _ GISZ3~b _ N01 _ N01",15,2.0634582986483,1.48573654917595,0.4,"0"
"P000496","1(N01) _ SU~a _ NI~b _ 1(N01) _ 1(N01) _ 1(N01) _ 1(N01) _ 1(N01) _ 1(N01) _ 1(N01) _ 1(N01) _ 1(N01) _ IN~b _ HI _ 1(N01) _ HI _ 1(N01) _ 1(N01) _ KIN2~d _ 1(N01) _ |SZE~a.KIN2~c| _ 1(N01)","N01 _ SU~a _ NI~b _ N01 _ N01 _ N01 _ N01 _ N01 _ N01 _ N01 _ N01 _ N01 _ IN~b _ HI _ N01 _ HI _ N01 _ N01 _ KIN2~d _ N01 _ |SZE~a.KIN2~c| _ N01",43,1.87179906138857,1.55129488558109,0.186046511627907,"0"
"P000497","|DUG~bx1(N57)| _ 1(N01) _ 1(N01) _ 1(N01) _ 1(N01) _ 1(N01) _ 1(N01) _ 1(N01) _ 1(N01) _ 1(N01)","|DUG~bx1(N57)| _ N01 _ N01 _ N01 _ N01 _ N01 _ N01 _ N01 _ N01 _ N01",19,1.24484066997192,0.743721885851299,0.157894736842105,"0"
"P000498","DUB~a _ SANGA~a _ 1(N01) _ SUHUR","DUB~a _ SANGA~a _ N01 _ SUHUR",7,2.12808527889139,1.42953239543239,0.714285714285714,"0"
"P000499","1(N01) _ PA~a _ 1(N01) _ NAM2 _ GIR3~c _ 1(N01) _ UB _ 1(N01) _ ZATU725","N01 _ PA~a _ N01 _ NAM2 _ GIR3~c _ N01 _ UB _ N01 _ ZATU725",17,2.20510990007387,1.70275558872241,0.411764705882353,"0"
"P000500","1(N01) _ GISZ _ 1(N01) _ 1(N01) _ 1(N01) _ DUR2 _ GISZ _ NUNUZ~a1 _ GISZ _ DIN _ 1(N01) _ 1(N01) _ 1(N01) _ 3(N57) _ GISZ _ 1(N01) _ 3(N57) _ GISZ _ 1(N01) _ GISZ _ ANSZE~b _ 1(N01)","N01 _ GISZ _ N01 _ N01 _ N01 _ DUR2 _ GISZ _ NUNUZ~a1 _ GISZ _ DIN _ N01 _ N01 _ N01 _ N57 N57 N57 _ GISZ _ N01 _ N57 N57 N57 _ GISZ _ N01 _ GISZ _ ANSZE~b _ N01",47,2.22528040836101,1.55207804080494,0.170212765957447,"0.0869565217391304"
"P000501","1(N01) _ DUG~b _ 1(N01) _ DUG~c","N01 _ DUG~b _ N01 _ DUG~c",7,1.84237099317711,1.20839638639549,0.571428571428571,"0"
"P000502","1(N01) _ 1(N01) _ GAL~a","N01 _ N01 _ GAL~a",5,1.52192809488736,0.970049785692216,0.6,"0"
"P000504","1(N01) _ 1(N01) _ 1(N01) _ 1(N01) _ SZAKIR~b _ SIG2~a3 _ GIR2~a _ 1(N01) _ 1(N01) _ 1(N01)","N01 _ N01 _ N01 _ N01 _ SZAKIR~b _ SIG2~a3 _ GIR2~a _ N01 _ N01 _ N01",19,1.71209543621285,1.37134216318774,0.263157894736842,"0"
"P000506","1(N01) _ |DUG~bxGISZ| _ 1(N01) _ 1(N01) _ 1(N01) _ GI _ U2~a _ NI~b _ 1(N01)","N01 _ |DUG~bxGISZ| _ N01 _ N01 _ N01 _ GI _ U2~a _ NI~b _ N01",17,1.99277810745994,1.6331746344472,0.352941176470588,"0"
"P000507","1(N01) _ 1(N01) _ NAM2 _ 1(N01) _ URU~a1 _ 1(N01) _ 1(N01) _ 1(N01) _ 1(N01) _ GAL~a _ 1(N01) _ 1(N01) _ 1(N01) _ HAL _ PAP~a","N01 _ N01 _ NAM2 _ N01 _ URU~a1 _ N01 _ N01 _ N01 _ N01 _ GAL~a _ N01 _ N01 _ N01 _ HAL _ PAP~a",29,1.87445513796619,1.53019819332262,0.241379310344828,"0"
"P000508","1(N01) _ URI5 _ 1(N01) _ EN~a _ 1(N01) _ 1(N01)","N01 _ URI5 _ N01 _ EN~a _ N01 _ N01",11,1.67673703005213,1.19113104965427,0.363636363636364,"0"
"P000509","1(N01) _ SZU2 _ 1(N01) _ SZU2 _ 1(N14) _ 1(N01)","N01 _ SZU2 _ N01 _ SZU2 _ N14 _ N01",11,1.78992907531,1.19439308132923,0.363636363636364,"0"
"P000510","1(N01) _ 1(N01) _ GA~a _ GAL~a _ 1(N01) _ GAL~a _ ERIN _ 1(N01) _ GAL~a _ 1(N01) _ PA~a _ GAL~a _ 1(N01) _ 1(N01) _ PA~a _ SU~a _ 1(N01)","N01 _ N01 _ GA~a _ GAL~a _ N01 _ GAL~a _ ERIN _ N01 _ GAL~a _ N01 _ PA~a _ GAL~a _ N01 _ N01 _ PA~a _ SU~a _ N01",33,2.07469714966148,1.51576141637105,0.212121212121212,"0"
"P000511","GAZI _ 1(N14) _ DA~a _ KISZ _ 1(N14) _ GA~b _ 1(N14) _ GARA2~a _ 1(N14) _ 1(N45) _ 1(N01) _ 1(N01) _ 1(N01) _ 1(N01)","GAZI _ N14 _ DA~a _ KISZ _ N14 _ GA~b _ N14 _ GARA2~a _ N14 _ N45 _ N01 _ N01 _ N01 _ N01",27,2.38060171194739,1.81997246358785,0.333333333333333,"0"
"P000512","1(N01) _ 1(N01) _ U4","N01 _ N01 _ U4",5,1.52192809488736,0.970049785692216,0.6,"0"
"P000513","1(N01)","N01",1,0,0,1,"NA"
"P000514","NI~b _ 1(N01) _ |DUG~bx(SA~a.GI)| _ 1(N01) _ |DUG~bxNAGA~a| _ 1(N01) _ 1(N01) _ |DUG~bxMASZ| _ 1(N01) _ |DUG~bxSI4~a| _ 1(N01) _ 1(N01) _ 1(N01) _ 2(N01) _ PAP~a","NI~b _ N01 _ |DUG~bx(SA~a.GI)| _ N01 _ |DUG~bxNAGA~a| _ N01 _ N01 _ |DUG~bxMASZ| _ N01 _ |DUG~bxSI4~a| _ N01 _ N01 _ N01 _ N01 N01 _ PAP~a",30,2.02281560035252,1.63284718028534,0.266666666666667,"0.0344827586206897"
"P000515","1(N01) _ 1(N01) _ AN _ EDIN _ 1(N01) _ ZATU777 _ 1(N01) _ ZATU777 _ KI","N01 _ N01 _ AN _ EDIN _ N01 _ ZATU777 _ N01 _ ZATU777 _ KI",17,2.08746284125034,1.51034125381457,0.352941176470588,"0"
"P000516","1(N01) _ 1(N01) _ 1(N01) _ MUSZ3~a _ TE _ 1(N01) _ 1(N01) _ DILMUN _ 1(N01) _ 1(N01)","N01 _ N01 _ N01 _ MUSZ3~a _ TE _ N01 _ N01 _ DILMUN _ N01 _ N01",19,1.71209543621285,1.38212414564834,0.263157894736842,"0"
"P000517","1(N01) _ 1(N01) _ 1(N01) _ ISZ~b _ 1(N01) _ NAR _ 1(N01) _ 1(N01) _ 1(N34) _ 1(N01) _ 1(N01) _ 1(N01) _ 1(N45) _ 1(N34) _ 1(N14)","N01 _ N01 _ N01 _ ISZ~b _ N01 _ NAR _ N01 _ N01 _ N34 _ N01 _ N01 _ N01 _ N45 _ N34 _ N14",29,1.96721223920387,1.5916005691852,0.241379310344828,"0"
"P000518","MASZ _ 1(N01) _ 1(N14) _ U8 _ 1(N01) _ UTUA~b _ 1(N14) _ UD5~a _ 1(N01) _ MASZ2 _ 1(N34) _ 1(N14) _ 1(N01) _ BALA~a _ MUSZEN _ 1(N01) _ 1(N01) _ 1(N01) _ 1(N01) _ ZATU718 _ E2~a _ 1(N01) _ SZE3 _ 1(N01) _ SZE3 _ ZI~a _ 1(N01) _ 1(N01) _ 1(N01) _ SAL _ 1(N01) _ EN~a _ 1(N01)","MASZ _ N01 _ N14 _ U8 _ N01 _ UTUA~b _ N14 _ UD5~a _ N01 _ MASZ2 _ N34 _ N14 _ N01 _ BALA~a _ MUSZEN _ N01 _ N01 _ N01 _ N01 _ ZATU718 _ E2~a _ N01 _ SZE3 _ N01 _ SZE3 _ ZI~a _ N01 _ N01 _ N01 _ SAL _ N01 _ EN~a _ N01",65,2.55531786785474,2.23454735028588,0.261538461538462,"0"
"P000519","1(N01) _ ZATU732 _ 1(N01) _ SZAKIR~b _ 1(N01) _ 1(N01) _ GIR2~a _ 1(N01) _ AN _ GIR2~a _ 1(N01) _ DILMUN _ TUN3~a _ 1(N01) _ NAGAR~b _ 1(N01) _ AN _ NAGAR~b _ 1(N01) _ NAGAR~b _ SZITA~a1 _ SZITA~a1 _ ME~a _ ME~a _ 1(N01) _ AN _ NAGAR~b _ PU2 _ 1(N01) _ 1(N01) _ AN _ 1(N01) _ 1(N01) _ 1(N01) _ 1(N01) _ AN _ 1(N01) _ 1(N01)","N01 _ ZATU732 _ N01 _ SZAKIR~b _ N01 _ N01 _ GIR2~a _ N01 _ AN _ GIR2~a _ N01 _ DILMUN _ TUN3~a _ N01 _ NAGAR~b _ N01 _ AN _ NAGAR~b _ N01 _ NAGAR~b _ SZITA~a1 _ SZITA~a1 _ ME~a _ ME~a _ N01 _ AN _ NAGAR~b _ PU2 _ N01 _ N01 _ AN _ N01 _ N01 _ N01 _ N01 _ AN _ N01 _ N01",75,2.31657782344695,1.72237860547115,0.16,"0"
"P000520","1(N01) _ GISZ _ LAM~a _ 1(N01) _ GISZ _ KUR@g~a _ 1(N01) _ GISZ _ DUR2 _ NUNUZ~b1 _ 1(N01) _ GISZ _ GI6 _ 1(N01) _ LAGAB~a _ SAR~a _ 1(N01) _ GISZ _ DIN _ 1(N01) _ GISZ _ MA _ 1(N01) _ GISZ _ HASZHUR _ 1(N01) _ GISZ _ 1(N01) _ GISZ _ GESZTIN~a _ 1(N01) _ 1(N01) _ 1(N01) _ GISZ _ GAL~a _ 1(N01) _ GISZ _ 1(N01) _ GISZ _ 1(N01) _ GISZ _ 1(N01) _ GISZ _ 1(N01)","N01 _ GISZ _ LAM~a _ N01 _ GISZ _ KUR@g~a _ N01 _ GISZ _ DUR2 _ NUNUZ~b1 _ N01 _ GISZ _ GI6 _ N01 _ LAGAB~a _ SAR~a _ N01 _ GISZ _ DIN _ N01 _ GISZ _ MA _ N01 _ GISZ _ HASZHUR _ N01 _ GISZ _ N01 _ GISZ _ GESZTIN~a _ N01 _ N01 _ N01 _ GISZ _ GAL~a _ N01 _ GISZ _ N01 _ GISZ _ N01 _ GISZ _ N01 _ GISZ _ N01",87,2.28557564082622,1.83058605299375,0.172413793103448,"0"
"P000521","1(N01) _ SZAKIR~b _ 1(N01) _ SIG2~c2 _ 1(N01) _ GIR2~a _ 1(N01) _ 1(N01) _ 1(N01) _ 1(N01) _ 1(N34) _ 1(N14) _ 2(N57)","N01 _ SZAKIR~b _ N01 _ SIG2~c2 _ N01 _ GIR2~a _ N01 _ N01 _ N01 _ N01 _ N34 _ N14 _ N57 N57",26,2.21309223879274,1.78610516754502,0.307692307692308,"0.04"
"P000522","1(N01) _ 1(N01) _ APIN~a _ 1(N01) _ 1(N01) _ 1(N01) _ SIG2~b _ 1(N01) _ 1(N01) _ 1(N01) _ 1(N01) _ 1(N01) _ 1(N01) _ 1(N01) _ 1(N01) _ 1(N01) _ 1(N01) _ 1(N01) _ 1(N01) _ 1(N01) _ |ZATU737xX| _ 1(N01) _ |ZATU737xX| _ 1(N01) _ |ZATU737xX| _ 1(N01) _ 1(N01) _ LAGAR~a _ 1(N01) _ MUSZ3~a _ 1(N01) _ NUN~a _ 1(N01) _ SANGA~a _ ME~a _ 1(N01) _ 1(N01) _ 1(N01)","N01 _ N01 _ APIN~a _ N01 _ N01 _ N01 _ SIG2~b _ N01 _ N01 _ N01 _ N01 _ N01 _ N01 _ N01 _ N01 _ N01 _ N01 _ N01 _ N01 _ N01 _ |ZATU737xX| _ N01 _ |ZATU737xX| _ N01 _ |ZATU737xX| _ N01 _ N01 _ LAGAR~a _ N01 _ MUSZ3~a _ N01 _ NUN~a _ N01 _ SANGA~a _ ME~a _ N01 _ N01 _ N01",75,1.80067735918858,1.5611751945471,0.133333333333333,"0"
"P000523","1(N01) _ ZATU707~a _ 1(N01) _ SAG@n _ 1(N01) _ EDIN _ 1(N01) _ GIR2~a _ 1(N01) _ AN","N01 _ ZATU707~a _ N01 _ SAG@n _ N01 _ EDIN _ N01 _ GIR2~a _ N01 _ AN",19,2.13535038252687,1.68534096072507,0.368421052631579,"0"
"P000524","3(N01) _ KUR~a _ 1(N01) _ 1(N16) _ 1(N01) _ 1(N17) _ U4 _ GAR _ 1(N01) _ BU~a _ 1(N01) _ U4 _ 1(N01) _ GAL~a _ GAR _ 1(N01) _ GAL~a _ 1(N01) _ GUG2 _ 1(N01) _ GUG2 _ GUG2 _ 1(N01) _ SZITA~b3 _ |LAGAB~axSZA| _ 1(N01) _ |LAGAB~axSZITA~a1| _ |LAGAB~axSZA| _ 1(N01) _ 1(N01) _ DARA3~d _ 1(N01)","N01 N01 N01 _ KUR~a _ N01 _ N16 _ N01 _ N17 _ U4 _ GAR _ N01 _ BU~a _ N01 _ U4 _ N01 _ GAL~a _ GAR _ N01 _ GAL~a _ N01 _ GUG2 _ N01 _ GUG2 _ GUG2 _ N01 _ SZITA~b3 _ |LAGAB~axSZA| _ N01 _ |LAGAB~axSZITA~a1| _ |LAGAB~axSZA| _ N01 _ N01 _ DARA3~d _ N01",65,2.47875284188758,2.09562480216618,0.215384615384615,"0.03125"
"P000525","1(N01) _ 1(N01) _ 1(N01) _ 1(N01) _ 1(N01) _ 1(N01) _ 1(N01) _ 1(N01)","N01 _ N01 _ N01 _ N01 _ N01 _ N01 _ N01 _ N01",15,0.996791631981637,0.687868500263548,0.133333333333333,"0"
"P000526","1(N01) _ 1(N01) _ GA~b _ TUN3~a _ 1(N01) _ DA~a _ MA _ 1(N01) _ ZATU621~a","N01 _ N01 _ GA~b _ TUN3~a _ N01 _ DA~a _ MA _ N01 _ ZATU621~a",17,2.20510990007387,1.74774363762217,0.411764705882353,"0"
"P000527","1(N01) _ 1(N01)","N01 _ N01",3,0.918295834054489,0.597493750120193,0.666666666666667,"0"
"P000528","1(N01) _ 10(N58) _ NI~b _ 1(N01) _ IR~a _ 1(N01) _ NE~a _ IR~a _ 1(N01) _ DIN _ IR~a _ NI~b _ 1(N01) _ 1(N01) _ GAN~a _ 1(N01) _ E2~a _ 1(N01) _ 1(N01) _ 1(N01) _ 1(N01) _ 1(N01) _ |DUG~bxSA~a| _ 1(N01) _ |DUG~bxSIG7| _ 1(N01) _ |DUG~bxZATU764| _ 1(N01) _ 1(N01) _ |DUG~bxMASZ| _ 1(N01) _ 1(N01) _ |DUG~bxGA~b| _ 1(N01) _ 1(N01) _ 1(N01) _ GI _ GAN~b _ 1(N01) _ 1(N01)","N01 _ N58 N58 N58 N58 N58 N58 N58 N58 N58 N58 _ NI~b _ N01 _ IR~a _ N01 _ NE~a _ IR~a _ N01 _ DIN _ IR~a _ NI~b _ N01 _ N01 _ GAN~a _ N01 _ E2~a _ N01 _ N01 _ N01 _ N01 _ N01 _ |DUG~bxSA~a| _ N01 _ |DUG~bxSIG7| _ N01 _ |DUG~bxZATU764| _ N01 _ N01 _ |DUG~bxMASZ| _ N01 _ N01 _ |DUG~bxGA~b| _ N01 _ N01 _ N01 _ GI _ GAN~b _ N01 _ N01",88,2.48049093709211,2.1092946965168,0.181818181818182,"0.103448275862069"
"P000529","1(N01)","N01",1,0,0,1,"NA"
"P000533","IR~a _ E2~a _ ERIM2 _ PAP~a _ |GA2~bxDUB~a| _ NUN~a _ 1(N01) _ E2~a _ 1(N01) _ GISZIMMAR~a2 _ 1(N01) _ 1(N01) _ SIG7 _ NIMGIR _ 1(N01) _ BA _ U2~b _ NAGA~a _ MUSZEN _ 1(N01) _ 1(N01) _ 1(N01) _ 1(N01) _ AB~a _ TE _ 1(N01) _ BAR _ 1(N57) _ AB~a _ 1(N01) _ DUR2 _ 1(N01) _ BAHAR2~b _ NUNUZ~a1 _ 1(N01)","IR~a _ E2~a _ ERIM2 _ PAP~a _ |GA2~bxDUB~a| _ NUN~a _ N01 _ E2~a _ N01 _ GISZIMMAR~a2 _ N01 _ N01 _ SIG7 _ NIMGIR _ N01 _ BA _ U2~b _ NAGA~a _ MUSZEN _ N01 _ N01 _ N01 _ N01 _ AB~a _ TE _ N01 _ BAR _ N57 _ AB~a _ N01 _ DUR2 _ N01 _ BAHAR2~b _ NUNUZ~a1 _ N01",69,2.84650339970069,2.5710370619144,0.318840579710145,"0"
"P000534","NANSZE~b _ USZUR3~b1 _ 1(N01) _ 1(N01) _ U4 _ UR2 _ 1(N01) _ TIDNUM _ 1(N01) _ 1(N01) _ 1(N01) _ 1(N01) _ |E2~bx1(N57)@t| _ 1(N01) _ 1(N01) _ 1(N01) _ 1(N01) _ DU6~a _ 1(N01) _ GI _ TAK4~a _ 1(N01) _ KI _ 1(N01) _ 1(N01) _ 1(N01) _ E2~a _ BAHAR2~b _ 1(N01) _ TILLA2","NANSZE~b _ USZUR3~b1 _ N01 _ N01 _ U4 _ UR2 _ N01 _ TIDNUM _ N01 _ N01 _ N01 _ N01 _ |E2~bx1(N57)@t| _ N01 _ N01 _ N01 _ N01 _ DU6~a _ N01 _ GI _ TAK4~a _ N01 _ KI _ N01 _ N01 _ N01 _ E2~a _ BAHAR2~b _ N01 _ TILLA2",59,2.31707835173548,2.04995565218916,0.254237288135593,"0"
"P000538","1(N01) _ NAGAR~b _ TAK4~a _ AN _ 1(N01) _ NAGAR~b _ 1(N01) _ NAGAR~b _ 1(N01) _ NU _ AN _ 1(N01)","N01 _ NAGAR~b _ TAK4~a _ AN _ N01 _ NAGAR~b _ N01 _ NAGAR~b _ N01 _ NU _ AN _ N01",23,2.07059344381308,1.37088556517608,0.260869565217391,"0"
"P000539","1(N01) _ 1(N01) _ KAK~a _ KAK~a _ 1(N01) _ 1(N01) _ KU~b2 _ 1(N01)","N01 _ N01 _ KAK~a _ KAK~a _ N01 _ N01 _ KU~b2 _ N01",15,1.68948226701918,1.24871890266235,0.266666666666667,"0"
"P000540","1(N01) _ 1(N01) _ 1(N01) _ 1(N01) _ 1(N01) _ 1(N01) _ 1(N01) _ 1(N01) _ 1(N01) _ 1(N01) _ 1(N01) _ 1(N01)","N01 _ N01 _ N01 _ N01 _ N01 _ N01 _ N01 _ N01 _ N01 _ N01 _ N01 _ N01",23,0.998635964158572,0.625333842914998,0.0869565217391304,"0"
"P000542","GAL~a _ 1(N01) _ SIG2~b _ GA~a _ 1(N01)","GAL~a _ N01 _ SIG2~b _ GA~a _ N01",9,2.0588138903312,1.39907658541643,0.555555555555556,"0"
"P000543","1(N01) _ 1(N01) _ AB2 _ 1(N01) _ AB2 _ 1(N01) _ AB2 _ 1(N01) _ 1(N01) _ SIG7 _ SIG2~a2 _ 1(N01) _ SIG7 _ SIG2~a2 _ GI6 _ 1(N01) _ SZAH2~a _ 1(N01) _ 3(N57)","N01 _ N01 _ AB2 _ N01 _ AB2 _ N01 _ AB2 _ N01 _ N01 _ SIG7 _ SIG2~a2 _ N01 _ SIG7 _ SIG2~a2 _ GI6 _ N01 _ SZAH2~a _ N01 _ N57 N57 N57",39,2.28289580749637,1.68858386943665,0.205128205128205,"0.0526315789473684"
"P000544","AN _ SZITA~b1 _ 1(N01) _ 1(N01)","AN _ SZITA~b1 _ N01 _ N01",7,1.84237099317711,1.1674603176492,0.571428571428571,"0"
"P000545","1(N01) _ 1(N01)","N01 _ N01",3,0.918295834054489,0.597493750120193,0.666666666666667,"0"
"P000546","1(N01) _ 1(N01) _ GIR2~a","N01 _ N01 _ GIR2~a",5,1.52192809488736,0.970049785692216,0.6,"0"
"P000547","1(N01) _ 1(N01) _ 1(N01) _ 1(N01)","N01 _ N01 _ N01 _ N01",7,0.985228136034252,0.720114450271154,0.285714285714286,"0"
"P000548","RU _ A _ 1(N01)","RU _ A _ N01",5,1.92192809488736,1.1813781191217,0.8,"0"
"P000549","1(N01) _ 1(N01) _ 1(N01) _ 1(N01) _ 1(N01) _ 1(N01) _ 1(N01) _ 1(N01) _ 1(N01) _ 1(N01) _ 1(N01) _ EN~a _ 1(N01) _ 1(N01)","N01 _ N01 _ N01 _ N01 _ N01 _ N01 _ N01 _ N01 _ N01 _ N01 _ N01 _ EN~a _ N01 _ N01",27,1.19150110691649,0.906204358737144,0.111111111111111,"0"
"P000550","1(N01) _ 1(N01) _ 1(N01) _ 1(N14) _ 1(N14) _ GARA2~a _ 1(N14) _ AB2 _ 1(N01) _ GU4 _ U8 _ 1(N01) _ 1(N45) _ 1(N45) _ KI _ 1(N01) _ 1(N01)","N01 _ N01 _ N01 _ N14 _ N14 _ GARA2~a _ N14 _ AB2 _ N01 _ GU4 _ U8 _ N01 _ N45 _ N45 _ KI _ N01 _ N01",33,2.30480709037158,1.93381997493901,0.272727272727273,"0"
"P000551","1(N01) _ 1(N01) _ ISZ~b _ 1(N01) _ NAR _ 1(N01) _ 1(N01) _ 4(N01) _ 1(N14)","N01 _ N01 _ ISZ~b _ N01 _ NAR _ N01 _ N01 _ N01 N01 N01 N01 _ N14",20,1.69546184423832,1.44334182511323,0.25,"0.157894736842105"
"P000552","3(N01) _ SU~a _ SAL","N01 N01 N01 _ SU~a _ SAL",7,1.84237099317711,1.38774935966659,0.571428571428571,"0.333333333333333"
"P000553","1(N01) _ NAGA~a _ DU _ PAP~a","N01 _ NAGA~a _ DU _ PAP~a",7,2.12808527889139,1.42953239543239,0.714285714285714,"0"
"P000554","1(N01) _ 1(N01) _ 1(N01) _ SUHUR _ 1(N01) _ APIN~a _ 1(N01) _ 1(N01) _ 1(N01) _ 1(N01) _ GAL~a _ 1(N01) _ NESAG2~a _ 1(N01) _ BARA3 _ 1(N01) _ DILMUN _ ZAG~a _ 1(N01) _ 1(N01) _ KUR~a","N01 _ N01 _ N01 _ SUHUR _ N01 _ APIN~a _ N01 _ N01 _ N01 _ N01 _ GAL~a _ N01 _ NESAG2~a _ N01 _ BARA3 _ N01 _ DILMUN _ ZAG~a _ N01 _ N01 _ KUR~a",41,2.07598424282341,1.88982202221013,0.24390243902439,"0"
"P000555","1(N34)","N34",1,0,0,1,"NA"
"P000556","AN _ 1(N01)","AN _ N01",3,1.58496250072116,0.861654166907052,1,"0"
"P000557","1(N01) _ 1(N01) _ 1(N01) _ MAR~a _ 1(N01)","N01 _ N01 _ N01 _ MAR~a _ N01",9,1.39214722366453,1.07264024500098,0.333333333333333,"0"
"P000558","1(N01) _ NAGAR~b _ 1(N01) _ NAGAR~b _ AN _ AN","N01 _ NAGAR~b _ N01 _ NAGAR~b _ AN _ AN",11,1.85855521187031,1.19439308132923,0.363636363636364,"0"
"P000560","SZA _ |ZATU737xSAL|","SZA _ |ZATU737xSAL|",3,1.58496250072116,0.861654166907052,1,"0"
"P000561","1(N01) _ AMAR _ 1(N14) _ SUHUR _ KAR2~b","N01 _ AMAR _ N14 _ SUHUR _ KAR2~b",9,2.28103611255342,1.63073908549656,0.666666666666667,"0"
"P000563","ISZ~a _ 1(N01)","ISZ~a _ N01",3,1.58496250072116,0.861654166907052,1,"0"
"P000565","KU6~a _ DUR2 _ KID~a _ 1(N01)","KU6~a _ DUR2 _ KID~a _ N01",7,2.12808527889139,1.42953239543239,0.714285714285714,"0"
"P000566","1(N01) _ 1(N01) _ 1(N01) _ 1(N01) _ 1(N01) _ 1(N01) _ 1(N01) _ 1(N01) _ 1(N01) _ 1(N01) _ 1(N01) _ 1(N01) _ 1(N01) _ 1(N01) _ 1(N01) _ 1(N01) _ 1(N01) _ 1(N01) _ 1(N01) _ 1(N01) _ 1(N01) _ 1(N01) _ 1(N01) _ 1(N01) _ 1(N01) _ 1(N01) _ 1(N01) _ 1(N01) _ 1(N01) _ 1(N01) _ 1(N01) _ 1(N01) _ 1(N01) _ 1(N01) _ 1(N01) _ 1(N01) _ 1(N01) _ 1(N01) _ 1(N01) _ 1(N01) _ 1(N01) _ 1(N01) _ 1(N01) _ 1(N01) _ 1(N01) _ 1(N01) _ 1(N01) _ 1(N01) _ 1(N01) _ 1(N01) _ 1(N01) _ 1(N01) _ 1(N01) _ 1(N01) _ 1(N01) _ 1(N01) _ 1(N01) _ 1(N01) _ 1(N01)","N01 _ N01 _ N01 _ N01 _ N01 _ N01 _ N01 _ N01 _ N01 _ N01 _ N01 _ N01 _ N01 _ N01 _ N01 _ N01 _ N01 _ N01 _ N01 _ N01 _ N01 _ N01 _ N01 _ N01 _ N01 _ N01 _ N01 _ N01 _ N01 _ N01 _ N01 _ N01 _ N01 _ N01 _ N01 _ N01 _ N01 _ N01 _ N01 _ N01 _ N01 _ N01 _ N01 _ N01 _ N01 _ N01 _ N01 _ N01 _ N01 _ N01 _ N01 _ N01 _ N01 _ N01 _ N01 _ N01 _ N01 _ N01 _ N01",117,0.999947303944534,0.319536490868496,0.0170940170940171,"0"
"P000567","SZE3 _ UDU~a","SZE3 _ UDU~a",3,1.58496250072116,0.861654166907052,1,"0"
"P000568","1(N01) _ SI _ MUSZEN _ 1(N01) _ GISZ3~b _ MUSZEN _ 1(N01)","N01 _ SI _ MUSZEN _ N01 _ GISZ3~b _ MUSZEN _ N01",13,1.98777337148798,1.33688713110603,0.384615384615385,"0"
"P000569","SAL _ GAR","SAL _ GAR",3,1.58496250072116,0.861654166907052,1,"0"
"P000570","NAGA~a _ E2~a","NAGA~a _ E2~a",3,1.58496250072116,0.861654166907052,1,"0"
"P000571","1(N01) _ NAM2","N01 _ NAM2",3,1.58496250072116,0.861654166907052,1,"0"
"P000572","1(N01) _ NAM2 _ NAM2 _ 1(N01) _ URU~a1 _ 1(N01) _ NAM2 _ SZITA~a1 _ 1(N34)","N01 _ NAM2 _ NAM2 _ N01 _ URU~a1 _ N01 _ NAM2 _ SZITA~a1 _ N34",17,2.1162996057017,1.55728918831784,0.352941176470588,"0"
"P000573","1(N01) _ 1(N01) _ NI~b _ 1(N01) _ HI _ NI~b _ 1(N01) _ |NI~bx4(N57)| _ 1(N01) _ 1(N01)","N01 _ N01 _ NI~b _ N01 _ HI _ NI~b _ N01 _ |NI~bx4(N57)| _ N01 _ N01",19,1.82481698621686,1.35914913635218,0.263157894736842,"0"
"P000575","ISZ~b _ 1(N01) _ TUR _ 1(N01) _ 1(N01)","ISZ~b _ N01 _ TUR _ N01 _ N01",9,1.7527152789797,1.1193198550588,0.444444444444444,"0"
"P000576","SZITA~a1 _ ABGAL _ GAL~a _ GAL~a","SZITA~a1 _ ABGAL _ GAL~a _ GAL~a",7,1.84237099317711,1.1674603176492,0.571428571428571,"0"
"P000577","1(N01) _ SZA _ MUSZEN _ 1(N01) _ ZI~a _ BA _ MUSZEN _ 1(N01) _ DU _ IR~a _ MUSZEN _ 1(N01) _ UR5~b _ 1(N01) _ NAGA~a _ U2~b _ MUSZEN _ 1(N01) _ NAGA~a _ U2~b _ MUSZEN","N01 _ SZA _ MUSZEN _ N01 _ ZI~a _ BA _ MUSZEN _ N01 _ DU _ IR~a _ MUSZEN _ N01 _ UR5~b _ N01 _ NAGA~a _ U2~b _ MUSZEN _ N01 _ NAGA~a _ U2~b _ MUSZEN",41,2.49028426372757,1.8049729636009,0.268292682926829,"0"
"P000578","SZE~a@t _ A _ 1(N01) _ 1(N01)","SZE~a@t _ A _ N01 _ N01",7,1.84237099317711,1.1674603176492,0.571428571428571,"0"
"P000579","GA~b _ NAR _ 1(N01) _ UB _ 1(N01) _ GAR _ 5(N01) _ 5(N01)","GA~b _ NAR _ N01 _ UB _ N01 _ GAR _ N01 N01 N01 N01 N01 _ N01 N01 N01 N01 N01",23,1.7987343707067,1.43022527753635,0.260869565217391,"0.363636363636364"
"P000580","1(N01) _ 1(N01) _ 1(N01) _ GISZIMMAR~b1 _ ME~a","N01 _ N01 _ N01 _ GISZIMMAR~b1 _ ME~a",9,1.7527152789797,1.30430274508111,0.444444444444444,"0"
"P000581","MES _ 1(N01)","MES _ N01",3,1.58496250072116,0.861654166907052,1,"0"
"P000582","1(N01) _ GAL~a _ IM~a _ 1(N01) _ TUR _ IM~a _ 1(N01) _ 1(N01) _ 1(N01) _ 1(N01)","N01 _ GAL~a _ IM~a _ N01 _ TUR _ IM~a _ N01 _ N01 _ N01 _ N01",19,1.82481698621686,1.25106754853153,0.263157894736842,"0"
"P000583","1(N01) _ NI~b _ NI~b _ 1(N01) _ 1(N01) _ KASZ~b _ 1(N01)","N01 _ NI~b _ NI~b _ N01 _ N01 _ KASZ~b _ N01",13,1.73814933319287,1.2673935473797,0.307692307692308,"0"
"P000584","1(N01) _ SZE3@t _ GA'AR~a1","N01 _ SZE3@t _ GA'AR~a1",5,1.92192809488736,1.1813781191217,0.8,"0"
"P000585","MA _ 1(N01) _ 1(N01) _ 1(N01) _ 1(N01) _ GISZ _ 1(N01) _ 1(N01) _ |SILA3~axNAGA~a| _ 1(N01) _ 1(N01) _ SZE~a _ 1(N01) _ KUSZU2~b _ 1(N01) _ 1(N01) _ 1(N01)","MA _ N01 _ N01 _ N01 _ N01 _ GISZ _ N01 _ N01 _ |SILA3~axNAGA~a| _ N01 _ N01 _ SZE~a _ N01 _ KUSZU2~b _ N01 _ N01 _ N01",33,1.80137745242955,1.5229467941796,0.212121212121212,"0"
"P000586","1(N01) _ 1(N01) _ E2~b _ 1(N01) _ 1(N01) _ PAP~a _ |SILA3~bxNI~b| _ 1(N01) _ 1(N01) _ 1(N01) _ 1(N01) _ AN _ NU11","N01 _ N01 _ E2~b _ N01 _ N01 _ PAP~a _ |SILA3~bxNI~b| _ N01 _ N01 _ N01 _ N01 _ AN _ NU11",25,1.96307418942857,1.5662716554901,0.28,"0"
"P000587","SAG _ 1(N01) _ KU3~a _ 1(N01) _ SZEN~c","SAG _ N01 _ KU3~a _ N01 _ SZEN~c",9,2.0588138903312,1.35098235513892,0.555555555555556,"0"
"P000588","1(N01) _ 1(N01) _ 1(N01)","N01 _ N01 _ N01",5,0.970950594454669,0.671190309536813,0.4,"0"
"P000589","DI _ NAM2 _ NAM2 _ 1(N01) _ NAM2 _ URU~a1 _ 1(N01) _ NAM2 _ ERIN _ 1(N01) _ GAL~a _ SZUBUR _ 1(N01) _ EN~a _ IB~a _ 1(N01) _ GAL~a _ SZITA~a1 _ 1(N01) _ 1(N01) _ 1(N01) _ GAL~a _ TE _ 1(N01) _ 1(N01) _ 1(N01) _ GAL~a _ GA~a _ 1(N01) _ SIG2~a1 _ GA~a _ 1(N01) _ GAL~a _ 1(N01) _ GAL~a _ 1(N01) _ GAL~a _ SILA4~a _ 1(N01) _ 1(N01) _ 1(N01) _ 1(N01) _ 1(N01) _ 1(N01) _ UMUN2 _ SANGA~a _ 1(N01) _ UMUN2 _ KU3~a _ 1(N01) _ GAL~a _ 1(N01) _ 1(N01) _ 1(N01) _ SZA _ 1(N01) _ ERIN _ 1(N01) _ GURUSZ~a _ 1(N01) _ GAL~a _ 1(N01) _ 1(N01) _ GAL~a _ 1(N01) _ 1(N01) _ 1(N01) _ UB _ SAG _ 1(N01) _ ZATU725 _ 1(N01)","DI _ NAM2 _ NAM2 _ N01 _ NAM2 _ URU~a1 _ N01 _ NAM2 _ ERIN _ N01 _ GAL~a _ SZUBUR _ N01 _ EN~a _ IB~a _ N01 _ GAL~a _ SZITA~a1 _ N01 _ N01 _ N01 _ GAL~a _ TE _ N01 _ N01 _ N01 _ GAL~a _ GA~a _ N01 _ SIG2~a1 _ GA~a _ N01 _ GAL~a _ N01 _ GAL~a _ N01 _ GAL~a _ SILA4~a _ N01 _ N01 _ N01 _ N01 _ N01 _ N01 _ UMUN2 _ SANGA~a _ N01 _ UMUN2 _ KU3~a _ N01 _ GAL~a _ N01 _ N01 _ N01 _ SZA _ N01 _ ERIN _ N01 _ GURUSZ~a _ N01 _ GAL~a _ N01 _ N01 _ GAL~a _ N01 _ N01 _ N01 _ UB _ SAG _ N01 _ ZATU725 _ N01",143,2.47477604666909,2.07192230690942,0.160839160839161,"0"
"P000590","1(N01) _ |(GISZx(DIN.DIN))~c| _ TUM~a _ GISZ _ KUR~c _ 1(N01) _ NUN~b _ A _ 1(N01) _ GESZTIN~a _ 1(N01) _ TAK4~a _ |GIR~b.GIR~b| _ 1(N01) _ 1(N01) _ 1(N01) _ 1(N01) _ AK~a","N01 _ |(GISZx(DIN.DIN))~c| _ TUM~a _ GISZ _ KUR~c _ N01 _ NUN~b _ A _ N01 _ GESZTIN~a _ N01 _ TAK4~a _ |GIR~b.GIR~b| _ N01 _ N01 _ N01 _ N01 _ AK~a",35,2.45822963690909,2.053764687544,0.342857142857143,"0"
"P000591","IR~a _ 1(N01) _ 1(N01) _ 1(N01) _ 1(N01) _ 1(N01) _ 1(N01) _ 1(N01) _ |DUG~bx(SA~a.GI)| _ 1(N01) _ |DUG~bxNAGA~a| _ 1(N01) _ 1(N01) _ 1(N01) _ 1(N01) _ 1(N01) _ 1(N01) _ |DUG~bxTI| _ 1(N01) _ |DUG~bxMASZ| _ 1(N01) _ 1(N01)","IR~a _ N01 _ N01 _ N01 _ N01 _ N01 _ N01 _ N01 _ |DUG~bx(SA~a.GI)| _ N01 _ |DUG~bxNAGA~a| _ N01 _ N01 _ N01 _ N01 _ N01 _ N01 _ |DUG~bxTI| _ N01 _ |DUG~bxMASZ| _ N01 _ N01",43,1.66520582029257,1.38641136340867,0.162790697674419,"0"
"P000593","1(N01) _ GA2~a1 _ 1(N01)","N01 _ GA2~a1 _ N01",5,1.52192809488736,0.949185309632967,0.6,"0"
"P000594","1(N01) _ 1(N01) _ 1(N01)","N01 _ N01 _ N01",5,0.970950594454669,0.671190309536813,0.4,"0"
"P000595","1(N01) _ |DUG~bxMASZ| _ 1(N01) _ 1(N01) _ 1(N01) _ 1(N01) _ 1(N01) _ |DUG~bxANSZE~b| _ 1(N01) _ |DUG~bxHI| _ 1(N01) _ |DUG~bxDIN| _ 1(N01) _ |DUG~bxDIN| _ 1(N01) _ |DUG~bxDIN| _ 1(N01) _ 1(N01) _ 1(N01) _ U2~a _ PU2 _ 1(N01) _ U2~a _ PU2 _ 1(N01) _ 1(N01) _ 1(N01) _ 1(N01)","N01 _ |DUG~bxMASZ| _ N01 _ N01 _ N01 _ N01 _ N01 _ |DUG~bxANSZE~b| _ N01 _ |DUG~bxHI| _ N01 _ |DUG~bxDIN| _ N01 _ |DUG~bxDIN| _ N01 _ |DUG~bxDIN| _ N01 _ N01 _ N01 _ U2~a _ PU2 _ N01 _ U2~a _ PU2 _ N01 _ N01 _ N01 _ N01",55,1.92325971195123,1.43968498005493,0.145454545454545,"0"
"P000597","AB~a _ ME~a _ 1(N01) _ GAL~a _ |1(N58).BAD~a| _ 1(N01) _ IB~a _ 1(N01) _ GAL~a _ SZITA~a1 _ 1(N01) _ 1(N01) _ GAL~a _ 1(N01) _ GAL~a _ TUR3~a _ 1(N01) _ UMUN2 _ GAL~a _ 1(N01) _ 1(N01) _ UMUN2 _ SANGA~a _ 1(N01) _ GAL~a _ SANGA~a _ 1(N01) _ 1(N01) _ 1(N01)","AB~a _ ME~a _ N01 _ GAL~a _ |1(N58).BAD~a| _ N01 _ IB~a _ N01 _ GAL~a _ SZITA~a1 _ N01 _ N01 _ GAL~a _ N01 _ GAL~a _ TUR3~a _ N01 _ UMUN2 _ GAL~a _ N01 _ N01 _ UMUN2 _ SANGA~a _ N01 _ GAL~a _ SANGA~a _ N01 _ N01 _ N01",57,2.28514564297572,1.68087283636928,0.192982456140351,"0"
"P000598","1(N01) _ 1(N01) _ |DUG~bxMASZ| _ 1(N01) _ 1(N01) _ 1(N01)","N01 _ N01 _ |DUG~bxMASZ| _ N01 _ N01 _ N01",11,1.34858789601242,0.948860632972234,0.272727272727273,"0"
"P000599","1(N01) _ GAL~a _ UMUN2 _ 1(N01) _ ERIN _ UMUN2","N01 _ GAL~a _ UMUN2 _ N01 _ ERIN _ UMUN2",11,2.0403733936885,1.42200972688288,0.454545454545455,"0"
"P000600","NI~b _ 1(N01) _ SU~a _ NI~b _ 1(N01) _ SU~a _ NI~b _ 1(N01) _ 1(N01) _ 1(N01) _ KASZ~b _ 1(N01)","NI~b _ N01 _ SU~a _ NI~b _ N01 _ SU~a _ NI~b _ N01 _ N01 _ N01 _ KASZ~b _ N01",23,1.90102237729611,1.22455685763843,0.217391304347826,"0"
"P000601","KAB _ 1(N01) _ NAM2 _ DI _ 1(N01) _ 1(N01) _ GAL~a _ 1(N01) _ HI _ U4","KAB _ N01 _ NAM2 _ DI _ N01 _ N01 _ GAL~a _ N01 _ HI _ U4",19,2.32533146012881,1.78760019744258,0.421052631578947,"0"
"P000602","TUG2~a _ 1(N01) _ BUR2 _ TUG2~a _ 1(N01) _ DARA4~a1 _ TUG2~a _ 1(N01) _ 1(N57) _ GISZ _ TUG2~a _ 1(N01) _ SU~a _ TUG2~a","TUG2~a _ N01 _ BUR2 _ TUG2~a _ N01 _ DARA4~a1 _ TUG2~a _ N01 _ N57 _ GISZ _ TUG2~a _ N01 _ SU~a _ TUG2~a",27,2.24691132400528,1.69637190602972,0.296296296296296,"0"
"P000603","1(N06) _ 1(N01) _ GISZ _ 1(N01) _ 1(N01) _ GISZ _ DA~a","N06 _ N01 _ GISZ _ N01 _ N01 _ GISZ _ DA~a",13,1.98777337148798,1.23841908155378,0.384615384615385,"0"
"P000604","1(N01) _ 1(N01) _ ERIN _ 1(N01) _ GAL~a _ 1(N01) _ NAM2 _ 1(N01) _ 1(N01) _ GAL~a _ TE _ 1(N01) _ GAL~a _ SUKKAL _ 1(N01) _ GADA~a _ SUKKAL _ 1(N01) _ GA~a _ KISAL~b1 _ 1(N01) _ GAL~a _ SZAKIR~a _ 1(N01) _ TUR3~a _ 1(N01) _ 1(N01) _ 1(N01) _ GAL~a _ 1(N01) _ 1(N01) _ HI _ DUG~b _ 1(N01) _ GAL~a _ DUG~b _ 1(N01) _ 1(N01) _ 1(N01) _ GAN~c _ 1(N01) _ GAL~a _ 1(N01) _ 1(N01) _ 1(N01) _ NIMGIR _ 1(N01) _ DUB~a _ 1(N01) _ 1(N01) _ 1(N01) _ 1(N01) _ 1(N01) _ 1(N01) _ AB~a","N01 _ N01 _ ERIN _ N01 _ GAL~a _ N01 _ NAM2 _ N01 _ N01 _ GAL~a _ TE _ N01 _ GAL~a _ SUKKAL _ N01 _ GADA~a _ SUKKAL _ N01 _ GA~a _ KISAL~b1 _ N01 _ GAL~a _ SZAKIR~a _ N01 _ TUR3~a _ N01 _ N01 _ N01 _ GAL~a _ N01 _ N01 _ HI _ DUG~b _ N01 _ GAL~a _ DUG~b _ N01 _ N01 _ N01 _ GAN~c _ N01 _ GAL~a _ N01 _ N01 _ N01 _ NIMGIR _ N01 _ DUB~a _ N01 _ N01 _ N01 _ N01 _ N01 _ N01 _ AB~a",109,2.29116143309598,1.94373478653086,0.165137614678899,"0"
"P000605","1(N01) _ 1(N01) _ 1(N01) _ 1(N01) _ 1(N01) _ 1(N01) _ 1(N01) _ 2(N14) _ 2(N01) _ SZE3","N01 _ N01 _ N01 _ N01 _ N01 _ N01 _ N01 _ N14 N14 _ N01 N01 _ SZE3",21,1.58000075487583,1.28863672364017,0.19047619047619,"0.1"
"P000606","DI _ NAM2 _ NAM2 _ URU~a1 _ 1(N01) _ 1(N01) _ 1(N01) _ 1(N01) _ PA~a _ NAM2 _ 1(N01) _ 1(N01) _ 1(N01) _ GAL~a _ 1(N01) _ 1(N01) _ 1(N01) _ TE _ 1(N01) _ 1(N01) _ 1(N01) _ GA~a _ 1(N01) _ GAL~a _ KISAL~b1 _ 1(N01) _ GAL~a _ 1(N01) _ 1(N01) _ 1(N01) _ 1(N01) _ 1(N01) _ 1(N01) _ 1(N01) _ 1(N01) _ 1(N01) _ 1(N01) _ 1(N01) _ 1(N01) _ 1(N01) _ 1(N01) _ DUB~a","DI _ NAM2 _ NAM2 _ URU~a1 _ N01 _ N01 _ N01 _ N01 _ PA~a _ NAM2 _ N01 _ N01 _ N01 _ GAL~a _ N01 _ N01 _ N01 _ TE _ N01 _ N01 _ N01 _ GA~a _ N01 _ GAL~a _ KISAL~b1 _ N01 _ GAL~a _ N01 _ N01 _ N01 _ N01 _ N01 _ N01 _ N01 _ N01 _ N01 _ N01 _ N01 _ N01 _ N01 _ N01 _ DUB~a",83,1.91659538252321,1.36871232553434,0.132530120481928,"0"
"P000608","1(N01) _ 1(N01) _ GA2~a1 _ 1(N01) _ SUHUR _ GAL~a _ SAL _ A _ |DUG~bxTI| _ 1(N01) _ GU4 _ A _ 1(N01) _ AB2 _ A _ 1(N01) _ AMAR _ AB2 _ 1(N01) _ GA~b _ 1(N01) _ SU~a _ 1(N57) _ UDU~a _ 1(N01) _ SU~a _ 1(N57) _ 1(N01) _ SU~a _ 1(N01) _ SU~a _ 1(N57) _ 1(N01) _ SU~a _ 1(N57) _ 1(N01) _ |SILA3~axSZU| _ 1(N01) _ 1(N01) _ |SILA3~axZATU646| _ 1(N01) _ MASZ _ SZA3~a1 _ 1(N01) _ BU~a _ A","N01 _ N01 _ GA2~a1 _ N01 _ SUHUR _ GAL~a _ SAL _ A _ |DUG~bxTI| _ N01 _ GU4 _ A _ N01 _ AB2 _ A _ N01 _ AMAR _ AB2 _ N01 _ GA~b _ N01 _ SU~a _ N57 _ UDU~a _ N01 _ SU~a _ N57 _ N01 _ SU~a _ N01 _ SU~a _ N57 _ N01 _ SU~a _ N57 _ N01 _ |SILA3~axSZU| _ N01 _ N01 _ |SILA3~axZATU646| _ N01 _ MASZ _ SZA3~a1 _ N01 _ BU~a _ A",91,2.70307048513795,2.20754421525067,0.21978021978022,"0"
"P000609","SUHUR _ 1(N01) _ HI _ SUHUR _ 1(N01) _ PAP~a _ SUKUD _ 1(N01) _ SUKUD _ 1(N01) _ 1(N01) _ 1(N01) _ 1(N01) _ 1(N57) _ 1(N01) _ 1(N57) _ 1(N01) _ 1(N02) _ 1(N01) _ 1(N34) _ 1(N14)","SUHUR _ N01 _ HI _ SUHUR _ N01 _ PAP~a _ SUKUD _ N01 _ SUKUD _ N01 _ N01 _ N01 _ N01 _ N57 _ N01 _ N57 _ N01 _ N02 _ N01 _ N34 _ N14",41,2.29272656933465,1.80775571761108,0.24390243902439,"0"
"P000610","1(N01) _ 1(N01) _ NA~a _ AN _ GI6 _ 1(N01) _ MAR~a _ BUR~a _ SZE~a _ 1(N01)","N01 _ N01 _ NA~a _ AN _ GI6 _ N01 _ MAR~a _ BUR~a _ SZE~a _ N01",19,2.32533146012881,1.92150140118497,0.421052631578947,"0"
"P000611","1(N01) _ SI _ KAK~a _ 1(N01) _ TAG~b _ 1(N01) _ 1(N01)","N01 _ SI _ KAK~a _ N01 _ TAG~b _ N01 _ N01",13,1.89199548703902,1.37183962133404,0.384615384615385,"0"
"P000614","1(N01) _ GISZ _ 1(N01) _ 1(N01) _ GISZ _ DUB~b _ 1(N01) _ GISZ _ A _ 1(N01) _ NUN~a _ KUR~a _ 1(N01) _ GISZ _ KUR@g~a _ 1(N01) _ 1(N01) _ DIN _ 1(N01) _ 1(N01) _ 1(N01) _ BU~a _ 1(N01) _ GISZ _ ERIM~a _ 1(N01) _ GISZ _ 1(N01) _ GISZ _ GI6 _ 1(N01) _ 1(N01) _ 1(N01) _ GISZ _ SZE3 _ 1(N01) _ 1(N01) _ GAL~a _ SZA _ 1(N01) _ SZU _ SZA _ 1(N01) _ 1(N01) _ 1(N01) _ 1(N01) _ GISZ _ 1(N01) _ 5(N57) _ SANGA~a _ 1(N01) _ 1(N01) _ 1(N01) _ 1(N34) _ GISZ","N01 _ GISZ _ N01 _ N01 _ GISZ _ DUB~b _ N01 _ GISZ _ A _ N01 _ NUN~a _ KUR~a _ N01 _ GISZ _ KUR@g~a _ N01 _ N01 _ DIN _ N01 _ N01 _ N01 _ BU~a _ N01 _ GISZ _ ERIM~a _ N01 _ GISZ _ N01 _ GISZ _ GI6 _ N01 _ N01 _ N01 _ GISZ _ SZE3 _ N01 _ N01 _ GAL~a _ SZA _ N01 _ SZU _ SZA _ N01 _ N01 _ N01 _ N01 _ GISZ _ N01 _ N57 N57 N57 N57 N57 _ SANGA~a _ N01 _ N01 _ N01 _ N34 _ GISZ",113,2.46443750792182,2.08104457467765,0.168141592920354,"0.0357142857142857"
"P000615","HI _ ZATU697~a _ E2~a","HI _ ZATU697~a _ E2~a",5,1.92192809488736,1.1813781191217,0.8,"0"
"P000617","1(N01) _ NAMESZDA _ 1(N01) _ NAM2 _ KAB _ 1(N01) _ NAM2 _ 1(N01)","N01 _ NAMESZDA _ N01 _ NAM2 _ KAB _ N01 _ NAM2 _ N01",15,1.93012496531497,1.3151016565869,0.333333333333333,"0"
"P000618","1(N01) _ AB2 _ HI _ KU6~a _ 1(N01)","N01 _ AB2 _ HI _ KU6~a _ N01",9,2.0588138903312,1.45463214097198,0.555555555555556,"0"
"P000620","1(N01)","N01",1,0,0,1,"NA"
"P000621","UDU~a _ 1(N01) _ ZATU777 _ KU3~a _ 1(N01) _ ZATU777 _ 1(N01) _ DA~a _ KU3~a _ 1(N01) _ NE~a _ KU3~a _ 1(N01) _ NI~a _ KU3~a _ 1(N01) _ KU3~a _ 1(N01) _ NUNUZ~a1 _ 1(N01) _ |SAR~axSZE~a| _ NUNUZ~a1 _ 1(N01)","UDU~a _ N01 _ ZATU777 _ KU3~a _ N01 _ ZATU777 _ N01 _ DA~a _ KU3~a _ N01 _ NE~a _ KU3~a _ N01 _ NI~a _ KU3~a _ N01 _ KU3~a _ N01 _ NUNUZ~a1 _ N01 _ |SAR~axSZE~a| _ NUNUZ~a1 _ N01",45,2.33082062749772,1.74155641553302,0.222222222222222,"0"
"P000622","1(N01) _ 1(N01) _ SUKKAL _ 1(N01) _ SUKKAL _ 1(N01) _ GA~a _ 1(N01) _ GA~a _ 1(N01) _ 1(N01) _ GAL~a _ 1(N01) _ GAL~a _ 1(N01) _ 1(N01) _ 1(N01) _ 1(N01) _ DU _ DUG~b _ SIG2~a1","N01 _ N01 _ SUKKAL _ N01 _ SUKKAL _ N01 _ GA~a _ N01 _ GA~a _ N01 _ N01 _ GAL~a _ N01 _ GAL~a _ N01 _ N01 _ N01 _ N01 _ DU _ DUG~b _ SIG2~a1",41,2.05369561665708,1.58180391780407,0.195121951219512,"0"
"P000623","1(N01) _ SZAH2~a _ KU6~a _ 1(N01)","N01 _ SZAH2~a _ KU6~a _ N01",7,1.84237099317711,1.22900704385684,0.571428571428571,"0"
"P000624","1(N01) _ 1(N01) _ BALAG _ 1(N01) _ 1(N01) _ 1(N01) _ PAP~a","N01 _ N01 _ BALAG _ N01 _ N01 _ N01 _ PAP~a",13,1.61433083515927,1.14757633872646,0.307692307692308,"0"
"P000625","1(N01) _ TAK4~a _ |GIR~b.GIR~b| _ 1(N01) _ TUM~a _ ANSZE~b _ 1(N01)","N01 _ TAK4~a _ |GIR~b.GIR~b| _ N01 _ TUM~a _ ANSZE~b _ N01",13,2.14161952533414,1.61312960360173,0.461538461538462,"0"
"P000626","1(N01) _ 1(N01) _ GA~a _ 1(N01) _ 1(N01) _ 3(N57) _ ZATU751~b _ 1(N01) _ |SILA3~cxZATU687| _ 1(N01) _ PAP~a _ 1(N01) _ 1(N01)","N01 _ N01 _ GA~a _ N01 _ N01 _ N57 N57 N57 _ ZATU751~b _ N01 _ |SILA3~cxZATU687| _ N01 _ PAP~a _ N01 _ N01",27,2.09657500176283,1.72050828888908,0.259259259259259,"0.0769230769230769"
"P000627","1(N01) _ EN~a _ 1(N01)","N01 _ EN~a _ N01",5,1.52192809488736,0.949185309632967,0.6,"0"
"P000628","1(N01) _ 1(N01) _ 1(N01) _ 1(N01)","N01 _ N01 _ N01 _ N01",7,0.985228136034252,0.720114450271154,0.285714285714286,"0"
"P000629","1(N01) _ PAP~a _ 1(N01)","N01 _ PAP~a _ N01",5,1.52192809488736,0.949185309632967,0.6,"0"
"P000630","1(N01) _ DUG~b _ 1(N01) _ GISZIMMAR~b1 _ 1(N01)","N01 _ DUG~b _ N01 _ GISZIMMAR~b1 _ N01",9,1.7527152789797,1.22708191172107,0.444444444444444,"0"
"P000631","1(N01) _ 1(N01) _ 1(N01) _ NIMGIR _ 1(N01) _ |SZE~a.NAM2| _ 1(N01) _ GUL _ PAP~a _ 1(N01) _ GUL _ SZUBUR _ 1(N01) _ PAP~a _ 1(N01) _ GA2~a1 _ 1(N01) _ HI _ 1(N01) _ PAP~a _ EN~a _ 1(N01) _ ZATU687 _ TAK4~a _ 1(N01) _ HI _ EN~a _ 1(N01) _ EN~a _ 1(N01) _ 1(N01) _ 1(N01) _ 1(N01) _ 1(N01) _ 1(N34)","N01 _ N01 _ N01 _ NIMGIR _ N01 _ |SZE~a.NAM2| _ N01 _ GUL _ PAP~a _ N01 _ GUL _ SZUBUR _ N01 _ PAP~a _ N01 _ GA2~a1 _ N01 _ HI _ N01 _ PAP~a _ EN~a _ N01 _ ZATU687 _ TAK4~a _ N01 _ HI _ EN~a _ N01 _ EN~a _ N01 _ N01 _ N01 _ N01 _ N01 _ N34",69,2.31805834615788,1.88629821238394,0.188405797101449,"0"
"P000632","1(N01) _ A _ 1(N01) _ AL _ 1(N01) _ 1(N01) _ 1(N06) _ 1(N01)","N01 _ A _ N01 _ AL _ N01 _ N01 _ N06 _ N01",15,1.82281560035252,1.39763512281169,0.333333333333333,"0"
"P000633","DIN _ MA _ MES _ 1(N01) _ EN~a _ A _ MES _ 1(N01) _ GISZ _ SZE3 _ A _ 1(N01) _ 1(N01) _ TUR","DIN _ MA _ MES _ N01 _ EN~a _ A _ MES _ N01 _ GISZ _ SZE3 _ A _ N01 _ N01 _ TUR",27,2.52874986009554,1.88058212412703,0.37037037037037,"0"
"P000634","1(N01) _ NIM~a","N01 _ NIM~a",3,1.58496250072116,0.861654166907052,1,"0"
"P000635","1(N01) _ GAL~a _ 1(N01)","N01 _ GAL~a _ N01",5,1.52192809488736,0.949185309632967,0.6,"0"
"P000636","1(N01) _ NAM2 _ 1(N01)","N01 _ NAM2 _ N01",5,1.52192809488736,0.949185309632967,0.6,"0"
"P000637","BA","BA",1,0,0,1,"NA"
"P000638","BAR _ AN _ USZ~a _ A _ A _ 1(N01) _ 1(N01) _ 1(N01) _ 1(N01)","BAR _ AN _ USZ~a _ A _ A _ N01 _ N01 _ N01 _ N01",17,2.08746284125034,1.45455822910675,0.352941176470588,"0"
"P000639","1(N01) _ 1(N01) _ 1(N01) _ GISZ","N01 _ N01 _ N01 _ GISZ",7,1.44881563572518,1.00982852918396,0.428571428571429,"0"
"P000640","1(N01) _ 1(N01) _ ABGAL _ 1(N01) _ 1(N01) _ GAL~a _ 1(N01) _ GAL~a","N01 _ N01 _ ABGAL _ N01 _ N01 _ GAL~a _ N01 _ GAL~a",15,1.68948226701918,1.18997759374117,0.266666666666667,"0"
"P000641","1(N01) _ AN _ TAK4~a _ 1(N01) _ 1(N01) _ 1(N01) _ NAGA~a _ SILA3~a _ SILA3~a _ SAG@n _ 4(N14) _ 1(N01)","N01 _ AN _ TAK4~a _ N01 _ N01 _ N01 _ NAGA~a _ SILA3~a _ SILA3~a _ SAG@n _ N14 N14 N14 N14 _ N01",26,2.40569401508544,1.88419726183487,0.307692307692308,"0.12"
"P000642","1(N01) _ 1(N01) _ NAM2","N01 _ N01 _ NAM2",5,1.52192809488736,0.970049785692216,0.6,"0"
"P000643","1(N01) _ MUSZEN _ NAGA~a _ 1(N01) _ ERIM2 _ 1(N01) _ I _ NUN~a _ 1(N01) _ GIBIL6 _ 1(N01) _ PAD~a _ 1(N01) _ E2~b _ AN _ 1(N01) _ E2~a _ NINLIL _ 1(N01) _ SAL _ |GA2~bxDUB~a| _ URI3~a _ 1(N01)","N01 _ MUSZEN _ NAGA~a _ N01 _ ERIM2 _ N01 _ I _ NUN~a _ N01 _ GIBIL6 _ N01 _ PAD~a _ N01 _ E2~b _ AN _ N01 _ E2~a _ NINLIL _ N01 _ SAL _ |GA2~bxDUB~a| _ URI3~a _ N01",45,2.67770152692965,2.46415414970183,0.355555555555556,"0"
"P000644","SU~a _ HAL _ 1(N01) _ AN _ KI _ 1(N01)","SU~a _ HAL _ N01 _ AN _ KI _ N01",11,2.22219157550668,1.59215244943183,0.545454545454545,"0"
"P000645","1(N01) _ 1(N01) _ IR~a _ 1(N01) _ DIN _ IR~a _ 1(N01) _ SU~a _ NI~b _ 1(N01) _ 5(N57) _ SU~a _ NI~b _ 1(N01) _ SU~a _ NI~b _ 1(N01) _ 1(N01) _ 1(N01) _ 1(N01) _ 1(N01) _ 1(N01) _ 1(N01)","N01 _ N01 _ IR~a _ N01 _ DIN _ IR~a _ N01 _ SU~a _ NI~b _ N01 _ N57 N57 N57 N57 N57 _ SU~a _ NI~b _ N01 _ SU~a _ NI~b _ N01 _ N01 _ N01 _ N01 _ N01 _ N01 _ N01",49,2.15894193749034,1.3779119254715,0.142857142857143,"0.0833333333333333"
"P000646","1(N01) _ 1(N01) _ 1(N01) _ GAL~a","N01 _ N01 _ N01 _ GAL~a",7,1.44881563572518,1.00982852918396,0.428571428571429,"0"
"P000647","GIR2~a _ DIM~c _ 1(N01) _ DIM~c _ AN _ 1(N01)","GIR2~a _ DIM~c _ N01 _ DIM~c _ AN _ N01",11,2.0403733936885,1.36326057913922,0.454545454545455,"0"
"P000648","1(N01) _ SZU2 _ |DUG~bxDIN|","N01 _ SZU2 _ |DUG~bxDIN|",5,1.92192809488736,1.1813781191217,0.8,"0"
"P000649","DI _ NAM2 _ 1(N01) _ RI8~b _ KAK~a _ 1(N01) _ DI _ E2~b _ 1(N01) _ KU3~a _ E2~b _ 1(N01) _ KU3~c _ E2~b _ 1(N01)","DI _ NAM2 _ N01 _ RI8~b _ KAK~a _ N01 _ DI _ E2~b _ N01 _ KU3~a _ E2~b _ N01 _ KU3~c _ E2~b _ N01",29,2.38668799907906,1.77621622856204,0.310344827586207,"0"
"P000651","1(N01) _ 1(N01) _ |SIxSZE3| _ BAD _ 1(N01) _ BAD","N01 _ N01 _ |SIxSZE3| _ BAD _ N01 _ BAD",11,1.78992907531,1.23579563111889,0.363636363636364,"0"
"P000652","1(N01) _ SIG _ 1(N01) _ BANSZUR~b2 _ 1(N01) _ GISZ _ LISZ _ 1(N01) _ 1(N01)","N01 _ SIG _ N01 _ BANSZUR~b2 _ N01 _ GISZ _ LISZ _ N01 _ N01",17,1.99277810745994,1.55940784448084,0.352941176470588,"0"
"P000653","1(N01)","N01",1,0,0,1,"NA"
"P000654","1(N01) _ 1(N01) _ 1(N01) _ GA~a _ 1(N01) _ GESZTU~b _ 1(N01)","N01 _ N01 _ N01 _ GA~a _ N01 _ GESZTU~b _ N01",13,1.61433083515927,1.3108495689867,0.307692307692308,"0"
"P000655","1(N01) _ 1(N01) _ GAL~a _ SZUBUR _ 1(N01) _ NAM2 _ 1(N01) _ 1(N01)","N01 _ N01 _ GAL~a _ SZUBUR _ N01 _ NAM2 _ N01 _ N01",15,1.82281560035252,1.394735772932,0.333333333333333,"0"
"P000657","1(N01) _ 1(N01) _ U2~b _ 1(N01) _ BU~a _ A","N01 _ N01 _ U2~b _ N01 _ BU~a _ A",11,1.97174725712818,1.47478138138035,0.454545454545455,"0"
"P000658","1(N01) _ GISZ _ 1(N01) _ U4 _ GISZ _ 1(N01) _ GISZ _ 1(N01) _ GISZ _ 1(N01) _ NIMGIR _ 1(N01) _ 1(N01) _ 1(N01) _ 1(N01)","N01 _ GISZ _ N01 _ U4 _ GISZ _ N01 _ GISZ _ N01 _ GISZ _ N01 _ NIMGIR _ N01 _ N01 _ N01 _ N01",29,1.76031568747974,1.22578208555221,0.172413793103448,"0"
"P000659","1(N01) _ 1(N01) _ SILA3~b _ 1(N01) _ |UR2xTAR| _ 1(N01) _ |UR2xTAR| _ AN _ 1(N01) _ SI _ ZATU777","N01 _ N01 _ SILA3~b _ N01 _ |UR2xTAR| _ N01 _ |UR2xTAR| _ AN _ N01 _ SI _ ZATU777",21,2.1623687835735,1.69749615037189,0.333333333333333,"0"
"P000660","1(N01) _ GAL~a","N01 _ GAL~a",3,1.58496250072116,0.861654166907052,1,"0"
"P000661","1(N01) _ 1(N01) _ NI~a _ 1(N01) _ KISAL~b1 _ 1(N01) _ 1(N01) _ 1(N01) _ HI _ EN~a _ E2~a _ NUN~a _ 1(N01) _ EN~a _ NUN~a _ 1(N01) _ 1(N34) _ 3(N01)","N01 _ N01 _ NI~a _ N01 _ KISAL~b1 _ N01 _ N01 _ N01 _ HI _ EN~a _ E2~a _ NUN~a _ N01 _ EN~a _ NUN~a _ N01 _ N34 _ N01 N01 N01",37,2.19484211951365,1.87409995804421,0.243243243243243,"0.0555555555555556"
"P000662","1(N01) _ NAMESZDA _ 1(N01) _ 1(N01) _ 1(N01)","N01 _ NAMESZDA _ N01 _ N01 _ N01",9,1.39214722366453,0.971260019333076,0.333333333333333,"0"
"P000663","GISZ _ A _ 1(N01) _ GISZ _ SI _ 1(N01) _ 1(N01)","GISZ _ A _ N01 _ GISZ _ SI _ N01 _ N01",13,1.98777337148798,1.37183962133404,0.384615384615385,"0"
"P000664","SZE3 _ 1(N01) _ |SU~ax1(N58)| _ 1(N01) _ UDU~c _ 1(N01) _ LA2 _ GISZ _ 1(N01) _ SZA _ SAR~a _ 1(N01) _ 2(N34) _ 1(N01) _ 1(N01)","SZE3 _ N01 _ |SU~ax1(N58)| _ N01 _ UDU~c _ N01 _ LA2 _ GISZ _ N01 _ SZA _ SAR~a _ N01 _ N34 N34 _ N01 _ N01",30,2.40840881683486,1.9822610072584,0.333333333333333,"0.0344827586206897"
"P000665","1(N01) _ GISZ _ A _ 1(N01) _ 1(N01) _ GUM~b@n _ GUM~b _ 1(N01) _ 1(N01) _ 1(N01) _ 1(N01)","N01 _ GISZ _ A _ N01 _ N01 _ GUM~b@n _ GUM~b _ N01 _ N01 _ N01 _ N01",21,1.87466192738462,1.39228475798893,0.285714285714286,"0"
"P000666","1(N01) _ AN _ 1(N01) _ 1(N01) _ AN _ NAGAR~a","N01 _ AN _ N01 _ N01 _ AN _ NAGAR~a",11,1.78992907531,1.15537281971793,0.363636363636364,"0"
"P000667","EZEN~b _ ME~a _ SZIDIM","EZEN~b _ ME~a _ SZIDIM",5,1.92192809488736,1.1813781191217,0.8,"0"
"P000668","1(N01) _ 1(N01) _ 1(N01) _ GIR2~a _ 1(N01) _ GIR2~a _ AN","N01 _ N01 _ N01 _ GIR2~a _ N01 _ GIR2~a _ AN",13,1.73814933319287,1.21379473612914,0.307692307692308,"0"
"P000669","1(N01) _ MUD3~c _ SZE~b _ 1(N01) _ AN _ TE _ PAP~a _ |(DUBxDISZ)~c| _ TI _ 1(N01) _ 1(N01) _ ZI~a _ 1(N01) _ AN _ U4 _ KI _ 1(N01) _ 1(N01) _ 1(N01) _ BA","N01 _ MUD3~c _ SZE~b _ N01 _ AN _ TE _ PAP~a _ |(DUBxDISZ)~c| _ TI _ N01 _ N01 _ ZI~a _ N01 _ AN _ U4 _ KI _ N01 _ N01 _ N01 _ BA",39,2.5492324046205,2.07306069495903,0.333333333333333,"0"
"P000670","1(N01) _ GAL~a _ SZITA~a1 _ 1(N01) _ ABGAL _ 1(N01) _ 1(N01) _ 1(N01) _ GAL~a _ 1(N01)","N01 _ GAL~a _ SZITA~a1 _ N01 _ ABGAL _ N01 _ N01 _ N01 _ GAL~a _ N01",19,1.82481698621686,1.29095112999198,0.263157894736842,"0"
"P000671","RU","RU",1,0,0,1,"NA"
"P000672","1(N01) _ 1(N01) _ 1(N01) _ 1(N01) _ 1(N01) _ 1(N01) _ EN~a _ SIG2~b _ 1(N01) _ EN~a _ TUG2~a _ 1(N01) _ TUG2~a","N01 _ N01 _ N01 _ N01 _ N01 _ N01 _ EN~a _ SIG2~b _ N01 _ EN~a _ TUG2~a _ N01 _ TUG2~a",25,1.80307418942857,1.39869499425314,0.2,"0"
"P000673","1(N01) _ GISZ _ 1(N01) _ GISZ _ DUR2 _ DARA3~c","N01 _ GISZ _ N01 _ GISZ _ DUR2 _ DARA3~c",11,2.0403733936885,1.4019722169474,0.454545454545455,"0"
"P000674","1(N01) _ 1(N01) _ DUG~b","N01 _ N01 _ DUG~b",5,1.52192809488736,0.970049785692216,0.6,"0"
"P000675","1(N01) _ 1(N01) _ 1(N01) _ 1(N01) _ 1(N01) _ NAMESZDA _ 1(N01) _ URU~a1 _ 1(N01) _ 1(N01) _ MEN~a _ SZA3~a1 _ AN _ 1(N01) _ 1(N01) _ 1(N01)","N01 _ N01 _ N01 _ N01 _ N01 _ NAMESZDA _ N01 _ URU~a1 _ N01 _ N01 _ MEN~a _ SZA3~a1 _ AN _ N01 _ N01 _ N01",31,1.83622512525339,1.63043041126714,0.225806451612903,"0"
"P000676","1(N01)","N01",1,0,0,1,"NA"
"P000677","1(N01) _ 1(N01) _ AB2 _ 1(N01) _ U4 _ 1(N01) _ 1(N01) _ SZU _ 1(N01) _ 1(N01) _ 1(N01) _ 1(N01) _ 1(N01) _ 1(N01)","N01 _ N01 _ AB2 _ N01 _ U4 _ N01 _ N01 _ SZU _ N01 _ N01 _ N01 _ N01 _ N01 _ N01",27,1.56379623768775,1.20761391579622,0.185185185185185,"0"
"P000678","1(N01) _ 1(N01) _ |DUG~bxMASZ| _ 1(N01)","N01 _ N01 _ |DUG~bxMASZ| _ N01",7,1.44881563572518,1.01651150805671,0.428571428571429,"0"
"P000679","1(N01)","N01",1,0,0,1,"NA"
"P000680","1(N01) _ BU~a _ NUN~a _ 1(N01) _ BU~a _ A","N01 _ BU~a _ NUN~a _ N01 _ BU~a _ A",11,2.0403733936885,1.33526183305537,0.454545454545455,"0"
"P000681","1(N01) _ PA~a _ NAM2 _ RAD~a _ 1(N01) _ AB~a _ ME~a _ 1(N01) _ GAL~a _ 1(N01) _ IB~a _ 1(N01) _ 1(N01) _ 1(N01) _ BU~a _ 1(N01) _ GAL~a _ 1(N01) _ GAL~a _ 1(N01) _ GAL~a","N01 _ PA~a _ NAM2 _ RAD~a _ N01 _ AB~a _ ME~a _ N01 _ GAL~a _ N01 _ IB~a _ N01 _ N01 _ N01 _ BU~a _ N01 _ GAL~a _ N01 _ GAL~a _ N01 _ GAL~a",41,2.24394608152977,1.68604619133986,0.24390243902439,"0"
"P000682","1(N01) _ 1(N01) _ 1(N01)","N01 _ N01 _ N01",5,0.970950594454669,0.671190309536813,0.4,"0"
"P000683","AN _ TAK4~a _ BUR~a _ AN _ BUR~a _ 1(N01) _ NAGAR~b _ 1(N01) _ NAGAR~b _ AN _ 1(N01) _ 1(N01)","AN _ TAK4~a _ BUR~a _ AN _ BUR~a _ N01 _ NAGAR~b _ N01 _ NAGAR~b _ AN _ N01 _ N01",23,2.14057781226685,1.4439893453362,0.260869565217391,"0"
"P000684","1(N01) _ GAL~a _ TE _ 1(N01)","N01 _ GAL~a _ TE _ N01",7,1.84237099317711,1.22900704385684,0.571428571428571,"0"
"P000685","IB~a _ 1(N01) _ 1(N01)","IB~a _ N01 _ N01",5,1.52192809488736,0.882518642966301,0.6,"0"
"P000687","1(N01) _ HI _ NI~b _ 1(N01) _ 12(N58) _ NI~b _ 1(N01) _ IR~a _ 1(N01) _ NE~a _ IR~a","N01 _ HI _ NI~b _ N01 _ N58 N58 N58 N58 N58 N58 N58 N58 N58 N58 N58 N58 _ NI~b _ N01 _ IR~a _ N01 _ NE~a _ IR~a",32,2.24253653257727,1.56674240016832,0.21875,"0.354838709677419"
"P000688","1(N01) _ 1(N01)","N01 _ N01",3,0.918295834054489,0.597493750120193,0.666666666666667,"0"
"P000689","1(N01) _ 1(N01) _ DUG~b _ 1(N01) _ DUG~c _ 1(N01) _ |DUG~cx1(N57)| _ 1(N01) _ SZAKIR~c _ 1(N01) _ 4(N57) _ 1(N01) _ 1(N01)","N01 _ N01 _ DUG~b _ N01 _ DUG~c _ N01 _ |DUG~cx1(N57)| _ N01 _ SZAKIR~c _ N01 _ N57 N57 N57 N57 _ N01 _ N01",28,2.12808527889139,1.72453029904754,0.25,"0.111111111111111"
"P000690","1(N01) _ 1(N01) _ DUG~c _ 1(N01) _ |DUG~cx1(N57)| _ 1(N01) _ 1(N01) _ 1(N01)","N01 _ N01 _ DUG~c _ N01 _ |DUG~cx1(N57)| _ N01 _ N01 _ N01",15,1.56280663169317,1.1778988024283,0.266666666666667,"0"
"P000691","1(N01) _ |DUG~bxZATU779| _ 1(N01) _ |DUG~bxZATU780| _ 1(N01) _ |DUG~bxTAK4~a| _ 1(N01) _ 1(N01) _ 1(N01)","N01 _ |DUG~bxZATU779| _ N01 _ |DUG~bxZATU780| _ N01 _ |DUG~bxTAK4~a| _ N01 _ N01 _ N01",17,1.76335842923111,1.36157252464117,0.294117647058824,"0"
"P000692","1(N01) _ AN _ KU6~a","N01 _ AN _ KU6~a",5,1.92192809488736,1.1813781191217,0.8,"0"
"P000693","1(N01) _ |ZATU737xU4| _ 1(N01) _ |ZATU737xSAL|","N01 _ |ZATU737xU4| _ N01 _ |ZATU737xSAL|",7,1.84237099317711,1.20839638639549,0.571428571428571,"0"
"P000694","1(N01) _ 1(N01) _ 1(N01) _ 1(N01) _ MAR~a","N01 _ N01 _ N01 _ N01 _ MAR~a",9,1.39214722366453,0.990147079984407,0.333333333333333,"0"
"P000695","1(N01) _ GU4 _ 1(N01)","N01 _ GU4 _ N01",5,1.52192809488736,0.949185309632967,0.6,"0"
"P000696","GAL~a _ KAK~a","GAL~a _ KAK~a",3,1.58496250072116,0.861654166907052,1,"0"
"P000697","SANGA~a","SANGA~a",1,0,0,1,"NA"
"P000698","1(N01) _ 1(N01) _ GU4 _ GU4 _ 1(N01)","N01 _ N01 _ GU4 _ GU4 _ N01",9,1.53049305675748,1.02585006334539,0.333333333333333,"0"
"P000699","1(N01) _ SI _ AK~a _ 1(N01) _ SU~a _ 1(N01) _ E2~a","N01 _ SI _ AK~a _ N01 _ SU~a _ N01 _ E2~a",13,2.14161952533414,1.56012528357948,0.461538461538462,"0"
"P000700","1(N01) _ 1(N01) _ 1(N01) _ NERGAL~v _ 1(N01) _ NANSZE~b _ 1(N01) _ U4 _ USZUR3~b2 _ 1(N01) _ |ZATU737xNI~a@g| _ 1(N01)","N01 _ N01 _ N01 _ NERGAL~v _ N01 _ NANSZE~b _ N01 _ U4 _ USZUR3~b2 _ N01 _ |ZATU737xNI~a@g| _ N01",23,2.01463881434338,1.77319935692476,0.304347826086957,"0"
"P000701","1(N01) _ SUHUR _ 4(N58) _ 1(N01) _ 1(N01) _ 1(N01) _ 1(N01) _ |(SUKUD+SUKUD)~a| _ 1(N01) _ 1(N01) _ 1(N01) _ 1(N01) _ 1(N01)","N01 _ SUHUR _ N58 N58 N58 N58 _ N01 _ N01 _ N01 _ N01 _ |(SUKUD+SUKUD)~a| _ N01 _ N01 _ N01 _ N01 _ N01",28,1.79882524500305,1.21979311712063,0.178571428571429,"0.111111111111111"
"P000702","1(N01) _ |DUG~bxZATU780| _ 1(N01) _ 1(N01) _ |DUG~bxANSZE~d| _ 1(N01) _ SIG2~b _ 1(N01) _ EN~a _ TUG2~a","N01 _ |DUG~bxZATU780| _ N01 _ N01 _ |DUG~bxANSZE~d| _ N01 _ SIG2~b _ N01 _ EN~a _ TUG2~a",19,2.13535038252687,1.73564936794494,0.368421052631579,"0"
"P000703","1(N01) _ 1(N01) _ 1(N01) _ 1(N01)","N01 _ N01 _ N01 _ N01",7,0.985228136034252,0.720114450271154,0.285714285714286,"0"
"P000705","1(N01) _ 1(N01) _ ZATU753 _ 1(N01) _ 1(N01) _ 1(N01) _ UB _ 1(N01)","N01 _ N01 _ ZATU753 _ N01 _ N01 _ N01 _ UB _ N01",15,1.56280663169317,1.20940373390672,0.266666666666667,"0"
"P000706","1(N01) _ 1(N01) _ 1(N01)","N01 _ N01 _ N01",5,0.970950594454669,0.671190309536813,0.4,"0"
"P000707","1(N01) _ 1(N01) _ GESZTU~b _ 1(N01)","N01 _ N01 _ GESZTU~b _ N01",7,1.44881563572518,1.01651150805671,0.428571428571429,"0"
"P000709","1(N01) _ SAL _ SAL _ 1(N01) _ UR~a _ UR~a","N01 _ SAL _ SAL _ N01 _ UR~a _ UR~a",11,1.85855521187031,1.25098378173819,0.363636363636364,"0"
"P000710","1(N01) _ 1(N01)","N01 _ N01",3,0.918295834054489,0.597493750120193,0.666666666666667,"0"
"P000712","1(N01) _ 1(N01) _ 1(N01)","N01 _ N01 _ N01",5,0.970950594454669,0.671190309536813,0.4,"0"
"P000713","1(N01) _ 1(N01) _ 1(N01) _ 1(N01) _ 1(N01) _ 1(N01) _ 1(N01) _ 1(N01) _ 1(N01) _ NI~b _ 1(N01) _ NI~b _ 1(N01) _ NI~b _ 1(N01) _ IR~a _ 1(N01) _ 1(N01) _ GAN~a _ 1(N01) _ GAN~a _ 1(N01) _ GAN~a _ 1(N01) _ |DUG~bxSZE~a| _ 1(N01) _ |DUG~bxBALA~a| _ 1(N01) _ |DUG~bxKASKAL| _ 1(N01) _ 1(N01) _ 1(N01) _ 1(N01) _ 1(N01) _ 1(N01) _ 1(N01) _ |DUG~bxTI| _ 1(N01) _ 1(N01) _ |DUG~bxSI4~a| _ 1(N01) _ 1(N01) _ |DUG~bxGI6| _ 1(N01) _ 1(N01) _ 1(N01) _ |DUG~bxKUR~a| _ 1(N01) _ |DUG~bxGISZ| _ 1(N01) _ 1(N01) _ 1(N01) _ 1(N01) _ GI _ 1(N01) _ BAPPIR~b _ 1(N01) _ |DUG~bxSIG7| _ 1(N01) _ 1(N01) _ 1(N01) _ 1(N01) _ 1(N01) _ 1(N01)","N01 _ N01 _ N01 _ N01 _ N01 _ N01 _ N01 _ N01 _ N01 _ NI~b _ N01 _ NI~b _ N01 _ NI~b _ N01 _ IR~a _ N01 _ N01 _ GAN~a _ N01 _ GAN~a _ N01 _ GAN~a _ N01 _ |DUG~bxSZE~a| _ N01 _ |DUG~bxBALA~a| _ N01 _ |DUG~bxKASKAL| _ N01 _ N01 _ N01 _ N01 _ N01 _ N01 _ N01 _ |DUG~bxTI| _ N01 _ N01 _ |DUG~bxSI4~a| _ N01 _ N01 _ |DUG~bxGI6| _ N01 _ N01 _ N01 _ |DUG~bxKUR~a| _ N01 _ |DUG~bxGISZ| _ N01 _ N01 _ N01 _ N01 _ GI _ N01 _ BAPPIR~b _ N01 _ |DUG~bxSIG7| _ N01 _ N01 _ N01 _ N01 _ N01 _ N01",127,1.94803696894977,1.8514240768013,0.125984251968504,"0"
"P000714","1(N01) _ 1(N01) _ 1(N01) _ 1(N01) _ 1(N01) _ U4 _ BALA~a _ 1(N01) _ 1(N01) _ SANGA~a _ NUN~a _ 1(N01) _ SZEN~a _ A _ 1(N01) _ A _ 1(N01) _ 1(N01) _ KI _ MA _ 1(N01) _ |SZE~a.NAM2| _ NUN~a _ 1(N01) _ BA _ SZU _ NUN~a _ 1(N01) _ ZATU647 _ 1(N01) _ DA~a _ NE~a _ 1(N01) _ KI _ AL _ SU~a _ 1(N01) _ SUG _ MASZ _ 1(N01) _ 1(N01) _ 1(N01) _ LAL2~a _ 1(N01) _ PA~a _ SUG5 _ SZUBUR _ 1(N01) _ A _ A _ 1(N01) _ 1(N01) _ 1(N01) _ 1(N01) _ 1(N01) _ 1(N01) _ GAL~a _ KI _ 1(N01) _ NA~b _ KI _ 1(N01) _ 1(N01) _ ZATU694~c _ BA _ 1(N01) _ LAL2~a _ 1(N01) _ GAL~a _ TUR3~a _ 1(N01) _ NUN~a _ 4(N14) _ 3(N01) _ URU~a1 _ BA","N01 _ N01 _ N01 _ N01 _ N01 _ U4 _ BALA~a _ N01 _ N01 _ SANGA~a _ NUN~a _ N01 _ SZEN~a _ A _ N01 _ A _ N01 _ N01 _ KI _ MA _ N01 _ |SZE~a.NAM2| _ NUN~a _ N01 _ BA _ SZU _ NUN~a _ N01 _ ZATU647 _ N01 _ DA~a _ NE~a _ N01 _ KI _ AL _ SU~a _ N01 _ SUG _ MASZ _ N01 _ N01 _ N01 _ LAL2~a _ N01 _ PA~a _ SUG5 _ SZUBUR _ N01 _ A _ A _ N01 _ N01 _ N01 _ N01 _ N01 _ N01 _ GAL~a _ KI _ N01 _ NA~b _ KI _ N01 _ N01 _ ZATU694~c _ BA _ N01 _ LAL2~a _ N01 _ GAL~a _ TUR3~a _ N01 _ NUN~a _ N14 N14 N14 N14 _ N01 N01 N01 _ URU~a1 _ BA",156,2.79395309182619,2.51607724912024,0.192307692307692,"0.032258064516129"
"P000733","EN~a _ USZ~a","EN~a _ USZ~a",3,1.58496250072116,0.861654166907052,1,"0"
"P000734","1(N39~a) _ 2(N01) _ 1(N24) _ 2(N01) _ 1(N26) _ 4(N01) _ 2(N58) _ 2(N01) _ DU6~b _ 1(N01) _ U4 _ 1(N01) _ |LAGAB~axSZITA~a1| _ 2(N01) _ ZATU726~c _ 2(N01) _ DU8~c _ 5(N01) _ ZATU681 _ DUG~a _ GAL~a _ SANGA~a _ NUN~a _ 1(N01) _ 4(N39~a) _ 1(N24) _ 1(N30~a) _ DUG~a _ SANGA~a _ NUN~a","N39~a _ N01 N01 _ N24 _ N01 N01 _ N26 _ N01 N01 N01 N01 _ N58 N58 _ N01 N01 _ DU6~b _ N01 _ U4 _ N01 _ |LAGAB~axSZITA~a1| _ N01 N01 _ ZATU726~c _ N01 N01 _ DU8~c _ N01 N01 N01 N01 N01 _ ZATU681 _ DUG~a _ GAL~a _ SANGA~a _ NUN~a _ N01 _ N39~a N39~a N39~a N39~a _ N24 _ N30~a _ DUG~a _ SANGA~a _ NUN~a",75,2.75417089125379,2.32995395771475,0.226666666666667,"0.216216216216216"
"P000735","3(N01) _ 1(N39~a) _ 5(N01) _ 1(N24) _ 3(N01) _ 1(N26) _ 3(N01) _ 2(N58) _ 4(N01) _ U4 _ 1(N01) _ SIG2~a2 _ 3(N01) _ ZATU726~c _ 1(N14) _ ZATU681 _ 2(N01) _ DU6~b _ 6(N01) _ |LAGAB~axSZITA~a1| _ EN~a _ SZIM~a _ NAM2 _ 2(N39~a) _ HI@g~a _ EN~a _ SZIM~a _ 2(N01) _ 1(N24) _ 1(N30~c) _ SZE~a _ AN _ SIG _ MUSZ3~a","N01 N01 N01 _ N39~a _ N01 N01 N01 N01 N01 _ N24 _ N01 N01 N01 _ N26 _ N01 N01 N01 _ N58 N58 _ N01 N01 N01 N01 _ U4 _ N01 _ SIG2~a2 _ N01 N01 N01 _ ZATU726~c _ N14 _ ZATU681 _ N01 N01 _ DU6~b _ N01 N01 N01 N01 N01 N01 _ |LAGAB~axSZITA~a1| _ EN~a _ SZIM~a _ NAM2 _ N39~a N39~a _ HI@g~a _ EN~a _ SZIM~a _ N01 N01 _ N24 _ N30~c _ SZE~a _ AN _ SIG _ MUSZ3~a",91,2.78010350348449,2.51930525955177,0.241758241758242,"0.266666666666667"
"P000736","2(N01) _ 2(N58) _ 2(N01) _ SIG2~a2 _ 2(N01) _ ZATU727 _ 1(N14) _ 1(N14) _ 6(N01) _ EZEN~b _ 2(N57) _ 4(N01) _ 2(N39~a) _ 1(N24) _ 1(N26) _ DUG~a","N01 N01 _ N58 N58 _ N01 N01 _ SIG2~a2 _ N01 N01 _ ZATU727 _ N14 _ N14 _ N01 N01 N01 N01 N01 N01 _ EZEN~b _ N57 N57 _ N01 N01 N01 N01 _ N39~a N39~a _ N24 _ N26 _ DUG~a",45,2.58955623112684,2.16974425876724,0.266666666666667,"0.318181818181818"
"P000737","1(N14) _ AN _ HI _ SZITA~a1 _ 1(N14) _ SIG7 _ SZITA~a1 _ 5(N01) _ SZITA~a1 _ BU~a _ TUR","N14 _ AN _ HI _ SZITA~a1 _ N14 _ SIG7 _ SZITA~a1 _ N01 N01 N01 N01 N01 _ SZITA~a1 _ BU~a _ TUR",25,2.58050383275577,1.94938728387593,0.36,"0.166666666666667"
"P000743","9(N01) _ UDU~a _ 1(N14) _ SZITA~b1 _ 1(N14) _ BA _ 1(N57) _ 2(N39~a) _ 1(N24) _ HI@g~a _ 2(N39~a) _ 1(N28) _ ZATU714 _ 4(N39~a) _ 1(N24) _ MU _ 1(N40)","N01 N01 N01 N01 N01 N01 N01 N01 N01 _ UDU~a _ N14 _ SZITA~b1 _ N14 _ BA _ N57 _ N39~a N39~a _ N24 _ HI@g~a _ N39~a N39~a _ N28 _ ZATU714 _ N39~a N39~a N39~a N39~a _ N24 _ MU _ N40",46,2.90335923838352,2.34244565663952,0.304347826086957,"0.288888888888889"
"P000759","9(N01) _ UDU~a _ 1(N14) _ 1(N14) _ KU3~a _ 2(N14) _ TA~c _ HI@g~a _ 4(N42~a) _ 1(N25) _ 1(N28) _ HI@g~a _ GESZTU~b _ NAM2 _ U4","N01 N01 N01 N01 N01 N01 N01 N01 N01 _ UDU~a _ N14 _ N14 _ KU3~a _ N14 N14 _ TA~c _ HI@g~a _ N42~a N42~a N42~a N42~a _ N25 _ N28 _ HI@g~a _ GESZTU~b _ NAM2 _ U4",41,2.92261800652571,2.44570215082693,0.317073170731707,"0.3"
"P000760","2(N01) _ SAL _ KI _ 1(N01) _ SAL _ SZA3~a1 _ 8(N01) _ |U4.SZU2| _ SA~a _ 2(N01) _ 5(N01) _ 1(N14) _ 1(N14)","N01 N01 _ SAL _ KI _ N01 _ SAL _ SZA3~a1 _ N01 N01 N01 N01 N01 N01 N01 N01 _ |U4.SZU2| _ SA~a _ N01 N01 _ N01 N01 N01 N01 N01 _ N14 _ N14",38,2.03534330200634,1.67311047785306,0.210526315789474,"0.351351351351351"
"P000769","SZITA~b1 _ SZITA~a1","SZITA~b1 _ SZITA~a1",3,1.58496250072116,0.861654166907052,1,"0"
"P000778","1(N01)","N01",1,0,0,1,"NA"
"P000783","1(N14) _ BA _ 8(N01) _ 2(N34) _ AB2 _ SZITA~a1 _ 1(N34) _ 4(N14) _ SZITA~a1 _ 2(N14) _ |(SZAxHI@g~a)~b| _ 4(N39~a) _ 2(N39~a) _ AN _ MEN~a","N14 _ BA _ N01 N01 N01 N01 N01 N01 N01 N01 _ N34 N34 _ AB2 _ SZITA~a1 _ N34 _ N14 N14 N14 N14 _ SZITA~a1 _ N14 N14 _ |(SZAxHI@g~a)~b| _ N39~a N39~a N39~a N39~a _ N39~a N39~a _ AN _ MEN~a",45,2.84253941033634,2.13240886266278,0.244444444444444,"0.363636363636364"
"P000784","SZITA~b1 _ 2(N34) _ 4(N01) _ SZITA~a1 _ DU _ 2(N34) _ 4(N01) _ SZITA@g~a _ |3(N57).PIRIG~b1|","SZITA~b1 _ N34 N34 _ N01 N01 N01 N01 _ SZITA~a1 _ DU _ N34 N34 _ N01 N01 N01 N01 _ SZITA@g~a _ |3(N57).PIRIG~b1|",25,2.40385618977472,1.6644151758113,0.32,"0.333333333333333"
"P000788","3(N01) _ 1(N01) _ IR~a _ 4(N01) _ 2(N01) _ 1(N01) _ IR~a _ 2(N01) _ MA _ 1(N01) _ DUG~b _ 1(N01) _ IR~a _ 2(N01) _ MA _ 2(N01) _ ZATU662 _ 2(N01) _ 1(N08) _ HASZHUR","N01 N01 N01 _ N01 _ IR~a _ N01 N01 N01 N01 _ N01 N01 _ N01 _ IR~a _ N01 N01 _ MA _ N01 _ DUG~b _ N01 _ IR~a _ N01 N01 _ MA _ N01 N01 _ ZATU662 _ N01 N01 _ N08 _ HASZHUR",49,1.9472776780755,1.55812244910135,0.163265306122449,"0.208333333333333"
"P000989","9(N01) _ GAR _ 2(N01) _ 7(N01) _ ZATU762~a _ BA","N01 N01 N01 N01 N01 N01 N01 N01 N01 _ GAR _ N01 N01 _ N01 N01 N01 N01 N01 N01 N01 _ ZATU762~a _ BA",26,1.36704392966423,1.42763131909275,0.192307692307692,"0.6"
"P000997","1(N01) _ GAL~a _ KASZ~a _ ERIN _ NAM2 _ 1(N01) _ U2~b _ SAG _ 1(N01) _ PAP~a _ 1(N01) _ MUSZEN _ ZATU659","N01 _ GAL~a _ KASZ~a _ ERIN _ NAM2 _ N01 _ U2~b _ SAG _ N01 _ PAP~a _ N01 _ MUSZEN _ ZATU659",25,2.60307418942857,2.14895317518685,0.44,"0"
"P001001","EN~a _ I","EN~a _ I",3,1.58496250072116,0.861654166907052,1,"0"
"P001056","2(N08) _ 1(N01) _ 1(N08) _ 1(N14) _ EN~a _ NUN~a _ ERIM~a _ KISAL~b1 _ 1(N14) _ NAMESZDA _ KISAL~b1 _ 1(N01) _ 1(N14) _ GESZTU~b _ TE _ 1(N01) _ 1(N14) _ AB~b _ 1(N14) _ 1(N01) _ 2(N14) _ EN~a _ 2(N14) _ UMUN2 _ 2(N14) _ TUR3~a","N08 N08 _ N01 _ N08 _ N14 _ EN~a _ NUN~a _ ERIM~a _ KISAL~b1 _ N14 _ NAMESZDA _ KISAL~b1 _ N01 _ N14 _ GESZTU~b _ TE _ N01 _ N14 _ AB~b _ N14 _ N01 _ N14 N14 _ EN~a _ N14 N14 _ UMUN2 _ N14 N14 _ TUR3~a",55,2.67399534895117,2.11539805654967,0.254545454545455,"0.0740740740740741"
"P001057","3(N14) _ AMAR _ 1(N14) _ KAB","N14 N14 N14 _ AMAR _ N14 _ KAB",9,1.7527152789797,1.39028895234111,0.444444444444444,"0.25"
"P001058","1(N01)","N01",1,0,0,1,"NA"
"P001059","2(N01) _ APIN~a","N01 N01 _ APIN~a",4,1.5,1.02124062518029,0.75,"0.333333333333333"
"P001063","2(N14) _ 2(N14) _ E2~b _ GI6 _ BU~a _ 1(N34) _ BU~a _ NAM2 _ PAP~a _ 2(N14) _ NAM2 _ 3(N57) _ URI _ MAR~a _ AN _ PA~a _ E2~b _ NUN~a _ GAL~a _ ZAG~a _ 2(N14) _ KAB _ NAM2 _ 2(N14) _ 2(N14) _ UKKIN~a _ SZU _ 2(N14) _ SAL _ SZU _ 2(N14) _ 6(N57) _ TE _ 1(N14) _ LAGAR~a _ 1(N14) _ ZATU659 _ SZA _ 1(N14) _ ZATU647 _ ZATU628~a _ 1(N14) _ NE~a _ ZATU628~a _ ME~a _ 2(N14) _ NAM2 _ SZITA~a1 _ 1(N34) _ 3(N14) _ 5(N01) _ 1(N14) _ PAP~a _ KU6~a _ MUSZ3~a _ 7(N01) _ |ZATU651xEN~a| _ 1(N51) _ 3(N14) _ 7(N01) _ TUR _ 1(N51) _ EN~a _ 3(N14) _ 4(N01) _ 1(N08) _ DIM~b _ SZUBUR _ 3(N14) _ 4(N01) _ 1(N08) _ GAL~a _ 2(N14) _ 6(N01) _ E2~b _ |ZATU737xNIMGIR| _ 1(N14) _ |ZATU762~bxAB~a| _ 1(N14) _ 4(N01) _ 1(N08) _ MU _ 6(N01) _ SIG7 _ 5(N01) _ GAR _ 3(N01) _ |ZATU659x1(N01)| _ |SZU2.URI3~a| _ 1(N14) _ 2(N01) _ 1(N08) _ 1(N14) _ 1(N01) _ SAL _ RAD~a _ 1(N14) _ 1(N01) _ 1(N08) _ SAL _ NAGA~a _ 9(N01) _ 1(N08) _ UB _ 1(N08) _ UB _ RU _ GISZIMMAR~b1 _ PIRIG~b1 _ 1(N14) _ 1(N01) _ NAM2 _ SZU@g _ 1(N14) _ 8(N01) _ ZATU762~b _ SANGA~a _ 3(N14) _ |ZATU651xGAR| _ NAM2 _ |U4x1(N57)| _ KASZ~b","N14 N14 _ N14 N14 _ E2~b _ GI6 _ BU~a _ N34 _ BU~a _ NAM2 _ PAP~a _ N14 N14 _ NAM2 _ N57 N57 N57 _ URI _ MAR~a _ AN _ PA~a _ E2~b _ NUN~a _ GAL~a _ ZAG~a _ N14 N14 _ KAB _ NAM2 _ N14 N14 _ N14 N14 _ UKKIN~a _ SZU _ N14 N14 _ SAL _ SZU _ N14 N14 _ N57 N57 N57 N57 N57 N57 _ TE _ N14 _ LAGAR~a _ N14 _ ZATU659 _ SZA _ N14 _ ZATU647 _ ZATU628~a _ N14 _ NE~a _ ZATU628~a _ ME~a _ N14 N14 _ NAM2 _ SZITA~a1 _ N34 _ N14 N14 N14 _ N01 N01 N01 N01 N01 _ N14 _ PAP~a _ KU6~a _ MUSZ3~a _ N01 N01 N01 N01 N01 N01 N01 _ |ZATU651xEN~a| _ N51 _ N14 N14 N14 _ N01 N01 N01 N01 N01 N01 N01 _ TUR _ N51 _ EN~a _ N14 N14 N14 _ N01 N01 N01 N01 _ N08 _ DIM~b _ SZUBUR _ N14 N14 N14 _ N01 N01 N01 N01 _ N08 _ GAL~a _ N14 N14 _ N01 N01 N01 N01 N01 N01 _ E2~b _ |ZATU737xNIMGIR| _ N14 _ |ZATU762~bxAB~a| _ N14 _ N01 N01 N01 N01 _ N08 _ MU _ N01 N01 N01 N01 N01 N01 _ SIG7 _ N01 N01 N01 N01 N01 _ GAR _ N01 N01 N01 _ |ZATU659x1(N01)| _ |SZU2.URI3~a| _ N14 _ N01 N01 _ N08 _ N14 _ N01 _ SAL _ RAD~a _ N14 _ N01 _ N08 _ SAL _ NAGA~a _ N01 N01 N01 N01 N01 N01 N01 N01 N01 _ N08 _ UB _ N08 _ UB _ RU _ GISZIMMAR~b1 _ PIRIG~b1 _ N14 _ N01 _ NAM2 _ SZU@g _ N14 _ N01 N01 N01 N01 N01 N01 N01 N01 _ ZATU762~b _ SANGA~a _ N14 N14 N14 _ |ZATU651xGAR| _ NAM2 _ |U4x1(N57)| _ KASZ~b",327,3.33997960833186,2.74144654423827,0.17737003058104,"0.257668711656442"
"P001067","2(N01) _ ERIM~a _ SZU","N01 N01 _ ERIM~a _ SZU",6,1.91829583405449,1.30514817481433,0.666666666666667,"0.2"
"P001072","6(N01)","N01 N01 N01 N01 N01 N01",6,0,0.599129685927236,0.166666666666667,"1"
"P001077","1(N01) _ GAL~a _ TE _ 1(N01) _ EN~a _ 1(N01) _ EN~a _ SU~a _ 1(N01) _ TUG2~c _ TE _ 1(N01) _ GUM~b _ AN _ 1(N01) _ 2(N01) _ SZITA~a1 _ 3(N02) _ DUG~d _ 1(N01) _ EN~a","N01 _ GAL~a _ TE _ N01 _ EN~a _ N01 _ EN~a _ SU~a _ N01 _ TUG2~c _ TE _ N01 _ GUM~b _ AN _ N01 _ N01 N01 _ SZITA~a1 _ N02 N02 N02 _ DUG~d _ N01 _ EN~a",44,2.58493930238605,2.11718474529901,0.272727272727273,"0.0697674418604651"
"P001127","1(N01)","N01",1,0,0,1,"NA"
"P001152","1(N01)","N01",1,0,0,1,"NA"
"P001533","7(N01) _ KISAL~a1","N01 N01 N01 N01 N01 N01 N01 _ KISAL~a1",9,0.986426728730843,1.17156216518597,0.333333333333333,"0.75"
"P001681","1(N01)","N01",1,0,0,1,"NA"
"P001687","1(N14) _ 3(N01) _ EN~a","N14 _ N01 N01 N01 _ EN~a",7,1.84237099317711,1.26368038865472,0.571428571428571,"0.333333333333333"
"P001689","2(N45) _ 4(N50) _ 2(N45)","N45 N45 _ N50 N50 N50 N50 _ N45 N45",10,1.52192809488736,1.17288638906918,0.3,"0.555555555555556"
"P001705","BA _ 2(N47) _ U4 _ KI _ 6(N20) _ 4(N05) _ U4 _ KI","BA _ N47 N47 _ U4 _ KI _ N20 N20 N20 N20 N20 N20 _ N05 N05 N05 N05 _ U4 _ KI",24,2.53657668994073,1.71903565841384,0.291666666666667,"0.391304347826087"
"P001709","1(N34) _ GAR _ GUM~b _ 2(N01) _ KASZ~a _ 1(N08) _ 1(N54) _ 1(N01) _ 1(N34) _ 2(N14) _ 2(N01) _ GAR _ DUG~a _ KASZ~a _ DUG~a _ 2(N34) _ KASZ~a _ 1(N48) _ 5(N34)","N34 _ GAR _ GUM~b _ N01 N01 _ KASZ~a _ N08 _ N54 _ N01 _ N34 _ N14 N14 _ N01 N01 _ GAR _ DUG~a _ KASZ~a _ DUG~a _ N34 N34 _ KASZ~a _ N48 _ N34 N34 N34 N34 N34",45,2.69290858487317,1.9883961130663,0.244444444444444,"0.181818181818182"
"P001712","3(N14) _ ERIM~a _ 3(N14) _ 5(N01) _ GAL~a _ 3(N14) _ 1(N01) _ GESZTU~b _ 2(N34) _ 2(N14) _ 2(N01) _ |NUN~b+EN~a| _ 1(N34) _ 1(N14)","N14 N14 N14 _ ERIM~a _ N14 N14 N14 _ N01 N01 N01 N01 N01 _ GAL~a _ N14 N14 N14 _ N01 _ GESZTU~b _ N34 N34 _ N14 N14 _ N01 N01 _ |NUN~b+EN~a| _ N34 _ N14",40,2.32492424872107,1.79682157882101,0.2,"0.333333333333333"
"P001714","|NINDA2xEZEN~b| _ 3(N01) _ GI","|NINDA2xEZEN~b| _ N01 N01 N01 _ GI",7,1.84237099317711,1.26368038865472,0.571428571428571,"0.333333333333333"
"P001715","GAL~a _ 4(N51) _ 3(N14) _ 2(N01) _ SZU _ 3(N51) _ 1(N34) _ AN _ RU","GAL~a _ N51 N51 N51 N51 _ N14 N14 N14 _ N01 N01 _ SZU _ N51 N51 N51 _ N34 _ AN _ RU",25,2.62760131151206,2.02381345399243,0.36,"0.333333333333333"
"P001721","1(N34)","N34",1,0,0,1,"NA"
"P001737","1(N08)","N08",1,0,0,1,"NA"
"P001741","TUN3~a","TUN3~a",1,0,0,1,"NA"
"P001743","|ZATU737xAB~a|","|ZATU737xAB~a|",1,0,0,1,"NA"
"P001747","GAL~a _ NIM~a _ AN _ |1(N58).BAD~a| _ 3(N01) _ |NINDA2xEZEN~b| _ 1(N01) _ GISZIMMAR~b1 _ 2(N14) _ 5(N01) _ |ZATU737xDI| _ 3(N14) _ SA~c _ DI _ SZU@g _ 1(N01) _ 1(N08) _ SZA3~a2","GAL~a _ NIM~a _ AN _ |1(N58).BAD~a| _ N01 N01 N01 _ |NINDA2xEZEN~b| _ N01 _ GISZIMMAR~b1 _ N14 N14 _ N01 N01 N01 N01 N01 _ |ZATU737xDI| _ N14 N14 N14 _ SA~c _ DI _ SZU@g _ N01 _ N08 _ SZA3~a2",44,2.86134548853352,2.33995388214975,0.340909090909091,"0.209302325581395"
"P001753","3(N14)","N14 N14 N14",3,0,0.430827083453526,0.333333333333333,"1"
"P001762","1(N01) _ 1(N01) _ 1(N01)","N01 _ N01 _ N01",5,0.970950594454669,0.671190309536813,0.4,"0"
"P001763","GAR _ 3(N58) _ UR3~b1 _ KAB _ 1(N05) _ DUG~a _ |U4x2(N57)| _ 1(N27) _ KASZ~a _ 1(N05)","GAR _ N58 N58 N58 _ UR3~b1 _ KAB _ N05 _ DUG~a _ |U4x2(N57)| _ N27 _ KASZ~a _ N05",21,2.71211682681951,2.19032031801645,0.476190476190476,"0.1"
"P001766","2(N01) _ GADA~a _ BARA2~a _ PA~a","N01 N01 _ GADA~a _ BARA2~a _ PA~a",8,2.15563906222957,1.52932081373935,0.625,"0.142857142857143"
"P001780","4(N14)","N14 N14 N14 N14",4,0,0.50708020839343,0.25,"1"
"P001782","GA'AR~b1 _ SAG","GA'AR~b1 _ SAG",3,1.58496250072116,0.861654166907052,1,"0"
"P001797","1(N01) _ 1(N08) _ E2~a _ 1(N01) _ SAR~b","N01 _ N08 _ E2~a _ N01 _ SAR~b",9,2.0588138903312,1.42278686904785,0.555555555555556,"0"
"P001801","2(N01) _ EN~a _ NANSZE~a _ 2(N01) _ 4(N01)","N01 N01 _ EN~a _ NANSZE~a _ N01 N01 _ N01 N01 N01 N01",14,1.52164063634332,1.23978421006996,0.285714285714286,"0.384615384615385"
"P001803","UR4~b _ 2(N01) _ 1(N08) _ DUG~a","UR4~b _ N01 N01 _ N08 _ DUG~a",8,2.15563906222957,1.46682081373935,0.625,"0.142857142857143"
"P001805","SZITA~a1 _ 3(N01) _ 3(N01) _ 2(N01) _ 1(N01)","SZITA~a1 _ N01 N01 N01 _ N01 N01 N01 _ N01 N01 _ N01",14,1.1981174211304,0.901010098051034,0.214285714285714,"0.384615384615385"
"P001819","1(N01) _ SANGA~a _ 4(N14) _ NAM2 _ 3(N14) _ 6(N01) _ |KI@n+DUB~a|","N01 _ SANGA~a _ N14 N14 N14 N14 _ NAM2 _ N14 N14 N14 _ N01 N01 N01 N01 N01 N01 _ |KI@n+DUB~a|",23,2.14039917722513,1.57618758021269,0.260869565217391,"0.454545454545455"
"P001820","AN _ AB~b","AN _ AB~b",3,1.58496250072116,0.861654166907052,1,"0"
"P001821","NAMESZDA _ TE _ ERIN _ NUN~a _ ZATU686~a _ |NIR~axAN| _ GIR3~c","NAMESZDA _ TE _ ERIN _ NUN~a _ ZATU686~a _ |NIR~axAN| _ GIR3~c",13,2.50738010242364,1.94538218492705,0.615384615384615,"0"
"P001823","1(N01) _ GA~a","N01 _ GA~a",3,1.58496250072116,0.861654166907052,1,"0"
"P001843","1(N01) _ DUG~a","N01 _ DUG~a",3,1.58496250072116,0.861654166907052,1,"0"
"P001850","3(N01) _ 1(N08)","N01 N01 N01 _ N08",5,1.37095059445467,1.12288186904959,0.6,"0.5"
"P001872","NAM2 _ 1(N01) _ NAM2","NAM2 _ N01 _ NAM2",5,1.52192809488736,0.949185309632967,0.6,"0"
"P001876","SUHUR","SUHUR",1,0,0,1,"NA"
"P001877","5(N34) _ 2(N14)","N34 N34 N34 N34 N34 _ N14 N14",8,1.2987949406954,1.21853362130785,0.375,"0.714285714285714"
"P001890","1(N01) _ SZUBUR _ 1(N01) _ SZUBUR _ 1(N01)","N01 _ SZUBUR _ N01 _ SZUBUR _ N01",9,1.53049305675748,0.872571316786491,0.333333333333333,"0"
"P001904","|1(N57).SZUBUR|","|1(N57).SZUBUR|",1,0,0,1,"NA"
"P001910","1(N08)","N08",1,0,0,1,"NA"
"P001916","MUSZ3~a _ 1(N14) _ IB~a _ MUSZEN _ 5(N01) _ U2~a _ 3(N14) _ ZAG~a _ EN~a _ 3(N14) _ 3(N14)","MUSZ3~a _ N14 _ IB~a _ MUSZEN _ N01 N01 N01 N01 N01 _ U2~a _ N14 N14 N14 _ ZAG~a _ EN~a _ N14 N14 N14 _ N14 N14 N14",31,2.43651236289707,1.8475095517985,0.290322580645161,"0.333333333333333"
"P001918","|GI&GI&GI|","|GI&GI&GI|",1,0,0,1,"NA"
"P001924","1(N45) _ 3(N14)","N45 _ N14 N14 N14",5,1.37095059445467,0.949185309632967,0.6,"0.5"
"P001925","6(N01) _ NAGAR~a","N01 N01 N01 N01 N01 N01 _ NAGAR~a",8,1.06127812445913,1.17526662970263,0.375,"0.714285714285714"
"P001926","2(N14) _ 4(N01) _ GAR _ 2(N14) _ 2(N01)","N14 N14 _ N01 N01 N01 N01 _ GAR _ N14 N14 _ N01 N01",15,1.80623892865339,1.28555901308417,0.266666666666667,"0.428571428571429"
"P001927","1(N01) _ NI~a _ KU6~a _ 2(N01) _ UNUG~a _ 1(N01) _ UH3~b _ 1(N01) _ MAR~a _ GAR _ 1(N01) _ 1(N01) _ UKKIN~a _ NESAG2~a _ 2(N01)","N01 _ NI~a _ KU6~a _ N01 N01 _ UNUG~a _ N01 _ UH3~b _ N01 _ MAR~a _ GAR _ N01 _ N01 _ UKKIN~a _ NESAG2~a _ N01 N01",31,2.31444489355503,2.00849704148195,0.32258064516129,"0.0666666666666667"
"P001933","AB2 _ 2(N34) _ 1(N14) _ 2(N34) _ 1(N34) _ 4(N14) _ 3(N01) _ 1(N14) _ AB2","AB2 _ N34 N34 _ N14 _ N34 N34 _ N34 _ N14 N14 N14 N14 _ N01 N01 N01 _ N14 _ AB2",24,2.17353320984919,1.53721195856132,0.208333333333333,"0.304347826086957"
"P001936","U4","U4",1,0,0,1,"NA"
"P001951","1(N01) _ 2(N58) _ ZATU675~d _ NAGA~a _ 1(N01) _ ZATU659 _ NAM2 _ PAP~a _ SZITA~a3 _ E2~b _ 1(N57) _ DU _ E2~b _ 1(N57) _ 1(N57) _ 1(N01) _ ZATU659 _ SU~a _ PAP~a _ 3(N57) _ 1(N57) _ EN~a _ SAG _ SZITA~a1 _ 1(N57) _ PAP~a _ GA2~a1 _ GISZ _ 1(N57) _ SZU _ GU7","N01 _ N58 N58 _ ZATU675~d _ NAGA~a _ N01 _ ZATU659 _ NAM2 _ PAP~a _ SZITA~a3 _ E2~b _ N57 _ DU _ E2~b _ N57 _ N57 _ N01 _ ZATU659 _ SU~a _ PAP~a _ N57 N57 N57 _ N57 _ EN~a _ SAG _ SZITA~a1 _ N57 _ PAP~a _ GA2~a1 _ GISZ _ N57 _ SZU _ GU7",64,3.01178409553807,2.53698118886106,0.3125,"0.0476190476190476"
"P001952","2(N01) _ GA2~a1 _ 8(N34) _ BA _ LAGAB~a _ SZE3 _ U2~a _ PA~a _ GAL~a _ ZATU795 _ UDU~a _ 3(N34) _ SZU _ GAL~a _ 5(N34)","N01 N01 _ GA2~a1 _ N34 N34 N34 N34 N34 N34 N34 N34 _ BA _ LAGAB~a _ SZE3 _ U2~a _ PA~a _ GAL~a _ ZATU795 _ UDU~a _ N34 N34 N34 _ SZU _ GAL~a _ N34 N34 N34 N34 N34",43,2.60526547775311,2.15331845855589,0.302325581395349,"0.333333333333333"
"P001954","KUR~a _ 7(N01) _ HI _ DU8~c@g _ 7(N01) _ GISZ _ DIN _ 7(N01) _ HI _ 7(N01) _ 7(N01)","KUR~a _ N01 N01 N01 N01 N01 N01 N01 _ HI _ DU8~c@g _ N01 N01 N01 N01 N01 N01 N01 _ GISZ _ DIN _ N01 N01 N01 N01 N01 N01 N01 _ HI _ N01 N01 N01 N01 N01 N01 N01 _ N01 N01 N01 N01 N01 N01 N01",51,1.46175501761958,1.26354020153032,0.137254901960784,"0.6"
"P001958","1(N14) _ EN~a _ PAP~a","N14 _ EN~a _ PAP~a",5,1.92192809488736,1.1813781191217,0.8,"0"
"P001968","NAGA~a _ EN~a _ U4 _ SIG","NAGA~a _ EN~a _ U4 _ SIG",7,2.12808527889139,1.42953239543239,0.714285714285714,"0"
"P001971","|DUG~cx1(N57)| _ 2(N14) _ 2(N02) _ 2(N01) _ KASZ~c _ |DUG~cx1(N57)| _ NUN~a _ 2(N01) _ 1(N14) _ AN _ 1(N02) _ 1(N01) _ KU6~a _ AB~a _ |DUG~cx1(N57)| _ 3(N14) _ 1(N15) _ 4(N02) _ EN~a _ ERIM~a _ NUN~a _ EN~a _ AN _ RU","|DUG~cx1(N57)| _ N14 N14 _ N02 N02 _ N01 N01 _ KASZ~c _ |DUG~cx1(N57)| _ NUN~a _ N01 N01 _ N14 _ AN _ N02 _ N01 _ KU6~a _ AB~a _ |DUG~cx1(N57)| _ N14 N14 N14 _ N15 _ N02 N02 N02 N02 _ EN~a _ ERIM~a _ NUN~a _ EN~a _ AN _ RU",56,2.922217200189,2.18659842234661,0.25,"0.163636363636364"
"P001972","8(N01) _ SZU2 _ AN _ UMUN2 _ SZE~a@t","N01 N01 N01 N01 N01 N01 N01 N01 _ SZU2 _ AN _ UMUN2 _ SZE~a@t",16,2,1.78076772106579,0.375,"0.466666666666667"
"P001977","3(N57) _ NAGA~a _ EZINU~d _ GUG2 _ GI4~a","N57 N57 N57 _ NAGA~a _ EZINU~d _ GUG2 _ GI4~a",11,2.29989639116789,1.77314238047176,0.545454545454545,"0.2"
"P001979","UDU~a _ 1(N57) _ UTUA~a _ GI6","UDU~a _ N57 _ UTUA~a _ GI6",7,2.12808527889139,1.42953239543239,0.714285714285714,"0"
"P001985","SUHUR _ ZATU756 _ ZATU756 _ 5(N01) _ SUHUR _ 5(N01) _ 3(N57) _ SUHUR@g _ PAP~a _ |GI&GI| _ NAM2 _ PA~a _ RAD~a _ RAD~a","SUHUR _ ZATU756 _ ZATU756 _ N01 N01 N01 N01 N01 _ SUHUR _ N01 N01 N01 N01 N01 _ N57 N57 N57 _ SUHUR@g _ PAP~a _ |GI&GI| _ NAM2 _ PA~a _ RAD~a _ RAD~a",37,2.72080783084864,2.18439726979481,0.297297297297297,"0.277777777777778"
"P001986","1(N01) _ ZATU710 _ 1(N57) _ BU~a _ ZATU801 _ 1(N01) _ 3(N57) _ |SZE~a&SZE~a| _ 1(N01) _ 1(N57) _ EN~a _ 1(N01) _ 2(N57) _ U4 _ 1(N01) _ 3(N57) _ U4 _ 4(N57) _ U4 _ 1(N01)","N01 _ ZATU710 _ N57 _ BU~a _ ZATU801 _ N01 _ N57 N57 N57 _ |SZE~a&SZE~a| _ N01 _ N57 _ EN~a _ N01 _ N57 N57 _ U4 _ N01 _ N57 N57 N57 _ U4 _ N57 N57 N57 N57 _ U4 _ N01",47,2.272072805492,1.57577921228212,0.191489361702128,"0.173913043478261"
"P001992","ZATU777 _ KU3~a _ NUNUZ~a2 _ URU~a1","ZATU777 _ KU3~a _ NUNUZ~a2 _ URU~a1",7,2.12808527889139,1.42953239543239,0.714285714285714,"0"
"P001994","TAG~a3 _ SUM~a","TAG~a3 _ SUM~a",3,1.58496250072116,0.861654166907052,1,"0"
"P001995","2(N01) _ AB2 _ NE~a _ 1(N01) _ U4 _ AB2 _ 2(N01) _ SZU _ AB2 _ GI6 _ AB2 _ 1(N01) _ KUR~a _ AM~a _ GU4 _ |SIxGU4| _ BU~a _ NA~a","N01 N01 _ AB2 _ NE~a _ N01 _ U4 _ AB2 _ N01 N01 _ SZU _ AB2 _ GI6 _ AB2 _ N01 _ KUR~a _ AM~a _ GU4 _ |SIxGU4| _ BU~a _ NA~a",37,2.69603057358617,2.30517083140204,0.351351351351351,"0.0555555555555556"
"P001998","1(N01) _ TUN3~a _ 1(N57)","N01 _ TUN3~a _ N57",5,1.92192809488736,1.1813781191217,0.8,"0"
"P002001","5(N01) _ |SILA3~axSZU|","N01 N01 N01 N01 N01 _ |SILA3~axSZU|",7,1.14883485428092,1.17832413863755,0.428571428571429,"0.666666666666667"
"P002002","3(N01) _ KU6~a _ KISIM~a _ IB~a _ DIM~a _ 1(N01) _ UNUG~a _ SZEN~b _ PAP~a _ |MUSZENx2(N57)| _ 1(N01) _ SZEN~b _ PAP~a _ SZU _ PAP~a _ |MUSZENx2(N57)| _ 1(N01) _ |SILA3~axSZE~a@t| _ 1(N01) _ PAP~a _ |MUSZENx2(N57)| _ 1(N01) _ SZEN~b _ SI _ RAD~a _ PAP~a _ |MUSZENx1(N57)| _ 1(N01) _ DUG~b _ GA2~a2 _ UNUG~a _ 5(N57) _ 1(N01) _ SI _ UKKIN~b _ SZE~a _ 3(N57) _ E2~a _ 1(N01) _ GI _ 1(N01) _ DUG~b _ |SZU&SZU| _ 1(N01) _ KISIM~a _ 2(N01) _ KISIM~a _ PAP~a _ SZU _ 1(N01) _ KISIM~a _ EN~a _ DU _ AB2 _ DIM~a _ IB~a _ 2(N01) _ UKKIN~b _ EN~a _ DU _ AB2 _ |MUSZENx2(N57)| _ PAP~a _ 1(N01) _ U4 _ EN~a _ 1(N01) _ NUNUZ~a1 _ |SZU&SZU| _ TI _ |GISZxSZU2~a| _ EN~a _ 2(N01) _ UKKIN~b _ APIN~a _ ZATU752 _ |MUSZENx2(N57)| _ PAP~a _ GA2~a2 _ 4(N01) _ KISIM~a _ IM~b _ GURUSZDA _ GA2~a2 _ 1(N01) _ SZEN~b _ 1(N01) _ 1(N08) _ KISIM~a _ EN~a _ TU~a _ 1(N01) _ SZEN~b _ MAH~a _ GURUSZDA _ UDU~a _ PIRIG~b1 _ 1(N01) _ UKKIN~a _ |SZU&SZU| _ IDIGNA _ EN~a _ 1(N14) _ 3(N01) _ KISIM~a _ 7(N01) _ TUR _ 1(N01) _ MUD3~a _ |DUG~cx1(N57)|","N01 N01 N01 _ KU6~a _ KISIM~a _ IB~a _ DIM~a _ N01 _ UNUG~a _ SZEN~b _ PAP~a _ |MUSZENx2(N57)| _ N01 _ SZEN~b _ PAP~a _ SZU _ PAP~a _ |MUSZENx2(N57)| _ N01 _ |SILA3~axSZE~a@t| _ N01 _ PAP~a _ |MUSZENx2(N57)| _ N01 _ SZEN~b _ SI _ RAD~a _ PAP~a _ |MUSZENx1(N57)| _ N01 _ DUG~b _ GA2~a2 _ UNUG~a _ N57 N57 N57 N57 N57 _ N01 _ SI _ UKKIN~b _ SZE~a _ N57 N57 N57 _ E2~a _ N01 _ GI _ N01 _ DUG~b _ |SZU&SZU| _ N01 _ KISIM~a _ N01 N01 _ KISIM~a _ PAP~a _ SZU _ N01 _ KISIM~a _ EN~a _ DU _ AB2 _ DIM~a _ IB~a _ N01 N01 _ UKKIN~b _ EN~a _ DU _ AB2 _ |MUSZENx2(N57)| _ PAP~a _ N01 _ U4 _ EN~a _ N01 _ NUNUZ~a1 _ |SZU&SZU| _ TI _ |GISZxSZU2~a| _ EN~a _ N01 N01 _ UKKIN~b _ APIN~a _ ZATU752 _ |MUSZENx2(N57)| _ PAP~a _ GA2~a2 _ N01 N01 N01 N01 _ KISIM~a _ IM~b _ GURUSZDA _ GA2~a2 _ N01 _ SZEN~b _ N01 _ N08 _ KISIM~a _ EN~a _ TU~a _ N01 _ SZEN~b _ MAH~a _ GURUSZDA _ UDU~a _ PIRIG~b1 _ N01 _ UKKIN~a _ |SZU&SZU| _ IDIGNA _ EN~a _ N14 _ N01 N01 N01 _ KISIM~a _ N01 N01 N01 N01 N01 N01 N01 _ TUR _ N01 _ MUD3~a _ |DUG~cx1(N57)|",241,3.36501827189751,2.75827602038809,0.186721991701245,"0.0916666666666667"
"P002004","2(N02) _ NAM2 _ ERIN _ 2(N02) _ TAK4~a _ GURUSZDA _ SANGA~a _ SI _ SZU _ NUN~a _ 5(N02) _ KU6~a _ GAN2 _ 2(N01) _ EN~a _ ZATU703 _ 3(N57) _ 3(N57) _ 3(N57)","N02 N02 _ NAM2 _ ERIN _ N02 N02 _ TAK4~a _ GURUSZDA _ SANGA~a _ SI _ SZU _ NUN~a _ N02 N02 N02 N02 N02 _ KU6~a _ GAN2 _ N01 N01 _ EN~a _ ZATU703 _ N57 N57 N57 _ N57 N57 N57 _ N57 N57 N57",50,2.96151018873626,2.40325746726255,0.32,"0.26530612244898"
"P002007","5(N14) _ KASZ~c _ 1(N34) _ 2(N14) _ GUG2 _ 3(N14)","N14 N14 N14 N14 N14 _ KASZ~c _ N34 _ N14 N14 _ GUG2 _ N14 N14 N14",18,1.67942936681395,1.54004172048612,0.277777777777778,"0.411764705882353"
"P002008","DUG~c _ 2(N01) _ |MAxMA| _ 5(N34) _ 1(N14) _ MA _ 1(N14)","DUG~c _ N01 N01 _ |MAxMA| _ N34 N34 N34 N34 N34 _ N14 _ MA _ N14",18,2.44106858595544,1.80171853845788,0.388888888888889,"0.294117647058824"
"P002011","1(N01) _ 3(N01) _ SAG","N01 _ N01 N01 N01 _ SAG",7,1.37878349348618,1.09518477920113,0.428571428571429,"0.333333333333333"
"P002012","TUR","TUR",1,0,0,1,"NA"
"P002015","2(N01) _ 1(N01)","N01 N01 _ N01",4,0.811278124459133,0.771240625180289,0.5,"0.333333333333333"
"P002017","TUR3~a _ TAK4~a _ KI _ AN _ SZU2 _ EN~a _ |DUG~cx1(N57)| _ 4(N01) _ KASZ~d _ E2~b","TUR3~a _ TAK4~a _ KI _ AN _ SZU2 _ EN~a _ |DUG~cx1(N57)| _ N01 N01 N01 N01 _ KASZ~d _ E2~b",22,2.7990077544109,2.25679403439982,0.5,"0.142857142857143"
"P002018","1(N01) _ |SILA3~axKASZ~d| _ 1(N01) _ |SILA3~axHASZHUR| _ 1(N01) _ SANGA~a","N01 _ |SILA3~axKASZ~d| _ N01 _ |SILA3~axHASZHUR| _ N01 _ SANGA~a",11,1.97174725712818,1.39871018527244,0.454545454545455,"0"
"P002021","2(N01)","N01 N01",2,0,0.25,0.5,"1"
"P002026","DU _ AMAR","DU _ AMAR",3,1.58496250072116,0.861654166907052,1,"0"
"P002027","3(N01)","N01 N01 N01",3,0,0.430827083453526,0.333333333333333,"1"
"P002028","UB","UB",1,0,0,1,"NA"
"P002031","1(N01) _ SZU","N01 _ SZU",3,1.58496250072116,0.861654166907052,1,"0"
"P002033","ME~a","ME~a",1,0,0,1,"NA"
"P002034","1(N01) _ 2(N01)","N01 _ N01 N01",4,0.811278124459133,0.698120312590145,0.5,"0.333333333333333"
"P002035","NE~a _ 5(N01) _ GA'AR~a2 _ EN~a","NE~a _ N01 N01 N01 N01 N01 _ GA'AR~a2 _ EN~a",11,1.97174725712818,1.49223552980086,0.454545454545455,"0.4"
"P002041","HAL _ 1(N14) _ 4(N01) _ BA _ 1(N01) _ 2(N14) _ 4(N01) _ BA _ 1(N34) _ NAM2 _ RAD~a","HAL _ N14 _ N01 N01 N01 N01 _ BA _ N01 _ N14 N14 _ N01 N01 N01 N01 _ BA _ N34 _ NAM2 _ RAD~a",28,2.36080158405696,1.68499807683206,0.285714285714286,"0.259259259259259"
"P002043","APIN~a _ BA","APIN~a _ BA",3,1.58496250072116,0.861654166907052,1,"0"
"P002053","1(N01) _ TUG2~a _ BUR2 _ 3(N01) _ TUG2~a _ 1(N01) _ SZU2 _ 1(N01) _ BAR _ SZU2 _ SAL _ 4(N01) _ GISZIMMAR~b1 _ 1(N01) _ URI _ 1(N01) _ GISZ _ 2(N01) _ ZATU759 _ 1(N14) _ 1(N01) _ NU11 _ SAL _ 1(N01) _ ZATU778 _ SUG5 _ 3(N57) _ KAL~b2 _ E2~b","N01 _ TUG2~a _ BUR2 _ N01 N01 N01 _ TUG2~a _ N01 _ SZU2 _ N01 _ BAR _ SZU2 _ SAL _ N01 N01 N01 N01 _ GISZIMMAR~b1 _ N01 _ URI _ N01 _ GISZ _ N01 N01 _ ZATU759 _ N14 _ N01 _ NU11 _ SAL _ N01 _ ZATU778 _ SUG5 _ N57 N57 N57 _ KAL~b2 _ E2~b",65,2.80143203887805,2.49040526779749,0.276923076923077,"0.125"
"P002056","GARA2~a _ 1(N01) _ SZEN~e _ EN~a _ AB~a _ TI _ 5(N01) _ GARA2~a _ TUR3~a","GARA2~a _ N01 _ SZEN~e _ EN~a _ AB~a _ TI _ N01 N01 N01 N01 N01 _ GARA2~a _ TUR3~a",21,2.41566147019176,1.84753666080639,0.380952380952381,"0.2"
"P002059","1(N01) _ |SILA3~axNI~a| _ 1(N01) _ PAP~a","N01 _ |SILA3~axNI~a| _ N01 _ PAP~a",7,1.84237099317711,1.20839638639549,0.571428571428571,"0"
"P002062","SZITA~a1 _ 2(N01) _ EN~a _ EZEN~b _ 6(N01) _ |SILA3~axSZE~a@t| _ 3(N01) _ PAP~a _ |MUSZENx2(N57)| _ 3(N34) _ 2(N14) _ 2(N01) _ BA _ |SILA3~axSZE~a@t| _ E2~a _ GAL~a _ 1(N34) _ 1(N34) _ SANGA~a _ BU~a _ ABGAL _ 6(N01) _ SZITA~a1 _ |SILA3~axSZE~a@t| _ 3(N01) _ PAP~a _ |MUSZENx2(N57)| _ EN~a _ EZEN~b","SZITA~a1 _ N01 N01 _ EN~a _ EZEN~b _ N01 N01 N01 N01 N01 N01 _ |SILA3~axSZE~a@t| _ N01 N01 N01 _ PAP~a _ |MUSZENx2(N57)| _ N34 N34 N34 _ N14 N14 _ N01 N01 _ BA _ |SILA3~axSZE~a@t| _ E2~a _ GAL~a _ N34 _ N34 _ SANGA~a _ BU~a _ ABGAL _ N01 N01 N01 N01 N01 N01 _ SZITA~a1 _ |SILA3~axSZE~a@t| _ N01 N01 N01 _ PAP~a _ |MUSZENx2(N57)| _ EN~a _ EZEN~b",76,2.81269117917735,2.09649918333929,0.210526315789474,"0.253333333333333"
"P002063","1(N01) _ |U4x5(N57)| _ GU4 _ 1(N01) _ |U4x4(N57)| _ GU4 _ 2(N01) _ |U4x2(N57)| _ GU4 _ 1(N57) _ UTUL~a","N01 _ |U4x5(N57)| _ GU4 _ N01 _ |U4x4(N57)| _ GU4 _ N01 N01 _ |U4x2(N57)| _ GU4 _ N57 _ UTUL~a",22,2.3696966890447,1.82342814554383,0.363636363636364,"0.0476190476190476"
"P002068","2(N01) _ |SILA3~axNI~a| _ HI _ BAN~a _ |U4x1(N01)| _ GA2~c _ 1(N14) _ |SILA3~axHI| _ 1(N14) _ BA _ 2(N14) _ 2(N01) _ |DUG~ax1(N57)|","N01 N01 _ |SILA3~axNI~a| _ HI _ BAN~a _ |U4x1(N01)| _ GA2~c _ N14 _ |SILA3~axHI| _ N14 _ BA _ N14 N14 _ N01 N01 _ |DUG~ax1(N57)|",28,2.69951385031997,2.15470074533878,0.392857142857143,"0.111111111111111"
"P002070","2(N01) _ 2(N01) _ 2(N01) _ 1(N14) _ DUG~c _ |SILA3~axSZE~a@t| _ E2~a","N01 N01 _ N01 N01 _ N01 N01 _ N14 _ DUG~c _ |SILA3~axSZE~a@t| _ E2~a",16,2.06127812445913,1.7091320540449,0.375,"0.2"
"P002073","DU _ 1(N01) _ ZI~a _ |DU6~axDISZ| _ 1(N14)","DU _ N01 _ ZI~a _ |DU6~axDISZ| _ N14",9,2.28103611255342,1.63073908549656,0.666666666666667,"0"
"P002078","SILA3~c","SILA3~c",1,0,0,1,"NA"
"P002082","SAG _ SUHUR _ SUMASZ _ 1(N34) _ UB _ KU6~a","SAG _ SUHUR _ SUMASZ _ N34 _ UB _ KU6~a",11,2.40400975732486,1.79973158505,0.636363636363636,"0"
"P002085","NU","NU",1,0,0,1,"NA"
"P002086","1(N01) _ UDU~a _ EN~a _ BU~b _ U2~b _ DU","N01 _ UDU~a _ EN~a _ BU~b _ U2~b _ DU",11,2.40400975732486,1.79973158505,0.636363636363636,"0"
"P002088","SI _ EN~a","SI _ EN~a",3,1.58496250072116,0.861654166907052,1,"0"
"P002090","DUG~a _ UDU~a _ |BU~a+DU6~a| _ AN _ ZATU751~b _ EN~a","DUG~a _ UDU~a _ |BU~a+DU6~a| _ AN _ ZATU751~b _ EN~a",11,2.40400975732486,1.79973158505,0.636363636363636,"0"
"P002092","1(N02) _ DIM~a _ 1(N02) _ APIN~a _ 1(N01) _ DA~a _ 1(N01) _ HI _ 5(N57) _ GI6 _ 1(N01) _ EN~a _ GAN~c _ HI _ 1(N01) _ NIM~a _ BA _ SZITA~a3 _ NUN~a _ |SILA3~axSZU2| _ A _ URI3~a _ GAL~a","N02 _ DIM~a _ N02 _ APIN~a _ N01 _ DA~a _ N01 _ HI _ N57 N57 N57 N57 N57 _ GI6 _ N01 _ EN~a _ GAN~c _ HI _ N01 _ NIM~a _ BA _ SZITA~a3 _ NUN~a _ |SILA3~axSZU2| _ A _ URI3~a _ GAL~a",49,3.13068665871812,2.72451580762865,0.387755102040816,"0.0833333333333333"
"P002093","1(N01) _ |SAR~axSZE~a| _ SAG _ 3(N01) _ SIG7","N01 _ |SAR~axSZE~a| _ SAG _ N01 N01 N01 _ SIG7",11,2.00488616409184,1.48000787638421,0.454545454545455,"0.2"
"P002094","A _ 1(N02) _ APIN~a _ LA2 _ LAM~b _ 1(N01) _ 1(N01) _ BA _ GAL~a _ 2(N02) _ NUN~a _ URI3~a _ 5(N02) _ GAL~a _ LAM~b _ NUN~a _ GAL~a _ SZITA~a1 _ SZU","A _ N02 _ APIN~a _ LA2 _ LAM~b _ N01 _ N01 _ BA _ GAL~a _ N02 N02 _ NUN~a _ URI3~a _ N02 N02 N02 N02 N02 _ GAL~a _ LAM~b _ NUN~a _ GAL~a _ SZITA~a1 _ SZU",42,2.77770938639483,2.12621279358922,0.30952380952381,"0.121951219512195"
"P002095","1(N01) _ DUB~a _ 3(N01) _ BU~a","N01 _ DUB~a _ N01 N01 N01 _ BU~a",9,1.7527152789797,1.29379086377633,0.444444444444444,"0.25"
"P002096","ZATU651@g","ZATU651@g",1,0,0,1,"NA"
"P002098","1(N01) _ UH3~a _ KALAM~b _ RAD~a@g _ KI","N01 _ UH3~a _ KALAM~b _ RAD~a@g _ KI",9,2.28103611255342,1.63073908549656,0.666666666666667,"0"
"P002099","EN~a _ A _ SIG _ MUD _ AN _ TE","EN~a _ A _ SIG _ MUD _ AN _ TE",11,2.40400975732486,1.79973158505,0.636363636363636,"0"
"P002100","GU7","GU7",1,0,0,1,"NA"
"P002101","2(N01) _ 2(N01) _ GISZ","N01 N01 _ N01 N01 _ GISZ",7,1.37878349348618,1.06553924353835,0.428571428571429,"0.333333333333333"
"P002102","PAP~a _ SZU2","PAP~a _ SZU2",3,1.58496250072116,0.861654166907052,1,"0"
"P002103","USZ~a","USZ~a",1,0,0,1,"NA"
"P002106","2(N01@f) _ SZU","N01@f N01@f _ SZU",4,1.5,1.02124062518029,0.75,"0.333333333333333"
"P002107","1(N01) _ EN~a _ TUR _ 2(N02) _ SZUBUR _ 7(N01)","N01 _ EN~a _ TUR _ N02 N02 _ SZUBUR _ N01 N01 N01 N01 N01 N01 N01",18,2.08050053064027,1.5821847418395,0.333333333333333,"0.411764705882353"
"P002108","DIM~a","DIM~a",1,0,0,1,"NA"
"P002109","1(N14) _ 3(N01) _ 3(N01) _ UDUNITA~a _ RAD~a _ ZATU752","N14 _ N01 N01 N01 _ N01 N01 N01 _ UDUNITA~a _ RAD~a _ ZATU752",15,2.09892956369094,1.6036610927392,0.4,"0.285714285714286"
"P002110","1(N34)","N34",1,0,0,1,"NA"
"P002111","EN~a","EN~a",1,0,0,1,"NA"
"P002112","1(N01) _ PAP~a _ 1(N01) _ GAL~a _ LAM~b","N01 _ PAP~a _ N01 _ GAL~a _ LAM~b",9,2.0588138903312,1.4587444118012,0.555555555555556,"0"
"P002113","SZITA~a1 _ EN~a _ SAG _ 4(N01) _ 3(N01) _ 1(N01)","SZITA~a1 _ EN~a _ SAG _ N01 N01 N01 N01 _ N01 N01 N01 _ N01",16,1.7743974703477,1.28921467786469,0.3125,"0.333333333333333"
"P002118","TI _ PAP~a","TI _ PAP~a",3,1.58496250072116,0.861654166907052,1,"0"
"P002119","GAR","GAR",1,0,0,1,"NA"
"P002120","1(N02)","N02",1,0,0,1,"NA"
"P002122","1(N34)","N34",1,0,0,1,"NA"
"P002123","BU~a","BU~a",1,0,0,1,"NA"
"P002124","TUG2~a","TUG2~a",1,0,0,1,"NA"
"P002126","1(N01)","N01",1,0,0,1,"NA"
"P002127","1(N01) _ E2~a","N01 _ E2~a",3,1.58496250072116,0.861654166907052,1,"0"
"P002128","NIM~a","NIM~a",1,0,0,1,"NA"
"P002129","ZATU659 _ GAR","ZATU659 _ GAR",3,1.58496250072116,0.861654166907052,1,"0"
"P002133","1(N01)","N01",1,0,0,1,"NA"
"P002134","3(N01)","N01 N01 N01",3,0,0.430827083453526,0.333333333333333,"1"
"P002136","A","A",1,0,0,1,"NA"
"P002138","1(N45) _ 1(N14) _ 3(N14) _ 1(N14) _ 5(N01) _ 3(N57) _ |(UDU~axTAR)~b| _ BA _ 1(N01) _ 1(N08) _ KI _ U4 _ BU~a","N45 _ N14 _ N14 N14 N14 _ N14 _ N01 N01 N01 N01 N01 _ N57 N57 N57 _ |(UDU~axTAR)~b| _ BA _ N01 _ N08 _ KI _ U4 _ BU~a",33,2.77488342270448,2.29031812322917,0.333333333333333,"0.25"
"P002139","1(N01) _ TI","N01 _ TI",3,1.58496250072116,0.861654166907052,1,"0"
"P002141","EN~a _ NUN~a _ DU _ BU~a _ UDU~a _ AB2 _ 4(N01) _ HI _ 4(N01) _ 2(N01) _ NUN~a _ SZITA~a1","EN~a _ NUN~a _ DU _ BU~a _ UDU~a _ AB2 _ N01 N01 N01 N01 _ HI _ N01 N01 N01 N01 _ N01 N01 _ NUN~a _ SZITA~a1",30,2.46445630381239,1.85130050617014,0.333333333333333,"0.241379310344828"
"P002146","1(N01) _ SI _ ZATU777 _ 3(N14) _ 3(N14) _ SZE~a _ EN~a _ 1(N01) _ KAB","N01 _ SI _ ZATU777 _ N14 N14 N14 _ N14 N14 N14 _ SZE~a _ EN~a _ N01 _ KAB",21,2.41566147019176,1.83475868806314,0.380952380952381,"0.2"
"P002148","TAK4~a _ KI _ AK~a _ SI","TAK4~a _ KI _ AK~a _ SI",7,2.12808527889139,1.42953239543239,0.714285714285714,"0"
"P002150","2(N02)","N02 N02",2,0,0.25,0.5,"1"
"P002153","2(N14)","N14 N14",2,0,0.25,0.5,"1"
"P002157","1(N01)","N01",1,0,0,1,"NA"
"P002169","AN","AN",1,0,0,1,"NA"
"P002171","1(N01) _ 2(N01) _ GU4 _ 1(N14)","N01 _ N01 N01 _ GU4 _ N14",8,1.81127812445913,1.32609399077761,0.5,"0.142857142857143"
"P002172","UDU~a _ HI","UDU~a _ HI",3,1.58496250072116,0.861654166907052,1,"0"
"P002173","NIM~a","NIM~a",1,0,0,1,"NA"
"P002174","SUKKAL","SUKKAL",1,0,0,1,"NA"
"P002179","SZU _ EN~a _ TUR _ EN~a _ TUR _ 1(N01) _ IDIGNA _ A _ SZIDIM _ 4(N01) _ EN~a _ TUR _ GI _ EN~a _ BA _ 1(N01) _ GI _ 2(N01) _ SZITA~a1 _ LAGAR~a@r _ EN~a _ TUR _ 1(N01) _ TUR _ EN~a _ BA _ 2(N01) _ EN~a _ TUR _ GI _ 2(N01) _ GI _ |U4x1(N57)| _ 2(N01) _ HI _ E2~a _ NUN~a _ BA _ 1(N01) _ EN~a _ PA~a _ 1(N01) _ U4 _ E2~b _ MAR~a _ 2(N01) _ EN~a _ TUR _ BA _ 3(N01) _ |U4x2(N57)| _ GI _ 2(N01) _ EN~a _ SZU _ NUN~a _ 1(N01) _ EN~a _ PA~a _ 1(N01) _ PAP~a _ 1(N01) _ KID~b _ UR4~b _ 1(N01) _ GI _ 1(N02) _ 1(N01) _ SZIDIM _ NUN~a _ SIG7 _ 3(N01) _ EN~a _ TUR _ GI _ 1(N01) _ BA _ 1(N01) _ SAL _ 1(N01) _ AB~a _ GI _ 2(N01) _ EN~a _ TUR _ KAK~a _ SZU _ SZITA~a1 _ 2(N01) _ EN~a _ TUR _ BA _ 4(N01) _ EN~a _ TUR _ GI _ 2(N01) _ AN _ |SZU2.EN~a| _ BA _ 1(N01) _ GI _ 2(N01) _ EN~a _ TUR _ BA _ 4(N01) _ |U4x2(N57)| _ GI _ 1(N01) _ KAB _ U2~a _ 2(N01) _ |KA2xLAM| _ 8(N01) _ GI _ |U4x2(N57)| _ 2(N01) _ LAM~a _ SI _ ME~a _ KAB _ NAM2 _ 1(N01) _ GI _ 2(N01) _ SZITA~a1 _ KAK~a _ SZU _ EN~a _ TUR _ 2(N01) _ EN~a _ TUR _ GI _ 3(N01) _ 2(N01) _ 5(N14)","SZU _ EN~a _ TUR _ EN~a _ TUR _ N01 _ IDIGNA _ A _ SZIDIM _ N01 N01 N01 N01 _ EN~a _ TUR _ GI _ EN~a _ BA _ N01 _ GI _ N01 N01 _ SZITA~a1 _ LAGAR~a@r _ EN~a _ TUR _ N01 _ TUR _ EN~a _ BA _ N01 N01 _ EN~a _ TUR _ GI _ N01 N01 _ GI _ |U4x1(N57)| _ N01 N01 _ HI _ E2~a _ NUN~a _ BA _ N01 _ EN~a _ PA~a _ N01 _ U4 _ E2~b _ MAR~a _ N01 N01 _ EN~a _ TUR _ BA _ N01 N01 N01 _ |U4x2(N57)| _ GI _ N01 N01 _ EN~a _ SZU _ NUN~a _ N01 _ EN~a _ PA~a _ N01 _ PAP~a _ N01 _ KID~b _ UR4~b _ N01 _ GI _ N02 _ N01 _ SZIDIM _ NUN~a _ SIG7 _ N01 N01 N01 _ EN~a _ TUR _ GI _ N01 _ BA _ N01 _ SAL _ N01 _ AB~a _ GI _ N01 N01 _ EN~a _ TUR _ KAK~a _ SZU _ SZITA~a1 _ N01 N01 _ EN~a _ TUR _ BA _ N01 N01 N01 N01 _ EN~a _ TUR _ GI _ N01 N01 _ AN _ |SZU2.EN~a| _ BA _ N01 _ GI _ N01 N01 _ EN~a _ TUR _ BA _ N01 N01 N01 N01 _ |U4x2(N57)| _ GI _ N01 _ KAB _ U2~a _ N01 N01 _ |KA2xLAM| _ N01 N01 N01 N01 N01 N01 N01 N01 _ GI _ |U4x2(N57)| _ N01 N01 _ LAM~a _ SI _ ME~a _ KAB _ NAM2 _ N01 _ GI _ N01 N01 _ SZITA~a1 _ KAK~a _ SZU _ EN~a _ TUR _ N01 N01 _ EN~a _ TUR _ GI _ N01 N01 N01 _ N01 N01 _ N14 N14 N14 N14 N14",316,2.96475958369202,2.20365194795049,0.123417721518987,"0.13015873015873"
"P002181","NE~a _ 4(N01) _ SZAB~a _ UDU~a _ KUR~a _ 4(N01) _ GAL~a _ SZAB~a _ AL _ 4(N01) _ 2(N57) _ BA _ 8(N01) _ TUR _ 2(N01) _ SZU _ 1(N14) _ 9(N01) _ DA~a _ DU","NE~a _ N01 N01 N01 N01 _ SZAB~a _ UDU~a _ KUR~a _ N01 N01 N01 N01 _ GAL~a _ SZAB~a _ AL _ N01 N01 N01 N01 _ N57 N57 _ BA _ N01 N01 N01 N01 N01 N01 N01 N01 _ TUR _ N01 N01 _ SZU _ N14 _ N01 N01 N01 N01 N01 N01 N01 N01 N01 _ DA~a _ DU",65,2.35635691491428,2.00091831453905,0.230769230769231,"0.40625"
"P002182","2(N01) _ ME~a _ SUHUR _ 1(N38) _ 1(N34) _ E~b _ SUHUR","N01 N01 _ ME~a _ SUHUR _ N38 _ N34 _ E~b _ SUHUR",14,2.41379956460568,1.82809234161707,0.5,"0.0769230769230769"
"P002183","EN~a _ PAP~a _ EN~a _ DU _ GI","EN~a _ PAP~a _ EN~a _ DU _ GI",9,2.0588138903312,1.4587444118012,0.555555555555556,"0"
"P002184","2(N14) _ SANGA~a _ 1(N14) _ SZU _ SZU _ 1(N34) _ EN~a _ DU _ KISAL~b1 _ SZU","N14 N14 _ SANGA~a _ N14 _ SZU _ SZU _ N34 _ EN~a _ DU _ KISAL~b1 _ SZU",20,2.41997309402197,1.96957519522542,0.4,"0.0526315789473684"
"P002185","DUB~a _ 2(N14) _ 3(N01) _ SIG2~b _ NI~a","DUB~a _ N14 N14 _ N01 N01 N01 _ SIG2~b _ NI~a",12,2.35538854220753,1.70467795129693,0.5,"0.272727272727273"
"P002190","2(N01) _ 2(N01) _ PAP~a _ E2~a _ 2(N01)","N01 N01 _ N01 N01 _ PAP~a _ E2~a _ N01 N01",12,1.62581458369391,1.32540057109769,0.333333333333333,"0.272727272727273"
"P002195","BALAG _ 3(N01) _ ZATU781 _ 1(N01) _ ZATU686~a _ |UR2x1(N57)| _ NUN~a _ 1(N01) _ EN~a _ 3(N01) _ E2~b _ 1(N01) _ SZU _ UKKIN~a _ 3(N01) _ GUG2 _ 3(N01) _ URI _ 4(N01) _ |GISZxSZU2~a| _ 1(N01) _ AN _ |GISZxSZU2~a| _ 1(N01) _ ZAG~a _ SI _ UKKIN~a _ URUDU~a _ URUDU~a _ DI _ 2(N01) _ URUDU~a _ 1(N01) _ AB~a _ 2(N01) _ GU4 _ 2(N01) _ ERIN _ NIMGIR _ 1(N01) _ NIMGIR _ AB~a _ 4(N01) _ EZEN~b _ 1(N01) _ KU6~a _ DIN _ 1(N01) _ NIR~a _ TE _ 1(N01) _ 1(N01) _ KALAM~a _ 4(N01) _ 4(N01) _ ZATU647 _ 1(N01) _ 2(N01) _ 1(N01) _ DU6~a _ 2(N01) _ GIR3~a _ TI@r _ 1(N01) _ SZURUPPAK~b _ KISAL~b1 _ 1(N01) _ |GI&GI| _ KISAL~b1 _ 1(N01) _ 2(N01) _ 1(N01) _ SANGA~a _ 1(N01) _ |ZATU737xDI| _ 2(N01) _ DUB~a _ 1(N01) _ SUHUR _ 1(N01) _ SUG5 _ GAL~a _ 1(N01) _ GAR _ 2(N01) _ GURUSZ~a _ SANGA~a _ 1(N01) _ 1(N01) _ MU _ 1(N01) _ 1(N01) _ EZEN~b _ 1(N01) _ DUG~a _ 1(N01) _ GA~a _ 1(N01) _ SZEN~e _ 4(N01) _ |GI&GI| _ 3(N57) _ TE _ 1(N01) _ SAG _ KISAL~b1 _ 1(N01) _ KISAL~b1 _ 2(N01) _ ZATU623 _ |NUN~a+EN~a| _ 2(N01) _ 2(N01) _ 3(N01) _ SZU _ GA~a _ 2(N01) _ ZATU623 _ 1(N01) _ MU _ SUHUR _ TE _ 2(N01) _ UKKIN~a _ SZU _ 1(N01) _ SUHUR _ 1(N01) _ USZ~a _ URU~a1 _ TE _ 1(N01) _ ZAR~c _ TE _ 1(N01) _ SUHUR _ 1(N01) _ KISAL~b1 _ 1(N01) _ MU _ 1(N01) _ KASZ~b _ 1(N34) _ 2(N01) _ UKKIN~a _ 9(N01) _ GAL~a _ TE _ 1(N14) _ ZATU647 _ 5(N01) _ NIM~a _ 2(N01) _ GAL~a _ KISAL~b1 _ 1(N14) _ 4(N01) _ 7(N01) _ NIMGIR _ ZATU776 _ 3(N34) _ 4(N14) _ 4(N01) _ EN~a","BALAG _ N01 N01 N01 _ ZATU781 _ N01 _ ZATU686~a _ |UR2x1(N57)| _ NUN~a _ N01 _ EN~a _ N01 N01 N01 _ E2~b _ N01 _ SZU _ UKKIN~a _ N01 N01 N01 _ GUG2 _ N01 N01 N01 _ URI _ N01 N01 N01 N01 _ |GISZxSZU2~a| _ N01 _ AN _ |GISZxSZU2~a| _ N01 _ ZAG~a _ SI _ UKKIN~a _ URUDU~a _ URUDU~a _ DI _ N01 N01 _ URUDU~a _ N01 _ AB~a _ N01 N01 _ GU4 _ N01 N01 _ ERIN _ NIMGIR _ N01 _ NIMGIR _ AB~a _ N01 N01 N01 N01 _ EZEN~b _ N01 _ KU6~a _ DIN _ N01 _ NIR~a _ TE _ N01 _ N01 _ KALAM~a _ N01 N01 N01 N01 _ N01 N01 N01 N01 _ ZATU647 _ N01 _ N01 N01 _ N01 _ DU6~a _ N01 N01 _ GIR3~a _ TI@r _ N01 _ SZURUPPAK~b _ KISAL~b1 _ N01 _ |GI&GI| _ KISAL~b1 _ N01 _ N01 N01 _ N01 _ SANGA~a _ N01 _ |ZATU737xDI| _ N01 N01 _ DUB~a _ N01 _ SUHUR _ N01 _ SUG5 _ GAL~a _ N01 _ GAR _ N01 N01 _ GURUSZ~a _ SANGA~a _ N01 _ N01 _ MU _ N01 _ N01 _ EZEN~b _ N01 _ DUG~a _ N01 _ GA~a _ N01 _ SZEN~e _ N01 N01 N01 N01 _ |GI&GI| _ N57 N57 N57 _ TE _ N01 _ SAG _ KISAL~b1 _ N01 _ KISAL~b1 _ N01 N01 _ ZATU623 _ |NUN~a+EN~a| _ N01 N01 _ N01 N01 _ N01 N01 N01 _ SZU _ GA~a _ N01 N01 _ ZATU623 _ N01 _ MU _ SUHUR _ TE _ N01 N01 _ UKKIN~a _ SZU _ N01 _ SUHUR _ N01 _ USZ~a _ URU~a1 _ TE _ N01 _ ZAR~c _ TE _ N01 _ SUHUR _ N01 _ KISAL~b1 _ N01 _ MU _ N01 _ KASZ~b _ N34 _ N01 N01 _ UKKIN~a _ N01 N01 N01 N01 N01 N01 N01 N01 N01 _ GAL~a _ TE _ N14 _ ZATU647 _ N01 N01 N01 N01 N01 _ NIM~a _ N01 N01 _ GAL~a _ KISAL~b1 _ N14 _ N01 N01 N01 N01 _ N01 N01 N01 N01 N01 N01 N01 _ NIMGIR _ ZATU776 _ N34 N34 N34 _ N14 N14 N14 N14 _ N01 N01 N01 N01 _ EN~a",398,2.99652069360661,2.71883469639937,0.150753768844221,"0.178841309823678"
"P002197","1(N01) _ AN _ |SZU2.EN~a| _ 1(N01) _ AN _ RU _ 1(N01) _ |NUN~a+EN~a| _ 1(N01) _ KU6~a _ KAB _ 1(N01) _ 1(N01) _ 1(N01) _ KAB _ GI _ SZUM _ 8(N01) _ BA _ 1(N14)","N01 _ AN _ |SZU2.EN~a| _ N01 _ AN _ RU _ N01 _ |NUN~a+EN~a| _ N01 _ KU6~a _ KAB _ N01 _ N01 _ N01 _ KAB _ GI _ SZUM _ N01 N01 N01 N01 N01 N01 N01 N01 _ BA _ N14",46,2.40804061497971,2.0876913561183,0.260869565217391,"0.155555555555556"
"P002199","3(N14) _ SZE3 _ 7(N01) _ 3(N61) _ SZE3","N14 N14 N14 _ SZE3 _ N01 N01 N01 N01 N01 N01 N01 _ N61 N61 N61 _ SZE3",19,2.18680859456305,1.59893014247214,0.263157894736842,"0.555555555555556"
"P002202","SUHUR _ |SAGxGESZTU~b| _ 1(N01) _ 1(N01) _ SUHUR _ EN~a _ SZU _ |ZATU651xGAR|","SUHUR _ |SAGxGESZTU~b| _ N01 _ N01 _ SUHUR _ EN~a _ SZU _ |ZATU651xGAR|",15,2.33012496531497,1.77899040632681,0.466666666666667,"0"
"P002203","2(N14) _ 5(N01) _ |GA2~a1xKU6~a| _ HAL _ PAP~a _ 3(N14) _ 4(N01) _ |GA2~a1xKU6~a| _ SANGA~a _ MU _ BA","N14 N14 _ N01 N01 N01 N01 N01 _ |GA2~a1xKU6~a| _ HAL _ PAP~a _ N14 N14 N14 _ N01 N01 N01 N01 _ |GA2~a1xKU6~a| _ SANGA~a _ MU _ BA",31,2.52328513502264,1.83252188356264,0.290322580645161,"0.333333333333333"
"P002205","5(N01) _ |GA2~a1xA| _ 1(N14) _ 5(N01) _ |ZATU759xKU6~a| _ |ZATU759xX| _ KALAM~a _ EN~a _ HI _ E2~a _ NUN~a","N01 N01 N01 N01 N01 _ |GA2~a1xA| _ N14 _ N01 N01 N01 N01 N01 _ |ZATU759xKU6~a| _ |ZATU759xX| _ KALAM~a _ EN~a _ HI _ E2~a _ NUN~a",29,2.5669961021018,2.26534810945867,0.379310344827586,"0.285714285714286"
"P002206","1(N14)","N14",1,0,0,1,"NA"
"P002215","4(N01)","N01 N01 N01 N01",4,0,0.50708020839343,0.25,"1"
"P002217","ZATU758","ZATU758",1,0,0,1,"NA"
"P002219","2(N14)","N14 N14",2,0,0.25,0.5,"1"
"P002222","5(N01)","N01 N01 N01 N01 N01",5,0,0.571190309536813,0.2,"1"
