"id","file_id","text_raw","label","text","translation","glossing","segmentation","phonological","morphomic","comment","footnote","corpus_id","filename","language_name_wals","language_name_glotto","iso639_3","year_composed","year_published","mode","genre_broad","genre_narrow","writing_system","special_characters","short_description","source","copyright_short","copyright_long","sample_type","comments","num.char","huni.chars","hrate.chars","ttr.chars","rm.chars"
7983,3,"66005003	Na nd mounmotrhu mrokfot inji wanyhato duka memoya nhai wom hefenr tohyuk frohrn o bbinysoft tohyuk frohrn o yiro Maringour tohyuk frohrn nd skrorkfot yak nyusakuhato yiro mrokfom htikfot .","66005003","Na nd mounmotrhu mrokfot inji wanyhato duka memoya nhai wom hefenr tohyuk frohrn o bbinysoft tohyuk frohrn o yiro Maringour tohyuk frohrn nd skrorkfot yak nyusakuhato yiro mrokfom htikfot .",NA,NA,NA,NA,NA,NA,NA,3,"amp_nfi_1.txt","Alamblak","Alamblak","amp",NA,2004,"written","non-fiction","religion","Latn",NA,"Text of the Parallel Bible Corpus: Mayer, Thomas & Michael Cysouw. 2014. Creating a Massively Parallel Bible Corpus. Proceedings of the International Conference on Language Resources and Evaluation (LREC), Reykjavik, 3158-3163.","http://pngscriptures.org/amp/copyright.htm","© Wycliffe Bible Translators, Inc. 2003 2004","Print publisher: The Bible League<br>Electronic publisher: PNG Bible Translation Association<br>Translation by:<br>Wycliffe Bible Translators<br>This translation is made available to you under the terms of the Creative Commons Attribution-Noncommercial-No Derivative Works license. In addition, you have permission to port the text to different file formats, as long as you don't change any of the text or punctuation of the Bible.<br>Pictures included with Scriptures and other documents on this site are licensed just for use with those Scriptures and documents. For other uses, please contact the respective copyright owners.<br>You may share, copy, distribute, transmit, and extract portions or quotations from this work, provided that:<br>You include the above copyright information and that you make it clear that the work came from http://pngscriptures.org/.<br>You do not sell this work for a profit.<br>You do not make any derivative works that change any of the actual words or punctuation of the Scriptures.<br>Permissions beyond the scope of this license may be available if you contact us with your request. If you want to revise a translation, use a translation in an adaptation, or use a translation commercially, we will relay your request to the appropriate copyright owner.","whole","The first two digits of the identifier refer to the book, the next three digits to the chapter, and the last three digits to the verse. See Mayer & Cysouw (2014) for a list of book identifiers.",189,3.97508639253972,2.42150147076182,0.121693121693122,0.00531914893617021
20443,5,"42020029	Setxi itaritxiakori aua mitxi ĩkorapokoriti . Apia kiomanetakari ĩtaniriuata . Meenetipanika ipina .","42020029","Setxi itaritxiakori aua mitxi ĩkorapokoriti . Apia kiomanetakari ĩtaniriuata . Meenetipanika ipina .",NA,NA,NA,NA,NA,NA,NA,5,"apu_nfi_1.txt","Apurinã","Apurinã","apu",NA,2004,"written","non-fiction","religion","Latn",NA,"Text of the Parallel Bible Corpus: Mayer, Thomas & Michael Cysouw. 2014. Creating a Massively Parallel Bible Corpus. Proceedings of the International Conference on Language Resources and Evaluation (LREC), Reykjavik, 3158-3163.","http://www.scriptureearth.org/data/apu","© Wycliffe Bible Translators 2010","Atribuição-Uso Não-Comercial-Vedada a Criação de Obras Derivadas 3.0<br>Você pode: — copiar, distribuir, exibir e executar a obra SOB AS SEGUINTES CONDIÇÕES:<br>ATRIBUIÇÃO — Você deve dar crédito ao autor original, da forma especificada pelo autor ou licenciante.<br>USO NÃO-COMERCIAL — Você não pode utilizar esta obra com finalidades comerciais.<br>VEDADA A CRIAÇÃO DE OBRAS DERIVADAS — Você não pode alterar, transformar ou criar outra obra com base nesta.","whole","The first two digits of the identifier refer to the book, the next three digits to the chapter, and the last three digits to the verse. See Mayer & Cysouw (2014) for a list of book identifiers.",100,3.69816488559457,2.45468100708755,0.18,0.0101010101010101
36762,6,"13024005	وَٱنْقَسَمُوا بِٱلْقُرْعَةِ ، هَؤُلَاءِ مَعَ هَؤُلَاءِ ، لِأَنَّ رُؤَسَاءَ ٱلْقُدْسِ وَرُؤَسَاءَ بَيْتِ ٱللهِ كَانُوا مِنْ بَنِي أَلِعَازَارَ وَمِنْ بَنِي إِيثَامَارَ .","13024005","وَٱنْقَسَمُوا بِٱلْقُرْعَةِ ، هَؤُلَاءِ مَعَ هَؤُلَاءِ ، لِأَنَّ رُؤَسَاءَ ٱلْقُدْسِ وَرُؤَسَاءَ بَيْتِ ٱللهِ كَانُوا مِنْ بَنِي أَلِعَازَارَ وَمِنْ بَنِي إِيثَامَارَ .",NA,NA,NA,NA,NA,NA,NA,6,"arz_nfi_1.txt","Arabic (Egyptian)","Egyptian Arabic","arz",NA,NA,"written","non-fiction","religion","Arab",NA,"Text of the Parallel Bible Corpus: Mayer, Thomas & Michael Cysouw. 2014. Creating a Massively Parallel Bible Corpus. Proceedings of the International Conference on Language Resources and Evaluation (LREC), Reykjavik, 3158-3163.","http://www.bible.is/ARZVDV/Mark/1","© The Bible Society of Egypt","Old Testament Copyrights: This Bible text is brought to you by The Bible Society of Egypt<br>New Testament Copyrights: This Bible text is brought to you by The Bible Society of Egypt","whole","The first two digits of the identifier refer to the book, the next three digits to the chapter, and the last three digits to the verse. See Mayer & Cysouw (2014) for a list of book identifiers.",168,4.27255294291113,2.66455973432313,0.18452380952381,0.00598802395209581
37485,6,"14026011	وَكَانَ لِعُزِّيَّا جَيْشٌ مِنَ ٱلْمُقَاتِلِينَ يَخْرُجُونَ لِلْحَرْبِ أَحْزَابًا حَسَبَ عَدَدِ إِحْصَائِهِمْ عَنْ يَدِ يَعِيئِيلَ ٱلْكَاتِبِ وَمَعَسِيَا ٱلْعَرِيفِ تَحْتَ يَدِ حَنَنْيَّا وَاحِدٍ مِنْ رُؤَسَاءِ ٱلْمَلِكِ .","14026011","وَكَانَ لِعُزِّيَّا جَيْشٌ مِنَ ٱلْمُقَاتِلِينَ يَخْرُجُونَ لِلْحَرْبِ أَحْزَابًا حَسَبَ عَدَدِ إِحْصَائِهِمْ عَنْ يَدِ يَعِيئِيلَ ٱلْكَاتِبِ وَمَعَسِيَا ٱلْعَرِيفِ تَحْتَ يَدِ حَنَنْيَّا وَاحِدٍ مِنْ رُؤَسَاءِ ٱلْمَلِكِ .",NA,NA,NA,NA,NA,NA,NA,6,"arz_nfi_1.txt","Arabic (Egyptian)","Egyptian Arabic","arz",NA,NA,"written","non-fiction","religion","Arab",NA,"Text of the Parallel Bible Corpus: Mayer, Thomas & Michael Cysouw. 2014. Creating a Massively Parallel Bible Corpus. Proceedings of the International Conference on Language Resources and Evaluation (LREC), Reykjavik, 3158-3163.","http://www.bible.is/ARZVDV/Mark/1","© The Bible Society of Egypt","Old Testament Copyrights: This Bible text is brought to you by The Bible Society of Egypt<br>New Testament Copyrights: This Bible text is brought to you by The Bible Society of Egypt","whole","The first two digits of the identifier refer to the book, the next three digits to the chapter, and the last three digits to the verse. See Mayer & Cysouw (2014) for a list of book identifiers.",222,4.3560505198979,2.95968227967209,0.171171171171171,0
78205,12,"46014029	Profeta bezala mintzo direnei dagokienez , mintza daitezela bi edo hiru , eta gainerakoek eman dezatela beren iritzia .","46014029","Profeta bezala mintzo direnei dagokienez , mintza daitezela bi edo hiru , eta gainerakoek eman dezatela beren iritzia .",NA,NA,NA,NA,NA,NA,NA,11,"eus_nfi_1.txt","Basque","Basque","eus",NA,NA,"written","non-fiction","religion","Latn",NA,"Text of the Parallel Bible Corpus: Mayer, Thomas & Michael Cysouw. 2014. Creating a Massively Parallel Bible Corpus. Proceedings of the International Conference on Language Resources and Evaluation (LREC), Reykjavik, 3158-3163.","https://www.bible.com/de/bible/56/gen.1.eab","© Bible Society","This is the translation of the Bible in Basque language, Euskera, sponsored by the Bible Society. The translation was carried out by an interconfessional team of biblical scholars under the rules of Bible translations cooperation signed by the United Bible Societies and the Catholic Church. It is a medium-high level translation in Basque Batua, standardized language for the Academy of the Basque Language. This Bible is published in interconfessional issue with Deuterocanonical books of the Old and New Testaments.","whole","The first two digits of the identifier refer to the book, the next three digits to the chapter, and the last three digits to the verse. See Mayer & Cysouw (2014) for a list of book identifiers.",119,3.85640518709163,2.56361881746859,0.176470588235294,0
82362,14,"Esan behar diozu iruditzen zaizula onean Henryrekin geratzea dela.",NA,"Esan behar diozu iruditzen zaizula onean Henryrekin geratzea dela.",NA,NA,NA,NA,NA,NA,NA,11,"eus_nfi_100.txt","Basque","Basque","eus",NA,2015,"written","non-fiction","prepared_speeches","Latn",NA,"OpenSubtitles2018","https://object.pouta.csc.fi/OPUS-OpenSubtitles/v2018/raw/eu.zip","http://www.opensubtitles.org/","http://www.opensubtitles.org/ P. Lison and J. Tiedemann, 2016, OpenSubtitles2016: Extracting Large Parallel Corpora from Movie and TV Subtitles. In Proceedings of the 10th International Conference on Language Resources and Evaluation (LREC 2016)","whole",NA,66,3.95578091584384,2.71196309802661,0.318181818181818,0
84588,16,"Ez duzu zure ""jabetza"" gisa ikusten.",NA,"Ez duzu zure ""jabetza"" gisa ikusten.",NA,NA,NA,NA,NA,NA,NA,11,"eus_nfi_102.txt","Basque","Basque","eus",NA,2015,"written","non-fiction","prepared_speeches","Latn",NA,"OpenSubtitles2018","https://object.pouta.csc.fi/OPUS-OpenSubtitles/v2018/raw/eu.zip","http://www.opensubtitles.org/","http://www.opensubtitles.org/ P. Lison and J. Tiedemann, 2016, OpenSubtitles2016: Extracting Large Parallel Corpora from Movie and TV Subtitles. In Proceedings of the 10th International Conference on Language Resources and Evaluation (LREC 2016)","whole",NA,36,3.91660790480999,2.78019395241901,0.5,0
90550,23,"- Iruditzen zaizu?",NA,"- Iruditzen zaizu?",NA,NA,NA,NA,NA,NA,NA,11,"eus_nfi_109.txt","Basque","Basque","eus",NA,2015,"written","non-fiction","prepared_speeches","Latn",NA,"OpenSubtitles2018","https://object.pouta.csc.fi/OPUS-OpenSubtitles/v2018/raw/eu.zip","http://www.opensubtitles.org/","http://www.opensubtitles.org/ P. Lison and J. Tiedemann, 2016, OpenSubtitles2016: Extracting Large Parallel Corpora from Movie and TV Subtitles. In Proceedings of the 10th International Conference on Language Resources and Evaluation (LREC 2016)","whole",NA,18,3.57243125132212,2.38153613803971,0.722222222222222,0
91309,23,"Atsebatuta zegoen.",NA,"Atsebatuta zegoen.",NA,NA,NA,NA,NA,NA,NA,11,"eus_nfi_109.txt","Basque","Basque","eus",NA,2015,"written","non-fiction","prepared_speeches","Latn",NA,"OpenSubtitles2018","https://object.pouta.csc.fi/OPUS-OpenSubtitles/v2018/raw/eu.zip","http://www.opensubtitles.org/","http://www.opensubtitles.org/ P. Lison and J. Tiedemann, 2016, OpenSubtitles2016: Extracting Large Parallel Corpora from Movie and TV Subtitles. In Proceedings of the 10th International Conference on Language Resources and Evaluation (LREC 2016)","whole",NA,18,3.53049305675748,2.44487246912839,0.722222222222222,0
97841,32,"Eta hamar bat ofizialen bizitza salbatu zuen, besteak beste, nire alabarena.",NA,"Eta hamar bat ofizialen bizitza salbatu zuen, besteak beste, nire alabarena.",NA,NA,NA,NA,NA,NA,NA,11,"eus_nfi_117.txt","Basque","Basque","eus",NA,2014,"written","non-fiction","prepared_speeches","Latn",NA,"OpenSubtitles2018","https://object.pouta.csc.fi/OPUS-OpenSubtitles/v2018/raw/eu.zip","http://www.opensubtitles.org/","http://www.opensubtitles.org/ P. Lison and J. Tiedemann, 2016, OpenSubtitles2016: Extracting Large Parallel Corpora from Movie and TV Subtitles. In Proceedings of the 10th International Conference on Language Resources and Evaluation (LREC 2016)","whole",NA,76,3.8503110624661,2.61858701738694,0.263157894736842,0
122619,55,"-Amesgaiztoak izango ditut!",NA,"-Amesgaiztoak izango ditut!",NA,NA,NA,NA,NA,NA,NA,11,"eus_nfi_138.txt","Basque","Basque","eus",NA,2014,"written","non-fiction","prepared_speeches","Latn",NA,"OpenSubtitles2018","https://object.pouta.csc.fi/OPUS-OpenSubtitles/v2018/raw/eu.zip","http://www.opensubtitles.org/","http://www.opensubtitles.org/ P. Lison and J. Tiedemann, 2016, OpenSubtitles2016: Extracting Large Parallel Corpora from Movie and TV Subtitles. In Proceedings of the 10th International Conference on Language Resources and Evaluation (LREC 2016)","whole",NA,27,3.93027037229345,2.64112836388051,0.62962962962963,0
123312,55,"Gainera, dibortziatuta nagoenez... sentimendu kontraesankorrak ditu.",NA,"Gainera, dibortziatuta nagoenez... sentimendu kontraesankorrak ditu.",NA,NA,NA,NA,NA,NA,NA,11,"eus_nfi_138.txt","Basque","Basque","eus",NA,2014,"written","non-fiction","prepared_speeches","Latn",NA,"OpenSubtitles2018","https://object.pouta.csc.fi/OPUS-OpenSubtitles/v2018/raw/eu.zip","http://www.opensubtitles.org/","http://www.opensubtitles.org/ P. Lison and J. Tiedemann, 2016, OpenSubtitles2016: Extracting Large Parallel Corpora from Movie and TV Subtitles. In Proceedings of the 10th International Conference on Language Resources and Evaluation (LREC 2016)","whole",NA,68,3.97327727664949,2.66699193424514,0.279411764705882,0.0447761194029851
128504,61,"Ez nago harrotuta, konbentzituta baizik.",NA,"Ez nago harrotuta, konbentzituta baizik.",NA,NA,NA,NA,NA,NA,NA,11,"eus_nfi_143.txt","Basque","Basque","eus",NA,2014,"written","non-fiction","prepared_speeches","Latn",NA,"OpenSubtitles2018","https://object.pouta.csc.fi/OPUS-OpenSubtitles/v2018/raw/eu.zip","http://www.opensubtitles.org/","http://www.opensubtitles.org/ P. Lison and J. Tiedemann, 2016, OpenSubtitles2016: Extracting Large Parallel Corpora from Movie and TV Subtitles. In Proceedings of the 10th International Conference on Language Resources and Evaluation (LREC 2016)","whole",NA,40,3.86595732094918,2.55969241787681,0.425,0.0256410256410256
137860,67,"Ez dago gainazalik?",NA,"Ez dago gainazalik?",NA,NA,NA,NA,NA,NA,NA,11,"eus_nfi_149.txt","Basque","Basque","eus",NA,2014,"written","non-fiction","prepared_speeches","Latn",NA,"OpenSubtitles2018","https://object.pouta.csc.fi/OPUS-OpenSubtitles/v2018/raw/eu.zip","http://www.opensubtitles.org/","http://www.opensubtitles.org/ P. Lison and J. Tiedemann, 2016, OpenSubtitles2016: Extracting Large Parallel Corpora from Movie and TV Subtitles. In Proceedings of the 10th International Conference on Language Resources and Evaluation (LREC 2016)","whole",NA,19,3.40582225028569,2.32939238101712,0.631578947368421,0
169022,95,"Nire errezeta pertsonala da.",NA,"Nire errezeta pertsonala da.",NA,NA,NA,NA,NA,NA,NA,11,"eus_nfi_174.txt","Basque","Basque","eus",NA,2013,"written","non-fiction","prepared_speeches","Latn",NA,"OpenSubtitles2018","https://object.pouta.csc.fi/OPUS-OpenSubtitles/v2018/raw/eu.zip","http://www.opensubtitles.org/","http://www.opensubtitles.org/ P. Lison and J. Tiedemann, 2016, OpenSubtitles2016: Extracting Large Parallel Corpora from Movie and TV Subtitles. In Proceedings of the 10th International Conference on Language Resources and Evaluation (LREC 2016)","whole",NA,28,3.58005035146474,2.54459254851183,0.535714285714286,0.037037037037037
179562,106,"Bikaina da.",NA,"Bikaina da.",NA,NA,NA,NA,NA,NA,NA,11,"eus_nfi_184.txt","Basque","Basque","eus",NA,2013,"written","non-fiction","prepared_speeches","Latn",NA,"OpenSubtitles2018","https://object.pouta.csc.fi/OPUS-OpenSubtitles/v2018/raw/eu.zip","http://www.opensubtitles.org/","http://www.opensubtitles.org/ P. Lison and J. Tiedemann, 2016, OpenSubtitles2016: Extracting Large Parallel Corpora from Movie and TV Subtitles. In Proceedings of the 10th International Conference on Language Resources and Evaluation (LREC 2016)","whole",NA,11,2.84535093662244,1.9113533797671,0.727272727272727,0
229609,161,"Poza iritsi da, eta ni bozkarioz gainezka nago",NA,"Poza iritsi da, eta ni bozkarioz gainezka nago",NA,NA,NA,NA,NA,NA,NA,11,"eus_nfi_233.txt","Basque","Basque","eus",NA,2011,"written","non-fiction","prepared_speeches","Latn",NA,"OpenSubtitles2018","https://object.pouta.csc.fi/OPUS-OpenSubtitles/v2018/raw/eu.zip","http://www.opensubtitles.org/","http://www.opensubtitles.org/ P. Lison and J. Tiedemann, 2016, OpenSubtitles2016: Extracting Large Parallel Corpora from Movie and TV Subtitles. In Proceedings of the 10th International Conference on Language Resources and Evaluation (LREC 2016)","whole",NA,46,3.66339605572447,2.44023350058529,0.347826086956522,0
238985,177,"Zure metodoei begirune handia badiet ere, Dalrymple jauna oker zaude, ni sendagile arrunt bat naiz.",NA,"Zure metodoei begirune handia badiet ere, Dalrymple jauna oker zaude, ni sendagile arrunt bat naiz.",NA,NA,NA,NA,NA,NA,NA,11,"eus_nfi_248.txt","Basque","Basque","eus",NA,2011,"written","non-fiction","prepared_speeches","Latn",NA,"OpenSubtitles2018","https://object.pouta.csc.fi/OPUS-OpenSubtitles/v2018/raw/eu.zip","http://www.opensubtitles.org/","http://www.opensubtitles.org/ P. Lison and J. Tiedemann, 2016, OpenSubtitles2016: Extracting Large Parallel Corpora from Movie and TV Subtitles. In Proceedings of the 10th International Conference on Language Resources and Evaluation (LREC 2016)","whole",NA,99,4.08490379312785,2.8596918755061,0.252525252525253,0.0102040816326531
254956,192,"-Baduzu Goerten berririk?",NA,"-Baduzu Goerten berririk?",NA,NA,NA,NA,NA,NA,NA,11,"eus_nfi_261.txt","Basque","Basque","eus",NA,2010,"written","non-fiction","prepared_speeches","Latn",NA,"OpenSubtitles2018","https://object.pouta.csc.fi/OPUS-OpenSubtitles/v2018/raw/eu.zip","http://www.opensubtitles.org/","http://www.opensubtitles.org/ P. Lison and J. Tiedemann, 2016, OpenSubtitles2016: Extracting Large Parallel Corpora from Movie and TV Subtitles. In Proceedings of the 10th International Conference on Language Resources and Evaluation (LREC 2016)","whole",NA,25,3.89366068968819,2.64298181964949,0.68,0.0416666666666667
276500,218,"Daukadan botereagatik, senar-emazte izendatzen zaituztet.",NA,"Daukadan botereagatik, senar-emazte izendatzen zaituztet.",NA,NA,NA,NA,NA,NA,NA,11,"eus_nfi_285.txt","Basque","Basque","eus",NA,2005,"written","non-fiction","prepared_speeches","Latn",NA,"OpenSubtitles2018","https://object.pouta.csc.fi/OPUS-OpenSubtitles/v2018/raw/eu.zip","http://www.opensubtitles.org/","http://www.opensubtitles.org/ P. Lison and J. Tiedemann, 2016, OpenSubtitles2016: Extracting Large Parallel Corpora from Movie and TV Subtitles. In Proceedings of the 10th International Conference on Language Resources and Evaluation (LREC 2016)","whole",NA,57,3.85841040988432,2.68085912893058,0.350877192982456,0
309901,253,"Baina ezdeus batekin ezkondu zinen.",NA,"Baina ezdeus batekin ezkondu zinen.",NA,NA,NA,NA,NA,NA,NA,11,"eus_nfi_316.txt","Basque","Basque","eus",NA,2000,"written","non-fiction","prepared_speeches","Latn",NA,"OpenSubtitles2018","https://object.pouta.csc.fi/OPUS-OpenSubtitles/v2018/raw/eu.zip","http://www.opensubtitles.org/","http://www.opensubtitles.org/ P. Lison and J. Tiedemann, 2016, OpenSubtitles2016: Extracting Large Parallel Corpora from Movie and TV Subtitles. In Proceedings of the 10th International Conference on Language Resources and Evaluation (LREC 2016)","whole",NA,35,3.65831320393457,2.44452016112699,0.428571428571429,0
311493,255,"Gaur ikusiitakoa ondo aztertuta, eskulanari % 20 arintzea ez liteke asko.",NA,"Gaur ikusiitakoa ondo aztertuta, eskulanari % 20 arintzea ez liteke asko.",NA,NA,NA,NA,NA,NA,NA,11,"eus_nfi_318.txt","Basque","Basque","eus",NA,1999,"written","non-fiction","prepared_speeches","Latn",NA,"OpenSubtitles2018","https://object.pouta.csc.fi/OPUS-OpenSubtitles/v2018/raw/eu.zip","http://www.opensubtitles.org/","http://www.opensubtitles.org/ P. Lison and J. Tiedemann, 2016, OpenSubtitles2016: Extracting Large Parallel Corpora from Movie and TV Subtitles. In Proceedings of the 10th International Conference on Language Resources and Evaluation (LREC 2016)","whole",NA,73,3.93171236858337,2.74584499678774,0.273972602739726,0.0138888888888889
311819,256,"5 dolarretan denak!",NA,"5 dolarretan denak!",NA,NA,NA,NA,NA,NA,NA,11,"eus_nfi_319.txt","Basque","Basque","eus",NA,1999,"written","non-fiction","prepared_speeches","Latn",NA,"OpenSubtitles2018","https://object.pouta.csc.fi/OPUS-OpenSubtitles/v2018/raw/eu.zip","http://www.opensubtitles.org/","http://www.opensubtitles.org/ P. Lison and J. Tiedemann, 2016, OpenSubtitles2016: Extracting Large Parallel Corpora from Movie and TV Subtitles. In Proceedings of the 10th International Conference on Language Resources and Evaluation (LREC 2016)","whole",NA,19,3.47135448701393,2.27146979079726,0.631578947368421,0.0555555555555556
324338,269,"Ez omen duzue susmagarririk.",NA,"Ez omen duzue susmagarririk.",NA,NA,NA,NA,NA,NA,NA,11,"eus_nfi_330.txt","Basque","Basque","eus",NA,1995,"written","non-fiction","prepared_speeches","Latn",NA,"OpenSubtitles2018","https://object.pouta.csc.fi/OPUS-OpenSubtitles/v2018/raw/eu.zip","http://www.opensubtitles.org/","http://www.opensubtitles.org/ P. Lison and J. Tiedemann, 2016, OpenSubtitles2016: Extracting Large Parallel Corpora from Movie and TV Subtitles. In Proceedings of the 10th International Conference on Language Resources and Evaluation (LREC 2016)","whole",NA,28,3.86933126111152,2.6119765633967,0.571428571428571,0.037037037037037
345705,298,"Horregatik hartu dut nire aitaren Continental autoa.",NA,"Horregatik hartu dut nire aitaren Continental autoa.",NA,NA,NA,NA,NA,NA,NA,11,"eus_nfi_357.txt","Basque","Basque","eus",NA,1990,"written","non-fiction","prepared_speeches","Latn",NA,"OpenSubtitles2018","https://object.pouta.csc.fi/OPUS-OpenSubtitles/v2018/raw/eu.zip","http://www.opensubtitles.org/","http://www.opensubtitles.org/ P. Lison and J. Tiedemann, 2016, OpenSubtitles2016: Extracting Large Parallel Corpora from Movie and TV Subtitles. In Proceedings of the 10th International Conference on Language Resources and Evaluation (LREC 2016)","whole",NA,52,3.70925125917313,2.55488313098969,0.326923076923077,0.0196078431372549
356182,314,"Screw Magazinek dioenez...",NA,"Screw Magazinek dioenez...",NA,NA,NA,NA,NA,NA,NA,11,"eus_nfi_371.txt","Basque","Basque","eus",NA,1984,"written","non-fiction","prepared_speeches","Latn",NA,"OpenSubtitles2018","https://object.pouta.csc.fi/OPUS-OpenSubtitles/v2018/raw/eu.zip","http://www.opensubtitles.org/","http://www.opensubtitles.org/ P. Lison and J. Tiedemann, 2016, OpenSubtitles2016: Extracting Large Parallel Corpora from Movie and TV Subtitles. In Proceedings of the 10th International Conference on Language Resources and Evaluation (LREC 2016)","whole",NA,26,3.82525173728865,2.55690495822646,0.615384615384615,0.08
393591,361,"Ez duzu sinistuko baina berak asko maite zuen zure ama.",NA,"Ez duzu sinistuko baina berak asko maite zuen zure ama.",NA,NA,NA,NA,NA,NA,NA,11,"eus_nfi_413.txt","Basque","Basque","eus",NA,1965,"written","non-fiction","prepared_speeches","Latn",NA,"OpenSubtitles2018","https://object.pouta.csc.fi/OPUS-OpenSubtitles/v2018/raw/eu.zip","http://www.opensubtitles.org/","http://www.opensubtitles.org/ P. Lison and J. Tiedemann, 2016, OpenSubtitles2016: Extracting Large Parallel Corpora from Movie and TV Subtitles. In Proceedings of the 10th International Conference on Language Resources and Evaluation (LREC 2016)","whole",NA,55,3.81672130537355,2.54123229009107,0.309090909090909,0
410735,381,"Moundsvilleko matrikuladun kotxea darabilzu?",NA,"Moundsvilleko matrikuladun kotxea darabilzu?",NA,NA,NA,NA,NA,NA,NA,11,"eus_nfi_431.txt","Basque","Basque","eus",NA,1955,"written","non-fiction","prepared_speeches","Latn",NA,"OpenSubtitles2018","https://object.pouta.csc.fi/OPUS-OpenSubtitles/v2018/raw/eu.zip","http://www.opensubtitles.org/","http://www.opensubtitles.org/ P. Lison and J. Tiedemann, 2016, OpenSubtitles2016: Extracting Large Parallel Corpora from Movie and TV Subtitles. In Proceedings of the 10th International Conference on Language Resources and Evaluation (LREC 2016)","whole",NA,44,4.10979348260879,2.75507652226765,0.454545454545455,0.0232558139534884
431809,412,"Oso haserre nengoen.",NA,"Oso haserre nengoen.",NA,NA,NA,NA,NA,NA,NA,11,"eus_nfi_46.txt","Basque","Basque","eus",NA,2015,"written","non-fiction","prepared_speeches","Latn",NA,"OpenSubtitles2018","https://object.pouta.csc.fi/OPUS-OpenSubtitles/v2018/raw/eu.zip","http://www.opensubtitles.org/","http://www.opensubtitles.org/ P. Lison and J. Tiedemann, 2016, OpenSubtitles2016: Extracting Large Parallel Corpora from Movie and TV Subtitles. In Proceedings of the 10th International Conference on Language Resources and Evaluation (LREC 2016)","whole",NA,20,3.28418371977919,2.18428887078065,0.55,0.0526315789473684
458445,439,"Gehiegi da niretzat.",NA,"Gehiegi da niretzat.",NA,NA,NA,NA,NA,NA,NA,11,"eus_nfi_484.txt","Basque","Basque","eus",NA,2013,"written","non-fiction","prepared_speeches","Latn",NA,"OpenSubtitles2018","https://object.pouta.csc.fi/OPUS-OpenSubtitles/v2018/raw/eu.zip","http://www.opensubtitles.org/","http://www.opensubtitles.org/ P. Lison and J. Tiedemann, 2016, OpenSubtitles2016: Extracting Large Parallel Corpora from Movie and TV Subtitles. In Proceedings of the 10th International Conference on Language Resources and Evaluation (LREC 2016)","whole",NA,20,3.54643934467102,2.43852175943987,0.65,0
458823,439,"Ez al ginateke denak hobeto... egongo denek horrelako gauzei buruz gezurrik esango ez bagenu,... eta egia esango bagenu?",NA,"Ez al ginateke denak hobeto... egongo denek horrelako gauzei buruz gezurrik esango ez bagenu,... eta egia esango bagenu?",NA,NA,NA,NA,NA,NA,NA,11,"eus_nfi_484.txt","Basque","Basque","eus",NA,2013,"written","non-fiction","prepared_speeches","Latn",NA,"OpenSubtitles2018","https://object.pouta.csc.fi/OPUS-OpenSubtitles/v2018/raw/eu.zip","http://www.opensubtitles.org/","http://www.opensubtitles.org/ P. Lison and J. Tiedemann, 2016, OpenSubtitles2016: Extracting Large Parallel Corpora from Movie and TV Subtitles. In Proceedings of the 10th International Conference on Language Resources and Evaluation (LREC 2016)","whole",NA,120,3.96647289318749,2.48931014033597,0.175,0.0504201680672269
471777,456,"Haiek zainduko zaituztete.",NA,"Haiek zainduko zaituztete.",NA,NA,NA,NA,NA,NA,NA,11,"eus_nfi_5.txt","Basque","Basque","eus",NA,2016,"written","non-fiction","prepared_speeches","Latn",NA,"OpenSubtitles2018","https://object.pouta.csc.fi/OPUS-OpenSubtitles/v2018/raw/eu.zip","http://www.opensubtitles.org/","http://www.opensubtitles.org/ P. Lison and J. Tiedemann, 2016, OpenSubtitles2016: Extracting Large Parallel Corpora from Movie and TV Subtitles. In Proceedings of the 10th International Conference on Language Resources and Evaluation (LREC 2016)","whole",NA,26,3.55526904464812,2.22246659439621,0.5,0
568423,578,"Garaitua izan zara.",NA,"Garaitua izan zara.",NA,NA,NA,NA,NA,NA,NA,11,"eus_nfi_609.txt","Basque","Basque","eus",NA,1980,"written","non-fiction","prepared_speeches","Latn",NA,"OpenSubtitles2018","https://object.pouta.csc.fi/OPUS-OpenSubtitles/v2018/raw/eu.zip","http://www.opensubtitles.org/","http://www.opensubtitles.org/ P. Lison and J. Tiedemann, 2016, OpenSubtitles2016: Extracting Large Parallel Corpora from Movie and TV Subtitles. In Proceedings of the 10th International Conference on Language Resources and Evaluation (LREC 2016)","whole",NA,19,3.01057093426848,2.02546324255572,0.526315789473684,0
585909,598,"Anbulategira medikuarengan joan nintzenean, medikuak gertatutako azaltzeko eskatu zidan eta txundituta gelditu zen esan nionean hori koloreko mina sentitu nuela hasieran harriduraz eta barrezka galdetu ninduen:",NA,"Anbulategira medikuarengan joan nintzenean, medikuak gertatutako azaltzeko eskatu zidan eta txundituta gelditu zen esan nionean hori koloreko mina sentitu nuela hasieran harriduraz eta barrezka galdetu ninduen:",NA,NA,NA,NA,NA,NA,NA,11,"eus_nfi_627.txt","Basque","Basque","eus",NA,2014,"written","non-fiction","prepared_speeches","Latn",NA,"OpenSubtitles2018","https://object.pouta.csc.fi/OPUS-OpenSubtitles/v2018/raw/eu.zip","http://www.opensubtitles.org/","http://www.opensubtitles.org/ P. Lison and J. Tiedemann, 2016, OpenSubtitles2016: Extracting Large Parallel Corpora from Movie and TV Subtitles. In Proceedings of the 10th International Conference on Language Resources and Evaluation (LREC 2016)","whole",NA,210,3.96678936755684,2.63971045289745,0.10952380952381,0.00956937799043062
590333,603,"Erronka txiki bat denontzat, zuen doktoretza abentura hasi aurretik dena delakoa, Hawking jauna.",NA,"Erronka txiki bat denontzat, zuen doktoretza abentura hasi aurretik dena delakoa, Hawking jauna.",NA,NA,NA,NA,NA,NA,NA,11,"eus_nfi_631.txt","Basque","Basque","eus",NA,2014,"written","non-fiction","prepared_speeches","Latn",NA,"OpenSubtitles2018","https://object.pouta.csc.fi/OPUS-OpenSubtitles/v2018/raw/eu.zip","http://www.opensubtitles.org/","http://www.opensubtitles.org/ P. Lison and J. Tiedemann, 2016, OpenSubtitles2016: Extracting Large Parallel Corpora from Movie and TV Subtitles. In Proceedings of the 10th International Conference on Language Resources and Evaluation (LREC 2016)","whole",NA,96,4.05404873164246,2.81871000821274,0.25,0.0210526315789474
594363,606,"Ziurrenez ez.",NA,"Ziurrenez ez.",NA,NA,NA,NA,NA,NA,NA,11,"eus_nfi_634.txt","Basque","Basque","eus",NA,2014,"written","non-fiction","prepared_speeches","Latn",NA,"OpenSubtitles2018","https://object.pouta.csc.fi/OPUS-OpenSubtitles/v2018/raw/eu.zip","http://www.opensubtitles.org/","http://www.opensubtitles.org/ P. Lison and J. Tiedemann, 2016, OpenSubtitles2016: Extracting Large Parallel Corpora from Movie and TV Subtitles. In Proceedings of the 10th International Conference on Language Resources and Evaluation (LREC 2016)","whole",NA,13,3.02698683335929,1.98278168528108,0.692307692307692,0.0833333333333333
607885,617,"Beraz, ez badiogu dirua ematen, tipo hori gurekin hilko da.",NA,"Beraz, ez badiogu dirua ematen, tipo hori gurekin hilko da.",NA,NA,NA,NA,NA,NA,NA,11,"eus_nfi_644.txt","Basque","Basque","eus",NA,2014,"written","non-fiction","prepared_speeches","Latn",NA,"OpenSubtitles2018","https://object.pouta.csc.fi/OPUS-OpenSubtitles/v2018/raw/eu.zip","http://www.opensubtitles.org/","http://www.opensubtitles.org/ P. Lison and J. Tiedemann, 2016, OpenSubtitles2016: Extracting Large Parallel Corpora from Movie and TV Subtitles. In Proceedings of the 10th International Conference on Language Resources and Evaluation (LREC 2016)","whole",NA,59,4.07301328714984,2.807586737082,0.355932203389831,0
620929,632,"Nire familiari ospe txarra emango lioke.",NA,"Nire familiari ospe txarra emango lioke.",NA,NA,NA,NA,NA,NA,NA,11,"eus_nfi_658.txt","Basque","Basque","eus",NA,2016,"written","non-fiction","prepared_speeches","Latn",NA,"OpenSubtitles2018","https://object.pouta.csc.fi/OPUS-OpenSubtitles/v2018/raw/eu.zip","http://www.opensubtitles.org/","http://www.opensubtitles.org/ P. Lison and J. Tiedemann, 2016, OpenSubtitles2016: Extracting Large Parallel Corpora from Movie and TV Subtitles. In Proceedings of the 10th International Conference on Language Resources and Evaluation (LREC 2016)","whole",NA,40,3.83233287175051,2.68474717389331,0.45,0.0256410256410256
623623,636,"Elia Martell bortxatu eta hil zituzten.",NA,"Elia Martell bortxatu eta hil zituzten.",NA,NA,NA,NA,NA,NA,NA,11,"eus_nfi_661.txt","Basque","Basque","eus",NA,2016,"written","non-fiction","prepared_speeches","Latn",NA,"OpenSubtitles2018","https://object.pouta.csc.fi/OPUS-OpenSubtitles/v2018/raw/eu.zip","http://www.opensubtitles.org/","http://www.opensubtitles.org/ P. Lison and J. Tiedemann, 2016, OpenSubtitles2016: Extracting Large Parallel Corpora from Movie and TV Subtitles. In Proceedings of the 10th International Conference on Language Resources and Evaluation (LREC 2016)","whole",NA,39,3.78208964237274,2.5824914611982,0.435897435897436,0.0263157894736842
625063,638,"Trago bat edatera gonbidatuko zaizut.",NA,"Trago bat edatera gonbidatuko zaizut.",NA,NA,NA,NA,NA,NA,NA,11,"eus_nfi_663.txt","Basque","Basque","eus",NA,2016,"written","non-fiction","prepared_speeches","Latn",NA,"OpenSubtitles2018","https://object.pouta.csc.fi/OPUS-OpenSubtitles/v2018/raw/eu.zip","http://www.opensubtitles.org/","http://www.opensubtitles.org/ P. Lison and J. Tiedemann, 2016, OpenSubtitles2016: Extracting Large Parallel Corpora from Movie and TV Subtitles. In Proceedings of the 10th International Conference on Language Resources and Evaluation (LREC 2016)","whole",NA,37,3.79689491950759,2.50022339494671,0.432432432432432,0
639415,653,"Mila esker, maitea.",NA,"Mila esker, maitea.",NA,NA,NA,NA,NA,NA,NA,11,"eus_nfi_74.txt","Basque","Basque","eus",NA,2015,"written","non-fiction","prepared_speeches","Latn",NA,"OpenSubtitles2018","https://object.pouta.csc.fi/OPUS-OpenSubtitles/v2018/raw/eu.zip","http://www.opensubtitles.org/","http://www.opensubtitles.org/ P. Lison and J. Tiedemann, 2016, OpenSubtitles2016: Extracting Large Parallel Corpora from Movie and TV Subtitles. In Proceedings of the 10th International Conference on Language Resources and Evaluation (LREC 2016)","whole",NA,19,3.53688672374217,2.38906291551356,0.684210526315789,0
668549,683,"12014015	ယဟောရှပြုမူသော အမှုအရာကြွင်းလေသမျှ ၊ တန်ခိုးကြီးခြင်း ၊ ယုဒရှင်ဘုရင်အာမဇိကို စစ်တိုက်ခြင်း အရာသည် ဣသရေလရာဇဝင် ၌ ရေးထားလျက်ရှိ ၏ ။","12014015","ယဟောရှပြုမူသော အမှုအရာကြွင်းလေသမျှ ၊ တန်ခိုးကြီးခြင်း ၊ ယုဒရှင်ဘုရင်အာမဇိကို စစ်တိုက်ခြင်း အရာသည် ဣသရေလရာဇဝင် ၌ ရေးထားလျက်ရှိ ၏ ။",NA,NA,NA,NA,NA,NA,NA,14,"mya_nfi_1.txt","Burmese","Burmese","mya",1835,NA,"written","non-fiction","religion","Mymr",NA,"The New Testament in Myanmar. Text of the Parallel Bible Corpus: Mayer, Thomas & Michael Cysouw. 2014. Creating a Massively Parallel Bible Corpus. Proceedings of the International Conference on Language Resources and Evaluation (LREC), Reykjavik, 3158-3163.","https://www.bible.com/de/bible/404/gen.1.bcl","© Rev. Adoniram Judson, 1835",NA,"whole","The first two digits of the identifier refer to the book, the next three digits to the chapter, and the last three digits to the verse. See Mayer & Cysouw (2014) for a list of book identifiers.",129,4.78157742154192,3.21932526471561,0.294573643410853,0.0078125
668759,683,"12021002	ထိုမင်းသည် ဣသရေလအမျိုးသားရှေ့မှ ထာဝရဘုရားနှင့် ထုတ်တော်မူသော တပါးအမျိုးသား ရွံရှာဘွယ်ထုံးစံအတိုင်း ၊ ထာဝရဘုရား ရှေ့တော် ၌ ဒုစရိုက်ကိုပြု ၏ ။","12021002","ထိုမင်းသည် ဣသရေလအမျိုးသားရှေ့မှ ထာဝရဘုရားနှင့် ထုတ်တော်မူသော တပါးအမျိုးသား ရွံရှာဘွယ်ထုံးစံအတိုင်း ၊ ထာဝရဘုရား ရှေ့တော် ၌ ဒုစရိုက်ကိုပြု ၏ ။",NA,NA,NA,NA,NA,NA,NA,14,"mya_nfi_1.txt","Burmese","Burmese","mya",1835,NA,"written","non-fiction","religion","Mymr",NA,"The New Testament in Myanmar. Text of the Parallel Bible Corpus: Mayer, Thomas & Michael Cysouw. 2014. Creating a Massively Parallel Bible Corpus. Proceedings of the International Conference on Language Resources and Evaluation (LREC), Reykjavik, 3158-3163.","https://www.bible.com/de/bible/404/gen.1.bcl","© Rev. Adoniram Judson, 1835",NA,"whole","The first two digits of the identifier refer to the book, the next three digits to the chapter, and the last three digits to the verse. See Mayer & Cysouw (2014) for a list of book identifiers.",140,4.70736546145522,3.01541589893279,0.264285714285714,0
680343,683,"26048029	ဤရွေ့ကား ၊ ဣသရေလအမျိုးအနွယ်တို့ အမွေ ခံစရာဘို့ စာရေးတံချ ၍ ဝေရသောမြေ ၊ ဤရွေ့ကား ၊ သူတို့ ပိုင်းခြား ၍ နေရသော ခရိုင်အသီးအသီး ဖြစ်သတည်းဟု အရှင်ထာဝရဘုရား မိန့်တော်မူ ၏ ။","26048029","ဤရွေ့ကား ၊ ဣသရေလအမျိုးအနွယ်တို့ အမွေ ခံစရာဘို့ စာရေးတံချ ၍ ဝေရသောမြေ ၊ ဤရွေ့ကား ၊ သူတို့ ပိုင်းခြား ၍ နေရသော ခရိုင်အသီးအသီး ဖြစ်သတည်းဟု အရှင်ထာဝရဘုရား မိန့်တော်မူ ၏ ။",NA,NA,NA,NA,NA,NA,NA,14,"mya_nfi_1.txt","Burmese","Burmese","mya",1835,NA,"written","non-fiction","religion","Mymr",NA,"The New Testament in Myanmar. Text of the Parallel Bible Corpus: Mayer, Thomas & Michael Cysouw. 2014. Creating a Massively Parallel Bible Corpus. Proceedings of the International Conference on Language Resources and Evaluation (LREC), Reykjavik, 3158-3163.","https://www.bible.com/de/bible/404/gen.1.bcl","© Rev. Adoniram Judson, 1835",NA,"whole","The first two digits of the identifier refer to the book, the next three digits to the chapter, and the last three digits to the verse. See Mayer & Cysouw (2014) for a list of book identifiers.",166,4.79491378807785,3.09138243215204,0.240963855421687,0
690731,686,"<verse_2>	Hacme , ne Pahpãm to me amji kam hapac xà jũrkwa mã me axà ! Ne curia cu ha cuna mã , cute me pahto impejti ita pyrên me pajakryti to cumã me amji jarẽ , ne pahtỳj me cumã cre !","<verse_2>","Hacme , ne Pahpãm to me amji kam hapac xà jũrkwa mã me axà ! Ne curia cu ha cuna mã , cute me pahto impejti ita pyrên me pajakryti to cumã me amji jarẽ , ne pahtỳj me cumã cre !",NA,NA,NA,NA,NA,NA,NA,17,"ram_nfi_1.txt","Canela-Krahô","Canela-Krahô","ram",NA,1986,"written","non-fiction","religion","Latn","There are diacritics used to modify the latin script, but these are not further explained in the translation.","The Bible in Canela-Krahô.","https://scriptureearth.org/data/ram/PDF/00-PBram-web.pdf","© 2012, Liga Bíblica Internacional","Você pode copiar, distribuir, exibir e executar a obra sob as seguintes condições: • Atribuição. Você deve dar crédito ao autor original, da forma especificada pelo autor ou licenciante. • Uso ñão-Comercial. Você não pode utilizar esta obra com finalidades comerciais. • Vedada a Criação de Obras Derividas. Você não pode alterar, transformar ou criar outra obra com base nesta. http://creativecommons.org/licenses/by-nc-nd/3.0/","whole","This is not a text of the Parallel Bible corpus. Hence, the numbering of books and verses is not given in the stanardized format described by Mayer & Cysouw (2014). Rather, the name of the book is given in upper case letters followed by an empty line. The number of the chapter is given in a single line at the beginning of the chapter. Additionally, chapters are delimited by an empty line. The verse numbers are given at the beginning of each verse followed by a tab delimiter. After each verse follows a line break. Note that there are also headings to chapters and sometimes to paragraphs, these are given in a separate line but without a verse number preceeding it, but with a line tag <title>, e.g. ""<title>	Pê Pahpãm amcro te xêj kam ampo cunea to"" In accordance with the Parallel Bible Corpus, additional white spaces are added around punctuation, e.g. < , > and < . > respectively.",177,4.0618921580415,2.59791369946646,0.163841807909605,0
692984,687,"42008010	Manoppe Gui' , "" Para hamyo esta manmafanu'i ni mesterion i Rainon Yu'os , låo para i otro tåotåo siha ma nisista fina'akomparasion kosa ki , ' Achokka ' manmana'atan ti u mali'e' , yan achokka' manmanhuhungok ti u makomprende . '","42008010","Manoppe Gui' , "" Para hamyo esta manmafanu'i ni mesterion i Rainon Yu'os , låo para i otro tåotåo siha ma nisista fina'akomparasion kosa ki , ' Achokka ' manmana'atan ti u mali'e' , yan achokka' manmanhuhungok ti u makomprende . '",NA,NA,NA,NA,NA,NA,NA,18,"cha_nfi_1.txt","Chamorro","Chamorro","cha",NA,2003,"written","non-fiction","religion","Latn",NA,"Text of the Parallel Bible Corpus: Mayer, Thomas & Michael Cysouw. 2014. Creating a Massively Parallel Bible Corpus. Proceedings of the International Conference on Language Resources and Evaluation (LREC), Reykjavik, 3158-3163.",NA,"© Bishop Tomas A. Camacho of the Diocese of Chalan Kanoa",NA,"whole","The first two digits of the identifier refer to the book, the next three digits to the chapter, and the last three digits to the verse. See Mayer & Cysouw (2014) for a list of book identifiers.",230,4.11457565278166,2.77896266048474,0.134782608695652,0.0131004366812227
700246,690,"40007022	Wanene uiwa wamewa gapan , waenapan arugataet inanap anega wain , ‘ Ayop nega , Ayop nega , amun gega gapan God oisewa wadidiamuinton amba airampu wa oimoton tau amon amba kiman paua baware ge kiman yo paua mega ugup ugup tainton . ’","40007022","Wanene uiwa wamewa gapan , waenapan arugataet inanap anega wain , ‘ Ayop nega , Ayop nega , amun gega gapan God oisewa wadidiamuinton amba airampu wa oimoton tau amon amba kiman paua baware ge kiman yo paua mega ugup ugup tainton . ’",NA,NA,NA,NA,NA,NA,NA,21,"dgz_nfi_1.txt","Daga","Daga","dgz",NA,1974,"written","non-fiction","religion","Latn",NA,"Text of the Parallel Bible Corpus: Mayer, Thomas & Michael Cysouw. 2014. Creating a Massively Parallel Bible Corpus. Proceedings of the International Conference on Language Resources and Evaluation (LREC), Reykjavik, 3158-3163.","http://pngscriptures.org/dgz/copyright.htm","© Wycliffe Bible Translators, Inc.1974, 2004","Print publisher: Wycliffe Bible Translators<br>Electronic publisher: PNG Bible Translation Association<br>Translation by:<br>Wycliffe Bible Translators<br>This translation is made available to you under the terms of the Creative Commons Attribution-Noncommercial-No Derivative Works license. In addition, you have permission to port the text to different file formats, as long as you don't change any of the text or punctuation of the Bible.<br>Pictures included with Scriptures and other documents on this site are licensed just for use with those Scriptures and documents. For other uses, please contact the respective copyright owners.<br>You may share, copy, distribute, transmit, and extract portions or quotations from this work, provided that:<br>You include the above copyright information and that you make it clear that the work came from http://pngscriptures.org/.<br>You do not sell this work for a profit.<br>You do not make any derivative works that change any of the actual words or punctuation of the Scriptures.<br>Permissions beyond the scope of this license may be available if you contact us with your request. If you want to revise a translation, use a translation in an adaptation, or use a translation commercially, we will relay your request to the appropriate copyright owner.","whole","The first two digits of the identifier refer to the book, the next three digits to the chapter, and the last three digits to the verse. See Mayer & Cysouw (2014) for a list of book identifiers.",233,3.81599984028413,2.47899833967765,0.107296137339056,0
709594,693,"Where things that own not man’s dominion",NA,"Where things that own not man’s dominion",NA,NA,NA,NA,NA,NA,NA,23,"eng_fic_10.txt","English","English","eng",NA,2014,"written","fiction","general_fiction","Latn",NA,"H. J. Mozans, Up the Orinoco and down the Magdalena","http://www.gutenberg.org/files/45848/45848-h/45848-h.htm","http://www.gutenberg.org","http://www.gutenberg.org","part",NA,40,3.70869496956284,2.52383246819004,0.4,0
722855,698,"infant in swaddling clothes. As it began to cry, she turned her back upon",NA,"infant in swaddling clothes. As it began to cry, she turned her back upon",NA,NA,NA,NA,NA,NA,NA,23,"eng_fic_104.txt","English","English","eng",NA,2009,"written","fiction","general_fiction","Latn",NA,"Emile Zola, Abbe Mouret's Transgression","http://www.gutenberg.org/files/14200/14200-h/14200-h.htm","http://www.gutenberg.org","http://www.gutenberg.org","part",NA,73,4.17953799381251,2.92559306252482,0.328767123287671,0.0138888888888889
762576,707,"“They are both upstairs, are they not?” said Felicite. “I will go up and",NA,"“They are both upstairs, are they not?” said Felicite. “I will go up and",NA,NA,NA,NA,NA,NA,NA,23,"eng_fic_112.txt","English","English","eng",NA,2009,"written","fiction","general_fiction","Latn",NA,"Emile Zola, Doctor Pascal","http://www.gutenberg.org/files/10720/10720-h/10720-h.htm","http://www.gutenberg.org","http://www.gutenberg.org","part",NA,72,4.3057743031883,2.94520602485286,0.375,0.0140845070422535
765735,707,"Old Mme. Rougon wagged her chin.",NA,"Old Mme. Rougon wagged her chin.",NA,NA,NA,NA,NA,NA,NA,23,"eng_fic_112.txt","English","English","eng",NA,2009,"written","fiction","general_fiction","Latn",NA,"Emile Zola, Doctor Pascal","http://www.gutenberg.org/files/10720/10720-h/10720-h.htm","http://www.gutenberg.org","http://www.gutenberg.org","part",NA,32,4.02751826628863,2.76104191518362,0.59375,0.032258064516129
771883,709,"state. And there was a finicking completeness, moreover, about his toilet,",NA,"state. And there was a finicking completeness, moreover, about his toilet,",NA,NA,NA,NA,NA,NA,NA,23,"eng_fic_114.txt","English","English","eng",NA,2009,"written","fiction","general_fiction","Latn",NA,"Emile Zola, The Downfall","http://www.gutenberg.org/files/13851/13851-h/13851-h.htm","http://www.gutenberg.org","http://www.gutenberg.org","part",NA,74,4.18595624611685,2.94728733820632,0.337837837837838,0.0136986301369863
781976,711,"chasseurs d'Afrique defiling slowly before the mill; the miller was",NA,"chasseurs d'Afrique defiling slowly before the mill; the miller was",NA,NA,NA,NA,NA,NA,NA,23,"eng_fic_116.txt","English","English","eng",NA,2009,"written","fiction","general_fiction","Latn",NA,"Emile Zola, The Downfall","http://www.gutenberg.org/files/13851/13851-h/13851-h.htm","http://www.gutenberg.org","http://www.gutenberg.org","part",NA,67,4.17191209462815,2.71514786495304,0.358208955223881,0.0454545454545455
785800,712,"victorious. Two attendants came in, bearing Captain Beaudoin on a",NA,"victorious. Two attendants came in, bearing Captain Beaudoin on a",NA,NA,NA,NA,NA,NA,NA,23,"eng_fic_117.txt","English","English","eng",NA,2009,"written","fiction","general_fiction","Latn",NA,"Emile Zola, The Downfall","http://www.gutenberg.org/files/13851/13851-h/13851-h.htm","http://www.gutenberg.org","http://www.gutenberg.org","part",NA,65,4.03913911425023,2.85383600916753,0.353846153846154,0.015625
786046,712,"in his voice as he shouted:",NA,"in his voice as he shouted:",NA,NA,NA,NA,NA,NA,NA,23,"eng_fic_117.txt","English","English","eng",NA,2009,"written","fiction","general_fiction","Latn",NA,"Emile Zola, The Downfall","http://www.gutenberg.org/files/13851/13851-h/13851-h.htm","http://www.gutenberg.org","http://www.gutenberg.org","part",NA,27,3.5463989657527,2.44197567317678,0.518518518518518,0
786100,712,"Delaherche recognized as General Lebrun, hurriedly crossed the corridor",NA,"Delaherche recognized as General Lebrun, hurriedly crossed the corridor",NA,NA,NA,NA,NA,NA,NA,23,"eng_fic_117.txt","English","English","eng",NA,2009,"written","fiction","general_fiction","Latn",NA,"Emile Zola, The Downfall","http://www.gutenberg.org/files/13851/13851-h/13851-h.htm","http://www.gutenberg.org","http://www.gutenberg.org","part",NA,71,3.99414900310044,2.78745178381252,0.309859154929577,0.0428571428571429
805976,717,"The linear expansions are the mean values of the results of various",NA,"The linear expansions are the mean values of the results of various",NA,NA,NA,NA,NA,NA,NA,23,"eng_fic_16.txt","English","English","eng",NA,2011,"written","fiction","general_fiction","Latn",NA,"Henry Negretti, A Treatise on Meteorological Instruments","http://www.gutenberg.org/files/36457/36457-h/36457-h.htm","http://www.gutenberg.org","http://www.gutenberg.org","part",NA,67,3.83658082721207,2.41917886755604,0.26865671641791,0
813000,719,"compositor; and apostleship was obviously a profession better paid and",NA,"compositor; and apostleship was obviously a profession better paid and",NA,NA,NA,NA,NA,NA,NA,23,"eng_fic_18.txt","English","English","eng",NA,2009,"written","fiction","general_fiction","Latn",NA,"I. Zangwill, The Big Bow Mystery","http://www.gutenberg.org/files/28164/28164-h/28164-h.htm","http://www.gutenberg.org","http://www.gutenberg.org","whole",NA,70,4.05536118941532,2.75773461922737,0.314285714285714,0.0289855072463768
819503,720,"The flush on his own face deepened; his features expressed internal",NA,"The flush on his own face deepened; his features expressed internal",NA,NA,NA,NA,NA,NA,NA,23,"eng_fic_19.txt","English","English","eng",NA,2004,"written","fiction","general_fiction","Latn",NA,"Zangwill, Israel, 1864-1926, Children of the Ghetto:	A Study of a Peculiar People, London (England) -- Fiction","http://www.gutenberg.org/ebooks/12680.html.noimages","http://www.gutenberg.org","http://www.gutenberg.org","part",NA,67,3.89992972856063,2.67198504105986,0.298507462686567,0.0303030303030303
819509,720,"my reticence, I beg you to believe it was unintentionally. The memory of",NA,"my reticence, I beg you to believe it was unintentionally. The memory of",NA,NA,NA,NA,NA,NA,NA,23,"eng_fic_19.txt","English","English","eng",NA,2004,"written","fiction","general_fiction","Latn",NA,"Zangwill, Israel, 1864-1926, Children of the Ghetto:	A Study of a Peculiar People, London (England) -- Fiction","http://www.gutenberg.org/ebooks/12680.html.noimages","http://www.gutenberg.org","http://www.gutenberg.org","part",NA,72,4.0839921145034,2.93981273000976,0.333333333333333,0.0140845070422535
836180,725,"agrees with Rhodes that the salvation of mankind lies in British",NA,"agrees with Rhodes that the salvation of mankind lies in British",NA,NA,NA,NA,NA,NA,NA,23,"eng_fic_23.txt","English","English","eng",NA,2007,"written","fiction","general_fiction","Latn",NA,"Israel Zangwill, Chosen Peoples","http://www.gutenberg.org/files/20631/20631-h/20631-h.htm","http://www.gutenberg.org","http://www.gutenberg.org","whole",NA,64,3.91290640925759,2.69370479301638,0.3125,0.0158730158730159
867525,733,"Dreamer of the Ghetto and American Man of Action, the Governor and",NA,"Dreamer of the Ghetto and American Man of Action, the Governor and",NA,NA,NA,NA,NA,NA,NA,23,"eng_fic_30.txt","English","English","eng",NA,2011,"written","fiction","general_fiction","Latn",NA,"Israel Zangwill, Ghetto Tragedies","http://www.gutenberg.org/files/35076/35076-h/35076-h.htm","http://www.gutenberg.org","http://www.gutenberg.org","part",NA,66,3.88820334369874,2.47665388153456,0.287878787878788,0.0153846153846154
870592,733,"can do to dress up to the position.""",NA,"can do to dress up to the position.""",NA,NA,NA,NA,NA,NA,NA,23,"eng_fic_30.txt","English","English","eng",NA,2011,"written","fiction","general_fiction","Latn",NA,"Israel Zangwill, Ghetto Tragedies","http://www.gutenberg.org/files/35076/35076-h/35076-h.htm","http://www.gutenberg.org","http://www.gutenberg.org","part",NA,36,3.66948021169221,2.48848722667769,0.444444444444444,0.0285714285714286
880540,735,"Amber could not help smiling. ""Poor Lady Chelmer!"" she said, nodding",NA,"Amber could not help smiling. ""Poor Lady Chelmer!"" she said, nodding",NA,NA,NA,NA,NA,NA,NA,23,"eng_fic_32.txt","English","English","eng",NA,2005,"written","fiction","general_fiction","Latn",NA,"Israel Zangwill, The Grey Wig:	Stories and Novelettes","http://www.gutenberg.org/files/16408/16408-h/16408-h.htm","http://www.gutenberg.org","http://www.gutenberg.org","part",NA,68,4.36587824741449,2.93400021176902,0.397058823529412,0.0298507462686567
911034,741,"A strange fire crept into the old patriarch’s eyes. “A big-boned",NA,"A strange fire crept into the old patriarch’s eyes. “A big-boned",NA,NA,NA,NA,NA,NA,NA,23,"eng_fic_38.txt","English","English","eng",NA,2018,"written","fiction","general_fiction","Latn",NA,"Israel Zangwill, Jinny the Carrier","http://www.gutenberg.org/files/57836/57836-h/57836-h.htm","http://www.gutenberg.org","http://www.gutenberg.org","part",NA,64,4.17016255686243,2.93344709768841,0.359375,0
948326,750,"sounds approximately like those I had heard during the",NA,"sounds approximately like those I had heard during the",NA,NA,NA,NA,NA,NA,NA,23,"eng_fic_46.txt","English","English","eng",NA,NA,"written","fiction","general_fiction","Latn",NA,"Gutenberg Project, English","http://www.gutenberg.org/files/45623/45623-h/45623-h.htm","http://www.gutenberg.org","http://www.gutenberg.org","part",NA,54,4.0625897616958,2.7118035251437,0.37037037037037,0.0188679245283019
1000420,763,"breathes his love and taste for music.... Adam[Pg 372] bending over the sleeping",NA,"breathes his love and taste for music.... Adam[Pg 372] bending over the sleeping",NA,NA,NA,NA,NA,NA,NA,23,"eng_fic_58.txt","English","English","eng",NA,2010,"written","fiction","general_fiction","Latn",NA,"Jacob Zeitlin, Hazlitt on English Literature","http://www.gutenberg.org/files/31132/31132-h/31132-h.htm","http://www.gutenberg.org","http://www.gutenberg.org","part",NA,80,4.38526618230125,3.00740982673848,0.35,0.0506329113924051
1020671,767,"be found in this world. I am confident that when she was created,",NA,"be found in this world. I am confident that when she was created,",NA,NA,NA,NA,NA,NA,NA,23,"eng_fic_61.txt","English","English","eng",NA,2006,"written","fiction","general_fiction","Latn",NA,"R. N. Dutta, Tales from the Hindu Dramatists","http://www.gutenberg.org/files/18285/18285-h/18285-h.htm","http://www.gutenberg.org","http://www.gutenberg.org","whole",NA,65,4.01055002886679,2.70287576687357,0.323076923076923,0
1029760,769,"a field for venturing into the learned professions",NA,"a field for venturing into the learned professions",NA,NA,NA,NA,NA,NA,NA,23,"eng_fic_63.txt","English","English","eng",NA,2007,"written","fiction","general_fiction","Latn",NA,"J. S. Zerbe, Carpentry for Boys","http://www.gutenberg.org/files/20763/20763-h/20763-h.htm","http://www.gutenberg.org","http://www.gutenberg.org","whole",NA,50,3.82314494098158,2.63262094569551,0.34,0.0204081632653061
1039723,771,"with the history of man.",NA,"with the history of man.",NA,NA,NA,NA,NA,NA,NA,23,"eng_fic_65.txt","English","English","eng",NA,2013,"written","fiction","general_fiction","Latn",NA,"James Slough Zerbe, Motors","http://www.gutenberg.org/files/42369/42369-h/42369-h.htm","http://www.gutenberg.org","http://www.gutenberg.org","whole",NA,24,3.68872187554087,2.61646464328806,0.625,0
1040414,772,"Paper Measure. Table of Temperatures. Strength of Various Metals.",NA,"Paper Measure. Table of Temperatures. Strength of Various Metals.",NA,NA,NA,NA,NA,NA,NA,23,"eng_fic_66.txt","English","English","eng",NA,2007,"written","fiction","general_fiction","Latn",NA,"J. S. Zerbe, Practical Mechanics for Boys","http://www.gutenberg.org/files/22298/22298-h/22298-h.htm","http://www.gutenberg.org","http://www.gutenberg.org","whole",NA,65,4.11754415874961,2.77695989958676,0.353846153846154,0
1047603,773,"and thus originated polylithic wall-decoration. The",NA,"and thus originated polylithic wall-decoration. The",NA,NA,NA,NA,NA,NA,NA,23,"eng_fic_67.txt","English","English","eng",NA,NA,"written","fiction","general_fiction","Latn",NA,"Gutenberg Project, English","http://www.gutenberg.org/files/44509/44509-h/44509-h.htm","http://www.gutenberg.org","http://www.gutenberg.org","part",NA,51,4.13833061731409,2.80971628450086,0.411764705882353,0.02
1085225,782,"implements of the table, and last, but not least, to eat slowly and",NA,"implements of the table, and last, but not least, to eat slowly and",NA,NA,NA,NA,NA,NA,NA,23,"eng_fic_75.txt","English","English","eng",NA,2004,"written","fiction","general_fiction","Latn",NA,"Mrs. F.L. Gillette, The Whitehouse Cookbook (1887)","http://www.gutenberg.org/files/13923/13923-h/13923-h.htm","http://www.gutenberg.org","http://www.gutenberg.org","part",NA,67,3.78499833169988,2.57057314261879,0.283582089552239,0
1089410,783,"of butter. Now add the clams. Let them come to a boil and serve.",NA,"of butter. Now add the clams. Let them come to a boil and serve.",NA,NA,NA,NA,NA,NA,NA,23,"eng_fic_76.txt","English","English","eng",NA,2004,"written","fiction","general_fiction","Latn",NA,"Mrs. F.L. Gillette, The Whitehouse Cookbook (1887)","http://www.gutenberg.org/files/13923/13923-h/13923-h.htm","http://www.gutenberg.org","http://www.gutenberg.org","part",NA,64,3.98216751913294,2.75119859258977,0.34375,0.0317460317460317
1095008,784,"let them bake until perfectly tender. Nice with sweet cream or",NA,"let them bake until perfectly tender. Nice with sweet cream or",NA,NA,NA,NA,NA,NA,NA,23,"eng_fic_77.txt","English","English","eng",NA,2004,"written","fiction","general_fiction","Latn",NA,"Mrs. F.L. Gillette, The Whitehouse Cookbook (1887)","http://www.gutenberg.org/files/13923/13923-h/13923-h.htm","http://www.gutenberg.org","http://www.gutenberg.org","part",NA,62,3.96727412143885,2.89171742977691,0.370967741935484,0.0163934426229508
1116513,791,"higher intelligence and a creative will as the highest and last cause",NA,"higher intelligence and a creative will as the highest and last cause",NA,NA,NA,NA,NA,NA,NA,23,"eng_fic_83.txt","English","English","eng",NA,2007,"written","fiction","general_fiction","Latn",NA,"Rudolf Schmid, The Theories of Darwin and Their Relation to Philosophy, Religion, and Morality","http://www.gutenberg.org/files/22150/22150-h/22150-h.htm","http://www.gutenberg.org","http://www.gutenberg.org","part",NA,69,3.70152404077297,2.44066028737935,0.231884057971014,0.0294117647058824
1164883,801,"the north, above all the much prized amber. It is",NA,"the north, above all the much prized amber. It is",NA,NA,NA,NA,NA,NA,NA,23,"eng_fic_92.txt","English","English","eng",NA,NA,"written","fiction","general_fiction","Latn",NA,"Gutenberg Project, English","http://www.gutenberg.org/files/39664/39664-h/39664-h.htm","http://www.gutenberg.org","http://www.gutenberg.org","part",NA,49,4.07085799734491,2.84468428816198,0.448979591836735,0.0208333333333333
1174038,803,"them probably meant calling in question their eternal salvation. In",NA,"them probably meant calling in question their eternal salvation. In",NA,NA,NA,NA,NA,NA,NA,23,"eng_fic_94.txt","English","English","eng",NA,2016,"written","fiction","general_fiction","Latn",NA,"Friedrich Wilhelm Nietzsche, Human All-Too-Human, Part 1","http://www.gutenberg.org/files/51935/51935-h/51935-h.htm","http://www.gutenberg.org","http://www.gutenberg.org","part",NA,67,4.04460873622545,2.79144766572778,0.328358208955224,0.0151515151515152
1186702,806,"afterwards, when society is divided into different ranks, and",NA,"afterwards, when society is divided into different ranks, and",NA,NA,NA,NA,NA,NA,NA,23,"eng_fic_97.txt","English","English","eng",NA,NA,"written","fiction","general_fiction","Latn",NA,"Gutenberg Project, English","http://www.gutenberg.org/files/47610/47610-h/47610-h.htm","http://www.gutenberg.org","http://www.gutenberg.org","part",NA,61,3.88329712461893,2.61146741342708,0.295081967213115,0.0166666666666667
1189038,806,"Vanbrugh, who was a Poet as well as an Architect, there",NA,"Vanbrugh, who was a Poet as well as an Architect, there",NA,NA,NA,NA,NA,NA,NA,23,"eng_fic_97.txt","English","English","eng",NA,NA,"written","fiction","general_fiction","Latn",NA,"Gutenberg Project, English","http://www.gutenberg.org/files/47610/47610-h/47610-h.htm","http://www.gutenberg.org","http://www.gutenberg.org","part",NA,55,3.95220773290415,2.61984053290872,0.363636363636364,0.0185185185185185
1191203,806,"would make him known to posterity by his defects only; he",NA,"would make him known to posterity by his defects only; he",NA,NA,NA,NA,NA,NA,NA,23,"eng_fic_97.txt","English","English","eng",NA,NA,"written","fiction","general_fiction","Latn",NA,"Gutenberg Project, English","http://www.gutenberg.org/files/47610/47610-h/47610-h.htm","http://www.gutenberg.org","http://www.gutenberg.org","part",NA,57,4.1098549368215,2.83736708565929,0.385964912280702,0
1317302,930,"If anyone comes in, use this.",NA,"If anyone comes in, use this.",NA,NA,NA,NA,NA,NA,NA,24,"eng_nfi_1107.txt","English","English","eng",NA,2017,"written","non-fiction","prepared_speeches","Latn",NA,"OpenSubtitles2018","https://object.pouta.csc.fi/OPUS-OpenSubtitles/v2018/raw/en.zip","http://www.opensubtitles.org/","http://www.opensubtitles.org/ P. Lison and J. Tiedemann, 2016, OpenSubtitles2016: Extracting Large Parallel Corpora from Movie and TV Subtitles. In Proceedings of the 10th International Conference on Language Resources and Evaluation (LREC 2016)","whole",NA,29,3.82783261647491,2.6682793516163,0.586206896551724,0
1363110,992,"I'm tired of standing here in the dark.",NA,"I'm tired of standing here in the dark.",NA,NA,NA,NA,NA,NA,NA,24,"eng_nfi_1163.txt","English","English","eng",NA,2017,"written","non-fiction","prepared_speeches","Latn",NA,"OpenSubtitles2018","https://object.pouta.csc.fi/OPUS-OpenSubtitles/v2018/raw/en.zip","http://www.opensubtitles.org/","http://www.opensubtitles.org/ P. Lison and J. Tiedemann, 2016, OpenSubtitles2016: Extracting Large Parallel Corpora from Movie and TV Subtitles. In Proceedings of the 10th International Conference on Language Resources and Evaluation (LREC 2016)","whole",NA,39,3.86422473257454,2.59692949317088,0.461538461538462,0
1366560,995,"Now she's got a chance to go to a fancy-ass school!",NA,"Now she's got a chance to go to a fancy-ass school!",NA,NA,NA,NA,NA,NA,NA,24,"eng_nfi_1166.txt","English","English","eng",NA,2017,"written","non-fiction","prepared_speeches","Latn",NA,"OpenSubtitles2018","https://object.pouta.csc.fi/OPUS-OpenSubtitles/v2018/raw/en.zip","http://www.opensubtitles.org/","http://www.opensubtitles.org/ P. Lison and J. Tiedemann, 2016, OpenSubtitles2016: Extracting Large Parallel Corpora from Movie and TV Subtitles. In Proceedings of the 10th International Conference on Language Resources and Evaluation (LREC 2016)","whole",NA,51,3.71948766831508,2.50175380441743,0.352941176470588,0.04
1424101,1083,"It means his freedom.",NA,"It means his freedom.",NA,NA,NA,NA,NA,NA,NA,24,"eng_nfi_1245.txt","English","English","eng",NA,2017,"written","non-fiction","prepared_speeches","Latn",NA,"OpenSubtitles2018","https://object.pouta.csc.fi/OPUS-OpenSubtitles/v2018/raw/en.zip","http://www.opensubtitles.org/","http://www.opensubtitles.org/ P. Lison and J. Tiedemann, 2016, OpenSubtitles2016: Extracting Large Parallel Corpora from Movie and TV Subtitles. In Proceedings of the 10th International Conference on Language Resources and Evaluation (LREC 2016)","whole",NA,21,3.7489948035251,2.54475469120684,0.714285714285714,0.05
1463171,1149,"This isn't a one-off.",NA,"This isn't a one-off.",NA,NA,NA,NA,NA,NA,NA,24,"eng_nfi_165.txt","English","English","eng",NA,2017,"written","non-fiction","prepared_speeches","Latn",NA,"OpenSubtitles2018","https://object.pouta.csc.fi/OPUS-OpenSubtitles/v2018/raw/en.zip","http://www.opensubtitles.org/","http://www.opensubtitles.org/ P. Lison and J. Tiedemann, 2016, OpenSubtitles2016: Extracting Large Parallel Corpora from Movie and TV Subtitles. In Proceedings of the 10th International Conference on Language Resources and Evaluation (LREC 2016)","whole",NA,21,3.68970373219955,2.50301943021351,0.666666666666667,0.05
1478109,1170,"Hamas is responsible for Palestinians it almost 70 years own refugee's Fund, the rubbish all other refugees worldwide have with the content un hcr the uni-budget 2016 is 136 billion euro",NA,"Hamas is responsible for Palestinians it almost 70 years own refugee's Fund, the rubbish all other refugees worldwide have with the content un hcr the uni-budget 2016 is 136 billion euro",NA,NA,NA,NA,NA,NA,NA,24,"eng_nfi_184.txt","English","English","eng",NA,2017,"written","non-fiction","prepared_speeches","Latn",NA,"OpenSubtitles2018","https://object.pouta.csc.fi/OPUS-OpenSubtitles/v2018/raw/en.zip","http://www.opensubtitles.org/","http://www.opensubtitles.org/ P. Lison and J. Tiedemann, 2016, OpenSubtitles2016: Extracting Large Parallel Corpora from Movie and TV Subtitles. In Proceedings of the 10th International Conference on Language Resources and Evaluation (LREC 2016)","whole",NA,186,4.3665916560785,3.02595007252596,0.182795698924731,0.027027027027027
1530149,1251,"Maybe that's all it is, a promise that ain't gonna never be kept.",NA,"Maybe that's all it is, a promise that ain't gonna never be kept.",NA,NA,NA,NA,NA,NA,NA,24,"eng_nfi_257.txt","English","English","eng",NA,2017,"written","non-fiction","prepared_speeches","Latn",NA,"OpenSubtitles2018","https://object.pouta.csc.fi/OPUS-OpenSubtitles/v2018/raw/en.zip","http://www.opensubtitles.org/","http://www.opensubtitles.org/ P. Lison and J. Tiedemann, 2016, OpenSubtitles2016: Extracting Large Parallel Corpora from Movie and TV Subtitles. In Proceedings of the 10th International Conference on Language Resources and Evaluation (LREC 2016)","whole",NA,65,3.98256502189075,2.72150954240217,0.338461538461538,0.03125
1537102,1263,"We should be preparing the city for a siege.",NA,"We should be preparing the city for a siege.",NA,NA,NA,NA,NA,NA,NA,24,"eng_nfi_268.txt","English","English","eng",NA,2017,"written","non-fiction","prepared_speeches","Latn",NA,"OpenSubtitles2018","https://object.pouta.csc.fi/OPUS-OpenSubtitles/v2018/raw/en.zip","http://www.opensubtitles.org/","http://www.opensubtitles.org/ P. Lison and J. Tiedemann, 2016, OpenSubtitles2016: Extracting Large Parallel Corpora from Movie and TV Subtitles. In Proceedings of the 10th International Conference on Language Resources and Evaluation (LREC 2016)","whole",NA,44,4.02716911844062,2.81954826680894,0.477272727272727,0
1542382,1272,"[tense music]",NA,"[tense music]",NA,NA,NA,NA,NA,NA,NA,24,"eng_nfi_276.txt","English","English","eng",NA,2017,"written","non-fiction","prepared_speeches","Latn",NA,"OpenSubtitles2018","https://object.pouta.csc.fi/OPUS-OpenSubtitles/v2018/raw/en.zip","http://www.opensubtitles.org/","http://www.opensubtitles.org/ P. Lison and J. Tiedemann, 2016, OpenSubtitles2016: Extracting Large Parallel Corpora from Movie and TV Subtitles. In Proceedings of the 10th International Conference on Language Resources and Evaluation (LREC 2016)","whole",NA,13,3.39274741044878,2.2755730503394,0.846153846153846,0
1590741,1350,"And this article says calcium.",NA,"And this article says calcium.",NA,NA,NA,NA,NA,NA,NA,24,"eng_nfi_346.txt","English","English","eng",NA,2017,"written","non-fiction","prepared_speeches","Latn",NA,"OpenSubtitles2018","https://object.pouta.csc.fi/OPUS-OpenSubtitles/v2018/raw/en.zip","http://www.opensubtitles.org/","http://www.opensubtitles.org/ P. Lison and J. Tiedemann, 2016, OpenSubtitles2016: Extracting Large Parallel Corpora from Movie and TV Subtitles. In Proceedings of the 10th International Conference on Language Resources and Evaluation (LREC 2016)","whole",NA,30,3.87290559532006,2.64889882319399,0.566666666666667,0
1592523,1353,"I said I want my gun, you bastard!",NA,"I said I want my gun, you bastard!",NA,NA,NA,NA,NA,NA,NA,24,"eng_nfi_349.txt","English","English","eng",NA,2017,"written","non-fiction","prepared_speeches","Latn",NA,"OpenSubtitles2018","https://object.pouta.csc.fi/OPUS-OpenSubtitles/v2018/raw/en.zip","http://www.opensubtitles.org/","http://www.opensubtitles.org/ P. Lison and J. Tiedemann, 2016, OpenSubtitles2016: Extracting Large Parallel Corpora from Movie and TV Subtitles. In Proceedings of the 10th International Conference on Language Resources and Evaluation (LREC 2016)","whole",NA,34,3.86241918082672,2.75056878530083,0.529411764705882,0
1605342,1375,"""In the words of union leader, Jack Kelly...""",NA,"""In the words of union leader, Jack Kelly...""",NA,NA,NA,NA,NA,NA,NA,24,"eng_nfi_369.txt","English","English","eng",NA,2017,"written","non-fiction","prepared_speeches","Latn",NA,"OpenSubtitles2018","https://object.pouta.csc.fi/OPUS-OpenSubtitles/v2018/raw/en.zip","http://www.opensubtitles.org/","http://www.opensubtitles.org/ P. Lison and J. Tiedemann, 2016, OpenSubtitles2016: Extracting Large Parallel Corpora from Movie and TV Subtitles. In Proceedings of the 10th International Conference on Language Resources and Evaluation (LREC 2016)","whole",NA,45,4.27694121937285,3.02440101143633,0.533333333333333,0.0681818181818182
1618016,1383,"Are you guys being serious right now?",NA,"Are you guys being serious right now?",NA,NA,NA,NA,NA,NA,NA,24,"eng_nfi_376.txt","English","English","eng",NA,2017,"written","non-fiction","prepared_speeches","Latn",NA,"OpenSubtitles2018","https://object.pouta.csc.fi/OPUS-OpenSubtitles/v2018/raw/en.zip","http://www.opensubtitles.org/","http://www.opensubtitles.org/ P. Lison and J. Tiedemann, 2016, OpenSubtitles2016: Extracting Large Parallel Corpora from Movie and TV Subtitles. In Proceedings of the 10th International Conference on Language Resources and Evaluation (LREC 2016)","whole",NA,37,3.78258883807567,2.56606330060354,0.432432432432432,0
1661432,1449,"We can make it a blend of both of us.",NA,"We can make it a blend of both of us.",NA,NA,NA,NA,NA,NA,NA,24,"eng_nfi_435.txt","English","English","eng",NA,2017,"written","non-fiction","prepared_speeches","Latn",NA,"OpenSubtitles2018","https://object.pouta.csc.fi/OPUS-OpenSubtitles/v2018/raw/en.zip","http://www.opensubtitles.org/","http://www.opensubtitles.org/ P. Lison and J. Tiedemann, 2016, OpenSubtitles2016: Extracting Large Parallel Corpora from Movie and TV Subtitles. In Proceedings of the 10th International Conference on Language Resources and Evaluation (LREC 2016)","whole",NA,37,3.83664289212973,2.69287936523109,0.513513513513513,0
1671054,1463,"Come on, buddy, I'm here with you, all right?",NA,"Come on, buddy, I'm here with you, all right?",NA,NA,NA,NA,NA,NA,NA,24,"eng_nfi_448.txt","English","English","eng",NA,2017,"written","non-fiction","prepared_speeches","Latn",NA,"OpenSubtitles2018","https://object.pouta.csc.fi/OPUS-OpenSubtitles/v2018/raw/en.zip","http://www.opensubtitles.org/","http://www.opensubtitles.org/ P. Lison and J. Tiedemann, 2016, OpenSubtitles2016: Extracting Large Parallel Corpora from Movie and TV Subtitles. In Proceedings of the 10th International Conference on Language Resources and Evaluation (LREC 2016)","whole",NA,45,4.18030754058181,2.90386045532694,0.488888888888889,0.0454545454545455
1672020,1464,"And you thought you'd, uh,",NA,"And you thought you'd, uh,",NA,NA,NA,NA,NA,NA,NA,24,"eng_nfi_449.txt","English","English","eng",NA,2017,"written","non-fiction","prepared_speeches","Latn",NA,"OpenSubtitles2018","https://object.pouta.csc.fi/OPUS-OpenSubtitles/v2018/raw/en.zip","http://www.opensubtitles.org/","http://www.opensubtitles.org/ P. Lison and J. Tiedemann, 2016, OpenSubtitles2016: Extracting Large Parallel Corpora from Movie and TV Subtitles. In Proceedings of the 10th International Conference on Language Resources and Evaluation (LREC 2016)","whole",NA,26,3.41160221797467,2.16669160729642,0.461538461538462,0
1717124,1523,"So, what are you after, Billy boy?",NA,"So, what are you after, Billy boy?",NA,NA,NA,NA,NA,NA,NA,24,"eng_nfi_501.txt","English","English","eng",NA,2017,"written","non-fiction","prepared_speeches","Latn",NA,"OpenSubtitles2018","https://object.pouta.csc.fi/OPUS-OpenSubtitles/v2018/raw/en.zip","http://www.opensubtitles.org/","http://www.opensubtitles.org/ P. Lison and J. Tiedemann, 2016, OpenSubtitles2016: Extracting Large Parallel Corpora from Movie and TV Subtitles. In Proceedings of the 10th International Conference on Language Resources and Evaluation (LREC 2016)","whole",NA,34,3.91762644387336,2.69800744336515,0.529411764705882,0.0303030303030303
1730439,1548,"Our first shipment is coming in two days.",NA,"Our first shipment is coming in two days.",NA,NA,NA,NA,NA,NA,NA,24,"eng_nfi_524.txt","English","English","eng",NA,2017,"written","non-fiction","prepared_speeches","Latn",NA,"OpenSubtitles2018","https://object.pouta.csc.fi/OPUS-OpenSubtitles/v2018/raw/en.zip","http://www.opensubtitles.org/","http://www.opensubtitles.org/ P. Lison and J. Tiedemann, 2016, OpenSubtitles2016: Extracting Large Parallel Corpora from Movie and TV Subtitles. In Proceedings of the 10th International Conference on Language Resources and Evaluation (LREC 2016)","whole",NA,41,4.02167639649206,2.86614373062747,0.51219512195122,0
1783225,1632,"And they sent you in to talk to me.",NA,"And they sent you in to talk to me.",NA,NA,NA,NA,NA,NA,NA,24,"eng_nfi_60.txt","English","English","eng",NA,2017,"written","non-fiction","prepared_speeches","Latn",NA,"OpenSubtitles2018","https://object.pouta.csc.fi/OPUS-OpenSubtitles/v2018/raw/en.zip","http://www.opensubtitles.org/","http://www.opensubtitles.org/ P. Lison and J. Tiedemann, 2016, OpenSubtitles2016: Extracting Large Parallel Corpora from Movie and TV Subtitles. In Proceedings of the 10th International Conference on Language Resources and Evaluation (LREC 2016)","whole",NA,35,3.64716007463276,2.54721757243388,0.485714285714286,0
1800447,1662,"Don't know.",NA,"Don't know.",NA,NA,NA,NA,NA,NA,NA,24,"eng_nfi_627.txt","English","English","eng",NA,2017,"written","non-fiction","prepared_speeches","Latn",NA,"OpenSubtitles2018","https://object.pouta.csc.fi/OPUS-OpenSubtitles/v2018/raw/en.zip","http://www.opensubtitles.org/","http://www.opensubtitles.org/ P. Lison and J. Tiedemann, 2016, OpenSubtitles2016: Extracting Large Parallel Corpora from Movie and TV Subtitles. In Proceedings of the 10th International Conference on Language Resources and Evaluation (LREC 2016)","whole",NA,11,3.09579525500093,2.01504820296664,0.818181818181818,0
1802078,1665,"Hey, coach, what do you need?",NA,"Hey, coach, what do you need?",NA,NA,NA,NA,NA,NA,NA,24,"eng_nfi_63.txt","English","English","eng",NA,2017,"written","non-fiction","prepared_speeches","Latn",NA,"OpenSubtitles2018","https://object.pouta.csc.fi/OPUS-OpenSubtitles/v2018/raw/en.zip","http://www.opensubtitles.org/","http://www.opensubtitles.org/ P. Lison and J. Tiedemann, 2016, OpenSubtitles2016: Extracting Large Parallel Corpora from Movie and TV Subtitles. In Proceedings of the 10th International Conference on Language Resources and Evaluation (LREC 2016)","whole",NA,29,3.71593218551503,2.52010229047074,0.517241379310345,0.0357142857142857
1921046,1859,"- we need by my calculations...",NA,"- we need by my calculations...",NA,NA,NA,NA,NA,NA,NA,24,"eng_nfi_804.txt","English","English","eng",NA,2017,"written","non-fiction","prepared_speeches","Latn",NA,"OpenSubtitles2018","https://object.pouta.csc.fi/OPUS-OpenSubtitles/v2018/raw/en.zip","http://www.opensubtitles.org/","http://www.opensubtitles.org/ P. Lison and J. Tiedemann, 2016, OpenSubtitles2016: Extracting Large Parallel Corpora from Movie and TV Subtitles. In Proceedings of the 10th International Conference on Language Resources and Evaluation (LREC 2016)","whole",NA,31,3.95034419816869,2.79104504735799,0.580645161290323,0.1
1948952,1892,"And thank you for accommodating me,",NA,"And thank you for accommodating me,",NA,NA,NA,NA,NA,NA,NA,24,"eng_nfi_834.txt","English","English","eng",NA,2017,"written","non-fiction","prepared_speeches","Latn",NA,"OpenSubtitles2018","https://object.pouta.csc.fi/OPUS-OpenSubtitles/v2018/raw/en.zip","http://www.opensubtitles.org/","http://www.opensubtitles.org/ P. Lison and J. Tiedemann, 2016, OpenSubtitles2016: Extracting Large Parallel Corpora from Movie and TV Subtitles. In Proceedings of the 10th International Conference on Language Resources and Evaluation (LREC 2016)","whole",NA,35,3.9900172174899,2.80010195912509,0.542857142857143,0.0588235294117647
1970833,1919,"Sometimes I can't believe... he is my husband.",NA,"Sometimes I can't believe... he is my husband.",NA,NA,NA,NA,NA,NA,NA,24,"eng_nfi_859.txt","English","English","eng",NA,2017,"written","non-fiction","prepared_speeches","Latn",NA,"OpenSubtitles2018","https://object.pouta.csc.fi/OPUS-OpenSubtitles/v2018/raw/en.zip","http://www.opensubtitles.org/","http://www.opensubtitles.org/ P. Lison and J. Tiedemann, 2016, OpenSubtitles2016: Extracting Large Parallel Corpora from Movie and TV Subtitles. In Proceedings of the 10th International Conference on Language Resources and Evaluation (LREC 2016)","whole",NA,46,4.05778104376961,2.81884723936369,0.456521739130435,0.0444444444444444
1974231,1924,"Stay on the ground, man.",NA,"Stay on the ground, man.",NA,NA,NA,NA,NA,NA,NA,24,"eng_nfi_863.txt","English","English","eng",NA,2017,"written","non-fiction","prepared_speeches","Latn",NA,"OpenSubtitles2018","https://object.pouta.csc.fi/OPUS-OpenSubtitles/v2018/raw/en.zip","http://www.opensubtitles.org/","http://www.opensubtitles.org/ P. Lison and J. Tiedemann, 2016, OpenSubtitles2016: Extracting Large Parallel Corpora from Movie and TV Subtitles. In Proceedings of the 10th International Conference on Language Resources and Evaluation (LREC 2016)","whole",NA,24,3.80350885479768,2.64627400478327,0.666666666666667,0
1994423,1956,"You're hurting me.",NA,"You're hurting me.",NA,NA,NA,NA,NA,NA,NA,24,"eng_nfi_892.txt","English","English","eng",NA,2017,"written","non-fiction","prepared_speeches","Latn",NA,"OpenSubtitles2018","https://object.pouta.csc.fi/OPUS-OpenSubtitles/v2018/raw/en.zip","http://www.opensubtitles.org/","http://www.opensubtitles.org/ P. Lison and J. Tiedemann, 2016, OpenSubtitles2016: Extracting Large Parallel Corpora from Movie and TV Subtitles. In Proceedings of the 10th International Conference on Language Resources and Evaluation (LREC 2016)","whole",NA,18,3.72548055699787,2.51469028033228,0.777777777777778,0
1998740,1962,"But something has escaped you.",NA,"But something has escaped you.",NA,NA,NA,NA,NA,NA,NA,24,"eng_nfi_898.txt","English","English","eng",NA,2017,"written","non-fiction","prepared_speeches","Latn",NA,"OpenSubtitles2018","https://object.pouta.csc.fi/OPUS-OpenSubtitles/v2018/raw/en.zip","http://www.opensubtitles.org/","http://www.opensubtitles.org/ P. Lison and J. Tiedemann, 2016, OpenSubtitles2016: Extracting Large Parallel Corpora from Movie and TV Subtitles. In Proceedings of the 10th International Conference on Language Resources and Evaluation (LREC 2016)","whole",NA,30,3.98989809546429,2.73827584931883,0.6,0
2016411,1991,"- Apothecary?",NA,"- Apothecary?",NA,NA,NA,NA,NA,NA,NA,24,"eng_nfi_923.txt","English","English","eng",NA,2017,"written","non-fiction","prepared_speeches","Latn",NA,"OpenSubtitles2018","https://object.pouta.csc.fi/OPUS-OpenSubtitles/v2018/raw/en.zip","http://www.opensubtitles.org/","http://www.opensubtitles.org/ P. Lison and J. Tiedemann, 2016, OpenSubtitles2016: Extracting Large Parallel Corpora from Movie and TV Subtitles. In Proceedings of the 10th International Conference on Language Resources and Evaluation (LREC 2016)","whole",NA,13,3.70043971814109,2.5027611501705,1,0
2022575,1999,"You would be awesome at that.",NA,"You would be awesome at that.",NA,NA,NA,NA,NA,NA,NA,24,"eng_nfi_930.txt","English","English","eng",NA,2017,"written","non-fiction","prepared_speeches","Latn",NA,"OpenSubtitles2018","https://object.pouta.csc.fi/OPUS-OpenSubtitles/v2018/raw/en.zip","http://www.opensubtitles.org/","http://www.opensubtitles.org/ P. Lison and J. Tiedemann, 2016, OpenSubtitles2016: Extracting Large Parallel Corpora from Movie and TV Subtitles. In Proceedings of the 10th International Conference on Language Resources and Evaluation (LREC 2016)","whole",NA,29,3.66387097846927,2.46683496355494,0.517241379310345,0
2032513,2007,"The torpedoes missed.",NA,"The torpedoes missed.",NA,NA,NA,NA,NA,NA,NA,24,"eng_nfi_938.txt","English","English","eng",NA,2017,"written","non-fiction","prepared_speeches","Latn",NA,"OpenSubtitles2018","https://object.pouta.csc.fi/OPUS-OpenSubtitles/v2018/raw/en.zip","http://www.opensubtitles.org/","http://www.opensubtitles.org/ P. Lison and J. Tiedemann, 2016, OpenSubtitles2016: Extracting Large Parallel Corpora from Movie and TV Subtitles. In Proceedings of the 10th International Conference on Language Resources and Evaluation (LREC 2016)","whole",NA,21,3.49922754172336,2.34939307989699,0.619047619047619,0.05
2041877,2018,"No, Marianne, you're not 18 because you didn't RSVP, so you're actually not on our table, or any table, I don't think.",NA,"No, Marianne, you're not 18 because you didn't RSVP, so you're actually not on our table, or any table, I don't think.",NA,NA,NA,NA,NA,NA,NA,24,"eng_nfi_948.txt","English","English","eng",NA,2017,"written","non-fiction","prepared_speeches","Latn",NA,"OpenSubtitles2018","https://object.pouta.csc.fi/OPUS-OpenSubtitles/v2018/raw/en.zip","http://www.opensubtitles.org/","http://www.opensubtitles.org/ P. Lison and J. Tiedemann, 2016, OpenSubtitles2016: Extracting Large Parallel Corpora from Movie and TV Subtitles. In Proceedings of the 10th International Conference on Language Resources and Evaluation (LREC 2016)","whole",NA,118,4.24640082830357,2.76627318113479,0.245762711864407,0.0170940170940171
2045491,2025,"I was adopted by a group of monks.",NA,"I was adopted by a group of monks.",NA,NA,NA,NA,NA,NA,NA,24,"eng_nfi_954.txt","English","English","eng",NA,2017,"written","non-fiction","prepared_speeches","Latn",NA,"OpenSubtitles2018","https://object.pouta.csc.fi/OPUS-OpenSubtitles/v2018/raw/en.zip","http://www.opensubtitles.org/","http://www.opensubtitles.org/ P. Lison and J. Tiedemann, 2016, OpenSubtitles2016: Extracting Large Parallel Corpora from Movie and TV Subtitles. In Proceedings of the 10th International Conference on Language Resources and Evaluation (LREC 2016)","whole",NA,34,3.9578636660572,2.87757347836435,0.588235294117647,0
2057791,2037,"- Like, what's her deal?",NA,"- Like, what's her deal?",NA,NA,NA,NA,NA,NA,NA,24,"eng_nfi_965.txt","English","English","eng",NA,2017,"written","non-fiction","prepared_speeches","Latn",NA,"OpenSubtitles2018","https://object.pouta.csc.fi/OPUS-OpenSubtitles/v2018/raw/en.zip","http://www.opensubtitles.org/","http://www.opensubtitles.org/ P. Lison and J. Tiedemann, 2016, OpenSubtitles2016: Extracting Large Parallel Corpora from Movie and TV Subtitles. In Proceedings of the 10th International Conference on Language Resources and Evaluation (LREC 2016)","whole",NA,24,3.88684218813101,2.70794343430172,0.708333333333333,0
2073479,2058,"Tortoise-shell comb.",NA,"Tortoise-shell comb.",NA,NA,NA,NA,NA,NA,NA,24,"eng_nfi_984.txt","English","English","eng",NA,2017,"written","non-fiction","prepared_speeches","Latn",NA,"OpenSubtitles2018","https://object.pouta.csc.fi/OPUS-OpenSubtitles/v2018/raw/en.zip","http://www.opensubtitles.org/","http://www.opensubtitles.org/ P. Lison and J. Tiedemann, 2016, OpenSubtitles2016: Extracting Large Parallel Corpora from Movie and TV Subtitles. In Proceedings of the 10th International Conference on Language Resources and Evaluation (LREC 2016)","whole",NA,20,3.78418371977919,2.62577828470022,0.75,0.0526315789473684
2126902,2086,"alituisella sotakannalla kanssamme. Meillä oli eri tarkoitukset, heillä",NA,"alituisella sotakannalla kanssamme. Meillä oli eri tarkoitukset, heillä",NA,NA,NA,NA,NA,NA,NA,28,"fin_fic_106.txt","Finnish","Finnish","fin",NA,2012,"written","fiction","general_fiction","Latn",NA,"Alkio, Santeri, 1862-1930, Kylistä, kodeista ja vainioilta:	Kertomuksia ja kuvaelmia, Fiction","http://www.gutenberg.org/ebooks/41686.html.noimages","http://www.gutenberg.org","http://www.gutenberg.org","whole",NA,71,3.82171323460062,2.58129674222577,0.253521126760563,0.1
2127628,2086,"laiska ja kurillinen. Tähän aikaan rupesi hän jo kantelemaan koulusta",NA,"laiska ja kurillinen. Tähän aikaan rupesi hän jo kantelemaan koulusta",NA,NA,NA,NA,NA,NA,NA,28,"fin_fic_106.txt","Finnish","Finnish","fin",NA,2012,"written","fiction","general_fiction","Latn",NA,"Alkio, Santeri, 1862-1930, Kylistä, kodeista ja vainioilta:	Kertomuksia ja kuvaelmia, Fiction","http://www.gutenberg.org/ebooks/41686.html.noimages","http://www.gutenberg.org","http://www.gutenberg.org","whole",NA,69,3.9094116039681,2.6344475595106,0.27536231884058,0.0441176470588235
2211280,2110,"ja kun aurinko laski, sulki se lehtensä, nukkui ja näki koko yön unta",NA,"ja kun aurinko laski, sulki se lehtensä, nukkui ja näki koko yön unta",NA,NA,NA,NA,NA,NA,NA,28,"fin_fic_128.txt","Finnish","Finnish","fin",NA,2016,"written","fiction","general_fiction","Latn",NA,"Andersen, H. C. (Hans Christian), 1805-1875, Satuja ja tarinoita I, Fairy tales","http://www.gutenberg.org/ebooks/53484.html.noimages","http://www.gutenberg.org","http://www.gutenberg.org","whole",NA,69,3.78687115336181,2.58580683524746,0.260869565217391,0.0147058823529412
2253759,2129,"jälleen kotimaahani, jos hän sen hyväksensä näkisi.",NA,"jälleen kotimaahani, jos hän sen hyväksensä näkisi.",NA,NA,NA,NA,NA,NA,NA,28,"fin_fic_145.txt","Finnish","Finnish","fin",NA,2008,"written","fiction","general_fiction","Latn",NA,"Anonymous, Tuhannen ja yhden yön tarinoita Suomen lapsille II","http://www.gutenberg.org/files/25996/25996-h/25996-h.htm","http://www.gutenberg.org","http://www.gutenberg.org","whole",NA,51,3.89784703875546,2.61599832457193,0.352941176470588,0.06
2272828,2134,"tulleet nälkää pakoon köyhemmästä kotimaasta ja oleksivat kasakoina eli",NA,"tulleet nälkää pakoon köyhemmästä kotimaasta ja oleksivat kasakoina eli",NA,NA,NA,NA,NA,NA,NA,28,"fin_fic_15.txt","Finnish","Finnish","fin",NA,2014,"written","fiction","general_fiction","Latn",NA,"August Ahlqvist, Muistelmia matkoilta Venäjällä vuosina 1854-1858","http://www.gutenberg.org/files/44817/44817-h/44817-h.htm","http://www.gutenberg.org","http://www.gutenberg.org","part",NA,71,3.90131160719785,2.71613374644436,0.267605633802817,0.0857142857142857
2273002,2134,"katsannoissa en voikaan Savodoilla oloani katua. Jälkimäistä",NA,"katsannoissa en voikaan Savodoilla oloani katua. Jälkimäistä",NA,NA,NA,NA,NA,NA,NA,28,"fin_fic_15.txt","Finnish","Finnish","fin",NA,2014,"written","fiction","general_fiction","Latn",NA,"August Ahlqvist, Muistelmia matkoilta Venäjällä vuosina 1854-1858","http://www.gutenberg.org/files/44817/44817-h/44817-h.htm","http://www.gutenberg.org","http://www.gutenberg.org","part",NA,60,3.79242357159822,2.6636874500341,0.3,0.0677966101694915
2338969,2149,"1589 on hän laivoja rakennuttamassa, Mölsta-harjun tykönä Smolannissa.",NA,"1589 on hän laivoja rakennuttamassa, Mölsta-harjun tykönä Smolannissa.",NA,NA,NA,NA,NA,NA,NA,28,"fin_fic_18.txt","Finnish","Finnish","fin",NA,2013,"written","fiction","general_fiction","Latn",NA,", Uusi suomalainen lukemisto","http://www.gutenberg.org/files/43717/43717-h/43717-h.htm","http://www.gutenberg.org","http://www.gutenberg.org","part",NA,70,4.3579947186301,3.0636738924913,0.4,0.072463768115942
2344828,2152,"pyydyksien käy, saattoi hän mumista ja sitten havahtua täysin",NA,"pyydyksien käy, saattoi hän mumista ja sitten havahtua täysin",NA,NA,NA,NA,NA,NA,NA,28,"fin_fic_20.txt","Finnish","Finnish","fin",NA,2017,"written","fiction","general_fiction","Latn",NA,"Schildt, Runar, 1888-1925, Kotiinpaluu ja muita novelleja","http://www.gutenberg.org/ebooks/55050.html.noimages","http://www.gutenberg.org","http://www.gutenberg.org","whole",NA,61,3.90382479106381,2.65824831091665,0.311475409836066,0.0666666666666667
2411672,2169,"sanon sen peittelemättä, myöskin minua innostuttaa. Jos minä olisin",NA,"sanon sen peittelemättä, myöskin minua innostuttaa. Jos minä olisin",NA,NA,NA,NA,NA,NA,NA,28,"fin_fic_36.txt","Finnish","Finnish","fin",NA,2004,"written","fiction","general_fiction","Latn",NA,"Aho, Juhani, 1861-1921, Kevät ja takatalvi, Finnish fiction","http://www.gutenberg.org/ebooks/13920.html.noimages","http://www.gutenberg.org","http://www.gutenberg.org","part",NA,67,3.85568685570736,2.67386688543274,0.283582089552239,0.0757575757575758
2420044,2170,"mahdollista, äänettöminä, välinpitämättöminä, niinkuin eivät nämä asiat",NA,"mahdollista, äänettöminä, välinpitämättöminä, niinkuin eivät nämä asiat",NA,NA,NA,NA,NA,NA,NA,28,"fin_fic_37.txt","Finnish","Finnish","fin",NA,2004,"written","fiction","general_fiction","Latn",NA,"Aho, Juhani, 1861-1921, Kevät ja takatalvi, Finnish fiction","http://www.gutenberg.org/ebooks/13920.html.noimages","http://www.gutenberg.org","http://www.gutenberg.org","part",NA,71,3.7966801845633,2.48753913709743,0.267605633802817,0.0714285714285714
2437022,2174,"karaista sydäntänsä ylenkatsomaan vainajien vihaa, täytyi hänen",NA,"karaista sydäntänsä ylenkatsomaan vainajien vihaa, täytyi hänen",NA,NA,NA,NA,NA,NA,NA,28,"fin_fic_40.txt","Finnish","Finnish","fin",NA,2017,"written","fiction","general_fiction","Latn",NA,"Various, Kuvia ja kuvitelmia Suomen historiasta II","http://www.gutenberg.org/ebooks/56124.html.noimages","http://www.gutenberg.org","http://www.gutenberg.org","part",NA,63,3.84532968733048,2.69653583235432,0.301587301587302,0.032258064516129
2451780,2176,"syksyä emme juuri muuta tehneet kuin ammuimme jäniksiä. Olimme",NA,"syksyä emme juuri muuta tehneet kuin ammuimme jäniksiä. Olimme",NA,NA,NA,NA,NA,NA,NA,28,"fin_fic_42.txt","Finnish","Finnish","fin",NA,2004,"written","fiction","general_fiction","Latn",NA,"Aho, Juhani, 1861-1921, Lastuja I-III, Short stories, Finnish","http://www.gutenberg.org/ebooks/13691.html.noimages","http://www.gutenberg.org","http://www.gutenberg.org","part",NA,62,3.80944152027631,2.58482114231314,0.290322580645161,0.114754098360656
2508950,2189,"Etkä häntä sittenkään surmatuksi saanut. Pois pääsivät.",NA,"Etkä häntä sittenkään surmatuksi saanut. Pois pääsivät.",NA,NA,NA,NA,NA,NA,NA,28,"fin_fic_54.txt","Finnish","Finnish","fin",NA,2004,"written","fiction","general_fiction","Latn",NA,"Aho, Juhani, 1861-1921, Panu:	Näytelmä, Finland -- History -- To 1523 -- Drama","http://www.gutenberg.org/ebooks/13849.html.noimages","http://www.gutenberg.org","http://www.gutenberg.org","whole",NA,55,3.83707431407834,2.71166916107315,0.345454545454545,0.0740740740740741
2512132,2190,"Olavi tuli takaisin ja seisahtui verannan ovelle.",NA,"Olavi tuli takaisin ja seisahtui verannan ovelle.",NA,NA,NA,NA,NA,NA,NA,28,"fin_fic_55.txt","Finnish","Finnish","fin",NA,2004,"written","fiction","general_fiction","Latn",NA,"Aho, Juhani, 1861-1921, Papin rouva, Fiction","http://www.gutenberg.org/ebooks/13663.html.noimages","http://www.gutenberg.org","http://www.gutenberg.org","whole",NA,49,3.75887929371628,2.58212687870008,0.346938775510204,0.0416666666666667
2514864,2190,"te vasta täällä olisitte täydellisesti minun ja minä teidän?",NA,"te vasta täällä olisitte täydellisesti minun ja minä teidän?",NA,NA,NA,NA,NA,NA,NA,28,"fin_fic_55.txt","Finnish","Finnish","fin",NA,2004,"written","fiction","general_fiction","Latn",NA,"Aho, Juhani, 1861-1921, Papin rouva, Fiction","http://www.gutenberg.org/ebooks/13663.html.noimages","http://www.gutenberg.org","http://www.gutenberg.org","whole",NA,60,3.72130013044573,2.52918693568138,0.283333333333333,0.0677966101694915
2531842,2195,"""Nyt tiedät, Anni, mitä me saamme vartoa"", huokasi Vappu tuskallisesti",NA,"""Nyt tiedät, Anni, mitä me saamme vartoa"", huokasi Vappu tuskallisesti",NA,NA,NA,NA,NA,NA,NA,28,"fin_fic_6.txt","Finnish","Finnish","fin",NA,2016,"written","fiction","general_fiction","Latn",NA,"Åberg, J. O. (Johan Olof), 1843-1898, Karhu-Antin Anni ja Spof'in pistooli:	Kertomus Suomen sodan ajoilta 1808-09, Swedish fiction -- Translations into Finnish","http://www.gutenberg.org/ebooks/52035.html.noimages","http://www.gutenberg.org","http://www.gutenberg.org","whole",NA,70,4.20840466830385,2.94038479798772,0.342857142857143,0.072463768115942
2574133,2204,"— En tiedä.",NA,"— En tiedä.",NA,NA,NA,NA,NA,NA,NA,28,"fin_fic_68.txt","Finnish","Finnish","fin",NA,2011,"written","fiction","general_fiction","Latn",NA,"Topelius, Zacharias, 1818-1898, Välskärin kertomuksia 4.2, Vaasan prinsessa, Sweden -- History -- Adolphus Frederick, 1751-1771 -- Fiction","http://www.gutenberg.org/ebooks/36466.html.noimages","http://www.gutenberg.org","http://www.gutenberg.org","part",NA,11,3.27761343681912,2.1899571532646,0.909090909090909,0
2583222,2205,"etupäässä olevalla kuninkaalla on ihmeellinen valta saada kansa",NA,"etupäässä olevalla kuninkaalla on ihmeellinen valta saada kansa",NA,NA,NA,NA,NA,NA,NA,28,"fin_fic_69.txt","Finnish","Finnish","fin",NA,2011,"written","fiction","general_fiction","Latn",NA,"Topelius, Zacharias, 1818-1898, Välskärin kertomuksia 5, Vapaa-ajattelija. Iltamyrskyjä. Aamun valkeneminen., Sweden -- History -- Adolphus Frederick, 1751-1771 -- Fiction","http://www.gutenberg.org/ebooks/36527.html.noimages","http://www.gutenberg.org","http://www.gutenberg.org","part",NA,63,3.69069083701879,2.48290833749955,0.26984126984127,0.129032258064516
2606322,2212,"häväistysjutulla se päättyisi.",NA,"häväistysjutulla se päättyisi.",NA,NA,NA,NA,NA,NA,NA,28,"fin_fic_75.txt","Finnish","Finnish","fin",NA,2013,"written","fiction","general_fiction","Latn",NA,"Ahrenberg, Jacob, 1847-1914, Kansalaisemme, Fiction","http://www.gutenberg.org/ebooks/43564.html.noimages","http://www.gutenberg.org","http://www.gutenberg.org","whole",NA,30,3.68172767886974,2.50164456341741,0.5,0.103448275862069
2639219,2219,"Meksikosta asti hän oli askel askeleelta seurannut tyttöä vaanien kuin",NA,"Meksikosta asti hän oli askel askeleelta seurannut tyttöä vaanien kuin",NA,NA,NA,NA,NA,NA,NA,28,"fin_fic_81.txt","Finnish","Finnish","fin",NA,2018,"written","fiction","general_fiction","Latn",NA,"Aimard, Gustave, 1818-1883, Arkansasin sissit, Seikkailuromaani suurilta ruoholakeuksilta","http://www.gutenberg.org/ebooks/57727.html.noimages","http://www.gutenberg.org","http://www.gutenberg.org","part",NA,70,3.80319712578099,2.61934079387181,0.257142857142857,0.0579710144927536
2674280,2227,"ollessani pakotettu kätkeytymään, mitä taas ei voinut välttää, jos",NA,"ollessani pakotettu kätkeytymään, mitä taas ei voinut välttää, jos",NA,NA,NA,NA,NA,NA,NA,28,"fin_fic_89.txt","Finnish","Finnish","fin",NA,2017,"written","fiction","general_fiction","Latn",NA,"Collins, Wilkie, 1824-1889, Valkopukuinen nainen 1, Perheromaani, Inheritance and succession -- Fiction","http://www.gutenberg.org/ebooks/53922.html.noimages","http://www.gutenberg.org","http://www.gutenberg.org","part",NA,66,3.90597854496804,2.72741075946187,0.272727272727273,0.107692307692308
2694966,2231,"vaihtelun tähden, voidaan silloin käyttää täydelleen. Kevättulva menee",NA,"vaihtelun tähden, voidaan silloin käyttää täydelleen. Kevättulva menee",NA,NA,NA,NA,NA,NA,NA,28,"fin_fic_92.txt","Finnish","Finnish","fin",NA,2012,"written","fiction","general_fiction","Latn",NA,"Väinö Airola, Keksijän voitto","http://www.gutenberg.org/files/41745/41745-h/41745-h.htm","http://www.gutenberg.org","http://www.gutenberg.org","whole",NA,70,3.97047578213166,2.67335214871348,0.285714285714286,0.115942028985507
2712668,2234,"Hän ojensi kätensä, ja Rose pisti ujosti pienen kätensä pojan",NA,"Hän ojensi kätensä, ja Rose pisti ujosti pienen kätensä pojan",NA,NA,NA,NA,NA,NA,NA,28,"fin_fic_95.txt","Finnish","Finnish","fin",NA,2016,"written","fiction","general_fiction","Latn",NA,"Alcott, Louisa May, 1832-1888, Kahdeksan serkusta, Orphans -- Juvenile fiction","http://www.gutenberg.org/ebooks/52771.html.noimages","http://www.gutenberg.org","http://www.gutenberg.org","whole",NA,61,3.71476146990592,2.23645939971171,0.262295081967213,0
2738536,2238,"vohvelit eivät koskaan petä, sanoi Ted vieraanvaraisesti.",NA,"vohvelit eivät koskaan petä, sanoi Ted vieraanvaraisesti.",NA,NA,NA,NA,NA,NA,NA,28,"fin_fic_99.txt","Finnish","Finnish","fin",NA,2016,"written","fiction","general_fiction","Latn",NA,"Alcott, Louisa May, 1832-1888, Plumfieldin pojat, Boarding schools -- Fiction","http://www.gutenberg.org/ebooks/51602.html.noimages","http://www.gutenberg.org","http://www.gutenberg.org","whole",NA,57,3.91534220809197,2.74844892417571,0.333333333333333,0.0357142857142857
2740200,2238,"jota tyttö kävi mielessään eronhetken lähestyessä.",NA,"jota tyttö kävi mielessään eronhetken lähestyessä.",NA,NA,NA,NA,NA,NA,NA,28,"fin_fic_99.txt","Finnish","Finnish","fin",NA,2016,"written","fiction","general_fiction","Latn",NA,"Alcott, Louisa May, 1832-1888, Plumfieldin pojat, Boarding schools -- Fiction","http://www.gutenberg.org/ebooks/51602.html.noimages","http://www.gutenberg.org","http://www.gutenberg.org","whole",NA,50,3.90895482209064,2.64470315813666,0.38,0.0816326530612245
2812645,2312,"Eräs Sybil-niminen nainen haluaa, ja käytän nais-termiä löyhästi.",NA,"Eräs Sybil-niminen nainen haluaa, ja käytän nais-termiä löyhästi.",NA,NA,NA,NA,NA,NA,NA,29,"fin_nfi_1064.txt","Finnish","Finnish","fin",NA,2016,"written","non-fiction","prepared_speeches","Latn",NA,"OpenSubtitles2018","https://object.pouta.csc.fi/OPUS-OpenSubtitles/v2018/raw/fi.zip","http://www.opensubtitles.org/","http://www.opensubtitles.org/ P. Lison and J. Tiedemann, 2016, OpenSubtitles2016: Extracting Large Parallel Corpora from Movie and TV Subtitles. In Proceedings of the 10th International Conference on Language Resources and Evaluation (LREC 2016)","whole",NA,65,4.14241670689942,2.77359506843836,0.353846153846154,0.015625
2857603,2401,"Näytä, miltä tuntuu!",NA,"Näytä, miltä tuntuu!",NA,NA,NA,NA,NA,NA,NA,29,"fin_nfi_1144.txt","Finnish","Finnish","fin",NA,2016,"written","non-fiction","prepared_speeches","Latn",NA,"OpenSubtitles2018","https://object.pouta.csc.fi/OPUS-OpenSubtitles/v2018/raw/fi.zip","http://www.opensubtitles.org/","http://www.opensubtitles.org/ P. Lison and J. Tiedemann, 2016, OpenSubtitles2016: Extracting Large Parallel Corpora from Movie and TV Subtitles. In Proceedings of the 10th International Conference on Language Resources and Evaluation (LREC 2016)","whole",NA,20,3.34643934467102,2.25649260361506,0.6,0.0526315789473684
2897585,2491,"Yhteytesi Steiniin on kaksisuuntainen.",NA,"Yhteytesi Steiniin on kaksisuuntainen.",NA,NA,NA,NA,NA,NA,NA,29,"fin_nfi_1225.txt","Finnish","Finnish","fin",NA,2016,"written","non-fiction","prepared_speeches","Latn",NA,"OpenSubtitles2018","https://object.pouta.csc.fi/OPUS-OpenSubtitles/v2018/raw/fi.zip","http://www.opensubtitles.org/","http://www.opensubtitles.org/ P. Lison and J. Tiedemann, 2016, OpenSubtitles2016: Extracting Large Parallel Corpora from Movie and TV Subtitles. In Proceedings of the 10th International Conference on Language Resources and Evaluation (LREC 2016)","whole",NA,38,3.60241896047041,2.46983246318283,0.394736842105263,0.0540540540540541
2898851,2492,"Adrien Arcand.",NA,"Adrien Arcand.",NA,NA,NA,NA,NA,NA,NA,29,"fin_nfi_1226.txt","Finnish","Finnish","fin",NA,2016,"written","non-fiction","prepared_speeches","Latn",NA,"OpenSubtitles2018","https://object.pouta.csc.fi/OPUS-OpenSubtitles/v2018/raw/fi.zip","http://www.opensubtitles.org/","http://www.opensubtitles.org/ P. Lison and J. Tiedemann, 2016, OpenSubtitles2016: Extracting Large Parallel Corpora from Movie and TV Subtitles. In Proceedings of the 10th International Conference on Language Resources and Evaluation (LREC 2016)","whole",NA,14,3.23592635062903,2.11539901886584,0.714285714285714,0
2899731,2494,"Kommodori Chamberlainin mukaan armahdus on hyväksyttävä heti tai Nassauta pidetään vihamielisenä seutuna.",NA,"Kommodori Chamberlainin mukaan armahdus on hyväksyttävä heti tai Nassauta pidetään vihamielisenä seutuna.",NA,NA,NA,NA,NA,NA,NA,29,"fin_nfi_1228.txt","Finnish","Finnish","fin",NA,2016,"written","non-fiction","prepared_speeches","Latn",NA,"OpenSubtitles2018","https://object.pouta.csc.fi/OPUS-OpenSubtitles/v2018/raw/fi.zip","http://www.opensubtitles.org/","http://www.opensubtitles.org/ P. Lison and J. Tiedemann, 2016, OpenSubtitles2016: Extracting Large Parallel Corpora from Movie and TV Subtitles. In Proceedings of the 10th International Conference on Language Resources and Evaluation (LREC 2016)","whole",NA,105,4.21492518235066,2.95695547908068,0.228571428571429,0.0480769230769231
2922978,2537,"Ovatko ne polttojälkiä?",NA,"Ovatko ne polttojälkiä?",NA,NA,NA,NA,NA,NA,NA,29,"fin_nfi_1267.txt","Finnish","Finnish","fin",NA,2016,"written","non-fiction","prepared_speeches","Latn",NA,"OpenSubtitles2018","https://object.pouta.csc.fi/OPUS-OpenSubtitles/v2018/raw/fi.zip","http://www.opensubtitles.org/","http://www.opensubtitles.org/ P. Lison and J. Tiedemann, 2016, OpenSubtitles2016: Extracting Large Parallel Corpora from Movie and TV Subtitles. In Proceedings of the 10th International Conference on Language Resources and Evaluation (LREC 2016)","whole",NA,23,3.76226739065149,2.54902101079382,0.652173913043478,0.0454545454545455
2936391,2557,"Operaatiota johtaneet ihmiset, kuten CIA:n johtaja Panetta- joutuivat selittämään tilanteen presidentti Obamalle- ja varapresidentti Bidenille.",NA,"Operaatiota johtaneet ihmiset, kuten CIA:n johtaja Panetta- joutuivat selittämään tilanteen presidentti Obamalle- ja varapresidentti Bidenille.",NA,NA,NA,NA,NA,NA,NA,29,"fin_nfi_1285.txt","Finnish","Finnish","fin",NA,2016,"written","non-fiction","prepared_speeches","Latn",NA,"OpenSubtitles2018","https://object.pouta.csc.fi/OPUS-OpenSubtitles/v2018/raw/fi.zip","http://www.opensubtitles.org/","http://www.opensubtitles.org/ P. Lison and J. Tiedemann, 2016, OpenSubtitles2016: Extracting Large Parallel Corpora from Movie and TV Subtitles. In Proceedings of the 10th International Conference on Language Resources and Evaluation (LREC 2016)","whole",NA,143,4.23326628749423,2.79148726606522,0.20979020979021,0.0704225352112676
2948884,2582,"Mutta en voi olla ajattelematta muita.",NA,"Mutta en voi olla ajattelematta muita.",NA,NA,NA,NA,NA,NA,NA,29,"fin_nfi_1307.txt","Finnish","Finnish","fin",NA,2016,"written","non-fiction","prepared_speeches","Latn",NA,"OpenSubtitles2018","https://object.pouta.csc.fi/OPUS-OpenSubtitles/v2018/raw/fi.zip","http://www.opensubtitles.org/","http://www.opensubtitles.org/ P. Lison and J. Tiedemann, 2016, OpenSubtitles2016: Extracting Large Parallel Corpora from Movie and TV Subtitles. In Proceedings of the 10th International Conference on Language Resources and Evaluation (LREC 2016)","whole",NA,38,3.44733845061279,2.32175381801776,0.368421052631579,0.108108108108108
2975770,2633,"Garret, senkin ääliö.",NA,"Garret, senkin ääliö.",NA,NA,NA,NA,NA,NA,NA,29,"fin_nfi_1353.txt","Finnish","Finnish","fin",NA,2016,"written","non-fiction","prepared_speeches","Latn",NA,"OpenSubtitles2018","https://object.pouta.csc.fi/OPUS-OpenSubtitles/v2018/raw/fi.zip","http://www.opensubtitles.org/","http://www.opensubtitles.org/ P. Lison and J. Tiedemann, 2016, OpenSubtitles2016: Extracting Large Parallel Corpora from Movie and TV Subtitles. In Proceedings of the 10th International Conference on Language Resources and Evaluation (LREC 2016)","whole",NA,21,3.82088885135019,2.60875806476482,0.714285714285714,0.1
2976288,2633,"Minä todellakin näen ne.",NA,"Minä todellakin näen ne.",NA,NA,NA,NA,NA,NA,NA,29,"fin_nfi_1353.txt","Finnish","Finnish","fin",NA,2016,"written","non-fiction","prepared_speeches","Latn",NA,"OpenSubtitles2018","https://object.pouta.csc.fi/OPUS-OpenSubtitles/v2018/raw/fi.zip","http://www.opensubtitles.org/","http://www.opensubtitles.org/ P. Lison and J. Tiedemann, 2016, OpenSubtitles2016: Extracting Large Parallel Corpora from Movie and TV Subtitles. In Proceedings of the 10th International Conference on Language Resources and Evaluation (LREC 2016)","whole",NA,24,3.45498685577267,2.21755015577628,0.541666666666667,0.0434782608695652
2985017,2648,"Ei hassummin.",NA,"Ei hassummin.",NA,NA,NA,NA,NA,NA,NA,29,"fin_nfi_1367.txt","Finnish","Finnish","fin",NA,2016,"written","non-fiction","prepared_speeches","Latn",NA,"OpenSubtitles2018","https://object.pouta.csc.fi/OPUS-OpenSubtitles/v2018/raw/fi.zip","http://www.opensubtitles.org/","http://www.opensubtitles.org/ P. Lison and J. Tiedemann, 2016, OpenSubtitles2016: Extracting Large Parallel Corpora from Movie and TV Subtitles. In Proceedings of the 10th International Conference on Language Resources and Evaluation (LREC 2016)","whole",NA,13,3.23890125660263,2.13396443341734,0.769230769230769,0.166666666666667
2985759,2651,"En tiedä, mitä sanoa.",NA,"En tiedä, mitä sanoa.",NA,NA,NA,NA,NA,NA,NA,29,"fin_nfi_137.txt","Finnish","Finnish","fin",NA,2017,"written","non-fiction","prepared_speeches","Latn",NA,"OpenSubtitles2018","https://object.pouta.csc.fi/OPUS-OpenSubtitles/v2018/raw/fi.zip","http://www.opensubtitles.org/","http://www.opensubtitles.org/ P. Lison and J. Tiedemann, 2016, OpenSubtitles2016: Extracting Large Parallel Corpora from Movie and TV Subtitles. In Proceedings of the 10th International Conference on Language Resources and Evaluation (LREC 2016)","whole",NA,21,3.68970373219955,2.47918985141963,0.666666666666667,0
3061719,2787,"Homma nimi on tämä.",NA,"Homma nimi on tämä.",NA,NA,NA,NA,NA,NA,NA,29,"fin_nfi_1492.txt","Finnish","Finnish","fin",NA,2016,"written","non-fiction","prepared_speeches","Latn",NA,"OpenSubtitles2018","https://object.pouta.csc.fi/OPUS-OpenSubtitles/v2018/raw/fi.zip","http://www.opensubtitles.org/","http://www.opensubtitles.org/ P. Lison and J. Tiedemann, 2016, OpenSubtitles2016: Extracting Large Parallel Corpora from Movie and TV Subtitles. In Proceedings of the 10th International Conference on Language Resources and Evaluation (LREC 2016)","whole",NA,19,3.15556501332972,2.16340741982785,0.526315789473684,0.0555555555555556
3096482,2856,"Kuka nyt pakenee?",NA,"Kuka nyt pakenee?",NA,NA,NA,NA,NA,NA,NA,29,"fin_nfi_1554.txt","Finnish","Finnish","fin",NA,2016,"written","non-fiction","prepared_speeches","Latn",NA,"OpenSubtitles2018","https://object.pouta.csc.fi/OPUS-OpenSubtitles/v2018/raw/fi.zip","http://www.opensubtitles.org/","http://www.opensubtitles.org/ P. Lison and J. Tiedemann, 2016, OpenSubtitles2016: Extracting Large Parallel Corpora from Movie and TV Subtitles. In Proceedings of the 10th International Conference on Language Resources and Evaluation (LREC 2016)","whole",NA,17,3.33717534112308,2.19843064658232,0.647058823529412,0.0625
3106062,2871,"Tämä on ihana kohtaus.",NA,"Tämä on ihana kohtaus.",NA,NA,NA,NA,NA,NA,NA,29,"fin_nfi_1568.txt","Finnish","Finnish","fin",NA,2016,"written","non-fiction","prepared_speeches","Latn",NA,"OpenSubtitles2018","https://object.pouta.csc.fi/OPUS-OpenSubtitles/v2018/raw/fi.zip","http://www.opensubtitles.org/","http://www.opensubtitles.org/ P. Lison and J. Tiedemann, 2016, OpenSubtitles2016: Extracting Large Parallel Corpora from Movie and TV Subtitles. In Proceedings of the 10th International Conference on Language Resources and Evaluation (LREC 2016)","whole",NA,22,3.66353275480426,2.53250269156888,0.636363636363636,0
3121685,2899,"Olen nuori ja mulla on rahaa",NA,"Olen nuori ja mulla on rahaa",NA,NA,NA,NA,NA,NA,NA,29,"fin_nfi_1593.txt","Finnish","Finnish","fin",NA,2016,"written","non-fiction","prepared_speeches","Latn",NA,"OpenSubtitles2018","https://object.pouta.csc.fi/OPUS-OpenSubtitles/v2018/raw/fi.zip","http://www.opensubtitles.org/","http://www.opensubtitles.org/ P. Lison and J. Tiedemann, 2016, OpenSubtitles2016: Extracting Large Parallel Corpora from Movie and TV Subtitles. In Proceedings of the 10th International Conference on Language Resources and Evaluation (LREC 2016)","whole",NA,28,3.42417435230044,2.32393881881818,0.464285714285714,0.0740740740740741
3136206,2926,"Siinä näit.",NA,"Siinä näit.",NA,NA,NA,NA,NA,NA,NA,29,"fin_nfi_1617.txt","Finnish","Finnish","fin",NA,2016,"written","non-fiction","prepared_speeches","Latn",NA,"OpenSubtitles2018","https://object.pouta.csc.fi/OPUS-OpenSubtitles/v2018/raw/fi.zip","http://www.opensubtitles.org/","http://www.opensubtitles.org/ P. Lison and J. Tiedemann, 2016, OpenSubtitles2016: Extracting Large Parallel Corpora from Movie and TV Subtitles. In Proceedings of the 10th International Conference on Language Resources and Evaluation (LREC 2016)","whole",NA,11,2.66353275480426,1.77286173038492,0.636363636363636,0.1
3170797,2992,"Oletko ihan varma että pyöriä ollaan tuomassa?",NA,"Oletko ihan varma että pyöriä ollaan tuomassa?",NA,NA,NA,NA,NA,NA,NA,29,"fin_nfi_1677.txt","Finnish","Finnish","fin",NA,2016,"written","non-fiction","prepared_speeches","Latn",NA,"OpenSubtitles2018","https://object.pouta.csc.fi/OPUS-OpenSubtitles/v2018/raw/fi.zip","http://www.opensubtitles.org/","http://www.opensubtitles.org/ P. Lison and J. Tiedemann, 2016, OpenSubtitles2016: Extracting Large Parallel Corpora from Movie and TV Subtitles. In Proceedings of the 10th International Conference on Language Resources and Evaluation (LREC 2016)","whole",NA,46,4.07419164164273,2.76285499276759,0.456521739130435,0.0888888888888889
3187675,3018,"He toimivat nokkelasti.",NA,"He toimivat nokkelasti.",NA,NA,NA,NA,NA,NA,NA,29,"fin_nfi_170.txt","Finnish","Finnish","fin",NA,2017,"written","non-fiction","prepared_speeches","Latn",NA,"OpenSubtitles2018","https://object.pouta.csc.fi/OPUS-OpenSubtitles/v2018/raw/fi.zip","http://www.opensubtitles.org/","http://www.opensubtitles.org/ P. Lison and J. Tiedemann, 2016, OpenSubtitles2016: Extracting Large Parallel Corpora from Movie and TV Subtitles. In Proceedings of the 10th International Conference on Language Resources and Evaluation (LREC 2016)","whole",NA,23,3.67531086891236,2.47535872607027,0.608695652173913,0.0454545454545455
3193684,3026,"- Olen pahoillani.",NA,"- Olen pahoillani.",NA,NA,NA,NA,NA,NA,NA,29,"fin_nfi_1707.txt","Finnish","Finnish","fin",NA,2016,"written","non-fiction","prepared_speeches","Latn",NA,"OpenSubtitles2018","https://object.pouta.csc.fi/OPUS-OpenSubtitles/v2018/raw/fi.zip","http://www.opensubtitles.org/","http://www.opensubtitles.org/ P. Lison and J. Tiedemann, 2016, OpenSubtitles2016: Extracting Large Parallel Corpora from Movie and TV Subtitles. In Proceedings of the 10th International Conference on Language Resources and Evaluation (LREC 2016)","whole",NA,18,3.46132014021101,2.29737648961209,0.666666666666667,0.0588235294117647
3196747,3033,"Jos aiot myydä elämäni Yakuzalle, voisit ainakin vaivautua tulemaan paikalle.",NA,"Jos aiot myydä elämäni Yakuzalle, voisit ainakin vaivautua tulemaan paikalle.",NA,NA,NA,NA,NA,NA,NA,29,"fin_nfi_1713.txt","Finnish","Finnish","fin",NA,2016,"written","non-fiction","prepared_speeches","Latn",NA,"OpenSubtitles2018","https://object.pouta.csc.fi/OPUS-OpenSubtitles/v2018/raw/fi.zip","http://www.opensubtitles.org/","http://www.opensubtitles.org/ P. Lison and J. Tiedemann, 2016, OpenSubtitles2016: Extracting Large Parallel Corpora from Movie and TV Subtitles. In Proceedings of the 10th International Conference on Language Resources and Evaluation (LREC 2016)","whole",NA,77,4.04817501424323,2.75360669439427,0.285714285714286,0.0526315789473684
3227597,3088,"Kaikki räppärit ovat Brooklynistä.",NA,"Kaikki räppärit ovat Brooklynistä.",NA,NA,NA,NA,NA,NA,NA,29,"fin_nfi_1763.txt","Finnish","Finnish","fin",NA,2016,"written","non-fiction","prepared_speeches","Latn",NA,"OpenSubtitles2018","https://object.pouta.csc.fi/OPUS-OpenSubtitles/v2018/raw/fi.zip","http://www.opensubtitles.org/","http://www.opensubtitles.org/ P. Lison and J. Tiedemann, 2016, OpenSubtitles2016: Extracting Large Parallel Corpora from Movie and TV Subtitles. In Proceedings of the 10th International Conference on Language Resources and Evaluation (LREC 2016)","whole",NA,34,3.89542387028032,2.71065060384862,0.5,0.0909090909090909
3228378,3089,"- Se on firman asunto.",NA,"- Se on firman asunto.",NA,NA,NA,NA,NA,NA,NA,29,"fin_nfi_1764.txt","Finnish","Finnish","fin",NA,2016,"written","non-fiction","prepared_speeches","Latn",NA,"OpenSubtitles2018","https://object.pouta.csc.fi/OPUS-OpenSubtitles/v2018/raw/fi.zip","http://www.opensubtitles.org/","http://www.opensubtitles.org/ P. Lison and J. Tiedemann, 2016, OpenSubtitles2016: Extracting Large Parallel Corpora from Movie and TV Subtitles. In Proceedings of the 10th International Conference on Language Resources and Evaluation (LREC 2016)","whole",NA,22,3.69784582308441,2.56619838792082,0.681818181818182,0
3238629,3109,"-Et tarkoita sitä.",NA,"-Et tarkoita sitä.",NA,NA,NA,NA,NA,NA,NA,29,"fin_nfi_1782.txt","Finnish","Finnish","fin",NA,2016,"written","non-fiction","prepared_speeches","Latn",NA,"OpenSubtitles2018","https://object.pouta.csc.fi/OPUS-OpenSubtitles/v2018/raw/fi.zip","http://www.opensubtitles.org/","http://www.opensubtitles.org/ P. Lison and J. Tiedemann, 2016, OpenSubtitles2016: Extracting Large Parallel Corpora from Movie and TV Subtitles. In Proceedings of the 10th International Conference on Language Resources and Evaluation (LREC 2016)","whole",NA,18,3.39214722366453,2.26627675997426,0.666666666666667,0
3246427,3125,"Ei tämä zombina oleminen ole niin kamalaa.",NA,"Ei tämä zombina oleminen ole niin kamalaa.",NA,NA,NA,NA,NA,NA,NA,29,"fin_nfi_1797.txt","Finnish","Finnish","fin",NA,2016,"written","non-fiction","prepared_speeches","Latn",NA,"OpenSubtitles2018","https://object.pouta.csc.fi/OPUS-OpenSubtitles/v2018/raw/fi.zip","http://www.opensubtitles.org/","http://www.opensubtitles.org/ P. Lison and J. Tiedemann, 2016, OpenSubtitles2016: Extracting Large Parallel Corpora from Movie and TV Subtitles. In Proceedings of the 10th International Conference on Language Resources and Evaluation (LREC 2016)","whole",NA,42,3.61604697196619,2.43568503765313,0.357142857142857,0.0487804878048781
3252818,3138,"Ette ole julmia, ilkeitä ihmisiä, jotka myyvät toisia orjiksi vain, - koska he ovat hankalia.",NA,"Ette ole julmia, ilkeitä ihmisiä, jotka myyvät toisia orjiksi vain, - koska he ovat hankalia.",NA,NA,NA,NA,NA,NA,NA,29,"fin_nfi_1808.txt","Finnish","Finnish","fin",NA,2016,"written","non-fiction","prepared_speeches","Latn",NA,"OpenSubtitles2018","https://object.pouta.csc.fi/OPUS-OpenSubtitles/v2018/raw/fi.zip","http://www.opensubtitles.org/","http://www.opensubtitles.org/ P. Lison and J. Tiedemann, 2016, OpenSubtitles2016: Extracting Large Parallel Corpora from Movie and TV Subtitles. In Proceedings of the 10th International Conference on Language Resources and Evaluation (LREC 2016)","whole",NA,93,4.04397382824267,2.808184324268,0.236559139784946,0.0217391304347826
3252986,3139,"Isä on vaikutusvaltainen.",NA,"Isä on vaikutusvaltainen.",NA,NA,NA,NA,NA,NA,NA,29,"fin_nfi_1809.txt","Finnish","Finnish","fin",NA,2016,"written","non-fiction","prepared_speeches","Latn",NA,"OpenSubtitles2018","https://object.pouta.csc.fi/OPUS-OpenSubtitles/v2018/raw/fi.zip","http://www.opensubtitles.org/","http://www.opensubtitles.org/ P. Lison and J. Tiedemann, 2016, OpenSubtitles2016: Extracting Large Parallel Corpora from Movie and TV Subtitles. In Proceedings of the 10th International Conference on Language Resources and Evaluation (LREC 2016)","whole",NA,25,3.78346518960165,2.47946841509358,0.6,0
3259444,3148,"Jo on aikakin, pikku paska.",NA,"Jo on aikakin, pikku paska.",NA,NA,NA,NA,NA,NA,NA,29,"fin_nfi_1817.txt","Finnish","Finnish","fin",NA,2016,"written","non-fiction","prepared_speeches","Latn",NA,"OpenSubtitles2018","https://object.pouta.csc.fi/OPUS-OpenSubtitles/v2018/raw/fi.zip","http://www.opensubtitles.org/","http://www.opensubtitles.org/ P. Lison and J. Tiedemann, 2016, OpenSubtitles2016: Extracting Large Parallel Corpora from Movie and TV Subtitles. In Proceedings of the 10th International Conference on Language Resources and Evaluation (LREC 2016)","whole",NA,27,3.33397905858568,2.29843701636142,0.444444444444444,0.0384615384615385
3336069,3313,"Liikut yhtä ääneti kuin ennenkin.",NA,"Liikut yhtä ääneti kuin ennenkin.",NA,NA,NA,NA,NA,NA,NA,29,"fin_nfi_1966.txt","Finnish","Finnish","fin",NA,2016,"written","non-fiction","prepared_speeches","Latn",NA,"OpenSubtitles2018","https://object.pouta.csc.fi/OPUS-OpenSubtitles/v2018/raw/fi.zip","http://www.opensubtitles.org/","http://www.opensubtitles.org/ P. Lison and J. Tiedemann, 2016, OpenSubtitles2016: Extracting Large Parallel Corpora from Movie and TV Subtitles. In Proceedings of the 10th International Conference on Language Resources and Evaluation (LREC 2016)","whole",NA,33,3.34321334701247,2.26853165173636,0.363636363636364,0.09375
3349879,3343,"Kaikki maahan.",NA,"Kaikki maahan.",NA,NA,NA,NA,NA,NA,NA,29,"fin_nfi_1993.txt","Finnish","Finnish","fin",NA,2016,"written","non-fiction","prepared_speeches","Latn",NA,"OpenSubtitles2018","https://object.pouta.csc.fi/OPUS-OpenSubtitles/v2018/raw/fi.zip","http://www.opensubtitles.org/","http://www.opensubtitles.org/ P. Lison and J. Tiedemann, 2016, OpenSubtitles2016: Extracting Large Parallel Corpora from Movie and TV Subtitles. In Proceedings of the 10th International Conference on Language Resources and Evaluation (LREC 2016)","whole",NA,14,2.95021206491475,2.06081405556746,0.642857142857143,0.153846153846154
3381300,3402,"HYVIN KIINNOSTUNUT OPPITUNNISTA DIANA",NA,"HYVIN KIINNOSTUNUT OPPITUNNISTA DIANA",NA,NA,NA,NA,NA,NA,NA,29,"fin_nfi_2045.txt","Finnish","Finnish","fin",NA,2016,"written","non-fiction","prepared_speeches","Latn",NA,"OpenSubtitles2018","https://object.pouta.csc.fi/OPUS-OpenSubtitles/v2018/raw/fi.zip","http://www.opensubtitles.org/","http://www.opensubtitles.org/ P. Lison and J. Tiedemann, 2016, OpenSubtitles2016: Extracting Large Parallel Corpora from Movie and TV Subtitles. In Proceedings of the 10th International Conference on Language Resources and Evaluation (LREC 2016)","whole",NA,37,3.49523925846083,2.39068014035004,0.378378378378378,0.111111111111111
3399455,3441,"Enpä juuri.",NA,"Enpä juuri.",NA,NA,NA,NA,NA,NA,NA,29,"fin_nfi_2080.txt","Finnish","Finnish","fin",NA,2016,"written","non-fiction","prepared_speeches","Latn",NA,"OpenSubtitles2018","https://object.pouta.csc.fi/OPUS-OpenSubtitles/v2018/raw/fi.zip","http://www.opensubtitles.org/","http://www.opensubtitles.org/ P. Lison and J. Tiedemann, 2016, OpenSubtitles2016: Extracting Large Parallel Corpora from Movie and TV Subtitles. In Proceedings of the 10th International Conference on Language Resources and Evaluation (LREC 2016)","whole",NA,11,3.27761343681912,2.1591357030322,0.909090909090909,0.1
3458800,3566,"Nukuin varmaan kolme tuntia.",NA,"Nukuin varmaan kolme tuntia.",NA,NA,NA,NA,NA,NA,NA,29,"fin_nfi_2193.txt","Finnish","Finnish","fin",NA,2016,"written","non-fiction","prepared_speeches","Latn",NA,"OpenSubtitles2018","https://object.pouta.csc.fi/OPUS-OpenSubtitles/v2018/raw/fi.zip","http://www.opensubtitles.org/","http://www.opensubtitles.org/ P. Lison and J. Tiedemann, 2016, OpenSubtitles2016: Extracting Large Parallel Corpora from Movie and TV Subtitles. In Proceedings of the 10th International Conference on Language Resources and Evaluation (LREC 2016)","whole",NA,28,3.72647411825438,2.53163701170561,0.535714285714286,0.037037037037037
3478573,3611,"On hienoa, että tulitte.",NA,"On hienoa, että tulitte.",NA,NA,NA,NA,NA,NA,NA,29,"fin_nfi_2233.txt","Finnish","Finnish","fin",NA,2016,"written","non-fiction","prepared_speeches","Latn",NA,"OpenSubtitles2018","https://object.pouta.csc.fi/OPUS-OpenSubtitles/v2018/raw/fi.zip","http://www.opensubtitles.org/","http://www.opensubtitles.org/ P. Lison and J. Tiedemann, 2016, OpenSubtitles2016: Extracting Large Parallel Corpora from Movie and TV Subtitles. In Proceedings of the 10th International Conference on Language Resources and Evaluation (LREC 2016)","whole",NA,24,3.538320189106,2.44098756528174,0.583333333333333,0.0869565217391304
3478641,3611,"Aloitan yleensä esittelyllä.",NA,"Aloitan yleensä esittelyllä.",NA,NA,NA,NA,NA,NA,NA,29,"fin_nfi_2233.txt","Finnish","Finnish","fin",NA,2016,"written","non-fiction","prepared_speeches","Latn",NA,"OpenSubtitles2018","https://object.pouta.csc.fi/OPUS-OpenSubtitles/v2018/raw/fi.zip","http://www.opensubtitles.org/","http://www.opensubtitles.org/ P. Lison and J. Tiedemann, 2016, OpenSubtitles2016: Extracting Large Parallel Corpora from Movie and TV Subtitles. In Proceedings of the 10th International Conference on Language Resources and Evaluation (LREC 2016)","whole",NA,28,3.50862178003617,2.31160828853642,0.464285714285714,0.111111111111111
3509495,3677,"Tiedätkö mitä, pidän siitä.",NA,"Tiedätkö mitä, pidän siitä.",NA,NA,NA,NA,NA,NA,NA,29,"fin_nfi_2293.txt","Finnish","Finnish","fin",NA,2016,"written","non-fiction","prepared_speeches","Latn",NA,"OpenSubtitles2018","https://object.pouta.csc.fi/OPUS-OpenSubtitles/v2018/raw/fi.zip","http://www.opensubtitles.org/","http://www.opensubtitles.org/ P. Lison and J. Tiedemann, 2016, OpenSubtitles2016: Extracting Large Parallel Corpora from Movie and TV Subtitles. In Proceedings of the 10th International Conference on Language Resources and Evaluation (LREC 2016)","whole",NA,27,3.60231655850555,2.4266869586582,0.555555555555556,0.0384615384615385
3512070,3682,"Nyt riittää, Travis!",NA,"Nyt riittää, Travis!",NA,NA,NA,NA,NA,NA,NA,29,"fin_nfi_2298.txt","Finnish","Finnish","fin",NA,2016,"written","non-fiction","prepared_speeches","Latn",NA,"OpenSubtitles2018","https://object.pouta.csc.fi/OPUS-OpenSubtitles/v2018/raw/fi.zip","http://www.opensubtitles.org/","http://www.opensubtitles.org/ P. Lison and J. Tiedemann, 2016, OpenSubtitles2016: Extracting Large Parallel Corpora from Movie and TV Subtitles. In Proceedings of the 10th International Conference on Language Resources and Evaluation (LREC 2016)","whole",NA,20,3.54643934467102,2.44852002461208,0.65,0.157894736842105
3513959,3685,"- Suo anteeksi.",NA,"- Suo anteeksi.",NA,NA,NA,NA,NA,NA,NA,29,"fin_nfi_230.txt","Finnish","Finnish","fin",NA,2017,"written","non-fiction","prepared_speeches","Latn",NA,"OpenSubtitles2018","https://object.pouta.csc.fi/OPUS-OpenSubtitles/v2018/raw/fi.zip","http://www.opensubtitles.org/","http://www.opensubtitles.org/ P. Lison and J. Tiedemann, 2016, OpenSubtitles2016: Extracting Large Parallel Corpora from Movie and TV Subtitles. In Proceedings of the 10th International Conference on Language Resources and Evaluation (LREC 2016)","whole",NA,15,3.64022392894185,2.48186289401356,0.866666666666667,0.0714285714285714
3543740,3749,"Voisivatko Meksiko tai tuo hulttiojengi muka muuttaa sitä?",NA,"Voisivatko Meksiko tai tuo hulttiojengi muka muuttaa sitä?",NA,NA,NA,NA,NA,NA,NA,29,"fin_nfi_2358.txt","Finnish","Finnish","fin",NA,2016,"written","non-fiction","prepared_speeches","Latn",NA,"OpenSubtitles2018","https://object.pouta.csc.fi/OPUS-OpenSubtitles/v2018/raw/fi.zip","http://www.opensubtitles.org/","http://www.opensubtitles.org/ P. Lison and J. Tiedemann, 2016, OpenSubtitles2016: Extracting Large Parallel Corpora from Movie and TV Subtitles. In Proceedings of the 10th International Conference on Language Resources and Evaluation (LREC 2016)","whole",NA,58,3.87717448074343,2.69394604513969,0.344827586206897,0.0701754385964912
3551987,3763,"Kiitos, rouva.",NA,"Kiitos, rouva.",NA,NA,NA,NA,NA,NA,NA,29,"fin_nfi_2370.txt","Finnish","Finnish","fin",NA,2016,"written","non-fiction","prepared_speeches","Latn",NA,"OpenSubtitles2018","https://object.pouta.csc.fi/OPUS-OpenSubtitles/v2018/raw/fi.zip","http://www.opensubtitles.org/","http://www.opensubtitles.org/ P. Lison and J. Tiedemann, 2016, OpenSubtitles2016: Extracting Large Parallel Corpora from Movie and TV Subtitles. In Proceedings of the 10th International Conference on Language Resources and Evaluation (LREC 2016)","whole",NA,14,3.52164063634332,2.4207003268907,0.857142857142857,0.0769230769230769
3606558,3872,"Ja veljeni kanssa.",NA,"Ja veljeni kanssa.",NA,NA,NA,NA,NA,NA,NA,29,"fin_nfi_297.txt","Finnish","Finnish","fin",NA,2017,"written","non-fiction","prepared_speeches","Latn",NA,"OpenSubtitles2018","https://object.pouta.csc.fi/OPUS-OpenSubtitles/v2018/raw/fi.zip","http://www.opensubtitles.org/","http://www.opensubtitles.org/ P. Lison and J. Tiedemann, 2016, OpenSubtitles2016: Extracting Large Parallel Corpora from Movie and TV Subtitles. In Proceedings of the 10th International Conference on Language Resources and Evaluation (LREC 2016)","whole",NA,18,3.46132014021101,2.30445465347401,0.666666666666667,0.0588235294117647
3611699,3881,"Jotakuta rankaistaan.",NA,"Jotakuta rankaistaan.",NA,NA,NA,NA,NA,NA,NA,29,"fin_nfi_304.txt","Finnish","Finnish","fin",NA,2017,"written","non-fiction","prepared_speeches","Latn",NA,"OpenSubtitles2018","https://object.pouta.csc.fi/OPUS-OpenSubtitles/v2018/raw/fi.zip","http://www.opensubtitles.org/","http://www.opensubtitles.org/ P. Lison and J. Tiedemann, 2016, OpenSubtitles2016: Extracting Large Parallel Corpora from Movie and TV Subtitles. In Proceedings of the 10th International Conference on Language Resources and Evaluation (LREC 2016)","whole",NA,21,3.23685730342207,2.22912689594926,0.571428571428571,0.05
3646662,3949,"-He nousevat vaivatta laivaan.",NA,"-He nousevat vaivatta laivaan.",NA,NA,NA,NA,NA,NA,NA,29,"fin_nfi_366.txt","Finnish","Finnish","fin",NA,2017,"written","non-fiction","prepared_speeches","Latn",NA,"OpenSubtitles2018","https://object.pouta.csc.fi/OPUS-OpenSubtitles/v2018/raw/fi.zip","http://www.opensubtitles.org/","http://www.opensubtitles.org/ P. Lison and J. Tiedemann, 2016, OpenSubtitles2016: Extracting Large Parallel Corpora from Movie and TV Subtitles. In Proceedings of the 10th International Conference on Language Resources and Evaluation (LREC 2016)","whole",NA,30,3.46818194698418,2.25770844271855,0.466666666666667,0.0689655172413793
3655121,3964,"Toinen taso.",NA,"Toinen taso.",NA,NA,NA,NA,NA,NA,NA,29,"fin_nfi_38.txt","Finnish","Finnish","fin",NA,2017,"written","non-fiction","prepared_speeches","Latn",NA,"OpenSubtitles2018","https://object.pouta.csc.fi/OPUS-OpenSubtitles/v2018/raw/fi.zip","http://www.opensubtitles.org/","http://www.opensubtitles.org/ P. Lison and J. Tiedemann, 2016, OpenSubtitles2016: Extracting Large Parallel Corpora from Movie and TV Subtitles. In Proceedings of the 10th International Conference on Language Resources and Evaluation (LREC 2016)","whole",NA,12,3.25162916738782,2.15110484786635,0.833333333333333,0
3657723,3970,"Ei se mitään.",NA,"Ei se mitään.",NA,NA,NA,NA,NA,NA,NA,29,"fin_nfi_385.txt","Finnish","Finnish","fin",NA,2017,"written","non-fiction","prepared_speeches","Latn",NA,"OpenSubtitles2018","https://object.pouta.csc.fi/OPUS-OpenSubtitles/v2018/raw/fi.zip","http://www.opensubtitles.org/","http://www.opensubtitles.org/ P. Lison and J. Tiedemann, 2016, OpenSubtitles2016: Extracting Large Parallel Corpora from Movie and TV Subtitles. In Proceedings of the 10th International Conference on Language Resources and Evaluation (LREC 2016)","whole",NA,13,3.23890125660263,2.15489983788748,0.769230769230769,0.0833333333333333
3666914,3987,"- Onko se totta?",NA,"- Onko se totta?",NA,NA,NA,NA,NA,NA,NA,29,"fin_nfi_40.txt","Finnish","Finnish","fin",NA,2017,"written","non-fiction","prepared_speeches","Latn",NA,"OpenSubtitles2018","https://object.pouta.csc.fi/OPUS-OpenSubtitles/v2018/raw/fi.zip","http://www.opensubtitles.org/","http://www.opensubtitles.org/ P. Lison and J. Tiedemann, 2016, OpenSubtitles2016: Extracting Large Parallel Corpora from Movie and TV Subtitles. In Proceedings of the 10th International Conference on Language Resources and Evaluation (LREC 2016)","whole",NA,16,3.28063906222957,2.22744502443439,0.6875,0.0666666666666667
3668416,3990,"Meillä on ikuinen side Shaolinin kanssa.",NA,"Meillä on ikuinen side Shaolinin kanssa.",NA,NA,NA,NA,NA,NA,NA,29,"fin_nfi_402.txt","Finnish","Finnish","fin",NA,2017,"written","non-fiction","prepared_speeches","Latn",NA,"OpenSubtitles2018","https://object.pouta.csc.fi/OPUS-OpenSubtitles/v2018/raw/fi.zip","http://www.opensubtitles.org/","http://www.opensubtitles.org/ P. Lison and J. Tiedemann, 2016, OpenSubtitles2016: Extracting Large Parallel Corpora from Movie and TV Subtitles. In Proceedings of the 10th International Conference on Language Resources and Evaluation (LREC 2016)","whole",NA,40,3.68070958259375,2.5522899794851,0.4,0.0512820512820513
3730750,4107,"Äitisi myös haluaa, että ovesi on avoinna.",NA,"Äitisi myös haluaa, että ovesi on avoinna.",NA,NA,NA,NA,NA,NA,NA,29,"fin_nfi_508.txt","Finnish","Finnish","fin",NA,2017,"written","non-fiction","prepared_speeches","Latn",NA,"OpenSubtitles2018","https://object.pouta.csc.fi/OPUS-OpenSubtitles/v2018/raw/fi.zip","http://www.opensubtitles.org/","http://www.opensubtitles.org/ P. Lison and J. Tiedemann, 2016, OpenSubtitles2016: Extracting Large Parallel Corpora from Movie and TV Subtitles. In Proceedings of the 10th International Conference on Language Resources and Evaluation (LREC 2016)","whole",NA,42,3.92211251892508,2.73727285517303,0.452380952380952,0.0731707317073171
3774696,4195,"Niin, päätin vihdoinkin uskaltaa.",NA,"Niin, päätin vihdoinkin uskaltaa.",NA,NA,NA,NA,NA,NA,NA,29,"fin_nfi_588.txt","Finnish","Finnish","fin",NA,2017,"written","non-fiction","prepared_speeches","Latn",NA,"OpenSubtitles2018","https://object.pouta.csc.fi/OPUS-OpenSubtitles/v2018/raw/fi.zip","http://www.opensubtitles.org/","http://www.opensubtitles.org/ P. Lison and J. Tiedemann, 2016, OpenSubtitles2016: Extracting Large Parallel Corpora from Movie and TV Subtitles. In Proceedings of the 10th International Conference on Language Resources and Evaluation (LREC 2016)","whole",NA,33,3.86198351303561,2.69618527289236,0.545454545454545,0.09375
3793608,4232,"Kunhan vedät settisi tänään hyvin - ja näytät HBO:",NA,"Kunhan vedät settisi tänään hyvin - ja näytät HBO:",NA,NA,NA,NA,NA,NA,NA,29,"fin_nfi_620.txt","Finnish","Finnish","fin",NA,2017,"written","non-fiction","prepared_speeches","Latn",NA,"OpenSubtitles2018","https://object.pouta.csc.fi/OPUS-OpenSubtitles/v2018/raw/fi.zip","http://www.opensubtitles.org/","http://www.opensubtitles.org/ P. Lison and J. Tiedemann, 2016, OpenSubtitles2016: Extracting Large Parallel Corpora from Movie and TV Subtitles. In Proceedings of the 10th International Conference on Language Resources and Evaluation (LREC 2016)","whole",NA,50,3.89817193947184,2.73103350180403,0.4,0.0408163265306122
3799408,4239,"Ehkä paikka on kirottu.",NA,"Ehkä paikka on kirottu.",NA,NA,NA,NA,NA,NA,NA,29,"fin_nfi_627.txt","Finnish","Finnish","fin",NA,2017,"written","non-fiction","prepared_speeches","Latn",NA,"OpenSubtitles2018","https://object.pouta.csc.fi/OPUS-OpenSubtitles/v2018/raw/fi.zip","http://www.opensubtitles.org/","http://www.opensubtitles.org/ P. Lison and J. Tiedemann, 2016, OpenSubtitles2016: Extracting Large Parallel Corpora from Movie and TV Subtitles. In Proceedings of the 10th International Conference on Language Resources and Evaluation (LREC 2016)","whole",NA,23,3.62117554291947,2.49422922278238,0.608695652173913,0.0909090909090909
3819394,4284,"Se ylikompensoi, koska se ei pysty pumppaamaan verta kunnolla.",NA,"Se ylikompensoi, koska se ei pysty pumppaamaan verta kunnolla.",NA,NA,NA,NA,NA,NA,NA,29,"fin_nfi_668.txt","Finnish","Finnish","fin",NA,2017,"written","non-fiction","prepared_speeches","Latn",NA,"OpenSubtitles2018","https://object.pouta.csc.fi/OPUS-OpenSubtitles/v2018/raw/fi.zip","http://www.opensubtitles.org/","http://www.opensubtitles.org/ P. Lison and J. Tiedemann, 2016, OpenSubtitles2016: Extracting Large Parallel Corpora from Movie and TV Subtitles. In Proceedings of the 10th International Conference on Language Resources and Evaluation (LREC 2016)","whole",NA,62,3.98822348116219,2.71745451843007,0.306451612903226,0.0819672131147541
3862450,4373,"Juttelin juuri tuottajan kanssa.",NA,"Juttelin juuri tuottajan kanssa.",NA,NA,NA,NA,NA,NA,NA,29,"fin_nfi_748.txt","Finnish","Finnish","fin",NA,2016,"written","non-fiction","prepared_speeches","Latn",NA,"OpenSubtitles2018","https://object.pouta.csc.fi/OPUS-OpenSubtitles/v2018/raw/fi.zip","http://www.opensubtitles.org/","http://www.opensubtitles.org/ P. Lison and J. Tiedemann, 2016, OpenSubtitles2016: Extracting Large Parallel Corpora from Movie and TV Subtitles. In Proceedings of the 10th International Conference on Language Resources and Evaluation (LREC 2016)","whole",NA,32,3.65251826628863,2.4960338820406,0.46875,0.129032258064516
3869894,4386,"Käsitit väärin.",NA,"Käsitit väärin.",NA,NA,NA,NA,NA,NA,NA,29,"fin_nfi_76.txt","Finnish","Finnish","fin",NA,2017,"written","non-fiction","prepared_speeches","Latn",NA,"OpenSubtitles2018","https://object.pouta.csc.fi/OPUS-OpenSubtitles/v2018/raw/fi.zip","http://www.opensubtitles.org/","http://www.opensubtitles.org/ P. Lison and J. Tiedemann, 2016, OpenSubtitles2016: Extracting Large Parallel Corpora from Movie and TV Subtitles. In Proceedings of the 10th International Conference on Language Resources and Evaluation (LREC 2016)","whole",NA,15,3.13957226198672,2.12548366394712,0.666666666666667,0.0714285714285714
3907454,4465,"Luulin, että sinä olit.",NA,"Luulin, että sinä olit.",NA,NA,NA,NA,NA,NA,NA,29,"fin_nfi_830.txt","Finnish","Finnish","fin",NA,2016,"written","non-fiction","prepared_speeches","Latn",NA,"OpenSubtitles2018","https://object.pouta.csc.fi/OPUS-OpenSubtitles/v2018/raw/fi.zip","http://www.opensubtitles.org/","http://www.opensubtitles.org/ P. Lison and J. Tiedemann, 2016, OpenSubtitles2016: Extracting Large Parallel Corpora from Movie and TV Subtitles. In Proceedings of the 10th International Conference on Language Resources and Evaluation (LREC 2016)","whole",NA,23,3.555533151427,2.31993854885665,0.565217391304348,0.0909090909090909
3937306,4524,"Ehkä voimme keksiä jotain muuta.",NA,"Ehkä voimme keksiä jotain muuta.",NA,NA,NA,NA,NA,NA,NA,29,"fin_nfi_884.txt","Finnish","Finnish","fin",NA,2016,"written","non-fiction","prepared_speeches","Latn",NA,"OpenSubtitles2018","https://object.pouta.csc.fi/OPUS-OpenSubtitles/v2018/raw/fi.zip","http://www.opensubtitles.org/","http://www.opensubtitles.org/ P. Lison and J. Tiedemann, 2016, OpenSubtitles2016: Extracting Large Parallel Corpora from Movie and TV Subtitles. In Proceedings of the 10th International Conference on Language Resources and Evaluation (LREC 2016)","whole",NA,32,3.92922929667217,2.63003681051913,0.53125,0.0645161290322581
3978783,4607,"Mutta nyt tiedän.",NA,"Mutta nyt tiedän.",NA,NA,NA,NA,NA,NA,NA,29,"fin_nfi_959.txt","Finnish","Finnish","fin",NA,2016,"written","non-fiction","prepared_speeches","Latn",NA,"OpenSubtitles2018","https://object.pouta.csc.fi/OPUS-OpenSubtitles/v2018/raw/fi.zip","http://www.opensubtitles.org/","http://www.opensubtitles.org/ P. Lison and J. Tiedemann, 2016, OpenSubtitles2016: Extracting Large Parallel Corpora from Movie and TV Subtitles. In Proceedings of the 10th International Conference on Language Resources and Evaluation (LREC 2016)","whole",NA,17,3.38158048830916,2.3742329972735,0.705882352941177,0.0625
3989804,4628,"En ollut kuvioissa paljoa.",NA,"En ollut kuvioissa paljoa.",NA,NA,NA,NA,NA,NA,NA,29,"fin_nfi_978.txt","Finnish","Finnish","fin",NA,2016,"written","non-fiction","prepared_speeches","Latn",NA,"OpenSubtitles2018","https://object.pouta.csc.fi/OPUS-OpenSubtitles/v2018/raw/fi.zip","http://www.opensubtitles.org/","http://www.opensubtitles.org/ P. Lison and J. Tiedemann, 2016, OpenSubtitles2016: Extracting Large Parallel Corpora from Movie and TV Subtitles. In Proceedings of the 10th International Conference on Language Resources and Evaluation (LREC 2016)","whole",NA,26,3.73814933319287,2.56575738324923,0.576923076923077,0.08
4082251,4676,"par tous les moyens que cette même amitié peut inspirer, à détourner",NA,"par tous les moyens que cette même amitié peut inspirer, à détourner",NA,NA,NA,NA,NA,NA,NA,31,"fra_fic_12.txt","French","French","fra",NA,2014,"written","fiction","general_fiction","Latn",NA,"Duchesse d'Abrantès., Histoire des salons de Paris (Tome 5/6)","http://www.gutenberg.org/files/44664/44664-h/44664-h.htm","http://www.gutenberg.org","http://www.gutenberg.org","part",NA,68,3.97029885884967,2.79457587682381,0.308823529411765,0.0149253731343284
4083472,4676,"plaisait; nos maris étaient frères d'armes; nous nous convînmes",NA,"plaisait; nos maris étaient frères d'armes; nous nous convînmes",NA,NA,NA,NA,NA,NA,NA,31,"fra_fic_12.txt","French","French","fra",NA,2014,"written","fiction","general_fiction","Latn",NA,"Duchesse d'Abrantès., Histoire des salons de Paris (Tome 5/6)","http://www.gutenberg.org/files/44664/44664-h/44664-h.htm","http://www.gutenberg.org","http://www.gutenberg.org","part",NA,63,4.06253086821276,2.64312664631706,0.349206349206349,0
4087851,4678,"bien né et à l'instinct de conservation que connaissent",NA,"bien né et à l'instinct de conservation que connaissent",NA,NA,NA,NA,NA,NA,NA,31,"fra_fic_121.txt","French","French","fra",NA,2018,"written","fiction","general_fiction","Latn",NA,"Guillaume Apollinaire, Le poète assassiné","http://www.gutenberg.org/files/56645/56645-h/56645-h.htm","http://www.gutenberg.org","http://www.gutenberg.org","whole",NA,55,3.7673932413336,2.60194976766053,0.345454545454545,0.037037037037037
4088152,4678,"voix exaltée:",NA,"voix exaltée:",NA,NA,NA,NA,NA,NA,NA,31,"fra_fic_121.txt","French","French","fra",NA,2018,"written","fiction","general_fiction","Latn",NA,"Guillaume Apollinaire, Le poète assassiné","http://www.gutenberg.org/files/56645/56645-h/56645-h.htm","http://www.gutenberg.org","http://www.gutenberg.org","whole",NA,13,3.39274741044878,2.25690278775593,0.846153846153846,0
4097030,4679,"pas plus habile de prendre son parti d'une défaite",NA,"pas plus habile de prendre son parti d'une défaite",NA,NA,NA,NA,NA,NA,NA,31,"fra_fic_122.txt","French","French","fra",NA,2007,"written","fiction","general_fiction","Latn",NA,"Guillaume Apollinaire, Les trois Don Juan","http://www.gutenberg.org/files/22971/22971-h/22971-h.htm","http://www.gutenberg.org","http://www.gutenberg.org","part",NA,50,3.87326968951511,2.61510882737293,0.36,0
4109604,4683,"avait quitté sa patrie pour habiter l'Irlande, ce",NA,"avait quitté sa patrie pour habiter l'Irlande, ce",NA,NA,NA,NA,NA,NA,NA,31,"fra_fic_126.txt","French","French","fra",NA,2015,"written","fiction","general_fiction","Latn",NA,"Henri d'Arbois de Jubainville, Le cycle mythologique irlandais et la mythologie celtique","http://www.gutenberg.org/files/50718/50718-h/50718-h.htm","http://www.gutenberg.org","http://www.gutenberg.org","part",NA,49,4.04795678425466,2.94685491293431,0.448979591836735,0.0208333333333333
4120826,4685,"avant. Dégradé et vivant! Mais que voulez-vous donc que je devienne?",NA,"avant. Dégradé et vivant! Mais que voulez-vous donc que je devienne?",NA,NA,NA,NA,NA,NA,NA,31,"fra_fic_14.txt","French","French","fra",NA,2006,"written","fiction","general_fiction","Latn",NA,"Achard, Amédée, 1814-1875, Belle-Rose, France -- History -- Louis XIV, 1643-1715 -- Fiction","http://www.gutenberg.org/ebooks/17808.html.noimages","http://www.gutenberg.org","http://www.gutenberg.org","part",NA,68,4.19087626903375,2.84333936435817,0.367647058823529,0.0149253731343284
4127714,4686,"l'attendait pleine d'impatience, la voyant radieuse, se jeta dans ses",NA,"l'attendait pleine d'impatience, la voyant radieuse, se jeta dans ses",NA,NA,NA,NA,NA,NA,NA,31,"fra_fic_15.txt","French","French","fra",NA,2006,"written","fiction","general_fiction","Latn",NA,"Achard, Amédée, 1814-1875, Belle-Rose, France -- History -- Louis XIV, 1643-1715 -- Fiction","http://www.gutenberg.org/ebooks/17808.html.noimages","http://www.gutenberg.org","http://www.gutenberg.org","part",NA,69,3.86443474820346,2.71220512289562,0.289855072463768,0.0147058823529412
4136011,4688,"qui furette, je l'entends qui jappe.... Vous",NA,"qui furette, je l'entends qui jappe.... Vous",NA,NA,NA,NA,NA,NA,NA,31,"fra_fic_17.txt","French","French","fra",NA,2005,"written","fiction","general_fiction","Latn",NA,"Amédée Achard, Madame Rose; Pierre de Villerglé","http://www.gutenberg.org/files/16901/16901-h/16901-h.htm","http://www.gutenberg.org","http://www.gutenberg.org","whole",NA,44,4.01001258430054,2.71172678862367,0.454545454545455,0.116279069767442
4164011,4694,"Praxi-Blassans, et le comité de patronage, me remercient...? Je vais lui",NA,"Praxi-Blassans, et le comité de patronage, me remercient...? Je vais lui",NA,NA,NA,NA,NA,NA,NA,31,"fra_fic_22.txt","French","French","fra",NA,2010,"written","fiction","general_fiction","Latn",NA,"Paul Adam, Au soleil de juillet (1829-1830)","http://www.gutenberg.org/files/33378/33378-h/33378-h.htm","http://www.gutenberg.org","http://www.gutenberg.org","part",NA,72,4.25481984242465,3.02623753460695,0.361111111111111,0.0422535211267606
4201495,4704,"—Tu es fou. Tiens, va-t'en, je ne veux plus te voir.... J'en ai assez,",NA,"—Tu es fou. Tiens, va-t'en, je ne veux plus te voir.... J'en ai assez,",NA,NA,NA,NA,NA,NA,NA,31,"fra_fic_31.txt","French","French","fra",NA,2006,"written","fiction","general_fiction","Latn",NA,"Jean Aicard, Notre-Dame-d'Amour","http://www.gutenberg.org/files/18627/18627-h/18627-h.htm","http://www.gutenberg.org","http://www.gutenberg.org","whole",NA,70,4.08822769828293,2.861183086071,0.342857142857143,0.0579710144927536
4205945,4705,"beaucoup plus gai que l'on n'aurait dû s'y attendre dans de telles",NA,"beaucoup plus gai que l'on n'aurait dû s'y attendre dans de telles",NA,NA,NA,NA,NA,NA,NA,31,"fra_fic_32.txt","French","French","fra",NA,2018,"written","fiction","general_fiction","Latn",NA,"Gustave Aimard, Cardenio","http://www.gutenberg.org/files/58084/58084-h/58084-h.htm","http://www.gutenberg.org","http://www.gutenberg.org","part",NA,66,3.95985570662602,2.75351738457485,0.303030303030303,0.0307692307692308
4248356,4714,"— Mon cousin, je crois que vous avez une chance ébouriffante? Si",NA,"— Mon cousin, je crois que vous avez une chance ébouriffante? Si",NA,NA,NA,NA,NA,NA,NA,31,"fra_fic_40.txt","French","French","fra",NA,2004,"written","fiction","general_fiction","Latn",NA,"Aimard, Gustave, 1818-1883, Jim l'indien, Frontier and pioneer life -- Minnesota -- Fiction","http://www.gutenberg.org/ebooks/13598.html.noimages","http://www.gutenberg.org","http://www.gutenberg.org","whole",NA,64,4.12652782442227,2.91094257489628,0.375,0.0158730158730159
4281617,4721,"[79] Achilles de Harlai, premier président du parlement de",NA,"[79] Achilles de Harlai, premier président du parlement de",NA,NA,NA,NA,NA,NA,NA,31,"fra_fic_47.txt","French","French","fra",NA,2009,"written","fiction","general_fiction","Latn",NA,"Various, Lettres de Mmes de Villars, de Coulanges et de La Fayette, de Ninon de L'Enclos et de Mademoiselle Aïssé","http://www.gutenberg.org/files/29476/29476-h/29476-h.htm","http://www.gutenberg.org","http://www.gutenberg.org","part",NA,58,4.11454279721785,2.65987461940477,0.396551724137931,0.0175438596491228
4357164,4739,"semaine suivante, comme il résulte de la lettre qu'il écrivit pour accepter",NA,"semaine suivante, comme il résulte de la lettre qu'il écrivit pour accepter",NA,NA,NA,NA,NA,NA,NA,31,"fra_fic_63.txt","French","French","fra",NA,2008,"written","fiction","general_fiction","Latn",NA,"Auguste Angellier., Robert Burns","http://www.gutenberg.org/files/25335/25335-h/25335-h.htm","http://www.gutenberg.org","http://www.gutenberg.org","part",NA,75,3.97519689428604,2.76996004105989,0.266666666666667,0.0405405405405405
4357676,4739,"décorum, j'en appelle à vous-même, ai-je jamais péché, au moindre degré, contre",NA,"décorum, j'en appelle à vous-même, ai-je jamais péché, au moindre degré, contre",NA,NA,NA,NA,NA,NA,NA,31,"fra_fic_63.txt","French","French","fra",NA,2008,"written","fiction","general_fiction","Latn",NA,"Auguste Angellier., Robert Burns","http://www.gutenberg.org/files/25335/25335-h/25335-h.htm","http://www.gutenberg.org","http://www.gutenberg.org","part",NA,79,4.32204351692358,2.87013924191765,0.316455696202532,0.0256410256410256
4388688,4746,"Je suis M. L’Ambert; permettez-moi",NA,"Je suis M. L’Ambert; permettez-moi",NA,NA,NA,NA,NA,NA,NA,31,"fra_fic_7.txt","French","French","fra",NA,2016,"written","fiction","general_fiction","Latn",NA,"Edmond About, Le nez d'un notaire","http://www.gutenberg.org/files/51709/51709-h/51709-h.htm","http://www.gutenberg.org","http://www.gutenberg.org","whole",NA,34,4.05453885658082,2.84375461486131,0.588235294117647,0.0303030303030303
4436663,4755,"facile, meilleure qu'en Brasserie, moitié prix, naturelle!",NA,"facile, meilleure qu'en Brasserie, moitié prix, naturelle!",NA,NA,NA,NA,NA,NA,NA,31,"fra_fic_78.txt","French","French","fra",NA,2005,"written","fiction","general_fiction","Latn",NA,"Anonymous, Bulletin de Lille, Jan. 1916","http://www.gutenberg.org/files/15212/15212-h/15212-h.htm","http://www.gutenberg.org","http://www.gutenberg.org","part",NA,58,4.04707033173104,2.75060835601917,0.379310344827586,0.0526315789473684
4449445,4757,"«Le jour où l'on amena M. de Vaucanson chez madame du Deffant, la",NA,"«Le jour où l'on amena M. de Vaucanson chez madame du Deffant, la",NA,NA,NA,NA,NA,NA,NA,31,"fra_fic_8.txt","French","French","fra",NA,2012,"written","fiction","general_fiction","Latn",NA,"Duchesse d'Abrantès., Histoire des salons de Paris (Tome 1/6)","http://www.gutenberg.org/files/39331/39331-h/39331-h.htm","http://www.gutenberg.org","http://www.gutenberg.org","part",NA,65,4.13923507466064,2.96725980304851,0.4,0.015625
4451610,4758,"dans les laboratoires des pharmaciens du Nord. Se",NA,"dans les laboratoires des pharmaciens du Nord. Se",NA,NA,NA,NA,NA,NA,NA,31,"fra_fic_80.txt","French","French","fra",NA,2007,"written","fiction","general_fiction","Latn",NA,"Anonymous, Bulletin de Lille, 1916.04","http://www.gutenberg.org/files/20823/20823-h/20823-h.htm","http://www.gutenberg.org","http://www.gutenberg.org","whole",NA,49,3.95684671391363,2.68101915055362,0.408163265306122,0
4461604,4760,"un gage de préservation assurée pour le reste de l'existence.",NA,"un gage de préservation assurée pour le reste de l'existence.",NA,NA,NA,NA,NA,NA,NA,31,"fra_fic_82.txt","French","French","fra",NA,2007,"written","fiction","general_fiction","Latn",NA,"Anonymous, Bulletin de Lille, 1916.06","http://www.gutenberg.org/files/20825/20825-h/20825-h.htm","http://www.gutenberg.org","http://www.gutenberg.org","whole",NA,61,3.91726350517734,2.63598826999631,0.327868852459016,0.0166666666666667
4485681,4767,"esbigner se sauver",NA,"esbigner se sauver",NA,NA,NA,NA,NA,NA,NA,31,"fra_fic_89.txt","French","French","fra",NA,2008,"written","fiction","general_fiction","Latn",NA,"Anonymous, Dictionnaire complet de l'argot employé dans les Mystères de Paris, French language -- Slang -- Dictionaries","http://www.gutenberg.org/ebooks/24867.html.noimages","http://www.gutenberg.org","http://www.gutenberg.org","whole",NA,18,3.23909791798879,2.1479465781673,0.611111111111111,0
4500468,4773,"Par ce pamphille se tu veulx",NA,"Par ce pamphille se tu veulx",NA,NA,NA,NA,NA,NA,NA,31,"fra_fic_94.txt","French","French","fra",NA,2009,"written","fiction","general_fiction","Latn",NA,"Anonymous, Livre d'amours, auquel est relatee la grant amour et façon par laquelle Pamphille peut jouir de Galathee et le moyen qu'en fist la maquerelle","http://www.gutenberg.org/files/29251/29251-h/29251-h.htm","http://www.gutenberg.org","http://www.gutenberg.org","whole",NA,28,3.72290749432188,2.58063243531899,0.571428571428571,0.037037037037037
4501634,4773,"Port d'ennuy voye diffamable",NA,"Port d'ennuy voye diffamable",NA,NA,NA,NA,NA,NA,NA,31,"fra_fic_94.txt","French","French","fra",NA,2009,"written","fiction","general_fiction","Latn",NA,"Anonymous, Livre d'amours, auquel est relatee la grant amour et façon par laquelle Pamphille peut jouir de Galathee et le moyen qu'en fist la maquerelle","http://www.gutenberg.org/files/29251/29251-h/29251-h.htm","http://www.gutenberg.org","http://www.gutenberg.org","whole",NA,28,4.03914867190307,2.73487857154913,0.642857142857143,0.0740740740740741
4504933,4774,"et de l'île du Prince-Edouard. Comment nos hommes",NA,"et de l'île du Prince-Edouard. Comment nos hommes",NA,NA,NA,NA,NA,NA,NA,31,"fra_fic_95.txt","French","French","fra",NA,2006,"written","fiction","general_fiction","Latn",NA,"Anonymous, Louis Riel, Martyr du Nord-Ouest","http://www.gutenberg.org/files/19604/19604-h/19604-h.htm","http://www.gutenberg.org","http://www.gutenberg.org","whole",NA,49,4.10621704899493,2.84676632059904,0.448979591836735,0.0416666666666667
4524597,4776,"Plaidoieries civiles prononcées aux audiences du matin du",NA,"Plaidoieries civiles prononcées aux audiences du matin du",NA,NA,NA,NA,NA,NA,NA,31,"fra_fic_97.txt","French","French","fra",NA,2013,"written","fiction","general_fiction","Latn",NA,"Anonymous, Le ménagier de Paris (v. 1 & 2)","http://www.gutenberg.org/files/44070/44070-h/44070-h.htm","http://www.gutenberg.org","http://www.gutenberg.org","part",NA,57,3.93249494543737,2.57139498196371,0.333333333333333,0
4525275,4777,"Malars de rivière. En yver, quant les jeunes etc.[967]",NA,"Malars de rivière. En yver, quant les jeunes etc.[967]",NA,NA,NA,NA,NA,NA,NA,31,"fra_fic_98.txt","French","French","fra",NA,2013,"written","fiction","general_fiction","Latn",NA,"Anonymous, Le ménagier de Paris (v. 1 & 2)","http://www.gutenberg.org/files/44070/44070-h/44070-h.htm","http://www.gutenberg.org","http://www.gutenberg.org","part",NA,54,4.31199589177655,3.09997767737263,0.481481481481481,0
4547302,4779,"18036012	mais , s'il n'écoute pas , il court au devant de la flèche , et il périt , faute d'avoir voulu comprendre .","18036012","mais , s'il n'écoute pas , il court au devant de la flèche , et il périt , faute d'avoir voulu comprendre .",NA,NA,NA,NA,NA,NA,NA,32,"fra_nfi_1.txt","French","French","fra",NA,2012,"written","non-fiction","religion","Latn",NA,"Bible Perret-Gentil et Rilliet. Text of the Parallel Bible Corpus: Mayer, Thomas & Michael Cysouw. 2014. Creating a Massively Parallel Bible Corpus. Proceedings of the International Conference on Language Resources and Evaluation (LREC), Reykjavik, 3158-3163.","http://sourceforge.net/projects/zefania-sharp/files/Bibles/FRE/Bible%20Perret-Gentil%20et%20Rilliet/","Public Domain","Rights: Public Domain<br>Description: http://theotex.org/","whole","The first two digits of the identifier refer to the book, the next three digits to the chapter, and the last three digits to the verse. See Mayer & Cysouw (2014) for a list of book identifiers.",107,4.11724457012617,2.70538063489444,0.214953271028037,0
4550237,4779,"20008014	J'ai le conseil et le succès , je suis l'intelligence , je possède la force .","20008014","J'ai le conseil et le succès , je suis l'intelligence , je possède la force .",NA,NA,NA,NA,NA,NA,NA,32,"fra_nfi_1.txt","French","French","fra",NA,2012,"written","non-fiction","religion","Latn",NA,"Bible Perret-Gentil et Rilliet. Text of the Parallel Bible Corpus: Mayer, Thomas & Michael Cysouw. 2014. Creating a Massively Parallel Bible Corpus. Proceedings of the International Conference on Language Resources and Evaluation (LREC), Reykjavik, 3158-3163.","http://sourceforge.net/projects/zefania-sharp/files/Bibles/FRE/Bible%20Perret-Gentil%20et%20Rilliet/","Public Domain","Rights: Public Domain<br>Description: http://theotex.org/","whole","The first two digits of the identifier refer to the book, the next three digits to the chapter, and the last three digits to the verse. See Mayer & Cysouw (2014) for a list of book identifiers.",77,3.89420041600471,2.70719223444664,0.285714285714286,0.0394736842105263
4550888,4779,"20030016	les Enfers , et la femme stérile , la terre jamais rassasiée d'eau , et le feu qui jamais ne dit : « C'est assez ! »","20030016","les Enfers , et la femme stérile , la terre jamais rassasiée d'eau , et le feu qui jamais ne dit : « C'est assez ! »",NA,NA,NA,NA,NA,NA,NA,32,"fra_nfi_1.txt","French","French","fra",NA,2012,"written","non-fiction","religion","Latn",NA,"Bible Perret-Gentil et Rilliet. Text of the Parallel Bible Corpus: Mayer, Thomas & Michael Cysouw. 2014. Creating a Massively Parallel Bible Corpus. Proceedings of the International Conference on Language Resources and Evaluation (LREC), Reykjavik, 3158-3163.","http://sourceforge.net/projects/zefania-sharp/files/Bibles/FRE/Bible%20Perret-Gentil%20et%20Rilliet/","Public Domain","Rights: Public Domain<br>Description: http://theotex.org/","whole","The first two digits of the identifier refer to the book, the next three digits to the chapter, and the last three digits to the verse. See Mayer & Cysouw (2014) for a list of book identifiers.",116,3.89256759090714,2.72966584911821,0.21551724137931,0.0347826086956522
4559570,4779,"42023014	leur dit : « Vous m'avez amené cet homme comme soulevant le peuple , et voici , après l'avoir examiné en votre présence , je ne l'ai , pour mon compte , trouvé coupable d'aucune des choses dont vous l'accusez ;","42023014","leur dit : « Vous m'avez amené cet homme comme soulevant le peuple , et voici , après l'avoir examiné en votre présence , je ne l'ai , pour mon compte , trouvé coupable d'aucune des choses dont vous l'accusez ;",NA,NA,NA,NA,NA,NA,NA,32,"fra_nfi_1.txt","French","French","fra",NA,2012,"written","non-fiction","religion","Latn",NA,"Bible Perret-Gentil et Rilliet. Text of the Parallel Bible Corpus: Mayer, Thomas & Michael Cysouw. 2014. Creating a Massively Parallel Bible Corpus. Proceedings of the International Conference on Language Resources and Evaluation (LREC), Reykjavik, 3158-3163.","http://sourceforge.net/projects/zefania-sharp/files/Bibles/FRE/Bible%20Perret-Gentil%20et%20Rilliet/","Public Domain","Rights: Public Domain<br>Description: http://theotex.org/","whole","The first two digits of the identifier refer to the book, the next three digits to the chapter, and the last three digits to the verse. See Mayer & Cysouw (2014) for a list of book identifiers.",210,4.20337229478498,2.77079488568918,0.138095238095238,0.0143540669856459
4580287,4804,"mais d'être respectueux ?",NA,"mais d'être respectueux ?",NA,NA,NA,NA,NA,NA,NA,32,"fra_nfi_1020.txt","French","French","fra",NA,2016,"written","non-fiction","prepared_speeches","Latn",NA,"OpenSubtitles2018","https://object.pouta.csc.fi/OPUS-OpenSubtitles/v2018/raw/fr.zip","http://www.opensubtitles.org/","http://www.opensubtitles.org/ P. Lison and J. Tiedemann, 2016, OpenSubtitles2016: Extracting Large Parallel Corpora from Movie and TV Subtitles. In Proceedings of the 10th International Conference on Language Resources and Evaluation (LREC 2016)","whole",NA,25,3.81366068968819,2.58715595356688,0.64,0
4596910,4831,"Quelqu'un a volé votre bateau ?",NA,"Quelqu'un a volé votre bateau ?",NA,NA,NA,NA,NA,NA,NA,32,"fra_nfi_1045.txt","French","French","fra",NA,2016,"written","non-fiction","prepared_speeches","Latn",NA,"OpenSubtitles2018","https://object.pouta.csc.fi/OPUS-OpenSubtitles/v2018/raw/fr.zip","http://www.opensubtitles.org/","http://www.opensubtitles.org/ P. Lison and J. Tiedemann, 2016, OpenSubtitles2016: Extracting Large Parallel Corpora from Movie and TV Subtitles. In Proceedings of the 10th International Conference on Language Resources and Evaluation (LREC 2016)","whole",NA,31,3.75679581107192,2.55897236182033,0.516129032258065,0
4664481,4931,"Plus que toi.",NA,"Plus que toi.",NA,NA,NA,NA,NA,NA,NA,32,"fra_nfi_1135.txt","French","French","fra",NA,2016,"written","non-fiction","prepared_speeches","Latn",NA,"OpenSubtitles2018","https://object.pouta.csc.fi/OPUS-OpenSubtitles/v2018/raw/fr.zip","http://www.opensubtitles.org/","http://www.opensubtitles.org/ P. Lison and J. Tiedemann, 2016, OpenSubtitles2016: Extracting Large Parallel Corpora from Movie and TV Subtitles. In Proceedings of the 10th International Conference on Language Resources and Evaluation (LREC 2016)","whole",NA,13,3.39274741044878,2.27286576849743,0.846153846153846,0
4687925,4965,"Je voulais juste être votre ami.",NA,"Je voulais juste être votre ami.",NA,NA,NA,NA,NA,NA,NA,32,"fra_nfi_1166.txt","French","French","fra",NA,NA,"written","non-fiction","prepared_speeches","Latn",NA,"OpenSubtitles2018","https://object.pouta.csc.fi/OPUS-OpenSubtitles/v2018/raw/fr.zip","http://www.opensubtitles.org/","http://www.opensubtitles.org/ P. Lison and J. Tiedemann, 2016, OpenSubtitles2016: Extracting Large Parallel Corpora from Movie and TV Subtitles. In Proceedings of the 10th International Conference on Language Resources and Evaluation (LREC 2016)","whole",NA,32,3.80110850073124,2.35808018593777,0.5,0
4761789,5082,"Je m'en fiche, Oliver.",NA,"Je m'en fiche, Oliver.",NA,NA,NA,NA,NA,NA,NA,32,"fra_nfi_181.txt","French","French","fra",NA,2017,"written","non-fiction","prepared_speeches","Latn",NA,"OpenSubtitles2018","https://object.pouta.csc.fi/OPUS-OpenSubtitles/v2018/raw/fr.zip","http://www.opensubtitles.org/","http://www.opensubtitles.org/ P. Lison and J. Tiedemann, 2016, OpenSubtitles2016: Extracting Large Parallel Corpora from Movie and TV Subtitles. In Proceedings of the 10th International Conference on Language Resources and Evaluation (LREC 2016)","whole",NA,22,3.7887549139935,2.68577545486009,0.727272727272727,0
4818132,5170,"Que mon passé reviendrait referait surface un jour.",NA,"Que mon passé reviendrait referait surface un jour.",NA,NA,NA,NA,NA,NA,NA,32,"fra_nfi_260.txt","French","French","fra",NA,2017,"written","non-fiction","prepared_speeches","Latn",NA,"OpenSubtitles2018","https://object.pouta.csc.fi/OPUS-OpenSubtitles/v2018/raw/fr.zip","http://www.opensubtitles.org/","http://www.opensubtitles.org/ P. Lison and J. Tiedemann, 2016, OpenSubtitles2016: Extracting Large Parallel Corpora from Movie and TV Subtitles. In Proceedings of the 10th International Conference on Language Resources and Evaluation (LREC 2016)","whole",NA,51,3.96780383276468,2.63253794516424,0.392156862745098,0.02
4827541,5187,"Je fais juste quelques gardes ici pour aider.",NA,"Je fais juste quelques gardes ici pour aider.",NA,NA,NA,NA,NA,NA,NA,32,"fra_nfi_276.txt","French","French","fra",NA,2017,"written","non-fiction","prepared_speeches","Latn",NA,"OpenSubtitles2018","https://object.pouta.csc.fi/OPUS-OpenSubtitles/v2018/raw/fr.zip","http://www.opensubtitles.org/","http://www.opensubtitles.org/ P. Lison and J. Tiedemann, 2016, OpenSubtitles2016: Extracting Large Parallel Corpora from Movie and TV Subtitles. In Proceedings of the 10th International Conference on Language Resources and Evaluation (LREC 2016)","whole",NA,45,3.87694121937285,2.64101850633599,0.422222222222222,0
4832773,5194,"J'ai détesté la Russie, ce qu'ils font subir aux gens.",NA,"J'ai détesté la Russie, ce qu'ils font subir aux gens.",NA,NA,NA,NA,NA,NA,NA,32,"fra_nfi_282.txt","French","French","fra",NA,2017,"written","non-fiction","prepared_speeches","Latn",NA,"OpenSubtitles2018","https://object.pouta.csc.fi/OPUS-OpenSubtitles/v2018/raw/fr.zip","http://www.opensubtitles.org/","http://www.opensubtitles.org/ P. Lison and J. Tiedemann, 2016, OpenSubtitles2016: Extracting Large Parallel Corpora from Movie and TV Subtitles. In Proceedings of the 10th International Conference on Language Resources and Evaluation (LREC 2016)","whole",NA,54,4.1706490758369,3.03924541338776,0.444444444444444,0.0188679245283019
4850750,5225,"Ouais, ça serait bien.",NA,"Ouais, ça serait bien.",NA,NA,NA,NA,NA,NA,NA,32,"fra_nfi_31.txt","French","French","fra",NA,2017,"written","non-fiction","prepared_speeches","Latn",NA,"OpenSubtitles2018","https://object.pouta.csc.fi/OPUS-OpenSubtitles/v2018/raw/fr.zip","http://www.opensubtitles.org/","http://www.opensubtitles.org/ P. Lison and J. Tiedemann, 2016, OpenSubtitles2016: Extracting Large Parallel Corpora from Movie and TV Subtitles. In Proceedings of the 10th International Conference on Language Resources and Evaluation (LREC 2016)","whole",NA,22,3.6292196865241,2.46059770306995,0.636363636363636,0
4860199,5239,"Ils m'ont lâché deux fois !",NA,"Ils m'ont lâché deux fois !",NA,NA,NA,NA,NA,NA,NA,32,"fra_nfi_322.txt","French","French","fra",NA,2017,"written","non-fiction","prepared_speeches","Latn",NA,"OpenSubtitles2018","https://object.pouta.csc.fi/OPUS-OpenSubtitles/v2018/raw/fr.zip","http://www.opensubtitles.org/","http://www.opensubtitles.org/ P. Lison and J. Tiedemann, 2016, OpenSubtitles2016: Extracting Large Parallel Corpora from Movie and TV Subtitles. In Proceedings of the 10th International Conference on Language Resources and Evaluation (LREC 2016)","whole",NA,27,4.10267859570285,2.88304064064491,0.740740740740741,0
4867990,5250,"Il est temps que tu apprennes l'indépendance et à prendre tes responsabilités.",NA,"Il est temps que tu apprennes l'indépendance et à prendre tes responsabilités.",NA,NA,NA,NA,NA,NA,NA,32,"fra_nfi_332.txt","French","French","fra",NA,2017,"written","non-fiction","prepared_speeches","Latn",NA,"OpenSubtitles2018","https://object.pouta.csc.fi/OPUS-OpenSubtitles/v2018/raw/fr.zip","http://www.opensubtitles.org/","http://www.opensubtitles.org/ P. Lison and J. Tiedemann, 2016, OpenSubtitles2016: Extracting Large Parallel Corpora from Movie and TV Subtitles. In Proceedings of the 10th International Conference on Language Resources and Evaluation (LREC 2016)","whole",NA,78,3.94674367091637,2.73367943973321,0.282051282051282,0.025974025974026
4994230,5461,"Vous êtes soldat, moi, civil, vous devez me protéger.",NA,"Vous êtes soldat, moi, civil, vous devez me protéger.",NA,NA,NA,NA,NA,NA,NA,32,"fra_nfi_522.txt","French","French","fra",NA,2017,"written","non-fiction","prepared_speeches","Latn",NA,"OpenSubtitles2018","https://object.pouta.csc.fi/OPUS-OpenSubtitles/v2018/raw/fr.zip","http://www.opensubtitles.org/","http://www.opensubtitles.org/ P. Lison and J. Tiedemann, 2016, OpenSubtitles2016: Extracting Large Parallel Corpora from Movie and TV Subtitles. In Proceedings of the 10th International Conference on Language Resources and Evaluation (LREC 2016)","whole",NA,53,4.13850854970419,2.83201360299828,0.415094339622642,0
5013485,5491,"Je suis Uhtred, fils d'Uhtred.",NA,"Je suis Uhtred, fils d'Uhtred.",NA,NA,NA,NA,NA,NA,NA,32,"fra_nfi_55.txt","French","French","fra",NA,2017,"written","non-fiction","prepared_speeches","Latn",NA,"OpenSubtitles2018","https://object.pouta.csc.fi/OPUS-OpenSubtitles/v2018/raw/fr.zip","http://www.opensubtitles.org/","http://www.opensubtitles.org/ P. Lison and J. Tiedemann, 2016, OpenSubtitles2016: Extracting Large Parallel Corpora from Movie and TV Subtitles. In Proceedings of the 10th International Conference on Language Resources and Evaluation (LREC 2016)","whole",NA,30,3.83140184539217,2.36009294692919,0.533333333333333,0
5021755,5501,"J'essaie...",NA,"J'essaie...",NA,NA,NA,NA,NA,NA,NA,32,"fra_nfi_559.txt","French","French","fra",NA,2017,"written","non-fiction","prepared_speeches","Latn",NA,"OpenSubtitles2018","https://object.pouta.csc.fi/OPUS-OpenSubtitles/v2018/raw/fr.zip","http://www.opensubtitles.org/","http://www.opensubtitles.org/ P. Lison and J. Tiedemann, 2016, OpenSubtitles2016: Extracting Large Parallel Corpora from Movie and TV Subtitles. In Proceedings of the 10th International Conference on Language Resources and Evaluation (LREC 2016)","whole",NA,11,2.66353275480426,1.74534989355893,0.636363636363636,0.3
5023751,5504,"Johannes a 160 points.",NA,"Johannes a 160 points.",NA,NA,NA,NA,NA,NA,NA,32,"fra_nfi_561.txt","French","French","fra",NA,2017,"written","non-fiction","prepared_speeches","Latn",NA,"OpenSubtitles2018","https://object.pouta.csc.fi/OPUS-OpenSubtitles/v2018/raw/fr.zip","http://www.opensubtitles.org/","http://www.opensubtitles.org/ P. Lison and J. Tiedemann, 2016, OpenSubtitles2016: Extracting Large Parallel Corpora from Movie and TV Subtitles. In Proceedings of the 10th International Conference on Language Resources and Evaluation (LREC 2016)","whole",NA,22,3.75444184571335,2.58766693948449,0.681818181818182,0.0476190476190476
5026748,5509,"Elle ne le peut.",NA,"Elle ne le peut.",NA,NA,NA,NA,NA,NA,NA,32,"fra_nfi_566.txt","French","French","fra",NA,2017,"written","non-fiction","prepared_speeches","Latn",NA,"OpenSubtitles2018","https://object.pouta.csc.fi/OPUS-OpenSubtitles/v2018/raw/fr.zip","http://www.opensubtitles.org/","http://www.opensubtitles.org/ P. Lison and J. Tiedemann, 2016, OpenSubtitles2016: Extracting Large Parallel Corpora from Movie and TV Subtitles. In Proceedings of the 10th International Conference on Language Resources and Evaluation (LREC 2016)","whole",NA,16,2.90563906222957,1.99463069513049,0.5625,0.0666666666666667
5080908,5603,"Mme Stella ?",NA,"Mme Stella ?",NA,NA,NA,NA,NA,NA,NA,32,"fra_nfi_650.txt","French","French","fra",NA,2017,"written","non-fiction","prepared_speeches","Latn",NA,"OpenSubtitles2018","https://object.pouta.csc.fi/OPUS-OpenSubtitles/v2018/raw/fr.zip","http://www.opensubtitles.org/","http://www.opensubtitles.org/ P. Lison and J. Tiedemann, 2016, OpenSubtitles2016: Extracting Large Parallel Corpora from Movie and TV Subtitles. In Proceedings of the 10th International Conference on Language Resources and Evaluation (LREC 2016)","whole",NA,12,3.08496250072116,2.0097582885839,0.75,0.0909090909090909
5087435,5615,"Quand Bruce reviendra... les gens mourront, n'est-ce pas ?",NA,"Quand Bruce reviendra... les gens mourront, n'est-ce pas ?",NA,NA,NA,NA,NA,NA,NA,32,"fra_nfi_661.txt","French","French","fra",NA,2017,"written","non-fiction","prepared_speeches","Latn",NA,"OpenSubtitles2018","https://object.pouta.csc.fi/OPUS-OpenSubtitles/v2018/raw/fr.zip","http://www.opensubtitles.org/","http://www.opensubtitles.org/ P. Lison and J. Tiedemann, 2016, OpenSubtitles2016: Extracting Large Parallel Corpora from Movie and TV Subtitles. In Proceedings of the 10th International Conference on Language Resources and Evaluation (LREC 2016)","whole",NA,58,4.18323223806262,2.92979772788149,0.413793103448276,0.0526315789473684
5142634,5711,"Je vous fais Chris Farley ?",NA,"Je vous fais Chris Farley ?",NA,NA,NA,NA,NA,NA,NA,32,"fra_nfi_748.txt","French","French","fra",NA,2016,"written","non-fiction","prepared_speeches","Latn",NA,"OpenSubtitles2018","https://object.pouta.csc.fi/OPUS-OpenSubtitles/v2018/raw/fr.zip","http://www.opensubtitles.org/","http://www.opensubtitles.org/ P. Lison and J. Tiedemann, 2016, OpenSubtitles2016: Extracting Large Parallel Corpora from Movie and TV Subtitles. In Proceedings of the 10th International Conference on Language Resources and Evaluation (LREC 2016)","whole",NA,27,3.8524975771042,2.60587257225438,0.62962962962963,0
5143632,5712,"C'est toi qui cherches Amélia ?",NA,"C'est toi qui cherches Amélia ?",NA,NA,NA,NA,NA,NA,NA,32,"fra_nfi_749.txt","French","French","fra",NA,2016,"written","non-fiction","prepared_speeches","Latn",NA,"OpenSubtitles2018","https://object.pouta.csc.fi/OPUS-OpenSubtitles/v2018/raw/fr.zip","http://www.opensubtitles.org/","http://www.opensubtitles.org/ P. Lison and J. Tiedemann, 2016, OpenSubtitles2016: Extracting Large Parallel Corpora from Movie and TV Subtitles. In Proceedings of the 10th International Conference on Language Resources and Evaluation (LREC 2016)","whole",NA,31,4.01486032720095,2.73678036313224,0.612903225806452,0
5149842,5718,"- Si elle m'irait ?",NA,"- Si elle m'irait ?",NA,NA,NA,NA,NA,NA,NA,32,"fra_nfi_754.txt","French","French","fra",NA,2016,"written","non-fiction","prepared_speeches","Latn",NA,"OpenSubtitles2018","https://object.pouta.csc.fi/OPUS-OpenSubtitles/v2018/raw/fr.zip","http://www.opensubtitles.org/","http://www.opensubtitles.org/ P. Lison and J. Tiedemann, 2016, OpenSubtitles2016: Extracting Large Parallel Corpora from Movie and TV Subtitles. In Proceedings of the 10th International Conference on Language Resources and Evaluation (LREC 2016)","whole",NA,19,3.36609132911919,2.36386225634835,0.631578947368421,0.0555555555555556
5153554,5724,"- Pas de pouvoirs.",NA,"- Pas de pouvoirs.",NA,NA,NA,NA,NA,NA,NA,32,"fra_nfi_76.txt","French","French","fra",NA,2017,"written","non-fiction","prepared_speeches","Latn",NA,"OpenSubtitles2018","https://object.pouta.csc.fi/OPUS-OpenSubtitles/v2018/raw/fr.zip","http://www.opensubtitles.org/","http://www.opensubtitles.org/ P. Lison and J. Tiedemann, 2016, OpenSubtitles2016: Extracting Large Parallel Corpora from Movie and TV Subtitles. In Proceedings of the 10th International Conference on Language Resources and Evaluation (LREC 2016)","whole",NA,18,3.68354236243323,2.53792642665775,0.777777777777778,0
5158458,5733,"Elle a quelques points qui se sont ouverts.",NA,"Elle a quelques points qui se sont ouverts.",NA,NA,NA,NA,NA,NA,NA,32,"fra_nfi_768.txt","French","French","fra",NA,2016,"written","non-fiction","prepared_speeches","Latn",NA,"OpenSubtitles2018","https://object.pouta.csc.fi/OPUS-OpenSubtitles/v2018/raw/fr.zip","http://www.opensubtitles.org/","http://www.opensubtitles.org/ P. Lison and J. Tiedemann, 2016, OpenSubtitles2016: Extracting Large Parallel Corpora from Movie and TV Subtitles. In Proceedings of the 10th International Conference on Language Resources and Evaluation (LREC 2016)","whole",NA,43,3.70788532651766,2.50592731034859,0.372093023255814,0.0238095238095238
5179011,5770,"Un staphylo à cause d'un hameçon rouillé.",NA,"Un staphylo à cause d'un hameçon rouillé.",NA,NA,NA,NA,NA,NA,NA,32,"fra_nfi_800.txt","French","French","fra",NA,2016,"written","non-fiction","prepared_speeches","Latn",NA,"OpenSubtitles2018","https://object.pouta.csc.fi/OPUS-OpenSubtitles/v2018/raw/fr.zip","http://www.opensubtitles.org/","http://www.opensubtitles.org/ P. Lison and J. Tiedemann, 2016, OpenSubtitles2016: Extracting Large Parallel Corpora from Movie and TV Subtitles. In Proceedings of the 10th International Conference on Language Resources and Evaluation (LREC 2016)","whole",NA,41,4.25305901644383,2.95191717799782,0.560975609756098,0.025
5194459,5796,"T'as pas fini avec tes piques?",NA,"T'as pas fini avec tes piques?",NA,NA,NA,NA,NA,NA,NA,32,"fra_nfi_824.txt","French","French","fra",NA,2016,"written","non-fiction","prepared_speeches","Latn",NA,"OpenSubtitles2018","https://object.pouta.csc.fi/OPUS-OpenSubtitles/v2018/raw/fr.zip","http://www.opensubtitles.org/","http://www.opensubtitles.org/ P. Lison and J. Tiedemann, 2016, OpenSubtitles2016: Extracting Large Parallel Corpora from Movie and TV Subtitles. In Proceedings of the 10th International Conference on Language Resources and Evaluation (LREC 2016)","whole",NA,30,3.71108049624428,2.51275129182761,0.533333333333333,0
5252226,5882,"C'est comme résoudre un Rubik's Cube avec nos pieds.",NA,"C'est comme résoudre un Rubik's Cube avec nos pieds.",NA,NA,NA,NA,NA,NA,NA,32,"fra_nfi_901.txt","French","French","fra",NA,2016,"written","non-fiction","prepared_speeches","Latn",NA,"OpenSubtitles2018","https://object.pouta.csc.fi/OPUS-OpenSubtitles/v2018/raw/fr.zip","http://www.opensubtitles.org/","http://www.opensubtitles.org/ P. Lison and J. Tiedemann, 2016, OpenSubtitles2016: Extracting Large Parallel Corpora from Movie and TV Subtitles. In Proceedings of the 10th International Conference on Language Resources and Evaluation (LREC 2016)","whole",NA,52,4.1259338915848,2.87020123861307,0.423076923076923,0.0196078431372549
5252805,5883,"Répond lui !",NA,"Répond lui !",NA,NA,NA,NA,NA,NA,NA,32,"fra_nfi_902.txt","French","French","fra",NA,2016,"written","non-fiction","prepared_speeches","Latn",NA,"OpenSubtitles2018","https://object.pouta.csc.fi/OPUS-OpenSubtitles/v2018/raw/fr.zip","http://www.opensubtitles.org/","http://www.opensubtitles.org/ P. Lison and J. Tiedemann, 2016, OpenSubtitles2016: Extracting Large Parallel Corpora from Movie and TV Subtitles. In Proceedings of the 10th International Conference on Language Resources and Evaluation (LREC 2016)","whole",NA,12,3.41829583405449,2.25881161872973,0.916666666666667,0
5284946,5929,"C'est un salaire honorable.",NA,"C'est un salaire honorable.",NA,NA,NA,NA,NA,NA,NA,32,"fra_nfi_944.txt","French","French","fra",NA,2016,"written","non-fiction","prepared_speeches","Latn",NA,"OpenSubtitles2018","https://object.pouta.csc.fi/OPUS-OpenSubtitles/v2018/raw/fr.zip","http://www.opensubtitles.org/","http://www.opensubtitles.org/ P. Lison and J. Tiedemann, 2016, OpenSubtitles2016: Extracting Large Parallel Corpora from Movie and TV Subtitles. In Proceedings of the 10th International Conference on Language Resources and Evaluation (LREC 2016)","whole",NA,27,3.85619629821938,2.61022946300671,0.592592592592593,0
5293751,5940,"Vas-y, je le referme.",NA,"Vas-y, je le referme.",NA,NA,NA,NA,NA,NA,NA,32,"fra_nfi_954.txt","French","French","fra",NA,2016,"written","non-fiction","prepared_speeches","Latn",NA,"OpenSubtitles2018","https://object.pouta.csc.fi/OPUS-OpenSubtitles/v2018/raw/fr.zip","http://www.opensubtitles.org/","http://www.opensubtitles.org/ P. Lison and J. Tiedemann, 2016, OpenSubtitles2016: Extracting Large Parallel Corpora from Movie and TV Subtitles. In Proceedings of the 10th International Conference on Language Resources and Evaluation (LREC 2016)","whole",NA,21,3.5178160905597,2.44406853190932,0.666666666666667,0
5331323,5991,"43012039	ამისთჳს ვერ ჰრწმენდა , რამეთუ მერმეცა თქუა ესაია :","43012039","ამისთჳს ვერ ჰრწმენდა , რამეთუ მერმეცა თქუა ესაია :",NA,NA,NA,NA,NA,NA,NA,34,"kat_nfi_1.txt","Georgian","Georgian","kat",NA,1963,"written","non-fiction","religion","Geor",NA,"The New Testament in Georgian. Text of the Parallel Bible Corpus: Mayer, Thomas & Michael Cysouw. 2014. Creating a Massively Parallel Bible Corpus. Proceedings of the International Conference on Language Resources and Evaluation (LREC), Reykjavik, 3158-3163.","http://unbound.biola.edu/index.cfm?method=downloads.showDownloadMain",NA,"This text was prepared on the basis of the 1963 publication by the Georgian Orthodox Church","whole","The first two digits of the identifier refer to the book, the next three digits to the chapter, and the last three digits to the verse. See Mayer & Cysouw (2014) for a list of book identifiers.",50,3.79824269102485,2.64605351153831,0.38,0
5369227,6041,"რვ ჲჟკგვპნწგარ!",NA,"რვ ჲჟკგვპნწგარ!",NA,NA,NA,NA,NA,NA,NA,34,"kat_nfi_144.txt","Georgian","Georgian","kat",NA,1970,"written","non-fiction","prepared_speeches","Geor",NA,"OpenSubtitles2018","https://object.pouta.csc.fi/OPUS-OpenSubtitles/v2018/raw/ka.zip","http://www.opensubtitles.org/","http://www.opensubtitles.org/ P. Lison and J. Tiedemann, 2016, OpenSubtitles2016: Extracting Large Parallel Corpora from Movie and TV Subtitles. In Proceedings of the 10th International Conference on Language Resources and Evaluation (LREC 2016)","whole",NA,15,3.50689059560852,2.33693211723288,0.8,0
5388450,6069,"რამ ვ ეთგჲ.",NA,"რამ ვ ეთგჲ.",NA,NA,NA,NA,NA,NA,NA,34,"kat_nfi_17.txt","Georgian","Georgian","kat",NA,2013,"written","non-fiction","prepared_speeches","Geor",NA,"OpenSubtitles2018","https://object.pouta.csc.fi/OPUS-OpenSubtitles/v2018/raw/ka.zip","http://www.opensubtitles.org/","http://www.opensubtitles.org/ P. Lison and J. Tiedemann, 2016, OpenSubtitles2016: Extracting Large Parallel Corpora from Movie and TV Subtitles. In Proceedings of the 10th International Conference on Language Resources and Evaluation (LREC 2016)","whole",NA,11,3.27761343681912,2.17800104390852,0.909090909090909,0
5410574,6096,"კყევ ვ კლვპ?",NA,"კყევ ვ კლვპ?",NA,NA,NA,NA,NA,NA,NA,34,"kat_nfi_194.txt","Georgian","Georgian","kat",NA,2007,"written","non-fiction","prepared_speeches","Geor",NA,"OpenSubtitles2018","https://object.pouta.csc.fi/OPUS-OpenSubtitles/v2018/raw/ka.zip","http://www.opensubtitles.org/","http://www.opensubtitles.org/ P. Lison and J. Tiedemann, 2016, OpenSubtitles2016: Extracting Large Parallel Corpora from Movie and TV Subtitles. In Proceedings of the 10th International Conference on Language Resources and Evaluation (LREC 2016)","whole",NA,12,2.85538854220753,1.87895878264907,0.666666666666667,0
5412810,6101,"ჱა ეა ბთევქ ოჲე მჲ£ კპჲგ.",NA,"ჱა ეა ბთევქ ოჲე მჲ£ კპჲგ.",NA,NA,NA,NA,NA,NA,NA,34,"kat_nfi_199.txt","Georgian","Georgian","kat",NA,2008,"written","non-fiction","prepared_speeches","Geor",NA,"OpenSubtitles2018","https://object.pouta.csc.fi/OPUS-OpenSubtitles/v2018/raw/ka.zip","http://www.opensubtitles.org/","http://www.opensubtitles.org/ P. Lison and J. Tiedemann, 2016, OpenSubtitles2016: Extracting Large Parallel Corpora from Movie and TV Subtitles. In Proceedings of the 10th International Conference on Language Resources and Evaluation (LREC 2016)","whole",NA,25,3.71907957062417,2.68009934880708,0.64,0
5428246,6120,"ხო, დიდი დამპყრობელი ხარ.",NA,"ხო, დიდი დამპყრობელი ხარ.",NA,NA,NA,NA,NA,NA,NA,34,"kat_nfi_215.txt","Georgian","Georgian","kat",NA,2016,"written","non-fiction","prepared_speeches","Geor",NA,"OpenSubtitles2018","https://object.pouta.csc.fi/OPUS-OpenSubtitles/v2018/raw/ka.zip","http://www.opensubtitles.org/","http://www.opensubtitles.org/ P. Lison and J. Tiedemann, 2016, OpenSubtitles2016: Extracting Large Parallel Corpora from Movie and TV Subtitles. In Proceedings of the 10th International Conference on Language Resources and Evaluation (LREC 2016)","whole",NA,25,3.75326968951511,2.50697096533638,0.6,0
5453738,6160,"ოჲ მნჲდჲ კყჟთ ოანრალჲნკთ თ ოჲრნთფვ.",NA,"ოჲ მნჲდჲ კყჟთ ოანრალჲნკთ თ ოჲრნთფვ.",NA,NA,NA,NA,NA,NA,NA,34,"kat_nfi_56.txt","Georgian","Georgian","kat",NA,2010,"written","non-fiction","prepared_speeches","Geor",NA,"OpenSubtitles2018","https://object.pouta.csc.fi/OPUS-OpenSubtitles/v2018/raw/ka.zip","http://www.opensubtitles.org/","http://www.opensubtitles.org/ P. Lison and J. Tiedemann, 2016, OpenSubtitles2016: Extracting Large Parallel Corpora from Movie and TV Subtitles. In Proceedings of the 10th International Conference on Language Resources and Evaluation (LREC 2016)","whole",NA,35,3.70144963262962,2.51989213313999,0.457142857142857,0
5458844,6172,"კაკჲ რარკჲ.",NA,"კაკჲ რარკჲ.",NA,NA,NA,NA,NA,NA,NA,34,"kat_nfi_67.txt","Georgian","Georgian","kat",NA,2010,"written","non-fiction","prepared_speeches","Geor",NA,"OpenSubtitles2018","https://object.pouta.csc.fi/OPUS-OpenSubtitles/v2018/raw/ka.zip","http://www.opensubtitles.org/","http://www.opensubtitles.org/ P. Lison and J. Tiedemann, 2016, OpenSubtitles2016: Extracting Large Parallel Corpora from Movie and TV Subtitles. In Proceedings of the 10th International Conference on Language Resources and Evaluation (LREC 2016)","whole",NA,11,2.48171457298607,1.61637151274785,0.545454545454545,0
5543659,6222,"ganz nach seinen Wünschen einzurichten.",NA,"ganz nach seinen Wünschen einzurichten.",NA,NA,NA,NA,NA,NA,NA,36,"deu_fic_110.txt","German","German","deu",NA,2014,"written","fiction","general_fiction","Latn",NA,"Eduard Bernstein, Ferdinand Lassalle","http://www.gutenberg.org/files/44722/44722-h/44722-h.htm","http://www.gutenberg.org","http://www.gutenberg.org","part",NA,39,3.64759957832565,2.46317562688655,0.41025641025641,0
5547987,6223,"daß sie die Grenzen seiner Kräfte immer um ein Geringes übersteigen.",NA,"daß sie die Grenzen seiner Kräfte immer um ein Geringes übersteigen.",NA,NA,NA,NA,NA,NA,NA,36,"deu_fic_111.txt","German","German","deu",NA,2008,"written","fiction","general_fiction","Latn",NA,"Eduard Bernstein, Der Sozialismus einst und jetzt","http://www.gutenberg.org/files/24523/24523-h/24523-h.htm","http://www.gutenberg.org","http://www.gutenberg.org","part",NA,68,3.76469560856062,2.70679719959607,0.308823529411765,0.0149253731343284
5587228,6232,"masculini: hic daniel, huius danielis; michael, gabriel,",NA,"masculini: hic daniel, huius danielis; michael, gabriel,",NA,NA,NA,NA,NA,NA,NA,36,"deu_fic_12.txt","German","German","deu",NA,2014,"written","fiction","general_fiction","Latn",NA,"Ælfric of Eynsham, Ælfrics Grammatik und Glossar","http://www.gutenberg.org/files/45861/45861-h/45861-h.htm","http://www.gutenberg.org","http://www.gutenberg.org","part",NA,56,3.88257445814399,2.40287960617322,0.321428571428571,0
5605865,6237,"wurde ich krank, und der Stabsarzt, ein Landsmann",NA,"wurde ich krank, und der Stabsarzt, ein Landsmann",NA,NA,NA,NA,NA,NA,NA,36,"deu_fic_124.txt","German","German","deu",NA,2007,"written","fiction","general_fiction","Latn",NA,"Antonino M., Der Roman eines geborenen Verbrechers","http://www.gutenberg.org/files/22630/22630-h/22630-h.htm","http://www.gutenberg.org","http://www.gutenberg.org","part",NA,49,3.99173459033295,2.73971822607457,0.408163265306122,0.0208333333333333
5610090,6238,"sollen oft so angegriffen sein, daß sie ärztliche Behandlung",NA,"sollen oft so angegriffen sein, daß sie ärztliche Behandlung",NA,NA,NA,NA,NA,NA,NA,36,"deu_fic_125.txt","German","German","deu",NA,2014,"written","fiction","general_fiction","Latn",NA,"Ernst von Bibra, Reise in Südamerika. Erster Band.","http://www.gutenberg.org/files/46141/46141-h/46141-h.htm","http://www.gutenberg.org","http://www.gutenberg.org","part",NA,60,4.07054377115212,2.83448290957853,0.35,0.0338983050847458
5623734,6240,"und die Besucher mißhandelte. Und als der",NA,"und die Besucher mißhandelte. Und als der",NA,NA,NA,NA,NA,NA,NA,36,"deu_fic_127.txt","German","German","deu",NA,2016,"written","fiction","general_fiction","Latn",NA,"Georg Biedenkapp, James Watt und die Erfindung der Dampfmaschine","http://www.gutenberg.org/files/52492/52492-h/52492-h.htm","http://www.gutenberg.org","http://www.gutenberg.org","whole",NA,41,3.8603793708314,2.60823667828241,0.439024390243902,0
5631195,6242,"”Versteh schon! Natürlich! Ich kenn' mich aus.",NA,"”Versteh schon! Natürlich! Ich kenn' mich aus.",NA,NA,NA,NA,NA,NA,NA,36,"deu_fic_129.txt","German","German","deu",NA,2013,"written","fiction","general_fiction","Latn",NA,"Otto Julius Bierbaum, Das höllische Automobil","http://www.gutenberg.org/files/43914/43914-h/43914-h.htm","http://www.gutenberg.org","http://www.gutenberg.org","whole",NA,46,4.23260373898627,2.84431325063569,0.5,0.0222222222222222
5662166,6247,"Kugel des Verführers preisgeben, statt daß man",NA,"Kugel des Verführers preisgeben, statt daß man",NA,NA,NA,NA,NA,NA,NA,36,"deu_fic_133.txt","German","German","deu",NA,2014,"written","fiction","general_fiction","Latn",NA,"Fritz Oswald Bilse, Aus einer kleinen Garnison","http://www.gutenberg.org/files/44719/44719-h/44719-h.htm","http://www.gutenberg.org","http://www.gutenberg.org","whole",NA,46,4.07419164164273,2.86450497609603,0.478260869565217,0.0222222222222222
5663448,6247,"»Aber so sage mir doch, was ist dir? Was",NA,"»Aber so sage mir doch, was ist dir? Was",NA,NA,NA,NA,NA,NA,NA,36,"deu_fic_133.txt","German","German","deu",NA,2014,"written","fiction","general_fiction","Latn",NA,"Fritz Oswald Bilse, Aus einer kleinen Garnison","http://www.gutenberg.org/files/44719/44719-h/44719-h.htm","http://www.gutenberg.org","http://www.gutenberg.org","whole",NA,40,3.92507052036418,2.74381573061536,0.5,0
5678622,6251,"Ist Frau Lürig der Ansicht, die andere habe",NA,"Ist Frau Lürig der Ansicht, die andere habe",NA,NA,NA,NA,NA,NA,NA,36,"deu_fic_137.txt","German","German","deu",NA,2015,"written","fiction","general_fiction","Latn",NA,"Bjørnstjerne Bjørnson, Briefe aus Aulestad an seine Tochter Bergliot Ibsen","http://www.gutenberg.org/files/49722/49722-h/49722-h.htm","http://www.gutenberg.org","http://www.gutenberg.org","whole",NA,43,3.99543248876418,2.71466927556538,0.465116279069767,0
5699287,6254,"wôh gerihtan.",NA,"wôh gerihtan.",NA,NA,NA,NA,NA,NA,NA,36,"deu_fic_14.txt","German","German","deu",NA,2014,"written","fiction","general_fiction","Latn",NA,"Ælfric of Eynsham, Ælfrics Grammatik und Glossar","http://www.gutenberg.org/files/45861/45861-h/45861-h.htm","http://www.gutenberg.org","http://www.gutenberg.org","part",NA,13,3.54659356429494,2.38084095780733,0.923076923076923,0
5750799,6268,"den Abschluß des Waffenstillstandes betrieb, sich in seinen Anforderungen",NA,"den Abschluß des Waffenstillstandes betrieb, sich in seinen Anforderungen",NA,NA,NA,NA,NA,NA,NA,36,"deu_fic_152.txt","German","German","deu",NA,NA,"written","fiction","general_fiction","Latn",NA,"Gutenberg Project, German","http://www.gutenberg.org/files/47659/47659-h/47659-h.htm","http://www.gutenberg.org","http://www.gutenberg.org","part",NA,73,4.01469896433876,2.69215714617771,0.287671232876712,0.0277777777777778
5803342,6280,"denke, ihr bekommt herrlichen Sternenschein zu eurer",NA,"denke, ihr bekommt herrlichen Sternenschein zu eurer",NA,NA,NA,NA,NA,NA,NA,36,"deu_fic_26.txt","German","German","deu",NA,2019,"written","fiction","general_fiction","Latn",NA,"Lou Andreas-Salomé, Ma","http://www.gutenberg.org/files/61010/61010-h/61010-h.htm","http://www.gutenberg.org","http://www.gutenberg.org","whole",NA,52,3.80422127710017,2.65871565046242,0.365384615384615,0.0392156862745098
5888572,6306,"so rasend schnell gesprochen, auch bei nichts weniger denn aufregenden",NA,"so rasend schnell gesprochen, auch bei nichts weniger denn aufregenden",NA,NA,NA,NA,NA,NA,NA,36,"deu_fic_5.txt","German","German","deu",NA,2005,"written","fiction","general_fiction","Latn",NA,"Achleitner, Arthur, 1858-1927, Aus Kroatien:	Skizzen und Erzählungen, Short stories","http://www.gutenberg.org/ebooks/15734.html.noimages","http://www.gutenberg.org","http://www.gutenberg.org","whole",NA,70,3.90440318388693,2.67400526835037,0.285714285714286,0.0289855072463768
5899785,6308,"Deckmantel künstlerischer Offenbarung auf den Kitzel",NA,"Deckmantel künstlerischer Offenbarung auf den Kitzel",NA,NA,NA,NA,NA,NA,NA,36,"deu_fic_51.txt","German","German","deu",NA,2018,"written","fiction","general_fiction","Latn",NA,"Michail Arzybaschew, Sanin","http://www.gutenberg.org/files/57909/57909-h/57909-h.htm","http://www.gutenberg.org","http://www.gutenberg.org","part",NA,52,4.22649350825467,2.9293179568871,0.442307692307692,0.0196078431372549
5902643,6308,"Strahlen des Abends.",NA,"Strahlen des Abends.",NA,NA,NA,NA,NA,NA,NA,36,"deu_fic_51.txt","German","German","deu",NA,2018,"written","fiction","general_fiction","Latn",NA,"Michail Arzybaschew, Sanin","http://www.gutenberg.org/files/57909/57909-h/57909-h.htm","http://www.gutenberg.org","http://www.gutenberg.org","part",NA,20,3.68418371977919,2.42890619538911,0.7,0
5919981,6311,"immediate access to, the full Project Gutenberg-tm License must appear",NA,"immediate access to, the full Project Gutenberg-tm License must appear",NA,NA,NA,NA,NA,NA,NA,36,"deu_fic_54.txt","German","German","deu",NA,NA,"written","fiction","general_fiction","Latn",NA,"Gutenberg Project, German","http://www.gutenberg.org/files/48192/48192-h/48192-h.htm","http://www.gutenberg.org","http://www.gutenberg.org","part",NA,70,4.19121511804857,3.009148515767,0.357142857142857,0.072463768115942
5926110,6313,"aussah. Auch der Pfarrer wurde alsbald von einer",NA,"aussah. Auch der Pfarrer wurde alsbald von einer",NA,NA,NA,NA,NA,NA,NA,36,"deu_fic_56.txt","German","German","deu",NA,2008,"written","fiction","general_fiction","Latn",NA,"Various, Neugesammelte Volkssagen aus dem Lande Baden und den angrenzenden Gegenden","http://www.gutenberg.org/files/27206/27206-h/27206-h.htm","http://www.gutenberg.org","http://www.gutenberg.org","whole",NA,48,3.94652077334419,2.79314382622783,0.416666666666667,0.0425531914893617
5985081,6329,"des Parketts in die süßeste Schwermut, diesem",NA,"des Parketts in die süßeste Schwermut, diesem",NA,NA,NA,NA,NA,NA,NA,36,"deu_fic_70.txt","German","German","deu",NA,2018,"written","fiction","general_fiction","Latn",NA,"Rudolf Hans Bartsch, Vom sterbenden Rokoko","http://www.gutenberg.org/files/57765/57765-h/57765-h.htm","http://www.gutenberg.org","http://www.gutenberg.org","whole",NA,45,3.87787108559433,2.70163634819339,0.444444444444444,0.0227272727272727
6017877,6334,"führt, damit Du vermuthen kannst, in welchem",NA,"führt, damit Du vermuthen kannst, in welchem",NA,NA,NA,NA,NA,NA,NA,36,"deu_fic_75.txt","German","German","deu",NA,2015,"written","fiction","general_fiction","Latn",NA,"Max Bauer, Das Geschlechtsleben in der Deutschen Vergangenheit","http://www.gutenberg.org/files/50248/50248-h/50248-h.htm","http://www.gutenberg.org","http://www.gutenberg.org","part",NA,44,4.11807820934971,2.77948712673533,0.477272727272727,0.0232558139534884
6049861,6344,"Glänzende Glorie, seltsamst verwoben aus Licht und Nacht du, die meine zerrissene Stirn umflicht!",NA,"Glänzende Glorie, seltsamst verwoben aus Licht und Nacht du, die meine zerrissene Stirn umflicht!",NA,NA,NA,NA,NA,NA,NA,36,"deu_fic_84.txt","German","German","deu",NA,2011,"written","fiction","general_fiction","Latn",NA,"Johannes R. Becher, Verfall und Triumph, Erster Teil","http://www.gutenberg.org/files/37435/37435-h/37435-h.htm","http://www.gutenberg.org","http://www.gutenberg.org","whole",NA,97,4.28984092728982,2.89531954489071,0.278350515463918,0.0208333333333333
6057759,6347,"[185]werden, vorerst vor allen Augen unberufener Neugier geborgen;",NA,"[185]werden, vorerst vor allen Augen unberufener Neugier geborgen;",NA,NA,NA,NA,NA,NA,NA,36,"deu_fic_87.txt","German","German","deu",NA,2008,"written","fiction","general_fiction","Latn",NA,"Ludwig Bechstein, Der Dunkelgraf","http://www.gutenberg.org/files/24782/24782-h/24782-h.htm","http://www.gutenberg.org","http://www.gutenberg.org","part",NA,66,4.09082295315319,2.80117011035225,0.393939393939394,0.0153846153846154
6061375,6348,"zwar zu der Zeit, wo gegen Leonardus Cornelius van der Valck die",NA,"zwar zu der Zeit, wo gegen Leonardus Cornelius van der Valck die",NA,NA,NA,NA,NA,NA,NA,36,"deu_fic_88.txt","German","German","deu",NA,2008,"written","fiction","general_fiction","Latn",NA,"Ludwig Bechstein, Der Dunkelgraf","http://www.gutenberg.org/files/24782/24782-h/24782-h.htm","http://www.gutenberg.org","http://www.gutenberg.org","part",NA,64,4.09487420646973,2.81588733228512,0.359375,0
6103441,6359,"aus den Fernen: ein lieber, vergessener Laut — ein besonderer",NA,"aus den Fernen: ein lieber, vergessener Laut — ein besonderer",NA,NA,NA,NA,NA,NA,NA,36,"deu_fic_98.txt","German","German","deu",NA,2012,"written","fiction","general_fiction","Latn",NA,"Andrey Bely, Petersburg","http://www.gutenberg.org/files/39919/39919-h/39919-h.htm","http://www.gutenberg.org","http://www.gutenberg.org","part",NA,61,3.67256617555172,2.59445468500678,0.327868852459016,0.0166666666666667
6113018,6361,"02020022	Jahwe sagte zu Mose : "" Sag den Israeliten : ' Ihr habt erlebt , wie ich vom Himmel her zu euch gesprochen habe .","02020022","Jahwe sagte zu Mose : "" Sag den Israeliten : ' Ihr habt erlebt , wie ich vom Himmel her zu euch gesprochen habe .",NA,NA,NA,NA,NA,NA,NA,37,"deu_nfi_1.txt","German","German","deu",NA,1997,"written","non-fiction","religion","Latn",NA,"Text of the Parallel Bible Corpus: Mayer, Thomas & Michael Cysouw. 2014. Creating a Massively Parallel Bible Corpus. Proceedings of the International Conference on Language Resources and Evaluation (LREC), Reykjavik, 3158-3163.","http://bibel-online.net/buch/neue_evangelistische/markus/1/",NA,"CID - christliche internet dienst GmbH<br>Bibel-Online.NET seit 09/1996 online.","whole","The first two digits of the identifier refer to the book, the next three digits to the chapter, and the last three digits to the verse. See Mayer & Cysouw (2014) for a list of book identifiers.",113,4.25556856907442,2.98798247173829,0.274336283185841,0.00892857142857143
6212619,6480,"Hewlett hat eine weie Weste.",NA,"Hewlett hat eine weie Weste.",NA,NA,NA,NA,NA,NA,NA,37,"deu_nfi_1105.txt","German","German","deu",NA,2016,"written","non-fiction","prepared_speeches","Latn",NA,"OpenSubtitles2018","https://object.pouta.csc.fi/OPUS-OpenSubtitles/v2018/raw/de.zip","http://www.opensubtitles.org/","http://www.opensubtitles.org/ P. Lison and J. Tiedemann, 2016, OpenSubtitles2016: Extracting Large Parallel Corpora from Movie and TV Subtitles. In Proceedings of the 10th International Conference on Language Resources and Evaluation (LREC 2016)","whole",NA,28,3.23592635062903,2.36181726636211,0.464285714285714,0.037037037037037
6269853,6571,"Darf ich dein Auto für einen Lasterüberfall ausleihen?",NA,"Darf ich dein Auto für einen Lasterüberfall ausleihen?",NA,NA,NA,NA,NA,NA,NA,37,"deu_nfi_1188.txt","German","German","deu",NA,2016,"written","non-fiction","prepared_speeches","Latn",NA,"OpenSubtitles2018","https://object.pouta.csc.fi/OPUS-OpenSubtitles/v2018/raw/de.zip","http://www.opensubtitles.org/","http://www.opensubtitles.org/ P. Lison and J. Tiedemann, 2016, OpenSubtitles2016: Extracting Large Parallel Corpora from Movie and TV Subtitles. In Proceedings of the 10th International Conference on Language Resources and Evaluation (LREC 2016)","whole",NA,54,4.07317002229063,2.74943751751775,0.388888888888889,0.0188679245283019
6272342,6575,"Ich sah Sie.",NA,"Ich sah Sie.",NA,NA,NA,NA,NA,NA,NA,37,"deu_nfi_1191.txt","German","German","deu",NA,2016,"written","non-fiction","prepared_speeches","Latn",NA,"OpenSubtitles2018","https://object.pouta.csc.fi/OPUS-OpenSubtitles/v2018/raw/de.zip","http://www.opensubtitles.org/","http://www.opensubtitles.org/ P. Lison and J. Tiedemann, 2016, OpenSubtitles2016: Extracting Large Parallel Corpora from Movie and TV Subtitles. In Proceedings of the 10th International Conference on Language Resources and Evaluation (LREC 2016)","whole",NA,12,3.25162916738782,2.12199044050308,0.833333333333333,0
6274861,6579,"EIN JAHR SPÄTER",NA,"EIN JAHR SPÄTER",NA,NA,NA,NA,NA,NA,NA,37,"deu_nfi_1195.txt","German","German","deu",NA,2016,"written","non-fiction","prepared_speeches","Latn",NA,"OpenSubtitles2018","https://object.pouta.csc.fi/OPUS-OpenSubtitles/v2018/raw/de.zip","http://www.opensubtitles.org/","http://www.opensubtitles.org/ P. Lison and J. Tiedemann, 2016, OpenSubtitles2016: Extracting Large Parallel Corpora from Movie and TV Subtitles. In Proceedings of the 10th International Conference on Language Resources and Evaluation (LREC 2016)","whole",NA,15,3.50689059560852,2.32053701402189,0.8,0
6291996,6612,"Wann haben Sie sie zuletzt gesehen?",NA,"Wann haben Sie sie zuletzt gesehen?",NA,NA,NA,NA,NA,NA,NA,37,"deu_nfi_1224.txt","German","German","deu",NA,2016,"written","non-fiction","prepared_speeches","Latn",NA,"OpenSubtitles2018","https://object.pouta.csc.fi/OPUS-OpenSubtitles/v2018/raw/de.zip","http://www.opensubtitles.org/","http://www.opensubtitles.org/ P. Lison and J. Tiedemann, 2016, OpenSubtitles2016: Extracting Large Parallel Corpora from Movie and TV Subtitles. In Proceedings of the 10th International Conference on Language Resources and Evaluation (LREC 2016)","whole",NA,35,3.66467944754954,2.56206258614363,0.457142857142857,0.0294117647058824
6330547,6679,"Ich trink noch mal für dich.",NA,"Ich trink noch mal für dich.",NA,NA,NA,NA,NA,NA,NA,37,"deu_nfi_1285.txt","German","German","deu",NA,2016,"written","non-fiction","prepared_speeches","Latn",NA,"OpenSubtitles2018","https://object.pouta.csc.fi/OPUS-OpenSubtitles/v2018/raw/de.zip","http://www.opensubtitles.org/","http://www.opensubtitles.org/ P. Lison and J. Tiedemann, 2016, OpenSubtitles2016: Extracting Large Parallel Corpora from Movie and TV Subtitles. In Proceedings of the 10th International Conference on Language Resources and Evaluation (LREC 2016)","whole",NA,28,3.83880436924461,2.60135876159147,0.607142857142857,0
6403978,6815,"- und diese Abteilung braucht einen Erfolg.",NA,"- und diese Abteilung braucht einen Erfolg.",NA,NA,NA,NA,NA,NA,NA,37,"deu_nfi_1407.txt","German","German","deu",NA,2016,"written","non-fiction","prepared_speeches","Latn",NA,"OpenSubtitles2018","https://object.pouta.csc.fi/OPUS-OpenSubtitles/v2018/raw/de.zip","http://www.opensubtitles.org/","http://www.opensubtitles.org/ P. Lison and J. Tiedemann, 2016, OpenSubtitles2016: Extracting Large Parallel Corpora from Movie and TV Subtitles. In Proceedings of the 10th International Conference on Language Resources and Evaluation (LREC 2016)","whole",NA,43,4.10930683649069,2.89159977091974,0.488372093023256,0
6435843,6868,"Eine Kreatur, die über das menschliche Begriffsvermögen hinausgeht.",NA,"Eine Kreatur, die über das menschliche Begriffsvermögen hinausgeht.",NA,NA,NA,NA,NA,NA,NA,37,"deu_nfi_1455.txt","German","German","deu",NA,2016,"written","non-fiction","prepared_speeches","Latn",NA,"OpenSubtitles2018","https://object.pouta.csc.fi/OPUS-OpenSubtitles/v2018/raw/de.zip","http://www.opensubtitles.org/","http://www.opensubtitles.org/ P. Lison and J. Tiedemann, 2016, OpenSubtitles2016: Extracting Large Parallel Corpora from Movie and TV Subtitles. In Proceedings of the 10th International Conference on Language Resources and Evaluation (LREC 2016)","whole",NA,67,4.25116648364468,2.96026122003801,0.373134328358209,0.0151515151515152
6470021,6927,"Wir lasen das Drama und erstellten dazu ein Schaubild.",NA,"Wir lasen das Drama und erstellten dazu ein Schaubild.",NA,NA,NA,NA,NA,NA,NA,37,"deu_nfi_178.txt","German","German","deu",NA,2017,"written","non-fiction","prepared_speeches","Latn",NA,"OpenSubtitles2018","https://object.pouta.csc.fi/OPUS-OpenSubtitles/v2018/raw/de.zip","http://www.opensubtitles.org/","http://www.opensubtitles.org/ P. Lison and J. Tiedemann, 2016, OpenSubtitles2016: Extracting Large Parallel Corpora from Movie and TV Subtitles. In Proceedings of the 10th International Conference on Language Resources and Evaluation (LREC 2016)","whole",NA,54,3.97453628943351,2.7068314508659,0.37037037037037,0.0188679245283019
6473157,6934,"Als du schon mal hier warst, wie lange dauerte es, bis die Geisterreiter kamen?",NA,"Als du schon mal hier warst, wie lange dauerte es, bis die Geisterreiter kamen?",NA,NA,NA,NA,NA,NA,NA,37,"deu_nfi_184.txt","German","German","deu",NA,2017,"written","non-fiction","prepared_speeches","Latn",NA,"OpenSubtitles2018","https://object.pouta.csc.fi/OPUS-OpenSubtitles/v2018/raw/de.zip","http://www.opensubtitles.org/","http://www.opensubtitles.org/ P. Lison and J. Tiedemann, 2016, OpenSubtitles2016: Extracting Large Parallel Corpora from Movie and TV Subtitles. In Proceedings of the 10th International Conference on Language Resources and Evaluation (LREC 2016)","whole",NA,79,4.00594664262779,2.755877304846,0.291139240506329,0.0128205128205128
6486226,6958,"Ich muss mit ihm reden.",NA,"Ich muss mit ihm reden.",NA,NA,NA,NA,NA,NA,NA,37,"deu_nfi_205.txt","German","German","deu",NA,2017,"written","non-fiction","prepared_speeches","Latn",NA,"OpenSubtitles2018","https://object.pouta.csc.fi/OPUS-OpenSubtitles/v2018/raw/de.zip","http://www.opensubtitles.org/","http://www.opensubtitles.org/ P. Lison and J. Tiedemann, 2016, OpenSubtitles2016: Extracting Large Parallel Corpora from Movie and TV Subtitles. In Proceedings of the 10th International Conference on Language Resources and Evaluation (LREC 2016)","whole",NA,23,3.62117554291947,2.48831368637924,0.608695652173913,0.0454545454545455
6522447,7019,"Ein neuer Anstrich löst alle Probleme.",NA,"Ein neuer Anstrich löst alle Probleme.",NA,NA,NA,NA,NA,NA,NA,37,"deu_nfi_260.txt","German","German","deu",NA,2017,"written","non-fiction","prepared_speeches","Latn",NA,"OpenSubtitles2018","https://object.pouta.csc.fi/OPUS-OpenSubtitles/v2018/raw/de.zip","http://www.opensubtitles.org/","http://www.opensubtitles.org/ P. Lison and J. Tiedemann, 2016, OpenSubtitles2016: Extracting Large Parallel Corpora from Movie and TV Subtitles. In Proceedings of the 10th International Conference on Language Resources and Evaluation (LREC 2016)","whole",NA,38,4.01821551467515,2.84826933316971,0.526315789473684,0.027027027027027
6532087,7037,"Was sollen wir machen?",NA,"Was sollen wir machen?",NA,NA,NA,NA,NA,NA,NA,37,"deu_nfi_277.txt","German","German","deu",NA,2017,"written","non-fiction","prepared_speeches","Latn",NA,"OpenSubtitles2018","https://object.pouta.csc.fi/OPUS-OpenSubtitles/v2018/raw/de.zip","http://www.opensubtitles.org/","http://www.opensubtitles.org/ P. Lison and J. Tiedemann, 2016, OpenSubtitles2016: Extracting Large Parallel Corpora from Movie and TV Subtitles. In Proceedings of the 10th International Conference on Language Resources and Evaluation (LREC 2016)","whole",NA,22,3.7887549139935,2.56653783087043,0.681818181818182,0.0476190476190476
6535067,7044,"Nun ja, die letzten Jahre waren schwer.",NA,"Nun ja, die letzten Jahre waren schwer.",NA,NA,NA,NA,NA,NA,NA,37,"deu_nfi_283.txt","German","German","deu",NA,2017,"written","non-fiction","prepared_speeches","Latn",NA,"OpenSubtitles2018","https://object.pouta.csc.fi/OPUS-OpenSubtitles/v2018/raw/de.zip","http://www.opensubtitles.org/","http://www.opensubtitles.org/ P. Lison and J. Tiedemann, 2016, OpenSubtitles2016: Extracting Large Parallel Corpora from Movie and TV Subtitles. In Proceedings of the 10th International Conference on Language Resources and Evaluation (LREC 2016)","whole",NA,39,3.97042241078163,2.72666441500262,0.512820512820513,0
6637316,7218,"Es ist einfach nur eine Ablenkung.",NA,"Es ist einfach nur eine Ablenkung.",NA,NA,NA,NA,NA,NA,NA,37,"deu_nfi_44.txt","German","German","deu",NA,2017,"written","non-fiction","prepared_speeches","Latn",NA,"OpenSubtitles2018","https://object.pouta.csc.fi/OPUS-OpenSubtitles/v2018/raw/de.zip","http://www.opensubtitles.org/","http://www.opensubtitles.org/ P. Lison and J. Tiedemann, 2016, OpenSubtitles2016: Extracting Large Parallel Corpora from Movie and TV Subtitles. In Proceedings of the 10th International Conference on Language Resources and Evaluation (LREC 2016)","whole",NA,34,3.91175200445513,2.75089198404033,0.558823529411765,0
6640486,7224,"Ich kann verdammt nochmal sagen was ich will.",NA,"Ich kann verdammt nochmal sagen was ich will.",NA,NA,NA,NA,NA,NA,NA,37,"deu_nfi_445.txt","German","German","deu",NA,2017,"written","non-fiction","prepared_speeches","Latn",NA,"OpenSubtitles2018","https://object.pouta.csc.fi/OPUS-OpenSubtitles/v2018/raw/de.zip","http://www.opensubtitles.org/","http://www.opensubtitles.org/ P. Lison and J. Tiedemann, 2016, OpenSubtitles2016: Extracting Large Parallel Corpora from Movie and TV Subtitles. In Proceedings of the 10th International Conference on Language Resources and Evaluation (LREC 2016)","whole",NA,45,4.01894920882981,2.72995433740505,0.444444444444444,0.0681818181818182
6655543,7250,"Knall ihn einfach ab!",NA,"Knall ihn einfach ab!",NA,NA,NA,NA,NA,NA,NA,37,"deu_nfi_469.txt","German","German","deu",NA,2017,"written","non-fiction","prepared_speeches","Latn",NA,"OpenSubtitles2018","https://object.pouta.csc.fi/OPUS-OpenSubtitles/v2018/raw/de.zip","http://www.opensubtitles.org/","http://www.opensubtitles.org/ P. Lison and J. Tiedemann, 2016, OpenSubtitles2016: Extracting Large Parallel Corpora from Movie and TV Subtitles. In Proceedings of the 10th International Conference on Language Resources and Evaluation (LREC 2016)","whole",NA,21,3.42733349389826,2.34352412679871,0.571428571428571,0.05
6671636,7280,"- Meinen Glückwunsch.",NA,"- Meinen Glückwunsch.",NA,NA,NA,NA,NA,NA,NA,37,"deu_nfi_496.txt","German","German","deu",NA,2017,"written","non-fiction","prepared_speeches","Latn",NA,"OpenSubtitles2018","https://object.pouta.csc.fi/OPUS-OpenSubtitles/v2018/raw/de.zip","http://www.opensubtitles.org/","http://www.opensubtitles.org/ P. Lison and J. Tiedemann, 2016, OpenSubtitles2016: Extracting Large Parallel Corpora from Movie and TV Subtitles. In Proceedings of the 10th International Conference on Language Resources and Evaluation (LREC 2016)","whole",NA,21,3.88017992267574,2.70539839069467,0.761904761904762,0
6682608,7300,"Norma, bleib bei uns.",NA,"Norma, bleib bei uns.",NA,NA,NA,NA,NA,NA,NA,37,"deu_nfi_513.txt","German","German","deu",NA,2017,"written","non-fiction","prepared_speeches","Latn",NA,"OpenSubtitles2018","https://object.pouta.csc.fi/OPUS-OpenSubtitles/v2018/raw/de.zip","http://www.opensubtitles.org/","http://www.opensubtitles.org/ P. Lison and J. Tiedemann, 2016, OpenSubtitles2016: Extracting Large Parallel Corpora from Movie and TV Subtitles. In Proceedings of the 10th International Conference on Language Resources and Evaluation (LREC 2016)","whole",NA,21,3.7489948035251,2.50753607948432,0.714285714285714,0
6687255,7308,"Rafft ihr nicht, was hier abgeht?",NA,"Rafft ihr nicht, was hier abgeht?",NA,NA,NA,NA,NA,NA,NA,37,"deu_nfi_520.txt","German","German","deu",NA,2017,"written","non-fiction","prepared_speeches","Latn",NA,"OpenSubtitles2018","https://object.pouta.csc.fi/OPUS-OpenSubtitles/v2018/raw/de.zip","http://www.opensubtitles.org/","http://www.opensubtitles.org/ P. Lison and J. Tiedemann, 2016, OpenSubtitles2016: Extracting Large Parallel Corpora from Movie and TV Subtitles. In Proceedings of the 10th International Conference on Language Resources and Evaluation (LREC 2016)","whole",NA,33,3.8360819078152,2.65036146861415,0.515151515151515,0.03125
6688522,7310,"Dass Ihr Euch als König des nördlichsten Königreichs bezeichnet, macht Euch zu einem Aufrührer.",NA,"Dass Ihr Euch als König des nördlichsten Königreichs bezeichnet, macht Euch zu einem Aufrührer.",NA,NA,NA,NA,NA,NA,NA,37,"deu_nfi_522.txt","German","German","deu",NA,2017,"written","non-fiction","prepared_speeches","Latn",NA,"OpenSubtitles2018","https://object.pouta.csc.fi/OPUS-OpenSubtitles/v2018/raw/de.zip","http://www.opensubtitles.org/","http://www.opensubtitles.org/ P. Lison and J. Tiedemann, 2016, OpenSubtitles2016: Extracting Large Parallel Corpora from Movie and TV Subtitles. In Proceedings of the 10th International Conference on Language Resources and Evaluation (LREC 2016)","whole",NA,95,4.31250214646842,2.83780289823743,0.284210526315789,0.0106382978723404
6755895,7423,"Wer ist das süße Kind am Kühlschrank?",NA,"Wer ist das süße Kind am Kühlschrank?",NA,NA,NA,NA,NA,NA,NA,37,"deu_nfi_624.txt","German","German","deu",NA,2016,"written","non-fiction","prepared_speeches","Latn",NA,"OpenSubtitles2018","https://object.pouta.csc.fi/OPUS-OpenSubtitles/v2018/raw/de.zip","http://www.opensubtitles.org/","http://www.opensubtitles.org/ P. Lison and J. Tiedemann, 2016, OpenSubtitles2016: Extracting Large Parallel Corpora from Movie and TV Subtitles. In Proceedings of the 10th International Conference on Language Resources and Evaluation (LREC 2016)","whole",NA,37,4.0131111357238,2.78833598321357,0.513513513513513,0
6773991,7453,"Und schon habe ich dich",NA,"Und schon habe ich dich",NA,NA,NA,NA,NA,NA,NA,37,"deu_nfi_651.txt","German","German","deu",NA,2016,"written","non-fiction","prepared_speeches","Latn",NA,"OpenSubtitles2018","https://object.pouta.csc.fi/OPUS-OpenSubtitles/v2018/raw/de.zip","http://www.opensubtitles.org/","http://www.opensubtitles.org/ P. Lison and J. Tiedemann, 2016, OpenSubtitles2016: Extracting Large Parallel Corpora from Movie and TV Subtitles. In Proceedings of the 10th International Conference on Language Resources and Evaluation (LREC 2016)","whole",NA,23,3.36030597770208,2.16955514231162,0.521739130434783,0
6813456,7519,"Ja, ich kann lesen, aber es ist nicht jeder ein falscher Anwalt wie du, wieso sagst du mir also nicht, was ich mir hier ansehe?",NA,"Ja, ich kann lesen, aber es ist nicht jeder ein falscher Anwalt wie du, wieso sagst du mir also nicht, was ich mir hier ansehe?",NA,NA,NA,NA,NA,NA,NA,37,"deu_nfi_710.txt","German","German","deu",NA,2016,"written","non-fiction","prepared_speeches","Latn",NA,"OpenSubtitles2018","https://object.pouta.csc.fi/OPUS-OpenSubtitles/v2018/raw/de.zip","http://www.opensubtitles.org/","http://www.opensubtitles.org/ P. Lison and J. Tiedemann, 2016, OpenSubtitles2016: Extracting Large Parallel Corpora from Movie and TV Subtitles. In Proceedings of the 10th International Conference on Language Resources and Evaluation (LREC 2016)","whole",NA,127,4.03527840307316,2.62817752235722,0.196850393700787,0.00793650793650794
6818869,7528,"Von Gazakov?",NA,"Von Gazakov?",NA,NA,NA,NA,NA,NA,NA,37,"deu_nfi_719.txt","German","German","deu",NA,2016,"written","non-fiction","prepared_speeches","Latn",NA,"OpenSubtitles2018","https://object.pouta.csc.fi/OPUS-OpenSubtitles/v2018/raw/de.zip","http://www.opensubtitles.org/","http://www.opensubtitles.org/ P. Lison and J. Tiedemann, 2016, OpenSubtitles2016: Extracting Large Parallel Corpora from Movie and TV Subtitles. In Proceedings of the 10th International Conference on Language Resources and Evaluation (LREC 2016)","whole",NA,12,3.25162916738782,2.13954093221931,0.833333333333333,0
6833553,7552,"Er kann froh sein, dass er noch lebt.",NA,"Er kann froh sein, dass er noch lebt.",NA,NA,NA,NA,NA,NA,NA,37,"deu_nfi_740.txt","German","German","deu",NA,2016,"written","non-fiction","prepared_speeches","Latn",NA,"OpenSubtitles2018","https://object.pouta.csc.fi/OPUS-OpenSubtitles/v2018/raw/de.zip","http://www.opensubtitles.org/","http://www.opensubtitles.org/ P. Lison and J. Tiedemann, 2016, OpenSubtitles2016: Extracting Large Parallel Corpora from Movie and TV Subtitles. In Proceedings of the 10th International Conference on Language Resources and Evaluation (LREC 2016)","whole",NA,37,3.91442236668588,2.77645657996737,0.513513513513513,0.0555555555555556
6838260,7559,"Halte sie am Leben.",NA,"Halte sie am Leben.",NA,NA,NA,NA,NA,NA,NA,37,"deu_nfi_747.txt","German","German","deu",NA,2016,"written","non-fiction","prepared_speeches","Latn",NA,"OpenSubtitles2018","https://object.pouta.csc.fi/OPUS-OpenSubtitles/v2018/raw/de.zip","http://www.opensubtitles.org/","http://www.opensubtitles.org/ P. Lison and J. Tiedemann, 2016, OpenSubtitles2016: Extracting Large Parallel Corpora from Movie and TV Subtitles. In Proceedings of the 10th International Conference on Language Resources and Evaluation (LREC 2016)","whole",NA,19,3.47135448701393,2.38968926618219,0.684210526315789,0
6851472,7585,"Also sei stark für uns beide.",NA,"Also sei stark für uns beide.",NA,NA,NA,NA,NA,NA,NA,37,"deu_nfi_770.txt","German","German","deu",NA,2016,"written","non-fiction","prepared_speeches","Latn",NA,"OpenSubtitles2018","https://object.pouta.csc.fi/OPUS-OpenSubtitles/v2018/raw/de.zip","http://www.opensubtitles.org/","http://www.opensubtitles.org/ P. Lison and J. Tiedemann, 2016, OpenSubtitles2016: Extracting Large Parallel Corpora from Movie and TV Subtitles. In Proceedings of the 10th International Conference on Language Resources and Evaluation (LREC 2016)","whole",NA,29,3.87989382352067,2.73213028707088,0.620689655172414,0
6880101,7630,"Ihr bringt die Sprengladungen an, wir geben Delaney das Gegengift und erklären ihr alles, das wird interessant.",NA,"Ihr bringt die Sprengladungen an, wir geben Delaney das Gegengift und erklären ihr alles, das wird interessant.",NA,NA,NA,NA,NA,NA,NA,37,"deu_nfi_810.txt","German","German","deu",NA,2016,"written","non-fiction","prepared_speeches","Latn",NA,"OpenSubtitles2018","https://object.pouta.csc.fi/OPUS-OpenSubtitles/v2018/raw/de.zip","http://www.opensubtitles.org/","http://www.opensubtitles.org/ P. Lison and J. Tiedemann, 2016, OpenSubtitles2016: Extracting Large Parallel Corpora from Movie and TV Subtitles. In Proceedings of the 10th International Conference on Language Resources and Evaluation (LREC 2016)","whole",NA,111,4.08816682313592,2.77597346654509,0.234234234234234,0.0181818181818182
6884174,7635,"Nun, ich denke...",NA,"Nun, ich denke...",NA,NA,NA,NA,NA,NA,NA,37,"deu_nfi_815.txt","German","German","deu",NA,2016,"written","non-fiction","prepared_speeches","Latn",NA,"OpenSubtitles2018","https://object.pouta.csc.fi/OPUS-OpenSubtitles/v2018/raw/de.zip","http://www.opensubtitles.org/","http://www.opensubtitles.org/ P. Lison and J. Tiedemann, 2016, OpenSubtitles2016: Extracting Large Parallel Corpora from Movie and TV Subtitles. In Proceedings of the 10th International Conference on Language Resources and Evaluation (LREC 2016)","whole",NA,17,3.45482239994661,2.29486768696454,0.705882352941177,0.125
6935789,7724,"Nur die Ruhe!",NA,"Nur die Ruhe!",NA,NA,NA,NA,NA,NA,NA,37,"deu_nfi_896.txt","German","German","deu",NA,2016,"written","non-fiction","prepared_speeches","Latn",NA,"OpenSubtitles2018","https://object.pouta.csc.fi/OPUS-OpenSubtitles/v2018/raw/de.zip","http://www.opensubtitles.org/","http://www.opensubtitles.org/ P. Lison and J. Tiedemann, 2016, OpenSubtitles2016: Extracting Large Parallel Corpora from Movie and TV Subtitles. In Proceedings of the 10th International Conference on Language Resources and Evaluation (LREC 2016)","whole",NA,13,3.23890125660263,2.12172689649325,0.769230769230769,0
6936729,7725,"- Sie sehen sich oft?",NA,"- Sie sehen sich oft?",NA,NA,NA,NA,NA,NA,NA,37,"deu_nfi_897.txt","German","German","deu",NA,2016,"written","non-fiction","prepared_speeches","Latn",NA,"OpenSubtitles2018","https://object.pouta.csc.fi/OPUS-OpenSubtitles/v2018/raw/de.zip","http://www.opensubtitles.org/","http://www.opensubtitles.org/ P. Lison and J. Tiedemann, 2016, OpenSubtitles2016: Extracting Large Parallel Corpora from Movie and TV Subtitles. In Proceedings of the 10th International Conference on Language Resources and Evaluation (LREC 2016)","whole",NA,21,3.49922754172336,2.42041201450835,0.619047619047619,0
6940851,7732,"- Echt jetzt?",NA,"- Echt jetzt?",NA,NA,NA,NA,NA,NA,NA,37,"deu_nfi_902.txt","German","German","deu",NA,2016,"written","non-fiction","prepared_speeches","Latn",NA,"OpenSubtitles2018","https://object.pouta.csc.fi/OPUS-OpenSubtitles/v2018/raw/de.zip","http://www.opensubtitles.org/","http://www.opensubtitles.org/ P. Lison and J. Tiedemann, 2016, OpenSubtitles2016: Extracting Large Parallel Corpora from Movie and TV Subtitles. In Proceedings of the 10th International Conference on Language Resources and Evaluation (LREC 2016)","whole",NA,13,3.18083298720544,2.12913632256796,0.769230769230769,0
6947681,7744,"Er versteht mich und lässt mich mein Ding machen.",NA,"Er versteht mich und lässt mich mein Ding machen.",NA,NA,NA,NA,NA,NA,NA,37,"deu_nfi_913.txt","German","German","deu",NA,2016,"written","non-fiction","prepared_speeches","Latn",NA,"OpenSubtitles2018","https://object.pouta.csc.fi/OPUS-OpenSubtitles/v2018/raw/de.zip","http://www.opensubtitles.org/","http://www.opensubtitles.org/ P. Lison and J. Tiedemann, 2016, OpenSubtitles2016: Extracting Large Parallel Corpora from Movie and TV Subtitles. In Proceedings of the 10th International Conference on Language Resources and Evaluation (LREC 2016)","whole",NA,49,3.97665550724806,2.5884372002795,0.408163265306122,0.0208333333333333
6948818,7746,"Geh du mal wieder ins Haus, lass Bono und mich zu Ende reden.",NA,"Geh du mal wieder ins Haus, lass Bono und mich zu Ende reden.",NA,NA,NA,NA,NA,NA,NA,37,"deu_nfi_915.txt","German","German","deu",NA,2016,"written","non-fiction","prepared_speeches","Latn",NA,"OpenSubtitles2018","https://object.pouta.csc.fi/OPUS-OpenSubtitles/v2018/raw/de.zip","http://www.opensubtitles.org/","http://www.opensubtitles.org/ P. Lison and J. Tiedemann, 2016, OpenSubtitles2016: Extracting Large Parallel Corpora from Movie and TV Subtitles. In Proceedings of the 10th International Conference on Language Resources and Evaluation (LREC 2016)","whole",NA,61,4.00846879713368,2.81519865792841,0.360655737704918,0.0166666666666667
6949575,7746,"Der Beauftragte bittet Sie zu sich.",NA,"Der Beauftragte bittet Sie zu sich.",NA,NA,NA,NA,NA,NA,NA,37,"deu_nfi_915.txt","German","German","deu",NA,2016,"written","non-fiction","prepared_speeches","Latn",NA,"OpenSubtitles2018","https://object.pouta.csc.fi/OPUS-OpenSubtitles/v2018/raw/de.zip","http://www.opensubtitles.org/","http://www.opensubtitles.org/ P. Lison and J. Tiedemann, 2016, OpenSubtitles2016: Extracting Large Parallel Corpora from Movie and TV Subtitles. In Proceedings of the 10th International Conference on Language Resources and Evaluation (LREC 2016)","whole",NA,35,3.82688847621714,2.72412182253981,0.514285714285714,0.0294117647058824
6956822,7757,"Sulu, bringen Sie uns da hoch.",NA,"Sulu, bringen Sie uns da hoch.",NA,NA,NA,NA,NA,NA,NA,37,"deu_nfi_925.txt","German","German","deu",NA,2016,"written","non-fiction","prepared_speeches","Latn",NA,"OpenSubtitles2018","https://object.pouta.csc.fi/OPUS-OpenSubtitles/v2018/raw/de.zip","http://www.opensubtitles.org/","http://www.opensubtitles.org/ P. Lison and J. Tiedemann, 2016, OpenSubtitles2016: Extracting Large Parallel Corpora from Movie and TV Subtitles. In Proceedings of the 10th International Conference on Language Resources and Evaluation (LREC 2016)","whole",NA,30,3.93624341298306,2.78691561989294,0.6,0
6960972,7765,"Ich mach das Scheißding klar.",NA,"Ich mach das Scheißding klar.",NA,NA,NA,NA,NA,NA,NA,37,"deu_nfi_932.txt","German","German","deu",NA,2016,"written","non-fiction","prepared_speeches","Latn",NA,"OpenSubtitles2018","https://object.pouta.csc.fi/OPUS-OpenSubtitles/v2018/raw/de.zip","http://www.opensubtitles.org/","http://www.opensubtitles.org/ P. Lison and J. Tiedemann, 2016, OpenSubtitles2016: Extracting Large Parallel Corpora from Movie and TV Subtitles. In Proceedings of the 10th International Conference on Language Resources and Evaluation (LREC 2016)","whole",NA,29,3.95230297766239,2.75517658258725,0.620689655172414,0
6994005,7825,"Charleston Chew.",NA,"Charleston Chew.",NA,NA,NA,NA,NA,NA,NA,37,"deu_nfi_987.txt","German","German","deu",NA,2016,"written","non-fiction","prepared_speeches","Latn",NA,"OpenSubtitles2018","https://object.pouta.csc.fi/OPUS-OpenSubtitles/v2018/raw/de.zip","http://www.opensubtitles.org/","http://www.opensubtitles.org/ P. Lison and J. Tiedemann, 2016, OpenSubtitles2016: Extracting Large Parallel Corpora from Movie and TV Subtitles. In Proceedings of the 10th International Conference on Language Resources and Evaluation (LREC 2016)","whole",NA,16,3.625,2.38164175933141,0.8125,0
7008532,7846,"ηδύνατο, υποτασσομένη υπό των Αράβων, να εξισλαμισθή, καταστρεφομένου ούτως",NA,"ηδύνατο, υποτασσομένη υπό των Αράβων, να εξισλαμισθή, καταστρεφομένου ούτως",NA,NA,NA,NA,NA,NA,NA,41,"ell_fic_100.txt","Greek (Modern)","Modern Greek","ell",NA,2012,"written","fiction","general_fiction","Grek",NA,"Pavlos Karolidis, Text-book of Byzantine History","http://www.gutenberg.org/files/41684/41684-h/41684-h.htm","http://www.gutenberg.org","http://www.gutenberg.org","part",NA,75,4.48657481715724,3.00969862405688,0.386666666666667,0.0135135135135135
7012172,7848,"— Έπρεπε να είμαι εγώ εξουσία να σας δείξω! να μάθετε να",NA,"— Έπρεπε να είμαι εγώ εξουσία να σας δείξω! να μάθετε να",NA,NA,NA,NA,NA,NA,NA,41,"ell_fic_102.txt","Greek (Modern)","Modern Greek","ell",NA,2010,"written","fiction","general_fiction","Grek",NA,"Kondylakes, Ioannes, 1861-1920, Ενώ διέβαινα - Χρονογραφήματα, Essays","http://www.gutenberg.org/ebooks/32815.html.noimages","http://www.gutenberg.org","http://www.gutenberg.org","whole",NA,56,3.97770992631516,2.79349741845867,0.428571428571429,0
7041968,7855,"— Κάνε, βλοημένε, τη δουλειά σου και μην αφουκράσαι.",NA,"— Κάνε, βλοημένε, τη δουλειά σου και μην αφουκράσαι.",NA,NA,NA,NA,NA,NA,NA,41,"ell_fic_109.txt","Greek (Modern)","Modern Greek","ell",NA,2010,"written","fiction","general_fiction","Grek",NA,"Kondylakes, Ioannes, 1861-1920, Ο Πατούχας, Giakos, Demetres","http://www.gutenberg.org/ebooks/34336.html.noimages","http://www.gutenberg.org","http://www.gutenberg.org","part",NA,52,4.25266640054216,2.86266610801813,0.442307692307692,0
7043681,7856,"αισθητή. Αλλά τότε το ζήτημα περιεπλάκη και πάλιν, αναφανεισών δύο",NA,"αισθητή. Αλλά τότε το ζήτημα περιεπλάκη και πάλιν, αναφανεισών δύο",NA,NA,NA,NA,NA,NA,NA,41,"ell_fic_11.txt","Greek (Modern)","Modern Greek","ell",NA,2010,"written","fiction","general_fiction","Grek",NA,"Andreadis, Andreas, 1876-1935, Ιστορία των Εθνικών Δανείων, Μέρος Α' - Τα δάνεια της ανεξαρτησίας (1824-1825) - Το Δημόσιον Χρέος επί της Βαυαρικής Δυναστείας","http://www.gutenberg.org/ebooks/34095.html.noimages","http://www.gutenberg.org","http://www.gutenberg.org","whole",NA,66,4.32434800613615,3.0177892376707,0.393939393939394,0.0153846153846154
7066850,7862,"Μοιρολογάει το σκοτωμό και κάπου κάπου οι λύκοι",NA,"Μοιρολογάει το σκοτωμό και κάπου κάπου οι λύκοι",NA,NA,NA,NA,NA,NA,NA,41,"ell_fic_115.txt","Greek (Modern)","Modern Greek","ell",NA,2010,"written","fiction","general_fiction","Grek",NA,"Valaorites, Aristoteles, 1824-1879, Αθανάσης Διάκος - Αστραπόγιαννος, Diakos, Athanases, approximately 1788-1821 -- Poetry","http://www.gutenberg.org/ebooks/32852.html.noimages","http://www.gutenberg.org","http://www.gutenberg.org","whole",NA,47,3.76405740660485,2.49028880018633,0.404255319148936,0
7070282,7863,"τραβούσαν κι' ο Δάφνης ανέβηκε κρατώντας την κορδέλα, που την",NA,"τραβούσαν κι' ο Δάφνης ανέβηκε κρατώντας την κορδέλα, που την",NA,NA,NA,NA,NA,NA,NA,41,"ell_fic_116.txt","Greek (Modern)","Modern Greek","ell",NA,2011,"written","fiction","general_fiction","Grek",NA,"Longus, Δάφνης και Χλόη, Fantasy fiction","http://www.gutenberg.org/ebooks/37352.html.noimages","http://www.gutenberg.org","http://www.gutenberg.org","whole",NA,61,4.19445204250985,2.89133295276746,0.409836065573771,0
7077090,7864,"4. οὕτω κτλ. οὔ φημι παύσεσθαι.",NA,"4. οὕτω κτλ. οὔ φημι παύσεσθαι.",NA,NA,NA,NA,NA,NA,NA,41,"ell_fic_117.txt","Greek (Modern)","Modern Greek","ell",NA,2018,"written","fiction","general_fiction","Grek",NA,"Rouse, W. H. D. (William Henry Denham), 1863-1950, Lucian's Dialogues prepared for schools","http://www.gutenberg.org/ebooks/57629.html.noimages","http://www.gutenberg.org","http://www.gutenberg.org","whole",NA,31,4.10372766598041,2.85515496913614,0.645161290322581,0
7092604,7868,"θα είναι για επίδειξη παρά για κατοικία, δεν πρέπει ν'",NA,"θα είναι για επίδειξη παρά για κατοικία, δεν πρέπει ν'",NA,NA,NA,NA,NA,NA,NA,41,"ell_fic_120.txt","Greek (Modern)","Modern Greek","ell",NA,2010,"written","fiction","general_fiction","Grek",NA,"Wilde, Oscar, 1854-1900, Στοχασμοί, Authors, English -- 19th century -- Biography","http://www.gutenberg.org/ebooks/34767.html.noimages","http://www.gutenberg.org","http://www.gutenberg.org","part",NA,54,3.88803565122875,2.6876290796227,0.37037037037037,0
7092672,7868,"λόφων και λαγκαδιών, κούτσουρων από δέντρα, βάτων, νερών,",NA,"λόφων και λαγκαδιών, κούτσουρων από δέντρα, βάτων, νερών,",NA,NA,NA,NA,NA,NA,NA,41,"ell_fic_120.txt","Greek (Modern)","Modern Greek","ell",NA,2010,"written","fiction","general_fiction","Grek",NA,"Wilde, Oscar, 1854-1900, Στοχασμοί, Authors, English -- 19th century -- Biography","http://www.gutenberg.org/ebooks/34767.html.noimages","http://www.gutenberg.org","http://www.gutenberg.org","part",NA,57,4.25513283185076,2.84491352009254,0.421052631578947,0
7125768,7876,"θαλερούς αμπελώνας του Γουδίου. Απέθετε τότε το δισάκκιον ν'",NA,"θαλερούς αμπελώνας του Γουδίου. Απέθετε τότε το δισάκκιον ν'",NA,NA,NA,NA,NA,NA,NA,41,"ell_fic_128.txt","Greek (Modern)","Modern Greek","ell",NA,2011,"written","fiction","general_fiction","Grek",NA,"Moraitidis, Alexandros, Novels Volume A","http://www.gutenberg.org/ebooks/37200.html.noimages","http://www.gutenberg.org","http://www.gutenberg.org","whole",NA,60,4.39032862128034,3.00624847741943,0.45,0.0169491525423729
7157654,7886,"εις ενύπνιον. Αλλ' οι κυνηγοί εκείνοι ηθέλησαν να ακούσουν εκ",NA,"εις ενύπνιον. Αλλ' οι κυνηγοί εκείνοι ηθέλησαν να ακούσουν εκ",NA,NA,NA,NA,NA,NA,NA,41,"ell_fic_137.txt","Greek (Modern)","Modern Greek","ell",NA,2011,"written","fiction","general_fiction","Grek",NA,"Bekr, Dervish Abu, Arabian Nights, Volume 1, That is very strange and nice tales and happenings written in Arabic by Dervish Abu Bekr as per the Venice edition","http://www.gutenberg.org/ebooks/36586.html.noimages","http://www.gutenberg.org","http://www.gutenberg.org","part",NA,61,3.99773073103444,2.79152387571913,0.344262295081967,0.0166666666666667
7160950,7887,"αφού τα εδιάβασα, εσηκώθηκα διά να υπάγω να εύρω τον βασιλέα, που",NA,"αφού τα εδιάβασα, εσηκώθηκα διά να υπάγω να εύρω τον βασιλέα, που",NA,NA,NA,NA,NA,NA,NA,41,"ell_fic_138.txt","Greek (Modern)","Modern Greek","ell",NA,2011,"written","fiction","general_fiction","Grek",NA,"Bekr, Dervish Abu, Arabian Nights, Volume 2, Continuation of the Stories","http://www.gutenberg.org/ebooks/36622.html.noimages","http://www.gutenberg.org","http://www.gutenberg.org","part",NA,65,4.25140784639812,2.79870680664166,0.384615384615385,0
7201189,7898,"Άλλως θα είχαν παράπονα κατά του παππά, κι' ο παππάς αν ήθελε",NA,"Άλλως θα είχαν παράπονα κατά του παππά, κι' ο παππάς αν ήθελε",NA,NA,NA,NA,NA,NA,NA,41,"ell_fic_148.txt","Greek (Modern)","Modern Greek","ell",NA,2011,"written","fiction","general_fiction","Grek",NA,"Papadiamantes, Alexandros, 1851-1911, Ο Πεντάρφανος, Greek fiction, Modern","http://www.gutenberg.org/ebooks/35978.html.noimages","http://www.gutenberg.org","http://www.gutenberg.org","part",NA,61,3.94592917668315,2.6983995221242,0.360655737704918,0.05
7231130,7909,"Κραυγαί αμηχανίας αντηχούσι, και σύγχυσις επικρατεί εν τω πλοίω. Το πλήρωμα",NA,"Κραυγαί αμηχανίας αντηχούσι, και σύγχυσις επικρατεί εν τω πλοίω. Το πλήρωμα",NA,NA,NA,NA,NA,NA,NA,41,"ell_fic_158.txt","Greek (Modern)","Modern Greek","ell",NA,2012,"written","fiction","general_fiction","Grek",NA,"Jules Verne, The Chancellor","http://www.gutenberg.org/files/40296/40296-h/40296-h.htm","http://www.gutenberg.org","http://www.gutenberg.org","part",NA,75,4.40825077741154,2.99616184236524,0.346666666666667,0
7240236,7913,"αλλέως να είναι ωραίαι και αι δύο και η καθεμία. Απάντησε εις εμέ ως",NA,"αλλέως να είναι ωραίαι και αι δύο και η καθεμία. Απάντησε εις εμέ ως",NA,NA,NA,NA,NA,NA,NA,41,"ell_fic_161.txt","Greek (Modern)","Modern Greek","ell",NA,2011,"written","fiction","general_fiction","Grek",NA,"Plato, 427? BCE-347? BCE, Ιππίας, Μείζων και Ελάσσων, Aesthetics","http://www.gutenberg.org/ebooks/34880.html.noimages","http://www.gutenberg.org","http://www.gutenberg.org","whole",NA,68,4.02542092545197,2.77317522581641,0.352941176470588,0.0149253731343284
7244151,7914,"ότι έλαβε το όνομα από την &θηλήν&. Η δε &θηλή&, καλέ Ερμογένη,",NA,"ότι έλαβε το όνομα από την &θηλήν&. Η δε &θηλή&, καλέ Ερμογένη,",NA,NA,NA,NA,NA,NA,NA,41,"ell_fic_162.txt","Greek (Modern)","Modern Greek","ell",NA,2011,"written","fiction","general_fiction","Grek",NA,"Plato, 427? BCE-347? BCE, Κρατύλος, Language and languages -- Philosophy","http://www.gutenberg.org/ebooks/34879.html.noimages","http://www.gutenberg.org","http://www.gutenberg.org","whole",NA,63,4.27770376772747,2.93293487210759,0.396825396825397,0
7271229,7923,"ηδονάς είναι ακολασία και αξιοκατάκριτον πράγμα, έγινε φανερόν. Ως",NA,"ηδονάς είναι ακολασία και αξιοκατάκριτον πράγμα, έγινε φανερόν. Ως",NA,NA,NA,NA,NA,NA,NA,41,"ell_fic_21.txt","Greek (Modern)","Modern Greek","ell",NA,2009,"written","fiction","general_fiction","Grek",NA,"Aristotle, 384 BCE-322 BCE, Ηθικά Νικομάχεια, Τόμος Πρώτος, Ethics","http://www.gutenberg.org/ebooks/28626.html.noimages","http://www.gutenberg.org","http://www.gutenberg.org","whole",NA,66,4.25782740726399,3.03187954918266,0.393939393939394,0
7281646,7926,"δεν υπάρχει και ο λόγος.",NA,"δεν υπάρχει και ο λόγος.",NA,NA,NA,NA,NA,NA,NA,41,"ell_fic_24.txt","Greek (Modern)","Modern Greek","ell",NA,2009,"written","fiction","general_fiction","Grek",NA,"Aristotle, 384 BCE-322 BCE, Περί Ψυχής, Psychology -- Early works to 1850","http://www.gutenberg.org/ebooks/27816.html.noimages","http://www.gutenberg.org","http://www.gutenberg.org","whole",NA,24,4.00162916738782,2.77770583670211,0.75,0
7288913,7930,"Ο Τριστάνος τραβάει τάλογό του όξω από το θάμνο.",NA,"Ο Τριστάνος τραβάει τάλογό του όξω από το θάμνο.",NA,NA,NA,NA,NA,NA,NA,41,"ell_fic_28.txt","Greek (Modern)","Modern Greek","ell",NA,2011,"written","fiction","general_fiction","Grek",NA,"Bédier, Joseph, 1864-1938, Le roman de Tristan et Iseut","http://www.gutenberg.org/ebooks/35320.html.noimages","http://www.gutenberg.org","http://www.gutenberg.org","whole",NA,48,4.16883399132455,2.88541341170058,0.5,0
7305579,7937,"Δεν μπορούσα να μείνω άλλο στην Αθήνα. Μα πάλι πώς να παρουσιαστώ στο",NA,"Δεν μπορούσα να μείνω άλλο στην Αθήνα. Μα πάλι πώς να παρουσιαστώ στο",NA,NA,NA,NA,NA,NA,NA,41,"ell_fic_34.txt","Greek (Modern)","Modern Greek","ell",NA,2010,"written","fiction","general_fiction","Grek",NA,"Chatzopoulos, Kostantinos, 1868-1920, Υπεράνθρωπος:	Διήγημα, Fiction","http://www.gutenberg.org/ebooks/31437.html.noimages","http://www.gutenberg.org","http://www.gutenberg.org","whole",NA,69,4.21128003039289,2.87329355687484,0.376811594202899,0.0147058823529412
7359712,7955,"— Άφινέ τα. Τάχατες δεν τάκουσες; Ή τον ανήξερο μας κάμνεις;",NA,"— Άφινέ τα. Τάχατες δεν τάκουσες; Ή τον ανήξερο μας κάμνεις;",NA,NA,NA,NA,NA,NA,NA,41,"ell_fic_50.txt","Greek (Modern)","Modern Greek","ell",NA,2010,"written","fiction","general_fiction","Grek",NA,"Eftaliotis, Argyris, 1849-1923, Η μαζώχτρα κι άλλες ιστορίες, Ο Βουρκόλακας - Δράμα, Fiction","http://www.gutenberg.org/ebooks/33577.html.noimages","http://www.gutenberg.org","http://www.gutenberg.org","whole",NA,60,4.27441831390728,2.99680432884131,0.433333333333333,0
7382100,7961,"ερωτήσεις να μοι απευθύνης.",NA,"ερωτήσεις να μοι απευθύνης.",NA,NA,NA,NA,NA,NA,NA,41,"ell_fic_56.txt","Greek (Modern)","Modern Greek","ell",NA,2008,"written","fiction","general_fiction","Grek",NA,"Euripides, None-406 BCE, Ιφιγένεια εν Αυλίδι, Tragedies","http://www.gutenberg.org/ebooks/26784.html.noimages","http://www.gutenberg.org","http://www.gutenberg.org","whole",NA,27,4.10637731681803,2.85002164558738,0.703703703703704,0
7406335,7968,"επικράτησιν των Ιουδαίων προκαταλήψεων επί του πνεύματός των.",NA,"επικράτησιν των Ιουδαίων προκαταλήψεων επί του πνεύματός των.",NA,NA,NA,NA,NA,NA,NA,41,"ell_fic_62.txt","Greek (Modern)","Modern Greek","ell",NA,2010,"written","fiction","general_fiction","Grek",NA,"Farrar, F. W. (Frederic William), 1831-1903, Ο Βίος του Χριστού, Jesus Christ -- Biography","http://www.gutenberg.org/ebooks/33396.html.noimages","http://www.gutenberg.org","http://www.gutenberg.org","part",NA,61,4.33359107583796,2.87054732897538,0.426229508196721,0
7406542,7968,"του πατρός.",NA,"του πατρός.",NA,NA,NA,NA,NA,NA,NA,41,"ell_fic_62.txt","Greek (Modern)","Modern Greek","ell",NA,2010,"written","fiction","general_fiction","Grek",NA,"Farrar, F. W. (Frederic William), 1831-1903, Ο Βίος του Χριστού, Jesus Christ -- Biography","http://www.gutenberg.org/ebooks/33396.html.noimages","http://www.gutenberg.org","http://www.gutenberg.org","part",NA,11,3.27761343681912,2.16789229748413,0.909090909090909,0
7415497,7971,"το ξέρετε καλά, όχι δεν είμαστε γεννημένοι εμείς για τη βασανισμένη",NA,"το ξέρετε καλά, όχι δεν είμαστε γεννημένοι εμείς για τη βασανισμένη",NA,NA,NA,NA,NA,NA,NA,41,"ell_fic_65.txt","Greek (Modern)","Modern Greek","ell",NA,2009,"written","fiction","general_fiction","Grek",NA,"Golfis, Rigas, 1886-1958, Ο Γήταυρος, Δράμα, Drama","http://www.gutenberg.org/ebooks/28779.html.noimages","http://www.gutenberg.org","http://www.gutenberg.org","whole",NA,67,4.14663607203796,2.837298169689,0.358208955223881,0.0151515151515152
7476402,7990,"σαν τι θα πει φοβόκαρδος και δείλια δεν γνωρίζει· 575",NA,"σαν τι θα πει φοβόκαρδος και δείλια δεν γνωρίζει· 575",NA,NA,NA,NA,NA,NA,NA,41,"ell_fic_82.txt","Greek (Modern)","Modern Greek","ell",NA,2011,"written","fiction","general_fiction","Grek",NA,"Homer, 750? BCE-650? BCE, Ιλιάδα","http://www.gutenberg.org/ebooks/36248.html.noimages","http://www.gutenberg.org","http://www.gutenberg.org","part",NA,53,4.23247930425789,2.96213351813453,0.471698113207547,0
7488779,7992,"ο υιός του μεγαλόψυχου φαίνεται του Οδυσσέα",NA,"ο υιός του μεγαλόψυχου φαίνεται του Οδυσσέα",NA,NA,NA,NA,NA,NA,NA,41,"ell_fic_84.txt","Greek (Modern)","Modern Greek","ell",NA,2009,"written","fiction","general_fiction","Grek",NA,"Homer, 750? BCE-650? BCE, Ομήρου Οδύσσεια Τόμος Α, Epic poetry, Greek","http://www.gutenberg.org/ebooks/30613.html.noimages","http://www.gutenberg.org","http://www.gutenberg.org","whole",NA,43,4.03616155677611,2.74691099888844,0.488372093023256,0.0238095238095238
7497955,7995,"τάντερο αρνιού καλόστριφτον εις τ' άκρ' αφού προσδέση,",NA,"τάντερο αρνιού καλόστριφτον εις τ' άκρ' αφού προσδέση,",NA,NA,NA,NA,NA,NA,NA,41,"ell_fic_87.txt","Greek (Modern)","Modern Greek","ell",NA,2009,"written","fiction","general_fiction","Grek",NA,"Homer, 750? BCE-650? BCE, Ομήρου Οδύσσεια Τόμος Δ, Epic poetry, Greek","http://www.gutenberg.org/ebooks/30616.html.noimages","http://www.gutenberg.org","http://www.gutenberg.org","whole",NA,54,4.17155498574926,2.87679690670673,0.407407407407407,0
7511026,7999,"συμφωνίες. Κάθε υποχρέωση την θεωρούσε μιαν αλυσίδα στο λαιμό της,",NA,"συμφωνίες. Κάθε υποχρέωση την θεωρούσε μιαν αλυσίδα στο λαιμό της,",NA,NA,NA,NA,NA,NA,NA,41,"ell_fic_90.txt","Greek (Modern)","Modern Greek","ell",NA,2010,"written","fiction","general_fiction","Grek",NA,"Karkavitsas, Andreas, 1866-1922, Ο αρχαιολόγος, Greek fiction, Modern","http://www.gutenberg.org/ebooks/31631.html.noimages","http://www.gutenberg.org","http://www.gutenberg.org","whole",NA,66,4.50767930113782,3.06271807172147,0.424242424242424,0
7511351,8000,"γελώσα κ' επαναλέγουσα:",NA,"γελώσα κ' επαναλέγουσα:",NA,NA,NA,NA,NA,NA,NA,41,"ell_fic_91.txt","Greek (Modern)","Modern Greek","ell",NA,2010,"written","fiction","general_fiction","Grek",NA,"Karkavitsas, Andreas, 1866-1922, Διηγήματα, Fiction","http://www.gutenberg.org/ebooks/31446.html.noimages","http://www.gutenberg.org","http://www.gutenberg.org","part",NA,23,3.74095326040484,2.52241130345724,0.652173913043478,0
7588133,8037,"Η αvαπηρία του είvαι μοvάχα έvα χαρακτηριστικό της προσωπικότητας του.",NA,"Η αvαπηρία του είvαι μοvάχα έvα χαρακτηριστικό της προσωπικότητας του.",NA,NA,NA,NA,NA,NA,NA,42,"ell_nfi_1023.txt","Greek (Modern)","Modern Greek","ell",NA,2017,"written","non-fiction","prepared_speeches","Grek",NA,"OpenSubtitles2018","https://object.pouta.csc.fi/OPUS-OpenSubtitles/v2018/raw/el.zip","http://www.opensubtitles.org/","http://www.opensubtitles.org/ P. Lison and J. Tiedemann, 2016, OpenSubtitles2016: Extracting Large Parallel Corpora from Movie and TV Subtitles. In Proceedings of the 10th International Conference on Language Resources and Evaluation (LREC 2016)","whole",NA,70,4.15471288144937,2.78143714278808,0.328571428571429,0
7591620,8041,"Αν ο καλός συνάδελφος από την Φλόριντα παραχωρήσει μέρος του χρόνου του, τον διαβεβαιώνω ότι θα απαντηθεί το ερώτημα του.",NA,"Αν ο καλός συνάδελφος από την Φλόριντα παραχωρήσει μέρος του χρόνου του, τον διαβεβαιώνω ότι θα απαντηθεί το ερώτημα του.",NA,NA,NA,NA,NA,NA,NA,42,"ell_nfi_1027.txt","Greek (Modern)","Modern Greek","ell",NA,2017,"written","non-fiction","prepared_speeches","Grek",NA,"OpenSubtitles2018","https://object.pouta.csc.fi/OPUS-OpenSubtitles/v2018/raw/el.zip","http://www.opensubtitles.org/","http://www.opensubtitles.org/ P. Lison and J. Tiedemann, 2016, OpenSubtitles2016: Extracting Large Parallel Corpora from Movie and TV Subtitles. In Proceedings of the 10th International Conference on Language Resources and Evaluation (LREC 2016)","whole",NA,121,4.42728585353062,3.03898086612427,0.264462809917355,0
7595439,8046,"Κι εκείνος γέλασε.",NA,"Κι εκείνος γέλασε.",NA,NA,NA,NA,NA,NA,NA,42,"ell_nfi_1031.txt","Greek (Modern)","Modern Greek","ell",NA,2017,"written","non-fiction","prepared_speeches","Grek",NA,"OpenSubtitles2018","https://object.pouta.csc.fi/OPUS-OpenSubtitles/v2018/raw/el.zip","http://www.opensubtitles.org/","http://www.opensubtitles.org/ P. Lison and J. Tiedemann, 2016, OpenSubtitles2016: Extracting Large Parallel Corpora from Movie and TV Subtitles. In Proceedings of the 10th International Conference on Language Resources and Evaluation (LREC 2016)","whole",NA,18,3.79465347354434,2.63564443512616,0.833333333333333,0
7644867,8139,"Ας μιλήσουμε για το πρόγραμμά σου.",NA,"Ας μιλήσουμε για το πρόγραμμά σου.",NA,NA,NA,NA,NA,NA,NA,42,"ell_nfi_1115.txt","Greek (Modern)","Modern Greek","ell",NA,2017,"written","non-fiction","prepared_speeches","Grek",NA,"OpenSubtitles2018","https://object.pouta.csc.fi/OPUS-OpenSubtitles/v2018/raw/el.zip","http://www.opensubtitles.org/","http://www.opensubtitles.org/ P. Lison and J. Tiedemann, 2016, OpenSubtitles2016: Extracting Large Parallel Corpora from Movie and TV Subtitles. In Proceedings of the 10th International Conference on Language Resources and Evaluation (LREC 2016)","whole",NA,34,4.0179179007621,2.71066785535144,0.558823529411765,0.0303030303030303
7652127,8151,"Πως θέλει αυτό που δεν μπορείς να έχεις.",NA,"Πως θέλει αυτό που δεν μπορείς να έχεις.",NA,NA,NA,NA,NA,NA,NA,42,"ell_nfi_1126.txt","Greek (Modern)","Modern Greek","ell",NA,2016,"written","non-fiction","prepared_speeches","Grek",NA,"OpenSubtitles2018","https://object.pouta.csc.fi/OPUS-OpenSubtitles/v2018/raw/el.zip","http://www.opensubtitles.org/","http://www.opensubtitles.org/ P. Lison and J. Tiedemann, 2016, OpenSubtitles2016: Extracting Large Parallel Corpora from Movie and TV Subtitles. In Proceedings of the 10th International Conference on Language Resources and Evaluation (LREC 2016)","whole",NA,40,4.16176879597319,2.86023501919598,0.55,0
7682633,8194,"Απλά πες τους την αλήθεια...",NA,"Απλά πες τους την αλήθεια...",NA,NA,NA,NA,NA,NA,NA,42,"ell_nfi_1165.txt","Greek (Modern)","Modern Greek","ell",NA,2016,"written","non-fiction","prepared_speeches","Grek",NA,"OpenSubtitles2018","https://object.pouta.csc.fi/OPUS-OpenSubtitles/v2018/raw/el.zip","http://www.opensubtitles.org/","http://www.opensubtitles.org/ P. Lison and J. Tiedemann, 2016, OpenSubtitles2016: Extracting Large Parallel Corpora from Movie and TV Subtitles. In Proceedings of the 10th International Conference on Language Resources and Evaluation (LREC 2016)","whole",NA,28,3.92325179698034,2.64960655235176,0.607142857142857,0.0740740740740741
7767250,8322,"Δεν την χρειάζεσαι.",NA,"Δεν την χρειάζεσαι.",NA,NA,NA,NA,NA,NA,NA,42,"ell_nfi_1280.txt","Greek (Modern)","Modern Greek","ell",NA,2016,"written","non-fiction","prepared_speeches","Grek",NA,"OpenSubtitles2018","https://object.pouta.csc.fi/OPUS-OpenSubtitles/v2018/raw/el.zip","http://www.opensubtitles.org/","http://www.opensubtitles.org/ P. Lison and J. Tiedemann, 2016, OpenSubtitles2016: Extracting Large Parallel Corpora from Movie and TV Subtitles. In Proceedings of the 10th International Conference on Language Resources and Evaluation (LREC 2016)","whole",NA,19,3.6818808028034,2.50609275105981,0.736842105263158,0
7773439,8331,"Επικοινωνία μόνο μέσω του δικτύου της CIA;",NA,"Επικοινωνία μόνο μέσω του δικτύου της CIA;",NA,NA,NA,NA,NA,NA,NA,42,"ell_nfi_1289.txt","Greek (Modern)","Modern Greek","ell",NA,2016,"written","non-fiction","prepared_speeches","Grek",NA,"OpenSubtitles2018","https://object.pouta.csc.fi/OPUS-OpenSubtitles/v2018/raw/el.zip","http://www.opensubtitles.org/","http://www.opensubtitles.org/ P. Lison and J. Tiedemann, 2016, OpenSubtitles2016: Extracting Large Parallel Corpora from Movie and TV Subtitles. In Proceedings of the 10th International Conference on Language Resources and Evaluation (LREC 2016)","whole",NA,42,4.3024498629974,2.98616645703148,0.571428571428571,0
7827718,8410,"Ο έλεγχος του πληρώματος ολοκληρώθηκε.",NA,"Ο έλεγχος του πληρώματος ολοκληρώθηκε.",NA,NA,NA,NA,NA,NA,NA,42,"ell_nfi_136.txt","Greek (Modern)","Modern Greek","ell",NA,2017,"written","non-fiction","prepared_speeches","Grek",NA,"OpenSubtitles2018","https://object.pouta.csc.fi/OPUS-OpenSubtitles/v2018/raw/el.zip","http://www.opensubtitles.org/","http://www.opensubtitles.org/ P. Lison and J. Tiedemann, 2016, OpenSubtitles2016: Extracting Large Parallel Corpora from Movie and TV Subtitles. In Proceedings of the 10th International Conference on Language Resources and Evaluation (LREC 2016)","whole",NA,38,4.080439935112,2.65968498012144,0.526315789473684,0
7846194,8436,"Στην καλύτερη σάλτσα, που έφαγα ποτέ μου.",NA,"Στην καλύτερη σάλτσα, που έφαγα ποτέ μου.",NA,NA,NA,NA,NA,NA,NA,42,"ell_nfi_1383.txt","Greek (Modern)","Modern Greek","ell",NA,2016,"written","non-fiction","prepared_speeches","Grek",NA,"OpenSubtitles2018","https://object.pouta.csc.fi/OPUS-OpenSubtitles/v2018/raw/el.zip","http://www.opensubtitles.org/","http://www.opensubtitles.org/ P. Lison and J. Tiedemann, 2016, OpenSubtitles2016: Extracting Large Parallel Corpora from Movie and TV Subtitles. In Proceedings of the 10th International Conference on Language Resources and Evaluation (LREC 2016)","whole",NA,41,4.18036511421588,2.8684518868871,0.536585365853659,0
7850760,8444,"- πριν ασθενήσει;",NA,"- πριν ασθενήσει;",NA,NA,NA,NA,NA,NA,NA,42,"ell_nfi_1390.txt","Greek (Modern)","Modern Greek","ell",NA,2016,"written","non-fiction","prepared_speeches","Grek",NA,"OpenSubtitles2018","https://object.pouta.csc.fi/OPUS-OpenSubtitles/v2018/raw/el.zip","http://www.opensubtitles.org/","http://www.opensubtitles.org/ P. Lison and J. Tiedemann, 2016, OpenSubtitles2016: Extracting Large Parallel Corpora from Movie and TV Subtitles. In Proceedings of the 10th International Conference on Language Resources and Evaluation (LREC 2016)","whole",NA,17,3.49922754713269,2.31084246123003,0.705882352941177,0
7866925,8469,"Ελπίζω να μην τρελάνετε τον νεαρό με τις ιστορίες σας.",NA,"Ελπίζω να μην τρελάνετε τον νεαρό με τις ιστορίες σας.",NA,NA,NA,NA,NA,NA,NA,42,"ell_nfi_1412.txt","Greek (Modern)","Modern Greek","ell",NA,2016,"written","non-fiction","prepared_speeches","Grek",NA,"OpenSubtitles2018","https://object.pouta.csc.fi/OPUS-OpenSubtitles/v2018/raw/el.zip","http://www.opensubtitles.org/","http://www.opensubtitles.org/ P. Lison and J. Tiedemann, 2016, OpenSubtitles2016: Extracting Large Parallel Corpora from Movie and TV Subtitles. In Proceedings of the 10th International Conference on Language Resources and Evaluation (LREC 2016)","whole",NA,54,4.02297928970658,2.72508541864889,0.388888888888889,0
7890848,8503,"Γιατί είσαι ένας ανούσιος μικρός καταραμένος πόνος στον πισινό.",NA,"Γιατί είσαι ένας ανούσιος μικρός καταραμένος πόνος στον πισινό.",NA,NA,NA,NA,NA,NA,NA,42,"ell_nfi_165.txt","Greek (Modern)","Modern Greek","ell",NA,2017,"written","non-fiction","prepared_speeches","Grek",NA,"OpenSubtitles2018","https://object.pouta.csc.fi/OPUS-OpenSubtitles/v2018/raw/el.zip","http://www.opensubtitles.org/","http://www.opensubtitles.org/ P. Lison and J. Tiedemann, 2016, OpenSubtitles2016: Extracting Large Parallel Corpora from Movie and TV Subtitles. In Proceedings of the 10th International Conference on Language Resources and Evaluation (LREC 2016)","whole",NA,63,3.955056266099,2.63241442961194,0.301587301587302,0
7927039,8557,"Τους διέταξε κυκλοφορήσει.",NA,"Τους διέταξε κυκλοφορήσει.",NA,NA,NA,NA,NA,NA,NA,42,"ell_nfi_213.txt","Greek (Modern)","Modern Greek","ell",NA,2017,"written","non-fiction","prepared_speeches","Grek",NA,"OpenSubtitles2018","https://object.pouta.csc.fi/OPUS-OpenSubtitles/v2018/raw/el.zip","http://www.opensubtitles.org/","http://www.opensubtitles.org/ P. Lison and J. Tiedemann, 2016, OpenSubtitles2016: Extracting Large Parallel Corpora from Movie and TV Subtitles. In Proceedings of the 10th International Conference on Language Resources and Evaluation (LREC 2016)","whole",NA,26,4.13294404498096,2.83530585679726,0.730769230769231,0
7965746,8622,"Εγώ είμαι αυτός που είναι πάντα στο πλευρό σου.",NA,"Εγώ είμαι αυτός που είναι πάντα στο πλευρό σου.",NA,NA,NA,NA,NA,NA,NA,42,"ell_nfi_272.txt","Greek (Modern)","Modern Greek","ell",NA,2017,"written","non-fiction","prepared_speeches","Grek",NA,"OpenSubtitles2018","https://object.pouta.csc.fi/OPUS-OpenSubtitles/v2018/raw/el.zip","http://www.opensubtitles.org/","http://www.opensubtitles.org/ P. Lison and J. Tiedemann, 2016, OpenSubtitles2016: Extracting Large Parallel Corpora from Movie and TV Subtitles. In Proceedings of the 10th International Conference on Language Resources and Evaluation (LREC 2016)","whole",NA,47,4.08608778766373,2.71522510783385,0.446808510638298,0
7994674,8667,"Το προσωπικό έκτακτης ανάγκης έχει ενεργοποιηθεί στο ξενοδοχείο και καζίνο Χάραζ της Οκλαχόμα όπου τουλάχιστον 400 επισκέπτες εμφάνισαν προσωρινή παράλυση.",NA,"Το προσωπικό έκτακτης ανάγκης έχει ενεργοποιηθεί στο ξενοδοχείο και καζίνο Χάραζ της Οκλαχόμα όπου τουλάχιστον 400 επισκέπτες εμφάνισαν προσωρινή παράλυση.",NA,NA,NA,NA,NA,NA,NA,42,"ell_nfi_312.txt","Greek (Modern)","Modern Greek","ell",NA,2017,"written","non-fiction","prepared_speeches","Grek",NA,"OpenSubtitles2018","https://object.pouta.csc.fi/OPUS-OpenSubtitles/v2018/raw/el.zip","http://www.opensubtitles.org/","http://www.opensubtitles.org/ P. Lison and J. Tiedemann, 2016, OpenSubtitles2016: Extracting Large Parallel Corpora from Movie and TV Subtitles. In Proceedings of the 10th International Conference on Language Resources and Evaluation (LREC 2016)","whole",NA,155,4.63301826662877,3.15591741666092,0.225806451612903,0.00649350649350649
8031459,8723,"Συνήθιζα να ξαπλώνω άγρυπνη και να εύχομαι πως ήμουν εγώ ο γιος.",NA,"Συνήθιζα να ξαπλώνω άγρυπνη και να εύχομαι πως ήμουν εγώ ο γιος.",NA,NA,NA,NA,NA,NA,NA,42,"ell_nfi_363.txt","Greek (Modern)","Modern Greek","ell",NA,2017,"written","non-fiction","prepared_speeches","Grek",NA,"OpenSubtitles2018","https://object.pouta.csc.fi/OPUS-OpenSubtitles/v2018/raw/el.zip","http://www.opensubtitles.org/","http://www.opensubtitles.org/ P. Lison and J. Tiedemann, 2016, OpenSubtitles2016: Extracting Large Parallel Corpora from Movie and TV Subtitles. In Proceedings of the 10th International Conference on Language Resources and Evaluation (LREC 2016)","whole",NA,64,4.26034436999759,2.95707721083355,0.40625,0
8073697,8793,"Αυτοσχεδιασμός;",NA,"Αυτοσχεδιασμός;",NA,NA,NA,NA,NA,NA,NA,42,"ell_nfi_426.txt","Greek (Modern)","Modern Greek","ell",NA,2017,"written","non-fiction","prepared_speeches","Grek",NA,"OpenSubtitles2018","https://object.pouta.csc.fi/OPUS-OpenSubtitles/v2018/raw/el.zip","http://www.opensubtitles.org/","http://www.opensubtitles.org/ P. Lison and J. Tiedemann, 2016, OpenSubtitles2016: Extracting Large Parallel Corpora from Movie and TV Subtitles. In Proceedings of the 10th International Conference on Language Resources and Evaluation (LREC 2016)","whole",NA,15,3.77355726227518,2.56802831070426,0.933333333333333,0
8073715,8793,"Και για τις γυναίκες;",NA,"Και για τις γυναίκες;",NA,NA,NA,NA,NA,NA,NA,42,"ell_nfi_426.txt","Greek (Modern)","Modern Greek","ell",NA,2017,"written","non-fiction","prepared_speeches","Grek",NA,"OpenSubtitles2018","https://object.pouta.csc.fi/OPUS-OpenSubtitles/v2018/raw/el.zip","http://www.opensubtitles.org/","http://www.opensubtitles.org/ P. Lison and J. Tiedemann, 2016, OpenSubtitles2016: Extracting Large Parallel Corpora from Movie and TV Subtitles. In Proceedings of the 10th International Conference on Language Resources and Evaluation (LREC 2016)","whole",NA,21,3.52257158913636,2.4386390322789,0.619047619047619,0
8081860,8808,"Είναι ξεκάθαρο ότι δεν θέλει να εμπλακώ.",NA,"Είναι ξεκάθαρο ότι δεν θέλει να εμπλακώ.",NA,NA,NA,NA,NA,NA,NA,42,"ell_nfi_44.txt","Greek (Modern)","Modern Greek","ell",NA,2017,"written","non-fiction","prepared_speeches","Grek",NA,"OpenSubtitles2018","https://object.pouta.csc.fi/OPUS-OpenSubtitles/v2018/raw/el.zip","http://www.opensubtitles.org/","http://www.opensubtitles.org/ P. Lison and J. Tiedemann, 2016, OpenSubtitles2016: Extracting Large Parallel Corpora from Movie and TV Subtitles. In Proceedings of the 10th International Conference on Language Resources and Evaluation (LREC 2016)","whole",NA,40,4.14643934467102,2.87333791717534,0.55,0
8150034,8912,"Το αστείο που κυκλοφορεί αυτές τις μέρες είναι ότι ο Μπέρνι, μοιάζει με το Εβραικό Τ-Bill.",NA,"Το αστείο που κυκλοφορεί αυτές τις μέρες είναι ότι ο Μπέρνι, μοιάζει με το Εβραικό Τ-Bill.",NA,NA,NA,NA,NA,NA,NA,42,"ell_nfi_533.txt","Greek (Modern)","Modern Greek","ell",NA,2017,"written","non-fiction","prepared_speeches","Grek",NA,"OpenSubtitles2018","https://object.pouta.csc.fi/OPUS-OpenSubtitles/v2018/raw/el.zip","http://www.opensubtitles.org/","http://www.opensubtitles.org/ P. Lison and J. Tiedemann, 2016, OpenSubtitles2016: Extracting Large Parallel Corpora from Movie and TV Subtitles. In Proceedings of the 10th International Conference on Language Resources and Evaluation (LREC 2016)","whole",NA,90,4.44847994210439,3.14901928755673,0.344444444444444,0.0112359550561798
8167995,8944,"Φανταντήστακαμε ότι θα ήμασταν ασφαλείς σε ξένα νερά, και ανυψώσαμε τα Αγγλικά πανιά αλλά καταλάβαμε ότι κάποια ισπανικά πλοία είχαν διαφορετική γνώμη.",NA,"Φανταντήστακαμε ότι θα ήμασταν ασφαλείς σε ξένα νερά, και ανυψώσαμε τα Αγγλικά πανιά αλλά καταλάβαμε ότι κάποια ισπανικά πλοία είχαν διαφορετική γνώμη.",NA,NA,NA,NA,NA,NA,NA,42,"ell_nfi_562.txt","Greek (Modern)","Modern Greek","ell",NA,2017,"written","non-fiction","prepared_speeches","Grek",NA,"OpenSubtitles2018","https://object.pouta.csc.fi/OPUS-OpenSubtitles/v2018/raw/el.zip","http://www.opensubtitles.org/","http://www.opensubtitles.org/ P. Lison and J. Tiedemann, 2016, OpenSubtitles2016: Extracting Large Parallel Corpora from Movie and TV Subtitles. In Proceedings of the 10th International Conference on Language Resources and Evaluation (LREC 2016)","whole",NA,151,4.3364354531864,3.01518879968527,0.225165562913907,0.0133333333333333
8172307,8953,"Εκτιμώ την εμπιστοσύνη σου.",NA,"Εκτιμώ την εμπιστοσύνη σου.",NA,NA,NA,NA,NA,NA,NA,42,"ell_nfi_570.txt","Greek (Modern)","Modern Greek","ell",NA,2017,"written","non-fiction","prepared_speeches","Grek",NA,"OpenSubtitles2018","https://object.pouta.csc.fi/OPUS-OpenSubtitles/v2018/raw/el.zip","http://www.opensubtitles.org/","http://www.opensubtitles.org/ P. Lison and J. Tiedemann, 2016, OpenSubtitles2016: Extracting Large Parallel Corpora from Movie and TV Subtitles. In Proceedings of the 10th International Conference on Language Resources and Evaluation (LREC 2016)","whole",NA,27,3.85619629821938,2.61606295709833,0.592592592592593,0
8197630,8996,"Και αρνείστε να παίξετε;",NA,"Και αρνείστε να παίξετε;",NA,NA,NA,NA,NA,NA,NA,42,"ell_nfi_609.txt","Greek (Modern)","Modern Greek","ell",NA,2017,"written","non-fiction","prepared_speeches","Grek",NA,"OpenSubtitles2018","https://object.pouta.csc.fi/OPUS-OpenSubtitles/v2018/raw/el.zip","http://www.opensubtitles.org/","http://www.opensubtitles.org/ P. Lison and J. Tiedemann, 2016, OpenSubtitles2016: Extracting Large Parallel Corpora from Movie and TV Subtitles. In Proceedings of the 10th International Conference on Language Resources and Evaluation (LREC 2016)","whole",NA,24,3.47017552146435,2.36404371433779,0.541666666666667,0
8218904,9030,"Κι εγώ είμαι σίγουρη.",NA,"Κι εγώ είμαι σίγουρη.",NA,NA,NA,NA,NA,NA,NA,42,"ell_nfi_64.txt","Greek (Modern)","Modern Greek","ell",NA,2017,"written","non-fiction","prepared_speeches","Grek",NA,"OpenSubtitles2018","https://object.pouta.csc.fi/OPUS-OpenSubtitles/v2018/raw/el.zip","http://www.opensubtitles.org/","http://www.opensubtitles.org/ P. Lison and J. Tiedemann, 2016, OpenSubtitles2016: Extracting Large Parallel Corpora from Movie and TV Subtitles. In Proceedings of the 10th International Conference on Language Resources and Evaluation (LREC 2016)","whole",NA,21,3.78494182743764,2.56688053515671,0.714285714285714,0
8224971,9039,"Σου επιτίθενται με τα όπλα τους, και εμείς θα μείνουμε άπραγοι;",NA,"Σου επιτίθενται με τα όπλα τους, και εμείς θα μείνουμε άπραγοι;",NA,NA,NA,NA,NA,NA,NA,42,"ell_nfi_648.txt","Greek (Modern)","Modern Greek","ell",NA,2017,"written","non-fiction","prepared_speeches","Grek",NA,"OpenSubtitles2018","https://object.pouta.csc.fi/OPUS-OpenSubtitles/v2018/raw/el.zip","http://www.opensubtitles.org/","http://www.opensubtitles.org/ P. Lison and J. Tiedemann, 2016, OpenSubtitles2016: Extracting Large Parallel Corpora from Movie and TV Subtitles. In Proceedings of the 10th International Conference on Language Resources and Evaluation (LREC 2016)","whole",NA,63,4.06227670264128,2.70731886350898,0.349206349206349,0
8234573,9053,"Ενημερώνεις τη βάση δεδομένων σου;",NA,"Ενημερώνεις τη βάση δεδομένων σου;",NA,NA,NA,NA,NA,NA,NA,42,"ell_nfi_660.txt","Greek (Modern)","Modern Greek","ell",NA,2017,"written","non-fiction","prepared_speeches","Grek",NA,"OpenSubtitles2018","https://object.pouta.csc.fi/OPUS-OpenSubtitles/v2018/raw/el.zip","http://www.opensubtitles.org/","http://www.opensubtitles.org/ P. Lison and J. Tiedemann, 2016, OpenSubtitles2016: Extracting Large Parallel Corpora from Movie and TV Subtitles. In Proceedings of the 10th International Conference on Language Resources and Evaluation (LREC 2016)","whole",NA,34,4.10188122347602,2.84734461901366,0.588235294117647,0
8234626,9053,"Ψάξτε στο αρχείο για την τοποθεσία της βάσης τους.",NA,"Ψάξτε στο αρχείο για την τοποθεσία της βάσης τους.",NA,NA,NA,NA,NA,NA,NA,42,"ell_nfi_660.txt","Greek (Modern)","Modern Greek","ell",NA,2017,"written","non-fiction","prepared_speeches","Grek",NA,"OpenSubtitles2018","https://object.pouta.csc.fi/OPUS-OpenSubtitles/v2018/raw/el.zip","http://www.opensubtitles.org/","http://www.opensubtitles.org/ P. Lison and J. Tiedemann, 2016, OpenSubtitles2016: Extracting Large Parallel Corpora from Movie and TV Subtitles. In Proceedings of the 10th International Conference on Language Resources and Evaluation (LREC 2016)","whole",NA,50,4.0659791299831,2.72459709337929,0.44,0
8243069,9065,"Η ορκομωσία του προέδρου Ντάλτον είναι μόλις σε μια μέρα, αλλά αντιμετωπίζει ακόμη μια νομική πρόκληση, για την νομιμοποίηση της νίκης του.",NA,"Η ορκομωσία του προέδρου Ντάλτον είναι μόλις σε μια μέρα, αλλά αντιμετωπίζει ακόμη μια νομική πρόκληση, για την νομιμοποίηση της νίκης του.",NA,NA,NA,NA,NA,NA,NA,42,"ell_nfi_671.txt","Greek (Modern)","Modern Greek","ell",NA,2017,"written","non-fiction","prepared_speeches","Grek",NA,"OpenSubtitles2018","https://object.pouta.csc.fi/OPUS-OpenSubtitles/v2018/raw/el.zip","http://www.opensubtitles.org/","http://www.opensubtitles.org/ P. Lison and J. Tiedemann, 2016, OpenSubtitles2016: Extracting Large Parallel Corpora from Movie and TV Subtitles. In Proceedings of the 10th International Conference on Language Resources and Evaluation (LREC 2016)","whole",NA,139,4.37847306181099,2.91218838967279,0.20863309352518,0.0072463768115942
8253515,9076,"Θα 'στε κουρασμένοι μετά από τέτοιο ταξίδι.",NA,"Θα 'στε κουρασμένοι μετά από τέτοιο ταξίδι.",NA,NA,NA,NA,NA,NA,NA,42,"ell_nfi_681.txt","Greek (Modern)","Modern Greek","ell",NA,NA,"written","non-fiction","prepared_speeches","Grek",NA,"OpenSubtitles2018","https://object.pouta.csc.fi/OPUS-OpenSubtitles/v2018/raw/el.zip","http://www.opensubtitles.org/","http://www.opensubtitles.org/ P. Lison and J. Tiedemann, 2016, OpenSubtitles2016: Extracting Large Parallel Corpora from Movie and TV Subtitles. In Proceedings of the 10th International Conference on Language Resources and Evaluation (LREC 2016)","whole",NA,43,4.12686235979681,2.9017033621907,0.511627906976744,0
8279242,9114,"Δεν ξέρω πόσο ακόμα μπορώ να συνεχίσω.",NA,"Δεν ξέρω πόσο ακόμα μπορώ να συνεχίσω.",NA,NA,NA,NA,NA,NA,NA,42,"ell_nfi_715.txt","Greek (Modern)","Modern Greek","ell",NA,2017,"written","non-fiction","prepared_speeches","Grek",NA,"OpenSubtitles2018","https://object.pouta.csc.fi/OPUS-OpenSubtitles/v2018/raw/el.zip","http://www.opensubtitles.org/","http://www.opensubtitles.org/ P. Lison and J. Tiedemann, 2016, OpenSubtitles2016: Extracting Large Parallel Corpora from Movie and TV Subtitles. In Proceedings of the 10th International Conference on Language Resources and Evaluation (LREC 2016)","whole",NA,38,4.09596863157997,2.80861538538643,0.526315789473684,0
8307647,9155,"Πρέπει να φτάσω σπίτι και να κόψω σε κάποιον το ρούμι.",NA,"Πρέπει να φτάσω σπίτι και να κόψω σε κάποιον το ρούμι.",NA,NA,NA,NA,NA,NA,NA,42,"ell_nfi_752.txt","Greek (Modern)","Modern Greek","ell",NA,2017,"written","non-fiction","prepared_speeches","Grek",NA,"OpenSubtitles2018","https://object.pouta.csc.fi/OPUS-OpenSubtitles/v2018/raw/el.zip","http://www.opensubtitles.org/","http://www.opensubtitles.org/ P. Lison and J. Tiedemann, 2016, OpenSubtitles2016: Extracting Large Parallel Corpora from Movie and TV Subtitles. In Proceedings of the 10th International Conference on Language Resources and Evaluation (LREC 2016)","whole",NA,54,4.10010516075067,2.74323162208423,0.407407407407407,0
8324638,9182,"Έχω συvταξιοδοτηθεί, οπότε...",NA,"Έχω συvταξιοδοτηθεί, οπότε...",NA,NA,NA,NA,NA,NA,NA,42,"ell_nfi_777.txt","Greek (Modern)","Modern Greek","ell",NA,2017,"written","non-fiction","prepared_speeches","Grek",NA,"OpenSubtitles2018","https://object.pouta.csc.fi/OPUS-OpenSubtitles/v2018/raw/el.zip","http://www.opensubtitles.org/","http://www.opensubtitles.org/ P. Lison and J. Tiedemann, 2016, OpenSubtitles2016: Extracting Large Parallel Corpora from Movie and TV Subtitles. In Proceedings of the 10th International Conference on Language Resources and Evaluation (LREC 2016)","whole",NA,29,4.2281650466279,2.93152977773356,0.724137931034483,0.0714285714285714
8411792,9325,"Francesca, γειά!",NA,"Francesca, γειά!",NA,NA,NA,NA,NA,NA,NA,42,"ell_nfi_905.txt","Greek (Modern)","Modern Greek","ell",NA,2017,"written","non-fiction","prepared_speeches","Grek",NA,"OpenSubtitles2018","https://object.pouta.csc.fi/OPUS-OpenSubtitles/v2018/raw/el.zip","http://www.opensubtitles.org/","http://www.opensubtitles.org/ P. Lison and J. Tiedemann, 2016, OpenSubtitles2016: Extracting Large Parallel Corpora from Movie and TV Subtitles. In Proceedings of the 10th International Conference on Language Resources and Evaluation (LREC 2016)","whole",NA,16,3.75,2.57282362307259,0.875,0
8489802,9433,"66016019	Pe táva guasu oñemboja'o mbohapy hendápe , ha táva oĩva guive ko yvy ári ho'apa ; ha Tupã imandu'a táva Babilóniare , ho'uka haguã chupe kaguýicha pe ñenupã ha'e omondóva chupe ipochýgui .","66016019","Pe táva guasu oñemboja'o mbohapy hendápe , ha táva oĩva guive ko yvy ári ho'apa ; ha Tupã imandu'a táva Babilóniare , ho'uka haguã chupe kaguýicha pe ñenupã ha'e omondóva chupe ipochýgui .",NA,NA,NA,NA,NA,NA,NA,46,"gug_nfi_1.txt","Guraní","Paraguayan Guraní","gug",NA,1996,"written","non-fiction","religion","Latn",NA,"The New Testament in Paraguayan Guraní. Text of the Parallel Bible Corpus: Mayer, Thomas & Michael Cysouw. 2014. Creating a Massively Parallel Bible Corpus. Proceedings of the International Conference on Language Resources and Evaluation (LREC), Reykjavik, 3158-3163.","https://www.bible.com/versions/66","© Sociedad Bíblica Paraguaya, 1996.","La Conferencia Episcopal Paraguaya tiene la satisfacción de ofrecer a los fieles la TRADUCCIÓN AL GUARANI de la BIBLIA, que incluye los libros deuterocanónicos. Esta traducción fue realizada por la Sociedad Bíblica Paraguaya, en cooperación con especialistas católicos en las Sagradas Escrituras, revisada por los censores designados por los Señores Obispos y aprobada en la 145a Asamblea Plenaria Extraordinaria de la Conferencia Episcopal Paraguaya.<br>Este esfuerzo requirió años de intenso trabajo, y tiene un valor significativo para nuestro país, en el que la lengua vernácula predominante es instrumento privilegiado de comunicación y de solidaridad. La ""primera etapa de inculturación consiste en traducir en otro idioma, la Escritura inspirada"" (Pontif. Comis. Bibl.: interpretación de la Biblia, Cap. IV-B).<br>Expresamos nuestra gratitud a la Sociedad Bíblica Paraguaya y a las Sociedades Bíblicas Unidas, dejando a criterio de los Señores Obispos del país, la difusión de la Biblia recientemente traducida al guaraní, y las instrucciones pastorales necesarias para su mejor comprensión y utilización.<br>Asunción, 15 de julio del 2010<br>Fiesta de San Buenaventura<br>PASTOR CUQUEJO<br>Arzobispo de la Santísima Asunción<br>Presidente de la CEP","whole","The first two digits of the identifier refer to the book, the next three digits to the chapter, and the last three digits to the verse. See Mayer & Cysouw (2014) for a list of book identifiers.",188,4.42940822463618,2.87262829307276,0.186170212765957,0
8499422,9438,"תענוגו ואם יחכם איש מכל אשר לפניו ולו מאות אלף לשונות ומאה",NA,"תענוגו ואם יחכם איש מכל אשר לפניו ולו מאות אלף לשונות ומאה",NA,NA,NA,NA,NA,NA,NA,50,"heb_fic_1.txt","Hebrew (Modern)","Modern Hebrew","heb",NA,2019,"written","fiction","general_fiction","Hebr",NA,"Gossuin de Metz, Tsel Ha'Olam","http://www.gutenberg.org/files/61024/61024-h/61024-h.htm","http://www.gutenberg.org","http://www.gutenberg.org","whole",NA,58,3.68268993058507,2.56164009156417,0.310344827586207,0
8503005,9441,"יישן שנתו לאט לאט. הזבובים הקטנים והיתושים הנם הראשונים המרגישים את",NA,"יישן שנתו לאט לאט. הזבובים הקטנים והיתושים הנם הראשונים המרגישים את",NA,NA,NA,NA,NA,NA,NA,50,"heb_fic_4.txt","Hebrew (Modern)","Modern Hebrew","heb",NA,2006,"written","fiction","general_fiction","Hebr",NA,"Knut Hamsun, Hunger","http://www.gutenberg.org/files/18291/18291-h/18291-h.htm","http://www.gutenberg.org","http://www.gutenberg.org","whole",NA,67,3.86463826622331,2.51018433222422,0.283582089552239,0.0151515151515152
8554652,9517,"אבל זה לא אומר, שצריך לחשוב על הגרוע מכל.",NA,"אבל זה לא אומר, שצריך לחשוב על הגרוע מכל.",NA,NA,NA,NA,NA,NA,NA,51,"heb_nfi_1065.txt","Hebrew (Modern)","Modern Hebrew","heb",NA,2017,"written","non-fiction","prepared_speeches","Hebr",NA,"OpenSubtitles2018","https://object.pouta.csc.fi/OPUS-OpenSubtitles/v2018/raw/he.zip","http://www.opensubtitles.org/","http://www.opensubtitles.org/ P. Lison and J. Tiedemann, 2016, OpenSubtitles2016: Extracting Large Parallel Corpora from Movie and TV Subtitles. In Proceedings of the 10th International Conference on Language Resources and Evaluation (LREC 2016)","whole",NA,41,3.89720315142474,2.78034037141405,0.463414634146341,0
8564398,9536,"האם אתה בתוך גופך, אבל לא?",NA,"האם אתה בתוך גופך, אבל לא?",NA,NA,NA,NA,NA,NA,NA,51,"heb_nfi_1082.txt","Hebrew (Modern)","Modern Hebrew","heb",NA,2017,"written","non-fiction","prepared_speeches","Hebr",NA,"OpenSubtitles2018","https://object.pouta.csc.fi/OPUS-OpenSubtitles/v2018/raw/he.zip","http://www.opensubtitles.org/","http://www.opensubtitles.org/ P. Lison and J. Tiedemann, 2016, OpenSubtitles2016: Extracting Large Parallel Corpora from Movie and TV Subtitles. In Proceedings of the 10th International Conference on Language Resources and Evaluation (LREC 2016)","whole",NA,26,3.48468431527814,2.4132187090716,0.5,0
8580417,9565,"היא נלקחה מפה והועברה לבית מחסה לילדים מטעם המדינה.",NA,"היא נלקחה מפה והועברה לבית מחסה לילדים מטעם המדינה.",NA,NA,NA,NA,NA,NA,NA,51,"heb_nfi_1108.txt","Hebrew (Modern)","Modern Hebrew","heb",NA,2017,"written","non-fiction","prepared_speeches","Hebr",NA,"OpenSubtitles2018","https://object.pouta.csc.fi/OPUS-OpenSubtitles/v2018/raw/he.zip","http://www.opensubtitles.org/","http://www.opensubtitles.org/ P. Lison and J. Tiedemann, 2016, OpenSubtitles2016: Extracting Large Parallel Corpora from Movie and TV Subtitles. In Proceedings of the 10th International Conference on Language Resources and Evaluation (LREC 2016)","whole",NA,51,3.91537356796293,2.70664312365306,0.392156862745098,0
8582197,9569,"ג 'ילדה מינו בלאט מיט.",NA,"ג 'ילדה מינו בלאט מיט.",NA,NA,NA,NA,NA,NA,NA,51,"heb_nfi_1111.txt","Hebrew (Modern)","Modern Hebrew","heb",NA,2017,"written","non-fiction","prepared_speeches","Hebr",NA,"OpenSubtitles2018","https://object.pouta.csc.fi/OPUS-OpenSubtitles/v2018/raw/he.zip","http://www.opensubtitles.org/","http://www.opensubtitles.org/ P. Lison and J. Tiedemann, 2016, OpenSubtitles2016: Extracting Large Parallel Corpora from Movie and TV Subtitles. In Proceedings of the 10th International Conference on Language Resources and Evaluation (LREC 2016)","whole",NA,22,3.60693673217532,2.39309025329363,0.636363636363636,0
8586989,9576,"תוכל לתאר את הבחור הזה?",NA,"תוכל לתאר את הבחור הזה?",NA,NA,NA,NA,NA,NA,NA,51,"heb_nfi_1118.txt","Hebrew (Modern)","Modern Hebrew","heb",NA,2017,"written","non-fiction","prepared_speeches","Hebr",NA,"OpenSubtitles2018","https://object.pouta.csc.fi/OPUS-OpenSubtitles/v2018/raw/he.zip","http://www.opensubtitles.org/","http://www.opensubtitles.org/ P. Lison and J. Tiedemann, 2016, OpenSubtitles2016: Extracting Large Parallel Corpora from Movie and TV Subtitles. In Proceedings of the 10th International Conference on Language Resources and Evaluation (LREC 2016)","whole",NA,23,3.41444130369497,2.29029749073123,0.521739130434783,0
8618971,9634,"מה אתם עושים כשאתם עייפים?",NA,"מה אתם עושים כשאתם עייפים?",NA,NA,NA,NA,NA,NA,NA,51,"heb_nfi_1170.txt","Hebrew (Modern)","Modern Hebrew","heb",NA,2017,"written","non-fiction","prepared_speeches","Hebr",NA,"OpenSubtitles2018","https://object.pouta.csc.fi/OPUS-OpenSubtitles/v2018/raw/he.zip","http://www.opensubtitles.org/","http://www.opensubtitles.org/ P. Lison and J. Tiedemann, 2016, OpenSubtitles2016: Extracting Large Parallel Corpora from Movie and TV Subtitles. In Proceedings of the 10th International Conference on Language Resources and Evaluation (LREC 2016)","whole",NA,26,3.46967048737186,2.16371262866927,0.5,0.04
8656195,9703,"אום... זאת ילדה, והיום היא בת 12 שבועות ויום אחד.",NA,"אום... זאת ילדה, והיום היא בת 12 שבועות ויום אחד.",NA,NA,NA,NA,NA,NA,NA,51,"heb_nfi_1232.txt","Hebrew (Modern)","Modern Hebrew","heb",NA,2017,"written","non-fiction","prepared_speeches","Hebr",NA,"OpenSubtitles2018","https://object.pouta.csc.fi/OPUS-OpenSubtitles/v2018/raw/he.zip","http://www.opensubtitles.org/","http://www.opensubtitles.org/ P. Lison and J. Tiedemann, 2016, OpenSubtitles2016: Extracting Large Parallel Corpora from Movie and TV Subtitles. In Proceedings of the 10th International Conference on Language Resources and Evaluation (LREC 2016)","whole",NA,49,3.76888388546471,2.61199354732301,0.36734693877551,0.0416666666666667
8705740,9784,"אני חושש, בצרפת, אנחנו רחוקים חיסוניים.",NA,"אני חושש, בצרפת, אנחנו רחוקים חיסוניים.",NA,NA,NA,NA,NA,NA,NA,51,"heb_nfi_1305.txt","Hebrew (Modern)","Modern Hebrew","heb",NA,2016,"written","non-fiction","prepared_speeches","Hebr",NA,"OpenSubtitles2018","https://object.pouta.csc.fi/OPUS-OpenSubtitles/v2018/raw/he.zip","http://www.opensubtitles.org/","http://www.opensubtitles.org/ P. Lison and J. Tiedemann, 2016, OpenSubtitles2016: Extracting Large Parallel Corpora from Movie and TV Subtitles. In Proceedings of the 10th International Conference on Language Resources and Evaluation (LREC 2016)","whole",NA,39,3.81824116889113,2.54301093440169,0.435897435897436,0.0526315789473684
8745711,9848,"‫אני עובדת במספרת כלבים.",NA,"‫אני עובדת במספרת כלבים.",NA,NA,NA,NA,NA,NA,NA,51,"heb_nfi_1363.txt","Hebrew (Modern)","Modern Hebrew","heb",NA,2016,"written","non-fiction","prepared_speeches","Hebr",NA,"OpenSubtitles2018","https://object.pouta.csc.fi/OPUS-OpenSubtitles/v2018/raw/he.zip","http://www.opensubtitles.org/","http://www.opensubtitles.org/ P. Lison and J. Tiedemann, 2016, OpenSubtitles2016: Extracting Large Parallel Corpora from Movie and TV Subtitles. In Proceedings of the 10th International Conference on Language Resources and Evaluation (LREC 2016)","whole",NA,24,4.0220552088742,2.76165200460383,0.75,0
8795900,9930,"אבל נכנעתי לאחת הבקשות שלך.",NA,"אבל נכנעתי לאחת הבקשות שלך.",NA,NA,NA,NA,NA,NA,NA,51,"heb_nfi_1437.txt","Hebrew (Modern)","Modern Hebrew","heb",NA,2016,"written","non-fiction","prepared_speeches","Hebr",NA,"OpenSubtitles2018","https://object.pouta.csc.fi/OPUS-OpenSubtitles/v2018/raw/he.zip","http://www.opensubtitles.org/","http://www.opensubtitles.org/ P. Lison and J. Tiedemann, 2016, OpenSubtitles2016: Extracting Large Parallel Corpora from Movie and TV Subtitles. In Proceedings of the 10th International Conference on Language Resources and Evaluation (LREC 2016)","whole",NA,27,3.81008102052173,2.61011829315461,0.592592592592593,0
8799165,9935,"אין זה המקום לכל מי עוד שדים השוכנים בהם.",NA,"אין זה המקום לכל מי עוד שדים השוכנים בהם.",NA,NA,NA,NA,NA,NA,NA,51,"heb_nfi_1441.txt","Hebrew (Modern)","Modern Hebrew","heb",NA,2016,"written","non-fiction","prepared_speeches","Hebr",NA,"OpenSubtitles2018","https://object.pouta.csc.fi/OPUS-OpenSubtitles/v2018/raw/he.zip","http://www.opensubtitles.org/","http://www.opensubtitles.org/ P. Lison and J. Tiedemann, 2016, OpenSubtitles2016: Extracting Large Parallel Corpora from Movie and TV Subtitles. In Proceedings of the 10th International Conference on Language Resources and Evaluation (LREC 2016)","whole",NA,41,3.82694499237019,2.64636447689091,0.439024390243902,0
8855906,10024,"לא היינו צריכים להיכנס לשם.",NA,"לא היינו צריכים להיכנס לשם.",NA,NA,NA,NA,NA,NA,NA,51,"heb_nfi_1521.txt","Hebrew (Modern)","Modern Hebrew","heb",NA,2016,"written","non-fiction","prepared_speeches","Hebr",NA,"OpenSubtitles2018","https://object.pouta.csc.fi/OPUS-OpenSubtitles/v2018/raw/he.zip","http://www.opensubtitles.org/","http://www.opensubtitles.org/ P. Lison and J. Tiedemann, 2016, OpenSubtitles2016: Extracting Large Parallel Corpora from Movie and TV Subtitles. In Proceedings of the 10th International Conference on Language Resources and Evaluation (LREC 2016)","whole",NA,27,3.5562012808079,2.40341012705644,0.518518518518518,0.0384615384615385
8907209,10096,"לואיס, אני יכול לדבר איתך לרגע?",NA,"לואיס, אני יכול לדבר איתך לרגע?",NA,NA,NA,NA,NA,NA,NA,51,"heb_nfi_1587.txt","Hebrew (Modern)","Modern Hebrew","heb",NA,2016,"written","non-fiction","prepared_speeches","Hebr",NA,"OpenSubtitles2018","https://object.pouta.csc.fi/OPUS-OpenSubtitles/v2018/raw/he.zip","http://www.opensubtitles.org/","http://www.opensubtitles.org/ P. Lison and J. Tiedemann, 2016, OpenSubtitles2016: Extracting Large Parallel Corpora from Movie and TV Subtitles. In Proceedings of the 10th International Conference on Language Resources and Evaluation (LREC 2016)","whole",NA,31,3.78114702081912,2.64521140868609,0.548387096774194,0
8999948,10245,"- אם יורשה לי?",NA,"- אם יורשה לי?",NA,NA,NA,NA,NA,NA,NA,51,"heb_nfi_253.txt","Hebrew (Modern)","Modern Hebrew","heb",NA,2017,"written","non-fiction","prepared_speeches","Hebr",NA,"OpenSubtitles2018","https://object.pouta.csc.fi/OPUS-OpenSubtitles/v2018/raw/he.zip","http://www.opensubtitles.org/","http://www.opensubtitles.org/ P. Lison and J. Tiedemann, 2016, OpenSubtitles2016: Extracting Large Parallel Corpora from Movie and TV Subtitles. In Proceedings of the 10th International Conference on Language Resources and Evaluation (LREC 2016)","whole",NA,14,3.32486295761736,2.25731072560294,0.785714285714286,0
9034462,10306,"אתה לא נותן לנערה שלך להיכנס לשטח האויב לבד.",NA,"אתה לא נותן לנערה שלך להיכנס לשטח האויב לבד.",NA,NA,NA,NA,NA,NA,NA,51,"heb_nfi_308.txt","Hebrew (Modern)","Modern Hebrew","heb",NA,2017,"written","non-fiction","prepared_speeches","Hebr",NA,"OpenSubtitles2018","https://object.pouta.csc.fi/OPUS-OpenSubtitles/v2018/raw/he.zip","http://www.opensubtitles.org/","http://www.opensubtitles.org/ P. Lison and J. Tiedemann, 2016, OpenSubtitles2016: Extracting Large Parallel Corpora from Movie and TV Subtitles. In Proceedings of the 10th International Conference on Language Resources and Evaluation (LREC 2016)","whole",NA,44,3.93626002753153,2.80463496095181,0.454545454545455,0
9042328,10319,"אחרי הפגישה שלו עם המזכירה מקורד, מר פוקס סיפק גישה מלאה לחשבונות העסקיים שלו.",NA,"אחרי הפגישה שלו עם המזכירה מקורד, מר פוקס סיפק גישה מלאה לחשבונות העסקיים שלו.",NA,NA,NA,NA,NA,NA,NA,51,"heb_nfi_32.txt","Hebrew (Modern)","Modern Hebrew","heb",NA,2017,"written","non-fiction","prepared_speeches","Hebr",NA,"OpenSubtitles2018","https://object.pouta.csc.fi/OPUS-OpenSubtitles/v2018/raw/he.zip","http://www.opensubtitles.org/","http://www.opensubtitles.org/ P. Lison and J. Tiedemann, 2016, OpenSubtitles2016: Extracting Large Parallel Corpora from Movie and TV Subtitles. In Proceedings of the 10th International Conference on Language Resources and Evaluation (LREC 2016)","whole",NA,78,4.15671150440415,2.82294443546563,0.307692307692308,0.012987012987013
9055276,10346,"אני לא מאמין שהכית אותי.",NA,"אני לא מאמין שהכית אותי.",NA,NA,NA,NA,NA,NA,NA,51,"heb_nfi_344.txt","Hebrew (Modern)","Modern Hebrew","heb",NA,2017,"written","non-fiction","prepared_speeches","Hebr",NA,"OpenSubtitles2018","https://object.pouta.csc.fi/OPUS-OpenSubtitles/v2018/raw/he.zip","http://www.opensubtitles.org/","http://www.opensubtitles.org/ P. Lison and J. Tiedemann, 2016, OpenSubtitles2016: Extracting Large Parallel Corpora from Movie and TV Subtitles. In Proceedings of the 10th International Conference on Language Resources and Evaluation (LREC 2016)","whole",NA,24,3.41829583405449,2.44564501995914,0.541666666666667,0
9082234,10385,"אני לא יודע.",NA,"אני לא יודע.",NA,NA,NA,NA,NA,NA,NA,51,"heb_nfi_38.txt","Hebrew (Modern)","Modern Hebrew","heb",NA,2017,"written","non-fiction","prepared_speeches","Hebr",NA,"OpenSubtitles2018","https://object.pouta.csc.fi/OPUS-OpenSubtitles/v2018/raw/he.zip","http://www.opensubtitles.org/","http://www.opensubtitles.org/ P. Lison and J. Tiedemann, 2016, OpenSubtitles2016: Extracting Large Parallel Corpora from Movie and TV Subtitles. In Proceedings of the 10th International Conference on Language Resources and Evaluation (LREC 2016)","whole",NA,12,3.08496250072116,2.05327471022384,0.75,0
9117099,10448,"לחיי התחלות חדשות.",NA,"לחיי התחלות חדשות.",NA,NA,NA,NA,NA,NA,NA,51,"heb_nfi_436.txt","Hebrew (Modern)","Modern Hebrew","heb",NA,2017,"written","non-fiction","prepared_speeches","Hebr",NA,"OpenSubtitles2018","https://object.pouta.csc.fi/OPUS-OpenSubtitles/v2018/raw/he.zip","http://www.opensubtitles.org/","http://www.opensubtitles.org/ P. Lison and J. Tiedemann, 2016, OpenSubtitles2016: Extracting Large Parallel Corpora from Movie and TV Subtitles. In Proceedings of the 10th International Conference on Language Resources and Evaluation (LREC 2016)","whole",NA,18,3.19715972342415,2.12998615587847,0.555555555555556,0.0588235294117647
9204747,10589,"שים לב להיכן אתה הולך, חלקלק כאן.",NA,"שים לב להיכן אתה הולך, חלקלק כאן.",NA,NA,NA,NA,NA,NA,NA,51,"heb_nfi_563.txt","Hebrew (Modern)","Modern Hebrew","heb",NA,2017,"written","non-fiction","prepared_speeches","Hebr",NA,"OpenSubtitles2018","https://object.pouta.csc.fi/OPUS-OpenSubtitles/v2018/raw/he.zip","http://www.opensubtitles.org/","http://www.opensubtitles.org/ P. Lison and J. Tiedemann, 2016, OpenSubtitles2016: Extracting Large Parallel Corpora from Movie and TV Subtitles. In Proceedings of the 10th International Conference on Language Resources and Evaluation (LREC 2016)","whole",NA,33,3.77547584720914,2.65207274128569,0.515151515151515,0
9251465,10666,"לא תוכל להתחבר למוזיקה ולהתחמק מלקחת אחריות.",NA,"לא תוכל להתחבר למוזיקה ולהתחמק מלקחת אחריות.",NA,NA,NA,NA,NA,NA,NA,51,"heb_nfi_632.txt","Hebrew (Modern)","Modern Hebrew","heb",NA,2017,"written","non-fiction","prepared_speeches","Hebr",NA,"OpenSubtitles2018","https://object.pouta.csc.fi/OPUS-OpenSubtitles/v2018/raw/he.zip","http://www.opensubtitles.org/","http://www.opensubtitles.org/ P. Lison and J. Tiedemann, 2016, OpenSubtitles2016: Extracting Large Parallel Corpora from Movie and TV Subtitles. In Proceedings of the 10th International Conference on Language Resources and Evaluation (LREC 2016)","whole",NA,44,3.66638950523773,2.49075475578625,0.340909090909091,0
9251987,10666,"החדר הצמוד, מכאן.",NA,"החדר הצמוד, מכאן.",NA,NA,NA,NA,NA,NA,NA,51,"heb_nfi_632.txt","Hebrew (Modern)","Modern Hebrew","heb",NA,2017,"written","non-fiction","prepared_speeches","Hebr",NA,"OpenSubtitles2018","https://object.pouta.csc.fi/OPUS-OpenSubtitles/v2018/raw/he.zip","http://www.opensubtitles.org/","http://www.opensubtitles.org/ P. Lison and J. Tiedemann, 2016, OpenSubtitles2016: Extracting Large Parallel Corpora from Movie and TV Subtitles. In Proceedings of the 10th International Conference on Language Resources and Evaluation (LREC 2016)","whole",NA,17,3.61687460595622,2.45537981787633,0.764705882352941,0
9254837,10671,"בחיי, בהחלט ניסיתי.",NA,"בחיי, בהחלט ניסיתי.",NA,NA,NA,NA,NA,NA,NA,51,"heb_nfi_637.txt","Hebrew (Modern)","Modern Hebrew","heb",NA,2017,"written","non-fiction","prepared_speeches","Hebr",NA,"OpenSubtitles2018","https://object.pouta.csc.fi/OPUS-OpenSubtitles/v2018/raw/he.zip","http://www.opensubtitles.org/","http://www.opensubtitles.org/ P. Lison and J. Tiedemann, 2016, OpenSubtitles2016: Extracting Large Parallel Corpora from Movie and TV Subtitles. In Proceedings of the 10th International Conference on Language Resources and Evaluation (LREC 2016)","whole",NA,19,3.32110433057849,2.36766813958728,0.631578947368421,0.0555555555555556
9257579,10677,"והוא הקפיד טוב כפי שהוא מתיימר להגיע לבדיקה.",NA,"והוא הקפיד טוב כפי שהוא מתיימר להגיע לבדיקה.",NA,NA,NA,NA,NA,NA,NA,51,"heb_nfi_642.txt","Hebrew (Modern)","Modern Hebrew","heb",NA,2017,"written","non-fiction","prepared_speeches","Hebr",NA,"OpenSubtitles2018","https://object.pouta.csc.fi/OPUS-OpenSubtitles/v2018/raw/he.zip","http://www.opensubtitles.org/","http://www.opensubtitles.org/ P. Lison and J. Tiedemann, 2016, OpenSubtitles2016: Extracting Large Parallel Corpora from Movie and TV Subtitles. In Proceedings of the 10th International Conference on Language Resources and Evaluation (LREC 2016)","whole",NA,44,3.89645662015623,2.72302341935695,0.431818181818182,0.0232558139534884
9270756,10701,"יש לו שלוש דקות עד שהוא מחניק.",NA,"יש לו שלוש דקות עד שהוא מחניק.",NA,NA,NA,NA,NA,NA,NA,51,"heb_nfi_664.txt","Hebrew (Modern)","Modern Hebrew","heb",NA,2017,"written","non-fiction","prepared_speeches","Hebr",NA,"OpenSubtitles2018","https://object.pouta.csc.fi/OPUS-OpenSubtitles/v2018/raw/he.zip","http://www.opensubtitles.org/","http://www.opensubtitles.org/ P. Lison and J. Tiedemann, 2016, OpenSubtitles2016: Extracting Large Parallel Corpora from Movie and TV Subtitles. In Proceedings of the 10th International Conference on Language Resources and Evaluation (LREC 2016)","whole",NA,30,3.58989809546429,2.57157302958416,0.5,0
9281162,10715,"- אני אומר לך, הוא בן מגעיל אחד זונה.",NA,"- אני אומר לך, הוא בן מגעיל אחד זונה.",NA,NA,NA,NA,NA,NA,NA,51,"heb_nfi_677.txt","Hebrew (Modern)","Modern Hebrew","heb",NA,2017,"written","non-fiction","prepared_speeches","Hebr",NA,"OpenSubtitles2018","https://object.pouta.csc.fi/OPUS-OpenSubtitles/v2018/raw/he.zip","http://www.opensubtitles.org/","http://www.opensubtitles.org/ P. Lison and J. Tiedemann, 2016, OpenSubtitles2016: Extracting Large Parallel Corpora from Movie and TV Subtitles. In Proceedings of the 10th International Conference on Language Resources and Evaluation (LREC 2016)","whole",NA,37,3.94580775746237,2.84309696785669,0.540540540540541,0
9303998,10750,"אז, מי הולך להגיע אלי הראשון?",NA,"אז, מי הולך להגיע אלי הראשון?",NA,NA,NA,NA,NA,NA,NA,51,"heb_nfi_708.txt","Hebrew (Modern)","Modern Hebrew","heb",NA,2017,"written","non-fiction","prepared_speeches","Hebr",NA,"OpenSubtitles2018","https://object.pouta.csc.fi/OPUS-OpenSubtitles/v2018/raw/he.zip","http://www.opensubtitles.org/","http://www.opensubtitles.org/ P. Lison and J. Tiedemann, 2016, OpenSubtitles2016: Extracting Large Parallel Corpora from Movie and TV Subtitles. In Proceedings of the 10th International Conference on Language Resources and Evaluation (LREC 2016)","whole",NA,29,3.73283649571065,2.56047879677528,0.551724137931034,0
9316477,10773,"זהלאאיפהגרה אנה ?",NA,"זהלאאיפהגרה אנה ?",NA,NA,NA,NA,NA,NA,NA,51,"heb_nfi_729.txt","Hebrew (Modern)","Modern Hebrew","heb",NA,2017,"written","non-fiction","prepared_speeches","Hebr",NA,"OpenSubtitles2018","https://object.pouta.csc.fi/OPUS-OpenSubtitles/v2018/raw/he.zip","http://www.opensubtitles.org/","http://www.opensubtitles.org/ P. Lison and J. Tiedemann, 2016, OpenSubtitles2016: Extracting Large Parallel Corpora from Movie and TV Subtitles. In Proceedings of the 10th International Conference on Language Resources and Evaluation (LREC 2016)","whole",NA,17,3.21952828229955,2.20541822734673,0.647058823529412,0.0625
9335464,10800,"אתה לוקח סיכונים.",NA,"אתה לוקח סיכונים.",NA,NA,NA,NA,NA,NA,NA,51,"heb_nfi_753.txt","Hebrew (Modern)","Modern Hebrew","heb",NA,2017,"written","non-fiction","prepared_speeches","Hebr",NA,"OpenSubtitles2018","https://object.pouta.csc.fi/OPUS-OpenSubtitles/v2018/raw/he.zip","http://www.opensubtitles.org/","http://www.opensubtitles.org/ P. Lison and J. Tiedemann, 2016, OpenSubtitles2016: Extracting Large Parallel Corpora from Movie and TV Subtitles. In Proceedings of the 10th International Conference on Language Resources and Evaluation (LREC 2016)","whole",NA,17,3.73452166477975,2.526410332561,0.823529411764706,0
9343352,10815,"""היי, הגעתם לבראדלי.",NA,"""היי, הגעתם לבראדלי.",NA,NA,NA,NA,NA,NA,NA,51,"heb_nfi_767.txt","Hebrew (Modern)","Modern Hebrew","heb",NA,2017,"written","non-fiction","prepared_speeches","Hebr",NA,"OpenSubtitles2018","https://object.pouta.csc.fi/OPUS-OpenSubtitles/v2018/raw/he.zip","http://www.opensubtitles.org/","http://www.opensubtitles.org/ P. Lison and J. Tiedemann, 2016, OpenSubtitles2016: Extracting Large Parallel Corpora from Movie and TV Subtitles. In Proceedings of the 10th International Conference on Language Resources and Evaluation (LREC 2016)","whole",NA,20,3.78418371977919,2.63361494760369,0.75,0.0526315789473684
9350981,10829,"מי יהיה הראשון לחלוק בו עמי?",NA,"מי יהיה הראשון לחלוק בו עמי?",NA,NA,NA,NA,NA,NA,NA,51,"heb_nfi_78.txt","Hebrew (Modern)","Modern Hebrew","heb",NA,2017,"written","non-fiction","prepared_speeches","Hebr",NA,"OpenSubtitles2018","https://object.pouta.csc.fi/OPUS-OpenSubtitles/v2018/raw/he.zip","http://www.opensubtitles.org/","http://www.opensubtitles.org/ P. Lison and J. Tiedemann, 2016, OpenSubtitles2016: Extracting Large Parallel Corpora from Movie and TV Subtitles. In Proceedings of the 10th International Conference on Language Resources and Evaluation (LREC 2016)","whole",NA,28,3.6245186549589,2.58244231181447,0.535714285714286,0
9406035,10922,"לטוני יש טעם מדהים.",NA,"לטוני יש טעם מדהים.",NA,NA,NA,NA,NA,NA,NA,51,"heb_nfi_863.txt","Hebrew (Modern)","Modern Hebrew","heb",NA,2017,"written","non-fiction","prepared_speeches","Hebr",NA,"OpenSubtitles2018","https://object.pouta.csc.fi/OPUS-OpenSubtitles/v2018/raw/he.zip","http://www.opensubtitles.org/","http://www.opensubtitles.org/ P. Lison and J. Tiedemann, 2016, OpenSubtitles2016: Extracting Large Parallel Corpora from Movie and TV Subtitles. In Proceedings of the 10th International Conference on Language Resources and Evaluation (LREC 2016)","whole",NA,19,3.53688672374217,2.4277335808636,0.684210526315789,0
9458765,11012,"זאת לא מדורה.",NA,"זאת לא מדורה.",NA,NA,NA,NA,NA,NA,NA,51,"heb_nfi_944.txt","Hebrew (Modern)","Modern Hebrew","heb",NA,2017,"written","non-fiction","prepared_speeches","Hebr",NA,"OpenSubtitles2018","https://object.pouta.csc.fi/OPUS-OpenSubtitles/v2018/raw/he.zip","http://www.opensubtitles.org/","http://www.opensubtitles.org/ P. Lison and J. Tiedemann, 2016, OpenSubtitles2016: Extracting Large Parallel Corpora from Movie and TV Subtitles. In Proceedings of the 10th International Conference on Language Resources and Evaluation (LREC 2016)","whole",NA,13,3.39274741044878,2.29536432621747,0.846153846153846,0
9467986,11027,"כן, בדיוק ככה.",NA,"כן, בדיוק ככה.",NA,NA,NA,NA,NA,NA,NA,51,"heb_nfi_958.txt","Hebrew (Modern)","Modern Hebrew","heb",NA,2017,"written","non-fiction","prepared_speeches","Hebr",NA,"OpenSubtitles2018","https://object.pouta.csc.fi/OPUS-OpenSubtitles/v2018/raw/he.zip","http://www.opensubtitles.org/","http://www.opensubtitles.org/ P. Lison and J. Tiedemann, 2016, OpenSubtitles2016: Extracting Large Parallel Corpora from Movie and TV Subtitles. In Proceedings of the 10th International Conference on Language Resources and Evaluation (LREC 2016)","whole",NA,14,3.32486295761736,2.22572062622509,0.785714285714286,0.0769230769230769
9496776,11074,"01036003	फिर उसने इश्माएल की बेटी बासमत को भी , जो नबायोत की बहिन थी , ब्याह लिया ।","01036003","फिर उसने इश्माएल की बेटी बासमत को भी , जो नबायोत की बहिन थी , ब्याह लिया ।",NA,NA,NA,NA,NA,NA,NA,53,"hin_nfi_1.txt","Hindi","Hindi","hin",NA,NA,"written","non-fiction","religion","Deva",NA,"The Bible in Hindi. Text of the Parallel Bible Corpus: Mayer, Thomas & Michael Cysouw. 2014. Creating a Massively Parallel Bible Corpus. Proceedings of the International Conference on Language Resources and Evaluation (LREC), Reykjavik, 3158-3163.","http://bible-server.org/Bible.php?L2=&translation=HIN&book=Genesis&ch=1<br>https://www.wordproject.org/bibles/in/","© Bible Society of India",NA,"whole","The first two digits of the identifier refer to the book, the next three digits to the chapter, and the last three digits to the verse. See Mayer & Cysouw (2014) for a list of book identifiers.",74,4.26228813271836,2.88249177590422,0.378378378378378,0
9508004,11074,"15010016	परन्तु बन्धुआई से आए हुए लोगों ने वैसा ही किया । तब एज्रा याजक और पितरों के घरानों के कितने मुख्य पुरुष अपने अपने पितरों के घराने के अनुसार अपने सब नाम लिखा कर अलग किए गए , और दसवें महीने के पहिले दिन को इस बात की तहकीकात के लिये बैठे ।","15010016","परन्तु बन्धुआई से आए हुए लोगों ने वैसा ही किया । तब एज्रा याजक और पितरों के घरानों के कितने मुख्य पुरुष अपने अपने पितरों के घराने के अनुसार अपने सब नाम लिखा कर अलग किए गए , और दसवें महीने के पहिले दिन को इस बात की तहकीकात के लिये बैठे ।",NA,NA,NA,NA,NA,NA,NA,53,"hin_nfi_1.txt","Hindi","Hindi","hin",NA,NA,"written","non-fiction","religion","Deva",NA,"The Bible in Hindi. Text of the Parallel Bible Corpus: Mayer, Thomas & Michael Cysouw. 2014. Creating a Massively Parallel Bible Corpus. Proceedings of the International Conference on Language Resources and Evaluation (LREC), Reykjavik, 3158-3163.","http://bible-server.org/Bible.php?L2=&translation=HIN&book=Genesis&ch=1<br>https://www.wordproject.org/bibles/in/","© Bible Society of India",NA,"whole","The first two digits of the identifier refer to the book, the next three digits to the chapter, and the last three digits to the verse. See Mayer & Cysouw (2014) for a list of book identifiers.",236,4.48151566132681,2.9105560055342,0.161016949152542,0
9514176,11074,"23037021	तब आमोस के पुत्र यशायाह ने हिजकिय्याह के पास यह कहला भेजा , इस्राएल का परमेश्वर यहोवा यों कहता है , तू ने जो अश्शूर के राजा सन्हेरीब के विषय में मुझ से प्रार्थना की है ,","23037021","तब आमोस के पुत्र यशायाह ने हिजकिय्याह के पास यह कहला भेजा , इस्राएल का परमेश्वर यहोवा यों कहता है , तू ने जो अश्शूर के राजा सन्हेरीब के विषय में मुझ से प्रार्थना की है ,",NA,NA,NA,NA,NA,NA,NA,53,"hin_nfi_1.txt","Hindi","Hindi","hin",NA,NA,"written","non-fiction","religion","Deva",NA,"The Bible in Hindi. Text of the Parallel Bible Corpus: Mayer, Thomas & Michael Cysouw. 2014. Creating a Massively Parallel Bible Corpus. Proceedings of the International Conference on Language Resources and Evaluation (LREC), Reykjavik, 3158-3163.","http://bible-server.org/Bible.php?L2=&translation=HIN&book=Genesis&ch=1<br>https://www.wordproject.org/bibles/in/","© Bible Society of India",NA,"whole","The first two digits of the identifier refer to the book, the next three digits to the chapter, and the last three digits to the verse. See Mayer & Cysouw (2014) for a list of book identifiers.",169,4.37350517165791,3.00400111578566,0.201183431952663,0
9516314,11074,"26003009	मैं तेरे माथे को हीरे के तुल्य कड़ा कर देता हूँ जो चकमक पत्थर से भी कड़ा होता है ; सो तू उन से न डरना , और न उनके मुंह देख कर तेरा मन कच्चा हो ; क्योंकि वे बलवई घराने के हैं ।","26003009","मैं तेरे माथे को हीरे के तुल्य कड़ा कर देता हूँ जो चकमक पत्थर से भी कड़ा होता है ; सो तू उन से न डरना , और न उनके मुंह देख कर तेरा मन कच्चा हो ; क्योंकि वे बलवई घराने के हैं ।",NA,NA,NA,NA,NA,NA,NA,53,"hin_nfi_1.txt","Hindi","Hindi","hin",NA,NA,"written","non-fiction","religion","Deva",NA,"The Bible in Hindi. Text of the Parallel Bible Corpus: Mayer, Thomas & Michael Cysouw. 2014. Creating a Massively Parallel Bible Corpus. Proceedings of the International Conference on Language Resources and Evaluation (LREC), Reykjavik, 3158-3163.","http://bible-server.org/Bible.php?L2=&translation=HIN&book=Genesis&ch=1<br>https://www.wordproject.org/bibles/in/","© Bible Society of India",NA,"whole","The first two digits of the identifier refer to the book, the next three digits to the chapter, and the last three digits to the verse. See Mayer & Cysouw (2014) for a list of book identifiers.",175,4.35534970988221,3.04146611750842,0.222857142857143,0
9516763,11074,"26021016	सिकुड़कर दाहिनी ओर जा , फिर तैयार हो कर बाईं ओर मुड़ , जिधर भी तेरा मुख हो ।","26021016","सिकुड़कर दाहिनी ओर जा , फिर तैयार हो कर बाईं ओर मुड़ , जिधर भी तेरा मुख हो ।",NA,NA,NA,NA,NA,NA,NA,53,"hin_nfi_1.txt","Hindi","Hindi","hin",NA,NA,"written","non-fiction","religion","Deva",NA,"The Bible in Hindi. Text of the Parallel Bible Corpus: Mayer, Thomas & Michael Cysouw. 2014. Creating a Massively Parallel Bible Corpus. Proceedings of the International Conference on Language Resources and Evaluation (LREC), Reykjavik, 3158-3163.","http://bible-server.org/Bible.php?L2=&translation=HIN&book=Genesis&ch=1<br>https://www.wordproject.org/bibles/in/","© Bible Society of India",NA,"whole","The first two digits of the identifier refer to the book, the next three digits to the chapter, and the last three digits to the verse. See Mayer & Cysouw (2014) for a list of book identifiers.",76,4.26196760545821,2.91213464459971,0.394736842105263,0
9523617,11074,"44025018	जब उसके मुद्दई खड़े हुए , तो उन्होंने ऐसी बुरी बातों का दोष नहीं लगाया , जैसा मैं समझता था ।","44025018","जब उसके मुद्दई खड़े हुए , तो उन्होंने ऐसी बुरी बातों का दोष नहीं लगाया , जैसा मैं समझता था ।",NA,NA,NA,NA,NA,NA,NA,53,"hin_nfi_1.txt","Hindi","Hindi","hin",NA,NA,"written","non-fiction","religion","Deva",NA,"The Bible in Hindi. Text of the Parallel Bible Corpus: Mayer, Thomas & Michael Cysouw. 2014. Creating a Massively Parallel Bible Corpus. Proceedings of the International Conference on Language Resources and Evaluation (LREC), Reykjavik, 3158-3163.","http://bible-server.org/Bible.php?L2=&translation=HIN&book=Genesis&ch=1<br>https://www.wordproject.org/bibles/in/","© Bible Society of India",NA,"whole","The first two digits of the identifier refer to the book, the next three digits to the chapter, and the last three digits to the verse. See Mayer & Cysouw (2014) for a list of book identifiers.",92,4.51395289223504,3.18305529304312,0.369565217391304,0
9549619,11085,"12003024	aur jab ve israaael kee chhavanee ke pas aae hee the , ki israaaelee uttkar moaabiyon ko marane lage aur ve unake samhane se bhag gaae aur ve moab ko marate marate unake desh men pahunch gaae .","12003024","aur jab ve israaael kee chhavanee ke pas aae hee the , ki israaaelee uttkar moaabiyon ko marane lage aur ve unake samhane se bhag gaae aur ve moab ko marate marate unake desh men pahunch gaae .",NA,NA,NA,NA,NA,NA,NA,53,"hin_nfi_2.txt","Hindi","Hindi","hin",NA,NA,"written","non-fiction","religion","Latn",NA,"The New Testament in Hindi, latin transliteration. Text of the Parallel Bible Corpus: Mayer, Thomas & Michael Cysouw. 2014. Creating a Massively Parallel Bible Corpus. Proceedings of the International Conference on Language Resources and Evaluation (LREC), Reykjavik, 3158-3163.","https://www.wordproject.org/bibles/in_tr/index.htm",NA,NA,"whole","The first two digits of the identifier refer to the book, the next three digits to the chapter, and the last three digits to the verse. See Mayer & Cysouw (2014) for a list of book identifiers. Chapter 09027 is missing, because the source had this chapter only in Nagari.",193,3.77215354095751,2.47978765346126,0.124352331606218,0.0729166666666667
9559304,11085,"24010016	parantu yakoob ka nij bhag unake saman naheen haai , kyonaki vah to sab ka srajanahar haai , aur israaael usake nij bhag ka gotra haai senaon ka yahova usaka nam haai .","24010016","parantu yakoob ka nij bhag unake saman naheen haai , kyonaki vah to sab ka srajanahar haai , aur israaael usake nij bhag ka gotra haai senaon ka yahova usaka nam haai .",NA,NA,NA,NA,NA,NA,NA,53,"hin_nfi_2.txt","Hindi","Hindi","hin",NA,NA,"written","non-fiction","religion","Latn",NA,"The New Testament in Hindi, latin transliteration. Text of the Parallel Bible Corpus: Mayer, Thomas & Michael Cysouw. 2014. Creating a Massively Parallel Bible Corpus. Proceedings of the International Conference on Language Resources and Evaluation (LREC), Reykjavik, 3158-3163.","https://www.wordproject.org/bibles/in_tr/index.htm",NA,NA,"whole","The first two digits of the identifier refer to the book, the next three digits to the chapter, and the last three digits to the verse. See Mayer & Cysouw (2014) for a list of book identifiers. Chapter 09027 is missing, because the source had this chapter only in Nagari.",168,3.69418084478801,2.43506453340214,0.130952380952381,0.0479041916167665
9587431,11102,"सिर्फ है कि आप बुराई को दूर.",NA,"सिर्फ है कि आप बुराई को दूर.",NA,NA,NA,NA,NA,NA,NA,53,"hin_nfi_35.txt","Hindi","Hindi","hin",NA,2010,"written","non-fiction","prepared_speeches","Deva",NA,"OpenSubtitles2018","https://object.pouta.csc.fi/OPUS-OpenSubtitles/v2018/raw/hi.zip","http://www.opensubtitles.org/","http://www.opensubtitles.org/ P. Lison and J. Tiedemann, 2016, OpenSubtitles2016: Extracting Large Parallel Corpora from Movie and TV Subtitles. In Proceedings of the 10th International Conference on Language Resources and Evaluation (LREC 2016)","whole",NA,28,3.94075983254009,2.8203848559416,0.678571428571429,0
9589824,11104,"एलन, आराम करो.",NA,"एलन, आराम करो.",NA,NA,NA,NA,NA,NA,NA,53,"hin_nfi_37.txt","Hindi","Hindi","hin",NA,2009,"written","non-fiction","prepared_speeches","Deva",NA,"OpenSubtitles2018","https://object.pouta.csc.fi/OPUS-OpenSubtitles/v2018/raw/hi.zip","http://www.opensubtitles.org/","http://www.opensubtitles.org/ P. Lison and J. Tiedemann, 2016, OpenSubtitles2016: Extracting Large Parallel Corpora from Movie and TV Subtitles. In Proceedings of the 10th International Conference on Language Resources and Evaluation (LREC 2016)","whole",NA,14,3.52164063634332,2.34927175546213,0.857142857142857,0
9630058,11140,"क्या हम अब शुरू करते हैं?",NA,"क्या हम अब शुरू करते हैं?",NA,NA,NA,NA,NA,NA,NA,53,"hin_nfi_7.txt","Hindi","Hindi","hin",NA,2017,"written","non-fiction","prepared_speeches","Deva",NA,"OpenSubtitles2018","https://object.pouta.csc.fi/OPUS-OpenSubtitles/v2018/raw/hi.zip","http://www.opensubtitles.org/","http://www.opensubtitles.org/ P. Lison and J. Tiedemann, 2016, OpenSubtitles2016: Extracting Large Parallel Corpora from Movie and TV Subtitles. In Proceedings of the 10th International Conference on Language Resources and Evaluation (LREC 2016)","whole",NA,25,3.93947057079725,2.76660705814823,0.72,0
9651097,11150,"19137006	Biarlah lidahku melekat pada langit-langit mulutku , jikalau aku tidak mengingatmu , dan jikalau aku tidak menjadikan Yerusalem pokok kegembiraanku .","19137006","Biarlah lidahku melekat pada langit-langit mulutku , jikalau aku tidak mengingatmu , dan jikalau aku tidak menjadikan Yerusalem pokok kegembiraanku .",NA,NA,NA,NA,NA,NA,NA,58,"ind_nfi_1.txt","Indonesian","Indonesian","ind",NA,2000,"written","non-fiction","religion","Latn",NA,"The Holy Bible in Indonesian. Text of the Parallel Bible Corpus: Mayer, Thomas & Michael Cysouw. 2014. Creating a Massively Parallel Bible Corpus. Proceedings of the International Conference on Language Resources and Evaluation (LREC), Reykjavik, 3158-3163.","http://www.bible.is/INZSHL/Gen/1<br>http://www.sabda.org/sejarah/sejarah/ver_kitab_suci_injil.htm","© Lembaga Alkitab Indonesia, Kitab Suci Injil 2007",NA,"whole","The first two digits of the identifier refer to the book, the next three digits to the chapter, and the last three digits to the verse. See Mayer & Cysouw (2014) for a list of book identifiers.",149,3.99532666938321,2.50416313844829,0.161073825503356,0.00675675675675676
9660198,11150,"42009026	Karena siapa malu terhadap Aku dan terhadap perkataan-Ku , Anak Manusia pun akan malu mengakui dia pada waktu Ia datang nanti dalam kemuliaan-Nya dan dalam kemuliaan Bapa-Nya serta dalam kemuliaan para malaikat-Nya yang suci .","42009026","Karena siapa malu terhadap Aku dan terhadap perkataan-Ku , Anak Manusia pun akan malu mengakui dia pada waktu Ia datang nanti dalam kemuliaan-Nya dan dalam kemuliaan Bapa-Nya serta dalam kemuliaan para malaikat-Nya yang suci .",NA,NA,NA,NA,NA,NA,NA,58,"ind_nfi_1.txt","Indonesian","Indonesian","ind",NA,2000,"written","non-fiction","religion","Latn",NA,"The Holy Bible in Indonesian. Text of the Parallel Bible Corpus: Mayer, Thomas & Michael Cysouw. 2014. Creating a Massively Parallel Bible Corpus. Proceedings of the International Conference on Language Resources and Evaluation (LREC), Reykjavik, 3158-3163.","http://www.bible.is/INZSHL/Gen/1<br>http://www.sabda.org/sejarah/sejarah/ver_kitab_suci_injil.htm","© Lembaga Alkitab Indonesia, Kitab Suci Injil 2007",NA,"whole","The first two digits of the identifier refer to the book, the next three digits to the chapter, and the last three digits to the verse. See Mayer & Cysouw (2014) for a list of book identifiers.",226,3.94173473881729,2.44677282957418,0.123893805309735,0.0177777777777778
9711051,11204,"Hanya seorang Ayah penyayang yang membagikan strategi main pada Putrinya.",NA,"Hanya seorang Ayah penyayang yang membagikan strategi main pada Putrinya.",NA,NA,NA,NA,NA,NA,NA,58,"ind_nfi_1047.txt","Indonesian","Indonesian","ind",NA,NA,"written","non-fiction","prepared_speeches","Latn",NA,"OpenSubtitles2018","https://object.pouta.csc.fi/OPUS-OpenSubtitles/v2018/raw/id.zip","http://www.opensubtitles.org/","http://www.opensubtitles.org/ P. Lison and J. Tiedemann, 2016, OpenSubtitles2016: Extracting Large Parallel Corpora from Movie and TV Subtitles. In Proceedings of the 10th International Conference on Language Resources and Evaluation (LREC 2016)","whole",NA,73,3.89918932727671,2.65772554780668,0.301369863013699,0
9718308,11211,"- Apa yang sedang terjadi?",NA,"- Apa yang sedang terjadi?",NA,NA,NA,NA,NA,NA,NA,58,"ind_nfi_1053.txt","Indonesian","Indonesian","ind",NA,2016,"written","non-fiction","prepared_speeches","Latn",NA,"OpenSubtitles2018","https://object.pouta.csc.fi/OPUS-OpenSubtitles/v2018/raw/id.zip","http://www.opensubtitles.org/","http://www.opensubtitles.org/ P. Lison and J. Tiedemann, 2016, OpenSubtitles2016: Extracting Large Parallel Corpora from Movie and TV Subtitles. In Proceedings of the 10th International Conference on Language Resources and Evaluation (LREC 2016)","whole",NA,26,3.77736279506417,2.54650306872293,0.615384615384615,0
9785882,11290,"Ini disebut sebagai Pemakaman Surgawi.",NA,"Ini disebut sebagai Pemakaman Surgawi.",NA,NA,NA,NA,NA,NA,NA,58,"ind_nfi_1124.txt","Indonesian","Indonesian","ind",NA,2016,"written","non-fiction","prepared_speeches","Latn",NA,"OpenSubtitles2018","https://object.pouta.csc.fi/OPUS-OpenSubtitles/v2018/raw/id.zip","http://www.opensubtitles.org/","http://www.opensubtitles.org/ P. Lison and J. Tiedemann, 2016, OpenSubtitles2016: Extracting Large Parallel Corpora from Movie and TV Subtitles. In Proceedings of the 10th International Conference on Language Resources and Evaluation (LREC 2016)","whole",NA,38,3.97780481590436,2.70348399533568,0.5,0
9806080,11312,"Aku telah melihat manusia baja (Man of Steel) dan ksatria dalam kegelapan (The Dark Knight) runtuh dan aku harus menylesaikan misiku bagaimanapun caranya.",NA,"Aku telah melihat manusia baja (Man of Steel) dan ksatria dalam kegelapan (The Dark Knight) runtuh dan aku harus menylesaikan misiku bagaimanapun caranya.",NA,NA,NA,NA,NA,NA,NA,58,"ind_nfi_1144.txt","Indonesian","Indonesian","ind",NA,2016,"written","non-fiction","prepared_speeches","Latn",NA,"OpenSubtitles2018","https://object.pouta.csc.fi/OPUS-OpenSubtitles/v2018/raw/id.zip","http://www.opensubtitles.org/","http://www.opensubtitles.org/ P. Lison and J. Tiedemann, 2016, OpenSubtitles2016: Extracting Large Parallel Corpora from Movie and TV Subtitles. In Proceedings of the 10th International Conference on Language Resources and Evaluation (LREC 2016)","whole",NA,154,4.21186463410412,2.95785867769063,0.201298701298701,0.0065359477124183
9808353,11315,"Subtitle by 100Malay Silakan duduk, semua.",NA,"Subtitle by 100Malay Silakan duduk, semua.",NA,NA,NA,NA,NA,NA,NA,58,"ind_nfi_1147.txt","Indonesian","Indonesian","ind",NA,2016,"written","non-fiction","prepared_speeches","Latn",NA,"OpenSubtitles2018","https://object.pouta.csc.fi/OPUS-OpenSubtitles/v2018/raw/id.zip","http://www.opensubtitles.org/","http://www.opensubtitles.org/ P. Lison and J. Tiedemann, 2016, OpenSubtitles2016: Extracting Large Parallel Corpora from Movie and TV Subtitles. In Proceedings of the 10th International Conference on Language Resources and Evaluation (LREC 2016)","whole",NA,42,4.10721817394454,2.80527714205067,0.476190476190476,0.024390243902439
9821585,11331,"Jadi siapapun yang mengambil jasadnya menghidupkannya kembali?",NA,"Jadi siapapun yang mengambil jasadnya menghidupkannya kembali?",NA,NA,NA,NA,NA,NA,NA,58,"ind_nfi_1161.txt","Indonesian","Indonesian","ind",NA,2016,"written","non-fiction","prepared_speeches","Latn",NA,"OpenSubtitles2018","https://object.pouta.csc.fi/OPUS-OpenSubtitles/v2018/raw/id.zip","http://www.opensubtitles.org/","http://www.opensubtitles.org/ P. Lison and J. Tiedemann, 2016, OpenSubtitles2016: Extracting Large Parallel Corpora from Movie and TV Subtitles. In Proceedings of the 10th International Conference on Language Resources and Evaluation (LREC 2016)","whole",NA,62,3.91227558056438,2.60517848184371,0.306451612903226,0.0163934426229508
9822967,11333,"Itu sangat manis.",NA,"Itu sangat manis.",NA,NA,NA,NA,NA,NA,NA,58,"ind_nfi_1163.txt","Indonesian","Indonesian","ind",NA,2016,"written","non-fiction","prepared_speeches","Latn",NA,"OpenSubtitles2018","https://object.pouta.csc.fi/OPUS-OpenSubtitles/v2018/raw/id.zip","http://www.opensubtitles.org/","http://www.opensubtitles.org/ P. Lison and J. Tiedemann, 2016, OpenSubtitles2016: Extracting Large Parallel Corpora from Movie and TV Subtitles. In Proceedings of the 10th International Conference on Language Resources and Evaluation (LREC 2016)","whole",NA,17,3.33717534112308,2.17596021650157,0.647058823529412,0
9869960,11393,"Pengasuhmu takkan menyelamatkanmu saat ini.",NA,"Pengasuhmu takkan menyelamatkanmu saat ini.",NA,NA,NA,NA,NA,NA,NA,58,"ind_nfi_1217.txt","Indonesian","Indonesian","ind",NA,2016,"written","non-fiction","prepared_speeches","Latn",NA,"OpenSubtitles2018","https://object.pouta.csc.fi/OPUS-OpenSubtitles/v2018/raw/id.zip","http://www.opensubtitles.org/","http://www.opensubtitles.org/ P. Lison and J. Tiedemann, 2016, OpenSubtitles2016: Extracting Large Parallel Corpora from Movie and TV Subtitles. In Proceedings of the 10th International Conference on Language Resources and Evaluation (LREC 2016)","whole",NA,43,3.6907021853279,2.47703988930713,0.372093023255814,0.0476190476190476
9874325,11398,"D-d-dia mau memakanku!",NA,"D-d-dia mau memakanku!",NA,NA,NA,NA,NA,NA,NA,58,"ind_nfi_1221.txt","Indonesian","Indonesian","ind",NA,2016,"written","non-fiction","prepared_speeches","Latn",NA,"OpenSubtitles2018","https://object.pouta.csc.fi/OPUS-OpenSubtitles/v2018/raw/id.zip","http://www.opensubtitles.org/","http://www.opensubtitles.org/ P. Lison and J. Tiedemann, 2016, OpenSubtitles2016: Extracting Large Parallel Corpora from Movie and TV Subtitles. In Proceedings of the 10th International Conference on Language Resources and Evaluation (LREC 2016)","whole",NA,22,3.42511855035714,2.29486353111774,0.545454545454545,0
9877608,11401,"Kau akan tahu dari berita kematianmu.",NA,"Kau akan tahu dari berita kematianmu.",NA,NA,NA,NA,NA,NA,NA,58,"ind_nfi_1224.txt","Indonesian","Indonesian","ind",NA,2016,"written","non-fiction","prepared_speeches","Latn",NA,"OpenSubtitles2018","https://object.pouta.csc.fi/OPUS-OpenSubtitles/v2018/raw/id.zip","http://www.opensubtitles.org/","http://www.opensubtitles.org/ P. Lison and J. Tiedemann, 2016, OpenSubtitles2016: Extracting Large Parallel Corpora from Movie and TV Subtitles. In Proceedings of the 10th International Conference on Language Resources and Evaluation (LREC 2016)","whole",NA,37,3.59122896073902,2.50536234133073,0.405405405405405,0
9877712,11402,"Mereka telah menangkap seorang desertir dari Night's Watch.",NA,"Mereka telah menangkap seorang desertir dari Night's Watch.",NA,NA,NA,NA,NA,NA,NA,58,"ind_nfi_1225.txt","Indonesian","Indonesian","ind",NA,2016,"written","non-fiction","prepared_speeches","Latn",NA,"OpenSubtitles2018","https://object.pouta.csc.fi/OPUS-OpenSubtitles/v2018/raw/id.zip","http://www.opensubtitles.org/","http://www.opensubtitles.org/ P. Lison and J. Tiedemann, 2016, OpenSubtitles2016: Extracting Large Parallel Corpora from Movie and TV Subtitles. In Proceedings of the 10th International Conference on Language Resources and Evaluation (LREC 2016)","whole",NA,59,4.08029506040483,2.88562190590477,0.372881355932203,0
9909298,11444,"Semoga akhir pekanmu menyenangkan, Pat./ Kau juga.",NA,"Semoga akhir pekanmu menyenangkan, Pat./ Kau juga.",NA,NA,NA,NA,NA,NA,NA,58,"ind_nfi_16.txt","Indonesian","Indonesian","ind",NA,2017,"written","non-fiction","prepared_speeches","Latn",NA,"OpenSubtitles2018","https://object.pouta.csc.fi/OPUS-OpenSubtitles/v2018/raw/id.zip","http://www.opensubtitles.org/","http://www.opensubtitles.org/ P. Lison and J. Tiedemann, 2016, OpenSubtitles2016: Extracting Large Parallel Corpora from Movie and TV Subtitles. In Proceedings of the 10th International Conference on Language Resources and Evaluation (LREC 2016)","whole",NA,50,4.04107688002637,2.8302068814617,0.44,0
9923643,11468,"Merekalah pembaca yang harus kita kejar.",NA,"Merekalah pembaca yang harus kita kejar.",NA,NA,NA,NA,NA,NA,NA,58,"ind_nfi_181.txt","Indonesian","Indonesian","ind",NA,NA,"written","non-fiction","prepared_speeches","Latn",NA,"OpenSubtitles2018","https://object.pouta.csc.fi/OPUS-OpenSubtitles/v2018/raw/id.zip","http://www.opensubtitles.org/","http://www.opensubtitles.org/ P. Lison and J. Tiedemann, 2016, OpenSubtitles2016: Extracting Large Parallel Corpora from Movie and TV Subtitles. In Proceedings of the 10th International Conference on Language Resources and Evaluation (LREC 2016)","whole",NA,40,3.94394270791827,2.86172786403789,0.525,0
9938798,11486,"Frou frou, kau selamat!",NA,"Frou frou, kau selamat!",NA,NA,NA,NA,NA,NA,NA,58,"ind_nfi_198.txt","Indonesian","Indonesian","ind",NA,2017,"written","non-fiction","prepared_speeches","Latn",NA,"OpenSubtitles2018","https://object.pouta.csc.fi/OPUS-OpenSubtitles/v2018/raw/id.zip","http://www.opensubtitles.org/","http://www.opensubtitles.org/ P. Lison and J. Tiedemann, 2016, OpenSubtitles2016: Extracting Large Parallel Corpora from Movie and TV Subtitles. In Proceedings of the 10th International Conference on Language Resources and Evaluation (LREC 2016)","whole",NA,23,3.72944619490526,2.53133461026851,0.652173913043478,0
9965881,11516,"Tapi kurasa kita semua bertengkar dengan orang tua kita, kan?",NA,"Tapi kurasa kita semua bertengkar dengan orang tua kita, kan?",NA,NA,NA,NA,NA,NA,NA,58,"ind_nfi_224.txt","Indonesian","Indonesian","ind",NA,2017,"written","non-fiction","prepared_speeches","Latn",NA,"OpenSubtitles2018","https://object.pouta.csc.fi/OPUS-OpenSubtitles/v2018/raw/id.zip","http://www.opensubtitles.org/","http://www.opensubtitles.org/ P. Lison and J. Tiedemann, 2016, OpenSubtitles2016: Extracting Large Parallel Corpora from Movie and TV Subtitles. In Proceedings of the 10th International Conference on Language Resources and Evaluation (LREC 2016)","whole",NA,61,3.79849116914723,2.51881141873166,0.311475409836066,0
9973530,11526,"Saat aku besar, aku akan jadi arsitek.",NA,"Saat aku besar, aku akan jadi arsitek.",NA,NA,NA,NA,NA,NA,NA,58,"ind_nfi_233.txt","Indonesian","Indonesian","ind",NA,2017,"written","non-fiction","prepared_speeches","Latn",NA,"OpenSubtitles2018","https://object.pouta.csc.fi/OPUS-OpenSubtitles/v2018/raw/id.zip","http://www.opensubtitles.org/","http://www.opensubtitles.org/ P. Lison and J. Tiedemann, 2016, OpenSubtitles2016: Extracting Large Parallel Corpora from Movie and TV Subtitles. In Proceedings of the 10th International Conference on Language Resources and Evaluation (LREC 2016)","whole",NA,38,3.56268803930391,2.45300058388319,0.421052631578947,0.027027027027027
9980112,11534,"Kau seperti penjelajah waktu.",NA,"Kau seperti penjelajah waktu.",NA,NA,NA,NA,NA,NA,NA,58,"ind_nfi_240.txt","Indonesian","Indonesian","ind",NA,2017,"written","non-fiction","prepared_speeches","Latn",NA,"OpenSubtitles2018","https://object.pouta.csc.fi/OPUS-OpenSubtitles/v2018/raw/id.zip","http://www.opensubtitles.org/","http://www.opensubtitles.org/ P. Lison and J. Tiedemann, 2016, OpenSubtitles2016: Extracting Large Parallel Corpora from Movie and TV Subtitles. In Proceedings of the 10th International Conference on Language Resources and Evaluation (LREC 2016)","whole",NA,29,3.86643315022538,2.66377275867845,0.586206896551724,0
10047921,11621,"Coba ke timur.",NA,"Coba ke timur.",NA,NA,NA,NA,NA,NA,NA,58,"ind_nfi_319.txt","Indonesian","Indonesian","ind",NA,2017,"written","non-fiction","prepared_speeches","Latn",NA,"OpenSubtitles2018","https://object.pouta.csc.fi/OPUS-OpenSubtitles/v2018/raw/id.zip","http://www.opensubtitles.org/","http://www.opensubtitles.org/ P. Lison and J. Tiedemann, 2016, OpenSubtitles2016: Extracting Large Parallel Corpora from Movie and TV Subtitles. In Proceedings of the 10th International Conference on Language Resources and Evaluation (LREC 2016)","whole",NA,14,3.66449777920046,2.48880356244815,0.928571428571429,0
10083103,11661,"Oh, Benjamin.",NA,"Oh, Benjamin.",NA,NA,NA,NA,NA,NA,NA,58,"ind_nfi_355.txt","Indonesian","Indonesian","ind",NA,2017,"written","non-fiction","prepared_speeches","Latn",NA,"OpenSubtitles2018","https://object.pouta.csc.fi/OPUS-OpenSubtitles/v2018/raw/id.zip","http://www.opensubtitles.org/","http://www.opensubtitles.org/ P. Lison and J. Tiedemann, 2016, OpenSubtitles2016: Extracting Large Parallel Corpora from Movie and TV Subtitles. In Proceedings of the 10th International Conference on Language Resources and Evaluation (LREC 2016)","whole",NA,13,3.54659356429494,2.36487797706584,0.923076923076923,0
10085337,11662,"Oke, kuambilkan.",NA,"Oke, kuambilkan.",NA,NA,NA,NA,NA,NA,NA,58,"ind_nfi_356.txt","Indonesian","Indonesian","ind",NA,2017,"written","non-fiction","prepared_speeches","Latn",NA,"OpenSubtitles2018","https://object.pouta.csc.fi/OPUS-OpenSubtitles/v2018/raw/id.zip","http://www.opensubtitles.org/","http://www.opensubtitles.org/ P. Lison and J. Tiedemann, 2016, OpenSubtitles2016: Extracting Large Parallel Corpora from Movie and TV Subtitles. In Proceedings of the 10th International Conference on Language Resources and Evaluation (LREC 2016)","whole",NA,16,3.57781953111478,2.45023511871392,0.8125,0
10086120,11663,"[ BERNYANYI ] ♪♫♪ All I wanna do in the middle of the evening is hold you tight ♪♫♪ [ Yang ingin kulakukan di tengah malam hari adalah memelukmu erat-erat ]",NA,"[ BERNYANYI ] ♪♫♪ All I wanna do in the middle of the evening is hold you tight ♪♫♪ [ Yang ingin kulakukan di tengah malam hari adalah memelukmu erat-erat ]",NA,NA,NA,NA,NA,NA,NA,58,"ind_nfi_357.txt","Indonesian","Indonesian","ind",NA,2017,"written","non-fiction","prepared_speeches","Latn",NA,"OpenSubtitles2018","https://object.pouta.csc.fi/OPUS-OpenSubtitles/v2018/raw/id.zip","http://www.opensubtitles.org/","http://www.opensubtitles.org/ P. Lison and J. Tiedemann, 2016, OpenSubtitles2016: Extracting Large Parallel Corpora from Movie and TV Subtitles. In Proceedings of the 10th International Conference on Language Resources and Evaluation (LREC 2016)","whole",NA,156,4.34611280502602,2.9835287992472,0.205128205128205,0.0193548387096774
10105698,11693,"Di sanalah kita selalu temukan cara dan keinginan untuk berjuang.",NA,"Di sanalah kita selalu temukan cara dan keinginan untuk berjuang.",NA,NA,NA,NA,NA,NA,NA,58,"ind_nfi_384.txt","Indonesian","Indonesian","ind",NA,2017,"written","non-fiction","prepared_speeches","Latn",NA,"OpenSubtitles2018","https://object.pouta.csc.fi/OPUS-OpenSubtitles/v2018/raw/id.zip","http://www.opensubtitles.org/","http://www.opensubtitles.org/ P. Lison and J. Tiedemann, 2016, OpenSubtitles2016: Extracting Large Parallel Corpora from Movie and TV Subtitles. In Proceedings of the 10th International Conference on Language Resources and Evaluation (LREC 2016)","whole",NA,65,3.84232953153992,2.68594862552728,0.307692307692308,0
10182648,11787,"Jangan pernah menyentuhku lagi.",NA,"Jangan pernah menyentuhku lagi.",NA,NA,NA,NA,NA,NA,NA,58,"ind_nfi_469.txt","Indonesian","Indonesian","ind",NA,2016,"written","non-fiction","prepared_speeches","Latn",NA,"OpenSubtitles2018","https://object.pouta.csc.fi/OPUS-OpenSubtitles/v2018/raw/id.zip","http://www.opensubtitles.org/","http://www.opensubtitles.org/ P. Lison and J. Tiedemann, 2016, OpenSubtitles2016: Extracting Large Parallel Corpora from Movie and TV Subtitles. In Proceedings of the 10th International Conference on Language Resources and Evaluation (LREC 2016)","whole",NA,31,3.82131194010417,2.69657134786311,0.548387096774194,0
10220487,11826,"Hei, tolong minggir!",NA,"Hei, tolong minggir!",NA,NA,NA,NA,NA,NA,NA,58,"ind_nfi_503.txt","Indonesian","Indonesian","ind",NA,2016,"written","non-fiction","prepared_speeches","Latn",NA,"OpenSubtitles2018","https://object.pouta.csc.fi/OPUS-OpenSubtitles/v2018/raw/id.zip","http://www.opensubtitles.org/","http://www.opensubtitles.org/ P. Lison and J. Tiedemann, 2016, OpenSubtitles2016: Extracting Large Parallel Corpora from Movie and TV Subtitles. In Proceedings of the 10th International Conference on Language Resources and Evaluation (LREC 2016)","whole",NA,20,3.54643934467102,2.35314875285218,0.65,0.0526315789473684
10228050,11833,"Tee, kau melihatnya?",NA,"Tee, kau melihatnya?",NA,NA,NA,NA,NA,NA,NA,58,"ind_nfi_51.txt","Indonesian","Indonesian","ind",NA,2017,"written","non-fiction","prepared_speeches","Latn",NA,"OpenSubtitles2018","https://object.pouta.csc.fi/OPUS-OpenSubtitles/v2018/raw/id.zip","http://www.opensubtitles.org/","http://www.opensubtitles.org/ P. Lison and J. Tiedemann, 2016, OpenSubtitles2016: Extracting Large Parallel Corpora from Movie and TV Subtitles. In Proceedings of the 10th International Conference on Language Resources and Evaluation (LREC 2016)","whole",NA,20,3.74643934467102,2.64464076529899,0.75,0.0526315789473684
10228464,11834,"- Keluarkan dia dari sini!",NA,"- Keluarkan dia dari sini!",NA,NA,NA,NA,NA,NA,NA,58,"ind_nfi_510.txt","Indonesian","Indonesian","ind",NA,2016,"written","non-fiction","prepared_speeches","Latn",NA,"OpenSubtitles2018","https://object.pouta.csc.fi/OPUS-OpenSubtitles/v2018/raw/id.zip","http://www.opensubtitles.org/","http://www.opensubtitles.org/ P. Lison and J. Tiedemann, 2016, OpenSubtitles2016: Extracting Large Parallel Corpora from Movie and TV Subtitles. In Proceedings of the 10th International Conference on Language Resources and Evaluation (LREC 2016)","whole",NA,26,3.54659356429494,2.38951683862781,0.538461538461538,0
10230669,11838,"Dokter, menurut pendapatmu bisakah putra kami menjalani hidup normal?",NA,"Dokter, menurut pendapatmu bisakah putra kami menjalani hidup normal?",NA,NA,NA,NA,NA,NA,NA,58,"ind_nfi_514.txt","Indonesian","Indonesian","ind",NA,2016,"written","non-fiction","prepared_speeches","Latn",NA,"OpenSubtitles2018","https://object.pouta.csc.fi/OPUS-OpenSubtitles/v2018/raw/id.zip","http://www.opensubtitles.org/","http://www.opensubtitles.org/ P. Lison and J. Tiedemann, 2016, OpenSubtitles2016: Extracting Large Parallel Corpora from Movie and TV Subtitles. In Proceedings of the 10th International Conference on Language Resources and Evaluation (LREC 2016)","whole",NA,69,4.07789932723535,2.77692632301546,0.304347826086957,0
10359976,11983,"Pada akhirnya yang kami lakukan ?",NA,"Pada akhirnya yang kami lakukan ?",NA,NA,NA,NA,NA,NA,NA,58,"ind_nfi_645.txt","Indonesian","Indonesian","ind",NA,2016,"written","non-fiction","prepared_speeches","Latn",NA,"OpenSubtitles2018","https://object.pouta.csc.fi/OPUS-OpenSubtitles/v2018/raw/id.zip","http://www.opensubtitles.org/","http://www.opensubtitles.org/ P. Lison and J. Tiedemann, 2016, OpenSubtitles2016: Extracting Large Parallel Corpora from Movie and TV Subtitles. In Proceedings of the 10th International Conference on Language Resources and Evaluation (LREC 2016)","whole",NA,33,3.45759024127966,2.46553886589093,0.454545454545455,0
10400130,12030,"Kenapa sekretarisnya berhenti?",NA,"Kenapa sekretarisnya berhenti?",NA,NA,NA,NA,NA,NA,NA,58,"ind_nfi_688.txt","Indonesian","Indonesian","ind",NA,2016,"written","non-fiction","prepared_speeches","Latn",NA,"OpenSubtitles2018","https://object.pouta.csc.fi/OPUS-OpenSubtitles/v2018/raw/id.zip","http://www.opensubtitles.org/","http://www.opensubtitles.org/ P. Lison and J. Tiedemann, 2016, OpenSubtitles2016: Extracting Large Parallel Corpora from Movie and TV Subtitles. In Proceedings of the 10th International Conference on Language Resources and Evaluation (LREC 2016)","whole",NA,30,3.66957674631639,2.50259603785155,0.5,0
10413288,12046,"Serius, aku masih minum obat.",NA,"Serius, aku masih minum obat.",NA,NA,NA,NA,NA,NA,NA,58,"ind_nfi_701.txt","Indonesian","Indonesian","ind",NA,2016,"written","non-fiction","prepared_speeches","Latn",NA,"OpenSubtitles2018","https://object.pouta.csc.fi/OPUS-OpenSubtitles/v2018/raw/id.zip","http://www.opensubtitles.org/","http://www.opensubtitles.org/ P. Lison and J. Tiedemann, 2016, OpenSubtitles2016: Extracting Large Parallel Corpora from Movie and TV Subtitles. In Proceedings of the 10th International Conference on Language Resources and Evaluation (LREC 2016)","whole",NA,29,3.85730685689813,2.66195025289435,0.586206896551724,0
10472498,12108,"Bagaimana keadaanmu?",NA,"Bagaimana keadaanmu?",NA,NA,NA,NA,NA,NA,NA,58,"ind_nfi_758.txt","Indonesian","Indonesian","ind",NA,2016,"written","non-fiction","prepared_speeches","Latn",NA,"OpenSubtitles2018","https://object.pouta.csc.fi/OPUS-OpenSubtitles/v2018/raw/id.zip","http://www.opensubtitles.org/","http://www.opensubtitles.org/ P. Lison and J. Tiedemann, 2016, OpenSubtitles2016: Extracting Large Parallel Corpora from Movie and TV Subtitles. In Proceedings of the 10th International Conference on Language Resources and Evaluation (LREC 2016)","whole",NA,20,3.1393538721672,2.32448591071342,0.6,0.0526315789473684
10486761,12120,"Di mana kode satelit itu?",NA,"Di mana kode satelit itu?",NA,NA,NA,NA,NA,NA,NA,58,"ind_nfi_769.txt","Indonesian","Indonesian","ind",NA,2016,"written","non-fiction","prepared_speeches","Latn",NA,"OpenSubtitles2018","https://object.pouta.csc.fi/OPUS-OpenSubtitles/v2018/raw/id.zip","http://www.opensubtitles.org/","http://www.opensubtitles.org/ P. Lison and J. Tiedemann, 2016, OpenSubtitles2016: Extracting Large Parallel Corpora from Movie and TV Subtitles. In Proceedings of the 10th International Conference on Language Resources and Evaluation (LREC 2016)","whole",NA,25,3.67326968951511,2.52858470657353,0.6,0
10510830,12143,"Aku akan frustasi jika menjadi insinyur dan mungkin aku akan mengutuk Ayah karena memberiku kehidupan!",NA,"Aku akan frustasi jika menjadi insinyur dan mungkin aku akan mengutuk Ayah karena memberiku kehidupan!",NA,NA,NA,NA,NA,NA,NA,58,"ind_nfi_79.txt","Indonesian","Indonesian","ind",NA,2017,"written","non-fiction","prepared_speeches","Latn",NA,"OpenSubtitles2018","https://object.pouta.csc.fi/OPUS-OpenSubtitles/v2018/raw/id.zip","http://www.opensubtitles.org/","http://www.opensubtitles.org/ P. Lison and J. Tiedemann, 2016, OpenSubtitles2016: Extracting Large Parallel Corpora from Movie and TV Subtitles. In Proceedings of the 10th International Conference on Language Resources and Evaluation (LREC 2016)","whole",NA,102,3.90928583712251,2.63458369391689,0.205882352941176,0
10559454,12198,"Aku pergi dari pintu itu dan tak pernah kembali.",NA,"Aku pergi dari pintu itu dan tak pernah kembali.",NA,NA,NA,NA,NA,NA,NA,58,"ind_nfi_839.txt","Indonesian","Indonesian","ind",NA,2016,"written","non-fiction","prepared_speeches","Latn",NA,"OpenSubtitles2018","https://object.pouta.csc.fi/OPUS-OpenSubtitles/v2018/raw/id.zip","http://www.opensubtitles.org/","http://www.opensubtitles.org/ P. Lison and J. Tiedemann, 2016, OpenSubtitles2016: Extracting Large Parallel Corpora from Movie and TV Subtitles. In Proceedings of the 10th International Conference on Language Resources and Evaluation (LREC 2016)","whole",NA,48,3.86613972022078,2.55405775852234,0.375,0
10588789,12229,"Biarkan aku bertanya satu hal.",NA,"Biarkan aku bertanya satu hal.",NA,NA,NA,NA,NA,NA,NA,58,"ind_nfi_867.txt","Indonesian","Indonesian","ind",NA,2016,"written","non-fiction","prepared_speeches","Latn",NA,"OpenSubtitles2018","https://object.pouta.csc.fi/OPUS-OpenSubtitles/v2018/raw/id.zip","http://www.opensubtitles.org/","http://www.opensubtitles.org/ P. Lison and J. Tiedemann, 2016, OpenSubtitles2016: Extracting Large Parallel Corpora from Movie and TV Subtitles. In Proceedings of the 10th International Conference on Language Resources and Evaluation (LREC 2016)","whole",NA,30,3.65184111379508,2.59512029444079,0.533333333333333,0
10640997,12286,"Joe akan menjadi orang tua angkat hingga kau mengadopsi anaknya, yang bisa kau lakukan setelah Joe mendapat kepemilikan.",NA,"Joe akan menjadi orang tua angkat hingga kau mengadopsi anaknya, yang bisa kau lakukan setelah Joe mendapat kepemilikan.",NA,NA,NA,NA,NA,NA,NA,58,"ind_nfi_918.txt","Indonesian","Indonesian","ind",NA,2016,"written","non-fiction","prepared_speeches","Latn",NA,"OpenSubtitles2018","https://object.pouta.csc.fi/OPUS-OpenSubtitles/v2018/raw/id.zip","http://www.opensubtitles.org/","http://www.opensubtitles.org/ P. Lison and J. Tiedemann, 2016, OpenSubtitles2016: Extracting Large Parallel Corpora from Movie and TV Subtitles. In Proceedings of the 10th International Conference on Language Resources and Evaluation (LREC 2016)","whole",NA,120,3.94262672924852,2.67992739521163,0.191666666666667,0.00840336134453781
10672654,12324,"Kerjamu bagus hari ini.",NA,"Kerjamu bagus hari ini.",NA,NA,NA,NA,NA,NA,NA,58,"ind_nfi_952.txt","Indonesian","Indonesian","ind",NA,2016,"written","non-fiction","prepared_speeches","Latn",NA,"OpenSubtitles2018","https://object.pouta.csc.fi/OPUS-OpenSubtitles/v2018/raw/id.zip","http://www.opensubtitles.org/","http://www.opensubtitles.org/ P. Lison and J. Tiedemann, 2016, OpenSubtitles2016: Extracting Large Parallel Corpora from Movie and TV Subtitles. In Proceedings of the 10th International Conference on Language Resources and Evaluation (LREC 2016)","whole",NA,23,3.72944619490526,2.54509552719291,0.652173913043478,0
10689993,12343,"Kau mendedikasikan hidupmu untuk belajar cara mengecilkan dirimu ke ukuran atom, dan aku menghabiskan belajar rahasia speedforce.",NA,"Kau mendedikasikan hidupmu untuk belajar cara mengecilkan dirimu ke ukuran atom, dan aku menghabiskan belajar rahasia speedforce.",NA,NA,NA,NA,NA,NA,NA,58,"ind_nfi_97.txt","Indonesian","Indonesian","ind",NA,2017,"written","non-fiction","prepared_speeches","Latn",NA,"OpenSubtitles2018","https://object.pouta.csc.fi/OPUS-OpenSubtitles/v2018/raw/id.zip","http://www.opensubtitles.org/","http://www.opensubtitles.org/ P. Lison and J. Tiedemann, 2016, OpenSubtitles2016: Extracting Large Parallel Corpora from Movie and TV Subtitles. In Proceedings of the 10th International Conference on Language Resources and Evaluation (LREC 2016)","whole",NA,129,4.10026907667821,2.67504124167885,0.186046511627907,0.0078125
10722683,12377,"49005006	Machojab mac chexak'ni subchaho yu tzoti' caw sucal yehi . Yuton sunil huntek'an machiswalil tu' , yuxinto chitit ishowal Comam Dios yiban̈ anma mach chiyijen tzet chala .","49005006","Machojab mac chexak'ni subchaho yu tzoti' caw sucal yehi . Yuton sunil huntek'an machiswalil tu' , yuxinto chitit ishowal Comam Dios yiban̈ anma mach chiyijen tzet chala .",NA,NA,NA,NA,NA,NA,NA,60,"jac_nfi_1.txt","Jakaltek","Popti'","jac",NA,1997,"written","non-fiction","religion","Latn",NA,"The New Testament in Eastern Jacalteco. Text of the Parallel Bible Corpus: Mayer, Thomas & Michael Cysouw. 2014. Creating a Massively Parallel Bible Corpus. Proceedings of the International Conference on Language Resources and Evaluation (LREC), Reykjavik, 3158-3163.","http://www.bible.is/JACWBT/Matt/1","© Wycliffe Bible Translators1997",NA,"whole","The first two digits of the identifier refer to the book, the next three digits to the chapter, and the last three digits to the verse. See Mayer & Cysouw (2014) for a list of book identifiers.",171,4.23174803398016,2.86422965302628,0.16374269005848,0
10746560,12402,"「じゃあ、みなさん、さようなら。",NA,"「じゃあ、みなさん、さようなら。",NA,NA,NA,NA,NA,NA,NA,61,"jpn_fic_9.txt","Japanese","Japanese","jpn",NA,2010,"written","fiction","general_fiction","Jpan",NA,"E. Phillips Oppenheim, Irekawatta Otoko","http://www.gutenberg.org/files/34158/34158-h/34158-h.htm","http://www.gutenberg.org","http://www.gutenberg.org","part",NA,16,3.625,2.43473644700572,0.8125,0
10748170,12404,"この先 どうしようもなく 誰かを好きになることはできない",NA,"この先 どうしようもなく 誰かを好きになることはできない",NA,NA,NA,NA,NA,NA,NA,62,"jpn_nfi_10.txt","Japanese","Japanese","jpn",NA,NA,"written","non-fiction","prepared_speeches","Jpan",NA,"OpenSubtitles2018","https://object.pouta.csc.fi/OPUS-OpenSubtitles/v2018/raw/ja.zip","http://www.opensubtitles.org/","http://www.opensubtitles.org/ P. Lison and J. Tiedemann, 2016, OpenSubtitles2016: Extracting Large Parallel Corpora from Movie and TV Subtitles. In Proceedings of the 10th International Conference on Language Resources and Evaluation (LREC 2016)","whole",NA,28,4.35182322555177,3.04966678301896,0.785714285714286,0
10785637,12458,"今まで聞いてきた あなたの間違い",NA,"今まで聞いてきた あなたの間違い",NA,NA,NA,NA,NA,NA,NA,62,"jpn_nfi_11.txt","Japanese","Japanese","jpn",NA,2017,"written","non-fiction","prepared_speeches","Jpan",NA,"OpenSubtitles2018","https://object.pouta.csc.fi/OPUS-OpenSubtitles/v2018/raw/ja.zip","http://www.opensubtitles.org/","http://www.opensubtitles.org/ P. Lison and J. Tiedemann, 2016, OpenSubtitles2016: Extracting Large Parallel Corpora from Movie and TV Subtitles. In Proceedings of the 10th International Conference on Language Resources and Evaluation (LREC 2016)","whole",NA,16,3.75,2.52860370122013,0.875,0
10806442,12479,"卒業のこととかって 考えんの？",NA,"卒業のこととかって 考えんの？",NA,NA,NA,NA,NA,NA,NA,62,"jpn_nfi_129.txt","Japanese","Japanese","jpn",NA,2016,"written","non-fiction","prepared_speeches","Jpan",NA,"OpenSubtitles2018","https://object.pouta.csc.fi/OPUS-OpenSubtitles/v2018/raw/ja.zip","http://www.opensubtitles.org/","http://www.opensubtitles.org/ P. Lison and J. Tiedemann, 2016, OpenSubtitles2016: Extracting Large Parallel Corpora from Movie and TV Subtitles. In Proceedings of the 10th International Conference on Language Resources and Evaluation (LREC 2016)","whole",NA,15,3.64022392894185,2.47026545056622,0.866666666666667,0.0714285714285714
10837244,12517,"手で投げればいいのに変な奴だなぁ",NA,"手で投げればいいのに変な奴だなぁ",NA,NA,NA,NA,NA,NA,NA,62,"jpn_nfi_163.txt","Japanese","Japanese","jpn",NA,2016,"written","non-fiction","prepared_speeches","Jpan",NA,"OpenSubtitles2018","https://object.pouta.csc.fi/OPUS-OpenSubtitles/v2018/raw/ja.zip","http://www.opensubtitles.org/","http://www.opensubtitles.org/ P. Lison and J. Tiedemann, 2016, OpenSubtitles2016: Extracting Large Parallel Corpora from Movie and TV Subtitles. In Proceedings of the 10th International Conference on Language Resources and Evaluation (LREC 2016)","whole",NA,16,3.75,2.5497934482549,0.875,0.0666666666666667
10848671,12530,"固定観念は捨てなさい フレイア",NA,"固定観念は捨てなさい フレイア",NA,NA,NA,NA,NA,NA,NA,62,"jpn_nfi_175.txt","Japanese","Japanese","jpn",NA,2016,"written","non-fiction","prepared_speeches","Jpan",NA,"OpenSubtitles2018","https://object.pouta.csc.fi/OPUS-OpenSubtitles/v2018/raw/ja.zip","http://www.opensubtitles.org/","http://www.opensubtitles.org/ P. Lison and J. Tiedemann, 2016, OpenSubtitles2016: Extracting Large Parallel Corpora from Movie and TV Subtitles. In Proceedings of the 10th International Conference on Language Resources and Evaluation (LREC 2016)","whole",NA,15,3.90689059560852,2.68334269799217,1,0
10856345,12538,"And the fakers gonna fake, 嘘つき達はウソをつき続けるし",NA,"And the fakers gonna fake, 嘘つき達はウソをつき続けるし",NA,NA,NA,NA,NA,NA,NA,62,"jpn_nfi_182.txt","Japanese","Japanese","jpn",NA,2016,"written","non-fiction","prepared_speeches","Jpan",NA,"OpenSubtitles2018","https://object.pouta.csc.fi/OPUS-OpenSubtitles/v2018/raw/ja.zip","http://www.opensubtitles.org/","http://www.opensubtitles.org/ P. Lison and J. Tiedemann, 2016, OpenSubtitles2016: Extracting Large Parallel Corpora from Movie and TV Subtitles. In Proceedings of the 10th International Conference on Language Resources and Evaluation (LREC 2016)","whole",NA,41,4.53134949288815,3.13348626417685,0.658536585365854,0.025
10862616,12546,"からからに乾燥したカシの木で 建造された船だから",NA,"からからに乾燥したカシの木で 建造された船だから",NA,NA,NA,NA,NA,NA,NA,62,"jpn_nfi_19.txt","Japanese","Japanese","jpn",NA,2017,"written","non-fiction","prepared_speeches","Jpan",NA,"OpenSubtitles2018","https://object.pouta.csc.fi/OPUS-OpenSubtitles/v2018/raw/ja.zip","http://www.opensubtitles.org/","http://www.opensubtitles.org/ P. Lison and J. Tiedemann, 2016, OpenSubtitles2016: Extracting Large Parallel Corpora from Movie and TV Subtitles. In Proceedings of the 10th International Conference on Language Resources and Evaluation (LREC 2016)","whole",NA,24,4.10538854220753,2.89632760347684,0.791666666666667,0
10865565,12550,"あなたたちはただ発展と資本の中で 生きているのではない",NA,"あなたたちはただ発展と資本の中で 生きているのではない",NA,NA,NA,NA,NA,NA,NA,62,"jpn_nfi_193.txt","Japanese","Japanese","jpn",NA,2016,"written","non-fiction","prepared_speeches","Jpan",NA,"OpenSubtitles2018","https://object.pouta.csc.fi/OPUS-OpenSubtitles/v2018/raw/ja.zip","http://www.opensubtitles.org/","http://www.opensubtitles.org/ P. Lison and J. Tiedemann, 2016, OpenSubtitles2016: Extracting Large Parallel Corpora from Movie and TV Subtitles. In Proceedings of the 10th International Conference on Language Resources and Evaluation (LREC 2016)","whole",NA,27,4.20841018726852,2.93071516424897,0.740740740740741,0.0384615384615385
10916923,12616,"{cH00ffff}そうでしょお　母さん？",NA,"{cH00ffff}そうでしょお　母さん？",NA,NA,NA,NA,NA,NA,NA,62,"jpn_nfi_252.txt","Japanese","Japanese","jpn",NA,2015,"written","non-fiction","prepared_speeches","Jpan",NA,"OpenSubtitles2018","https://object.pouta.csc.fi/OPUS-OpenSubtitles/v2018/raw/ja.zip","http://www.opensubtitles.org/","http://www.opensubtitles.org/ P. Lison and J. Tiedemann, 2016, OpenSubtitles2016: Extracting Large Parallel Corpora from Movie and TV Subtitles. In Proceedings of the 10th International Conference on Language Resources and Evaluation (LREC 2016)","whole",NA,21,3.91612694658828,2.82476653973768,0.80952380952381,0.2
10917791,12617,"でも 周りは 神のような力を",NA,"でも 周りは 神のような力を",NA,NA,NA,NA,NA,NA,NA,62,"jpn_nfi_253.txt","Japanese","Japanese","jpn",NA,2015,"written","non-fiction","prepared_speeches","Jpan",NA,"OpenSubtitles2018","https://object.pouta.csc.fi/OPUS-OpenSubtitles/v2018/raw/ja.zip","http://www.opensubtitles.org/","http://www.opensubtitles.org/ P. Lison and J. Tiedemann, 2016, OpenSubtitles2016: Extracting Large Parallel Corpora from Movie and TV Subtitles. In Proceedings of the 10th International Conference on Language Resources and Evaluation (LREC 2016)","whole",NA,14,3.66449777920046,2.49568374380324,0.928571428571429,0
10972021,12694,"まあ それが幻覚の強度を増したんでしょう",NA,"まあ それが幻覚の強度を増したんでしょう",NA,NA,NA,NA,NA,NA,NA,62,"jpn_nfi_322.txt","Japanese","Japanese","jpn",NA,2015,"written","non-fiction","prepared_speeches","Jpan",NA,"OpenSubtitles2018","https://object.pouta.csc.fi/OPUS-OpenSubtitles/v2018/raw/ja.zip","http://www.opensubtitles.org/","http://www.opensubtitles.org/ P. Lison and J. Tiedemann, 2016, OpenSubtitles2016: Extracting Large Parallel Corpora from Movie and TV Subtitles. In Proceedings of the 10th International Conference on Language Resources and Evaluation (LREC 2016)","whole",NA,20,4.22192809488736,2.94962107100925,0.95,0
10977622,12699,"""バルジャー 1975年からFBI密告者""",NA,"""バルジャー 1975年からFBI密告者""",NA,NA,NA,NA,NA,NA,NA,62,"jpn_nfi_327.txt","Japanese","Japanese","jpn",NA,2015,"written","non-fiction","prepared_speeches","Jpan",NA,"OpenSubtitles2018","https://object.pouta.csc.fi/OPUS-OpenSubtitles/v2018/raw/ja.zip","http://www.opensubtitles.org/","http://www.opensubtitles.org/ P. Lison and J. Tiedemann, 2016, OpenSubtitles2016: Extracting Large Parallel Corpora from Movie and TV Subtitles. In Proceedings of the 10th International Conference on Language Resources and Evaluation (LREC 2016)","whole",NA,21,4.29707932754066,3.01302583963312,0.952380952380952,0
11016159,12747,"そして 他の誰も聞くことができない 必要がないからだ...",NA,"そして 他の誰も聞くことができない 必要がないからだ...",NA,NA,NA,NA,NA,NA,NA,62,"jpn_nfi_370.txt","Japanese","Japanese","jpn",NA,2015,"written","non-fiction","prepared_speeches","Jpan",NA,"OpenSubtitles2018","https://object.pouta.csc.fi/OPUS-OpenSubtitles/v2018/raw/ja.zip","http://www.opensubtitles.org/","http://www.opensubtitles.org/ P. Lison and J. Tiedemann, 2016, OpenSubtitles2016: Extracting Large Parallel Corpora from Movie and TV Subtitles. In Proceedings of the 10th International Conference on Language Resources and Evaluation (LREC 2016)","whole",NA,29,4.41815728815642,3.05012593742098,0.793103448275862,0.0714285714285714
11055348,12795,"テストの為に採血させて",NA,"テストの為に採血させて",NA,NA,NA,NA,NA,NA,NA,62,"jpn_nfi_413.txt","Japanese","Japanese","jpn",NA,2015,"written","non-fiction","prepared_speeches","Jpan",NA,"OpenSubtitles2018","https://object.pouta.csc.fi/OPUS-OpenSubtitles/v2018/raw/ja.zip","http://www.opensubtitles.org/","http://www.opensubtitles.org/ P. Lison and J. Tiedemann, 2016, OpenSubtitles2016: Extracting Large Parallel Corpora from Movie and TV Subtitles. In Proceedings of the 10th International Conference on Language Resources and Evaluation (LREC 2016)","whole",NA,11,3.4594316186373,2.29549933939584,1,0
11061087,12799,"うっそー [アバ　グレイテストヒット]",NA,"うっそー [アバ　グレイテストヒット]",NA,NA,NA,NA,NA,NA,NA,62,"jpn_nfi_417.txt","Japanese","Japanese","jpn",NA,2015,"written","non-fiction","prepared_speeches","Jpan",NA,"OpenSubtitles2018","https://object.pouta.csc.fi/OPUS-OpenSubtitles/v2018/raw/ja.zip","http://www.opensubtitles.org/","http://www.opensubtitles.org/ P. Lison and J. Tiedemann, 2016, OpenSubtitles2016: Extracting Large Parallel Corpora from Movie and TV Subtitles. In Proceedings of the 10th International Conference on Language Resources and Evaluation (LREC 2016)","whole",NA,19,4.14266435554885,2.87739438554198,0.947368421052632,0
11156022,12910,"我々の魂のように　彼らは生物です",NA,"我々の魂のように　彼らは生物です",NA,NA,NA,NA,NA,NA,NA,62,"jpn_nfi_517.txt","Japanese","Japanese","jpn",NA,2014,"written","non-fiction","prepared_speeches","Jpan",NA,"OpenSubtitles2018","https://object.pouta.csc.fi/OPUS-OpenSubtitles/v2018/raw/ja.zip","http://www.opensubtitles.org/","http://www.opensubtitles.org/ P. Lison and J. Tiedemann, 2016, OpenSubtitles2016: Extracting Large Parallel Corpora from Movie and TV Subtitles. In Proceedings of the 10th International Conference on Language Resources and Evaluation (LREC 2016)","whole",NA,16,3.875,2.69307352640243,0.9375,0
11230808,13003,"彼らは狡猾で好戦的な民族だ",NA,"彼らは狡猾で好戦的な民族だ",NA,NA,NA,NA,NA,NA,NA,62,"jpn_nfi_600.txt","Japanese","Japanese","jpn",NA,2014,"written","non-fiction","prepared_speeches","Jpan",NA,"OpenSubtitles2018","https://object.pouta.csc.fi/OPUS-OpenSubtitles/v2018/raw/ja.zip","http://www.opensubtitles.org/","http://www.opensubtitles.org/ P. Lison and J. Tiedemann, 2016, OpenSubtitles2016: Extracting Large Parallel Corpora from Movie and TV Subtitles. In Proceedings of the 10th International Conference on Language Resources and Evaluation (LREC 2016)","whole",NA,13,3.70043971814109,2.5027611501705,1,0
11290417,13080,"トレイシー・ブッカー　8歳",NA,"トレイシー・ブッカー　8歳",NA,NA,NA,NA,NA,NA,NA,62,"jpn_nfi_670.txt","Japanese","Japanese","jpn",NA,2014,"written","non-fiction","prepared_speeches","Jpan",NA,"OpenSubtitles2018","https://object.pouta.csc.fi/OPUS-OpenSubtitles/v2018/raw/ja.zip","http://www.opensubtitles.org/","http://www.opensubtitles.org/ P. Lison and J. Tiedemann, 2016, OpenSubtitles2016: Extracting Large Parallel Corpora from Movie and TV Subtitles. In Proceedings of the 10th International Conference on Language Resources and Evaluation (LREC 2016)","whole",NA,13,3.54659356429494,2.37499468498252,0.923076923076923,0
11308961,13103,"マーティ！ ジェイコブ！ 何だ？",NA,"マーティ！ ジェイコブ！ 何だ？",NA,NA,NA,NA,NA,NA,NA,62,"jpn_nfi_691.txt","Japanese","Japanese","jpn",NA,2014,"written","non-fiction","prepared_speeches","Jpan",NA,"OpenSubtitles2018","https://object.pouta.csc.fi/OPUS-OpenSubtitles/v2018/raw/ja.zip","http://www.opensubtitles.org/","http://www.opensubtitles.org/ P. Lison and J. Tiedemann, 2016, OpenSubtitles2016: Extracting Large Parallel Corpora from Movie and TV Subtitles. In Proceedings of the 10th International Conference on Language Resources and Evaluation (LREC 2016)","whole",NA,16,3.75,2.50062160064571,0.875,0
11425919,13247,"ああ、すっかり忘れてた",NA,"ああ、すっかり忘れてた",NA,NA,NA,NA,NA,NA,NA,62,"jpn_nfi_820.txt","Japanese","Japanese","jpn",NA,2013,"written","non-fiction","prepared_speeches","Jpan",NA,"OpenSubtitles2018","https://object.pouta.csc.fi/OPUS-OpenSubtitles/v2018/raw/ja.zip","http://www.opensubtitles.org/","http://www.opensubtitles.org/ P. Lison and J. Tiedemann, 2016, OpenSubtitles2016: Extracting Large Parallel Corpora from Movie and TV Subtitles. In Proceedings of the 10th International Conference on Language Resources and Evaluation (LREC 2016)","whole",NA,11,3.27761343681912,2.2500447939413,0.909090909090909,0.1
11472427,13314,"それを 盗むだけにしないか？",NA,"それを 盗むだけにしないか？",NA,NA,NA,NA,NA,NA,NA,62,"jpn_nfi_881.txt","Japanese","Japanese","jpn",NA,2013,"written","non-fiction","prepared_speeches","Jpan",NA,"OpenSubtitles2018","https://object.pouta.csc.fi/OPUS-OpenSubtitles/v2018/raw/ja.zip","http://www.opensubtitles.org/","http://www.opensubtitles.org/ P. Lison and J. Tiedemann, 2016, OpenSubtitles2016: Extracting Large Parallel Corpora from Movie and TV Subtitles. In Proceedings of the 10th International Conference on Language Resources and Evaluation (LREC 2016)","whole",NA,14,3.8073549220576,2.59594641959101,1,0
11494244,13339,"力は次第に弱くなります。",NA,"力は次第に弱くなります。",NA,NA,NA,NA,NA,NA,NA,62,"jpn_nfi_903.txt","Japanese","Japanese","jpn",NA,2013,"written","non-fiction","prepared_speeches","Jpan",NA,"OpenSubtitles2018","https://object.pouta.csc.fi/OPUS-OpenSubtitles/v2018/raw/ja.zip","http://www.opensubtitles.org/","http://www.opensubtitles.org/ P. Lison and J. Tiedemann, 2016, OpenSubtitles2016: Extracting Large Parallel Corpora from Movie and TV Subtitles. In Proceedings of the 10th International Conference on Language Resources and Evaluation (LREC 2016)","whole",NA,12,3.58496250072116,2.40295460283962,1,0
11563168,13423,"いや　スイートへ連れて行け",NA,"いや　スイートへ連れて行け",NA,NA,NA,NA,NA,NA,NA,62,"jpn_nfi_98.txt","Japanese","Japanese","jpn",NA,2016,"written","non-fiction","prepared_speeches","Jpan",NA,"OpenSubtitles2018","https://object.pouta.csc.fi/OPUS-OpenSubtitles/v2018/raw/ja.zip","http://www.opensubtitles.org/","http://www.opensubtitles.org/ P. Lison and J. Tiedemann, 2016, OpenSubtitles2016: Extracting Large Parallel Corpora from Movie and TV Subtitles. In Proceedings of the 10th International Conference on Language Resources and Evaluation (LREC 2016)","whole",NA,13,3.70043971814109,2.5027611501705,1,0
11565868,13427,"また 誰かとやり合うのか",NA,"また 誰かとやり合うのか",NA,NA,NA,NA,NA,NA,NA,62,"jpn_nfi_983.txt","Japanese","Japanese","jpn",NA,2013,"written","non-fiction","prepared_speeches","Jpan",NA,"OpenSubtitles2018","https://object.pouta.csc.fi/OPUS-OpenSubtitles/v2018/raw/ja.zip","http://www.opensubtitles.org/","http://www.opensubtitles.org/ P. Lison and J. Tiedemann, 2016, OpenSubtitles2016: Extracting Large Parallel Corpora from Movie and TV Subtitles. In Proceedings of the 10th International Conference on Language Resources and Evaluation (LREC 2016)","whole",NA,12,3.41829583405449,2.25358116530957,0.916666666666667,0
11592080,13449,"41005001	Ted nuuryn nogoo ereg boloh Gyeras nutagt irjee .","41005001","Ted nuuryn nogoo ereg boloh Gyeras nutagt irjee .",NA,NA,NA,NA,NA,NA,NA,67,"khk_nfi_1.txt","Khalkha","Halh Mongolian","khk",NA,2004,"written","non-fiction","religion","Latn",NA,"New Testament Portions in Halh Mongolian. Text of the Parallel Bible Corpus: Mayer, Thomas & Michael Cysouw. 2014. Creating a Massively Parallel Bible Corpus. Proceedings of the International Conference on Language Resources and Evaluation (LREC), Reykjavik, 3158-3163.","http://www.biblesos.org/mn/Abrahamyn-udam-Davidyn-udam-Yesus-Hristiin-ugiin-bichig/",NA,NA,"whole","The first two digits of the identifier refer to the book, the next three digits to the chapter, and the last three digits to the verse. See Mayer & Cysouw (2014) for a list of book identifiers.",49,3.92839983425621,2.80953327488585,0.408163265306122,0.0625
11612055,13453,"05007003	또 그들과 혼인하지 말지니 네 딸을 그 아들에게 주지 말 것이요 그 딸로 네 며느리를 삼지 말 것은","05007003","또 그들과 혼인하지 말지니 네 딸을 그 아들에게 주지 말 것이요 그 딸로 네 며느리를 삼지 말 것은",NA,NA,NA,NA,NA,NA,NA,71,"kor_nfi_1.txt","Korean","Korean","kor",NA,1995,"written","non-fiction","religion","Hang",NA,"The Bible in Korean: Revised Version (KRV). Text of the Parallel Bible Corpus: Mayer, Thomas & Michael Cysouw. 2014. Creating a Massively Parallel Bible Corpus. Proceedings of the International Conference on Language Resources and Evaluation (LREC), Reykjavik, 3158-3163.","http://unbound.biola.edu/index.cfm?method=downloads.showDownloadMain",NA,NA,"whole","The first two digits of the identifier refer to the book, the next three digits to the chapter, and the last three digits to the verse. See Mayer & Cysouw (2014) for a list of book identifiers. This bible is incomplete: some of the missing verses might be available at https://www.wordproject.org/bibles/kr/index.htm.",55,4.05414801705952,2.96879489040085,0.509090909090909,0
11624184,13453,"22007001	귀한 자의 딸아 ! 신을 신은 네 발이 어찌 그리 아름다운가 네 넓적다리는 둥글어서 공교한 장색의 만든 구슬 꿰미 같구나","22007001","귀한 자의 딸아 ! 신을 신은 네 발이 어찌 그리 아름다운가 네 넓적다리는 둥글어서 공교한 장색의 만든 구슬 꿰미 같구나",NA,NA,NA,NA,NA,NA,NA,71,"kor_nfi_1.txt","Korean","Korean","kor",NA,1995,"written","non-fiction","religion","Hang",NA,"The Bible in Korean: Revised Version (KRV). Text of the Parallel Bible Corpus: Mayer, Thomas & Michael Cysouw. 2014. Creating a Massively Parallel Bible Corpus. Proceedings of the International Conference on Language Resources and Evaluation (LREC), Reykjavik, 3158-3163.","http://unbound.biola.edu/index.cfm?method=downloads.showDownloadMain",NA,NA,"whole","The first two digits of the identifier refer to the book, the next three digits to the chapter, and the last three digits to the verse. See Mayer & Cysouw (2014) for a list of book identifiers. This bible is incomplete: some of the missing verses might be available at https://www.wordproject.org/bibles/kr/index.htm.",67,4.59279631351108,3.62524490822724,0.597014925373134,0
11627480,13453,"26020029	이에 내가 그들에게 이르기를 너희가 다니는 산당이 무엇이냐 하였노라 ( 그것을 오늘날까지 바마라 일컫느니라 )","26020029","이에 내가 그들에게 이르기를 너희가 다니는 산당이 무엇이냐 하였노라 ( 그것을 오늘날까지 바마라 일컫느니라 )",NA,NA,NA,NA,NA,NA,NA,71,"kor_nfi_1.txt","Korean","Korean","kor",NA,1995,"written","non-fiction","religion","Hang",NA,"The Bible in Korean: Revised Version (KRV). Text of the Parallel Bible Corpus: Mayer, Thomas & Michael Cysouw. 2014. Creating a Massively Parallel Bible Corpus. Proceedings of the International Conference on Language Resources and Evaluation (LREC), Reykjavik, 3158-3163.","http://unbound.biola.edu/index.cfm?method=downloads.showDownloadMain",NA,NA,"whole","The first two digits of the identifier refer to the book, the next three digits to the chapter, and the last three digits to the verse. See Mayer & Cysouw (2014) for a list of book identifiers. This bible is incomplete: some of the missing verses might be available at https://www.wordproject.org/bibles/kr/index.htm.",61,4.71667411771092,3.63435446810543,0.639344262295082,0
11631283,13453,"41013010	또 복음이 먼저 만국에 전파되어야 할 것이니라","41013010","또 복음이 먼저 만국에 전파되어야 할 것이니라",NA,NA,NA,NA,NA,NA,NA,71,"kor_nfi_1.txt","Korean","Korean","kor",NA,1995,"written","non-fiction","religion","Hang",NA,"The Bible in Korean: Revised Version (KRV). Text of the Parallel Bible Corpus: Mayer, Thomas & Michael Cysouw. 2014. Creating a Massively Parallel Bible Corpus. Proceedings of the International Conference on Language Resources and Evaluation (LREC), Reykjavik, 3158-3163.","http://unbound.biola.edu/index.cfm?method=downloads.showDownloadMain",NA,NA,"whole","The first two digits of the identifier refer to the book, the next three digits to the chapter, and the last three digits to the verse. See Mayer & Cysouw (2014) for a list of book identifiers. This bible is incomplete: some of the missing verses might be available at https://www.wordproject.org/bibles/kr/index.htm.",25,3.94346518960165,2.89487786210333,0.76,0
11653201,13472,"고유의 동위원소 신호를 찾아내서",NA,"고유의 동위원소 신호를 찾아내서",NA,NA,NA,NA,NA,NA,NA,71,"kor_nfi_116.txt","Korean","Korean","kor",NA,2016,"written","non-fiction","prepared_speeches","Kore",NA,"OpenSubtitles2018","https://object.pouta.csc.fi/OPUS-OpenSubtitles/v2018/raw/ko.zip","http://www.opensubtitles.org/","http://www.opensubtitles.org/ P. Lison and J. Tiedemann, 2016, OpenSubtitles2016: Extracting Large Parallel Corpora from Movie and TV Subtitles. In Proceedings of the 10th International Conference on Language Resources and Evaluation (LREC 2016)","whole",NA,17,3.80776357641719,2.64131887949066,0.882352941176471,0
11663948,13483,"그것이 바로 상수입니다",NA,"그것이 바로 상수입니다",NA,NA,NA,NA,NA,NA,NA,71,"kor_nfi_126.txt","Korean","Korean","kor",NA,2016,"written","non-fiction","prepared_speeches","Kore",NA,"OpenSubtitles2018","https://object.pouta.csc.fi/OPUS-OpenSubtitles/v2018/raw/ko.zip","http://www.opensubtitles.org/","http://www.opensubtitles.org/ P. Lison and J. Tiedemann, 2016, OpenSubtitles2016: Extracting Large Parallel Corpora from Movie and TV Subtitles. In Proceedings of the 10th International Conference on Language Resources and Evaluation (LREC 2016)","whole",NA,12,3.41829583405449,2.28598148108722,0.916666666666667,0
11698008,13526,"섬을 꽤나 신중하게 방어했었군요",NA,"섬을 꽤나 신중하게 방어했었군요",NA,NA,NA,NA,NA,NA,NA,71,"kor_nfi_165.txt","Korean","Korean","kor",NA,2016,"written","non-fiction","prepared_speeches","Kore",NA,"OpenSubtitles2018","https://object.pouta.csc.fi/OPUS-OpenSubtitles/v2018/raw/ko.zip","http://www.opensubtitles.org/","http://www.opensubtitles.org/ P. Lison and J. Tiedemann, 2016, OpenSubtitles2016: Extracting Large Parallel Corpora from Movie and TV Subtitles. In Proceedings of the 10th International Conference on Language Resources and Evaluation (LREC 2016)","whole",NA,17,3.80776357641719,2.66561213243846,0.882352941176471,0
11707132,13540,"얼음에 파리를 집어넣다니",NA,"얼음에 파리를 집어넣다니",NA,NA,NA,NA,NA,NA,NA,71,"kor_nfi_178.txt","Korean","Korean","kor",NA,2016,"written","non-fiction","prepared_speeches","Kore",NA,"OpenSubtitles2018","https://object.pouta.csc.fi/OPUS-OpenSubtitles/v2018/raw/ko.zip","http://www.opensubtitles.org/","http://www.opensubtitles.org/ P. Lison and J. Tiedemann, 2016, OpenSubtitles2016: Extracting Large Parallel Corpora from Movie and TV Subtitles. In Proceedings of the 10th International Conference on Language Resources and Evaluation (LREC 2016)","whole",NA,13,3.54659356429494,2.38737653478588,0.923076923076923,0
11739308,13575,"힘과 어떤 능력이 떨어져요",NA,"힘과 어떤 능력이 떨어져요",NA,NA,NA,NA,NA,NA,NA,71,"kor_nfi_209.txt","Korean","Korean","kor",NA,2016,"written","non-fiction","prepared_speeches","Kore",NA,"OpenSubtitles2018","https://object.pouta.csc.fi/OPUS-OpenSubtitles/v2018/raw/ko.zip","http://www.opensubtitles.org/","http://www.opensubtitles.org/ P. Lison and J. Tiedemann, 2016, OpenSubtitles2016: Extracting Large Parallel Corpora from Movie and TV Subtitles. In Proceedings of the 10th International Conference on Language Resources and Evaluation (LREC 2016)","whole",NA,14,3.32486295761736,2.25695166615066,0.785714285714286,0
11793516,13635,"모든 음악이 수록되 있었요 차례대로요",NA,"모든 음악이 수록되 있었요 차례대로요",NA,NA,NA,NA,NA,NA,NA,71,"kor_nfi_263.txt","Korean","Korean","kor",NA,2016,"written","non-fiction","prepared_speeches","Kore",NA,"OpenSubtitles2018","https://object.pouta.csc.fi/OPUS-OpenSubtitles/v2018/raw/ko.zip","http://www.opensubtitles.org/","http://www.opensubtitles.org/ P. Lison and J. Tiedemann, 2016, OpenSubtitles2016: Extracting Large Parallel Corpora from Movie and TV Subtitles. In Proceedings of the 10th International Conference on Language Resources and Evaluation (LREC 2016)","whole",NA,20,3.82192809488736,2.69147906526554,0.8,0
11897120,13757,"절름발이 내 동생과 잠자리할 생각있어?",NA,"절름발이 내 동생과 잠자리할 생각있어?",NA,NA,NA,NA,NA,NA,NA,71,"kor_nfi_373.txt","Korean","Korean","kor",NA,2016,"written","non-fiction","prepared_speeches","Kore",NA,"OpenSubtitles2018","https://object.pouta.csc.fi/OPUS-OpenSubtitles/v2018/raw/ko.zip","http://www.opensubtitles.org/","http://www.opensubtitles.org/ P. Lison and J. Tiedemann, 2016, OpenSubtitles2016: Extracting Large Parallel Corpora from Movie and TV Subtitles. In Proceedings of the 10th International Conference on Language Resources and Evaluation (LREC 2016)","whole",NA,21,3.91612694658828,2.77583698346249,0.80952380952381,0
11955170,13829,"그들은 당신이 도망가게 놔두지 않을 겁니다",NA,"그들은 당신이 도망가게 놔두지 않을 겁니다",NA,NA,NA,NA,NA,NA,NA,71,"kor_nfi_438.txt","Korean","Korean","kor",NA,2015,"written","non-fiction","prepared_speeches","Kore",NA,"OpenSubtitles2018","https://object.pouta.csc.fi/OPUS-OpenSubtitles/v2018/raw/ko.zip","http://www.opensubtitles.org/","http://www.opensubtitles.org/ P. Lison and J. Tiedemann, 2016, OpenSubtitles2016: Extracting Large Parallel Corpora from Movie and TV Subtitles. In Proceedings of the 10th International Conference on Language Resources and Evaluation (LREC 2016)","whole",NA,23,4.01879497890759,2.9085991126626,0.826086956521739,0
11988029,13865,"Did you know that's where Cyril met his new husband?",NA,"Did you know that's where Cyril met his new husband?",NA,NA,NA,NA,NA,NA,NA,71,"kor_nfi_470.txt","Korean","Korean","kor",NA,2015,"written","non-fiction","prepared_speeches","Kore",NA,"OpenSubtitles2018","https://object.pouta.csc.fi/OPUS-OpenSubtitles/v2018/raw/ko.zip","http://www.opensubtitles.org/","http://www.opensubtitles.org/ P. Lison and J. Tiedemann, 2016, OpenSubtitles2016: Extracting Large Parallel Corpora from Movie and TV Subtitles. In Proceedings of the 10th International Conference on Language Resources and Evaluation (LREC 2016)","whole",NA,52,4.15613659268344,2.86390541521002,0.423076923076923,0
11992389,13869,"잠입, 변장의 귀재 같던데요",NA,"잠입, 변장의 귀재 같던데요",NA,NA,NA,NA,NA,NA,NA,71,"kor_nfi_474.txt","Korean","Korean","kor",NA,2015,"written","non-fiction","prepared_speeches","Kore",NA,"OpenSubtitles2018","https://object.pouta.csc.fi/OPUS-OpenSubtitles/v2018/raw/ko.zip","http://www.opensubtitles.org/","http://www.opensubtitles.org/ P. Lison and J. Tiedemann, 2016, OpenSubtitles2016: Extracting Large Parallel Corpora from Movie and TV Subtitles. In Proceedings of the 10th International Conference on Language Resources and Evaluation (LREC 2016)","whole",NA,15,3.58989809546429,2.46802831070426,0.866666666666667,0
12101440,13984,"우리가 아니니까 미운거야",NA,"우리가 아니니까 미운거야",NA,NA,NA,NA,NA,NA,NA,71,"kor_nfi_578.txt","Korean","Korean","kor",NA,2014,"written","non-fiction","prepared_speeches","Kore",NA,"OpenSubtitles2018","https://object.pouta.csc.fi/OPUS-OpenSubtitles/v2018/raw/ko.zip","http://www.opensubtitles.org/","http://www.opensubtitles.org/ P. Lison and J. Tiedemann, 2016, OpenSubtitles2016: Extracting Large Parallel Corpora from Movie and TV Subtitles. In Proceedings of the 10th International Conference on Language Resources and Evaluation (LREC 2016)","whole",NA,13,3.39274741044878,2.27286576849743,0.846153846153846,0.0833333333333333
12117792,13996,"And one day, you're going to come back to this barn, 그날...",NA,"And one day, you're going to come back to this barn, 그날...",NA,NA,NA,NA,NA,NA,NA,71,"kor_nfi_589.txt","Korean","Korean","kor",NA,2014,"written","non-fiction","prepared_speeches","Kore",NA,"OpenSubtitles2018","https://object.pouta.csc.fi/OPUS-OpenSubtitles/v2018/raw/ko.zip","http://www.opensubtitles.org/","http://www.opensubtitles.org/ P. Lison and J. Tiedemann, 2016, OpenSubtitles2016: Extracting Large Parallel Corpora from Movie and TV Subtitles. In Proceedings of the 10th International Conference on Language Resources and Evaluation (LREC 2016)","whole",NA,58,4.19275560171393,2.8957826303597,0.413793103448276,0.0350877192982456
12124536,14003,"그래서 너한테 투표안했던거야",NA,"그래서 너한테 투표안했던거야",NA,NA,NA,NA,NA,NA,NA,71,"kor_nfi_595.txt","Korean","Korean","kor",NA,2014,"written","non-fiction","prepared_speeches","Kore",NA,"OpenSubtitles2018","https://object.pouta.csc.fi/OPUS-OpenSubtitles/v2018/raw/ko.zip","http://www.opensubtitles.org/","http://www.opensubtitles.org/ P. Lison and J. Tiedemann, 2016, OpenSubtitles2016: Extracting Large Parallel Corpora from Movie and TV Subtitles. In Proceedings of the 10th International Conference on Language Resources and Evaluation (LREC 2016)","whole",NA,15,3.77355726227518,2.58334269799217,0.933333333333333,0
12134476,14013,"알겠어요 제가 바로 여기서 같이 있어드리면 괜찮겠어요?",NA,"알겠어요 제가 바로 여기서 같이 있어드리면 괜찮겠어요?",NA,NA,NA,NA,NA,NA,NA,71,"kor_nfi_603.txt","Korean","Korean","kor",NA,2014,"written","non-fiction","prepared_speeches","Kore",NA,"OpenSubtitles2018","https://object.pouta.csc.fi/OPUS-OpenSubtitles/v2018/raw/ko.zip","http://www.opensubtitles.org/","http://www.opensubtitles.org/ P. Lison and J. Tiedemann, 2016, OpenSubtitles2016: Extracting Large Parallel Corpora from Movie and TV Subtitles. In Proceedings of the 10th International Conference on Language Resources and Evaluation (LREC 2016)","whole",NA,30,4.09806851205884,2.8929146343589,0.7,0
12211329,14082,"우리 앞에도 사람이 있고",NA,"우리 앞에도 사람이 있고",NA,NA,NA,NA,NA,NA,NA,71,"kor_nfi_666.txt","Korean","Korean","kor",NA,2014,"written","non-fiction","prepared_speeches","Kore",NA,"OpenSubtitles2018","https://object.pouta.csc.fi/OPUS-OpenSubtitles/v2018/raw/ko.zip","http://www.opensubtitles.org/","http://www.opensubtitles.org/ P. Lison and J. Tiedemann, 2016, OpenSubtitles2016: Extracting Large Parallel Corpora from Movie and TV Subtitles. In Proceedings of the 10th International Conference on Language Resources and Evaluation (LREC 2016)","whole",NA,13,3.33467914105159,2.26173089860531,0.846153846153846,0
12217443,14089,"당신은 무엇을 했는가?",NA,"당신은 무엇을 했는가?",NA,NA,NA,NA,NA,NA,NA,71,"kor_nfi_672.txt","Korean","Korean","kor",NA,2014,"written","non-fiction","prepared_speeches","Kore",NA,"OpenSubtitles2018","https://object.pouta.csc.fi/OPUS-OpenSubtitles/v2018/raw/ko.zip","http://www.opensubtitles.org/","http://www.opensubtitles.org/ P. Lison and J. Tiedemann, 2016, OpenSubtitles2016: Extracting Large Parallel Corpora from Movie and TV Subtitles. In Proceedings of the 10th International Conference on Language Resources and Evaluation (LREC 2016)","whole",NA,12,3.41829583405449,2.27795460283962,0.916666666666667,0
12225385,14098,"is that fascinating enigma of its...",NA,"is that fascinating enigma of its...",NA,NA,NA,NA,NA,NA,NA,71,"kor_nfi_680.txt","Korean","Korean","kor",NA,2014,"written","non-fiction","prepared_speeches","Kore",NA,"OpenSubtitles2018","https://object.pouta.csc.fi/OPUS-OpenSubtitles/v2018/raw/ko.zip","http://www.opensubtitles.org/","http://www.opensubtitles.org/ P. Lison and J. Tiedemann, 2016, OpenSubtitles2016: Extracting Large Parallel Corpora from Movie and TV Subtitles. In Proceedings of the 10th International Conference on Language Resources and Evaluation (LREC 2016)","whole",NA,36,3.57314879434887,2.48142442447582,0.388888888888889,0.0571428571428571
12239312,14114,"- 두 분 진짜 사랑하시냐구요",NA,"- 두 분 진짜 사랑하시냐구요",NA,NA,NA,NA,NA,NA,NA,71,"kor_nfi_695.txt","Korean","Korean","kor",NA,2013,"written","non-fiction","prepared_speeches","Kore",NA,"OpenSubtitles2018","https://object.pouta.csc.fi/OPUS-OpenSubtitles/v2018/raw/ko.zip","http://www.opensubtitles.org/","http://www.opensubtitles.org/ P. Lison and J. Tiedemann, 2016, OpenSubtitles2016: Extracting Large Parallel Corpora from Movie and TV Subtitles. In Proceedings of the 10th International Conference on Language Resources and Evaluation (LREC 2016)","whole",NA,16,3.5,2.52329354492506,0.8125,0
12261099,14136,"""Christine and Raoul of the opera.""",NA,"""Christine and Raoul of the opera.""",NA,NA,NA,NA,NA,NA,NA,71,"kor_nfi_714.txt","Korean","Korean","kor",NA,2013,"written","non-fiction","prepared_speeches","Kore",NA,"OpenSubtitles2018","https://object.pouta.csc.fi/OPUS-OpenSubtitles/v2018/raw/ko.zip","http://www.opensubtitles.org/","http://www.opensubtitles.org/ P. Lison and J. Tiedemann, 2016, OpenSubtitles2016: Extracting Large Parallel Corpora from Movie and TV Subtitles. In Proceedings of the 10th International Conference on Language Resources and Evaluation (LREC 2016)","whole",NA,35,4.04716007463276,2.72339279496185,0.542857142857143,0
12273098,14150,"전 월터에 대해 말하려던게 아닙니다",NA,"전 월터에 대해 말하려던게 아닙니다",NA,NA,NA,NA,NA,NA,NA,71,"kor_nfi_727.txt","Korean","Korean","kor",NA,2013,"written","non-fiction","prepared_speeches","Kore",NA,"OpenSubtitles2018","https://object.pouta.csc.fi/OPUS-OpenSubtitles/v2018/raw/ko.zip","http://www.opensubtitles.org/","http://www.opensubtitles.org/ P. Lison and J. Tiedemann, 2016, OpenSubtitles2016: Extracting Large Parallel Corpora from Movie and TV Subtitles. In Proceedings of the 10th International Conference on Language Resources and Evaluation (LREC 2016)","whole",NA,19,3.82687488186464,2.73287193563857,0.842105263157895,0
12302079,14181,"일가족 살인 사건과 직접적으로 연결됐으니까요.",NA,"일가족 살인 사건과 직접적으로 연결됐으니까요.",NA,NA,NA,NA,NA,NA,NA,71,"kor_nfi_755.txt","Korean","Korean","kor",NA,2012,"written","non-fiction","prepared_speeches","Kore",NA,"OpenSubtitles2018","https://object.pouta.csc.fi/OPUS-OpenSubtitles/v2018/raw/ko.zip","http://www.opensubtitles.org/","http://www.opensubtitles.org/ P. Lison and J. Tiedemann, 2016, OpenSubtitles2016: Extracting Large Parallel Corpora from Movie and TV Subtitles. In Proceedings of the 10th International Conference on Language Resources and Evaluation (LREC 2016)","whole",NA,25,4.24385618977472,3.05232920826053,0.84,0
12382197,14275,"그리고 자네는 월레건에게 그 즉시 가져다주면 되네.",NA,"그리고 자네는 월레건에게 그 즉시 가져다주면 되네.",NA,NA,NA,NA,NA,NA,NA,71,"kor_nfi_84.txt","Korean","Korean","kor",NA,2016,"written","non-fiction","prepared_speeches","Kore",NA,"OpenSubtitles2018","https://object.pouta.csc.fi/OPUS-OpenSubtitles/v2018/raw/ko.zip","http://www.opensubtitles.org/","http://www.opensubtitles.org/ P. Lison and J. Tiedemann, 2016, OpenSubtitles2016: Extracting Large Parallel Corpora from Movie and TV Subtitles. In Proceedings of the 10th International Conference on Language Resources and Evaluation (LREC 2016)","whole",NA,28,4.11057724333164,2.99156204963262,0.75,0
12392625,14289,"그가 왜 그랬을까요?",NA,"그가 왜 그랬을까요?",NA,NA,NA,NA,NA,NA,NA,71,"kor_nfi_852.txt","Korean","Korean","kor",NA,2010,"written","non-fiction","prepared_speeches","Kore",NA,"OpenSubtitles2018","https://object.pouta.csc.fi/OPUS-OpenSubtitles/v2018/raw/ko.zip","http://www.opensubtitles.org/","http://www.opensubtitles.org/ P. Lison and J. Tiedemann, 2016, OpenSubtitles2016: Extracting Large Parallel Corpora from Movie and TV Subtitles. In Proceedings of the 10th International Conference on Language Resources and Evaluation (LREC 2016)","whole",NA,11,3.09579525500093,2.07245885777727,0.818181818181818,0
12423956,14317,"11015013	I Maakà reniny aza , naongany amin’ny maha-renin’ny mpanjaka azy , satria nanao sampy vetaveta ho an’i Astarte . Nazeran’i Asà ny sampiny vetaveta , dia nodorany tao amin’ny ranon-driaka Sedrôna .","11015013","I Maakà reniny aza , naongany amin’ny maha-renin’ny mpanjaka azy , satria nanao sampy vetaveta ho an’i Astarte . Nazeran’i Asà ny sampiny vetaveta , dia nodorany tao amin’ny ranon-driaka Sedrôna .",NA,NA,NA,NA,NA,NA,NA,79,"plt_nfi_1.txt","Malagasy","Plateau Malagasy","plt",NA,2003,"written","non-fiction","religion","Latn",NA,"The Bible in Malagasy: Roman Catholic Version. Text of the Parallel Bible Corpus: Mayer, Thomas & Michael Cysouw. 2014. Creating a Massively Parallel Bible Corpus. Proceedings of the International Conference on Language Resources and Evaluation (LREC), Reykjavik, 3158-3163.","http://www.bible.is/MLGRCV/Mark/1/D<br>https://www.bible.com/af/bible/814/mat.1","© La Société Biblique Malgache 2003","Cette traduction, publiée par Société Biblique Malgache, a paru en 2005.<br>Pour vous procurer un exemplaire imprimé, merci de contacter la Société Biblique Malgache sur www.mampielybaiboly.mg.","whole","The first two digits of the identifier refer to the book, the next three digits to the chapter, and the last three digits to the verse. See Mayer & Cysouw (2014) for a list of book identifiers.",196,4.07368232588898,2.58867455160838,0.153061224489796,0.00512820512820513
12454782,14323,"灘，團團圍定，以為唾手可取。只是船到灘邊，便見兩條黃龍旋繞在御營上，",NA,"灘，團團圍定，以為唾手可取。只是船到灘邊，便見兩條黃龍旋繞在御營上，",NA,NA,NA,NA,NA,NA,NA,81,"cmn_fic_102.txt","Mandarin","Mandarin Chinese","cmn",NA,2008,"written","fiction","general_fiction","Hans",NA,"Chen, Chen, 1608?-, 水滸後傳, Chinese fiction -- Qing dynasty, 1644-1912","http://www.gutenberg.org/ebooks/25217.html.noimages","http://www.gutenberg.org","http://www.gutenberg.org","part",NA,34,4.73452166477975,3.48610556656482,0.852941176470588,0.0303030303030303
12463694,14330,"是他疏忽，卻與正文無礙，還求大人通篇一看。」汪公祇得通卷看完，",NA,"是他疏忽，卻與正文無礙，還求大人通篇一看。」汪公祇得通卷看完，",NA,NA,NA,NA,NA,NA,NA,81,"cmn_fic_109.txt","Mandarin","Mandarin Chinese","cmn",NA,2008,"written","fiction","general_fiction","Hans",NA,"Chen, Lang, active 18th century, 雪月梅傳, Erotic stories, Chinese","http://www.gutenberg.org/ebooks/26739.html.noimages","http://www.gutenberg.org","http://www.gutenberg.org","part",NA,31,4.67178058451063,3.34152419348906,0.870967741935484,0
12530530,14367,"臣也罵道：「前日誤中詭計，今番定要擒你獻功，以泄前日之恨！」孛臣說罷，衝殺過",NA,"臣也罵道：「前日誤中詭計，今番定要擒你獻功，以泄前日之恨！」孛臣說罷，衝殺過",NA,NA,NA,NA,NA,NA,NA,81,"cmn_fic_39.txt","Mandarin","Mandarin Chinese","cmn",NA,2007,"written","fiction","general_fiction","Hans",NA,"Anonymous, 木蘭奇女傳, Hua, Mulan (Legendary character) -- Fiction","http://www.gutenberg.org/ebooks/23938.html.noimages","http://www.gutenberg.org","http://www.gutenberg.org","part",NA,38,4.96490415812349,3.57397968965923,0.868421052631579,0
12533046,14372,"為何不帶著眼睛，汝也不是瞎子，走在爺爺面前，還不看見！」馬榮見他叫罵，",NA,"為何不帶著眼睛，汝也不是瞎子，走在爺爺面前，還不看見！」馬榮見他叫罵，",NA,NA,NA,NA,NA,NA,NA,81,"cmn_fic_43.txt","Mandarin","Mandarin Chinese","cmn",NA,2009,"written","fiction","general_fiction","Hans",NA,"Anonymous, 狄公案, Di, Renjie, 629-700 -- Fiction","http://www.gutenberg.org/ebooks/27686.html.noimages","http://www.gutenberg.org","http://www.gutenberg.org","part",NA,35,4.65057194545458,3.35866691550641,0.8,0.0294117647058824
12588266,14402,"陰獨察其動靜，與俱上下。何羅亦覺日磾意，以故久不得發。是時，上行幸林光宮，日",NA,"陰獨察其動靜，與俱上下。何羅亦覺日磾意，以故久不得發。是時，上行幸林光宮，日",NA,NA,NA,NA,NA,NA,NA,81,"cmn_fic_70.txt","Mandarin","Mandarin Chinese","cmn",NA,2007,"written","fiction","general_fiction","Hans",NA,"Ban, Gu, 32-92, 漢書, China -- History -- Han dynasty, 202 B.C.-220 A.D.","http://www.gutenberg.org/ebooks/23841.html.noimages","http://www.gutenberg.org","http://www.gutenberg.org","part",NA,38,4.87950646081201,3.52247546893078,0.842105263157895,0
12595806,14405,"喜不過，到要尋個所在，暗暗與他相會。小姐得了風趣，就是有些敗露，又",NA,"喜不過，到要尋個所在，暗暗與他相會。小姐得了風趣，就是有些敗露，又",NA,NA,NA,NA,NA,NA,NA,81,"cmn_fic_73.txt","Mandarin","Mandarin Chinese","cmn",NA,2008,"written","fiction","general_fiction","Hans",NA,"Baowenglaoren, 今古奇觀, Chinese fiction -- Ming dynasty, 1368-1644","http://www.gutenberg.org/ebooks/24230.html.noimages","http://www.gutenberg.org","http://www.gutenberg.org","part",NA,33,4.74136381632815,3.46381193964976,0.878787878787879,0.03125
12643398,14426,"因又笑說道：“几年門子也會鑽了．由知府推升轉了御史，不過几年，升了吏部",NA,"因又笑說道：“几年門子也會鑽了．由知府推升轉了御史，不過几年，升了吏部",NA,NA,NA,NA,NA,NA,NA,81,"cmn_fic_92.txt","Mandarin","Mandarin Chinese","cmn",NA,2008,"written","fiction","general_fiction","Hans",NA,"Cao, Xueqin, 1717?-1763, 紅樓夢, China -- History -- Qing dynasty, 1644-1912 -- Fiction","http://www.gutenberg.org/ebooks/24264.html.noimages","http://www.gutenberg.org","http://www.gutenberg.org","part",NA,35,4.7648576597403,3.3563208040702,0.828571428571429,0
12754029,14510,"是 我知道 Yeah, I know.",NA,"是 我知道 Yeah, I know.",NA,NA,NA,NA,NA,NA,NA,82,"cmn_nfi_168.txt","Mandarin","Mandarin Chinese","cmn",NA,2015,"written","non-fiction","prepared_speeches","Hans",NA,"OpenSubtitles2018","https://object.pouta.csc.fi/OPUS-OpenSubtitles/v2016/raw/zh.zip","http://www.opensubtitles.org/","http://www.opensubtitles.org/ P. Lison and J. Tiedemann, 2016, OpenSubtitles2016: Extracting Large Parallel Corpora from Movie and TV Subtitles. In Proceedings of the 10th International Conference on Language Resources and Evaluation (LREC 2016)","whole",NA,19,3.82687488186464,2.72456925601415,0.842105263157895,0
12827362,14569,"你可別在這裏耍花招，小子",NA,"你可別在這裏耍花招，小子",NA,NA,NA,NA,NA,NA,NA,82,"cmn_nfi_220.txt","Mandarin","Mandarin Chinese","cmn",NA,2015,"written","non-fiction","prepared_speeches","Hans",NA,"OpenSubtitles2018","https://object.pouta.csc.fi/OPUS-OpenSubtitles/v2016/raw/zh.zip","http://www.opensubtitles.org/","http://www.opensubtitles.org/ P. Lison and J. Tiedemann, 2016, OpenSubtitles2016: Extracting Large Parallel Corpora from Movie and TV Subtitles. In Proceedings of the 10th International Conference on Language Resources and Evaluation (LREC 2016)","whole",NA,12,3.58496250072116,2.40295460283962,1,0
12842956,14580,"我们阻止了Mark Massero杀掉Trevor Maloney We stopped Trevor Maloney from getting killed by Mark Massero.",NA,"我们阻止了Mark Massero杀掉Trevor Maloney We stopped Trevor Maloney from getting killed by Mark Massero.",NA,NA,NA,NA,NA,NA,NA,82,"cmn_nfi_230.txt","Mandarin","Mandarin Chinese","cmn",NA,NA,"written","non-fiction","prepared_speeches","Hans",NA,"OpenSubtitles2018","https://object.pouta.csc.fi/OPUS-OpenSubtitles/v2016/raw/zh.zip","http://www.opensubtitles.org/","http://www.opensubtitles.org/ P. Lison and J. Tiedemann, 2016, OpenSubtitles2016: Extracting Large Parallel Corpora from Movie and TV Subtitles. In Proceedings of the 10th International Conference on Language Resources and Evaluation (LREC 2016)","whole",NA,96,4.39311982923936,2.58792297737718,0.3125,0.0526315789473684
12876543,14600,"-=破烂熊字幕组=- 翻译：",NA,"-=破烂熊字幕组=- 翻译：",NA,NA,NA,NA,NA,NA,NA,82,"cmn_nfi_249.txt","Mandarin","Mandarin Chinese","cmn",NA,NA,"written","non-fiction","prepared_speeches","Hans",NA,"OpenSubtitles2018","https://object.pouta.csc.fi/OPUS-OpenSubtitles/v2016/raw/zh.zip","http://www.opensubtitles.org/","http://www.opensubtitles.org/ P. Lison and J. Tiedemann, 2016, OpenSubtitles2016: Extracting Large Parallel Corpora from Movie and TV Subtitles. In Proceedings of the 10th International Conference on Language Resources and Evaluation (LREC 2016)","whole",NA,14,3.52164063634332,2.36409452329352,0.857142857142857,0
12901157,14623,"他父亲去世前 他俩一起拍的 that he started with his father before he passed away.",NA,"他父亲去世前 他俩一起拍的 that he started with his father before he passed away.",NA,NA,NA,NA,NA,NA,NA,82,"cmn_nfi_27.txt","Mandarin","Mandarin Chinese","cmn",NA,NA,"written","non-fiction","prepared_speeches","Hans",NA,"OpenSubtitles2018","https://object.pouta.csc.fi/OPUS-OpenSubtitles/v2016/raw/zh.zip","http://www.opensubtitles.org/","http://www.opensubtitles.org/ P. Lison and J. Tiedemann, 2016, OpenSubtitles2016: Extracting Large Parallel Corpora from Movie and TV Subtitles. In Proceedings of the 10th International Conference on Language Resources and Evaluation (LREC 2016)","whole",NA,68,4.21997100633037,2.94710429534445,0.397058823529412,0.0149253731343284
12922656,14644,"她在临死前并不是一个善良的人",NA,"她在临死前并不是一个善良的人",NA,NA,NA,NA,NA,NA,NA,82,"cmn_nfi_289.txt","Mandarin","Mandarin Chinese","cmn",NA,NA,"written","non-fiction","prepared_speeches","Hans",NA,"OpenSubtitles2018","https://object.pouta.csc.fi/OPUS-OpenSubtitles/v2016/raw/zh.zip","http://www.opensubtitles.org/","http://www.opensubtitles.org/ P. Lison and J. Tiedemann, 2016, OpenSubtitles2016: Extracting Large Parallel Corpora from Movie and TV Subtitles. In Proceedings of the 10th International Conference on Language Resources and Evaluation (LREC 2016)","whole",NA,14,3.8073549220576,2.59594641959101,1,0
12925405,14647,"人多得像是稼俱大壹踢在促销",NA,"人多得像是稼俱大壹踢在促销",NA,NA,NA,NA,NA,NA,NA,82,"cmn_nfi_291.txt","Mandarin","Mandarin Chinese","cmn",NA,2014,"written","non-fiction","prepared_speeches","Hans",NA,"OpenSubtitles2018","https://object.pouta.csc.fi/OPUS-OpenSubtitles/v2016/raw/zh.zip","http://www.opensubtitles.org/","http://www.opensubtitles.org/ P. Lison and J. Tiedemann, 2016, OpenSubtitles2016: Extracting Large Parallel Corpora from Movie and TV Subtitles. In Proceedings of the 10th International Conference on Language Resources and Evaluation (LREC 2016)","whole",NA,13,3.70043971814109,2.5027611501705,1,0
13044415,14753,"大家集中，他们分明在东面",NA,"大家集中，他们分明在东面",NA,NA,NA,NA,NA,NA,NA,82,"cmn_nfi_387.txt","Mandarin","Mandarin Chinese","cmn",NA,NA,"written","non-fiction","prepared_speeches","Hans",NA,"OpenSubtitles2018","https://object.pouta.csc.fi/OPUS-OpenSubtitles/v2016/raw/zh.zip","http://www.opensubtitles.org/","http://www.opensubtitles.org/ P. Lison and J. Tiedemann, 2016, OpenSubtitles2016: Extracting Large Parallel Corpora from Movie and TV Subtitles. In Proceedings of the 10th International Conference on Language Resources and Evaluation (LREC 2016)","whole",NA,12,3.58496250072116,2.40295460283962,1,0
13045826,14755,"另外15万爱尔兰人， 妇女和儿童",NA,"另外15万爱尔兰人， 妇女和儿童",NA,NA,NA,NA,NA,NA,NA,82,"cmn_nfi_389.txt","Mandarin","Mandarin Chinese","cmn",NA,2014,"written","non-fiction","prepared_speeches","Hans",NA,"OpenSubtitles2018","https://object.pouta.csc.fi/OPUS-OpenSubtitles/v2016/raw/zh.zip","http://www.opensubtitles.org/","http://www.opensubtitles.org/ P. Lison and J. Tiedemann, 2016, OpenSubtitles2016: Extracting Large Parallel Corpora from Movie and TV Subtitles. In Proceedings of the 10th International Conference on Language Resources and Evaluation (LREC 2016)","whole",NA,16,4,2.76563377936766,1,0
13091970,14797,"欸 你不教我打球 拼什麼拼圖",NA,"欸 你不教我打球 拼什麼拼圖",NA,NA,NA,NA,NA,NA,NA,82,"cmn_nfi_426.txt","Mandarin","Mandarin Chinese","cmn",NA,NA,"written","non-fiction","prepared_speeches","Hans",NA,"OpenSubtitles2018","https://object.pouta.csc.fi/OPUS-OpenSubtitles/v2016/raw/zh.zip","http://www.opensubtitles.org/","http://www.opensubtitles.org/ P. Lison and J. Tiedemann, 2016, OpenSubtitles2016: Extracting Large Parallel Corpora from Movie and TV Subtitles. In Proceedings of the 10th International Conference on Language Resources and Evaluation (LREC 2016)","whole",NA,14,3.52164063634332,2.35057625103446,0.857142857142857,0
13124955,14825,"你知道的Numberone原因 一個女孩敲背的傢伙",NA,"你知道的Numberone原因 一個女孩敲背的傢伙",NA,NA,NA,NA,NA,NA,NA,82,"cmn_nfi_451.txt","Mandarin","Mandarin Chinese","cmn",NA,2014,"written","non-fiction","prepared_speeches","Hans",NA,"OpenSubtitles2018","https://object.pouta.csc.fi/OPUS-OpenSubtitles/v2016/raw/zh.zip","http://www.opensubtitles.org/","http://www.opensubtitles.org/ P. Lison and J. Tiedemann, 2016, OpenSubtitles2016: Extracting Large Parallel Corpora from Movie and TV Subtitles. In Proceedings of the 10th International Conference on Language Resources and Evaluation (LREC 2016)","whole",NA,25,4.48385618977472,3.18278051087104,0.92,0
13128145,14828,"欢迎光临寒舍 welcome to my humble barge",NA,"欢迎光临寒舍 welcome to my humble barge",NA,NA,NA,NA,NA,NA,NA,82,"cmn_nfi_454.txt","Mandarin","Mandarin Chinese","cmn",NA,2014,"written","non-fiction","prepared_speeches","Hans",NA,"OpenSubtitles2018","https://object.pouta.csc.fi/OPUS-OpenSubtitles/v2016/raw/zh.zip","http://www.opensubtitles.org/","http://www.opensubtitles.org/ P. Lison and J. Tiedemann, 2016, OpenSubtitles2016: Extracting Large Parallel Corpora from Movie and TV Subtitles. In Proceedings of the 10th International Conference on Language Resources and Evaluation (LREC 2016)","whole",NA,33,4.12425690794632,2.88588568164494,0.636363636363636,0
13137678,14837,"从后方的楼梯和仆役走廊",NA,"从后方的楼梯和仆役走廊",NA,NA,NA,NA,NA,NA,NA,82,"cmn_nfi_462.txt","Mandarin","Mandarin Chinese","cmn",NA,2014,"written","non-fiction","prepared_speeches","Hans",NA,"OpenSubtitles2018","https://object.pouta.csc.fi/OPUS-OpenSubtitles/v2016/raw/zh.zip","http://www.opensubtitles.org/","http://www.opensubtitles.org/ P. Lison and J. Tiedemann, 2016, OpenSubtitles2016: Extracting Large Parallel Corpora from Movie and TV Subtitles. In Proceedings of the 10th International Conference on Language Resources and Evaluation (LREC 2016)","whole",NA,11,3.4594316186373,2.29549933939584,1,0
13208198,14900,"这就是我的使命 时刻担惊受怕 That is precisely what I am bid to do.",NA,"这就是我的使命 时刻担惊受怕 That is precisely what I am bid to do.",NA,NA,NA,NA,NA,NA,NA,82,"cmn_nfi_519.txt","Mandarin","Mandarin Chinese","cmn",NA,NA,"written","non-fiction","prepared_speeches","Hans",NA,"OpenSubtitles2018","https://object.pouta.csc.fi/OPUS-OpenSubtitles/v2016/raw/zh.zip","http://www.opensubtitles.org/","http://www.opensubtitles.org/ P. Lison and J. Tiedemann, 2016, OpenSubtitles2016: Extracting Large Parallel Corpora from Movie and TV Subtitles. In Proceedings of the 10th International Conference on Language Resources and Evaluation (LREC 2016)","whole",NA,53,4.64331774785822,3.30883884925245,0.622641509433962,0
13295969,14980,"我为你父亲工作 好不好？",NA,"我为你父亲工作 好不好？",NA,NA,NA,NA,NA,NA,NA,82,"cmn_nfi_591.txt","Mandarin","Mandarin Chinese","cmn",NA,2014,"written","non-fiction","prepared_speeches","Hans",NA,"OpenSubtitles2018","https://object.pouta.csc.fi/OPUS-OpenSubtitles/v2016/raw/zh.zip","http://www.opensubtitles.org/","http://www.opensubtitles.org/ P. Lison and J. Tiedemann, 2016, OpenSubtitles2016: Extracting Large Parallel Corpora from Movie and TV Subtitles. In Proceedings of the 10th International Conference on Language Resources and Evaluation (LREC 2016)","whole",NA,12,3.41829583405449,2.25881161872973,0.916666666666667,0
13365991,15047,"我们放在冷藏室 所以...",NA,"我们放在冷藏室 所以...",NA,NA,NA,NA,NA,NA,NA,82,"cmn_nfi_651.txt","Mandarin","Mandarin Chinese","cmn",NA,2014,"written","non-fiction","prepared_speeches","Hans",NA,"OpenSubtitles2018","https://object.pouta.csc.fi/OPUS-OpenSubtitles/v2016/raw/zh.zip","http://www.opensubtitles.org/","http://www.opensubtitles.org/ P. Lison and J. Tiedemann, 2016, OpenSubtitles2016: Extracting Large Parallel Corpora from Movie and TV Subtitles. In Proceedings of the 10th International Conference on Language Resources and Evaluation (LREC 2016)","whole",NA,13,3.33467914105159,2.22255337252195,0.846153846153846,0.166666666666667
13391778,15075,"换做是别人 你还愿意这么做吗",NA,"换做是别人 你还愿意这么做吗",NA,NA,NA,NA,NA,NA,NA,82,"cmn_nfi_76.txt","Mandarin","Mandarin Chinese","cmn",NA,NA,"written","non-fiction","prepared_speeches","Hans",NA,"OpenSubtitles2018","https://object.pouta.csc.fi/OPUS-OpenSubtitles/v2016/raw/zh.zip","http://www.opensubtitles.org/","http://www.opensubtitles.org/ P. Lison and J. Tiedemann, 2016, OpenSubtitles2016: Extracting Large Parallel Corpora from Movie and TV Subtitles. In Proceedings of the 10th International Conference on Language Resources and Evaluation (LREC 2016)","whole",NA,14,3.66449777920046,2.46378785822883,0.928571428571429,0
13438950,15131,"41002017	Yesuus tana hogguu dhagaye , “ Warri fayyaa qaban ogeeysa fayyaa hin barbaadan , dhukkubsataa tu barbaada malee ; ani warra jireenya qaceeloo jiraatan yaamuuf hin dhufne , warra dilaawoota yaamuufiin dhufe malee ” isaaniin jedhe .","41002017","Yesuus tana hogguu dhagaye , “ Warri fayyaa qaban ogeeysa fayyaa hin barbaadan , dhukkubsataa tu barbaada malee ; ani warra jireenya qaceeloo jiraatan yaamuuf hin dhufne , warra dilaawoota yaamuufiin dhufe malee ” isaaniin jedhe .",NA,NA,NA,NA,NA,NA,NA,92,"hae_nfi_1.txt","Oromo (Harar)","Eastern Oromo","hae",NA,2005,"written","non-fiction","religion","Latn",NA,"Text of the Parallel Bible Corpus: Mayer, Thomas & Michael Cysouw. 2014. Creating a Massively Parallel Bible Corpus. Proceedings of the International Conference on Language Resources and Evaluation (LREC), Reykjavik, 3158-3163.","http://www.bible.is/HAEBSE/Matt/1","© The Bible Society of Ethiopia 2005","This Bible text is brought to you by The Bible Society of Ethiopia<br> TEXT: © The Bible Society of Ethiopia, 2005 FONT: © 1997-2013, SIL International http://bit.ly/1uKBBMx","whole","The first two digits of the identifier refer to the book, the next three digits to the chapter, and the last three digits to the verse. See Mayer & Cysouw (2014) for a list of book identifiers.",230,4.10589074305791,2.68223227320343,0.130434782608696,0.131004366812227
13443973,15131,"49004028	Namni kanaan dura hataa ture hatuu dhiisee , harka isaa tiin , dalagaa faaydaa qabdu dalagee , warra waa dhaban illee haa gargaaruu .","49004028","Namni kanaan dura hataa ture hatuu dhiisee , harka isaa tiin , dalagaa faaydaa qabdu dalagee , warra waa dhaban illee haa gargaaruu .",NA,NA,NA,NA,NA,NA,NA,92,"hae_nfi_1.txt","Oromo (Harar)","Eastern Oromo","hae",NA,2005,"written","non-fiction","religion","Latn",NA,"Text of the Parallel Bible Corpus: Mayer, Thomas & Michael Cysouw. 2014. Creating a Massively Parallel Bible Corpus. Proceedings of the International Conference on Language Resources and Evaluation (LREC), Reykjavik, 3158-3163.","http://www.bible.is/HAEBSE/Matt/1","© The Bible Society of Ethiopia 2005","This Bible text is brought to you by The Bible Society of Ethiopia<br> TEXT: © The Bible Society of Ethiopia, 2005 FONT: © 1997-2013, SIL International http://bit.ly/1uKBBMx","whole","The first two digits of the identifier refer to the book, the next three digits to the chapter, and the last three digits to the verse. See Mayer & Cysouw (2014) for a list of book identifiers.",133,3.70416547433331,2.54489054480997,0.172932330827068,0.136363636363636
13458203,15144,"‏کی می‌خواد انجامش بده؟",NA,"‏کی می‌خواد انجامش بده؟",NA,NA,NA,NA,NA,NA,NA,99,"pes_nfi_1001.txt","Persian","Western Farsi","pes",NA,2016,"written","non-fiction","prepared_speeches","Arab",NA,"OpenSubtitles2018","https://object.pouta.csc.fi/OPUS-OpenSubtitles/v2018/raw/fa.zip","http://www.opensubtitles.org/","http://www.opensubtitles.org/ P. Lison and J. Tiedemann, 2016, OpenSubtitles2016: Extracting Large Parallel Corpora from Movie and TV Subtitles. In Proceedings of the 10th International Conference on Language Resources and Evaluation (LREC 2016)","whole",NA,23,3.84922391239062,2.65885472477614,0.695652173913043,0
13467518,15157,"اون به خاطر اين انتخاب شده که طوماري رو امضا کرده که",NA,"اون به خاطر اين انتخاب شده که طوماري رو امضا کرده که",NA,NA,NA,NA,NA,NA,NA,99,"pes_nfi_1013.txt","Persian","Western Farsi","pes",NA,2016,"written","non-fiction","prepared_speeches","Arab",NA,"OpenSubtitles2018","https://object.pouta.csc.fi/OPUS-OpenSubtitles/v2018/raw/fa.zip","http://www.opensubtitles.org/","http://www.opensubtitles.org/ P. Lison and J. Tiedemann, 2016, OpenSubtitles2016: Extracting Large Parallel Corpora from Movie and TV Subtitles. In Proceedings of the 10th International Conference on Language Resources and Evaluation (LREC 2016)","whole",NA,52,3.62490027994999,2.44946589623254,0.307692307692308,0
13484658,15178,"ولی میتونم هسته اورانیومی رو بردارم",NA,"ولی میتونم هسته اورانیومی رو بردارم",NA,NA,NA,NA,NA,NA,NA,99,"pes_nfi_1032.txt","Persian","Western Farsi","pes",NA,2016,"written","non-fiction","prepared_speeches","Arab",NA,"OpenSubtitles2018","https://object.pouta.csc.fi/OPUS-OpenSubtitles/v2018/raw/fa.zip","http://www.opensubtitles.org/","http://www.opensubtitles.org/ P. Lison and J. Tiedemann, 2016, OpenSubtitles2016: Extracting Large Parallel Corpora from Movie and TV Subtitles. In Proceedings of the 10th International Conference on Language Resources and Evaluation (LREC 2016)","whole",NA,35,3.47287820405819,2.40371406316222,0.371428571428571,0
13519005,15214,"که يه شخص فراموش‌نشدني #",NA,"که يه شخص فراموش‌نشدني #",NA,NA,NA,NA,NA,NA,NA,99,"pes_nfi_1065.txt","Persian","Western Farsi","pes",NA,2016,"written","non-fiction","prepared_speeches","Arab",NA,"OpenSubtitles2018","https://object.pouta.csc.fi/OPUS-OpenSubtitles/v2018/raw/fa.zip","http://www.opensubtitles.org/","http://www.opensubtitles.org/ P. Lison and J. Tiedemann, 2016, OpenSubtitles2016: Extracting Large Parallel Corpora from Movie and TV Subtitles. In Proceedings of the 10th International Conference on Language Resources and Evaluation (LREC 2016)","whole",NA,24,3.80350885479768,2.65519336677415,0.666666666666667,0
13666624,15390,"لطفاً برای خواندن دعاى خير قیام کنید",NA,"لطفاً برای خواندن دعاى خير قیام کنید",NA,NA,NA,NA,NA,NA,NA,99,"pes_nfi_168.txt","Persian","Western Farsi","pes",NA,2017,"written","non-fiction","prepared_speeches","Arab",NA,"OpenSubtitles2018","https://object.pouta.csc.fi/OPUS-OpenSubtitles/v2018/raw/fa.zip","http://www.opensubtitles.org/","http://www.opensubtitles.org/ P. Lison and J. Tiedemann, 2016, OpenSubtitles2016: Extracting Large Parallel Corpora from Movie and TV Subtitles. In Proceedings of the 10th International Conference on Language Resources and Evaluation (LREC 2016)","whole",NA,36,3.90925616851859,2.75876478928961,0.527777777777778,0
13671790,15396,"دو تا پیتزا پپرونی تو سفارش دادی؟",NA,"دو تا پیتزا پپرونی تو سفارش دادی؟",NA,NA,NA,NA,NA,NA,NA,99,"pes_nfi_173.txt","Persian","Western Farsi","pes",NA,2017,"written","non-fiction","prepared_speeches","Arab",NA,"OpenSubtitles2018","https://object.pouta.csc.fi/OPUS-OpenSubtitles/v2018/raw/fa.zip","http://www.opensubtitles.org/","http://www.opensubtitles.org/ P. Lison and J. Tiedemann, 2016, OpenSubtitles2016: Extracting Large Parallel Corpora from Movie and TV Subtitles. In Proceedings of the 10th International Conference on Language Resources and Evaluation (LREC 2016)","whole",NA,33,3.55093313405105,2.42183645370401,0.424242424242424,0.03125
13703587,15436,"که عقب‌نشینی نیروهای آمریکایی فقط منوط به",NA,"که عقب‌نشینی نیروهای آمریکایی فقط منوط به",NA,NA,NA,NA,NA,NA,NA,99,"pes_nfi_209.txt","Persian","Western Farsi","pes",NA,2017,"written","non-fiction","prepared_speeches","Arab",NA,"OpenSubtitles2018","https://object.pouta.csc.fi/OPUS-OpenSubtitles/v2018/raw/fa.zip","http://www.opensubtitles.org/","http://www.opensubtitles.org/ P. Lison and J. Tiedemann, 2016, OpenSubtitles2016: Extracting Large Parallel Corpora from Movie and TV Subtitles. In Proceedings of the 10th International Conference on Language Resources and Evaluation (LREC 2016)","whole",NA,41,3.79862159093775,2.5605032637409,0.414634146341463,0.025
13768318,15516,"جواهرات فرانسوی، طراحی های فرانسوی",NA,"جواهرات فرانسوی، طراحی های فرانسوی",NA,NA,NA,NA,NA,NA,NA,99,"pes_nfi_281.txt","Persian","Western Farsi","pes",NA,2017,"written","non-fiction","prepared_speeches","Arab",NA,"OpenSubtitles2018","https://object.pouta.csc.fi/OPUS-OpenSubtitles/v2018/raw/fa.zip","http://www.opensubtitles.org/","http://www.opensubtitles.org/ P. Lison and J. Tiedemann, 2016, OpenSubtitles2016: Extracting Large Parallel Corpora from Movie and TV Subtitles. In Proceedings of the 10th International Conference on Language Resources and Evaluation (LREC 2016)","whole",NA,34,3.55026688517709,2.09036377334124,0.411764705882353,0
13824319,15591,"‫از کجا بدونم؟",NA,"‫از کجا بدونم؟",NA,NA,NA,NA,NA,NA,NA,99,"pes_nfi_349.txt","Persian","Western Farsi","pes",NA,2017,"written","non-fiction","prepared_speeches","Arab",NA,"OpenSubtitles2018","https://object.pouta.csc.fi/OPUS-OpenSubtitles/v2018/raw/fa.zip","http://www.opensubtitles.org/","http://www.opensubtitles.org/ P. Lison and J. Tiedemann, 2016, OpenSubtitles2016: Extracting Large Parallel Corpora from Movie and TV Subtitles. In Proceedings of the 10th International Conference on Language Resources and Evaluation (LREC 2016)","whole",NA,14,3.52164063634332,2.38854088666038,0.857142857142857,0
13847908,15621,"حتما سنداستورم روی سیگنال‌ها پارازیت انداخته .تا اینجا رو مخفی نگه داره",NA,"حتما سنداستورم روی سیگنال‌ها پارازیت انداخته .تا اینجا رو مخفی نگه داره",NA,NA,NA,NA,NA,NA,NA,99,"pes_nfi_376.txt","Persian","Western Farsi","pes",NA,2016,"written","non-fiction","prepared_speeches","Arab",NA,"OpenSubtitles2018","https://object.pouta.csc.fi/OPUS-OpenSubtitles/v2018/raw/fa.zip","http://www.opensubtitles.org/","http://www.opensubtitles.org/ P. Lison and J. Tiedemann, 2016, OpenSubtitles2016: Extracting Large Parallel Corpora from Movie and TV Subtitles. In Proceedings of the 10th International Conference on Language Resources and Evaluation (LREC 2016)","whole",NA,71,3.91691036288404,2.75005003332636,0.295774647887324,0
13881240,15667,"ما جایزه‌شون رو آوردیم شما اینجا چیکار می کنید؟",NA,"ما جایزه‌شون رو آوردیم شما اینجا چیکار می کنید؟",NA,NA,NA,NA,NA,NA,NA,99,"pes_nfi_417.txt","Persian","Western Farsi","pes",NA,2016,"written","non-fiction","prepared_speeches","Arab",NA,"OpenSubtitles2018","https://object.pouta.csc.fi/OPUS-OpenSubtitles/v2018/raw/fa.zip","http://www.opensubtitles.org/","http://www.opensubtitles.org/ P. Lison and J. Tiedemann, 2016, OpenSubtitles2016: Extracting Large Parallel Corpora from Movie and TV Subtitles. In Proceedings of the 10th International Conference on Language Resources and Evaluation (LREC 2016)","whole",NA,47,3.74003113858946,2.58614468945727,0.361702127659574,0
13893329,15683,"-آخرهفته ی خوبی داشته باشی .",NA,"-آخرهفته ی خوبی داشته باشی .",NA,NA,NA,NA,NA,NA,NA,99,"pes_nfi_431.txt","Persian","Western Farsi","pes",NA,2016,"written","non-fiction","prepared_speeches","Arab",NA,"OpenSubtitles2018","https://object.pouta.csc.fi/OPUS-OpenSubtitles/v2018/raw/fa.zip","http://www.opensubtitles.org/","http://www.opensubtitles.org/ P. Lison and J. Tiedemann, 2016, OpenSubtitles2016: Extracting Large Parallel Corpora from Movie and TV Subtitles. In Proceedings of the 10th International Conference on Language Resources and Evaluation (LREC 2016)","whole",NA,28,3.69594722638747,2.38452180341345,0.535714285714286,0
13904850,15694,"نه، فکر کردم تعميرشون کردم",NA,"نه، فکر کردم تعميرشون کردم",NA,NA,NA,NA,NA,NA,NA,99,"pes_nfi_441.txt","Persian","Western Farsi","pes",NA,2016,"written","non-fiction","prepared_speeches","Arab",NA,"OpenSubtitles2018","https://object.pouta.csc.fi/OPUS-OpenSubtitles/v2018/raw/fa.zip","http://www.opensubtitles.org/","http://www.opensubtitles.org/ P. Lison and J. Tiedemann, 2016, OpenSubtitles2016: Extracting Large Parallel Corpora from Movie and TV Subtitles. In Proceedings of the 10th International Conference on Language Resources and Evaluation (LREC 2016)","whole",NA,26,3.56544837182083,2.25986447817662,0.538461538461538,0
13909153,15698,"من اونجا نميرم مگه اينکه توي يکي از اون چيزهاي بزرگ آهني",NA,"من اونجا نميرم مگه اينکه توي يکي از اون چيزهاي بزرگ آهني",NA,NA,NA,NA,NA,NA,NA,99,"pes_nfi_445.txt","Persian","Western Farsi","pes",NA,2016,"written","non-fiction","prepared_speeches","Arab",NA,"OpenSubtitles2018","https://object.pouta.csc.fi/OPUS-OpenSubtitles/v2018/raw/fa.zip","http://www.opensubtitles.org/","http://www.opensubtitles.org/ P. Lison and J. Tiedemann, 2016, OpenSubtitles2016: Extracting Large Parallel Corpora from Movie and TV Subtitles. In Proceedings of the 10th International Conference on Language Resources and Evaluation (LREC 2016)","whole",NA,56,3.58265719316491,2.55135050258803,0.285714285714286,0
13930366,15722,"نه دلم ميخواد بدونم اصلا چي پرسيدي",NA,"نه دلم ميخواد بدونم اصلا چي پرسيدي",NA,NA,NA,NA,NA,NA,NA,99,"pes_nfi_467.txt","Persian","Western Farsi","pes",NA,2016,"written","non-fiction","prepared_speeches","Arab",NA,"OpenSubtitles2018","https://object.pouta.csc.fi/OPUS-OpenSubtitles/v2018/raw/fa.zip","http://www.opensubtitles.org/","http://www.opensubtitles.org/ P. Lison and J. Tiedemann, 2016, OpenSubtitles2016: Extracting Large Parallel Corpora from Movie and TV Subtitles. In Proceedings of the 10th International Conference on Language Resources and Evaluation (LREC 2016)","whole",NA,34,3.70453489981934,2.60578051353944,0.470588235294118,0
14002638,15803,"نه نه نه تقويتش کن، ها ؟",NA,"نه نه نه تقويتش کن، ها ؟",NA,NA,NA,NA,NA,NA,NA,99,"pes_nfi_54.txt","Persian","Western Farsi","pes",NA,2017,"written","non-fiction","prepared_speeches","Arab",NA,"OpenSubtitles2018","https://object.pouta.csc.fi/OPUS-OpenSubtitles/v2018/raw/fa.zip","http://www.opensubtitles.org/","http://www.opensubtitles.org/ P. Lison and J. Tiedemann, 2016, OpenSubtitles2016: Extracting Large Parallel Corpora from Movie and TV Subtitles. In Proceedings of the 10th International Conference on Language Resources and Evaluation (LREC 2016)","whole",NA,24,3.18872187554087,2.31497779506326,0.5,0
14053532,15859,"همين بيرون بود و با اون چوب ضربه مي‌زد",NA,"همين بيرون بود و با اون چوب ضربه مي‌زد",NA,NA,NA,NA,NA,NA,NA,99,"pes_nfi_590.txt","Persian","Western Farsi","pes",NA,2016,"written","non-fiction","prepared_speeches","Arab",NA,"OpenSubtitles2018","https://object.pouta.csc.fi/OPUS-OpenSubtitles/v2018/raw/fa.zip","http://www.opensubtitles.org/","http://www.opensubtitles.org/ P. Lison and J. Tiedemann, 2016, OpenSubtitles2016: Extracting Large Parallel Corpora from Movie and TV Subtitles. In Proceedings of the 10th International Conference on Language Resources and Evaluation (LREC 2016)","whole",NA,38,3.49189972520147,2.40184209631379,0.368421052631579,0
14102961,15913,"ما همدیگرو میبینیم همه چیز درست میشه",NA,"ما همدیگرو میبینیم همه چیز درست میشه",NA,NA,NA,NA,NA,NA,NA,99,"pes_nfi_639.txt","Persian","Western Farsi","pes",NA,2016,"written","non-fiction","prepared_speeches","Arab",NA,"OpenSubtitles2018","https://object.pouta.csc.fi/OPUS-OpenSubtitles/v2018/raw/fa.zip","http://www.opensubtitles.org/","http://www.opensubtitles.org/ P. Lison and J. Tiedemann, 2016, OpenSubtitles2016: Extracting Large Parallel Corpora from Movie and TV Subtitles. In Proceedings of the 10th International Conference on Language Resources and Evaluation (LREC 2016)","whole",NA,36,3.5441104177484,2.526396077133,0.444444444444444,0
14129984,15947,"سيرن ها مجبورش کردن زنگوله رو بزنه و شهر رو نابود کنه",NA,"سيرن ها مجبورش کردن زنگوله رو بزنه و شهر رو نابود کنه",NA,NA,NA,NA,NA,NA,NA,99,"pes_nfi_67.txt","Persian","Western Farsi","pes",NA,2017,"written","non-fiction","prepared_speeches","Arab",NA,"OpenSubtitles2018","https://object.pouta.csc.fi/OPUS-OpenSubtitles/v2018/raw/fa.zip","http://www.opensubtitles.org/","http://www.opensubtitles.org/ P. Lison and J. Tiedemann, 2016, OpenSubtitles2016: Extracting Large Parallel Corpora from Movie and TV Subtitles. In Proceedings of the 10th International Conference on Language Resources and Evaluation (LREC 2016)","whole",NA,53,3.63456949617468,2.47950203868064,0.320754716981132,0
14159045,15972,"‫پس بیاید از مسیر مخالفش",NA,"‫پس بیاید از مسیر مخالفش",NA,NA,NA,NA,NA,NA,NA,99,"pes_nfi_692.txt","Persian","Western Farsi","pes",NA,2016,"written","non-fiction","prepared_speeches","Arab",NA,"OpenSubtitles2018","https://object.pouta.csc.fi/OPUS-OpenSubtitles/v2018/raw/fa.zip","http://www.opensubtitles.org/","http://www.opensubtitles.org/ P. Lison and J. Tiedemann, 2016, OpenSubtitles2016: Extracting Large Parallel Corpora from Movie and TV Subtitles. In Proceedings of the 10th International Conference on Language Resources and Evaluation (LREC 2016)","whole",NA,24,3.68872187554087,2.55180166401627,0.625,0
14163647,15977,"‫همین حالا می‌تونم برم بانک ‫و وام بگیرم",NA,"‫همین حالا می‌تونم برم بانک ‫و وام بگیرم",NA,NA,NA,NA,NA,NA,NA,99,"pes_nfi_697.txt","Persian","Western Farsi","pes",NA,2016,"written","non-fiction","prepared_speeches","Arab",NA,"OpenSubtitles2018","https://object.pouta.csc.fi/OPUS-OpenSubtitles/v2018/raw/fa.zip","http://www.opensubtitles.org/","http://www.opensubtitles.org/ P. Lison and J. Tiedemann, 2016, OpenSubtitles2016: Extracting Large Parallel Corpora from Movie and TV Subtitles. In Proceedings of the 10th International Conference on Language Resources and Evaluation (LREC 2016)","whole",NA,40,3.66740785820276,2.46341442857909,0.4,0
14195199,16017,"اين درسته که يه الهه همچين کارهايي بکنه؟",NA,"اين درسته که يه الهه همچين کارهايي بکنه؟",NA,NA,NA,NA,NA,NA,NA,99,"pes_nfi_732.txt","Persian","Western Farsi","pes",NA,2016,"written","non-fiction","prepared_speeches","Arab",NA,"OpenSubtitles2018","https://object.pouta.csc.fi/OPUS-OpenSubtitles/v2018/raw/fa.zip","http://www.opensubtitles.org/","http://www.opensubtitles.org/ P. Lison and J. Tiedemann, 2016, OpenSubtitles2016: Extracting Large Parallel Corpora from Movie and TV Subtitles. In Proceedings of the 10th International Conference on Language Resources and Evaluation (LREC 2016)","whole",NA,40,3.45265559655819,2.42224511814751,0.375,0.0512820512820513
14219831,16050,"خب ، "" پرتغالی ه سفید "" روسی ه این یه نظریست",NA,"خب ، "" پرتغالی ه سفید "" روسی ه این یه نظریست",NA,NA,NA,NA,NA,NA,NA,99,"pes_nfi_762.txt","Persian","Western Farsi","pes",NA,2016,"written","non-fiction","prepared_speeches","Arab",NA,"OpenSubtitles2018","https://object.pouta.csc.fi/OPUS-OpenSubtitles/v2018/raw/fa.zip","http://www.opensubtitles.org/","http://www.opensubtitles.org/ P. Lison and J. Tiedemann, 2016, OpenSubtitles2016: Extracting Large Parallel Corpora from Movie and TV Subtitles. In Proceedings of the 10th International Conference on Language Resources and Evaluation (LREC 2016)","whole",NA,44,3.73606377055031,2.63074414971559,0.431818181818182,0
14246970,16081,"بهشون گفته بودم",NA,"بهشون گفته بودم",NA,NA,NA,NA,NA,NA,NA,99,"pes_nfi_790.txt","Persian","Western Farsi","pes",NA,2016,"written","non-fiction","prepared_speeches","Arab",NA,"OpenSubtitles2018","https://object.pouta.csc.fi/OPUS-OpenSubtitles/v2018/raw/fa.zip","http://www.opensubtitles.org/","http://www.opensubtitles.org/ P. Lison and J. Tiedemann, 2016, OpenSubtitles2016: Extracting Large Parallel Corpora from Movie and TV Subtitles. In Proceedings of the 10th International Conference on Language Resources and Evaluation (LREC 2016)","whole",NA,15,3.37355726227519,2.21445063357928,0.733333333333333,0
14251970,16087,"شايد احمقانه باشه ، ولي بايد حتما طبق اين برنامه برين جلو",NA,"شايد احمقانه باشه ، ولي بايد حتما طبق اين برنامه برين جلو",NA,NA,NA,NA,NA,NA,NA,99,"pes_nfi_796.txt","Persian","Western Farsi","pes",NA,2016,"written","non-fiction","prepared_speeches","Arab",NA,"OpenSubtitles2018","https://object.pouta.csc.fi/OPUS-OpenSubtitles/v2018/raw/fa.zip","http://www.opensubtitles.org/","http://www.opensubtitles.org/ P. Lison and J. Tiedemann, 2016, OpenSubtitles2016: Extracting Large Parallel Corpora from Movie and TV Subtitles. In Proceedings of the 10th International Conference on Language Resources and Evaluation (LREC 2016)","whole",NA,57,3.78406889559964,2.50958776365851,0.315789473684211,0
14304556,16151,".یه ساعت دیگم مونده براتون .دور دلسوزي رو خط بكش",NA,".یه ساعت دیگم مونده براتون .دور دلسوزي رو خط بكش",NA,NA,NA,NA,NA,NA,NA,99,"pes_nfi_853.txt","Persian","Western Farsi","pes",NA,2016,"written","non-fiction","prepared_speeches","Arab",NA,"OpenSubtitles2018","https://object.pouta.csc.fi/OPUS-OpenSubtitles/v2018/raw/fa.zip","http://www.opensubtitles.org/","http://www.opensubtitles.org/ P. Lison and J. Tiedemann, 2016, OpenSubtitles2016: Extracting Large Parallel Corpora from Movie and TV Subtitles. In Proceedings of the 10th International Conference on Language Resources and Evaluation (LREC 2016)","whole",NA,48,4.10800723010488,2.88441876483384,0.458333333333333,0
14425669,16291,"دونالد، دوباره ازت میپرسم",NA,"دونالد، دوباره ازت میپرسم",NA,NA,NA,NA,NA,NA,NA,99,"pes_nfi_98.txt","Persian","Western Farsi","pes",NA,2017,"written","non-fiction","prepared_speeches","Arab",NA,"OpenSubtitles2018","https://object.pouta.csc.fi/OPUS-OpenSubtitles/v2018/raw/fa.zip","http://www.opensubtitles.org/","http://www.opensubtitles.org/ P. Lison and J. Tiedemann, 2016, OpenSubtitles2016: Extracting Large Parallel Corpora from Movie and TV Subtitles. In Proceedings of the 10th International Conference on Language Resources and Evaluation (LREC 2016)","whole",NA,25,3.83326968951511,2.64644742395894,0.64,0
14487240,16341,"46006009	Или не знаете , что неправедные Царства Божия не наследуют ? Не обманывайтесь : ни блудники , ни идолослужители , нипрелюбодеи , ни малакии , ни мужеложники ,","46006009","Или не знаете , что неправедные Царства Божия не наследуют ? Не обманывайтесь : ни блудники , ни идолослужители , нипрелюбодеи , ни малакии , ни мужеложники ,",NA,NA,NA,NA,NA,NA,NA,107,"rus_nfi_1.txt","Russian","Russian","rus",NA,1876,"written","non-fiction","religion","Cyrl",NA,"The Synodal Bible in Russian. Text of the Parallel Bible Corpus: Mayer, Thomas & Michael Cysouw. 2014. Creating a Massively Parallel Bible Corpus. Proceedings of the International Conference on Language Resources and Evaluation (LREC), Reykjavik, 3158-3163.","http://unbound.biola.edu/index.cfm?method=downloads.showDownloadMain",NA,"This translation, first published in 1876, was thoroughly checked by the Bible Society in Russia in 1994 and some revisions were made.<br>If you are interested in obtaining a printed copy, please contact the Bible Society in Russia at www.biblia.ru.","whole","The first two digits of the identifier refer to the book, the next three digits to the chapter, and the last three digits to the verse. See Mayer & Cysouw (2014) for a list of book identifiers.",158,4.28106852569891,2.8253309662367,0.20253164556962,0.00636942675159236
14500967,16357,"Я давно не практиковался, не уверен, что смогу.",NA,"Я давно не практиковался, не уверен, что смогу.",NA,NA,NA,NA,NA,NA,NA,107,"rus_nfi_1012.txt","Russian","Russian","rus",NA,2016,"written","non-fiction","prepared_speeches","Cyrl",NA,"OpenSubtitles2018","https://object.pouta.csc.fi/OPUS-OpenSubtitles/v2018/raw/ru.zip","http://www.opensubtitles.org/","http://www.opensubtitles.org/ P. Lison and J. Tiedemann, 2016, OpenSubtitles2016: Extracting Large Parallel Corpora from Movie and TV Subtitles. In Proceedings of the 10th International Conference on Language Resources and Evaluation (LREC 2016)","whole",NA,47,4.16817907595997,2.83837654028544,0.468085106382979,0
14510201,16370,"- Вы такая милая.",NA,"- Вы такая милая.",NA,NA,NA,NA,NA,NA,NA,107,"rus_nfi_1024.txt","Russian","Russian","rus",NA,2016,"written","non-fiction","prepared_speeches","Cyrl",NA,"OpenSubtitles2018","https://object.pouta.csc.fi/OPUS-OpenSubtitles/v2018/raw/ru.zip","http://www.opensubtitles.org/","http://www.opensubtitles.org/ P. Lison and J. Tiedemann, 2016, OpenSubtitles2016: Extracting Large Parallel Corpora from Movie and TV Subtitles. In Proceedings of the 10th International Conference on Language Resources and Evaluation (LREC 2016)","whole",NA,17,3.41041725276052,2.30925689548493,0.705882352941177,0
14520639,16386,"Она меня нашла!",NA,"Она меня нашла!",NA,NA,NA,NA,NA,NA,NA,107,"rus_nfi_1039.txt","Russian","Russian","rus",NA,2016,"written","non-fiction","prepared_speeches","Cyrl",NA,"OpenSubtitles2018","https://object.pouta.csc.fi/OPUS-OpenSubtitles/v2018/raw/ru.zip","http://www.opensubtitles.org/","http://www.opensubtitles.org/ P. Lison and J. Tiedemann, 2016, OpenSubtitles2016: Extracting Large Parallel Corpora from Movie and TV Subtitles. In Proceedings of the 10th International Conference on Language Resources and Evaluation (LREC 2016)","whole",NA,15,3.13957226198672,2.09423256719069,0.666666666666667,0
14536197,16412,"С тобой я танцевать не хочу.",NA,"С тобой я танцевать не хочу.",NA,NA,NA,NA,NA,NA,NA,107,"rus_nfi_1062.txt","Russian","Russian","rus",NA,2016,"written","non-fiction","prepared_speeches","Cyrl",NA,"OpenSubtitles2018","https://object.pouta.csc.fi/OPUS-OpenSubtitles/v2018/raw/ru.zip","http://www.opensubtitles.org/","http://www.opensubtitles.org/ P. Lison and J. Tiedemann, 2016, OpenSubtitles2016: Extracting Large Parallel Corpora from Movie and TV Subtitles. In Proceedings of the 10th International Conference on Language Resources and Evaluation (LREC 2016)","whole",NA,28,3.83880436924461,2.71100494282926,0.607142857142857,0
14579486,16483,"Именно поэтому ты справишься со всем этим.",NA,"Именно поэтому ты справишься со всем этим.",NA,NA,NA,NA,NA,NA,NA,107,"rus_nfi_1126.txt","Russian","Russian","rus",NA,2016,"written","non-fiction","prepared_speeches","Cyrl",NA,"OpenSubtitles2018","https://object.pouta.csc.fi/OPUS-OpenSubtitles/v2018/raw/ru.zip","http://www.opensubtitles.org/","http://www.opensubtitles.org/ P. Lison and J. Tiedemann, 2016, OpenSubtitles2016: Extracting Large Parallel Corpora from Movie and TV Subtitles. In Proceedings of the 10th International Conference on Language Resources and Evaluation (LREC 2016)","whole",NA,42,4.05268260119565,2.78922024972197,0.476190476190476,0.024390243902439
14618832,16549,"Если верить тебе, у них вообще нет чувства юмора.",NA,"Если верить тебе, у них вообще нет чувства юмора.",NA,NA,NA,NA,NA,NA,NA,107,"rus_nfi_1186.txt","Russian","Russian","rus",NA,2016,"written","non-fiction","prepared_speeches","Cyrl",NA,"OpenSubtitles2018","https://object.pouta.csc.fi/OPUS-OpenSubtitles/v2018/raw/ru.zip","http://www.opensubtitles.org/","http://www.opensubtitles.org/ P. Lison and J. Tiedemann, 2016, OpenSubtitles2016: Extracting Large Parallel Corpora from Movie and TV Subtitles. In Proceedings of the 10th International Conference on Language Resources and Evaluation (LREC 2016)","whole",NA,49,4.12247687516085,2.91132600028301,0.448979591836735,0.0208333333333333
14624402,16559,"- Этого я и ожидал.",NA,"- Этого я и ожидал.",NA,NA,NA,NA,NA,NA,NA,107,"rus_nfi_1195.txt","Russian","Russian","rus",NA,2016,"written","non-fiction","prepared_speeches","Cyrl",NA,"OpenSubtitles2018","https://object.pouta.csc.fi/OPUS-OpenSubtitles/v2018/raw/ru.zip","http://www.opensubtitles.org/","http://www.opensubtitles.org/ P. Lison and J. Tiedemann, 2016, OpenSubtitles2016: Extracting Large Parallel Corpora from Movie and TV Subtitles. In Proceedings of the 10th International Conference on Language Resources and Evaluation (LREC 2016)","whole",NA,19,3.64214988163691,2.531298311069,0.736842105263158,0
14713564,16704,"Для одного человека.",NA,"Для одного человека.",NA,NA,NA,NA,NA,NA,NA,107,"rus_nfi_1325.txt","Russian","Russian","rus",NA,2016,"written","non-fiction","prepared_speeches","Cyrl",NA,"OpenSubtitles2018","https://object.pouta.csc.fi/OPUS-OpenSubtitles/v2018/raw/ru.zip","http://www.opensubtitles.org/","http://www.opensubtitles.org/ P. Lison and J. Tiedemann, 2016, OpenSubtitles2016: Extracting Large Parallel Corpora from Movie and TV Subtitles. In Proceedings of the 10th International Conference on Language Resources and Evaluation (LREC 2016)","whole",NA,20,3.62192809488736,2.51429249423428,0.7,0
14718545,16712,"Вонзить иглу в мозг пациента",NA,"Вонзить иглу в мозг пациента",NA,NA,NA,NA,NA,NA,NA,107,"rus_nfi_1332.txt","Russian","Russian","rus",NA,2016,"written","non-fiction","prepared_speeches","Cyrl",NA,"OpenSubtitles2018","https://object.pouta.csc.fi/OPUS-OpenSubtitles/v2018/raw/ru.zip","http://www.opensubtitles.org/","http://www.opensubtitles.org/ P. Lison and J. Tiedemann, 2016, OpenSubtitles2016: Extracting Large Parallel Corpora from Movie and TV Subtitles. In Proceedings of the 10th International Conference on Language Resources and Evaluation (LREC 2016)","whole",NA,28,3.92325179698034,2.66850443023528,0.607142857142857,0
14764573,16782,"Я еще даже не встал, Норма.",NA,"Я еще даже не встал, Норма.",NA,NA,NA,NA,NA,NA,NA,107,"rus_nfi_1396.txt","Russian","Russian","rus",NA,2016,"written","non-fiction","prepared_speeches","Cyrl",NA,"OpenSubtitles2018","https://object.pouta.csc.fi/OPUS-OpenSubtitles/v2018/raw/ru.zip","http://www.opensubtitles.org/","http://www.opensubtitles.org/ P. Lison and J. Tiedemann, 2016, OpenSubtitles2016: Extracting Large Parallel Corpora from Movie and TV Subtitles. In Proceedings of the 10th International Conference on Language Resources and Evaluation (LREC 2016)","whole",NA,27,3.8524975771042,2.80507713510474,0.666666666666667,0
14784617,16819,"Я хочу, чтобы ты удалил это видео со своего ноутбука и телефона..",NA,"Я хочу, чтобы ты удалил это видео со своего ноутбука и телефона..",NA,NA,NA,NA,NA,NA,NA,107,"rus_nfi_1429.txt","Russian","Russian","rus",NA,2016,"written","non-fiction","prepared_speeches","Cyrl",NA,"OpenSubtitles2018","https://object.pouta.csc.fi/OPUS-OpenSubtitles/v2018/raw/ru.zip","http://www.opensubtitles.org/","http://www.opensubtitles.org/ P. Lison and J. Tiedemann, 2016, OpenSubtitles2016: Extracting Large Parallel Corpora from Movie and TV Subtitles. In Proceedings of the 10th International Conference on Language Resources and Evaluation (LREC 2016)","whole",NA,65,4.10763895458356,2.90616406413333,0.353846153846154,0.015625
14799613,16842,"И вы подразумеваемые Фрэнсис особенно.",NA,"И вы подразумеваемые Фрэнсис особенно.",NA,NA,NA,NA,NA,NA,NA,107,"rus_nfi_145.txt","Russian","Russian","rus",NA,2017,"written","non-fiction","prepared_speeches","Cyrl",NA,"OpenSubtitles2018","https://object.pouta.csc.fi/OPUS-OpenSubtitles/v2018/raw/ru.zip","http://www.opensubtitles.org/","http://www.opensubtitles.org/ P. Lison and J. Tiedemann, 2016, OpenSubtitles2016: Extracting Large Parallel Corpora from Movie and TV Subtitles. In Proceedings of the 10th International Conference on Language Resources and Evaluation (LREC 2016)","whole",NA,38,4.10293343438235,2.84222276910599,0.526315789473684,0.027027027027027
14840536,16908,"От боли или...?",NA,"От боли или...?",NA,NA,NA,NA,NA,NA,NA,107,"rus_nfi_1509.txt","Russian","Russian","rus",NA,2016,"written","non-fiction","prepared_speeches","Cyrl",NA,"OpenSubtitles2018","https://object.pouta.csc.fi/OPUS-OpenSubtitles/v2018/raw/ru.zip","http://www.opensubtitles.org/","http://www.opensubtitles.org/ P. Lison and J. Tiedemann, 2016, OpenSubtitles2016: Extracting Large Parallel Corpora from Movie and TV Subtitles. In Proceedings of the 10th International Conference on Language Resources and Evaluation (LREC 2016)","whole",NA,15,3.00623892865339,1.9644630739879,0.6,0.142857142857143
14849545,16921,"Кажется, я потерял уверенность в себе, Джордж.",NA,"Кажется, я потерял уверенность в себе, Джордж.",NA,NA,NA,NA,NA,NA,NA,107,"rus_nfi_1520.txt","Russian","Russian","rus",NA,2016,"written","non-fiction","prepared_speeches","Cyrl",NA,"OpenSubtitles2018","https://object.pouta.csc.fi/OPUS-OpenSubtitles/v2018/raw/ru.zip","http://www.opensubtitles.org/","http://www.opensubtitles.org/ P. Lison and J. Tiedemann, 2016, OpenSubtitles2016: Extracting Large Parallel Corpora from Movie and TV Subtitles. In Proceedings of the 10th International Conference on Language Resources and Evaluation (LREC 2016)","whole",NA,46,4.09858641210843,2.85041884254509,0.456521739130435,0.0222222222222222
14862357,16944,"# О, мечтай, детка, мечтай",NA,"# О, мечтай, детка, мечтай",NA,NA,NA,NA,NA,NA,NA,107,"rus_nfi_1541.txt","Russian","Russian","rus",NA,2016,"written","non-fiction","prepared_speeches","Cyrl",NA,"OpenSubtitles2018","https://object.pouta.csc.fi/OPUS-OpenSubtitles/v2018/raw/ru.zip","http://www.opensubtitles.org/","http://www.opensubtitles.org/ P. Lison and J. Tiedemann, 2016, OpenSubtitles2016: Extracting Large Parallel Corpora from Movie and TV Subtitles. In Proceedings of the 10th International Conference on Language Resources and Evaluation (LREC 2016)","whole",NA,26,3.43045702550056,1.90000123170079,0.461538461538462,0
14868302,16953,"Знаешь, они сказали, что президенты не заводят новых друзей.",NA,"Знаешь, они сказали, что президенты не заводят новых друзей.",NA,NA,NA,NA,NA,NA,NA,107,"rus_nfi_155.txt","Russian","Russian","rus",NA,2017,"written","non-fiction","prepared_speeches","Cyrl",NA,"OpenSubtitles2018","https://object.pouta.csc.fi/OPUS-OpenSubtitles/v2018/raw/ru.zip","http://www.opensubtitles.org/","http://www.opensubtitles.org/ P. Lison and J. Tiedemann, 2016, OpenSubtitles2016: Extracting Large Parallel Corpora from Movie and TV Subtitles. In Proceedings of the 10th International Conference on Language Resources and Evaluation (LREC 2016)","whole",NA,60,4.34882487135245,3.06146971024866,0.433333333333333,0
14871713,16958,"Хотя... так и было.",NA,"Хотя... так и было.",NA,NA,NA,NA,NA,NA,NA,107,"rus_nfi_1554.txt","Russian","Russian","rus",NA,2016,"written","non-fiction","prepared_speeches","Cyrl",NA,"OpenSubtitles2018","https://object.pouta.csc.fi/OPUS-OpenSubtitles/v2018/raw/ru.zip","http://www.opensubtitles.org/","http://www.opensubtitles.org/ P. Lison and J. Tiedemann, 2016, OpenSubtitles2016: Extracting Large Parallel Corpora from Movie and TV Subtitles. In Proceedings of the 10th International Conference on Language Resources and Evaluation (LREC 2016)","whole",NA,19,3.36609132911919,2.34574998131979,0.631578947368421,0.111111111111111
14896056,16992,"Он найдет себе жилье.",NA,"Он найдет себе жилье.",NA,NA,NA,NA,NA,NA,NA,107,"rus_nfi_161.txt","Russian","Russian","rus",NA,2017,"written","non-fiction","prepared_speeches","Cyrl",NA,"OpenSubtitles2018","https://object.pouta.csc.fi/OPUS-OpenSubtitles/v2018/raw/ru.zip","http://www.opensubtitles.org/","http://www.opensubtitles.org/ P. Lison and J. Tiedemann, 2016, OpenSubtitles2016: Extracting Large Parallel Corpora from Movie and TV Subtitles. In Proceedings of the 10th International Conference on Language Resources and Evaluation (LREC 2016)","whole",NA,21,3.68970373219955,2.61896043998114,0.714285714285714,0
14993446,17152,"Но я абсолютно в порядке.",NA,"Но я абсолютно в порядке.",NA,NA,NA,NA,NA,NA,NA,107,"rus_nfi_305.txt","Russian","Russian","rus",NA,2017,"written","non-fiction","prepared_speeches","Cyrl",NA,"OpenSubtitles2018","https://object.pouta.csc.fi/OPUS-OpenSubtitles/v2018/raw/ru.zip","http://www.opensubtitles.org/","http://www.opensubtitles.org/ P. Lison and J. Tiedemann, 2016, OpenSubtitles2016: Extracting Large Parallel Corpora from Movie and TV Subtitles. In Proceedings of the 10th International Conference on Language Resources and Evaluation (LREC 2016)","whole",NA,25,3.92385618977472,2.80320205037859,0.72,0
14994550,17154,"Тереза Мэй висит на ниточке.",NA,"Тереза Мэй висит на ниточке.",NA,NA,NA,NA,NA,NA,NA,107,"rus_nfi_307.txt","Russian","Russian","rus",NA,2017,"written","non-fiction","prepared_speeches","Cyrl",NA,"OpenSubtitles2018","https://object.pouta.csc.fi/OPUS-OpenSubtitles/v2018/raw/ru.zip","http://www.opensubtitles.org/","http://www.opensubtitles.org/ P. Lison and J. Tiedemann, 2016, OpenSubtitles2016: Extracting Large Parallel Corpora from Movie and TV Subtitles. In Proceedings of the 10th International Conference on Language Resources and Evaluation (LREC 2016)","whole",NA,28,3.9677201004745,2.703418867798,0.642857142857143,0
15017100,17191,"поэтому я не взял эдгара он слишком тебе подходит эдгар - хороший человек, но нам и друг друга хватит",NA,"поэтому я не взял эдгара он слишком тебе подходит эдгар - хороший человек, но нам и друг друга хватит",NA,NA,NA,NA,NA,NA,NA,107,"rus_nfi_340.txt","Russian","Russian","rus",NA,2017,"written","non-fiction","prepared_speeches","Cyrl",NA,"OpenSubtitles2018","https://object.pouta.csc.fi/OPUS-OpenSubtitles/v2018/raw/ru.zip","http://www.opensubtitles.org/","http://www.opensubtitles.org/ P. Lison and J. Tiedemann, 2016, OpenSubtitles2016: Extracting Large Parallel Corpora from Movie and TV Subtitles. In Proceedings of the 10th International Conference on Language Resources and Evaluation (LREC 2016)","whole",NA,101,4.2991484342942,2.89653011085137,0.267326732673267,0
15028329,17212,"Учитывая смерть Хулио, это справедливо.",NA,"Учитывая смерть Хулио, это справедливо.",NA,NA,NA,NA,NA,NA,NA,107,"rus_nfi_36.txt","Russian","Russian","rus",NA,2017,"written","non-fiction","prepared_speeches","Cyrl",NA,"OpenSubtitles2018","https://object.pouta.csc.fi/OPUS-OpenSubtitles/v2018/raw/ru.zip","http://www.opensubtitles.org/","http://www.opensubtitles.org/ P. Lison and J. Tiedemann, 2016, OpenSubtitles2016: Extracting Large Parallel Corpora from Movie and TV Subtitles. In Proceedings of the 10th International Conference on Language Resources and Evaluation (LREC 2016)","whole",NA,39,4.33618298787112,2.92510316313154,0.58974358974359,0
15048089,17242,"Посмотрел на ютубе.",NA,"Посмотрел на ютубе.",NA,NA,NA,NA,NA,NA,NA,107,"rus_nfi_387.txt","Russian","Russian","rus",NA,2017,"written","non-fiction","prepared_speeches","Cyrl",NA,"OpenSubtitles2018","https://object.pouta.csc.fi/OPUS-OpenSubtitles/v2018/raw/ru.zip","http://www.opensubtitles.org/","http://www.opensubtitles.org/ P. Lison and J. Tiedemann, 2016, OpenSubtitles2016: Extracting Large Parallel Corpora from Movie and TV Subtitles. In Proceedings of the 10th International Conference on Language Resources and Evaluation (LREC 2016)","whole",NA,19,3.82687488186464,2.61609811163048,0.789473684210526,0
15057612,17262,"Формально, один дроид, то есть я, ЭйПи-5.",NA,"Формально, один дроид, то есть я, ЭйПи-5.",NA,NA,NA,NA,NA,NA,NA,107,"rus_nfi_404.txt","Russian","Russian","rus",NA,2017,"written","non-fiction","prepared_speeches","Cyrl",NA,"OpenSubtitles2018","https://object.pouta.csc.fi/OPUS-OpenSubtitles/v2018/raw/ru.zip","http://www.opensubtitles.org/","http://www.opensubtitles.org/ P. Lison and J. Tiedemann, 2016, OpenSubtitles2016: Extracting Large Parallel Corpora from Movie and TV Subtitles. In Proceedings of the 10th International Conference on Language Resources and Evaluation (LREC 2016)","whole",NA,41,4.15306229766067,2.94582635262888,0.536585365853659,0
15068536,17276,"Но за это время я понял, что я не крутой.",NA,"Но за это время я понял, что я не крутой.",NA,NA,NA,NA,NA,NA,NA,107,"rus_nfi_417.txt","Russian","Russian","rus",NA,2017,"written","non-fiction","prepared_speeches","Cyrl",NA,"OpenSubtitles2018","https://object.pouta.csc.fi/OPUS-OpenSubtitles/v2018/raw/ru.zip","http://www.opensubtitles.org/","http://www.opensubtitles.org/ P. Lison and J. Tiedemann, 2016, OpenSubtitles2016: Extracting Large Parallel Corpora from Movie and TV Subtitles. In Proceedings of the 10th International Conference on Language Resources and Evaluation (LREC 2016)","whole",NA,41,3.92111656584781,2.7676144848163,0.51219512195122,0
15078446,17294,"Я думаю, что что бы они ни сделали, воскрешая её, думаю, я могу достучаться до неё.",NA,"Я думаю, что что бы они ни сделали, воскрешая её, думаю, я могу достучаться до неё.",NA,NA,NA,NA,NA,NA,NA,107,"rus_nfi_433.txt","Russian","Russian","rus",NA,2017,"written","non-fiction","prepared_speeches","Cyrl",NA,"OpenSubtitles2018","https://object.pouta.csc.fi/OPUS-OpenSubtitles/v2018/raw/ru.zip","http://www.opensubtitles.org/","http://www.opensubtitles.org/ P. Lison and J. Tiedemann, 2016, OpenSubtitles2016: Extracting Large Parallel Corpora from Movie and TV Subtitles. In Proceedings of the 10th International Conference on Language Resources and Evaluation (LREC 2016)","whole",NA,83,4.31180374642859,2.78857605512197,0.325301204819277,0
15085159,17306,"Вообще-то она классная, если ходить на тренировки.",NA,"Вообще-то она классная, если ходить на тренировки.",NA,NA,NA,NA,NA,NA,NA,107,"rus_nfi_444.txt","Russian","Russian","rus",NA,2017,"written","non-fiction","prepared_speeches","Cyrl",NA,"OpenSubtitles2018","https://object.pouta.csc.fi/OPUS-OpenSubtitles/v2018/raw/ru.zip","http://www.opensubtitles.org/","http://www.opensubtitles.org/ P. Lison and J. Tiedemann, 2016, OpenSubtitles2016: Extracting Large Parallel Corpora from Movie and TV Subtitles. In Proceedings of the 10th International Conference on Language Resources and Evaluation (LREC 2016)","whole",NA,50,4.13817193947184,2.90194370095174,0.44,0.0408163265306122
15094514,17319,"Благодаря нам город вообще появился.",NA,"Благодаря нам город вообще появился.",NA,NA,NA,NA,NA,NA,NA,107,"rus_nfi_456.txt","Russian","Russian","rus",NA,2017,"written","non-fiction","prepared_speeches","Cyrl",NA,"OpenSubtitles2018","https://object.pouta.csc.fi/OPUS-OpenSubtitles/v2018/raw/ru.zip","http://www.opensubtitles.org/","http://www.opensubtitles.org/ P. Lison and J. Tiedemann, 2016, OpenSubtitles2016: Extracting Large Parallel Corpora from Movie and TV Subtitles. In Proceedings of the 10th International Conference on Language Resources and Evaluation (LREC 2016)","whole",NA,36,3.97493750120193,2.77683267904551,0.527777777777778,0.0285714285714286
15104680,17337,"Ну и куда ты?",NA,"Ну и куда ты?",NA,NA,NA,NA,NA,NA,NA,107,"rus_nfi_472.txt","Russian","Russian","rus",NA,2017,"written","non-fiction","prepared_speeches","Cyrl",NA,"OpenSubtitles2018","https://object.pouta.csc.fi/OPUS-OpenSubtitles/v2018/raw/ru.zip","http://www.opensubtitles.org/","http://www.opensubtitles.org/ P. Lison and J. Tiedemann, 2016, OpenSubtitles2016: Extracting Large Parallel Corpora from Movie and TV Subtitles. In Proceedings of the 10th International Conference on Language Resources and Evaluation (LREC 2016)","whole",NA,13,3.18083298720544,2.17771456894618,0.769230769230769,0
15108955,17344,"- (дэвид) Эми?",NA,"- (дэвид) Эми?",NA,NA,NA,NA,NA,NA,NA,107,"rus_nfi_479.txt","Russian","Russian","rus",NA,2017,"written","non-fiction","prepared_speeches","Cyrl",NA,"OpenSubtitles2018","https://object.pouta.csc.fi/OPUS-OpenSubtitles/v2018/raw/ru.zip","http://www.opensubtitles.org/","http://www.opensubtitles.org/ P. Lison and J. Tiedemann, 2016, OpenSubtitles2016: Extracting Large Parallel Corpora from Movie and TV Subtitles. In Proceedings of the 10th International Conference on Language Resources and Evaluation (LREC 2016)","whole",NA,14,3.37878349348618,2.23800471198285,0.785714285714286,0
15169658,17446,"И никому не нужны из-за скандала с Ринделлами.",NA,"И никому не нужны из-за скандала с Ринделлами.",NA,NA,NA,NA,NA,NA,NA,107,"rus_nfi_570.txt","Russian","Russian","rus",NA,2017,"written","non-fiction","prepared_speeches","Cyrl",NA,"OpenSubtitles2018","https://object.pouta.csc.fi/OPUS-OpenSubtitles/v2018/raw/ru.zip","http://www.opensubtitles.org/","http://www.opensubtitles.org/ P. Lison and J. Tiedemann, 2016, OpenSubtitles2016: Extracting Large Parallel Corpora from Movie and TV Subtitles. In Proceedings of the 10th International Conference on Language Resources and Evaluation (LREC 2016)","whole",NA,46,3.92517527268026,2.68446195099763,0.41304347826087,0.0222222222222222
15190567,17481,"-  рутой парень!",NA,"-  рутой парень!",NA,NA,NA,NA,NA,NA,NA,107,"rus_nfi_601.txt","Russian","Russian","rus",NA,2017,"written","non-fiction","prepared_speeches","Cyrl",NA,"OpenSubtitles2018","https://object.pouta.csc.fi/OPUS-OpenSubtitles/v2018/raw/ru.zip","http://www.opensubtitles.org/","http://www.opensubtitles.org/ P. Lison and J. Tiedemann, 2016, OpenSubtitles2016: Extracting Large Parallel Corpora from Movie and TV Subtitles. In Proceedings of the 10th International Conference on Language Resources and Evaluation (LREC 2016)","whole",NA,16,3.75,2.55454354492506,0.875,0
15195324,17489,"И... мужчина... занимался со мной сексом.",NA,"И... мужчина... занимался со мной сексом.",NA,NA,NA,NA,NA,NA,NA,107,"rus_nfi_609.txt","Russian","Russian","rus",NA,2017,"written","non-fiction","prepared_speeches","Cyrl",NA,"OpenSubtitles2018","https://object.pouta.csc.fi/OPUS-OpenSubtitles/v2018/raw/ru.zip","http://www.opensubtitles.org/","http://www.opensubtitles.org/ P. Lison and J. Tiedemann, 2016, OpenSubtitles2016: Extracting Large Parallel Corpora from Movie and TV Subtitles. In Proceedings of the 10th International Conference on Language Resources and Evaluation (LREC 2016)","whole",NA,41,3.80814255497588,2.65057756322827,0.439024390243902,0.1
15218689,17530,"Я не Леонардо, а вы - настоящая Мона Лиза.",NA,"Я не Леонардо, а вы - настоящая Мона Лиза.",NA,NA,NA,NA,NA,NA,NA,107,"rus_nfi_646.txt","Russian","Russian","rus",NA,2017,"written","non-fiction","prepared_speeches","Cyrl",NA,"OpenSubtitles2018","https://object.pouta.csc.fi/OPUS-OpenSubtitles/v2018/raw/ru.zip","http://www.opensubtitles.org/","http://www.opensubtitles.org/ P. Lison and J. Tiedemann, 2016, OpenSubtitles2016: Extracting Large Parallel Corpora from Movie and TV Subtitles. In Proceedings of the 10th International Conference on Language Resources and Evaluation (LREC 2016)","whole",NA,42,3.92779897029479,2.81438974525133,0.5,0
15222218,17535,"{АДРИАН вздыхает}",NA,"{АДРИАН вздыхает}",NA,NA,NA,NA,NA,NA,NA,107,"rus_nfi_650.txt","Russian","Russian","rus",NA,2017,"written","non-fiction","prepared_speeches","Cyrl",NA,"OpenSubtitles2018","https://object.pouta.csc.fi/OPUS-OpenSubtitles/v2018/raw/ru.zip","http://www.opensubtitles.org/","http://www.opensubtitles.org/ P. Lison and J. Tiedemann, 2016, OpenSubtitles2016: Extracting Large Parallel Corpora from Movie and TV Subtitles. In Proceedings of the 10th International Conference on Language Resources and Evaluation (LREC 2016)","whole",NA,17,3.96981578242681,2.76736012122191,0.941176470588235,0
15226896,17543,"Я получил твоё сообщение.",NA,"Я получил твоё сообщение.",NA,NA,NA,NA,NA,NA,NA,107,"rus_nfi_658.txt","Russian","Russian","rus",NA,2017,"written","non-fiction","prepared_speeches","Cyrl",NA,"OpenSubtitles2018","https://object.pouta.csc.fi/OPUS-OpenSubtitles/v2018/raw/ru.zip","http://www.opensubtitles.org/","http://www.opensubtitles.org/ P. Lison and J. Tiedemann, 2016, OpenSubtitles2016: Extracting Large Parallel Corpora from Movie and TV Subtitles. In Proceedings of the 10th International Conference on Language Resources and Evaluation (LREC 2016)","whole",NA,25,3.89366068968819,2.717958630164,0.68,0.0416666666666667
15314082,17684,"Я Альфа и Омега.",NA,"Я Альфа и Омега.",NA,NA,NA,NA,NA,NA,NA,107,"rus_nfi_785.txt","Russian","Russian","rus",NA,2016,"written","non-fiction","prepared_speeches","Cyrl",NA,"OpenSubtitles2018","https://object.pouta.csc.fi/OPUS-OpenSubtitles/v2018/raw/ru.zip","http://www.opensubtitles.org/","http://www.opensubtitles.org/ P. Lison and J. Tiedemann, 2016, OpenSubtitles2016: Extracting Large Parallel Corpora from Movie and TV Subtitles. In Proceedings of the 10th International Conference on Language Resources and Evaluation (LREC 2016)","whole",NA,16,3.57781953111478,2.44598319528967,0.8125,0
15335587,17720,"- Страна свободы, родина расистов.",NA,"- Страна свободы, родина расистов.",NA,NA,NA,NA,NA,NA,NA,107,"rus_nfi_817.txt","Russian","Russian","rus",NA,2016,"written","non-fiction","prepared_speeches","Cyrl",NA,"OpenSubtitles2018","https://object.pouta.csc.fi/OPUS-OpenSubtitles/v2018/raw/ru.zip","http://www.opensubtitles.org/","http://www.opensubtitles.org/ P. Lison and J. Tiedemann, 2016, OpenSubtitles2016: Extracting Large Parallel Corpora from Movie and TV Subtitles. In Proceedings of the 10th International Conference on Language Resources and Evaluation (LREC 2016)","whole",NA,34,3.80776357641719,2.46112983305813,0.470588235294118,0
15390741,17809,"Сына официантки.",NA,"Сына официантки.",NA,NA,NA,NA,NA,NA,NA,107,"rus_nfi_898.txt","Russian","Russian","rus",NA,2016,"written","non-fiction","prepared_speeches","Cyrl",NA,"OpenSubtitles2018","https://object.pouta.csc.fi/OPUS-OpenSubtitles/v2018/raw/ru.zip","http://www.opensubtitles.org/","http://www.opensubtitles.org/ P. Lison and J. Tiedemann, 2016, OpenSubtitles2016: Extracting Large Parallel Corpora from Movie and TV Subtitles. In Proceedings of the 10th International Conference on Language Resources and Evaluation (LREC 2016)","whole",NA,16,3.45281953111478,2.31959587905972,0.75,0
15443132,17889,"- А радуешься?",NA,"- А радуешься?",NA,NA,NA,NA,NA,NA,NA,107,"rus_nfi_97.txt","Russian","Russian","rus",NA,2017,"written","non-fiction","prepared_speeches","Cyrl",NA,"OpenSubtitles2018","https://object.pouta.csc.fi/OPUS-OpenSubtitles/v2018/raw/ru.zip","http://www.opensubtitles.org/","http://www.opensubtitles.org/ P. Lison and J. Tiedemann, 2016, OpenSubtitles2016: Extracting Large Parallel Corpora from Movie and TV Subtitles. In Proceedings of the 10th International Conference on Language Resources and Evaluation (LREC 2016)","whole",NA,14,3.66449777920046,2.52451784816244,0.928571428571429,0
15446459,17894,"С Гонконга в Бангкок, а затем на север... в Чиангмай, 3 недели побудем с семьёй Лин.",NA,"С Гонконга в Бангкок, а затем на север... в Чиангмай, 3 недели побудем с семьёй Лин.",NA,NA,NA,NA,NA,NA,NA,107,"rus_nfi_974.txt","Russian","Russian","rus",NA,2016,"written","non-fiction","prepared_speeches","Cyrl",NA,"OpenSubtitles2018","https://object.pouta.csc.fi/OPUS-OpenSubtitles/v2018/raw/ru.zip","http://www.opensubtitles.org/","http://www.opensubtitles.org/ P. Lison and J. Tiedemann, 2016, OpenSubtitles2016: Extracting Large Parallel Corpora from Movie and TV Subtitles. In Proceedings of the 10th International Conference on Language Resources and Evaluation (LREC 2016)","whole",NA,84,4.35264778220549,3.0822497069273,0.357142857142857,0.0240963855421687
15447175,17896,"Откуда у Робби Мортона взялись такие деньги?",NA,"Откуда у Робби Мортона взялись такие деньги?",NA,NA,NA,NA,NA,NA,NA,107,"rus_nfi_976.txt","Russian","Russian","rus",NA,2016,"written","non-fiction","prepared_speeches","Cyrl",NA,"OpenSubtitles2018","https://object.pouta.csc.fi/OPUS-OpenSubtitles/v2018/raw/ru.zip","http://www.opensubtitles.org/","http://www.opensubtitles.org/ P. Lison and J. Tiedemann, 2016, OpenSubtitles2016: Extracting Large Parallel Corpora from Movie and TV Subtitles. In Proceedings of the 10th International Conference on Language Resources and Evaluation (LREC 2016)","whole",NA,44,4.28273985702781,2.98652213115919,0.522727272727273,0.0232558139534884
15491017,17928,"—¿Pero qué hay que hacer?",NA,"—¿Pero qué hay que hacer?",NA,NA,NA,NA,NA,NA,NA,112,"spa_fic_100.txt","Spanish","Spanish","spa",NA,2013,"written","fiction","general_fiction","Latn",NA,"Pío Baroja, Mala Hierba","http://www.gutenberg.org/files/43017/43017-h/43017-h.htm","http://www.gutenberg.org","http://www.gutenberg.org","part",NA,25,3.73366068968819,2.34618761202833,0.6,0
15526580,17934,"A pesar de que la gente pensaba que no había peligro para la niña,",NA,"A pesar de que la gente pensaba que no había peligro para la niña,",NA,NA,NA,NA,NA,NA,NA,112,"spa_fic_106.txt","Spanish","Spanish","spa",NA,2004,"written","fiction","general_fiction","Latn",NA,"Baroja, Pío, 1872-1956, Zalacaín El Aventurero, (Historia de las buenas andanzas y fortunas de Martín Zalacaín el Aventurero), Spain -- History -- Carlist War, 1873-1876 -- Fiction","http://www.gutenberg.org/ebooks/13264.html.noimages","http://www.gutenberg.org","http://www.gutenberg.org","whole",NA,66,3.8499278725549,2.56175053000875,0.318181818181818,0
15560122,17941,"y ya nos contentaríamos para suma",NA,"y ya nos contentaríamos para suma",NA,NA,NA,NA,NA,NA,NA,112,"spa_fic_112.txt","Spanish","Spanish","spa",NA,2018,"written","fiction","general_fiction","Latn",NA,"Jacinto Benavente, De Sobremesa; crónicas, Quinta Parte (de 5)","http://www.gutenberg.org/files/58545/58545-h/58545-h.htm","http://www.gutenberg.org","http://www.gutenberg.org","whole",NA,33,3.54790690768409,2.41104225496166,0.424242424242424,0
15567439,17942,"Todas estas desconfianzas y recelos, más son",NA,"Todas estas desconfianzas y recelos, más son",NA,NA,NA,NA,NA,NA,NA,112,"spa_fic_113.txt","Spanish","Spanish","spa",NA,2017,"written","fiction","general_fiction","Latn",NA,"Jacinto Benavente, De Sobremesa; crónicas, Segunda Parte (de 5)","http://www.gutenberg.org/files/55038/55038-h/55038-h.htm","http://www.gutenberg.org","http://www.gutenberg.org","whole",NA,44,3.81705292530797,2.68615009170244,0.431818181818182,0
15589080,17946,"conclusiones prácticas relativas á la industria oleícola, expuestos en",NA,"conclusiones prácticas relativas á la industria oleícola, expuestos en",NA,NA,NA,NA,NA,NA,NA,112,"spa_fic_117.txt","Spanish","Spanish","spa",NA,2013,"written","fiction","general_fiction","Latn",NA,"Alejandro Bizzarri, El aceite de olivas","http://www.gutenberg.org/files/41842/41842-h/41842-h.htm","http://www.gutenberg.org","http://www.gutenberg.org","whole",NA,70,3.9775777117288,2.66738249977412,0.271428571428571,0
15590939,17946,"Cuyo valor, pesos oro, fué de 100.589.",NA,"Cuyo valor, pesos oro, fué de 100.589.",NA,NA,NA,NA,NA,NA,NA,112,"spa_fic_117.txt","Spanish","Spanish","spa",NA,2013,"written","fiction","general_fiction","Latn",NA,"Alejandro Bizzarri, El aceite de olivas","http://www.gutenberg.org/files/41842/41842-h/41842-h.htm","http://www.gutenberg.org","http://www.gutenberg.org","whole",NA,38,4.16583763242349,2.9445735146144,0.578947368421053,0.027027027027027
15613036,17951,"cambió súbitamente de vida y comenzó á emprender largas excursiones á",NA,"cambió súbitamente de vida y comenzó á emprender largas excursiones á",NA,NA,NA,NA,NA,NA,NA,112,"spa_fic_14.txt","Spanish","Spanish","spa",NA,2019,"written","fiction","general_fiction","Latn",NA,"Pedro Antonio de Alarcón, El Niño de la Bola","http://www.gutenberg.org/files/59154/59154-h/59154-h.htm","http://www.gutenberg.org","http://www.gutenberg.org","part",NA,69,4.18290095763878,2.89758562132898,0.347826086956522,0
15714049,17973,"Hasta aqui solo se ha hablado de estos empleados como dependientes",NA,"Hasta aqui solo se ha hablado de estos empleados como dependientes",NA,NA,NA,NA,NA,NA,NA,112,"spa_fic_34.txt","Spanish","Spanish","spa",NA,2010,"written","fiction","general_fiction","Latn",NA,"Don Luis Prudencio Alvarez y Tejero, De Las Islas Filipinas","http://www.gutenberg.org/files/30892/30892-h/30892-h.htm","http://www.gutenberg.org","http://www.gutenberg.org","whole",NA,66,3.74405359202773,2.55832409630156,0.272727272727273,0
15720439,17974,"vamos inmediatamente. ¿No estáis incomodados?",NA,"vamos inmediatamente. ¿No estáis incomodados?",NA,NA,NA,NA,NA,NA,NA,112,"spa_fic_35.txt","Spanish","Spanish","spa",NA,2009,"written","fiction","general_fiction","Latn",NA,"Leonid Nikolayevich Andreyev, Los espectros","http://www.gutenberg.org/files/29799/29799-h/29799-h.htm","http://www.gutenberg.org","http://www.gutenberg.org","whole",NA,45,3.85020191897574,2.53146866281634,0.377777777777778,0
15725380,17975,"El Limense Concilio fué informado:",NA,"El Limense Concilio fué informado:",NA,NA,NA,NA,NA,NA,NA,112,"spa_fic_36.txt","Spanish","Spanish","spa",NA,2008,"written","fiction","general_fiction","Latn",NA,"Arcidiano D. Martin del Barco Centenera, La Argentina","http://www.gutenberg.org/files/25317/25317-h/25317-h.htm","http://www.gutenberg.org","http://www.gutenberg.org","part",NA,34,4.00643673824553,2.80487496458099,0.558823529411765,0
15742745,17980,"por medio de la fuerza: pero que, estando esta á cargo de los",NA,"por medio de la fuerza: pero que, estando esta á cargo de los",NA,NA,NA,NA,NA,NA,NA,112,"spa_fic_40.txt","Spanish","Spanish","spa",NA,2006,"written","fiction","general_fiction","Latn",NA,"Anonymous, Actas capitulares desde el 21 hasta el 25 de mayo de 1810 en Buenos Aires","http://www.gutenberg.org/files/19643/19643-h/19643-h.htm","http://www.gutenberg.org","http://www.gutenberg.org","whole",NA,61,3.91608400986484,2.66103384098659,0.360655737704918,0
15756377,17985,"riéndose á carcajadas y dando dos vueltas al salón. Y mi hermano la",NA,"riéndose á carcajadas y dando dos vueltas al salón. Y mi hermano la",NA,NA,NA,NA,NA,NA,NA,112,"spa_fic_45.txt","Spanish","Spanish","spa",NA,2014,"written","fiction","general_fiction","Latn",NA,"Anonymous, El libro de las mil noches y una noche; t 2","http://www.gutenberg.org/files/47631/47631-h/47631-h.htm","http://www.gutenberg.org","http://www.gutenberg.org","part",NA,67,3.99194162462601,2.81140549859728,0.343283582089552,0
15760467,17986,"porteros. Y mi hermano Schakalik se aproximó á los que allí estaban y",NA,"porteros. Y mi hermano Schakalik se aproximó á los que allí estaban y",NA,NA,NA,NA,NA,NA,NA,112,"spa_fic_46.txt","Spanish","Spanish","spa",NA,2015,"written","fiction","general_fiction","Latn",NA,"Anonymous, El libro de las mil noches y una noche; t 3","http://www.gutenberg.org/files/48903/48903-h/48903-h.htm","http://www.gutenberg.org","http://www.gutenberg.org","part",NA,69,4.23316082755704,3.02448331985203,0.376811594202899,0.0147058823529412
15769397,17988,"—Vámonos luégo, señor,",NA,"—Vámonos luégo, señor,",NA,NA,NA,NA,NA,NA,NA,112,"spa_fic_48.txt","Spanish","Spanish","spa",NA,2018,"written","fiction","general_fiction","Latn",NA,"Anonymous, Romancero selecto del Cid","http://www.gutenberg.org/files/57648/57648-h/57648-h.htm","http://www.gutenberg.org","http://www.gutenberg.org","whole",NA,22,3.82306798227366,2.64488030740351,0.727272727272727,0
15839840,18003,"Dentro de la maldad se crean virtudes relativas.",NA,"Dentro de la maldad se crean virtudes relativas.",NA,NA,NA,NA,NA,NA,NA,112,"spa_fic_61.txt","Spanish","Spanish","spa",NA,2013,"written","fiction","general_fiction","Latn",NA,"Rafael Argilagos, Granos de oro","http://www.gutenberg.org/files/43861/43861-h/43861-h.htm","http://www.gutenberg.org","http://www.gutenberg.org","whole",NA,48,3.77380214718892,2.6236190795967,0.354166666666667,0
15867916,18010,"obligado a abandonar mis trabajos en la Península, lo haría[p. 184] sin murmurar, lleno el",NA,"obligado a abandonar mis trabajos en la Península, lo haría[p. 184] sin murmurar, lleno el",NA,NA,NA,NA,NA,NA,NA,112,"spa_fic_68.txt","Spanish","Spanish","spa",NA,NA,"written","fiction","general_fiction","Latn",NA,"Gutenberg Project, Spanish","http://www.gutenberg.org/files/51689/51689-h/51689-h.htm","http://www.gutenberg.org","http://www.gutenberg.org","part",NA,90,4.18446878695663,2.95363897074301,0.3,0.0112359550561798
15883318,18015,"tiene el debido peso.» Estos ejemplos y otros por",NA,"tiene el debido peso.» Estos ejemplos y otros por",NA,NA,NA,NA,NA,NA,NA,112,"spa_fic_72.txt","Spanish","Spanish","spa",NA,2009,"written","fiction","general_fiction","Latn",NA,"Jaime Balmes, El Criterio","http://www.gutenberg.org/files/28929/28929-h/28929-h.htm","http://www.gutenberg.org","http://www.gutenberg.org","part",NA,49,3.7285387341648,2.64987808760743,0.36734693877551,0
15887825,18016,"proviene de la fuerza intelectual y de su noticia[3]».",NA,"proviene de la fuerza intelectual y de su noticia[3]».",NA,NA,NA,NA,NA,NA,NA,112,"spa_fic_73.txt","Spanish","Spanish","spa",NA,2004,"written","fiction","general_fiction","Latn",NA,"Balmes, Jaime Luciano, 1810-1848, Filosofía Fundamental, Tomo I, Philosophy","http://www.gutenberg.org/ebooks/13608.html.noimages","http://www.gutenberg.org","http://www.gutenberg.org","part",NA,54,4.14986834544019,2.90880921055122,0.425925925925926,0
15893234,18017,"es inalterable, que las cosas no son mas que lo que parecen; y que en el",NA,"es inalterable, que las cosas no son mas que lo que parecen; y que en el",NA,NA,NA,NA,NA,NA,NA,112,"spa_fic_74.txt","Spanish","Spanish","spa",NA,2005,"written","fiction","general_fiction","Latn",NA,"Balmes, Jaime Luciano, 1810-1848, Filosofía Fundamental, Tomo II, Philosophy","http://www.gutenberg.org/ebooks/16132.html.noimages","http://www.gutenberg.org","http://www.gutenberg.org","part",NA,72,3.68525920009974,2.4566913692986,0.263888888888889,0
15897604,18018,"percepcion y del juicio, haciendo ver que el entendimiento no se",NA,"percepcion y del juicio, haciendo ver que el entendimiento no se",NA,NA,NA,NA,NA,NA,NA,112,"spa_fic_75.txt","Spanish","Spanish","spa",NA,2006,"written","fiction","general_fiction","Latn",NA,"Jaime Balmes, Filosofia Fundamental, Volumen III","http://www.gutenberg.org/files/17974/17974-h/17974-h.htm","http://www.gutenberg.org","http://www.gutenberg.org","part",NA,64,3.86473270720097,2.68399557364185,0.328125,0
15946595,18029,"—Hay que ser consecuente—murmuró Leguía,",NA,"—Hay que ser consecuente—murmuró Leguía,",NA,NA,NA,NA,NA,NA,NA,112,"spa_fic_85.txt","Spanish","Spanish","spa",NA,2014,"written","fiction","general_fiction","Latn",NA,"Pío Baroja, Memorias de un hombre de acción:	#1 El aprendiz de conspirador","http://www.gutenberg.org/files/47103/47103-h/47103-h.htm","http://www.gutenberg.org","http://www.gutenberg.org","whole",NA,40,4.02507052036418,2.76578597591145,0.5,0
15956787,18031,"para ellos.",NA,"para ellos.",NA,NA,NA,NA,NA,NA,NA,112,"spa_fic_87.txt","Spanish","Spanish","spa",NA,2015,"written","fiction","general_fiction","Latn",NA,"Pío Baroja, Memorias de un Hombre de Acción:	#3 Los Caminos del Mundo","http://www.gutenberg.org/files/49280/49280-h/49280-h.htm","http://www.gutenberg.org","http://www.gutenberg.org","part",NA,11,3.09579525500093,2.06822661212311,0.818181818181818,0.1
15993000,18037,"de su expedición.",NA,"de su expedición.",NA,NA,NA,NA,NA,NA,NA,112,"spa_fic_92.txt","Spanish","Spanish","spa",NA,2015,"written","fiction","general_fiction","Latn",NA,"Pío Baroja, Memorias de un Hombre de Acción:	#2 El Escuadrón del Brigante","http://www.gutenberg.org/files/48783/48783-h/48783-h.htm","http://www.gutenberg.org","http://www.gutenberg.org","part",NA,17,3.45482239994661,2.37335807540897,0.705882352941177,0
16027985,18043,"El Tío Pérquique conocía la Sociedad de los",NA,"El Tío Pérquique conocía la Sociedad de los",NA,NA,NA,NA,NA,NA,NA,112,"spa_fic_98.txt","Spanish","Spanish","spa",NA,2013,"written","fiction","general_fiction","Latn",NA,"Pío Baroja, La Lucha Por La Vida; La Busca","http://www.gutenberg.org/files/43432/43432-h/43432-h.htm","http://www.gutenberg.org","http://www.gutenberg.org","part",NA,43,3.96032144215193,2.66845058658962,0.441860465116279,0
16028150,18043,"habéis concluído?",NA,"habéis concluído?",NA,NA,NA,NA,NA,NA,NA,112,"spa_fic_98.txt","Spanish","Spanish","spa",NA,2013,"written","fiction","general_fiction","Latn",NA,"Pío Baroja, La Lucha Por La Vida; La Busca","http://www.gutenberg.org/files/43432/43432-h/43432-h.htm","http://www.gutenberg.org","http://www.gutenberg.org","part",NA,17,3.85216872360328,2.62399338245967,0.882352941176471,0
16039875,18045,"03025018	Cumplan mis leyes y guarden mis mandamientos ; pónganlos en práctica y así vivirán seguros en la tierra ,","03025018","Cumplan mis leyes y guarden mis mandamientos ; pónganlos en práctica y así vivirán seguros en la tierra ,",NA,NA,NA,NA,NA,NA,NA,113,"spa_nfi_1.txt","Spanish","Spanish","spa",NA,NA,"written","non-fiction","religion","Latn",NA,"The Bible in Latin-American Spanish. Text of the Parallel Bible Corpus: Mayer, Thomas & Michael Cysouw. 2014. Creating a Massively Parallel Bible Corpus. Proceedings of the International Conference on Language Resources and Evaluation (LREC), Reykjavik, 3158-3163.","https://www.bible.com/versions/28","© Bible Society in Spain","The Word<br>The Bible Society in Spain has undertaken a new translation of the Bible into Spanish by an international team of biblical scholars belonging to various Christian churches. That translation is performed two different editions . One is The Word , a distinctly evangelical edition, without the deuterocanonical books . This edition is available in  Spanish version  ( BLP ) and  Latin American version  ( BLPH ) well adapted to the uses of Spanish on either side of the Atlantic . The other issue is purely interfaith character called Interfaith Bible Translation ( BTI ) with the deuterocanonical books from the OT and the NT, in  Spanish Version and Spanish American Bible , Interfaith Translation ( BHTI ) in  Spanish American version .<br>The word , in its Latin American version is a faithful translation of the Bible to the best manuscripts available today in the original Hebrew , Aramaic and Greek languages ​​. The literacy level is high but understandable seeking that is clear in the use of language and beautiful as faithful exponent of the literature of the century.<br>You can learn about the great things that the Bible Society in Spain is doing on several fronts by visiting the www.sociedadbiblica.org.","whole","The first two digits of the identifier refer to the book, the next three digits to the chapter, and the last three digits to the verse. See Mayer & Cysouw (2014) for a list of book identifiers.",105,4.12931670816068,2.7255720178032,0.228571428571429,0.00961538461538462
16063187,18045,"43016009	El pecado está en que ellos no creen en mí ;","43016009","El pecado está en que ellos no creen en mí ;",NA,NA,NA,NA,NA,NA,NA,113,"spa_nfi_1.txt","Spanish","Spanish","spa",NA,NA,"written","non-fiction","religion","Latn",NA,"The Bible in Latin-American Spanish. Text of the Parallel Bible Corpus: Mayer, Thomas & Michael Cysouw. 2014. Creating a Massively Parallel Bible Corpus. Proceedings of the International Conference on Language Resources and Evaluation (LREC), Reykjavik, 3158-3163.","https://www.bible.com/versions/28","© Bible Society in Spain","The Word<br>The Bible Society in Spain has undertaken a new translation of the Bible into Spanish by an international team of biblical scholars belonging to various Christian churches. That translation is performed two different editions . One is The Word , a distinctly evangelical edition, without the deuterocanonical books . This edition is available in  Spanish version  ( BLP ) and  Latin American version  ( BLPH ) well adapted to the uses of Spanish on either side of the Atlantic . The other issue is purely interfaith character called Interfaith Bible Translation ( BTI ) with the deuterocanonical books from the OT and the NT, in  Spanish Version and Spanish American Bible , Interfaith Translation ( BHTI ) in  Spanish American version .<br>The word , in its Latin American version is a faithful translation of the Bible to the best manuscripts available today in the original Hebrew , Aramaic and Greek languages ​​. The literacy level is high but understandable seeking that is clear in the use of language and beautiful as faithful exponent of the literature of the century.<br>You can learn about the great things that the Bible Society in Spain is doing on several fronts by visiting the www.sociedadbiblica.org.","whole","The first two digits of the identifier refer to the book, the next three digits to the chapter, and the last three digits to the verse. See Mayer & Cysouw (2014) for a list of book identifiers.",44,3.67013489242819,2.59140589514409,0.431818181818182,0.0465116279069767
16110258,18112,"- No voy a renunciar.",NA,"- No voy a renunciar.",NA,NA,NA,NA,NA,NA,NA,113,"spa_nfi_1059.txt","Spanish","Spanish","spa",NA,2017,"written","non-fiction","prepared_speeches","Latn",NA,"OpenSubtitles2018","https://object.pouta.csc.fi/OPUS-OpenSubtitles/v2018/raw/es.zip","http://www.opensubtitles.org/","http://www.opensubtitles.org/ P. Lison and J. Tiedemann, 2016, OpenSubtitles2016: Extracting Large Parallel Corpora from Movie and TV Subtitles. In Proceedings of the 10th International Conference on Language Resources and Evaluation (LREC 2016)","whole",NA,21,3.630412660874,2.53835493909558,0.666666666666667,0
16118504,18126,"¿Oye, tienes la llave?",NA,"¿Oye, tienes la llave?",NA,NA,NA,NA,NA,NA,NA,113,"spa_nfi_1071.txt","Spanish","Spanish","spa",NA,2017,"written","non-fiction","prepared_speeches","Latn",NA,"OpenSubtitles2018","https://object.pouta.csc.fi/OPUS-OpenSubtitles/v2018/raw/es.zip","http://www.opensubtitles.org/","http://www.opensubtitles.org/ P. Lison and J. Tiedemann, 2016, OpenSubtitles2016: Extracting Large Parallel Corpora from Movie and TV Subtitles. In Proceedings of the 10th International Conference on Language Resources and Evaluation (LREC 2016)","whole",NA,22,3.57262366389516,2.40698928349306,0.636363636363636,0.0476190476190476
16152993,18183,"Cuando se vayan, te llevaré al hospital.",NA,"Cuando se vayan, te llevaré al hospital.",NA,NA,NA,NA,NA,NA,NA,113,"spa_nfi_1122.txt","Spanish","Spanish","spa",NA,2017,"written","non-fiction","prepared_speeches","Latn",NA,"OpenSubtitles2018","https://object.pouta.csc.fi/OPUS-OpenSubtitles/v2018/raw/es.zip","http://www.opensubtitles.org/","http://www.opensubtitles.org/ P. Lison and J. Tiedemann, 2016, OpenSubtitles2016: Extracting Large Parallel Corpora from Movie and TV Subtitles. In Proceedings of the 10th International Conference on Language Resources and Evaluation (LREC 2016)","whole",NA,40,3.97756715711693,2.76830032235873,0.5,0.0256410256410256
16155650,18187,"Hay un medicamento que",NA,"Hay un medicamento que",NA,NA,NA,NA,NA,NA,NA,113,"spa_nfi_1126.txt","Spanish","Spanish","spa",NA,2017,"written","non-fiction","prepared_speeches","Latn",NA,"OpenSubtitles2018","https://object.pouta.csc.fi/OPUS-OpenSubtitles/v2018/raw/es.zip","http://www.opensubtitles.org/","http://www.opensubtitles.org/ P. Lison and J. Tiedemann, 2016, OpenSubtitles2016: Extracting Large Parallel Corpora from Movie and TV Subtitles. In Proceedings of the 10th International Conference on Language Resources and Evaluation (LREC 2016)","whole",NA,22,3.66353275480426,2.43789615692199,0.636363636363636,0
16177576,18218,"Me culpa por la pérdida del envío quiere que le devuelva el doble del dinero.",NA,"Me culpa por la pérdida del envío quiere que le devuelva el doble del dinero.",NA,NA,NA,NA,NA,NA,NA,113,"spa_nfi_1154.txt","Spanish","Spanish","spa",NA,2017,"written","non-fiction","prepared_speeches","Latn",NA,"OpenSubtitles2018","https://object.pouta.csc.fi/OPUS-OpenSubtitles/v2018/raw/es.zip","http://www.opensubtitles.org/","http://www.opensubtitles.org/ P. Lison and J. Tiedemann, 2016, OpenSubtitles2016: Extracting Large Parallel Corpora from Movie and TV Subtitles. In Proceedings of the 10th International Conference on Language Resources and Evaluation (LREC 2016)","whole",NA,77,3.73010040815549,2.46406828725516,0.246753246753247,0
16201752,18257,"¿Por qué no cada uno, por separado, presenta 10 ideas para el cómic?",NA,"¿Por qué no cada uno, por separado, presenta 10 ideas para el cómic?",NA,NA,NA,NA,NA,NA,NA,113,"spa_nfi_119.txt","Spanish","Spanish","spa",NA,2017,"written","non-fiction","prepared_speeches","Latn",NA,"OpenSubtitles2018","https://object.pouta.csc.fi/OPUS-OpenSubtitles/v2018/raw/es.zip","http://www.opensubtitles.org/","http://www.opensubtitles.org/ P. Lison and J. Tiedemann, 2016, OpenSubtitles2016: Extracting Large Parallel Corpora from Movie and TV Subtitles. In Proceedings of the 10th International Conference on Language Resources and Evaluation (LREC 2016)","whole",NA,68,4.10410958477066,2.8151421050756,0.352941176470588,0
16216414,18280,"Yo abriré los otros vagones.",NA,"Yo abriré los otros vagones.",NA,NA,NA,NA,NA,NA,NA,113,"spa_nfi_121.txt","Spanish","Spanish","spa",NA,2017,"written","non-fiction","prepared_speeches","Latn",NA,"OpenSubtitles2018","https://object.pouta.csc.fi/OPUS-OpenSubtitles/v2018/raw/es.zip","http://www.opensubtitles.org/","http://www.opensubtitles.org/ P. Lison and J. Tiedemann, 2016, OpenSubtitles2016: Extracting Large Parallel Corpora from Movie and TV Subtitles. In Proceedings of the 10th International Conference on Language Resources and Evaluation (LREC 2016)","whole",NA,28,3.69594722638747,2.57392485675212,0.571428571428571,0
16216615,18281,"Cena conmigo.",NA,"Cena conmigo.",NA,NA,NA,NA,NA,NA,NA,113,"spa_nfi_1210.txt","Spanish","Spanish","spa",NA,2017,"written","non-fiction","prepared_speeches","Latn",NA,"OpenSubtitles2018","https://object.pouta.csc.fi/OPUS-OpenSubtitles/v2018/raw/es.zip","http://www.opensubtitles.org/","http://www.opensubtitles.org/ P. Lison and J. Tiedemann, 2016, OpenSubtitles2016: Extracting Large Parallel Corpora from Movie and TV Subtitles. In Proceedings of the 10th International Conference on Language Resources and Evaluation (LREC 2016)","whole",NA,13,3.39274741044878,2.24949336168122,0.846153846153846,0
16325470,18459,"Yo soy un ex agente del FBI de 45 años que tiene una tienda de sándwiches.",NA,"Yo soy un ex agente del FBI de 45 años que tiene una tienda de sándwiches.",NA,NA,NA,NA,NA,NA,NA,113,"spa_nfi_151.txt","Spanish","Spanish","spa",NA,2017,"written","non-fiction","prepared_speeches","Latn",NA,"OpenSubtitles2018","https://object.pouta.csc.fi/OPUS-OpenSubtitles/v2018/raw/es.zip","http://www.opensubtitles.org/","http://www.opensubtitles.org/ P. Lison and J. Tiedemann, 2016, OpenSubtitles2016: Extracting Large Parallel Corpora from Movie and TV Subtitles. In Proceedings of the 10th International Conference on Language Resources and Evaluation (LREC 2016)","whole",NA,74,4.06356049770252,2.87147553363498,0.364864864864865,0
16343577,18489,"Cuando lo pusimos contra el Ferrari y el McLaren",NA,"Cuando lo pusimos contra el Ferrari y el McLaren",NA,NA,NA,NA,NA,NA,NA,113,"spa_nfi_179.txt","Spanish","Spanish","spa",NA,2017,"written","non-fiction","prepared_speeches","Latn",NA,"OpenSubtitles2018","https://object.pouta.csc.fi/OPUS-OpenSubtitles/v2018/raw/es.zip","http://www.opensubtitles.org/","http://www.opensubtitles.org/ P. Lison and J. Tiedemann, 2016, OpenSubtitles2016: Extracting Large Parallel Corpora from Movie and TV Subtitles. In Proceedings of the 10th International Conference on Language Resources and Evaluation (LREC 2016)","whole",NA,48,3.97830801158024,2.70681334822153,0.416666666666667,0.0212765957446809
16381550,18543,"Me entregan a ti directamente y sin hacer preguntas.",NA,"Me entregan a ti directamente y sin hacer preguntas.",NA,NA,NA,NA,NA,NA,NA,113,"spa_nfi_227.txt","Spanish","Spanish","spa",NA,2017,"written","non-fiction","prepared_speeches","Latn",NA,"OpenSubtitles2018","https://object.pouta.csc.fi/OPUS-OpenSubtitles/v2018/raw/es.zip","http://www.opensubtitles.org/","http://www.opensubtitles.org/ P. Lison and J. Tiedemann, 2016, OpenSubtitles2016: Extracting Large Parallel Corpora from Movie and TV Subtitles. In Proceedings of the 10th International Conference on Language Resources and Evaluation (LREC 2016)","whole",NA,52,3.74690493111275,2.63977061041362,0.346153846153846,0
16381807,18544,"En realidad hay una historia muy divertida.",NA,"En realidad hay una historia muy divertida.",NA,NA,NA,NA,NA,NA,NA,113,"spa_nfi_228.txt","Spanish","Spanish","spa",NA,2017,"written","non-fiction","prepared_speeches","Latn",NA,"OpenSubtitles2018","https://object.pouta.csc.fi/OPUS-OpenSubtitles/v2018/raw/es.zip","http://www.opensubtitles.org/","http://www.opensubtitles.org/ P. Lison and J. Tiedemann, 2016, OpenSubtitles2016: Extracting Large Parallel Corpora from Movie and TV Subtitles. In Proceedings of the 10th International Conference on Language Resources and Evaluation (LREC 2016)","whole",NA,43,3.85919317364968,2.62323238904785,0.418604651162791,0
16384627,18548,"Aunque me dijera que no lo haga nunca.",NA,"Aunque me dijera que no lo haga nunca.",NA,NA,NA,NA,NA,NA,NA,113,"spa_nfi_231.txt","Spanish","Spanish","spa",NA,2017,"written","non-fiction","prepared_speeches","Latn",NA,"OpenSubtitles2018","https://object.pouta.csc.fi/OPUS-OpenSubtitles/v2018/raw/es.zip","http://www.opensubtitles.org/","http://www.opensubtitles.org/ P. Lison and J. Tiedemann, 2016, OpenSubtitles2016: Extracting Large Parallel Corpora from Movie and TV Subtitles. In Proceedings of the 10th International Conference on Language Resources and Evaluation (LREC 2016)","whole",NA,38,3.7834147646435,2.57600430656751,0.473684210526316,0
16385552,18550,"Da igual, podemos hacerlo sin él.",NA,"Da igual, podemos hacerlo sin él.",NA,NA,NA,NA,NA,NA,NA,113,"spa_nfi_233.txt","Spanish","Spanish","spa",NA,2017,"written","non-fiction","prepared_speeches","Latn",NA,"OpenSubtitles2018","https://object.pouta.csc.fi/OPUS-OpenSubtitles/v2018/raw/es.zip","http://www.opensubtitles.org/","http://www.opensubtitles.org/ P. Lison and J. Tiedemann, 2016, OpenSubtitles2016: Extracting Large Parallel Corpora from Movie and TV Subtitles. In Proceedings of the 10th International Conference on Language Resources and Evaluation (LREC 2016)","whole",NA,33,4.07850615023945,2.86267206640998,0.606060606060606,0
16426298,18610,"Todo lo que puedo hacer es cumplir con la orden judicial... pedirle a Dios que pueda convencer al juez de que soy una mujer diferente.",NA,"Todo lo que puedo hacer es cumplir con la orden judicial... pedirle a Dios que pueda convencer al juez de que soy una mujer diferente.",NA,NA,NA,NA,NA,NA,NA,113,"spa_nfi_288.txt","Spanish","Spanish","spa",NA,2017,"written","non-fiction","prepared_speeches","Latn",NA,"OpenSubtitles2018","https://object.pouta.csc.fi/OPUS-OpenSubtitles/v2018/raw/es.zip","http://www.opensubtitles.org/","http://www.opensubtitles.org/ P. Lison and J. Tiedemann, 2016, OpenSubtitles2016: Extracting Large Parallel Corpora from Movie and TV Subtitles. In Proceedings of the 10th International Conference on Language Resources and Evaluation (LREC 2016)","whole",NA,134,4.04778256778816,2.75574388423104,0.186567164179104,0.0150375939849624
16452074,18655,"Te ofrezco un trato.",NA,"Te ofrezco un trato.",NA,NA,NA,NA,NA,NA,NA,113,"spa_nfi_328.txt","Spanish","Spanish","spa",NA,2017,"written","non-fiction","prepared_speeches","Latn",NA,"OpenSubtitles2018","https://object.pouta.csc.fi/OPUS-OpenSubtitles/v2018/raw/es.zip","http://www.opensubtitles.org/","http://www.opensubtitles.org/ P. Lison and J. Tiedemann, 2016, OpenSubtitles2016: Extracting Large Parallel Corpora from Movie and TV Subtitles. In Proceedings of the 10th International Conference on Language Resources and Evaluation (LREC 2016)","whole",NA,20,3.54643934467102,2.40852114423217,0.65,0
16502453,18735,"¿Quizá podáis localizarlo de ese modo?",NA,"¿Quizá podáis localizarlo de ese modo?",NA,NA,NA,NA,NA,NA,NA,113,"spa_nfi_40.txt","Spanish","Spanish","spa",NA,2017,"written","non-fiction","prepared_speeches","Latn",NA,"OpenSubtitles2018","https://object.pouta.csc.fi/OPUS-OpenSubtitles/v2018/raw/es.zip","http://www.opensubtitles.org/","http://www.opensubtitles.org/ P. Lison and J. Tiedemann, 2016, OpenSubtitles2016: Extracting Large Parallel Corpora from Movie and TV Subtitles. In Proceedings of the 10th International Conference on Language Resources and Evaluation (LREC 2016)","whole",NA,38,3.92585301456128,2.62537374750279,0.473684210526316,0
16541529,18790,"Vale, he reconfigurado esta cosa para que suene si hay otro dispositivo de mensajería cerca.",NA,"Vale, he reconfigurado esta cosa para que suene si hay otro dispositivo de mensajería cerca.",NA,NA,NA,NA,NA,NA,NA,113,"spa_nfi_45.txt","Spanish","Spanish","spa",NA,2017,"written","non-fiction","prepared_speeches","Latn",NA,"OpenSubtitles2018","https://object.pouta.csc.fi/OPUS-OpenSubtitles/v2018/raw/es.zip","http://www.opensubtitles.org/","http://www.opensubtitles.org/ P. Lison and J. Tiedemann, 2016, OpenSubtitles2016: Extracting Large Parallel Corpora from Movie and TV Subtitles. In Proceedings of the 10th International Conference on Language Resources and Evaluation (LREC 2016)","whole",NA,92,4.11032356411229,2.90569717456298,0.282608695652174,0
16576169,18847,"- No, no lo hizo.",NA,"- No, no lo hizo.",NA,NA,NA,NA,NA,NA,NA,113,"spa_nfi_500.txt","Spanish","Spanish","spa",NA,2017,"written","non-fiction","prepared_speeches","Latn",NA,"OpenSubtitles2018","https://object.pouta.csc.fi/OPUS-OpenSubtitles/v2018/raw/es.zip","http://www.opensubtitles.org/","http://www.opensubtitles.org/ P. Lison and J. Tiedemann, 2016, OpenSubtitles2016: Extracting Large Parallel Corpora from Movie and TV Subtitles. In Proceedings of the 10th International Conference on Language Resources and Evaluation (LREC 2016)","whole",NA,17,3.1462863706621,2.22714062140779,0.647058823529412,0
16596504,18882,"Ray, no es mi culpa si quiero ponerme fuerte para mí misma.",NA,"Ray, no es mi culpa si quiero ponerme fuerte para mí misma.",NA,NA,NA,NA,NA,NA,NA,113,"spa_nfi_532.txt","Spanish","Spanish","spa",NA,2017,"written","non-fiction","prepared_speeches","Latn",NA,"OpenSubtitles2018","https://object.pouta.csc.fi/OPUS-OpenSubtitles/v2018/raw/es.zip","http://www.opensubtitles.org/","http://www.opensubtitles.org/ P. Lison and J. Tiedemann, 2016, OpenSubtitles2016: Extracting Large Parallel Corpora from Movie and TV Subtitles. In Proceedings of the 10th International Conference on Language Resources and Evaluation (LREC 2016)","whole",NA,59,3.95378959568617,2.70796310108085,0.355932203389831,0
16648722,18966,"¿Es por...?",NA,"¿Es por...?",NA,NA,NA,NA,NA,NA,NA,113,"spa_nfi_608.txt","Spanish","Spanish","spa",NA,2017,"written","non-fiction","prepared_speeches","Latn",NA,"OpenSubtitles2018","https://object.pouta.csc.fi/OPUS-OpenSubtitles/v2018/raw/es.zip","http://www.opensubtitles.org/","http://www.opensubtitles.org/ P. Lison and J. Tiedemann, 2016, OpenSubtitles2016: Extracting Large Parallel Corpora from Movie and TV Subtitles. In Proceedings of the 10th International Conference on Language Resources and Evaluation (LREC 2016)","whole",NA,11,3.02716911844062,2.00041510774449,0.818181818181818,0.2
16743488,19115,"Consigues el dinero de Ghost, matas a su hijo y te desapareces en el horizonte.",NA,"Consigues el dinero de Ghost, matas a su hijo y te desapareces en el horizonte.",NA,NA,NA,NA,NA,NA,NA,113,"spa_nfi_742.txt","Spanish","Spanish","spa",NA,2017,"written","non-fiction","prepared_speeches","Latn",NA,"OpenSubtitles2018","https://object.pouta.csc.fi/OPUS-OpenSubtitles/v2018/raw/es.zip","http://www.opensubtitles.org/","http://www.opensubtitles.org/ P. Lison and J. Tiedemann, 2016, OpenSubtitles2016: Extracting Large Parallel Corpora from Movie and TV Subtitles. In Proceedings of the 10th International Conference on Language Resources and Evaluation (LREC 2016)","whole",NA,79,4.02033417661414,2.80891717965207,0.30379746835443,0
16749125,19122,"Pues, ¿qué tal la Academia Olympia?",NA,"Pues, ¿qué tal la Academia Olympia?",NA,NA,NA,NA,NA,NA,NA,113,"spa_nfi_749.txt","Spanish","Spanish","spa",NA,2017,"written","non-fiction","prepared_speeches","Latn",NA,"OpenSubtitles2018","https://object.pouta.csc.fi/OPUS-OpenSubtitles/v2018/raw/es.zip","http://www.opensubtitles.org/","http://www.opensubtitles.org/ P. Lison and J. Tiedemann, 2016, OpenSubtitles2016: Extracting Large Parallel Corpora from Movie and TV Subtitles. In Proceedings of the 10th International Conference on Language Resources and Evaluation (LREC 2016)","whole",NA,35,4.10144963262962,2.87845219129072,0.6,0
16822701,19231,"Andrew Jackson se pone ansioso cuando no cambia su agua.",NA,"Andrew Jackson se pone ansioso cuando no cambia su agua.",NA,NA,NA,NA,NA,NA,NA,113,"spa_nfi_847.txt","Spanish","Spanish","spa",NA,2017,"written","non-fiction","prepared_speeches","Latn",NA,"OpenSubtitles2018","https://object.pouta.csc.fi/OPUS-OpenSubtitles/v2018/raw/es.zip","http://www.opensubtitles.org/","http://www.opensubtitles.org/ P. Lison and J. Tiedemann, 2016, OpenSubtitles2016: Extracting Large Parallel Corpora from Movie and TV Subtitles. In Proceedings of the 10th International Conference on Language Resources and Evaluation (LREC 2016)","whole",NA,56,3.85959309246894,2.65996520910733,0.357142857142857,0
16873796,19311,"Ahora puedes ser tan malvado como Balthazar Bratt",NA,"Ahora puedes ser tan malvado como Balthazar Bratt",NA,NA,NA,NA,NA,NA,NA,113,"spa_nfi_919.txt","Spanish","Spanish","spa",NA,2017,"written","non-fiction","prepared_speeches","Latn",NA,"OpenSubtitles2018","https://object.pouta.csc.fi/OPUS-OpenSubtitles/v2018/raw/es.zip","http://www.opensubtitles.org/","http://www.opensubtitles.org/ P. Lison and J. Tiedemann, 2016, OpenSubtitles2016: Extracting Large Parallel Corpora from Movie and TV Subtitles. In Proceedings of the 10th International Conference on Language Resources and Evaluation (LREC 2016)","whole",NA,49,3.89213082459344,2.67999600709342,0.387755102040816,0.0208333333333333
16895315,19340,"Abres más espacio y reclutas.",NA,"Abres más espacio y reclutas.",NA,NA,NA,NA,NA,NA,NA,113,"spa_nfi_945.txt","Spanish","Spanish","spa",NA,2017,"written","non-fiction","prepared_speeches","Latn",NA,"OpenSubtitles2018","https://object.pouta.csc.fi/OPUS-OpenSubtitles/v2018/raw/es.zip","http://www.opensubtitles.org/","http://www.opensubtitles.org/ P. Lison and J. Tiedemann, 2016, OpenSubtitles2016: Extracting Large Parallel Corpora from Movie and TV Subtitles. In Proceedings of the 10th International Conference on Language Resources and Evaluation (LREC 2016)","whole",NA,29,3.93539866746676,2.70628980019652,0.620689655172414,0
16902171,19353,"Parece que va a tardar un rato.",NA,"Parece que va a tardar un rato.",NA,NA,NA,NA,NA,NA,NA,113,"spa_nfi_957.txt","Spanish","Spanish","spa",NA,2017,"written","non-fiction","prepared_speeches","Latn",NA,"OpenSubtitles2018","https://object.pouta.csc.fi/OPUS-OpenSubtitles/v2018/raw/es.zip","http://www.opensubtitles.org/","http://www.opensubtitles.org/ P. Lison and J. Tiedemann, 2016, OpenSubtitles2016: Extracting Large Parallel Corpora from Movie and TV Subtitles. In Proceedings of the 10th International Conference on Language Resources and Evaluation (LREC 2016)","whole",NA,31,3.41308542294115,2.41585554299772,0.451612903225806,0
16908536,19363,"Y lo estoy.",NA,"Y lo estoy.",NA,NA,NA,NA,NA,NA,NA,113,"spa_nfi_966.txt","Spanish","Spanish","spa",NA,2017,"written","non-fiction","prepared_speeches","Latn",NA,"OpenSubtitles2018","https://object.pouta.csc.fi/OPUS-OpenSubtitles/v2018/raw/es.zip","http://www.opensubtitles.org/","http://www.opensubtitles.org/ P. Lison and J. Tiedemann, 2016, OpenSubtitles2016: Extracting Large Parallel Corpora from Movie and TV Subtitles. In Proceedings of the 10th International Conference on Language Resources and Evaluation (LREC 2016)","whole",NA,11,3.09579525500093,2.04586965319904,0.818181818181818,0
16927931,19389,"Batman, ya no se permiten justicieros en Ciudad Gótica.",NA,"Batman, ya no se permiten justicieros en Ciudad Gótica.",NA,NA,NA,NA,NA,NA,NA,113,"spa_nfi_99.txt","Spanish","Spanish","spa",NA,2017,"written","non-fiction","prepared_speeches","Latn",NA,"OpenSubtitles2018","https://object.pouta.csc.fi/OPUS-OpenSubtitles/v2018/raw/es.zip","http://www.opensubtitles.org/","http://www.opensubtitles.org/ P. Lison and J. Tiedemann, 2016, OpenSubtitles2016: Extracting Large Parallel Corpora from Movie and TV Subtitles. In Proceedings of the 10th International Conference on Language Resources and Evaluation (LREC 2016)","whole",NA,55,4.11619955124332,2.86534974642285,0.4,0
16934458,19397,"¿Donde vive el?",NA,"¿Donde vive el?",NA,NA,NA,NA,NA,NA,NA,113,"spa_nfi_997.txt","Spanish","Spanish","spa",NA,2017,"written","non-fiction","prepared_speeches","Latn",NA,"OpenSubtitles2018","https://object.pouta.csc.fi/OPUS-OpenSubtitles/v2018/raw/es.zip","http://www.opensubtitles.org/","http://www.opensubtitles.org/ P. Lison and J. Tiedemann, 2016, OpenSubtitles2016: Extracting Large Parallel Corpora from Movie and TV Subtitles. In Proceedings of the 10th International Conference on Language Resources and Evaluation (LREC 2016)","whole",NA,15,3.32323142879762,2.17601250448331,0.733333333333333,0
16977213,19423,"ay gumagamit ng̃ pamalò.... ang aming ginagamit ay ibáng paraan na",NA,"ay gumagamit ng̃ pamalò.... ang aming ginagamit ay ibáng paraan na",NA,NA,NA,NA,NA,NA,NA,117,"tgl_fic_27.txt","Tagalog","Tagalog","tgl",NA,2014,"written","fiction","general_fiction","Latn",NA,"José Rizal, Ang ""Filibusterismo""","http://www.gutenberg.org/files/47629/47629-h/47629-h.htm","http://www.gutenberg.org","http://www.gutenberg.org","part",NA,66,3.50813631237426,2.31847250866041,0.257575757575758,0.0615384615384615
16979937,19425,"Makinig ka't isa-isa kong ipaaalaala sa iyo:",NA,"Makinig ka't isa-isa kong ipaaalaala sa iyo:",NA,NA,NA,NA,NA,NA,NA,117,"tgl_fic_29.txt","Tagalog","Tagalog","tgl",NA,2004,"written","fiction","general_fiction","Latn",NA,"Pura Medrano, Nang Bata Pa Kami","http://www.gutenberg.org/files/13686/13686-h/13686-h.htm","http://www.gutenberg.org","http://www.gutenberg.org","whole",NA,44,3.4916345091375,2.39763314570254,0.363636363636364,0.0697674418604651
16992918,19429,"manalang̃in.",NA,"manalang̃in.",NA,NA,NA,NA,NA,NA,NA,117,"tgl_fic_32.txt","Tagalog","Tagalog","tgl",NA,2014,"written","fiction","general_fiction","Latn",NA,"Mamerto Paglinawan, Balarilang Tagalog","http://www.gutenberg.org/files/45007/45007-h/45007-h.htm","http://www.gutenberg.org","http://www.gutenberg.org","part",NA,12,2.79248125036058,1.91489613582615,0.666666666666667,0
17046983,19457,"—Wala akong nalalaman.",NA,"—Wala akong nalalaman.",NA,NA,NA,NA,NA,NA,NA,117,"tgl_fic_8.txt","Tagalog","Tagalog","tgl",NA,2005,"written","fiction","general_fiction","Latn",NA,"Leo Nikolayevich Tolstoy, Sa Ano Nabubuhay Ang Tao","http://www.gutenberg.org/files/15628/15628-h/15628-h.htm","http://www.gutenberg.org","http://www.gutenberg.org","whole",NA,22,3.04301073414956,2.09520999706433,0.5,0
17066806,19459,"19038009	Ako'y nanglalata , at bugbog na mainam : ako'y umangal dahil sa kaba ng aking loob .","19038009","Ako'y nanglalata , at bugbog na mainam : ako'y umangal dahil sa kaba ng aking loob .",NA,NA,NA,NA,NA,NA,NA,118,"tgl_nfi_1.txt","Tagalog","Tagalog","tgl",NA,1905,"written","non-fiction","religion","Latn",NA,"The Bible in Tagalog. Text of the Parallel Bible Corpus: Mayer, Thomas & Michael Cysouw. 2014. Creating a Massively Parallel Bible Corpus. Proceedings of the International Conference on Language Resources and Evaluation (LREC), Reykjavik, 3158-3163.","http://unbound.biola.edu/index.cfm?method=downloads.showDownloadMain","© Philippine Bible Society 1996","Wordproject is a global outreach that uses the Internet as a means to fulfill the great comission of Jesus Christ laid in the Holy Bible, New Testament, Mark 16:15 - ""Go ye into all the world and preach the gospel to every creature"".<br>We publish the Holy Bible in good faith claiming the right of fair use for non-profit purposes and public benefit. Most, if not all, of the versions of the Bible in our site are on the Public Domain but, in case of any discrepancies, we state the following:<br>We acknowledge that the author of the Bible is God - His rights are forever protected. The translations [of most versions found on this site] have been done many years ago, therefore in most cases no longer covered by copyrights. In most countries copyrights last for a limited time. In any case, with all due respect, Bible translations should never be copyrighted as that contravenes the desired of the Author - [""Freely ye have receive, freely give""; "" He that spared not his own Son, but delivered him up for us all, how shall he not with him also freely give us all things"". ].<br>As for the audio narrations, several have been done or sponsored by Wordproject. We claim and grant the right to use narrations of the Bible on good and fair use for non-profit purposes, and we assume the narrators have done the work also in fulfilment of the great commission to preach the Gospel to every creature, therefore are happy to see their work being used for that purpose. A narrator that narrates the Holy Bible for any other purpose but the one commissioned by the Author Himself, as clearly stipulated in the works [The Holy Bible], could be found  transgressing on the rights of the Author of the works [God Himself].<br>As translators and narrators ourselves, we have never been given any rights over the materials we translated or narrated, and we could never have claimed them. The Holy Bible, the aim thereof is to be copied and multiplied many times over to satisfy the needs of the people for God's Word, should be free of copyrights and its integrity and free distribution [non commercialization by any means] protected by all Christians, Churches and Bible Societies.<br>The above summarizes our stand concerning the translation, and narration of the Holy Bible in any language, respecting always the opinions of others and the law, which varies from country to country, therefore making it impossible to conform through this globalized means.<br> 'The Lord gave the word: great was the company of those that published it'. [Psalms 68:11]. 'Ho, every one that thirsteth, come ye to the waters, and he that hath no money; come ye, buy, and eat; yea, come, buy wine and milk without money and without price.' [Isaiah 55:1]","whole","The first two digits of the identifier refer to the book, the next three digits to the chapter, and the last three digits to the verse. See Mayer & Cysouw (2014) for a list of book identifiers.",84,3.77457557263673,2.63473006864848,0.25,0.0120481927710843
17068211,19459,"19116009	Ako'y lalakad sa harap ng Panginoon , sa lupain ng mga buhay .","19116009","Ako'y lalakad sa harap ng Panginoon , sa lupain ng mga buhay .",NA,NA,NA,NA,NA,NA,NA,118,"tgl_nfi_1.txt","Tagalog","Tagalog","tgl",NA,1905,"written","non-fiction","religion","Latn",NA,"The Bible in Tagalog. Text of the Parallel Bible Corpus: Mayer, Thomas & Michael Cysouw. 2014. Creating a Massively Parallel Bible Corpus. Proceedings of the International Conference on Language Resources and Evaluation (LREC), Reykjavik, 3158-3163.","http://unbound.biola.edu/index.cfm?method=downloads.showDownloadMain","© Philippine Bible Society 1996","Wordproject is a global outreach that uses the Internet as a means to fulfill the great comission of Jesus Christ laid in the Holy Bible, New Testament, Mark 16:15 - ""Go ye into all the world and preach the gospel to every creature"".<br>We publish the Holy Bible in good faith claiming the right of fair use for non-profit purposes and public benefit. Most, if not all, of the versions of the Bible in our site are on the Public Domain but, in case of any discrepancies, we state the following:<br>We acknowledge that the author of the Bible is God - His rights are forever protected. The translations [of most versions found on this site] have been done many years ago, therefore in most cases no longer covered by copyrights. In most countries copyrights last for a limited time. In any case, with all due respect, Bible translations should never be copyrighted as that contravenes the desired of the Author - [""Freely ye have receive, freely give""; "" He that spared not his own Son, but delivered him up for us all, how shall he not with him also freely give us all things"". ].<br>As for the audio narrations, several have been done or sponsored by Wordproject. We claim and grant the right to use narrations of the Bible on good and fair use for non-profit purposes, and we assume the narrators have done the work also in fulfilment of the great commission to preach the Gospel to every creature, therefore are happy to see their work being used for that purpose. A narrator that narrates the Holy Bible for any other purpose but the one commissioned by the Author Himself, as clearly stipulated in the works [The Holy Bible], could be found  transgressing on the rights of the Author of the works [God Himself].<br>As translators and narrators ourselves, we have never been given any rights over the materials we translated or narrated, and we could never have claimed them. The Holy Bible, the aim thereof is to be copied and multiplied many times over to satisfy the needs of the people for God's Word, should be free of copyrights and its integrity and free distribution [non commercialization by any means] protected by all Christians, Churches and Bible Societies.<br>The above summarizes our stand concerning the translation, and narration of the Holy Bible in any language, respecting always the opinions of others and the law, which varies from country to country, therefore making it impossible to conform through this globalized means.<br> 'The Lord gave the word: great was the company of those that published it'. [Psalms 68:11]. 'Ho, every one that thirsteth, come ye to the waters, and he that hath no money; come ye, buy, and eat; yea, come, buy wine and milk without money and without price.' [Isaiah 55:1]","whole","The first two digits of the identifier refer to the book, the next three digits to the chapter, and the last three digits to the verse. See Mayer & Cysouw (2014) for a list of book identifiers.",62,3.88818263583336,2.72025638067588,0.354838709677419,0.0163934426229508
17097553,19504,"02030026	แล้ว จง เอา น้ำมัน เจิม พลับพลา แห่ง ชุมนุม และ หีบ พระ โอวาท ด้วย","02030026","แล้ว จง เอา น้ำมัน เจิม พลับพลา แห่ง ชุมนุม และ หีบ พระ โอวาท ด้วย",NA,NA,NA,NA,NA,NA,NA,120,"tha_nfi_1.txt","Thai","Thai","tha",NA,2003,"written","non-fiction","religion","Thai",NA,"The KJV Bible in Thai. Text of the Parallel Bible Corpus: Mayer, Thomas & Michael Cysouw. 2014. Creating a Massively Parallel Bible Corpus. Proceedings of the International Conference on Language Resources and Evaluation (LREC), Reykjavik, 3158-3163.","https://www.bible.com/versions/175-kjv-phrakhamphiirphaasaaaithychbab-kjv","© 2003 Philip Pope","Translation by: Philip Pope<br>This translation is made available to you under the terms of the Creative Commons Attribution-noncommercial-no derivatives plus license. In addition, you have permission to port the text to different file formats, as long as you don't change any of the text or punctuation of the Bible.<br>You may share, copy, distribute, transmit, and extract portions or quotations from this work, provided that:<br>You include the above copyright information.<br>You do not sell this work for a profit.<br>You do not make any derivative works that change any of the actual words or punctuation of the Scriptures.","whole","The first two digits of the identifier refer to the book, the next three digits to the chapter, and the last three digits to the verse. See Mayer & Cysouw (2014) for a list of book identifiers. Word-separation performed through wordcut https://github.com/veer66/wordcut with manual corrections. Periods are added in places that originally only had spaces.",66,4.44516874024278,3.04479276747576,0.424242424242424,0
17107832,19504,"16013013	ข้าพเจ้า ได้ แต่งตั้ง คน ให้ ดูแล เรือน พัสดุ คือ . เชเลมิยาห์ ปุโรหิต . ศาโ ดก ธรรมา จา รย์ . และ เปดายาห์ แห่ง คน เลวี . และ ผู้ ช่วย ของ เขา คือ . ฮานัน บุตร ชาย ศัก เก อร์ . ผู้ เป็น บุตร ชาย มัท ธานิยาห์ . เพราะ นับ ได้ ว่า เขา สัตย์ ซื่อ . และ หน้าที่ ของ เขา คือ แจกจ่าย แก่ พวก พี่น้อง","16013013","ข้าพเจ้า ได้ แต่งตั้ง คน ให้ ดูแล เรือน พัสดุ คือ . เชเลมิยาห์ ปุโรหิต . ศาโ ดก ธรรมา จา รย์ . และ เปดายาห์ แห่ง คน เลวี . และ ผู้ ช่วย ของ เขา คือ . ฮานัน บุตร ชาย ศัก เก อร์ . ผู้ เป็น บุตร ชาย มัท ธานิยาห์ . เพราะ นับ ได้ ว่า เขา สัตย์ ซื่อ . และ หน้าที่ ของ เขา คือ แจกจ่าย แก่ พวก พี่น้อง",NA,NA,NA,NA,NA,NA,NA,120,"tha_nfi_1.txt","Thai","Thai","tha",NA,2003,"written","non-fiction","religion","Thai",NA,"The KJV Bible in Thai. Text of the Parallel Bible Corpus: Mayer, Thomas & Michael Cysouw. 2014. Creating a Massively Parallel Bible Corpus. Proceedings of the International Conference on Language Resources and Evaluation (LREC), Reykjavik, 3158-3163.","https://www.bible.com/versions/175-kjv-phrakhamphiirphaasaaaithychbab-kjv","© 2003 Philip Pope","Translation by: Philip Pope<br>This translation is made available to you under the terms of the Creative Commons Attribution-noncommercial-no derivatives plus license. In addition, you have permission to port the text to different file formats, as long as you don't change any of the text or punctuation of the Bible.<br>You may share, copy, distribute, transmit, and extract portions or quotations from this work, provided that:<br>You include the above copyright information.<br>You do not sell this work for a profit.<br>You do not make any derivative works that change any of the actual words or punctuation of the Scriptures.","whole","The first two digits of the identifier refer to the book, the next three digits to the chapter, and the last three digits to the verse. See Mayer & Cysouw (2014) for a list of book identifiers. Word-separation performed through wordcut https://github.com/veer66/wordcut with manual corrections. Periods are added in places that originally only had spaces.",293,4.80771321798729,2.98215650590927,0.15358361774744,0.00342465753424658
17125129,19504,"56002006	ส่วน ผู้ชาย หนุ่ม ก็ เหมือน กัน . จง เตือน เขา ให้ ใช้ สติ สัมปชัญญะ","56002006","ส่วน ผู้ชาย หนุ่ม ก็ เหมือน กัน . จง เตือน เขา ให้ ใช้ สติ สัมปชัญญะ",NA,NA,NA,NA,NA,NA,NA,120,"tha_nfi_1.txt","Thai","Thai","tha",NA,2003,"written","non-fiction","religion","Thai",NA,"The KJV Bible in Thai. Text of the Parallel Bible Corpus: Mayer, Thomas & Michael Cysouw. 2014. Creating a Massively Parallel Bible Corpus. Proceedings of the International Conference on Language Resources and Evaluation (LREC), Reykjavik, 3158-3163.","https://www.bible.com/versions/175-kjv-phrakhamphiirphaasaaaithychbab-kjv","© 2003 Philip Pope","Translation by: Philip Pope<br>This translation is made available to you under the terms of the Creative Commons Attribution-noncommercial-no derivatives plus license. In addition, you have permission to port the text to different file formats, as long as you don't change any of the text or punctuation of the Bible.<br>You may share, copy, distribute, transmit, and extract portions or quotations from this work, provided that:<br>You include the above copyright information.<br>You do not sell this work for a profit.<br>You do not make any derivative works that change any of the actual words or punctuation of the Scriptures.","whole","The first two digits of the identifier refer to the book, the next three digits to the chapter, and the last three digits to the verse. See Mayer & Cysouw (2014) for a list of book identifiers. Word-separation performed through wordcut https://github.com/veer66/wordcut with manual corrections. Periods are added in places that originally only had spaces.",68,4.48452799822953,3.07566724834251,0.441176470588235,0.0149253731343284
17133485,19513,"กำลังเขาสู่บริการฝากข้อความ",NA,"กำลังเขาสู่บริการฝากข้อความ",NA,NA,NA,NA,NA,NA,NA,120,"tha_nfi_105.txt","Thai","Thai","tha",NA,2015,"written","non-fiction","prepared_speeches","Thai",NA,"OpenSubtitles2018","https://object.pouta.csc.fi/OPUS-OpenSubtitles/v2018/raw/th.zip","http://www.opensubtitles.org/","http://www.opensubtitles.org/ P. Lison and J. Tiedemann, 2016, OpenSubtitles2016: Extracting Large Parallel Corpora from Movie and TV Subtitles. In Proceedings of the 10th International Conference on Language Resources and Evaluation (LREC 2016)","whole",NA,27,4.13433611319445,2.9003095457824,0.740740740740741,0
17144451,19528,"มันหายไปเมื่อเดือนที่แล้ว จากยออดโค้งใต้ดิน",NA,"มันหายไปเมื่อเดือนที่แล้ว จากยออดโค้งใต้ดิน",NA,NA,NA,NA,NA,NA,NA,120,"tha_nfi_119.txt","Thai","Thai","tha",NA,2015,"written","non-fiction","prepared_speeches","Thai",NA,"OpenSubtitles2018","https://object.pouta.csc.fi/OPUS-OpenSubtitles/v2018/raw/th.zip","http://www.opensubtitles.org/","http://www.opensubtitles.org/ P. Lison and J. Tiedemann, 2016, OpenSubtitles2016: Extracting Large Parallel Corpora from Movie and TV Subtitles. In Proceedings of the 10th International Conference on Language Resources and Evaluation (LREC 2016)","whole",NA,43,4.62941213827209,3.26631225496601,0.651162790697674,0.0238095238095238
17176361,19565,"แม้กระทั่งมังกรก็มอดม้วย",NA,"แม้กระทั่งมังกรก็มอดม้วย",NA,NA,NA,NA,NA,NA,NA,120,"tha_nfi_152.txt","Thai","Thai","tha",NA,2015,"written","non-fiction","prepared_speeches","Thai",NA,"OpenSubtitles2018","https://object.pouta.csc.fi/OPUS-OpenSubtitles/v2018/raw/th.zip","http://www.opensubtitles.org/","http://www.opensubtitles.org/ P. Lison and J. Tiedemann, 2016, OpenSubtitles2016: Extracting Large Parallel Corpora from Movie and TV Subtitles. In Proceedings of the 10th International Conference on Language Resources and Evaluation (LREC 2016)","whole",NA,24,3.72017552146435,2.49711119427565,0.625,0
17194528,19587,"เอ่อ ผมสับสนเล็กน้อย เพราะว่า เกย์",NA,"เอ่อ ผมสับสนเล็กน้อย เพราะว่า เกย์",NA,NA,NA,NA,NA,NA,NA,120,"tha_nfi_172.txt","Thai","Thai","tha",NA,2014,"written","non-fiction","prepared_speeches","Thai",NA,"OpenSubtitles2018","https://object.pouta.csc.fi/OPUS-OpenSubtitles/v2018/raw/th.zip","http://www.opensubtitles.org/","http://www.opensubtitles.org/ P. Lison and J. Tiedemann, 2016, OpenSubtitles2016: Extracting Large Parallel Corpora from Movie and TV Subtitles. In Proceedings of the 10th International Conference on Language Resources and Evaluation (LREC 2016)","whole",NA,34,4.21952828229955,2.91230563752904,0.617647058823529,0
17195708,19587,"ปิดประตูซะ โอเค",NA,"ปิดประตูซะ โอเค",NA,NA,NA,NA,NA,NA,NA,120,"tha_nfi_172.txt","Thai","Thai","tha",NA,2014,"written","non-fiction","prepared_speeches","Thai",NA,"OpenSubtitles2018","https://object.pouta.csc.fi/OPUS-OpenSubtitles/v2018/raw/th.zip","http://www.opensubtitles.org/","http://www.opensubtitles.org/ P. Lison and J. Tiedemann, 2016, OpenSubtitles2016: Extracting Large Parallel Corpora from Movie and TV Subtitles. In Proceedings of the 10th International Conference on Language Resources and Evaluation (LREC 2016)","whole",NA,15,3.64022392894185,2.50594509482926,0.866666666666667,0
17196931,19588,"นั้นแหละ ทำไมคุณถึงยังคงมีชีวิตอยู่",NA,"นั้นแหละ ทำไมคุณถึงยังคงมีชีวิตอยู่",NA,NA,NA,NA,NA,NA,NA,120,"tha_nfi_173.txt","Thai","Thai","tha",NA,2014,"written","non-fiction","prepared_speeches","Thai",NA,"OpenSubtitles2018","https://object.pouta.csc.fi/OPUS-OpenSubtitles/v2018/raw/th.zip","http://www.opensubtitles.org/","http://www.opensubtitles.org/ P. Lison and J. Tiedemann, 2016, OpenSubtitles2016: Extracting Large Parallel Corpora from Movie and TV Subtitles. In Proceedings of the 10th International Conference on Language Resources and Evaluation (LREC 2016)","whole",NA,35,4.65057194545458,3.30561326472062,0.771428571428571,0
17204705,19597,"ความยโสของมนุษย์ คือคิดไปเองว่าความคุบธรรมชาติได้",NA,"ความยโสของมนุษย์ คือคิดไปเองว่าความคุบธรรมชาติได้",NA,NA,NA,NA,NA,NA,NA,120,"tha_nfi_181.txt","Thai","Thai","tha",NA,2014,"written","non-fiction","prepared_speeches","Thai",NA,"OpenSubtitles2018","https://object.pouta.csc.fi/OPUS-OpenSubtitles/v2018/raw/th.zip","http://www.opensubtitles.org/","http://www.opensubtitles.org/ P. Lison and J. Tiedemann, 2016, OpenSubtitles2016: Extracting Large Parallel Corpora from Movie and TV Subtitles. In Proceedings of the 10th International Conference on Language Resources and Evaluation (LREC 2016)","whole",NA,49,4.57145646699758,3.11416059263206,0.571428571428571,0.0208333333333333
17208984,19601,"ขอให้ผู้ที่เต้นที่ดีครับ",NA,"ขอให้ผู้ที่เต้นที่ดีครับ",NA,NA,NA,NA,NA,NA,NA,120,"tha_nfi_185.txt","Thai","Thai","tha",NA,2014,"written","non-fiction","prepared_speeches","Thai",NA,"OpenSubtitles2018","https://object.pouta.csc.fi/OPUS-OpenSubtitles/v2018/raw/th.zip","http://www.opensubtitles.org/","http://www.opensubtitles.org/ P. Lison and J. Tiedemann, 2016, OpenSubtitles2016: Extracting Large Parallel Corpora from Movie and TV Subtitles. In Proceedings of the 10th International Conference on Language Resources and Evaluation (LREC 2016)","whole",NA,24,4.0220552088742,2.73596159093361,0.75,0
17228740,19623,"นี่เป็นของที่เจอในกระเป๋าของแครนส์ตัน",NA,"นี่เป็นของที่เจอในกระเป๋าของแครนส์ตัน",NA,NA,NA,NA,NA,NA,NA,120,"tha_nfi_204.txt","Thai","Thai","tha",NA,2014,"written","non-fiction","prepared_speeches","Thai",NA,"OpenSubtitles2018","https://object.pouta.csc.fi/OPUS-OpenSubtitles/v2018/raw/th.zip","http://www.opensubtitles.org/","http://www.opensubtitles.org/ P. Lison and J. Tiedemann, 2016, OpenSubtitles2016: Extracting Large Parallel Corpora from Movie and TV Subtitles. In Proceedings of the 10th International Conference on Language Resources and Evaluation (LREC 2016)","whole",NA,37,4.31433402836506,2.94162947046036,0.621621621621622,0
17247600,19647,"60 ไมล์จากที่นี่",NA,"60 ไมล์จากที่นี่",NA,NA,NA,NA,NA,NA,NA,120,"tha_nfi_226.txt","Thai","Thai","tha",NA,2014,"written","non-fiction","prepared_speeches","Thai",NA,"OpenSubtitles2018","https://object.pouta.csc.fi/OPUS-OpenSubtitles/v2018/raw/th.zip","http://www.opensubtitles.org/","http://www.opensubtitles.org/ P. Lison and J. Tiedemann, 2016, OpenSubtitles2016: Extracting Large Parallel Corpora from Movie and TV Subtitles. In Proceedings of the 10th International Conference on Language Resources and Evaluation (LREC 2016)","whole",NA,16,3.75,2.47784667121731,0.875,0
17348615,19760,"ที่ผู้บริหารที่ยอดเยี่ยมคนหนึ่ง ต้องรักในอาหารใช่ใหม",NA,"ที่ผู้บริหารที่ยอดเยี่ยมคนหนึ่ง ต้องรักในอาหารใช่ใหม",NA,NA,NA,NA,NA,NA,NA,120,"tha_nfi_328.txt","Thai","Thai","tha",NA,2013,"written","non-fiction","prepared_speeches","Thai",NA,"OpenSubtitles2018","https://object.pouta.csc.fi/OPUS-OpenSubtitles/v2018/raw/th.zip","http://www.opensubtitles.org/","http://www.opensubtitles.org/ P. Lison and J. Tiedemann, 2016, OpenSubtitles2016: Extracting Large Parallel Corpora from Movie and TV Subtitles. In Proceedings of the 10th International Conference on Language Resources and Evaluation (LREC 2016)","whole",NA,52,4.46699807415229,2.9923130171394,0.5,0
17360661,19774,"1 ชั่งโมงที่มีค่า...",NA,"1 ชั่งโมงที่มีค่า...",NA,NA,NA,NA,NA,NA,NA,120,"tha_nfi_340.txt","Thai","Thai","tha",NA,2013,"written","non-fiction","prepared_speeches","Thai",NA,"OpenSubtitles2018","https://object.pouta.csc.fi/OPUS-OpenSubtitles/v2018/raw/th.zip","http://www.opensubtitles.org/","http://www.opensubtitles.org/ P. Lison and J. Tiedemann, 2016, OpenSubtitles2016: Extracting Large Parallel Corpora from Movie and TV Subtitles. In Proceedings of the 10th International Conference on Language Resources and Evaluation (LREC 2016)","whole",NA,20,3.54643934467102,2.38305575227798,0.65,0.105263157894737
17361945,19775,"แน่ล่ะ ฉันชอบ",NA,"แน่ล่ะ ฉันชอบ",NA,NA,NA,NA,NA,NA,NA,120,"tha_nfi_341.txt","Thai","Thai","tha",NA,NA,"written","non-fiction","prepared_speeches","Thai",NA,"OpenSubtitles2018","https://object.pouta.csc.fi/OPUS-OpenSubtitles/v2018/raw/th.zip","http://www.opensubtitles.org/","http://www.opensubtitles.org/ P. Lison and J. Tiedemann, 2016, OpenSubtitles2016: Extracting Large Parallel Corpora from Movie and TV Subtitles. In Proceedings of the 10th International Conference on Language Resources and Evaluation (LREC 2016)","whole",NA,13,3.39274741044878,2.28568975825609,0.846153846153846,0
17374837,19786,"เอาล่ะ, ฉันได้ยินมามากพอล่ะ",NA,"เอาล่ะ, ฉันได้ยินมามากพอล่ะ",NA,NA,NA,NA,NA,NA,NA,120,"tha_nfi_351.txt","Thai","Thai","tha",NA,2013,"written","non-fiction","prepared_speeches","Thai",NA,"OpenSubtitles2018","https://object.pouta.csc.fi/OPUS-OpenSubtitles/v2018/raw/th.zip","http://www.opensubtitles.org/","http://www.opensubtitles.org/ P. Lison and J. Tiedemann, 2016, OpenSubtitles2016: Extracting Large Parallel Corpora from Movie and TV Subtitles. In Proceedings of the 10th International Conference on Language Resources and Evaluation (LREC 2016)","whole",NA,27,4.13433611319445,2.68908362671547,0.703703703703704,0
17378463,19791,"พี่จะไปไหน?",NA,"พี่จะไปไหน?",NA,NA,NA,NA,NA,NA,NA,120,"tha_nfi_356.txt","Thai","Thai","tha",NA,2013,"written","non-fiction","prepared_speeches","Thai",NA,"OpenSubtitles2018","https://object.pouta.csc.fi/OPUS-OpenSubtitles/v2018/raw/th.zip","http://www.opensubtitles.org/","http://www.opensubtitles.org/ P. Lison and J. Tiedemann, 2016, OpenSubtitles2016: Extracting Large Parallel Corpora from Movie and TV Subtitles. In Proceedings of the 10th International Conference on Language Resources and Evaluation (LREC 2016)","whole",NA,11,3.27761343681912,2.1591357030322,0.909090909090909,0
17379214,19792,"เกือบๆ 40 ปี.",NA,"เกือบๆ 40 ปี.",NA,NA,NA,NA,NA,NA,NA,120,"tha_nfi_357.txt","Thai","Thai","tha",NA,2013,"written","non-fiction","prepared_speeches","Thai",NA,"OpenSubtitles2018","https://object.pouta.csc.fi/OPUS-OpenSubtitles/v2018/raw/th.zip","http://www.opensubtitles.org/","http://www.opensubtitles.org/ P. Lison and J. Tiedemann, 2016, OpenSubtitles2016: Extracting Large Parallel Corpora from Movie and TV Subtitles. In Proceedings of the 10th International Conference on Language Resources and Evaluation (LREC 2016)","whole",NA,13,3.54659356429494,2.37499468498252,0.923076923076923,0
17389368,19806,"ได้ยินอะไรมาเหรอ",NA,"ได้ยินอะไรมาเหรอ",NA,NA,NA,NA,NA,NA,NA,120,"tha_nfi_37.txt","Thai","Thai","tha",NA,2016,"written","non-fiction","prepared_speeches","Thai",NA,"OpenSubtitles2018","https://object.pouta.csc.fi/OPUS-OpenSubtitles/v2018/raw/th.zip","http://www.opensubtitles.org/","http://www.opensubtitles.org/ P. Lison and J. Tiedemann, 2016, OpenSubtitles2016: Extracting Large Parallel Corpora from Movie and TV Subtitles. In Proceedings of the 10th International Conference on Language Resources and Evaluation (LREC 2016)","whole",NA,16,3.625,2.41948329195983,0.8125,0
17389807,19806,"เธอคิดว่าเป็นหน้าต่างจริงๆ เหรอ",NA,"เธอคิดว่าเป็นหน้าต่างจริงๆ เหรอ",NA,NA,NA,NA,NA,NA,NA,120,"tha_nfi_37.txt","Thai","Thai","tha",NA,2016,"written","non-fiction","prepared_speeches","Thai",NA,"OpenSubtitles2018","https://object.pouta.csc.fi/OPUS-OpenSubtitles/v2018/raw/th.zip","http://www.opensubtitles.org/","http://www.opensubtitles.org/ P. Lison and J. Tiedemann, 2016, OpenSubtitles2016: Extracting Large Parallel Corpora from Movie and TV Subtitles. In Proceedings of the 10th International Conference on Language Resources and Evaluation (LREC 2016)","whole",NA,31,4.19581647153762,2.82692214214762,0.645161290322581,0
17407892,19831,"ระบบการสื่อสารเป็นอัมพาต",NA,"ระบบการสื่อสารเป็นอัมพาต",NA,NA,NA,NA,NA,NA,NA,120,"tha_nfi_392.txt","Thai","Thai","tha",NA,2013,"written","non-fiction","prepared_speeches","Thai",NA,"OpenSubtitles2018","https://object.pouta.csc.fi/OPUS-OpenSubtitles/v2018/raw/th.zip","http://www.opensubtitles.org/","http://www.opensubtitles.org/ P. Lison and J. Tiedemann, 2016, OpenSubtitles2016: Extracting Large Parallel Corpora from Movie and TV Subtitles. In Proceedings of the 10th International Conference on Language Resources and Evaluation (LREC 2016)","whole",NA,24,3.93872187554087,2.75354652915991,0.708333333333333,0.0434782608695652
17429720,19859,"จำพวกบริษัทผี, ใช่มัยค่ะ?",NA,"จำพวกบริษัทผี, ใช่มัยค่ะ?",NA,NA,NA,NA,NA,NA,NA,120,"tha_nfi_417.txt","Thai","Thai","tha",NA,2013,"written","non-fiction","prepared_speeches","Thai",NA,"OpenSubtitles2018","https://object.pouta.csc.fi/OPUS-OpenSubtitles/v2018/raw/th.zip","http://www.opensubtitles.org/","http://www.opensubtitles.org/ P. Lison and J. Tiedemann, 2016, OpenSubtitles2016: Extracting Large Parallel Corpora from Movie and TV Subtitles. In Proceedings of the 10th International Conference on Language Resources and Evaluation (LREC 2016)","whole",NA,25,4.48385618977472,3.17035074333612,0.92,0
17440417,19873,"แมกซ์ มีรถตามเรามาสองคัน",NA,"แมกซ์ มีรถตามเรามาสองคัน",NA,NA,NA,NA,NA,NA,NA,120,"tha_nfi_43.txt","Thai","Thai","tha",NA,2016,"written","non-fiction","prepared_speeches","Thai",NA,"OpenSubtitles2018","https://object.pouta.csc.fi/OPUS-OpenSubtitles/v2018/raw/th.zip","http://www.opensubtitles.org/","http://www.opensubtitles.org/ P. Lison and J. Tiedemann, 2016, OpenSubtitles2016: Extracting Large Parallel Corpora from Movie and TV Subtitles. In Proceedings of the 10th International Conference on Language Resources and Evaluation (LREC 2016)","whole",NA,24,3.97017552146435,2.79312309221599,0.75,0
17448339,19883,"- แล้วหลักฐานล่ะ",NA,"- แล้วหลักฐานล่ะ",NA,NA,NA,NA,NA,NA,NA,120,"tha_nfi_439.txt","Thai","Thai","tha",NA,2013,"written","non-fiction","prepared_speeches","Thai",NA,"OpenSubtitles2018","https://object.pouta.csc.fi/OPUS-OpenSubtitles/v2018/raw/th.zip","http://www.opensubtitles.org/","http://www.opensubtitles.org/ P. Lison and J. Tiedemann, 2016, OpenSubtitles2016: Extracting Large Parallel Corpora from Movie and TV Subtitles. In Proceedings of the 10th International Conference on Language Resources and Evaluation (LREC 2016)","whole",NA,16,3.70281953111478,2.55290393805336,0.875,0
17488479,19937,"ผมเอง พ่อผมมาถึงเมื่อไหร่ครับ",NA,"ผมเอง พ่อผมมาถึงเมื่อไหร่ครับ",NA,NA,NA,NA,NA,NA,NA,120,"tha_nfi_488.txt","Thai","Thai","tha",NA,2013,"written","non-fiction","prepared_speeches","Thai",NA,"OpenSubtitles2018","https://object.pouta.csc.fi/OPUS-OpenSubtitles/v2018/raw/th.zip","http://www.opensubtitles.org/","http://www.opensubtitles.org/ P. Lison and J. Tiedemann, 2016, OpenSubtitles2016: Extracting Large Parallel Corpora from Movie and TV Subtitles. In Proceedings of the 10th International Conference on Language Resources and Evaluation (LREC 2016)","whole",NA,29,3.97833358118526,2.74396167519804,0.620689655172414,0.0357142857142857
17510124,19964,"ฉันต้องการความช่วยเหลือของนาย, ถ้านายไม่ปฏิเสธ มันจะดีมาก",NA,"ฉันต้องการความช่วยเหลือของนาย, ถ้านายไม่ปฏิเสธ มันจะดีมาก",NA,NA,NA,NA,NA,NA,NA,120,"tha_nfi_511.txt","Thai","Thai","tha",NA,2013,"written","non-fiction","prepared_speeches","Thai",NA,"OpenSubtitles2018","https://object.pouta.csc.fi/OPUS-OpenSubtitles/v2018/raw/th.zip","http://www.opensubtitles.org/","http://www.opensubtitles.org/ P. Lison and J. Tiedemann, 2016, OpenSubtitles2016: Extracting Large Parallel Corpora from Movie and TV Subtitles. In Proceedings of the 10th International Conference on Language Resources and Evaluation (LREC 2016)","whole",NA,57,4.83254703155678,3.36544187237727,0.596491228070175,0
17517134,19971,"เป็นรางวัลเล็ก ๆ น้อย ๆ เขาให้ ฉันมีโอกาสที่",NA,"เป็นรางวัลเล็ก ๆ น้อย ๆ เขาให้ ฉันมีโอกาสที่",NA,NA,NA,NA,NA,NA,NA,120,"tha_nfi_518.txt","Thai","Thai","tha",NA,2013,"written","non-fiction","prepared_speeches","Thai",NA,"OpenSubtitles2018","https://object.pouta.csc.fi/OPUS-OpenSubtitles/v2018/raw/th.zip","http://www.opensubtitles.org/","http://www.opensubtitles.org/ P. Lison and J. Tiedemann, 2016, OpenSubtitles2016: Extracting Large Parallel Corpora from Movie and TV Subtitles. In Proceedings of the 10th International Conference on Language Resources and Evaluation (LREC 2016)","whole",NA,44,4.50774291452531,3.12054833589901,0.590909090909091,0
17521408,19977,"พูดกันด้วยโค้ดตัวเลขเท่านั้น 24 ชั่วโมงต่อไปนี้",NA,"พูดกันด้วยโค้ดตัวเลขเท่านั้น 24 ชั่วโมงต่อไปนี้",NA,NA,NA,NA,NA,NA,NA,120,"tha_nfi_523.txt","Thai","Thai","tha",NA,2013,"written","non-fiction","prepared_speeches","Thai",NA,"OpenSubtitles2018","https://object.pouta.csc.fi/OPUS-OpenSubtitles/v2018/raw/th.zip","http://www.opensubtitles.org/","http://www.opensubtitles.org/ P. Lison and J. Tiedemann, 2016, OpenSubtitles2016: Extracting Large Parallel Corpora from Movie and TV Subtitles. In Proceedings of the 10th International Conference on Language Resources and Evaluation (LREC 2016)","whole",NA,47,4.57023433026295,3.25218834709315,0.595744680851064,0
17547127,20011,"แล้วผู้คนที่อยู่ในเดอะเกลดส์ล่ะ?",NA,"แล้วผู้คนที่อยู่ในเดอะเกลดส์ล่ะ?",NA,NA,NA,NA,NA,NA,NA,120,"tha_nfi_554.txt","Thai","Thai","tha",NA,2013,"written","non-fiction","prepared_speeches","Thai",NA,"OpenSubtitles2018","https://object.pouta.csc.fi/OPUS-OpenSubtitles/v2018/raw/th.zip","http://www.opensubtitles.org/","http://www.opensubtitles.org/ P. Lison and J. Tiedemann, 2016, OpenSubtitles2016: Extracting Large Parallel Corpora from Movie and TV Subtitles. In Proceedings of the 10th International Conference on Language Resources and Evaluation (LREC 2016)","whole",NA,32,4.26531953111478,2.92911114996465,0.65625,0
17621306,20107,"เช็ท เราต้องกินอยูแล้ว ไม่เป็นไรหรอก",NA,"เช็ท เราต้องกินอยูแล้ว ไม่เป็นไรหรอก",NA,NA,NA,NA,NA,NA,NA,120,"tha_nfi_640.txt","Thai","Thai","tha",NA,2012,"written","non-fiction","prepared_speeches","Thai",NA,"OpenSubtitles2018","https://object.pouta.csc.fi/OPUS-OpenSubtitles/v2018/raw/th.zip","http://www.opensubtitles.org/","http://www.opensubtitles.org/ P. Lison and J. Tiedemann, 2016, OpenSubtitles2016: Extracting Large Parallel Corpora from Movie and TV Subtitles. In Proceedings of the 10th International Conference on Language Resources and Evaluation (LREC 2016)","whole",NA,36,4.44035104292869,3.06704429333655,0.666666666666667,0
17652919,20147,"โช เล่าให้ฟังว่าคุณถามเขาว่าจะแหกเข้า",NA,"โช เล่าให้ฟังว่าคุณถามเขาว่าจะแหกเข้า",NA,NA,NA,NA,NA,NA,NA,120,"tha_nfi_677.txt","Thai","Thai","tha",NA,2012,"written","non-fiction","prepared_speeches","Thai",NA,"OpenSubtitles2018","https://object.pouta.csc.fi/OPUS-OpenSubtitles/v2018/raw/th.zip","http://www.opensubtitles.org/","http://www.opensubtitles.org/ P. Lison and J. Tiedemann, 2016, OpenSubtitles2016: Extracting Large Parallel Corpora from Movie and TV Subtitles. In Proceedings of the 10th International Conference on Language Resources and Evaluation (LREC 2016)","whole",NA,37,4.31703309512479,2.9506598822979,0.648648648648649,0
17705347,20223,"- คุณคิดผิด /",NA,"- คุณคิดผิด /",NA,NA,NA,NA,NA,NA,NA,120,"tha_nfi_745.txt","Thai","Thai","tha",NA,2012,"written","non-fiction","prepared_speeches","Thai",NA,"OpenSubtitles2018","https://object.pouta.csc.fi/OPUS-OpenSubtitles/v2018/raw/th.zip","http://www.opensubtitles.org/","http://www.opensubtitles.org/ P. Lison and J. Tiedemann, 2016, OpenSubtitles2016: Extracting Large Parallel Corpora from Movie and TV Subtitles. In Proceedings of the 10th International Conference on Language Resources and Evaluation (LREC 2016)","whole",NA,13,3.08505510275648,1.96204599325014,0.692307692307692,0
17713573,20234,"พี่คงคิดว่าฉันจะจำแม่ง ได้ทุกๆรายละเอียด",NA,"พี่คงคิดว่าฉันจะจำแม่ง ได้ทุกๆรายละเอียด",NA,NA,NA,NA,NA,NA,NA,120,"tha_nfi_755.txt","Thai","Thai","tha",NA,2012,"written","non-fiction","prepared_speeches","Thai",NA,"OpenSubtitles2018","https://object.pouta.csc.fi/OPUS-OpenSubtitles/v2018/raw/th.zip","http://www.opensubtitles.org/","http://www.opensubtitles.org/ P. Lison and J. Tiedemann, 2016, OpenSubtitles2016: Extracting Large Parallel Corpora from Movie and TV Subtitles. In Proceedings of the 10th International Conference on Language Resources and Evaluation (LREC 2016)","whole",NA,40,4.73418371977919,3.36054475170212,0.725,0
17731263,20254,"เหมือนเธอยังไม่พร้อมเท่าไรนะ",NA,"เหมือนเธอยังไม่พร้อมเท่าไรนะ",NA,NA,NA,NA,NA,NA,NA,120,"tha_nfi_773.txt","Thai","Thai","tha",NA,2012,"written","non-fiction","prepared_speeches","Thai",NA,"OpenSubtitles2018","https://object.pouta.csc.fi/OPUS-OpenSubtitles/v2018/raw/th.zip","http://www.opensubtitles.org/","http://www.opensubtitles.org/ P. Lison and J. Tiedemann, 2016, OpenSubtitles2016: Extracting Large Parallel Corpora from Movie and TV Subtitles. In Proceedings of the 10th International Conference on Language Resources and Evaluation (LREC 2016)","whole",NA,28,4.01218840396866,2.7592649689227,0.642857142857143,0
17746453,20273,"ชั้นขออยู่แถวนี้สักพัก",NA,"ชั้นขออยู่แถวนี้สักพัก",NA,NA,NA,NA,NA,NA,NA,120,"tha_nfi_790.txt","Thai","Thai","tha",NA,2012,"written","non-fiction","prepared_speeches","Thai",NA,"OpenSubtitles2018","https://object.pouta.csc.fi/OPUS-OpenSubtitles/v2018/raw/th.zip","http://www.opensubtitles.org/","http://www.opensubtitles.org/ P. Lison and J. Tiedemann, 2016, OpenSubtitles2016: Extracting Large Parallel Corpora from Movie and TV Subtitles. In Proceedings of the 10th International Conference on Language Resources and Evaluation (LREC 2016)","whole",NA,22,3.87966400490259,2.60813127795632,0.727272727272727,0.0476190476190476
17749491,20276,"โอ๊ะ พี่ชาย",NA,"โอ๊ะ พี่ชาย",NA,NA,NA,NA,NA,NA,NA,120,"tha_nfi_793.txt","Thai","Thai","tha",NA,2012,"written","non-fiction","prepared_speeches","Thai",NA,"OpenSubtitles2018","https://object.pouta.csc.fi/OPUS-OpenSubtitles/v2018/raw/th.zip","http://www.opensubtitles.org/","http://www.opensubtitles.org/ P. Lison and J. Tiedemann, 2016, OpenSubtitles2016: Extracting Large Parallel Corpora from Movie and TV Subtitles. In Proceedings of the 10th International Conference on Language Resources and Evaluation (LREC 2016)","whole",NA,11,3.4594316186373,2.29549933939584,1,0
17750689,20278,"คุณให้การงดเว้นกับเขา, แล้วเขายังกระแทกแดกดันคุณอีก!",NA,"คุณให้การงดเว้นกับเขา, แล้วเขายังกระแทกแดกดันคุณอีก!",NA,NA,NA,NA,NA,NA,NA,120,"tha_nfi_795.txt","Thai","Thai","tha",NA,2012,"written","non-fiction","prepared_speeches","Thai",NA,"OpenSubtitles2018","https://object.pouta.csc.fi/OPUS-OpenSubtitles/v2018/raw/th.zip","http://www.opensubtitles.org/","http://www.opensubtitles.org/ P. Lison and J. Tiedemann, 2016, OpenSubtitles2016: Extracting Large Parallel Corpora from Movie and TV Subtitles. In Proceedings of the 10th International Conference on Language Resources and Evaluation (LREC 2016)","whole",NA,52,4.54584164088517,3.04336208073983,0.519230769230769,0
17757887,20287,"สิ่งที่เกิดขึ้นหลังจากที่คุณให้ คำสั่งของคุณหรือไม่",NA,"สิ่งที่เกิดขึ้นหลังจากที่คุณให้ คำสั่งของคุณหรือไม่",NA,NA,NA,NA,NA,NA,NA,120,"tha_nfi_802.txt","Thai","Thai","tha",NA,2012,"written","non-fiction","prepared_speeches","Thai",NA,"OpenSubtitles2018","https://object.pouta.csc.fi/OPUS-OpenSubtitles/v2018/raw/th.zip","http://www.opensubtitles.org/","http://www.opensubtitles.org/ P. Lison and J. Tiedemann, 2016, OpenSubtitles2016: Extracting Large Parallel Corpora from Movie and TV Subtitles. In Proceedings of the 10th International Conference on Language Resources and Evaluation (LREC 2016)","whole",NA,51,4.67008386199574,3.15498358076152,0.568627450980392,0
17787550,20329,"นายได้รับบาดเจ็บมาก \จากรถบัสนั่น",NA,"นายได้รับบาดเจ็บมาก \จากรถบัสนั่น",NA,NA,NA,NA,NA,NA,NA,120,"tha_nfi_840.txt","Thai","Thai","tha",NA,2012,"written","non-fiction","prepared_speeches","Thai",NA,"OpenSubtitles2018","https://object.pouta.csc.fi/OPUS-OpenSubtitles/v2018/raw/th.zip","http://www.opensubtitles.org/","http://www.opensubtitles.org/ P. Lison and J. Tiedemann, 2016, OpenSubtitles2016: Extracting Large Parallel Corpora from Movie and TV Subtitles. In Proceedings of the 10th International Conference on Language Resources and Evaluation (LREC 2016)","whole",NA,33,4.02894639195461,2.7680557367823,0.575757575757576,0.03125
17855573,20424,"ตักหิมะอยู่หรอ",NA,"ตักหิมะอยู่หรอ",NA,NA,NA,NA,NA,NA,NA,120,"tha_nfi_926.txt","Thai","Thai","tha",NA,2012,"written","non-fiction","prepared_speeches","Thai",NA,"OpenSubtitles2018","https://object.pouta.csc.fi/OPUS-OpenSubtitles/v2018/raw/th.zip","http://www.opensubtitles.org/","http://www.opensubtitles.org/ P. Lison and J. Tiedemann, 2016, OpenSubtitles2016: Extracting Large Parallel Corpora from Movie and TV Subtitles. In Proceedings of the 10th International Conference on Language Resources and Evaluation (LREC 2016)","whole",NA,14,3.52164063634332,2.33193508306319,0.857142857142857,0
17870244,20442,"เพลงประกอบหลัก :",NA,"เพลงประกอบหลัก :",NA,NA,NA,NA,NA,NA,NA,120,"tha_nfi_942.txt","Thai","Thai","tha",NA,2012,"written","non-fiction","prepared_speeches","Thai",NA,"OpenSubtitles2018","https://object.pouta.csc.fi/OPUS-OpenSubtitles/v2018/raw/th.zip","http://www.opensubtitles.org/","http://www.opensubtitles.org/ P. Lison and J. Tiedemann, 2016, OpenSubtitles2016: Extracting Large Parallel Corpora from Movie and TV Subtitles. In Proceedings of the 10th International Conference on Language Resources and Evaluation (LREC 2016)","whole",NA,16,3.75,2.53462385990583,0.875,0
17918351,20516,"02025009	Konutu ve eşyalarını sana göstereceğim örneğe tıpatıp uygun yapın . ”","02025009","Konutu ve eşyalarını sana göstereceğim örneğe tıpatıp uygun yapın . ”",NA,NA,NA,NA,NA,NA,NA,123,"tur_nfi_1.txt","Turkish","Turkish","tur",NA,2009,"written","non-fiction","religion","Latn",NA,"Text of the Parallel Bible Corpus: Mayer, Thomas & Michael Cysouw. 2014. Creating a Massively Parallel Bible Corpus. Proceedings of the International Conference on Language Resources and Evaluation (LREC), Reykjavik, 3158-3163.","http://www.bible.is/TRKBST/Gen/1<br>https://www.bible.com/de/versions/170/","© 2009 KitabI Mukaddes Şirketi ve Yeni Yaşam YayInlarI","Publisher : Turkish Christian, Source : OLB. This Bible text is brought to you by Bible Society in Turkey. This Bible text is brought to you by Yeni Yasam Yayinlari. If you are interested in obtaining a printed copy, please contact the Bible Society in Turkey at www.kitabimukaddes.com.","whole","The first two digits of the identifier refer to the book, the next three digits to the chapter, and the last three digits to the verse. See Mayer & Cysouw (2014) for a list of book identifiers.",69,4.16990679891066,2.92486126429464,0.347826086956522,0
17959849,20537,"Daha önce de onun salonunda bulundum.",NA,"Daha önce de onun salonunda bulundum.",NA,NA,NA,NA,NA,NA,NA,123,"tur_nfi_1017.txt","Turkish","Turkish","tur",NA,2017,"written","non-fiction","prepared_speeches","Latn",NA,"OpenSubtitles2018","https://object.pouta.csc.fi/OPUS-OpenSubtitles/v2018/raw/tr.zip","http://www.opensubtitles.org/","http://www.opensubtitles.org/ P. Lison and J. Tiedemann, 2016, OpenSubtitles2016: Extracting Large Parallel Corpora from Movie and TV Subtitles. In Proceedings of the 10th International Conference on Language Resources and Evaluation (LREC 2016)","whole",NA,37,3.65583327224073,2.45256932926665,0.432432432432432,0
17977516,20570,"Aslinda sirtimda bir sorun var.",NA,"Aslinda sirtimda bir sorun var.",NA,NA,NA,NA,NA,NA,NA,123,"tur_nfi_1047.txt","Turkish","Turkish","tur",NA,2017,"written","non-fiction","prepared_speeches","Latn",NA,"OpenSubtitles2018","https://object.pouta.csc.fi/OPUS-OpenSubtitles/v2018/raw/tr.zip","http://www.opensubtitles.org/","http://www.opensubtitles.org/ P. Lison and J. Tiedemann, 2016, OpenSubtitles2016: Extracting Large Parallel Corpora from Movie and TV Subtitles. In Proceedings of the 10th International Conference on Language Resources and Evaluation (LREC 2016)","whole",NA,31,3.74420356831181,2.51203636798931,0.516129032258065,0
18005249,20617,"Sen bile arkadaş olmak istemiyorsan şeytanın hası olmalı.",NA,"Sen bile arkadaş olmak istemiyorsan şeytanın hası olmalı.",NA,NA,NA,NA,NA,NA,NA,123,"tur_nfi_109.txt","Turkish","Turkish","tur",NA,2017,"written","non-fiction","prepared_speeches","Latn",NA,"OpenSubtitles2018","https://object.pouta.csc.fi/OPUS-OpenSubtitles/v2018/raw/tr.zip","http://www.opensubtitles.org/","http://www.opensubtitles.org/ P. Lison and J. Tiedemann, 2016, OpenSubtitles2016: Extracting Large Parallel Corpora from Movie and TV Subtitles. In Proceedings of the 10th International Conference on Language Resources and Evaluation (LREC 2016)","whole",NA,57,4.05348787442403,2.69511475719843,0.350877192982456,0
18005610,20618,"Görüşme ayarla, yüz yüze.",NA,"Görüşme ayarla, yüz yüze.",NA,NA,NA,NA,NA,NA,NA,123,"tur_nfi_1090.txt","Turkish","Turkish","tur",NA,2017,"written","non-fiction","prepared_speeches","Latn",NA,"OpenSubtitles2018","https://object.pouta.csc.fi/OPUS-OpenSubtitles/v2018/raw/tr.zip","http://www.opensubtitles.org/","http://www.opensubtitles.org/ P. Lison and J. Tiedemann, 2016, OpenSubtitles2016: Extracting Large Parallel Corpora from Movie and TV Subtitles. In Proceedings of the 10th International Conference on Language Resources and Evaluation (LREC 2016)","whole",NA,25,3.64307418942857,2.31391791932052,0.56,0
18056784,20710,"Sarı bir çantada.",NA,"Sarı bir çantada.",NA,NA,NA,NA,NA,NA,NA,123,"tur_nfi_1173.txt","Turkish","Turkish","tur",NA,2017,"written","non-fiction","prepared_speeches","Latn",NA,"OpenSubtitles2018","https://object.pouta.csc.fi/OPUS-OpenSubtitles/v2018/raw/tr.zip","http://www.opensubtitles.org/","http://www.opensubtitles.org/ P. Lison and J. Tiedemann, 2016, OpenSubtitles2016: Extracting Large Parallel Corpora from Movie and TV Subtitles. In Proceedings of the 10th International Conference on Language Resources and Evaluation (LREC 2016)","whole",NA,17,3.38158048830916,2.33054397294496,0.705882352941177,0
18066568,20729,"Ne zaman hissedeceğim?",NA,"Ne zaman hissedeceğim?",NA,NA,NA,NA,NA,NA,NA,123,"tur_nfi_1190.txt","Turkish","Turkish","tur",NA,2017,"written","non-fiction","prepared_speeches","Latn",NA,"OpenSubtitles2018","https://object.pouta.csc.fi/OPUS-OpenSubtitles/v2018/raw/tr.zip","http://www.opensubtitles.org/","http://www.opensubtitles.org/ P. Lison and J. Tiedemann, 2016, OpenSubtitles2016: Extracting Large Parallel Corpora from Movie and TV Subtitles. In Proceedings of the 10th International Conference on Language Resources and Evaluation (LREC 2016)","whole",NA,22,3.64124980045548,2.48838683731449,0.636363636363636,0.0476190476190476
18083304,20758,"Kocanızın nerede olduğunu mu söylemeye çalışıyorsunuz?",NA,"Kocanızın nerede olduğunu mu söylemeye çalışıyorsunuz?",NA,NA,NA,NA,NA,NA,NA,123,"tur_nfi_1216.txt","Turkish","Turkish","tur",NA,2017,"written","non-fiction","prepared_speeches","Latn",NA,"OpenSubtitles2018","https://object.pouta.csc.fi/OPUS-OpenSubtitles/v2018/raw/tr.zip","http://www.opensubtitles.org/","http://www.opensubtitles.org/ P. Lison and J. Tiedemann, 2016, OpenSubtitles2016: Extracting Large Parallel Corpora from Movie and TV Subtitles. In Proceedings of the 10th International Conference on Language Resources and Evaluation (LREC 2016)","whole",NA,54,4.11593391949647,2.82467260030404,0.388888888888889,0
18132022,20842,"Hermilda, Tanrı aşkına...",NA,"Hermilda, Tanrı aşkına...",NA,NA,NA,NA,NA,NA,NA,123,"tur_nfi_1292.txt","Turkish","Turkish","tur",NA,2016,"written","non-fiction","prepared_speeches","Latn",NA,"OpenSubtitles2018","https://object.pouta.csc.fi/OPUS-OpenSubtitles/v2018/raw/tr.zip","http://www.opensubtitles.org/","http://www.opensubtitles.org/ P. Lison and J. Tiedemann, 2016, OpenSubtitles2016: Extracting Large Parallel Corpora from Movie and TV Subtitles. In Proceedings of the 10th International Conference on Language Resources and Evaluation (LREC 2016)","whole",NA,25,3.81366068968819,2.58961502253844,0.64,0.0833333333333333
18134794,20847,"Çünkü o kişi ben değilim.",NA,"Çünkü o kişi ben değilim.",NA,NA,NA,NA,NA,NA,NA,123,"tur_nfi_1297.txt","Turkish","Turkish","tur",NA,2016,"written","non-fiction","prepared_speeches","Latn",NA,"OpenSubtitles2018","https://object.pouta.csc.fi/OPUS-OpenSubtitles/v2018/raw/tr.zip","http://www.opensubtitles.org/","http://www.opensubtitles.org/ P. Lison and J. Tiedemann, 2016, OpenSubtitles2016: Extracting Large Parallel Corpora from Movie and TV Subtitles. In Proceedings of the 10th International Conference on Language Resources and Evaluation (LREC 2016)","whole",NA,25,3.68385618977472,2.60669004338057,0.6,0
18215022,20987,"Kıştepesi'nden giderim, Nehir Toprakları'na dönerim.",NA,"Kıştepesi'nden giderim, Nehir Toprakları'na dönerim.",NA,NA,NA,NA,NA,NA,NA,123,"tur_nfi_1422.txt","Turkish","Turkish","tur",NA,2016,"written","non-fiction","prepared_speeches","Latn",NA,"OpenSubtitles2018","https://object.pouta.csc.fi/OPUS-OpenSubtitles/v2018/raw/tr.zip","http://www.opensubtitles.org/","http://www.opensubtitles.org/ P. Lison and J. Tiedemann, 2016, OpenSubtitles2016: Extracting Large Parallel Corpora from Movie and TV Subtitles. In Proceedings of the 10th International Conference on Language Resources and Evaluation (LREC 2016)","whole",NA,52,4.31123143049633,2.95856803147771,0.480769230769231,0
18221671,20999,"Tamam, ben işe döneyim.",NA,"Tamam, ben işe döneyim.",NA,NA,NA,NA,NA,NA,NA,123,"tur_nfi_1433.txt","Turkish","Turkish","tur",NA,2016,"written","non-fiction","prepared_speeches","Latn",NA,"OpenSubtitles2018","https://object.pouta.csc.fi/OPUS-OpenSubtitles/v2018/raw/tr.zip","http://www.opensubtitles.org/","http://www.opensubtitles.org/ P. Lison and J. Tiedemann, 2016, OpenSubtitles2016: Extracting Large Parallel Corpora from Movie and TV Subtitles. In Proceedings of the 10th International Conference on Language Resources and Evaluation (LREC 2016)","whole",NA,23,3.64248967316613,2.51029383440433,0.608695652173913,0
18231256,21015,"Yogayı meditasyonu hatta hipnoterapiyi bile denedim.",NA,"Yogayı meditasyonu hatta hipnoterapiyi bile denedim.",NA,NA,NA,NA,NA,NA,NA,123,"tur_nfi_1448.txt","Turkish","Turkish","tur",NA,2016,"written","non-fiction","prepared_speeches","Latn",NA,"OpenSubtitles2018","https://object.pouta.csc.fi/OPUS-OpenSubtitles/v2018/raw/tr.zip","http://www.opensubtitles.org/","http://www.opensubtitles.org/ P. Lison and J. Tiedemann, 2016, OpenSubtitles2016: Extracting Large Parallel Corpora from Movie and TV Subtitles. In Proceedings of the 10th International Conference on Language Resources and Evaluation (LREC 2016)","whole",NA,52,4.09739651744318,2.78220871391951,0.403846153846154,0.0196078431372549
18262696,21071,"Siz insanlar Lakewood altılısı hakkında her şeyi bildiğinizi sanıyorsunuz.",NA,"Siz insanlar Lakewood altılısı hakkında her şeyi bildiğinizi sanıyorsunuz.",NA,NA,NA,NA,NA,NA,NA,123,"tur_nfi_1499.txt","Turkish","Turkish","tur",NA,2016,"written","non-fiction","prepared_speeches","Latn",NA,"OpenSubtitles2018","https://object.pouta.csc.fi/OPUS-OpenSubtitles/v2018/raw/tr.zip","http://www.opensubtitles.org/","http://www.opensubtitles.org/ P. Lison and J. Tiedemann, 2016, OpenSubtitles2016: Extracting Large Parallel Corpora from Movie and TV Subtitles. In Proceedings of the 10th International Conference on Language Resources and Evaluation (LREC 2016)","whole",NA,74,4.24593681230263,2.93800631416623,0.324324324324324,0.0273972602739726
18309113,21145,"CIA ve komünistlere karşı savaşlar.",NA,"CIA ve komünistlere karşı savaşlar.",NA,NA,NA,NA,NA,NA,NA,123,"tur_nfi_1565.txt","Turkish","Turkish","tur",NA,2016,"written","non-fiction","prepared_speeches","Latn",NA,"OpenSubtitles2018","https://object.pouta.csc.fi/OPUS-OpenSubtitles/v2018/raw/tr.zip","http://www.opensubtitles.org/","http://www.opensubtitles.org/ P. Lison and J. Tiedemann, 2016, OpenSubtitles2016: Extracting Large Parallel Corpora from Movie and TV Subtitles. In Proceedings of the 10th International Conference on Language Resources and Evaluation (LREC 2016)","whole",NA,35,4.11471801682134,2.7444082334827,0.571428571428571,0
18314428,21153,"Ama yapmadın.",NA,"Ama yapmadın.",NA,NA,NA,NA,NA,NA,NA,123,"tur_nfi_1572.txt","Turkish","Turkish","tur",NA,2016,"written","non-fiction","prepared_speeches","Latn",NA,"OpenSubtitles2018","https://object.pouta.csc.fi/OPUS-OpenSubtitles/v2018/raw/tr.zip","http://www.opensubtitles.org/","http://www.opensubtitles.org/ P. Lison and J. Tiedemann, 2016, OpenSubtitles2016: Extracting Large Parallel Corpora from Movie and TV Subtitles. In Proceedings of the 10th International Conference on Language Resources and Evaluation (LREC 2016)","whole",NA,13,3.18083298720544,2.12757316931806,0.769230769230769,0
18326610,21172,"İğne korkusu varmış.",NA,"İğne korkusu varmış.",NA,NA,NA,NA,NA,NA,NA,123,"tur_nfi_159.txt","Turkish","Turkish","tur",NA,2017,"written","non-fiction","prepared_speeches","Latn",NA,"OpenSubtitles2018","https://object.pouta.csc.fi/OPUS-OpenSubtitles/v2018/raw/tr.zip","http://www.opensubtitles.org/","http://www.opensubtitles.org/ P. Lison and J. Tiedemann, 2016, OpenSubtitles2016: Extracting Large Parallel Corpora from Movie and TV Subtitles. In Proceedings of the 10th International Conference on Language Resources and Evaluation (LREC 2016)","whole",NA,20,3.92192809488736,2.6924860155377,0.8,0
18326914,21173,"- ...bulacağımızın garantisini veremem.",NA,"- ...bulacağımızın garantisini veremem.",NA,NA,NA,NA,NA,NA,NA,123,"tur_nfi_1590.txt","Turkish","Turkish","tur",NA,2016,"written","non-fiction","prepared_speeches","Latn",NA,"OpenSubtitles2018","https://object.pouta.csc.fi/OPUS-OpenSubtitles/v2018/raw/tr.zip","http://www.opensubtitles.org/","http://www.opensubtitles.org/ P. Lison and J. Tiedemann, 2016, OpenSubtitles2016: Extracting Large Parallel Corpora from Movie and TV Subtitles. In Proceedings of the 10th International Conference on Language Resources and Evaluation (LREC 2016)","whole",NA,39,4.09234260314479,2.84304332922097,0.512820512820513,0.0526315789473684
18369112,21244,"Ama ders seçimini 15 Temmuz saat 02:00'de gönderdim.",NA,"Ama ders seçimini 15 Temmuz saat 02:00'de gönderdim.",NA,NA,NA,NA,NA,NA,NA,123,"tur_nfi_1654.txt","Turkish","Turkish","tur",NA,2016,"written","non-fiction","prepared_speeches","Latn",NA,"OpenSubtitles2018","https://object.pouta.csc.fi/OPUS-OpenSubtitles/v2018/raw/tr.zip","http://www.opensubtitles.org/","http://www.opensubtitles.org/ P. Lison and J. Tiedemann, 2016, OpenSubtitles2016: Extracting Large Parallel Corpora from Movie and TV Subtitles. In Proceedings of the 10th International Conference on Language Resources and Evaluation (LREC 2016)","whole",NA,52,4.21706610449172,2.95228282032735,0.461538461538462,0.0588235294117647
18369493,21245,"Bundan daha değerli.",NA,"Bundan daha değerli.",NA,NA,NA,NA,NA,NA,NA,123,"tur_nfi_1655.txt","Turkish","Turkish","tur",NA,2016,"written","non-fiction","prepared_speeches","Latn",NA,"OpenSubtitles2018","https://object.pouta.csc.fi/OPUS-OpenSubtitles/v2018/raw/tr.zip","http://www.opensubtitles.org/","http://www.opensubtitles.org/ P. Lison and J. Tiedemann, 2016, OpenSubtitles2016: Extracting Large Parallel Corpora from Movie and TV Subtitles. In Proceedings of the 10th International Conference on Language Resources and Evaluation (LREC 2016)","whole",NA,20,3.54643934467102,2.41150147504773,0.65,0
18404749,21298,"Zamana ihtiyacım var.",NA,"Zamana ihtiyacım var.",NA,NA,NA,NA,NA,NA,NA,123,"tur_nfi_1702.txt","Turkish","Turkish","tur",NA,2016,"written","non-fiction","prepared_speeches","Latn",NA,"OpenSubtitles2018","https://object.pouta.csc.fi/OPUS-OpenSubtitles/v2018/raw/tr.zip","http://www.opensubtitles.org/","http://www.opensubtitles.org/ P. Lison and J. Tiedemann, 2016, OpenSubtitles2016: Extracting Large Parallel Corpora from Movie and TV Subtitles. In Proceedings of the 10th International Conference on Language Resources and Evaluation (LREC 2016)","whole",NA,21,3.55376311447225,2.54426615464706,0.666666666666667,0
18411225,21310,"- Evet, neden?",NA,"- Evet, neden?",NA,NA,NA,NA,NA,NA,NA,123,"tur_nfi_1713.txt","Turkish","Turkish","tur",NA,2016,"written","non-fiction","prepared_speeches","Latn",NA,"OpenSubtitles2018","https://object.pouta.csc.fi/OPUS-OpenSubtitles/v2018/raw/tr.zip","http://www.opensubtitles.org/","http://www.opensubtitles.org/ P. Lison and J. Tiedemann, 2016, OpenSubtitles2016: Extracting Large Parallel Corpora from Movie and TV Subtitles. In Proceedings of the 10th International Conference on Language Resources and Evaluation (LREC 2016)","whole",NA,14,3.18200581476021,2.10997033695709,0.714285714285714,0
18421964,21326,"Evet, eminim öyleydi.",NA,"Evet, eminim öyleydi.",NA,NA,NA,NA,NA,NA,NA,123,"tur_nfi_1728.txt","Turkish","Turkish","tur",NA,2016,"written","non-fiction","prepared_speeches","Latn",NA,"OpenSubtitles2018","https://object.pouta.csc.fi/OPUS-OpenSubtitles/v2018/raw/tr.zip","http://www.opensubtitles.org/","http://www.opensubtitles.org/ P. Lison and J. Tiedemann, 2016, OpenSubtitles2016: Extracting Large Parallel Corpora from Movie and TV Subtitles. In Proceedings of the 10th International Conference on Language Resources and Evaluation (LREC 2016)","whole",NA,21,3.653756708287,2.49542614262459,0.666666666666667,0
18430315,21341,"Sahra Çölü'nde bir sürü ölüm oldu.",NA,"Sahra Çölü'nde bir sürü ölüm oldu.",NA,NA,NA,NA,NA,NA,NA,123,"tur_nfi_1741.txt","Turkish","Turkish","tur",NA,2016,"written","non-fiction","prepared_speeches","Latn",NA,"OpenSubtitles2018","https://object.pouta.csc.fi/OPUS-OpenSubtitles/v2018/raw/tr.zip","http://www.opensubtitles.org/","http://www.opensubtitles.org/ P. Lison and J. Tiedemann, 2016, OpenSubtitles2016: Extracting Large Parallel Corpora from Movie and TV Subtitles. In Proceedings of the 10th International Conference on Language Resources and Evaluation (LREC 2016)","whole",NA,34,4.05453885658082,2.79681168341913,0.588235294117647,0
18434828,21347,"Gözümüz üzerinde.",NA,"Gözümüz üzerinde.",NA,NA,NA,NA,NA,NA,NA,123,"tur_nfi_1747.txt","Turkish","Turkish","tur",NA,2016,"written","non-fiction","prepared_speeches","Latn",NA,"OpenSubtitles2018","https://object.pouta.csc.fi/OPUS-OpenSubtitles/v2018/raw/tr.zip","http://www.opensubtitles.org/","http://www.opensubtitles.org/ P. Lison and J. Tiedemann, 2016, OpenSubtitles2016: Extracting Large Parallel Corpora from Movie and TV Subtitles. In Proceedings of the 10th International Conference on Language Resources and Evaluation (LREC 2016)","whole",NA,17,3.41041725276052,2.34512924811794,0.705882352941177,0
18440943,21354,"- Ara hemen.",NA,"- Ara hemen.",NA,NA,NA,NA,NA,NA,NA,123,"tur_nfi_1753.txt","Turkish","Turkish","tur",NA,2016,"written","non-fiction","prepared_speeches","Latn",NA,"OpenSubtitles2018","https://object.pouta.csc.fi/OPUS-OpenSubtitles/v2018/raw/tr.zip","http://www.opensubtitles.org/","http://www.opensubtitles.org/ P. Lison and J. Tiedemann, 2016, OpenSubtitles2016: Extracting Large Parallel Corpora from Movie and TV Subtitles. In Proceedings of the 10th International Conference on Language Resources and Evaluation (LREC 2016)","whole",NA,12,3.25162916738782,2.15683416135593,0.833333333333333,0
18441101,21354,"- Az kaldı baba.",NA,"- Az kaldı baba.",NA,NA,NA,NA,NA,NA,NA,123,"tur_nfi_1753.txt","Turkish","Turkish","tur",NA,2016,"written","non-fiction","prepared_speeches","Latn",NA,"OpenSubtitles2018","https://object.pouta.csc.fi/OPUS-OpenSubtitles/v2018/raw/tr.zip","http://www.opensubtitles.org/","http://www.opensubtitles.org/ P. Lison and J. Tiedemann, 2016, OpenSubtitles2016: Extracting Large Parallel Corpora from Movie and TV Subtitles. In Proceedings of the 10th International Conference on Language Resources and Evaluation (LREC 2016)","whole",NA,16,3.28063906222957,2.18859742759628,0.6875,0
18505858,21461,"Gerçekten mi?",NA,"Gerçekten mi?",NA,NA,NA,NA,NA,NA,NA,123,"tur_nfi_185.txt","Turkish","Turkish","tur",NA,2017,"written","non-fiction","prepared_speeches","Latn",NA,"OpenSubtitles2018","https://object.pouta.csc.fi/OPUS-OpenSubtitles/v2018/raw/tr.zip","http://www.opensubtitles.org/","http://www.opensubtitles.org/ P. Lison and J. Tiedemann, 2016, OpenSubtitles2016: Extracting Large Parallel Corpora from Movie and TV Subtitles. In Proceedings of the 10th International Conference on Language Resources and Evaluation (LREC 2016)","whole",NA,13,3.33467914105159,2.29807160805945,0.846153846153846,0
18506276,21462,"Bunu saklayacağım.",NA,"Bunu saklayacağım.",NA,NA,NA,NA,NA,NA,NA,123,"tur_nfi_1850.txt","Turkish","Turkish","tur",NA,2016,"written","non-fiction","prepared_speeches","Latn",NA,"OpenSubtitles2018","https://object.pouta.csc.fi/OPUS-OpenSubtitles/v2018/raw/tr.zip","http://www.opensubtitles.org/","http://www.opensubtitles.org/ P. Lison and J. Tiedemann, 2016, OpenSubtitles2016: Extracting Large Parallel Corpora from Movie and TV Subtitles. In Proceedings of the 10th International Conference on Language Resources and Evaluation (LREC 2016)","whole",NA,18,3.61436944588676,2.56391141965234,0.777777777777778,0
18516427,21477,"Bırak onu gitsin göt veren herif, bırak gitsin.",NA,"Bırak onu gitsin göt veren herif, bırak gitsin.",NA,NA,NA,NA,NA,NA,NA,123,"tur_nfi_1864.txt","Turkish","Turkish","tur",NA,2016,"written","non-fiction","prepared_speeches","Latn",NA,"OpenSubtitles2018","https://object.pouta.csc.fi/OPUS-OpenSubtitles/v2018/raw/tr.zip","http://www.opensubtitles.org/","http://www.opensubtitles.org/ P. Lison and J. Tiedemann, 2016, OpenSubtitles2016: Extracting Large Parallel Corpora from Movie and TV Subtitles. In Proceedings of the 10th International Conference on Language Resources and Evaluation (LREC 2016)","whole",NA,47,4.0753167785855,2.49379311380119,0.446808510638298,0
18621832,21651,"Kart falan oynayabiliriz.",NA,"Kart falan oynayabiliriz.",NA,NA,NA,NA,NA,NA,NA,123,"tur_nfi_290.txt","Turkish","Turkish","tur",NA,2017,"written","non-fiction","prepared_speeches","Latn",NA,"OpenSubtitles2018","https://object.pouta.csc.fi/OPUS-OpenSubtitles/v2018/raw/tr.zip","http://www.opensubtitles.org/","http://www.opensubtitles.org/ P. Lison and J. Tiedemann, 2016, OpenSubtitles2016: Extracting Large Parallel Corpora from Movie and TV Subtitles. In Proceedings of the 10th International Conference on Language Resources and Evaluation (LREC 2016)","whole",NA,25,3.58927507071071,2.48854736448672,0.56,0
18622469,21653,"Louise lig şampiyonluğundan çekiliyor mu?",NA,"Louise lig şampiyonluğundan çekiliyor mu?",NA,NA,NA,NA,NA,NA,NA,123,"tur_nfi_292.txt","Turkish","Turkish","tur",NA,2017,"written","non-fiction","prepared_speeches","Latn",NA,"OpenSubtitles2018","https://object.pouta.csc.fi/OPUS-OpenSubtitles/v2018/raw/tr.zip","http://www.opensubtitles.org/","http://www.opensubtitles.org/ P. Lison and J. Tiedemann, 2016, OpenSubtitles2016: Extracting Large Parallel Corpora from Movie and TV Subtitles. In Proceedings of the 10th International Conference on Language Resources and Evaluation (LREC 2016)","whole",NA,41,4.14110559044913,2.8051253583505,0.51219512195122,0
18656254,21712,"Beni dinle.",NA,"Beni dinle.",NA,NA,NA,NA,NA,NA,NA,123,"tur_nfi_345.txt","Turkish","Turkish","tur",NA,2017,"written","non-fiction","prepared_speeches","Latn",NA,"OpenSubtitles2018","https://object.pouta.csc.fi/OPUS-OpenSubtitles/v2018/raw/tr.zip","http://www.opensubtitles.org/","http://www.opensubtitles.org/ P. Lison and J. Tiedemann, 2016, OpenSubtitles2016: Extracting Large Parallel Corpora from Movie and TV Subtitles. In Proceedings of the 10th International Conference on Language Resources and Evaluation (LREC 2016)","whole",NA,11,2.91397707318275,1.88053192953471,0.727272727272727,0
18708094,21791,"Sence onun suçu muydu?",NA,"Sence onun suçu muydu?",NA,NA,NA,NA,NA,NA,NA,123,"tur_nfi_416.txt","Turkish","Turkish","tur",NA,2017,"written","non-fiction","prepared_speeches","Latn",NA,"OpenSubtitles2018","https://object.pouta.csc.fi/OPUS-OpenSubtitles/v2018/raw/tr.zip","http://www.opensubtitles.org/","http://www.opensubtitles.org/ P. Lison and J. Tiedemann, 2016, OpenSubtitles2016: Extracting Large Parallel Corpora from Movie and TV Subtitles. In Proceedings of the 10th International Conference on Language Resources and Evaluation (LREC 2016)","whole",NA,22,3.40854909687531,2.44512284950595,0.590909090909091,0
18708545,21792,"Senin şu küçük yuvan ne kadar uzak dostum?",NA,"Senin şu küçük yuvan ne kadar uzak dostum?",NA,NA,NA,NA,NA,NA,NA,123,"tur_nfi_417.txt","Turkish","Turkish","tur",NA,2017,"written","non-fiction","prepared_speeches","Latn",NA,"OpenSubtitles2018","https://object.pouta.csc.fi/OPUS-OpenSubtitles/v2018/raw/tr.zip","http://www.opensubtitles.org/","http://www.opensubtitles.org/ P. Lison and J. Tiedemann, 2016, OpenSubtitles2016: Extracting Large Parallel Corpora from Movie and TV Subtitles. In Proceedings of the 10th International Conference on Language Resources and Evaluation (LREC 2016)","whole",NA,42,4.01966303100725,2.88227500533187,0.5,0
18711723,21800,"Maliyeti karşılama zamanı.",NA,"Maliyeti karşılama zamanı.",NA,NA,NA,NA,NA,NA,NA,123,"tur_nfi_424.txt","Turkish","Turkish","tur",NA,2017,"written","non-fiction","prepared_speeches","Latn",NA,"OpenSubtitles2018","https://object.pouta.csc.fi/OPUS-OpenSubtitles/v2018/raw/tr.zip","http://www.opensubtitles.org/","http://www.opensubtitles.org/ P. Lison and J. Tiedemann, 2016, OpenSubtitles2016: Extracting Large Parallel Corpora from Movie and TV Subtitles. In Proceedings of the 10th International Conference on Language Resources and Evaluation (LREC 2016)","whole",NA,26,3.71929452566698,2.54380632346252,0.615384615384615,0
18732196,21836,"64, 65, 66.",NA,"64, 65, 66.",NA,NA,NA,NA,NA,NA,NA,123,"tur_nfi_457.txt","Turkish","Turkish","tur",NA,2017,"written","non-fiction","prepared_speeches","Latn",NA,"OpenSubtitles2018","https://object.pouta.csc.fi/OPUS-OpenSubtitles/v2018/raw/tr.zip","http://www.opensubtitles.org/","http://www.opensubtitles.org/ P. Lison and J. Tiedemann, 2016, OpenSubtitles2016: Extracting Large Parallel Corpora from Movie and TV Subtitles. In Proceedings of the 10th International Conference on Language Resources and Evaluation (LREC 2016)","whole",NA,11,2.36852252772821,1.5216441769275,0.545454545454545,0.1
18733799,21840,"Yapmamız gereken şeyi değiştirmez.",NA,"Yapmamız gereken şeyi değiştirmez.",NA,NA,NA,NA,NA,NA,NA,123,"tur_nfi_460.txt","Turkish","Turkish","tur",NA,2017,"written","non-fiction","prepared_speeches","Latn",NA,"OpenSubtitles2018","https://object.pouta.csc.fi/OPUS-OpenSubtitles/v2018/raw/tr.zip","http://www.opensubtitles.org/","http://www.opensubtitles.org/ P. Lison and J. Tiedemann, 2016, OpenSubtitles2016: Extracting Large Parallel Corpora from Movie and TV Subtitles. In Proceedings of the 10th International Conference on Language Resources and Evaluation (LREC 2016)","whole",NA,34,3.97644997328512,2.81584480296679,0.558823529411765,0
18743892,21858,"Kampanya fonu karşılığında mevzuat verdiği açıklanmak üzere.",NA,"Kampanya fonu karşılığında mevzuat verdiği açıklanmak üzere.",NA,NA,NA,NA,NA,NA,NA,123,"tur_nfi_477.txt","Turkish","Turkish","tur",NA,2017,"written","non-fiction","prepared_speeches","Latn",NA,"OpenSubtitles2018","https://object.pouta.csc.fi/OPUS-OpenSubtitles/v2018/raw/tr.zip","http://www.opensubtitles.org/","http://www.opensubtitles.org/ P. Lison and J. Tiedemann, 2016, OpenSubtitles2016: Extracting Large Parallel Corpora from Movie and TV Subtitles. In Proceedings of the 10th International Conference on Language Resources and Evaluation (LREC 2016)","whole",NA,60,4.30182788687855,3.02104365804869,0.416666666666667,0
18801367,21952,"Evet, Ehr...",NA,"Evet, Ehr...",NA,NA,NA,NA,NA,NA,NA,123,"tur_nfi_561.txt","Turkish","Turkish","tur",NA,2017,"written","non-fiction","prepared_speeches","Latn",NA,"OpenSubtitles2018","https://object.pouta.csc.fi/OPUS-OpenSubtitles/v2018/raw/tr.zip","http://www.opensubtitles.org/","http://www.opensubtitles.org/ P. Lison and J. Tiedemann, 2016, OpenSubtitles2016: Extracting Large Parallel Corpora from Movie and TV Subtitles. In Proceedings of the 10th International Conference on Language Resources and Evaluation (LREC 2016)","whole",NA,12,3.0220552088742,1.99246505944728,0.75,0.181818181818182
18803987,21957,"Belle, bunu yapmana müsaade edemem.",NA,"Belle, bunu yapmana müsaade edemem.",NA,NA,NA,NA,NA,NA,NA,123,"tur_nfi_566.txt","Turkish","Turkish","tur",NA,2017,"written","non-fiction","prepared_speeches","Latn",NA,"OpenSubtitles2018","https://object.pouta.csc.fi/OPUS-OpenSubtitles/v2018/raw/tr.zip","http://www.opensubtitles.org/","http://www.opensubtitles.org/ P. Lison and J. Tiedemann, 2016, OpenSubtitles2016: Extracting Large Parallel Corpora from Movie and TV Subtitles. In Proceedings of the 10th International Conference on Language Resources and Evaluation (LREC 2016)","whole",NA,35,3.66872828898029,2.59005490414775,0.457142857142857,0.0588235294117647
18811867,21966,"Yolu göster.",NA,"Yolu göster.",NA,NA,NA,NA,NA,NA,NA,123,"tur_nfi_574.txt","Turkish","Turkish","tur",NA,2017,"written","non-fiction","prepared_speeches","Latn",NA,"OpenSubtitles2018","https://object.pouta.csc.fi/OPUS-OpenSubtitles/v2018/raw/tr.zip","http://www.opensubtitles.org/","http://www.opensubtitles.org/ P. Lison and J. Tiedemann, 2016, OpenSubtitles2016: Extracting Large Parallel Corpora from Movie and TV Subtitles. In Proceedings of the 10th International Conference on Language Resources and Evaluation (LREC 2016)","whole",NA,12,3.58496250072116,2.40295460283962,1,0
18830194,21996,"Sana doğum odası hazırlayacağız.",NA,"Sana doğum odası hazırlayacağız.",NA,NA,NA,NA,NA,NA,NA,123,"tur_nfi_600.txt","Turkish","Turkish","tur",NA,2017,"written","non-fiction","prepared_speeches","Latn",NA,"OpenSubtitles2018","https://object.pouta.csc.fi/OPUS-OpenSubtitles/v2018/raw/tr.zip","http://www.opensubtitles.org/","http://www.opensubtitles.org/ P. Lison and J. Tiedemann, 2016, OpenSubtitles2016: Extracting Large Parallel Corpora from Movie and TV Subtitles. In Proceedings of the 10th International Conference on Language Resources and Evaluation (LREC 2016)","whole",NA,32,3.83871064191468,2.76929383946325,0.5625,0
18845565,22023,"İçeri buyur?",NA,"İçeri buyur?",NA,NA,NA,NA,NA,NA,NA,123,"tur_nfi_625.txt","Turkish","Turkish","tur",NA,2017,"written","non-fiction","prepared_speeches","Latn",NA,"OpenSubtitles2018","https://object.pouta.csc.fi/OPUS-OpenSubtitles/v2018/raw/tr.zip","http://www.opensubtitles.org/","http://www.opensubtitles.org/ P. Lison and J. Tiedemann, 2016, OpenSubtitles2016: Extracting Large Parallel Corpora from Movie and TV Subtitles. In Proceedings of the 10th International Conference on Language Resources and Evaluation (LREC 2016)","whole",NA,12,3.25162916738782,2.12039794810942,0.833333333333333,0
18869811,22068,"Benimkinden de!",NA,"Benimkinden de!",NA,NA,NA,NA,NA,NA,NA,123,"tur_nfi_666.txt","Turkish","Turkish","tur",NA,2017,"written","non-fiction","prepared_speeches","Latn",NA,"OpenSubtitles2018","https://object.pouta.csc.fi/OPUS-OpenSubtitles/v2018/raw/tr.zip","http://www.opensubtitles.org/","http://www.opensubtitles.org/ P. Lison and J. Tiedemann, 2016, OpenSubtitles2016: Extracting Large Parallel Corpora from Movie and TV Subtitles. In Proceedings of the 10th International Conference on Language Resources and Evaluation (LREC 2016)","whole",NA,15,3.00623892865339,1.93543274643249,0.6,0
18890516,22100,"Kutlamalar biter bitmez, sen ve Aethelred birlikte Lunden'e seyahat edeceksiniz.",NA,"Kutlamalar biter bitmez, sen ve Aethelred birlikte Lunden'e seyahat edeceksiniz.",NA,NA,NA,NA,NA,NA,NA,123,"tur_nfi_695.txt","Turkish","Turkish","tur",NA,2017,"written","non-fiction","prepared_speeches","Latn",NA,"OpenSubtitles2018","https://object.pouta.csc.fi/OPUS-OpenSubtitles/v2018/raw/tr.zip","http://www.opensubtitles.org/","http://www.opensubtitles.org/ P. Lison and J. Tiedemann, 2016, OpenSubtitles2016: Extracting Large Parallel Corpora from Movie and TV Subtitles. In Proceedings of the 10th International Conference on Language Resources and Evaluation (LREC 2016)","whole",NA,80,4.16285125849526,2.91384885832164,0.3125,0
18903055,22117,"Soruya cevap verin.",NA,"Soruya cevap verin.",NA,NA,NA,NA,NA,NA,NA,123,"tur_nfi_71.txt","Turkish","Turkish","tur",NA,2017,"written","non-fiction","prepared_speeches","Latn",NA,"OpenSubtitles2018","https://object.pouta.csc.fi/OPUS-OpenSubtitles/v2018/raw/tr.zip","http://www.opensubtitles.org/","http://www.opensubtitles.org/ P. Lison and J. Tiedemann, 2016, OpenSubtitles2016: Extracting Large Parallel Corpora from Movie and TV Subtitles. In Proceedings of the 10th International Conference on Language Resources and Evaluation (LREC 2016)","whole",NA,19,3.7216117239699,2.49044196835772,0.736842105263158,0
18974938,22230,"Bu aşırı çirkin binada öğrendiklerinden bir şeyler hatırlıyor musun, bunca zamandır?",NA,"Bu aşırı çirkin binada öğrendiklerinden bir şeyler hatırlıyor musun, bunca zamandır?",NA,NA,NA,NA,NA,NA,NA,123,"tur_nfi_811.txt","Turkish","Turkish","tur",NA,2017,"written","non-fiction","prepared_speeches","Latn",NA,"OpenSubtitles2018","https://object.pouta.csc.fi/OPUS-OpenSubtitles/v2018/raw/tr.zip","http://www.opensubtitles.org/","http://www.opensubtitles.org/ P. Lison and J. Tiedemann, 2016, OpenSubtitles2016: Extracting Large Parallel Corpora from Movie and TV Subtitles. In Proceedings of the 10th International Conference on Language Resources and Evaluation (LREC 2016)","whole",NA,84,4.27756835880513,2.96105577387619,0.321428571428571,0
19017335,22311,"Majesteleri, bu da mı sizin küçük oyunlarınızdan biri?",NA,"Majesteleri, bu da mı sizin küçük oyunlarınızdan biri?",NA,NA,NA,NA,NA,NA,NA,123,"tur_nfi_885.txt","Turkish","Turkish","tur",NA,2017,"written","non-fiction","prepared_speeches","Latn",NA,"OpenSubtitles2018","https://object.pouta.csc.fi/OPUS-OpenSubtitles/v2018/raw/tr.zip","http://www.opensubtitles.org/","http://www.opensubtitles.org/ P. Lison and J. Tiedemann, 2016, OpenSubtitles2016: Extracting Large Parallel Corpora from Movie and TV Subtitles. In Proceedings of the 10th International Conference on Language Resources and Evaluation (LREC 2016)","whole",NA,54,4.31922477187957,2.93366415826848,0.444444444444444,0
19058079,22393,"Şu an ne yapmak seni mutlu ederdi?",NA,"Şu an ne yapmak seni mutlu ederdi?",NA,NA,NA,NA,NA,NA,NA,123,"tur_nfi_959.txt","Turkish","Turkish","tur",NA,2017,"written","non-fiction","prepared_speeches","Latn",NA,"OpenSubtitles2018","https://object.pouta.csc.fi/OPUS-OpenSubtitles/v2018/raw/tr.zip","http://www.opensubtitles.org/","http://www.opensubtitles.org/ P. Lison and J. Tiedemann, 2016, OpenSubtitles2016: Extracting Large Parallel Corpora from Movie and TV Subtitles. In Proceedings of the 10th International Conference on Language Resources and Evaluation (LREC 2016)","whole",NA,34,3.79997938504983,2.69393042135226,0.5,0
19071897,22418,"Kimse polislerden daha zengin değil.",NA,"Kimse polislerden daha zengin değil.",NA,NA,NA,NA,NA,NA,NA,123,"tur_nfi_981.txt","Turkish","Turkish","tur",NA,2017,"written","non-fiction","prepared_speeches","Latn",NA,"OpenSubtitles2018","https://object.pouta.csc.fi/OPUS-OpenSubtitles/v2018/raw/tr.zip","http://www.opensubtitles.org/","http://www.opensubtitles.org/ P. Lison and J. Tiedemann, 2016, OpenSubtitles2016: Extracting Large Parallel Corpora from Movie and TV Subtitles. In Proceedings of the 10th International Conference on Language Resources and Evaluation (LREC 2016)","whole",NA,36,3.89563880752767,2.63013351558287,0.5,0
19084329,22437,"Bana ellerini ver oğlum.",NA,"Bana ellerini ver oğlum.",NA,NA,NA,NA,NA,NA,NA,123,"tur_nfi_999.txt","Turkish","Turkish","tur",NA,2017,"written","non-fiction","prepared_speeches","Latn",NA,"OpenSubtitles2018","https://object.pouta.csc.fi/OPUS-OpenSubtitles/v2018/raw/tr.zip","http://www.opensubtitles.org/","http://www.opensubtitles.org/ P. Lison and J. Tiedemann, 2016, OpenSubtitles2016: Extracting Large Parallel Corpora from Movie and TV Subtitles. In Proceedings of the 10th International Conference on Language Resources and Evaluation (LREC 2016)","whole",NA,24,3.65726822961739,2.51728321035487,0.583333333333333,0.0434782608695652
19101261,22439,"19119137	Hỡi Đức Giê-hô-va , Ngài là công bình , Sự đoán xét của Ngài là ngay thẳng .","19119137","Hỡi Đức Giê-hô-va , Ngài là công bình , Sự đoán xét của Ngài là ngay thẳng .",NA,NA,NA,NA,NA,NA,NA,125,"vie_nfi_1.txt","Vietnamese","Vietnamese","vie",NA,1934,"written","non-fiction","religion","Latn",NA,"The Bible in Vietnamese. Text of the Parallel Bible Corpus: Mayer, Thomas & Michael Cysouw. 2014. Creating a Massively Parallel Bible Corpus. Proceedings of the International Conference on Language Resources and Evaluation (LREC), Reykjavik, 3158-3163.","http://unbound.biola.edu/index.cfm?method=downloads.showDownloadMain<br>https://www.bible.com/versions/193","© Published without a copyright statement","1934 Vietnamese Bible (VI1934 ) Public Domain. <br>Text supplied by Mr. Phien Nguyen of Hollywood, Florida<br>Modifications by Nguyen Ly. Same as the 1926 version","whole","The first two digits of the identifier refer to the book, the next three digits to the chapter, and the last three digits to the verse. See Mayer & Cysouw (2014) for a list of book identifiers. Some of the Bible translations on YouVersion are in the public domain in the United States; you may copy and quote from such Bibles without restriction. Most of the Bible translations, however, are not in the public domain.",76,4.47199577980385,3.06915062562322,0.447368421052632,0
19105298,22439,"24046025	Đức Giê-hô-va vạn quân , Đức Chúa Trời của Y-sơ-ra-ên , phán rằng : Nầy , ta sẽ phạt A-môn , là thần của Nô , luôn cả Pha-ra-ôn , và Ê-díp-tô , với các thần và các vua nó : tức Pha-ra-ôn cùng những kẻ nhờ cậy người .","24046025","Đức Giê-hô-va vạn quân , Đức Chúa Trời của Y-sơ-ra-ên , phán rằng : Nầy , ta sẽ phạt A-môn , là thần của Nô , luôn cả Pha-ra-ôn , và Ê-díp-tô , với các thần và các vua nó : tức Pha-ra-ôn cùng những kẻ nhờ cậy người .",NA,NA,NA,NA,NA,NA,NA,125,"vie_nfi_1.txt","Vietnamese","Vietnamese","vie",NA,1934,"written","non-fiction","religion","Latn",NA,"The Bible in Vietnamese. Text of the Parallel Bible Corpus: Mayer, Thomas & Michael Cysouw. 2014. Creating a Massively Parallel Bible Corpus. Proceedings of the International Conference on Language Resources and Evaluation (LREC), Reykjavik, 3158-3163.","http://unbound.biola.edu/index.cfm?method=downloads.showDownloadMain<br>https://www.bible.com/versions/193","© Published without a copyright statement","1934 Vietnamese Bible (VI1934 ) Public Domain. <br>Text supplied by Mr. Phien Nguyen of Hollywood, Florida<br>Modifications by Nguyen Ly. Same as the 1926 version","whole","The first two digits of the identifier refer to the book, the next three digits to the chapter, and the last three digits to the verse. See Mayer & Cysouw (2014) for a list of book identifiers. Some of the Bible translations on YouVersion are in the public domain in the United States; you may copy and quote from such Bibles without restriction. Most of the Bible translations, however, are not in the public domain.",216,4.73110902373229,3.15487443035423,0.25462962962963,0
19108228,22439,"38009001	Gánh nặng lời Đức Giê-hô-va nghịch cùng đất Ha-đơ-rắc , nó sẽ đỗ trên Đa-mách : vì con mắt loài người và mọi chi phái Y-sơ-ra-ên đều ngó lên Đức Giê-hô-va .","38009001","Gánh nặng lời Đức Giê-hô-va nghịch cùng đất Ha-đơ-rắc , nó sẽ đỗ trên Đa-mách : vì con mắt loài người và mọi chi phái Y-sơ-ra-ên đều ngó lên Đức Giê-hô-va .",NA,NA,NA,NA,NA,NA,NA,125,"vie_nfi_1.txt","Vietnamese","Vietnamese","vie",NA,1934,"written","non-fiction","religion","Latn",NA,"The Bible in Vietnamese. Text of the Parallel Bible Corpus: Mayer, Thomas & Michael Cysouw. 2014. Creating a Massively Parallel Bible Corpus. Proceedings of the International Conference on Language Resources and Evaluation (LREC), Reykjavik, 3158-3163.","http://unbound.biola.edu/index.cfm?method=downloads.showDownloadMain<br>https://www.bible.com/versions/193","© Published without a copyright statement","1934 Vietnamese Bible (VI1934 ) Public Domain. <br>Text supplied by Mr. Phien Nguyen of Hollywood, Florida<br>Modifications by Nguyen Ly. Same as the 1926 version","whole","The first two digits of the identifier refer to the book, the next three digits to the chapter, and the last three digits to the verse. See Mayer & Cysouw (2014) for a list of book identifiers. Some of the Bible translations on YouVersion are in the public domain in the United States; you may copy and quote from such Bibles without restriction. Most of the Bible translations, however, are not in the public domain.",156,4.69609420272138,3.08695102021726,0.282051282051282,0
19178295,22518,"Nghe hay chứ?",NA,"Nghe hay chứ?",NA,NA,NA,NA,NA,NA,NA,125,"vie_nfi_170.txt","Vietnamese","Vietnamese","vie",NA,2016,"written","non-fiction","prepared_speeches","Latn",NA,"OpenSubtitles2018","https://object.pouta.csc.fi/OPUS-OpenSubtitles/v2018/raw/vi.zip","http://www.opensubtitles.org/","http://www.opensubtitles.org/ P. Lison and J. Tiedemann, 2016, OpenSubtitles2016: Extracting Large Parallel Corpora from Movie and TV Subtitles. In Proceedings of the 10th International Conference on Language Resources and Evaluation (LREC 2016)","whole",NA,13,3.18083298720544,2.14836426090893,0.769230769230769,0
19221168,22566,"Những giọng nói tăm tối từ sâu thẳm trong anh, thì thầm... thì thầm... và cuối cùng, anh sẽ thấy bản chất thật của thế giới này.",NA,"Những giọng nói tăm tối từ sâu thẳm trong anh, thì thầm... thì thầm... và cuối cùng, anh sẽ thấy bản chất thật của thế giới này.",NA,NA,NA,NA,NA,NA,NA,125,"vie_nfi_213.txt","Vietnamese","Vietnamese","vie",NA,2016,"written","non-fiction","prepared_speeches","Latn",NA,"OpenSubtitles2018","https://object.pouta.csc.fi/OPUS-OpenSubtitles/v2018/raw/vi.zip","http://www.opensubtitles.org/","http://www.opensubtitles.org/ P. Lison and J. Tiedemann, 2016, OpenSubtitles2016: Extracting Large Parallel Corpora from Movie and TV Subtitles. In Proceedings of the 10th International Conference on Language Resources and Evaluation (LREC 2016)","whole",NA,128,4.37117813619273,2.98104583324015,0.296875,0.031496062992126
19234222,22584,"Giờ sao nữa?",NA,"Giờ sao nữa?",NA,NA,NA,NA,NA,NA,NA,125,"vie_nfi_23.txt","Vietnamese","Vietnamese","vie",NA,2017,"written","non-fiction","prepared_speeches","Latn",NA,"OpenSubtitles2018","https://object.pouta.csc.fi/OPUS-OpenSubtitles/v2018/raw/vi.zip","http://www.opensubtitles.org/","http://www.opensubtitles.org/ P. Lison and J. Tiedemann, 2016, OpenSubtitles2016: Extracting Large Parallel Corpora from Movie and TV Subtitles. In Proceedings of the 10th International Conference on Language Resources and Evaluation (LREC 2016)","whole",NA,12,3.25162916738782,2.13381161872973,0.833333333333333,0
19234406,22584,"Này, con gái anh bị như thế bao lâu rồi?",NA,"Này, con gái anh bị như thế bao lâu rồi?",NA,NA,NA,NA,NA,NA,NA,125,"vie_nfi_23.txt","Vietnamese","Vietnamese","vie",NA,2017,"written","non-fiction","prepared_speeches","Latn",NA,"OpenSubtitles2018","https://object.pouta.csc.fi/OPUS-OpenSubtitles/v2018/raw/vi.zip","http://www.opensubtitles.org/","http://www.opensubtitles.org/ P. Lison and J. Tiedemann, 2016, OpenSubtitles2016: Extracting Large Parallel Corpora from Movie and TV Subtitles. In Proceedings of the 10th International Conference on Language Resources and Evaluation (LREC 2016)","whole",NA,40,4.17095059445467,3.03682468306231,0.6,0
19251405,22603,"Hin nhiên là vy.",NA,"Hin nhiên là vy.",NA,NA,NA,NA,NA,NA,NA,125,"vie_nfi_247.txt","Vietnamese","Vietnamese","vie",NA,2016,"written","non-fiction","prepared_speeches","Latn",NA,"OpenSubtitles2018","https://object.pouta.csc.fi/OPUS-OpenSubtitles/v2018/raw/vi.zip","http://www.opensubtitles.org/","http://www.opensubtitles.org/ P. Lison and J. Tiedemann, 2016, OpenSubtitles2016: Extracting Large Parallel Corpora from Movie and TV Subtitles. In Proceedings of the 10th International Conference on Language Resources and Evaluation (LREC 2016)","whole",NA,16,3.28063906222957,2.25381448253756,0.6875,0
19268248,22623,"Ooh, thật đáng sợ.",NA,"Ooh, thật đáng sợ.",NA,NA,NA,NA,NA,NA,NA,125,"vie_nfi_265.txt","Vietnamese","Vietnamese","vie",NA,2016,"written","non-fiction","prepared_speeches","Latn",NA,"OpenSubtitles2018","https://object.pouta.csc.fi/OPUS-OpenSubtitles/v2018/raw/vi.zip","http://www.opensubtitles.org/","http://www.opensubtitles.org/ P. Lison and J. Tiedemann, 2016, OpenSubtitles2016: Extracting Large Parallel Corpora from Movie and TV Subtitles. In Proceedings of the 10th International Conference on Language Resources and Evaluation (LREC 2016)","whole",NA,18,3.68354236243323,2.55024883364319,0.777777777777778,0
19310837,22676,"xin anh đấy...",NA,"xin anh đấy...",NA,NA,NA,NA,NA,NA,NA,125,"vie_nfi_312.txt","Vietnamese","Vietnamese","vie",NA,2015,"written","non-fiction","prepared_speeches","Latn",NA,"OpenSubtitles2018","https://object.pouta.csc.fi/OPUS-OpenSubtitles/v2018/raw/vi.zip","http://www.opensubtitles.org/","http://www.opensubtitles.org/ P. Lison and J. Tiedemann, 2016, OpenSubtitles2016: Extracting Large Parallel Corpora from Movie and TV Subtitles. In Proceedings of the 10th International Conference on Language Resources and Evaluation (LREC 2016)","whole",NA,14,3.18200581476021,2.12834795027244,0.714285714285714,0.153846153846154
19350772,22731,"Để tôi xem vết thương.",NA,"Để tôi xem vết thương.",NA,NA,NA,NA,NA,NA,NA,125,"vie_nfi_362.txt","Vietnamese","Vietnamese","vie",NA,2015,"written","non-fiction","prepared_speeches","Latn",NA,"OpenSubtitles2018","https://object.pouta.csc.fi/OPUS-OpenSubtitles/v2018/raw/vi.zip","http://www.opensubtitles.org/","http://www.opensubtitles.org/ P. Lison and J. Tiedemann, 2016, OpenSubtitles2016: Extracting Large Parallel Corpora from Movie and TV Subtitles. In Proceedings of the 10th International Conference on Language Resources and Evaluation (LREC 2016)","whole",NA,22,3.87966400490259,2.74033947729729,0.772727272727273,0
19381539,22775,"Tôi không thấy đường!",NA,"Tôi không thấy đường!",NA,NA,NA,NA,NA,NA,NA,125,"vie_nfi_401.txt","Vietnamese","Vietnamese","vie",NA,2015,"written","non-fiction","prepared_speeches","Latn",NA,"OpenSubtitles2018","https://object.pouta.csc.fi/OPUS-OpenSubtitles/v2018/raw/vi.zip","http://www.opensubtitles.org/","http://www.opensubtitles.org/ P. Lison and J. Tiedemann, 2016, OpenSubtitles2016: Extracting Large Parallel Corpora from Movie and TV Subtitles. In Proceedings of the 10th International Conference on Language Resources and Evaluation (LREC 2016)","whole",NA,21,3.78494182743764,2.55553416971309,0.714285714285714,0
19544334,22989,"Oh, không sao, cứ tự nhiên.",NA,"Oh, không sao, cứ tự nhiên.",NA,NA,NA,NA,NA,NA,NA,125,"vie_nfi_595.txt","Vietnamese","Vietnamese","vie",NA,2014,"written","non-fiction","prepared_speeches","Latn",NA,"OpenSubtitles2018","https://object.pouta.csc.fi/OPUS-OpenSubtitles/v2018/raw/vi.zip","http://www.opensubtitles.org/","http://www.opensubtitles.org/ P. Lison and J. Tiedemann, 2016, OpenSubtitles2016: Extracting Large Parallel Corpora from Movie and TV Subtitles. In Proceedings of the 10th International Conference on Language Resources and Evaluation (LREC 2016)","whole",NA,27,3.89861285480185,2.76181021334585,0.666666666666667,0
19586139,23039,"Anh đến trễ.",NA,"Anh đến trễ.",NA,NA,NA,NA,NA,NA,NA,125,"vie_nfi_64.txt","Vietnamese","Vietnamese","vie",NA,2017,"written","non-fiction","prepared_speeches","Latn",NA,"OpenSubtitles2018","https://object.pouta.csc.fi/OPUS-OpenSubtitles/v2018/raw/vi.zip","http://www.opensubtitles.org/","http://www.opensubtitles.org/ P. Lison and J. Tiedemann, 2016, OpenSubtitles2016: Extracting Large Parallel Corpora from Movie and TV Subtitles. In Proceedings of the 10th International Conference on Language Resources and Evaluation (LREC 2016)","whole",NA,12,3.25162916738782,2.16098148108722,0.833333333333333,0
19604588,23059,"Con đây bố. nhưng bố cũng đoán là cái gã nhát ké đó... rất sợ phải đi xuống dưới hầm mỏ.",NA,"Con đây bố. nhưng bố cũng đoán là cái gã nhát ké đó... rất sợ phải đi xuống dưới hầm mỏ.",NA,NA,NA,NA,NA,NA,NA,125,"vie_nfi_658.txt","Vietnamese","Vietnamese","vie",NA,2014,"written","non-fiction","prepared_speeches","Latn",NA,"OpenSubtitles2018","https://object.pouta.csc.fi/OPUS-OpenSubtitles/v2018/raw/vi.zip","http://www.opensubtitles.org/","http://www.opensubtitles.org/ P. Lison and J. Tiedemann, 2016, OpenSubtitles2016: Extracting Large Parallel Corpora from Movie and TV Subtitles. In Proceedings of the 10th International Conference on Language Resources and Evaluation (LREC 2016)","whole",NA,88,4.51386955237691,3.29864091743881,0.420454545454545,0.0229885057471264
19626183,23084,"Tôi không cần sức mạnh của mình để đề nghị anh ta chuyện đó.",NA,"Tôi không cần sức mạnh của mình để đề nghị anh ta chuyện đó.",NA,NA,NA,NA,NA,NA,NA,125,"vie_nfi_680.txt","Vietnamese","Vietnamese","vie",NA,2014,"written","non-fiction","prepared_speeches","Latn",NA,"OpenSubtitles2018","https://object.pouta.csc.fi/OPUS-OpenSubtitles/v2018/raw/vi.zip","http://www.opensubtitles.org/","http://www.opensubtitles.org/ P. Lison and J. Tiedemann, 2016, OpenSubtitles2016: Extracting Large Parallel Corpora from Movie and TV Subtitles. In Proceedings of the 10th International Conference on Language Resources and Evaluation (LREC 2016)","whole",NA,60,4.12727808229366,2.98334286752653,0.45,0
19636329,23097,"Giá đó dưới giá thị trường rồi.",NA,"Giá đó dưới giá thị trường rồi.",NA,NA,NA,NA,NA,NA,NA,125,"vie_nfi_692.txt","Vietnamese","Vietnamese","vie",NA,2014,"written","non-fiction","prepared_speeches","Latn",NA,"OpenSubtitles2018","https://object.pouta.csc.fi/OPUS-OpenSubtitles/v2018/raw/vi.zip","http://www.opensubtitles.org/","http://www.opensubtitles.org/ P. Lison and J. Tiedemann, 2016, OpenSubtitles2016: Extracting Large Parallel Corpora from Movie and TV Subtitles. In Proceedings of the 10th International Conference on Language Resources and Evaluation (LREC 2016)","whole",NA,31,3.87323582637633,2.68881508886157,0.580645161290323,0
19642728,23104,"Anh nghĩ anh có thể thuyết phục Raven thay đổi?",NA,"Anh nghĩ anh có thể thuyết phục Raven thay đổi?",NA,NA,NA,NA,NA,NA,NA,125,"vie_nfi_699.txt","Vietnamese","Vietnamese","vie",NA,2014,"written","non-fiction","prepared_speeches","Latn",NA,"OpenSubtitles2018","https://object.pouta.csc.fi/OPUS-OpenSubtitles/v2018/raw/vi.zip","http://www.opensubtitles.org/","http://www.opensubtitles.org/ P. Lison and J. Tiedemann, 2016, OpenSubtitles2016: Extracting Large Parallel Corpora from Movie and TV Subtitles. In Proceedings of the 10th International Conference on Language Resources and Evaluation (LREC 2016)","whole",NA,47,4.00276551190003,2.94478962405741,0.48936170212766,0
19646937,23108,"Thôi mà anh.",NA,"Thôi mà anh.",NA,NA,NA,NA,NA,NA,NA,125,"vie_nfi_701.txt","Vietnamese","Vietnamese","vie",NA,2014,"written","non-fiction","prepared_speeches","Latn",NA,"OpenSubtitles2018","https://object.pouta.csc.fi/OPUS-OpenSubtitles/v2018/raw/vi.zip","http://www.opensubtitles.org/","http://www.opensubtitles.org/ P. Lison and J. Tiedemann, 2016, OpenSubtitles2016: Extracting Large Parallel Corpora from Movie and TV Subtitles. In Proceedings of the 10th International Conference on Language Resources and Evaluation (LREC 2016)","whole",NA,12,3.25162916738782,2.13381161872973,0.833333333333333,0
19685501,23154,"Vậy là cậu có cái để mong đợi rồi.",NA,"Vậy là cậu có cái để mong đợi rồi.",NA,NA,NA,NA,NA,NA,NA,125,"vie_nfi_743.txt","Vietnamese","Vietnamese","vie",NA,2014,"written","non-fiction","prepared_speeches","Latn",NA,"OpenSubtitles2018","https://object.pouta.csc.fi/OPUS-OpenSubtitles/v2018/raw/vi.zip","http://www.opensubtitles.org/","http://www.opensubtitles.org/ P. Lison and J. Tiedemann, 2016, OpenSubtitles2016: Extracting Large Parallel Corpora from Movie and TV Subtitles. In Proceedings of the 10th International Conference on Language Resources and Evaluation (LREC 2016)","whole",NA,34,3.98423416465249,2.88851593960008,0.617647058823529,0
19704218,23176,"mệnh lệnh của ngài là gì?",NA,"mệnh lệnh của ngài là gì?",NA,NA,NA,NA,NA,NA,NA,125,"vie_nfi_763.txt","Vietnamese","Vietnamese","vie",NA,2014,"written","non-fiction","prepared_speeches","Latn",NA,"OpenSubtitles2018","https://object.pouta.csc.fi/OPUS-OpenSubtitles/v2018/raw/vi.zip","http://www.opensubtitles.org/","http://www.opensubtitles.org/ P. Lison and J. Tiedemann, 2016, OpenSubtitles2016: Extracting Large Parallel Corpora from Movie and TV Subtitles. In Proceedings of the 10th International Conference on Language Resources and Evaluation (LREC 2016)","whole",NA,25,3.58927507071071,2.39494753235393,0.56,0
19730118,23204,"Ngươi đấu tranh vì những gì của ngươi.",NA,"Ngươi đấu tranh vì những gì của ngươi.",NA,NA,NA,NA,NA,NA,NA,125,"vie_nfi_789.txt","Vietnamese","Vietnamese","vie",NA,2014,"written","non-fiction","prepared_speeches","Latn",NA,"OpenSubtitles2018","https://object.pouta.csc.fi/OPUS-OpenSubtitles/v2018/raw/vi.zip","http://www.opensubtitles.org/","http://www.opensubtitles.org/ P. Lison and J. Tiedemann, 2016, OpenSubtitles2016: Extracting Large Parallel Corpora from Movie and TV Subtitles. In Proceedings of the 10th International Conference on Language Resources and Evaluation (LREC 2016)","whole",NA,38,3.99394108043297,2.62493916226001,0.526315789473684,0
19749096,23226,"chúng ta sẽ khai chiến.",NA,"chúng ta sẽ khai chiến.",NA,NA,NA,NA,NA,NA,NA,125,"vie_nfi_808.txt","Vietnamese","Vietnamese","vie",NA,2014,"written","non-fiction","prepared_speeches","Latn",NA,"OpenSubtitles2018","https://object.pouta.csc.fi/OPUS-OpenSubtitles/v2018/raw/vi.zip","http://www.opensubtitles.org/","http://www.opensubtitles.org/ P. Lison and J. Tiedemann, 2016, OpenSubtitles2016: Extracting Large Parallel Corpora from Movie and TV Subtitles. In Proceedings of the 10th International Conference on Language Resources and Evaluation (LREC 2016)","whole",NA,23,3.62117554291947,2.42955666840842,0.608695652173913,0
19753067,23233,"Có nhớ bộ phim tài liệu chúng ta đã làm trước đây không?",NA,"Có nhớ bộ phim tài liệu chúng ta đã làm trước đây không?",NA,NA,NA,NA,NA,NA,NA,125,"vie_nfi_814.txt","Vietnamese","Vietnamese","vie",NA,2015,"written","non-fiction","prepared_speeches","Latn",NA,"OpenSubtitles2018","https://object.pouta.csc.fi/OPUS-OpenSubtitles/v2018/raw/vi.zip","http://www.opensubtitles.org/","http://www.opensubtitles.org/ P. Lison and J. Tiedemann, 2016, OpenSubtitles2016: Extracting Large Parallel Corpora from Movie and TV Subtitles. In Proceedings of the 10th International Conference on Language Resources and Evaluation (LREC 2016)","whole",NA,56,4.3915654128586,3.159270013781,0.517857142857143,0
19767446,23249,"Mày vừa nói gì?",NA,"Mày vừa nói gì?",NA,NA,NA,NA,NA,NA,NA,125,"vie_nfi_829.txt","Vietnamese","Vietnamese","vie",NA,2014,"written","non-fiction","prepared_speeches","Latn",NA,"OpenSubtitles2018","https://object.pouta.csc.fi/OPUS-OpenSubtitles/v2018/raw/vi.zip","http://www.opensubtitles.org/","http://www.opensubtitles.org/ P. Lison and J. Tiedemann, 2016, OpenSubtitles2016: Extracting Large Parallel Corpora from Movie and TV Subtitles. In Proceedings of the 10th International Conference on Language Resources and Evaluation (LREC 2016)","whole",NA,15,3.58989809546429,2.46384394796814,0.866666666666667,0
19778733,23263,"Anh ta là anh trai em.",NA,"Anh ta là anh trai em.",NA,NA,NA,NA,NA,NA,NA,125,"vie_nfi_841.txt","Vietnamese","Vietnamese","vie",NA,2014,"written","non-fiction","prepared_speeches","Latn",NA,"OpenSubtitles2018","https://object.pouta.csc.fi/OPUS-OpenSubtitles/v2018/raw/vi.zip","http://www.opensubtitles.org/","http://www.opensubtitles.org/ P. Lison and J. Tiedemann, 2016, OpenSubtitles2016: Extracting Large Parallel Corpora from Movie and TV Subtitles. In Proceedings of the 10th International Conference on Language Resources and Evaluation (LREC 2016)","whole",NA,22,3.44286216515547,2.31054994388601,0.590909090909091,0
19779920,23263,"Xin lỗi, chúng tôi chỉ có những chai nhỏ",NA,"Xin lỗi, chúng tôi chỉ có những chai nhỏ",NA,NA,NA,NA,NA,NA,NA,125,"vie_nfi_841.txt","Vietnamese","Vietnamese","vie",NA,2014,"written","non-fiction","prepared_speeches","Latn",NA,"OpenSubtitles2018","https://object.pouta.csc.fi/OPUS-OpenSubtitles/v2018/raw/vi.zip","http://www.opensubtitles.org/","http://www.opensubtitles.org/ P. Lison and J. Tiedemann, 2016, OpenSubtitles2016: Extracting Large Parallel Corpora from Movie and TV Subtitles. In Proceedings of the 10th International Conference on Language Resources and Evaluation (LREC 2016)","whole",NA,40,3.69144607116552,2.48610499263627,0.45,0
19866233,23323,"13017010	Ati bi igba ti emi ti fi enia jẹ onidajọ lori awọn enia mi Israeli . Ati pẹlu emi o ṣẹgun gbogbo awọn ọta rẹ . Pẹlupẹlu mo ti sọ fun ọ pe , Oluwa yio kọle kan fun ọ .","13017010","Ati bi igba ti emi ti fi enia jẹ onidajọ lori awọn enia mi Israeli . Ati pẹlu emi o ṣẹgun gbogbo awọn ọta rẹ . Pẹlupẹlu mo ti sọ fun ọ pe , Oluwa yio kọle kan fun ọ .",NA,NA,NA,NA,NA,NA,NA,134,"yor_nfi_1.txt","Yoruba","Yoruba","yor",NA,2010,"written","non-fiction","religion","Latn",NA,"The Bible in Yoruba. Text of the Parallel Bible Corpus: Mayer, Thomas & Michael Cysouw. 2014. Creating a Massively Parallel Bible Corpus. Proceedings of the International Conference on Language Resources and Evaluation (LREC), Reykjavik, 3158-3163.","https://www.bible.com/de/bible/207/gen.1.yce","© Bible Society of Nigeria 2010","Yoruba Bible<br>This translation, published by the Bible Society of Nigeria, was published in 2010. If you are interested in obtaining a printed copy, please contact the Bible Society of Nigeria at www.biblesociety-nigeria.org.","whole","The first two digits of the identifier refer to the book, the next three digits to the chapter, and the last three digits to the verse. See Mayer & Cysouw (2014) for a list of book identifiers.",166,4.16110856751747,2.80125876115158,0.180722891566265,0
19867540,23323,"15007007	Ati ninu awọn ọmọ Israeli , ati ninu awọn alufa , ati awọn ọmọ Lefi , ati awọn akọrin , ati awọn adèna , pẹlu awọn Netinimu si goke wá si Jerusalemu li ọdun keje Artasasta ọba .","15007007","Ati ninu awọn ọmọ Israeli , ati ninu awọn alufa , ati awọn ọmọ Lefi , ati awọn akọrin , ati awọn adèna , pẹlu awọn Netinimu si goke wá si Jerusalemu li ọdun keje Artasasta ọba .",NA,NA,NA,NA,NA,NA,NA,134,"yor_nfi_1.txt","Yoruba","Yoruba","yor",NA,2010,"written","non-fiction","religion","Latn",NA,"The Bible in Yoruba. Text of the Parallel Bible Corpus: Mayer, Thomas & Michael Cysouw. 2014. Creating a Massively Parallel Bible Corpus. Proceedings of the International Conference on Language Resources and Evaluation (LREC), Reykjavik, 3158-3163.","https://www.bible.com/de/bible/207/gen.1.yce","© Bible Society of Nigeria 2010","Yoruba Bible<br>This translation, published by the Bible Society of Nigeria, was published in 2010. If you are interested in obtaining a printed copy, please contact the Bible Society of Nigeria at www.biblesociety-nigeria.org.","whole","The first two digits of the identifier refer to the book, the next three digits to the chapter, and the last three digits to the verse. See Mayer & Cysouw (2014) for a list of book identifiers.",177,4.06570773937587,2.56565181756029,0.175141242937853,0
19869034,23323,"18033024	Nigbana ni o ṣore-ọfẹ fun u , o si wipe , Gbà a kuro ninu ilọ sinu ihò , emi ti ri irapada !","18033024","Nigbana ni o ṣore-ọfẹ fun u , o si wipe , Gbà a kuro ninu ilọ sinu ihò , emi ti ri irapada !",NA,NA,NA,NA,NA,NA,NA,134,"yor_nfi_1.txt","Yoruba","Yoruba","yor",NA,2010,"written","non-fiction","religion","Latn",NA,"The Bible in Yoruba. Text of the Parallel Bible Corpus: Mayer, Thomas & Michael Cysouw. 2014. Creating a Massively Parallel Bible Corpus. Proceedings of the International Conference on Language Resources and Evaluation (LREC), Reykjavik, 3158-3163.","https://www.bible.com/de/bible/207/gen.1.yce","© Bible Society of Nigeria 2010","Yoruba Bible<br>This translation, published by the Bible Society of Nigeria, was published in 2010. If you are interested in obtaining a printed copy, please contact the Bible Society of Nigeria at www.biblesociety-nigeria.org.","whole","The first two digits of the identifier refer to the book, the next three digits to the chapter, and the last three digits to the verse. See Mayer & Cysouw (2014) for a list of book identifiers.",92,4.0757310812159,2.97908754630644,0.326086956521739,0
19875176,23323,"24044002	Bayi li Oluwa awọn ọmọ-ogun , Ọlọrun Israeli wi pe , ẹnyin ti ri gbogbo ibi ti emi ti mu wá sori Jerusalemu , ati sori gbogbo ilu Juda ; si wò o , ahoro ni nwọn li oni yi , ẹnikan kò si gbe inu wọn .","24044002","Bayi li Oluwa awọn ọmọ-ogun , Ọlọrun Israeli wi pe , ẹnyin ti ri gbogbo ibi ti emi ti mu wá sori Jerusalemu , ati sori gbogbo ilu Juda ; si wò o , ahoro ni nwọn li oni yi , ẹnikan kò si gbe inu wọn .",NA,NA,NA,NA,NA,NA,NA,134,"yor_nfi_1.txt","Yoruba","Yoruba","yor",NA,2010,"written","non-fiction","religion","Latn",NA,"The Bible in Yoruba. Text of the Parallel Bible Corpus: Mayer, Thomas & Michael Cysouw. 2014. Creating a Massively Parallel Bible Corpus. Proceedings of the International Conference on Language Resources and Evaluation (LREC), Reykjavik, 3158-3163.","https://www.bible.com/de/bible/207/gen.1.yce","© Bible Society of Nigeria 2010","Yoruba Bible<br>This translation, published by the Bible Society of Nigeria, was published in 2010. If you are interested in obtaining a printed copy, please contact the Bible Society of Nigeria at www.biblesociety-nigeria.org.","whole","The first two digits of the identifier refer to the book, the next three digits to the chapter, and the last three digits to the verse. See Mayer & Cysouw (2014) for a list of book identifiers.",199,4.16330428599889,2.77079733742992,0.165829145728643,0
