"subcorpus","sequence","num.char","huni.chars","hrate.chars","ttr.chars","rm.chars","mlp.predictions.rd"
"Cuneiform (Uruk III)","N01 _ EN~a _ NUN~a _ N01 _ EN~a _ AMAR _ N01 _ |SZU2.EN~a| _ N01 _ N01 _ IB~a _ ZATU686~a _ N01 _ N01 _ N01",29,-0.770664893650905,-0.519823226997208,-0.939812484289256,-0.346584499617538,"Cuneiform (Uruk III)"
"Cuneiform (Uruk III)","N01 _ GAL~a _ SZUBUR _ N01 _ NAM2 _ APIN~a _ N01 _ N01",15,-0.830966262278322,-0.702858811331502,-0.439828035579879,-0.346584499617538,"Cuneiform (Uruk III)"
"Cuneiform (Uruk III)","N01 _ ZATU707~a _ ZATU686~a _ ZATU707~a _ ZATU707~a _ KA~a _ E2~a _ E2~a _ KA~a _ LAGAB~b _ ZATU707~a",21,-0.654340622757987,-0.546959585154896,-0.70833820247936,-0.346584499617538,"Cuneiform (Uruk III)"
"Cuneiform (Uruk III)","N01 _ SANGA~a _ |(BU~a&BU~a).NA2~a| _ N01 _ BUR2",9,-0.835638861064054,-0.892883888572525,0.186695687185575,-0.346584499617538,"Cuneiform (Uruk III)"
"Cuneiform (Uruk III)","ZATU647 _ URUDU@g~c",3,-1.31236641741546,-1.71905821160227,1.97676346651544,-0.346584499617538,"Cuneiform (Uruk III)"
"Cuneiform (Uruk III)","GISZ _ NU11 _ N01 _ N01 _ GISZ _ N01 _ GISZ _ N01 _ IN~b _ N01",19,-1.01041404997988,-1.05585486721607,-0.99098048342618,-0.346584499617538,"Cuneiform (Uruk III)"
"Cuneiform (Uruk III)","MUSZEN _ N01 _ N01 _ N57 _ GAN2 _ N01 _ NAGA~a _ TUR3~b _ N01 _ |SILA3~axA| _ N01 _ ME~a _ N01 _ KUSZU2~d _ N01 _ N01 _ AN",33,-0.514789568215924,-0.0398945280821355,-0.70833820247936,-0.346584499617538,"Cuneiform (Uruk III)"
"Cuneiform (Uruk III)","N01 _ NI~a _ N01 _ DUG~c",7,-1.05339551581356,-1.20853812008244,0.250626679304495,-0.346584499617538,"Cuneiform (Uruk III)"
"Cuneiform (Uruk III)","N01 _ N01 _ |DUG~bxX| _ N01 _ |DUG~bxX| _ N01 _ |DUG~bxX| _ N01",15,-1.39198617551866,-1.70397327060525,-1.24535853627832,-0.346584499617538,"Cuneiform (Uruk III)"
"Cuneiform (Uruk III)","N01 _ GAL~a _ ISZ~b _ N01 _ GAL~a _ TAG~a2 _ N01 _ SANGA~a _ GAL~a _ N01 _ N01 _ SAG _ SUG5 _ N01 _ UB _ SAG _ N01 _ ZATU725 _ N01 _ N01 _ KAR2~a _ ME~a _ N01 _ GALGA~a _ ME~a _ N01 _ LAGAR~a _ IB~a _ N01 _ LAGAR~a _ GAR _ N01 _ MUSZ3~a _ ME~a _ N01 _ N01 _ GAL~a _ SZAGAN _ N01 _ ENGIZ _ N01 _ ENDIB",83,-0.201144212956394,0.477609625841183,-1.08037036143647,-0.346584499617538,"Cuneiform (Uruk III)"
"Cuneiform (Uruk III)","N01 _ TA~c _ N01 _ USZ~a _ N01",9,-1.14359541915761,-1.18102680025128,-0.260821257646895,-0.346584499617538,"Cuneiform (Uruk III)"
"Cuneiform (Uruk III)","GUKKAL~c _ N01 _ KAL~a _ AB2 _ N01 _ GA~b _ AMAR _ N14 _ SUHUR _ N14 _ KAR2~b _ N01 N01 N01 _ KAD4~a _ N01 _ N14 _ UD5~a",33,-0.236383279539112,0.192268888197782,-0.586288126615958,0.073984535110738,"Cuneiform (Uruk III)"
"Cuneiform (Uruk III)","N01 _ KAB _ N01 _ NAM2 _ DI _ N01 _ NAM2 _ NAM2 _ N01 _ NAM2 _ URU~a1 _ N01",23,-0.878251723175046,-0.875077949565039,-1.00019707954401,-0.346584499617538,"Cuneiform (Uruk III)"
"Cuneiform (Uruk III)","N01 _ SZEN~a _ N01 _ URI _ N01",9,-1.14359541915761,-1.18102680025128,-0.260821257646895,-0.346584499617538,"Cuneiform (Uruk III)"
"Cuneiform (Uruk III)","N01 _ GAL~a _ N01 _ GAL~a _ NIM~a _ N01 _ GAL~a _ N01 _ GAL~a",17,-1.16189946432646,-1.4693334032668,-1.10320609497859,-0.346584499617538,"Cuneiform (Uruk III)"
"Cuneiform (Uruk III)","N01 _ GAL~a _ NESAG2~a _ N01 _ GAL~a _ TUR3~a",11,-0.854191287194144,-1.02174990740081,-0.220137899025758,-0.346584499617538,"Cuneiform (Uruk III)"
"Cuneiform (Uruk III)","N01 _ N01 _ SANGA~a _ |ZATU737xU4| _ N01 _ SANGA~a _ |ZATU737xSAL| _ N01 _ N01 _ N01 _ LAGAR~a _ N01 _ MUSZ3~a",25,-0.837448860130652,-0.650688456091403,-0.923146335998942,-0.346584499617538,"Cuneiform (Uruk III)"
"Cuneiform (Uruk III)","N01 _ N01 _ GAL~a _ UTUL~a _ N01 _ |NUN~a+EN~a| _ UTUL~a _ N01 _ TAR~a _ UTUL~a",19,-0.819279831817711,-0.735011732987956,-0.778998772716062,-0.346584499617538,"Cuneiform (Uruk III)"
"Cuneiform (Uruk III)","GAN~a _ N01 _ N57 N57 N57 N57 N57 _ GAN~a _ N01 _ GAN~a _ N01 _ |DUG~bxSZE~a| _ |DUG~bxBALA~a| _ N01 _ N01 _ |DUG~bxX| _ N01 _ N34",31,-0.518342770629551,-0.392355907291414,-1.01149484252716,0.550629441136115,"Cuneiform (Uruk III)"
"Cuneiform (Uruk III)","N01 _ N01 _ BU~a _ NUN~a _ SANGA~a _ N01 _ BU~a _ SANGA~a",15,-0.881597561755673,-1.00320756365943,-0.70833820247936,-0.346584499617538,"Cuneiform (Uruk III)"
"Cuneiform (Uruk III)","N01 _ SAR~b _ N01",5,-1.37578342730107,-1.59018320162743,0.365702465118559,-0.346584499617538,"Cuneiform (Uruk III)"
"Cuneiform (Uruk III)","N01 _ ABGAL _ N01 _ KINGAL _ N01 _ GA~a _ N01 _ GAL~a _ KISAL~b2 _ N01 _ GAL~a _ NIM~a _ N01 _ GAL~a _ N01 _ GAL~a _ N01 _ ERIN _ UMUN2 _ N01",39,-0.613865045705161,-0.298051337270124,-1.01815762582491,-0.346584499617538,"Cuneiform (Uruk III)"
"Cuneiform (Uruk III)","N01 _ |DUG~bxBALA~a| _ N01 _ |DUG~bxKASKAL| _ N34",9,-0.835638861064054,-0.839942403557082,0.186695687185575,-0.346584499617538,"Cuneiform (Uruk III)"
"Cuneiform (Uruk III)","N01 _ UMUN2 _ KU3~a _ N01 _ AB~a _ UMUN2 _ KU3~a _ N01 _ GAL~a _ AK~a _ N01 _ GAL~a _ IM~a _ N01 _ N01 _ N01",31,-0.657077327105639,-0.585498457670314,-1.01149484252716,-0.346584499617538,"Cuneiform (Uruk III)"
"Cuneiform (Uruk III)","AMAR _ BA",3,-1.31236641741546,-1.71905821160227,1.97676346651544,-0.346584499617538,"Cuneiform (Uruk III)"
"Cuneiform (Uruk III)","N01 _ SZEN~a _ N01 _ URI _ MUD3~a _ N01 _ SUH3 _ N01",15,-0.830966262278322,-0.648868493910681,-0.439828035579879,-0.346584499617538,"Cuneiform (Uruk III)"
"Cuneiform (Uruk III)","AMAR _ AMAR _ AMAR _ N01 _ SAG _ AMAR _ N01 _ SAG _ DARA4~a1 _ AMAR",19,-0.970441971445139,-0.980630395994006,-0.99098048342618,-0.346584499617538,"Cuneiform (Uruk III)"
"Cuneiform (Uruk III)","N01 _ N01 _ SZA _ N01 _ UB _ SAG _ N01 _ ZATU725",15,-0.830966262278322,-0.615979160244,-0.439828035579879,-0.346584499617538,"Cuneiform (Uruk III)"
"Cuneiform (Uruk III)","SZE~a _ N01 _ SZE~a",5,-1.37578342730107,-1.59018320162743,0.365702465118559,-0.346584499617538,"Cuneiform (Uruk III)"
"Cuneiform (Uruk III)","N01 _ N01",3,-1.98307959430935,-2.10799037092486,0.63421263201804,-0.346584499617538,"Cuneiform (Uruk III)"
"Cuneiform (Uruk III)","N01 _ GAL~a _ IM~a _ N01 _ IM~a _ TUR",11,-0.854191287194144,-0.971648550597317,-0.220137899025758,-0.346584499617538,"Cuneiform (Uruk III)"
"Cuneiform (Uruk III)","N01 _ HI _ N01 _ N58 N58 N58 N58 N58 N58 N58 N58 N58 _ NI~b _ N01 _ IR~a _ N01 _ NE~a _ IR~a _ N01 _ DIN _ IR~a _ N01 _ SU~a _ NI~b _ N01 _ |DUG~bxX| _ N01 _ |DUG~bxX| _ N01 _ |DUG~bxX| _ N01 _ |DUG~bxX| _ N01 _ |DUG~bxX|",59,-0.416808354228931,-0.557875482274197,-1.36823607028316,0.581567852886246,"Cuneiform (Uruk III)"
"Cuneiform (Uruk III)","N01 _ |DUG~bxSZAH2~a| _ N01 _ |DUG~bxANSZE~d| _ N01 _ N01 _ |DUG~bxX|",13,-1.00346981291875,-0.978309348899467,-0.501791920248988,-0.346584499617538,"Cuneiform (Uruk III)"
"Cuneiform (Uruk III)","N01 _ NAMESZDA _ N01 _ NAM2 _ KAB _ N01 _ NAM2 _ DI _ N01 _ NAM2 _ NAM2 _ N01 _ NAM2 _ URU~a1 _ N01 _ NAM2 _ ERIN _ N01 _ GAL~a _ SZUBUR _ N01 _ N01 _ N01 _ NAM2 _ PA~a _ RAD~a _ N01 _ AB~a _ ME~a _ N01 _ |1(N58).BAD~a| _ GAL~a _ N01 _ EN~a _ IB~a _ N01 _ SZITA~a1 _ N01 _ ABGAL _ N01 _ KINGAL _ N01 _ N01 _ N01 _ SIG2~c1 _ GA~a _ N01 _ GAL~a _ NIM~a _ N01 _ GAL~a _ KISAL~b1 _ N01 _ SILA4~a _ N01 _ SZAB~a _ GAL~a _ N01 _ N01 _ UMUN2 _ ERIN _ N01 _ SANGA~a _ UMUN2 _ N01 _ AK~a _ N01 _ SANGA~a _ SUHUR _ N01 _ GAL~a _ SUHUR _ N01 _ N14 N14 N14 _ N01 N01 N01 N01 N01 N01 _ LAGAB~a",158,-0.0237156332112442,0.91153853601445,-1.23516194766188,-0.0465607296202965,"Cuneiform (Uruk III)"
"Cuneiform (Uruk III)","N01 _ N01 _ GAL~a _ GISZGAL _ N01 _ GAL~a _ |ZATU737xX| _ N01 _ SANGA~a _ |ZATU737xDI| _ N01 _ SANGA~a _ |ZATU737xX|",25,-0.674793779151885,-0.613895626283887,-0.923146335998942,-0.346584499617538,"Cuneiform (Uruk III)"
"Cuneiform (Uruk III)","N01 _ N01 _ N01 _ GA2~b _ N01 _ UR~a _ N01 _ GA2~a3 _ N01 _ URU~a1 _ N01 _ N01 _ N01 _ GAL~a _ TE _ N01 _ TE _ |NUN~a+EN~a| _ N01 _ RAD~b _ N01 _ N01 _ NUN~a _ N01 _ N01 _ NAGA~a _ N01 _ PAP~a _ N01",57,-0.67626447359521,0.0883181327986784,-1.13230162389959,-0.346584499617538,"Cuneiform (Uruk III)"
"Cuneiform (Uruk III)","N01 _ GISZIMMAR~b1 _ GISZIMMAR~b1 _ N01 _ GIR2~a _ N01 _ AN _ GIR2~a _ N01",17,-0.925177166599202,-0.951064876624647,-0.866285359479051,-0.346584499617538,"Cuneiform (Uruk III)"
"Cuneiform (Uruk III)","N01 _ E2~a _ GAN~a _ N01 _ |DUG~bxSZE~a|",9,-0.835638861064054,-0.892883888572525,0.186695687185575,-0.346584499617538,"Cuneiform (Uruk III)"
"Cuneiform (Uruk III)","N01 _ MA _ N01 _ GU4 _ A _ N01 _ AD~a _ A _ N01 _ BU~a",19,-0.673405672720759,-0.60743637184065,-0.567017062005948,-0.346584499617538,"Cuneiform (Uruk III)"
"Cuneiform (Uruk III)","N01 _ N01 _ KISAL~b1 _ N01 _ NIM~a _ N01 _ N01 _ EN~a _ NUN~a _ N01 _ EN~a _ AMAR _ N01 _ |SZU2.EN~a| _ AN _ N01 _ NAM2 _ N01 _ N01 _ BU~a _ NUN~a _ N01",43,-0.589784107160719,-0.0873861134029502,-1.02055932678108,-0.346584499617538,"Cuneiform (Uruk III)"
"Cuneiform (Uruk III)","GISZ _ NAM2 _ N01 _ GISZ _ NU11 _ N01 _ GISZ _ KIN2~c _ N01 _ N01 _ GISZ _ |SZE~a.KIN2~c| _ N01 _ GISZ _ DUB~b _ N01 _ GISZ _ N01 _ SI _ GISZ",39,-0.685415796049068,-0.465152805777423,-1.1214307669401,-0.346584499617538,"Cuneiform (Uruk III)"
"Cuneiform (Uruk III)","SUM~a _ ZATU751~a",3,-1.31236641741546,-1.71905821160227,1.97676346651544,-0.346584499617538,"Cuneiform (Uruk III)"
"Cuneiform (Uruk III)","N01 _ N01 _ EN~a _ N01",7,-1.44933966193385,-1.49105660253119,-0.324752249765815,-0.346584499617538,"Cuneiform (Uruk III)"
"Cuneiform (Uruk III)","N01 _ KI _ |SAG+NAM2| _ N01 _ DU _ AN _ NUN~a _ AD~a _ N01 N01 N01 N01 N01 _ MUNU3 _ N14 _ KAR2~a _ ME~a _ N01 N01 N01 _ KAD4~b _ N01 N01 N01 _ ZA~v",41,-0.26776041775524,0.339077565167316,-0.675593060174546,0.999236411512945,"Cuneiform (Uruk III)"
"Cuneiform (Uruk III)","N01 _ N01 _ SI _ KAK~a",7,-1.05339551581356,-1.10519917411635,0.250626679304495,-0.346584499617538,"Cuneiform (Uruk III)"
"Cuneiform (Uruk III)","N01 _ APIN~a _ SUHUR _ N01 _ MAR~a _ APIN~a _ N01 _ N01 _ DILMUN _ ZAG~a _ N01 _ GAL~a _ DU6~b _ N01 _ N01",29,-0.6198059276323,-0.246755401670099,-0.800927915203317,-0.346584499617538,"Cuneiform (Uruk III)"
"Cuneiform (Uruk III)","N01 _ NAMESZDA _ N01",5,-1.37578342730107,-1.59018320162743,0.365702465118559,-0.346584499617538,"Cuneiform (Uruk III)"
"Cuneiform (Uruk III)","N01 _ N01 _ N01",5,-1.93010523186947,-1.99948447766047,-0.439828035579879,-0.346584499617538,"Cuneiform (Uruk III)"
"Cuneiform (Uruk III)","N01 _ AB~a _ ME~a _ N01 _ GAL~a _ KISAL~b2",11,-0.671269511677629,-0.588402441865595,0.146012328564438,-0.346584499617538,"Cuneiform (Uruk III)"
"Cuneiform (Uruk III)","N01 _ GISZ _ GI _ BU~a _ GI _ NAM2 _ GISZ _ GI _ N01 _ LI _ GISZ _ N01 _ GISZ _ ERIM~a _ N01 _ U4 _ GISZ _ N01 _ GISZ _ N01 _ HI _ GISZ _ GISZ _ NAGA~a _ AN _ E2~b _ GISZ _ N01 _ GISZ _ NUN~a _ N01 _ NAM2 _ E2~b _ N01 _ GISZ@t _ E2~b _ N01 _ GISZ _ PU2 _ N01 _ GISZ _ PU2 _ N01 _ KI _ GISZ _ N01 _ GISZ _ APIN~b _ KI _ N01 _ SIG _ LISZ _ N01 _ GISZ _ GI _ N01 _ |BAD&BAD| _ N01 _ BAD _ N01 _ TAG~b _ N01 _ SI _ TAG~b _ N01 _ SI _ NIM~a _ N01 _ AL _ N01 _ NAM2 _ AL _ GISZ _ N01 _ AL _ GAZI _ N01 _ N01 _ KIN _ N01 _ KIN _ SZU _ N01 _ KIN _ N01 _ GISZ _ N01 _ GISZ _ N01 _ GISZ _ KA~a _ N01 _ GISZ _ TAG~a1 _ N01 _ GISZ _ SAG _ N01 _ N01 _ GISZ _ SIG _ N01 _ U4 _ GISZ _ N01 _ GISZ _ N01 _ GISZ _ N01 _ N01 _ GISZ _ DA~a _ N01 _ |NINDA2xGISZ| _ N01 _ GISZ _ N01 _ GISZ _ N01 _ GISZ _ N01 _ GISZ _ N01 _ NAMESZDA _ E2~b",249,-0.14686204418334,0.310040535248789,-1.48475314291159,-0.346584499617538,"Cuneiform (Uruk III)"
"Cuneiform (Uruk III)","N01 N01 N01 _ ZA~v _ N01 N01 N01 N01 _ GIR2~a _ AN _ N14 _ DA~a _ KASZ~a _ KISZ",22,-0.416651706556843,0.114195105945183,-0.40321301282086,1.25558325172827,"Cuneiform (Uruk III)"
"Cuneiform (Uruk III)","EN~a _ N01 _ EN~a _ SIG2~b _ N01 _ EN~a _ TUG2~a _ E2~b",15,-0.747454926376898,-0.741913627802586,-0.439828035579879,-0.346584499617538,"Cuneiform (Uruk III)"
"Cuneiform (Uruk III)","N01 _ N01 _ KU6~a _ N01",7,-1.44933966193385,-1.49105660253119,-0.324752249765815,-0.346584499617538,"Cuneiform (Uruk III)"
"Cuneiform (Uruk III)","MUSZEN _ N01 _ SZEN~b _ MUSZEN _ MUSZEN",9,-1.14359541915761,-1.23396828526672,-0.260821257646895,-0.346584499617538,"Cuneiform (Uruk III)"
"Cuneiform (Uruk III)","N01 _ NAM2 _ URU~a1 _ N01 _ NAM2 _ ERIN _ N01 _ SZUBUR _ N01 _ N01 _ |SZE~a.NAM2| _ N01 _ GAL~a _ SZITA~a1 _ N01 _ ABGAL _ N01 _ KINGAL _ N01 _ GAL~a _ TE _ N01 _ GAL~a _ N01 _ GADA~a _ SUKKAL _ N01 _ SILA4~a _ N01 _ GAL~a _ SZAB~a _ N01 _ BU~a _ SZAB~a _ N01 _ NESAG2~b _ N01 _ N01 _ GAL~a _ UMUN2 _ N01 _ SUHUR _ SANGA~a _ N01 _ SUHUR _ GAL~a _ N01 _ DUB~a _ SANGA~a _ N01 _ SANGA~a _ GAL~a _ N01 _ SUG5 _ SAG _ N01 _ |ZATU737xGAR| _ N01 _ ISZ~b _ GAL~a _ N01",121,-0.147177479972894,0.66909938224137,-1.18544304449083,-0.346584499617538,"Cuneiform (Uruk III)"
"Cuneiform (Uruk III)","N01 _ NAMESZDA _ N01 _ NAM2 _ KAB _ N01 _ NAM2 _ DI _ N01 _ NAM2 _ NAM2 _ N01 _ NAM2 _ URU~a1 _ N01 _ N01 _ GADA~a _ SUKKAL _ N01 _ GAL~a _ GA~a _ N01 _ SIG2~b _ GA~a _ N01 _ GAL~a _ KISAL~b1 _ N01",55,-0.420503938232153,0.0178699199811013,-1.09889844524224,-0.346584499617538,"Cuneiform (Uruk III)"
"Cuneiform (Uruk III)","SUM~a _ SUM~a _ SUM~a _ SUM~a _ SUM~a _ SUM~a _ SUM~a _ N01 _ AN _ HI _ N01 _ KAR2~a _ KAB _ N01 _ ZATU684 _ AMA~b _ N01 _ NI~b _ BAHAR2~a _ N01 _ DU _ |GISZxSZU2~b| _ N01 _ SAR~a _ A _ N01 _ GISZ _ SAR~a _ A _ N01 _ SAR~a _ A",63,-0.194915905111494,0.337333612760845,-1.02799316307398,-0.346584499617538,"Cuneiform (Uruk III)"
"Cuneiform (Uruk III)","ZA~v _ AN _ GIR2~a _ DA~a _ KISZ _ GA~b _ GARA2~a _ N01 _ N01 _ N01 N01 N01 N01 N01 _ MUNU3 _ N01 N01 N01 N01 N01 _ N01 N01 N01 N01 N01",37,-0.725046172353047,-0.443566357608652,-0.962334306303192,1.8964503522666,"Cuneiform (Uruk III)"
"Cuneiform (Uruk III)","N01 _ NAR _ N01 _ SZA3~a1 _ N01 N01 N01 _ ZA~v _ N01 N01 N01 N01 _ GIR2~a _ AN _ N01 _ N45 _ N45",28,-0.703192646110852,-0.302138082138579,-0.900131178836129,0.899545973651426,"Cuneiform (Uruk III)"
"Cuneiform (Uruk III)","N01 _ N01 _ KAR _ N01 _ N01 _ N01 _ N01 _ N01 _ A _ N01 _ NI2 _ N01 _ EN~a _ ZATU647 _ BA _ N01 _ EN~a _ TUG2~a _ ZATU647 _ BA _ N01 _ BU~a _ NAGAR~b _ N01 _ MUSZ3~a _ N01 _ KI _ N01 _ KI _ N01 _ N01 _ TE _ KI _ N01 _ DI _ NAM2 _ KI _ N01 _ NIR~a _ SZAGAN _ N01 _ NIR~a _ N01 _ GAL~a _ SIMUG _ KI _ N01 _ KU3~a _ AB~a _ N01 _ GAL~a _ N01 _ SAG _ N01 _ AK~a",109,-0.181151604303215,0.626585099778493,-1.16406646740049,-0.346584499617538,"Cuneiform (Uruk III)"
"Cuneiform (Uruk III)","N01 _ N01 _ ZATU725 _ N01 _ DAM _ N01 _ BU3 _ N01 _ KAR2~a _ ME~a _ N01 _ GALGA~a _ ME~a _ N01 _ LAGAR~a _ IB~a _ N01 _ LAGAR~a _ GAR _ N01 _ MUSZ3~a _ ME~a _ N01 _ N01 _ N01 _ N01 _ N01 _ N01 _ N01 _ UNUG~a _ N01",61,-0.62553757451015,-0.164492527624818,-1.19253686410137,-0.346584499617538,"Cuneiform (Uruk III)"
"Cuneiform (Uruk III)","SANGA~a _ ENKUM _ N01 _ NINKUM _ N01 _ GAL~a _ ISZ~a _ N01 _ GAL~a _ N01 _ MUSZ3~a _ N01 _ DU _ EZEN~b _ N01 _ GAL~a _ ZAG~a _ N01 _ GAL~a _ SIPA _ N01 _ GAL~a _ GURUSZDA",45,-0.371290084291251,-0.0356609234104349,-0.887344980412345,-0.346584499617538,"Cuneiform (Uruk III)"
"Cuneiform (Uruk III)","GA'AR~a1 _ GA'AR~a1 _ U4 _ TUG2~a@g _ GI6 _ TUG2~a _ N01 _ GI6 _ TUG2~a@g _ N01 _ GI _ TUG2~a _ N01 _ GI _ TUG2~a@g _ N01 _ NE~a _ TUG2~a _ NE~a _ TUG2~a@g _ N01 _ N01 _ TUR _ N01 _ BUR2 _ TUR _ N01 _ N57 _ GISZ@t _ TUG2~a _ N01 _ N57 _ GISZ@t",65,-0.230423199769524,-0.162608322039276,-1.24535853627832,-0.346584499617538,"Cuneiform (Uruk III)"
"Cuneiform (Uruk III)","N01 _ GA'AR~a1 _ N01 _ GISZ _ GA'AR~a1 _ N01 _ SZE3@t _ GA'AR~a1",15,-0.932228861233034,-0.995940624452108,-0.70833820247936,-0.346584499617538,"Cuneiform (Uruk III)"
"Cuneiform (Uruk III)","DU7 _ N01 _ IM~a _ AD~a _ N01 _ |BU~a+DU6~a| _ N57 N57 _ N01 _ SAR~c _ HI _ N01 _ GI6 _ N04 _ N01 _ TUR _ |SZE~a&SZE~a| _ N01 _ SUKKAL _ E2~a _ LU2 _ DA~a",42,0.0281154242873591,0.79611375151677,-0.420648737944201,-0.182459998260162,"Cuneiform (Uruk III)"
"Cuneiform (Uruk III)","GA~a _ GA~a _ GAL~a _ IM~a _ N01 _ IM~a _ TUR",13,-0.693909885121567,-0.598380132144735,-0.191972496903435,-0.346584499617538,"Cuneiform (Uruk III)"
"Cuneiform (Uruk III)","N01 _ SANGA~a _ |ZATU737xU4| _ N01 _ SANGA~a _ |ZATU737xSAL| _ N01 _ GAL~a _ ISZ~b _ N01 _ N01 _ N01",23,-0.786399064011533,-0.589273624065999,-0.825081753305218,-0.346584499617538,"Cuneiform (Uruk III)"
"Cuneiform (Uruk III)","N01 _ N01 _ GAL~a _ KISAL~b3 _ N01 _ GAL~a _ NIM~a _ N01",15,-0.965108897657097,-0.947715783001263,-0.70833820247936,-0.346584499617538,"Cuneiform (Uruk III)"
"Cuneiform (Uruk III)","|DUG~bxSIG7| _ N01 _ |DUG~bxSIG7| _ NIM~a _ AGAR2 _ PU2 _ PU2 _ PU2 _ E2~a _ N01 _ ALIM _ NUN~a _ N01 _ |ZATU662x1(N14)| _ N01 _ EN~a _ |ZATU662x1(N14)| _ N01 _ ZATU662 _ N01 _ EN~a _ ZATU662 _ N01 _ SZA3~a1 _ AB2 _ N01 _ SZA3~a1 _ AB2 _ TUG2~a@g _ N01 _ LUM _ TUG2~a _ N01 _ LUM _ A _ TUG2~a@g _ N01 _ N57 N57 N57 _ AB2 _ TUG2~a _ N01 _ N57 N57 N57 _ AB2",89,0.0612813197845108,0.247531544071815,-1.19105310926494,-0.0407161107242461,"Cuneiform (Uruk III)"
"Cuneiform (Uruk III)","GAN~b _ GAN~b _ BAPPIR~d _ U4 _ |DUG~bxSIG7| _ N01 _ NAGA~a _ GA'AR~a1 _ N01 _ KA~a _ GA'AR~a1 _ N01 _ UR4~a _ GA'AR~a1",27,-0.34458380333577,-0.0516843965646001,-0.559165887535205,-0.346584499617538,"Cuneiform (Uruk III)"
"Cuneiform (Uruk III)","GA'AR~a1 _ GA'AR~a1 _ SZE3@t _ GA'AR~a1 _ GA'AR~a1 _ GUG2 _ GA'AR~a1 _ GA'AR~a1",15,-1.33465676736937,-1.23565672053854,-0.976848369378837,-0.346584499617538,"Cuneiform (Uruk III)"
"Cuneiform (Uruk III)","N01 _ AN _ N01 _ GIR2~a _ UDU~a _ N01 _ GIR2~a _ UDU~a _ N01 _ GIR2~a _ AB2",21,-0.786322004798082,-1.11319782141045,-0.900131178836129,-0.346584499617538,"Cuneiform (Uruk III)"
"Cuneiform (Uruk III)","GIR2~a _ GIR2~a _ DIM~c _ DIM~c _ DIM~c _ N01 _ N01 _ DILMUN _ TUN3~a _ N01 _ NAGAR~b _ N01 _ AN _ NAGAR~b _ N01 _ NAGAR~b _ SZITA~a1 _ N01 _ AN _ NAGAR~b _ N01 _ N01",43,-0.559394709949189,-0.532090584646729,-1.20789200136211,-0.346584499617538,"Cuneiform (Uruk III)"
"Cuneiform (Uruk III)","KU6~a _ GU _ SZU2 _ GU _ N01 _ NAGAR~b _ N01 _ NAGAR~b _ N57 N57 _ N01 _ NAGAR~b _ AN _ TAK4~a _ N01 _ NAGAR~b _ BUR~a _ NAGAR~b _ BUR~a",36,-0.363247431911833,-0.294738853178149,-0.932096674895591,-0.15432436945604,"Cuneiform (Uruk III)"
"Cuneiform (Uruk III)","N01 _ AB2 _ N01 _ AB2 _ N01 _ AB2 _ N01 _ AB2 _ N01 _ SZAH2~a _ N01 _ N57 N57 N57 _ ZAG~a _ AB2 _ N01 _ DARA4~a1 _ ZAG~a _ N01 _ HI _ SAG _ AB2 _ N01 _ AB2 _ AB2 _ N01 _ AB2",53,-0.648419723853121,-0.520644515267767,-1.3669480458177,-0.0877727859385986,"Cuneiform (Uruk III)"
"Cuneiform (Uruk III)","NAM2 _ N01 _ GISZ _ NU11 _ N01 _ GISZ _ KIN2~c _ N01 _ GISZ _ GI6 _ KIN2~c _ N01 _ GISZ _ BU~a _ GI _ N01 _ GISZ _ N01",35,-0.580955586899638,-0.564417321705926,-1.01520696465019,-0.346584499617538,"Cuneiform (Uruk III)"
"Cuneiform (Uruk III)","N01 _ N01 _ N01 _ HI _ SAR~c _ N01 _ GISZ _ N01 _ BIR3~c _ APIN~a _ N01 _ GI",23,-0.698914736590592,-0.223066522524853,-0.649966427066427,-0.346584499617538,"Cuneiform (Uruk III)"
"Cuneiform (Uruk III)","N01 _ BALA~a _ MUSZEN _ RAD~a _ ISZ~b",9,-0.612067802099425,-0.586708930328977,0.63421263201804,-0.346584499617538,"Cuneiform (Uruk III)"
"Cuneiform (Uruk III)","N01 _ N01 _ BA _ SAG _ N01 _ SIG2~b _ N01 _ KA~a _ ZAG~a _ N01 _ SZENNUR~a _ N01 _ |EZEN~axSU~a| _ N01 _ GI _ UNUG~a _ N01 _ SZAM2 _ KI _ N01",39,-0.407491760507045,0.3607607275154,-0.70833820247936,-0.346584499617538,"Cuneiform (Uruk III)"
"Cuneiform (Uruk III)","UTUA~b _ UD5~a _ MASZ2 _ N01 _ GI _ N01 _ ZI~a _ GI _ N01 _ |GI&GI| _ SZE3 _ N01 _ APIN~a _ E2~b _ PIRIG~b1 _ N01 _ N01 _ GI _ N01 _ TAR~a _ ZATU751~a _ N01 _ ZI~a _ N01 _ DI _ ZATU751~a",51,-0.225811314587391,0.168708820473667,-0.866285359479051,-0.346584499617538,"Cuneiform (Uruk III)"
"Cuneiform (Uruk III)","NUN~a _ A _ N01 _ N01 _ N01 _ KI",11,-0.923233968299633,-1.02931409884823,-0.220137899025758,-0.346584499617538,"Cuneiform (Uruk III)"
"Cuneiform (Uruk III)","GAL~a _ UDU~c _ N01 _ GAL~a _ N01 _ GAL~a _ N01 _ SZAB~a _ N01",17,-0.969851842608637,-1.07862389316727,-0.866285359479051,-0.346584499617538,"Cuneiform (Uruk III)"
"Cuneiform (Uruk III)","EZEN~b _ AN _ E2~a _ A _ NI2",9,-0.612067802099425,-0.586708930328977,0.63421263201804,-0.346584499617538,"Cuneiform (Uruk III)"
"Cuneiform (Uruk III)","NAM2 _ NAM2 _ URU~a1 _ NAM2 _ ERIN _ GAL~a _ SZUBUR _ NAM2 _ APIN~a _ N01 _ N01",21,-0.558524454630283,-0.18137662809453,-0.516545226122588,-0.346584499617538,"Cuneiform (Uruk III)"
"Cuneiform (Uruk III)","DU _ EZEN~b _ N01 _ GAL~a _ ZAG~a _ NESAG2~a _ ZAG~a _ ZAG~a _ DILMUN _ ZAG~a _ N01 _ SANGA~a _ GURUSZDA _ N01 _ GAL~a _ N01 _ USZUMGAL _ N01 _ GAL~a _ UR3~a2 _ N01 _ KAB _ GI _ AB~b _ N01 _ UNUG~a _ N01",53,-0.161831651436701,0.375168724952505,-0.834993941582888,-0.346584499617538,"Cuneiform (Uruk III)"
"Cuneiform (Uruk III)","GAL~a _ GAR _ GAL~a _ GUG2 _ GUG2",9,-1.05920992002868,-1.18102680025128,-0.260821257646895,-0.346584499617538,"Cuneiform (Uruk III)"
"Cuneiform (Uruk III)","N01 _ NAM2 _ ERIN _ GAL~a _ LA2 _ NAM2 _ APIN~a",13,-0.539129921222981,-0.478708698507002,0.117846926442115,-0.346584499617538,"Cuneiform (Uruk III)"
"Cuneiform (Uruk III)","N01 _ SANGA~a _ NUN~a _ N01 _ GAL~a",9,-0.835638861064054,-0.892883888572525,0.186695687185575,-0.346584499617538,"Cuneiform (Uruk III)"
"Cuneiform (Uruk III)","N01 _ SANGA~a _ |ZATU737xU4| _ N01 _ SANGA~a _ |ZATU737xSAL| _ N01",13,-0.907110579186344,-0.979314580345241,-0.501791920248988,-0.346584499617538,"Cuneiform (Uruk III)"
"Cuneiform (Uruk III)","N01 _ NAMESZDA _ N01 _ NAM2 _ KAB _ N01 _ NAM2 _ DI",15,-0.747454926376898,-0.797405408460733,-0.439828035579879,-0.346584499617538,"Cuneiform (Uruk III)"
"Cuneiform (Uruk III)","GAL~a _ GAL~a",3,-1.98307959430935,-2.10799037092486,0.63421263201804,-0.346584499617538,"Cuneiform (Uruk III)"
"Cuneiform (Uruk III)","ISZ~b _ TAG~a1 _ GAL~a _ SANGA~a _ SANGA~a",9,-0.835638861064054,-0.927793327023176,0.186695687185575,-0.346584499617538,"Cuneiform (Uruk III)"
"Cuneiform (Uruk III)","N01 _ GAL~a _ N01 _ GAL~a",7,-1.34084402019666,-1.63509378526609,-0.324752249765815,-0.346584499617538,"Cuneiform (Uruk III)"
"Cuneiform (Uruk III)","N01 _ GAL~a _ |1(N58).BAD~a| _ N01 _ EN~a _ IB~a",11,-0.671269511677629,-0.588402441865595,0.146012328564438,-0.346584499617538,"Cuneiform (Uruk III)"
"Cuneiform (Uruk III)","N34 _ N01 _ MUSZEN _ N01 _ ISZ~b _ N01 _ N14 _ SUHUR _ N14 _ KAR2~b _ N01 N01 N01 _ KAD4~a",25,-0.47093717563877,-0.134198192878151,-0.600934135719567,0.214174213353496,"Cuneiform (Uruk III)"
"Cuneiform (Uruk III)","N14 _ GA~a _ N14 _ AB2 _ N01 _ GU4",11,-0.671269511677629,-0.545086681398409,0.146012328564438,-0.346584499617538,"Cuneiform (Uruk III)"
"Cuneiform (Uruk III)","U8 _ UDUNITA~a _ UD5~a _ N14 _ N14 _ N01 N01 N01 _ KAD4~a _ N01 N01 N01",19,-0.60096517845045,-0.510085988363228,-0.567017062005948,1.14877206830522,"Cuneiform (Uruk III)"
"Cuneiform (Uruk III)","N01 _ N01 _ GI _ N01",7,-1.44933966193385,-1.49105660253119,-0.324752249765815,-0.346584499617538,"Cuneiform (Uruk III)"
"Cuneiform (Uruk III)","N01 _ SZENNUR~a _ N01 _ GISZ _ N01 _ GI _ N01 _ GI _ ZI~a _ N01 _ GI _ ZI~a _ SZE3 _ N01 _ PIRIG~b1",29,-0.641078337941793,-0.572738374156369,-0.939812484289256,-0.346584499617538,"Cuneiform (Uruk III)"
"Cuneiform (Uruk III)","UD5~a _ MASZ2",3,-1.31236641741546,-1.71905821160227,1.97676346651544,-0.346584499617538,"Cuneiform (Uruk III)"
"Cuneiform (Uruk III)","N01 _ NAGAR~b _ N01 _ NAGAR~b _ N01 _ AN _ N01 _ NAGAR~b",15,-1.14988283251323,-1.32695599939195,-0.976848369378837,-0.346584499617538,"Cuneiform (Uruk III)"
"Cuneiform (Uruk III)","NAGAR~b _ AN _ N01 _ NAGAR~b _ SZITA~a1 _ N01 _ NAGAR~b _ AN _ SZITA~a1",17,-0.851490693745008,-1.14138126202364,-0.866285359479051,-0.346584499617538,"Cuneiform (Uruk III)"
"Cuneiform (Uruk III)","N01 _ NI~a _ N01 _ DUG~b _ N01",9,-1.14359541915761,-1.18102680025128,-0.260821257646895,-0.346584499617538,"Cuneiform (Uruk III)"
"Cuneiform (Uruk III)","N01 _ N01 _ EN~a _ BA _ ZATU647 _ N01 _ EN~a _ BA _ ZATU647 _ TUG2~a _ N01 _ ILDUM~b _ N01",25,-0.674793779151885,-0.713847769108323,-0.923146335998942,-0.346584499617538,"Cuneiform (Uruk III)"
"Cuneiform (Uruk III)","N01 _ N01 _ KU6~a _ A _ N01",9,-1.14359541915761,-1.10065206449988,-0.260821257646895,-0.346584499617538,"Cuneiform (Uruk III)"
"Cuneiform (Uruk III)","N01 _ SAG _ DARA4~a1 _ N01 _ N01 _ U4 _ AL _ GU4 _ GU4",17,-0.614768396017751,-0.390093249680824,-0.392443888479971,-0.346584499617538,"Cuneiform (Uruk III)"
"Cuneiform (Uruk III)","KAD4~a _ N14 _ UD5~a _ N01 _ MASZ2",9,-0.612067802099425,-0.586708930328977,0.63421263201804,-0.346584499617538,"Cuneiform (Uruk III)"
"Cuneiform (Uruk III)","N14 _ U8 _ N01 _ N14 _ UD5~a",9,-0.835638861064054,-0.892883888572525,0.186695687185575,-0.346584499617538,"Cuneiform (Uruk III)"
"Cuneiform (Uruk III)","N01 _ AB2 _ N01 _ AB2 _ N01 _ AB2 _ N01 _ GI _ N01 _ GI _ BAR _ N01 _ DARA4~a1",25,-0.862124856089674,-0.893761613683752,-1.08425243613863,-0.346584499617538,"Cuneiform (Uruk III)"
"Cuneiform (Uruk III)","AB2 _ N01 _ N01 _ N01",7,-1.44933966193385,-1.66450665462226,-0.324752249765815,-0.346584499617538,"Cuneiform (Uruk III)"
"Cuneiform (Uruk III)","GU4 _ AMAR _ AMAR",5,-1.37578342730107,-1.6883387502024,0.365702465118559,-0.346584499617538,"Cuneiform (Uruk III)"
"Cuneiform (Uruk III)","MUSZEN _ MUSZEN _ N01 _ MUSZ _ N01 _ NIN _ X _ N01",15,-0.747454926376898,-0.573799441386431,-0.439828035579879,-0.346584499617538,"Cuneiform (Uruk III)"
"Cuneiform (Uruk III)","N01 _ PAP~a",3,-1.31236641741546,-1.71905821160227,1.97676346651544,-0.346584499617538,"Cuneiform (Uruk III)"
"Cuneiform (Uruk III)","SZITA~a3 _ KI _ KI",5,-1.37578342730107,-1.6883387502024,0.365702465118559,-0.346584499617538,"Cuneiform (Uruk III)"
"Cuneiform (Uruk III)","N02 _ N01 _ N01 _ AN _ KI _ LAGAB~b _ ME~a _ N01 _ |DU8~cxUDU~a| _ N01 _ GI _ N01 _ N01 _ N01 _ N01 _ DU _ N01 _ DU _ N01",37,-0.664451206670247,-0.412994496240437,-0.962334306303192,-0.346584499617538,"Cuneiform (Uruk III)"
"Cuneiform (Uruk III)","N01 _ N01 _ GAL~a _ N01 _ N01 _ N01 _ N34 _ EN~a",15,-1.07306960528374,-0.953027972219359,-0.70833820247936,-0.346584499617538,"Cuneiform (Uruk III)"
"Cuneiform (Uruk III)","N01 _ N01 _ N01",5,-1.93010523186947,-1.99948447766047,-0.439828035579879,-0.346584499617538,"Cuneiform (Uruk III)"
"Cuneiform (Uruk III)","BAR _ PIRIG~b1 _ N01 _ SU~a _ |1(N57).SZAH2~a| _ N01 _ UDU~a _ SZITA~a1 _ N01 _ DARA3~c _ N01 _ N01",23,-0.528314413491268,-0.238150594630685,-0.474851100827637,-0.346584499617538,"Cuneiform (Uruk III)"
"Cuneiform (Uruk III)","NI~a _ N01 _ DUG~b _ N01 _ DUG~c _ N01 _ NI~b _ N01 _ N01 _ NE~a _ N01 _ N01 _ N01 _ |DUG~bxSZE~a| _ N01 _ |DUG~bxBALA~a| _ N01 _ |DUG~bxKASKAL| _ N01 _ KASZ~b _ N01 _ |DUG~bxX| _ |DUG~bxX| _ N01 _ |DUG~bx(SZE~a.NAM2)| _ N01 _ |DUG~bx(1(N57).KU3~a)| _ N01 _ |DUG~bxSIG2~a1| _ N01 _ |DUG~bxSIG7| _ N01 _ |DUG~bxX| _ N01 _ |DUG~bxKUR@g~a| _ N01 _ |DUG~bxLAM~a| _ N01 _ |DUG~bxKUR~a| _ N01 _ |DUG~bxGISZ| _ N01 _ |DUG~bxX| _ N01 _ |DUG~bxX|",89,-0.414680252765499,0.431593881043595,-1.14579858675379,-0.346584499617538,"Cuneiform (Uruk III)"
"Cuneiform (Uruk III)","|DUG~bxX| _ |DUG~bxX| _ |DUG~bxX| _ N01 _ |DUG~bxX| _ N01 _ |DUG~bxNAGA~a| _ |DUG~bxX| _ N01 _ |DUG~bx(SZE~a.NAM2)| _ N01 _ N01 _ N01 _ |DUG~bxSIG7| _ N01 _ |DUG~bxSIG2~a2| _ |DUG~bxHI| _ N01 _ N01 _ |DUG~bxSI4~a| _ N01 _ SZAKIR~a",43,-0.654714764624509,-0.156667035344296,-1.11422566407159,-0.346584499617538,"Cuneiform (Uruk III)"
"Cuneiform (Uruk III)","N01 _ U4 _ N01 _ |DUG~bxX| _ N01 _ |DUG~bx(SZE~a.NAM2)| _ N01 _ |DUG~bx(1(N57).KU3~a)| _ N01",17,-0.902075465641441,-0.674996879112622,-0.629364623979513,-0.346584499617538,"Cuneiform (Uruk III)"
"Cuneiform (Uruk III)","UMUN2 _ KU3~a _ UMUN2 _ KU3~a _ AK~a _ |ZATU737xX| _ N01 _ N01 _ GAL~a _ N01 _ GAL~a",21,-0.594689668542684,-0.526361436432749,-0.70833820247936,-0.346584499617538,"Cuneiform (Uruk III)"
"Cuneiform (Uruk III)","NAGAR~b _ NAGAR~b _ AN _ NAGAR~b _ TAK4~a _ NAGAR~b _ N01 _ AN _ NU _ N01 _ NU _ GIR~a _ N01 _ AN _ NU _ GIR~a _ N01 _ N01",35,-0.63844528777625,-0.802628274364116,-1.24535853627832,-0.346584499617538,"Cuneiform (Uruk III)"
"Cuneiform (Uruk III)","RAD~a _ AB~a _ ME~a _ GAL~a _ |1(N58).BAD~a| _ N01 _ SIG2~b _ GA~a _ N01 _ GAL~a _ KISAL~b2 _ N01 _ GAL~a _ NIM~a _ N01 _ GAL~a _ SILA4~b _ N01 _ N01 _ GAL~a _ N01 _ GAL~a",43,-0.428520755226844,-0.214555482233505,-0.926892989490565,-0.346584499617538,"Cuneiform (Uruk III)"
"Cuneiform (Uruk III)","N01 _ N14 _ KAR2~b _ N14 _ U8 _ N01 _ UDUNITA~a _ N01 N01 N01 N01 N01 _ N14 _ N14",23,-0.813400518064105,-0.709851754060983,-1.00019707954401,0.876889055955629,"Cuneiform (Uruk III)"
"Cuneiform (Uruk III)","N01 _ GALGA~a _ ME~a _ N01 _ LAGAR~a _ IB~a _ N01 _ LAGAR~a _ GAR _ N01 _ GAL~a _ N01 _ SZIDIM",25,-0.51382261669735,-0.268274562475883,-0.600934135719567,-0.346584499617538,"Cuneiform (Uruk III)"
"Cuneiform (Uruk III)","GIR2~a _ AN _ N01 _ DIM~c _ N01 _ AN _ DIM~c _ N01 _ DIM~c _ SI _ SZIR~a _ SZITA~a1 _ N01 _ AN _ DIM~c _ SI _ SZIR~a _ SZITA~a1 _ N01 _ AGAR2 _ N01 _ N01",43,-0.504446559161801,-0.755526812154631,-1.20789200136211,-0.346584499617538,"Cuneiform (Uruk III)"
"Cuneiform (Uruk III)","KAR2~a _ ME~a _ N01 _ GALGA~a _ N01 _ LAGAR~a _ IB~a _ N01 _ LAGAR~a _ GAR _ N01 _ MUSZ3~a _ ME~a _ N01 _ GAL~a _ N01 _ KUR~a _ N01 _ N01 _ GAL~a _ N01",41,-0.485222902406302,-0.280576417788026,-0.970299340917877,-0.346584499617538,"Cuneiform (Uruk III)"
"Cuneiform (Uruk III)","N01 _ SU~a _ NI~b _ N01 _ E2~a _ SU~a _ NI~b _ N01 _ GAN~a _ N01 _ GAN~a _ N01 _ GAN~a _ N01 _ |DUG~bxX| _ N01 _ |DUG~bxX| _ N01 _ |DUG~bx(ZATU789.SA~a)| _ N01 _ |DUG~bx(TAK4~a.SA~a)| _ N01 _ |DUG~bxX| _ N01 _ N01",49,-0.678148357007309,-0.675632165509238,-1.31111612817207,-0.346584499617538,"Cuneiform (Uruk III)"
"Cuneiform (Uruk III)","N01 _ NI~a _ N01 _ DUG~b _ N01 _ DUG~c _ N01 _ |DUG~cx1(N57)| _ N01 _ N01 _ IR~a _ N01 _ NE~a _ IR~a",27,-0.722482590246626,-0.359114688642067,-0.857510517423515,-0.346584499617538,"Cuneiform (Uruk III)"
"Cuneiform (Uruk III)","GISZGAL _ GAL~a _ |ZATU737xDI| _ N01 _ SANGA~a _ |ZATU737xDI| _ N01 _ SANGA~a _ |ZATU737xU4| _ DAM _ N01 _ NUN~a _ BU3 _ N01 _ KAR2~a _ ME~a _ N01 _ NUN~a _ GALGA~a _ N01 _ LAGAR~a _ IB~a _ N01 _ N01 _ SANGA~a _ N01 _ APIN~a _ N01",55,-0.206682653690585,0.287243349639451,-0.879208308688118,-0.346584499617538,"Cuneiform (Uruk III)"
"Cuneiform (Uruk III)","NAMESZDA _ N01 _ NAM2 _ KAB _ NAM2 _ DI _ N01 _ EN~a _ IB~a _ GAL~a _ SZITA~a1 _ N01 _ N01 _ TUG2~a _ N01 _ GAL~a",31,-0.33118069431486,0.0141303783914313,-0.62172201960856,-0.346584499617538,"Cuneiform (Uruk III)"
"Cuneiform (Uruk III)","N01 _ N01 _ |SILA3~axGESZTU~a| _ N01 _ GU4 _ N01 _ UTUL~a",13,-1.00346981291875,-0.883538299093335,-0.501791920248988,-0.346584499617538,"Cuneiform (Uruk III)"
"Cuneiform (Uruk III)","AMAR _ AMAR _ ZAG~a _ AMAR",7,-1.44933966193385,-1.49105660253119,-0.324752249765815,-0.346584499617538,"Cuneiform (Uruk III)"
"Cuneiform (Uruk III)","N01 _ N01 _ |NUN~a+EN~a| _ N01 _ |SZU2.EN~a| _ AN _ N01 _ N01 _ EN~a",17,-0.902075465641441,-0.718529717605397,-0.629364623979513,-0.346584499617538,"Cuneiform (Uruk III)"
"Cuneiform (Uruk III)","SANGA~a _ A _ UB _ N01 _ SANGA~a _ N01 _ SZE~a",13,-0.693909885121567,-0.718051565782453,-0.191972496903435,-0.346584499617538,"Cuneiform (Uruk III)"
"Cuneiform (Uruk III)","N01 _ GESZTU~b _ N01 _ UKKIN~a _ NIR~a _ N01 _ GA'AR~a1 _ N01 _ AN _ N01",19,-0.758637810320745,-0.472274453905657,-0.567017062005948,-0.346584499617538,"Cuneiform (Uruk III)"
"Cuneiform (Uruk III)","N01 _ DUB~a _ SANGA~a _ N01 _ SUHUR",9,-0.835638861064054,-0.892883888572525,0.186695687185575,-0.346584499617538,"Cuneiform (Uruk III)"
"Cuneiform (Uruk III)","N01 _ NAM2 _ PA~a _ N01 _ NAM2 _ PA~a _ GIR3~c _ N01 _ UB _ SAG _ N01 _ ZATU725",23,-0.545389583764399,-0.415386347680442,-0.649966427066427,-0.346584499617538,"Cuneiform (Uruk III)"
"Cuneiform (Uruk III)","N01 _ NI~a _ N01 _ DUG~b _ N01 _ DUG~c",11,-0.923233968299633,-0.928332790130146,-0.220137899025758,-0.346584499617538,"Cuneiform (Uruk III)"
"Cuneiform (Uruk III)","N01 _ SZU _ N01 _ GAL~a",7,-1.05339551581356,-1.20853812008244,0.250626679304495,-0.346584499617538,"Cuneiform (Uruk III)"
"Cuneiform (Uruk III)","N01 _ EN~a _ GU4 _ N01 _ EN~a _ GU4",11,-1.03711306271067,-1.39533564587021,-0.586288126615958,-0.346584499617538,"Cuneiform (Uruk III)"
"Cuneiform (Uruk III)","N01 _ |DUG~bxX| _ N01 _ |DUG~bxGISZ| _ N01 _ |DUG~bxX| _ N01 _ N01 _ N01 _ GI _ U2~a _ NI~b _ N01",25,-0.837448860130652,-0.564640014415772,-0.923146335998942,-0.346584499617538,"Cuneiform (Uruk III)"
"Cuneiform (Uruk III)","N01 _ URI5 _ N01 _ EN~a _ KID~a _ N01 _ ARARMA2~a _ N01 _ UNUG~a",17,-0.688454868871945,-0.480676639620216,-0.392443888479971,-0.346584499617538,"Cuneiform (Uruk III)"
"Cuneiform (Uruk III)","NAMESZDA _ KAB _ N01 _ EN~a _ IB~a _ N01",11,-0.671269511677629,-0.643521316787919,0.146012328564438,-0.346584499617538,"Cuneiform (Uruk III)"
"Cuneiform (Uruk III)","NI~b _ NI~b _ GAN~a _ |DUG~bxX| _ N01 _ |DUG~bx(SA~a.GI)| _ N01 _ |DUG~bxNAGA~a| _ N01 _ N01 _ |DUG~bxX| _ N01 _ |DUG~bxMASZ| _ N01 _ |DUG~bxSI4~a| _ N01 _ |DUG~bx(KUR~a.X)| _ N01 _ |DUG~bxX| _ N01 _ |DUG~bxX| _ N01 _ |DUG~bxX| _ N01 _ |DUG~bxX| _ N01 _ N34 _ N01 N01 _ PAP~a",58,-0.5766104090626,-0.370470586138501,-1.21758162246113,-0.228530033728899,"Cuneiform (Uruk III)"
"Cuneiform (Uruk III)","USZ~a _ USZ~a _ N01 _ EDIN _ N01 _ AN _ EDIN _ N01 _ ZATU777 _ N01 _ ZATU777 _ KI",23,-0.632873911185341,-0.648755632490612,-0.825081753305218,-0.346584499617538,"Cuneiform (Uruk III)"
"Cuneiform (Uruk III)","N01 _ N01 _ N01 _ MUSZ3~a _ TE _ N01 _ ANSZE~b _ N01 _ DILMUN _ N01 _ N01 _ KI",23,-0.880082069397034,-0.529588185343554,-0.825081753305218,-0.346584499617538,"Cuneiform (Uruk III)"
"Cuneiform (Uruk III)","N01 _ SAG _ KI _ AD~a _ N01 _ U4 _ AD~a _ N01 N01 N01 N01 N01 _ MUNU3 _ N01 N01 N01 N01 N01 _ GAZI _ N01 N01 N01 N01 N01 _ N01 N01 N01 _ KAD4~a _ N01 N01 N01 N01 _ ZA~v _ N01 N01 N01 N01 _ GIR2~a _ KISZ _ GA~b _ AB2 _ N01 _ ISZ~b _ N01 _ NAR _ N01 _ N01 _ N01 N01 N01 N01 N01 _ GAZI _ N01 N01 N01 N01 N01 _ HALUB _ MUSZEN _ SZE~a _ N01 _ AMAR _ N14 _ SUHUR _ KAR2~b _ KAD4~a _ ZA~v _ N01 N01 N01 N01 _ GIR2~a _ AN _ N14 _ KISZ _ N14 _ N01 _ N34 _ N01 _ BALA~a _ MUSZEN _ N01 _ ISZ~b _ N01 _ N01 _ N01 _ N45 _ N34 _ N14 _ |HIx1(N57)| _ PAP~a",152,-0.142297602823503,0.529887040924297,-1.28245533565259,1.034887296576,"Cuneiform (Uruk III)"
"Cuneiform (Uruk III)","TAK4~a _ TAK4~a _ TAK4~a _ N01 _ ZATU707~a _ N01 _ SAG@n _ N01 _ EDIN _ N01 _ AN _ EDIN _ N01 _ ZATU777 _ N01 _ GIR2~a _ N01 _ AN _ GIR2~a _ N01 _ N01",41,-0.601899696394689,-0.384235000349207,-1.16677019474676,-0.346584499617538,"Cuneiform (Uruk III)"
"Cuneiform (Uruk III)","N01 _ NAMESZDA _ N01 _ NAM2 _ KAB _ NAM2 _ DI _ NAM2 _ NAM2 _ N01 _ GAL~a _ N01 _ SIG2~b _ GA~a _ N01 _ GAL~a _ N01 _ GAL~a _ NIM~a",37,-0.475347656822586,-0.336720889736955,-0.962334306303192,-0.346584499617538,"Cuneiform (Uruk III)"
"Cuneiform (Uruk III)","NIM~b1 _ MUN~b _ MUN~b _ AN _ SZITA~b1 _ N01 _ N01 _ AN _ N01 _ N01 _ AN",21,-0.786322004798082,-0.927569152800973,-0.900131178836129,-0.346584499617538,"Cuneiform (Uruk III)"
"Cuneiform (Uruk III)","N01 _ N01 _ N01 _ GAL~a _ N01 _ GAL~a",11,-1.4029566137437,-1.47543922395914,-0.952438354206157,-0.346584499617538,"Cuneiform (Uruk III)"
"Cuneiform (Uruk III)","N01 _ AB~a _ ME~a _ N01 _ GAL~a _ |1(N58).BAD~a| _ N01 _ EN~a _ IB~a _ N01 _ GAL~a _ N01 _ ABGAL _ N01 _ N01 _ AB~a _ N01 _ GAL~a _ N01 _ GAL~a _ N01 _ TUR _ N34",45,-0.541419622212245,-0.389360258272791,-1.06635175834533,-0.346584499617538,"Cuneiform (Uruk III)"
"Cuneiform (Uruk III)","UD5~a _ N01 _ N01 _ AN _ N01 _ N01 _ N01",13,-1.28281982407886,-1.42092510675572,-0.811611343594542,-0.346584499617538,"Cuneiform (Uruk III)"
"Cuneiform (Uruk III)","N01 _ N01 _ SANGA~a _ SUHUR _ N01 _ GAL~a _ SUHUR _ N01 _ MAR~a _ APIN~a _ N01 _ N01 _ DILMUN _ N01",27,-0.722482590246626,-0.405585272193395,-0.857510517423515,-0.346584499617538,"Cuneiform (Uruk III)"
"Cuneiform (Uruk III)","AB2 _ N01 _ GA~b _ AMAR _ N14 _ SUHUR _ N14 _ KAR2~b _ KAD4~a",17,-0.333371422281059,-0.0582076072407304,0.0813975825191091,-0.346584499617538,"Cuneiform (Uruk III)"
"Cuneiform (Uruk III)","DA~a _ KISZ _ N14 _ GA~b _ N14 _ GARA2~a _ N14 _ AB2 _ GU4 _ N01 N01 N01 N01 N01 _ N01 N01 N01 N01 N01 _ HALUB _ N01 N01 N01 N01 N01 _ MUSZEN _ SZE~a _ SI4~a",43,-0.301280539117287,0.0339381806319643,-0.833226652200046,1.57601680199744,"Cuneiform (Uruk III)"
"Cuneiform (Uruk III)","URU~a1 _ N01 _ NAM2 _ ERIN _ N01 _ GAL~a",11,-0.671269511677629,-0.721141766579875,0.146012328564438,-0.346584499617538,"Cuneiform (Uruk III)"
"Cuneiform (Uruk III)","NAM2 _ DI _ N01 _ NAM2 _ NAM2 _ N01 _ NAM2 _ URU~a1 _ N01 _ NAM2 _ ERIN _ EN~a _ IB~a _ N01 _ GAL~a _ SZITA~a1 _ N01 _ ABGAL _ N01 _ KINGAL _ N01 _ GAL~a _ N34",45,-0.318784073538849,0.14909670546217,-0.887344980412345,-0.346584499617538,"Cuneiform (Uruk III)"
"Cuneiform (Uruk III)","IDIGNA _ ISZ~b _ N01 _ N01 _ TUR _ SIG2~a1 _ N01 _ GI _ N01",17,-0.688454868871945,-0.492354949692027,-0.392443888479971,-0.346584499617538,"Cuneiform (Uruk III)"
"Cuneiform (Uruk III)","EN~a _ IB~a _ GAL~a _ SZITA~a1 _ ABGAL _ N01 _ KINGAL _ N01 _ GAL~a _ TE _ GAL~a _ SUKKAL _ N01 _ N01",27,-0.390978989947672,-0.142509180135083,-0.559165887535205,-0.346584499617538,"Cuneiform (Uruk III)"
"Cuneiform (Uruk III)","MUSZEN _ MUSZEN _ MUSZEN _ MUSZ _ MUSZEN _ NI2 _ MUSZEN _ N01 _ SZA _ MUSZEN _ N01 _ ZI~a _ BA _ MUSZEN _ N01 _ DU _ IR~a _ MUSZEN _ N01 _ UR5~b _ N01 _ UR5~b _ MUSZEN _ N01 _ NAGA~a _ U2~b _ MUSZEN _ N01 _ NAGA~a _ U2~b _ UR5~b _ MUSZEN _ N01",65,-0.420482320172995,-0.191159722230275,-1.24535853627832,-0.346584499617538,"Cuneiform (Uruk III)"
"Cuneiform (Uruk III)","SZE~a _ SZE~a@t _ A _ |SZE~a&SZE~a| _ N01 _ N01",11,-0.671269511677629,-0.643521316787919,0.146012328564438,-0.346584499617538,"Cuneiform (Uruk III)"
"Cuneiform (Uruk III)","N01 _ N01 _ SZELU _ N01 _ GISZIMMAR~b1 _ N01 _ GISZIMMAR~b1 _ ME~a",15,-0.965108897657097,-0.985448789216015,-0.70833820247936,-0.346584499617538,"Cuneiform (Uruk III)"
"Cuneiform (Uruk III)","N01 _ GAL~a _ IM~a _ N01 _ TUR _ IM~a _ GAL~a _ SZA _ GAL~a _ ERIN _ N01 _ GAL~a _ SANGA~a _ N01 _ DUB~a _ N01 _ SUG5 _ N01 _ UB _ N01 _ AN _ N01 _ N01 _ N01 _ AN",49,-0.445930124811991,-0.0199081176357015,-1.06452515857051,-0.346584499617538,"Cuneiform (Uruk III)"
"Cuneiform (Uruk III)","N01 _ KISIM~b _ N01 _ NI~b _ HI _ NI~b _ NI~b _ N01 _ |DUG~bxKASKAL| _ N01 _ KASZ~b _ N01 _ |DUG~bxX| _ N01",27,-0.670807048331585,-0.364837357176181,-0.857510517423515,-0.346584499617538,"Cuneiform (Uruk III)"
"Cuneiform (Uruk III)","N01 _ N01 _ E2~b _ N01 _ N01 _ PAP~a _ |SILA3~bxNI~b| _ N01 _ N01 _ N01 _ N01 _ AN _ NU11",25,-0.931959679484965,-0.681626469691512,-0.923146335998942,-0.346584499617538,"Cuneiform (Uruk III)"
"Cuneiform (Uruk III)","NI~b _ IR~a _ IR~a _ IR~a _ NI~b _ N01 _ |DUG~bxSZE~a| _ N01 _ |DUG~bxBALA~a| _ N01 _ |DUG~bxKASKAL| _ N01 _ KASZ~b _ N01 _ |DUG~bxGESZTU~a| _ N01 _ |DUG~bxX| _ N01 _ |DUG~bx(SA~a.GI)| _ N01 _ |DUG~bxNAGA~a| _ N01 _ |DUG~bxX| _ N01 _ N01 _ |DUG~bxSA~a| _ N01 _ |DUG~bxSIG7| _ N01 _ |DUG~bxSIG2~a2| _ N01 _ |DUG~bxTI| _ N01 _ |DUG~bxMASZ| _ N01 _ |DUG~bxX| _ N01 _ |DUG~bxX|",75,-0.355960495921586,0.300709507736269,-1.13795446951852,-0.346584499617538,"Cuneiform (Uruk III)"
"Cuneiform (Uruk III)","|DUG~bxTI| _ N01 _ |DUG~bxMASZ| _ N01 _ |DUG~bxX| _ |DUG~bxX| _ N01 _ |DUG~bxGI6| _ N01 _ |DUG~bxU2~a| _ |DUG~bxKUR@g~a| _ N01 _ |DUG~bxSZAH2~a| _ N01 _ |DUG~bxANSZE~b| _ N01 _ |DUG~bxHI| _ N01 _ |DUG~bxDIN| _ N01 _ SZU2 _ |DUG~bxDIN| _ N01 _ |DUG~bxDIN| _ N01 _ GAN~b _ N01 _ U2~a _ N01 _ U2~a _ PU2 _ N01 _ U2~a _ PU2 _ N01 _ U2~a _ PU2 _ N01 _ U2~a _ PU2 _ N01 _ GA'AR~a1 _ N01 _ GA'AR~a1",87,-0.319112082982479,-0.140233119638421,-1.26387647882311,-0.346584499617538,"Cuneiform (Uruk III)"
"Cuneiform (Uruk III)","|DUG~bxX| _ KASZ~b _ |DUG~bxGESZTU~a| _ |DUG~bxX| _ |DUG~bxX| _ N01 _ |DUG~bxZATU764| _ N01 _ N01 _ |DUG~bxMASZ| _ N01 _ |DUG~bxX| _ N01 _ N01 _ N01",29,-0.827958292875234,-0.763951587486732,-1.07869705337519,-0.346584499617538,"Cuneiform (Uruk III)"
"Cuneiform (Uruk III)","NAM2 _ DI _ NAM2 _ NAM2 _ NAM2 _ URU~a1 _ N01 _ GAL~a _ N01 _ NAM2 _ APIN~a _ N01 _ |SZE~a.NAM2| _ N01 _ PA~a _ NAM2 _ RAD~a _ N01 _ N01 _ EN~a _ N01 _ GAL~a _ SZITA~a1 _ N01 _ ABGAL _ N01 _ KINGAL _ N01 _ GAL~a _ TE _ N01 _ GAL~a _ SUKKAL _ SUKKAL _ N01 _ GAL~a _ GA~a _ N01 _ SIG2~b _ GA~a _ N01 _ GAL~a _ KISAL~b1 _ N01 _ GAL~a _ UMUN2 _ N01 _ ERIN _ N01 _ N01 _ N01 _ GAL~a _ N01 _ N01 _ GAL~a _ N01 _ GAL~a _ N01 _ GAL~a _ N01 _ SANGA~a _ N01 _ SANGA~a _ SANGA~a _ |ZATU737xSAL| _ N01 _ GAL~a _ ISZ~b _ N01 _ GAL~a _ N01 _ GAL~a _ SANGA~a _ N01 _ DUB~a _ SANGA~a",151,-0.23830670388173,0.289558619823685,-1.38405915229262,-0.346584499617538,"Cuneiform (Uruk III)"
"Cuneiform (Uruk III)","SUHUR _ SUHUR _ N01 _ HI _ SUHUR _ N01 _ PAP~a _ SUKUD _ N01 _ NUN~a _ SUKUD _ N01 _ N01 _ N01 _ N01 _ N57 _ N01 _ N57 _ N01 _ N02 _ KU6~a _ N01 _ DUR2 _ N34 _ N14 _ N01 N01 N01 N01 N01 N01",56,-0.457158909097109,0.113656846568597,-1.1158982772375,0.265152278169045,"Cuneiform (Uruk III)"
"Cuneiform (Uruk III)","N01 _ GISZ _ N01 _ |SZE~a.KIN2~c| _ GISZ _ N01 _ GISZ _ DUB~b _ N01 _ GISZ _ A _ N01 _ NUN~a _ GISZ _ GISZ _ KUR~a _ N01 _ GISZ _ KUR@g~a _ N01 _ GISZ _ GISZ _ N01 _ GISZ _ DIN _ N01 _ GISZ _ MA _ N01 _ GISZ _ HASZHUR _ N01 _ BU~a _ GI _ N01 _ GISZ _ ERIM~a _ N01 _ GISZ _ U4 _ N01 _ GISZ _ GI6 _ MES _ N01 _ GISZ _ U4 _ MES _ N01 _ EN~a _ A _ MES _ GISZ _ N01 _ GISZ _ SZE3 _ N01 _ N01 _ KISZIK~a _ AB~a _ U2~b _ N01 _ GAL~a _ SZA _ N01 _ SZU _ SZA _ GISZ _ N01 _ GUM~b _ N01 _ GISZ _ N01 _ SUHUR _ N01 _ N01 _ GISZ _ SANGA~a _ N01 _ N57 N57 N57 N57 N57 _ SANGA~a _ N01 _ N01 _ URUDU@g~c _ N01 _ AL _ N34 _ N01 N01 N01 _ GISZ",183,-0.0591337841074335,0.820357426030026,-1.32459104454374,-0.124745887892733,"Cuneiform (Uruk III)"
"Cuneiform (Uruk III)","N01 _ SUKUD _ LU2",5,-0.973355521164732,-1.2483180127695,1.171232965817,-0.346584499617538,"Cuneiform (Uruk III)"
"Cuneiform (Uruk III)","NAM2 _ APIN~c _ N01 _ |SZE~a.NAM2| _ RAD~a _ N01 _ GAL~a _ SUKKAL _ N01 _ GADA~a _ SUKKAL _ N01 _ GAL~a _ GA~a _ N01 _ GA~a _ N01 _ GAL~a _ KISAL~b1 _ N01 _ GAL~a _ N01 _ GAL~a _ SZAB~a _ N01 _ BU~a _ SZAB~a _ N01 _ GAL~a _ N01 _ GAL~a _ TUR3~a _ N01 _ GAL~a _ DU _ DUG~b _ SIG2~a1",73,-0.25092036455595,0.0423913990525339,-1.11294256356077,-0.346584499617538,"Cuneiform (Uruk III)"
"Cuneiform (Uruk III)","N01 _ ANSZE~b _ N01 _ BALAG _ N01 _ N01 _ N01 _ PAP~a _ DA~a",17,-0.902075465641441,-0.711924008255574,-0.629364623979513,-0.346584499617538,"Cuneiform (Uruk III)"
"Cuneiform (Uruk III)","N01 _ TAK4~a _ |GIR~b.GIR~b| _ N01 _ TUM~a _ ANSZE~b _ N01 _ ANSZE~b",15,-0.747454926376898,-0.702858811331502,-0.439828035579879,-0.346584499617538,"Cuneiform (Uruk III)"
"Cuneiform (Uruk III)","N01 _ N01 _ GA~a _ N01 _ PAP~a _ N01 _ N57 N57 N57 _ ZATU751~b _ N01 _ |SILA3~cxZATU687| _ N01 _ PAP~a _ N01 _ N01",29,-0.755318337685947,-0.610291913064671,-1.07869705337519,0.134065825786206,"Cuneiform (Uruk III)"
"Cuneiform (Uruk III)","N01 _ EN~a _ N01 _ SIG2~b",7,-1.05339551581356,-1.20853812008244,0.250626679304495,-0.346584499617538,"Cuneiform (Uruk III)"
"Cuneiform (Uruk III)","N01 _ DUG~b _ N01 _ GISZIMMAR~b1 _ N01",9,-1.14359541915761,-1.18102680025128,-0.260821257646895,-0.346584499617538,"Cuneiform (Uruk III)"
"Cuneiform (Uruk III)","N01 _ BANSZUR~c _ N01 _ ZATU786 _ BANSZUR~c _ A _ N01 _ AL _ N01 _ AL _ N01 _ AL _ N06 _ N01 _ AL _ SZU",31,-0.652478307970641,-0.624928911928571,-1.01149484252716,-0.346584499617538,"Cuneiform (Uruk III)"
"Cuneiform (Uruk III)","GISZ _ DIN _ N01 _ GISZ _ MA _ HASZHUR _ A _ N01 _ A _ MES _ N01 _ EN~a _ A _ MES _ N01 _ GISZ _ SZE3 _ A _ N01 _ N01 _ N01 _ GISZ _ TUR",45,-0.416939806375415,-0.365460256409092,-1.06635175834533,-0.346584499617538,"Cuneiform (Uruk III)"
"Cuneiform (Uruk III)","N01 _ BA _ SUHUR _ N01 _ SUHUR",9,-1.05920992002868,-1.23396828526672,-0.260821257646895,-0.346584499617538,"Cuneiform (Uruk III)"
"Cuneiform (Uruk III)","N01 _ GESZTU~a _ N01 _ AN _ NAGA~a _ N01 _ GISZ _ ALIM _ NUN~a",17,-0.496407247154123,-0.172661716821894,-0.155523152980429,-0.346584499617538,"Cuneiform (Uruk III)"
"Cuneiform (Uruk III)","NAMESZDA _ NAM2 _ KAB _ N01 _ GAL~a _ SZITA~a1 _ N01 _ ABGAL _ N01 _ GAL~a _ N01 _ GAL~a _ N01 _ GAL~a _ SZAB~a _ U2~b",31,-0.46099614790722,-0.413603939233924,-0.75164629391476,-0.346584499617538,"Cuneiform (Uruk III)"
"Cuneiform (Uruk III)","SZAKIR~b _ N01 _ AN _ TAK4~a _ NAGAR~a _ N01 _ TAK4~a _ NAGAR~a _ N01 _ TAK4~a _ NAGAR~a _ BUR~a _ NAGAR~a _ NAGAR~a _ NAGAR~a _ PU2 _ NAGAR~a _ N01 _ N01 _ N01 _ N01 _ NAGA~a _ SILA3~a _ N01 _ SILA3~a _ N01 _ ZATU707~a _ N01 _ SAG@n _ N01 _ N34 _ N14 N14 N14 N14 _ N01 _ SANGA~a _ PIRIG~a1",72,-0.198456572116495,0.215156787767525,-1.15585514731183,-0.0622561381110976,"Cuneiform (Uruk III)"
"Cuneiform (Uruk III)","N01 _ MUSZEN _ NAGA~a _ N01 _ ERIM2 _ N01 _ I _ NUN~a _ N01 _ GIBIL6 _ N01 _ PAD~a _ N01 _ E2~b _ AN _ N01 _ E2~a _ NINLIL _ N01 _ SAL _ |GA2~bxDUB~a| _ URI3~a _ PAP~a _ N01",47,-0.156431033693345,0.745173522190997,-0.59407855699022,-0.346584499617538,"Cuneiform (Uruk III)"
"Cuneiform (Uruk III)","SU~a _ HAL _ N01 _ AN _ KI _ N01",11,-0.671269511677629,-0.643521316787919,0.146012328564438,-0.346584499617538,"Cuneiform (Uruk III)"
"Cuneiform (Uruk III)","DI _ NAM2 _ |BU~a+DU6~a| _ N01 _ RI8~b _ KAK~a _ N01 _ DI _ E2~b _ N01 _ KU3~a _ E2~b _ N01 _ KU3~c _ E2~b _ N01",31,-0.420587436987176,-0.23453738137005,-0.75164629391476,-0.346584499617538,"Cuneiform (Uruk III)"
"Cuneiform (Uruk III)","E2~a _ NA2~a _ N01 _ N01 _ MU _ N01 _ U2~b _ A _ N01 _ BU~a _ A",21,-0.558524454630283,-0.323930548340255,-0.516545226122588,-0.346584499617538,"Cuneiform (Uruk III)"
"Cuneiform (Uruk III)","MES _ MES _ MES _ MES _ LI _ N01 _ ERIM~a _ GISZ _ N01 _ U4 _ GISZ _ N01 _ GISZ _ HI@g~b _ N01 _ HI@g~b _ GISZ _ GISZ _ N01 _ NIMGIR _ N01 _ GISZ _ PU2 _ N01 _ GISZ _ PU2 _ N01 _ GURUSZ~a _ N01",57,-0.47670861468428,-0.277205596602151,-1.273622764373,-0.346584499617538,"Cuneiform (Uruk III)"
"Cuneiform (Uruk III)","AD~b _ N01 _ AD~b _ GISZ _ A _ N01 _ GUM~b _ N01 _ GUM~b@n _ N01 _ GUM~b _ N01 _ N01 _ MAR~a _ SZE~a _ N01 _ GAL~a _ N01 _ N01 _ N01 _ GISZ _ N01 _ GISZ _ U4 _ N01 _ GISZ _ SAG _ DU _ N01 _ GISZ _ N01 _ BALA~a _ BALA~a",65,-0.422091630547038,-0.0623639014090245,-1.18339465160921,-0.346584499617538,"Cuneiform (Uruk III)"
"Cuneiform (Uruk III)","SZEN~a _ URI _ MUD3~a _ N01 _ AN _ USZ~a _ BAR _ N01 _ NAGAR~a _ N01 _ AN _ NAGAR~a _ N01 _ NAGAR~a",27,-0.465502676269212,-0.512495870373855,-0.70833820247936,-0.346584499617538,"Cuneiform (Uruk III)"
"Cuneiform (Uruk III)","N01 _ GIR2~a _ N01 _ GIR2~a _ N01 _ GIR2~a _ KU6~a _ N01 _ GIR2~a _ SZA3~a1 _ N01 _ GIR2~a _ AN _ SZA3~a1 _ GIR2~a",29,-0.878883845330916,-0.860483017822252,-1.21758162246113,-0.346584499617538,"Cuneiform (Uruk III)"
"Cuneiform (Uruk III)","N01 _ MUD3~c _ SZE~b _ N01 _ AN _ TE _ PAP~a _ N01 _ |(DUBxDISZ)~c| _ TI _ N01 _ N01 _ ZI~a _ N01 _ AN _ U4 _ KI _ N01 _ AN _ N01 _ N01 _ BA",43,-0.384603541783418,0.0178226338887864,-0.833226652200046,-0.346584499617538,"Cuneiform (Uruk III)"
"Cuneiform (Uruk III)","N01 _ GISZ _ N01 _ GISZ _ DUR2 _ DARA3~c _ N01 _ N01 _ N01",17,-1.02043661450507,-0.979904109328198,-0.866285359479051,-0.346584499617538,"Cuneiform (Uruk III)"
"Cuneiform (Uruk III)","N01 _ ZATU753 _ N01 _ SANGA~a _ N01 _ EN~a _ AN _ N01 _ EN~a _ SAG _ N01 _ NAMESZDA _ N01 _ NAM2 _ URU~a1 _ N01 _ AN _ N01 _ MEN~a _ SZA3~a1 _ AN _ N01 _ EN~a _ N01 _ N01",49,-0.494062183147879,-0.12518108445038,-1.06452515857051,-0.346584499617538,"Cuneiform (Uruk III)"
"Cuneiform (Uruk III)","N01 _ GAL~a _ TE _ N01 _ GAL~a _ SUKKAL",11,-0.854191287194144,-1.02174990740081,-0.220137899025758,-0.346584499617538,"Cuneiform (Uruk III)"
"Cuneiform (Uruk III)","N01 _ N01 _ DUG~b _ N01 _ DUG~c _ N01 _ |DUG~cx1(N57)| _ N01 _ SZAKIR~c _ N01 _ MUD3~a _ N01 _ N57 N57 N57 N57 _ N01 _ E2~a _ N01 _ N01 _ N01",38,-0.686165975386922,-0.222385024254073,-1.09697133878124,0.199018572462388,"Cuneiform (Uruk III)"
"Cuneiform (Uruk III)","GU _ KU6~a _ N01 _ GU _ AN _ KU6~a _ GAL~a _ TUN3~a _ NAGAR~b _ N01 _ NAGAR~b",21,-0.46270828650259,-0.304203429530714,-0.516545226122588,-0.346584499617538,"Cuneiform (Uruk III)"
"Cuneiform (Uruk III)","GAL~a _ KAK~a _ SZAB~a",5,-0.973355521164732,-1.2483180127695,1.171232965817,-0.346584499617538,"Cuneiform (Uruk III)"
"Cuneiform (Uruk III)","N01 _ N01 _ UR3~a2 _ GU4 _ GU4 _ GU4 _ N01",13,-1.12031127325111,-1.17157043751864,-0.811611343594542,-0.346584499617538,"Cuneiform (Uruk III)"
"Cuneiform (Uruk III)","N01 _ N01 _ N01 _ NERGAL~v _ N01 _ NANSZE~b _ N01 _ U4 _ USZUR3~b2 _ N01 _ |ZATU737xNI~a@g| _ N01",23,-0.880082069397034,-0.376959938946375,-0.825081753305218,-0.346584499617538,"Cuneiform (Uruk III)"
"Cuneiform (Uruk III)","N01 _ SUHUR _ N58 N58 N58 N58 _ N01 _ SUHUR@g _ N01 _ SUHUR _ N01 _ SUHUR _ N01 _ |(SUKUD+SUKUD)~a| _ N01 _ SUHUR _ N01 _ NE~a _ N01 _ SZAH2~a _ N01 _ GISZ3~b _ N01",42,-0.594248118948459,-0.395046291903409,-1.18782064337129,0.14578900445459,"Cuneiform (Uruk III)"
"Cuneiform (Uruk III)","|DUG~bxANSZE~b| _ N01 _ |DUG~bxX| _ |DUG~bxDIN| _ N01 _ N01 _ N01",13,-1.00346981291875,-1.08021310443138,-0.501791920248988,-0.346584499617538,"Cuneiform (Uruk III)"
"Cuneiform (Uruk III)","N01 _ N01 _ ZATU753 _ N01 _ SANGA~a _ N01 _ GAL~a _ SANGA~a _ N01 _ UB _ N01 _ GA~a",23,-0.786399064011533,-0.555922575336471,-0.825081753305218,-0.346584499617538,"Cuneiform (Uruk III)"
"Cuneiform (Uruk III)","N01 _ N01",3,-1.98307959430935,-2.10799037092486,0.63421263201804,-0.346584499617538,"Cuneiform (Uruk III)"
"Cuneiform (Uruk III)","N01 _ NI~a _ N01 _ DUG~b _ N01 _ DUG~c _ N01 _ N01 _ SZAKIR~c _ N01 _ MUD3~a _ N01 _ LAHTAN2 _ N01 _ KISIM~b _ N01 _ NI~b _ N01 _ HI _ NI~b _ N01 _ N58 _ NI~b _ N01 _ IR~a _ N01 _ N01 _ GAN~a _ N01 _ N57 N57 N57 _ GAN~a _ N01 _ E2~a _ GAN~a _ N01 _ |DUG~bxSZE~a| _ N01 _ |DUG~bxBALA~a| _ N01 _ |DUG~bxKASKAL| _ N01 _ KASZ~b _ N01 _ N01 _ |DUG~bxX| _ N01 _ |DUG~bx(SA~a.GI)| _ N01 _ |DUG~bxNAGA~a| _ N01 _ |DUG~bxX| _ N01 _ |DUG~bxTI| _ N01 _ |DUG~bxMASZ| _ N01 _ |DUG~bxSI4~a| _ N01 _ N01 _ |DUG~bxGI6| _ N01 _ |DUG~bxX| _ N01 _ |DUG~bxX| _ N01 _ |DUG~bxKUR~a| _ N01 _ |DUG~bxGISZ| _ N01 _ N01 _ |DUG~bxX| _ N01 _ N01 _ GAN~b _ GI _ N01 _ BAPPIR~b _ N01 _ |DUG~bxSIG7| _ U4 _ N01 _ |DUG~bxSIG7| _ GI _ N01 _ |DUG~bxSIG7| _ NIM~a _ N01 _ AGAR2 _ N01 _ U2~b _ N01 _ U2~b _ N01 _ N34",189,-0.0728719880151629,0.953131364518587,-1.24109647013706,-0.274998280940385,"Cuneiform (Uruk III)"
"Cuneiform (Uruk III)","N01 _ N01 _ BA _ AN _ N01 _ N01 _ MA _ N01 _ U4 _ BALA~a _ N01 _ UB _ N01 _ SANGA~a _ NUN~a _ N01 _ SZEN~a _ A _ N01 _ NUN~a _ A _ N01 _ N01 _ KI _ MA _ N01 _ |SZE~a.NAM2| _ NUN~a _ N01 _ BA _ SZU _ NUN~a _ N01 _ ZATU647 _ N01 _ DA~a _ NE~a _ N01 _ KI _ AL _ SU~a _ N01 _ SUG _ MASZ _ N01 _ N01 _ N01 _ LAL2~a _ N01 _ PA~a _ SUG5 _ SZUBUR _ N01 _ A _ A _ EN~a _ TI _ N01 _ NI2 _ N01 _ EN~a _ BA _ ISZ~b _ N01 _ N01 _ N01 _ N01 _ GAL~a _ KI _ N01 _ KAK~a _ NA~b _ KI _ N01 _ UNUG~a _ N01 _ KI _ ZATU694~c _ BA _ N01 _ LAL2~a _ N01 _ GAL~a _ TUR3~a _ N01 _ N01 _ NUN~a _ N14 N14 N14 N14 _ N01 N01 N01 _ URU~a1 _ BA",186,0.120815490168038,1.04163326171054,-1.22803529970416,-0.16471680892423,"Cuneiform (Uruk III)"
"Cuneiform (Uruk III)","N01 N01 _ N39~a _ N01 N01 _ N24 _ N01 N01 _ N26 _ N01 N01 N01 N01 _ N58 N58 _ N01 N01 _ DU6~b _ N01 _ U4 _ N01 _ |LAGAB~axSZITA~a1| _ N01 N01 _ ZATU726~c _ N01 N01 _ DU8~c _ N01 N01 N01 N01 N01 _ ZATU681 _ DUG~a _ GAL~a _ SANGA~a _ NUN~a _ N01 _ N39~a N39~a N39~a N39~a _ N24 _ N30~a _ DUG~a _ GAL~a _ SANGA~a _ NUN~a",80,-0.158801524757199,0.355465247755232,-1.19501287998467,1.10145065792792,"Cuneiform (Uruk III)"
"Cuneiform (Uruk III)","N01 N01 N01 N01 N01 N01 N01 N01 N01 _ UDU~a _ N14 _ SZITA~b1 _ N14 _ BA _ N57 _ KU3~a _ N34 _ N14 N14 _ TA~c _ N24 _ N39~a N39~a _ N28 _ HI@g~a _ N42~a N42~a N42~a N42~a _ N25 _ N24 _ N28 _ HI@g~a _ GESZTU~b _ NAM2 _ KAB _ NUN~a _ AN _ MUSZ3~a _ U4",66,0.510475433802365,1.32035662403998,-0.647313164547657,0.999236411512945,"TeDDi"
"Cuneiform (Uruk III)","N34 N34 _ N01 N01 N01 _ SZITA~b1 _ N34 N34 _ N01 N01 N01 N01 _ SZITA~a1 _ DU _ N34 N34 _ N01 N01 N01 N01 _ SZITA@g~a _ N34 N34 _ N01 N01 N01 N01 _ |3(N57).PIRIG~b1| _ N34@f N34@f N34@f N34@f N34@f N34@f N34@f _ N01@f",50,-0.358876430424253,-0.375362237860836,-1.24535853627832,2.53731745280493,"Cuneiform (Uruk III)"
"Cuneiform (Uruk III)","UDU~a _ N14 _ SZITA~b1 _ N14 _ N57 _ BA _ SZITA~a1 _ N01 N01 N01 N01 N01 N01 N01 N01 _ KU3~a _ |(SZAxHI@g~a)~b| _ N39~a _ AMA~a _ PAP~a _ SZE~a _ 1(N58)@t _ GESZTU~b",38,0.132913999967352,0.796791013526942,-0.355035351295835,0.92648933523562,"TeDDi"
"Cuneiform (Uruk III)","N01 _ GAL~a _ KASZ~a _ ERIN _ NAM2 _ N01 _ U2~b _ SAG _ N01 N01 _ N01 _ SILA3~a _ PAP~a _ N01 _ MUSZEN _ ZATU659",30,-0.27795570255117,0.291416684356548,-0.439828035579879,-0.114546411491592,"Cuneiform (Uruk III)"
"Cuneiform (Uruk III)","EN~a _ DU _ I",5,-0.973355521164732,-1.2483180127695,1.171232965817,-0.346584499617538,"Cuneiform (Uruk III)"
"Cuneiform (Uruk III)","N01 N01 _ APIN~a _ SZAM2 _ N14 N14 _ |KA2xLAM| _ N01 N01 _ KINGAL",16,-0.486708541757965,-0.330131483317335,-0.288791066698922,0.999236411512945,"Cuneiform (Uruk III)"
"Cuneiform (Uruk III)","GESZTU~b _ |ESZDAxTAR|",3,-1.31236641741546,-1.71905821160227,1.97676346651544,-0.346584499617538,"Cuneiform (Uruk III)"
"Cuneiform (Uruk III)","N34 N34 _ N01 N01 N01 N01 N01 N01 _ ZATU647 _ AMA~a",13,-0.907110579186344,-0.72170031551092,-0.501791920248988,3.01796777820867,"Cuneiform (Uruk III)"
"Cuneiform (Uruk III)","N01 N01 N01 N01 N01 N01",6,-2.90694926859002,-2.10558172827625,-1.37961361972806,6.38252005603487,"Cuneiform (Uruk III)"
"Cuneiform (Uruk III)","N34 N34 _ N01 _ N14 _ N34 N34",9,-1.14359541915761,-1.05411301656112,-0.260821257646895,1.33569163929557,"Cuneiform (Uruk III)"
"Cuneiform (Uruk III)","N34 N34 N34",3,-2.90694926859002,-2.35337924236227,-0.70833820247936,6.38252005603487,"Cuneiform (Uruk III)"
"Cuneiform (Uruk III)","N01 _ ZATU662 _ N01",5,-1.37578342730107,-1.59018320162743,0.365702465118559,-0.346584499617538,"Cuneiform (Uruk III)"
"Cuneiform (Uruk III)","N47 N47 _ N20 N20 N20 N20 N20 N20 _ N05 N05 N05 N05 _ N47 N47 _ N20 N20 N20 N20 N20 N20 _ N42~a _ N25 _ N42~a N42~a N42~a _ BA _ N47 N47 _ U4 _ KI _ N20 N20 N20 N20 N20 N20 _ N05 N05 N05 N05 _ U4 _ KI _ N01 _ N39~a _ N24 _ N28",65,-0.0562914494610129,-0.0633883555061436,-1.24535853627832,2.38711422611626,"Cuneiform (Uruk III)"
"Cuneiform (Uruk III)","N51 N51 _ N34 _ N14 _ N01 N01 N01 N01 N01 N01 _ GAR _ GUM~b _ N14 N14 N14 N14 _ N01 N01 _ DUG~a _ KASZ~a _ N14 _ DUG~a _ N14 N14 N14 _ DUG~a _ N01 _ N08 _ DUG~a _ N54 _ N51 N51 N51 N51 N51 _ N34 _ N14 _ N01 _ KASZ~a _ N51 N51 N51 N51 N51 _ N34 _ N14 N14 _ N01 N01 _ GAR _ N34 N34 N34 N34 _ N14 N14 N14 N14 _ N01 N01 _ DUG~a _ KASZ~a _ N34 N34 _ DUG~a _ N34 N34 _ N14 N14 N14 N14 _ N01 N01 _ KASZ~a _ N48 _ N34 N34 N34 N34 N34 _ SZITA~a1 _ N34 N34 N34 N34 N34 N34 N34 _ N14",132,-0.104277284312615,-0.476111620963368,-1.65422629042071,1.96493996606459,"Cuneiform (Uruk III)"
"Cuneiform (Uruk III)","N01 N01 N01 _ |NINDA2xEZEN~b| _ N01 N01 N01 _ GI _ N01 N01 N01 N01 N01 N01 N01",19,-1.60409387765349,-1.16651185215648,-1.20296219413629,3.39180692018936,"Cuneiform (Uruk III)"
"Cuneiform (Uruk III)","N14 _ N01 N01 _ GUM~b",6,-0.977009828968514,-1.18878168278324,0.63421263201804,0.999236411512945,"Cuneiform (Uruk III)"
"Cuneiform (Uruk III)","N01 N01 _ |ZATU737xAB~a| _ N14 N14 N14 _ N01 N01 N01 N01 N01 _ N51 _ N34",18,-0.724748310620748,-0.522662748446679,-0.70833820247936,2.42422325859228,"Cuneiform (Uruk III)"
"Cuneiform (Uruk III)","N14 N14 N14",3,-2.90694926859002,-2.35337924236227,-0.70833820247936,6.38252005603487,"Cuneiform (Uruk III)"
"Cuneiform (Uruk III)","N51 N51 N51 N51 _ N01 N01 N01 N01 N01",10,-1.53772448874104,-1.21258251038406,-0.842593285929099,4.88716348811212,"Cuneiform (Uruk III)"
"Cuneiform (Uruk III)","SZITA~a1 _ N01 N01 N01 _ ZATU753 _ N01 N01 N01 N01 _ SANGA~a _ N01 N01 N01 _ SZU _ N01 N01 _ N01 _ N01 N01 _ N14",30,-1.04960772384857,-0.691197234337317,-1.11110345282858,1.74175829351597,"Cuneiform (Uruk III)"
"Cuneiform (Uruk III)","IB~a _ AN _ AB~b _ ME~a",7,-0.76594701143047,-0.882952225932004,0.826005608374809,-0.346584499617538,"Cuneiform (Uruk III)"
"Cuneiform (Uruk III)","NI~a _ DUG~b",3,-1.31236641741546,-1.71905821160227,1.97676346651544,-0.346584499617538,"Cuneiform (Uruk III)"
"Cuneiform (Uruk III)","N01 _ NAM2 _ N01 _ NAM2",7,-1.34084402019666,-1.63509378526609,-0.324752249765815,-0.346584499617538,"Cuneiform (Uruk III)"
"Cuneiform (Uruk III)","N14 _ SUHUR _ N14",5,-1.37578342730107,-1.59018320162743,0.365702465118559,-0.346584499617538,"Cuneiform (Uruk III)"
"Cuneiform (Uruk III)","N01 _ SZUBUR _ N01 _ SZUBUR _ N01 _ N01 _ SZUBUR",13,-1.37145047088211,-1.68424319531433,-1.1214307669401,-0.346584499617538,"Cuneiform (Uruk III)"
"Cuneiform (Uruk III)","N14 N14 N14 _ N01 N01 N01 N01 N01 N01 N01",11,-1.65874815792076,-1.35177984798966,-0.952438354206157,5.03669914490439,"Cuneiform (Uruk III)"
"Cuneiform (Uruk III)","N01 N01",2,-2.90694926859002,-2.61961696596615,-0.03706278523066,6.38252005603487,"Cuneiform (Uruk III)"
"Cuneiform (Uruk III)","N34 _ N34 N34",4,-2.09074687628927,-1.95983453931809,-0.03706278523066,1.8964503522666,"Cuneiform (Uruk III)"
"Cuneiform (Uruk III)","N34 _ N01 N01",4,-1.39784462057877,-1.66813541982615,0.969850340642388,1.8964503522666,"Cuneiform (Uruk III)"
"Cuneiform (Uruk III)","EN~a _ N01 N01 N01 N01 N01 _ SZUBUR _ MUSZ3~a _ N14 _ IB~a _ MUSZEN _ N01 N01 N01 N01 N01 _ U2~a _ N14 N14 N14 _ ZAG~a _ N14 N14 _ N01 N01 _ EN~a _ N14 N14 N14 _ ZAG~a _ N34 N34 _ N14 N14 N14 _ N01 N01 N01 N01",57,-0.358300429456751,-0.284742067362658,-1.273622764373,2.05666712740118,"Cuneiform (Uruk III)"
"Cuneiform (Uruk III)","N01 _ NI~a _ KU6~a _ N01 N01 _ UNUG~a _ N01 _ UH3~b _ N01 _ MAR~a _ GAR _ N01 _ SZA3~a1 _ N01 _ UKKIN~a _ NESAG2~a _ N14 _ N01 N01",35,-0.406274316021328,0.258317735445306,-0.669979607208004,0.0492451801267217,"Cuneiform (Uruk III)"
"Cuneiform (Uruk III)","N01 N01 N01 N01 N01",5,-2.90694926859002,-2.14671780052292,-1.24535853627832,6.38252005603487,"Cuneiform (Uruk III)"
"Cuneiform (Uruk III)","N01 N01 N01 N01 N01 N01 N01 N01 _ N01 N01 _ N34 _ N14 N14 _ AB2 _ SZE3 _ N34 N34 _ N14 _ N34 N34 _ N34 _ N14 N14 N14 N14 _ N01 N01 N01 _ N34 N34 N34 N34 N34 N34 N34 N34 N34 _ N14 _ AB2 _ N48 N48 _ N34 N34 N34 N34 N34 N34 N34 _ N14 N14 N14 N14 _ N48 N48 N48 _ N34 _ N14 N14 N14 N14 N14 _ N48",83,-0.510014449357762,-0.742970903303938,-1.71120750053766,2.93590552752998,"Cuneiform (Uruk III)"
"Cuneiform (Uruk III)","N01 _ U4 _ UNUG~a _ SANGA~a",7,-0.76594701143047,-0.882952225932004,0.826005608374809,-0.346584499617538,"Cuneiform (Uruk III)"
"Cuneiform (Uruk III)","SILA3~a _ SILA3~a _ EN~a _ TUR _ MUSZEN",9,-0.835638861064054,-0.759567667805685,0.186695687185575,-0.346584499617538,"Cuneiform (Uruk III)"
"Cuneiform (Uruk III)","N01 _ ZATU710 _ N57 _ BU~a _ ZATU801 _ N01 _ N57 N57 N57 _ |SZE~a&SZE~a| _ N01 _ N57 _ EN~a _ SZU _ N01 _ N57 N57 _ U4 _ ZATU801 _ N01 _ N57 N57 N57 _ U4 _ N01 _ N57 N57 N57 N57 _ U4 _ ZATU801 _ N01 _ N57 N57 N57 _ ZATU801",61,-0.535505402730741,-0.7986785206717,-1.39061813476492,0.774932926324533,"Cuneiform (Uruk III)"
"Cuneiform (Uruk III)","ZATU777 _ KU3~a _ NUNUZ~a2 _ URU~a1",7,-0.76594701143047,-0.882952225932004,0.826005608374809,-0.346584499617538,"Cuneiform (Uruk III)"
"Cuneiform (Uruk III)","SUM~a _ N01 N01 _ TAG~a3 _ SUM~a",8,-0.989743424428384,-1.10411372898291,-0.03706278523066,0.614716151189951,"Cuneiform (Uruk III)"
"Cuneiform (Uruk III)","N01 N01 _ AB2 _ NE~a _ N01 _ U4 _ AB2 _ N01 N01 _ SZU _ AB2 _ N01 N01 _ GI6 _ AB2 _ N01 _ KUR~a _ AM~a _ NE~a _ GU4 _ N01 N01 N01 _ GU4 _ |SZE~a&SZE~a| _ |SIxGU4| _ BU~a _ NA~a",50,-0.210047144029264,0.290144142493565,-0.923146335998942,0.340058822387813,"Cuneiform (Uruk III)"
"Cuneiform (Uruk III)","NUN~a _ N01 N01 _ N01 N01 _ N01",9,-1.54710099083333,-1.66284798422212,-0.70833820247936,1.33569163929557,"Cuneiform (Uruk III)"
"Cuneiform (Uruk III)","N01 _ |SILA3~axKASZ~d| _ N01 _ |SILA3~axHASZHUR| _ N01 _ N01 _ SANGA~a",13,-1.00346981291875,-0.978309348899467,-0.501791920248988,-0.346584499617538,"Cuneiform (Uruk III)"
"Cuneiform (Uruk III)","N51 N51",2,-2.90694926859002,-2.61961696596615,-0.03706278523066,6.38252005603487,"Cuneiform (Uruk III)"
"Cuneiform (Uruk III)","DU _ AMAR",3,-1.31236641741546,-1.71905821160227,1.97676346651544,-0.346584499617538,"Cuneiform (Uruk III)"
"Cuneiform (Uruk III)","N01 N01 N01 _ DUG~a",5,-1.52767732573313,-1.33444398550059,0.365702465118559,3.01796777820867,"Cuneiform (Uruk III)"
"Cuneiform (Uruk III)","N01 _ N01 _ TUG2~a _ BUR2 _ N01 N01 N01 _ TUG2~a _ N01 _ SZU2 _ N01 _ BAR _ SZU2 _ SAL _ N01 N01 N01 N01 _ GISZIMMAR~b1 _ N01 _ URI _ N01 _ GISZ _ N01 _ GISZ _ N01 N01 _ ZATU759 _ N14 _ |ZATU759@txX| _ N01 _ NU11 _ SAL _ N01 _ ZATU778 _ SUG5 _ N57 N57 N57 _ KAL~b2 _ E2~b",73,-0.0948649894545038,0.694967218655648,-1.00259591962947,0.401093784343841,"Cuneiform (Uruk III)"
"Cuneiform (Uruk III)","N51 N51 N51 N51 N51 N51 _ N45",8,-1.83922943495406,-1.25731616171758,-0.540519348167184,4.4599187544199,"Cuneiform (Uruk III)"
"Cuneiform (Uruk III)","N01 N01 _ |SILA3~axNI~a| _ HI _ BAN~a _ |U4x1(N01)| _ N14 _ |DUG~ax1(N57)| _ DA~a _ GA2~c _ N14 _ |SILA3~axHI| _ N14 _ |SILA3~axNI~a| _ BA _ ZATU629 _ N14 N14 _ N01 N01 _ |DUG~ax1(N57)| _ GAR",40,-0.034397915763819,0.389288159382344,-0.641210660754489,0.17103892774034,"Cuneiform (Uruk III)"
"Cuneiform (Uruk III)","N01 _ DU _ N01 _ ZI~a _ |DU6~axDISZ| _ N01 _ GI _ N14 _ N01 N01 N01 N01",20,-0.754610020437754,-0.37763760759767,-0.641210660754489,0.71590569338021,"Cuneiform (Uruk III)"
"Cuneiform (Uruk III)","UMUN2 _ SILA3~c",3,-1.31236641741546,-1.71905821160227,1.97676346651544,-0.346584499617538,"Cuneiform (Uruk III)"
"Cuneiform (Uruk III)","N01 N01 N01 N01 N01",5,-2.90694926859002,-2.14671780052292,-1.24535853627832,6.38252005603487,"Cuneiform (Uruk III)"
"Cuneiform (Uruk III)","N01 _ SI _ EN~a",5,-0.973355521164732,-1.2483180127695,1.171232965817,-0.346584499617538,"Cuneiform (Uruk III)"
"Cuneiform (Uruk III)","N01 _ |SAR~axSZE~a| _ SAG _ N01 N01 N01 _ SIG7",11,-0.889893915947052,-0.808635498095837,-0.220137899025758,0.999236411512945,"Cuneiform (Uruk III)"
"Cuneiform (Uruk III)","N01 _ DUB~a _ N01 N01 N01 _ BU~a _ EN~a",11,-0.889893915947052,-0.74379570952829,-0.220137899025758,0.999236411512945,"Cuneiform (Uruk III)"
"Cuneiform (Uruk III)","N01 _ UH3~a _ UNUG~a _ KALAM~b _ RAD~a@g _ NAR _ NAGA~a _ KI _ ZABALAM~a",17,-0.215010273417431,0.233071907954754,0.318318318018651,-0.346584499617538,"TeDDi"
"Cuneiform (Uruk III)","N34 _ |(UDU~axTAR)~b|",3,-1.31236641741546,-1.71905821160227,1.97676346651544,-0.346584499617538,"Cuneiform (Uruk III)"
"Cuneiform (Uruk III)","N01 _ PAP~a _ NE~a _ GI _ N01 _ N01 _ GAL~a _ LAM~b",15,-0.613312290998113,-0.423159758756328,-0.171317868680398,-0.346584499617538,"Cuneiform (Uruk III)"
"Cuneiform (Uruk III)","PAP~a _ TI _ PAP~a",5,-1.37578342730107,-1.59018320162743,0.365702465118559,-0.346584499617538,"Cuneiform (Uruk III)"
"Cuneiform (Uruk III)","NA2~a _ A",3,-1.31236641741546,-1.71905821160227,1.97676346651544,-0.346584499617538,"Cuneiform (Uruk III)"
"Cuneiform (Uruk III)","N01 _ EN~a _ UNUG~a",5,-0.973355521164732,-1.2483180127695,1.171232965817,-0.346584499617538,"Cuneiform (Uruk III)"
"Cuneiform (Uruk III)","TAK4~a _ KI _ AK~a _ SI",7,-0.76594701143047,-0.882952225932004,0.826005608374809,-0.346584499617538,"Cuneiform (Uruk III)"
"Cuneiform (Uruk III)","N02 N02",2,-2.90694926859002,-2.61961696596615,-0.03706278523066,6.38252005603487,"Cuneiform (Uruk III)"
"Cuneiform (Uruk III)","N01 _ AB2 _ N01 N01 _ GU4 _ N14 _ N14",12,-0.839893249401576,-0.79591461527495,-0.372700493855008,0.265152278169045,"Cuneiform (Uruk III)"
"Cuneiform (Uruk III)","UDU~a _ HI",3,-1.31236641741546,-1.71905821160227,1.97676346651544,-0.346584499617538,"Cuneiform (Uruk III)"
"Cuneiform (Uruk III)","KALAM~a _ EN~a _ SU~a _ N01 N01 _ AN _ N01 N01 _ PAP~a _ E2~a _ N01 N01 _ AB~b",22,-0.434377538302923,-0.235410547061974,-0.40321301282086,0.614716151189951,"Cuneiform (Uruk III)"
"Cuneiform (Uruk III)","EN~a _ AMAR _ N01 _ AN _ |SZU2.EN~a| _ N01 _ AN _ RU _ N01 _ |NUN~a+EN~a| _ N01 _ KU6~a _ KAB _ N01 _ NUN~a _ N01 _ EN~a _ ERIM~a _ NUN~a _ N01 _ KAB _ GI _ SZUM _ N01 N01 N01 N01 N01 N01 N01 N01 _ BA _ N01 N01 N01 N01 _ N14 _ N01 N01",66,-0.310841368079127,0.265385389022934,-1.07448843006956,0.792187040569792,"Cuneiform (Uruk III)"
"Cuneiform (Uruk III)","N14 N14 N14 _ N34 N34 N34 N34 _ N14 N14 N14 N14 _ SZE3 _ N01 N01 N01 N01 N01 N01 N01 _ N61 N61 N61 _ SZE3",29,-0.432925972698869,-0.3679138430264,-1.21758162246113,3.49861810361241,"Cuneiform (Uruk III)"
"Cuneiform (Uruk III)","N08 N08 N08 N08 _ SUHUR _ |SAGxGESZTU~b| _ |ZATU759x(KU6~a+KU6~a)| _ N01 _ SUHUR _ |SAGxGESZTU~b| _ N01 _ SUHUR _ EN~a _ SZU _ |ZATU651xGAR|",26,-0.298798632904904,-0.168109671999464,-0.656701631921767,0.460908047060752,"Cuneiform (Uruk III)"
"Cuneiform (Uruk III)","SUHUR _ N01 N01 N01 N01 N01 _ |GA2~a1xA| _ N14 _ N01 N01 N01 N01 N01 _ |ZATU759xKU6~a| _ |ZATU759xX| _ N01 _ IDIGNA _ KALAM~a _ EN~a _ HI _ E2~a _ NUN~a",35,-0.22317361793893,0.418791953955895,-0.554903821393944,1.2367342193595,"Cuneiform (Uruk III)"
"Cuneiform (Uruk III)","N01 N01 N01 N01",4,-2.90694926859002,-2.2411092327268,-1.04397591110371,6.38252005603487,"Cuneiform (Uruk III)"
"TeDDi","وَكَانَ لِعُزِّيَّا جَيْشٌ مِنَ ٱلْمُقَاتِلِينَ يَخْرُجُونَ لِلْحَرْبِ أَحْزَابًا حَسَبَ عَدَدِ إِحْصَائِهِمْ عَنْ يَدِ يَعِيئِيلَ ٱلْكَاتِبِ وَمَعَسِيَا ٱلْعَرِيفِ تَحْتَ يَدِ حَنَنْيَّا وَاحِدٍ مِنْ رُؤَسَاءِ ٱلْمَلِكِ .",222,1.47554145577649,1.36993829341002,-1.3614710408835,-0.346584499617538,"TeDDi"
"TeDDi","Profeta bezala mintzo direnei dagokienez , mintza daitezela bi edo hiru , eta gainerakoek eman dezatela beren iritzia .",119,0.972863393046445,0.78680089736375,-1.34012683047813,-0.346584499617538,"TeDDi"
"TeDDi","-Amesgaiztoak izango ditut!",27,1.0471769225893,0.900920778081632,0.485040317073885,-0.346584499617538,"TeDDi"
"TeDDi","Ez nago harrotuta, konbentzituta baizik.",40,0.982473506115014,0.781019928775915,-0.339136722992575,-0.174043357164912,"TeDDi"
"TeDDi","Bikaina da.",11,-0.0443277194699503,-0.173551180447451,0.878312783744837,-0.346584499617538,"TeDDi"
"TeDDi","Poza iritsi da, eta ni bozkarioz gainezka nago",46,0.778682741543247,0.605136595392105,-0.649966427066427,-0.346584499617538,"TeDDi"
"TeDDi","Zure metodoei begirune handia badiet ere, Dalrymple jauna oker zaude, ni sendagile arrunt bat naiz.",99,1.20274893200201,1.22271909881284,-1.03380507144842,-0.277920167417003,"TeDDi"
"TeDDi","Daukadan botereagatik, senar-emazte izendatzen zaituztet.",57,0.974880787070943,0.959417703663522,-0.637677632242654,-0.346584499617538,"TeDDi"
"TeDDi","Screw Magazinek dioenez...",26,0.941520849113603,0.776915859309254,0.427666349787668,0.191743864834655,"TeDDi"
"TeDDi","Gehiegi da niretzat.",20,0.661016130698667,0.602616342024899,0.567085090293169,-0.346584499617538,"TeDDi"
"TeDDi","Erronka txiki bat denontzat, zuen doktoretza abentura hasi aurretik dena delakoa, Hawking jauna.",96,1.17170658753383,1.16238013382575,-1.04397591110371,-0.204919140551171,"TeDDi"
"TeDDi","Ziurrenez ez.",13,0.138410664537565,-0.0683849127748761,0.737485773133222,0.214174213353496,"TeDDi"
"TeDDi","ထိုမင်းသည် ဣသရေလအမျိုးသားရှေ့မှ ထာဝရဘုရားနှင့် ထုတ်တော်မူသော တပါးအမျိုးသား ရွံရှာဘွယ်ထုံးစံအတိုင်း ၊ ထာဝရဘုရား ရှေ့တော် ၌ ဒုစရိုက်ကိုပြု ၏ ။",140,1.8289887965898,1.45199675299906,-0.986438018196678,-0.346584499617538,"TeDDi"
"TeDDi","ဤရွေ့ကား ၊ ဣသရေလအမျိုးအနွယ်တို့ အမွေ ခံစရာဘို့ စာရေးတံချ ၍ ဝေရသောမြေ ၊ ဤရွေ့ကား ၊ သူတို့ ပိုင်းခြား ၍ နေရသော ခရိုင်အသီးအသီး ဖြစ်သတည်းဟု အရှင်ထာဝရဘုရား မိန့်တော်မူ ၏ ။",166,1.91706852101101,1.56384480412116,-1.08037036143647,-0.346584499617538,"TeDDi"
"TeDDi","Wanene uiwa wamewa gapan , waenapan arugataet inanap anega wain , ‘ Ayop nega , Ayop nega , amun gega gapan God oisewa wadidiamuinton amba airampu wa oimoton tau amon amba kiman paua baware ge kiman yo paua mega ugup ugup tainton . ’",233,0.932212795265308,0.662211356090068,-1.61873748080807,-0.346584499617538,"Cuneiform (Uruk III)"
"TeDDi","infant in swaddling clothes. As it began to cry, she turned her back upon",73,1.29795754007805,1.3197476062663,-0.726729309801242,-0.253124714122365,"TeDDi"
"TeDDi","chasseurs d'Afrique defiling slowly before the mill; the miller was",67,1.29028535347512,1.00990214907692,-0.608147841695969,-0.0407161107242461,"TeDDi"
"TeDDi","Dreamer of the Ghetto and American Man of Action, the Governor and",66,1.00485455700243,0.658759532462877,-0.891413316274458,-0.243059814145962,"TeDDi"
"TeDDi","can do to dress up to the position.""",36,0.784803826910008,0.67618215972289,-0.260821257646895,-0.15432436945604,"TeDDi"
"TeDDi","Amber could not help smiling. ""Poor Lady Chelmer!"" she said, nodding",68,1.48542883529294,1.33212573145654,-0.451674072354855,-0.145715706911496,"TeDDi"
"TeDDi","Paper Measure. Table of Temperatures. Strength of Various Metals.",65,1.23558741698374,1.10091006159704,-0.625719689587211,-0.346584499617538,"TeDDi"
"TeDDi","higher intelligence and a creative will as the highest and last cause",69,0.81704215451391,0.605764967770538,-1.11694063036987,-0.148669659745408,"TeDDi"
"TeDDi","If anyone comes in, use this.",29,0.944117393630897,0.940896079515012,0.310148637484184,-0.346584499617538,"TeDDi"
"TeDDi","Now she's got a chance to go to a fancy-ass school!",51,0.835114817059872,0.695714982959239,-0.629364623979513,-0.0774203173914413,"TeDDi"
"TeDDi","Hello?",6,-0.641653240521572,-0.903894025401617,1.30548804926674,0.999236411512945,"TeDDi"
"TeDDi","[tense music]",13,0.506391322500918,0.362701543054811,1.35712461982433,-0.346584499617538,"TeDDi"
"TeDDi","- Audrey--",10,-0.0432327050399203,-0.257238487957548,1.171232965817,0.401093784343841,"TeDDi"
"TeDDi","I said I want my gun, you bastard!",34,0.978913890312268,1.06205354709344,0.0813975825191091,-0.346584499617538,"TeDDi"
"TeDDi","""In the words of union leader, Jack Kelly...""",45,1.39595198036098,1.46522583270095,0.0971922982190784,0.1122180837224,"TeDDi"
"TeDDi","We can make it a blend of both of us.",37,0.95298114559153,0.977115496984681,0.0173649513030164,-0.346584499617538,"TeDDi"
"TeDDi","And they sent you in to talk to me.",35,0.762348211856232,0.762652799308334,-0.0946006781376902,-0.346584499617538,"TeDDi"
"TeDDi","Don't know.",11,0.207636737152043,-0.0208778466144262,1.24446301133504,-0.346584499617538,"TeDDi"
"TeDDi","You're hurting me.",18,0.84114408117068,0.714761786309973,1.08172957685051,-0.346584499617538,"TeDDi"
"TeDDi","But something has escaped you.",30,1.10716657204759,1.04395424896978,0.365702465118559,-0.346584499617538,"TeDDi"
"TeDDi","You would be awesome at that.",29,0.779160546957663,0.644302813252344,0.0323794993123094,-0.346584499617538,"TeDDi"
"TeDDi","No, Marianne, you're not 18 because you didn't RSVP, so you're actually not on our table, or any table, I don't think.",118,1.36522621628449,1.08517565091525,-1.06104223527105,-0.231557071315787,"TeDDi"
"TeDDi","I was adopted by a group of monks.",34,1.07493770117117,1.24904677688211,0.318318318018651,-0.346584499617538,"TeDDi"
"TeDDi","Tortoise-shell comb.",20,0.900203558374847,0.878320346442473,0.969850340642388,0.00757889804837847,"TeDDi"
"TeDDi","laiska ja kurillinen. Tähän aikaan rupesi hän jo kantelemaan koulusta",69,1.02619154643491,0.891084407813873,-0.941825304131079,-0.0497122398093434,"TeDDi"
"TeDDi","ja kun aurinko laski, sulki se lehtensä, nukkui ja näki koko yön unta",69,0.902907304048683,0.819469053216891,-1.00019707954401,-0.247627079681473,"TeDDi"
"TeDDi","katsannoissa en voikaan Savodoilla oloani katua. Jälkimäistä",60,0.908493424160862,0.934135270232965,-0.842593285929099,0.109625978731778,"TeDDi"
"TeDDi","sanon sen peittelemättä, myöskin minua innostuttaa. Jos minä olisin",67,0.972140701559235,0.949122791219019,-0.908718924046134,0.163196148537948,"TeDDi"
"TeDDi","Olavi tuli takaisin ja seisahtui verannan ovelle.",49,0.874745540383651,0.814050930912289,-0.653540209234567,-0.0662051431320204,"TeDDi"
"TeDDi","""Nyt tiedät, Anni, mitä me saamme vartoa"", huokasi Vappu tuskallisesti",70,1.32699942850972,1.34152596989735,-0.669979607208004,0.141031772531188,"TeDDi"
"TeDDi","etupäässä olevalla kuninkaalla on ihmeellinen valta saada kansa",63,0.806143195755053,0.667968175807101,-0.964062170955053,0.521687055950515,"TeDDi"
"TeDDi","Meksikosta asti hän oli askel askeleelta seurannut tyttöä vaanien kuin",70,0.919332371289408,0.86884221478684,-1.01520696465019,0.0435085181014425,"TeDDi"
"TeDDi","vaihtelun tähden, voidaan silloin käyttää täydelleen. Kevättulva menee",70,1.08762636983066,0.948364927243259,-0.900131178836129,0.433601535820421,"TeDDi"
"TeDDi","Eräs Sybil-niminen nainen haluaa, ja käytän nais-termiä löyhästi.",65,1.26061093566424,1.09595590888854,-0.625719689587211,-0.241442240935469,"TeDDi"
"TeDDi","Kommodori Chamberlainin mukaan armahdus on hyväksyttävä heti tai Nassauta pidetään vihamielisenä seutuna.",105,1.3335595205467,1.36592353429146,-1.13028275046425,-0.023069857518864,"TeDDi"
"TeDDi","Ovatko ne polttojälkiä?",23,0.878154202272209,0.765308061531449,0.575840856605108,-0.0407161107242461,"TeDDi"
"TeDDi","Mutta en voi olla ajattelematta muita.",38,0.561313717468436,0.430695021831049,-0.567017062005948,0.380886263155695,"TeDDi"
"TeDDi","Minä todellakin näen ne.",24,0.569008546652868,0.277272507368555,0.130756069081516,-0.0540147363283026,"TeDDi"
"TeDDi","Ei hassummin.",13,0.351611358602331,0.154206470900907,1.04730519647878,0.774932926324533,"TeDDi"
"TeDDi","Kuka nyt pakenee?",17,0.450481943754906,0.249122218667296,0.555239053518193,0.073984535110738,"TeDDi"
"TeDDi","Oletko ihan varma että pyöriä ollaan tuomassa?",46,1.19197176027108,1.08014293860052,-0.21217811146945,0.251558127551566,"TeDDi"
"TeDDi","Jos aiot myydä elämäni Yakuzalle, voisit ainakin vaivautua tulemaan paikalle.",77,1.16579721804831,1.06652636159725,-0.900131178836129,0.00757889804837847,"TeDDi"
"TeDDi","Kaikki räppärit ovat Brooklynistä.",34,1.012118910486,1.00328068211509,-0.03706278523066,0.265152278169045,"TeDDi"
"TeDDi","Ette ole julmia, ilkeitä ihmisiä, jotka myyvät toisia orjiksi vain, - koska he ovat hankalia.",93,1.16157053183457,1.14688281959991,-1.09811102539796,-0.20029961797292,"TeDDi"
"TeDDi","Jo on aikakin, pikku paska.",27,0.447266260532541,0.396364919967173,-0.260821257646895,-0.0877727859385986,"TeDDi"
"TeDDi","Liikut yhtä ääneti kuin ennenkin.",33,0.456556598923171,0.352334257915566,-0.586288126615958,0.284269052474876,"TeDDi"
"TeDDi","Enpä juuri.",11,0.390558512668568,0.191266967561531,1.61061323892524,0.326325955947704,"TeDDi"
"TeDDi","Ei mitään.",10,0.0327142441761062,-0.171112515226438,1.171232965817,0.401093784343841,"TeDDi"
"TeDDi","Tiedätkö mitä, pidän siitä.",27,0.717232506109072,0.585191571579896,0.186695687185575,-0.0877727859385986,"TeDDi"
"TeDDi","Nyt riittää, Travis!",20,0.661016130698667,0.617337120066543,0.567085090293169,0.71590569338021,"TeDDi"
"TeDDi","Kippis.",7,-0.657451369693278,-0.855289776219106,0.826005608374809,0.774932926324533,"TeDDi"
"TeDDi","Ja veljeni kanssa.",18,0.575380272641586,0.405224887045843,0.63421263201804,0.0492451801267217,"TeDDi"
"TeDDi","Meillä on ikuinen side Shaolinin kanssa.",40,0.796101357457846,0.770121072758954,-0.439828035579879,-0.00150221471228577,"TeDDi"
"TeDDi","Niin, päätin vihdoinkin uskaltaa.",33,0.978475578119899,0.981982894685134,0.146012328564438,0.284269052474876,"TeDDi"
"TeDDi","Se ylikompensoi, koska se ei pysty pumppaamaan verta kunnolla.",62,1.10548179322964,1.01329831163808,-0.816608431067858,0.204981447567086,"TeDDi"
"TeDDi","Käsitit väärin.",15,0.251679460297562,0.141719952205598,0.63421263201804,0.134065825786206,"TeDDi"
"TeDDi","Helvetti!",9,-0.164925684170158,-0.385843457950369,1.08172957685051,0.494553569839014,"TeDDi"
"TeDDi","bien né et à l'instinct de conservation que connaissent",55,0.883311165665132,0.843236829016093,-0.659518172134001,-0.097358404963745,"TeDDi"
"TeDDi","Praxi-Blassans, et le comité de patronage, me remercient...? Je vais lui",72,1.37369633184569,1.46792980679019,-0.596458966271243,-0.0622561381110976,"TeDDi"
"TeDDi","—Tu es fou. Tiens, va-t'en, je ne veux plus te voir.... J'en ai assez,",70,1.2060930124814,1.22491465767842,-0.669979607208004,0.0435085181014425,"TeDDi"
"TeDDi","et de l'île du Prince-Edouard. Comment nos hommes",49,1.22419155433086,1.20368837482477,-0.242555259898628,-0.0662051431320204,"TeDDi"
"TeDDi","Plaidoieries civiles prononcées aux audiences du matin du",57,1.04941499837018,0.798250002741165,-0.70833820247936,-0.346584499617538,"TeDDi"
"TeDDi","Malars de rivière. En yver, quant les jeunes etc.[967]",54,1.43121942640027,1.57649986926762,-0.11164894270274,-0.346584499617538,"TeDDi"
"TeDDi","Je fais juste quelques gardes ici pour aider.",45,0.993524074224644,0.90075903116842,-0.350324646613387,-0.346584499617538,"TeDDi"
"TeDDi","Ouais, ça serait bien.",22,0.744298929801629,0.635119487384708,0.512162556154638,-0.346584499617538,"TeDDi"
"TeDDi","Il est temps que tu apprennes l'indépendance et à prendre tes responsabilités.",78,1.06375021026925,1.03718680240451,-0.914884484709728,-0.171802563107085,"TeDDi"
"TeDDi","Vous êtes soldat, moi, civil, vous devez me protéger.",53,1.25667905687192,1.18196745848866,-0.379033280810184,-0.346584499617538,"TeDDi"
"TeDDi","J'essaie...",11,-0.227249494986464,-0.417963629259247,0.512162556154638,1.67214686707819,"TeDDi"
"TeDDi","Mme Stella ?",12,0.1967382305958,-0.028666363336713,0.969850340642388,0.265152278169045,"TeDDi"
"TeDDi","Je vous fais Chris Farley ?",27,0.968932064783348,0.84901250456902,0.485040317073885,-0.346584499617538,"TeDDi"
"TeDDi","Un staphylo à cause d'un hameçon rouillé.",41,1.37192481806436,1.35850547619135,0.208525782055451,-0.178356885726228,"TeDDi"
"TeDDi","Ça !",4,-0.894809737908346,-1.30005211267003,1.97676346651544,-0.346584499617538,"TeDDi"
"TeDDi","C'est comme résoudre un Rubik's Cube avec nos pieds.",52,1.24402807352851,1.23819238332691,-0.346882208576214,-0.214641273036118,"TeDDi"
"TeDDi","რვ ჲჟკგვპნწგარ!",15,0.621227330009834,0.453042536119475,1.171232965817,-0.346584499617538,"TeDDi"
"TeDDi","ჱა ეა ბთევქ ოჲე მჲ£ კპჲგ.",25,0.834704242311741,0.958299054141245,0.526808565258247,-0.346584499617538,"TeDDi"
"TeDDi","ganz nach seinen Wünschen einzurichten.",39,0.762790383233405,0.63891505028075,-0.398518779133806,-0.346584499617538,"TeDDi"
"TeDDi","Ist Frau Lürig der Ansicht, die andere habe",43,1.11273455781612,1.0091975060186,-0.177562291166436,-0.346584499617538,"TeDDi"
"TeDDi","aussah. Auch der Pfarrer wurde alsbald von einer",48,1.06352595976111,1.12473819456031,-0.372700493855008,-0.0602396249089245,"TeDDi"
"TeDDi","des Parketts in die süßeste Schwermut, diesem",45,0.994459584515887,0.990008693982574,-0.260821257646895,-0.193650305170892,"TeDDi"
"TeDDi","[185]werden, vorerst vor allen Augen unberufener Neugier geborgen;",66,1.20870401993972,1.13655555937907,-0.464238050752559,-0.243059814145962,"TeDDi"
"TeDDi","Jahwe sagte zu Mose : "" Sag den Israeliten : ' Ihr habt erlebt , wie ich vom Himmel her zu euch gesprochen habe .",113,1.37444960309053,1.41160560656554,-0.945957819204561,-0.28650320894207,"TeDDi"
"TeDDi","Ich sah Sie.",12,0.364416524819267,0.136576763253927,1.30548804926674,-0.346584499617538,"TeDDi"
"TeDDi","EIN JAHR SPÄTER",15,0.621227330009834,0.428903480875207,1.171232965817,-0.346584499617538,"TeDDi"
"TeDDi","Eine Kreatur, die über das menschliche Begriffsvermögen hinausgeht.",67,1.37002079803522,1.37079068654816,-0.548033625225938,-0.24462836998644,"TeDDi"
"TeDDi","Wir lasen das Drama und erstellten dazu ein Schaubild.",54,1.09171152345899,0.997657616273427,-0.559165887535205,-0.219620262718436,"TeDDi"
"TeDDi","Ein neuer Anstrich löst alle Probleme.",38,1.13565587134812,1.20590131017561,0.0689280701243967,-0.16471680892423,"TeDDi"
"TeDDi","Rafft ihr nicht, was hier abgeht?",33,0.952416756233851,0.91451498498434,0.0239622527010394,-0.1362999822534,"TeDDi"
"TeDDi","Halte sie am Leben.",19,0.585475525574948,0.530718639565036,0.704873202254742,-0.346584499617538,"TeDDi"
"TeDDi","Ihr bringt die Sprengladungen an, wir geben Delaney das Gegengift und erklären ihr alles, das wird interessant.",111,1.20603176783653,1.09945770345197,-1.10747493705967,-0.224237144060221,"TeDDi"
"TeDDi","Nun, ich denke...",17,0.568843092618535,0.39110967769224,0.792159789017735,0.494553569839014,"TeDDi"
"TeDDi","Jederzeit.",10,-0.0432327050399203,-0.133231356180635,1.171232965817,-0.346584499617538,"TeDDi"
"TeDDi","- Sie sehen sich oft?",21,0.613517763185796,0.575952762800308,0.442419655661267,-0.346584499617538,"TeDDi"
"TeDDi","Geh du mal wieder ins Haus, lass Bono und mich zu Ende reden.",61,1.12584999351833,1.15721025612479,-0.59829305211072,-0.234432757023331,"TeDDi"
"TeDDi","Sulu, bringen Sie uns da hoch.",30,1.05318621823426,1.11556819941872,0.365702465118559,-0.346584499617538,"TeDDi"
"TeDDi","Ich mach das Scheißding klar.",29,1.06934326070267,1.068837760149,0.449033206570123,-0.346584499617538,"TeDDi"
"TeDDi","ηδύνατο, υποτασσομένη υπό των Αράβων, να εξισλαμισθή, καταστρεφομένου ούτως",75,1.60685800489148,1.44357901922207,-0.493530068959774,-0.255650654270884,"TeDDi"
"TeDDi","— Έπρεπε να είμαι εγώ εξουσία να σας δείξω! να μάθετε να",56,1.09490442357179,1.12525880015115,-0.324752249765815,-0.346584499617538,"TeDDi"
"TeDDi","Μοιρολογάει το σκοτωμό και κάπου κάπου οι λύκοι",47,0.879955083202363,0.67883467626347,-0.422689088756509,-0.346584499617538,"TeDDi"
"TeDDi","θα είναι για επίδειξη παρά για κατοικία, δεν πρέπει ν'",54,1.0046858466785,0.96938532702368,-0.559165887535205,-0.346584499617538,"TeDDi"
"TeDDi","Άλλως θα είχαν παράπονα κατά του παππά, κι' ο παππάς αν ήθελε",61,1.06293077224716,0.985243007405628,-0.59829305211072,-0.0101292718349172,"TeDDi"
"TeDDi","ότι έλαβε το όνομα από την &θηλήν&. Η δε &θηλή&, καλέ Ερμογένη,",63,1.39671915720517,1.33055719647325,-0.452614234003663,-0.346584499617538,"TeDDi"
"TeDDi","ηδονάς είναι ακολασία και αξιοκατάκριτον πράγμα, έγινε φανερόν. Ως",66,1.37672215189785,1.47623673232639,-0.464238050752559,-0.346584499617538,"TeDDi"
"TeDDi","Ο Τριστάνος τραβάει τάλογό του όξω από το θάμνο.",48,1.28718856680678,1.26058977124324,-0.03706278523066,-0.346584499617538,"TeDDi"
"TeDDi","του πατρός.",11,0.390558512668568,0.204159592542696,1.61061323892524,-0.346584499617538,"TeDDi"
"TeDDi","Αν ο καλός συνάδελφος από την Φλόριντα παραχωρήσει μέρος του χρόνου του, τον διαβεβαιώνω ότι θα απαντηθεί το ερώτημα του.",121,1.54720917116834,1.48669223722652,-0.985724738532542,-0.346584499617538,"TeDDi"
"TeDDi","Κι εκείνος γέλασε.",18,0.910736861088528,0.892846607553193,1.30548804926674,-0.346584499617538,"TeDDi"
"TeDDi","- Όντως;",8,0.111260027432492,-0.172008730983547,1.97676346651544,-0.346584499617538,"TeDDi"
"TeDDi","Απλά πες τους την αλήθεια...",28,1.04011574617101,0.913403496686394,0.394471411572074,0.151867689690048,"TeDDi"
"TeDDi","Δεν την χρειάζεσαι.",19,0.797279686699331,0.702103358278044,0.91685491296486,-0.346584499617538,"TeDDi"
"TeDDi","Στην καλύτερη σάλτσα, που έφαγα ποτέ μου.",41,1.29878968090817,1.23561675465222,0.110290355141008,-0.346584499617538,"TeDDi"
"TeDDi","- πριν ασθενήσει;",17,0.61351776862796,0.414629868663096,0.792159789017735,-0.346584499617538,"TeDDi"
"TeDDi","Γιατί είσαι ένας ανούσιος μικρός καταραμένος πόνος στον πισινό.",63,1.07211326095401,0.888090963105966,-0.836200186717205,-0.346584499617538,"TeDDi"
"TeDDi","Τους διέταξε κυκλοφορήσει.",26,1.25108077691079,1.18681475315396,0.892395484806001,-0.346584499617538,"TeDDi"
"TeDDi","Σου επιτίθενται με τα όπλα τους, και εμείς θα μείνουμε άπραγοι;",63,1.17998450038584,0.998375250103885,-0.644407210360436,-0.346584499617538,"TeDDi"
"TeDDi","Ενημερώνεις τη βάση δεδομένων σου;",34,1.21982941136849,1.20453982279667,0.318318318018651,-0.346584499617538,"TeDDi"
"TeDDi","Ψάξτε στο αρχείο για την τοποθεσία της βάσης τους.",50,1.18370940059282,1.02381456207375,-0.278721935440192,-0.346584499617538,"TeDDi"
"TeDDi","כן.",3,-1.31236641741546,-1.71905821160227,1.97676346651544,-0.346584499617538,"Cuneiform (Uruk III)"
"TeDDi","האם אתה בתוך גופך, אבל לא?",26,0.598886262768755,0.565361820182137,-0.03706278523066,-0.346584499617538,"TeDDi"
"TeDDi","ג 'ילדה מינו בלאט מיט.",22,0.721880723148851,0.535726025899332,0.512162556154638,-0.346584499617538,"TeDDi"
"TeDDi","W.W",3,-1.98307959430935,-2.10799037092486,0.63421263201804,-0.346584499617538,"Cuneiform (Uruk III)"
"TeDDi","אבל נכנעתי לאחת הבקשות שלך.",27,0.926258049655856,0.855263620529893,0.33586800212973,-0.346584499617538,"TeDDi"
"TeDDi","אין זה המקום לכל מי עוד שדים השוכנים בהם.",41,0.94322438185615,0.908630081255677,-0.282651352516771,-0.346584499617538,"TeDDi"
"TeDDi","אתה לא נותן לנערה שלך להיכנס לשטח האויב לבד.",44,1.05320293362914,1.14165697404902,-0.220137899025758,-0.346584499617538,"TeDDi"
"TeDDi","כן?",3,-1.31236641741546,-1.71905821160227,1.97676346651544,-0.346584499617538,"Cuneiform (Uruk III)"
"TeDDi","שים לב להיכן אתה הולך, חלקלק כאן.",33,0.891442831061679,0.917034548601885,0.0239622527010394,-0.346584499617538,"TeDDi"
"TeDDi","החדר הצמוד, מכאן.",17,0.731878917491588,0.627437021630993,1.02908052451727,-0.346584499617538,"TeDDi"
"TeDDi","בחיי, בהחלט ניסיתי.",19,0.43431338594752,0.498296203147603,0.492891491544628,0.0272546423631521,"TeDDi"
"TeDDi","והוא הקפיד טוב כפי שהוא מתיימר להגיע לבדיקה.",44,1.01315792891131,1.02149758951964,-0.311675455923309,-0.190093695997714,"TeDDi"
"TeDDi","तब आमोस के पुत्र यशायाह ने हिजकिय्याह के पास यह कहला भेजा , इस्राएल का परमेश्वर यहोवा यों कहता है , तू ने जो अश्शूर के राजा सन्हेरीब के विषय में मुझ से प्रार्थना की है ,",169,1.49310205317679,1.43519038847399,-1.24059208361146,-0.346584499617538,"TeDDi"
"TeDDi","aur jab ve israaael kee chhavanee ke pas aae hee the , ki israaaelee uttkar moaabiyon ko marane lage aur ve unake samhane se bhag gaae aur ve moab ko marate marate unake desh men pahunch gaae .",193,0.888100359190712,0.663373489001489,-1.55004105726788,0.144079374232118,"Cuneiform (Uruk III)"
"TeDDi","parantu yakoob ka nij bhag unake saman naheen haai , kyonaki vah to sab ka srajanahar haai , aur israaael usake nij bhag ka gotra haai senaon ka yahova usaka nam haai .",168,0.80965438705247,0.597526153250684,-1.52345835199564,-0.0242321855743083,"Cuneiform (Uruk III)"
"TeDDi","सिर्फ है कि आप बुराई को दूर.",28,1.05773005139819,1.16484606778984,0.682160876107234,-0.346584499617538,"TeDDi"
"TeDDi","एलन, आराम करो.",14,0.636066900030661,0.471210595513605,1.40138453744512,-0.346584499617538,"TeDDi"
"TeDDi","Biarlah lidahku melekat pada langit-langit mulutku , jikalau aku tidak mengingatmu , dan jikalau aku tidak menjadikan Yerusalem pokok kegembiraanku .",149,1.11262809613634,0.69926232551173,-1.4021396404411,-0.301117576944211,"TeDDi"
"TeDDi","Ini disebut sebagai Pemakaman Surgawi.",38,1.09499988911853,0.992729046264941,-0.03706278523066,-0.346584499617538,"TeDDi"
"TeDDi","Subtitle by 100Malay Silakan duduk, semua.",42,1.22519875587399,1.14260247861967,-0.132959273409046,-0.182459998260162,"TeDDi"
"TeDDi","Jadi siapapun yang mengambil jasadnya menghidupkannya kembali?",62,1.02907290669707,0.84799057219372,-0.816608431067858,-0.236271310180613,"TeDDi"
"TeDDi","Itu sangat manis.",17,0.450481943754906,0.216038257797925,0.555239053518193,-0.346584499617538,"TeDDi"
"TeDDi","Merekalah pembaca yang harus kita kejar.",40,1.06093224608302,1.2257167523813,0.0636285273566449,-0.346584499617538,"TeDDi"
"TeDDi","Saat aku besar, aku akan jadi arsitek.",38,0.677363451095073,0.62393399636422,-0.355035351295835,-0.16471680892423,"TeDDi"
"TeDDi","Oke, kuambilkan.",16,0.692586787510492,0.6198623101029,1.22157862211065,-0.346584499617538,"TeDDi"
"TeDDi","Apa lagi?",9,0.0586453747944698,-0.177727477933298,1.52924652168297,-0.346584499617538,"TeDDi"
"TeDDi","Di sanalah kita selalu temukan cara dan keinginan untuk berjuang.",65,0.958702301568517,0.966911138619815,-0.811611343594542,-0.346584499617538,"TeDDi"
"TeDDi","Jangan pernah menyentuhku lagi.",31,0.937557138284723,0.982551325693309,0.157823626228641,-0.346584499617538,"TeDDi"
"TeDDi","Tee, kau melihatnya?",20,0.862230083766834,0.906092203402327,0.969850340642388,0.00757889804837847,"TeDDi"
"TeDDi","Hei, Shim.",10,0.233928197244274,-0.000179920797463786,1.57399821616622,-0.346584499617538,"TeDDi"
"TeDDi","Kenapa sekretarisnya berhenti?",30,0.784900947476705,0.696955031230553,-0.03706278523066,-0.346584499617538,"TeDDi"
"TeDDi","Serius, aku masih minum obat.",29,0.973770535777085,0.931577537159439,0.310148637484184,-0.346584499617538,"TeDDi"
"TeDDi","Bagaimana keadaanmu?",20,0.251459744903084,0.434717572690551,0.365702465118559,0.00757889804837847,"TeDDi"
"TeDDi","Di mana kode satelit itu?",25,0.788616305974058,0.735219011757637,0.365702465118559,-0.346584499617538,"TeDDi"
"TeDDi","Apa?",4,-0.894809737908346,-1.30005211267003,1.97676346651544,-0.346584499617538,"TeDDi"
"TeDDi","Joe akan menjadi orang tua angkat hingga kau mengadopsi anaknya, yang bisa kau lakukan setelah Joe mendapat kepemilikan.",120,1.05960827973155,0.958045881148882,-1.27892230714075,-0.290037402511215,"TeDDi"
"TeDDi","「じゃあ、みなさん、さようなら。",16,0.740053630770516,0.597043100747375,1.22157862211065,-0.346584499617538,"TeDDi"
"TeDDi","それで...",6,-1.1035880776619,-1.26055332672583,0.63421263201804,2.34505732264343,"Cuneiform (Uruk III)"
"TeDDi","今もその声が聞こえる",10,0.435142150312441,0.220670063496209,1.97676346651544,-0.346584499617538,"TeDDi"
"TeDDi","今まで聞いてきた あなたの間違い",16,0.865812351438121,0.735246978206993,1.47330690357891,-0.346584499617538,"TeDDi"
"TeDDi","だめよ",3,-1.31236641741546,-1.71905821160227,1.97676346651544,-0.346584499617538,"Cuneiform (Uruk III)"
"TeDDi","正解だったみたいよ",9,0.0586453747944698,-0.19591835302929,1.52924652168297,-0.346584499617538,"TeDDi"
"TeDDi","固定観念は捨てなさい フレイア",15,1.02365523614617,0.963074344918485,1.97676346651544,-0.346584499617538,"TeDDi"
"TeDDi","""バルジャー 1975年からFBI密告者""",21,1.41621232211978,1.44847778927377,1.78497049015866,-0.346584499617538,"TeDDi"
"TeDDi","これだ",3,-1.31236641741546,-1.71905821160227,1.97676346651544,-0.346584499617538,"Cuneiform (Uruk III)"
"TeDDi","テストの為に採血させて",11,0.573480288185082,0.392039680555785,1.97676346651544,-0.346584499617538,"TeDDi"
"TeDDi","我々の魂のように　彼らは生物です",16,0.991571072105725,0.977401366928954,1.72503518504717,-0.346584499617538,"TeDDi"
"TeDDi","葬式に参列し、",7,-0.0825543609270856,-0.400767037231365,1.97676346651544,-0.346584499617538,"TeDDi"
"TeDDi","そうね。",4,-0.894809737908346,-1.30005211267003,1.97676346651544,-0.346584499617538,"TeDDi"
"TeDDi","キーを挿した",6,-0.306296652074619,-0.658505153964198,1.97676346651544,-0.346584499617538,"TeDDi"
"TeDDi","それで分かる",6,-0.306296652074619,-0.658505153964198,1.97676346651544,-0.346584499617538,"TeDDi"
"TeDDi","いや　スイートへ連れて行け",13,0.815951250298101,0.697198131584198,1.97676346651544,-0.346584499617538,"TeDDi"
"TeDDi","また 誰かとやり合うのか",12,0.532094819042743,0.330322159965304,1.64112575789109,-0.346584499617538,"TeDDi"
"TeDDi","또 복음이 먼저 만국에 전파되어야 할 것이니라",25,1.06045182934227,1.27452459606188,1.01012686567731,-0.346584499617538,"TeDDi"
"TeDDi","고유의 동위원소 신호를 찾아내서",17,0.923926539209411,0.901201280545027,1.50292199551636,-0.346584499617538,"TeDDi"
"TeDDi","좋은 책이지",6,-0.306296652074619,-0.658505153964198,1.97676346651544,-0.346584499617538,"TeDDi"
"TeDDi","여자 친구 있어요?",10,0.233928197244274,0.0303737542682059,1.57399821616622,-0.346584499617538,"TeDDi"
"TeDDi","무슨 일이야?",7,-0.0825543609270856,-0.400767037231365,1.97676346651544,-0.346584499617538,"TeDDi"
"TeDDi","절름발이 내 동생과 잠자리할 생각있어?",21,1.03294764960898,1.09925675487432,1.20959156108835,-0.346584499617538,"TeDDi"
"TeDDi","무슨 짓 했죠?",8,-0.140257413902718,-0.385674474019761,1.47330690357891,-0.346584499617538,"TeDDi"
"TeDDi","그들은 당신이 도망가게 놔두지 않을 겁니다",23,1.13623885279248,1.29472684919858,1.27630216156027,-0.346584499617538,"TeDDi"
"TeDDi","그래서 너한테 투표안했던거야",15,0.889512600767384,0.815841022056036,1.70825329961596,-0.346584499617538,"TeDDi"
"TeDDi","알겠어요 제가 바로 여기서 같이 있어드리면 괜찮겠어요?",30,1.21599355768769,1.2716340706184,0.768467715467778,-0.346584499617538,"TeDDi"
"TeDDi","- 두 분 진짜 사랑하시냐구요",16,0.614294910102911,0.727428658644572,1.22157862211065,-0.346584499617538,"TeDDi"
"TeDDi","호출 받았는데요",8,0.111260027432492,-0.172008730983547,1.97676346651544,-0.346584499617538,"TeDDi"
"TeDDi","사고였어요.",6,-0.306296652074619,-0.658505153964198,1.97676346651544,-0.346584499617538,"TeDDi"
"TeDDi","nbsp;",5,-0.570927615028397,-0.953851367044598,1.97676346651544,-0.346584499617538,"TeDDi"
"TeDDi","I Maakà reniny aza , naongany amin’ny maha-renin’ny mpanjaka azy , satria nanao sampy vetaveta ho an’i Astarte . Nazeran’i Asà ny sampiny vetaveta , dia nodorany tao amin’ny ranon-driaka Sedrôna .",196,1.19145935309022,0.823691287305344,-1.43441161297285,-0.312076271127013,"TeDDi"
"TeDDi","陰獨察其動靜，與俱上下。何羅亦覺日磾意，以故久不得發。是時，上行幸林光宮，日",38,2.00217465141822,2.19855740679914,1.34081833438509,-0.346584499617538,"TeDDi"
"TeDDi","喜不過，到要尋個所在，暗暗與他相會。小姐得了風趣，就是有些敗露，又",33,1.86319351349878,2.11218514333031,1.48856316306184,-0.1362999822534,"TeDDi"
"TeDDi","肖恩 收手吧",6,-0.306296652074619,-0.658505153964198,1.97676346651544,-0.346584499617538,"TeDDi"
"TeDDi","-干杯",3,-1.31236641741546,-1.71905821160227,1.97676346651544,-0.346584499617538,"Cuneiform (Uruk III)"
"TeDDi","怎么了？",4,-0.894809737908346,-1.30005211267003,1.97676346651544,-0.346584499617538,"TeDDi"
"TeDDi","秀晶她",3,-1.31236641741546,-1.71905821160227,1.97676346651544,-0.346584499617538,"Cuneiform (Uruk III)"
"TeDDi","最高的",3,-1.31236641741546,-1.71905821160227,1.97676346651544,-0.346584499617538,"Cuneiform (Uruk III)"
"TeDDi","她在临死前并不是一个善良的人",14,0.923515404413752,0.83439790017034,1.97676346651544,-0.346584499617538,"TeDDi"
"TeDDi","- 去他娘的!",7,-0.0825543609270856,-0.400767037231365,1.97676346651544,-0.346584499617538,"TeDDi"
"TeDDi","大家集中，他们分明在东面",12,0.699773113266219,0.55024963551466,1.97676346651544,-0.346584499617538,"TeDDi"
"TeDDi","墨西哥鸡肉卷",6,-0.306296652074619,-0.658505153964198,1.97676346651544,-0.346584499617538,"TeDDi"
"TeDDi","很可爱 而且还很萌",9,0.0586453747944698,-0.211676005784038,1.52924652168297,-0.346584499617538,"TeDDi"
"TeDDi","我弱爆了 疼死了",8,-0.140257413902718,-0.448071211350639,1.47330690357891,-0.346584499617538,"TeDDi"
"TeDDi","- 您在海上工作？",9,0.282216433759098,0.0337128656533815,1.97676346651544,-0.346584499617538,"TeDDi"
"TeDDi","‏کی می‌خواد انجامش بده؟",23,0.965638529693151,0.927019888250857,0.750956182843898,-0.346584499617538,"TeDDi"
"TeDDi","ولی میتونم هسته اورانیومی رو بردارم",35,0.587008491224112,0.551367814183446,-0.554903821393944,-0.346584499617538,"TeDDi"
"TeDDi","اره",3,-1.31236641741546,-1.71905821160227,1.97676346651544,-0.346584499617538,"Cuneiform (Uruk III)"
"TeDDi","من اونجا نميرم مگه اينکه توي يکي از اون چيزهاي بزرگ آهني",56,0.697453813034065,0.768737849705873,-0.900131178836129,-0.346584499617538,"TeDDi"
"TeDDi","سيرن ها مجبورش کردن زنگوله رو بزنه و شهر رو نابود کنه",53,0.749681211541406,0.662952968869396,-0.75900049812077,-0.346584499617538,"TeDDi"
"TeDDi","شايد احمقانه باشه ، ولي بايد حتما طبق اين برنامه برين جلو",57,0.900088037239472,0.707249181461571,-0.778998772716062,-0.346584499617538,"TeDDi"
"TeDDi",".یه ساعت دیگم مونده براتون .دور دلسوزي رو خط بكش",48,1.22599260142006,1.25912531961059,-0.204881639542836,-0.346584499617538,"TeDDi"
"TeDDi","سادست",5,-0.973355521164732,-1.2483180127695,1.171232965817,-0.346584499617538,"Cuneiform (Uruk III)"
"TeDDi","Или не знаете , что неправедные Царства Божия не наследуют ? Не обманывайтесь : ни блудники , ни идолослужители , нипрелюбодеи , ни малакии , ни мужеложники ,",158,1.40010433846793,1.17212839032975,-1.23516194766188,-0.303723961046503,"TeDDi"
"TeDDi","Хорошо.",7,-0.76594701143047,-0.882952225932004,0.826005608374809,-0.346584499617538,"Cuneiform (Uruk III)"
"TeDDi","Вонзить иглу в мозг пациента",28,1.04011574617101,0.941227470244788,0.394471411572074,-0.346584499617538,"TeDDi"
"TeDDi","Я хочу, чтобы ты удалил это видео со своего ноутбука и телефона..",65,1.22562209055275,1.29114164633562,-0.625719689587211,-0.241442240935469,"TeDDi"
"TeDDi","От боли или...?",15,0.117536824918786,-0.0953560128840807,0.365702465118559,0.614716151189951,"TeDDi"
"TeDDi","Но я абсолютно в порядке.",25,1.04072380748783,1.13954725219842,0.849020765537622,-0.346584499617538,"TeDDi"
"TeDDi","Учитывая смерть Хулио, это справедливо.",39,1.45555333249241,1.31902631111089,0.324393208672486,-0.346584499617538,"TeDDi"
"TeDDi","Благодаря нам город вообще появился.",36,1.0921151704887,1.10072275056679,0.0748164509774574,-0.15432436945604,"TeDDi"
"TeDDi","-  рутой парень!",16,0.865812351438121,0.773439072039087,1.47330690357891,-0.346584499617538,"TeDDi"
"TeDDi","И... мужчина... занимался со мной сексом.",41,0.924307818079021,0.914833148265236,-0.282651352516771,0.326325955947704,"TeDDi"
"TeDDi","Я не Леонардо, а вы - настоящая Мона Лиза.",42,1.04469051976044,1.15601926711127,-0.03706278523066,-0.346584499617538,"TeDDi"
"TeDDi","{АДРИАН вздыхает}",17,1.08696236408247,1.08677598892304,1.73984273101589,-0.346584499617538,"TeDDi"
"TeDDi","Сына официантки.",16,0.566828066842887,0.427517816597784,0.969850340642388,-0.346584499617538,"TeDDi"
"TeDDi","- А радуешься?",14,0.779791152222207,0.729231240982879,1.68907400198028,-0.346584499617538,"TeDDi"
"TeDDi","A pesar de que la gente pensaba que no había peligro para la niña,",66,0.966346762730438,0.784050155656005,-0.769363240411059,-0.346584499617538,"TeDDi"
"TeDDi","Cuyo valor, pesos oro, fué de 100.589.",38,1.28417402071031,1.3476931565721,0.280909780834515,-0.16471680892423,"TeDDi"
"TeDDi","Hasta aqui solo se ha hablado de estos empleados como dependientes",66,0.859829850164838,0.77900530345323,-0.952438354206157,-0.346584499617538,"TeDDi"
"TeDDi","por medio de la fuerza: pero que, estando esta á cargo de los",61,1.03290445226971,0.930228273456537,-0.59829305211072,-0.346584499617538,"TeDDi"
"TeDDi","riéndose á carcajadas y dando dos vueltas al salón. Y mi hermano la",67,1.10922250495179,1.1516254616001,-0.668262058166005,-0.346584499617538,"TeDDi"
"TeDDi","porteros. Y mi hermano Schakalik se aproximó á los que allí estaban y",69,1.35190585184032,1.46534701811638,-0.533222876240566,-0.247627079681473,"TeDDi"
"TeDDi","—Vámonos luégo, señor,",22,0.93932383921811,0.906444889202467,0.878312783744837,-0.346584499617538,"TeDDi"
"TeDDi","Dentro de la maldad se crean virtudes relativas.",48,0.889758972075085,0.875141277021146,-0.62442877532327,-0.346584499617538,"TeDDi"
"TeDDi","obligado a abandonar mis trabajos en la Península, lo haría[p. 184] sin murmurar, lleno el",90,1.3029182619795,1.3610405288629,-0.842593285929099,-0.270976583261893,"TeDDi"
"TeDDi","[279]",5,-0.570927615028397,-0.953851367044598,1.97676346651544,-0.346584499617538,"TeDDi"
"TeDDi","de su expedición.",17,0.568843092618535,0.506673684726618,0.792159789017735,-0.346584499617538,"TeDDi"
"TeDDi","Sí.",3,-1.31236641741546,-1.71905821160227,1.97676346651544,-0.346584499617538,"Cuneiform (Uruk III)"
"TeDDi","Cuando se vayan, te llevaré al hospital.",40,1.09476078779803,1.08816027829837,-0.03706278523066,-0.174043357164912,"TeDDi"
"TeDDi","Me culpa por la pérdida del envío quiere que le devuelva el doble del dinero.",77,0.845791973740736,0.64022934380333,-1.05705270494621,-0.346584499617538,"TeDDi"
"TeDDi","Yo abriré los otros vagones.",28,0.811431490173741,0.8019748214564,0.250626679304495,-0.346584499617538,"TeDDi"
"TeDDi","Andrew Jackson se pone ansioso cuando no cambia su agua.",56,0.976070648261324,0.928654891231535,-0.612441714300974,-0.346584499617538,"TeDDi"
"TeDDi","Abres más espacio y reclutas.",29,1.05233634531091,0.996860125994592,0.449033206570123,-0.346584499617538,"TeDDi"
"TeDDi","Parece que va a tardar un rato.",31,0.526852781956615,0.569244118389928,-0.231949196689962,-0.346584499617538,"TeDDi"
"TeDDi","Makinig ka't isa-isa kong ipaaalaala sa iyo:",44,0.605878642673915,0.542414677347037,-0.586288126615958,0.122887911241933,"TeDDi"
"TeDDi","Ako'y lalakad sa harap ng Panginoon , sa lupain ng mga buhay .",62,1.00483372344517,1.01742358652461,-0.62172201960856,-0.236271310180613,"TeDDi"
"TeDDi","แน่ล่ะ ฉันชอบ",13,0.506391322500918,0.377596708284843,1.35712461982433,-0.346584499617538,"TeDDi"
"TeDDi","แมกซ์ มีรถตามเรามาสองคัน",24,1.08732428665156,1.12470766718571,0.969850340642388,-0.346584499617538,"TeDDi"
"TeDDi","ฉันต้องการความช่วยเหลือของนาย, ถ้านายไม่ปฏิเสธ มันจะดีมาก",57,1.95493018944687,1.967351624583,0.351570351071216,-0.346584499617538,"TeDDi"
"TeDDi","แล้วผู้คนที่อยู่ในเดอะเกลดส์ล่ะ?",32,1.38425975118232,1.32492740330517,0.592257918439995,-0.346584499617538,"TeDDi"
"TeDDi","เช็ท เราต้องกินอยูแล้ว ไม่เป็นไรหรอก",36,1.56035366320019,1.52801095362024,0.63421263201804,-0.346584499617538,"TeDDi"
"TeDDi","โช เล่าให้ฟังว่าคุณถามเขาว่าจะแหกเข้า",37,1.43628720439081,1.35665431795415,0.561642316639803,-0.346584499617538,"TeDDi"
"TeDDi","โอ๊ะ พี่ชาย",11,0.573480288185082,0.392039680555785,1.97676346651544,-0.346584499617538,"TeDDi"
"TeDDi","อย่าไปฟัง",9,0.282216433759098,0.0337128656533815,1.97676346651544,-0.346584499617538,"TeDDi"
"TeDDi","- ไม่",5,-0.570927615028397,-0.953851367044598,1.97676346651544,-0.346584499617538,"TeDDi"
"TeDDi","นี่เลย",6,-0.306296652074619,-0.658505153964198,1.97676346651544,-0.346584499617538,"TeDDi"
"TeDDi","Konutu ve eşyalarını sana göstereceğim örneğe tıpatıp uygun yapın . ”",69,1.28826788608319,1.31867015541536,-0.649966427066427,-0.346584499617538,"TeDDi"
"TeDDi","Daha önce de onun salonunda bulundum.",37,0.771074053738437,0.62329904586229,-0.309201467899053,-0.346584499617538,"TeDDi"
"TeDDi","Aslinda sirtimda bir sorun var.",31,0.859980736769769,0.710854342981562,0.0278993519224416,-0.346584499617538,"TeDDi"
"TeDDi","Sarı bir çantada.",17,0.495156619764331,0.443637059015123,0.792159789017735,-0.346584499617538,"TeDDi"
"TeDDi","Kıştepesi'nden giderim, Nehir Toprakları'na dönerim.",52,1.43045032501947,1.3682977487685,-0.114517641067047,-0.346584499617538,"TeDDi"
"TeDDi","Tamam, ben işe döneyim.",23,0.757649462148652,0.708288752882402,0.400725530366317,-0.346584499617538,"TeDDi"
"TeDDi","Yogayı meditasyonu hatta hipnoterapiyi bile denedim.",52,1.2153174842224,1.10863806535003,-0.424337064412601,-0.214641273036118,"TeDDi"
"TeDDi","Duydum.",7,-0.370002865310177,-0.644956457844183,1.40138453744512,-0.346584499617538,"TeDDi"
"TeDDi","- ...bulacağımızın garantisini veremem.",39,1.21023289385017,1.19820689090895,0.0145737853269329,0.00757889804837847,"TeDDi"
"TeDDi","Bundan daha değerli.",20,0.661016130698667,0.562833479467468,0.567085090293169,-0.346584499617538,"TeDDi"
"TeDDi","Zamana ihtiyacım var.",21,0.668384354064,0.758307328829245,0.63421263201804,-0.346584499617538,"TeDDi"
"TeDDi","- Evet, neden?",14,0.294370574778965,0.118879165391659,0.826005608374809,-0.346584499617538,"TeDDi"
"TeDDi","Sahra Çölü'nde bir sürü ölüm oldu.",34,1.17219968741555,1.13013850258091,0.318318318018651,-0.346584499617538,"TeDDi"
"TeDDi","Gözümüz üzerinde.",17,0.5241684166091,0.465111444300933,0.792159789017735,-0.346584499617538,"TeDDi"
"TeDDi","- Az kaldı baba.",16,0.393602502915268,0.234644443609808,0.718122059174126,-0.346584499617538,"TeDDi"
"TeDDi","Bunu saklayacağım.",18,0.729358551688365,0.787231705281653,1.08172957685051,-0.346584499617538,"TeDDi"
"TeDDi","Beni dinle.",11,0.0247149616355293,-0.218930625778994,0.878312783744837,-0.346584499617538,"TeDDi"
"TeDDi","Yapmamız gereken şeyi değiştirmez.",34,1.09363682292252,1.15816159693531,0.199857950268882,-0.346584499617538,"TeDDi"
"TeDDi","Evet, Ehr...",12,0.133449106249102,-0.054127759224776,0.969850340642388,0.876889055955629,"TeDDi"
"TeDDi","Tatlım...",9,-0.24931118329909,-0.470964111999092,1.08172957685051,1.33569163929557,"TeDDi"
"TeDDi","Bu aşırı çirkin binada öğrendiklerinden bir şeyler hatırlıyor musun, bunca zamandır?",84,1.39658292638245,1.37196053456604,-0.756286446568553,-0.346584499617538,"TeDDi"
"TeDDi","Konuş.",6,-0.306296652074619,-0.658505153964198,1.97676346651544,-0.346584499617538,"TeDDi"
"TeDDi","Niye ki?",8,-0.140257413902718,-0.430343852001542,1.47330690357891,-0.346584499617538,"TeDDi"
"TeDDi","Hỡi Đức Giê-hô-va , Ngài là công bình , Sự đoán xét của Ngài là ngay thẳng .",76,1.59219047620246,1.53111217663643,-0.249044495940774,-0.346584499617538,"TeDDi"
"TeDDi","Gánh nặng lời Đức Giê-hô-va nghịch cùng đất Ha-đơ-rắc , nó sẽ đỗ trên Đa-mách : vì con mắt loài người và mọi chi phái Y-sơ-ra-ên đều ngó lên Đức Giê-hô-va .",156,1.81764912396035,1.55732028907986,-0.914884484709728,-0.346584499617538,"TeDDi"
"TeDDi","Hin nhiên là vy.",16,0.393602502915268,0.330665680672884,0.718122059174126,-0.346584499617538,"TeDDi"
"TeDDi","Ooh, thật đáng sợ.",18,0.798951331606214,0.767115825911441,1.08172957685051,-0.346584499617538,"TeDDi"
"TeDDi","Ronald.",7,-0.0825543609270856,-0.400767037231365,1.97676346651544,-0.346584499617538,"TeDDi"
"TeDDi","Con đây bố. nhưng bố cũng đoán là cái gã nhát ké đó... rất sợ phải đi xuống dưới hầm mỏ.",88,1.63431841274897,1.86899835892326,-0.357444234372086,-0.191892440866908,"TeDDi"
"TeDDi","Bayi li Oluwa awọn ọmọ-ogun , Ọlọrun Israeli wi pe , ẹnyin ti ri gbogbo ibi ti emi ti mu wá sori Jerusalemu , ati sori gbogbo ilu Juda ; si wò o , ahoro ni nwọn li oni yi , ẹnikan kò si gbe inu wọn .",199,1.28162529746739,1.09183671656006,-1.38298686303082,-0.346584499617538,"TeDDi"
