"subcorpus","sequence","num.char","huni.chars","hrate.chars","ttr.chars","rm.chars","mlp.predictions.rd"
"Cuneiform (Uruk III)","N01 _ EN~a _ NUN~a _ N01 _ EN~a _ AMAR _ N01 _ |SZU2.EN~a| _ N01 _ N01 _ IB~a _ ZATU686~a _ N01 _ N01 _ N01",15,-0.622717200311874,-0.357654612705553,-0.485342456472425,0.462084955617856,"Cuneiform (Uruk III)"
"Cuneiform (Uruk III)","N01 _ GAL~a _ SZUBUR _ N01 _ NAM2 _ APIN~a _ N01 _ N01",8,-0.778096972705846,-0.778190711053999,0.193676010712464,0.131233688758075,"Cuneiform (Uruk III)"
"Cuneiform (Uruk III)","N01 _ ZATU707~a _ ZATU686~a _ ZATU707~a _ ZATU707~a _ KA~a _ E2~a _ E2~a _ KA~a _ LAGAB~b _ ZATU707~a",11,-0.448171588254526,-0.465612377842042,-0.147457668973727,0.395914702245901,"Cuneiform (Uruk III)"
"Cuneiform (Uruk III)","N01 _ SANGA~a _ |(BU~a&BU~a).NA2~a| _ N01 _ BUR2",5,-0.847992030323956,-1.09888929849414,0.94417010602208,-0.530468844961491,"Cuneiform (Uruk III)"
"Cuneiform (Uruk III)","ZATU647 _ URUDU@g~c",2,-1.67336214546251,-1.99790239394498,1.80187764351878,-0.530468844961491,"Cuneiform (Uruk III)"
"Cuneiform (Uruk III)","GISZ _ NU11 _ N01 _ N01 _ GISZ _ N01 _ GISZ _ N01 _ IN~b _ N01",10,-1.05967998506986,-0.958969982161312,-0.771244968971328,-0.0158113187351626,"Cuneiform (Uruk III)"
"Cuneiform (Uruk III)","MUSZEN _ N01 _ N01 _ N57 _ GAN2 _ N01 _ NAGA~a _ TUR3~b _ N01 _ |SILA3~axA| _ N01 _ ME~a _ N01 _ KUSZU2~d _ N01 _ N01 _ AN",17,-0.173167964814264,0.17392595155007,0.0360091839667458,0.0485208720431291,"Cuneiform (Uruk III)"
"Cuneiform (Uruk III)","N01 _ NI~a _ N01 _ DUG~c",4,-1.22572955908418,-1.40665060870221,0.729743221647904,-0.530468844961491,"Cuneiform (Uruk III)"
"Cuneiform (Uruk III)","N01 _ N01 _ |DUG~bxX| _ N01 _ |DUG~bxX| _ N01 _ |DUG~bxX| _ N01",8,-1.71415579570573,-1.56783754266987,-1.41452562209386,0.131233688758075,"Cuneiform (Uruk III)"
"Cuneiform (Uruk III)","N01 _ GAL~a _ ISZ~b _ N01 _ GAL~a _ TAG~a2 _ N01 _ SANGA~a _ GAL~a _ N01 _ N01 _ SAG _ SUG5 _ N01 _ UB _ SAG _ N01 _ ZATU725 _ N01 _ N01 _ KAR2~a _ ME~a _ N01 _ GALGA~a _ ME~a _ N01 _ LAGAR~a _ IB~a _ N01 _ LAGAR~a _ GAR _ N01 _ MUSZ3~a _ ME~a _ N01 _ N01 _ GAL~a _ SZAGAN _ N01 _ ENGIZ _ N01 _ ENDIB",42,0.42061142302967,0.986808953588476,-0.546607280579336,-0.191548035007567,"Cuneiform (Uruk III)"
"Cuneiform (Uruk III)","N01 _ TA~c _ N01 _ USZ~a _ N01",5,-1.34126299743387,-1.35048522870303,0.0864625685253758,-0.530468844961491,"Cuneiform (Uruk III)"
"Cuneiform (Uruk III)","GUKKAL~c _ N01 _ KAL~a _ AB2 _ N01 _ GA~b _ AMAR _ N14 _ SUHUR _ N14 _ KAR2~b _ N01 N01 N01 _ KAD4~a _ N01 _ N14 _ UD5~a",18,0.156658720816712,0.281404151509157,0.134112987275192,0.0144626533957966,"Cuneiform (Uruk III)"
"Cuneiform (Uruk III)","N01 _ KAB _ N01 _ NAM2 _ DI _ N01 _ NAM2 _ NAM2 _ N01 _ NAM2 _ URU~a1 _ N01",12,-0.82212092627178,-0.695072240614685,-0.699769340846601,-0.109385414412676,"Cuneiform (Uruk III)"
"Cuneiform (Uruk III)","N01 _ SZEN~a _ N01 _ URI _ N01",5,-1.34126299743387,-1.35048522870303,0.0864625685253758,-0.530468844961491,"Cuneiform (Uruk III)"
"Cuneiform (Uruk III)","N01 _ GAL~a _ N01 _ GAL~a _ NIM~a _ N01 _ GAL~a _ N01 _ GAL~a",9,-1.32228639352244,-1.38891783987157,-1.05714748147023,-0.530468844961491,"Cuneiform (Uruk III)"
"Cuneiform (Uruk III)","N01 _ GAL~a _ NESAG2~a _ N01 _ GAL~a _ TUR3~a",6,-0.851243866945993,-1.11883714925414,0.372365081024279,-0.530468844961491,"Cuneiform (Uruk III)"
"Cuneiform (Uruk III)","N01 _ N01 _ SANGA~a _ |ZATU737xU4| _ N01 _ SANGA~a _ |ZATU737xSAL| _ N01 _ N01 _ N01 _ LAGAR~a _ N01 _ MUSZ3~a",13,-0.746815589336546,-0.462447577760969,-0.507334957433879,0.627510589047749,"Cuneiform (Uruk III)"
"Cuneiform (Uruk III)","N01 _ N01 _ GAL~a _ UTUL~a _ N01 _ |NUN~a+EN~a| _ UTUL~a _ N01 _ TAR~a _ UTUL~a",10,-0.736521444776239,-0.665625765311449,-0.342391200222976,-0.0158113187351626,"Cuneiform (Uruk III)"
"Cuneiform (Uruk III)","GAN~a _ N01 _ N57 N57 N57 N57 N57 _ GAN~a _ N01 _ GAN~a _ N01 _ |DUG~bxSZE~a| _ |DUG~bxBALA~a| _ N01 _ N01 _ |DUG~bxX| _ N01 _ N34",18,-0.420769433904925,-0.209198016938112,-0.818895387721145,0.831859900931735,"Cuneiform (Uruk III)"
"Cuneiform (Uruk III)","N01 _ N01 _ BU~a _ NUN~a _ SANGA~a _ N01 _ BU~a _ SANGA~a",8,-0.862575033960371,-0.979945467519217,-0.342391200222976,0.131233688758075,"Cuneiform (Uruk III)"
"Cuneiform (Uruk III)","N01 _ SAR~b _ N01",3,-1.74650903970266,-1.86926873867638,0.372365081024279,-0.530468844961491,"Cuneiform (Uruk III)"
"Cuneiform (Uruk III)","N01 _ ABGAL _ N01 _ KINGAL _ N01 _ GA~a _ N01 _ GAL~a _ KISAL~b2 _ N01 _ GAL~a _ NIM~a _ N01 _ GAL~a _ N01 _ GAL~a _ N01 _ ERIN _ UMUN2 _ N01",20,-0.334527239129489,-0.0234581033488092,-0.556818084597152,-0.530468844961491,"Cuneiform (Uruk III)"
"Cuneiform (Uruk III)","N01 _ |DUG~bxBALA~a| _ N01 _ |DUG~bxKASKAL| _ N34",5,-0.847992030323956,-1.0441290799776,0.94417010602208,-0.530468844961491,"Cuneiform (Uruk III)"
"Cuneiform (Uruk III)","N01 _ UMUN2 _ KU3~a _ N01 _ AB~a _ UMUN2 _ KU3~a _ N01 _ GAL~a _ AK~a _ N01 _ GAL~a _ IM~a _ N01 _ N01 _ N01",16,-0.422871668538527,-0.349970206948698,-0.610424805690696,0.0871201865101022,"Cuneiform (Uruk III)"
"Cuneiform (Uruk III)","AMAR _ BA",2,-1.67336214546251,-1.99790239394498,1.80187764351878,-0.530468844961491,"Cuneiform (Uruk III)"
"Cuneiform (Uruk III)","N01 _ SZEN~a _ N01 _ URI _ MUD3~a _ N01 _ SUH3 _ N01",8,-0.778096972705846,-0.725626482215458,0.193676010712464,-0.530468844961491,"Cuneiform (Uruk III)"
"Cuneiform (Uruk III)","AMAR _ AMAR _ AMAR _ N01 _ SAG _ AMAR _ N01 _ SAG _ DARA4~a1 _ AMAR",10,-0.992097536066235,-0.872803755755562,-0.771244968971328,0.498846207491166,"Cuneiform (Uruk III)"
"Cuneiform (Uruk III)","N01 _ N01 _ SZA _ N01 _ UB _ SAG _ N01 _ ZATU725",8,-0.778096972705846,-0.613265196456891,0.193676010712464,0.131233688758075,"Cuneiform (Uruk III)"
"Cuneiform (Uruk III)","SZE~a _ N01 _ SZE~a",3,-1.74650903970266,-1.86926873867638,0.372365081024279,-0.530468844961491,"Cuneiform (Uruk III)"
"Cuneiform (Uruk III)","N01 _ N01",2,-2.56862731821918,-2.3277534231392,-0.342391200222976,4.10144889107547,"Cuneiform (Uruk III)"
"Cuneiform (Uruk III)","N01 _ GAL~a _ IM~a _ N01 _ IM~a _ TUR",6,-0.851243866945993,-1.04553692054431,0.372365081024279,-0.530468844961491,"Cuneiform (Uruk III)"
"Cuneiform (Uruk III)","N01 _ HI _ N01 _ N58 N58 N58 N58 N58 N58 N58 N58 N58 _ NI~b _ N01 _ IR~a _ N01 _ NE~a _ IR~a _ N01 _ DIN _ IR~a _ N01 _ SU~a _ NI~b _ N01 _ |DUG~bxX| _ N01 _ |DUG~bxX| _ N01 _ |DUG~bxX| _ N01 _ |DUG~bxX| _ N01 _ |DUG~bxX|",34,-0.250782209949198,-0.199792701115577,-1.35145889139557,0.592420303168679,"Cuneiform (Uruk III)"
"Cuneiform (Uruk III)","N01 _ |DUG~bxSZAH2~a| _ N01 _ |DUG~bxANSZE~d| _ N01 _ N01 _ |DUG~bxX|",7,-1.07846042637019,-0.951184903454676,-0.0360670796884411,0.241517444378004,"Cuneiform (Uruk III)"
"Cuneiform (Uruk III)","N01 _ NAMESZDA _ N01 _ NAM2 _ KAB _ N01 _ NAM2 _ DI _ N01 _ NAM2 _ NAM2 _ N01 _ NAM2 _ URU~a1 _ N01 _ NAM2 _ ERIN _ N01 _ GAL~a _ SZUBUR _ N01 _ N01 _ N01 _ NAM2 _ PA~a _ RAD~a _ N01 _ AB~a _ ME~a _ N01 _ |1(N58).BAD~a| _ GAL~a _ N01 _ EN~a _ IB~a _ N01 _ SZITA~a1 _ N01 _ ABGAL _ N01 _ KINGAL _ N01 _ N01 _ N01 _ SIG2~c1 _ GA~a _ N01 _ GAL~a _ NIM~a _ N01 _ GAL~a _ KISAL~b1 _ N01 _ SILA4~a _ N01 _ SZAB~a _ GAL~a _ N01 _ N01 _ UMUN2 _ ERIN _ N01 _ SANGA~a _ UMUN2 _ N01 _ AK~a _ N01 _ SANGA~a _ SUHUR _ N01 _ GAL~a _ SUHUR _ N01 _ N14 N14 N14 _ N01 N01 N01 N01 N01 N01 _ LAGAB~a",83,0.614362081655137,1.46254681024375,-0.884917052254026,0.203859576605346,"Cuneiform (Uruk III)"
"Cuneiform (Uruk III)","N01 _ N01 _ GAL~a _ GISZGAL _ N01 _ GAL~a _ |ZATU737xX| _ N01 _ SANGA~a _ |ZATU737xDI| _ N01 _ SANGA~a _ |ZATU737xX|",13,-0.468467731722692,-0.450497858809953,-0.507334957433879,-0.144475700291744,"Cuneiform (Uruk III)"
"Cuneiform (Uruk III)","N01 _ N01 _ N01 _ GA2~b _ N01 _ UR~a _ N01 _ GA2~a3 _ N01 _ URU~a1 _ N01 _ N01 _ N01 _ GAL~a _ TE _ N01 _ TE _ |NUN~a+EN~a| _ N01 _ RAD~b _ N01 _ N01 _ NUN~a _ N01 _ N01 _ NAGA~a _ N01 _ PAP~a _ N01",29,-0.426332450938613,0.482336044815341,-0.712092725006038,0.462084955617856,"Cuneiform (Uruk III)"
"Cuneiform (Uruk III)","N01 _ GISZIMMAR~b1 _ GISZIMMAR~b1 _ N01 _ GIR2~a _ N01 _ AN _ GIR2~a _ N01",9,-0.924390761186139,-0.927835159648222,-0.580643293972063,0.0485208720431291,"Cuneiform (Uruk III)"
"Cuneiform (Uruk III)","N01 _ E2~a _ GAN~a _ N01 _ |DUG~bxSZE~a|",5,-0.847992030323956,-1.09888929849414,0.94417010602208,-0.530468844961491,"Cuneiform (Uruk III)"
"Cuneiform (Uruk III)","N01 _ MA _ N01 _ GU4 _ A _ N01 _ AD~a _ A _ N01 _ BU~a",10,-0.489885961221289,-0.530575116835948,0.0864625685253758,-0.530468844961491,"Cuneiform (Uruk III)"
"Cuneiform (Uruk III)","N01 _ N01 _ KISAL~b1 _ N01 _ NIM~a _ N01 _ N01 _ EN~a _ NUN~a _ N01 _ EN~a _ AMAR _ N01 _ |SZU2.EN~a| _ AN _ N01 _ NAM2 _ N01 _ N01 _ BU~a _ NUN~a _ N01",22,-0.287583308568669,0.187855546186153,-0.537324731472225,0.131233688758075,"Cuneiform (Uruk III)"
"Cuneiform (Uruk III)","GISZ _ NAM2 _ N01 _ GISZ _ NU11 _ N01 _ GISZ _ KIN2~c _ N01 _ N01 _ GISZ _ |SZE~a.KIN2~c| _ N01 _ GISZ _ DUB~b _ N01 _ GISZ _ N01 _ SI _ GISZ",20,-0.458684578207578,-0.144526249538946,-0.771244968971328,-0.286683700959546,"Cuneiform (Uruk III)"
"Cuneiform (Uruk III)","SUM~a _ ZATU751~a",2,-1.67336214546251,-1.99790239394498,1.80187764351878,-0.530468844961491,"Cuneiform (Uruk III)"
"Cuneiform (Uruk III)","N01 _ N01 _ EN~a _ N01",4,-1.84231826797157,-1.64002639644498,-0.342391200222976,1.01350373371749,"Cuneiform (Uruk III)"
"Cuneiform (Uruk III)","N01 _ KI _ |SAG+NAM2| _ N01 _ DU _ AN _ NUN~a _ AD~a _ N01 N01 N01 N01 N01 _ MUNU3 _ N14 _ KAR2~a _ ME~a _ N01 N01 N01 _ KAD4~b _ N01 N01 N01 _ ZA~v",25,-0.133839502062743,0.303981856816057,-0.256620446473306,1.01350373371749,"Cuneiform (Uruk III)"
"Cuneiform (Uruk III)","N01 _ N01 _ SI _ KAK~a",4,-1.22572955908418,-1.31017536725076,0.729743221647904,1.01350373371749,"Cuneiform (Uruk III)"
"Cuneiform (Uruk III)","N01 _ APIN~a _ SUHUR _ N01 _ MAR~a _ APIN~a _ N01 _ N01 _ DILMUN _ ZAG~a _ N01 _ GAL~a _ DU6~b _ N01 _ N01",15,-0.363178898900964,-0.12148244731401,-0.199439943973527,0.131233688758075,"Cuneiform (Uruk III)"
"Cuneiform (Uruk III)","N01 _ NAMESZDA _ N01",3,-1.74650903970266,-1.86926873867638,0.372365081024279,-0.530468844961491,"Cuneiform (Uruk III)"
"Cuneiform (Uruk III)","N01 _ N01 _ N01",3,-2.56862731821918,-2.08916942480586,-1.05714748147023,4.10144889107547,"Cuneiform (Uruk III)"
"Cuneiform (Uruk III)","N01 _ AB~a _ ME~a _ N01 _ GAL~a _ KISAL~b2",6,-0.552822142693773,-0.790240129939792,1.08712136227153,-0.530468844961491,"Cuneiform (Uruk III)"
"Cuneiform (Uruk III)","N01 _ GISZ _ GI _ BU~a _ GI _ NAM2 _ GISZ _ GI _ N01 _ LI _ GISZ _ N01 _ GISZ _ ERIM~a _ N01 _ U4 _ GISZ _ N01 _ GISZ _ N01 _ HI _ GISZ _ GISZ _ NAGA~a _ AN _ E2~b _ GISZ _ N01 _ GISZ _ NUN~a _ N01 _ NAM2 _ E2~b _ N01 _ GISZ@t _ E2~b _ N01 _ GISZ _ PU2 _ N01 _ GISZ _ PU2 _ N01 _ KI _ GISZ _ N01 _ GISZ _ APIN~b _ KI _ N01 _ SIG _ LISZ _ N01 _ GISZ _ GI _ N01 _ |BAD&BAD| _ N01 _ BAD _ N01 _ TAG~b _ N01 _ SI _ TAG~b _ N01 _ SI _ NIM~a _ N01 _ AL _ N01 _ NAM2 _ AL _ GISZ _ N01 _ AL _ GAZI _ N01 _ N01 _ KIN _ N01 _ KIN _ SZU _ N01 _ KIN _ N01 _ GISZ _ N01 _ GISZ _ N01 _ GISZ _ KA~a _ N01 _ GISZ _ TAG~a1 _ N01 _ GISZ _ SAG _ N01 _ N01 _ GISZ _ SIG _ N01 _ U4 _ GISZ _ N01 _ GISZ _ N01 _ GISZ _ N01 _ N01 _ GISZ _ DA~a _ N01 _ |NINDA2xGISZ| _ N01 _ GISZ _ N01 _ GISZ _ N01 _ GISZ _ N01 _ GISZ _ N01 _ NAMESZDA _ E2~b",125,0.540580396131039,1.14257155350242,-1.32017779296922,-0.381052143799009,"Cuneiform (Uruk III)"
"Cuneiform (Uruk III)","N01 N01 N01 _ ZA~v _ N01 N01 N01 N01 _ GIR2~a _ AN _ N14 _ DA~a _ KASZ~a _ KISZ",14,-0.416698600819924,-0.0188875659171848,-0.0360670796884411,1.25103797659119,"Cuneiform (Uruk III)"
"Cuneiform (Uruk III)","EN~a _ N01 _ EN~a _ SIG2~b _ N01 _ EN~a _ TUG2~a _ E2~b",8,-0.638758740771205,-0.733535000924316,0.193676010712464,-0.530468844961491,"Cuneiform (Uruk III)"
"Cuneiform (Uruk III)","N01 _ N01 _ KU6~a _ N01",4,-1.84231826797157,-1.64002639644498,-0.342391200222976,1.01350373371749,"Cuneiform (Uruk III)"
"Cuneiform (Uruk III)","MUSZEN _ N01 _ SZEN~b _ MUSZEN _ MUSZEN",5,-1.34126299743387,-1.40524544721956,0.0864625685253758,0.627510589047749,"Cuneiform (Uruk III)"
"Cuneiform (Uruk III)","N01 _ NAM2 _ URU~a1 _ N01 _ NAM2 _ ERIN _ N01 _ SZUBUR _ N01 _ N01 _ |SZE~a.NAM2| _ N01 _ GAL~a _ SZITA~a1 _ N01 _ ABGAL _ N01 _ KINGAL _ N01 _ GAL~a _ TE _ N01 _ GAL~a _ N01 _ GADA~a _ SUKKAL _ N01 _ SILA4~a _ N01 _ GAL~a _ SZAB~a _ N01 _ BU~a _ SZAB~a _ N01 _ NESAG2~b _ N01 _ N01 _ GAL~a _ UMUN2 _ N01 _ SUHUR _ SANGA~a _ N01 _ SUHUR _ GAL~a _ N01 _ DUB~a _ SANGA~a _ N01 _ SANGA~a _ GAL~a _ N01 _ SUG5 _ SAG _ N01 _ |ZATU737xGAR| _ N01 _ ISZ~b _ GAL~a _ N01",61,0.526989560447854,1.28210100051063,-0.729062631061652,-0.376071587093592,"Cuneiform (Uruk III)"
"Cuneiform (Uruk III)","N01 _ NAMESZDA _ N01 _ NAM2 _ KAB _ N01 _ NAM2 _ DI _ N01 _ NAM2 _ NAM2 _ N01 _ NAM2 _ URU~a1 _ N01 _ N01 _ GADA~a _ SUKKAL _ N01 _ GAL~a _ GA~a _ N01 _ SIG2~b _ GA~a _ N01 _ GAL~a _ KISAL~b1 _ N01",28,0.0194100244826466,0.408455233360989,-0.648715320757512,-0.187363827477272,"Cuneiform (Uruk III)"
"Cuneiform (Uruk III)","SUM~a _ SUM~a _ SUM~a _ SUM~a _ SUM~a _ SUM~a _ SUM~a _ N01 _ AN _ HI _ N01 _ KAR2~a _ KAB _ N01 _ ZATU684 _ AMA~b _ N01 _ NI~b _ BAHAR2~a _ N01 _ DU _ |GISZxSZU2~b| _ N01 _ SAR~a _ A _ N01 _ GISZ _ SAR~a _ A _ N01 _ SAR~a _ A",32,0.42040404139909,0.680527745967623,-0.476408002956836,0.366031362013404,"Cuneiform (Uruk III)"
"Cuneiform (Uruk III)","ZA~v _ AN _ GIR2~a _ DA~a _ KISZ _ GA~b _ GARA2~a _ N01 _ N01 _ N01 N01 N01 N01 N01 _ MUNU3 _ N01 N01 N01 N01 N01 _ N01 N01 N01 N01 N01",25,-0.899511530385138,-0.753319692837986,-0.942786476470669,2.36447974006161,"Cuneiform (Uruk III)"
"Cuneiform (Uruk III)","N01 _ NAR _ N01 _ SZA3~a1 _ N01 N01 N01 _ ZA~v _ N01 N01 N01 N01 _ GIR2~a _ AN _ N01 _ N45 _ N45",17,-0.764005111690673,-0.27311805514868,-0.720791584412699,1.20650030605237,"Cuneiform (Uruk III)"
"Cuneiform (Uruk III)","N01 _ N01 _ KAR _ N01 _ N01 _ N01 _ N01 _ N01 _ A _ N01 _ NI2 _ N01 _ EN~a _ ZATU647 _ BA _ N01 _ EN~a _ TUG2~a _ ZATU647 _ BA _ N01 _ BU~a _ NAGAR~b _ N01 _ MUSZ3~a _ N01 _ KI _ N01 _ KI _ N01 _ N01 _ TE _ KI _ N01 _ DI _ NAM2 _ KI _ N01 _ NIR~a _ SZAGAN _ N01 _ NIR~a _ N01 _ GAL~a _ SIMUG _ KI _ N01 _ KU3~a _ AB~a _ N01 _ GAL~a _ N01 _ SAG _ N01 _ AK~a",55,0.4643039135772,1.21272250934485,-0.693271556471629,-0.0158113187351626,"Cuneiform (Uruk III)"
"Cuneiform (Uruk III)","N01 _ N01 _ ZATU725 _ N01 _ DAM _ N01 _ BU3 _ N01 _ KAR2~a _ ME~a _ N01 _ GALGA~a _ ME~a _ N01 _ LAGAR~a _ IB~a _ N01 _ LAGAR~a _ GAR _ N01 _ MUSZ3~a _ ME~a _ N01 _ N01 _ N01 _ N01 _ N01 _ N01 _ N01 _ UNUG~a _ N01",31,-0.335133343840548,0.234692467770013,-0.826580939132408,0.550311960113798,"Cuneiform (Uruk III)"
"Cuneiform (Uruk III)","SANGA~a _ ENKUM _ N01 _ NINKUM _ N01 _ GAL~a _ ISZ~a _ N01 _ GAL~a _ N01 _ MUSZ3~a _ N01 _ DU _ EZEN~b _ N01 _ GAL~a _ ZAG~a _ N01 _ GAL~a _ SIPA _ N01 _ GAL~a _ GURUSZDA",23,0.0950701173609284,0.301697835047886,-0.249162120060289,-0.530468844961491,"Cuneiform (Uruk III)"
"Cuneiform (Uruk III)","GA'AR~a1 _ GA'AR~a1 _ U4 _ TUG2~a@g _ GI6 _ TUG2~a _ N01 _ GI6 _ TUG2~a@g _ N01 _ GI _ TUG2~a _ N01 _ GI _ TUG2~a@g _ N01 _ NE~a _ TUG2~a _ NE~a _ TUG2~a@g _ N01 _ N01 _ TUR _ N01 _ BUR2 _ TUR _ N01 _ N57 _ GISZ@t _ TUG2~a _ N01 _ N57 _ GISZ@t",33,0.35958650089258,0.298438489999375,-0.927191793970728,-0.240973986459181,"TeDDi"
"Cuneiform (Uruk III)","N01 _ GA'AR~a1 _ N01 _ GISZ _ GA'AR~a1 _ N01 _ SZE3@t _ GA'AR~a1",8,-0.947053095214905,-0.980923272819978,-0.342391200222976,-0.530468844961491,"Cuneiform (Uruk III)"
"Cuneiform (Uruk III)","DU7 _ N01 _ IM~a _ AD~a _ N01 _ |BU~a+DU6~a| _ N57 N57 _ N01 _ SAR~c _ HI _ N01 _ GI6 _ N04 _ N01 _ TUR _ |SZE~a&SZE~a| _ N01 _ SUKKAL _ E2~a _ LU2 _ DA~a",22,0.711205966410356,0.931913453592697,0.632276456023277,-0.309901333721636,"TeDDi"
"Cuneiform (Uruk III)","GA~a _ GA~a _ GAL~a _ IM~a _ N01 _ IM~a _ TUR",7,-0.566880327652097,-0.677230373535683,0.576581161380634,0.241517444378004,"Cuneiform (Uruk III)"
"Cuneiform (Uruk III)","N01 _ SANGA~a _ |ZATU737xU4| _ N01 _ SANGA~a _ |ZATU737xSAL| _ N01 _ GAL~a _ ISZ~b _ N01 _ N01 _ N01",12,-0.665459557699809,-0.485610269921159,-0.342391200222976,0.311698016136139,"Cuneiform (Uruk III)"
"Cuneiform (Uruk III)","N01 _ N01 _ GAL~a _ KISAL~b3 _ N01 _ GAL~a _ NIM~a _ N01",8,-1.00191326589501,-0.932685652094257,-0.342391200222976,0.131233688758075,"Cuneiform (Uruk III)"
"Cuneiform (Uruk III)","|DUG~bxSIG7| _ N01 _ |DUG~bxSIG7| _ NIM~a _ AGAR2 _ PU2 _ PU2 _ PU2 _ E2~a _ N01 _ ALIM _ NUN~a _ N01 _ |ZATU662x1(N14)| _ N01 _ EN~a _ |ZATU662x1(N14)| _ N01 _ ZATU662 _ N01 _ EN~a _ ZATU662 _ N01 _ SZA3~a1 _ AB2 _ N01 _ SZA3~a1 _ AB2 _ TUG2~a@g _ N01 _ LUM _ TUG2~a _ N01 _ LUM _ A _ TUG2~a@g _ N01 _ N57 N57 N57 _ AB2 _ TUG2~a _ N01 _ N57 N57 N57 _ AB2",47,0.741595914855359,0.669708480233395,-0.844241355141262,0.0736943379998534,"TeDDi"
"Cuneiform (Uruk III)","GAN~b _ GAN~b _ BAPPIR~d _ U4 _ |DUG~bxSIG7| _ N01 _ NAGA~a _ GA'AR~a1 _ N01 _ KA~a _ GA'AR~a1 _ N01 _ UR4~a _ GA'AR~a1",14,0.103943464705587,0.00531503538782448,0.270257040846099,-0.174167480650956,"TeDDi"
"Cuneiform (Uruk III)","GA'AR~a1 _ GA'AR~a1 _ SZE3@t _ GA'AR~a1 _ GA'AR~a1 _ GUG2 _ GA'AR~a1 _ GA'AR~a1",8,-1.61850197478241,-1.1842686420345,-0.878458411158416,1.45463875619721,"Cuneiform (Uruk III)"
"Cuneiform (Uruk III)","N01 _ AN _ N01 _ GIR2~a _ UDU~a _ N01 _ GIR2~a _ UDU~a _ N01 _ GIR2~a _ AB2",11,-0.67238566421358,-0.931640826155852,-0.537324731472225,-0.530468844961491,"Cuneiform (Uruk III)"
"Cuneiform (Uruk III)","GIR2~a _ GIR2~a _ DIM~c _ DIM~c _ DIM~c _ N01 _ N01 _ DILMUN _ TUN3~a _ N01 _ NAGAR~b _ N01 _ AN _ NAGAR~b _ N01 _ NAGAR~b _ SZITA~a1 _ N01 _ AN _ NAGAR~b _ N01 _ N01",22,-0.234727654322541,-0.216279987857882,-0.927191793970728,0.572368711237785,"Cuneiform (Uruk III)"
"Cuneiform (Uruk III)","KU6~a _ GU _ SZU2 _ GU _ N01 _ NAGAR~b _ N01 _ NAGAR~b _ N57 N57 _ N01 _ NAGAR~b _ AN _ TAK4~a _ N01 _ NAGAR~b _ BUR~a _ NAGAR~b _ BUR~a",19,0.0276879670889096,-0.0802078593451798,-0.455247455156752,-0.273140081848326,"Cuneiform (Uruk III)"
"Cuneiform (Uruk III)","N01 _ AB2 _ N01 _ AB2 _ N01 _ AB2 _ N01 _ AB2 _ N01 _ SZAH2~a _ N01 _ N57 N57 N57 _ ZAG~a _ AB2 _ N01 _ DARA4~a1 _ ZAG~a _ N01 _ HI _ SAG _ AB2 _ N01 _ AB2 _ AB2 _ N01 _ AB2",28,-0.455083880224212,-0.132400820509255,-1.26136356182659,-0.0158113187351626,"Cuneiform (Uruk III)"
"Cuneiform (Uruk III)","NAM2 _ N01 _ GISZ _ NU11 _ N01 _ GISZ _ KIN2~c _ N01 _ GISZ _ GI6 _ KIN2~c _ N01 _ GISZ _ BU~a _ GI _ N01 _ GISZ _ N01",18,-0.283749720818837,-0.278865185661793,-0.580643293972063,-0.530468844961491,"Cuneiform (Uruk III)"
"Cuneiform (Uruk III)","N01 _ N01 _ N01 _ HI _ SAR~c _ N01 _ GISZ _ N01 _ BIR3~c _ APIN~a _ N01 _ GI",12,-0.516248695573695,-0.126462131918878,0.0149869404006492,0.311698016136139,"Cuneiform (Uruk III)"
"Cuneiform (Uruk III)","N01 _ BALA~a _ MUSZEN _ RAD~a _ ISZ~b",5,-0.489885961221289,-0.835008475138763,1.80187764351878,-0.530468844961491,"TeDDi"
"Cuneiform (Uruk III)","N01 _ N01 _ BA _ SAG _ N01 _ SIG2~b _ N01 _ KA~a _ ZAG~a _ N01 _ SZENNUR~a _ N01 _ |EZEN~axSU~a| _ N01 _ GI _ UNUG~a _ N01 _ SZAM2 _ KI _ N01",20,0.0235788299731782,0.538712989268303,0.0864625685253758,-0.286683700959546,"Cuneiform (Uruk III)"
"Cuneiform (Uruk III)","UTUA~b _ UD5~a _ MASZ2 _ N01 _ GI _ N01 _ ZI~a _ GI _ N01 _ |GI&GI| _ SZE3 _ N01 _ APIN~a _ E2~b _ PIRIG~b1 _ N01 _ N01 _ GI _ N01 _ TAR~a _ ZATU751~a _ N01 _ ZI~a _ N01 _ DI _ ZATU751~a",26,0.355695082749057,0.481820258170509,-0.177447443012074,-0.345192135520013,"Cuneiform (Uruk III)"
"Cuneiform (Uruk III)","NUN~a _ A _ N01 _ N01 _ N01 _ KI",6,-0.963881281952029,-1.04553692054431,0.372365081024279,1.32229824945329,"Cuneiform (Uruk III)"
"Cuneiform (Uruk III)","GAL~a _ UDU~c _ N01 _ GAL~a _ N01 _ GAL~a _ N01 _ SZAB~a _ N01",9,-0.999482371190169,-1.01432581690644,-0.580643293972063,-0.530468844961491,"Cuneiform (Uruk III)"
"Cuneiform (Uruk III)","EZEN~b _ AN _ E2~a _ A _ NI2",5,-0.489885961221289,-0.835008475138763,1.80187764351878,-0.530468844961491,"TeDDi"
"Cuneiform (Uruk III)","NAM2 _ NAM2 _ URU~a1 _ NAM2 _ ERIN _ GAL~a _ SZUBUR _ NAM2 _ APIN~a _ N01 _ N01",11,-0.28539610229877,-0.196222856603208,0.242409393524775,0.395914702245901,"Cuneiform (Uruk III)"
"Cuneiform (Uruk III)","DU _ EZEN~b _ N01 _ GAL~a _ ZAG~a _ NESAG2~a _ ZAG~a _ ZAG~a _ DILMUN _ ZAG~a _ N01 _ SANGA~a _ GURUSZDA _ N01 _ GAL~a _ N01 _ USZUMGAL _ N01 _ GAL~a _ UR3~a2 _ N01 _ KAB _ GI _ AB~b _ N01 _ UNUG~a _ N01",27,0.469540429166818,0.692282325849433,-0.10413910647389,-0.352318162806223,"Cuneiform (Uruk III)"
"Cuneiform (Uruk III)","GAL~a _ GAR _ GAL~a _ GUG2 _ GUG2",5,-1.20609809942662,-1.35048522870303,0.0864625685253758,0.627510589047749,"Cuneiform (Uruk III)"
"Cuneiform (Uruk III)","N01 _ NAM2 _ ERIN _ GAL~a _ LA2 _ NAM2 _ APIN~a",7,-0.311090278293046,-0.582987222337337,1.18922940244971,-0.530468844961491,"TeDDi"
"Cuneiform (Uruk III)","N01 _ SANGA~a _ NUN~a _ N01 _ GAL~a",5,-0.847992030323956,-1.09888929849414,0.94417010602208,-0.530468844961491,"Cuneiform (Uruk III)"
"Cuneiform (Uruk III)","N01 _ SANGA~a _ |ZATU737xU4| _ N01 _ SANGA~a _ |ZATU737xSAL| _ N01",7,-0.919216732730603,-1.07408707530713,-0.0360670796884411,-0.530468844961491,"Cuneiform (Uruk III)"
"Cuneiform (Uruk III)","N01 _ NAMESZDA _ N01 _ NAM2 _ KAB _ N01 _ NAM2 _ DI",8,-0.638758740771205,-0.780794816349289,0.193676010712464,-0.530468844961491,"Cuneiform (Uruk III)"
"Cuneiform (Uruk III)","GAL~a _ GAL~a",2,-2.56862731821918,-2.3277534231392,-0.342391200222976,4.10144889107547,"Cuneiform (Uruk III)"
"Cuneiform (Uruk III)","ISZ~b _ TAG~a1 _ GAL~a _ SANGA~a _ SANGA~a",5,-0.847992030323956,-1.14136462386418,0.94417010602208,0.627510589047749,"Cuneiform (Uruk III)"
"Cuneiform (Uruk III)","N01 _ GAL~a _ N01 _ GAL~a",4,-1.67336214546251,-1.82363522324594,-0.342391200222976,-0.530468844961491,"Cuneiform (Uruk III)"
"Cuneiform (Uruk III)","N01 _ GAL~a _ |1(N58).BAD~a| _ N01 _ EN~a _ IB~a",6,-0.552822142693773,-0.790240129939792,1.08712136227153,-0.530468844961491,"Cuneiform (Uruk III)"
"Cuneiform (Uruk III)","N34 _ N01 _ MUSZEN _ N01 _ ISZ~b _ N01 _ N14 _ SUHUR _ N14 _ KAR2~b _ N01 N01 N01 _ KAD4~a",14,-0.279741609332986,-0.104238077063464,-0.0360670796884411,0.182133883659581,"Cuneiform (Uruk III)"
"Cuneiform (Uruk III)","N14 _ GA~a _ N14 _ AB2 _ N01 _ GU4",6,-0.552822142693773,-0.744606614509348,1.08712136227153,-0.530468844961491,"Cuneiform (Uruk III)"
"Cuneiform (Uruk III)","U8 _ UDUNITA~a _ UD5~a _ N14 _ N14 _ N01 N01 N01 _ KAD4~a _ N01 N01 N01",12,-0.665459557699809,-0.658641392728954,-0.342391200222976,1.57494830778258,"Cuneiform (Uruk III)"
"Cuneiform (Uruk III)","N01 _ N01 _ GI _ N01",4,-1.84231826797157,-1.64002639644498,-0.342391200222976,1.01350373371749,"Cuneiform (Uruk III)"
"Cuneiform (Uruk III)","N01 _ SZENNUR~a _ N01 _ GISZ _ N01 _ GI _ N01 _ GI _ ZI~a _ N01 _ GI _ ZI~a _ SZE3 _ N01 _ PIRIG~b1",15,-0.399776029216458,-0.332705970318136,-0.485342456472425,-0.530468844961491,"Cuneiform (Uruk III)"
"Cuneiform (Uruk III)","UD5~a _ MASZ2",2,-1.67336214546251,-1.99790239394498,1.80187764351878,-0.530468844961491,"Cuneiform (Uruk III)"
"Cuneiform (Uruk III)","N01 _ NAGAR~b _ N01 _ NAGAR~b _ N01 _ AN _ N01 _ NAGAR~b",8,-1.31020762033871,-1.27607305543498,-0.878458411158416,-0.530468844961491,"Cuneiform (Uruk III)"
"Cuneiform (Uruk III)","NAGAR~b _ AN _ N01 _ NAGAR~b _ SZITA~a1 _ N01 _ NAGAR~b _ AN _ SZITA~a1",9,-0.800534555022014,-1.0758892751174,-0.580643293972063,-0.530468844961491,"Cuneiform (Uruk III)"
"Cuneiform (Uruk III)","N01 _ NI~a _ N01 _ DUG~b _ N01",5,-1.34126299743387,-1.35048522870303,0.0864625685253758,-0.530468844961491,"Cuneiform (Uruk III)"
"Cuneiform (Uruk III)","N01 _ N01 _ EN~a _ BA _ ZATU647 _ N01 _ EN~a _ BA _ ZATU647 _ TUG2~a _ N01 _ ILDUM~b _ N01",13,-0.468467731722692,-0.556959784581127,-0.507334957433879,-0.144475700291744,"Cuneiform (Uruk III)"
"Cuneiform (Uruk III)","N01 _ N01 _ KU6~a _ A _ N01",5,-1.34126299743387,-1.27330503554187,0.0864625685253758,0.627510589047749,"Cuneiform (Uruk III)"
"Cuneiform (Uruk III)","N01 _ SAG _ DARA4~a1 _ N01 _ N01 _ U4 _ AL _ GU4 _ GU4",9,-0.402638922685721,-0.499175648903392,0.372365081024279,0.627510589047749,"Cuneiform (Uruk III)"
"Cuneiform (Uruk III)","KAD4~a _ N14 _ UD5~a _ N01 _ MASZ2",5,-0.489885961221289,-0.835008475138763,1.80187764351878,-0.530468844961491,"TeDDi"
"Cuneiform (Uruk III)","N14 _ U8 _ N01 _ N14 _ UD5~a",5,-0.847992030323956,-1.09888929849414,0.94417010602208,-0.530468844961491,"Cuneiform (Uruk III)"
"Cuneiform (Uruk III)","N01 _ AB2 _ N01 _ AB2 _ N01 _ AB2 _ N01 _ GI _ N01 _ GI _ BAR _ N01 _ DARA4~a1",13,-0.789043047392891,-0.65710774710914,-0.837222471855688,-0.530468844961491,"Cuneiform (Uruk III)"
"Cuneiform (Uruk III)","AB2 _ N01 _ N01 _ N01",4,-1.84231826797157,-1.73650163789643,-0.342391200222976,2.55747631239648,"Cuneiform (Uruk III)"
"Cuneiform (Uruk III)","GU4 _ AMAR _ AMAR",3,-1.74650903970266,-1.86926873867638,0.372365081024279,1.78549002305699,"Cuneiform (Uruk III)"
"Cuneiform (Uruk III)","MUSZEN _ MUSZEN _ N01 _ MUSZ _ N01 _ NIN _ X _ N01",8,-0.638758740771205,-0.655698319120299,0.193676010712464,0.131233688758075,"Cuneiform (Uruk III)"
"Cuneiform (Uruk III)","N01 _ PAP~a",2,-1.67336214546251,-1.99790239394498,1.80187764351878,-0.530468844961491,"Cuneiform (Uruk III)"
"Cuneiform (Uruk III)","SZITA~a3 _ KI _ KI",3,-1.74650903970266,-1.86926873867638,0.372365081024279,1.78549002305699,"Cuneiform (Uruk III)"
"Cuneiform (Uruk III)","N02 _ N01 _ N01 _ AN _ KI _ LAGAB~b _ ME~a _ N01 _ |DU8~cxUDU~a| _ N01 _ GI _ N01 _ N01 _ N01 _ N01 _ DU _ N01 _ DU _ N01",19,-0.425110792883521,-0.169867655581223,-0.455247455156752,0.498846207491166,"Cuneiform (Uruk III)"
"Cuneiform (Uruk III)","N01 _ N01 _ GAL~a _ N01 _ N01 _ N01 _ N34 _ EN~a",8,-1.18204514807286,-0.905198066328077,-0.342391200222976,1.45463875619721,"Cuneiform (Uruk III)"
"Cuneiform (Uruk III)","N01 _ N01 _ N01",3,-2.56862731821918,-2.08916942480586,-1.05714748147023,4.10144889107547,"Cuneiform (Uruk III)"
"Cuneiform (Uruk III)","BAR _ PIRIG~b1 _ N01 _ SU~a _ |1(N57).SZAH2~a| _ N01 _ UDU~a _ SZITA~a1 _ N01 _ DARA3~c _ N01 _ N01",12,-0.225277477767332,-0.190778959553181,0.372365081024279,-0.109385414412676,"Cuneiform (Uruk III)"
"Cuneiform (Uruk III)","NI~a _ N01 _ DUG~b _ N01 _ DUG~c _ N01 _ NI~b _ N01 _ N01 _ NE~a _ N01 _ N01 _ N01 _ |DUG~bxSZE~a| _ N01 _ |DUG~bxBALA~a| _ N01 _ |DUG~bxKASKAL| _ N01 _ KASZ~b _ N01 _ |DUG~bxX| _ |DUG~bxX| _ N01 _ |DUG~bx(SZE~a.NAM2)| _ N01 _ |DUG~bx(1(N57).KU3~a)| _ N01 _ |DUG~bxSIG2~a1| _ N01 _ |DUG~bxSIG7| _ N01 _ |DUG~bxX| _ N01 _ |DUG~bxKUR@g~a| _ N01 _ |DUG~bxLAM~a| _ N01 _ |DUG~bxKUR~a| _ N01 _ |DUG~bxGISZ| _ N01 _ |DUG~bxX| _ N01 _ |DUG~bxX|",45,0.0471748542766088,0.952474276777793,-0.675944131471696,-0.109385414412676,"Cuneiform (Uruk III)"
"Cuneiform (Uruk III)","|DUG~bxX| _ |DUG~bxX| _ |DUG~bxX| _ N01 _ |DUG~bxX| _ N01 _ |DUG~bxNAGA~a| _ |DUG~bxX| _ N01 _ |DUG~bx(SZE~a.NAM2)| _ N01 _ N01 _ N01 _ |DUG~bxSIG7| _ N01 _ |DUG~bxSIG2~a2| _ |DUG~bxHI| _ N01 _ N01 _ |DUG~bxSI4~a| _ N01 _ SZAKIR~a",22,-0.400515867151271,0.208220526239809,-0.732258262721479,0.572368711237785,"Cuneiform (Uruk III)"
"Cuneiform (Uruk III)","N01 _ U4 _ N01 _ |DUG~bxX| _ N01 _ |DUG~bx(SZE~a.NAM2)| _ N01 _ |DUG~bx(1(N57).KU3~a)| _ N01",9,-0.885560173620526,-0.674533063139578,-0.10413910647389,-0.530468844961491,"Cuneiform (Uruk III)"
"Cuneiform (Uruk III)","UMUN2 _ KU3~a _ UMUN2 _ KU3~a _ AK~a _ |ZATU737xX| _ N01 _ N01 _ GAL~a _ N01 _ GAL~a",11,-0.346834692302068,-0.528623981744848,-0.147457668973727,-0.0672770713577949,"Cuneiform (Uruk III)"
"Cuneiform (Uruk III)","NAGAR~b _ NAGAR~b _ AN _ NAGAR~b _ TAK4~a _ NAGAR~b _ N01 _ AN _ NU _ N01 _ NU _ GIR~a _ N01 _ AN _ NU _ GIR~a _ N01 _ N01",18,-0.38322362890291,-0.47433718294694,-1.05714748147023,0.0144626533957966,"Cuneiform (Uruk III)"
"Cuneiform (Uruk III)","RAD~a _ AB~a _ ME~a _ GAL~a _ |1(N58).BAD~a| _ N01 _ SIG2~b _ GA~a _ N01 _ GAL~a _ KISAL~b2 _ N01 _ GAL~a _ NIM~a _ N01 _ GAL~a _ SILA4~b _ N01 _ N01 _ GAL~a _ N01 _ GAL~a",22,-0.00710127356613718,0.0773171040604012,-0.342391200222976,-0.309901333721636,"Cuneiform (Uruk III)"
"Cuneiform (Uruk III)","N01 _ N14 _ KAR2~b _ N14 _ U8 _ N01 _ UDUNITA~a _ N01 N01 N01 N01 N01 _ N14 _ N14",14,-0.928278699538019,-0.744371664479848,-0.955039441292051,1.25103797659119,"Cuneiform (Uruk III)"
"Cuneiform (Uruk III)","N01 _ GALGA~a _ ME~a _ N01 _ LAGAR~a _ IB~a _ N01 _ LAGAR~a _ GAR _ N01 _ GAL~a _ N01 _ SZIDIM",13,-0.193001524720638,-0.14963242050514,0.152440071409736,-0.530468844961491,"Cuneiform (Uruk III)"
"Cuneiform (Uruk III)","GIR2~a _ AN _ N01 _ DIM~c _ N01 _ AN _ DIM~c _ N01 _ DIM~c _ SI _ SZIR~a _ SZITA~a1 _ N01 _ AN _ DIM~c _ SI _ SZIR~a _ SZITA~a1 _ N01 _ AGAR2 _ N01 _ N01",22,-0.139157464520245,-0.38736208876191,-0.927191793970728,-0.309901333721636,"Cuneiform (Uruk III)"
"Cuneiform (Uruk III)","KAR2~a _ ME~a _ N01 _ GALGA~a _ N01 _ LAGAR~a _ IB~a _ N01 _ LAGAR~a _ GAR _ N01 _ MUSZ3~a _ ME~a _ N01 _ GAL~a _ N01 _ KUR~a _ N01 _ N01 _ GAL~a _ N01",21,-0.10838146014719,-0.0015139430565486,-0.444499240401156,-0.298872958159643,"Cuneiform (Uruk III)"
"Cuneiform (Uruk III)","N01 _ SU~a _ NI~b _ N01 _ E2~a _ SU~a _ NI~b _ N01 _ GAN~a _ N01 _ GAN~a _ N01 _ GAN~a _ N01 _ |DUG~bxX| _ N01 _ |DUG~bxX| _ N01 _ |DUG~bx(ZATU789.SA~a)| _ N01 _ |DUG~bx(TAK4~a.SA~a)| _ N01 _ |DUG~bxX| _ N01 _ N01",25,-0.435494041165957,-0.273246116266753,-1.11432798397001,-0.337472272626617,"Cuneiform (Uruk III)"
"Cuneiform (Uruk III)","N01 _ NI~a _ N01 _ DUG~b _ N01 _ DUG~c _ N01 _ |DUG~cx1(N57)| _ N01 _ N01 _ IR~a _ N01 _ NE~a _ IR~a",14,-0.544593625499446,-0.20313187789298,-0.342391200222976,-0.174167480650956,"Cuneiform (Uruk III)"
"Cuneiform (Uruk III)","GISZGAL _ GAL~a _ |ZATU737xDI| _ N01 _ SANGA~a _ |ZATU737xDI| _ N01 _ SANGA~a _ |ZATU737xU4| _ DAM _ N01 _ NUN~a _ BU3 _ N01 _ KAR2~a _ ME~a _ N01 _ NUN~a _ GALGA~a _ N01 _ LAGAR~a _ IB~a _ N01 _ N01 _ SANGA~a _ N01 _ APIN~a _ N01",28,0.393158289092367,0.623723466991832,-0.189229139955706,-0.358916336219381,"Cuneiform (Uruk III)"
"Cuneiform (Uruk III)","NAMESZDA _ N01 _ NAM2 _ KAB _ NAM2 _ DI _ N01 _ EN~a _ IB~a _ GAL~a _ SZITA~a1 _ N01 _ N01 _ TUG2~a _ N01 _ GAL~a",16,0.139010405556481,0.153497553806335,0.193676010712464,-0.221674329225693,"Cuneiform (Uruk III)"
"Cuneiform (Uruk III)","N01 _ N01 _ |SILA3~axGESZTU~a| _ N01 _ GU4 _ N01 _ UTUL~a",7,-1.07846042637019,-0.865716675932387,-0.0360670796884411,0.241517444378004,"Cuneiform (Uruk III)"
"Cuneiform (Uruk III)","AMAR _ AMAR _ ZAG~a _ AMAR",4,-1.84231826797157,-1.64002639644498,-0.342391200222976,1.01350373371749,"Cuneiform (Uruk III)"
"Cuneiform (Uruk III)","N01 _ N01 _ |NUN~a+EN~a| _ N01 _ |SZU2.EN~a| _ AN _ N01 _ N01 _ EN~a",9,-0.885560173620526,-0.664195486216268,-0.10413910647389,0.627510589047749,"Cuneiform (Uruk III)"
"Cuneiform (Uruk III)","SANGA~a _ A _ UB _ N01 _ SANGA~a _ N01 _ SZE~a",7,-0.566880327652097,-0.801813042855499,0.576581161380634,-0.530468844961491,"Cuneiform (Uruk III)"
"Cuneiform (Uruk III)","N01 _ GESZTU~b _ N01 _ UKKIN~a _ NIR~a _ N01 _ GA'AR~a1 _ N01 _ AN _ N01",10,-0.633991466963567,-0.474632586359812,0.0864625685253758,-0.530468844961491,"Cuneiform (Uruk III)"
"Cuneiform (Uruk III)","N01 _ DUB~a _ SANGA~a _ N01 _ SUHUR",5,-0.847992030323956,-1.09888929849414,0.94417010602208,-0.530468844961491,"Cuneiform (Uruk III)"
"Cuneiform (Uruk III)","N01 _ NAM2 _ PA~a _ N01 _ NAM2 _ PA~a _ GIR3~c _ N01 _ UB _ SAG _ N01 _ ZATU725",12,-0.254400418441544,-0.319476750037113,0.0149869404006492,-0.530468844961491,"Cuneiform (Uruk III)"
"Cuneiform (Uruk III)","N01 _ NI~a _ N01 _ DUG~b _ N01 _ DUG~c",6,-0.963881281952029,-0.999903405113868,0.372365081024279,-0.530468844961491,"Cuneiform (Uruk III)"
"Cuneiform (Uruk III)","N01 _ SZU _ N01 _ GAL~a",4,-1.22572955908418,-1.40665060870221,0.729743221647904,-0.530468844961491,"Cuneiform (Uruk III)"
"Cuneiform (Uruk III)","N01 _ EN~a _ GU4 _ N01 _ EN~a _ GU4",6,-1.14966559119821,-1.52480370757434,-0.342391200222976,-0.530468844961491,"Cuneiform (Uruk III)"
"Cuneiform (Uruk III)","N01 _ |DUG~bxX| _ N01 _ |DUG~bxGISZ| _ N01 _ |DUG~bxX| _ N01 _ N01 _ N01 _ GI _ U2~a _ NI~b _ N01",13,-0.746815589336546,-0.430876625412888,-0.507334957433879,0.241517444378004,"Cuneiform (Uruk III)"
"Cuneiform (Uruk III)","N01 _ URI5 _ N01 _ EN~a _ KID~a _ N01 _ ARARMA2~a _ N01 _ UNUG~a",9,-0.526495128849846,-0.475578245920029,0.372365081024279,-0.530468844961491,"Cuneiform (Uruk III)"
"Cuneiform (Uruk III)","NAMESZDA _ KAB _ N01 _ EN~a _ IB~a _ N01",6,-0.552822142693773,-0.854556957574095,1.08712136227153,-0.530468844961491,"TeDDi"
"Cuneiform (Uruk III)","NI~b _ NI~b _ GAN~a _ |DUG~bxX| _ N01 _ |DUG~bx(SA~a.GI)| _ N01 _ |DUG~bxNAGA~a| _ N01 _ N01 _ |DUG~bxX| _ N01 _ |DUG~bxMASZ| _ N01 _ |DUG~bxSI4~a| _ N01 _ |DUG~bx(KUR~a.X)| _ N01 _ |DUG~bxX| _ N01 _ |DUG~bxX| _ N01 _ |DUG~bxX| _ N01 _ |DUG~bxX| _ N01 _ N34 _ N01 N01 _ PAP~a",30,-0.288865175202489,0.012993911386998,-0.914196225220778,-0.0513049412335293,"Cuneiform (Uruk III)"
"Cuneiform (Uruk III)","USZ~a _ USZ~a _ N01 _ EDIN _ N01 _ AN _ EDIN _ N01 _ ZATU777 _ N01 _ ZATU777 _ KI",12,-0.403611280567659,-0.474146031959058,-0.342391200222976,-0.109385414412676,"Cuneiform (Uruk III)"
"Cuneiform (Uruk III)","N01 _ N01 _ N01 _ MUSZ3~a _ TE _ N01 _ ANSZE~b _ N01 _ DILMUN _ N01 _ N01 _ KI",12,-0.825242714434573,-0.369960221031723,-0.342391200222976,0.732781446684954,"Cuneiform (Uruk III)"
"Cuneiform (Uruk III)","N01 _ SAG _ KI _ AD~a _ N01 _ U4 _ AD~a _ N01 N01 N01 N01 N01 _ MUNU3 _ N01 N01 N01 N01 N01 _ GAZI _ N01 N01 N01 N01 N01 _ N01 N01 N01 _ KAD4~a _ N01 N01 N01 N01 _ ZA~v _ N01 N01 N01 N01 _ GIR2~a _ KISZ _ GA~b _ AB2 _ N01 _ ISZ~b _ N01 _ NAR _ N01 _ N01 _ N01 N01 N01 N01 N01 _ GAZI _ N01 N01 N01 N01 N01 _ HALUB _ MUSZEN _ SZE~a _ N01 _ AMAR _ N14 _ SUHUR _ KAR2~b _ KAD4~a _ ZA~v _ N01 N01 N01 N01 _ GIR2~a _ AN _ N14 _ KISZ _ N14 _ N01 _ N34 _ N01 _ BALA~a _ MUSZEN _ N01 _ ISZ~b _ N01 _ N01 _ N01 _ N45 _ N34 _ N14 _ |HIx1(N57)| _ PAP~a",92,0.0645024344232119,0.858168201934527,-1.18145292168714,1.30193817149269,"Cuneiform (Uruk III)"
"Cuneiform (Uruk III)","TAK4~a _ TAK4~a _ TAK4~a _ N01 _ ZATU707~a _ N01 _ SAG@n _ N01 _ EDIN _ N01 _ AN _ EDIN _ N01 _ ZATU777 _ N01 _ GIR2~a _ N01 _ AN _ GIR2~a _ N01 _ N01",21,-0.311090278293046,-0.0482552157375202,-0.852931401113871,0.164318815444053,"Cuneiform (Uruk III)"
"Cuneiform (Uruk III)","N01 _ NAMESZDA _ N01 _ NAM2 _ KAB _ NAM2 _ DI _ NAM2 _ NAM2 _ N01 _ GAL~a _ N01 _ SIG2~b _ GA~a _ N01 _ GAL~a _ N01 _ GAL~a _ NIM~a",19,-0.0974145991321009,-0.0378711090060348,-0.455247455156752,-0.273140081848326,"Cuneiform (Uruk III)"
"Cuneiform (Uruk III)","NIM~b1 _ MUN~b _ MUN~b _ AN _ SZITA~b1 _ N01 _ N01 _ AN _ N01 _ N01 _ AN",11,-0.67238566421358,-0.830522930391749,-0.537324731472225,0.859106475849597,"Cuneiform (Uruk III)"
"Cuneiform (Uruk III)","N01 _ N01 _ N01 _ GAL~a _ N01 _ GAL~a",6,-1.74650903970266,-1.47917019214389,-1.05714748147023,1.32229824945329,"Cuneiform (Uruk III)"
"Cuneiform (Uruk III)","N01 _ AB~a _ ME~a _ N01 _ GAL~a _ |1(N58).BAD~a| _ N01 _ EN~a _ IB~a _ N01 _ GAL~a _ N01 _ ABGAL _ N01 _ N01 _ AB~a _ N01 _ GAL~a _ N01 _ GAL~a _ N01 _ TUR _ N34",23,-0.201131886724406,-0.0362930317372347,-0.622078440711033,-0.319927129687083,"Cuneiform (Uruk III)"
"Cuneiform (Uruk III)","UD5~a _ N01 _ N01 _ AN _ N01 _ N01 _ N01",7,-1.54011548393249,-1.3699058219468,-0.648715320757512,1.78549002305699,"Cuneiform (Uruk III)"
"Cuneiform (Uruk III)","N01 _ N01 _ SANGA~a _ SUHUR _ N01 _ GAL~a _ SUHUR _ N01 _ MAR~a _ APIN~a _ N01 _ N01 _ DILMUN _ N01",14,-0.544593625499446,-0.272473390660866,-0.342391200222976,0.182133883659581,"Cuneiform (Uruk III)"
"Cuneiform (Uruk III)","AB2 _ N01 _ GA~b _ AMAR _ N14 _ SUHUR _ N14 _ KAR2~b _ KAD4~a",9,0.070348319654602,-0.155800861338489,1.32537345602062,-0.530468844961491,"TeDDi"
"Cuneiform (Uruk III)","DA~a _ KISZ _ N14 _ GA~b _ N14 _ GARA2~a _ N14 _ AB2 _ GU4 _ N01 N01 N01 N01 N01 _ N01 N01 N01 N01 N01 _ HALUB _ N01 N01 N01 N01 N01 _ MUSZEN _ SZE~a _ SI4~a",28,-0.290571006325874,-0.0652418065330363,-0.648715320757512,1.69971376868593,"Cuneiform (Uruk III)"
"Cuneiform (Uruk III)","URU~a1 _ N01 _ NAM2 _ ERIN _ N01 _ GAL~a",6,-0.552822142693773,-0.825636234414831,1.08712136227153,-0.530468844961491,"Cuneiform (Uruk III)"
"Cuneiform (Uruk III)","NAM2 _ DI _ N01 _ NAM2 _ NAM2 _ N01 _ NAM2 _ URU~a1 _ N01 _ NAM2 _ ERIN _ EN~a _ IB~a _ N01 _ GAL~a _ SZITA~a1 _ N01 _ ABGAL _ N01 _ KINGAL _ N01 _ GAL~a _ N34",23,0.186485081519646,0.44937411829841,-0.249162120060289,-0.319927129687083,"Cuneiform (Uruk III)"
"Cuneiform (Uruk III)","IDIGNA _ ISZ~b _ N01 _ N01 _ TUR _ SIG2~a1 _ N01 _ GI _ N01",9,-0.526495128849846,-0.534757546356851,0.372365081024279,0.0485208720431291,"Cuneiform (Uruk III)"
"Cuneiform (Uruk III)","EN~a _ IB~a _ GAL~a _ SZITA~a1 _ ABGAL _ N01 _ KINGAL _ N01 _ GAL~a _ TE _ GAL~a _ SUKKAL _ N01 _ N01",14,0.0243216178857965,-0.0400316280585551,0.270257040846099,-0.174167480650956,"Cuneiform (Uruk III)"
"Cuneiform (Uruk III)","MUSZEN _ MUSZEN _ MUSZEN _ MUSZ _ MUSZEN _ NI2 _ MUSZEN _ N01 _ SZA _ MUSZEN _ N01 _ ZI~a _ BA _ MUSZEN _ N01 _ DU _ IR~a _ MUSZEN _ N01 _ UR5~b _ N01 _ UR5~b _ MUSZEN _ N01 _ NAGA~a _ U2~b _ MUSZEN _ N01 _ NAGA~a _ U2~b _ UR5~b _ MUSZEN _ N01",33,0.0264580508361146,0.235960127238392,-0.927191793970728,-0.240973986459181,"Cuneiform (Uruk III)"
"Cuneiform (Uruk III)","SZE~a _ SZE~a@t _ A _ |SZE~a&SZE~a| _ N01 _ N01",6,-0.552822142693773,-0.854556957574095,1.08712136227153,0.395914702245901,"Cuneiform (Uruk III)"
"Cuneiform (Uruk III)","N01 _ N01 _ SZELU _ N01 _ GISZIMMAR~b1 _ N01 _ GISZIMMAR~b1 _ ME~a",8,-1.00191326589501,-0.897482710220663,-0.342391200222976,0.131233688758075,"Cuneiform (Uruk III)"
"Cuneiform (Uruk III)","N01 _ GAL~a _ IM~a _ N01 _ TUR _ IM~a _ GAL~a _ SZA _ GAL~a _ ERIN _ N01 _ GAL~a _ SANGA~a _ N01 _ DUB~a _ N01 _ SUG5 _ N01 _ UB _ N01 _ AN _ N01 _ N01 _ N01 _ AN",25,-0.0304744990484169,0.312741158869336,-0.599703461471987,-0.144475700291744,"Cuneiform (Uruk III)"
"Cuneiform (Uruk III)","N01 _ KISIM~b _ N01 _ NI~b _ HI _ NI~b _ NI~b _ N01 _ |DUG~bxKASKAL| _ N01 _ KASZ~b _ N01 _ |DUG~bxX| _ N01",14,-0.455909811872239,-0.207519339731014,-0.342391200222976,-0.174167480650956,"Cuneiform (Uruk III)"
"Cuneiform (Uruk III)","N01 _ N01 _ E2~b _ N01 _ N01 _ PAP~a _ |SILA3~bxNI~b| _ N01 _ N01 _ N01 _ N01 _ AN _ NU11",13,-0.908549756694268,-0.477138970936393,-0.507334957433879,1.39949687838724,"Cuneiform (Uruk III)"
"Cuneiform (Uruk III)","NI~b _ IR~a _ IR~a _ IR~a _ NI~b _ N01 _ |DUG~bxSZE~a| _ N01 _ |DUG~bxBALA~a| _ N01 _ |DUG~bxKASKAL| _ N01 _ KASZ~b _ N01 _ |DUG~bxGESZTU~a| _ N01 _ |DUG~bxX| _ N01 _ |DUG~bx(SA~a.GI)| _ N01 _ |DUG~bxNAGA~a| _ N01 _ |DUG~bxX| _ N01 _ N01 _ |DUG~bxSA~a| _ N01 _ |DUG~bxSIG7| _ N01 _ |DUG~bxSIG2~a2| _ N01 _ |DUG~bxTI| _ N01 _ |DUG~bxMASZ| _ N01 _ |DUG~bxX| _ N01 _ |DUG~bxX|",38,0.144956517332225,0.756328798320472,-0.680959965024308,-0.154907947444981,"Cuneiform (Uruk III)"
"Cuneiform (Uruk III)","|DUG~bxTI| _ N01 _ |DUG~bxMASZ| _ N01 _ |DUG~bxX| _ |DUG~bxX| _ N01 _ |DUG~bxGI6| _ N01 _ |DUG~bxU2~a| _ |DUG~bxKUR@g~a| _ N01 _ |DUG~bxSZAH2~a| _ N01 _ |DUG~bxANSZE~b| _ N01 _ |DUG~bxHI| _ N01 _ |DUG~bxDIN| _ N01 _ SZU2 _ |DUG~bxDIN| _ N01 _ |DUG~bxDIN| _ N01 _ GAN~b _ N01 _ U2~a _ N01 _ U2~a _ PU2 _ N01 _ U2~a _ PU2 _ N01 _ U2~a _ PU2 _ N01 _ U2~a _ PU2 _ N01 _ GA'AR~a1 _ N01 _ GA'AR~a1",44,0.214666915686372,0.356133950322763,-0.927191793970728,-0.422749827844352,"Cuneiform (Uruk III)"
"Cuneiform (Uruk III)","|DUG~bxX| _ KASZ~b _ |DUG~bxGESZTU~a| _ |DUG~bxX| _ |DUG~bxX| _ N01 _ |DUG~bxZATU764| _ N01 _ N01 _ |DUG~bxMASZ| _ N01 _ |DUG~bxX| _ N01 _ N01 _ N01",15,-0.721284968003632,-0.553077359004196,-0.771244968971328,0.792936222477642,"Cuneiform (Uruk III)"
"Cuneiform (Uruk III)","NAM2 _ DI _ NAM2 _ NAM2 _ NAM2 _ URU~a1 _ N01 _ GAL~a _ N01 _ NAM2 _ APIN~a _ N01 _ |SZE~a.NAM2| _ N01 _ PA~a _ NAM2 _ RAD~a _ N01 _ N01 _ EN~a _ N01 _ GAL~a _ SZITA~a1 _ N01 _ ABGAL _ N01 _ KINGAL _ N01 _ GAL~a _ TE _ N01 _ GAL~a _ SUKKAL _ SUKKAL _ N01 _ GAL~a _ GA~a _ N01 _ SIG2~b _ GA~a _ N01 _ GAL~a _ KISAL~b1 _ N01 _ GAL~a _ UMUN2 _ N01 _ ERIN _ N01 _ N01 _ N01 _ GAL~a _ N01 _ N01 _ GAL~a _ N01 _ GAL~a _ N01 _ GAL~a _ N01 _ SANGA~a _ N01 _ SANGA~a _ SANGA~a _ |ZATU737xSAL| _ N01 _ GAL~a _ ISZ~b _ N01 _ GAL~a _ N01 _ GAL~a _ SANGA~a _ N01 _ DUB~a _ SANGA~a",76,0.370889386554485,0.998053241911174,-1.13238498475941,-0.0363976197842136,"Cuneiform (Uruk III)"
"Cuneiform (Uruk III)","SUHUR _ SUHUR _ N01 _ HI _ SUHUR _ N01 _ PAP~a _ SUKUD _ N01 _ NUN~a _ SUKUD _ N01 _ N01 _ N01 _ N01 _ N57 _ N01 _ N57 _ N01 _ N02 _ KU6~a _ N01 _ DUR2 _ N34 _ N14 _ N01 N01 N01 N01 N01 N01",31,-0.23443425506301,0.178544171997055,-0.826580939132408,0.859106475849597,"Cuneiform (Uruk III)"
"Cuneiform (Uruk III)","N01 _ GISZ _ N01 _ |SZE~a.KIN2~c| _ GISZ _ N01 _ GISZ _ DUB~b _ N01 _ GISZ _ A _ N01 _ NUN~a _ GISZ _ GISZ _ KUR~a _ N01 _ GISZ _ KUR@g~a _ N01 _ GISZ _ GISZ _ N01 _ GISZ _ DIN _ N01 _ GISZ _ MA _ N01 _ GISZ _ HASZHUR _ N01 _ BU~a _ GI _ N01 _ GISZ _ ERIM~a _ N01 _ GISZ _ U4 _ N01 _ GISZ _ GI6 _ MES _ N01 _ GISZ _ U4 _ MES _ N01 _ EN~a _ A _ MES _ GISZ _ N01 _ GISZ _ SZE3 _ N01 _ N01 _ KISZIK~a _ AB~a _ U2~b _ N01 _ GAL~a _ SZA _ N01 _ SZU _ SZA _ GISZ _ N01 _ GUM~b _ N01 _ GISZ _ N01 _ SUHUR _ N01 _ N01 _ GISZ _ SANGA~a _ N01 _ N57 N57 N57 N57 N57 _ SANGA~a _ N01 _ N01 _ URUDU@g~c _ N01 _ AL _ N34 _ N01 N01 N01 _ GISZ",95,0.590238127918531,1.45909040558022,-1.04209998081239,0.0115640815960272,"Cuneiform (Uruk III)"
"Cuneiform (Uruk III)","N01 _ SUKUD _ LU2",3,-1.14966559119821,-1.52073439727831,1.80187764351878,-0.530468844961491,"Cuneiform (Uruk III)"
"Cuneiform (Uruk III)","NAM2 _ APIN~c _ N01 _ |SZE~a.NAM2| _ RAD~a _ N01 _ GAL~a _ SUKKAL _ N01 _ GADA~a _ SUKKAL _ N01 _ GAL~a _ GA~a _ N01 _ GA~a _ N01 _ GAL~a _ KISAL~b1 _ N01 _ GAL~a _ N01 _ GAL~a _ SZAB~a _ N01 _ BU~a _ SZAB~a _ N01 _ GAL~a _ N01 _ GAL~a _ TUR3~a _ N01 _ GAL~a _ DU _ DUG~b _ SIG2~a1",37,0.328407820665948,0.533976490387651,-0.632157260188081,-0.530468844961491,"Cuneiform (Uruk III)"
"Cuneiform (Uruk III)","N01 _ ANSZE~b _ N01 _ BALAG _ N01 _ N01 _ N01 _ PAP~a _ DA~a",9,-0.885560173620526,-0.631655178050046,-0.10413910647389,0.627510589047749,"Cuneiform (Uruk III)"
"Cuneiform (Uruk III)","N01 _ TAK4~a _ |GIR~b.GIR~b| _ N01 _ TUM~a _ ANSZE~b _ N01 _ ANSZE~b",8,-0.638758740771205,-0.778190711053999,0.193676010712464,-0.530468844961491,"Cuneiform (Uruk III)"
"Cuneiform (Uruk III)","N01 _ N01 _ GA~a _ N01 _ PAP~a _ N01 _ N57 N57 N57 _ ZATU751~b _ N01 _ |SILA3~cxZATU687| _ N01 _ PAP~a _ N01 _ N01",16,-0.70842785673853,-0.453802042854103,-0.878458411158416,0.7047092179817,"Cuneiform (Uruk III)"
"Cuneiform (Uruk III)","N01 _ EN~a _ N01 _ SIG2~b",4,-1.22572955908418,-1.40665060870221,0.729743221647904,-0.530468844961491,"Cuneiform (Uruk III)"
"Cuneiform (Uruk III)","N01 _ DUG~b _ N01 _ GISZIMMAR~b1 _ N01",5,-1.34126299743387,-1.35048522870303,0.0864625685253758,-0.530468844961491,"Cuneiform (Uruk III)"
"Cuneiform (Uruk III)","N01 _ BANSZUR~c _ N01 _ ZATU786 _ BANSZUR~c _ A _ N01 _ AL _ N01 _ AL _ N01 _ AL _ N06 _ N01 _ AL _ SZU",16,-0.414942447582037,-0.350736463518681,-0.610424805690696,-0.530468844961491,"Cuneiform (Uruk III)"
"Cuneiform (Uruk III)","GISZ _ DIN _ N01 _ GISZ _ MA _ HASZHUR _ A _ N01 _ A _ MES _ N01 _ EN~a _ A _ MES _ N01 _ GISZ _ SZE3 _ A _ N01 _ N01 _ N01 _ GISZ _ TUR",23,0.0155922128623731,0.00971732291121533,-0.622078440711033,-0.109385414412676,"Cuneiform (Uruk III)"
"Cuneiform (Uruk III)","N01 _ BA _ SUHUR _ N01 _ SUHUR",5,-1.20609809942662,-1.40524544721956,0.0864625685253758,-0.530468844961491,"Cuneiform (Uruk III)"
"Cuneiform (Uruk III)","N01 _ GESZTU~a _ N01 _ AN _ NAGA~a _ N01 _ GISZ _ ALIM _ NUN~a",9,-0.203691106517574,-0.255677559790547,0.848869268522447,-0.530468844961491,"Cuneiform (Uruk III)"
"Cuneiform (Uruk III)","NAMESZDA _ NAM2 _ KAB _ N01 _ GAL~a _ SZITA~a1 _ N01 _ ABGAL _ N01 _ GAL~a _ N01 _ GAL~a _ N01 _ GAL~a _ SZAB~a _ U2~b",16,-0.0848058876326858,-0.183283393704729,-0.0743575947552562,-0.530468844961491,"Cuneiform (Uruk III)"
"Cuneiform (Uruk III)","SZAKIR~b _ N01 _ AN _ TAK4~a _ NAGAR~a _ N01 _ TAK4~a _ NAGAR~a _ N01 _ TAK4~a _ NAGAR~a _ BUR~a _ NAGAR~a _ NAGAR~a _ NAGAR~a _ PU2 _ NAGAR~a _ N01 _ N01 _ N01 _ N01 _ NAGA~a _ SILA3~a _ N01 _ SILA3~a _ N01 _ ZATU707~a _ N01 _ SAG@n _ N01 _ N34 _ N14 N14 N14 N14 _ N01 _ SANGA~a _ PIRIG~a1",38,0.305534903085796,0.647991546976436,-0.793816219958084,0.471026881749202,"Cuneiform (Uruk III)"
"Cuneiform (Uruk III)","N01 _ MUSZEN _ NAGA~a _ N01 _ ERIM2 _ N01 _ I _ NUN~a _ N01 _ GIBIL6 _ N01 _ PAD~a _ N01 _ E2~b _ AN _ N01 _ E2~a _ NINLIL _ N01 _ SAL _ |GA2~bxDUB~a| _ URI3~a _ PAP~a _ N01",24,0.471908631806064,0.924788444138533,0.372365081024279,-0.530468844961491,"Cuneiform (Uruk III)"
"Cuneiform (Uruk III)","SU~a _ HAL _ N01 _ AN _ KI _ N01",6,-0.552822142693773,-0.854556957574095,1.08712136227153,-0.530468844961491,"TeDDi"
"Cuneiform (Uruk III)","DI _ NAM2 _ |BU~a+DU6~a| _ N01 _ RI8~b _ KAK~a _ N01 _ DI _ E2~b _ N01 _ KU3~a _ E2~b _ N01 _ KU3~c _ E2~b _ N01",16,-0.0151367716653694,-0.11439443805728,-0.0743575947552562,-0.530468844961491,"Cuneiform (Uruk III)"
"Cuneiform (Uruk III)","E2~a _ NA2~a _ N01 _ N01 _ MU _ N01 _ U2~b _ A _ N01 _ BU~a _ A",11,-0.28539610229877,-0.301468574550251,0.242409393524775,-0.0672770713577949,"Cuneiform (Uruk III)"
"Cuneiform (Uruk III)","MES _ MES _ MES _ MES _ LI _ N01 _ ERIM~a _ GISZ _ N01 _ U4 _ GISZ _ N01 _ GISZ _ HI@g~b _ N01 _ HI@g~b _ GISZ _ GISZ _ N01 _ NIMGIR _ N01 _ GISZ _ PU2 _ N01 _ GISZ _ PU2 _ N01 _ GURUSZ~a _ N01",29,-0.0773007021419548,0.153676791350985,-1.00785394483249,0.131233688758075,"Cuneiform (Uruk III)"
"Cuneiform (Uruk III)","AD~b _ N01 _ AD~b _ GISZ _ A _ N01 _ GUM~b _ N01 _ GUM~b@n _ N01 _ GUM~b _ N01 _ N01 _ MAR~a _ SZE~a _ N01 _ GAL~a _ N01 _ N01 _ N01 _ GISZ _ N01 _ GISZ _ U4 _ N01 _ GISZ _ SAG _ DU _ N01 _ GISZ _ N01 _ BALA~a _ BALA~a",33,0.0236373123762734,0.385754480755931,-0.797236106471228,0.0485208720431291,"Cuneiform (Uruk III)"
"Cuneiform (Uruk III)","SZEN~a _ URI _ MUD3~a _ N01 _ AN _ USZ~a _ BAR _ N01 _ NAGAR~a _ N01 _ AN _ NAGAR~a _ N01 _ NAGAR~a",14,-0.103573406793734,-0.382734707243822,-0.0360670796884411,-0.530468844961491,"TeDDi"
"Cuneiform (Uruk III)","N01 _ GIR2~a _ N01 _ GIR2~a _ N01 _ GIR2~a _ KU6~a _ N01 _ GIR2~a _ SZA3~a1 _ N01 _ GIR2~a _ AN _ SZA3~a1 _ GIR2~a",15,-0.80889746947823,-0.592395908419651,-1.05714748147023,-0.530468844961491,"Cuneiform (Uruk III)"
"Cuneiform (Uruk III)","N01 _ MUD3~c _ SZE~b _ N01 _ AN _ TE _ PAP~a _ N01 _ |(DUBxDISZ)~c| _ TI _ N01 _ N01 _ ZI~a _ N01 _ AN _ U4 _ KI _ N01 _ AN _ N01 _ N01 _ BA",22,0.0692830335348532,0.307090368345889,-0.147457668973727,-0.0893338224817806,"Cuneiform (Uruk III)"
"Cuneiform (Uruk III)","N01 _ GISZ _ N01 _ GISZ _ DUR2 _ DARA3~c _ N01 _ N01 _ N01",9,-1.08450798978867,-0.909562384218812,-0.580643293972063,0.627510589047749,"Cuneiform (Uruk III)"
"Cuneiform (Uruk III)","N01 _ ZATU753 _ N01 _ SANGA~a _ N01 _ EN~a _ AN _ N01 _ EN~a _ SAG _ N01 _ NAMESZDA _ N01 _ NAM2 _ URU~a1 _ N01 _ AN _ N01 _ MEN~a _ SZA3~a1 _ AN _ N01 _ EN~a _ N01 _ N01",25,-0.114423222816068,0.224493963396896,-0.599703461471987,-0.337472272626617,"Cuneiform (Uruk III)"
"Cuneiform (Uruk III)","N01 _ GAL~a _ TE _ N01 _ GAL~a _ SUKKAL",6,-0.851243866945993,-1.11883714925414,0.372365081024279,-0.530468844961491,"Cuneiform (Uruk III)"
"Cuneiform (Uruk III)","N01 _ N01 _ DUG~b _ N01 _ DUG~c _ N01 _ |DUG~cx1(N57)| _ N01 _ SZAKIR~c _ N01 _ MUD3~a _ N01 _ N57 N57 N57 N57 _ N01 _ E2~a _ N01 _ N01 _ N01",21,-0.599686905948484,-0.0651402004305906,-0.852931401113871,0.859106475849597,"Cuneiform (Uruk III)"
"Cuneiform (Uruk III)","GU _ KU6~a _ N01 _ GU _ AN _ KU6~a _ GAL~a _ TUN3~a _ NAGAR~b _ N01 _ NAGAR~b",11,-0.122620616343014,-0.310584643061807,0.242409393524775,-0.530468844961491,"TeDDi"
"Cuneiform (Uruk III)","GAL~a _ KAK~a _ SZAB~a",3,-1.14966559119821,-1.52073439727831,1.80187764351878,-0.530468844961491,"Cuneiform (Uruk III)"
"Cuneiform (Uruk III)","N01 _ N01 _ UR3~a2 _ GU4 _ GU4 _ GU4 _ N01",7,-1.27155313780912,-1.16063016844074,-0.648715320757512,1.78549002305699,"Cuneiform (Uruk III)"
"Cuneiform (Uruk III)","N01 _ N01 _ N01 _ NERGAL~v _ N01 _ NANSZE~b _ N01 _ U4 _ USZUR3~b2 _ N01 _ |ZATU737xNI~a@g| _ N01",12,-0.825242714434573,-0.290935722744305,-0.342391200222976,0.311698016136139,"Cuneiform (Uruk III)"
"Cuneiform (Uruk III)","N01 _ SUHUR _ N58 N58 N58 N58 _ N01 _ SUHUR@g _ N01 _ SUHUR _ N01 _ SUHUR _ N01 _ |(SUKUD+SUKUD)~a| _ N01 _ SUHUR _ N01 _ NE~a _ N01 _ SZAH2~a _ N01 _ GISZ3~b _ N01",23,-0.434679323095718,-0.0953569558266112,-0.994994761361772,0.101156300861729,"Cuneiform (Uruk III)"
"Cuneiform (Uruk III)","|DUG~bxANSZE~b| _ N01 _ |DUG~bxX| _ |DUG~bxDIN| _ N01 _ N01 _ N01",7,-1.07846042637019,-1.06638701724239,-0.0360670796884411,1.01350373371749,"Cuneiform (Uruk III)"
"Cuneiform (Uruk III)","N01 _ N01 _ ZATU753 _ N01 _ SANGA~a _ N01 _ GAL~a _ SANGA~a _ N01 _ UB _ N01 _ GA~a",12,-0.665459557699809,-0.378521231865511,-0.342391200222976,-0.109385414412676,"Cuneiform (Uruk III)"
"Cuneiform (Uruk III)","N01 _ N01",2,-2.56862731821918,-2.3277534231392,-0.342391200222976,4.10144889107547,"Cuneiform (Uruk III)"
"Cuneiform (Uruk III)","N01 _ NI~a _ N01 _ DUG~b _ N01 _ DUG~c _ N01 _ N01 _ SZAKIR~c _ N01 _ MUD3~a _ N01 _ LAHTAN2 _ N01 _ KISIM~b _ N01 _ NI~b _ N01 _ HI _ NI~b _ N01 _ N58 _ NI~b _ N01 _ IR~a _ N01 _ N01 _ GAN~a _ N01 _ N57 N57 N57 _ GAN~a _ N01 _ E2~a _ GAN~a _ N01 _ |DUG~bxSZE~a| _ N01 _ |DUG~bxBALA~a| _ N01 _ |DUG~bxKASKAL| _ N01 _ KASZ~b _ N01 _ N01 _ |DUG~bxX| _ N01 _ |DUG~bx(SA~a.GI)| _ N01 _ |DUG~bxNAGA~a| _ N01 _ |DUG~bxX| _ N01 _ |DUG~bxTI| _ N01 _ |DUG~bxMASZ| _ N01 _ |DUG~bxSI4~a| _ N01 _ N01 _ |DUG~bxGI6| _ N01 _ |DUG~bxX| _ N01 _ |DUG~bxX| _ N01 _ |DUG~bxKUR~a| _ N01 _ |DUG~bxGISZ| _ N01 _ N01 _ |DUG~bxX| _ N01 _ N01 _ GAN~b _ GI _ N01 _ BAPPIR~b _ N01 _ |DUG~bxSIG7| _ U4 _ N01 _ |DUG~bxSIG7| _ GI _ N01 _ |DUG~bxSIG7| _ NIM~a _ N01 _ AGAR2 _ N01 _ U2~b _ N01 _ U2~b _ N01 _ N34",96,0.634215167938678,1.69724015254893,-0.833786143580461,-0.140412614558378,"Cuneiform (Uruk III)"
"Cuneiform (Uruk III)","N01 _ N01 _ BA _ AN _ N01 _ N01 _ MA _ N01 _ U4 _ BALA~a _ N01 _ UB _ N01 _ SANGA~a _ NUN~a _ N01 _ SZEN~a _ A _ N01 _ NUN~a _ A _ N01 _ N01 _ KI _ MA _ N01 _ |SZE~a.NAM2| _ NUN~a _ N01 _ BA _ SZU _ NUN~a _ N01 _ ZATU647 _ N01 _ DA~a _ NE~a _ N01 _ KI _ AL _ SU~a _ N01 _ SUG _ MASZ _ N01 _ N01 _ N01 _ LAL2~a _ N01 _ PA~a _ SUG5 _ SZUBUR _ N01 _ A _ A _ EN~a _ TI _ N01 _ NI2 _ N01 _ EN~a _ BA _ ISZ~b _ N01 _ N01 _ N01 _ N01 _ GAL~a _ KI _ N01 _ KAK~a _ NA~b _ KI _ N01 _ UNUG~a _ N01 _ KI _ ZATU694~c _ BA _ N01 _ LAL2~a _ N01 _ GAL~a _ TUR3~a _ N01 _ N01 _ NUN~a _ N14 N14 N14 N14 _ N01 N01 N01 _ URU~a1 _ BA",96,0.918302144306426,1.6817053771256,-0.833786143580461,0.200886587044344,"Cuneiform (Uruk III)"
"Cuneiform (Uruk III)","N01 N01 _ N39~a _ N01 N01 _ N24 _ N01 N01 _ N26 _ N01 N01 N01 N01 _ N58 N58 _ N01 N01 _ DU6~b _ N01 _ U4 _ N01 _ |LAGAB~axSZITA~a1| _ N01 N01 _ ZATU726~c _ N01 N01 _ DU8~c _ N01 N01 N01 N01 N01 _ ZATU681 _ DUG~a _ GAL~a _ SANGA~a _ NUN~a _ N01 _ N39~a N39~a N39~a N39~a _ N24 _ N30~a _ DUG~a _ GAL~a _ SANGA~a _ NUN~a",49,0.0161684369827639,0.606829954347563,-1.08632120723542,1.11000201988493,"Cuneiform (Uruk III)"
"Cuneiform (Uruk III)","N01 N01 N01 N01 N01 N01 N01 N01 N01 _ UDU~a _ N14 _ SZITA~b1 _ N14 _ BA _ N57 _ KU3~a _ N34 _ N14 N14 _ TA~c _ N24 _ N39~a N39~a _ N28 _ HI@g~a _ N42~a N42~a N42~a N42~a _ N25 _ N24 _ N28 _ HI@g~a _ GESZTU~b _ NAM2 _ KAB _ NUN~a _ AN _ MUSZ3~a _ U4",40,1.02021767623528,1.36069071867108,-0.1279643158488,1.01350373371749,"Cuneiform (Uruk III)"
"Cuneiform (Uruk III)","N34 N34 _ N01 N01 N01 _ SZITA~b1 _ N34 N34 _ N01 N01 N01 N01 _ SZITA~a1 _ DU _ N34 N34 _ N01 N01 N01 N01 _ SZITA@g~a _ N34 N34 _ N01 N01 N01 N01 _ |3(N57).PIRIG~b1| _ N34@f N34@f N34@f N34@f N34@f N34@f N34@f _ N01@f",36,-0.483095741759447,-0.306350899201724,-1.41452562209386,2.24868179666069,"Cuneiform (Uruk III)"
"Cuneiform (Uruk III)","UDU~a _ N14 _ SZITA~b1 _ N14 _ N57 _ BA _ SZITA~a1 _ N01 N01 N01 N01 N01 N01 N01 N01 _ KU3~a _ |(SZAxHI@g~a)~b| _ N39~a _ AMA~a _ PAP~a _ SZE~a _ 1(N58)@t _ GESZTU~b",23,0.469121266903373,0.607838031394752,0.310212360915819,0.943323161959359,"Cuneiform (Uruk III)"
"Cuneiform (Uruk III)","N01 _ GAL~a _ KASZ~a _ ERIN _ NAM2 _ N01 _ U2~b _ SAG _ N01 N01 _ N01 _ SILA3~a _ PAP~a _ N01 _ MUSZEN _ ZATU659",16,0.14459828539088,0.317514893426909,0.461709616180184,0.0871201865101022,"Cuneiform (Uruk III)"
"Cuneiform (Uruk III)","EN~a _ DU _ I",3,-1.14966559119821,-1.52073439727831,1.80187764351878,-0.530468844961491,"Cuneiform (Uruk III)"
"Cuneiform (Uruk III)","N01 N01 _ APIN~a _ SZAM2 _ N14 N14 _ |KA2xLAM| _ N01 N01 _ KINGAL",10,-0.489885961221289,-0.491985020255366,0.0864625685253758,1.01350373371749,"Cuneiform (Uruk III)"
"Cuneiform (Uruk III)","GESZTU~b _ |ESZDAxTAR|",2,-1.67336214546251,-1.99790239394498,1.80187764351878,-0.530468844961491,"Cuneiform (Uruk III)"
"Cuneiform (Uruk III)","N34 N34 _ N01 N01 N01 N01 N01 N01 _ ZATU647 _ AMA~a",10,-1.16220996288253,-0.885273017295889,-0.771244968971328,2.55747631239648,"Cuneiform (Uruk III)"
"Cuneiform (Uruk III)","N01 N01 N01 N01 N01 N01",6,-2.56862731821918,-1.86711027823779,-1.77190376271748,4.10144889107547,"Cuneiform (Uruk III)"
"Cuneiform (Uruk III)","N34 N34 _ N01 _ N14 _ N34 N34",6,-1.44808731545044,-1.30490302144486,-0.342391200222976,1.32229824945329,"Cuneiform (Uruk III)"
"Cuneiform (Uruk III)","N34 N34 N34",3,-2.56862731821918,-2.08916942480586,-1.05714748147023,4.10144889107547,"Cuneiform (Uruk III)"
"Cuneiform (Uruk III)","N01 _ ZATU662 _ N01",3,-1.74650903970266,-1.86926873867638,0.372365081024279,-0.530468844961491,"Cuneiform (Uruk III)"
"Cuneiform (Uruk III)","N47 N47 _ N20 N20 N20 N20 N20 N20 _ N05 N05 N05 N05 _ N47 N47 _ N20 N20 N20 N20 N20 N20 _ N42~a _ N25 _ N42~a N42~a N42~a _ BA _ N47 N47 _ U4 _ KI _ N20 N20 N20 N20 N20 N20 _ N05 N05 N05 N05 _ U4 _ KI _ N01 _ N39~a _ N24 _ N28",46,-0.086885602012435,0.019900339963911,-1.36791108201252,2.14575029141542,"Cuneiform (Uruk III)"
"Cuneiform (Uruk III)","N51 N51 _ N34 _ N14 _ N01 N01 N01 N01 N01 N01 _ GAR _ GUM~b _ N14 N14 N14 N14 _ N01 N01 _ DUG~a _ KASZ~a _ N14 _ DUG~a _ N14 N14 N14 _ DUG~a _ N01 _ N08 _ DUG~a _ N54 _ N51 N51 N51 N51 N51 _ N34 _ N14 _ N01 _ KASZ~a _ N51 N51 N51 N51 N51 _ N34 _ N14 N14 _ N01 N01 _ GAR _ N34 N34 N34 N34 _ N14 N14 N14 N14 _ N01 N01 _ DUG~a _ KASZ~a _ N34 N34 _ DUG~a _ N34 N34 _ N14 N14 N14 N14 _ N01 N01 _ KASZ~a _ N48 _ N34 N34 N34 N34 N34 _ SZITA~a1 _ N34 N34 N34 N34 N34 N34 N34 _ N14",89,-0.078680014418827,-0.157210238217983,-1.90843024340516,1.83812545187559,"Cuneiform (Uruk III)"
"Cuneiform (Uruk III)","N01 N01 N01 _ |NINDA2xEZEN~b| _ N01 N01 N01 _ GI _ N01 N01 N01 N01 N01 N01 N01",15,-1.94208239726591,-1.19130401724774,-1.62895250646803,2.77804382363634,"Cuneiform (Uruk III)"
"Cuneiform (Uruk III)","N14 _ N01 N01 _ GUM~b",4,-1.22572955908418,-1.40665060870221,0.729743221647904,1.01350373371749,"Cuneiform (Uruk III)"
"Cuneiform (Uruk III)","N01 N01 _ |ZATU737xAB~a| _ N14 N14 N14 _ N01 N01 N01 N01 N01 _ N51 _ N34",13,-0.936535192071133,-0.662943331538288,-0.837222471855688,2.17148316772673,"Cuneiform (Uruk III)"
"Cuneiform (Uruk III)","N14 N14 N14",3,-2.56862731821918,-2.08916942480586,-1.05714748147023,4.10144889107547,"Cuneiform (Uruk III)"
"Cuneiform (Uruk III)","N51 N51 N51 N51 _ N01 N01 N01 N01 N01",9,-1.68135143829312,-1.31423443676647,-1.5336516689684,3.52245917407085,"Cuneiform (Uruk III)"
"Cuneiform (Uruk III)","SZITA~a1 _ N01 N01 N01 _ ZATU753 _ N01 N01 N01 N01 _ SANGA~a _ N01 N01 N01 _ SZU _ N01 N01 _ N01 _ N01 N01 _ N14",20,-1.3226329287221,-0.643803875389492,-1.20009873771968,2.15116773905991,"Cuneiform (Uruk III)"
"Cuneiform (Uruk III)","IB~a _ AN _ AB~b _ ME~a",4,-0.778096972705846,-1.14524985265365,1.80187764351878,-0.530468844961491,"TeDDi"
"Cuneiform (Uruk III)","NI~a _ DUG~b",2,-1.67336214546251,-1.99790239394498,1.80187764351878,-0.530468844961491,"Cuneiform (Uruk III)"
"Cuneiform (Uruk III)","N01 _ NAM2 _ N01 _ NAM2",4,-1.67336214546251,-1.82363522324594,-0.342391200222976,-0.530468844961491,"Cuneiform (Uruk III)"
"Cuneiform (Uruk III)","N14 _ SUHUR _ N14",3,-1.74650903970266,-1.86926873867638,0.372365081024279,-0.530468844961491,"Cuneiform (Uruk III)"
"Cuneiform (Uruk III)","N01 _ SZUBUR _ N01 _ SZUBUR _ N01 _ N01 _ SZUBUR",7,-1.68658688080775,-1.59806957183607,-1.26136356182659,0.241517444378004,"Cuneiform (Uruk III)"
"Cuneiform (Uruk III)","N14 N14 N14 _ N01 N01 N01 N01 N01 N01 N01",10,-1.77963826907054,-1.40620982429709,-1.62895250646803,3.58679136484914,"Cuneiform (Uruk III)"
"Cuneiform (Uruk III)","N01 N01",2,-2.56862731821918,-2.3277534231392,-0.342391200222976,4.10144889107547,"Cuneiform (Uruk III)"
"Cuneiform (Uruk III)","N34 _ N34 N34",3,-2.56862731821918,-2.08916942480586,-1.05714748147023,4.10144889107547,"Cuneiform (Uruk III)"
"Cuneiform (Uruk III)","N34 _ N01 N01",3,-1.74650903970266,-1.86926873867638,0.372365081024279,1.78549002305699,"Cuneiform (Uruk III)"
"Cuneiform (Uruk III)","EN~a _ N01 N01 N01 N01 N01 _ SZUBUR _ MUSZ3~a _ N14 _ IB~a _ MUSZEN _ N01 N01 N01 N01 N01 _ U2~a _ N14 N14 N14 _ ZAG~a _ N14 N14 _ N01 N01 _ EN~a _ N14 N14 N14 _ ZAG~a _ N34 N34 _ N14 N14 N14 _ N01 N01 N01 N01",39,-0.431213017491205,-0.132352426367612,-1.38703499589204,1.90738259505796,"Cuneiform (Uruk III)"
"Cuneiform (Uruk III)","N01 _ NI~a _ KU6~a _ N01 N01 _ UNUG~a _ N01 _ UH3~b _ N01 _ MAR~a _ GAR _ N01 _ SZA3~a1 _ N01 _ UKKIN~a _ NESAG2~a _ N14 _ N01 N01",19,-0.109885289900278,0.328816722225638,-0.00382243542164411,-0.0158113187351626,"Cuneiform (Uruk III)"
"Cuneiform (Uruk III)","N01 N01 N01 N01 N01",5,-2.56862731821918,-1.90397360646749,-1.62895250646803,4.10144889107547,"Cuneiform (Uruk III)"
"Cuneiform (Uruk III)","N01 N01 N01 N01 N01 N01 N01 N01 _ N01 N01 _ N34 _ N14 N14 _ AB2 _ SZE3 _ N34 N34 _ N14 _ N34 N34 _ N34 _ N14 N14 N14 N14 _ N01 N01 N01 _ N34 N34 N34 N34 N34 N34 N34 N34 N34 _ N14 _ AB2 _ N48 N48 _ N34 N34 N34 N34 N34 N34 N34 _ N14 N14 N14 N14 _ N48 N48 N48 _ N34 _ N14 N14 N14 N14 N14 _ N48",62,-0.691229008704183,-0.641500456016287,-2.07164026775665,2.65872041591641,"Cuneiform (Uruk III)"
"Cuneiform (Uruk III)","N01 _ U4 _ UNUG~a _ SANGA~a",4,-0.778096972705846,-1.14524985265365,1.80187764351878,-0.530468844961491,"TeDDi"
"Cuneiform (Uruk III)","SILA3~a _ SILA3~a _ EN~a _ TUR _ MUSZEN",5,-0.847992030323956,-0.96694888681645,0.94417010602208,0.627510589047749,"Cuneiform (Uruk III)"
"Cuneiform (Uruk III)","N01 _ ZATU710 _ N57 _ BU~a _ ZATU801 _ N01 _ N57 N57 N57 _ |SZE~a&SZE~a| _ N01 _ N57 _ EN~a _ SZU _ N01 _ N57 N57 _ U4 _ ZATU801 _ N01 _ N57 N57 N57 _ U4 _ N01 _ N57 N57 N57 N57 _ U4 _ ZATU801 _ N01 _ N57 N57 N57 _ ZATU801",36,-0.474103222612694,-0.553807911013631,-1.41452562209386,0.792936222477642,"Cuneiform (Uruk III)"
"Cuneiform (Uruk III)","ZATU777 _ KU3~a _ NUNUZ~a2 _ URU~a1",4,-0.778096972705846,-1.14524985265365,1.80187764351878,-0.530468844961491,"TeDDi"
"Cuneiform (Uruk III)","SUM~a _ N01 N01 _ TAG~a3 _ SUM~a",5,-1.20609809942662,-1.35048522870303,0.0864625685253758,0.627510589047749,"Cuneiform (Uruk III)"
"Cuneiform (Uruk III)","N01 N01 _ AB2 _ NE~a _ N01 _ U4 _ AB2 _ N01 N01 _ SZU _ AB2 _ N01 N01 _ GI6 _ AB2 _ N01 _ KUR~a _ AM~a _ NE~a _ GU4 _ N01 N01 N01 _ GU4 _ |SZE~a&SZE~a| _ |SIxGU4| _ BU~a _ NA~a",28,0.134823788873226,0.512539006904681,-0.495553260490246,0.327293698749057,"Cuneiform (Uruk III)"
"Cuneiform (Uruk III)","NUN~a _ N01 N01 _ N01 N01 _ N01",6,-1.98668488260646,-1.66242076391846,-1.05714748147023,3.17506534386808,"Cuneiform (Uruk III)"
"Cuneiform (Uruk III)","N01 _ |SILA3~axKASZ~d| _ N01 _ |SILA3~axHASZHUR| _ N01 _ N01 _ SANGA~a",7,-1.07846042637019,-0.951184903454676,-0.0360670796884411,0.241517444378004,"Cuneiform (Uruk III)"
"Cuneiform (Uruk III)","N51 N51",2,-2.56862731821918,-2.3277534231392,-0.342391200222976,4.10144889107547,"Cuneiform (Uruk III)"
"Cuneiform (Uruk III)","DU _ AMAR",2,-1.67336214546251,-1.99790239394498,1.80187764351878,-0.530468844961491,"Cuneiform (Uruk III)"
"Cuneiform (Uruk III)","N01 N01 N01 _ DUG~a",4,-1.84231826797157,-1.57157612329932,-0.342391200222976,2.55747631239648,"Cuneiform (Uruk III)"
"Cuneiform (Uruk III)","N01 _ N01 _ TUG2~a _ BUR2 _ N01 N01 N01 _ TUG2~a _ N01 _ SZU2 _ N01 _ BAR _ SZU2 _ SAL _ N01 N01 N01 N01 _ GISZIMMAR~b1 _ N01 _ URI _ N01 _ GISZ _ N01 _ GISZ _ N01 N01 _ ZATU759 _ N14 _ |ZATU759@txX| _ N01 _ NU11 _ SAL _ N01 _ ZATU778 _ SUG5 _ N57 N57 N57 _ KAL~b2 _ E2~b",41,0.310329187004375,0.932095894131013,-0.60388740067929,0.511712645646825,"Cuneiform (Uruk III)"
"Cuneiform (Uruk III)","N51 N51 N51 N51 N51 N51 _ N45",7,-2.03892328588626,-1.45089006862051,-1.26136356182659,3.32946260173598,"Cuneiform (Uruk III)"
"Cuneiform (Uruk III)","N01 N01 _ |SILA3~axNI~a| _ HI _ BAN~a _ |U4x1(N01)| _ N14 _ |DUG~ax1(N57)| _ DA~a _ GA2~c _ N14 _ |SILA3~axHI| _ N14 _ |SILA3~axNI~a| _ BA _ ZATU629 _ N14 N14 _ N01 N01 _ |DUG~ax1(N57)| _ GAR",22,0.462978824869888,0.498635182011575,0.0474758622755263,0.131233688758075,"TeDDi"
"Cuneiform (Uruk III)","N01 _ DU _ N01 _ ZI~a _ |DU6~axDISZ| _ N01 _ GI _ N14 _ N01 N01 N01 N01",12,-0.825242714434573,-0.523930393950353,-0.342391200222976,0.732781446684954,"Cuneiform (Uruk III)"
"Cuneiform (Uruk III)","UMUN2 _ SILA3~c",2,-1.67336214546251,-1.99790239394498,1.80187764351878,-0.530468844961491,"Cuneiform (Uruk III)"
"Cuneiform (Uruk III)","N01 N01 N01 N01 N01",5,-2.56862731821918,-1.90397360646749,-1.62895250646803,4.10144889107547,"Cuneiform (Uruk III)"
"Cuneiform (Uruk III)","N01 _ SI _ EN~a",3,-1.14966559119821,-1.52073439727831,1.80187764351878,-0.530468844961491,"Cuneiform (Uruk III)"
"Cuneiform (Uruk III)","N01 _ |SAR~axSZE~a| _ SAG _ N01 N01 N01 _ SIG7",7,-1.07846042637019,-0.99029934525219,-0.0360670796884411,1.01350373371749,"Cuneiform (Uruk III)"
"Cuneiform (Uruk III)","N01 _ DUB~a _ N01 N01 N01 _ BU~a _ EN~a",7,-1.07846042637019,-0.896056194053845,-0.0360670796884411,1.01350373371749,"Cuneiform (Uruk III)"
"Cuneiform (Uruk III)","N01 _ UH3~a _ UNUG~a _ KALAM~b _ RAD~a@g _ NAR _ NAGA~a _ KI _ ZABALAM~a",9,0.269296135822749,0.0499788965179965,1.80187764351878,-0.530468844961491,"TeDDi"
"Cuneiform (Uruk III)","N34 _ |(UDU~axTAR)~b|",2,-1.67336214546251,-1.99790239394498,1.80187764351878,-0.530468844961491,"Cuneiform (Uruk III)"
"Cuneiform (Uruk III)","N01 _ PAP~a _ NE~a _ GI _ N01 _ N01 _ GAL~a _ LAM~b",8,-0.414942447582037,-0.539010425248912,0.729743221647904,0.131233688758075,"Cuneiform (Uruk III)"
"Cuneiform (Uruk III)","PAP~a _ TI _ PAP~a",3,-1.74650903970266,-1.86926873867638,0.372365081024279,-0.530468844961491,"Cuneiform (Uruk III)"
"Cuneiform (Uruk III)","NA2~a _ A",2,-1.67336214546251,-1.99790239394498,1.80187764351878,-0.530468844961491,"Cuneiform (Uruk III)"
"Cuneiform (Uruk III)","N01 _ EN~a _ UNUG~a",3,-1.14966559119821,-1.52073439727831,1.80187764351878,-0.530468844961491,"Cuneiform (Uruk III)"
"Cuneiform (Uruk III)","TAK4~a _ KI _ AK~a _ SI",4,-0.778096972705846,-1.14524985265365,1.80187764351878,-0.530468844961491,"TeDDi"
"Cuneiform (Uruk III)","N02 N02",2,-2.56862731821918,-2.3277534231392,-0.342391200222976,4.10144889107547,"Cuneiform (Uruk III)"
"Cuneiform (Uruk III)","N01 _ AB2 _ N01 N01 _ GU4 _ N14 _ N14",7,-0.919216732730603,-0.941804347922591,-0.0360670796884411,1.01350373371749,"Cuneiform (Uruk III)"
"Cuneiform (Uruk III)","UDU~a _ HI",2,-1.67336214546251,-1.99790239394498,1.80187764351878,-0.530468844961491,"Cuneiform (Uruk III)"
"Cuneiform (Uruk III)","KALAM~a _ EN~a _ SU~a _ N01 N01 _ AN _ N01 N01 _ PAP~a _ E2~a _ N01 N01 _ AB~b",13,-0.32385723765625,-0.231464679817466,0.152440071409736,0.627510589047749,"Cuneiform (Uruk III)"
"Cuneiform (Uruk III)","EN~a _ AMAR _ N01 _ AN _ |SZU2.EN~a| _ N01 _ AN _ RU _ N01 _ |NUN~a+EN~a| _ N01 _ KU6~a _ KAB _ N01 _ NUN~a _ N01 _ EN~a _ ERIM~a _ NUN~a _ N01 _ KAB _ GI _ SZUM _ N01 N01 N01 N01 N01 N01 N01 N01 _ BA _ N01 N01 N01 N01 _ N14 _ N01 N01",39,-0.137821211365676,0.377367324867345,-0.837222471855688,0.810349447049207,"Cuneiform (Uruk III)"
"Cuneiform (Uruk III)","N14 N14 N14 _ N34 N34 N34 N34 _ N14 N14 N14 N14 _ SZE3 _ N01 N01 N01 N01 N01 N01 N01 _ N61 N61 N61 _ SZE3",23,-0.623018805572667,-0.469972310270774,-1.55436924233788,2.83819859942902,"Cuneiform (Uruk III)"
"Cuneiform (Uruk III)","N08 N08 N08 N08 _ SUHUR _ |SAGxGESZTU~b| _ |ZATU759x(KU6~a+KU6~a)| _ N01 _ SUHUR _ |SAGxGESZTU~b| _ N01 _ SUHUR _ EN~a _ SZU _ |ZATU651xGAR|",15,-0.0709287178098457,-0.0345866339563568,-0.199439943973527,0.462084955617856,"Cuneiform (Uruk III)"
"Cuneiform (Uruk III)","SUHUR _ N01 N01 N01 N01 N01 _ |GA2~a1xA| _ N14 _ N01 N01 N01 N01 N01 _ |ZATU759xKU6~a| _ |ZATU759xX| _ N01 _ IDIGNA _ KALAM~a _ EN~a _ HI _ E2~a _ NUN~a",22,-0.124807822612913,0.390757005329529,-0.147457668973727,1.23407124495735,"Cuneiform (Uruk III)"
"Cuneiform (Uruk III)","N01 N01 N01 N01",4,-2.56862731821918,-1.98856073784305,-1.41452562209386,4.10144889107547,"Cuneiform (Uruk III)"
"TeDDi","وَكَانَ لِعُزِّيَّا جَيْشٌ مِنَ ٱلْمُقَاتِلِينَ يَخْرُجُونَ لِلْحَرْبِ أَحْزَابًا حَسَبَ عَدَدِ إِحْصَائِهِمْ عَنْ يَدِ يَعِيئِيلَ ٱلْكَاتِبِ وَمَعَسِيَا ٱلْعَرِيفِ تَحْتَ يَدِ حَنَنْيَّا وَاحِدٍ مِنْ رُؤَسَاءِ ٱلْمَلِكِ .",222,1.33119300301398,1.24741253181747,-1.75258602538648,-0.530468844961491,"TeDDi"
"TeDDi","Profeta bezala mintzo direnei dagokienez , mintza daitezela bi edo hiru , eta gainerakoek eman dezatela beren iritzia .",119,0.883877937822117,0.724844769281277,-1.72985927558529,-0.530468844961491,"TeDDi"
"TeDDi","-Amesgaiztoak izango ditut!",27,0.950006865612527,0.827111183906671,0.213530351858222,-0.530468844961491,"TeDDi"
"TeDDi","Ez nago harrotuta, konbentzituta baizik.",40,0.892429630590291,0.719664261495772,-0.66403152678424,-0.411701723524646,"TeDDi"
"TeDDi","Bikaina da.",11,-0.0212837203905463,-0.135756934453331,0.632276456023277,-0.530468844961491,"TeDDi"
"TeDDi","Poza iritsi da, eta ni bozkarioz gainezka nago",46,0.711083584485082,0.562049674235633,-0.994994761361772,-0.530468844961491,"TeDDi"
"TeDDi","Zure metodoei begirune handia badiet ere, Dalrymple jauna oker zaude, ni sendagile arrunt bat naiz.",99,1.08844478182979,1.11548478092268,-1.4036959814689,-0.483204378267236,"TeDDi"
"TeDDi","Daukadan botereagatik, senar-emazte izendatzen zaituztet.",57,0.88567314395203,0.879532118876428,-0.981909978181046,-0.530468844961491,"TeDDi"
"TeDDi","Screw Magazinek dioenez...",26,0.855987339202286,0.71598647575775,0.152440071409736,-0.159915426078534,"TeDDi"
"TeDDi","Gehiegi da niretzat.",20,0.606376314358763,0.559791195921509,0.300889452899552,-0.530468844961491,"TeDDi"
"TeDDi","Erronka txiki bat denontzat, zuen doktoretza abentura hasi aurretik dena delakoa, Hawking jauna.",96,1.06082131987866,1.06141313650262,-1.41452562209386,-0.432954787360713,"TeDDi"
"TeDDi","Ziurrenez ez.",13,0.141328572080382,-0.0415141341037907,0.482327585831546,-0.144475700291744,"TeDDi"
"TeDDi","ထိုမင်းသည် ဣသရေလအမျိုးသားရှေ့မှ ထာဝရဘုရားနှင့် ထုတ်တော်မူသော တပါးအမျိုးသား ရွံရှာဘွယ်ထုံးစံအတိုင်း ၊ ထာဝရဘုရား ရှေ့တော် ၌ ဒုစရိုက်ကိုပြု ၏ ။",140,1.6457130348593,1.32094769851291,-1.35326079798695,-0.530468844961491,"TeDDi"
"TeDDi","ဤရွေ့ကား ၊ ဣသရေလအမျိုးအနွယ်တို့ အမွေ ခံစရာဘို့ စာရေးတံချ ၍ ဝေရသောမြေ ၊ ဤရွေ့ကား ၊ သူတို့ ပိုင်းခြား ၍ နေရသော ခရိုင်အသီးအသီး ဖြစ်သတည်းဟု အရှင်ထာဝရဘုရား မိန့်တော်မူ ၏ ။",166,1.72409200261766,1.42117825517966,-1.4532774686675,-0.530468844961491,"TeDDi"
"TeDDi","Wanene uiwa wamewa gapan , waenapan arugataet inanap anega wain , ‘ Ayop nega , Ayop nega , amun gega gapan God oisewa wadidiamuinton amba airampu wa oimoton tau amon amba kiman paua baware ge kiman yo paua mega ugup ugup tainton . ’",233,0.847704438032207,0.613196162520285,-2.02651651526479,-0.530468844961491,"TeDDi"
"TeDDi","infant in swaddling clothes. As it began to cry, she turned her back upon",73,1.17316748585443,1.20243507837566,-1.07672984534002,-0.4661366541832,"TeDDi"
"TeDDi","chasseurs d'Afrique defiling slowly before the mill; the miller was",67,1.16634028390372,0.924772818343537,-0.950467439493026,-0.319927129687083,"TeDDi"
"TeDDi","Dreamer of the Ghetto and American Man of Action, the Governor and",66,0.912345719990325,0.610102874794681,-1.25208101271948,-0.459208572099384,"TeDDi"
"TeDDi","can do to dress up to the position.""",36,0.716530517428619,0.625715839091769,-0.580643293972063,-0.398128338217578,"TeDDi"
"TeDDi","Amber could not help smiling. ""Poor Lady Chelmer!"" she said, nodding",68,1.33999142518693,1.21352750569882,-0.783858315110985,-0.392202643885761,"TeDDi"
"TeDDi","Paper Measure. Table of Temperatures. Strength of Various Metals.",65,1.117666564397,1.00632787130562,-0.969177477624413,-0.530468844961491,"TeDDi"
"TeDDi","higher intelligence and a creative will as the highest and last cause",69,0.745218241606391,0.562612778488702,-1.49221652222943,-0.394235970372168,"TeDDi"
"TeDDi","If anyone comes in, use this.",29,0.858297910452837,0.862934308899831,0.0273103245600852,-0.530468844961491,"TeDDi"
"TeDDi","Now she's got a chance to go to a fancy-ass school!",51,0.761300451721214,0.643219816377122,-0.973058507205848,-0.345192135520013,"TeDDi"
"TeDDi","Hello?",6,-0.552822142693773,-0.790240129939792,1.08712136227153,0.395914702245901,"Cuneiform (Uruk III)"
"TeDDi","[tense music]",13,0.468781278315983,0.344795998310874,1.14210261467517,-0.530468844961491,"TeDDi"
"TeDDi","- Audrey--",10,-0.0203093065709046,-0.21075176300444,0.94417010602208,-0.0158113187351626,"TeDDi"
"TeDDi","I said I want my gun, you bastard!",34,0.889262056962319,0.971507326470437,-0.216257738826403,-0.530468844961491,"TeDDi"
"TeDDi","""In the words of union leader, Jack Kelly...""",45,1.26036920141277,1.33280269293979,-0.199439943973527,-0.21465627204988,"TeDDi"
"TeDDi","We can make it a blend of both of us.",37,0.866185443408983,0.895391668135952,-0.284437988229958,-0.530468844961491,"TeDDi"
"TeDDi","And they sent you in to talk to me.",35,0.696548076068138,0.703204899062215,-0.403656024329883,-0.530468844961491,"TeDDi"
"TeDDi","Don't know.",11,0.202930355568499,0.00105844216459078,1.02214351852178,-0.530468844961491,"TeDDi"
"TeDDi","You're hurting me.",18,0.766665676243124,0.66028825595576,0.848869268522447,-0.530468844961491,"TeDDi"
"TeDDi","But something has escaped you.",30,1.00338948949816,0.955287976128512,0.0864625685253758,-0.530468844961491,"TeDDi"
"TeDDi","You would be awesome at that.",29,0.711508766278251,0.597147753990076,-0.268450895266363,-0.530468844961491,"TeDDi"
"TeDDi","No, Marianne, you're not 18 because you didn't RSVP, so you're actually not on our table, or any table, I don't think.",118,1.23302745292607,0.992227770985257,-1.43269739195607,-0.451290764003594,"TeDDi"
"TeDDi","I was adopted by a group of monks.",34,0.974710180520857,1.13907784134843,0.0360091839667458,-0.530468844961491,"TeDDi"
"TeDDi","Tortoise-shell comb.",20,0.819220573411905,0.806858226243346,0.729743221647904,-0.286683700959546,"TeDDi"
"TeDDi","laiska ja kurillinen. Tähän aikaan rupesi hän jo kantelemaan koulusta",69,0.931332736784242,0.818296503117631,-1.30575836190406,-0.326119533077508,"TeDDi"
"TeDDi","ja kun aurinko laski, sulki se lehtensä, nukkui ja näki koko yön unta",69,0.821626539102521,0.754119731281836,-1.36791108201252,-0.46235240766683,"TeDDi"
"TeDDi","katsannoissa en voikaan Savodoilla oloani katua. Jälkimäistä",60,0.826597425774158,0.856875735048442,-1.20009873771968,-0.21644052387424,"TeDDi"
"TeDDi","sanon sen peittelemättä, myöskin minua innostuttaa. Jos minä olisin",67,0.883234840751282,0.870306524019872,-1.27050756542463,-0.179565986170812,"TeDDi"
"TeDDi","Olavi tuli takaisin ja seisahtui verannan ovelle.",49,0.796566402041186,0.749264381463663,-0.998800029939842,-0.337472272626617,"TeDDi"
"TeDDi","""Nyt tiedät, Anni, mitä me saamme vartoa"", huokasi Vappu tuskallisesti",70,1.19901081417983,1.22195135503969,-1.01630426539896,-0.19482263220519,"TeDDi"
"TeDDi","etupäässä olevalla kuninkaalla on ihmeellinen valta saada kansa",63,0.735519651575896,0.618355029743089,-1.32943558861204,0.0671979596884388,"TeDDi"
"TeDDi","Meksikosta asti hän oli askel askeleelta seurannut tyttöä vaanien kuin",70,0.836242613620799,0.798364574342629,-1.3838932100404,-0.26195187475645,"TeDDi"
"TeDDi","vaihtelun tähden, voidaan silloin käyttää täydelleen. Kevättulva menee",70,0.986001368797085,0.869627378273424,-1.26136356182659,0.00656509544859028,"TeDDi"
"TeDDi","Eräs Sybil-niminen nainen haluaa, ja käytän nais-termiä löyhästi.",65,1.13993409051323,1.00188829923616,-0.969177477624413,-0.458095130335913,"TeDDi"
"TeDDi","Kommodori Chamberlainin mukaan armahdus on hyväksyttävä heti tai Nassauta pidetään vihamielisenä seutuna.",105,1.20484840331441,1.24381477989154,-1.50642285825422,-0.307780492267406,"TeDDi"
"TeDDi","Ovatko ne polttojälkiä?",23,0.799599647229203,0.705584363058672,0.310212360915819,-0.319927129687083,"TeDDi"
"TeDDi","Mutta en voi olla ajattelematta muita.",38,0.517654735319382,0.405727093301618,-0.90667247489186,-0.0297209816061444,"TeDDi"
"TeDDi","Minä todellakin näen ne.",24,0.524502086086155,0.268240352356984,-0.163702129911162,-0.32908111730771,"TeDDi"
"TeDDi","Ei hassummin.",13,0.331048174814961,0.15795700617283,0.812215100253356,0.241517444378004,"TeDDi"
"TeDDi","Kuka nyt pakenee?",17,0.419029540070664,0.24301399321572,0.288276106759896,-0.240973986459181,"TeDDi"
"TeDDi","Oletko ihan varma että pyöriä ollaan tuomassa?",46,1.07885456567987,0.987717799181654,-0.528849360548346,-0.118742823980428,"TeDDi"
"TeDDi","Jos aiot myydä elämäni Yakuzalle, voisit ainakin vaivautua tulemaan paikalle.",77,1.05556278525651,0.975515556234715,-1.26136356182659,-0.286683700959546,"TeDDi"
"TeDDi","Kaikki räppärit ovat Brooklynistä.",34,0.918810005967777,0.918839113528145,-0.342391200222976,-0.109385414412676,"TeDDi"
"TeDDi","Ette ole julmia, ilkeitä ihmisiä, jotka myyvät toisia orjiksi vain, - koska he ovat hankalia.",93,1.05180160974594,1.04752550577404,-1.47216725767831,-0.429774981134601,"TeDDi"
"TeDDi","Jo on aikakin, pikku paska.",27,0.41616801963264,0.374962809206174,-0.580643293972063,-0.352318162806223,"TeDDi"
"TeDDi","Liikut yhtä ääneti kuin ennenkin.",33,0.424435156456335,0.335505548006156,-0.927191793970728,-0.0962265572080259,"TeDDi"
"TeDDi","Enpä juuri.",11,0.365705841524264,0.191168082927177,1.41201058102028,-0.0672770713577949,"TeDDi"
"TeDDi","Ei mitään.",10,0.0472731424327121,-0.133571569843276,0.94417010602208,-0.0158113187351626,"TeDDi"
"TeDDi","Tiedätkö mitä, pidän siitä.",27,0.656401237855495,0.54417631104894,-0.10413910647389,-0.352318162806223,"TeDDi"
"TeDDi","Nyt riittää, Travis!",20,0.606376314358763,0.572982948150351,0.300889452899552,0.200886587044344,"TeDDi"
"TeDDi","Kippis.",7,-0.566880327652097,-0.746684333454668,0.576581161380634,0.241517444378004,"Cuneiform (Uruk III)"
"TeDDi","Ja veljeni kanssa.",18,0.530172055072962,0.382902504385794,0.372365081024279,-0.258003095782846,"TeDDi"
"TeDDi","Meillä on ikuinen side Shaolinin kanssa.",40,0.726583782108735,0.709897453807562,-0.771244968971328,-0.292934602087801,"TeDDi"
"TeDDi","Niin, päätin vihdoinkin uskaltaa.",33,0.888872018762047,0.899753496313916,-0.147457668973727,-0.0962265572080259,"TeDDi"
"TeDDi","Se ylikompensoi, koska se ei pysty pumppaamaan verta kunnolla.",62,1.00189026563569,0.927816226437108,-1.17243075263914,-0.15080345676174,"TeDDi"
"TeDDi","Käsitit väärin.",15,0.242122385290402,0.146767444020387,0.372365081024279,-0.199617578101708,"TeDDi"
"TeDDi","Helvetti!",9,-0.128599496513544,-0.325998721741502,0.848869268522447,0.0485208720431291,"TeDDi"
"TeDDi","bien né et à l'instinct de conservation que connaissent",55,0.804188642825647,0.775418782764492,-1.00516520647043,-0.358916336219381,"TeDDi"
"TeDDi","Praxi-Blassans, et le comité de patronage, me remercient...? Je vais lui",72,1.24056470305762,1.33522580917166,-0.938021434595688,-0.334754011044436,"TeDDi"
"TeDDi","—Tu es fou. Tiens, va-t'en, je ne veux plus te voir.... J'en ai assez,",70,1.09142055835268,1.11745229028099,-1.01630426539896,-0.26195187475645,"TeDDi"
"TeDDi","et de l'île du Prince-Edouard. Comment nos hommes",49,1.10752579752564,1.09843075056668,-0.56119414346193,-0.337472272626617,"TeDDi"
"TeDDi","Plaidoieries civiles prononcées aux audiences du matin du",57,0.951998448472529,0.735104672728872,-1.05714748147023,-0.530468844961491,"TeDDi"
"TeDDi","Malars de rivière. En yver, quant les jeunes etc.[967]",54,1.29175242875819,1.43251885710841,-0.421808564806006,-0.530468844961491,"TeDDi"
"TeDDi","Je fais juste quelques gardes ici pour aider.",45,0.9022631323101,0.826966237410173,-0.675944131471696,-0.530468844961491,"TeDDi"
"TeDDi","Ouais, ça serait bien.",22,0.680486671408717,0.588918286828771,0.242409393524775,-0.530468844961491,"TeDDi"
"TeDDi","Il est temps que tu apprennes l'indépendance et à prendre tes responsabilités.",78,0.964754836150048,0.949223454398851,-1.27707249108477,-0.410159293376115,"TeDDi"
"TeDDi","Vous êtes soldat, moi, civil, vous devez me protéger.",53,1.13643525348669,1.07896595423059,-0.706512324631952,-0.530468844961491,"TeDDi"
"TeDDi","J'essaie...",11,-0.184059206346302,-0.354782617555702,0.242409393524775,0.859106475849597,"Cuneiform (Uruk III)"
"TeDDi","Mme Stella ?",12,0.19323216793679,-0.0059210926493936,0.729743221647904,-0.109385414412676,"TeDDi"
"TeDDi","Je vous fais Chris Farley ?",27,0.880379590691655,0.780594547294928,0.213530351858222,-0.530468844961491,"TeDDi"
"TeDDi","Un staphylo à cause d'un hameçon rouillé.",41,1.23898829688171,1.23716722470125,-0.0808949997666623,-0.414670901560567,"TeDDi"
"TeDDi","Ça !",4,-0.778096972705846,-1.14524985265365,1.80187764351878,-0.530468844961491,"TeDDi"
"TeDDi","C'est comme résoudre un Rubik's Cube avec nos pieds.",52,1.12517760001308,1.12935087787072,-0.672278714644786,-0.439646928568609,"TeDDi"
"TeDDi","რვ ჲჟკგვპნწგარ!",15,0.570969696697014,0.425753403771718,0.94417010602208,-0.530468844961491,"TeDDi"
"TeDDi","ჱა ეა ბთევქ ოჲე მჲ£ კპჲგ.",25,0.76093509607146,0.878529661853637,0.258004076024717,-0.530468844961491,"TeDDi"
"TeDDi","ganz nach seinen Wünschen einzurichten.",39,0.69694154841768,0.59231961012513,-0.727259967048421,-0.530468844961491,"TeDDi"
"TeDDi","Ist Frau Lürig der Ansicht, die andere habe",43,1.00834423907189,0.924141365535213,-0.491991352111938,-0.530468844961491,"TeDDi"
"TeDDi","aussah. Auch der Pfarrer wurde alsbald von einer",48,0.964555283716583,1.02768101074146,-0.699769340846601,-0.333365962576939,"TeDDi"
"TeDDi","des Parketts in die süßeste Schwermut, diesem",45,0.903095609153514,0.906945667506955,-0.580643293972063,-0.425197987324287,"TeDDi"
"TeDDi","[185]werden, vorerst vor allen Augen unberufener Neugier geborgen;",66,1.09374399965245,1.03827092305764,-0.797236106471228,-0.459208572099384,"TeDDi"
"TeDDi","Jahwe sagte zu Mose : "" Sag den Israeliten : ' Ihr habt erlebt , wie ich vom Himmel her zu euch gesprochen habe .",113,1.24123501195107,1.28475192173519,-1.31015855447811,-0.489112436604018,"TeDDi"
"TeDDi","Ich sah Sie.",12,0.342443030062895,0.142158470627499,1.08712136227153,-0.530468844961491,"TeDDi"
"TeDDi","EIN JAHR SPÄTER",15,0.570969696697014,0.404121637100157,0.94417010602208,-0.530468844961491,"TeDDi"
"TeDDi","Eine Kreatur, die über das menschliche Begriffsvermögen hinausgeht.",67,1.23729397817833,1.24817638811964,-0.886459414306706,-0.460288273203355,"TeDDi"
"TeDDi","Wir lasen das Drama und erstellten dazu ein Schaubild.",54,0.989636599568156,0.913800107360143,-0.898312752304175,-0.443074170696643,"TeDDi"
"TeDDi","Ein neuer Anstrich löst alle Probleme.",38,1.02874108869999,1.10041383153999,-0.2295349452892,-0.405281879122654,"TeDDi"
"TeDDi","Rafft ihr nicht, was hier abgeht?",33,0.865683213689722,0.839293380302868,-0.277413356473226,-0.385721415710336,"TeDDi"
"TeDDi","Halte sie am Leben.",19,0.539155456296979,0.495361403284848,0.44760258431346,-0.530468844961491,"TeDDi"
"TeDDi","Ihr bringt die Sprengladungen an, wir geben Delaney das Gegengift und erklären ihr alles, das wird interessant.",111,1.09136605895368,1.00502636748952,-1.48213770275238,-0.446252158851728,"TeDDi"
"TeDDi","Nun, ich denke...",17,0.524354854512626,0.370253421305797,0.540543029553045,0.0485208720431291,"TeDDi"
"TeDDi","Jederzeit.",10,-0.0203093065709046,-0.099625071712547,0.94417010602208,-0.530468844961491,"TeDDi"
"TeDDi","- Sie sehen sich oft?",21,0.564109231436672,0.535897123905083,0.168149000667919,-0.530468844961491,"TeDDi"
"TeDDi","Geh du mal wieder ins Haus, lass Bono und mich zu Ende reden.",61,1.02001519193641,1.05678024648203,-0.939974320610024,-0.453270216027541,"TeDDi"
"TeDDi","Sulu, bringen Sie uns da hoch.",30,0.955354320917394,1.01946348966307,0.0864625685253758,-0.530468844961491,"TeDDi"
"TeDDi","Ich mach das Scheißding klar.",29,0.969731889864431,0.977586873179413,0.175190934473312,-0.530468844961491,"TeDDi"
"TeDDi","ηδύνατο, υποτασσομένη υπό των Αράβων, να εξισλαμισθή, καταστρεφομένου ούτως",75,1.44804686054881,1.31340430250489,-0.828425471471107,-0.467875362042073,"TeDDi"
"TeDDi","— Έπρεπε να είμαι εγώ εξουσία να σας δείξω! να μάθετε να",56,0.992477846139273,1.02814754178649,-0.648715320757512,-0.530468844961491,"TeDDi"
"TeDDi","Μοιρολογάει το σκοτωμό και κάπου κάπου οι λύκοι",47,0.801202186170925,0.628092842595745,-0.752995872428846,-0.530468844961491,"TeDDi"
"TeDDi","θα είναι για επίδειξη παρά για κατοικία, δεν πρέπει ν'",54,0.912195590762209,0.888464419689987,-0.898312752304175,-0.530468844961491,"TeDDi"
"TeDDi","Άλλως θα είχαν παράπονα κατά του παππά, κι' ο παππάς αν ήθελε",61,0.964025647829635,0.902674985865975,-0.939974320610024,-0.298872958159643,"TeDDi"
"TeDDi","ότι έλαβε το όνομα από την &θηλήν&. Η δε &θηλή&, καλέ Ερμογένη,",63,1.2610518843972,1.21212189216376,-0.784859374328418,-0.530468844961491,"TeDDi"
"TeDDi","ηδονάς είναι ακολασία και αξιοκατάκριτον πράγμα, έγινε φανερόν. Ως",66,1.24325727111309,1.34266990642977,-0.797236106471228,-0.530468844961491,"TeDDi"
"TeDDi","Ο Τριστάνος τραβάει τάλογό του όξω από το θάμνο.",48,1.16358456521786,1.1494218816675,-0.342391200222976,-0.530468844961491,"TeDDi"
"TeDDi","του πατρός.",11,0.365705841524264,0.202721569695999,1.41201058102028,-0.530468844961491,"TeDDi"
"TeDDi","Αν ο καλός συνάδελφος από την Φλόριντα παραχωρήσει μέρος του χρόνου του, τον διαβεβαιώνω ότι θα απαντηθεί το ερώτημα του.",121,1.39496751628506,1.35203941323706,-1.35250131669637,-0.530468844961491,"TeDDi"
"TeDDi","Κι εκείνος γέλασε.",18,0.828593779325182,0.819875665732071,1.08712136227153,-0.530468844961491,"TeDDi"
"TeDDi","- Όντως;",8,0.117168200050822,-0.134374696972693,1.80187764351878,-0.530468844961491,"TeDDi"
"TeDDi","Απλά πες τους την αλήθεια...",28,0.94372337957233,0.838297340678449,0.117094980578829,-0.187363827477272,"TeDDi"
"TeDDi","Δεν την χρειάζεσαι.",19,0.727632334772063,0.648944640439554,0.673315094181016,-0.530468844961491,"TeDDi"
"TeDDi","Στην καλύτερη σάλτσα, που έφαγα ποτέ μου.",41,1.17390797794525,1.12704277600179,-0.185493479949187,-0.530468844961491,"TeDDi"
"TeDDi","- πριν ασθενήσει;",17,0.564109236279457,0.391330604236266,0.540543029553045,-0.530468844961491,"TeDDi"
"TeDDi","Γιατί είσαι ένας ανούσιος μικρός καταραμένος πόνος στον πισινό.",63,0.972196813112282,0.815613983159397,-1.19329153504113,-0.530468844961491,"TeDDi"
"TeDDi","Τους διέταξε κυκλοφορήσει.",26,1.13145354620434,1.08330976744644,0.647271343042452,-0.530468844961491,"TeDDi"
"TeDDi","Σου επιτίθενται με τα όπλα τους, και εμείς θα μείνουμε άπραγοι;",63,1.06818753575635,0.914443201607993,-0.989075454684778,-0.530468844961491,"TeDDi"
"TeDDi","Ενημερώνεις τη βάση δεδομένων σου;",34,1.10364408394341,1.09919375987566,0.0360091839667458,-0.530468844961491,"TeDDi"
"TeDDi","Ψάξτε στο αρχείο για την τοποθεσία της βάσης τους.",50,1.07150219001014,0.937240169229496,-0.599703461471987,-0.530468844961491,"TeDDi"
"TeDDi","כן.",3,-1.14966559119821,-1.52073439727831,1.80187764351878,-0.530468844961491,"Cuneiform (Uruk III)"
"TeDDi","האם אתה בתוך גופך, אבל לא?",26,0.551089187300753,0.526406247098602,-0.342391200222976,-0.530468844961491,"TeDDi"
"TeDDi","ג 'ילדה מינו בלאט מיט.",22,0.660537518434127,0.499848679680787,0.242409393524775,-0.530468844961491,"TeDDi"
"TeDDi","W.W",3,-1.74650903970266,-1.86926873867638,0.372365081024279,-0.530468844961491,"Cuneiform (Uruk III)"
"TeDDi","אבל נכנעתי לאחת הבקשות שלך.",27,0.842405524835106,0.786196368929377,0.0546956226921664,-0.530468844961491,"TeDDi"
"TeDDi","אין זה המקום לכל מי עוד שדים השוכנים בהם.",41,0.857503251505382,0.834019732968502,-0.60388740067929,-0.530468844961491,"TeDDi"
"TeDDi","אתה לא נותן לנערה שלך להיכנס לשטח האויב לבד.",44,0.955369195344,1.04284246120272,-0.537324731472225,-0.530468844961491,"TeDDi"
"TeDDi","כן?",3,-1.14966559119821,-1.52073439727831,1.80187764351878,-0.530468844961491,"Cuneiform (Uruk III)"
"TeDDi","שים לב להיכן אתה הולך, חלקלק כאן.",33,0.811424718371136,0.841551240510626,-0.277413356473226,-0.530468844961491,"TeDDi"
"TeDDi","החדר הצמוד, מכאן.",17,0.669434550721419,0.58203378762344,0.79280995234619,-0.530468844961491,"TeDDi"
"TeDDi","בחיי, בהחלט ניסיתי.",19,0.404641724039088,0.46630663819946,0.221890074445908,-0.273140081848326,"TeDDi"
"TeDDi","והוא הקפיד טוב כפי שהוא מתיימר להגיע לבדיקה.",44,0.919734590963848,0.935163857245956,-0.634791497096852,-0.422749827844352,"TeDDi"
"TeDDi","तब आमोस के पुत्र यशायाह ने हिजकिय्याह के पास यह कहला भेजा , इस्राएल का परमेश्वर यहोवा यों कहता है , तू ने जो अश्शूर के राजा सन्हेरीब के विषय में मुझ से प्रार्थना की है ,",169,1.34681954483732,1.30588698663648,-1.62387731393847,-0.530468844961491,"TeDDi"
"TeDDi","aur jab ve israaael kee chhavanee ke pas aae hee the , ki israaaelee uttkar moaabiyon ko marane lage aur ve unake samhane se bhag gaae aur ve moab ko marate marate unake desh men pahunch gaae .",193,0.80845037329082,0.61423758637581,-1.95337038334502,-0.192724843375462,"TeDDi"
"TeDDi","parantu yakoob ka nij bhag unake saman naheen haai , kyonaki vah to sab ka srajanahar haai , aur israaael usake nij bhag ka gotra haai senaon ka yahova usaka nam haai .",168,0.738644133984329,0.5552297176547,-1.92506582298475,-0.308580570181277,"TeDDi"
"TeDDi","सिर्फ है कि आप बुराई को दूर.",28,0.95939771405236,1.06362293749105,0.423419101113369,-0.530468844961491,"TeDDi"
"TeDDi","एलन, आराम करो.",14,0.584174894463622,0.442034373250928,1.18922940244971,-0.530468844961491,"TeDDi"
"TeDDi","Biarlah lidahku melekat pada langit-langit mulutku , jikalau aku tidak mengingatmu , dan jikalau aku tidak menjadikan Yerusalem pokok kegembiraanku .",149,1.0082495026655,0.646398701616129,-1.79588887282645,-0.499172103501782,"TeDDi"
"TeDDi","Ini disebut sebagai Pemakaman Surgawi.",38,0.992562797483741,0.909383460752844,-0.342391200222976,-0.530468844961491,"TeDDi"
"TeDDi","Subtitle by 100Malay Silakan duduk, semua.",42,1.1084220698266,1.04368975758827,-0.444499240401156,-0.417495241643516,"TeDDi"
"TeDDi","Jadi siapapun yang mengambil jasadnya menghidupkannya kembali?",62,0.933896755286481,0.779678761549675,-1.17243075263914,-0.454535767321541,"TeDDi"
"TeDDi","Itu sangat manis.",17,0.419029540070664,0.213366415261431,0.288276106759896,-0.530468844961491,"TeDDi"
"TeDDi","Merekalah pembaca yang harus kita kejar.",40,0.962247231527669,1.11817107257324,-0.235177758035888,-0.530468844961491,"TeDDi"
"TeDDi","Saat aku besar, aku akan jadi arsitek.",38,0.620923204766348,0.578894616498116,-0.680959965024308,-0.405281879122654,"TeDDi"
"TeDDi","Oke, kuambilkan.",16,0.634469902396472,0.575245850368978,0.997776827115624,-0.530468844961491,"TeDDi"
"TeDDi","Apa lagi?",9,0.070348319654602,-0.139499445991198,1.32537345602062,-0.530468844961491,"TeDDi"
"TeDDi","Di sanalah kita selalu temukan cara dan keinginan untuk berjuang.",65,0.871276493622952,0.886247221638436,-1.1671099862775,-0.530468844961491,"TeDDi"
"TeDDi","Jangan pernah menyentuhku lagi.",31,0.852460175995296,0.900262885219708,-0.134881312118933,-0.530468844961491,"TeDDi"
"TeDDi","Tee, kau melihatnya?",20,0.785429348910097,0.831745460797987,0.729743221647904,-0.286683700959546,"TeDDi"
"TeDDi","Hei, Shim.",10,0.226326176984046,0.0196065045194392,1.37302387477043,-0.530468844961491,"TeDDi"
"TeDDi","Kenapa sekretarisnya berhenti?",30,0.716616941515613,0.644331062637387,-0.342391200222976,-0.530468844961491,"TeDDi"
"TeDDi","Serius, aku masih minum obat.",29,0.884685171397202,0.854583669990603,0.0273103245600852,-0.530468844961491,"TeDDi"
"TeDDi","Bagaimana keadaanmu?",20,0.241926868490901,0.409331827651688,0.0864625685253758,-0.286683700959546,"Cuneiform (Uruk III)"
"TeDDi","Di mana kode satelit itu?",25,0.719923104946395,0.678620619138718,0.0864625685253758,-0.530468844961491,"TeDDi"
"TeDDi","Apa?",4,-0.778096972705846,-1.14524985265365,1.80187764351878,-0.530468844961491,"TeDDi"
"TeDDi","Joe akan menjadi orang tua angkat hingga kau mengadopsi anaknya, yang bisa kau lakukan setelah Joe mendapat kepemilikan.",120,0.961069081656551,0.878302785571906,-1.66469032053039,-0.491545166507399,"TeDDi"
"TeDDi","「じゃあ、みなさん、さようなら。",16,0.676708933023739,0.554796839112606,0.997776827115624,-0.530468844961491,"TeDDi"
"TeDDi","それで...",6,-0.963881281952029,-1.10985374817862,0.372365081024279,1.32229824945329,"Cuneiform (Uruk III)"
"TeDDi","今もその声が聞こえる",10,0.405379211535379,0.217517122035969,1.80187764351878,-0.530468844961491,"TeDDi"
"TeDDi","今まで聞いてきた あなたの間違い",16,0.788617079618323,0.678645680753638,1.26581043258334,-0.530468844961491,"TeDDi"
"TeDDi","だめよ",3,-1.14966559119821,-1.52073439727831,1.80187764351878,-0.530468844961491,"Cuneiform (Uruk III)"
"TeDDi","正解だったみたいよ",9,0.070348319654602,-0.155800861338489,1.32537345602062,-0.530468844961491,"TeDDi"
"TeDDi","固定観念は捨てなさい フレイア",15,0.929075765799681,0.88280895012059,1.80187764351878,-0.530468844961491,"TeDDi"
"TeDDi","""バルジャー 1975年からFBI密告者""",21,1.27839814830061,1.31779424443359,1.59766156316242,-0.530468844961491,"TeDDi"
"TeDDi","これだ",3,-1.14966559119821,-1.52073439727831,1.80187764351878,-0.530468844961491,"Cuneiform (Uruk III)"
"TeDDi","テストの為に採血させて",11,0.52848132748002,0.371086826124027,1.80187764351878,-0.530468844961491,"TeDDi"
"TeDDi","我々の魂のように　彼らは生物です",16,0.900525226212906,0.895647845184736,1.53384403805106,-0.530468844961491,"TeDDi"
"TeDDi","葬式に参列し、",7,-0.0553002289340024,-0.339372210539815,1.80187764351878,-0.530468844961491,"TeDDi"
"TeDDi","そうね。",4,-0.778096972705846,-1.14524985265365,1.80187764351878,-0.530468844961491,"TeDDi"
"TeDDi","キーを挿した",6,-0.254400418441544,-0.570339443810311,1.80187764351878,-0.530468844961491,"TeDDi"
"TeDDi","それで分かる",6,-0.254400418441544,-0.570339443810311,1.80187764351878,-0.530468844961491,"TeDDi"
"TeDDi","いや　スイートへ連れて行け",13,0.744247485318037,0.64454891251074,1.80187764351878,-0.530468844961491,"TeDDi"
"TeDDi","また 誰かとやり合うのか",12,0.491653892189009,0.315779814666833,1.44449950289516,-0.530468844961491,"TeDDi"
"TeDDi","또 복음이 먼저 만국에 전파되어야 할 것이니라",25,0.961819726009446,1.16190931649192,0.772628598522739,-0.530468844961491,"TeDDi"
"TeDDi","고유의 동위원소 신호를 찾아내서",17,0.840330797838502,0.827362550987014,1.29734379793249,-0.530468844961491,"TeDDi"
"TeDDi","좋은 책이지",6,-0.254400418441544,-0.570339443810311,1.80187764351878,-0.530468844961491,"TeDDi"
"TeDDi","여자 친구 있어요?",10,0.226326176984046,0.0469866137777006,1.37302387477043,-0.530468844961491,"TeDDi"
"TeDDi","무슨 일이야?",7,-0.0553002289340024,-0.339372210539815,1.80187764351878,-0.530468844961491,"TeDDi"
"TeDDi","절름발이 내 동생과 잠자리할 생각있어?",21,0.937344749155217,1.00484629114846,0.985013322093354,-0.530468844961491,"TeDDi"
"TeDDi","무슨 짓 했죠?",8,-0.106648093138345,-0.325847289926083,1.26581043258334,-0.530468844961491,"TeDDi"
"TeDDi","그들은 당신이 도망가게 놔두지 않을 겁니다",23,1.02925986284615,1.18001319096715,1.0560450022173,-0.530468844961491,"TeDDi"
"TeDDi","그래서 너한테 투표안했던거야",15,0.809707076098786,0.750868538442903,1.51597513101988,-0.530468844961491,"TeDDi"
"TeDDi","알겠어요 제가 바로 여기서 같이 있어드리면 괜찮겠어요?",30,1.10023069619784,1.15931902572375,0.515316337273728,-0.530468844961491,"TeDDi"
"TeDDi","- 두 분 진짜 사랑하시냐구요",16,0.564800786429156,0.671639438677194,0.997776827115624,-0.530468844961491,"TeDDi"
"TeDDi","호출 받았는데요",8,0.117168200050822,-0.134374696972693,1.80187764351878,-0.530468844961491,"TeDDi"
"TeDDi","사고였어요.",6,-0.254400418441544,-0.570339443810311,1.80187764351878,-0.530468844961491,"TeDDi"
"TeDDi","nbsp;",5,-0.489885961221289,-0.835008475138763,1.80187764351878,-0.530468844961491,"TeDDi"
"TeDDi","I Maakà reniny aza , naongany amin’ny maha-renin’ny mpanjaka azy , satria nanao sampy vetaveta ho an’i Astarte . Nazeran’i Asà ny sampiny vetaveta , dia nodorany tao amin’ny ranon-driaka Sedrôna .",196,1.0783985930236,0.757903408054183,-1.83025121424787,-0.506715420674122,"TeDDi"
"TeDDi","陰獨察其動靜，與俱上下。何羅亦覺日磾意，以故久不得發。是時，上行幸林光宮，日",38,1.79982487638696,1.98996418261937,1.12474011391612,-0.530468844961491,"TeDDi"
"TeDDi","喜不過，到要尋個所在，暗暗與他相會。小姐得了風趣，就是有些敗露，又",33,1.67615057790805,1.91256328058133,1.28205489352078,-0.385721415710336,"TeDDi"
"TeDDi","肖恩 收手吧",6,-0.254400418441544,-0.570339443810311,1.80187764351878,-0.530468844961491,"TeDDi"
"TeDDi","-干杯",3,-1.14966559119821,-1.52073439727831,1.80187764351878,-0.530468844961491,"Cuneiform (Uruk III)"
"TeDDi","怎么了？",4,-0.778096972705846,-1.14524985265365,1.80187764351878,-0.530468844961491,"TeDDi"
"TeDDi","秀晶她",3,-1.14966559119821,-1.52073439727831,1.80187764351878,-0.530468844961491,"Cuneiform (Uruk III)"
"TeDDi","最高的",3,-1.14966559119821,-1.52073439727831,1.80187764351878,-0.530468844961491,"Cuneiform (Uruk III)"
"TeDDi","她在临死前并不是一个善良的人",14,0.839964943822666,0.767497940607122,1.80187764351878,-0.530468844961491,"TeDDi"
"TeDDi","- 去他娘的!",7,-0.0553002289340024,-0.339372210539815,1.80187764351878,-0.530468844961491,"TeDDi"
"TeDDi","大家集中，他们分明在东面",12,0.640864754315124,0.512863743081092,1.80187764351878,-0.530468844961491,"TeDDi"
"TeDDi","墨西哥鸡肉卷",6,-0.254400418441544,-0.570339443810311,1.80187764351878,-0.530468844961491,"TeDDi"
"TeDDi","很可爱 而且还很萌",9,0.070348319654602,-0.169921789611485,1.32537345602062,-0.530468844961491,"TeDDi"
"TeDDi","我弱爆了 疼死了",8,-0.106648093138345,-0.381762968868355,1.26581043258334,-0.530468844961491,"TeDDi"
"TeDDi","- 您在海上工作？",9,0.269296135822749,0.0499788965179965,1.80187764351878,-0.530468844961491,"TeDDi"
"TeDDi","‏کی می‌خواد انجامش بده؟",23,0.877448792686304,0.850499417447838,0.496670521241189,-0.530468844961491,"TeDDi"
"TeDDi","ولی میتونم هسته اورانیومی رو بردارم",35,0.54051958709984,0.513865778157259,-0.893774617185145,-0.530468844961491,"TeDDi"
"TeDDi","اره",3,-1.14966559119821,-1.52073439727831,1.80187764351878,-0.530468844961491,"Cuneiform (Uruk III)"
"TeDDi","من اونجا نميرم مگه اينکه توي يکي از اون چيزهاي بزرگ آهني",56,0.63880089274752,0.708657904121951,-1.26136356182659,-0.530468844961491,"TeDDi"
"TeDDi","سيرن ها مجبورش کردن زنگوله رو بزنه و شهر رو نابود کنه",53,0.685276169669759,0.613860745058447,-1.11109135175304,-0.530468844961491,"TeDDi"
"TeDDi","شايد احمقانه باشه ، ولي بايد حتما طبق اين برنامه برين جلو",57,0.819117775322964,0.653555974450465,-1.13238498475941,-0.530468844961491,"TeDDi"
"TeDDi",".یه ساعت دیگم مونده براتون .دور دلسوزي رو خط بكش",48,1.1091284843263,1.14810954049679,-0.521080270534791,-0.530468844961491,"TeDDi"
"TeDDi","سادست",5,-0.847992030323956,-1.09888929849414,0.94417010602208,-0.530468844961491,"Cuneiform (Uruk III)"
"TeDDi","Или не знаете , что неправедные Царства Божия не наследуют ? Не обманывайтесь : ни блудники , ни идолослужители , нипрелюбодеи , ни малакии , ни мужеложники ,",158,1.26406423502379,1.07014885577644,-1.61809544903137,-0.500966184222402,"TeDDi"
"TeDDi","Хорошо.",7,-0.66342668337156,-0.771473524734028,0.576581161380634,-0.530468844961491,"Cuneiform (Uruk III)"
"TeDDi","Вонзить иглу в мозг пациента",28,0.94372337957233,0.863231278556311,0.117094980578829,-0.530468844961491,"TeDDi"
"TeDDi","Я хочу, чтобы ты удалил это видео со своего ноутбука и телефона..",65,1.10879878007809,1.17680037791308,-0.969177477624413,-0.458095130335913,"TeDDi"
"TeDDi","От боли или...?",15,0.122753695589516,-0.0656837852576474,0.0864625685253758,0.131233688758075,"TeDDi"
"TeDDi","Но я абсолютно в порядке.",25,0.944264471391804,1.04095187309344,0.601087091023398,-0.530468844961491,"TeDDi"
"TeDDi","Учитывая смерть Хулио, это справедливо.",39,1.31340629352178,1.20178870309936,0.042477566602469,-0.530468844961491,"TeDDi"
"TeDDi","Благодаря нам город вообще появился.",36,0.989995790491322,1.00616001599976,-0.223265153348433,-0.398128338217578,"TeDDi"
"TeDDi","-  рутой парень!",16,0.788617079618323,0.712870817326471,1.26581043258334,-0.530468844961491,"TeDDi"
"TeDDi","И... мужчина... занимался со мной сексом.",41,0.840670084143318,0.839578496426351,-0.60388740067929,-0.0672770713577949,"TeDDi"
"TeDDi","Я не Леонардо, а вы - настоящая Мона Лиза.",42,0.947794305475246,1.05571296376578,-0.342391200222976,-0.530468844961491,"TeDDi"
"TeDDi","{АДРИАН вздыхает}",17,0.985410494047303,0.993661884210893,1.54961072072563,-0.530468844961491,"TeDDi"
"TeDDi","Сына официантки.",16,0.522561755801889,0.402879899756627,0.729743221647904,-0.530468844961491,"TeDDi"
"TeDDi","- А радуешься?",14,0.712069919143144,0.673254789408777,1.49555352298425,-0.530468844961491,"TeDDi"
"TeDDi","A pesar de que la gente pensaba que no había peligro para la niña,",66,0.878079023704392,0.722379743115442,-1.12212532521998,-0.530468844961491,"TeDDi"
"TeDDi","Cuyo valor, pesos oro, fué de 100.589.",38,1.16090202944866,1.22747796500094,-0.00382243542164411,-0.405281879122654,"TeDDi"
"TeDDi","Hasta aqui solo se ha hablado de estos empleados como dependientes",66,0.783293467657747,0.717858892376312,-1.31705885646923,-0.530468844961491,"TeDDi"
"TeDDi","por medio de la fuerza: pero que, estando esta á cargo de los",61,0.937306309402089,0.853374552346841,-0.939974320610024,-0.530468844961491,"TeDDi"
"TeDDi","riéndose á carcajadas y dando dos vueltas al salón. Y mi hermano la",67,1.00521898998616,1.05177553644495,-1.01447546467935,-0.530468844961491,"TeDDi"
"TeDDi","porteros. Y mi hermano Schakalik se aproximó á los que allí estaban y",69,1.22117414137043,1.33291129100231,-0.870689321144857,-0.46235240766683,"TeDDi"
"TeDDi","—Vámonos luégo, señor,",22,0.854032299391532,0.832061513636832,0.632276456023277,-0.530468844961491,"TeDDi"
"TeDDi","Dentro de la maldad se crean virtudes relativas.",48,0.809926313033391,0.804009362140796,-0.967802946314322,-0.530468844961491,"TeDDi"
"TeDDi","obligado a abandonar mis trabajos en la Península, lo haría[p. 184] sin murmurar, lleno el",90,1.17758185323043,1.23943896513749,-1.20009873771968,-0.478424825455458,"TeDDi"
"TeDDi","[279]",5,-0.489885961221289,-0.835008475138763,1.80187764351878,-0.530468844961491,"TeDDi"
"TeDDi","de su expedición.",17,0.524354854512626,0.473813962946793,0.540543029553045,-0.530468844961491,"TeDDi"
"TeDDi","Sí.",3,-1.14966559119821,-1.52073439727831,1.80187764351878,-0.530468844961491,"Cuneiform (Uruk III)"
"TeDDi","Cuando se vayan, te llevaré al hospital.",40,0.992350029848355,0.994902389461411,-0.342391200222976,-0.411701723524646,"TeDDi"
"TeDDi","Me culpa por la pérdida del envío quiere que le devuelva el doble del dinero.",77,0.770801668087861,0.593497389890358,-1.42844944575452,-0.530468844961491,"TeDDi"
"TeDDi","Yo abriré los otros vagones.",28,0.740225513912124,0.73844259993963,-0.0360670796884411,-0.530468844961491,"TeDDi"
"TeDDi","Andrew Jackson se pone ansioso cuando no cambia su agua.",56,0.886731958480466,0.851964595046026,-0.955039441292051,-0.530468844961491,"TeDDi"
"TeDDi","Abres más espacio y reclutas.",29,0.954598049676808,0.913085451237109,0.175190934473312,-0.530468844961491,"TeDDi"
"TeDDi","Parece que va a tardar un rato.",31,0.486989192583492,0.529885296635982,-0.54990108832702,-0.530468844961491,"TeDDi"
"TeDDi","Makinig ka't isa-isa kong ipaaalaala sa iyo:",44,0.557311453806946,0.505842590627178,-0.927191793970728,-0.207311793610075,"TeDDi"
"TeDDi","Ako'y lalakad sa harap ng Panginoon , sa lupain ng mga buhay .",62,0.912327180959648,0.931513015018872,-0.964920864535102,-0.454535767321541,"TeDDi"
"TeDDi","แน่ล่ะ ฉันชอบ",13,0.468781278315983,0.358144024384384,1.14210261467517,-0.530468844961491,"TeDDi"
"TeDDi","แมกซ์ มีรถตามเรามาสองคัน",24,0.985732555878894,1.02765365420088,0.729743221647904,-0.530468844961491,"TeDDi"
"TeDDi","ฉันต้องการความช่วยเหลือของนาย, ถ้านายไม่ปฏิเสธ มันจะดีมาก",57,1.75778373484222,1.78277340885439,0.0714150678675369,-0.530468844961491,"TeDDi"
"TeDDi","แล้วผู้คนที่อยู่ในเดอะเกลดส์ล่ะ?",32,1.24996470866668,1.20707685742696,0.327692813446324,-0.530468844961491,"TeDDi"
"TeDDi","เช็ท เราต้องกินอยูแล้ว ไม่เป็นไรหรอก",36,1.40666432532862,1.38906641463181,0.372365081024279,-0.530468844961491,"TeDDi"
"TeDDi","โช เล่าให้ฟังว่าคุณถามเขาว่าจะแหกเข้า",37,1.29626206148397,1.23550834357877,0.295094131700251,-0.530468844961491,"TeDDi"
"TeDDi","โอ๊ะ พี่ชาย",11,0.52848132748002,0.371086826124027,1.80187764351878,-0.530468844961491,"TeDDi"
"TeDDi","อย่าไปฟัง",9,0.269296135822749,0.0499788965179965,1.80187764351878,-0.530468844961491,"TeDDi"
"TeDDi","- ไม่",5,-0.489885961221289,-0.835008475138763,1.80187764351878,-0.530468844961491,"TeDDi"
"TeDDi","นี่เลย",6,-0.254400418441544,-0.570339443810311,1.80187764351878,-0.530468844961491,"TeDDi"
"TeDDi","Konutu ve eşyalarını sana göstereceğim örneğe tıpatıp uygun yapın . ”",69,1.16454501248677,1.20146954077811,-0.994994761361772,-0.530468844961491,"TeDDi"
"TeDDi","Daha önce de onun salonunda bulundum.",37,0.70431288782299,0.578325617381674,-0.632157260188081,-0.530468844961491,"TeDDi"
"TeDDi","Aslinda sirtimda bir sorun var.",31,0.783427736201623,0.65678667308488,-0.273221237521627,-0.530468844961491,"TeDDi"
"TeDDi","Sarı bir çantada.",17,0.458783921837496,0.417324859899672,0.540543029553045,-0.530468844961491,"TeDDi"
"TeDDi","Kıştepesi'nden giderim, Nehir Toprakları'na dönerim.",52,1.29106803319809,1.2459423881627,-0.424863078828428,-0.530468844961491,"TeDDi"
"TeDDi","Tamam, ben işe döneyim.",23,0.692366828292272,0.654487567099236,0.12375420059045,-0.530468844961491,"TeDDi"
"TeDDi","Yogayı meditasyonu hatta hipnoterapiyi bile denedim.",52,1.09962908282216,1.01325317854445,-0.754750593250237,-0.439646928568609,"TeDDi"
"TeDDi","Duydum.",7,-0.311090278293046,-0.558198031057977,1.18922940244971,-0.530468844961491,"TeDDi"
"TeDDi","- ...bulacağımızın garantisini veremem.",39,1.09510448936471,1.09351862041573,-0.287409947819341,-0.286683700959546,"TeDDi"
"TeDDi","Bundan daha değerli.",20,0.606376314358763,0.524140521458038,0.300889452899552,-0.530468844961491,"TeDDi"
"TeDDi","Zamana ihtiyacım var.",21,0.612933030395091,0.699310786283956,0.372365081024279,-0.530468844961491,"TeDDi"
"TeDDi","- Evet, neden?",14,0.28011166724484,0.126299096524835,0.576581161380634,-0.530468844961491,"TeDDi"
"TeDDi","Sahra Çölü'nde bir sürü ölüm oldu.",34,1.06126011166627,1.03252039661941,0.0360091839667458,-0.530468844961491,"TeDDi"
"TeDDi","Gözümüz üzerinde.",17,0.484600472745786,0.436568732007225,0.540543029553045,-0.530468844961491,"TeDDi"
"TeDDi","- Az kaldı baba.",16,0.368414578580047,0.23004000360437,0.461709616180184,-0.530468844961491,"TeDDi"
"TeDDi","Bunu saklayacağım.",18,0.66719176815905,0.725230829807095,0.848869268522447,-0.530468844961491,"TeDDi"
"TeDDi","Beni dinle.",11,0.0401548696127425,-0.17642288277498,0.632276456023277,-0.530468844961491,"TeDDi"
"TeDDi","Yapmamız gereken şeyi değiştirmez.",34,0.991349854072169,1.0576327729057,-0.0901242774298265,-0.530468844961491,"TeDDi"
"TeDDi","Evet, Ehr...",12,0.136913460433767,-0.0287378503646158,0.729743221647904,0.311698016136139,"TeDDi"
"TeDDi","Tatlım...",9,-0.203691106517574,-0.402278017210197,0.848869268522447,0.627510589047749,"Cuneiform (Uruk III)"
"TeDDi","Bu aşırı çirkin binada öğrendiklerinden bir şeyler hatırlıyor musun, bunca zamandır?",84,1.26093065750495,1.24922472572473,-1.10820150155932,-0.530468844961491,"TeDDi"
"TeDDi","Konuş.",6,-0.254400418441544,-0.570339443810311,1.80187764351878,-0.530468844961491,"TeDDi"
"TeDDi","Niye ki?",8,-0.106648093138345,-0.365876924561229,1.26581043258334,-0.530468844961491,"TeDDi"
"TeDDi","Hỡi Đức Giê-hô-va , Ngài là công bình , Sự đoán xét của Ngài là ngay thẳng .",76,1.434994756154,1.39184551812215,-0.568103710090528,-0.530468844961491,"TeDDi"
"TeDDi","Gánh nặng lời Đức Giê-hô-va nghịch cùng đất Ha-đơ-rắc , nó sẽ đỗ trên Đa-mách : vì con mắt loài người và mọi chi phái Y-sơ-ra-ên đều ngó lên Đức Giê-hô-va .",156,1.63562226946176,1.41533143202978,-1.27707249108477,-0.530468844961491,"TeDDi"
"TeDDi","Hin nhiên là vy.",16,0.368414578580047,0.316087654377958,0.461709616180184,-0.530468844961491,"TeDDi"
"TeDDi","Ooh, thật đáng sợ.",18,0.729119871241109,0.707204357580804,0.848869268522447,-0.530468844961491,"TeDDi"
"TeDDi","Ronald.",7,-0.0553002289340024,-0.339372210539815,1.80187764351878,-0.530468844961491,"TeDDi"
"TeDDi","Con đây bố. nhưng bố cũng đoán là cái gã nhát ké đó... rất sợ phải đi xuống dưới hầm mỏ.",88,1.4724828863906,1.69463595390396,-0.683524879909167,-0.423987977466389,"TeDDi"
"TeDDi","Bayi li Oluwa awọn ọmọ-ogun , Ọlọrun Israeli wi pe , ẹnyin ti ri gbogbo ibi ti emi ti mu wá sori Jerusalemu , ati sori gbogbo ilu Juda ; si wò o , ahoro ni nwọn li oni yi , ẹnikan kò si gbe inu wọn .",199,1.15863401262419,0.998196961425993,-1.77549550282425,-0.530468844961491,"TeDDi"
