"subcorpus","sequence","num.tokens","num.types","huni.chars","hrate.chars","ttr.chars","rm.chars","mlp.predictions.rd"
"Cuneiform (Uruk III)","N01 _ EN~a _ NUN~a _ N01 _ EN~a _ AMAR _ N01 _ |SZU2.EN~a| _ N01 _ N01 _ IB~a _ ZATU686~a _ N01 _ N01 _ N01",29,8,-0.736322131626148,-0.452665130100569,-0.873480204868588,-0.358768698286547,"Cuneiform (Uruk III)"
"Cuneiform (Uruk III)","N01 _ GAL~a _ SZUBUR _ N01 _ NAM2 _ APIN~a _ N01 _ N01",15,6,-0.800128082459822,-0.645087792816465,-0.384113722824427,-0.358768698286547,"Cuneiform (Uruk III)"
"Cuneiform (Uruk III)","N01 _ ZATU707~a _ ZATU686~a _ ZATU707~a _ ZATU707~a _ KA~a _ E2~a _ E2~a _ KA~a _ LAGAB~b _ ZATU707~a",21,7,-0.613237351325129,-0.481193190980675,-0.646921648366662,-0.358768698286547,"Cuneiform (Uruk III)"
"Cuneiform (Uruk III)","N01 _ SANGA~a _ |(BU~a&BU~a).NA2~a| _ N01 _ BUR2",9,5,-0.805072242354931,-0.844858408341855,0.229104770107454,-0.358768698286547,"Cuneiform (Uruk III)"
"Cuneiform (Uruk III)","ZATU647 _ URUDU@g~c",3,3,-1.30950615014164,-1.71340352585593,1.98115760705568,-0.358768698286547,"Cuneiform (Uruk III)"
"Cuneiform (Uruk III)","GISZ _ NU11 _ N01 _ N01 _ GISZ _ N01 _ GISZ _ N01 _ IN~b _ N01",19,5,-0.990004978787703,-1.01618744127314,-0.923561569990066,-0.358768698286547,"Cuneiform (Uruk III)"
"Cuneiform (Uruk III)","MUSZEN _ N01 _ N01 _ N57 _ GAN2 _ N01 _ NAGA~a _ TUR3~b _ N01 _ |SILA3~axA| _ N01 _ ME~a _ N01 _ KUSZU2~d _ N01 _ N01 _ AN",33,11,-0.465575898068333,0.0518769702505213,-0.646921648366662,-0.358768698286547,"Cuneiform (Uruk III)"
"Cuneiform (Uruk III)","N01 _ NI~a _ N01 _ DUG~c",7,4,-1.03548443237503,-1.17670113687788,0.291678085712745,-0.358768698286547,"Cuneiform (Uruk III)"
"Cuneiform (Uruk III)","N01 _ N01 _ |DUG~bxX| _ N01 _ |DUG~bxX| _ N01 _ |DUG~bxX| _ N01",15,3,-1.39375323253062,-1.69754494554699,-1.17253749945113,-0.358768698286547,"Cuneiform (Uruk III)"
"Cuneiform (Uruk III)","N01 _ GAL~a _ ISZ~b _ N01 _ GAL~a _ TAG~a2 _ N01 _ SANGA~a _ GAL~a _ N01 _ N01 _ SAG _ SUG5 _ N01 _ UB _ SAG _ N01 _ ZATU725 _ N01 _ N01 _ KAR2~a _ ME~a _ N01 _ GALGA~a _ ME~a _ N01 _ LAGAR~a _ IB~a _ N01 _ LAGAR~a _ GAR _ N01 _ MUSZ3~a _ ME~a _ N01 _ N01 _ GAL~a _ SZAGAN _ N01 _ ENGIZ _ N01 _ ENDIB",83,20,-0.133702168293637,0.595921603028545,-1.01105311146735,-0.358768698286547,"Cuneiform (Uruk III)"
"Cuneiform (Uruk III)","N01 _ TA~c _ N01 _ USZ~a _ N01",9,4,-1.13092655465144,-1.14777888421322,-0.208908439129606,-0.358768698286547,"Cuneiform (Uruk III)"
"Cuneiform (Uruk III)","GUKKAL~c _ N01 _ KAL~a _ AB2 _ N01 _ GA~b _ AMAR _ N14 _ SUHUR _ N14 _ KAR2~b _ N01 N01 N01 _ KAD4~a _ N01 _ N14 _ UD5~a",33,12,-0.170989251505529,0.295947012194986,-0.527463500392917,0.0731903881503344,"Cuneiform (Uruk III)"
"Cuneiform (Uruk III)","N01 _ KAB _ N01 _ NAM2 _ DI _ N01 _ NAM2 _ NAM2 _ N01 _ NAM2 _ URU~a1 _ N01",23,6,-0.850161669786266,-0.826139282176096,-0.932582436999525,-0.358768698286547,"Cuneiform (Uruk III)"
"Cuneiform (Uruk III)","N01 _ SZEN~a _ N01 _ URI _ N01",9,4,-1.13092655465144,-1.14777888421322,-0.208908439129606,-0.358768698286547,"Cuneiform (Uruk III)"
"Cuneiform (Uruk III)","N01 _ GAL~a _ N01 _ GAL~a _ NIM~a _ N01 _ GAL~a _ N01 _ GAL~a",17,4,-1.1502943904516,-1.45087144641959,-1.03340389181112,-0.358768698286547,"Cuneiform (Uruk III)"
"Cuneiform (Uruk III)","N01 _ GAL~a _ NESAG2~a _ N01 _ GAL~a _ TUR3~a",11,5,-0.824702894468583,-0.980333390251638,-0.169089056471688,-0.358768698286547,"Cuneiform (Uruk III)"
"Cuneiform (Uruk III)","N01 _ N01 _ SANGA~a _ |ZATU737xU4| _ N01 _ SANGA~a _ |ZATU737xSAL| _ N01 _ N01 _ N01 _ LAGAR~a _ N01 _ MUSZ3~a",25,7,-0.80698743456501,-0.590241852849953,-0.857167988800448,-0.358768698286547,"Cuneiform (Uruk III)"
"Cuneiform (Uruk III)","N01 _ N01 _ GAL~a _ UTUL~a _ N01 _ |NUN~a+EN~a| _ UTUL~a _ N01 _ TAR~a _ UTUL~a",19,6,-0.787762462501872,-0.678889694352347,-0.71608162877251,-0.358768698286547,"Cuneiform (Uruk III)"
"Cuneiform (Uruk III)","GAN~a _ N01 _ N57 N57 N57 N57 N57 _ GAN~a _ N01 _ GAN~a _ N01 _ |DUG~bxSZE~a| _ |DUG~bxBALA~a| _ N01 _ N01 _ |DUG~bxX| _ N01 _ N34",31,8,-0.469335604749399,-0.318660580350011,-0.943640273978862,0.562744019445464,"Cuneiform (Uruk III)"
"Cuneiform (Uruk III)","N01 _ N01 _ BU~a _ NUN~a _ SANGA~a _ N01 _ BU~a _ SANGA~a",15,5,-0.853701961106882,-0.960840092439155,-0.646921648366662,-0.358768698286547,"Cuneiform (Uruk III)"
"Cuneiform (Uruk III)","N01 _ SAR~b _ N01",5,3,-1.37660881641413,-1.5779190916838,0.404310053802275,-0.358768698286547,"Cuneiform (Uruk III)"
"Cuneiform (Uruk III)","N01 _ ABGAL _ N01 _ KINGAL _ N01 _ GA~a _ N01 _ GAL~a _ KISAL~b2 _ N01 _ GAL~a _ NIM~a _ N01 _ GAL~a _ N01 _ GAL~a _ N01 _ ERIN _ UMUN2 _ N01",39,10,-0.570409423233576,-0.219519549736903,-0.950161562453856,-0.358768698286547,"Cuneiform (Uruk III)"
"Cuneiform (Uruk III)","N01 _ |DUG~bxBALA~a| _ N01 _ |DUG~bxKASKAL| _ N34",9,5,-0.805072242354931,-0.789201790794747,0.229104770107454,-0.358768698286547,"Cuneiform (Uruk III)"
"Cuneiform (Uruk III)","N01 _ UMUN2 _ KU3~a _ N01 _ AB~a _ UMUN2 _ KU3~a _ N01 _ GAL~a _ AK~a _ N01 _ GAL~a _ IM~a _ N01 _ N01 _ N01",31,8,-0.616133106878066,-0.521708550299775,-0.943640273978862,-0.358768698286547,"Cuneiform (Uruk III)"
"Cuneiform (Uruk III)","AMAR _ BA",3,3,-1.30950615014164,-1.71340352585593,1.98115760705568,-0.358768698286547,"Cuneiform (Uruk III)"
"Cuneiform (Uruk III)","N01 _ SZEN~a _ N01 _ URI _ MUD3~a _ N01 _ SUH3 _ N01",15,6,-0.800128082459822,-0.588328552929993,-0.384113722824427,-0.358768698286547,"Cuneiform (Uruk III)"
"Cuneiform (Uruk III)","AMAR _ AMAR _ AMAR _ N01 _ SAG _ AMAR _ N01 _ SAG _ DARA4~a1 _ AMAR",19,5,-0.947709811434766,-0.937105042587707,-0.923561569990066,-0.358768698286547,"Cuneiform (Uruk III)"
"Cuneiform (Uruk III)","N01 _ N01 _ SZA _ N01 _ UB _ SAG _ N01 _ ZATU725",15,6,-0.800128082459822,-0.553752472097887,-0.384113722824427,-0.358768698286547,"Cuneiform (Uruk III)"
"Cuneiform (Uruk III)","SZE~a _ N01 _ SZE~a",5,3,-1.37660881641413,-1.5779190916838,0.404310053802275,-0.358768698286547,"Cuneiform (Uruk III)"
"Cuneiform (Uruk III)","N01 _ N01",3,2,-2.01919969379583,-2.12228228014236,0.667117979344511,-0.358768698286547,"Cuneiform (Uruk III)"
"Cuneiform (Uruk III)","N01 _ GAL~a _ IM~a _ N01 _ IM~a _ TUR",11,5,-0.824702894468583,-0.927662558419291,-0.169089056471688,-0.358768698286547,"Cuneiform (Uruk III)"
"Cuneiform (Uruk III)","N01 _ HI _ N01 _ N58 N58 N58 N58 N58 N58 N58 N58 N58 _ NI~b _ N01 _ IR~a _ N01 _ NE~a _ IR~a _ N01 _ DIN _ IR~a _ N01 _ SU~a _ NI~b _ N01 _ |DUG~bxX| _ N01 _ |DUG~bxX| _ N01 _ |DUG~bxX| _ N01 _ |DUG~bxX| _ N01 _ |DUG~bxX|",59,10,-0.361900232580447,-0.492668915754457,-1.29280553317385,0.594520320056918,"Cuneiform (Uruk III)"
"Cuneiform (Uruk III)","N01 _ |DUG~bxSZAH2~a| _ N01 _ |DUG~bxANSZE~d| _ N01 _ N01 _ |DUG~bxX|",13,5,-0.982657158023671,-0.934664959344634,-0.444761705641864,-0.358768698286547,"Cuneiform (Uruk III)"
"Cuneiform (Uruk III)","N01 _ NAMESZDA _ N01 _ NAM2 _ KAB _ N01 _ NAM2 _ DI _ N01 _ NAM2 _ NAM2 _ N01 _ NAM2 _ URU~a1 _ N01 _ NAM2 _ ERIN _ N01 _ GAL~a _ SZUBUR _ N01 _ N01 _ N01 _ NAM2 _ PA~a _ RAD~a _ N01 _ AB~a _ ME~a _ N01 _ |1(N58).BAD~a| _ GAL~a _ N01 _ EN~a _ IB~a _ N01 _ SZITA~a1 _ N01 _ ABGAL _ N01 _ KINGAL _ N01 _ N01 _ N01 _ SIG2~c1 _ GA~a _ N01 _ GAL~a _ NIM~a _ N01 _ GAL~a _ KISAL~b1 _ N01 _ SILA4~a _ N01 _ SZAB~a _ GAL~a _ N01 _ N01 _ UMUN2 _ ERIN _ N01 _ SANGA~a _ UMUN2 _ N01 _ AK~a _ N01 _ SANGA~a _ SUHUR _ N01 _ GAL~a _ SUHUR _ N01 _ N14 N14 N14 _ N01 N01 N01 N01 N01 N01 _ LAGAB~a",158,32,0.054038168176276,1.0521047907329,-1.16255745164573,-0.0506195410831667,"Cuneiform (Uruk III)"
"Cuneiform (Uruk III)","N01 _ N01 _ GAL~a _ GISZGAL _ N01 _ GAL~a _ |ZATU737xX| _ N01 _ SANGA~a _ |ZATU737xDI| _ N01 _ SANGA~a _ |ZATU737xX|",25,7,-0.634879199942626,-0.551562082978076,-0.857167988800448,-0.358768698286547,"Cuneiform (Uruk III)"
"Cuneiform (Uruk III)","N01 _ N01 _ N01 _ GA2~b _ N01 _ UR~a _ N01 _ GA2~a3 _ N01 _ URU~a1 _ N01 _ N01 _ N01 _ GAL~a _ TE _ N01 _ TE _ |NUN~a+EN~a| _ N01 _ RAD~b _ N01 _ N01 _ NUN~a _ N01 _ N01 _ NAGA~a _ N01 _ PAP~a _ N01",57,13,-0.636435367894998,0.186665086399114,-1.06188153080177,-0.358768698286547,"Cuneiform (Uruk III)"
"Cuneiform (Uruk III)","N01 _ GISZIMMAR~b1 _ GISZIMMAR~b1 _ N01 _ GIR2~a _ N01 _ AN _ GIR2~a _ N01",17,5,-0.899814316220707,-0.906023239656754,-0.801514545744444,-0.358768698286547,"Cuneiform (Uruk III)"
"Cuneiform (Uruk III)","N01 _ E2~a _ GAN~a _ N01 _ |DUG~bxSZE~a|",9,5,-0.805072242354931,-0.844858408341855,0.229104770107454,-0.358768698286547,"Cuneiform (Uruk III)"
"Cuneiform (Uruk III)","N01 _ MA _ N01 _ GU4 _ A _ N01 _ AD~a _ A _ N01 _ BU~a",19,7,-0.633410419835103,-0.544771562196843,-0.508601687554959,-0.358768698286547,"Cuneiform (Uruk III)"
"Cuneiform (Uruk III)","N01 _ N01 _ KISAL~b1 _ N01 _ NIM~a _ N01 _ N01 _ EN~a _ NUN~a _ N01 _ EN~a _ AMAR _ N01 _ |SZU2.EN~a| _ AN _ N01 _ NAM2 _ N01 _ N01 _ BU~a _ NUN~a _ N01",43,11,-0.544928953788695,0.0019497534349104,-0.952512259462282,-0.358768698286547,"Cuneiform (Uruk III)"
"Cuneiform (Uruk III)","GISZ _ NAM2 _ N01 _ GISZ _ NU11 _ N01 _ GISZ _ KIN2~c _ N01 _ N01 _ GISZ _ |SZE~a.KIN2~c| _ N01 _ GISZ _ DUB~b _ N01 _ GISZ _ N01 _ SI _ GISZ",39,9,-0.646118544974472,-0.395190906926034,-1.05124153381625,-0.358768698286547,"Cuneiform (Uruk III)"
"Cuneiform (Uruk III)","SUM~a _ ZATU751~a",3,3,-1.30950615014164,-1.71340352585593,1.98115760705568,-0.358768698286547,"Cuneiform (Uruk III)"
"Cuneiform (Uruk III)","N01 _ N01 _ EN~a _ N01",7,3,-1.45443997675625,-1.47370873164128,-0.271481754734896,-0.358768698286547,"Cuneiform (Uruk III)"
"Cuneiform (Uruk III)","N01 _ KI _ |SAG+NAM2| _ N01 _ DU _ AN _ NUN~a _ AD~a _ N01 N01 N01 N01 N01 _ MUNU3 _ N14 _ KAR2~a _ ME~a _ N01 N01 N01 _ KAD4~b _ N01 N01 N01 _ ZA~v",41,14,-0.204189959613659,0.450284851118598,-0.614871901349317,1.02350037831147,"Cuneiform (Uruk III)"
"Cuneiform (Uruk III)","N01 _ N01 _ SI _ KAK~a",7,4,-1.03548443237503,-1.06806239749084,0.291678085712745,-0.358768698286547,"Cuneiform (Uruk III)"
"Cuneiform (Uruk III)","N01 _ APIN~a _ SUHUR _ N01 _ MAR~a _ APIN~a _ N01 _ N01 _ DILMUN _ ZAG~a _ N01 _ GAL~a _ DU6~b _ N01 _ N01",29,9,-0.576695576081844,-0.165592874491982,-0.737545070967431,-0.358768698286547,"Cuneiform (Uruk III)"
"Cuneiform (Uruk III)","N01 _ NAMESZDA _ N01",5,3,-1.37660881641413,-1.5779190916838,0.404310053802275,-0.358768698286547,"Cuneiform (Uruk III)"
"Cuneiform (Uruk III)","N01 _ N01 _ N01",5,2,-1.96314657854783,-2.00821160378597,-0.384113722824427,-0.358768698286547,"Cuneiform (Uruk III)"
"Cuneiform (Uruk III)","N01 _ AB~a _ ME~a _ N01 _ GAL~a _ KISAL~b2",11,6,-0.631150109835626,-0.524761466886312,0.189285387449536,-0.358768698286547,"Cuneiform (Uruk III)"
"Cuneiform (Uruk III)","N01 _ GISZ _ GI _ BU~a _ GI _ NAM2 _ GISZ _ GI _ N01 _ LI _ GISZ _ N01 _ GISZ _ ERIM~a _ N01 _ U4 _ GISZ _ N01 _ GISZ _ N01 _ HI _ GISZ _ GISZ _ NAGA~a _ AN _ E2~b _ GISZ _ N01 _ GISZ _ NUN~a _ N01 _ NAM2 _ E2~b _ N01 _ GISZ@t _ E2~b _ N01 _ GISZ _ PU2 _ N01 _ GISZ _ PU2 _ N01 _ KI _ GISZ _ N01 _ GISZ _ APIN~b _ KI _ N01 _ SIG _ LISZ _ N01 _ GISZ _ GI _ N01 _ |BAD&BAD| _ N01 _ BAD _ N01 _ TAG~b _ N01 _ SI _ TAG~b _ N01 _ SI _ NIM~a _ N01 _ AL _ N01 _ NAM2 _ AL _ GISZ _ N01 _ AL _ GAZI _ N01 _ N01 _ KIN _ N01 _ KIN _ SZU _ N01 _ KIN _ N01 _ GISZ _ N01 _ GISZ _ N01 _ GISZ _ KA~a _ N01 _ GISZ _ TAG~a1 _ N01 _ GISZ _ SAG _ N01 _ N01 _ GISZ _ SIG _ N01 _ U4 _ GISZ _ N01 _ GISZ _ N01 _ GISZ _ N01 _ N01 _ GISZ _ DA~a _ N01 _ |NINDA2xGISZ| _ N01 _ GISZ _ N01 _ GISZ _ N01 _ GISZ _ N01 _ GISZ _ N01 _ NAMESZDA _ E2~b",249,35,-0.0762652399002099,0.419758641504192,-1.40684818005505,-0.358768698286547,"Cuneiform (Uruk III)"
"Cuneiform (Uruk III)","N01 N01 N01 _ ZA~v _ N01 N01 N01 N01 _ GIR2~a _ AN _ N14 _ DA~a _ KASZ~a _ KISZ",22,9,-0.361734480892037,0.213869174030424,-0.348276278432304,1.28678972623491,"Cuneiform (Uruk III)"
"Cuneiform (Uruk III)","EN~a _ N01 _ EN~a _ SIG2~b _ N01 _ EN~a _ TUG2~a _ E2~b",15,6,-0.711763252376049,-0.686145556554477,-0.384113722824427,-0.358768698286547,"Cuneiform (Uruk III)"
"Cuneiform (Uruk III)","N01 _ N01 _ KU6~a _ N01",7,3,-1.45443997675625,-1.47370873164128,-0.271481754734896,-0.358768698286547,"Cuneiform (Uruk III)"
"Cuneiform (Uruk III)","MUSZEN _ N01 _ SZEN~b _ MUSZEN _ MUSZEN",9,4,-1.13092655465144,-1.20343550176033,-0.208908439129606,-0.358768698286547,"Cuneiform (Uruk III)"
"Cuneiform (Uruk III)","N01 _ NAM2 _ URU~a1 _ N01 _ NAM2 _ ERIN _ N01 _ SZUBUR _ N01 _ N01 _ |SZE~a.NAM2| _ N01 _ GAL~a _ SZITA~a1 _ N01 _ ABGAL _ N01 _ KINGAL _ N01 _ GAL~a _ TE _ N01 _ GAL~a _ N01 _ GADA~a _ SUKKAL _ N01 _ SILA4~a _ N01 _ GAL~a _ SZAB~a _ N01 _ BU~a _ SZAB~a _ N01 _ NESAG2~b _ N01 _ N01 _ GAL~a _ UMUN2 _ N01 _ SUHUR _ SANGA~a _ N01 _ SUHUR _ GAL~a _ N01 _ DUB~a _ SANGA~a _ N01 _ SANGA~a _ GAL~a _ N01 _ SUG5 _ SAG _ N01 _ |ZATU737xGAR| _ N01 _ ISZ~b _ GAL~a _ N01",121,26,-0.0765990081203612,0.797232014571501,-1.11389440862766,-0.358768698286547,"Cuneiform (Uruk III)"
"Cuneiform (Uruk III)","N01 _ NAMESZDA _ N01 _ NAM2 _ KAB _ N01 _ NAM2 _ DI _ N01 _ NAM2 _ NAM2 _ N01 _ NAM2 _ URU~a1 _ N01 _ N01 _ GADA~a _ SUKKAL _ N01 _ GAL~a _ GA~a _ N01 _ SIG2~b _ GA~a _ N01 _ GAL~a _ KISAL~b1 _ N01",55,13,-0.365810595754262,0.112603899099184,-1.02918772188264,-0.358768698286547,"Cuneiform (Uruk III)"
"Cuneiform (Uruk III)","SUM~a _ SUM~a _ SUM~a _ SUM~a _ SUM~a _ SUM~a _ SUM~a _ N01 _ AN _ HI _ N01 _ KAR2~a _ KAB _ N01 _ ZATU684 _ AMA~b _ N01 _ NI~b _ BAHAR2~a _ N01 _ DU _ |GISZxSZU2~b| _ N01 _ SAR~a _ A _ N01 _ GISZ _ SAR~a _ A _ N01 _ SAR~a _ A",63,16,-0.127111884968825,0.448451459175041,-0.95978822639313,-0.358768698286547,"Cuneiform (Uruk III)"
"Cuneiform (Uruk III)","ZA~v _ AN _ GIR2~a _ DA~a _ KISZ _ GA~b _ GARA2~a _ N01 _ N01 _ N01 N01 N01 N01 N01 _ MUNU3 _ N01 N01 N01 N01 N01 _ N01 N01 N01 N01 N01",37,10,-0.688052151118562,-0.372497386153443,-0.895523740095802,1.94501309604349,"Cuneiform (Uruk III)"
"Cuneiform (Uruk III)","N01 _ NAR _ N01 _ SZA3~a1 _ N01 N01 N01 _ ZA~v _ N01 N01 N01 N01 _ GIR2~a _ AN _ N01 _ N45 _ N45",28,8,-0.664928546253682,-0.223815885513844,-0.834641595182542,0.921110076341249,"Cuneiform (Uruk III)"
"Cuneiform (Uruk III)","N01 _ N01 _ KAR _ N01 _ N01 _ N01 _ N01 _ N01 _ A _ N01 _ NI2 _ N01 _ EN~a _ ZATU647 _ BA _ N01 _ EN~a _ TUG2~a _ ZATU647 _ BA _ N01 _ BU~a _ NAGAR~b _ N01 _ MUSZ3~a _ N01 _ KI _ N01 _ KI _ N01 _ N01 _ TE _ KI _ N01 _ DI _ NAM2 _ KI _ N01 _ NIR~a _ SZAGAN _ N01 _ NIR~a _ N01 _ GAL~a _ SIMUG _ KI _ N01 _ KU3~a _ AB~a _ N01 _ GAL~a _ N01 _ SAG _ N01 _ AK~a",109,24,-0.112547633433186,0.752537364267758,-1.09297179722275,-0.358768698286547,"Cuneiform (Uruk III)"
"Cuneiform (Uruk III)","N01 _ N01 _ ZATU725 _ N01 _ DAM _ N01 _ BU3 _ N01 _ KAR2~a _ ME~a _ N01 _ GALGA~a _ ME~a _ N01 _ LAGAR~a _ IB~a _ N01 _ LAGAR~a _ GAR _ N01 _ MUSZ3~a _ ME~a _ N01 _ N01 _ N01 _ N01 _ N01 _ N01 _ N01 _ UNUG~a _ N01",61,13,-0.582760333602419,-0.0791111047092004,-1.12083757967233,-0.358768698286547,"Cuneiform (Uruk III)"
"Cuneiform (Uruk III)","SANGA~a _ ENKUM _ N01 _ NINKUM _ N01 _ GAL~a _ ISZ~a _ N01 _ GAL~a _ N01 _ MUSZ3~a _ N01 _ DU _ EZEN~b _ N01 _ GAL~a _ ZAG~a _ N01 _ GAL~a _ SIPA _ N01 _ GAL~a _ GURUSZDA",45,13,-0.313736541443975,0.0563276976147,-0.822126932061483,-0.358768698286547,"Cuneiform (Uruk III)"
"Cuneiform (Uruk III)","GA'AR~a1 _ GA'AR~a1 _ U4 _ TUG2~a@g _ GI6 _ TUG2~a _ N01 _ GI6 _ TUG2~a@g _ N01 _ GI _ TUG2~a _ N01 _ GI _ TUG2~a@g _ N01 _ NE~a _ TUG2~a _ NE~a _ TUG2~a@g _ N01 _ N01 _ TUR _ N01 _ BUR2 _ TUR _ N01 _ N57 _ GISZ@t _ TUG2~a _ N01 _ N57 _ GISZ@t",65,13,-0.16468278507866,-0.0771302666268526,-1.17253749945113,-0.358768698286547,"TeDDi"
"Cuneiform (Uruk III)","N01 _ GA'AR~a1 _ N01 _ GISZ _ GA'AR~a1 _ N01 _ SZE3@t _ GA'AR~a1",15,5,-0.907275839753952,-0.953200464346332,-0.646921648366662,-0.358768698286547,"Cuneiform (Uruk III)"
"Cuneiform (Uruk III)","DU7 _ N01 _ IM~a _ AD~a _ N01 _ |BU~a+DU6~a| _ N57 N57 _ N01 _ SAR~c _ HI _ N01 _ GI6 _ N04 _ N01 _ TUR _ |SZE~a&SZE~a| _ N01 _ SUKKAL _ E2~a _ LU2 _ DA~a",42,17,0.108881532127879,0.930760384085238,-0.365341728142838,-0.190199298701423,"Cuneiform (Uruk III)"
"Cuneiform (Uruk III)","GA~a _ GA~a _ GAL~a _ IM~a _ N01 _ IM~a _ TUR",13,6,-0.655106291721738,-0.535250868377554,-0.141521791554671,-0.358768698286547,"Cuneiform (Uruk III)"
"Cuneiform (Uruk III)","N01 _ SANGA~a _ |ZATU737xU4| _ N01 _ SANGA~a _ |ZATU737xSAL| _ N01 _ GAL~a _ ISZ~b _ N01 _ N01 _ N01",23,7,-0.752970737176743,-0.525677328134398,-0.761185963819805,-0.358768698286547,"Cuneiform (Uruk III)"
"Cuneiform (Uruk III)","N01 _ N01 _ GAL~a _ KISAL~b3 _ N01 _ GAL~a _ NIM~a _ N01",15,5,-0.942066791190655,-0.902502385965708,-0.646921648366662,-0.358768698286547,"Cuneiform (Uruk III)"
"Cuneiform (Uruk III)","|DUG~bxSIG7| _ N01 _ |DUG~bxSIG7| _ NIM~a _ AGAR2 _ PU2 _ PU2 _ PU2 _ E2~a _ N01 _ ALIM _ NUN~a _ N01 _ |ZATU662x1(N14)| _ N01 _ EN~a _ |ZATU662x1(N14)| _ N01 _ ZATU662 _ N01 _ EN~a _ ZATU662 _ N01 _ SZA3~a1 _ AB2 _ N01 _ SZA3~a1 _ AB2 _ TUG2~a@g _ N01 _ LUM _ TUG2~a _ N01 _ LUM _ A _ TUG2~a@g _ N01 _ N57 N57 N57 _ AB2 _ TUG2~a _ N01 _ N57 N57 N57 _ AB2",89,19,0.143974956134906,0.354043843096524,-1.11938533473472,-0.0446166354233603,"TeDDi"
"Cuneiform (Uruk III)","GAN~b _ GAN~b _ BAPPIR~d _ U4 _ |DUG~bxSIG7| _ N01 _ NAGA~a _ GA'AR~a1 _ N01 _ KA~a _ GA'AR~a1 _ N01 _ UR4~a _ GA'AR~a1",27,10,-0.285478150492282,0.0394824520221824,-0.500917245287643,-0.358768698286547,"Cuneiform (Uruk III)"
"Cuneiform (Uruk III)","GA'AR~a1 _ GA'AR~a1 _ SZE3@t _ GA'AR~a1 _ GA'AR~a1 _ GUG2 _ GA'AR~a1 _ GA'AR~a1",15,4,-1.33309196594646,-1.20521052934312,-0.909729573908894,-0.358768698286547,"Cuneiform (Uruk III)"
"Cuneiform (Uruk III)","N01 _ AN _ N01 _ GIR2~a _ UDU~a _ N01 _ GIR2~a _ UDU~a _ N01 _ GIR2~a _ AB2",21,6,-0.752889199452199,-1.07647125971319,-0.834641595182542,-0.358768698286547,"Cuneiform (Uruk III)"
"Cuneiform (Uruk III)","GIR2~a _ GIR2~a _ DIM~c _ DIM~c _ DIM~c _ N01 _ N01 _ DILMUN _ TUN3~a _ N01 _ NAGAR~b _ N01 _ AN _ NAGAR~b _ N01 _ NAGAR~b _ SZITA~a1 _ N01 _ AN _ NAGAR~b _ N01 _ N01",43,9,-0.512773392008258,-0.465561625784697,-1.13586662611966,-0.358768698286547,"Cuneiform (Uruk III)"
"Cuneiform (Uruk III)","KU6~a _ GU _ SZU2 _ GU _ N01 _ NAGAR~b _ N01 _ NAGAR~b _ N57 N57 _ N01 _ NAGAR~b _ AN _ TAK4~a _ N01 _ NAGAR~b _ BUR~a _ NAGAR~b _ BUR~a",36,10,-0.305226467892176,-0.216037183116773,-0.865928252985188,-0.161301687343973,"Cuneiform (Uruk III)"
"Cuneiform (Uruk III)","N01 _ AB2 _ N01 _ AB2 _ N01 _ AB2 _ N01 _ AB2 _ N01 _ SZAH2~a _ N01 _ N57 N57 N57 _ ZAG~a _ AB2 _ N01 _ DARA4~a1 _ ZAG~a _ N01 _ HI _ SAG _ AB2 _ N01 _ AB2 _ AB2 _ N01 _ AB2",53,9,-0.606972342868201,-0.453528538581783,-1.29154486196082,-0.0929477220176967,"Cuneiform (Uruk III)"
"Cuneiform (Uruk III)","NAM2 _ N01 _ GISZ _ NU11 _ N01 _ GISZ _ KIN2~c _ N01 _ GISZ _ GI6 _ KIN2~c _ N01 _ GISZ _ BU~a _ GI _ N01 _ GISZ _ N01",35,9,-0.535587339451662,-0.499546256939732,-0.947273563272072,-0.358768698286547,"Cuneiform (Uruk III)"
"Cuneiform (Uruk III)","N01 _ N01 _ N01 _ HI _ SAR~c _ N01 _ GISZ _ N01 _ BIR3~c _ APIN~a _ N01 _ GI",23,8,-0.660402014091416,-0.140689098439572,-0.589789490640087,-0.358768698286547,"Cuneiform (Uruk III)"
"Cuneiform (Uruk III)","N01 _ BALA~a _ MUSZEN _ RAD~a _ ISZ~b",9,6,-0.56850772780354,-0.522981102699746,0.667117979344511,-0.358768698286547,"Cuneiform (Uruk III)"
"Cuneiform (Uruk III)","N01 _ N01 _ BA _ SAG _ N01 _ SIG2~b _ N01 _ KA~a _ ZAG~a _ N01 _ SZENNUR~a _ N01 _ |EZEN~axSU~a| _ N01 _ GI _ UNUG~a _ N01 _ SZAM2 _ KI _ N01",39,13,-0.352042179032295,0.473080046109203,-0.646921648366662,-0.358768698286547,"Cuneiform (Uruk III)"
"Cuneiform (Uruk III)","UTUA~b _ UD5~a _ MASZ2 _ N01 _ GI _ N01 _ ZI~a _ GI _ N01 _ |GI&GI| _ SZE3 _ N01 _ APIN~a _ E2~b _ PIRIG~b1 _ N01 _ N01 _ GI _ N01 _ TAR~a _ ZATU751~a _ N01 _ ZI~a _ N01 _ DI _ ZATU751~a",51,15,-0.15980286732754,0.271178653726715,-0.801514545744444,-0.358768698286547,"Cuneiform (Uruk III)"
"Cuneiform (Uruk III)","NUN~a _ A _ N01 _ N01 _ N01 _ KI",11,5,-0.897758183532766,-0.988285515325569,-0.169089056471688,-0.358768698286547,"Cuneiform (Uruk III)"
"Cuneiform (Uruk III)","GAL~a _ UDU~c _ N01 _ GAL~a _ N01 _ GAL~a _ N01 _ SZAB~a _ N01",17,5,-0.947085385615179,-1.04012418896573,-0.801514545744444,-0.358768698286547,"Cuneiform (Uruk III)"
"Cuneiform (Uruk III)","EZEN~b _ AN _ E2~a _ A _ NI2",9,6,-0.56850772780354,-0.522981102699746,0.667117979344511,-0.358768698286547,"Cuneiform (Uruk III)"
"Cuneiform (Uruk III)","NAM2 _ NAM2 _ URU~a1 _ NAM2 _ ERIN _ GAL~a _ SZUBUR _ NAM2 _ APIN~a _ N01 _ N01",21,8,-0.511852559374526,-0.0968611153519992,-0.459201701550779,-0.358768698286547,"Cuneiform (Uruk III)"
"Cuneiform (Uruk III)","DU _ EZEN~b _ N01 _ GAL~a _ ZAG~a _ NESAG2~a _ ZAG~a _ ZAG~a _ DILMUN _ ZAG~a _ N01 _ SANGA~a _ GURUSZDA _ N01 _ GAL~a _ N01 _ USZUMGAL _ N01 _ GAL~a _ UR3~a2 _ N01 _ KAB _ GI _ AB~b _ N01 _ UNUG~a _ N01",53,16,-0.0921048476263445,0.488226965443686,-0.770887650980923,-0.358768698286547,"Cuneiform (Uruk III)"
"Cuneiform (Uruk III)","GAL~a _ GAR _ GAL~a _ GUG2 _ GUG2",9,4,-1.04163675690632,-1.14777888421322,-0.208908439129606,-0.358768698286547,"Cuneiform (Uruk III)"
"Cuneiform (Uruk III)","N01 _ NAM2 _ ERIN _ GAL~a _ LA2 _ NAM2 _ APIN~a",13,7,-0.491330858570777,-0.409442020904792,0.161718122532519,-0.358768698286547,"Cuneiform (Uruk III)"
"Cuneiform (Uruk III)","N01 _ SANGA~a _ NUN~a _ N01 _ GAL~a",9,5,-0.805072242354931,-0.844858408341855,0.229104770107454,-0.358768698286547,"Cuneiform (Uruk III)"
"Cuneiform (Uruk III)","N01 _ SANGA~a _ |ZATU737xU4| _ N01 _ SANGA~a _ |ZATU737xSAL| _ N01",13,5,-0.880697738696246,-0.935721744625733,-0.444761705641864,-0.358768698286547,"Cuneiform (Uruk III)"
"Cuneiform (Uruk III)","N01 _ NAMESZDA _ N01 _ NAM2 _ KAB _ N01 _ NAM2 _ DI",15,6,-0.711763252376049,-0.744483263027909,-0.384113722824427,-0.358768698286547,"Cuneiform (Uruk III)"
"Cuneiform (Uruk III)","GAL~a _ GAL~a",3,2,-2.01919969379583,-2.12228228014236,0.667117979344511,-0.358768698286547,"Cuneiform (Uruk III)"
"Cuneiform (Uruk III)","ISZ~b _ TAG~a1 _ GAL~a _ SANGA~a _ SANGA~a",9,5,-0.805072242354931,-0.881558196118217,0.229104770107454,-0.358768698286547,"Cuneiform (Uruk III)"
"Cuneiform (Uruk III)","N01 _ GAL~a _ N01 _ GAL~a",7,3,-1.33963880822682,-1.62513293875789,-0.271481754734896,-0.358768698286547,"Cuneiform (Uruk III)"
"Cuneiform (Uruk III)","N01 _ GAL~a _ |1(N58).BAD~a| _ N01 _ EN~a _ IB~a",11,6,-0.631150109835626,-0.524761466886312,0.189285387449536,-0.358768698286547,"Cuneiform (Uruk III)"
"Cuneiform (Uruk III)","N34 _ N01 _ MUSZEN _ N01 _ ISZ~b _ N01 _ N14 _ SUHUR _ N14 _ KAR2~b _ N01 N01 N01 _ KAD4~a",25,9,-0.419174901400992,-0.0472631087123466,-0.541798478149767,0.217176750295961,"Cuneiform (Uruk III)"
"Cuneiform (Uruk III)","N14 _ GA~a _ N14 _ AB2 _ N01 _ GU4",11,6,-0.631150109835626,-0.479224234347763,0.189285387449536,-0.358768698286547,"Cuneiform (Uruk III)"
"Cuneiform (Uruk III)","U8 _ UDUNITA~a _ UD5~a _ N14 _ N14 _ N01 N01 N01 _ KAD4~a _ N01 N01 N01",19,7,-0.556759844218204,-0.442428511946427,-0.508601687554959,1.17708583126681,"Cuneiform (Uruk III)"
"Cuneiform (Uruk III)","N01 _ N01 _ GI _ N01",7,3,-1.45443997675625,-1.47370873164128,-0.271481754734896,-0.358768698286547,"Cuneiform (Uruk III)"
"Cuneiform (Uruk III)","N01 _ SZENNUR~a _ N01 _ GISZ _ N01 _ GI _ N01 _ GI _ ZI~a _ N01 _ GI _ ZI~a _ SZE3 _ N01 _ PIRIG~b1",29,8,-0.599204291840978,-0.508294059040271,-0.873480204868588,-0.358768698286547,"Cuneiform (Uruk III)"
"Cuneiform (Uruk III)","UD5~a _ MASZ2",3,3,-1.30950615014164,-1.71340352585593,1.98115760705568,-0.358768698286547,"Cuneiform (Uruk III)"
"Cuneiform (Uruk III)","N01 _ NAGAR~b _ N01 _ NAGAR~b _ N01 _ AN _ N01 _ NAGAR~b",15,4,-1.13757937856856,-1.30119214081452,-0.909729573908894,-0.358768698286547,"Cuneiform (Uruk III)"
"Cuneiform (Uruk III)","NAGAR~b _ AN _ N01 _ NAGAR~b _ SZITA~a1 _ N01 _ NAGAR~b _ AN _ SZITA~a1",17,5,-0.821845348499735,-1.10610010323566,-0.801514545744444,-0.358768698286547,"Cuneiform (Uruk III)"
"Cuneiform (Uruk III)","N01 _ NI~a _ N01 _ DUG~b _ N01",9,4,-1.13092655465144,-1.14777888421322,-0.208908439129606,-0.358768698286547,"Cuneiform (Uruk III)"
"Cuneiform (Uruk III)","N01 _ N01 _ EN~a _ BA _ ZATU647 _ N01 _ EN~a _ BA _ ZATU647 _ TUG2~a _ N01 _ ILDUM~b _ N01",25,7,-0.634879199942626,-0.656640325202881,-0.857167988800448,-0.358768698286547,"Cuneiform (Uruk III)"
"Cuneiform (Uruk III)","N01 _ N01 _ KU6~a _ A _ N01",9,4,-1.13092655465144,-1.06328208691219,-0.208908439129606,-0.358768698286547,"Cuneiform (Uruk III)"
"Cuneiform (Uruk III)","N01 _ SAG _ DARA4~a1 _ N01 _ N01 _ U4 _ AL _ GU4 _ GU4",17,7,-0.571365274268846,-0.316281881126975,-0.337735853611091,-0.358768698286547,"Cuneiform (Uruk III)"
"Cuneiform (Uruk III)","KAD4~a _ N14 _ UD5~a _ N01 _ MASZ2",9,6,-0.56850772780354,-0.522981102699746,0.667117979344511,-0.358768698286547,"Cuneiform (Uruk III)"
"Cuneiform (Uruk III)","N14 _ U8 _ N01 _ N14 _ UD5~a",9,5,-0.805072242354931,-0.844858408341855,0.229104770107454,-0.358768698286547,"Cuneiform (Uruk III)"
"Cuneiform (Uruk III)","N01 _ AB2 _ N01 _ AB2 _ N01 _ AB2 _ N01 _ GI _ N01 _ GI _ BAR _ N01 _ DARA4~a1",25,6,-0.833097544845616,-0.845781148057464,-1.01485274412579,-0.358768698286547,"Cuneiform (Uruk III)"
"Cuneiform (Uruk III)","AB2 _ N01 _ N01 _ N01",7,3,-1.45443997675625,-1.65605426293763,-0.271481754734896,-0.358768698286547,"Cuneiform (Uruk III)"
"Cuneiform (Uruk III)","GU4 _ AMAR _ AMAR",5,3,-1.37660881641413,-1.68110860035682,0.404310053802275,-0.358768698286547,"Cuneiform (Uruk III)"
"Cuneiform (Uruk III)","MUSZEN _ MUSZEN _ N01 _ MUSZ _ N01 _ NIN _ X _ N01",15,6,-0.711763252376049,-0.509409543673883,-0.384113722824427,-0.358768698286547,"Cuneiform (Uruk III)"
"Cuneiform (Uruk III)","N01 _ PAP~a",3,3,-1.30950615014164,-1.71340352585593,1.98115760705568,-0.358768698286547,"Cuneiform (Uruk III)"
"Cuneiform (Uruk III)","SZITA~a3 _ KI _ KI",5,3,-1.37660881641413,-1.68110860035682,0.404310053802275,-0.358768698286547,"Cuneiform (Uruk III)"
"Cuneiform (Uruk III)","N02 _ N01 _ N01 _ AN _ KI _ LAGAB~b _ ME~a _ N01 _ |DU8~cxUDU~a| _ N01 _ GI _ N01 _ N01 _ N01 _ N01 _ DU _ N01 _ DU _ N01",37,10,-0.623935540017848,-0.340357630432998,-0.895523740095802,-0.358768698286547,"Cuneiform (Uruk III)"
"Cuneiform (Uruk III)","N01 _ N01 _ GAL~a _ N01 _ N01 _ N01 _ N34 _ EN~a",15,5,-1.05630193642188,-0.90808701366482,-0.646921648366662,-0.358768698286547,"Cuneiform (Uruk III)"
"Cuneiform (Uruk III)","N01 _ N01 _ N01",5,2,-1.96314657854783,-2.00821160378597,-0.384113722824427,-0.358768698286547,"Cuneiform (Uruk III)"
"Cuneiform (Uruk III)","BAR _ PIRIG~b1 _ N01 _ SU~a _ |1(N57).SZAH2~a| _ N01 _ UDU~a _ SZITA~a1 _ N01 _ DARA3~c _ N01 _ N01",23,9,-0.479886777444945,-0.15654676529577,-0.41839301746037,-0.358768698286547,"Cuneiform (Uruk III)"
"Cuneiform (Uruk III)","NI~a _ N01 _ DUG~b _ N01 _ DUG~c _ N01 _ NI~b _ N01 _ N01 _ NE~a _ N01 _ N01 _ N01 _ |DUG~bxSZE~a| _ N01 _ |DUG~bxBALA~a| _ N01 _ |DUG~bxKASKAL| _ N01 _ KASZ~b _ N01 _ |DUG~bxX| _ |DUG~bxX| _ N01 _ |DUG~bx(SZE~a.NAM2)| _ N01 _ |DUG~bx(1(N57).KU3~a)| _ N01 _ |DUG~bxSIG2~a1| _ N01 _ |DUG~bxSIG7| _ N01 _ |DUG~bxX| _ N01 _ |DUG~bxKUR@g~a| _ N01 _ |DUG~bxLAM~a| _ N01 _ |DUG~bxKUR~a| _ N01 _ |DUG~bxGISZ| _ N01 _ |DUG~bxX| _ N01 _ |DUG~bxX|",89,20,-0.359648450565618,0.54754591601112,-1.07509186413772,-0.358768698286547,"Cuneiform (Uruk III)"
"Cuneiform (Uruk III)","|DUG~bxX| _ |DUG~bxX| _ |DUG~bxX| _ N01 _ |DUG~bxX| _ N01 _ |DUG~bxNAGA~a| _ |DUG~bxX| _ N01 _ |DUG~bx(SZE~a.NAM2)| _ N01 _ N01 _ N01 _ |DUG~bxSIG7| _ N01 _ |DUG~bxSIG2~a2| _ |DUG~bxHI| _ N01 _ N01 _ |DUG~bxSI4~a| _ N01 _ SZAKIR~a",43,10,-0.61363323748963,-0.0708842778484161,-1.04418944279097,-0.358768698286547,"Cuneiform (Uruk III)"
"Cuneiform (Uruk III)","N01 _ U4 _ N01 _ |DUG~bxX| _ N01 _ |DUG~bx(SZE~a.NAM2)| _ N01 _ |DUG~bx(1(N57).KU3~a)| _ N01",17,6,-0.875369995485755,-0.615796946419215,-0.56962519967777,-0.358768698286547,"Cuneiform (Uruk III)"
"Cuneiform (Uruk III)","UMUN2 _ KU3~a _ UMUN2 _ KU3~a _ AK~a _ |ZATU737xX| _ N01 _ N01 _ GAL~a _ N01 _ GAL~a",21,7,-0.550119615551005,-0.459538655123349,-0.646921648366662,-0.358768698286547,"Cuneiform (Uruk III)"
"Cuneiform (Uruk III)","NAGAR~b _ NAGAR~b _ AN _ NAGAR~b _ TAK4~a _ NAGAR~b _ N01 _ AN _ NU _ N01 _ NU _ GIR~a _ N01 _ AN _ NU _ GIR~a _ N01 _ N01",35,7,-0.596418214622012,-0.749973986418075,-1.17253749945113,-0.358768698286547,"Cuneiform (Uruk III)"
"Cuneiform (Uruk III)","RAD~a _ AB~a _ ME~a _ GAL~a _ |1(N58).BAD~a| _ N01 _ SIG2~b _ GA~a _ N01 _ GAL~a _ KISAL~b2 _ N01 _ GAL~a _ NIM~a _ N01 _ GAL~a _ SILA4~b _ N01 _ N01 _ GAL~a _ N01 _ GAL~a",43,12,-0.374293332425901,-0.131741564869529,-0.860835076133598,-0.358768698286547,"Cuneiform (Uruk III)"
"Cuneiform (Uruk III)","N01 _ N14 _ KAR2~b _ N14 _ U8 _ N01 _ UDUNITA~a _ N01 N01 N01 N01 N01 _ N14 _ N14",23,6,-0.781541456033243,-0.652439372374726,-0.932582436999525,0.8978395531662,"Cuneiform (Uruk III)"
"Cuneiform (Uruk III)","N01 _ GALGA~a _ ME~a _ N01 _ LAGAR~a _ IB~a _ N01 _ LAGAR~a _ GAR _ N01 _ GAL~a _ N01 _ SZIDIM",25,9,-0.464552749465622,-0.188215657032987,-0.541798478149767,-0.358768698286547,"Cuneiform (Uruk III)"
"Cuneiform (Uruk III)","GIR2~a _ AN _ N01 _ DIM~c _ N01 _ AN _ DIM~c _ N01 _ DIM~c _ SI _ SZIR~a _ SZITA~a1 _ N01 _ AN _ DIM~c _ SI _ SZIR~a _ SZITA~a1 _ N01 _ AGAR2 _ N01 _ N01",43,9,-0.454631776198443,-0.700456900387372,-1.13586662611966,-0.358768698286547,"Cuneiform (Uruk III)"
"Cuneiform (Uruk III)","KAR2~a _ ME~a _ N01 _ GALGA~a _ N01 _ LAGAR~a _ IB~a _ N01 _ LAGAR~a _ GAR _ N01 _ MUSZ3~a _ ME~a _ N01 _ GAL~a _ N01 _ KUR~a _ N01 _ N01 _ GAL~a _ N01",41,11,-0.434290883019658,-0.201148419610918,-0.903319624505427,-0.358768698286547,"Cuneiform (Uruk III)"
"Cuneiform (Uruk III)","N01 _ SU~a _ NI~b _ N01 _ E2~a _ SU~a _ NI~b _ N01 _ GAN~a _ N01 _ GAN~a _ N01 _ GAN~a _ N01 _ |DUG~bxX| _ N01 _ |DUG~bxX| _ N01 _ |DUG~bx(ZATU789.SA~a)| _ N01 _ |DUG~bx(TAK4~a.SA~a)| _ N01 _ |DUG~bxX| _ N01 _ N01",49,9,-0.638428738445365,-0.616464813820347,-1.23689862407372,-0.358768698286547,"Cuneiform (Uruk III)"
"Cuneiform (Uruk III)","N01 _ NI~a _ N01 _ DUG~b _ N01 _ DUG~c _ N01 _ |DUG~cx1(N57)| _ N01 _ N01 _ IR~a _ N01 _ NE~a _ IR~a",27,8,-0.685339579288708,-0.283714567924655,-0.792926051445681,-0.358768698286547,"Cuneiform (Uruk III)"
"Cuneiform (Uruk III)","GISZGAL _ GAL~a _ |ZATU737xDI| _ N01 _ SANGA~a _ |ZATU737xDI| _ N01 _ SANGA~a _ |ZATU737xU4| _ DAM _ N01 _ NUN~a _ BU3 _ N01 _ KAR2~a _ ME~a _ N01 _ NUN~a _ GALGA~a _ N01 _ LAGAR~a _ IB~a _ N01 _ N01 _ SANGA~a _ N01 _ APIN~a _ N01",55,16,-0.139562490956701,0.395792289970243,-0.814163055529901,-0.358768698286547,"Cuneiform (Uruk III)"
"Cuneiform (Uruk III)","NAMESZDA _ N01 _ NAM2 _ KAB _ NAM2 _ DI _ N01 _ EN~a _ IB~a _ GAL~a _ SZITA~a1 _ N01 _ N01 _ TUG2~a _ N01 _ GAL~a",31,11,-0.271296082412028,0.108672573107912,-0.562144898191748,-0.358768698286547,"Cuneiform (Uruk III)"
"Cuneiform (Uruk III)","N01 _ N01 _ |SILA3~axGESZTU~a| _ N01 _ GU4 _ N01 _ UTUL~a",13,5,-0.982657158023671,-0.83503352528004,-0.444761705641864,-0.358768698286547,"Cuneiform (Uruk III)"
"Cuneiform (Uruk III)","AMAR _ AMAR _ ZAG~a _ AMAR",7,3,-1.45443997675625,-1.47370873164128,-0.271481754734896,-0.358768698286547,"Cuneiform (Uruk III)"
"Cuneiform (Uruk III)","N01 _ N01 _ |NUN~a+EN~a| _ N01 _ |SZU2.EN~a| _ AN _ N01 _ N01 _ EN~a",17,6,-0.875369995485755,-0.661562389946642,-0.56962519967777,-0.358768698286547,"Cuneiform (Uruk III)"
"Cuneiform (Uruk III)","SANGA~a _ A _ UB _ N01 _ SANGA~a _ N01 _ SZE~a",13,6,-0.655106291721738,-0.661059715850302,-0.141521791554671,-0.358768698286547,"Cuneiform (Uruk III)"
"Cuneiform (Uruk III)","N01 _ GESZTU~b _ N01 _ UKKIN~a _ NIR~a _ N01 _ GA'AR~a1 _ N01 _ AN _ N01",19,7,-0.723596060807123,-0.402677792608643,-0.508601687554959,-0.358768698286547,"Cuneiform (Uruk III)"
"Cuneiform (Uruk III)","N01 _ DUB~a _ SANGA~a _ N01 _ SUHUR",9,5,-0.805072242354931,-0.844858408341855,0.229104770107454,-0.358768698286547,"Cuneiform (Uruk III)"
"Cuneiform (Uruk III)","N01 _ NAM2 _ PA~a _ N01 _ NAM2 _ PA~a _ GIR3~c _ N01 _ UB _ SAG _ N01 _ ZATU725",23,8,-0.497954318857738,-0.342872149260474,-0.589789490640087,-0.358768698286547,"Cuneiform (Uruk III)"
"Cuneiform (Uruk III)","N01 _ NI~a _ N01 _ DUG~b _ N01 _ DUG~c",11,5,-0.897758183532766,-0.882125325880758,-0.169089056471688,-0.358768698286547,"Cuneiform (Uruk III)"
"Cuneiform (Uruk III)","N01 _ SZU _ N01 _ GAL~a",7,4,-1.03548443237503,-1.17670113687788,0.291678085712745,-0.358768698286547,"Cuneiform (Uruk III)"
"Cuneiform (Uruk III)","N01 _ EN~a _ GU4 _ N01 _ EN~a _ GU4",11,4,-1.01825567910155,-1.37307867423792,-0.527463500392917,-0.358768698286547,"Cuneiform (Uruk III)"
"Cuneiform (Uruk III)","N01 _ |DUG~bxX| _ N01 _ |DUG~bxGISZ| _ N01 _ |DUG~bxX| _ N01 _ N01 _ N01 _ GI _ U2~a _ NI~b _ N01",25,7,-0.80698743456501,-0.499780370564969,-0.857167988800448,-0.358768698286547,"Cuneiform (Uruk III)"
"Cuneiform (Uruk III)","N01 _ URI5 _ N01 _ EN~a _ KID~a _ N01 _ ARARMA2~a _ N01 _ UNUG~a",17,7,-0.649334241989818,-0.411510888936382,-0.337735853611091,-0.358768698286547,"Cuneiform (Uruk III)"
"Cuneiform (Uruk III)","NAMESZDA _ KAB _ N01 _ EN~a _ IB~a _ N01",11,6,-0.631150109835626,-0.582707142952706,0.189285387449536,-0.358768698286547,"Cuneiform (Uruk III)"
"Cuneiform (Uruk III)","NI~b _ NI~b _ GAN~a _ |DUG~bxX| _ N01 _ |DUG~bx(SA~a.GI)| _ N01 _ |DUG~bxNAGA~a| _ N01 _ N01 _ |DUG~bxX| _ N01 _ |DUG~bxMASZ| _ N01 _ |DUG~bxSI4~a| _ N01 _ |DUG~bx(KUR~a.X)| _ N01 _ |DUG~bxX| _ N01 _ |DUG~bxX| _ N01 _ |DUG~bxX| _ N01 _ |DUG~bxX| _ N01 _ N34 _ N01 N01 _ PAP~a",58,12,-0.530989629486791,-0.295652858731549,-1.1453504726709,-0.237517024900756,"Cuneiform (Uruk III)"
"Cuneiform (Uruk III)","USZ~a _ USZ~a _ N01 _ EDIN _ N01 _ AN _ EDIN _ N01 _ ZATU777 _ N01 _ ZATU777 _ KI",23,7,-0.590523041943066,-0.588209903351297,-0.761185963819805,-0.358768698286547,"Cuneiform (Uruk III)"
"Cuneiform (Uruk III)","N01 _ N01 _ N01 _ MUSZ3~a _ TE _ N01 _ ANSZE~b _ N01 _ DILMUN _ N01 _ N01 _ KI",23,7,-0.852098391683414,-0.462930889587435,-0.761185963819805,-0.358768698286547,"Cuneiform (Uruk III)"
"Cuneiform (Uruk III)","N01 _ SAG _ KI _ AD~a _ N01 _ U4 _ AD~a _ N01 N01 N01 N01 N01 _ MUNU3 _ N01 N01 N01 N01 N01 _ GAZI _ N01 N01 N01 N01 N01 _ N01 N01 N01 _ KAD4~a _ N01 N01 N01 N01 _ ZA~v _ N01 N01 N01 N01 _ GIR2~a _ KISZ _ GA~b _ AB2 _ N01 _ ISZ~b _ N01 _ NAR _ N01 _ N01 _ N01 N01 N01 N01 N01 _ GAZI _ N01 N01 N01 N01 N01 _ HALUB _ MUSZEN _ SZE~a _ N01 _ AMAR _ N14 _ SUHUR _ KAR2~b _ KAD4~a _ ZA~v _ N01 N01 N01 N01 _ GIR2~a _ AN _ N14 _ KISZ _ N14 _ N01 _ N34 _ N01 _ BALA~a _ MUSZEN _ N01 _ ISZ~b _ N01 _ N01 _ N01 _ N45 _ N34 _ N14 _ |HIx1(N57)| _ PAP~a",152,29,-0.0714355233014299,0.650880093459698,-1.2088464891642,1.06011677769155,"Cuneiform (Uruk III)"
"Cuneiform (Uruk III)","TAK4~a _ TAK4~a _ TAK4~a _ N01 _ ZATU707~a _ N01 _ SAG@n _ N01 _ EDIN _ N01 _ AN _ EDIN _ N01 _ ZATU777 _ N01 _ GIR2~a _ N01 _ AN _ GIR2~a _ N01 _ N01",41,9,-0.557748674278956,-0.310123188327739,-1.0956181066095,-0.358768698286547,"Cuneiform (Uruk III)"
"Cuneiform (Uruk III)","N01 _ NAMESZDA _ N01 _ NAM2 _ KAB _ NAM2 _ DI _ NAM2 _ NAM2 _ N01 _ GAL~a _ N01 _ SIG2~b _ GA~a _ N01 _ GAL~a _ N01 _ GAL~a _ NIM~a",37,10,-0.423841709998756,-0.260172290999005,-0.895523740095802,-0.358768698286547,"Cuneiform (Uruk III)"
"Cuneiform (Uruk III)","NIM~b1 _ MUN~b _ MUN~b _ AN _ SZITA~b1 _ N01 _ N01 _ AN _ N01 _ N01 _ AN",21,6,-0.752889199452199,-0.881322525000464,-0.834641595182542,-0.358768698286547,"Cuneiform (Uruk III)"
"Cuneiform (Uruk III)","N01 _ N01 _ N01 _ GAL~a _ N01 _ GAL~a",11,3,-1.40536124836746,-1.45729040740993,-0.885837944314146,-0.358768698286547,"Cuneiform (Uruk III)"
"Cuneiform (Uruk III)","N01 _ AB~a _ ME~a _ N01 _ GAL~a _ |1(N58).BAD~a| _ N01 _ EN~a _ IB~a _ N01 _ GAL~a _ N01 _ ABGAL _ N01 _ N01 _ AB~a _ N01 _ GAL~a _ N01 _ GAL~a _ N01 _ TUR _ N34",45,11,-0.493753631918551,-0.315511297860367,-0.997332215756308,-0.358768698286547,"Cuneiform (Uruk III)"
"Cuneiform (Uruk III)","UD5~a _ N01 _ N01 _ AN _ N01 _ N01 _ N01",13,4,-1.27824237413374,-1.3999805043873,-0.748001619729058,-0.358768698286547,"Cuneiform (Uruk III)"
"Cuneiform (Uruk III)","N01 _ N01 _ SANGA~a _ SUHUR _ N01 _ GAL~a _ SUHUR _ N01 _ MAR~a _ APIN~a _ N01 _ N01 _ DILMUN _ N01",27,8,-0.685339579288708,-0.332568420345922,-0.792926051445681,-0.358768698286547,"Cuneiform (Uruk III)"
"Cuneiform (Uruk III)","AB2 _ N01 _ GA~b _ AMAR _ N14 _ SUHUR _ N14 _ KAR2~b _ KAD4~a",17,9,-0.273614130643485,0.0326246949782557,0.126042838522261,-0.358768698286547,"Cuneiform (Uruk III)"
"Cuneiform (Uruk III)","DA~a _ KISZ _ N14 _ GA~b _ N14 _ GARA2~a _ N14 _ AB2 _ GU4 _ N01 N01 N01 N01 N01 _ N01 N01 N01 N01 N01 _ HALUB _ N01 N01 N01 N01 N01 _ MUSZEN _ SZE~a _ SI4~a",43,13,-0.239658196309586,0.129496229139255,-0.769157892804909,1.6159014111392,"Cuneiform (Uruk III)"
"Cuneiform (Uruk III)","URU~a1 _ N01 _ NAM2 _ ERIN _ N01 _ GAL~a",11,6,-0.631150109835626,-0.664308399257572,0.189285387449536,-0.358768698286547,"Cuneiform (Uruk III)"
"Cuneiform (Uruk III)","NAM2 _ DI _ N01 _ NAM2 _ NAM2 _ N01 _ NAM2 _ URU~a1 _ N01 _ NAM2 _ ERIN _ EN~a _ IB~a _ N01 _ GAL~a _ SZITA~a1 _ N01 _ ABGAL _ N01 _ KINGAL _ N01 _ GAL~a _ N34",45,13,-0.258178997447919,0.250560720849193,-0.822126932061483,-0.358768698286547,"Cuneiform (Uruk III)"
"Cuneiform (Uruk III)","IDIGNA _ ISZ~b _ N01 _ N01 _ TUR _ SIG2~a1 _ N01 _ GI _ N01",17,7,-0.649334241989818,-0.42378812742098,-0.337735853611091,-0.358768698286547,"Cuneiform (Uruk III)"
"Cuneiform (Uruk III)","EN~a _ IB~a _ GAL~a _ SZITA~a1 _ ABGAL _ N01 _ KINGAL _ N01 _ GAL~a _ TE _ GAL~a _ SUKKAL _ N01 _ N01",27,10,-0.334569722761045,-0.0560003294205121,-0.500917245287643,-0.358768698286547,"Cuneiform (Uruk III)"
"Cuneiform (Uruk III)","MUSZEN _ MUSZEN _ MUSZEN _ MUSZ _ MUSZEN _ NI2 _ MUSZEN _ N01 _ SZA _ MUSZEN _ N01 _ ZI~a _ BA _ MUSZEN _ N01 _ DU _ IR~a _ MUSZEN _ N01 _ UR5~b _ N01 _ UR5~b _ MUSZEN _ N01 _ NAGA~a _ U2~b _ MUSZEN _ N01 _ NAGA~a _ U2~b _ UR5~b _ MUSZEN _ N01",65,13,-0.365787721301308,-0.107145940731977,-1.17253749945113,-0.358768698286547,"Cuneiform (Uruk III)"
"Cuneiform (Uruk III)","SZE~a _ SZE~a@t _ A _ |SZE~a&SZE~a| _ N01 _ N01",11,6,-0.631150109835626,-0.582707142952706,0.189285387449536,-0.358768698286547,"Cuneiform (Uruk III)"
"Cuneiform (Uruk III)","N01 _ N01 _ SZELU _ N01 _ GISZIMMAR~b1 _ N01 _ GISZIMMAR~b1 _ ME~a",15,5,-0.942066791190655,-0.942170549697505,-0.646921648366662,-0.358768698286547,"Cuneiform (Uruk III)"
"Cuneiform (Uruk III)","N01 _ GAL~a _ IM~a _ N01 _ TUR _ IM~a _ GAL~a _ SZA _ GAL~a _ ERIN _ N01 _ GAL~a _ SANGA~a _ N01 _ DUB~a _ N01 _ SUG5 _ N01 _ UB _ N01 _ AN _ N01 _ N01 _ N01 _ AN",49,12,-0.392714496075744,0.072888394505663,-0.995544406739014,-0.358768698286547,"Cuneiform (Uruk III)"
"Cuneiform (Uruk III)","N01 _ KISIM~b _ N01 _ NI~b _ HI _ NI~b _ NI~b _ N01 _ |DUG~bxKASKAL| _ N01 _ KASZ~b _ N01 _ |DUG~bxX| _ N01",27,8,-0.630660769142508,-0.289730726592269,-0.792926051445681,-0.358768698286547,"Cuneiform (Uruk III)"
"Cuneiform (Uruk III)","N01 _ N01 _ E2~b _ N01 _ N01 _ PAP~a _ |SILA3~bxNI~b| _ N01 _ N01 _ N01 _ N01 _ AN _ NU11",25,7,-0.9069910137579,-0.622766539116427,-0.857167988800448,-0.358768698286547,"Cuneiform (Uruk III)"
"Cuneiform (Uruk III)","NI~b _ IR~a _ IR~a _ IR~a _ NI~b _ N01 _ |DUG~bxSZE~a| _ N01 _ |DUG~bxBALA~a| _ N01 _ |DUG~bxKASKAL| _ N01 _ KASZ~b _ N01 _ |DUG~bxGESZTU~a| _ N01 _ |DUG~bxX| _ N01 _ |DUG~bx(SA~a.GI)| _ N01 _ |DUG~bxNAGA~a| _ N01 _ |DUG~bxX| _ N01 _ N01 _ |DUG~bxSA~a| _ N01 _ |DUG~bxSIG7| _ N01 _ |DUG~bxSIG2~a2| _ N01 _ |DUG~bxTI| _ N01 _ |DUG~bxMASZ| _ N01 _ |DUG~bxX| _ N01 _ |DUG~bxX|",75,17,-0.297516031295046,0.409949067227339,-1.06741432923423,-0.358768698286547,"Cuneiform (Uruk III)"
"Cuneiform (Uruk III)","|DUG~bxTI| _ N01 _ |DUG~bxMASZ| _ N01 _ |DUG~bxX| _ |DUG~bxX| _ N01 _ |DUG~bxGI6| _ N01 _ |DUG~bxU2~a| _ |DUG~bxKUR@g~a| _ N01 _ |DUG~bxSZAH2~a| _ N01 _ |DUG~bxANSZE~b| _ N01 _ |DUG~bxHI| _ N01 _ |DUG~bxDIN| _ N01 _ SZU2 _ |DUG~bxDIN| _ N01 _ |DUG~bxDIN| _ N01 _ GAN~b _ N01 _ U2~a _ N01 _ U2~a _ PU2 _ N01 _ U2~a _ PU2 _ N01 _ U2~a _ PU2 _ N01 _ U2~a _ PU2 _ N01 _ GA'AR~a1 _ N01 _ GA'AR~a1",87,17,-0.258526070075118,-0.0536075399371825,-1.19066218397128,-0.358768698286547,"Cuneiform (Uruk III)"
"Cuneiform (Uruk III)","|DUG~bxX| _ KASZ~b _ |DUG~bxGESZTU~a| _ |DUG~bxX| _ |DUG~bxX| _ N01 _ |DUG~bxZATU764| _ N01 _ N01 _ |DUG~bxMASZ| _ N01 _ |DUG~bxX| _ N01 _ N01 _ N01",29,7,-0.796945296526247,-0.709313744853338,-1.00941533876974,-0.358768698286547,"Cuneiform (Uruk III)"
"Cuneiform (Uruk III)","NAM2 _ DI _ NAM2 _ NAM2 _ NAM2 _ URU~a1 _ N01 _ GAL~a _ N01 _ NAM2 _ APIN~a _ N01 _ |SZE~a.NAM2| _ N01 _ PA~a _ NAM2 _ RAD~a _ N01 _ N01 _ EN~a _ N01 _ GAL~a _ SZITA~a1 _ N01 _ ABGAL _ N01 _ KINGAL _ N01 _ GAL~a _ TE _ N01 _ GAL~a _ SUKKAL _ SUKKAL _ N01 _ GAL~a _ GA~a _ N01 _ SIG2~b _ GA~a _ N01 _ GAL~a _ KISAL~b1 _ N01 _ GAL~a _ UMUN2 _ N01 _ ERIN _ N01 _ N01 _ N01 _ GAL~a _ N01 _ N01 _ GAL~a _ N01 _ GAL~a _ N01 _ GAL~a _ N01 _ SANGA~a _ N01 _ SANGA~a _ SANGA~a _ |ZATU737xSAL| _ N01 _ GAL~a _ ISZ~b _ N01 _ GAL~a _ N01 _ GAL~a _ SANGA~a _ N01 _ DUB~a _ SANGA~a",151,25,-0.173024461017865,0.39822630003106,-1.30829258681732,-0.358768698286547,"Cuneiform (Uruk III)"
"Cuneiform (Uruk III)","SUHUR _ SUHUR _ N01 _ HI _ SUHUR _ N01 _ PAP~a _ SUKUD _ N01 _ NUN~a _ SUKUD _ N01 _ N01 _ N01 _ N01 _ N57 _ N01 _ N57 _ N01 _ N02 _ KU6~a _ N01 _ DUR2 _ N34 _ N14 _ N01 N01 N01 N01 N01 N01",56,13,-0.404595872474428,0.213303309732226,-1.04582653535041,0.269535427439826,"Cuneiform (Uruk III)"
"Cuneiform (Uruk III)","N01 _ GISZ _ N01 _ |SZE~a.KIN2~c| _ GISZ _ N01 _ GISZ _ DUB~b _ N01 _ GISZ _ A _ N01 _ NUN~a _ GISZ _ GISZ _ KUR~a _ N01 _ GISZ _ KUR@g~a _ N01 _ GISZ _ GISZ _ N01 _ GISZ _ DIN _ N01 _ GISZ _ MA _ N01 _ GISZ _ HASZHUR _ N01 _ BU~a _ GI _ N01 _ GISZ _ ERIM~a _ N01 _ GISZ _ U4 _ N01 _ GISZ _ GI6 _ MES _ N01 _ GISZ _ U4 _ MES _ N01 _ EN~a _ A _ MES _ GISZ _ N01 _ GISZ _ SZE3 _ N01 _ N01 _ KISZIK~a _ AB~a _ U2~b _ N01 _ GAL~a _ SZA _ N01 _ SZU _ SZA _ GISZ _ N01 _ GUM~b _ N01 _ GISZ _ N01 _ SUHUR _ N01 _ N01 _ GISZ _ SANGA~a _ N01 _ N57 N57 N57 N57 N57 _ SANGA~a _ N01 _ N01 _ URUDU@g~c _ N01 _ AL _ N34 _ N01 N01 N01 _ GISZ",183,33,0.0165615926666053,0.956247408484484,-1.25008737911933,-0.130922147198961,"Cuneiform (Uruk III)"
"Cuneiform (Uruk III)","N01 _ SUKUD _ LU2",5,4,-0.950792690221622,-1.21852116275556,1.19273383042898,-0.358768698286547,"Cuneiform (Uruk III)"
"Cuneiform (Uruk III)","NAM2 _ APIN~c _ N01 _ |SZE~a.NAM2| _ RAD~a _ N01 _ GAL~a _ SUKKAL _ N01 _ GADA~a _ SUKKAL _ N01 _ GAL~a _ GA~a _ N01 _ GA~a _ N01 _ GAL~a _ KISAL~b1 _ N01 _ GAL~a _ N01 _ GAL~a _ SZAB~a _ N01 _ BU~a _ SZAB~a _ N01 _ GAL~a _ N01 _ GAL~a _ TUR3~a _ N01 _ GAL~a _ DU _ DUG~b _ SIG2~a1",73,17,-0.186371199759148,0.138382975412779,-1.04293359096455,-0.358768698286547,"Cuneiform (Uruk III)"
"Cuneiform (Uruk III)","N01 _ ANSZE~b _ N01 _ BALAG _ N01 _ N01 _ N01 _ PAP~a _ DA~a",17,6,-0.875369995485755,-0.654617903240173,-0.56962519967777,-0.358768698286547,"Cuneiform (Uruk III)"
"Cuneiform (Uruk III)","N01 _ TAK4~a _ |GIR~b.GIR~b| _ N01 _ TUM~a _ ANSZE~b _ N01 _ ANSZE~b",15,6,-0.711763252376049,-0.645087792816465,-0.384113722824427,-0.358768698286547,"Cuneiform (Uruk III)"
"Cuneiform (Uruk III)","N01 _ N01 _ GA~a _ N01 _ PAP~a _ N01 _ N57 N57 N57 _ ZATU751~b _ N01 _ |SILA3~cxZATU687| _ N01 _ PAP~a _ N01 _ N01",29,7,-0.720083667762807,-0.547773551388287,-1.00941533876974,0.134898829069889,"Cuneiform (Uruk III)"
"Cuneiform (Uruk III)","N01 _ EN~a _ N01 _ SIG2~b",7,4,-1.03548443237503,-1.17670113687788,0.291678085712745,-0.358768698286547,"Cuneiform (Uruk III)"
"Cuneiform (Uruk III)","N01 _ DUG~b _ N01 _ GISZIMMAR~b1 _ N01",9,4,-1.13092655465144,-1.14777888421322,-0.208908439129606,-0.358768698286547,"Cuneiform (Uruk III)"
"Cuneiform (Uruk III)","N01 _ BANSZUR~c _ N01 _ ZATU786 _ BANSZUR~c _ A _ N01 _ AL _ N01 _ AL _ N01 _ AL _ N06 _ N01 _ AL _ SZU",31,8,-0.611266802920292,-0.563161216610898,-0.943640273978862,-0.358768698286547,"Cuneiform (Uruk III)"
"Cuneiform (Uruk III)","GISZ _ DIN _ N01 _ GISZ _ MA _ HASZHUR _ A _ N01 _ A _ MES _ N01 _ EN~a _ A _ MES _ N01 _ GISZ _ SZE3 _ A _ N01 _ N01 _ N01 _ GISZ _ TUR",45,11,-0.362039324435018,-0.290385571547344,-0.997332215756308,-0.358768698286547,"Cuneiform (Uruk III)"
"Cuneiform (Uruk III)","N01 _ BA _ SUHUR _ N01 _ SUHUR",9,4,-1.04163675690632,-1.20343550176033,-0.208908439129606,-0.358768698286547,"Cuneiform (Uruk III)"
"Cuneiform (Uruk III)","N01 _ GESZTU~a _ N01 _ AN _ NAGA~a _ N01 _ GISZ _ ALIM _ NUN~a",17,8,-0.446125237153402,-0.0876992551677487,-0.105846507544413,-0.358768698286547,"Cuneiform (Uruk III)"
"Cuneiform (Uruk III)","NAMESZDA _ NAM2 _ KAB _ N01 _ GAL~a _ SZITA~a1 _ N01 _ ABGAL _ N01 _ GAL~a _ N01 _ GAL~a _ N01 _ GAL~a _ SZAB~a _ U2~b",31,10,-0.408656123119282,-0.340998329038172,-0.68931002345412,-0.358768698286547,"Cuneiform (Uruk III)"
"Cuneiform (Uruk III)","SZAKIR~b _ N01 _ AN _ TAK4~a _ NAGAR~a _ N01 _ TAK4~a _ NAGAR~a _ N01 _ TAK4~a _ NAGAR~a _ BUR~a _ NAGAR~a _ NAGAR~a _ NAGAR~a _ PU2 _ NAGAR~a _ N01 _ N01 _ N01 _ N01 _ NAGA~a _ SILA3~a _ N01 _ SILA3~a _ N01 _ ZATU707~a _ N01 _ SAG@n _ N01 _ N34 _ N14 N14 N14 N14 _ N01 _ SANGA~a _ PIRIG~a1",72,16,-0.130858327711034,0.320008730003586,-1.08493485760372,-0.0667400201320354,"Cuneiform (Uruk III)"
"Cuneiform (Uruk III)","N01 _ MUSZEN _ NAGA~a _ N01 _ ERIM2 _ N01 _ I _ NUN~a _ N01 _ GIBIL6 _ N01 _ PAD~a _ N01 _ E2~b _ AN _ N01 _ E2~a _ NINLIL _ N01 _ SAL _ |GA2~bxDUB~a| _ URI3~a _ PAP~a _ N01",47,17,-0.086390357921589,0.877207657702148,-0.535088488561457,-0.358768698286547,"Cuneiform (Uruk III)"
"Cuneiform (Uruk III)","SU~a _ HAL _ N01 _ AN _ KI _ N01",11,6,-0.631150109835626,-0.582707142952706,0.189285387449536,-0.358768698286547,"Cuneiform (Uruk III)"
"Cuneiform (Uruk III)","DI _ NAM2 _ |BU~a+DU6~a| _ N01 _ RI8~b _ KAK~a _ N01 _ DI _ E2~b _ N01 _ KU3~a _ E2~b _ N01 _ KU3~c _ E2~b _ N01",31,10,-0.365898947272295,-0.152748246449829,-0.68931002345412,-0.358768698286547,"Cuneiform (Uruk III)"
"Cuneiform (Uruk III)","E2~a _ NA2~a _ N01 _ N01 _ MU _ N01 _ U2~b _ A _ N01 _ BU~a _ A",21,8,-0.511852559374526,-0.246725990064957,-0.459201701550779,-0.358768698286547,"Cuneiform (Uruk III)"
"Cuneiform (Uruk III)","MES _ MES _ MES _ MES _ LI _ N01 _ ERIM~a _ GISZ _ N01 _ U4 _ GISZ _ N01 _ GISZ _ HI@g~b _ N01 _ HI@g~b _ GISZ _ GISZ _ N01 _ NIMGIR _ N01 _ GISZ _ PU2 _ N01 _ GISZ _ PU2 _ N01 _ GURUSZ~a _ N01",57,11,-0.425281763722022,-0.197604724047652,-1.20020149161347,-0.358768698286547,"Cuneiform (Uruk III)"
"Cuneiform (Uruk III)","AD~b _ N01 _ AD~b _ GISZ _ A _ N01 _ GUM~b _ N01 _ GUM~b@n _ N01 _ GUM~b _ N01 _ N01 _ MAR~a _ SZE~a _ N01 _ GAL~a _ N01 _ N01 _ N01 _ GISZ _ N01 _ GISZ _ U4 _ N01 _ GISZ _ SAG _ DU _ N01 _ GISZ _ N01 _ BALA~a _ BALA~a",65,14,-0.367490561235783,0.0282552430282293,-1.11188951663369,-0.358768698286547,"Cuneiform (Uruk III)"
"Cuneiform (Uruk III)","SZEN~a _ URI _ MUD3~a _ N01 _ AN _ USZ~a _ BAR _ N01 _ NAGAR~a _ N01 _ AN _ NAGAR~a _ N01 _ NAGAR~a",27,9,-0.413424560944838,-0.444961986052036,-0.646921648366662,-0.358768698286547,"Cuneiform (Uruk III)"
"Cuneiform (Uruk III)","N01 _ GIR2~a _ N01 _ GIR2~a _ N01 _ GIR2~a _ KU6~a _ N01 _ GIR2~a _ SZA3~a1 _ N01 _ GIR2~a _ AN _ SZA3~a1 _ GIR2~a",29,6,-0.850830529484086,-0.810795841509527,-1.1453504726709,-0.358768698286547,"Cuneiform (Uruk III)"
"Cuneiform (Uruk III)","N01 _ MUD3~c _ SZE~b _ N01 _ AN _ TE _ PAP~a _ N01 _ |(DUBxDISZ)~c| _ TI _ N01 _ N01 _ ZI~a _ N01 _ AN _ U4 _ KI _ N01 _ AN _ N01 _ N01 _ BA",43,13,-0.327823747646873,0.112554187914194,-0.769157892804909,-0.358768698286547,"Cuneiform (Uruk III)"
"Cuneiform (Uruk III)","N01 _ GISZ _ N01 _ GISZ _ DUR2 _ DARA3~c _ N01 _ N01 _ N01",17,5,-1.0006100326012,-0.936341507919637,-0.801514545744444,-0.358768698286547,"Cuneiform (Uruk III)"
"Cuneiform (Uruk III)","N01 _ ZATU753 _ N01 _ SANGA~a _ N01 _ EN~a _ AN _ N01 _ EN~a _ SAG _ N01 _ NAMESZDA _ N01 _ NAM2 _ URU~a1 _ N01 _ AN _ N01 _ MEN~a _ SZA3~a1 _ AN _ N01 _ EN~a _ N01 _ N01",49,12,-0.44364388321252,-0.0377835530293348,-0.995544406739014,-0.358768698286547,"Cuneiform (Uruk III)"
"Cuneiform (Uruk III)","N01 _ GAL~a _ TE _ N01 _ GAL~a _ SUKKAL",11,5,-0.824702894468583,-0.980333390251638,-0.169089056471688,-0.358768698286547,"Cuneiform (Uruk III)"
"Cuneiform (Uruk III)","N01 _ N01 _ DUG~b _ N01 _ DUG~c _ N01 _ |DUG~cx1(N57)| _ N01 _ SZAKIR~c _ N01 _ MUD3~a _ N01 _ N57 N57 N57 N57 _ N01 _ E2~a _ N01 _ N01 _ N01",38,9,-0.646912323076646,-0.139972649163456,-1.02730154059884,0.201610657091029,"Cuneiform (Uruk III)"
"Cuneiform (Uruk III)","GU _ KU6~a _ N01 _ GU _ AN _ KU6~a _ GAL~a _ TUN3~a _ NAGAR~b _ N01 _ NAGAR~b",21,8,-0.410467767423934,-0.225987155357757,-0.459201701550779,-0.358768698286547,"Cuneiform (Uruk III)"
"Cuneiform (Uruk III)","GAL~a _ KAK~a _ SZAB~a",5,4,-0.950792690221622,-1.21852116275556,1.19273383042898,-0.358768698286547,"Cuneiform (Uruk III)"
"Cuneiform (Uruk III)","N01 _ N01 _ UR3~a2 _ GU4 _ GU4 _ GU4 _ N01",13,4,-1.10628918567074,-1.13783754683208,-0.748001619729058,-0.358768698286547,"Cuneiform (Uruk III)"
"Cuneiform (Uruk III)","N01 _ N01 _ N01 _ NERGAL~v _ N01 _ NANSZE~b _ N01 _ U4 _ USZUR3~b2 _ N01 _ |ZATU737xNI~a@g| _ N01",23,7,-0.852098391683414,-0.302475021488236,-0.761185963819805,-0.358768698286547,"Cuneiform (Uruk III)"
"Cuneiform (Uruk III)","N01 _ SUHUR _ N58 N58 N58 N58 _ N01 _ SUHUR@g _ N01 _ SUHUR _ N01 _ SUHUR _ N01 _ |(SUKUD+SUKUD)~a| _ N01 _ SUHUR _ N01 _ NE~a _ N01 _ SZAH2~a _ N01 _ GISZ3~b _ N01",42,9,-0.549652404070718,-0.321488942783758,-1.11622151540637,0.146939500468826,"Cuneiform (Uruk III)"
"Cuneiform (Uruk III)","|DUG~bxANSZE~b| _ N01 _ |DUG~bxX| _ |DUG~bxDIN| _ N01 _ N01 _ N01",13,5,-0.982657158023671,-1.04179490378423,-0.444761705641864,-0.358768698286547,"Cuneiform (Uruk III)"
"Cuneiform (Uruk III)","N01 _ N01 _ ZATU753 _ N01 _ SANGA~a _ N01 _ GAL~a _ SANGA~a _ N01 _ UB _ N01 _ GA~a",23,7,-0.752970737176743,-0.49061585293413,-0.761185963819805,-0.358768698286547,"Cuneiform (Uruk III)"
"Cuneiform (Uruk III)","N01 _ N01",3,2,-2.01919969379583,-2.12228228014236,0.667117979344511,-0.358768698286547,"Cuneiform (Uruk III)"
"Cuneiform (Uruk III)","N01 _ NI~a _ N01 _ DUG~b _ N01 _ DUG~c _ N01 _ N01 _ SZAKIR~c _ N01 _ MUD3~a _ N01 _ LAHTAN2 _ N01 _ KISIM~b _ N01 _ NI~b _ N01 _ HI _ NI~b _ N01 _ N58 _ NI~b _ N01 _ IR~a _ N01 _ N01 _ GAN~a _ N01 _ N57 N57 N57 _ GAN~a _ N01 _ E2~a _ GAN~a _ N01 _ |DUG~bxSZE~a| _ N01 _ |DUG~bxBALA~a| _ N01 _ |DUG~bxKASKAL| _ N01 _ KASZ~b _ N01 _ N01 _ |DUG~bxX| _ N01 _ |DUG~bx(SA~a.GI)| _ N01 _ |DUG~bxNAGA~a| _ N01 _ |DUG~bxX| _ N01 _ |DUG~bxTI| _ N01 _ |DUG~bxMASZ| _ N01 _ |DUG~bxSI4~a| _ N01 _ N01 _ |DUG~bxGI6| _ N01 _ |DUG~bxX| _ N01 _ |DUG~bxX| _ N01 _ |DUG~bxKUR~a| _ N01 _ |DUG~bxGISZ| _ N01 _ N01 _ |DUG~bxX| _ N01 _ N01 _ GAN~b _ GI _ N01 _ BAPPIR~b _ N01 _ |DUG~bxSIG7| _ U4 _ N01 _ |DUG~bxSIG7| _ GI _ N01 _ |DUG~bxSIG7| _ NIM~a _ N01 _ AGAR2 _ N01 _ U2~b _ N01 _ U2~b _ N01 _ N34",189,38,0.00202495472567115,1.09583072981605,-1.16836594507744,-0.285243747403674,"Cuneiform (Uruk III)"
"Cuneiform (Uruk III)","N01 _ N01 _ BA _ AN _ N01 _ N01 _ MA _ N01 _ U4 _ BALA~a _ N01 _ UB _ N01 _ SANGA~a _ NUN~a _ N01 _ SZEN~a _ A _ N01 _ NUN~a _ A _ N01 _ N01 _ KI _ MA _ N01 _ |SZE~a.NAM2| _ NUN~a _ N01 _ BA _ SZU _ NUN~a _ N01 _ ZATU647 _ N01 _ DA~a _ NE~a _ N01 _ KI _ AL _ SU~a _ N01 _ SUG _ MASZ _ N01 _ N01 _ N01 _ LAL2~a _ N01 _ PA~a _ SUG5 _ SZUBUR _ N01 _ A _ A _ EN~a _ TI _ N01 _ NI2 _ N01 _ EN~a _ BA _ ISZ~b _ N01 _ N01 _ N01 _ N01 _ GAL~a _ KI _ N01 _ KAK~a _ NA~b _ KI _ N01 _ UNUG~a _ N01 _ KI _ ZATU694~c _ BA _ N01 _ LAL2~a _ N01 _ GAL~a _ TUR3~a _ N01 _ N01 _ NUN~a _ N14 N14 N14 N14 _ N01 N01 N01 _ URU~a1 _ BA",186,38,0.206969120859183,1.18887149440302,-1.15558214941615,-0.171975579827355,"Cuneiform (Uruk III)"
"Cuneiform (Uruk III)","N01 N01 _ N39~a _ N01 N01 _ N24 _ N01 N01 _ N26 _ N01 N01 N01 N01 _ N58 N58 _ N01 N01 _ DU6~b _ N01 _ U4 _ N01 _ |LAGAB~axSZITA~a1| _ N01 N01 _ ZATU726~c _ N01 N01 _ DU8~c _ N01 N01 N01 N01 N01 _ ZATU681 _ DUG~a _ GAL~a _ SANGA~a _ NUN~a _ N01 _ N39~a N39~a N39~a N39~a _ N24 _ N30~a _ DUG~a _ GAL~a _ SANGA~a _ NUN~a",80,17,-0.0888986166844452,0.467512984821553,-1.12326101341196,1.12848283982525,"Cuneiform (Uruk III)"
"Cuneiform (Uruk III)","N01 N01 N01 N01 N01 N01 N01 N01 N01 _ UDU~a _ N14 _ SZITA~b1 _ N14 _ BA _ N57 _ KU3~a _ N34 _ N14 N14 _ TA~c _ N24 _ N39~a N39~a _ N28 _ HI@g~a _ N42~a N42~a N42~a N42~a _ N25 _ N24 _ N28 _ HI@g~a _ GESZTU~b _ NAM2 _ KAB _ NUN~a _ AN _ MUSZ3~a _ U4",66,23,0.619275238801583,1.48188933427073,-0.587192574379788,1.02350037831147,"Cuneiform (Uruk III)"
"Cuneiform (Uruk III)","N34 N34 _ N01 N01 N01 _ SZITA~b1 _ N34 N34 _ N01 N01 N01 N01 _ SZITA~a1 _ DU _ N34 N34 _ N01 N01 N01 N01 _ SZITA@g~a _ N34 N34 _ N01 N01 N01 N01 _ |3(N57).PIRIG~b1| _ N34@f N34@f N34@f N34@f N34@f N34@f N34@f _ N01@f",50,10,-0.300601433463294,-0.30079538144326,-1.17253749945113,2.60323646585207,"Cuneiform (Uruk III)"
"Cuneiform (Uruk III)","UDU~a _ N14 _ SZITA~b1 _ N14 _ N57 _ BA _ SZITA~a1 _ N01 N01 N01 N01 N01 N01 N01 N01 _ KU3~a _ |(SZAxHI@g~a)~b| _ N39~a _ AMA~a _ PAP~a _ SZE~a _ 1(N58)@t _ GESZTU~b",38,16,0.219770769295813,0.931472379841843,-0.301121746337407,0.948783130927796,"Cuneiform (Uruk III)"
"Cuneiform (Uruk III)","N01 _ GAL~a _ KASZ~a _ ERIN _ NAM2 _ N01 _ U2~b _ SAG _ N01 N01 _ N01 _ SILA3~a _ PAP~a _ N01 _ MUSZEN _ ZATU659",30,12,-0.214977771818118,0.400179656402782,-0.384113722824427,-0.120446443700681,"Cuneiform (Uruk III)"
"Cuneiform (Uruk III)","EN~a _ DU _ I",5,4,-0.950792690221622,-1.21852116275556,1.19273383042898,-0.358768698286547,"Cuneiform (Uruk III)"
"Cuneiform (Uruk III)","N01 N01 _ APIN~a _ SZAM2 _ N14 N14 _ |KA2xLAM| _ N01 N01 _ KINGAL",16,7,-0.435862864445394,-0.253244943327283,-0.23628426470692,1.02350037831147,"Cuneiform (Uruk III)"
"Cuneiform (Uruk III)","GESZTU~b _ |ESZDAxTAR|",3,3,-1.30950615014164,-1.71340352585593,1.98115760705568,-0.358768698286547,"Cuneiform (Uruk III)"
"Cuneiform (Uruk III)","N34 N34 _ N01 N01 N01 N01 N01 N01 _ ZATU647 _ AMA~a",13,5,-0.880697738696246,-0.664895593670941,-0.444761705641864,3.0969039932085,"Cuneiform (Uruk III)"
"Cuneiform (Uruk III)","N01 N01 N01 N01 N01 N01",6,1,-2.99676263068533,-2.11975010896012,-1.30394146222225,6.55257668470356,"Cuneiform (Uruk III)"
"Cuneiform (Uruk III)","N34 N34 _ N01 _ N14 _ N34 N34",9,4,-1.13092655465144,-1.01435625887055,-0.208908439129606,1.36906764746098,"Cuneiform (Uruk III)"
"Cuneiform (Uruk III)","N34 N34 N34",3,1,-2.99676263068533,-2.3802560518249,-0.646921648366662,6.55257668470356,"Cuneiform (Uruk III)"
"Cuneiform (Uruk III)","N01 _ ZATU662 _ N01",5,3,-1.37660881641413,-1.5779190916838,0.404310053802275,-0.358768698286547,"Cuneiform (Uruk III)"
"Cuneiform (Uruk III)","N47 N47 _ N20 N20 N20 N20 N20 N20 _ N05 N05 N05 N05 _ N47 N47 _ N20 N20 N20 N20 N20 N20 _ N42~a _ N25 _ N42~a N42~a N42~a _ BA _ N47 N47 _ U4 _ KI _ N20 N20 N20 N20 N20 N20 _ N05 N05 N05 N05 _ U4 _ KI _ N01 _ N39~a _ N24 _ N28",65,13,0.0195691175177063,0.0271782492517741,-1.17253749945113,2.44896536355318,"Cuneiform (Uruk III)"
"Cuneiform (Uruk III)","N51 N51 _ N34 _ N14 _ N01 N01 N01 N01 N01 N01 _ GAR _ GUM~b _ N14 N14 N14 N14 _ N01 N01 _ DUG~a _ KASZ~a _ N14 _ DUG~a _ N14 N14 N14 _ DUG~a _ N01 _ N08 _ DUG~a _ N54 _ N51 N51 N51 N51 N51 _ N34 _ N14 _ N01 _ KASZ~a _ N51 N51 N51 N51 N51 _ N34 _ N14 N14 _ N01 N01 _ GAR _ N34 N34 N34 N34 _ N14 N14 N14 N14 _ N01 N01 _ DUG~a _ KASZ~a _ N34 N34 _ DUG~a _ N34 N34 _ N14 N14 N14 N14 _ N01 N01 _ KASZ~a _ N48 _ N34 N34 N34 N34 N34 _ SZITA~a1 _ N34 N34 N34 N34 N34 N34 N34 _ N14",132,13,-0.0312055479492065,-0.406711750842589,-1.57272229516317,2.0153575783131,"TeDDi"
"Cuneiform (Uruk III)","N01 N01 N01 _ |NINDA2xEZEN~b| _ N01 N01 N01 _ GI _ N01 N01 N01 N01 N01 N01 N01",19,4,-1.61818816530103,-1.13251952919904,-1.13104151120762,3.48086762559685,"Cuneiform (Uruk III)"
"Cuneiform (Uruk III)","N14 _ N01 N01 _ GUM~b",6,4,-0.954659378314555,-1.15593148006651,0.667117979344511,1.02350037831147,"TeDDi"
"Cuneiform (Uruk III)","N01 N01 _ |ZATU737xAB~a| _ N14 N14 N14 _ N01 N01 N01 N01 N01 _ N51 _ N34",18,6,-0.687736978321014,-0.455650277934709,-0.646921648366662,2.48707940059173,"Cuneiform (Uruk III)"
"Cuneiform (Uruk III)","N14 N14 N14",3,1,-2.99676263068533,-2.3802560518249,-0.646921648366662,6.55257668470356,"Cuneiform (Uruk III)"
"Cuneiform (Uruk III)","N51 N51 N51 N51 _ N01 N01 N01 N01 N01",10,3,-1.54796153426097,-1.18095294591124,-0.778325611137778,5.0167221551502,"Cuneiform (Uruk III)"
"Cuneiform (Uruk III)","SZITA~a1 _ N01 N01 N01 _ ZATU753 _ N01 N01 N01 N01 _ SANGA~a _ N01 N01 N01 _ SZU _ N01 N01 _ N01 _ N01 N01 _ N14",30,7,-1.0314765023166,-0.632828145574379,-1.04113353668001,1.78613159298624,"Cuneiform (Uruk III)"
"Cuneiform (Uruk III)","IB~a _ AN _ AB~b _ ME~a",7,5,-0.731330056523241,-0.834417395041432,0.85483792616039,-0.358768698286547,"Cuneiform (Uruk III)"
"Cuneiform (Uruk III)","NI~a _ DUG~b",3,3,-1.30950615014164,-1.71340352585593,1.98115760705568,-0.358768698286547,"Cuneiform (Uruk III)"
"Cuneiform (Uruk III)","N01 _ NAM2 _ N01 _ NAM2",7,3,-1.33963880822682,-1.62513293875789,-0.271481754734896,-0.358768698286547,"Cuneiform (Uruk III)"
"Cuneiform (Uruk III)","N14 _ SUHUR _ N14",5,3,-1.37660881641413,-1.5779190916838,0.404310053802275,-0.358768698286547,"Cuneiform (Uruk III)"
"Cuneiform (Uruk III)","N01 _ SZUBUR _ N01 _ SZUBUR _ N01 _ N01 _ SZUBUR",13,3,-1.37202403814914,-1.67680300273367,-1.05124153381625,-0.358768698286547,"Cuneiform (Uruk III)"
"Cuneiform (Uruk III)","N14 N14 N14 _ N01 N01 N01 N01 N01 N01 N01",11,3,-1.67601883148591,-1.32728909383816,-0.885837944314146,5.17030760810554,"Cuneiform (Uruk III)"
"Cuneiform (Uruk III)","N01 N01",2,1,-2.99676263068533,-2.66014792027006,0.0100981654889242,6.55257668470356,"Cuneiform (Uruk III)"
"Cuneiform (Uruk III)","N34 _ N34 N34",4,2,-2.13312436013055,-1.96652819703142,0.0100981654889242,1.94501309604349,"Cuneiform (Uruk III)"
"Cuneiform (Uruk III)","N34 _ N01 N01",4,3,-1.39995215746342,-1.6598691313166,0.995627886272302,1.94501309604349,"Cuneiform (Uruk III)"
"Cuneiform (Uruk III)","EN~a _ N01 N01 N01 N01 N01 _ SZUBUR _ MUSZ3~a _ N14 _ IB~a _ MUSZEN _ N01 N01 N01 N01 N01 _ U2~a _ N14 N14 N14 _ ZAG~a _ N14 N14 _ N01 N01 _ EN~a _ N14 N14 N14 _ ZAG~a _ N34 N34 _ N14 N14 N14 _ N01 N01 N01 N01",57,11,-0.299991956593215,-0.205527706764327,-1.20020149161347,2.10956893849563,"Cuneiform (Uruk III)"
"Cuneiform (Uruk III)","N01 _ NI~a _ KU6~a _ N01 N01 _ UNUG~a _ N01 _ UH3~b _ N01 _ MAR~a _ GAR _ N01 _ SZA3~a1 _ N01 _ UKKIN~a _ NESAG2~a _ N14 _ N01 N01",35,12,-0.350753979365081,0.365383210095564,-0.609377659003484,0.0477810301246354,"Cuneiform (Uruk III)"
"Cuneiform (Uruk III)","N01 N01 N01 N01 N01",5,1,-2.99676263068533,-2.16299586679549,-1.17253749945113,6.55257668470356,"Cuneiform (Uruk III)"
"Cuneiform (Uruk III)","N01 N01 N01 N01 N01 N01 N01 N01 _ N01 N01 _ N34 _ N14 N14 _ AB2 _ SZE3 _ N34 N34 _ N14 _ N34 N34 _ N34 _ N14 N14 N14 N14 _ N01 N01 N01 _ N34 N34 N34 N34 N34 N34 N34 N34 N34 _ N14 _ AB2 _ N48 N48 _ N34 N34 N34 N34 N34 N34 N34 _ N14 N14 N14 N14 _ N48 N48 N48 _ N34 _ N14 N14 N14 N14 N14 _ N48",83,7,-0.460523259860876,-0.687257054998534,-1.62849341846416,3.01261929341594,"Cuneiform (Uruk III)"
"Cuneiform (Uruk III)","N01 _ U4 _ UNUG~a _ SANGA~a",7,5,-0.731330056523241,-0.834417395041432,0.85483792616039,-0.358768698286547,"Cuneiform (Uruk III)"
"Cuneiform (Uruk III)","SILA3~a _ SILA3~a _ EN~a _ TUR _ MUSZEN",9,5,-0.805072242354931,-0.704704993493718,0.229104770107454,-0.358768698286547,"Cuneiform (Uruk III)"
"Cuneiform (Uruk III)","N01 _ ZATU710 _ N57 _ BU~a _ ZATU801 _ N01 _ N57 N57 N57 _ |SZE~a&SZE~a| _ N01 _ N57 _ EN~a _ SZU _ N01 _ N57 N57 _ U4 _ ZATU801 _ N01 _ N57 N57 N57 _ U4 _ N01 _ N57 N57 N57 N57 _ U4 _ ZATU801 _ N01 _ N57 N57 N57 _ ZATU801",61,10,-0.487495691078303,-0.745821667483313,-1.31471227884283,0.793122198878472,"Cuneiform (Uruk III)"
"Cuneiform (Uruk III)","ZATU777 _ KU3~a _ NUNUZ~a2 _ URU~a1",7,5,-0.731330056523241,-0.834417395041432,0.85483792616039,-0.358768698286547,"Cuneiform (Uruk III)"
"Cuneiform (Uruk III)","SUM~a _ N01 N01 _ TAG~a3 _ SUM~a",8,4,-0.96813302218603,-1.06692128471996,0.0100981654889242,0.628566356426326,"Cuneiform (Uruk III)"
"Cuneiform (Uruk III)","N01 N01 _ AB2 _ NE~a _ N01 _ U4 _ AB2 _ N01 N01 _ SZU _ AB2 _ N01 N01 _ GI6 _ AB2 _ N01 _ KUR~a _ AM~a _ NE~a _ GU4 _ N01 N01 N01 _ GU4 _ |SZE~a&SZE~a| _ |SIxGU4| _ BU~a _ NA~a",50,14,-0.143122518034304,0.398841851545966,-0.857167988800448,0.346470626508364,"Cuneiform (Uruk III)"
"Cuneiform (Uruk III)","NUN~a _ N01 N01 _ N01 N01 _ N01",9,3,-1.55788297792154,-1.65431052673397,-0.646921648366662,1.36906764746098,"Cuneiform (Uruk III)"
"Cuneiform (Uruk III)","N01 _ |SILA3~axKASZ~d| _ N01 _ |SILA3~axHASZHUR| _ N01 _ N01 _ SANGA~a",13,5,-0.982657158023671,-0.934664959344634,-0.444761705641864,-0.358768698286547,"Cuneiform (Uruk III)"
"Cuneiform (Uruk III)","N51 N51",2,1,-2.99676263068533,-2.66014792027006,0.0100981654889242,6.55257668470356,"Cuneiform (Uruk III)"
"Cuneiform (Uruk III)","DU _ AMAR",3,3,-1.30950615014164,-1.71340352585593,1.98115760705568,-0.358768698286547,"Cuneiform (Uruk III)"
"Cuneiform (Uruk III)","N01 N01 N01 _ DUG~a",5,3,-1.53733045235532,-1.30906415231788,0.404310053802275,3.0969039932085,"Cuneiform (Uruk III)"
"Cuneiform (Uruk III)","N01 _ N01 _ TUG2~a _ BUR2 _ N01 N01 N01 _ TUG2~a _ N01 _ SZU2 _ N01 _ BAR _ SZU2 _ SAL _ N01 N01 N01 N01 _ GISZIMMAR~b1 _ N01 _ URI _ N01 _ GISZ _ N01 _ GISZ _ N01 N01 _ ZATU759 _ N14 _ |ZATU759@txX| _ N01 _ NU11 _ SAL _ N01 _ ZATU778 _ SUG5 _ N57 N57 N57 _ KAL~b2 _ E2~b",73,19,-0.0212462313264058,0.824426496888358,-0.934930333892396,0.40915856649013,"Cuneiform (Uruk III)"
"Cuneiform (Uruk III)","N51 N51 N51 N51 N51 N51 _ N45",8,3,-1.86698928126024,-1.22798078661177,-0.482666694902765,4.57790657527781,"Cuneiform (Uruk III)"
"Cuneiform (Uruk III)","N01 N01 _ |SILA3~axNI~a| _ HI _ BAN~a _ |U4x1(N01)| _ N14 _ |DUG~ax1(N57)| _ DA~a _ GA2~c _ N14 _ |SILA3~axHI| _ N14 _ |SILA3~axNI~a| _ BA _ ZATU629 _ N14 N14 _ N01 N01 _ |DUG~ax1(N57)| _ GAR",40,14,0.0427350549824056,0.503070522661882,-0.581219666981103,0.172873254251153,"Cuneiform (Uruk III)"
"Cuneiform (Uruk III)","N01 _ DU _ N01 _ ZI~a _ |DU6~axDISZ| _ N01 _ GI _ N14 _ N01 N01 N01 N01",20,7,-0.71933418468238,-0.303187444740772,-0.581219666981103,0.732496362185573,"Cuneiform (Uruk III)"
"Cuneiform (Uruk III)","UMUN2 _ SILA3~c",3,3,-1.30950615014164,-1.71340352585593,1.98115760705568,-0.358768698286547,"Cuneiform (Uruk III)"
"Cuneiform (Uruk III)","N01 N01 N01 N01 N01",5,1,-2.99676263068533,-2.16299586679549,-1.17253749945113,6.55257668470356,"Cuneiform (Uruk III)"
"Cuneiform (Uruk III)","N01 _ SI _ EN~a",5,4,-0.950792690221622,-1.21852116275556,1.19273383042898,-0.358768698286547,"Cuneiform (Uruk III)"
"Cuneiform (Uruk III)","N01 _ |SAR~axSZE~a| _ SAG _ N01 N01 N01 _ SIG7",11,5,-0.862480481058967,-0.756289293849644,-0.169089056471688,1.02350037831147,"Cuneiform (Uruk III)"
"Cuneiform (Uruk III)","N01 _ DUB~a _ N01 N01 N01 _ BU~a _ EN~a",11,5,-0.862480481058967,-0.688124161853694,-0.169089056471688,1.02350037831147,"Cuneiform (Uruk III)"
"Cuneiform (Uruk III)","N01 _ UH3~a _ UNUG~a _ KALAM~b _ RAD~a@g _ NAR _ NAGA~a _ KI _ ZABALAM~a",17,10,-0.148374093528041,0.338842636764612,0.357932184588939,-0.358768698286547,"Cuneiform (Uruk III)"
"Cuneiform (Uruk III)","N34 _ |(UDU~axTAR)~b|",3,3,-1.30950615014164,-1.71340352585593,1.98115760705568,-0.358768698286547,"Cuneiform (Uruk III)"
"Cuneiform (Uruk III)","N01 _ PAP~a _ NE~a _ GI _ N01 _ N01 _ GAL~a _ LAM~b",15,7,-0.569824543645205,-0.351044223904032,-0.121305797282192,-0.358768698286547,"Cuneiform (Uruk III)"
"Cuneiform (Uruk III)","PAP~a _ TI _ PAP~a",5,3,-1.37660881641413,-1.5779190916838,0.404310053802275,-0.358768698286547,"Cuneiform (Uruk III)"
"Cuneiform (Uruk III)","NA2~a _ A",3,3,-1.30950615014164,-1.71340352585593,1.98115760705568,-0.358768698286547,"Cuneiform (Uruk III)"
"Cuneiform (Uruk III)","N01 _ EN~a _ UNUG~a",5,4,-0.950792690221622,-1.21852116275556,1.19273383042898,-0.358768698286547,"Cuneiform (Uruk III)"
"Cuneiform (Uruk III)","TAK4~a _ KI _ AK~a _ SI",7,5,-0.731330056523241,-0.834417395041432,0.85483792616039,-0.358768698286547,"Cuneiform (Uruk III)"
"Cuneiform (Uruk III)","N02 N02",2,1,-2.99676263068533,-2.66014792027006,0.0100981654889242,6.55257668470356,"Cuneiform (Uruk III)"
"Cuneiform (Uruk III)","N01 _ AB2 _ N01 N01 _ GU4 _ N14 _ N14",12,5,-0.809573886335328,-0.742916013711825,-0.318411741438867,0.269535427439826,"Cuneiform (Uruk III)"
"Cuneiform (Uruk III)","UDU~a _ HI",3,3,-1.30950615014164,-1.71340352585593,1.98115760705568,-0.358768698286547,"Cuneiform (Uruk III)"
"Cuneiform (Uruk III)","KALAM~a _ EN~a _ SU~a _ N01 N01 _ AN _ N01 N01 _ PAP~a _ E2~a _ N01 N01 _ AB~b",22,9,-0.380490498783844,-0.153666192913862,-0.348276278432304,0.628566356426326,"Cuneiform (Uruk III)"
"Cuneiform (Uruk III)","EN~a _ AMAR _ N01 _ AN _ |SZU2.EN~a| _ N01 _ AN _ RU _ N01 _ |NUN~a+EN~a| _ N01 _ KU6~a _ KAB _ N01 _ NUN~a _ N01 _ EN~a _ ERIM~a _ NUN~a _ N01 _ KAB _ GI _ SZUM _ N01 N01 N01 N01 N01 N01 N01 N01 _ BA _ N01 N01 N01 N01 _ N14 _ N01 N01",66,16,-0.249774679509785,0.372813332088,-1.00529609228789,0.810843597296392,"Cuneiform (Uruk III)"
"Cuneiform (Uruk III)","N14 N14 N14 _ N34 N34 N34 N34 _ N14 N14 N14 N14 _ SZE3 _ N01 N01 N01 N01 N01 N01 N01 _ N61 N61 N61 _ SZE3",29,6,-0.378954571396585,-0.292964991673892,-1.1453504726709,3.59057152056494,"Cuneiform (Uruk III)"
"Cuneiform (Uruk III)","N08 N08 N08 N08 _ SUHUR _ |SAGxGESZTU~b| _ |ZATU759x(KU6~a+KU6~a)| _ N01 _ SUHUR _ |SAGxGESZTU~b| _ N01 _ SUHUR _ EN~a _ SZU _ |ZATU651xGAR|",26,9,-0.237032047196129,-0.082913756278449,-0.596381662685463,0.470592747672265,"Cuneiform (Uruk III)"
"Cuneiform (Uruk III)","SUHUR _ N01 N01 N01 N01 N01 _ |GA2~a1xA| _ N14 _ N01 N01 N01 N01 N01 _ |ZATU759xKU6~a| _ |ZATU759xX| _ N01 _ IDIGNA _ KALAM~a _ EN~a _ HI _ E2~a _ NUN~a",35,13,-0.157011873582344,0.534087435207678,-0.496745690913958,1.26743021535818,"Cuneiform (Uruk III)"
"Cuneiform (Uruk III)","N01 N01 N01 N01",4,1,-2.99676263068533,-2.26222821436494,-0.975431555294454,6.55257668470356,"Cuneiform (Uruk III)"
"TeDDi","Ez dago gainazalik",18,11,0.496032587677732,0.393447003691001,0.448111374725981,-0.358768698286547,"TeDDi"
"TeDDi","Moundsvilleko matrikuladun kotxea darabilzu",43,19,1.30955810007742,1.11996942638202,-0.219094792832792,-0.194212855834402,"TeDDi"
"TeDDi","Eta hamar bat ofizialen bizitza salbatu zuen besteak beste nire alabarena",73,18,0.964469791879846,0.806860041112706,-0.988931962428474,-0.358768698286547,"TeDDi"
"TeDDi","Baduzu Goerten berririk",23,15,0.950693447272555,0.806664213508596,0.609985821617936,-0.0446166354233603,"TeDDi"
"TeDDi","Ziurrenez ez",12,8,0.0429135888578815,-0.199629919742557,0.667117979344511,0.269535427439826,"TeDDi"
"TeDDi","Trago bat edatera gonbidatuko zaizut",36,15,0.961335397109544,0.706358732017415,-0.318411741438867,-0.358768698286547,"TeDDi"
"TeDDi","Poza iritsi da eta ni bozkarioz gainezka nago",45,15,0.825309878351027,0.627230812361018,-0.646921648366662,-0.358768698286547,"TeDDi"
"TeDDi","5 dolarretan denak",18,11,0.569669946080882,0.298811112948284,0.448111374725981,0.0477810301246354,"TeDDi"
"TeDDi","Gainera dibortziatuta nagoenez sentimendu kontraesankorrak ditu",63,17,1.07221489312845,0.909781335617373,-0.897214910787836,-0.247295385657675,"TeDDi"
"TeDDi","Oso haserre nengoen",19,10,0.362463544126353,0.159683215009557,0.1138381360977,0.0251949341017923,"TeDDi"
"TeDDi","Nire familiari ospe txarra emango lioke",39,17,1.00336709556873,1.00379239378624,-0.24260176291707,-0.17689118820786,"TeDDi"
"TeDDi","Gehiegi da niretzat",19,12,0.656339002714859,0.57390690241904,0.528798018532807,-0.358768698286547,"TeDDi"
"TeDDi","Hacme  ne Pahpãm to me amji kam hapac xà jũrkwa mã me axà  Ne curia cu ha cuna mã  cute me pahto impejti ita pyrên me pajakryti to cumã me amji jarẽ  ne pahtỳj me cumã cre",171,27,1.23138547681516,0.925938380384622,-1.33852145242517,-0.196148806922074,"TeDDi"
"TeDDi","Manoppe Gui   Para hamyo esta manmafanui ni mesterion i Rainon Yuos  låo para i otro tåotåo siha ma nisista finaakomparasion kosa ki   Achokka  manmanaatan ti u malie  yan achokka manmanhuhungok ti u makomprende",211,27,1.19391540607965,1.11756309932956,-1.4565195232598,0.0361653235986014,"TeDDi"
"TeDDi","Namni kanaan dura hataa ture hatuu dhiisee  harka isaa tiin  dalagaa faaydaa qabdu dalagee  warra waa dhaban illee haa gargaaruu",128,21,0.837169011486502,0.826299651198623,-1.31420739681374,0.784052191814176,"TeDDi"
"TeDDi","وَكَانَ لِعُزِّيَّا جَيْشٌ مِنَ ٱلْمُقَاتِلِينَ يَخْرُجُونَ لِلْحَرْبِ أَحْزَابًا حَسَبَ عَدَدِ إِحْصَائِهِمْ عَنْ يَدِ يَعِيئِيلَ ٱلْكَاتِبِ وَمَعَسِيَا ٱلْعَرِيفِ تَحْتَ يَدِ حَنَنْيَّا وَاحِدٍ مِنْ رُؤَسَاءِ ٱلْمَلِكِ",220,37,1.6222739517668,1.50254963793505,-1.29796855482356,-0.358768698286547,"TeDDi"
"TeDDi","be found in this world I am confident that when she was created",63,19,1.15664244365827,0.972752417990678,-0.772068279577247,-0.358768698286547,"TeDDi"
"TeDDi","Old Mme Rougon wagged her chin",30,18,1.19352717398273,1.15155698817047,0.404310053802275,-0.120446443700681,"TeDDi"
"TeDDi","Are you guys being serious right now",36,15,0.94568295776758,0.8110993728861,-0.318411741438867,-0.358768698286547,"TeDDi"
"TeDDi","Tortoiseshell comb",18,13,0.806234460632273,0.75212843620923,0.886124583963037,0.0477810301246354,"TeDDi"
"TeDDi","Come on buddy Im here with you all right",40,19,1.2244713588111,1.25791289991462,-0.0884548065894137,-0.00434072992808013,"TeDDi"
"TeDDi","chasseurs dAfrique defiling slowly before the mill the miller was",65,22,1.33581888290155,1.02472531442551,-0.626705654094183,-0.034799383458886,"TeDDi"
"TeDDi","of butter Now add the clams Let them come to a boil and serve",61,21,1.14601967375115,1.16304540613641,-0.603838381884328,-0.128390518853544,"TeDDi"
"TeDDi","afterwards when society is divided into different ranks and",59,17,1.04816736148437,0.94138046441894,-0.825096513141057,-0.239607570993614,"TeDDi"
"TeDDi","Stay on the ground man",22,14,0.842966936105572,0.787648617207077,0.547659831370765,-0.358768698286547,"TeDDi"
"TeDDi","The flush on his own face deepened his features expressed internal",66,19,1.09683566542817,0.986441156045676,-0.826108870327275,-0.146111917271467,"TeDDi"
"TeDDi","Dreamer of the Ghetto and American Man of Action the Governor and",65,18,1.08362558455766,0.685576690072984,-0.869297585363936,-0.250778926677327,"TeDDi"
"TeDDi","And they sent you in to talk to me",34,16,0.794861759671282,0.778035399279094,-0.105846507544413,-0.358768698286547,"TeDDi"
"TeDDi","Hyah",4,4,-0.867681999722788,-1.27290847379278,1.98115760705568,-0.358768698286547,"TeDDi"
"TeDDi","A strange fire crept into the old patriarchs eyes A bigboned",60,19,1.21356243654686,1.16976556947788,-0.712623629752218,-0.358768698286547,"TeDDi"
"TeDDi","Hello",5,4,-0.950792690221622,-1.21852116275556,1.19273383042898,1.36906764746098,"TeDDi"
"TeDDi","agrees with Rhodes that the salvation of mankind lies in British",64,20,1.16868399267443,1.1223225337288,-0.729049125098609,-0.24906480331845,"TeDDi"
"TeDDi","Like whats her deal",19,13,0.768395878028681,0.643347407413435,0.736277959750359,-0.358768698286547,"TeDDi"
"TeDDi","It means his freedom",20,14,0.885019059674079,0.748784398505846,0.798521942115626,0.0049863218708266,"TeDDi"
"TeDDi","Audrey",6,6,-0.24496583466037,-0.59845943427708,1.98115760705568,-0.358768698286547,"TeDDi"
"TeDDi","state And there was a finicking completeness moreover about his toilet",70,23,1.3232318752051,1.38309744049157,-0.665693643048247,-0.258604272446111,"TeDDi"
"TeDDi","Sometimes I cant believe he is my husband",41,19,1.16360918474688,1.12542479514042,-0.134125696089133,-0.358768698286547,"TeDDi"
"TeDDi","Amber could not help smiling Poor Lady Chelmer she said nodding",63,23,1.4219394689048,1.14514295262009,-0.521775017156074,-0.135822073028802,"TeDDi"
"TeDDi","En tiedä",8,8,0.196858315758484,-0.0870127805994982,1.98115760705568,-0.358768698286547,"TeDDi"
"TeDDi","Juttelin juuri tuottajan kanssa",31,14,0.796457906170994,0.691335022549064,-0.180649522404635,0.562744019445464,"TeDDi"
"TeDDi","Enpä juuri",10,9,0.326655688355905,0.0936283625288414,1.58694571874233,0.40915856649013,"TeDDi"
"TeDDi","Minä todellakin näen ne",23,12,0.563546610269864,0.225989142016275,0.0957964020787848,-0.0446166354233603,"TeDDi"
"TeDDi","Äitisi myös haluaa että ovesi on avoinna",40,17,1.02529737063567,1.00264704736804,-0.285560750746089,0.172873254251153,"TeDDi"
"TeDDi","He toimivat nokkelasti",22,13,0.80643929157348,0.6402528070836,0.368472609410153,-0.0296570133822566,"TeDDi"
"TeDDi","mahdollista äänettöminä välinpitämättöminä niinkuin eivät nämä asiat",68,18,0.942578330104931,0.76466723581579,-0.917459218777785,0.157003345220177,"TeDDi"
"TeDDi","Ei mitään",9,7,-0.0953786987007462,-0.328379928992981,1.10513118858157,0.505149474587216,"TeDDi"
"TeDDi","Ei",2,2,-1.93222231520406,-2.27318726274625,1.98115760705568,-0.358768698286547,"TeDDi"
"TeDDi","Mitä",4,4,-0.867681999722788,-1.27290847379278,1.98115760705568,-0.358768698286547,"TeDDi"
"TeDDi","te vasta täällä olisitte täydellisesti minun ja minä teidän",59,16,0.899464162067467,0.77906200587504,-0.891912087431456,0.117875810885184,"TeDDi"
"TeDDi","Ei hassummin",12,9,0.287304323080266,0.053877774632709,0.995627886272302,0.8978395531662,"TeDDi"
"TeDDi","Kommodori Chamberlainin mukaan armahdus on hyväksyttävä heti tai Nassauta pidetään vihamielisenä seutuna",104,23,1.44991536807614,1.47387303633483,-1.08914652307715,-0.0232664952287754,"TeDDi"
"TeDDi","Voisivatko Meksiko tai tuo hulttiojengi muka muuttaa sitä",57,19,1.06694172199745,1.03677616144104,-0.646921648366662,0.134898829069889,"TeDDi"
"TeDDi","jota tyttö kävi mielessään eronhetken lähestyessä",49,18,1.09575863434641,0.951736593571708,-0.512835972069604,0.217176750295961,"TeDDi"
"TeDDi","ja kun aurinko laski sulki se lehtensä nukkui ja näki koko yön unta",67,17,0.947341726086454,0.862789079359732,-0.960722156476792,-0.254051343998818,"TeDDi"
"TeDDi","vohvelit eivät koskaan petä sanoi Ted vieraanvaraisesti",55,17,1.04219157272736,1.04739529562002,-0.742488166745656,-0.102792943360988,"TeDDi"
"TeDDi","Eräs Sybilniminen nainen haluaa ja käytän naistermiä löyhästi",61,20,1.21913386234344,0.986815134246725,-0.668463281607829,-0.243579608570045,"TeDDi"
"TeDDi","Kippis",6,4,-0.954659378314555,-1.15593148006651,0.667117979344511,1.02350037831147,"TeDDi"
"TeDDi","Se ylikompensoi koska se ei pysty pumppaamaan verta kunnolla",60,17,1.12874130043165,0.995767997104881,-0.844027592523338,0.226938537560072,"TeDDi"
"TeDDi","Helvetti",8,6,-0.335411841982152,-0.583220462815188,0.995627886272302,0.628566356426326,"TeDDi"
"TeDDi","Ehkä paikka on kirottu",22,13,0.746190543789094,0.670789028130315,0.368472609410153,0.299454671522034,"TeDDi"
"TeDDi","Operaatiota johtaneet ihmiset kuten CIAn johtaja Panetta joutuivat selittämään tilanteen presidentti Obamalle ja varapresidentti Bidenille",138,26,1.3576072567051,1.07815517232118,-1.21824322563239,0.145709066895212,"TeDDi"
"TeDDi","Adrien Arcand",13,9,0.287402901680159,0.025743782099011,0.768197950706906,-0.358768698286547,"TeDDi"
"TeDDi","ollessani pakotettu kätkeytymään mitä taas ei voinut välttää jos",64,17,1.07617813217597,1.09930644540004,-0.913835947745493,0.40915856649013,"TeDDi"
"TeDDi","Ei tämä zombina oleminen ole niin kamalaa",41,14,0.769536171598634,0.61132900459964,-0.614871901349317,-0.0132014291370419,"TeDDi"
"TeDDi","Jo on aikakin pikku paska",25,10,0.313186034007102,0.194330442122037,-0.384113722824427,-0.0707959739952926,"TeDDi"
"TeDDi","Ei se mitään",12,9,0.287304323080266,0.0889828787763276,0.995627886272302,0.269535427439826,"TeDDi"
"TeDDi","Kuka nyt pakenee",16,10,0.412767883397176,0.172970811261024,0.502863025880613,0.10198766057946,"TeDDi"
"TeDDi","Isä on vaikutusvaltainen",24,14,0.930030518425616,0.651129515658168,0.338608072416716,-0.358768698286547,"TeDDi"
"TeDDi","etupäässä olevalla kuninkaalla on ihmeellinen valta saada kansa",63,17,0.932126557298491,0.796042793606872,-0.897214910787836,0.533017802744433,"TeDDi"
"TeDDi","En ollut kuvioissa paljoa",25,14,0.881436716250638,0.792113985694655,0.246625298476935,0.217176750295961,"TeDDi"
"TeDDi","Jotakuta rankaistaan",20,11,0.312568492948137,0.235815133926066,0.2072041096456,0.0049863218708266,"TeDDi"
"TeDDi","décorum jen appelle à vousmême aije jamais péché au moindre degré contre",72,22,1.40448111217091,1.26122047227394,-0.756424950675923,-0.164082912850206,"TeDDi"
"TeDDi","Vasy je le referme",18,11,0.356191734445826,0.321561613840621,0.448111374725981,-0.358768698286547,"TeDDi"
"TeDDi","Il est temps que tu apprennes lindépendance et à prendre tes responsabilités",76,20,1.09929609481955,1.03141590397984,-0.923561569990066,-0.174466154740144,"TeDDi"
"TeDDi","Je vous fais Chris Farley",25,16,1.06303292305386,0.869147008007079,0.561994809127616,-0.358768698286547,"TeDDi"
"TeDDi","Cest un salaire honorable",25,14,0.913581043438877,0.762157698412107,0.246625298476935,-0.358768698286547,"TeDDi"
"TeDDi","Si elle mirait",14,9,0.238533655296851,0.118882708125013,0.573258005936569,0.172873254251153,"TeDDi"
"TeDDi","Elle a quelques points qui se sont ouverts",42,15,0.870738095934074,0.724048188925688,-0.553061674958721,-0.190199298701423,"TeDDi"
"TeDDi","Un staphylo à cause dun hameçon rouillé",39,21,1.39368752823302,1.34590653193279,0.161718122532519,-0.17689118820786,"TeDDi"
"TeDDi","pas plus habile de prendre son parti dune défaite",49,17,1.05699510139748,0.910096294909385,-0.593287377847838,-0.358768698286547,"TeDDi"
"TeDDi","et de lîle du PrinceEdouard Comment nos hommes",46,19,1.17271092170661,1.13528508140974,-0.33269478087051,-0.0515977923758762,"TeDDi"
"TeDDi","Répond lui",10,10,0.539563751452159,0.32580475704313,1.98115760705568,-0.358768698286547,"TeDDi"
"TeDDi","Plaidoieries civiles prononcées aux audiences du matin du",57,19,1.18953677915907,0.933006194102582,-0.646921648366662,-0.358768698286547,"TeDDi"
"TeDDi","Quelquun a volé votre bateau",28,14,0.846842407000434,0.691654498551882,0.0100981654889242,-0.102792943360988,"TeDDi"
"TeDDi","esbigner se sauver",18,11,0.451387688805186,0.277574703060707,0.448111374725981,-0.358768698286547,"TeDDi"
"TeDDi","dans les laboratoires des pharmaciens du Nord Se",48,19,1.14702501089119,1.00906513386752,-0.400539218170818,-0.358768698286547,"TeDDi"
"TeDDi","Je suis M LAmbert permettezmoi",30,16,0.98061911088648,0.962594532869312,0.14150212826004,-0.120446443700681,"TeDDi"
"TeDDi","ამისთჳს ვერ ჰრწმენდა  რამეთუ მერმეცა თქუა ესაია",47,17,0.924675846358982,0.896614050086401,-0.535088488561457,-0.208522059525893,"TeDDi"
"TeDDi","ოჲ მნჲდჲ კყჟთ ოანრალჲნკთ თ ოჲრნთფვ",34,15,0.854354989433225,0.734495934753186,-0.221791180577754,-0.358768698286547,"TeDDi"
"TeDDi","კაკჲ რარკჲ",10,5,-0.605337381999703,-0.830496544463559,0.0100981654889242,-0.358768698286547,"Cuneiform (Uruk III)"
"TeDDi","Was sollen wir machen",21,14,0.931075744422804,0.785968960058269,0.667117979344511,-0.0132014291370419,"TeDDi"
"TeDDi","Knall ihn einfach ab",20,11,0.525476556044391,0.421737490133371,0.2072041096456,0.0049863218708266,"TeDDi"
"TeDDi","so rasend schnell gesprochen auch bei nichts weniger denn aufregenden",69,19,1.10320792807276,0.988381903274252,-0.87545027927295,-0.155493834080955,"TeDDi"
"TeDDi","Es ist einfach nur eine Ablenkung",33,18,1.08367967370086,1.10124403373872,0.189285387449536,-0.358768698286547,"TeDDi"
"TeDDi","Und schon habe ich dich",23,12,0.580418554931245,0.311021359818434,0.0957964020787848,-0.358768698286547,"TeDDi"
"TeDDi","Als du schon mal hier warst wie lange dauerte es bis die Geisterreiter kamen",76,21,1.13972722956686,1.08313757237962,-0.871691584685678,-0.266617426513346,"TeDDi"
"TeDDi","Joe",3,3,-1.30950615014164,-1.71340352585593,1.98115760705568,-0.358768698286547,"Cuneiform (Uruk III)"
"TeDDi","Ist Frau Lürig der Ansicht die andere habe",42,19,1.18413187005282,1.0388937319917,-0.177621781326959,-0.358768698286547,"TeDDi"
"TeDDi","masculini hic daniel huius danielis michael gabriel",51,15,0.891123830706287,0.477422078268934,-0.801514545744444,-0.358768698286547,"TeDDi"
"TeDDi","Wann haben Sie sie zuletzt gesehen",34,15,0.814060370171726,0.801688960374701,-0.221791180577754,-0.149333989711089,"TeDDi"
"TeDDi","Geh du mal wieder ins Haus lass Bono und mich zu Ende reden",59,20,1.14984849988566,1.14091924444917,-0.62464979026986,-0.239607570993614,"TeDDi"
"TeDDi","führt damit Du vermuthen kannst in welchem",42,20,1.29834785604871,1.20791884221829,-0.0837618079190173,-0.190199298701423,"TeDDi"
"TeDDi","denke ihr bekommt herrlichen Sternenschein zu eurer",51,18,0.983581443631372,1.00355404659011,-0.56962519967777,-0.082314882966943,"TeDDi"
"TeDDi","Aber so sage mir doch was ist dir Was",37,17,0.941330819656756,0.877296963713194,-0.149717464908382,-0.358768698286547,"TeDDi"
"TeDDi","Ich",3,3,-1.30950615014164,-1.71340352585593,1.98115760705568,-0.358768698286547,"Cuneiform (Uruk III)"
"TeDDi","sollen oft so angegriffen sein daß sie ärztliche Behandlung",59,20,1.27754952015975,1.24764391481654,-0.62464979026986,-0.120446443700681,"TeDDi"
"TeDDi","Ich trink noch mal für dich",27,16,0.995758251337174,0.852921154050833,0.375109173186473,-0.358768698286547,"TeDDi"
"TeDDi","aussah Auch der Pfarrer wurde alsbald von einer",47,19,1.1350234969705,1.1921262748205,-0.367338748853647,-0.0582754207652384,"TeDDi"
"TeDDi","Ja ich kann lesen aber es ist nicht jeder ein falscher Anwalt wie du wieso sagst du mir also nicht was ich mir hier ansehe",122,23,1.17821926547071,0.874933417882801,-1.21777492925758,-0.301650141402331,"TeDDi"
"TeDDi","Charleston Chew",15,12,0.736463790322068,0.472300475202825,1.19273383042898,-0.358768698286547,"TeDDi"
"TeDDi","Ted nuuryn nogoo ereg boloh Gyeras nutagt irjee",47,19,1.1432799805282,1.20978598663265,-0.367338748853647,0.091971217995416,"TeDDi"
"TeDDi","एलन आराम करो",12,10,0.464727708993804,0.24473696188726,1.32413779320009,-0.358768698286547,"TeDDi"
"TeDDi","सिरफ है कि आप बुराई को दूर",26,17,1.01355604669968,1.11149329239088,0.616577993663311,-0.358768698286547,"TeDDi"
"TeDDi","aur jab ve israaael kee chhavanee ke pas aae hee the  ki israaaelee uttkar moaabiyon ko marane lage aur ve unake samhane se bhag gaae aur ve moab ko marate marate unake desh men pahunch gaae",190,22,0.967733784947173,0.728748820919617,-1.50450540539921,0.189750776553938,"TeDDi"
"TeDDi","Merekalah pembaca yang harus kita kejar",39,20,1.12522675731728,1.28475470856518,0.0606381511701237,-0.358768698286547,"TeDDi"
"TeDDi","Tapi kurasa kita semua bertengkar dengan orang tua kita kan",59,17,0.918741573262219,0.605669354796327,-0.825096513141057,-0.358768698286547,"TeDDi"
"TeDDi","Aku pergi dari pintu itu dan tak pernah kembali",47,17,1.04763401102934,0.806354654450559,-0.535088488561457,-0.358768698286547,"TeDDi"
"TeDDi","Subtitle by 100Malay Silakan duduk semua",40,18,1.23220242464705,1.09907439315259,-0.187007778667751,-0.181554714107314,"TeDDi"
"TeDDi","Aku telah melihat manusia baja Man of Steel dan ksatria dalam kegelapan The Dark Knight runtuh dan aku harus menylesaikan misiku bagaimanapun caranya",149,28,1.35569358285599,1.41670559250388,-1.22016041213328,-0.312070418671749,"TeDDi"
"TeDDi","Kerjamu bagus hari ini",22,14,0.866688039357877,0.753100836823333,0.547659831370765,-0.358768698286547,"TeDDi"
"TeDDi","Joe akan menjadi orang tua angkat hingga kau mengadopsi anaknya yang bisa kau lakukan setelah Joe mendapat kepemilikan",118,21,1.12102560144636,0.984098006759652,-1.25939774602865,-0.299697370226803,"TeDDi"
"TeDDi","Aku akan frustasi jika menjadi insinyur dan mungkin aku akan mengutuk Ayah karena memberiku kehidupan",101,20,1.1205750224816,0.968931748121026,-1.18034367545733,-0.358768698286547,"TeDDi"
"TeDDi","Kau mendedikasikan hidupmu untuk belajar cara mengecilkan dirimu ke ukuran atom dan aku menghabiskan belajar rahasia speedforce",127,22,1.29534112335708,0.993155586392747,-1.27807454041691,-0.303916750802499,"TeDDi"
"TeDDi","Hei tolong minggir",18,11,0.525025047208325,0.297278817481364,0.448111374725981,0.0477810301246354,"TeDDi"
"TeDDi","Dokter menurut pendapatmu bisakah putra kami menjalani hidup normal",67,19,1.23462372350522,1.12422551355289,-0.843046965935492,-0.358768698286547,"TeDDi"
"TeDDi","Pengasuhmu takkan menyelamatkanmu saat ini",42,15,0.852010422092312,0.678270407598428,-0.553061674958721,-0.0216298991162978,"TeDDi"
"TeDDi","Jadi siapapun yang mengambil jasadnya menghidupkannya kembali",61,18,1.10740488780165,0.90031818518168,-0.797713081054827,-0.243579608570045,"TeDDi"
"TeDDi","Bagaimana keadaanmu",19,11,0.200171742370599,0.388107378189688,0.321318077315255,0.0251949341017923,"TeDDi"
"TeDDi","Itu sangat manis",16,10,0.412767883397176,0.136016328565737,0.502863025880613,-0.358768698286547,"TeDDi"
"TeDDi","Pada akhirnya yang kami lakukan",31,14,0.602935739536288,0.638673633033404,-0.180649522404635,-0.358768698286547,"TeDDi"
"TeDDi","いや　スイートへ連れて行け",13,13,0.942504634284013,0.826771823386264,1.98115760705568,-0.358768698286547,"TeDDi"
"TeDDi","これだ",3,3,-1.30950615014164,-1.71340352585593,1.98115760705568,-0.358768698286547,"Cuneiform (Uruk III)"
"TeDDi","これがお前の故郷だ",9,9,0.377750330402036,0.129259358760818,1.98115760705568,-0.358768698286547,"TeDDi"
"TeDDi","うっそー アバ　グレイテストヒット",17,16,1.22926631474184,1.16792838834121,1.749268260989,-0.358768698286547,"TeDDi"
"TeDDi","それで分かる",6,6,-0.24496583466037,-0.59845943427708,1.98115760705568,-0.358768698286547,"TeDDi"
"TeDDi","嘘つき達はウソをつき続けるし",14,12,0.752165803339254,0.553726456322218,1.41799776660803,-0.358768698286547,"TeDDi"
"TeDDi","また 誰かとやり合うのか",12,11,0.642151094907353,0.441080420252025,1.65264770012789,-0.358768698286547,"TeDDi"
"TeDDi","そうね",3,3,-1.30950615014164,-1.71340352585593,1.98115760705568,-0.358768698286547,"Cuneiform (Uruk III)"
"TeDDi","だめよ",3,3,-1.30950615014164,-1.71340352585593,1.98115760705568,-0.358768698286547,"Cuneiform (Uruk III)"
"TeDDi","テストの為に採血させて",11,11,0.685941796004707,0.505963157078508,1.98115760705568,-0.358768698286547,"TeDDi"
"TeDDi","そうだ",3,3,-1.30950615014164,-1.71340352585593,1.98115760705568,-0.358768698286547,"Cuneiform (Uruk III)"
"TeDDi","죽도록 사랑했는데",9,9,0.377750330402036,0.129259358760818,1.98115760705568,-0.358768698286547,"TeDDi"
"TeDDi","저기 더 있죠",7,6,-0.312374512142019,-0.584215885989878,1.41799776660803,-0.358768698286547,"TeDDi"
"TeDDi","당신은 무엇을 했는가",11,10,0.492389011371751,0.294893707520058,1.62278316313445,-0.358768698286547,"TeDDi"
"TeDDi","알겠어요 제가 바로 여기서 같이 있어드리면 괜찮겠어요",29,20,1.28403980151443,1.32317429956881,0.75774140194528,-0.358768698286547,"TeDDi"
"TeDDi","진정해",3,3,-1.30950615014164,-1.71340352585593,1.98115760705568,-0.358768698286547,"Cuneiform (Uruk III)"
"TeDDi","호출 받았는데요",8,8,0.196858315758484,-0.0870127805994982,1.98115760705568,-0.358768698286547,"TeDDi"
"TeDDi","힘과 어떤 능력이 떨어져요",14,11,0.542688031148648,0.446297425138636,1.13641784638421,-0.358768698286547,"TeDDi"
"TeDDi","그들은 당신이 도망가게 놔두지 않을 겁니다",23,19,1.28140664401551,1.45494512264254,1.29557171433681,-0.358768698286547,"TeDDi"
"TeDDi","듣고 싶지 않아요",9,8,0.141185815850645,-0.0930248165621858,1.54314439781862,-0.358768698286547,"TeDDi"
"TeDDi","잘 있게 교수",7,6,-0.312374512142019,-0.584215885989878,1.41799776660803,-0.358768698286547,"TeDDi"
"TeDDi","그것이 바로 상수입니다",12,11,0.642151094907353,0.49123101024122,1.65264770012789,-0.358768698286547,"TeDDi"
"TeDDi","혼자",2,2,-1.93222231520406,-2.27318726274625,1.98115760705568,-0.358768698286547,"TeDDi"
"TeDDi","거인들이 있어",7,7,-0.00822013629023236,-0.327503079612553,1.98115760705568,-0.358768698286547,"TeDDi"
"TeDDi","我們明天就要動身了",9,9,0.377750330402036,0.129259358760818,1.98115760705568,-0.358768698286547,"TeDDi"
"TeDDi","怎么了",3,3,-1.30950615014164,-1.71340352585593,1.98115760705568,-0.358768698286547,"Cuneiform (Uruk III)"
"TeDDi","干杯",2,2,-1.93222231520406,-2.27318726274625,1.98115760705568,-0.358768698286547,"TeDDi"
"TeDDi","另外万爱尔兰人 妇女和儿童",13,13,0.942504634284013,0.826771823386264,1.98115760705568,-0.358768698286547,"TeDDi"
"TeDDi","停一下先",4,4,-0.867681999722788,-1.27290847379278,1.98115760705568,-0.358768698286547,"TeDDi"
"TeDDi","我想問你認識星爺嗎",9,9,0.377750330402036,0.129259358760818,1.98115760705568,-0.358768698286547,"TeDDi"
"TeDDi","去他娘的",4,4,-0.867681999722788,-1.27290847379278,1.98115760705568,-0.358768698286547,"TeDDi"
"TeDDi","真的好好吃",5,4,-0.950792690221622,-1.21852116275556,1.19273383042898,1.36906764746098,"TeDDi"
"TeDDi","不不是真的沒有",7,6,-0.312374512142019,-0.438063267476497,1.41799776660803,0.793122198878472,"TeDDi"
"TeDDi","欸 你不教我打球 拼什麼拼圖",14,12,0.752165803339254,0.591213548846754,1.41799776660803,-0.358768698286547,"TeDDi"
"TeDDi","我不希望你有所误会",9,9,0.377750330402036,0.129259358760818,1.98115760705568,-0.358768698286547,"TeDDi"
"TeDDi","一切還順利吧",6,6,-0.24496583466037,-0.59845943427708,1.98115760705568,-0.358768698286547,"TeDDi"
"TeDDi","您在海上工作",6,6,-0.24496583466037,-0.59845943427708,1.98115760705568,-0.358768698286547,"TeDDi"
"TeDDi","从后方的楼梯和仆役走廊",11,11,0.685941796004707,0.505963157078508,1.98115760705568,-0.358768698286547,"TeDDi"
"TeDDi","破烂熊字幕组 翻译",9,9,0.377750330402036,0.129259358760818,1.98115760705568,-0.358768698286547,"TeDDi"
"TeDDi","和你很像",4,4,-0.867681999722788,-1.27290847379278,1.98115760705568,-0.358768698286547,"TeDDi"
"TeDDi","灘團團圍定以為唾手可取只是船到灘邊便見兩條黃龍旋繞在御營上",29,27,2.02792084350686,2.29079728812203,1.70928733925337,-0.111934934608329,"TeDDi"
"TeDDi","大家集中他们分明在东面",11,11,0.685941796004707,0.505963157078508,1.98115760705568,-0.358768698286547,"TeDDi"
"TeDDi","换做是别人 你还愿意这么做吗",14,13,0.904242991265147,0.766447300683799,1.69957768683186,-0.358768698286547,"TeDDi"
"TeDDi","命令你們",4,4,-0.867681999722788,-1.27290847379278,1.98115760705568,-0.358768698286547,"TeDDi"
"TeDDi","来吧",2,2,-1.93222231520406,-2.27318726274625,1.98115760705568,-0.358768698286547,"TeDDi"
"TeDDi","她在临死前并不是一个善良的人",14,14,1.05632017919104,0.971007955892241,1.98115760705568,-0.358768698286547,"TeDDi"
"TeDDi","是他疏忽卻與正文無礙還求大人通篇一看汪公祇得通卷看完",26,24,1.84326951661432,1.94160276003811,1.67791769296849,-0.358768698286547,"TeDDi"
"TeDDi","陰獨察其動靜與俱上下何羅亦覺日磾意以故久不得發是時上行幸林光宮日",32,30,2.19287140728587,2.4096676226454,1.73477517685984,-0.358768698286547,"TeDDi"
"TeDDi","tathrto teetoaie otetaieeeown taieetso ettaieerto aietoe e taaieaaiee gte hrdoeltto oeaieasaieaehn aedtcasee taieetso taoohetktttn taottn",137,16,0.416969592108867,0.464883420241729,-1.50056782987246,0.454330758535815,"TeDDi"
"TeDDi","teaeeouoo tlo hr",16,9,0.146632804526858,0.136016328565737,0.256480595684769,0.562744019445464,"TeDDi"
"TeDDi","tathrto eaier aiestar0 etaeae oeeeaieown oeaieeaeetmtn etasaagte eaatatc erdstaie1 rto hre0",91,17,0.573093835187656,0.684998173910223,-1.22452148472322,0.10198766057946,"TeDDi"
"TeDDi","terduto eatoaieeeouoo ieeaaseeaie tathrto oeeeaiestoouoo oeeeaieoeoteaieeuto aieeteeae0 totneaaeedpa aieeaeeasoooo",114,14,0.199434291370556,0.264003242239392,-1.47684141323687,0.986802969198254,"Cuneiform (Uruk III)"
"TeDDi","eaelo tasac gteoieemtn taieetso",31,12,0.465025831785419,0.419331025434571,-0.434979772929377,0.10198766057946,"TeDDi"
"TeDDi","teatnpt aieeaieeaiee0 gtesac",28,11,0.206036548198199,0.0556557252672404,-0.412271714846809,0.40915856649013,"TeDDi"
"TeDDi","aieeeaetn terduto teetoaie otetaieeeown",39,11,0.168194259423462,0.149047269050621,-0.849081591091457,0.550618852106887,"TeDDi"
"TeDDi","aotasee aietoeouoo matetn teer aieiaec0",39,13,0.445726497956431,0.608333071981343,-0.646921648366662,0.186863831949513,"TeDDi"
"TeDDi","etn1 oohetktttn taoeeeaeeatn aiea tasac taoas tnst aieetsee etaeae elrto etaiaaeee",82,14,0.275922188287688,0.508339708694661,-1.28791658871357,0.579809069773834,"Cuneiform (Uruk III)"
"TeDDi","aieeeaaeedhn oeaieasaie taieetso",32,10,0.0348231239134981,0.0860773462022176,-0.729049125098609,0.755964428002178,"Cuneiform (Uruk III)"
"TeDDi","erdthaietn taeaaietetn aieeeaetn aiestar1 tn1 tathrto etaoown ettaieertoouoo oeoteaieeouoo oetoown tlo taeaaietetn aieibe",121,16,0.519777614435693,0.171771920255715,-1.43968935764695,0.332365840012463,"TeDDi"
"TeDDi","oetoown oeaiertoetco aieeeaetn terduto taieetso taeaietn tneaiesa aieeero oelttoar erdaieee1 ooaoeaierto tootohhn ooataiee",122,16,0.475828199376318,0.370303243233418,-1.44396207828983,0.440891098092473,"TeDDi"
"TeDDi","tn1 thotho ttaaieeeero tathaietktttn aieeeaetn teatooohetktttn taaieeeeto0 etn1 eaeoheaieote aieaeadaieetstt etaeae taaieaetn teeemaotasee",138,15,0.264580124253262,0.228923328544473,-1.53247009312854,0.801530161631499,"TeDDi"
"TeDDi","tasac totn2 oeoteerto eaelo eaaef oteaseear tasac taeastoto e eaeaetniec erdtaiee taieetso",90,14,0.382140483067352,0.287279760681292,-1.34774278314595,0.0295091322185151,"TeDDi"
"TeDDi","eoteatn aieiaec0",16,9,0.146632804526858,0.154662172934189,0.256480595684769,-0.358768698286547,"TeDDi"
"TeDDi","Σταμάτα",7,5,-0.616528887993815,-1.018943353464,0.85483792616039,-0.358768698286547,"TeDDi"
"TeDDi","Ελπίζω να μην τρελάνετε τον νεαρό με τις ιστορίες σας",53,20,1.22236697172424,1.08241071279251,-0.473369244706694,-0.358768698286547,"TeDDi"
"TeDDi","Δεν την χρειάζεσαι",18,13,0.806234460632273,0.682146056169231,0.886124583963037,-0.358768698286547,"TeDDi"
"TeDDi","Όχι",3,3,-1.30950615014164,-1.71340352585593,1.98115760705568,-0.358768698286547,"Cuneiform (Uruk III)"
"TeDDi","τάντερο αρνιού καλόστριφτον εις τ άκρ αφού προσδέση",51,20,1.29883990334321,1.26706784868569,-0.415032302299984,-0.358768698286547,"TeDDi"
"TeDDi","Αρκετά",6,6,-0.24496583466037,-0.59845943427708,1.98115760705568,-0.358768698286547,"TeDDi"
"TeDDi","Άλλως θα είχαν παράπονα κατά του παππά κι ο παππάς αν ήθελε",59,20,1.08101574082882,0.954590344733801,-0.62464979026986,-0.00128531640774851,"TeDDi"
"TeDDi","ότι έλαβε το όνομα από την θηλήν Η δε θηλή καλέ Ερμογένη",56,22,1.3400715408792,1.29478798488878,-0.412271714846809,-0.358768698286547,"TeDDi"
"TeDDi","Κι εγώ είμαι σίγουρη",20,14,0.925199468659373,0.784744089222922,0.798521942115626,-0.358768698286547,"TeDDi"
"TeDDi","Σου επιτίθενται με τα όπλα τους και εμείς θα μείνουμε άπραγοι",61,20,1.21130894975465,0.967815612377459,-0.668463281607829,-0.358768698286547,"TeDDi"
"TeDDi","Γιατί είσαι ένας ανούσιος μικρός καταραμένος πόνος στον πισινό",62,18,1.1542591873006,0.943949447995849,-0.816475148716491,-0.358768698286547,"TeDDi"
"TeDDi","ερωτήσεις να μοι απευθύνης",26,18,1.2901272033379,1.25087516896277,0.768197950706906,-0.358768698286547,"TeDDi"
"TeDDi","Άφινέ τα Τάχατες δεν τάκουσες Ή τον ανήξερο μας κάμνεις",55,23,1.39139648695094,1.38538211605002,-0.312438834040182,-0.358768698286547,"TeDDi"
"TeDDi","Ψάξτε στο αρχείο για την τοποθεσία της βάσης τους",49,21,1.26632874277709,1.07792357199478,-0.271481754734896,-0.358768698286547,"TeDDi"
"TeDDi","Η ορκομωσία του προέδρου Ντάλτον είναι μόλις σε μια μέρα αλλά αντιμετωπίζει ακόμη μια νομική πρόκληση για την νομιμοποίηση της νίκης του",136,27,1.58209056289981,1.3446596074975,-1.1783347331028,-0.307573547301435,"TeDDi"
"TeDDi","Όντως",5,5,-0.524976564029113,-0.908952636736504,1.98115760705568,-0.358768698286547,"TeDDi"
"TeDDi","Αν ο καλός συνάδελφος από την Φλόριντα παραχωρήσει μέρος του χρόνου του τον διαβεβαιώνω ότι θα απαντηθεί το ερώτημα του",119,30,1.64608638011327,1.51978143492518,-0.967149792934931,-0.358768698286547,"TeDDi"
"TeDDi","επικράτησιν των Ιουδαίων προκαταλήψεων επί του πνεύματός των",60,25,1.56279685239529,1.31710207384224,-0.318411741438867,-0.358768698286547,"TeDDi"
"TeDDi","Ο Τριστάνος τραβάει τάλογό του όξω από το θάμνο",47,23,1.37672022875378,1.33015353688017,-0.0318392694380264,-0.358768698286547,"TeDDi"
"TeDDi","Πρέπει να φτάσω σπίτι και να κόψω σε κάποιον το ρούμι",53,21,1.30601969532846,1.1110281322564,-0.398989643138137,-0.358768698286547,"TeDDi"
"TeDDi","לא",2,2,-1.93222231520406,-2.27318726274625,1.98115760705568,-0.358768698286547,"TeDDi"
"TeDDi","זאת לא מדורה",12,10,0.464727708993804,0.324517878748978,1.32413779320009,-0.358768698286547,"TeDDi"
"TeDDi","היי הגעתם לבראדלי",17,12,0.681035096885598,0.656738851436504,0.821710876722296,0.0731903881503344,"TeDDi"
"TeDDi","אתה לוקח סיכונים",16,13,0.862196012934279,0.712360559759277,1.24201031646815,-0.358768698286547,"TeDDi"
"TeDDi","האם אתה בתוך גופך אבל לא",24,11,0.482042436181061,0.366823164644061,-0.154156787974974,-0.358768698286547,"TeDDi"
"TeDDi","לואיס אני יכול לדבר איתך לרגע",29,15,0.83987447031333,0.841324767744415,0.0780657324395025,-0.358768698286547,"TeDDi"
"TeDDi","תענוגו ואם יחכם איש מכל אשר לפניו ולו מאות אלף לשונות ומאה",58,18,0.923609269839403,0.917907158890267,-0.737545070967431,-0.358768698286547,"TeDDi"
"TeDDi","זקן",3,3,-1.30950615014164,-1.71340352585593,1.98115760705568,-0.358768698286547,"Cuneiform (Uruk III)"
"TeDDi","והוא הקפיד טוב כפי שהוא מתיימר להגיע לבדיקה",43,18,1.07717088152399,1.06920247287206,-0.310771976161477,-0.194212855834402,"TeDDi"
"TeDDi","Pe táva guasu oñembojao mbohapy hendápe  ha táva oĩva guive ko yvy ári hoapa  ha Tupã imandua táva Babilóniare  houka haguã chupe kaguýicha pe ñenupã hae omondóva chupe ipochýgui",178,31,1.56746083571781,1.26568107458741,-1.27441248182424,-0.241627251117223,"TeDDi"
"TeDDi","Machojab mac chexakni subchaho yu tzoti caw sucal yehi  Yuton sunil huntekan machiswalil tu  yuxinto chitit ishowal Comam Dios yiban anma mach chiyijen tzet chala",162,24,1.34289749921591,1.20327253920411,-1.37694366376176,-0.272913476137602,"TeDDi"
"TeDDi","С тобой я танцевать не хочу",27,16,0.995758251337174,1.02892192958107,0.375109173186473,-0.358768698286547,"TeDDi"
"TeDDi","Он найдет себе жилье",20,14,0.818745437111246,0.869386160924405,0.798521942115626,-0.358768698286547,"TeDDi"
"TeDDi","Хотя так и было",15,11,0.540951202944165,0.429298049397287,0.929925904886742,-0.358768698286547,"TeDDi"
"TeDDi","Именно поэтому ты справишься со всем этим",41,19,1.24568938332041,1.17189263006687,-0.134125696089133,-0.185985063711795,"TeDDi"
"TeDDi","дэвид Эми",9,7,-0.0953786987007462,-0.342991993501399,1.10513118858157,-0.358768698286547,"TeDDi"
"TeDDi","Но за это время я понял что я не крутой",39,19,1.02220006761139,1.04568676812925,-0.0404418201922754,-0.358768698286547,"TeDDi"
"TeDDi","Я получил твоё сообщение",24,16,1.0522258855368,1.03565589247754,0.667117979344511,-0.0582754207652384,"TeDDi"
"TeDDi","Учитывая смерть Хулио это справедливо",37,21,1.48380770283041,1.26612067804058,0.276457549484433,-0.358768698286547,"TeDDi"
"TeDDi","АДРИАН вздыхает",15,14,1.02034120778373,0.986484331670483,1.71834968151344,-0.358768698286547,"TeDDi"
"TeDDi","Вонзить иглу в мозг пациента",28,17,1.17969707498459,1.08331633792235,0.432468045824657,-0.358768698286547,"TeDDi"
"TeDDi","От боли или",11,7,-0.161324631591303,-0.483150080926919,0.547659831370765,-0.358768698286547,"TeDDi"
"TeDDi","Я думаю что что бы они ни сделали воскрешая её думаю я могу достучаться до неё",78,25,1.46629276964525,1.19548585145305,-0.697461634047858,-0.358768698286547,"TeDDi"
"TeDDi","Посмотрел на ютубе",18,14,0.969161616780526,0.861876542056763,1.10513118858157,-0.358768698286547,"TeDDi"
"TeDDi","Я давно не практиковался не уверен что смогу",44,20,1.28689272082199,1.20249988835194,-0.169089056471688,-0.358768698286547,"TeDDi"
"TeDDi","Страна свободы родина расистов",30,13,0.798041681082311,0.413569094994241,-0.252709760053311,-0.358768698286547,"TeDDi"
"TeDDi","No",2,2,-1.93222231520406,-2.27318726274625,1.98115760705568,-0.358768698286547,"TeDDi"
"TeDDi","Cuando lo pusimos contra el Ferrari y el McLaren",48,20,1.23830663504397,1.14261251429429,-0.318411741438867,-0.2117187965208,"TeDDi"
"TeDDi","Hay un medicamento que",22,14,0.903215683889969,0.726371021635379,0.547659831370765,-0.358768698286547,"TeDDi"
"TeDDi","Y lo estoy",10,8,0.113747625259651,-0.0992214599928652,1.19273383042898,-0.358768698286547,"TeDDi"
"TeDDi","Ahora puedes ser tan malvado como Balthazar Bratt",49,19,1.14656754522175,1.10110349047039,-0.432384566291369,-0.21478233614092,"TeDDi"
"TeDDi","Ray no es mi culpa si quiero ponerme fuerte para mí misma",57,19,1.08719458408241,1.00050647019192,-0.646921648366662,-0.358768698286547,"TeDDi"
"TeDDi","Cena conmigo",12,10,0.464727708993804,0.247600091490118,1.32413779320009,-0.358768698286547,"TeDDi"
"TeDDi","Todo lo que puedo hacer es cumplir con la orden judicial pedirle a Dios que pueda convencer al juez de que soy una mujer diferente",130,24,1.23236721046394,1.1313589344434,-1.23318548226857,-0.358768698286547,"TeDDi"
"TeDDi","Vale he reconfigurado esta cosa para que suene si hay otro dispositivo de mensajería cerca",90,24,1.28799849657846,1.34115279063423,-0.909729573908894,-0.358768698286547,"TeDDi"
"TeDDi","Me culpa por la pérdida del envío quiere que le devuelva el doble del dinero",76,18,0.918471799561524,0.689433868278684,-1.02730154059884,-0.358768698286547,"TeDDi"
"TeDDi","Consigues el dinero de Ghost matas a su hijo y te desapareces en el horizonte",77,22,1.18052515065403,1.17417630598919,-0.834641595182542,-0.358768698286547,"TeDDi"
"TeDDi","Por qué no cada uno por separado presenta 10 ideas para el cómic",64,21,1.18042667686217,1.12733207285923,-0.667453517549648,-0.358768698286547,"TeDDi"
"TeDDi","Batman ya no se permiten justicieros en Ciudad Gótica",53,20,1.26131778977455,1.22305356440105,-0.473369244706694,-0.358768698286547,"TeDDi"
"TeDDi","Cuyo valor pesos oro fué de 100589",34,20,1.25683742427256,1.35331602666394,0.357932184588939,-0.149333989711089,"TeDDi"
"TeDDi","Quizá podáis localizarlo de ese modo",36,16,1.02124037922745,0.823162400616474,-0.208908439129606,-0.358768698286547,"TeDDi"
"TeDDi","ระบบการสือสารเปนอัมพาต",22,15,0.999992076206447,0.985419318438516,0.726847053331381,-0.0296570133822566,"TeDDi"
"TeDDi","บายครับ",7,6,-0.312374512142019,-0.637884767196013,1.41799776660803,-0.358768698286547,"TeDDi"
"TeDDi","ชังโมงทีมีคา",12,9,0.287304323080266,0.0868919060553699,0.995627886272302,-0.358768698286547,"TeDDi"
"TeDDi","เออ ผมสับสนเลกนอย เพราะวา เกย",29,17,1.1649172814379,1.10154799639002,0.349936000241812,-0.111934934608329,"TeDDi"
"TeDDi","พีจะไปไหน",9,8,0.141185815850645,-0.112148620470775,1.54314439781862,-0.358768698286547,"TeDDi"
"TeDDi","คุณคิดผิด",9,6,-0.331943213252138,-0.659274020795229,0.667117979344511,-0.358768698286547,"TeDDi"
"TeDDi","พีคงคิดวาฉันจะจำแมง ไดทุกๆรายละเอียด",36,27,1.95223835418767,2.02861690373806,0.995627886272302,-0.358768698286547,"TeDDi"
"TeDDi","ตักหิมะอยูหรอ",13,11,0.614953767982081,0.40052743565308,1.37467777888129,-0.358768698286547,"TeDDi"
"TeDDi","แลวหลักฐานละ",12,10,0.397760360684979,0.299427201977038,1.32413779320009,-0.358768698286547,"TeDDi"
"TeDDi","ไดยินอะไรมาเหรอ",15,12,0.736463790322068,0.553484775928219,1.19273383042898,-0.358768698286547,"TeDDi"
"TeDDi","เหมือนเธอยังไมพรอมเทาไรนะ",25,16,1.08390749391588,1.02387606756126,0.561994809127616,-0.358768698286547,"TeDDi"
"TeDDi","เธอคิดวาเปนหนาตางจริงๆ เหรอ",27,17,1.21693189727768,1.08613488355179,0.521113576265492,-0.358768698286547,"TeDDi"
"TeDDi","ขาพเจา ได แตงตัง คน ให ดูแล เรือน พัสดุ คือ  เชเลมิยาห ปุโรหิต  ศาโ ดก ธรรมา จา รย  และ เปดายาห แหง คน เลวี  และ ผู ชวย ของ เขา คือ  ฮานัน บุตร ชาย ศัก เก อร  ผู เปน บุตร ชาย มัท ธานิยาห  เพราะ นับ ได วา เขา สัตย ซือ  และ หนาที ของ เขา คือ แจกจาย แก พวก พีนอง",259,40,1.87467225923453,1.45201630228587,-1.35213982694524,-0.117675254693869,"TeDDi"
"TeDDi","อยาไปฟัง",8,8,0.196858315758484,-0.0870127805994982,1.98115760705568,-0.358768698286547,"TeDDi"
"TeDDi","Ara hemen",9,8,0.141185815850645,-0.12871441292173,1.54314439781862,-0.358768698286547,"TeDDi"
"TeDDi","Bana ellerini ver oğlum",23,13,0.788245752038888,0.710100028477574,0.267192875258502,-0.0446166354233603,"TeDDi"
"TeDDi","Sence onun suçu muydu",21,12,0.507057780086513,0.589088567203988,0.291678085712745,-0.358768698286547,"TeDDi"
"TeDDi","Yolu göster",11,11,0.685941796004707,0.505963157078508,1.98115760705568,-0.358768698286547,"TeDDi"
"TeDDi","Çünkü o kişi ben değilim",24,14,0.819574480820902,0.856253536213109,0.338608072416716,-0.358768698286547,"TeDDi"
"TeDDi","Kimse polislerden daha zengin değil",35,17,1.068278931286,0.91160427094286,-0.0462178185558392,-0.358768698286547,"TeDDi"
"TeDDi","64 65 66",8,4,-1.13381707859311,-1.17572384212428,0.0100981654889242,0.628566356426326,"Cuneiform (Uruk III)"
"TeDDi","Hermilda Tanrı aşkına",21,14,0.867958008648681,0.745491637112148,0.667117979344511,-0.358768698286547,"TeDDi"
"TeDDi","Siz insanlar Lakewood altılısı hakkında her şeyi bildiğinizi sanıyorsunuz",73,23,1.47367916753727,1.4310972919623,-0.718923819748095,-0.166786882092377,"TeDDi"
"TeDDi","Sahra Çölünde bir sürü ölüm oldu",32,18,1.15762539568099,1.08380488221848,0.256480595684769,-0.358768698286547,"TeDDi"
"TeDDi","Konutu ve eşyalarını sana göstereceğim örneğe tıpatıp uygun yapın",65,22,1.37454404225808,1.34825520567399,-0.626705654094183,-0.358768698286547,"TeDDi"
"TeDDi","Aslinda sirtimda bir sorun var",30,15,0.895797974771252,0.715125758651176,0.0100981654889242,-0.358768698286547,"TeDDi"
"TeDDi","Kıştepesinden giderim Nehir Topraklarına dönerim",48,22,1.39090371039673,1.33999313670215,-0.154156787974974,-0.358768698286547,"TeDDi"
"TeDDi","Kampanya fonu karşılığında mevzuat verdiği açıklanmak üzere",59,24,1.52793385797794,1.55328248327747,-0.357387493108268,-0.358768698286547,"TeDDi"
"TeDDi","Kart falan oynayabiliriz",24,13,0.714693840896962,0.665767833269817,0.174353118952822,-0.358768698286547,"TeDDi"
"TeDDi","Louise lig şampiyonluğundan çekiliyor mu",40,20,1.34131422667158,1.19601516529016,0.0100981654889242,-0.358768698286547,"TeDDi"
"TeDDi","Daha önce de onun salonunda bulundum",36,15,0.806998314112341,0.630548821150542,-0.318411741438867,-0.358768698286547,"TeDDi"
"TeDDi","Evet Ehr",8,7,-0.0692767631118338,-0.33708247783786,1.48839274666399,-0.358768698286547,"TeDDi"
"TeDDi","Maliyeti karşılama zamanı",25,15,0.860562145388616,0.756778128136482,0.404310053802275,-0.358768698286547,"TeDDi"
"TeDDi","İğne korkusu varmış",19,15,1.07709996336221,0.987692904638668,1.15123784218547,-0.358768698286547,"TeDDi"
"TeDDi","Niye ki",7,6,-0.312374512142019,-0.637884767196013,1.41799776660803,-0.358768698286547,"TeDDi"
"TeDDi","İçeri buyur",11,9,0.298836226738783,0.0288505364146881,1.26440871921322,-0.358768698286547,"TeDDi"
"TeDDi","Sarı bir çantada",16,11,0.462993394628802,0.390242114718051,0.749245456076458,-0.358768698286547,"TeDDi"
"TeDDi","Anh ta là anh trai em",21,12,0.545324836262992,0.370871949878484,0.291678085712745,-0.358768698286547,"TeDDi"
"TeDDi","Thôi mà anh",11,9,0.298836226738783,0.0515002650097748,1.26440871921322,-0.358768698286547,"TeDDi"
"TeDDi","Này con gái anh bị như thế bao lâu rồi",38,22,1.30011835754878,1.4924976545617,0.321318077315255,-0.358768698286547,"TeDDi"
"TeDDi","Hỡi Đức Giêhôva  Ngài là công bình  Sự đoán xét của Ngài là ngay thẳng",70,31,1.61978172079288,1.58066638105857,-0.215165770690133,-0.158439846605675,"TeDDi"
"TeDDi","Anh đến trễ",11,9,0.298836226738783,0.0973780881487762,1.26440871921322,-0.358768698286547,"TeDDi"
"TeDDi","Hin nhiên là vy",15,10,0.345438615566262,0.26125353300497,0.667117979344511,-0.358768698286547,"TeDDi"
"TeDDi","همین حالا میتونم برم بانک و وام بگیرم",37,14,0.702341332207031,0.550835252179172,-0.469348725702991,-0.358768698286547,"TeDDi"
"TeDDi","نه نه نه تقويتش کن ها",21,10,0.178052724637072,0.219980864282468,-0.0837618079190173,-0.358768698286547,"TeDDi"
"TeDDi","اره",3,3,-1.30950615014164,-1.71340352585593,1.98115760705568,-0.358768698286547,"Cuneiform (Uruk III)"
"TeDDi","سيرن ها مجبورش کردن زنگوله رو بزنه و شهر رو نابود کنه",53,17,0.87238312741107,0.79077037908412,-0.696508049412366,-0.358768698286547,"TeDDi"
"TeDDi","کی میخواد انجامش بده",20,13,0.778565028125952,0.706481161964002,0.601415997958951,-0.358768698286547,"TeDDi"
"TeDDi","ما همدیگرو میبینیم همه چیز درست میشه",36,16,0.776085791525013,0.863354970898009,-0.208908439129606,-0.358768698286547,"TeDDi"
"TeDDi","شايد احمقانه باشه  ولي بايد حتما طبق اين برنامه برين جلو",56,17,0.965400760947276,0.76659271089105,-0.764246615126585,-0.233107873141272,"TeDDi"
"TeDDi","دونالد دوباره ازت میپرسم",24,15,0.985258537227967,0.949306007108533,0.502863025880613,-0.358768698286547,"TeDDi"
"TeDDi","ما جایزهشون رو آوردیم شما اینجا چیکار می کنید",45,15,0.832014563803957,0.781646009532559,-0.646921648366662,-0.358768698286547,"TeDDi"
"TeDDi","بهشون گفته بودم",15,11,0.594525081591235,0.380512515101587,0.929925904886742,-0.358768698286547,"TeDDi"
"TeDDi","حتما سنداستورم روی سیگنالها پارازیت انداخته تا اینجا رو مخفی نگه داره",69,19,1.0601662272078,1.07968244713238,-0.87545027927295,-0.358768698286547,"TeDDi"
"TeDDi","همين بيرون بود و با اون چوب ضربه ميزد",37,13,0.62902481550608,0.552307810328404,-0.575892479301194,-0.358768698286547,"TeDDi"
"TeDDi","اين درسته که يه الهه همچين کارهايي بکنه",39,14,0.58882169422072,0.587062268277546,-0.545841677004263,0.0049863218708266,"TeDDi"
"TeDDi","Ati bi igba ti emi ti fi enia jẹ onidajọ lori awọn enia mi Israeli  Ati pẹlu emi o ṣẹgun gbogbo awọn ọta rẹ  Pẹlupẹlu mo ti sọ fun ọ pe  Oluwa yio kọle kan fun ọ",161,28,1.35572892881269,1.2278122674016,-1.27537538335896,-0.229180972355483,"TeDDi"
