"subcorpus","sequence","num.tokens","num.types","huni.chars","hrate.chars","ttr.chars","rm.chars","mlp.predictions.rd"
"Cuneiform (Uruk IV)","N01 _ N01 _ |SZE~a.NAM2| _ N01 _ PAP~b _ N01 _ |1(N58).BAD~b| _ N01 _ AB~a _ N01 _ N01 _ N01 _ N01 _ N01 _ TE _ N01 _ GA~a _ N01 _ N01 _ NIM~a _ N01 _ NIM~a",43,9,-0.0575897960257681,0.39965396802136,-1.02377530016422,-0.730283292159142,"Cuneiform (Uruk III)"
"Cuneiform (Uruk IV)","N14 N14 _ |SAGxGESZTU~a| _ N14 N14 _ URUDU~a _ ERIM~a _ N01 N01 N01 N01 _ ZATU764",18,7,0.708619818115278,0.681820992025831,-0.153144618067661,0.514926281688695,"Cuneiform (Uruk IV)"
"Cuneiform (Uruk IV)","N01 N01 _ N01 N01 N01",6,2,-2.48639024114557,-1.58612058697969,-0.422476411809765,1.80994423849044,"Cuneiform (Uruk IV)"
"Cuneiform (Uruk IV)","N14 N14 _ UDU~a _ N14 N14 _ SZITA~b1 _ N14 N14 _ BA _ N57 _ SZITA~a1 _ N01 N01 N01 N01 N01 N01 N01 N01 _ KU3~a _ N34 N34 N34 N34 N34 _ N14 N14 _ SZITA~a1 _ N14 N14 _ |(SZAxHI@g~a)~b| _ N14 N14 _ |(SZAxHI@g~a)~a| _ HI@g~a _ N01 _ N28 _ ZATU714 _ N01 N01 _ N28 _ |ZATU714xHI@g~a| _ MU _ N39~a N39~a N39~a _ HI@g~a _ EN~a _ SZE~a _ GESZTU~b",79,21,2.13831706258027,2.31641670921776,-0.749765680154594,0.355284028631277,"Cuneiform (Uruk IV)"
"Cuneiform (Uruk IV)","N48 _ N34 N34 N34 N34 N34 _ N01 N01 N01 N01 N01 N01 N01 _ LAGAR~a _ PIRIG~a1",19,6,0.279160792968681,0.251456440701536,-0.507528557202003,1.6217792362201,"Cuneiform (Uruk IV)"
"Cuneiform (Uruk IV)","N34 N34 _ U4 _ AMAR _ GAR3 _ N14 N14 _ ZATU694~d@t _ N14 N14 N14 N14 _ N01 N01 N01 N01 N01 N01 _ N34 N34 N34 N34 _ GUL _ N14 _ N14 N14 N14 _ N14 N14 N14 N14 _ N34 N34",46,9,0.782177194971593,0.461534544247212,-1.08995085717063,1.05728422940908,"Cuneiform (Uruk IV)"
"Cuneiform (Uruk IV)","N34 _ N01 N01 _ NA~b _ N14 N14 N14 _ GAR3 _ N01 N01 _ ZATU694~d _ DUG~c _ SI",21,9,1.11076391685204,1.00217538022766,0.0392352346052708,0.116459218057386,"Cuneiform (Uruk IV)"
"Cuneiform (Uruk IV)","N34 N34 _ GAR3 _ N14 N14 N14 _ N01 N01 N01 N01 _ ZATU694~d _ N01 _ PIRIG~a1 _ N34 _ GAR3 _ N01 N01 N01 _ ZATU694~d _ N01 N01 _ ZATU694~b",34,8,0.759931860995383,0.333185458302842,-0.897767812531118,0.424365585408852,"Cuneiform (Uruk IV)"
"Cuneiform (Uruk IV)","N14 _ N01 N01 N01 N01 N01 N01 _ N01",10,3,-1.57131649922937,-1.13064752701494,-0.584075488055024,1.6217792362201,"Cuneiform (Uruk IV)"
"Cuneiform (Uruk IV)","N01 N01 N01 N01 N01 N01 _ ZATU694~d _ N01 N01 N01 N01 N01 _ ZATU694~b _ N01 _ N14 N14 N14 N14 _ GAR3 _ N01 N01 _ SZA3~a1",30,7,0.0659128854292127,0.567651691079636,-0.907273640545548,1.16758785142963,"Cuneiform (Uruk IV)"
"Cuneiform (Uruk IV)","N01 _ SZU2 _ KAB _ NAM2",7,5,0.182612656829972,-0.2454016875866,1.42437017385036,-0.730283292159142,"Cuneiform (Uruk IV)"
"Cuneiform (Uruk IV)","N34 _ N34 N34 N34 _ GUL",7,3,-1.17043442564327,-0.960889793601944,0.0392352346052708,0.680954224868403,"Cuneiform (Uruk IV)"
"Cuneiform (Uruk IV)","N01 N01 _ ZATU754 _ NUN~a _ N02 N02 _ N01 _ PAP~a",13,6,0.470987132837583,0.337757953142875,0.199058496825859,-0.0246645336453671,"Cuneiform (Uruk IV)"
"Cuneiform (Uruk IV)","N34 _ GESZTU~a _ KISAL~b1",5,4,-0.189654408030558,-0.776440117465328,1.83991065562389,-0.730283292159142,"Cuneiform (Uruk IV)"
"Cuneiform (Uruk IV)","N34 _ N01 N01 N01 N01 N01 _ N01 _ N34 _ N14 _ N01 N01 N01 N01 N01 N01 _ N01 N01 _ N34 _ N34",27,4,-0.779066914227456,-0.79618590557559,-1.32024905761677,0.898067689026491,"Cuneiform (Uruk IV)"
"Cuneiform (Uruk IV)","AB2 _ GADA~a _ N01 _ SZU2 _ DUB~b",9,6,0.458802682370009,0.185171125267119,1.19351435064285,-0.730283292159142,"Cuneiform (Uruk IV)"
"Cuneiform (Uruk IV)","N01 _ SZU2 _ NAM2 _ KAB _ N34 _ N28 _ N01 _ SZU2 _ SI4~a _ EN~a _ ZATU685",21,10,1.07083174517476,1.13407364317246,0.270091057812784,-0.730283292159142,"Cuneiform (Uruk III)"
"Cuneiform (Uruk IV)","N01 N01 N01 _ BA _ N01 _ APIN~a _ N01 _ SIG7 _ PAP~a _ N02 N02 N02 _ N01 _ PAP~a _ N01 _ TUR _ SZIR~b _ N01 N01 N01 N01 N01 N01 N01 N01 N01",39,9,0.380538702780741,0.686518009575092,-0.919704338718258,0.606678566077483,"Cuneiform (Uruk IV)"
"Cuneiform (Uruk IV)","N01 N01 _ TE _ N57 _ N01 N01 _ NUN~a _ N01 _ ZATU693 _ N01 N01 _ GESZTU~a _ N01 N01 _ AN _ USZ~a _ N01 N01 _ BALAG _ N01 N01 _ GURUSZ~a _ N01 _ N01 _ N01 _ N01 N01 _ N01 _ N34 _ N01",52,12,0.224852246296506,0.947052885333566,-0.919704338718258,-0.149185491030153,"Cuneiform (Uruk IV)"
"Cuneiform (Uruk IV)","N01 _ DUG~c _ N01 N01 _ SZU2",8,4,-0.389459910405952,-0.626581038066044,0.385518969416543,-0.12546721343305,"Cuneiform (Uruk IV)"
"Cuneiform (Uruk IV)","N34 N34",2,1,-3.66016422418483,-2.76954529926987,0.385518969416543,3.5034292589235,"Cuneiform (Uruk IV)"
"Cuneiform (Uruk IV)","N01 N01 N01 _ SZITA~a1 _ ZATU713 _ DUG~b",9,5,0.155884136571047,0.115627118535335,0.654850763158647,0.328144845611518,"Cuneiform (Uruk IV)"
"Cuneiform (Uruk IV)","N01 _ SZU2 _ DUB~b _ ZATU680~e _ N01 _ GISZIMMAR~b3 _ SZU2 _ N01 N01 _ N01 _ DUB~b",20,6,0.1589475561135,-0.0562818363168769,-0.584075488055024,-0.507456315786371,"Cuneiform (Uruk III)"
"Cuneiform (Uruk IV)","N01 _ SZU2",3,3,-0.798127953617908,-1.46063427322558,2.80950511309546,-0.730283292159142,"Cuneiform (Uruk III)"
"Cuneiform (Uruk IV)","N14 _ N01 _ USZ~a _ N01 N01 N01 N01 N01 N01 _ RU _ USZ~a _ N01 _ EN~b _ N01 _ |ZATU737xEN~b| _ N01 _ PIRIG~a1 _ EN~b _ N01 _ DUB~d _ N01 _ KASZ~b _ N01 _ PA~b _ N01 _ N01 _ UMUN2 _ SANGA~b _ N01 _ ZATU678 _ N01 _ ZATU678 _ N01 _ GA~a _ GAL~a _ N01 _ SUG5 _ SANGA~b _ N01 _ NIR~b _ GA~a _ N01 _ BU~a _ SANGA~b _ N01 _ NAM2 _ N01 _ UMBIN~b2 _ N01 _ ISZ~b _ N01 _ N01 _ NIM~b2 _ N01 N01 N01 N01 _ |MAR~bx(LAGAB~b.SZE3)| _ N01 N01 _ TE _ PIRIG~a1 _ N01 N01 N01 _ SZITA~a3 _ N01 _ ZATU693 _ N01 _ ZATU752 _ N01 _ SANGA~b _ N01 _ URU~b2 _ N01 _ PAP~a _ UB _ N01 _ UB _ N14 N14 N14 N14 N14 _ N01 N01 N01 N01 _ GU4 _ AB2",161,33,1.51034668983097,2.47540260739854,-1.04478341349959,-0.253990630162345,"Cuneiform (Uruk IV)"
"Cuneiform (Uruk IV)","N01 _ ZATU668 _ PAP~a _ N01 _ NIR~b _ N01 _ MASZ _ ZATU621~b _ N01 N01 _ DIN _ N01 _ UB _ N01 _ MASZ _ MUSZ3~b _ N01 N01 _ GURUSZDA _ BU~a _ N01 _ |1(N58).BAD~b| _ GUKKAL~b _ N01 _ UKKIN~c _ GUKKAL~a _ N01 _ BU~a _ N01 _ ZATU621~a _ NAM~a _ N01 _ ZATU680~d _ N01 _ SZA _ SZUBUR _ N01 N01 N01 N01 N01 N01 N01 N01 N01 _ ZATU771 _ N01 N01 _ ZATU768",86,23,1.24678847597869,2.13705569671794,-0.741916446248071,-0.182391079666096,"Cuneiform (Uruk IV)"
"Cuneiform (Uruk IV)","N14 _ N01 N01 N01 _ PAP~a _ NUN~a _ N34 N34 N34 _ |SAGxGESZTU~a| _ N34 _ N14 N14 N14 _ N51 N51 _ N14 N14 N14 _ N01 N01 N01 N01 N01",34,8,0.912774297995147,0.489540096894424,-0.897767812531118,0.937542864327959,"Cuneiform (Uruk IV)"
"Cuneiform (Uruk IV)","N34 _ N14 N14 _ N14 _ N01 N01 N01 N01 N01 _ N14 N14 _ N01 N01 N01 N01 N01 N01 N01 N01 N01 _ RAD~a",27,5,-0.452656342765998,-0.697504389977118,-1.14069452845537,1.54940808150074,"Cuneiform (Uruk IV)"
"Cuneiform (Uruk IV)","N01 _ N01 _ N01 N01",6,2,-2.00195717955215,-1.64662905370613,-0.422476411809765,0.116459218057386,"Cuneiform (Uruk IV)"
"Cuneiform (Uruk IV)","N14 _ N01 N01 N01 N01 N01 _ SZITA~a1 _ N01",11,4,-0.739934117140008,-0.555429487125411,-0.275568160677706,0.963201728273914,"Cuneiform (Uruk IV)"
"Cuneiform (Uruk IV)","N14 N14 _ N01 N01 N01 _ DUR~a _ UNUG~a _ DUR~a",12,5,0.292106817641717,0.0470963711288254,-0.0184787211966085,0.424365585408852,"Cuneiform (Uruk IV)"
"Cuneiform (Uruk IV)","N48 N48 _ N34 _ N14 _ N01 N01 N01 N01 N01 _ ZATU651 _ N01 _ IB~a",18,7,0.557160545215806,0.544923502016753,-0.153144618067661,0.514926281688695,"Cuneiform (Uruk IV)"
"Cuneiform (Uruk IV)","N01 N01 N01 _ N01 N01 N01 _ N14 N14 _ N01 N01 _ N01 N01 _ N14 _ N14 _ SZITA~b1 _ N34 _ N14 N14 N14",28,5,-0.228873826380433,-0.0614908528345053,-1.17275783723419,0.680954224868403,"Cuneiform (Uruk IV)"
"Cuneiform (Uruk IV)","N02 N02 _ SUHUR _ UTUA~a",6,4,-0.196213340650796,-0.511578044491309,1.19351435064285,0.116459218057386,"Cuneiform (Uruk IV)"
"Cuneiform (Uruk IV)","N14 N14 _ N01 N01 N01 N01",7,3,-1.17043442564327,-1.00828524682683,0.0392352346052708,2.09219174189595,"Cuneiform (Uruk IV)"
"Cuneiform (Uruk IV)","N01 N01 _ N01 N01 _ |SILA3~axSUHUR|",7,3,-1.17043442564327,-1.02432983963027,0.0392352346052708,0.680954224868403,"Cuneiform (Uruk IV)"
"Cuneiform (Uruk IV)","N01 _ N01 _ N01 _ N01 _ SZE~a _ A _ N01 _ N01 _ N01 _ N01 _ N01 _ N01",23,4,-1.08745846397957,-1.08769450247191,-1.19534155906971,-0.730283292159142,"Cuneiform (Uruk III)"
"Cuneiform (Uruk IV)","N01 _ GA~a _ AB2 _ UNUG~a _ AN",9,6,0.458802682370009,0.185171125267119,1.19351435064285,-0.730283292159142,"Cuneiform (Uruk IV)"
"Cuneiform (Uruk IV)","N01 N01 N01 N01 N01 N01 _ SZAM2 _ KU6~a",10,4,-0.823429867029886,-0.242470021010456,-0.0992782593192406,1.6217792362201,"Cuneiform (Uruk IV)"
"Cuneiform (Uruk IV)","N01 N01 _ DARA4~b _ UTUA~a",6,4,-0.196213340650796,-0.511578044491309,1.19351435064285,0.116459218057386,"Cuneiform (Uruk IV)"
"Cuneiform (Uruk IV)","N34 N34 N34 _ N01 N01 N01 N01 N01 N01 N01 N01 _ UDUNITA~a _ UDUNITA~a _ N34 N34 N34 N34 N34 N34 N34 _ MASZ _ MASZ",28,5,0.0723651630110285,-0.0804780519961976,-1.17275783723419,1.6217792362201,"Cuneiform (Uruk IV)"
"Cuneiform (Uruk IV)","N34 _ N14 N14 _ UDU~a _ NUN~a _ GURUSZDA",10,6,0.532643127529984,0.256659724943527,0.870316198152326,-0.259870786483293,"Cuneiform (Uruk IV)"
"Cuneiform (Uruk IV)","N36 _ NESAG2~a _ TE _ N36 _ GI _ AL _ N36 N36 N36 _ AN",17,7,0.40018286888365,0.505101309456565,-0.0422432912326778,-0.201069223273812,"Cuneiform (Uruk IV)"
"Cuneiform (Uruk IV)","N51 _ GAR",3,3,-0.798127953617908,-1.46063427322558,2.80950511309546,-0.730283292159142,"Cuneiform (Uruk III)"
"Cuneiform (Uruk IV)","N01 N01 _ GIR3~a _ N01 N01 N01 _ SANGA~b _ KUR@g~a",12,5,-0.137472564963946,-0.0890782083154165,-0.0184787211966085,0.424365585408852,"Cuneiform (Uruk IV)"
"Cuneiform (Uruk IV)","KUR~b _ N01 _ NINDA2 _ N39~b _ N14 _ N24 _ N26 _ N14 N14 _ N28 _ GI6 _ N14 N14 _ N28 _ GAR@g~a _ N14 N14 _ N14 N14 _ N28 _ SIG2~a2 _ N14 N14 _ DU8~c _ N14 N14 _ ZATU726~d _ N01 N01 _ DUG~b _ N01 N01 _ KASZ~b _ MUSZ3~a _ NUN~a _ N51 _ N14 N14 N14 N14 _ N39~b _ N26 _ N28 _ N24 _ NUN~a _ MUSZ3~a _ N20 N20 _ N05 N05 _ N42~b N42~b _ N25 _ N28~c",93,24,2.10490741990472,2.2261519069091,-0.787377551718419,-0.0860226865596108,"Cuneiform (Uruk IV)"
"Cuneiform (Uruk IV)","U8 _ N01 N01 N01 N01 _ |MAH~axX| _ ZATU729",10,5,0.0351810141401936,-0.102738765140356,0.385518969416543,0.680954224868403,"Cuneiform (Uruk IV)"
"Cuneiform (Uruk IV)","N14 _ N01 N01 _ N14 _ N01 N01",9,3,-0.896485816463706,-1.27164487321209,-0.422476411809765,0.328144845611518,"Cuneiform (Uruk IV)"
"Cuneiform (Uruk IV)","N01 N01 N01 N01 _ N57 N57 N57 _ N01 N01",11,3,-1.06825117875845,-0.53020601382926,-0.716292914073873,1.80994423849044,"Cuneiform (Uruk IV)"
"Cuneiform (Uruk IV)","N01 _ USZ~a",3,3,-0.798127953617908,-1.46063427322558,2.80950511309546,-0.730283292159142,"Cuneiform (Uruk III)"
"Cuneiform (Uruk IV)","RAD~b _ N01 _ DI",5,4,-0.189654408030558,-0.776440117465328,1.83991065562389,-0.730283292159142,"Cuneiform (Uruk IV)"
"Cuneiform (Uruk IV)","N34 N34 _ N01",4,3,-0.951548465832795,-1.11912679049647,1.597512041256,0.680954224868403,"Cuneiform (Uruk IV)"
"Cuneiform (Uruk IV)","N01 _ N01 _ SIG2~a3 _ N01 _ DU8~c _ N01 _ N28 _ ZATU726~d _ N01 N01 _ N01 N01 N01 _ ZATU720 _ N01 N01 N01 N01 N01 N01 _ N28",33,7,-0.221475452237745,0.123473607328867,-1.01010941633799,0.328144845611518,"Cuneiform (Uruk IV)"
"Cuneiform (Uruk IV)","N01 N01 N01 _ NI~a _ N01 _ DUG~b _ |1(N57).SZUBUR|",11,5,-0.0398533856774162,0.125810060515405,0.165156592718461,0.116459218057386,"Cuneiform (Uruk IV)"
"Cuneiform (Uruk IV)","N01 _ AN _ AB2",5,4,-0.189654408030558,-0.776440117465328,1.83991065562389,-0.730283292159142,"Cuneiform (Uruk IV)"
"Cuneiform (Uruk IV)","N07~a N07~a _ BA _ SANGA~a _ UNUG~a _ N07~a N07~a N07~a",12,5,-0.137472564963946,-0.117347849673509,-0.0184787211966085,0.424365585408852,"Cuneiform (Uruk IV)"
"Cuneiform (Uruk IV)","N14 N14 N14 _ N01 N01 N01 N01 N01 _ EN~b _ N34 N34 _ N01",16,5,0.14717189032535,0.205915782332975,-0.523475834463051,1.24544923167942,"Cuneiform (Uruk IV)"
"Cuneiform (Uruk IV)","N14 N14 _ N01 N01 N01 _ DUG~a _ N01 _ N01 N01 _ N01 N01 _ ZATU758 _ N01 N01 N01 N01 N01 _ ZATU697~a",26,6,-0.319141113055248,-0.10535281250677,-0.919704338718258,0.793853226230608,"Cuneiform (Uruk IV)"
"Cuneiform (Uruk IV)","N01 N01 _ NUN~a _ N01 N01 _ NUN~a _ ZATU693 _ N01 _ SAL _ NUN~a _ N01 _ NUN~a _ N01 N01 _ SAL _ GURUSZ~a _ N01 N01 _ SIG7 _ N01 _ SAL _ ZAG~c _ UNUG~a _ N01 N01 N01 N01 _ U8 _ N01 N01 _ NUN~a _ N01 N01 _ NUN~a _ ZATU693 _ ZATU651 _ N01 N01 N01 _ UTUA~a _ KU3~a _ N14 N14 _ N01 N01 _ NUN~c",78,15,0.876364595454936,1.03391872002505,-1.10616481130895,-0.0155006536646694,"Cuneiform (Uruk IV)"
"Cuneiform (Uruk IV)","N01 N01 N01 _ DUG~c _ AN _ N14 N14 _ N01 _ BAR _ DUG~c _ N34 _ SUHUR _ N14 N14 N14 N14 _ N01 N01 N01 N01 N01 N01 N01 N01 N01 _ DUG~c _ U4 _ ZATU755~a",41,10,0.884300074205247,0.646970585922397,-0.856034909053148,0.751516100719782,"Cuneiform (Uruk IV)"
"Cuneiform (Uruk IV)","N14 _ N01 N01 N01 N01 N01 N01 _ BU~a _ N14 _ N01 _ N14 _ N14 N14 _ N14",21,4,-0.441991462094352,-0.458121302050172,-1.11504388143231,0.53983047316565,"Cuneiform (Uruk IV)"
"Cuneiform (Uruk IV)","N14 N14 _ AL",4,3,-0.951548465832795,-1.11912679049647,1.597512041256,0.680954224868403,"Cuneiform (Uruk IV)"
"Cuneiform (Uruk IV)","N01 N01 N01 _ UKKIN~a _ N14 N14",8,4,-0.219068228394026,-0.304789027000176,0.385518969416543,1.08416494401913,"Cuneiform (Uruk IV)"
"Cuneiform (Uruk IV)","N01 _ EZEN~a _ EN~a _ N01 _ USZ~a _ GI4~b",11,6,0.352544522144855,0.182709702386857,0.605881346114624,-0.730283292159142,"Cuneiform (Uruk III)"
"Cuneiform (Uruk IV)","ZATU720 _ N01 _ KU6~a _ UTUA~a _ N01 _ |MAH~axUDU~a| _ N01 _ GUKKAL~d _ NIMGIR",17,8,0.666395974298065,0.592888908479754,0.242931549200137,-0.730283292159142,"Cuneiform (Uruk III)"
"Cuneiform (Uruk IV)","N34 N34 N34 _ PAD~a _ UDU~a",7,4,-0.333314154284691,-0.334815410527474,0.731802704227814,0.680954224868403,"Cuneiform (Uruk IV)"
"Cuneiform (Uruk IV)","N08 _ N39~b _ N01 _ GAR _ N01 _ NUN~b _ UMBIN~a _ N01 _ |MAH~axX| _ N01",19,8,0.538788733346263,0.55664210636572,0.00278431515144876,-0.730283292159142,"Cuneiform (Uruk III)"
"Cuneiform (Uruk IV)","ZATU697~a _ NUN~a _ ZATU697~a _ KU6~a _ N24 _ KU6~a",11,5,0.02422746052643,-0.198542844087869,0.165156592718461,-0.730283292159142,"Cuneiform (Uruk III)"
"Cuneiform (Uruk IV)","N01 N01 _ ZATU639 _ UNUG~a _ ERIM~a _ GU4 _ LAGAR~a _ MASZ _ PA~a",16,9,1.11924646538265,1.25184798530676,0.688517237376407,-0.448035788753632,"Cuneiform (Uruk IV)"
"Cuneiform (Uruk IV)","N01 N01 N01 N01 N01 N01 N01 N01 _ N01 _ EN~a _ SZUBUR",14,4,-1.07811093701893,-0.197899937304916,-0.653332235017278,1.54940808150074,"Cuneiform (Uruk IV)"
"Cuneiform (Uruk IV)","NUN~a _ N01 _ DIN _ MUSZ3~a _ ZATU659",9,6,0.458802682370009,0.185171125267119,1.19351435064285,-0.730283292159142,"Cuneiform (Uruk IV)"
"Cuneiform (Uruk IV)","N01 N01 _ DUG~b _ TUR3~a",6,4,-0.196213340650796,-0.511578044491309,1.19351435064285,0.116459218057386,"Cuneiform (Uruk IV)"
"Cuneiform (Uruk IV)","N34 _ |SZITA~b1xHI@g~a|",3,3,-0.798127953617908,-1.46063427322558,2.80950511309546,-0.730283292159142,"Cuneiform (Uruk III)"
"Cuneiform (Uruk IV)","N34 _ N14 N14 N14 _ N14 _ ZATU644~a _ N01 N01 _ SZU2 _ N01 N01 _ NU@g _ N14 _ ME~a _ N14",25,8,0.627924748277513,0.667956069681628,-0.487116042307867,-0.0246645336453671,"Cuneiform (Uruk IV)"
"Cuneiform (Uruk IV)","N14 _ N01 N01 N01 N01 N01 _ GESZTU~b _ N14 _ N01 N01 N01 N01 _ N14 _ N01 N01 N01 N01 _ UKKIN~a _ N14 _ N14 _ TE _ N14 N14 _ NAM2 _ N01 N01 N01 N01 N01 N01 _ SZITA~a1 _ N01 N01 N01 N01 N01 N01 _ N01 N01 N01 N01 N01 _ N01 _ N14 N14 _ AB~a _ N01 N01 N01 N01 N01 _ MUSZ3~a _ N01 N01 N01 _ EN~a _ N01 _ ZATU630 _ N14 N14 N14 N14 _ ZATU693 _ N14 _ N01 N01 N01 _ NIR~b _ N14 _ KU6~a _ N01 N01 N01 N01 N01 N01 _ APIN~a _ DA~a _ N34 _ N14 N14 N14 N14 _ N34 N34 N34 N34 N34 _ ZATU758 _ KU6~a",130,19,0.877663261389456,1.30615754950036,-1.32991737841777,0.877871087709457,"Cuneiform (Uruk IV)"
"Cuneiform (Uruk IV)","N14 N14 _ N01 N01 N01 N01 N01 N01 N01 N01 _ UTUA~a _ N14 _ N01 N01 N01 N01 _ U8 _ N34 N34 N34 _ N14 N14 _ N01 N01 N01 _ N34 N34 _ N14 N14 N14 N14 _ N01 _ UD5~a _ U2~b _ N34 _ N01 N01 N01 N01 N01 _ GA2~b _ UTUA~b _ N34 _ N14 _ N01 N01 N01 N01 _ U8 _ GI6 _ N01 N01 N01 N01 N01 N01 N01 _ U8 _ N14 _ UDUNITA~a _ N01 N01 N01 N01 N01 _ UD5~b",94,13,0.68736615664386,0.610680775850093,-1.36800292175544,0.954096970099541,"Cuneiform (Uruk IV)"
"Cuneiform (Uruk IV)","N01 N01 _ AN _ MUSZ3~a _ KASKAL _ KUR~a _ DUB~b _ NAGA~a _ A _ IB~a _ NUN~c",20,11,1.38772377793234,1.69511345706817,0.627917583784435,-0.507456315786371,"Cuneiform (Uruk IV)"
"Cuneiform (Uruk IV)","N34 N34 N34 N34 N34 _ N01 N01 N01 N01 N01 _ SZU2 _ N14 _ ZATU644~a _ N14 _ ZATU753 _ N14 _ ME~a _ NESAG2~a _ N01 _ |ZATU662x1(N14)| _ N01 _ ZATU662 _ N14 N14 N14 N14 _ N01 N01 _ SZU2 _ N14 N14 N14 N14 _ N01 N01 _ N01 N01 _ ME~a _ ANSZE~c _ EN~b@t _ GIR3~a",64,14,1.36739257974772,1.26587414760995,-0.977973236402848,0.41214707876792,"Cuneiform (Uruk IV)"
"Cuneiform (Uruk IV)","N01 N01 N01 N01 N01 _ UD5~a _ SZUBUR _ N14 N14 _ N01 N01",15,5,-0.174852959757629,0.248337975678508,-0.422476411809765,1.08416494401913,"Cuneiform (Uruk IV)"
"Cuneiform (Uruk IV)","N01 N01 N01 N01 N01 N01 _ UDU~a _ N38 _ N01 _ N01 _ GI _ |U4.SZU2|",18,6,-0.0939329991742051,0.488345763479052,-0.422476411809765,0.514926281688695,"Cuneiform (Uruk IV)"
"Cuneiform (Uruk IV)","N07~a N07~a _ SAG _ BA _ EZINU~d _ N01 _ N07~a N07~a",13,6,0.298036808090868,0.303160246178454,0.199058496825859,-0.0246645336453671,"Cuneiform (Uruk IV)"
"Cuneiform (Uruk IV)","N01 N01 N01 N01 _ KASZ~b _ UDU~a _ ZATU762~a",10,5,0.0351810141401936,0.171986583287674,0.385518969416543,0.680954224868403,"Cuneiform (Uruk IV)"
"Cuneiform (Uruk IV)","N01 N01 N01 N01 N01 N01 N01 _ N01 _ GU4 _ |(DUBxDISZ)~a| _ N02 N02 N02 N02 N02 N02 _ UR~a _ TE _ NUN~a _ USZ~a",28,9,0.924887846158699,1.32281399865745,-0.480190367611644,0.994562561985636,"Cuneiform (Uruk IV)"
"Cuneiform (Uruk IV)","N01 _ MASZ _ SANGA~a _ UNUG~a _ DARA4~a2 _ GU4 _ GU4",13,7,0.589715203104136,0.455570072421424,0.571979442007226,-0.730283292159142,"Cuneiform (Uruk III)"
"Cuneiform (Uruk IV)","N07~a _ KU3~a _ ESZDA _ N08",7,5,0.182612656829972,-0.2454016875866,1.42437017385036,-0.730283292159142,"Cuneiform (Uruk IV)"
"Cuneiform (Uruk IV)","N01 N01 N01 _ USZ~a _ N01 _ N01 N01 N01 N01 _ ZATU697~b",14,4,-0.91247102008594,-0.550572848054813,-0.653332235017278,0.898067689026491,"Cuneiform (Uruk IV)"
"Cuneiform (Uruk IV)","N01 N01 _ SZE~a _ MAR~a _ UDUNITA~a _ KISAL~b1 _ A _ EN~a",14,8,0.956502873501984,0.992753072609625,0.731802704227814,-0.404613095922016,"Cuneiform (Uruk IV)"
"Cuneiform (Uruk IV)","N01 N01 _ GURUSZDA _ UDUNITA~a _ N57 _ NIMGIR _ UNUG~a",12,7,0.765399354486732,0.700055599881039,0.789516660029694,-0.345400332969811,"Cuneiform (Uruk IV)"
"Cuneiform (Uruk IV)","N34 N34 N34 N34 N34 N34 N34 N34 N34 _ N45 _ N14 N14 N14 N14 N14 N14 N14 _ N01 N01 N01 _ N36 N36 N36 N36 N36 _ N46 _ N14 N14 _ N01 N01 N01 _ N36 _ N46 N46 _ N04 _ N46 _ N19 _ N01 N01 _ GI _ N36 N36 _ N46 _ N19 N19 _ GI _ N36 N36 _ N46 _ N01 _ N36 _ N14 N14 N14 N14 N14 N14 N14 N14 _ N01 _ DA~c _ U4",88,12,1.56550793671956,0.796668310677551,-1.37738004416813,0.97293440080514,"Cuneiform (Uruk IV)"
"Cuneiform (Uruk IV)","N01 N01 N01 N01 N01 _ ZATU651 _ AN _ DUG~a _ U8 _ DIN _ BAR",17,8,0.840116181942155,1.15532211669769,0.242931549200137,0.328144845611518,"Cuneiform (Uruk IV)"
"Cuneiform (Uruk IV)","N01 _ SAL _ N01 N01 N01 _ GURUSZ~a _ SUKKAL _ UNUG~a _ KUR~a _ MAGUR~a",17,8,0.783599695199135,0.994941947092975,0.242931549200137,-0.201069223273812,"Cuneiform (Uruk IV)"
"Cuneiform (Uruk IV)","N09 _ BAR _ LAM~b _ BA _ SZUBUR _ SZESZ~a _ N09",13,7,0.589715203104136,0.553924564958313,0.571979442007226,-0.730283292159142,"Cuneiform (Uruk III)"
"Cuneiform (Uruk IV)","N01 _ SUHUR _ NESAG2~a _ LAL2~a",7,5,0.182612656829972,-0.2454016875866,1.42437017385036,-0.730283292159142,"Cuneiform (Uruk IV)"
"Cuneiform (Uruk IV)","N01 _ KISAL~b1 _ BU~a _ GURUSZDA _ BU~a _ PAP~a _ NIM~a _ DUG~b _ TUR",17,9,0.95902074688031,1.01624714829778,0.528106389632948,-0.730283292159142,"Cuneiform (Uruk III)"
"Cuneiform (Uruk IV)","N14 _ KAB _ UNUG~a _ UDUNITA~a _ EN@g~a",9,6,0.458802682370009,0.185171125267119,1.19351435064285,-0.730283292159142,"Cuneiform (Uruk IV)"
"Cuneiform (Uruk IV)","N14 N14 N14 N14 _ NUN~b _ SZITA~a1",8,4,-0.500112506107456,-0.271447660776775,0.385518969416543,1.08416494401913,"Cuneiform (Uruk IV)"
"Cuneiform (Uruk IV)","N01 _ U4 _ N01 _ GI6 _ N01 _ DUB~b _ N01 _ IB~a _ N01 N01 N01 N01 N01 N01 N01 N01",24,6,-0.423402250000013,0.00153681332530125,-0.826474102422916,0.558237919039924,"Cuneiform (Uruk IV)"
"Cuneiform (Uruk IV)","N01 _ KUSZU2~a _ |EZEN~axEN~b| _ DARA3~a",7,5,0.182612656829972,-0.2454016875866,1.42437017385036,-0.730283292159142,"Cuneiform (Uruk IV)"
"Cuneiform (Uruk IV)","N01 N01 _ NESAG2~a _ UNUG~a _ |MAxMA|",8,5,0.232367731331313,-0.0318591858589077,0.991515505336272,-0.12546721343305,"Cuneiform (Uruk IV)"
"Cuneiform (Uruk IV)","N14 _ N01 N01 N01 N01 N01 N01 N01 _ LAGAR~a _ GESZTU~b",13,5,-0.368245370426086,-0.192499440738134,-0.173862448355513,1.38657298338218,"Cuneiform (Uruk IV)"
"Cuneiform (Uruk IV)","N01 N01 _ AN _ SIG2~e _ NIMGIR",8,5,0.232367731331313,-0.0318591858589077,0.991515505336272,-0.12546721343305,"Cuneiform (Uruk IV)"
"Cuneiform (Uruk IV)","N01 N01 N01 N01 N01 _ N58 N58 N58 _ UDUNITA~a _ N01 N01 N01 N01 N01 _ MASZ _ UNUG~a _ ZATU762~b _ GURUSZDA",25,8,0.563163771378127,0.900812166544197,-0.487116042307867,1.03376360412529,"Cuneiform (Uruk IV)"
"Cuneiform (Uruk IV)","N14 N14 _ N01 _ LAGAR~a",6,4,-0.196213340650796,-0.511578044491309,1.19351435064285,0.116459218057386,"Cuneiform (Uruk IV)"
"Cuneiform (Uruk IV)","N01 N01 N01 N01 _ UDU~a _ N01 N01 _ SILA4~c _ N01 N01 N01 N01 _ NESAG2~a",18,5,-0.627544992190534,-0.205871163723968,-0.691808205551864,1.01301011122783,"Cuneiform (Uruk IV)"
"Cuneiform (Uruk IV)","N01 _ BU~a _ |EZEN~axRAD~a| _ DUB~b",7,5,0.182612656829972,-0.2454016875866,1.42437017385036,-0.730283292159142,"Cuneiform (Uruk IV)"
"Cuneiform (Uruk IV)","N01 N01 _ AB2 _ NUN~a _ ZATU639 _ LAM~b _ NIMGIR _ GU4 _ N01 _ AB2 _ BA _ N01 _ AB2 _ SZE~b _ UNUG~a _ N01 N01 N01 N01 _ AB2 _ GU4 _ ZATU639 _ UNUG~a",41,11,1.03481301392143,0.792740135608235,-0.737791682532225,-0.306912037050878,"Cuneiform (Uruk III)"
"Cuneiform (Uruk IV)","N07~a N07~a _ N09 _ SAG _ URU~b1 _ BA _ NAM2 _ N01 _ N07~a _ N09",18,8,0.784349454565023,0.798779049638929,0.116187175674438,-0.481241377389575,"Cuneiform (Uruk IV)"
"Cuneiform (Uruk IV)","N07~a _ N09 _ ZATU651 _ TUR _ SAG _ BA _ EN~a _ N01 _ N07~a N07~a _ N09",20,9,0.958418337347308,0.950087323387713,0.143120355048651,-0.507456315786371,"Cuneiform (Uruk IV)"
"Cuneiform (Uruk IV)","N01 N01 N01 _ MASZ _ N01 N01 N01 N01 _ TUR _ ZATU631",14,5,-0.351592080455363,-0.0822578798430541,-0.307048500206006,0.898067689026491,"Cuneiform (Uruk IV)"
"Cuneiform (Uruk IV)","|(DUBxDISZ)~a| _ N01 N01 N01 _ GAL~a _ TE _ N01 _ |SZE~a.NAM2| _ SZE~a _ N01 _ GAL~a _ ZATU693 _ N01 _ DI _ N01 N01 _ MAR~a _ SZIM~a _ N01 _ SZUBUR _ NAM2 _ N01 _ GA~a _ SZE~a _ N01 _ NIM~b2 _ N01 _ |ZATU762~axNIM~a| _ N01 _ N01 _ |1(N58).BAD~a| _ SZE~a _ N01 _ KAB _ USZ~a _ N01 _ GAL~a _ NIM~a _ N01 _ GA2~b _ SZE~a _ N01 N01 N01 N01 _ |ZATU737xSZE~a| _ N01 N01 N01 N01 N01 N01 N01 N01 N01 _ SZE~a _ N01 N01 N01 N01 N01 _ GAL~a _ N14 _ N01 N01 N01 N01 N01 N01 N01 N01 _ |DARA3~cx(KAR2.SZE~a)| _ SU~a _ NUN~a",122,26,1.14330280957896,1.71652450357788,-1.00529275236644,0.144450705998429,"Cuneiform (Uruk IV)"
"Cuneiform (Uruk IV)","N07~a _ APIN~a _ NAM2 _ N08",7,5,0.182612656829972,-0.2454016875866,1.42437017385036,-0.730283292159142,"Cuneiform (Uruk IV)"
"Cuneiform (Uruk IV)","N34 _ ZATU694~d _ N14 N14 N14 N14 N14 _ ZATU694~b _ N14 _ ZATU693 _ N34 N34",18,6,0.280792704443691,0.286811847383796,-0.422476411809765,0.514926281688695,"Cuneiform (Uruk IV)"
"Cuneiform (Uruk IV)","N01 _ NUN~a _ A _ AB2 _ RAD~b _ AN",11,7,0.68086158376328,0.546807092046849,1.04660609951079,-0.730283292159142,"Cuneiform (Uruk IV)"
"Cuneiform (Uruk IV)","N01 N01 N01 N01 N01 N01 _ BA _ SUKKAL _ N01 _ GURUSZ~a",14,5,-0.351592080455363,0.194488254449444,-0.307048500206006,0.898067689026491,"Cuneiform (Uruk IV)"
"Cuneiform (Uruk IV)","N14 N14 _ N01 N01 N01 N01 _ |1(N58).BAD~b| _ N01 N01 _ MA2",14,5,-0.0753507487273593,-0.136014661930294,-0.307048500206006,0.898067689026491,"Cuneiform (Uruk IV)"
"Cuneiform (Uruk IV)","N14 _ N01 _ GU4 _ |(DUBxDISZ)~b| _ MUSZ3~a _ TE _ NUN~a _ DA~a",15,9,1.02897626617661,1.13237844331917,0.870316198152326,-0.730283292159142,"Cuneiform (Uruk IV)"
"Cuneiform (Uruk IV)","N01 _ AMAR _ RAD~b _ |GIxLAGAB~a| _ AN",9,6,0.458802682370009,0.185171125267119,1.19351435064285,-0.730283292159142,"Cuneiform (Uruk IV)"
"Cuneiform (Uruk IV)","N01 N01 N01 N01 N01 _ SZITA~a3 _ SUHUR _ UNUG~a _ NESAG2~a",13,6,0.298036808090868,0.569029678596431,0.199058496825859,0.680954224868403,"Cuneiform (Uruk IV)"
"Cuneiform (Uruk IV)","N01 _ DUG~b _ N34 _ N14 _ SZE3 _ N14 N14 N14 N14 _ SZE3 _ MASZ _ NUN~a",20,8,0.74846197683223,0.576347175443395,-0.0992782593192406,-0.0618023630408314,"Cuneiform (Uruk IV)"
"Cuneiform (Uruk IV)","N01 _ UNUG~a _ GU4 _ AN _ UTUL~a",9,6,0.458802682370009,0.185171125267119,1.19351435064285,-0.730283292159142,"Cuneiform (Uruk IV)"
"Cuneiform (Uruk IV)","N14 N14 N14 N14 _ N01 N01 N01 N01 N01 N01 N01 _ GIR~b _ BA",16,5,-0.0945392749366575,0.10849019762064,-0.523475834463051,1.80994423849044,"Cuneiform (Uruk IV)"
"Cuneiform (Uruk IV)","N01 N01 _ MASZ _ UNUG~a _ ERIM~a _ GURUSZDA",10,6,0.532643127529984,0.363657363221955,0.870316198152326,-0.259870786483293,"Cuneiform (Uruk IV)"
"Cuneiform (Uruk IV)","N01 N01 N01 N01 N01 N01 N01 _ BA _ N01 _ GU4 _ N02 N02 N02 N02 N02 N02 _ USZ~a _ DUB~b _ NUN~a _ TE _ ERIN _ N01 N01 N01 N01 N01 N01 N01 N01 _ TUR",41,11,0.836407007247899,1.12623164636828,-0.737791682532225,1.17488735582805,"Cuneiform (Uruk IV)"
"Cuneiform (Uruk IV)","N01 N01 N01 N01 N01 N01 _ NUN~b _ N01 N01 N01 N01 N01 _ UTUA~a _ N01 N01 N01 N01 N01 N01 N01 _ N01 N01 N01 N01 N01 _ UD5~a _ N01 N01 _ ESZGAR _ N01 _ U8 _ GURUSZ~a _ N14 N14 _ N01 N01 N01 N01 N01 N01",53,9,-0.475443055364599,0.460923992019923,-1.21522659716387,1.38657298338218,"Cuneiform (Uruk IV)"
"Cuneiform (Uruk IV)","N01 N01 N01 N01 N01 N01 N01 _ BA _ N01 _ GI _ UMBIN~c _ GI@t _ TE _ N01 N01 N01 N01 N01 N01 _ BAR",28,8,0.0353530278806342,0.615573281517914,-0.653332235017278,0.994562561985636,"Cuneiform (Uruk IV)"
"Cuneiform (Uruk IV)","N01 _ ZATU662 _ N01 N01 N01 N01 _ ZATU644~a _ SIG7 _ N14 N14 _ N01 N01 N01 N01 N01 N01 _ DUR~a",24,7,0.126922092144051,0.184356295359357,-0.624475257116338,0.926386836525369,"Cuneiform (Uruk IV)"
"Cuneiform (Uruk IV)","N14 _ N01 _ N01 N01 N01 N01 N01 N01 N01 N01 _ U8 _ BANSZUR~a _ N01 N01 _ DA~d _ N01 N01 N01 _ N58 _ N01 _ NUN~b _ N34 _ N01 N01 _ LAGAR~a _ TE _ SANGA~a",42,12,0.569881200022914,1.2876360312709,-0.653332235017278,0.405590806911809,"Cuneiform (Uruk IV)"
"Cuneiform (Uruk IV)","EN~a _ N01 _ SAL _ N01 _ LAGAR~b1 _ N01 _ ZATU621~a _ N01 _ URU~b2 _ GU4",19,8,0.538788733346263,0.559756779296362,0.00278431515144876,-0.730283292159142,"Cuneiform (Uruk III)"
"Cuneiform (Uruk IV)","N34 N34 N34 _ N14 N14 _ N01 N01 N01 N01 _ UTUA~a _ N34 N34 _ N01 N01 N01 N01 N01 N01 N01 _ UDUNITA~a _ N34 _ N14 _ N01 N01 N01 N01 N01 N01 N01 N01 N01 _ NUN~b _ N14 N14 N14 N14 _ N01 _ N14 _ N01 N01 N01 _ U2~b _ ZATU752 _ SZUBUR _ MASZ _ N14 _ N34 N34 N34 N34 N34 N34 N34 _ N14 N14 N14 N14 _ N01 N01 N01 N01 _ U2~b _ BAR",87,12,0.857923375480261,0.458228176983438,-1.36978134152336,1.14042690483086,"Cuneiform (Uruk IV)"
"Cuneiform (Uruk IV)","N14 _ GA~a _ UDUNITA~a _ KAB",7,5,0.182612656829972,-0.2454016875866,1.42437017385036,-0.730283292159142,"Cuneiform (Uruk IV)"
"Cuneiform (Uruk IV)","N07~a _ BA _ EZINU~d _ SIMUG _ N08",9,6,0.458802682370009,0.185171125267119,1.19351435064285,-0.730283292159142,"Cuneiform (Uruk IV)"
"Cuneiform (Uruk IV)","N14 _ MA _ TE _ IB~a _ NESAG2~a _ UMBIN~a _ SZEG9",13,8,0.867521947550509,0.858492496060463,0.944900387188598,-0.730283292159142,"Cuneiform (Uruk IV)"
"Cuneiform (Uruk IV)","N01 _ KUR~a _ URUDU~a _ ERIM~a _ N01 _ SAL _ SU~a _ RAD~b _ N01 _ URU~a2 _ BA _ EN~b _ MAGUR~a",25,12,1.27471463155935,1.65378221417547,0.288559523669386,-0.730283292159142,"Cuneiform (Uruk III)"
"Cuneiform (Uruk IV)","N07~a _ N09 _ SIG7 _ BA _ ESZDA _ N07~a N07~a N07~a _ N09",15,6,0.323738128375358,0.120458972016466,-0.0992782593192406,-0.12546721343305,"Cuneiform (Uruk IV)"
"Cuneiform (Uruk IV)","N45 _ N34",3,3,-0.798127953617908,-1.46063427322558,2.80950511309546,-0.730283292159142,"Cuneiform (Uruk III)"
"Cuneiform (Uruk IV)","N01 _ SZAM2 _ |GA2~a1x1(N14)| _ N01 _ ZATU665 _ EN~a _ |GA2~a1x1(N14)|",13,6,0.31190845865778,0.147487665786048,0.199058496825859,-0.730283292159142,"Cuneiform (Uruk III)"
"Cuneiform (Uruk IV)","N01 N01 N01 N01 N01 N01 N01 _ URUDU@g~a _ N01 N01 N01 N01 N01 N01 N01 N01",18,3,-2.21002240037346,-0.988915042281045,-1.23047179303607,2.50726159984523,"Cuneiform (Uruk IV)"
"Cuneiform (Uruk IV)","|SILA3~axSUHUR| _ |SILA3~axX| _ ZATU720 _ ZATU720 _ N01 _ |MAH~ax(SILA3~axUMBIN~a)| _ N01 _ |MAH~axZATU659| _ N01 _ |SILA3~axSZE~a@t| _ N01 _ |SILA3~ax(ZATU659.TU~c)| _ AMA~a _ LAM~b",27,11,1.03986905868693,1.25036603797295,-0.0633673534869625,-0.730283292159142,"Cuneiform (Uruk III)"
"Cuneiform (Uruk IV)","AN _ N14 N14 _ N01 N01 _ SILA4~c _ SU~b _ N01 N01 _ U8 _ N01 _ ESZGAR _ N01 N01 _ TUG2~a",25,9,0.762148616734051,0.720753654763162,-0.293197150813554,-0.0246645336453671,"Cuneiform (Uruk IV)"
"Cuneiform (Uruk IV)","N01 _ ZAR~c _ |NUN~a+EN~a| _ UKKIN~a _ N02 N02 _ ZAR~c _ GAL~a _ N02 _ NAM2 _ N02 _ N01 N01 N01 _ N02 _ ZATU753 _ N57 _ ZATU625 _ N01 _ BAN~a _ N02",38,12,1.13051988146081,1.41579566938728,-0.507528557202003,-0.38700930153082,"Cuneiform (Uruk IV)"
"Cuneiform (Uruk IV)","N34 _ GAL~a _ SANGA~a",5,4,-0.189654408030558,-0.776440117465328,1.83991065562389,-0.730283292159142,"Cuneiform (Uruk IV)"
"Cuneiform (Uruk IV)","N01 N01 N01 _ LAL2~a _ MASZ _ IB~a _ GUM~a",11,6,0.492859514278051,0.489907450175376,0.605881346114624,0.116459218057386,"Cuneiform (Uruk IV)"
"Cuneiform (Uruk IV)","N14 _ N14 N14 N14 _ N45 N45 _ N14 N14 N14",12,3,-1.16023556484085,-0.883464831104255,-0.826474102422916,1.19413150378751,"Cuneiform (Uruk IV)"
"Cuneiform (Uruk IV)","N07~a _ N09 _ EN~a _ NUN~a _ N07~a N07~a _ N09 _ BA",14,6,0.34320938695194,-0.0222288356976261,0.0392352346052708,-0.404613095922016,"Cuneiform (Uruk III)"
"Cuneiform (Uruk IV)","N07~a N07~a _ PAP~a _ BA _ N07~a N07~a N07~a",10,4,-0.616627590596146,-0.532829813466824,-0.0992782593192406,0.680954224868403,"Cuneiform (Uruk IV)"
"Cuneiform (Uruk IV)","N34 N34 N34 _ N45 N45 _ NESAG2~a",8,4,-0.219068228394026,-0.279023316542925,0.385518969416543,1.08416494401913,"Cuneiform (Uruk IV)"
"Cuneiform (Uruk IV)","N01 N01 _ BA _ N01 N01 N01 N01 N01 _ BAN~a _ KU6~a _ N01 N01 N01 N01 N01 _ N57 _ KU6~a _ N01 N01 _ EN~b _ N01 _ N01 _ ZATU729 _ N01 _ SZESZ~b _ DI _ N01 N01 _ U4 _ ZATU697~a _ USZ~a _ N01 _ AB~a _ N01 _ GURUSZ~a _ |USZ~a&USZ~a| _ N14 N14 _ N01 N01 N01 N01 N01 N01 N01 _ |USZ~a&USZ~a| _ GURUSZ~a",75,17,0.91317159649708,1.58304732406199,-0.939593455794597,0.299538679725824,"Cuneiform (Uruk IV)"
"Cuneiform (Uruk IV)","N01 N01 N01 _ N01 N01 N01 _ U4 _ N01 N01 N01 _ N01 N01 N01 _ BU~a _ N01 N01 N01 _ N01 N01 N01 _ APIN~a _ N01 N01 N01 _ UR~a@g _ N01 N01 _ SI4~a _ N01 N01 _ N01 _ N01 N01 _ N01 N01 _ KA~a _ N01 N01 _ KA~a _ N01 _ EN~a _ ERIM~a _ N01 _ SAG@n _ N01 N01 _ MUSZEN _ N01 N01 _ KA~a _ N01 N01 _ A _ EN~a _ N01 N01 _ BU~a _ N01 _ KU3~a _ N01 N01 _ N01 _ N01 N01 _ N01 N01 _ N01 _ N01 N01",110,14,-0.147906032908435,0.524288507810511,-1.42145251950774,0.318434495723716,"Cuneiform (Uruk IV)"
"Cuneiform (Uruk IV)","N01 _ UNUG~a _ BA _ AN _ KUR~a _ ERIM~a _ DUB~b _ URUDU~a",15,9,1.02897626617661,1.13237844331917,0.870316198152326,-0.730283292159142,"Cuneiform (Uruk IV)"
"Cuneiform (Uruk IV)","N14 _ N01 N01 N01 N01 N01 _ NUN~a _ EN~a _ N14 _ N01 N01 N01 _ ERIN _ N01 N01 N01 _ ERIN _ N34",27,7,0.205390925596905,0.00479900174972044,-0.781585470132567,0.572397492789364,"Cuneiform (Uruk IV)"
"Cuneiform (Uruk IV)","N01 N01 N01 N01 _ NESAG2~a _ GU4 _ GAR3",10,5,0.0351810141401936,0.171986583287674,0.385518969416543,0.680954224868403,"Cuneiform (Uruk IV)"
"Cuneiform (Uruk IV)","N14 N14 _ N58 N58 N58 _ URU~b2 _ NAM2 _ GURUSZDA _ GAR3",14,7,0.846255379683041,0.795192442170007,0.385518969416543,0.246727296552238,"Cuneiform (Uruk IV)"
"Cuneiform (Uruk IV)","N01 _ URU~a1 _ N01 _ N01 _ NAM2 _ N01 _ N01 _ |SZE~a.NAM2| _ N01 _ ZATU753 _ PAP~a",21,7,0.0811314927364641,0.288629747518813,-0.422476411809765,-0.730283292159142,"Cuneiform (Uruk III)"
"Cuneiform (Uruk IV)","N01 _ BU~a _ UTUA~a _ N14 _ NUN~b",9,6,0.458802682370009,0.185171125267119,1.19351435064285,-0.730283292159142,"Cuneiform (Uruk IV)"
"Cuneiform (Uruk IV)","N01 _ ESZGAR _ N01 _ NUN~b _ GA~a _ N01 N01 _ UTUA~a _ N01 _ N08 _ U8 _ ZATU767 _ N34 _ N14 _ N01 N01 N01 N01 N01 _ NUN~b _ N14 _ N01 _ GUKKAL~a",40,12,0.914530136205272,1.12992113463232,-0.584075488055024,-0.187499631763932,"Cuneiform (Uruk IV)"
"Cuneiform (Uruk IV)","N34 _ U2~b _ GUKKAL~a _ N01 _ NIMGIR _ N14 _ MUSZ3~a _ NUN~b _ N14 _ UTUA~a _ IB~a _ N14 _ GESZTU~a _ N01 N01 N01 N01 N01 N01 _ MUSZ3~a _ N34",36,12,1.31102695363124,1.2444602767843,-0.422476411809765,-0.12546721343305,"Cuneiform (Uruk IV)"
"Cuneiform (Uruk IV)","N01 N01 N01 _ SAL _ N01 N01 N01 N01 N01 N01 N01",13,3,-1.87019489299987,-1.01778690142727,-0.919704338718258,2.09219174189595,"Cuneiform (Uruk IV)"
"Cuneiform (Uruk IV)","N01 N01 N01 N01 N01 _ ZATU753 _ ZATU753",9,3,-1.06798191795983,-0.728688641017045,-0.422476411809765,1.38657298338218,"Cuneiform (Uruk IV)"
"Cuneiform (Uruk IV)","|MAH~axMASZ| _ N01 N01 _ SZITA@g~a _ AB2 _ N01 N01 _ SZITA@g~a _ N01 N01 _ N01 N01 _ N01 N01 N01",23,5,-0.520668372904502,-0.713422563682981,-0.984560155271541,0.424365585408852,"Cuneiform (Uruk IV)"
"Cuneiform (Uruk IV)","N01 N01 N01 N01 N01 N01 _ ZATU688~b _ N01 _ N01 N01 N01 N01 N01 N01 _ N14 N14 _ N01 N01 _ N01@r _ GA~a _ N01 _ DU",31,7,-0.220469154760221,0.456787323349896,-0.943763754536413,0.963201728273914,"Cuneiform (Uruk IV)"
"Cuneiform (Uruk IV)","N45 _ N54 N54 _ N57 N57 _ SUKUD@g~c _ N34",11,6,0.616780737559452,0.299319559083844,0.605881346114624,0.116459218057386,"Cuneiform (Uruk IV)"
"Cuneiform (Uruk IV)","N01 N01 N01 N01 N01 _ GISZ _ EN~a",9,4,-0.666705509315088,-0.232941833292041,0.116187175674438,1.38657298338218,"Cuneiform (Uruk IV)"
"Cuneiform (Uruk IV)","|GA2~a1xSUHUR| _ KUSZU2~a",3,3,-0.798127953617908,-1.46063427322558,2.80950511309546,-0.730283292159142,"Cuneiform (Uruk III)"
"Cuneiform (Uruk IV)","N14 _ N01 N01 N01 _ SZITA~a3 _ AN _ N14",11,5,0.164542452659626,-0.0155491219397004,0.165156592718461,0.116459218057386,"Cuneiform (Uruk IV)"
"Cuneiform (Uruk IV)","N14 N14 _ N01 _ UTUA~a _ N14 _ N01 N01 N01 N01 N01 N01 N01 N01 _ UD5~a _ ESZGAR _ N01 N01 _ U8 _ N14 _ N01 N01 N01 N01 _ GUKKAL~a _ N01 _ UDUNITA~a _ N01 N01 N01 N01 N01 N01 N01 N01 N01 _ N34 _ N01 N01 N01 N01 N01 _ NUN~a",59,11,0.0854490175333899,0.452968081420494,-1.13460793424651,1.02159776346126,"Cuneiform (Uruk IV)"
"Cuneiform (Uruk IV)","|NUN~a+A| _ |GA2~a1xSUHUR| _ BU~b",5,4,-0.189654408030558,-0.776440117465328,1.83991065562389,-0.730283292159142,"Cuneiform (Uruk IV)"
"Cuneiform (Uruk IV)","NUN~b _ N14 N14 _ N01 N01 N01 N01 N01 N01 N01 _ |MAH~axX| _ N01 _ N01 _ NESAG2~a _ N14 _ N01 _ N01 _ MAH~a",28,7,0.117582259023303,0.207830101019494,-0.826474102422916,0.367345887751171,"Cuneiform (Uruk IV)"
"Cuneiform (Uruk IV)","GURUSZDA _ A _ BU~a",5,4,-0.189654408030558,-0.776440117465328,1.83991065562389,-0.730283292159142,"Cuneiform (Uruk IV)"
"Cuneiform (Uruk IV)","N34 N34 N34 _ N14 _ N01 _ UDU~a _ N34 _ N14 _ N01",15,5,0.0829722831885163,-0.239212001704565,-0.422476411809765,-0.12546721343305,"Cuneiform (Uruk IV)"
"Cuneiform (Uruk IV)","N14 N14",2,1,-3.66016422418483,-2.76954529926987,0.385518969416543,3.5034292589235,"Cuneiform (Uruk IV)"
"Cuneiform (Uruk IV)","N34 N34 N34 N34 N34 N34 _ N14 N14 N14 N14 _ N01 N01 N01 N01 N01 N01 _ TE",20,5,0.191859763506167,0.270937892362287,-0.826474102422916,2.16646740068687,"Cuneiform (Uruk IV)"
"Cuneiform (Uruk IV)","N01 N01 N01 _ NESAG2~a",5,3,-1.18457863481016,-0.901619329582531,0.870316198152326,1.38657298338218,"Cuneiform (Uruk IV)"
"Cuneiform (Uruk IV)","N01 N01 N01 _ ERIM~a _ KASZ~b _ |AB~axA@t|",9,5,0.155884136571047,0.115627118535335,0.654850763158647,0.328144845611518,"Cuneiform (Uruk IV)"
"Cuneiform (Uruk IV)","N01 N01 N01 N01 _ N01 N01 N01",8,2,-2.67862607983131,-1.3164439369205,-0.826474102422916,2.29379710147131,"Cuneiform (Uruk IV)"
"Cuneiform (Uruk IV)","N14 N14 N14 N14 _ N01 N01 N01 N01 _ BU~a _ N01 N01 _ N01 N01 N01 N01 _ PA~a _ BAR _ N34 N34 _ N01 N01 N01 _ N01 N01",33,7,0.133666481065905,0.28536560019276,-1.01010941633799,1.12196594893951,"Cuneiform (Uruk IV)"
"Cuneiform (Uruk IV)","N01 N01 _ BU~a _ N01 _ AB~a _ SAL _ N01 N01 N01 N01 N01",16,5,-0.456056924342319,-0.151958390219342,-0.523475834463051,0.680954224868403,"Cuneiform (Uruk IV)"
"Cuneiform (Uruk IV)","N01 _ N01",3,2,-2.00195717955215,-2.02592508768236,1.19351435064285,-0.730283292159142,"Cuneiform (Uruk III)"
"Cuneiform (Uruk IV)","N01 N01 N01 _ U4 _ GU4 _ UNUG~a _ APIN~a _ |USZ~a&USZ~a| _ N14 _ N01 N01 _ APIN~a _ GU4 _ |USZ~a&USZ~a| _ MUSZ3~a",26,9,0.961709666283925,0.809826627499261,-0.360322920946202,-0.222237786029225,"Cuneiform (Uruk IV)"
"Cuneiform (Uruk IV)","N01 N01 N01 N01 N01",5,1,-3.66016422418483,-2.08221320810274,-1.06887271679081,3.5034292589235,"Cuneiform (Uruk IV)"
"Cuneiform (Uruk IV)","EN~a _ NUN~a",3,3,-0.798127953617908,-1.46063427322558,2.80950511309546,-0.730283292159142,"Cuneiform (Uruk III)"
"Cuneiform (Uruk IV)","N01 N01 _ SAL _ N01 _ KUR~a _ N01 N01 _ SAL _ N01 _ KUR~a _ SILA4~b _ DIM~b _ N01 N01 N01 N01 N01 _ SAL _ N01 N01 _ KUR~a _ NUN~a _ GA~a _ N14 _ N01 N01 N01 _ |SAL.KUR~a| _ BU~a _ DIM~b _ A _ ZATU758",54,13,0.925978857181568,1.1097929410685,-0.871362734713265,-0.0113509721639765,"Cuneiform (Uruk IV)"
"Cuneiform (Uruk IV)","N01 N01 N01 N01 N01 _ MASZ _ MAR~a _ BU~a _ GURUSZDA _ N01 N01 _ UDUNITA~a _ MUSZ3~a _ N01 N01 N01 N01 N01 _ NUN~b _ NUN~a _ ZATU753",32,11,0.793629719495746,1.2787376320724,-0.371976700483119,0.498859061380978,"Cuneiform (Uruk IV)"
"Cuneiform (Uruk IV)","N01 N01 N01 N01 _ BA _ N01 _ GI _ TE _ PIRIG~a1 _ DA~a _ N01 N01 N01 N01 N01 _ DA~a _ TE _ PIRIG~a1",28,7,0.3490627775281,0.232243868518639,-0.826474102422916,0.367345887751171,"Cuneiform (Uruk IV)"
"Cuneiform (Uruk IV)","N01 _ AB~a _ N01 N01 N01 N01 N01 _ |URU~a2x1(N58)| _ N01 _ U4 _ PAP~a _ N01 _ KISAL~b1 _ N01 _ N01 _ GESZTU~b _ N01 _ BU~a _ NUN~a _ N01 _ N01 _ |1(N58).BAD~a| _ N01 _ |SAGxGESZTU~a| _ N01 N01 _ N01 _ AN _ N01 _ N01 N01 _ GESZTU~b _ BU~a _ N01 _ SAG _ N01 _ GA2~a4 _ N01 N01 _ UMUN2 _ PAP~a",74,16,0.658868625709393,1.45557568850728,-0.99025694996879,-0.324310855753957,"Cuneiform (Uruk IV)"
"Cuneiform (Uruk IV)","N01 N01 N01 N01 N01 N01 N01 _ GU4 _ N01 _ AMAR _ N01 _ GU4 _ N01 _ GU4 _ N01 _ PA~a _ N01 _ NUN~a _ SANGA~a _ GU4 _ N01 _ AB~a _ AB2 _ N01 _ PA~a _ AB2 _ N01 _ N08 _ N01 _ N08 _ U2~b _ AB2 _ N01 _ MAR~a _ GU4 _ |MAH~axX| _ GU4 _ N01 _ SZUM _ GU4 _ N01 _ GU4 _ UR3~a1 _ N01 _ KU6~a _ NUN~a _ N01 _ EN~b _ SAL _ N01 _ ZATU693 _ N01 _ NUN~a _ N01 _ GISAL~b _ N01 N01 _ SANGA~a _ NUN~a _ GU4 _ N14 _ N01 N01 N01 N01 _ GU4 _ N01 N01 N01 N01 _ AB2 _ N01 N01 N01 N01 _ AMAR _ BA _ N01 N01 N01 N01 N01 N01 _ GU4",146,22,1.0185115732015,1.3914812757742,-1.30795080219476,-0.117124922691999,"Cuneiform (Uruk IV)"
"Cuneiform (Uruk IV)","N01 _ UDU~a _ N28 _ N14 _ SZE~a _ ZATU689 _ N01 _ N01 _ GUKKAL~a",17,8,0.666395974298065,0.658392998003839,0.242931549200137,-0.730283292159142,"Cuneiform (Uruk III)"
"Cuneiform (Uruk IV)","N14 _ N01 _ MUSZ3~a _ KID~d _ N01 _ MUSZ3~a _ N34 _ SUHUR",15,7,0.547444575802913,0.180426194818878,0.223919893171283,-0.730283292159142,"Cuneiform (Uruk III)"
"Cuneiform (Uruk IV)","N01 N01 N01 N01 N01 N01 N01 N01 N01 _ EN~b _ N01 _ N01 _ SI4~a _ N01",19,4,-1.1814070854745,-0.176075967949871,-1.01784142955546,1.15136673054425,"Cuneiform (Uruk IV)"
"Cuneiform (Uruk IV)","N01 N01 _ N01 N01 _ GI",7,3,-1.17043442564327,-1.02432983963027,0.0392352346052708,0.680954224868403,"Cuneiform (Uruk IV)"
"Cuneiform (Uruk IV)","N14 N14 _ SUHUR _ UB",6,4,-0.196213340650796,-0.511578044491309,1.19351435064285,0.116459218057386,"Cuneiform (Uruk IV)"
"Cuneiform (Uruk IV)","NAM2@t _ KAB _ UNUG~a _ ZATU818",7,5,0.182612656829972,-0.2454016875866,1.42437017385036,-0.730283292159142,"Cuneiform (Uruk IV)"
"Cuneiform (Uruk IV)","N34 _ N14 N14 _ SZITA~a1 _ N34",8,4,-0.219068228394026,-0.566847377251051,0.385518969416543,-0.12546721343305,"Cuneiform (Uruk IV)"
"Cuneiform (Uruk IV)","N01 N01 _ UD5~a _ LAGAR~c _ PA~a",8,5,0.232367731331313,-0.0318591858589077,0.991515505336272,-0.12546721343305,"Cuneiform (Uruk IV)"
"Cuneiform (Uruk IV)","N01 N01 N01 _ SAL",5,3,-1.18457863481016,-0.901619329582531,0.870316198152326,1.38657298338218,"Cuneiform (Uruk IV)"
"Cuneiform (Uruk IV)","N01 N01 N01 _ |DUG~bxHI@g~a| _ URU~c",7,4,-0.333314154284691,-0.334815410527474,0.731802704227814,0.680954224868403,"Cuneiform (Uruk IV)"
"Cuneiform (Uruk IV)","N01 N01 N01 N01 _ N14 _ N01 N01 _ HASZHUR",11,4,-0.739934117140008,-0.334682486951554,-0.275568160677706,0.963201728273914,"Cuneiform (Uruk IV)"
"Cuneiform (Uruk IV)","N14 _ N01 N01",4,3,-0.951548465832795,-1.38662088619254,1.597512041256,0.680954224868403,"Cuneiform (Uruk IV)"
"Cuneiform (Uruk IV)","N01 N01 _ ZATU693@t _ |GA2~a1xEN~b| _ MASZ _ N01 N01 N01 N01 N01 N01 _ ZATU693 _ UDU~a _ UNUG~a _ GURUSZDA",23,9,0.739721026668245,0.992224388545423,-0.141434540078874,0.424365585408852,"Cuneiform (Uruk IV)"
"Cuneiform (Uruk IV)","N14 _ N01 N01 N01 N01 _ U8 _ N01 N01",11,4,-0.739934117140008,-0.642314811947234,-0.275568160677706,0.963201728273914,"Cuneiform (Uruk IV)"
"Cuneiform (Uruk IV)","MA2 _ |DUG~bxSZE~a| _ SANGA~a",5,4,-0.189654408030558,-0.776440117465328,1.83991065562389,-0.730283292159142,"Cuneiform (Uruk IV)"
"Cuneiform (Uruk IV)","N01 _ UMBIN~a _ N01 N01 _ ERIM~a",8,4,-0.389459910405952,-0.626581038066044,0.385518969416543,-0.12546721343305,"Cuneiform (Uruk IV)"
"Cuneiform (Uruk IV)","N01 N01",2,1,-3.66016422418483,-2.76954529926987,0.385518969416543,3.5034292589235,"Cuneiform (Uruk IV)"
"Cuneiform (Uruk IV)","N34 _ N14 N14 N14 _ N01 _ NUN~b _ N14 _ AMAR _ N14 N14 N14 N14 _ N01 N01 _ AN",23,7,0.366411947898645,0.168537229506426,-0.562997347675205,0.424365585408852,"Cuneiform (Uruk IV)"
"Cuneiform (Uruk IV)","N08 _ A",3,3,-0.798127953617908,-1.46063427322558,2.80950511309546,-0.730283292159142,"Cuneiform (Uruk III)"
"Cuneiform (Uruk IV)","N14 _ N01 N01 _ UKKIN~a _ N01 N01 N01 N01 N01 _ N57 _ N01 N01 N01 N01 _ N01 N01 N01 _ ZATU647 _ N01 N01 N01 N01 N01 _ DU _ KAR2~a _ N01 N01 N01 N01 N01 N01 _ N01 N01 N01 N01 N01 _ KISAL~b1 _ N01 N01 N01 N01 N01 N01 N01 N01 _ N57 _ N01 _ SANGA~a _ N01 _ N57 _ N01 _ GA~a _ N01 N01 N01 _ UB _ N01 N01 N01 N01 N01 _ N57 _ N01 N01 N01 N01 N01 N01 _ N01 N01 _ N01 N01 _ N01 N01 _ N01 N01 N01 N01 N01 N01 _ N01 N01 N01 N01 _ N01 _ N01 _ N01 _ N01 N01 N01 _ N01 N01 _ N01 N01 N01 _ PA~a _ N01 N01 N01 _ |1(N58).BAD~a| _ N57 _ EN~a _ BA _ KISAL~b1 _ N34 _ N14 _ N01 N01 N01 N01 N01 N01 _ ZATU659 _ N34 _ N14 N14 N14 _ GAR _ N14 N14 N14 N14 _ N01 N01 N01 N01 N01 N01 _ N14 N14 N14 _ N01 N01 N01 N01 N01 _ |SILA3~axSZU| _ N01 _ SZITA@g~a _ N14 N14 _ N01 N01 N01 N01 N01 N01 N01 N01 _ N14 N14 N14 _ N01 N01 N01 N01 N01 _ ZATU780 _ N14 _ N01 N01 _ SZA@g _ N01 N01 _ |SILA3~axNUN~b|",233,24,0.20639629139992,0.692731802433676,-1.5391052219165,1.02159776346126,"Cuneiform (Uruk IV)"
"Cuneiform (Uruk IV)","KASZ~b _ DA~a _ BU~a _ TAK4~a",7,5,0.182612656829972,-0.2454016875866,1.42437017385036,-0.730283292159142,"Cuneiform (Uruk IV)"
"Cuneiform (Uruk IV)","N01 N01 N01 N01 _ AL _ N14 _ HI _ E2~a _ |ZATU651xNUN~a| _ TAK4~a _ AN",18,9,1.09568006196061,1.37781801271874,0.385518969416543,0.0168424521495588,"Cuneiform (Uruk IV)"
"Cuneiform (Uruk IV)","N14 N14 N14 _ N01 N01 N01 N01 N01 _ N57 N57 N57 N57 N57 _ ZATU804 _ N14 _ N57 N57 N57 N57 N57",25,5,0.0710690338639667,0.000191852134910544,-1.06887271679081,1.73938236263906,"Cuneiform (Uruk IV)"
"Cuneiform (Uruk IV)","N14 _ N01 _ GUM~b _ SUM~a _ N01 _ |SILA3~axMASZ| _ N01 N01 _ N01 _ DUR2 _ ZATU751~a _ KU6~a _ GU7",24,10,0.882463671228753,1.12873780369357,-0.0184787211966085,-0.546208833416418,"Cuneiform (Uruk III)"
"Cuneiform (Uruk IV)","N01 N01 _ N01 N01 N01 N01 N01 N01 N01 N01 N01 _ SUHUR _ N14 _ SUHUR",18,4,-0.951056679428357,-0.418940253459561,-0.961139999293968,1.51109394076696,"Cuneiform (Uruk IV)"
"Cuneiform (Uruk IV)","N01 N01 N01 N01 N01 _ |NUN~a+EN~d| _ N01 N01 _ SANGA~a _ N01 _ EN~a _ SANGA~a",18,5,-0.294571203496576,0.127264952447884,-0.691808205551864,0.514926281688695,"Cuneiform (Uruk IV)"
"Cuneiform (Uruk IV)","N24 _ SZU",3,3,-0.798127953617908,-1.46063427322558,2.80950511309546,-0.730283292159142,"Cuneiform (Uruk III)"
"Cuneiform (Uruk IV)","N02 N02 _ AMA~a _ N02 _ N05 _ U4 _ SI4~a _ U4",14,6,0.34320938695194,0.344083597576663,0.0392352346052708,-0.404613095922016,"Cuneiform (Uruk IV)"
"Cuneiform (Uruk IV)","N14 N14 _ GAR _ LAM~b",6,4,-0.196213340650796,-0.511578044491309,1.19351435064285,0.116459218057386,"Cuneiform (Uruk IV)"
"Cuneiform (Uruk IV)","N14 N14 _ GAR",4,3,-0.951548465832795,-1.11912679049647,1.597512041256,0.680954224868403,"Cuneiform (Uruk IV)"
"Cuneiform (Uruk IV)","N01 _ UR3~a1 _ N01 N01 N01 N01 N01 N01 _ N08 N08 _ BA",15,5,-0.174852959757629,-0.0427304562993065,-0.422476411809765,1.08416494401913,"Cuneiform (Uruk IV)"
"Cuneiform (Uruk IV)","MA _ HASZHUR _ N14 _ BU~a",7,5,0.182612656829972,-0.2454016875866,1.42437017385036,-0.730283292159142,"Cuneiform (Uruk IV)"
"Cuneiform (Uruk IV)","N37 _ N47 _ N05",5,4,-0.189654408030558,-0.776440117465328,1.83991065562389,-0.730283292159142,"Cuneiform (Uruk IV)"
"Cuneiform (Uruk IV)","N14 _ N34 _ N14 N14 _ N01 N01 _ N14 N14 N14 N14 _ GAN2 _ DA~a _ DANNA _ N22 _ N01 N01 _ GAN2 _ GI",29,9,0.89630137161766,0.817331524061457,-0.533924050599598,0.176940825929994,"Cuneiform (Uruk IV)"
"Cuneiform (Uruk IV)","N01 _ TUG2~a _ GADA~a _ EN~a",7,5,0.182612656829972,-0.2454016875866,1.42437017385036,-0.730283292159142,"Cuneiform (Uruk IV)"
"Cuneiform (Uruk IV)","UMBIN~a _ BARA2~a _ N01 _ EZEN~a _ N01 _ BARA2~a _ N01 N01",14,5,-0.0753507487273593,-0.508609267881139,-0.307048500206006,-0.404613095922016,"Cuneiform (Uruk III)"
"Cuneiform (Uruk IV)","N14 _ N01 N01 N01 N01 _ IB~a _ URI",10,5,0.0351810141401936,-0.102738765140356,0.385518969416543,0.680954224868403,"Cuneiform (Uruk IV)"
"Cuneiform (Uruk IV)","N01 _ SIG7 _ GAL~a _ N01 _ BA _ N01 N01 _ UMUN2 _ GAL~a _ N01 N01 _ N01 N01 _ DARA4~a2 _ N01 N01 _ UKKIN~a _ N01 N01 _ N01 _ SIG7 _ EN~a _ SZU _ NUN~a _ N01 _ SIG7 _ GAL~a _ N01 N01 N01 N01 _ N01 N01 N01 N01 N01 N01 _ NUN~a _ EN~a _ N01 N01 N01 N01 N01 N01 N01 _ N01 N01 _ EN~a _ SZU _ NUN~a _ N01 _ NUNUZ~a1 _ N01 N01 N01 N01 N01 _ N01 N01 N01 N01 N01 _ N01 N01 N01 _ N01 N01 N01 _ N01 _ SIG7 _ N01 N01 _ GAL~a _ ZATU776 _ |Ax1(N14)| _ N14 N14 _ N01 N01 N01 N01 N01 N01 N01 N01 N01 _ SIG7 _ N14 N14 _ N01 N01 N01 N01 N01 _ BA",144,15,0.313019072531821,0.253710627447891,-1.53347006099593,0.661216637217671,"Cuneiform (Uruk IV)"
"Cuneiform (Uruk IV)","EN~a _ |GA2~bxDUB~a| _ N01 N01 N01 N01 N01 N01 _ N01 N01 N01 N01 _ N14 _ N01 N01 _ SIG7 _ N01 N01 N01 N01 N01 N01",29,6,-0.785213656162232,-0.337092083771105,-1.03543842515386,1.38657298338218,"Cuneiform (Uruk IV)"
"Cuneiform (Uruk IV)","N14 N14 _ N01 N01 N01 _ BA _ N14 _ N01 _ TE",14,5,0.0723651630110285,-0.0390823601233597,-0.307048500206006,0.246727296552238,"Cuneiform (Uruk IV)"
"Cuneiform (Uruk IV)","N01 _ N01 N01 N01 N01 N01 _ N01 N01 N01 N01 N01 _ N01 N01 N01 N01 _ N14 N14 _ N18 _ N03 _ ZATU679",27,6,-0.441451301033459,-0.00310639339427242,-0.961139999293968,1.22373788526362,"Cuneiform (Uruk IV)"
"Cuneiform (Uruk IV)","N01 N01 N01 N01 N01 _ N01 N01 N01 N01 N01 N01 _ KISAL~b1 _ N01 N01 N01 N01 N01 N01 N01 N01 _ IB~a _ SZITA~a1 _ N01 N01 N01 N01 N01 N01 N01 N01 _ IB~a _ N14 _ N14 N14 _ N14",45,6,-0.629237402693855,-0.298102404988868,-1.39207086928133,1.57901446297684,"Cuneiform (Uruk IV)"
"Cuneiform (Uruk IV)","N14 _ N14 N14 _ KASZ~a _ DUG~a _ N01",10,5,0.0351810141401936,0.0157407217542073,0.385518969416543,-0.259870786483293,"Cuneiform (Uruk IV)"
"Cuneiform (Uruk IV)","N14 N14 N14 N14 _ |NINDA2xGAR| _ BU~b",8,4,-0.500112506107456,-0.271447660776775,0.385518969416543,1.08416494401913,"Cuneiform (Uruk IV)"
"Cuneiform (Uruk IV)","KASZ~a _ BAR",3,3,-0.798127953617908,-1.46063427322558,2.80950511309546,-0.730283292159142,"Cuneiform (Uruk III)"
"Cuneiform (Uruk IV)","TUM~a@g _ SAG",3,3,-0.798127953617908,-1.46063427322558,2.80950511309546,-0.730283292159142,"Cuneiform (Uruk III)"
"Cuneiform (Uruk IV)","N01 N01 _ DU _ GI _ GI _ UDU~a _ N01 N01 N01 _ GISZIMMAR~b1 _ U4 _ U2~a _ N01 N01 N01 _ U4 _ U2~a _ GU7 _ TAR~a _ AB2",34,11,1.10226037265231,1.07711527192321,-0.470005551881898,-0.088811693510255,"Cuneiform (Uruk IV)"
"Cuneiform (Uruk IV)","N01 _ |NINDA2x1(N01)| _ N39~a _ N01 _ N24 _ IDIGNA _ AN _ GA2~a1",15,8,0.788210420989755,0.865373690901847,0.547118045661802,-0.730283292159142,"Cuneiform (Uruk III)"
"Cuneiform (Uruk IV)","NAM2 _ NAM2 _ KAB _ N01 N01 N01 N01",10,4,-0.325967753640077,-0.486709852990232,-0.0992782593192406,0.680954224868403,"Cuneiform (Uruk IV)"
"Cuneiform (Uruk IV)","N01 N01 N01 _ BA _ N01 N01 N01 N01 _ NIM~a _ N01 _ GI _ SAG _ EN~a _ DA~a _ N01 N01 N01 N01 N01 N01 N01 N01",31,8,-0.103969552250452,0.421319709048332,-0.787377551718419,0.963201728273914,"Cuneiform (Uruk IV)"
"Cuneiform (Uruk IV)","N01 N01 N01 N01 N01 N01 N01 N01 _ TUR",10,3,-1.99539824693191,-0.829338903080106,-0.584075488055024,2.5626042475718,"Cuneiform (Uruk IV)"
"Cuneiform (Uruk IV)","N14 _ N01 _ N14 N14 _ N01 N01 _ SAL _ ZATU694~d",13,5,0.0883239686915873,-0.0949483069429462,-0.173862448355513,-0.0246645336453671,"Cuneiform (Uruk IV)"
"Cuneiform (Uruk IV)","N01 _ SIG2~b _ EN~a _ N01 _ EN~a _ N01 N01 N01 N01 _ N14",16,5,-0.163741930543282,-0.280086352400898,-0.523475834463051,0.116459218057386,"Cuneiform (Uruk IV)"
"Cuneiform (Uruk IV)","N14 _ N01 _ ZATU659 _ N14 _ N14 N14 _ N01 N01 N01 _ N01 N01 N01 N01 N01 N01 _ N14 N14 N14 N14 _ N14 N14 N14 N14 N14 _ GAR _ N01 _ N14 _ DUG~a",40,6,-0.116353248982604,-0.161022003742491,-1.3112713311587,0.898067689026491,"Cuneiform (Uruk IV)"
"Cuneiform (Uruk IV)","N01 N01",2,1,-3.66016422418483,-2.76954529926987,0.385518969416543,3.5034292589235,"Cuneiform (Uruk IV)"
"Cuneiform (Uruk IV)","NUN~c _ EN~a _ EN~a _ NUN~a",7,4,-0.333314154284691,-0.820524814338017,0.731802704227814,-0.730283292159142,"Cuneiform (Uruk III)"
"Cuneiform (Uruk IV)","N14 N14 N14 N14 _ SZITA@g~a _ N14 N14 N14 _ N01 N01 N01 N01 _ N14 N14 N14 _ N14 _ N01 N01 N01 N01 _ N14 N14 N14 N14 _ N14 N14",34,4,-0.713250383745895,-0.772202249728227,-1.46811749339675,1.45072014324707,"Cuneiform (Uruk IV)"
"Cuneiform (Uruk IV)","N34 _ N14 N14 N14 N14 _ N57 _ N34 N34 _ N57 _ N34 _ N14 _ N01 N01 N01 N01 N01 _ N58 _ N34 _ N58",29,6,0.625877525973924,0.272287021775786,-1.03543842515386,0.479348865293042,"Cuneiform (Uruk IV)"
"Cuneiform (Uruk IV)","UMBIN~a _ N48 _ N34 _ UMBIN~a",7,4,-0.333314154284691,-0.674516468257309,0.731802704227814,-0.730283292159142,"Cuneiform (Uruk III)"
"Cuneiform (Uruk IV)","N25 _ N20 N20 N20 _ N05 N05 N05 N05 N05 _ N05 N05 _ N42~b N42~b _ GESZTU~b _ N20 _ N05 _ N42~b N42~b _ SAG",28,7,0.601172792509271,0.308062916938005,-0.826474102422916,0.680954224868403,"Cuneiform (Uruk IV)"
"Cuneiform (Uruk IV)","N01 N01 _ UDU~a _ ERIM~a",6,4,-0.196213340650796,-0.511578044491309,1.19351435064285,0.116459218057386,"Cuneiform (Uruk IV)"
"Cuneiform (Uruk IV)","N51 _ GAR _ N14 _ GAL~a",7,5,0.182612656829972,-0.2454016875866,1.42437017385036,-0.730283292159142,"Cuneiform (Uruk IV)"
"Cuneiform (Uruk IV)","N01 _ U2~a _ N01 N01 N01 _ N01",9,3,-1.21944119085932,-1.0316289613815,-0.422476411809765,0.328144845611518,"Cuneiform (Uruk IV)"
"Cuneiform (Uruk IV)","AN _ A _ EN~a _ KI _ AN",9,5,0.0575262737252672,-0.191689417704087,0.654850763158647,-0.730283292159142,"Cuneiform (Uruk III)"
"Cuneiform (Uruk IV)","|1(N57).SZUBUR| _ LAGAR~a _ NE~a _ N34 N34 N34 N34 _ N01 N01 _ AN _ MUSZ3~a _ N14 N14 _ N01 N01 N01 N01 N01 _ SZIDIM _ N14 N14 _ N01 N01 N01 N01 N01 _ KU6~a _ N01 _ N14 _ N34 N34 N34 _ N14 N14 N14 _ N01 _ NE~a _ N14 N14 N14 _ N01 N01 N01 N01 N01 _ AL _ ISZ~b _ SZIDIM",71,13,1.17654011679162,0.666108989326496,-1.15081027657714,0.721275296783478,"Cuneiform (Uruk IV)"
"Cuneiform (Uruk IV)","N20 _ TUR _ |SILA3~axGESZTU~c3| _ N05 _ N20 _ N05 N05 _ |SILA3~axGESZTU~c3| _ U4 _ SI _ N05 _ KASZ~c _ N05 N05 _ GURUSZDA _ GAL~a _ N14 _ N02 _ ZATU752 _ |SILA3~axGESZTU~c3| _ URI3~a _ N01 _ ZATU752 _ N01 N01 N01 N01 N01 _ ZATU752 _ NAGA~a _ HI _ NAGAR~a _ N14 _ N14",61,18,1.84909517764774,2.04948677881634,-0.60791797471416,-0.306912037050878,"Cuneiform (Uruk IV)"
"Cuneiform (Uruk IV)","N01 _ SANGA~a _ N01 N01 _ N01 _ GA~a _ N01 _ N01 _ PAP~b _ N01 N01 _ N58 N58 _ N01 _ N57 _ N01 N01 _ N01 N01 _ N01 _ N01 N01 N01 N01 N01 N01",41,7,-0.46189630031015,0.0206051940527408,-1.21076458861592,0.328144845611518,"Cuneiform (Uruk IV)"
"Cuneiform (Uruk IV)","N01 N01 N01 N01 _ GAR",6,3,-1.40004256658504,-0.831029344381798,0.385518969416543,1.80994423849044,"Cuneiform (Uruk IV)"
"Cuneiform (Uruk IV)","N34 N34 N34 _ ZATU720",5,3,-1.18457863481016,-0.901619329582531,0.870316198152326,1.38657298338218,"Cuneiform (Uruk IV)"
"Cuneiform (Uruk IV)","N01 _ N39~a _ N01 N01 _ |MAH~axMASZ|",8,4,-0.389459910405952,-0.626581038066044,0.385518969416543,-0.12546721343305,"Cuneiform (Uruk IV)"
"Cuneiform (Uruk IV)","N34 N34 N34 N34 N34 N34 N34 _ NAGA~a _ SI4~a _ N14 N14 N14 _ SI4~a _ NAGA~a _ N34 _ N57 N57 N57 _ N14 N14 N14 _ SI4~a",31,6,0.6521390799444,0.325162425705487,-1.10014995735441,0.963201728273914,"Cuneiform (Uruk IV)"
"Cuneiform (Uruk IV)","NAM2 _ APIN~a",3,3,-0.798127953617908,-1.46063427322558,2.80950511309546,-0.730283292159142,"Cuneiform (Uruk III)"
"Cuneiform (Uruk IV)","N34 _ N14 N14 N14 _ N34 N34 _ N34 _ N14 _ N34 _ N01 N01",17,4,-0.2220860762351,-0.463431696362575,-0.897767812531118,0.328144845611518,"Cuneiform (Uruk IV)"
"Cuneiform (Uruk IV)","N01 _ MA _ N01 N01 N01 _ AK~a _ N01 N01 N01 _ ZATU651 _ MA _ N01 _ MA",21,5,-0.265040912787084,-0.375797053489734,-0.884188058224795,0.116459218057386,"Cuneiform (Uruk IV)"
"Cuneiform (Uruk IV)","N01 N01 N01 N01 N01 N01 N01 _ GIR3~a",9,3,-1.87893023625149,-0.797445795236788,-0.422476411809765,2.44500112115284,"Cuneiform (Uruk IV)"
"Cuneiform (Uruk IV)","AN _ MUSZ3~a",3,3,-0.798127953617908,-1.46063427322558,2.80950511309546,-0.730283292159142,"Cuneiform (Uruk III)"
"Cuneiform (Uruk IV)","N01 N01 N01 N01 N01 _ SZIDIM _ IB~a _ BA _ N34 N34 N34 N34 N34 _ N01",19,6,0.329728175844017,0.561288470945774,-0.507528557202003,1.15136673054425,"Cuneiform (Uruk IV)"
"Cuneiform (Uruk IV)","N14 N14 _ |SILA3~axGESZTU~c3| _ N01 N01 N01 N01 N01 N01 _ |DUG~cx1(N57)| _ N02 N02 N02 N02 N02 N02 N02 N02 N02 _ KASZ~a _ N01 N01 N01 N01 N01 N01 _ NE~a _ KASZ~a _ AN _ |SZU2.EN~a|",40,10,1.03968895642387,0.76145185936018,-0.826474102422916,1.33229461734266,"Cuneiform (Uruk IV)"
"Cuneiform (Uruk IV)","N01 N01 _ N01 N01 _ PAD~a _ N18 _ N03 _ GI _ N18 _ ZATU659",17,7,0.57115924356368,0.608258709781394,-0.0422432912326778,-0.201069223273812,"Cuneiform (Uruk IV)"
"Cuneiform (Uruk IV)","N01 N01 _ N14 N14 N14 _ N01 _ ANSZE~b _ N14 N14 N14 N14 _ N01 N01 _ UMBIN~a",20,5,-0.0786824143767117,-0.310407634340968,-0.826474102422916,0.829505542450252,"Cuneiform (Uruk IV)"
"Cuneiform (Uruk IV)","N01 N01 _ |ZATU662x1(N14)|",4,3,-0.951548465832795,-1.11912679049647,1.597512041256,0.680954224868403,"Cuneiform (Uruk IV)"
"Cuneiform (Uruk IV)","N14 N14 _ SI _ N14 _ UB _ AB2 _ N14 _ AN _ SAL _ IB~b _ N01 _ TUR3~a _ N01 _ GI _ N01 _ U4 _ AMA~a _ N01 _ MUN~a1 _ KASZ~a _ SZE~a _ N01 _ SIG7 _ IB~b _ N01 _ NAM~b _ N01 N01 N01 N01 N01 N01 _ AB2 _ N14 N14 N14 N14 _ SI _ PAP~a _ N14 _ AB2 _ N14 _ AN _ N01 _ AN _ U4 _ N01 _ GI _ N01 _ N08 _ N01 N01 _ N01 _ NAM~b _ HASZHUR",99,21,1.59844652550948,1.59909837558948,-1.01010941633799,-0.298271807354789,"Cuneiform (Uruk III)"
"Cuneiform (Uruk IV)","N14 _ N01",3,3,-0.798127953617908,-1.46063427322558,2.80950511309546,-0.730283292159142,"Cuneiform (Uruk III)"
"Cuneiform (Uruk IV)","N01 _ SANGA~a _ NUN~a _ KASZ~b _ N01 N01 _ BU~a _ BU~a _ N01",16,6,0.216374545931975,0.081750773055508,-0.220477566503187,-0.448035788753632,"Cuneiform (Uruk III)"
"Cuneiform (Uruk IV)","N01 _ ZATU662 _ N01 _ NU _ N14 _ N01 _ NU@g _ N01 N01 N01 _ ZI~a _ E2~a _ NUN~a _ N01 N01 _ SZU2 _ N14 _ N01 N01 N01 N01 N01 N01 _ N01 N01 N01 N01 N01 N01 N01 N01 _ GADA~a _ N01 N01 _ TUG2~a _ N01 N01 _ BARA2~a",58,13,0.359574213438254,0.842876188725672,-0.951852696061479,0.532402907286559,"Cuneiform (Uruk IV)"
"Cuneiform (Uruk IV)","N34 _ N01 _ N01 N01 N01 _ N34 _ N34 _ |SZU2.EN~a| _ N01 N01 N01 _ N34 _ N48 _ N34 N34 _ N14 N14 _ TI",29,7,0.42868999418321,0.415949184897349,-0.868266966969102,0.176940825929994,"Cuneiform (Uruk IV)"
"Cuneiform (Uruk IV)","N01 N01 _ EN~a _ TUG2~a _ N01 _ N01 _ ZATU764 _ BARA2~a",14,6,0.182612656829972,0.267776884335803,0.0392352346052708,-0.404613095922016,"Cuneiform (Uruk IV)"
"Cuneiform (Uruk IV)","N01 _ UR2 _ GISZ _ NI~a _ GIR3~c _ SZAH2~a _ N01 _ A _ NU _ N01 N01 N01",21,9,0.81977448960278,1.0357086207147,0.0392352346052708,-0.306912037050878,"Cuneiform (Uruk IV)"
"Cuneiform (Uruk IV)","N34 _ N14 N14 N14 _ MA _ N34 N34 N34 N34 N34 _ N14 N14 N14 _ HASZHUR _ N01 N01 N01 N01 N01 N01 N01 _ N34 N34 N34 N34 N34 N34 N34 N34 N34 _ N14 N14 N14 N14",42,6,0.252418659569204,-0.31897009172353,-1.34589970463983,1.85124875118393,"Cuneiform (Uruk IV)"
"Cuneiform (Uruk IV)","GESZTU~b _ TUN3~a _ TAK4~a _ A",7,5,0.182612656829972,-0.2454016875866,1.42437017385036,-0.730283292159142,"Cuneiform (Uruk IV)"
"Cuneiform (Uruk IV)","N14 N14 _ GAR _ X",6,4,-0.196213340650796,-0.511578044491309,1.19351435064285,0.116459218057386,"Cuneiform (Uruk IV)"
"Cuneiform (Uruk IV)","N14 N14 _ |NINDA2xGAR|",4,3,-0.951548465832795,-1.11912679049647,1.597512041256,0.680954224868403,"Cuneiform (Uruk IV)"
"Cuneiform (Uruk IV)","N14 N14 _ GU4",4,3,-0.951548465832795,-1.11912679049647,1.597512041256,0.680954224868403,"Cuneiform (Uruk IV)"
"Cuneiform (Uruk IV)","N14 N14 N14 _ BAR",5,3,-1.18457863481016,-0.901619329582531,0.870316198152326,1.38657298338218,"Cuneiform (Uruk IV)"
"Cuneiform (Uruk IV)","N14 N14 N14 _ GI",5,3,-1.18457863481016,-0.901619329582531,0.870316198152326,1.38657298338218,"Cuneiform (Uruk IV)"
"Cuneiform (Uruk IV)","N01 N01 N01 N01 _ BA _ N01 _ SANGA~a",10,4,-0.616627590596146,-0.25600396982604,-0.0992782593192406,0.680954224868403,"Cuneiform (Uruk IV)"
"Cuneiform (Uruk III)","N01 _ N01 _ TIM _ N01 _ N01 _ N01 _ GAL~a _ N01 _ GAL~a _ UMUN2 _ N01 _ DUB~a _ N01 _ SUG5 _ N01 _ UB",31,8,0.0938841147707776,0.456446756894604,-0.787377551718419,-0.730283292159142,"Cuneiform (Uruk III)"
"Cuneiform (Uruk III)","N01 _ NIMGIR _ N01 _ NIMGIR _ SIG7 _ N01 _ SUHUR _ N01 _ SUHUR _ N01 _ TAR~a _ UTUL~a _ N01 _ GAL~a _ DU6~b _ N01 _ KUR~a _ N01 _ N01",37,10,0.496062660615379,0.830568918439866,-0.728204393895393,-0.730283292159142,"Cuneiform (Uruk III)"
"Cuneiform (Uruk III)","N01 _ SZUBUR _ N01 _ |1(N57).SZUBUR| _ N01 _ |2(N57).SZUBUR| _ N01 _ U4 _ SZUBUR _ N01 _ N01 _ ME~a _ SZUBUR _ N01 _ RAD~a@g _ SZUBUR _ N01 _ KU3~a _ SZUBUR _ N01 _ ZATU686~a _ BU~a _ SZUBUR _ N01 _ BU~a _ SZUBUR _ N01 _ MUSZEN _ SZUBUR _ N01 _ PAP~a _ SZUBUR _ N01 _ SZUBUR _ N01 _ NUN~a _ SZUBUR _ N01 _ KASKAL _ SZUBUR _ N01 _ LAM~b _ SZUBUR _ N01 _ SZUBUR _ N01 _ ADAB _ SZUBUR _ N01 _ SILA4~b _ SZUBUR _ N01 _ UB _ SZUBUR _ N01 _ MUSZEN _ SZUBUR _ N01 _ TUM~a _ SZUBUR _ N01 _ GI _ SZUBUR _ N01 _ UR~a _ SZUBUR _ N01 _ SZA3~a1 _ SZUBUR _ N01 _ GAN2 _ SZUBUR _ N01 _ SZE~a _ SZUBUR _ N01 _ GURUSZDA _ SZUBUR _ N01 _ A _ SZUBUR _ N01 _ SAGSZU _ SZUBUR _ N01 _ BAHAR2~a _ SZUBUR _ N01 _ SZUBUR _ AB2 _ N01 _ SZUBUR _ NE~a _ N01 _ SZUBUR _ N01 _ SZUBUR _ |BU~a+DU6~a| _ N01 _ SZUBUR _ LAGAB~a _ N01 _ SZUBUR _ GI6 _ N01 _ SZUBUR _ U4 _ N01 _ BU~a _ SZUBUR _ N01 _ URI3~a _ SZUBUR _ N01 _ KAL~b1 _ SZUBUR _ N01 _ N57 _ SZUBUR _ N01 _ SZUBUR _ KU6~a _ N01 _ SZUBUR _ N01 _ SZUBUR _ EN~a _ N01 _ SZUBUR _ SUHUR _ N01 _ SZUBUR _ MU _ N01 _ TE _ SZUBUR _ N01 _ ZATU758 _ SZUBUR _ N01 _ GAL~b _ SZUBUR _ N01 _ BAHAR2~a _ SZUBUR _ N01 _ AN _ SZUBUR _ N01 _ SZUBUR _ GIR3~a _ N01 _ |3(N57).SZUBUR| _ N01 _ SZE3 _ SZUBUR _ N01 _ NIM~a _ N01 _ SZUBUR _ N01 _ SZUBUR _ MAH~a _ N14 N14 N14 N14 N14 _ N01 N01 N01 N01 N01 N01 N01 N01",340,51,1.26675507845851,2.30700628177228,-1.3112713311587,-0.592906188731682,"Cuneiform (Uruk III)"
"Cuneiform (Uruk III)","N01 _ NUN~a _ N01 _ TUR3~a",7,4,-0.333314154284691,-0.718622301691911,0.731802704227814,-0.730283292159142,"Cuneiform (Uruk III)"
"Cuneiform (Uruk III)","N01 _ N01 _ GURUSZ~a _ KI _ N01 _ U4 _ |KAK~a.GA2~a1| _ N01 _ |KAK~a.GA2~a1| _ N01 _ N01 _ N01 _ N01 _ UR~a _ N01 _ N57 N57 N57 _ N01 _ N01 _ N01 _ N01 _ N01",43,8,-0.0136969305311969,0.019301901029428,-1.13651884173068,-0.528677932583778,"Cuneiform (Uruk III)"
"Cuneiform (Uruk III)","N01 _ ZATU707~a _ ZATU686~a _ ZATU707~a _ ZATU707~a _ KA~a _ E2~a _ E2~a _ KA~a _ LAGAB~b _ ZATU707~a",21,7,0.382929330355181,0.242944541964563,-0.422476411809765,-0.730283292159142,"Cuneiform (Uruk III)"
"Cuneiform (Uruk III)","N01 _ SANGA~a _ |(BU~a&BU~a).NA2~a| _ N01 _ BUR2",9,5,0.0575262737252672,-0.259836795428412,0.654850763158647,-0.730283292159142,"Cuneiform (Uruk III)"
"Cuneiform (Uruk III)","N01 _ N01 _ SZITA~a1 _ N01 _ |SILA3~axSZU| _ N01 _ N01",13,4,-0.745096264647497,-0.696631193369467,-0.546783393536886,-0.730283292159142,"Cuneiform (Uruk III)"
"Cuneiform (Uruk III)","PAP~a _ SZA3~a2 _ TU~b",5,4,-0.189654408030558,-0.776440117465328,1.83991065562389,-0.730283292159142,"Cuneiform (Uruk IV)"
"Cuneiform (Uruk III)","N01 _ HI _ NI~b _ N01 _ NI~b",9,4,-0.343750134919475,-0.755583603153416,0.116187175674438,-0.730283292159142,"Cuneiform (Uruk III)"
"Cuneiform (Uruk III)","N01 _ TE _ N01 _ GAL~a _ SUKKAL _ N01 _ GADA~a _ SUKKAL _ N01 _ GA~a _ N01 _ GAL~a _ N01 _ GAL~a",27,7,0.219615771379551,-0.0581243508409898,-0.781585470132567,-0.730283292159142,"Cuneiform (Uruk III)"
"Cuneiform (Uruk III)","N01 _ GAL~a _ ISZ~b _ N01 _ GAL~a _ TAG~a2 _ N01 _ SANGA~a _ GAL~a _ N01 _ N01 _ SAG _ SUG5 _ N01 _ UB _ SAG _ N01 _ ZATU725 _ N01 _ N01 _ KAR2~a _ ME~a _ N01 _ GALGA~a _ ME~a _ N01 _ LAGAR~a _ IB~a _ N01 _ LAGAR~a _ GAR _ N01 _ MUSZ3~a _ ME~a _ N01 _ N01 _ GAL~a _ SZAGAN _ N01 _ ENGIZ _ N01 _ ENDIB",83,20,1.19634869052669,1.73209772682871,-0.870281080923136,-0.730283292159142,"Cuneiform (Uruk III)"
"Cuneiform (Uruk III)","|DUG~bxX| _ |DUG~bxX| _ N01 _ N01 _ |DUG~bxANSZE~b| _ N01 _ |DUG~bxUH3~a| _ N01 _ |DUG~bxHI| _ N01 _ |DUG~bxDIN| _ |DUG~bxDIN| _ N01 _ SZE3 _ GA'AR~a1 _ N01 _ SZE3@t _ GA'AR~a1 _ N01 _ GA'AR~a1 _ N01 _ GA'AR~a1",43,10,0.562815237532598,0.69539232155828,-0.91103175859776,-0.730283292159142,"Cuneiform (Uruk III)"
"Cuneiform (Uruk III)","GA~b _ N34 _ N01 _ N01 _ ISZ~b _ N01 _ NAR _ N01 _ SZA3~a1 _ URI _ N01 _ GAR _ N01 N01 N01 N01 N01",29,9,0.364939534625379,0.801226305907253,-0.533924050599598,-0.12546721343305,"Cuneiform (Uruk IV)"
"Cuneiform (Uruk III)","|DUG~bxANSZE~b| _ N01 _ |DUG~bxUH3~a@t| _ N01 _ |DUG~bxX| _ N01 _ |DUG~bxDIN| _ N01 _ U2~b _ N01 _ U2~b _ |GA~cx1(N14)| _ N01 _ GA'AR~a1 _ N01 _ GA'AR~a1",31,9,0.494516960370683,0.495361115653767,-0.630991348900424,-0.730283292159142,"Cuneiform (Uruk III)"
"Cuneiform (Uruk III)","GUKKAL~c _ N01 _ KAL~a _ AB2 _ N01 _ GA~b _ AMAR _ N14 _ SUHUR _ N14 _ KAR2~b _ N01 N01 N01 _ KAD4~a _ N01 _ N14 _ UD5~a",33,12,1.13309986866311,1.31737116304679,-0.275568160677706,-0.465676257716477,"Cuneiform (Uruk III)"
"Cuneiform (Uruk III)","SUHUR _ N14 _ N01 N01 N01",7,4,-0.333314154284691,-0.674516468257309,0.731802704227814,0.680954224868403,"Cuneiform (Uruk IV)"
"Cuneiform (Uruk III)","N01 _ GAL~a _ N01 _ GAL~a _ NIM~a _ N01 _ GAL~a _ N01 _ GAL~a",17,4,-0.528062414567873,-1.09767344082772,-0.897767812531118,-0.730283292159142,"Cuneiform (Uruk III)"
"Cuneiform (Uruk III)","N01 _ GAL~a _ NESAG2~a _ N01 _ GAL~a _ TUR3~a",11,5,0.02422746052643,-0.447136238257008,0.165156592718461,-0.730283292159142,"Cuneiform (Uruk III)"
"Cuneiform (Uruk III)","KASZ~b _ |DUG~bxGESZTU~a| _ |DUG~bxX| _ |DUG~bxX| _ N01",9,5,0.0575262737252672,-0.362275640841567,0.654850763158647,-0.730283292159142,"Cuneiform (Uruk III)"
"Cuneiform (Uruk III)","N01 _ N01 _ NE~a _ IR~a _ N01 _ DIN _ IR~a",13,5,-0.0707547054882332,-0.189695646629182,-0.173862448355513,-0.730283292159142,"Cuneiform (Uruk III)"
"Cuneiform (Uruk III)","N01 _ NAMESZDA",3,3,-0.798127953617908,-1.46063427322558,2.80950511309546,-0.730283292159142,"Cuneiform (Uruk III)"
"Cuneiform (Uruk III)","N01 _ N01 _ GAL~a _ ISZ~a _ N01 _ N01",11,4,-0.632406662710438,-0.711379286213107,-0.275568160677706,-0.730283292159142,"Cuneiform (Uruk III)"
"Cuneiform (Uruk III)","N01 _ BU~a _ SZAB~a _ N01 _ NESAG2~a _ N01 _ N01",13,5,-0.243705030234948,-0.368861499071687,-0.173862448355513,-0.730283292159142,"Cuneiform (Uruk III)"
"Cuneiform (Uruk III)","N01 _ |DUG~bxBALA~a| _ N01 _ |DUG~bxKASKAL| _ N34",9,5,0.0575262737252672,-0.182889352370331,0.654850763158647,-0.730283292159142,"Cuneiform (Uruk III)"
"Cuneiform (Uruk III)","N01 _ |UR2x1(N57)| _ N01 _ |GISZxSZU2~b| _ N01 _ GISZIMMAR~b1 _ N01 _ UR2 _ SU~a _ SAR~a _ N01 _ N01",23,8,0.302925503383555,0.606862823286336,-0.352215943877039,-0.730283292159142,"Cuneiform (Uruk III)"
"Cuneiform (Uruk III)","SU~a _ NI~b _ N01 _ N57 N57 N57 _ SU~a _ NI~b _ N01 _ E2~a _ SU~a _ NI~b _ N01 _ BA",25,7,0.603060243532557,-0.119260061423417,-0.681034933802181,-0.377473912902255,"Cuneiform (Uruk III)"
"Cuneiform (Uruk III)","N01 _ N01 _ DUB~a _ SANGA~a _ N01 _ SAG",11,5,-0.0996937627549705,-0.215779666831144,0.165156592718461,-0.730283292159142,"Cuneiform (Uruk III)"
"Cuneiform (Uruk III)","N01 N01 N01 _ KAD4~b _ N01 N01 N01 _ ZA~v _ N01 _ N01 _ N01",17,4,-0.957096530506683,-0.437960236090282,-0.897767812531118,0.328144845611518,"Cuneiform (Uruk IV)"
"Cuneiform (Uruk III)","DARA4~a1 _ AMAR _ DARA4~a1 _ AMAR",7,3,-0.849240965399371,-1.3385967460855,0.0392352346052708,-0.730283292159142,"Cuneiform (Uruk III)"
"Cuneiform (Uruk III)","N01 _ SU~a _ N01 _ E2~a _ SU~a",9,4,-0.343750134919475,-0.678636160095334,0.116187175674438,-0.730283292159142,"Cuneiform (Uruk III)"
"Cuneiform (Uruk III)","N01 _ N01 _ SZAH2~a _ GU4 _ N01 _ N57 N57 N57 _ ZAG~a _ GU4 _ N01 _ N57 N57 N57 _ DARA4~a1 _ ZAG~a _ GU4",29,7,0.548914846647375,-0.0111662799236171,-0.868266966969102,-0.12546721343305,"Cuneiform (Uruk III)"
"Cuneiform (Uruk III)","N01 _ SZEN~a _ N01 _ URI _ MUD3~a _ N01 _ SUH3 _ N01",15,6,0.0659128854292127,0.094825728310023,-0.0992782593192406,-0.730283292159142,"Cuneiform (Uruk III)"
"Cuneiform (Uruk III)","N01 _ N01 _ N01 _ N01 _ NI~b _ N01 _ HI _ NI~b",15,4,-0.609392029581849,-0.506839965385626,-0.745674564300284,-0.730283292159142,"Cuneiform (Uruk III)"
"Cuneiform (Uruk III)","N01 _ N01 _ SZA _ N01 _ UB _ SAG _ N01 _ ZATU725",15,6,0.0659128854292127,0.142628507714434,-0.0992782593192406,-0.730283292159142,"Cuneiform (Uruk III)"
"Cuneiform (Uruk III)","N01 _ N29~a _ N01 _ N28 _ N01",9,4,-0.495209407818964,-0.678636160095334,0.116187175674438,-0.730283292159142,"Cuneiform (Uruk III)"
"Cuneiform (Uruk III)","SZE~a _ N01 _ SZE~a",5,3,-0.911951943591101,-1.27332176227588,0.870316198152326,-0.730283292159142,"Cuneiform (Uruk III)"
"Cuneiform (Uruk III)","N01 _ GAL~a _ IM~a _ N01 _ IM~a _ TUR",11,5,0.02422746052643,-0.37431676032501,0.165156592718461,-0.730283292159142,"Cuneiform (Uruk III)"
"Cuneiform (Uruk III)","N01 _ HI _ N01 _ N58 N58 N58 N58 N58 N58 N58 N58 N58 _ NI~b _ N01 _ IR~a _ N01 _ NE~a _ IR~a _ N01 _ DIN _ IR~a _ N01 _ SU~a _ NI~b _ N01 _ |DUG~bxX| _ N01 _ |DUG~bxX| _ N01 _ |DUG~bxX| _ N01 _ |DUG~bxX| _ N01 _ |DUG~bxX|",59,10,0.809264009333726,0.227078905181418,-1.21677695606613,-0.146322940285673,"Cuneiform (Uruk III)"
"Cuneiform (Uruk III)","KU6~a _ KU6~a _ N01 _ N01 _ |KA~axSAR~a| _ KU6~a _ N01 _ LU2 _ KU6~a",17,5,-0.183365832243753,-0.29846537924005,-0.612592972098303,-0.730283292159142,"Cuneiform (Uruk III)"
"Cuneiform (Uruk III)","N01 _ N01 _ DI _ N01 _ NAM2 _ NAM2 _ N01 _ EN~a _ N01 _ GAL~a _ N01 _ ABGAL",23,7,0.14590430000083,0.351639503555846,-0.562997347675205,-0.730283292159142,"Cuneiform (Uruk III)"
"Cuneiform (Uruk III)","N01 _ GAL~a _ UMUN2 _ KU3~a _ N01 _ AB~a _ UMUN2 _ KU3~a _ N01 _ GAL~a _ AK~a _ N01 _ GAL~a _ IM~a _ N01 _ IM~a _ TUR _ N01 _ N01 _ N01 _ DAM _ N01 _ NUN~a _ BU3 _ N01 _ KAR2~a _ ME~a _ N01 _ NUN~a _ GALGA~a _ N01 _ LAGAR~a _ IB~a _ N01 _ LAGAR~a _ GAR _ N01 _ N01 _ N01 _ N01 _ N01 _ N01",83,18,0.995677151042817,1.29980848781445,-0.987099690257061,-0.730283292159142,"Cuneiform (Uruk III)"
"Cuneiform (Uruk III)","N01 _ N01 _ KAR2~a _ N01 _ NUN~a _ N01 _ LAGAR~a",13,5,-0.243705030234948,-0.246253511656066,-0.173862448355513,-0.730283292159142,"Cuneiform (Uruk III)"
"Cuneiform (Uruk III)","N01 _ N01 _ N01 _ |8(N57).NI~b|",7,3,-1.04397431627013,-1.14354813688475,0.0392352346052708,-0.730283292159142,"Cuneiform (Uruk III)"
"Cuneiform (Uruk III)","N01 _ GISZIMMAR~b1 _ GISZIMMAR~b1 _ N01 _ GIR2~a _ N01 _ AN _ GIR2~a _ N01",17,5,-0.103181511296963,-0.344399558711265,-0.612592972098303,-0.730283292159142,"Cuneiform (Uruk III)"
"Cuneiform (Uruk III)","N01 _ E2~a _ GAN~a _ N01 _ |DUG~bxSZE~a|",9,5,0.0575262737252672,-0.259836795428412,0.654850763158647,-0.730283292159142,"Cuneiform (Uruk III)"
"Cuneiform (Uruk III)","|DUG~bxSIG7| _ |DUG~bxX| _ N01",5,4,-0.189654408030558,-0.776440117465328,1.83991065562389,-0.730283292159142,"Cuneiform (Uruk IV)"
"Cuneiform (Uruk III)","|SU~ax1(N58)| _ |GA2~a1xMASZ| _ GISZ _ SAR~a _ SZU _ SAR~a _ N34 _ N34 N34 _ N34 N34 N34 _ N01 _ GURUSZ~a _ LA2 _ GU4 _ N01",30,11,1.13054800693878,1.19453887798752,-0.2608773355645,-0.292313028254041,"Cuneiform (Uruk IV)"
"Cuneiform (Uruk III)","N01 _ N01 _ EN~a _ NUN~a _ URI _ N01 _ EN~a _ AN _ RU _ N01 _ EN~a _ SAG _ N01 _ NAMESZDA _ N01 _ NAM2 _ URU~a1 _ N01 _ N01",37,11,0.680269884412053,0.986387830477365,-0.597178115858695,-0.730283292159142,"Cuneiform (Uruk III)"
"Cuneiform (Uruk III)","N01 _ N01 _ NAM2 _ N01 _ NAM2 _ URU~a1 _ N01 _ GAL~a _ SZUBUR _ N01 _ NAM2 _ APIN~a _ |SZE~a.NAM2| _ PA~a _ RAD~a _ IB~a _ SZITA~a1 _ N01 _ N01 _ GAL~a _ N01 _ GAL~a _ N01 _ ERIN _ N01 _ KU3~a _ N01 _ UMUN2",55,15,1.00289998288801,1.38957246714889,-0.716292914073873,-0.730283292159142,"Cuneiform (Uruk III)"
"Cuneiform (Uruk III)","N01 _ UKKIN~a _ N01 _ TE _ N01 _ NI~b _ N01 _ N01",15,5,-0.36862618439499,-0.345963739929106,-0.422476411809765,-0.730283292159142,"Cuneiform (Uruk III)"
"Cuneiform (Uruk III)","SUM~a _ ZATU751~a",3,3,-0.798127953617908,-1.46063427322558,2.80950511309546,-0.730283292159142,"Cuneiform (Uruk III)"
"Cuneiform (Uruk III)","EN~a _ AN _ NE~a",5,4,-0.189654408030558,-0.776440117465328,1.83991065562389,-0.730283292159142,"Cuneiform (Uruk IV)"
"Cuneiform (Uruk III)","ZAG~a _ GU4 _ ZAG~a _ GU4 _ SAG _ GU4",11,4,-0.428010824373396,-0.748588713095554,-0.275568160677706,-0.730283292159142,"Cuneiform (Uruk III)"
"Cuneiform (Uruk III)","|DUG~bx(SZE~a.NAM2)| _ N01 _ |DUG~bxX| _ N01 _ |DUG~bxKU6~a|",9,5,0.0575262737252672,-0.413495063548134,0.654850763158647,-0.730283292159142,"Cuneiform (Uruk III)"
"Cuneiform (Uruk III)","N01 _ KI _ |SAG+NAM2| _ N01 _ DU _ AN _ NUN~a _ AD~a _ N01 N01 N01 N01 N01 _ MUNU3 _ N14 _ KAR2~a _ ME~a _ N01 N01 N01 _ KAD4~b _ N01 N01 N01 _ ZA~v",41,14,1.07678262708798,1.53074924090483,-0.383062002969457,0.116459218057386,"Cuneiform (Uruk IV)"
"Cuneiform (Uruk III)","N01 _ APIN~a _ SUHUR _ N01 _ MAR~a _ APIN~a _ N01 _ N01 _ DILMUN _ ZAG~a _ N01 _ GAL~a _ DU6~b _ N01 _ N01",29,9,0.444913911444764,0.679274280500534,-0.533924050599598,-0.730283292159142,"Cuneiform (Uruk III)"
"Cuneiform (Uruk III)","N01 _ NAMESZDA _ N01 _ KAB _ N01 _ DI _ N01 _ GAL~a _ N01 _ GAL~a _ N01",21,6,-0.0908441109684354,-0.198915679289244,-0.653332235017278,-0.730283292159142,"Cuneiform (Uruk III)"
"Cuneiform (Uruk III)","N01 _ NAMESZDA _ N01",5,3,-0.911951943591101,-1.27332176227588,0.870316198152326,-0.730283292159142,"Cuneiform (Uruk III)"
"Cuneiform (Uruk III)","|DUG~bxKASKAL| _ KASZ~b",3,3,-0.798127953617908,-1.46063427322558,2.80950511309546,-0.730283292159142,"Cuneiform (Uruk III)"
"Cuneiform (Uruk III)","N01 _ N01 _ SUHUR _ N01 _ N01 _ SUHUR _ N01 _ N01",15,3,-1.07890162279755,-1.493454766137,-1.06887271679081,-0.730283292159142,"Cuneiform (Uruk III)"
"Cuneiform (Uruk III)","N01 _ N01 _ N01",5,2,-1.9068761703707,-1.86821793154588,-0.0992782593192406,-0.730283292159142,"Cuneiform (Uruk III)"
"Cuneiform (Uruk III)","N01 _ N01 _ MUD3~a@g",5,3,-0.911951943591101,-1.22867276903075,0.870316198152326,-0.730283292159142,"Cuneiform (Uruk III)"
"Cuneiform (Uruk III)","NAM2 _ N01 _ GISZ _ LAM~b _ N01 _ N01 _ MES _ N01 _ RU _ MES _ N01 _ MES _ MES _ MES _ N01 _ SZE3 _ A _ N01 _ TAK4~a _ SU~a _ N01 _ |GIR~b.GIR~b| _ N01 _ N01 _ KISZIK~a _ AB~a _ U2~b _ N01 _ GAL~a _ SZA _ N01 _ SZA _ N01 _ N01 _ GISZ _ N01 _ NAGAR~a _ GUL _ N01 _ NAGAR~a _ GUL _ N01 _ SZIR~a _ GISZ _ N01 _ SZIR~a _ N01 _ N01 _ GISZ _ N01 _ GISZ _ N01 _ GISZ _ N01 _ NAGA~a _ N01 _ NAGA~a _ N01 _ DA~a _ U2~b _ N01 _ GISZ _ U4 _ N01 _ IN~b _ HI _ N01 _ GUM~b _ N01 _ GUM~b _ GISZ _ N01 _ N01 _ UR4~a _ U4 _ N01 _ UR4~a _ SIG _ N01 _ GISZ@t _ SI _ N01 _ TAG~b _ N01 _ |BAD&BAD| _ N01 _ BAD _ N01 _ N14 _ N01 N01 N01 N01 N01 N01 N01 N01 N01 _ HI _ KASKAL _ GI",193,36,1.53703803993416,2.18595614814222,-1.13418218801946,-0.553878602530698,"Cuneiform (Uruk III)"
"Cuneiform (Uruk III)","N01 _ ZATU647 _ ZATU647 _ ZATU647 _ ZATU647 _ N01 _ SZITA~a1 _ SZITA~a1 _ N01 _ N01 _ N01",21,4,-0.443382530633924,-0.629908378123094,-1.11504388143231,-0.730283292159142,"Cuneiform (Uruk III)"
"Cuneiform (Uruk III)","SUM~a _ SUM~a _ SUM~a _ SUM~a _ SUM~a _ SUM~a _ SUM~a _ N01 _ AN _ HI _ N01 _ KAR2~a _ KAB _ N01 _ ZATU684 _ AMA~b _ N01 _ NI~b _ BAHAR2~a _ N01 _ DU _ |GISZxSZU2~b| _ N01 _ SAR~a _ A _ N01 _ GISZ _ SAR~a _ A _ N01 _ SAR~a _ A",63,16,1.20752756589414,1.52821450508369,-0.807236117155623,-0.730283292159142,"Cuneiform (Uruk III)"
"Cuneiform (Uruk III)","DI _ N01 _ PA~a _ RAD~a _ N01 _ AB~a _ ME~a _ N01 _ GAL~a _ |1(N58).BAD~a| _ NESAG2~a _ TUR3~a _ GAL~a _ UMUN2 _ ERIN _ UMUN2 _ UMUN2 _ N01 _ GAL~a _ N01 _ GAL~a _ |ZATU737xDI| _ N01 _ SANGA~a _ |ZATU737xDI| _ |ZATU737xSAL| _ ISZ~b _ TAG~a2 _ MUSZ3~a _ N01 _ BU~a _ NUN~a _ N01 _ BU~a _ SANGA~a _ NUN~a _ ME~a _ N01 _ NUN~a _ SANGA~a",79,21,1.71304383032801,1.8295570762764,-0.749765680154594,-0.730283292159142,"Cuneiform (Uruk III)"
"Cuneiform (Uruk III)","ZA~v _ AN _ GIR2~a _ DA~a _ KISZ _ GA~b _ GARA2~a _ N01 _ N01 _ N01 N01 N01 N01 N01 _ MUNU3 _ N01 N01 N01 N01 N01 _ N01 N01 N01 N01 N01",37,10,0.25602350835768,0.393220728718394,-0.728204393895393,0.680954224868403,"Cuneiform (Uruk IV)"
"Cuneiform (Uruk III)","N01 N01 N01 N01 N01 _ MUNU3 _ N01 N01 N01 N01 N01 _ GAZI _ HALUB _ N01 N01 N01 _ ZA~v _ N01 N01 N01 N01 _ AN _ GIR2~a _ N14",34,9,0.0717552739336116,0.732920489742736,-0.755180392314713,0.937542864327959,"Cuneiform (Uruk IV)"
"Cuneiform (Uruk III)","N01 _ NAMESZDA _ N01 _ NAM2 _ KAB _ N01 _ NAM2 _ DI _ N01 _ NAM2 _ NAM2 _ N01 _ NAM2 _ URU~a1 _ N01 _ NAM2 _ ERIN _ N01 _ GAL~a _ SZUBUR _ N01 _ NAM2 _ APIN~a _ N01 _ |SZE~a.NAM2| _ N01 _ PA~a _ NAM2 _ RAD~a _ AB~a _ ME~a _ |1(N58).BAD~a| _ N01 _ GAL~a _ TE _ N01 _ GAL~a _ SUKKAL _ N01 _ GADA~a _ SUKKAL _ N01 _ GAL~a _ GA~a _ N01 _ SIG2~b _ GA~a _ N01 _ GAL~a _ KISAL~b2 _ N01 _ GAL~a _ NIM~a _ N01 _ GAL~a _ SILA4~b _ N01 _ GAL~a _ SZAB~a _ N01 _ SU3 _ SZAB~a _ N01 _ GAL~a _ NESAG2~a _ N01 _ GAL~a _ TUR3~a _ N01 _ GAL~a _ UMUN2 _ N01 _ ERIN _ UMUN2 _ UMUN2 _ N01 _ AB~a _ UMUN2 _ N01 _ GAL~a _ AK~a _ N01 _ GAL~a _ IM~a _ IM~a _ TUR _ N01 _ GAL~a _ SZA _ N01 _ GAL~a _ ERIN _ N01 _ GAL~a _ N01 _ GAL~a _ |ZATU737xDI| _ N01 _ SANGA~a _ |ZATU737xDI| _ N01 _ SANGA~a _ |ZATU737xX| _ N01 _ SANGA~a _ |ZATU737xSAL| _ N01 _ GAL~a _ ISZ~b _ N01 _ GAL~a _ TAG~a2 _ N01 _ GAL~a _ SANGA~a _ N01 _ DUB~a _ SANGA~a _ N01 _ SAG _ SUG5 _ N01 _ N01 _ ZATU725 _ N01 _ N01 _ N01 _ N01 _ GALGA~a _ N01 _ LAGAR~a _ IB~a _ N01 _ LAGAR~a _ GAR _ N01 _ MUSZ3~a _ N01 _ N01 _ NIMGIR _ N01 _ ENKUM _ N01 _ NINKUM _ N01 _ GAL~a _ ISZ~a _ N01 _ N01 _ SUHUR _ N01 _ SUHUR _ N01 _ N01 _ MAR~a _ APIN~a _ N01 _ N01 _ SZIDIM _ NIGIN _ N01 _ GAL~a _ KAK~a _ N01 _ GAL~a _ SZAGAN _ N01 _ N01 _ N01 _ N01 _ GAL~a _ N01 _ MUSZ3~a _ EZEN~b _ N01 _ DU _ EZEN~b _ N01 _ GAL~a _ ZAG~a _ N01 _ ZAG~a _ N01 _ ZAG~a _ N01 _ DILMUN _ N01 _ GAL~a _ N01 _ KISAL~b1 _ N01 _ KUR~a _ N01 _ KU~b2 _ BA _ AN _ EN~a",393,69,1.95633794271595,3.0020417548202,-1.18729646732169,-0.730283292159142,"Cuneiform (Uruk III)"
"Cuneiform (Uruk III)","SANGA~a _ ENKUM _ N01 _ NINKUM _ N01 _ GAL~a _ ISZ~a _ N01 _ GAL~a _ N01 _ MUSZ3~a _ N01 _ DU _ EZEN~b _ N01 _ GAL~a _ ZAG~a _ N01 _ GAL~a _ SIPA _ N01 _ GAL~a _ GURUSZDA",45,13,0.89096245444063,0.986088121121417,-0.637941846803444,-0.730283292159142,"Cuneiform (Uruk III)"
"Cuneiform (Uruk III)","TAK4~a _ MAR~b _ N01 _ AN _ TAK4~a _ MAR~b _ N01 _ USZ~b _ N01 _ AN _ USZ~b _ N01 _ TAR~a _ N01 _ N01",29,7,0.329203680016714,-0.128742651160723,-0.868266966969102,-0.730283292159142,"Cuneiform (Uruk III)"
"Cuneiform (Uruk III)","N01 _ N01 _ NAM2 _ NAM2 _ N01 _ NAM2 _ URU~a1 _ N01 _ NAM2 _ ERIN _ N01 _ GAL~a _ SZUBUR _ N01 _ N01",29,7,0.0713117378789626,0.237384374146381,-0.868266966969102,-0.730283292159142,"Cuneiform (Uruk III)"
"Cuneiform (Uruk III)","N01 _ LAGAR~a _ IB~a _ N01 _ LAGAR~a _ N01 _ MUSZ3~a",13,5,-0.0707547054882332,-0.498885640592866,-0.173862448355513,-0.730283292159142,"Cuneiform (Uruk III)"
"Cuneiform (Uruk III)","N01 _ ZATU725 _ N01 _ DAM _ N01 _ NUN~a _ BU3 _ KAR2~a _ ME~a _ GALGA~a _ ME~a _ N01 _ BU~a _ N01",27,10,0.798458464340153,1.06711641805628,-0.242921882648363,-0.730283292159142,"Cuneiform (Uruk III)"
"Cuneiform (Uruk III)","|DUG~bxSIG7| _ N01 _ |DUG~bxSIG7| _ NIM~a _ AGAR2 _ PU2 _ PU2 _ PU2 _ E2~a _ N01 _ ALIM _ NUN~a _ N01 _ |ZATU662x1(N14)| _ N01 _ EN~a _ |ZATU662x1(N14)| _ N01 _ ZATU662 _ N01 _ EN~a _ ZATU662 _ N01 _ SZA3~a1 _ AB2 _ N01 _ SZA3~a1 _ AB2 _ TUG2~a@g _ N01 _ LUM _ TUG2~a _ N01 _ LUM _ A _ TUG2~a@g _ N01 _ N57 N57 N57 _ AB2 _ TUG2~a _ N01 _ N57 N57 N57 _ AB2",89,19,1.66736303291352,1.39769229617831,-1.00350679830958,-0.537841812564476,"Cuneiform (Uruk III)"
"Cuneiform (Uruk III)","N01 _ N01 _ N01 _ APIN~a _ N01 _ GI _ N01 _ ZATU751~a _ N01 _ SUG _ N01 _ BA _ KI _ N01 _ SAR~a _ SZAGAN _ N01 _ NAGAR~b _ SZAGAN",37,11,0.593670435691139,1.2777180399542,-0.597178115858695,-0.730283292159142,"Cuneiform (Uruk III)"
"Cuneiform (Uruk III)","NAM~d _ KU6~a _ KU6~a _ N01 _ KUSZU2~c _ KA~a _ N01 _ N01 _ N01",17,6,0.109258940338491,-0.0723635715452466,-0.327418131665493,-0.730283292159142,"Cuneiform (Uruk III)"
"Cuneiform (Uruk III)","A _ NU _ KU6~a _ NU _ AN _ KU6~a _ N01 _ N01 _ NU _ N01 _ NU _ N01 _ ME~a _ GISZIMMAR~b1 _ N01 _ ME~a _ AN _ GISZIMMAR~b1 _ N01 _ GISZIMMAR~b1 _ N01 _ AN _ GISZIMMAR~b1 _ N01 _ GIR2~a _ N01 _ AN _ GIR2~a _ N01",57,9,0.605494140357911,0.0799059962034188,-1.27299786573219,-0.730283292159142,"Cuneiform (Uruk III)"
"Cuneiform (Uruk III)","N01 _ N01 _ KU6~a _ N01 _ KU6~a _ N01 _ N01 _ N01",15,3,-1.07890162279755,-1.34590892068994,-1.06887271679081,-0.730283292159142,"Cuneiform (Uruk III)"
"Cuneiform (Uruk III)","N01 _ GI6 _ AB2 _ N01 _ SZU _ AB2 _ N01 _ SZU _ BAR _ AB2 _ N01 _ BAR _ MUL _ AB2 _ N01 _ AB2 _ N01 _ N01 _ N01 _ AB2 _ N01 _ N01 _ E2~a _ N01 _ NE~a _ GU4 _ N01",53,10,0.388757280642292,0.336528271899341,-1.12375542193071,-0.730283292159142,"Cuneiform (Uruk III)"
"Cuneiform (Uruk III)","GU4 _ GU4 _ GU4 _ GI _ GI _ BAR _ AMAR _ N01 _ DARA4~a1 _ AMAR _ N01 _ DARA4~a1 _ AMAR _ N01 _ DARA4~a1 _ AMAR _ N01 _ SAG _ DARA4~a1 _ AMAR _ N01 _ AM~b _ N01 _ N01 _ SZU _ N01",51,10,0.688943600891225,0.261706373875818,-1.08788437281966,-0.730283292159142,"Cuneiform (Uruk III)"
"Cuneiform (Uruk III)","N01 _ NI~b _ N01 _ HI _ NI~b _ N01 _ N58 N58 N58 N58 N58 N58 N58 N58 N58 N58 _ NI~b _ N01 _ IR~a _ IR~a _ IR~a _ N01 _ N01 _ N01 _ |DUG~bxX| _ N01 _ |DUG~bxX| _ N01 _ |DUG~bxX| _ N01 _ |DUG~bxX| _ |DUG~bxX| _ N01 _ |DUG~bxX| _ N01 _ N01 _ |DUG~bxX| _ N01 _ |DUG~bxX| _ N01 _ |DUG~bxX| _ N01 _ |DUG~bxX| _ N34 _ N14 N14 _ NAMESZDA",83,10,0.714144401302234,-0.0829356455887646,-1.45437412759276,-0.213976883490528,"Cuneiform (Uruk III)"
"Cuneiform (Uruk III)","N01 _ N01 _ N01 _ HI _ SAR~c _ N01 _ GISZ _ N01 _ BIR3~c _ APIN~a _ N01 _ GI",23,8,0.302925503383555,0.713704721554594,-0.352215943877039,-0.730283292159142,"Cuneiform (Uruk III)"
"Cuneiform (Uruk III)","N01 _ BALA~a _ MUSZEN _ RAD~a _ ISZ~b",9,6,0.458802682370009,0.185171125267119,1.19351435064285,-0.730283292159142,"Cuneiform (Uruk IV)"
"Cuneiform (Uruk III)","SZAKIR~b _ N01 _ SIG2~a3 _ N01 _ GIR2~a _ N01 _ AN _ GIR2~a _ N01 _ DIM~c",19,7,0.348710434514536,0.0458106814548007,-0.252372121025277,-0.730283292159142,"Cuneiform (Uruk III)"
"Cuneiform (Uruk III)","N01 _ GAL~a _ N01 _ UNUG~a _ N01 _ GAL~a _ KAK~a _ DUG~a _ NU11 _ N01 _ N01 _ N01",23,7,0.14590430000083,0.228122917879528,-0.562997347675205,-0.730283292159142,"Cuneiform (Uruk III)"
"Cuneiform (Uruk III)","N01 _ GAN2 _ GI4~a _ BU~a _ N01 _ BAD3~a",11,6,0.352544522144855,0.13568649971464,0.605881346114624,-0.730283292159142,"Cuneiform (Uruk III)"
"Cuneiform (Uruk III)","EZEN~b _ AN _ E2~a _ A _ NI2",9,6,0.458802682370009,0.185171125267119,1.19351435064285,-0.730283292159142,"Cuneiform (Uruk IV)"
"Cuneiform (Uruk III)","GAL~a _ UMUN2 _ ERIN _ UMUN2 _ SANGA~a _ UMUN2 _ GAL~a _ UMUN2",15,5,-0.174852959757629,-0.439476008829444,-0.422476411809765,-0.730283292159142,"Cuneiform (Uruk III)"
"Cuneiform (Uruk III)","TAG~a1 _ GAL~a _ SANGA~a _ SANGA~a _ N01 _ GAL~a _ N01 _ GAL~a _ N01 _ ENGIZ",19,6,0.20522270229397,-0.370186579848542,-0.507528557202003,-0.730283292159142,"Cuneiform (Uruk III)"
"Cuneiform (Uruk III)","SUKKAL _ N01 _ GAL~a _ GA~a _ N01 _ SIG2~b _ GA~a",13,6,0.31190845865778,-0.015760011411711,0.199058496825859,-0.730283292159142,"Cuneiform (Uruk III)"
"Cuneiform (Uruk III)","N01 _ SANGA~a _ NUN~a _ ME~a _ N01 _ NUN~a _ SANGA~a _ N01 _ ENKUM",17,6,0.241515071027156,-0.155238859124843,-0.327418131665493,-0.730283292159142,"Cuneiform (Uruk III)"
"Cuneiform (Uruk III)","ISZ~b _ TAG~a1 _ GAL~a _ SANGA~a _ SANGA~a",9,5,0.0575262737252672,-0.310575682457885,0.654850763158647,-0.730283292159142,"Cuneiform (Uruk III)"
"Cuneiform (Uruk III)","N01 _ MUSZ3~a _ N01 _ BU~a _ NUN~a _ ME~a",11,6,0.352544522144855,0.245666701252568,0.605881346114624,-0.730283292159142,"Cuneiform (Uruk III)"
"Cuneiform (Uruk III)","N01 _ SZA _ N01 _ GAL~a _ ERIN _ N01 _ GAL~a _ GISZGAL _ N01",17,6,0.109258940338491,-0.070486564294857,-0.327418131665493,-0.730283292159142,"Cuneiform (Uruk III)"
"Cuneiform (Uruk III)","AD~a _ N01 _ AMAR _ GARA2~a _ SUHUR _ N01",11,6,0.352544522144855,0.102597546706412,0.605881346114624,-0.730283292159142,"Cuneiform (Uruk III)"
"Cuneiform (Uruk III)","MUNU3 _ N01 N01 N01 N01 N01 _ GAZI _ N01 N01 N01 N01 N01 _ HALUB _ N01",19,5,-0.709461467872792,-0.444119496114779,-0.762684993378734,1.15136673054425,"Cuneiform (Uruk IV)"
"Cuneiform (Uruk III)","N01 _ PIRIG~b1 _ N01 _ SZE3 _ N01 _ N01 _ SAL _ NE~a _ N01 _ EN~a _ GAN2 _ AD~a _ N01",25,9,0.497891757754997,0.924416947719042,-0.293197150813554,-0.730283292159142,"Cuneiform (Uruk III)"
"Cuneiform (Uruk III)","N01 _ NAM2 _ N01 _ GI _ N01",9,4,-0.495209407818964,-0.678636160095334,0.116187175674438,-0.730283292159142,"Cuneiform (Uruk III)"
"Cuneiform (Uruk III)","N01 _ NI~a _ N01 _ DUG~b _ N01",9,4,-0.495209407818964,-0.678636160095334,0.116187175674438,-0.730283292159142,"Cuneiform (Uruk III)"
"Cuneiform (Uruk III)","N01 _ EN~a _ ZATU662 _ N01 _ EN~a",9,4,-0.343750134919475,-0.81120959324036,0.116187175674438,-0.730283292159142,"Cuneiform (Uruk III)"
"Cuneiform (Uruk III)","KISAL~b1 _ N01 _ |AB~axZATU659| _ N01",7,4,-0.333314154284691,-0.806223555217039,0.731802704227814,-0.730283292159142,"Cuneiform (Uruk III)"
"Cuneiform (Uruk III)","N01 _ N01 _ EN~a _ BA _ ZATU647 _ N01 _ EN~a _ BA _ ZATU647 _ TUG2~a _ N01 _ ILDUM~b _ N01",25,7,0.346218992348101,0.000382040590128168,-0.681034933802181,-0.730283292159142,"Cuneiform (Uruk III)"
"Cuneiform (Uruk III)","N01 _ N01 _ N01 _ ZABALAM~a",7,3,-1.04397431627013,-1.14354813688475,0.0392352346052708,-0.730283292159142,"Cuneiform (Uruk III)"
"Cuneiform (Uruk III)","N01 _ SAG _ DARA4~a1 _ N01 _ N01 _ U4 _ AL _ GU4 _ GU4",17,7,0.453955522662611,0.47094085550016,-0.0422432912326778,-0.730283292159142,"Cuneiform (Uruk III)"
"Cuneiform (Uruk III)","N14 _ U8 _ N01 _ N14 _ UD5~a",9,5,0.0575262737252672,-0.259836795428412,0.654850763158647,-0.730283292159142,"Cuneiform (Uruk III)"
"Cuneiform (Uruk III)","N01 _ |NU11&NU11| _ KU6~a",5,4,-0.189654408030558,-0.776440117465328,1.83991065562389,-0.730283292159142,"Cuneiform (Uruk IV)"
"Cuneiform (Uruk III)","N14 _ N01 _ KAL~a _ N01 _ AMAR _ N14 _ N14",13,5,-0.0707547054882332,-0.338533199814685,-0.173862448355513,-0.730283292159142,"Cuneiform (Uruk III)"
"Cuneiform (Uruk III)","AB2 _ N01 _ N01 _ N01",7,3,-1.04397431627013,-1.38134668196846,0.0392352346052708,-0.730283292159142,"Cuneiform (Uruk III)"
"Cuneiform (Uruk III)","GU4 _ GU4 _ GU4 _ N01 _ N01 _ N57 N57 N57 _ N01",15,4,-0.189654408030558,-0.29274945208771,-0.745674564300284,-0.12546721343305,"Cuneiform (Uruk IV)"
"Cuneiform (Uruk III)","MUSZEN _ MUSZEN _ N01 _ MUSZ _ N01 _ NIN _ X _ N01",15,6,0.215803166876374,0.203934334592013,-0.0992782593192406,-0.730283292159142,"Cuneiform (Uruk III)"
"Cuneiform (Uruk III)","N02 _ N01 _ N01 _ AN _ KI _ LAGAB~b _ ME~a _ N01 _ |DU8~cxUDU~a| _ N01 _ GI _ N01 _ N01 _ N01 _ N01 _ DU _ N01 _ DU _ N01",37,10,0.364782353638241,0.437655193696551,-0.728204393895393,-0.730283292159142,"Cuneiform (Uruk III)"
"Cuneiform (Uruk III)","N01 _ N01 _ DU _ DU _ N01 _ NINDA2",11,4,-0.428010824373396,-0.66369065728369,-0.275568160677706,-0.730283292159142,"Cuneiform (Uruk III)"
"Cuneiform (Uruk III)","BARA3 _ KI _ N01 _ N01 _ N01 _ SI _ N01 _ MUD3~a _ N01 _ N01",19,6,-0.174933895369466,-0.161341570935987,-0.507528557202003,-0.730283292159142,"Cuneiform (Uruk III)"
"Cuneiform (Uruk III)","N01 _ N01 _ N01",5,2,-1.9068761703707,-1.86821793154588,-0.0992782593192406,-0.730283292159142,"Cuneiform (Uruk III)"
"Cuneiform (Uruk III)","N01 _ KI _ SAG _ AD~a _ N01 _ U4 _ DU _ HAL _ ABGAL _ AD~a _ N01 N01 N01 N01 N01 _ MUNU3 _ N01 N01 N01 N01 N01 _ GAZI",35,11,0.797424811713263,0.867425758956638,-0.514818741092771,0.265884366919127,"Cuneiform (Uruk IV)"
"Cuneiform (Uruk III)","|DUG~bxX| _ |DUG~bxX| _ |DUG~bxX| _ N01 _ |DUG~bxX| _ N01 _ |DUG~bxNAGA~a| _ |DUG~bxX| _ N01 _ |DUG~bx(SZE~a.NAM2)| _ N01 _ N01 _ N01 _ |DUG~bxSIG7| _ N01 _ |DUG~bxSIG2~a2| _ |DUG~bxHI| _ N01 _ N01 _ |DUG~bxSI4~a| _ N01 _ SZAKIR~a",43,10,0.382257802004344,0.810212606768266,-0.91103175859776,-0.730283292159142,"Cuneiform (Uruk III)"
"Cuneiform (Uruk III)","N01 _ U4 _ N01 _ |DUG~bxX| _ N01 _ |DUG~bx(SZE~a.NAM2)| _ N01 _ |DUG~bx(1(N57).KU3~a)| _ N01",17,6,-0.0617174343415384,0.0568496036898032,-0.327418131665493,-0.730283292159142,"Cuneiform (Uruk III)"
"Cuneiform (Uruk III)","UMUN2 _ KU3~a _ UMUN2 _ KU3~a _ AK~a _ |ZATU737xX| _ N01 _ N01 _ GAL~a _ N01 _ GAL~a",21,7,0.489993817103154,0.272882781804963,-0.422476411809765,-0.730283292159142,"Cuneiform (Uruk III)"
"Cuneiform (Uruk III)","GESZTU~b _ TE _ N01 _ AMA~a _ UNUG~a _ N01 _ ZATU687 _ GAL~a _ N01 _ KUR~a _ E2~a _ N01 _ N57 N57 N57 _ TE _ N01 _ MUSZEN",33,12,1.2370742995853,1.21494794194654,-0.275568160677706,-0.465676257716477,"Cuneiform (Uruk III)"
"Cuneiform (Uruk III)","N01 _ BU~a _ SZA3~a1 _ N01 _ SI _ AN _ PAP~a _ N01 _ DU _ AN _ SZUBUR _ N01 _ TAK4~a _ SI4~a",27,11,1.03986905868693,1.24769229577488,-0.0633673534869625,-0.730283292159142,"Cuneiform (Uruk III)"
"Cuneiform (Uruk III)","N01 _ N14 _ KAR2~b _ N14 _ U8 _ N01 _ UDUNITA~a _ N01 N01 N01 N01 N01 _ N14 _ N14",23,6,0.0974407530615263,0.00619002161341793,-0.773778751473375,0.0394826262195207,"Cuneiform (Uruk IV)"
"Cuneiform (Uruk III)","N01 _ AB2 _ N01 _ AB2 _ N01 _ AB2 _ N01 _ E2~a _ GU4 _ N01 _ NE~a _ GU4 _ N01 _ U4 _ GU4",29,7,0.235194476148083,0.0857702255612271,-0.868266966969102,-0.730283292159142,"Cuneiform (Uruk III)"
"Cuneiform (Uruk III)","GIR2~a _ AN _ N01 _ DIM~c _ N01 _ AN _ DIM~c _ N01 _ DIM~c _ SI _ SZIR~a _ SZITA~a1 _ N01 _ AN _ DIM~c _ SI _ SZIR~a _ SZITA~a1 _ N01 _ AGAR2 _ N01 _ N01",43,9,0.651966618972042,-0.0601960824184267,-1.02377530016422,-0.730283292159142,"Cuneiform (Uruk III)"
"Cuneiform (Uruk III)","N01 _ GAL~a _ N01 _ NAM2 _ APIN~a _ N01 _ |SZE~a.NAM2| _ N01 _ PA~a _ NAM2 _ RAD~a _ N01 _ AB~a _ ME~a _ N01 _ GAL~a _ |1(N58).BAD~a| _ N01 _ EN~a _ IB~a _ N01 _ GAL~a _ SZITA~a1 _ N01 _ ABGAL _ N01 _ KINGAL _ N01 _ GAL~a _ TE _ SUKKAL _ N01 _ N01 _ GAL~a _ N01 _ N01 _ GAL~a _ N01 _ GAL~a _ N01 _ GAL~a _ SZAB~a _ N01 _ BU~a _ SZAB~a _ N01 _ GAL~a _ NESAG2~a _ N01 _ GAL~a _ TUR3~a _ N01 _ GAL~a _ UMUN2 _ N01 _ ERIN _ UMUN2 _ N01 _ UMUN2 _ N01 _ N01 _ N01 _ SANGA~a _ N01 _ GAL~a _ N01 _ GAL~a _ ISZ~b",135,26,1.12138644932443,1.55678639478668,-1.10478362262309,-0.730283292159142,"Cuneiform (Uruk III)"
"Cuneiform (Uruk III)","DIM~c _ DIM~c _ AN _ N01 _ NAGAR~b _ N01 _ NAGAR~b _ SZITA~a1 _ N01 _ NAGAR~b _ ME~a _ N01 _ NAGAR~b _ ME~a _ N01 _ N01 _ N01",33,7,0.214716991918521,-0.215434448047451,-1.01010941633799,-0.730283292159142,"Cuneiform (Uruk III)"
"Cuneiform (Uruk III)","KU6~a _ KU6~a _ MUSZEN _ KU6~a _ N01 _ DAR~c _ KU6~a _ N01 _ MUN~a4 _ KU6~a _ N01 _ KUSZU2~c _ KU6~a _ N01 _ BU~a _ N01 _ |GA2~a1xU4| _ N01 _ |GA2~a1xPAP~a| _ N01 _ |GA2~a1xA| _ N01 _ |GA2~a1xKU6~a| _ N01 _ N01 _ N01",51,12,0.57567761638353,1.03184435268397,-0.897767812531118,-0.730283292159142,"Cuneiform (Uruk III)"
"Cuneiform (Uruk III)","N01 _ SZA3~a1 _ URI _ N01 _ GAR _ MUNU3 _ GAZI _ HALUB _ N01 N01 N01 N01 _ N14 _ DA~a _ KISZ _ N14 _ GA~b _ N14",32,12,1.21717068373638,1.53381727761481,-0.220477566503187,-0.320569174312435,"Cuneiform (Uruk IV)"
"Cuneiform (Uruk III)","DI _ N01 _ U2~b _ SAG _ N01 _ GISZ3~b _ N01 _ N01",15,6,0.0659128854292127,-0.125127453346628,-0.0992782593192406,-0.730283292159142,"Cuneiform (Uruk III)"
"Cuneiform (Uruk III)","N01 _ |DUG~bx1(N57)| _ N01 _ N01 _ MUD3~a _ N01 _ LAHTAN2 _ N01 _ NI~b _ NI~b _ N01 _ |DUG~bxSZE~a| _ N01 _ N01 _ |DUG~bxX| _ N01 _ N01 _ N01",35,8,-0.0494870938793375,0.290167865356459,-0.930359222866296,-0.730283292159142,"Cuneiform (Uruk III)"
"Cuneiform (Uruk III)","N01 _ NAM2 _ PA~a _ N01 _ NAM2 _ PA~a _ GIR3~c _ N01 _ UB _ SAG _ N01 _ ZATU725",23,8,0.578480050774578,0.434178773410465,-0.352215943877039,-0.730283292159142,"Cuneiform (Uruk III)"
"Cuneiform (Uruk III)","N01 _ EN~a _ GU4 _ N01 _ EN~a _ GU4",11,4,-0.304089601092013,-0.990121901197904,-0.275568160677706,-0.730283292159142,"Cuneiform (Uruk III)"
"Cuneiform (Uruk III)","N01 _ URI5 _ N01 _ EN~a _ KID~a _ N01 _ ARARMA2~a _ N01 _ UNUG~a",17,7,0.321699391973946,0.339283040511855,-0.0422432912326778,-0.730283292159142,"Cuneiform (Uruk III)"
"Cuneiform (Uruk III)","SZAKIR~b _ SIG2~a3 _ N01 _ N01 _ SZU2 _ GU _ N01 _ SZU2 _ GU _ N01 _ GAL~a _ N34 _ N14 _ N01",27,9,0.66469966145856,0.481377989992792,-0.422476411809765,-0.730283292159142,"Cuneiform (Uruk III)"
"Cuneiform (Uruk III)","USZ~a _ USZ~a _ N01 _ EDIN _ N01 _ AN _ EDIN _ N01 _ ZATU777 _ N01 _ ZATU777 _ KI",23,7,0.421458847391852,0.0949897659771129,-0.562997347675205,-0.730283292159142,"Cuneiform (Uruk III)"
"Cuneiform (Uruk III)","N01 _ GISZ _ LAM~a _ N01 _ GISZ _ KUR@g~a _ N01 _ GISZ _ DUR2 _ NUNUZ~b1 _ N01 _ GISZ _ GI6 _ N01 _ GISZ _ LAGAB~a _ GISZ _ SAR~a _ N01 _ GISZ _ DIN _ N01 _ GISZ _ MA _ N01 _ GISZ _ HASZHUR _ N01 _ GISZ _ BU~a _ NUN~a _ GI _ N01 _ GISZ _ GESZTIN~a _ BU~a _ N01 _ N01 _ GISZ _ N01 _ GISZ _ N01 _ GISZ _ GAL~a _ N01 _ GISZ _ N01 _ GISZ _ N01 _ GISZ _ N01 _ GISZ _ U4 _ N01 _ GISZ _ N01",111,19,0.684295900392553,0.939588997239329,-1.20863408002995,-0.730283292159142,"Cuneiform (Uruk III)"
"Cuneiform (Uruk III)","ZATU732 _ N01 _ SZAKIR~b _ N01 _ SIG2~c2 _ N01 _ GIR2~a _ N01 _ GIR2~a _ DIM~c _ N01 _ SZU2 _ GU _ N01 _ AN _ SZU2 _ GU _ N01 _ GAL~a _ TUN3~a _ N01 _ SZU _ TUN3~a _ N34 _ N14 _ NAMESZDA _ N57 N57 _ KID~a",56,18,1.59035563880262,1.96066888933607,-0.480190367611644,-0.653306700321276,"Cuneiform (Uruk III)"
"Cuneiform (Uruk III)","KUR~a _ N01 N01 N01 _ KUR~a _ N01 _ N01 _ N16 _ N01 _ N17 _ N01 _ U4 _ GAR _ N01 _ BU~a _ N01 _ U4 _ N01 _ GAL~a _ GAR _ N01 _ GAL~a _ N01 _ GUG2 _ N01 _ GUG2 _ GUG2 _ N01 _ SZITA~b3 _ |LAGAB~axSZA| _ N01 _ |LAGAB~axSZITA~a1| _ |LAGAB~axSZA| _ N01 _ N01 _ N01 _ N01 _ DARA3~d _ SZITA~a1 _ N01 _ |GISZxSZU2~b| _ SZITA~a1",81,16,0.892176503896609,1.29382662675417,-1.0808430187349,-0.624440478382076,"Cuneiform (Uruk III)"
"Cuneiform (Uruk III)","N01 _ N01 _ N01 _ N01 _ N01 _ N01 _ N01 _ N01 _ N01 _ N01 _ |GISZxSZU2~b| _ N01 _ N01 _ N01 _ N01",29,3,-1.52592998668007,-1.38657799128742,-1.53695279970812,-0.730283292159142,"Cuneiform (Uruk III)"
"Cuneiform (Uruk III)","GUN3~b _ MUSZEN _ N01 _ SZU _ MUSZEN _ N01 _ GA~b _ TUN3~a _ MUSZEN _ N01 _ DA~a _ MA _ MUSZEN _ N01 _ ZATU621~a _ MUSZEN",31,10,0.72995356890698,0.66503699772676,-0.47460514608243,-0.730283292159142,"Cuneiform (Uruk III)"
"Cuneiform (Uruk III)","N01 _ GIR2~a _ SZA3~a1 _ N01 _ AN _ GIR2~a _ SZA3~a1 _ GIR2~a",15,5,-0.0249626783104673,-0.53644652947991,-0.422476411809765,-0.730283292159142,"Cuneiform (Uruk III)"
"Cuneiform (Uruk III)","N01 _ N01 _ N01 _ DA~a _ KISZ _ N14 _ GA~b _ N14 _ GARA2~a _ N14 _ AB2 _ N01 _ GU4 _ U8 _ N01 _ N45 _ N45 _ KI _ N01 _ N01",39,12,0.924281006004978,1.32368209967692,-0.546783393536886,-0.730283292159142,"Cuneiform (Uruk III)"
"Cuneiform (Uruk III)","N01 _ N01 _ ISZ~b _ N01 _ NAR _ N01 _ UB _ SZA3~a1 _ N01 _ GAR _ N01 N01 N01 _ N01 N01 N01 N01 _ AN _ GIR2~a _ N14",34,10,0.4107906016701,0.995132423696963,-0.612592972098303,-0.088811693510255,"Cuneiform (Uruk IV)"
"Cuneiform (Uruk III)","N34 N34 _ N14 N14 N14 N14 N14 N14 _ N01 N01 N01 _ EN~a _ SU~a _ SAL _ |GA2~a1xTI|",21,8,1.02309505272925,1.07133171109373,-0.191620588602247,0.963201728273914,"Cuneiform (Uruk IV)"
"Cuneiform (Uruk III)","N01 _ NAGA~a _ DU _ PAP~a",7,5,0.182612656829972,-0.2454016875866,1.42437017385036,-0.730283292159142,"Cuneiform (Uruk IV)"
"Cuneiform (Uruk III)","N01 _ AB~a _ ME~a _ N01 _ GAL~a _ |1(N58).BAD~a| _ N01 _ EN~a _ IB~a _ N01 _ GAL~a _ N01 _ ABGAL _ N01 _ N01 _ AB~a _ N01 _ GAL~a _ N01 _ GAL~a _ N01 _ TUR _ N34",45,11,0.585605534374662,0.47200621690087,-0.853407281797128,-0.730283292159142,"Cuneiform (Uruk III)"
"Cuneiform (Uruk III)","DA~a _ KISZ _ N14 _ GA~b _ N14 _ GARA2~a _ N14 _ AB2 _ GU4 _ N01 N01 N01 N01 N01 _ N01 N01 N01 N01 N01 _ HALUB _ N01 N01 N01 N01 N01 _ MUSZEN _ SZE~a _ SI4~a",43,13,1.01661905323459,1.08724646780614,-0.572801133898377,0.479348865293042,"Cuneiform (Uruk IV)"
"Cuneiform (Uruk III)","NAM2 _ E2~b",3,3,-0.798127953617908,-1.46063427322558,2.80950511309546,-0.730283292159142,"Cuneiform (Uruk III)"
"Cuneiform (Uruk III)","KU6~a _ DUR2 _ SI _ N57 _ KU6~a _ N02 _ KU6~a _ N01 _ KID~a _ N01",19,8,0.65712316606769,0.662877473606439,0.00278431515144876,-0.730283292159142,"Cuneiform (Uruk III)"
"Cuneiform (Uruk III)","N01 _ SZE~a _ N01 _ N01 _ N01 _ N01 _ N01 _ N01 _ N01 _ SZE~a _ N01 _ N01 _ N01 _ KA~a _ ZAG~a _ N01 _ UB _ SAG _ ZAG~a _ N01 _ SZENNUR~a _ N01 _ |EZEN~axSU~a| _ N01 _ N01 _ N01 _ KI _ N01 _ KI _ N01 _ KI _ N01 _ KI _ N01 _ KI _ N01 _ KI _ N01 _ KI _ N01 _ N01 _ SAL _ N01 _ N01 _ N01 _ EN~a _ KI _ N01 _ KI _ N01 _ EN~a _ BA _ ZATU647 _ KI _ N01 _ NUN~a _ KI _ N01 _ N02 _ KI _ N01 _ N01 _ KI _ N01 _ KI _ N01 _ KI _ N01 _ N01 _ N01 _ N01 _ N01 _ N01 _ N01 _ ANSZE~b _ KI _ N01 _ NAM2 _ ERIN _ KI _ N01 _ KI _ N01 _ MUD _ KI _ N01 _ KI _ N01 _ PAP~a _ KI _ N01 _ KI _ N01 _ KI _ N01 _ N01 _ N01 _ KI _ N01 _ PAP~a _ PIRIG~b1 _ KI _ N01 _ ASAR _ PAP~a _ KI _ N01 _ SAG _ KI _ N01 _ PIRIG~b1 _ KI _ N01 _ GI _ KI _ N01",231,24,0.434499828263259,0.54259647342356,-1.53478174180961,-0.730283292159142,"Cuneiform (Uruk III)"
"Cuneiform (Uruk III)","NAM2 _ DI _ N01 _ NAM2 _ NAM2 _ N01 _ NAM2 _ URU~a1 _ N01 _ NAM2 _ ERIN _ EN~a _ IB~a _ N01 _ GAL~a _ SZITA~a1 _ N01 _ ABGAL _ N01 _ KINGAL _ N01 _ GAL~a _ N34",45,13,0.985202842818982,1.25462284626322,-0.637941846803444,-0.730283292159142,"Cuneiform (Uruk III)"
"Cuneiform (Uruk III)","EN~a _ IB~a _ GAL~a _ SZITA~a1 _ ABGAL _ N01 _ KINGAL _ N01 _ GAL~a _ TE _ GAL~a _ SUKKAL _ N01 _ N01",27,10,0.855623831505521,0.830790245593806,-0.242921882648363,-0.730283292159142,"Cuneiform (Uruk III)"
"Cuneiform (Uruk III)","MES _ SZU _ SZA _ N01 _ LI",9,6,0.458802682370009,0.185171125267119,1.19351435064285,-0.730283292159142,"Cuneiform (Uruk IV)"
"Cuneiform (Uruk III)","N01 _ KISIM~b _ N01 _ NI~b _ HI _ NI~b _ NI~b _ N01 _ |DUG~bxKASKAL| _ N01 _ KASZ~b _ N01 _ |DUG~bxX| _ N01",27,8,0.353374574261126,0.507648861515012,-0.602030940971166,-0.730283292159142,"Cuneiform (Uruk III)"
"Cuneiform (Uruk III)","N01 _ GA'AR~a1 _ N01 _ SZE3@t _ GA'AR~a1 _ GA'AR~a1 _ GA'AR~a1",13,4,-0.521511774681304,-0.786920276172297,-0.546783393536886,-0.730283292159142,"Cuneiform (Uruk III)"
"Cuneiform (Uruk III)","MA _ N01 _ HASZHUR _ N01 _ ZATU735~b _ N01 _ |HASZHURxMA| _ N01 _ GISZ _ N01 _ N01 _ |SILA3~axNAGA~a| _ N01 _ EN~a _ N01 _ N01 _ SZE~a _ N01 _ KUSZU2~b _ N01 _ N01 _ N01 _ N01",45,11,0.180970925329059,0.661274033475443,-0.853407281797128,-0.730283292159142,"Cuneiform (Uruk III)"
"Cuneiform (Uruk III)","SAG _ N01 _ KU3~a _ E2~a _ |1(N57).SZUBUR| _ N01 _ SZEN~c",13,7,0.589715203104136,0.342143331202728,0.571979442007226,-0.730283292159142,"Cuneiform (Uruk III)"
"Cuneiform (Uruk III)","N01 _ N01 _ GAL~a _ N01",7,3,-1.04397431627013,-1.12924687776377,0.0392352346052708,-0.730283292159142,"Cuneiform (Uruk III)"
"Cuneiform (Uruk III)","|DUG~bxTI| _ N01 _ |DUG~bxMASZ| _ N01 _ |DUG~bxX| _ |DUG~bxX| _ N01 _ |DUG~bxGI6| _ N01 _ |DUG~bxU2~a| _ |DUG~bxKUR@g~a| _ N01 _ |DUG~bxSZAH2~a| _ N01 _ |DUG~bxANSZE~b| _ N01 _ |DUG~bxHI| _ N01 _ |DUG~bxDIN| _ N01 _ SZU2 _ |DUG~bxDIN| _ N01 _ |DUG~bxDIN| _ N01 _ GAN~b _ N01 _ U2~a _ N01 _ U2~a _ PU2 _ N01 _ U2~a _ PU2 _ N01 _ U2~a _ PU2 _ N01 _ U2~a _ PU2 _ N01 _ GA'AR~a1 _ N01 _ GA'AR~a1",87,17,0.984614115225389,0.834098370317027,-1.09116224454877,-0.730283292159142,"Cuneiform (Uruk III)"
"Cuneiform (Uruk III)","AB~a _ ME~a _ N01 _ GAL~a _ |1(N58).BAD~a| _ N01 _ EN~a _ IB~a _ N01 _ GAL~a _ SZITA~a1 _ N01 _ ABGAL _ N01 _ GAL~a _ NESAG2~a _ N01 _ GAL~a _ TUR3~a _ N01 _ UMUN2 _ GAL~a _ N01 _ UMUN2 _ ERIN _ N01 _ UMUN2 _ SANGA~a _ GAL~a _ N01 _ GAL~a _ SANGA~a _ N01 _ DUB~a _ SANGA~a _ N01 _ NINKUM _ N01 _ ENKUM _ N01",79,18,1.12628586508107,1.34764057550723,-0.933865893598563,-0.730283292159142,"Cuneiform (Uruk III)"
"Cuneiform (Uruk III)","|DUG~bxX| _ KASZ~b _ |DUG~bxGESZTU~a| _ |DUG~bxX| _ |DUG~bxX| _ N01 _ |DUG~bxZATU764| _ N01 _ N01 _ |DUG~bxMASZ| _ N01 _ |DUG~bxX| _ N01 _ N01 _ N01",29,7,0.0713117378789626,-0.0724410151012721,-0.868266966969102,-0.730283292159142,"Cuneiform (Uruk III)"
"Cuneiform (Uruk III)","KISIM~b _ NI~b _ NI~b _ N01 _ N57 N57 _ SU~a _ NI~b _ N01 _ E2~a _ SU~a _ NI~b _ N01 _ GAN~a _ N01 _ |DUG~bxKASKAL| _ N01 _ KASZ~b _ N01 _ |DUG~bxGESZTU~a|",38,11,0.94224061431528,0.84174174465382,-0.635106775290371,-0.615858628616368,"Cuneiform (Uruk III)"
"Cuneiform (Uruk III)","N01 _ N01 _ |DUG~bxX| _ N01 _ |DUG~bxX| _ N01 _ |DUG~bxX| _ N01 _ |DUG~bxX| _ N01 _ |DUG~bxX| _ N01 _ N14 N14 _ N01 N01 _ SZE3 _ SZA3~a1 _ KID~b",35,7,0.126013181751528,-0.0566083492630684,-1.06887271679081,-0.481241377389575,"Cuneiform (Uruk III)"
"Cuneiform (Uruk III)","NAM2 _ DI _ NAM2 _ NAM2 _ NAM2 _ URU~a1 _ N01 _ GAL~a _ N01 _ NAM2 _ APIN~a _ N01 _ |SZE~a.NAM2| _ N01 _ PA~a _ NAM2 _ RAD~a _ N01 _ N01 _ EN~a _ N01 _ GAL~a _ SZITA~a1 _ N01 _ ABGAL _ N01 _ KINGAL _ N01 _ GAL~a _ TE _ N01 _ GAL~a _ SUKKAL _ SUKKAL _ N01 _ GAL~a _ GA~a _ N01 _ SIG2~b _ GA~a _ N01 _ GAL~a _ KISAL~b1 _ N01 _ GAL~a _ UMUN2 _ N01 _ ERIN _ N01 _ N01 _ N01 _ GAL~a _ N01 _ N01 _ GAL~a _ N01 _ GAL~a _ N01 _ GAL~a _ N01 _ SANGA~a _ N01 _ SANGA~a _ SANGA~a _ |ZATU737xSAL| _ N01 _ GAL~a _ ISZ~b _ N01 _ GAL~a _ N01 _ GAL~a _ SANGA~a _ N01 _ DUB~a _ SANGA~a",151,25,1.12964761139832,1.45877626496708,-1.23582275582565,-0.730283292159142,"Cuneiform (Uruk III)"
"Cuneiform (Uruk III)","N01 _ SI _ KAK~a _ N01 _ TAG~b _ N01 _ N01 _ AL _ N06 _ N01 _ AL _ SZU",23,8,0.452106208619763,0.385386853363791,-0.352215943877039,-0.730283292159142,"Cuneiform (Uruk III)"
"Cuneiform (Uruk III)","PAP~a _ EN~a _ HI _ DU _ ZATU697~a _ E2~a",11,7,0.68086158376328,0.546807092046849,1.04660609951079,-0.730283292159142,"Cuneiform (Uruk IV)"
"Cuneiform (Uruk III)","N01 _ NAMESZDA _ N01 _ NAM2 _ KAB _ N01 _ NAM2 _ N01 _ GAL~a",17,6,0.109258940338491,-0.176985011213211,-0.327418131665493,-0.730283292159142,"Cuneiform (Uruk III)"
"Cuneiform (Uruk III)","SUHUR _ BU~a _ SUHUR _ SUHUR _ N01 _ SUHUR _ N01 _ AB2 _ KU6~a _ N01 _ HI _ KU6~a _ N01 _ N57 _ KU6~a _ N01 _ DUR2 _ KU6~a _ N01",37,9,0.545820664576973,0.483327585201165,-0.859230671932091,-0.730283292159142,"Cuneiform (Uruk III)"
"Cuneiform (Uruk III)","ZATU777 _ UDU~a _ N01 _ ZATU777 _ KU3~a _ N01 _ ZATU777 _ N01 _ DA~a _ KU3~a _ N01 _ NE~a _ KU3~a _ N01 _ NI~a _ KU3~a _ N01 _ KU3~a _ N01 _ NUNUZ~a1 _ N01 _ |SAR~axSZE~a| _ NUNUZ~a1 _ N01 _ KUR~a _ NUNUZ~a1",51,11,0.71428730365085,0.64957061308204,-0.99282609267539,-0.730283292159142,"Cuneiform (Uruk III)"
"Cuneiform (Uruk III)","NAM2 _ APIN~c _ N01 _ |SZE~a.NAM2| _ RAD~a _ N01 _ GAL~a _ SUKKAL _ N01 _ GADA~a _ SUKKAL _ N01 _ GAL~a _ GA~a _ N01 _ GA~a _ N01 _ GAL~a _ KISAL~b1 _ N01 _ GAL~a _ N01 _ GAL~a _ SZAB~a _ N01 _ BU~a _ SZAB~a _ N01 _ GAL~a _ N01 _ GAL~a _ TUR3~a _ N01 _ GAL~a _ DU _ DUG~b _ SIG2~a1",73,17,1.10700798854797,1.0995327409034,-0.909487326521509,-0.730283292159142,"Cuneiform (Uruk III)"
"Cuneiform (Uruk III)","N01 _ ANSZE~b _ N01 _ BALAG _ N01 _ N01 _ N01 _ PAP~a _ DA~a",17,6,-0.0617174343415384,0.00317811778046674,-0.327418131665493,-0.730283292159142,"Cuneiform (Uruk III)"
"Cuneiform (Uruk III)","N01 _ BANSZUR~c _ N01 _ ZATU786 _ BANSZUR~c _ A _ N01 _ AL _ N01 _ AL _ N01 _ AL _ N06 _ N01 _ AL _ SZU",31,8,0.386271905163804,0.129620551705426,-0.787377551718419,-0.730283292159142,"Cuneiform (Uruk III)"
"Cuneiform (Uruk III)","N01 _ NIM~a _ N01",5,3,-0.911951943591101,-1.27332176227588,0.870316198152326,-0.730283292159142,"Cuneiform (Uruk III)"
"Cuneiform (Uruk III)","N01 _ GAL~a _ N01 _ GAL~a",7,3,-0.849240965399371,-1.3385967460855,0.0392352346052708,-0.730283292159142,"Cuneiform (Uruk III)"
"Cuneiform (Uruk III)","N01 _ GESZTU~a _ N01 _ AN _ NAGA~a _ N01 _ GISZ _ ALIM _ NUN~a",17,8,0.666395974298065,0.786965245235612,0.242931549200137,-0.730283292159142,"Cuneiform (Uruk III)"
"Cuneiform (Uruk III)","NAMESZDA _ NAM2 _ KAB _ N01 _ GAL~a _ SZITA~a1 _ N01 _ ABGAL _ N01 _ GAL~a _ N01 _ GAL~a _ N01 _ GAL~a _ SZAB~a _ U2~b",31,10,0.72995356890698,0.436769402902718,-0.47460514608243,-0.730283292159142,"Cuneiform (Uruk III)"
"Cuneiform (Uruk III)","SZAKIR~b _ N01 _ AN _ TAK4~a _ NAGAR~a _ N01 _ TAK4~a _ NAGAR~a _ N01 _ TAK4~a _ NAGAR~a _ BUR~a _ NAGAR~a _ NAGAR~a _ NAGAR~a _ PU2 _ NAGAR~a _ N01 _ N01 _ N01 _ N01 _ NAGA~a _ SILA3~a _ N01 _ SILA3~a _ N01 _ ZATU707~a _ N01 _ SAG@n _ N01 _ N34 _ N14 N14 N14 N14 _ N01 _ SANGA~a _ PIRIG~a1",72,16,1.20117260140744,1.35063742575831,-0.961139999293968,-0.55139402943734,"Cuneiform (Uruk III)"
"Cuneiform (Uruk III)","SU~a _ HAL _ N01 _ AN _ KI _ N01",11,6,0.352544522144855,0.102597546706412,0.605881346114624,-0.730283292159142,"Cuneiform (Uruk III)"
"Cuneiform (Uruk III)","ASAR _ N01 _ GAL~a _ SZAGAN",7,5,0.182612656829972,-0.2454016875866,1.42437017385036,-0.730283292159142,"Cuneiform (Uruk IV)"
"Cuneiform (Uruk III)","GAL~a _ GAL~a",3,2,-2.00195717955215,-2.02592508768236,1.19351435064285,-0.730283292159142,"Cuneiform (Uruk III)"
"Cuneiform (Uruk III)","E2~a _ NA2~a _ N01 _ N01 _ MU _ N01 _ U2~b _ A _ N01 _ BU~a _ A",21,8,0.554904934060081,0.567104585937401,-0.191620588602247,-0.730283292159142,"Cuneiform (Uruk III)"
"Cuneiform (Uruk III)","N01 _ NAMESZDA _ N01 _ NAM2 _ KAB _ N01 _ |SZE~a.NAM2| _ N01 _ NAM2 _ PA~a",19,7,0.348710434514536,0.155044965696909,-0.252372121025277,-0.730283292159142,"Cuneiform (Uruk III)"
"Cuneiform (Uruk III)","N01 _ GISZ _ A _ N01 _ GISZ _ SI _ N01 _ |(GISZx(DIN.DIN))~a| _ N01 _ N01",19,6,0.00565327412699282,-0.0940867978383826,-0.507528557202003,-0.730283292159142,"Cuneiform (Uruk III)"
"Cuneiform (Uruk III)","N01 _ GAL~a _ SZITA~a1 _ N01 _ ABGAL _ N01 _ KINGAL _ GAL~a _ N01 _ GAL~a _ TUR3~a _ N01 _ GAL~a _ UMUN2 _ N01 _ UMUN2",31,8,0.386271905163804,0.26754059148188,-0.787377551718419,-0.730283292159142,"Cuneiform (Uruk III)"
"Cuneiform (Uruk III)","|DUG~bxX| _ N01 _ AGAR2",5,4,-0.189654408030558,-0.776440117465328,1.83991065562389,-0.730283292159142,"Cuneiform (Uruk IV)"
"Cuneiform (Uruk III)","N01 _ BU~a _ NUN~a _ ME~a _ N01 _ SANGA~a _ BU~a _ NUN~a _ A",17,7,0.534139843609401,0.139902284826532,-0.0422432912326778,-0.730283292159142,"Cuneiform (Uruk III)"
"Cuneiform (Uruk III)","N01 _ NAM2 _ APIN~a _ N01 _ |SZE~a.NAM2| _ N01 _ PA~a _ NAM2 _ RAD~a _ N01 _ AB~a _ ME~a _ N01 _ GAL~a _ |1(N58).BAD~a| _ N01 _ EN~a _ IB~a _ GAL~a _ SZITA~a1 _ N01 _ N01 _ GAL~a _ N01 _ GAL~a _ N01 _ BU~a _ SZAB~a _ N01 _ GAL~a _ NESAG2~a _ N01 _ GAL~a _ TUR3~a _ N01 _ GAL~a _ UMUN2",73,19,1.18770616665072,1.61764825192241,-0.776666167963759,-0.730283292159142,"Cuneiform (Uruk III)"
"Cuneiform (Uruk III)","N01 _ N01 _ SZAKIR~c _ N01 _ MUD3~a _ LAHTAN2",11,5,-0.0996937627549705,-0.148570994968089,0.165156592718461,-0.730283292159142,"Cuneiform (Uruk III)"
"Cuneiform (Uruk III)","NAGAR~b _ AN _ TAK4~a _ NAGAR~b _ BUR~a _ N01 _ NAGAR~b _ AN _ BUR~a _ N01 _ NAGAR~b _ PU2 _ N01 _ NAGAR~b _ AN _ PU2 _ TAK4~a _ MAR~b _ N01 _ N01 _ N01 _ N01",43,8,0.500383222521742,-0.0182590028294318,-1.13651884173068,-0.730283292159142,"Cuneiform (Uruk III)"
"Cuneiform (Uruk III)","N01 _ |DUG~bxZATU779| _ N01 _ |DUG~bxZATU780| _ N01 _ |DUG~bxTAK4~a| _ N01 _ |DUG~bxZATU781| _ N01 _ N01",19,6,-0.174933895369466,-0.0154793639028893,-0.507528557202003,-0.730283292159142,"Cuneiform (Uruk III)"
"Cuneiform (Uruk III)","GU _ KU6~a _ N01 _ GU _ AN _ KU6~a _ GAL~a _ TUN3~a _ NAGAR~b _ N01 _ NAGAR~b",21,8,0.726880537764963,0.595776833246942,-0.191620588602247,-0.730283292159142,"Cuneiform (Uruk III)"
"Cuneiform (Uruk III)","N01 _ SI _ AK~a _ N01 _ GIR2~a _ SU~a _ N01 _ E2~a _ ABZU",17,8,0.666395974298065,0.717725367513319,0.242931549200137,-0.730283292159142,"Cuneiform (Uruk III)"
"Cuneiform (Uruk III)","N01 _ N01 _ N01 _ NERGAL~v _ N01 _ NANSZE~b _ N01 _ U4 _ USZUR3~b2 _ N01 _ |ZATU737xNI~a@g| _ N01",23,7,-0.0222425975727382,0.490029377093545,-0.562997347675205,-0.730283292159142,"Cuneiform (Uruk III)"
"Cuneiform (Uruk III)","|DUG~bxANSZE~b| _ N01 _ |DUG~bxX| _ |DUG~bxDIN| _ N01 _ N01 _ N01",13,5,-0.243705030234948,-0.532109176269446,-0.173862448355513,-0.730283292159142,"Cuneiform (Uruk III)"
"Cuneiform (Uruk III)","N01 _ N01",3,2,-2.00195717955215,-2.02592508768236,1.19351435064285,-0.730283292159142,"Cuneiform (Uruk III)"
"Cuneiform (Uruk III)","N01 _ KU3~a _ N01 _ KU3~a _ N01 _ KU3~a _ KU3~a _ KU3~a _ N01 _ KU3~a",19,3,-0.935247090696357,-1.38916271081665,-1.27299786573219,-0.730283292159142,"Cuneiform (Uruk III)"
"Cuneiform (Uruk III)","N39~a _ N24 _ N01 N01 _ N26 _ N01 N01 N01 N01 N01 N01 _ N01 N01 _ N58 N58 _ N01 N01 _ SIG2~a2 _ N01 N01 _ ZATU727 _ N14 _ N14 N14 _ ZATU681 _ N14 _ N01 N01 N01 N01 N01 N01 _ NAGAR~b _ A _ DUG~a _ EZEN~b _ N57 N57 _ N01 N01 N01 N01 _ N39~a N39~a _ N24 _ N26 _ DUG~a",72,15,1.2390246615396,1.34111489566855,-1.02847294772949,0.52194154689347,"Cuneiform (Uruk IV)"
"Cuneiform (Uruk III)","N01 _ BA _ SZITA~a1 _ N14 _ AN _ HI _ SZITA~a1 _ N14 _ SIG7 _ SZITA~a1 _ N01 N01 N01 N01 N01 _ SZITA~a1 _ BU~a _ TUR",31,10,0.997757500159195,0.874243574670291,-0.47460514608243,-0.165788285348125,"Cuneiform (Uruk IV)"
"Cuneiform (Uruk III)","N01 N01 _ SAL _ KI _ N01 _ SAL _ SZA3~a1 _ N01 N01 _ N01 N01 _ N01 N01 N01 N01 N01 N01 N01 N01 _ |U4.SZU2| _ SA~a _ N01 N01 _ N01 N01 N01 N01 N01 _ N14 _ N01 N01 N01 N01 N01 N01 _ N14 _ N01 N01",54,8,-0.464759812115781,-0.181349730815888,-1.32024905761677,0.947225454496245,"Cuneiform (Uruk IV)"
"Cuneiform (Uruk III)","SZITA~b1 _ SZITA~a1 _ N01 _ N39~a",7,5,0.182612656829972,-0.2454016875866,1.42437017385036,-0.730283292159142,"Cuneiform (Uruk IV)"
"Cuneiform (Uruk III)","AB2 _ N14 _ BA _ N01 N01 N01 N01 N01 N01 N01 N01 _ KU3~a _ N34 N34 _ AB2 _ SZITA~a1 _ N34 _ N14 N14 N14 N14 _ SZITA~a1 _ N14 N14 _ |(SZAxHI@g~a)~b| _ N39~a N39~a N39~a N39~a _ HI@g~a _ N39~a N39~a N39~a _ N24 _ N01 _ N39~a N39~a _ N24 _ N28 _ N39~a N39~a _ IDIGNA _ AN _ MEN~a _ GESZTU~b",70,17,1.91091567874823,1.83388310105795,-0.861102475904043,0.435521613211441,"Cuneiform (Uruk IV)"
"Cuneiform (Uruk III)","N01 N01 N01 _ DUG~b _ N01 _ IR~a _ N01 N01 N01 N01 _ DUG~b _ N01 N01 _ N01 _ IR~a _ N01 N01 _ MA _ N01 _ DUG~b _ N01 _ IR~a _ N01 N01 _ MA _ N01 N01 _ ZATU662 _ N01 _ ZATU662 _ N01 N01 _ N08 _ HASZHUR",57,8,0.0405188105889011,-0.158483724765115,-1.35805001112443,0.0257368062484742,"Cuneiform (Uruk III)"
"Cuneiform (Uruk III)","N14 _ N14 N14 N14 _ AMAR _ N14 N14 _ N14 _ KAB _ SANGA~a _ NAM2",18,6,-0.07318639735014,0.287266020443054,-0.422476411809765,0.0168424521495588,"Cuneiform (Uruk IV)"
"Cuneiform (Uruk III)","N34 N34 _ N01 N01 N01 N01 N01 N01 _ ZATU647 _ AMA~a",13,5,-0.0707547054882332,-0.0110311898282954,-0.173862448355513,1.38657298338218,"Cuneiform (Uruk IV)"
"Cuneiform (Uruk III)","N34 N34 _ N01 _ N14 _ N34 N34",9,4,-0.495209407818964,-0.494174180214417,0.116187175674438,0.328144845611518,"Cuneiform (Uruk IV)"
"Cuneiform (Uruk III)","N01 N01",2,1,-3.66016422418483,-2.76954529926987,0.385518969416543,3.5034292589235,"Cuneiform (Uruk IV)"
"Cuneiform (Uruk III)","N01 _ ZATU662 _ N01",5,3,-0.911951943591101,-1.27332176227588,0.870316198152326,-0.730283292159142,"Cuneiform (Uruk III)"
"Cuneiform (Uruk III)","N14 _ N01 N01 _ GUM~b",6,4,-0.196213340650796,-0.689907441622016,1.19351435064285,0.116459218057386,"Cuneiform (Uruk IV)"
"Cuneiform (Uruk III)","N14 _ N34 _ N51 N51 _ N34",8,4,-0.219068228394026,-0.727185930209397,0.385518969416543,-0.12546721343305,"Cuneiform (Uruk IV)"
"Cuneiform (Uruk III)","N01 _ N01 _ N01",5,2,-1.9068761703707,-1.86821793154588,-0.0992782593192406,-0.730283292159142,"Cuneiform (Uruk III)"
"Cuneiform (Uruk III)","N34 N34",2,1,-3.66016422418483,-2.76954529926987,0.385518969416543,3.5034292589235,"Cuneiform (Uruk IV)"
"Cuneiform (Uruk III)","N01 _ N08 _ SZAB~a _ E2~a _ N01 _ |GISZxSZU2~b| _ SAR~b _ N01 N01 N01 _ EN~a",19,8,0.626194769620398,0.760771529280203,0.00278431515144876,-0.259870786483293,"Cuneiform (Uruk IV)"
"Cuneiform (Uruk III)","N01 _ AN _ |SZU2.EN~a| _ SANGA~a _ N01 _ AB~a _ N01 _ N01 _ N01 _ N01 _ N14 N14 N14 N14 _ NAM2 _ N14 N14 N14 _ N01 N01 N01 N01 N01 N01 _ |KI@n+DUB~a| _ N14 _ N14 N14",44,9,0.442820671975359,0.63390936971437,-1.046836479121,0.352759453466649,"Cuneiform (Uruk IV)"
"Cuneiform (Uruk III)","N01 _ DUG~a",3,3,-0.798127953617908,-1.46063427322558,2.80950511309546,-0.730283292159142,"Cuneiform (Uruk III)"
"Cuneiform (Uruk III)","N34 _ N14 N14 _ N34 N34 N34 N34 N34 _ N14 N14 _ N34 _ N01 N01",18,4,-0.269626851171429,-0.577781547171216,-0.961139999293968,1.01301011122783,"Cuneiform (Uruk IV)"
"Cuneiform (Uruk III)","AB~a _ GI _ N14 _ N01 N01 N01 N01",10,5,0.0351810141401936,-0.260593527207525,0.385518969416543,0.680954224868403,"Cuneiform (Uruk IV)"
"Cuneiform (Uruk III)","N01 N01",2,1,-3.66016422418483,-2.76954529926987,0.385518969416543,3.5034292589235,"Cuneiform (Uruk IV)"
"Cuneiform (Uruk III)","|1(N57).SZUBUR| _ N14",3,3,-0.798127953617908,-1.46063427322558,2.80950511309546,-0.730283292159142,"Cuneiform (Uruk III)"
"Cuneiform (Uruk III)","N01 _ N01",3,2,-2.00195717955215,-2.02592508768236,1.19351435064285,-0.730283292159142,"Cuneiform (Uruk III)"
"Cuneiform (Uruk III)","N01 N01 N01 N01 N01 N01 _ AN _ NAGAR~a",10,4,-0.823429867029886,-0.242470021010456,-0.0992782593192406,1.6217792362201,"Cuneiform (Uruk IV)"
"Cuneiform (Uruk III)","N14 N14",2,1,-3.66016422418483,-2.76954529926987,0.385518969416543,3.5034292589235,"Cuneiform (Uruk IV)"
"Cuneiform (Uruk III)","N01 N01 N01 N01 N01 N01 N01 N01 _ N01 N01 _ N34 _ N14 N14 _ AB2 _ SZE3 _ N34 N34 _ N14 _ N34 N34 _ N34 _ N14 N14 N14 N14 _ N01 N01 N01 _ N34 N34 N34 N34 N34 N34 N34 N34 N34 _ N14 _ AB2 _ N48 N48 _ N34 N34 N34 N34 N34 N34 N34 _ N14 N14 N14 N14 _ N48 N48 N48 _ N34 _ N14 N14 N14 N14 N14 _ N48",83,7,0.641973093907079,-0.0419467816848088,-1.62960204159364,1.33494234251531,"Cuneiform (Uruk IV)"
"Cuneiform (Uruk III)","GAL~a _ TUR3~a",3,3,-0.798127953617908,-1.46063427322558,2.80950511309546,-0.730283292159142,"Cuneiform (Uruk III)"
"Cuneiform (Uruk III)","N01 _ |DUG~cx1(N57)| _ N02 N02 N02 N02 N02 N02 _ N01 N01 _ |DUG~cx1(N57)| _ N14 N14 _ GESZTU~c3 _ N02 _ N02 N02 _ N01 N01 _ KASZ~c _ N01 N01 N01 _ |DUG~cx1(N57)| _ NUN~a _ N01 N01 _ KASZ~c _ N14 _ GESZTU~c3 _ AN _ MUSZ3~a _ N02 _ N01 _ KASZ~c _ AB~b _ KU6~a _ AB~a _ N01 _ |DUG~cx1(N57)| _ N14 N14 N14 _ GESZTU~c3 _ N15 _ N02 N02 N02 N02 _ DUG~c _ N01 N01 N01 N01 N01 _ KASZ~c _ EN~a _ ERIM~a _ NUN~a _ EN~a _ AN _ RU",102,18,1.69786299542452,1.36974137154991,-1.18294265296393,0.149993574897645,"Cuneiform (Uruk IV)"
"Cuneiform (Uruk III)","SILA3~a _ SILA3~a _ EN~a _ TUR _ MUSZEN",9,5,0.0575262737252672,-0.0660692367136778,0.654850763158647,-0.730283292159142,"Cuneiform (Uruk III)"
"Cuneiform (Uruk III)","N01 N01 _ AB2 _ NE~a _ N01 _ U4 _ AB2 _ N01 N01 _ SZU _ AB2 _ N01 N01 _ GI6 _ AB2 _ N01 _ KUR~a _ AM~a _ NE~a _ GU4 _ N01 N01 N01 _ GU4 _ |SZE~a&SZE~a| _ |SIxGU4| _ BU~a _ NA~a",50,14,1.18036926893304,1.45962728892847,-0.681034933802181,-0.298271807354789,"Cuneiform (Uruk IV)"
"Cuneiform (Uruk III)","N02 N02 _ NAM2 _ ERIN _ N02 N02 _ TAK4~a _ GURUSZDA _ SANGA~a _ N35 _ EN~a _ SI _ SZU _ NUN~a _ N02 N02 N02 N02 N02 _ KU6~a _ GAN2 _ N01 N01 _ EN~a _ AB~b _ N02 N02 _ IB~a _ ZATU703 _ N57 N57 N57 _ NUN~a _ EN~a _ RU _ GESZTU~b _ N57 N57 N57 _ EN~a _ AMAR _ EN~a _ GISZIMMAR~b1 _ N34 _ ERIM~a _ TAK4~a _ N01 N01 _ PAP~a _ N01 N01 _ N34 _ N57 N57 N57 _ N01 N01 N01 N01 N01 _ N01 N01 _ N14 N14 _ N34 _ N34 _ N01 N01 N01 N01 _ N34 N34 N34 N34 N34",120,27,2.35122586749991,2.24356663374144,-0.947673409606862,0.30146178331478,"Cuneiform (Uruk IV)"
"Cuneiform (Uruk III)","N14 N14 N14 N14 N14 _ KASZ~c _ N34 _ N14 N14 _ GUG2 _ N34 _ N14 N14 N14 _ SA~a",22,6,-0.111325170318121,0.0767662126456901,-0.716292914073873,0.680954224868403,"Cuneiform (Uruk IV)"
"Cuneiform (Uruk III)","N14 N14 N14 _ N01 N01 N01 N01 N01 _ DUG~c _ N01 N01 _ |MAxMA| _ N34 N34 N34 N34 N34 _ N14 _ MA _ N34 _ N01 N01 N01 N01 _ HASZHUR _ N14 _ N01 N01 N01 N01 N01 _ HASZHUR",45,8,0.58968429816954,0.367769949380827,-1.17660543428765,1.00169002419285,"Cuneiform (Uruk IV)"
"Cuneiform (Uruk III)","N01 _ N01 N01 N01 _ UDU~a _ EN~a _ SAG",11,5,-0.0398533856774162,0.0914964791279893,0.165156592718461,0.116459218057386,"Cuneiform (Uruk IV)"
"Cuneiform (Uruk III)","N01 N01 _ NUN~a _ MUSZEN _ N01 N01",9,4,-0.495209407818964,-0.494174180214417,0.116187175674438,0.328144845611518,"Cuneiform (Uruk IV)"
"Cuneiform (Uruk III)","N01 N01 N01 _ DUG~a",5,3,-1.18457863481016,-0.901619329582531,0.870316198152326,1.38657298338218,"Cuneiform (Uruk IV)"
"Cuneiform (Uruk III)","NAGAR~a _ NE~a _ N01 N01 N01 N01 N01 _ SZA@g _ N01 N01 N01 N01 N01 _ N51 _ N34 _ GA'AR~a2 _ |SAR~axSZE~a| _ EN~a _ SIG7 _ GI _ GU7",33,13,1.27696788430367,1.65563596178313,-0.128659909545652,0.328144845611518,"Cuneiform (Uruk IV)"
"Cuneiform (Uruk III)","N01 _ N01 _ TUG2~a _ BUR2 _ N01 N01 N01 _ TUG2~a _ N01 _ SZU2 _ N01 _ BAR _ SZU2 _ SAL _ N01 N01 N01 N01 _ GISZIMMAR~b1 _ N01 _ URI _ N01 _ GISZ _ N01 _ GISZ _ N01 N01 _ ZATU759 _ N14 _ |ZATU759@txX| _ N01 _ NU11 _ SAL _ N01 _ ZATU778 _ SUG5 _ N57 N57 N57 _ KAL~b2 _ E2~b",73,19,1.387103904184,2.048014648907,-0.776666167963759,-0.259870786483293,"Cuneiform (Uruk IV)"
"Cuneiform (Uruk III)","EZEN~b _ EN~a _ SAG _ SZITA~a1 _ N01 N01 _ EN~a _ EZEN~b _ N01 N01 N01 N01 N01 N01 _ |SILA3~axSZE~a@t| _ N01 N01 N01 _ PAP~a _ |MUSZENx2(N57)| _ GU7 _ N34 N34 N34 _ N14 N14 _ N01 N01 _ BA _ |SILA3~axSZE~a@t| _ E2~a _ N34 _ TUR3~a _ GAL~a _ N34 _ ABGAL _ N34 _ SANGA~a _ BU~a _ ABGAL _ N01 N01 N01 N01 N01 N01 _ SZITA~a1 _ |SILA3~axSZE~a@t| _ N01 N01 N01 _ PAP~a _ |MUSZENx2(N57)| _ N01 N01 _ EN~a _ EZEN~b",93,19,1.62524666909634,1.35924284837612,-1.04802122308174,0.190089001554475,"Cuneiform (Uruk IV)"
"Cuneiform (Uruk III)","N01 N01 _ |SILA3~axNI~a| _ HI _ BAN~a _ |U4x1(N01)| _ N14 _ |DUG~ax1(N57)| _ DA~a _ GA2~c _ N14 _ |SILA3~axHI| _ N14 _ |SILA3~axNI~a| _ BA _ ZATU629 _ N14 N14 _ N01 N01 _ |DUG~ax1(N57)| _ GAR",40,14,1.49563320258346,1.60372748921325,-0.341676873687133,-0.404613095922016,"Cuneiform (Uruk IV)"
"Cuneiform (Uruk III)","N01 N01 _ N01 N01 _ N01 N01 _ N14 _ DUG~c _ |SILA3~axSZE~a@t| _ E2~a",16,6,0.0619760493193867,0.352928375113269,-0.220477566503187,0.116459218057386,"Cuneiform (Uruk IV)"
"Cuneiform (Uruk III)","N01 _ DU _ N01 _ ZI~a _ |DU6~axDISZ| _ N01 _ GI _ N14 _ N01 N01 N01 N01",20,7,0.202960849710851,0.489044424179161,-0.341676873687133,-0.0618023630408314,"Cuneiform (Uruk IV)"
"Cuneiform (Uruk III)","AB2 _ GU4",3,3,-0.798127953617908,-1.46063427322558,2.80950511309546,-0.730283292159142,"Cuneiform (Uruk III)"
"Cuneiform (Uruk III)","N01 _ BA _ SUHUR _ SAG _ N01 N01 _ BA _ SUHUR _ N14 _ SUHUR _ N01 _ SUMASZ _ N34 _ |ZATU759xKU6~a| _ UB _ KU6~a _ EN~a _ SUHUR _ TUR3~a _ DU _ SZE3 _ |GI&GI| _ SUHUR",44,16,1.52587810857485,2.04130005705279,-0.275568160677706,-0.631824860738615,"Cuneiform (Uruk III)"
"Cuneiform (Uruk III)","N01 N01 N01 N01 N01",5,1,-3.66016422418483,-2.08221320810274,-1.06887271679081,3.5034292589235,"Cuneiform (Uruk IV)"
"Cuneiform (Uruk III)","|SILA3~axSZU2| _ A _ N02 _ APIN~a _ LA2 _ GAL~a _ LAM~b _ NUN~a _ N01 _ N01 _ BA _ GAL~a _ SZITA~a1 _ SZU _ N02 N02 _ |SILA3~axSZU2| _ NUN~a _ URI3~a _ N02 N02 N02 N02 N02 _ GAL~a _ LAM~b _ NUN~a _ GAL~a _ SZITA~a1 _ SZU _ N01 N01 N01 N01 N01 _ BA _ N14 N14 _ N01 N01 N01 N01 N01",71,15,1.68716898713409,1.0705209071508,-1.01424767693325,0.116459218057386,"Cuneiform (Uruk IV)"
"Cuneiform (Uruk III)","EN~a _ SAL _ EN~a _ U4 _ N50 N50 N50 _ N50 N50 _ GAN2 _ SZU _ ZATU651@g",20,8,0.74846197683223,0.785220331255382,-0.0992782593192406,-0.0618023630408314,"Cuneiform (Uruk III)"
"Cuneiform (Uruk III)","N01 _ EN~a _ UNUG~a",5,4,-0.189654408030558,-0.776440117465328,1.83991065562389,-0.730283292159142,"Cuneiform (Uruk IV)"
"Cuneiform (Uruk III)","N01 _ EN~a _ TUR _ N02 N02 _ SZUBUR _ SZAM2 _ N01 N01 N01 N01 N01 N01 N01",20,7,0.396329781920464,0.377282898268527,-0.341676873687133,0.829505542450252,"Cuneiform (Uruk IV)"
"Cuneiform (Uruk III)","N14 _ N01 N01 N01 _ U8 _ |U4x10(N57)| _ N01 N01 N01 _ UDUNITA~a _ N01 N01 N01 N01 _ RAD~a _ ZATU752 _ N14 N14 _ UDU~a _ AMAR _ |U4x10(N57)| _ DARA4~c1 _ RAD~a _ ZATU752",39,11,1.1344634459362,1.06434879069049,-0.671090375264011,0.161024613331942,"Cuneiform (Uruk IV)"
"Cuneiform (Uruk III)","N01 _ PAP~a _ NE~a _ GI _ N01 _ N01 _ GAL~a _ LAM~b",15,7,0.456569012063234,0.422880561697017,0.223919893171283,-0.730283292159142,"Cuneiform (Uruk III)"
"Cuneiform (Uruk III)","N14 N14",2,1,-3.66016422418483,-2.76954529926987,0.385518969416543,3.5034292589235,"Cuneiform (Uruk IV)"
"Cuneiform (Uruk III)","UDU~a _ HI",3,3,-0.798127953617908,-1.46063427322558,2.80950511309546,-0.730283292159142,"Cuneiform (Uruk III)"
"Cuneiform (Uruk III)","N50 N50",2,1,-3.66016422418483,-2.76954529926987,0.385518969416543,3.5034292589235,"Cuneiform (Uruk IV)"
"Cuneiform (Uruk III)","DUB~a _ N14 N14 _ N01 N01 N01 _ SIG2~b _ NI~a",12,6,0.593064124125264,0.343396805619624,0.385518969416543,0.424365585408852,"Cuneiform (Uruk IV)"
"Cuneiform (Uruk III)","EN~a _ AMAR _ N01 _ AN _ |SZU2.EN~a| _ N01 _ AN _ RU _ N01 _ |NUN~a+EN~a| _ N01 _ KU6~a _ KAB _ N01 _ NUN~a _ N01 _ EN~a _ ERIM~a _ NUN~a _ N01 _ KAB _ GI _ SZUM _ N01 N01 N01 N01 N01 N01 N01 N01 _ BA _ N01 N01 N01 N01 _ N14 _ N01 N01",66,16,0.999458803928442,1.42364184627769,-0.863201165205932,-0.0138088604374653,"Cuneiform (Uruk IV)"
