"subcorpus","sequence","num.char","huni.chars","hrate.chars","ttr.chars","rm.chars","mlp.predictions.rd"
"Cuneiform (Uruk IV)","N01 _ N01 _ |SZE~a.NAM2| _ N01 _ PAP~b _ N01 _ |1(N58).BAD~b| _ N01 _ AB~a _ N01 _ N01 _ N01 _ N01 _ N01 _ TE _ N01 _ GA~a _ N01 _ N01 _ NIM~a _ N01 _ NIM~a",22,-0.71389253925265,-0.0452223670079386,-0.785299836940295,0.344651904736522,"Cuneiform (Uruk IV)"
"Cuneiform (Uruk IV)","N14 N14 _ |SAGxGESZTU~a| _ N14 N14 _ URUDU~a _ ERIM~a _ N01 N01 N01 N01 _ ZATU764",12,-0.445064554469394,-0.362228198567179,-0.269568029169255,0.972213678310617,"Cuneiform (Uruk IV)"
"Cuneiform (Uruk IV)","N01 N01 _ N01 N01 N01",5,-2.42337347791397,-1.9094931492232,-1.40417800626555,2.99972094678077,"Cuneiform (Uruk IV)"
"Cuneiform (Uruk IV)","N14 N14 _ UDU~a _ N14 N14 _ SZITA~b1 _ N14 N14 _ BA _ N57 _ SZITA~a1 _ N01 N01 N01 N01 N01 N01 N01 N01 _ KU3~a _ N34 N34 N34 N34 N34 _ N14 N14 _ SZITA~a1 _ N14 N14 _ |(SZAxHI@g~a)~b| _ N14 N14 _ |(SZAxHI@g~a)~a| _ HI@g~a _ N01 _ N28 _ ZATU714 _ N01 N01 _ N28 _ |ZATU714xHI@g~a| _ MU _ N39~a N39~a N39~a _ HI@g~a _ EN~a _ SZE~a _ GESZTU~b",50,0.717752818394727,1.12823466267303,-0.647771354868018,0.79980659765839,"Cuneiform (Uruk IV)"
"Cuneiform (Uruk IV)","N48 _ N34 N34 N34 N34 N34 _ N01 N01 N01 N01 N01 N01 N01 _ LAGAR~a _ PIRIG~a1",15,-0.821825398771389,-0.642343364377043,-0.899906905333862,1.93769332996307,"Cuneiform (Uruk IV)"
"Cuneiform (Uruk IV)","N34 N34 _ U4 _ AMAR _ GAR3 _ N14 N14 _ ZATU694~d@t _ N14 N14 N14 N14 _ N01 N01 N01 N01 N01 N01 _ N34 N34 N34 N34 _ GUL _ N14 _ N14 N14 N14 _ N14 N14 N14 N14 _ N34 N34",33,-0.462410503116504,-0.391923004659197,-1.24372811051456,1.72196897029697,"Cuneiform (Uruk IV)"
"Cuneiform (Uruk IV)","N34 _ N01 N01 _ NA~b _ N14 N14 N14 _ GAR3 _ N01 N01 _ ZATU694~d _ DUG~c _ SI",13,-0.0341680512308515,-0.0153451357974697,0.166820423560087,0.521656507539469,"Cuneiform (Uruk IV)"
"Cuneiform (Uruk IV)","N34 N34 _ GAR3 _ N14 N14 N14 _ N01 N01 N01 N01 _ ZATU694~d _ N01 _ PIRIG~a1 _ N34 _ GAR3 _ N01 N01 N01 _ ZATU694~d _ N01 N01 _ ZATU694~b",22,-0.371476867432273,-0.328443388553987,-0.957210439530644,0.875665713145371,"Cuneiform (Uruk IV)"
"Cuneiform (Uruk IV)","N14 _ N01 N01 N01 N01 N01 N01 _ N01",8,-1.94579111043359,-1.64181185668831,-1.21507634341616,2.46870713837192,"Cuneiform (Uruk IV)"
"Cuneiform (Uruk IV)","N01 N01 N01 N01 N01 N01 _ ZATU694~d _ N01 N01 N01 N01 N01 _ ZATU694~b _ N01 _ N14 N14 N14 N14 _ GAR3 _ N01 N01 _ SZA3~a1",22,-0.953514056471223,-0.275908249266648,-1.12912104212099,1.58368412435717,"Cuneiform (Uruk IV)"
"Cuneiform (Uruk IV)","N01 _ SZU2 _ KAB _ NAM2",4,-0.666149018311087,-1.11610647191521,1.62144859932456,-0.717375712081177,"Cuneiform (Uruk IV)"
"Cuneiform (Uruk IV)","N34 _ N34 N34 N34 _ GUL",5,-1.78907862470868,-1.4971620534588,-0.647771354868018,2.07044678206528,"Cuneiform (Uruk IV)"
"Cuneiform (Uruk IV)","N01 N01 _ ZATU754 _ NUN~a _ N02 N02 _ N01 _ PAP~a",8,-0.529402634801359,-0.610259052217671,0.2031861279542,0.344651904736522,"Cuneiform (Uruk IV)"
"Cuneiform (Uruk IV)","N34 _ GESZTU~a _ KISAL~b1",3,-1.03080604100368,-1.50874533914825,1.62144859932456,-0.717375712081177,"Cuneiform (Uruk IV)"
"Cuneiform (Uruk IV)","N34 _ N01 N01 N01 N01 N01 _ N01 _ N34 _ N14 _ N01 N01 N01 N01 N01 N01 _ N01 N01 _ N34 _ N34",19,-1.52591021363003,-1.25195534870622,-1.56342151182292,1.96719409709689,"Cuneiform (Uruk IV)"
"Cuneiform (Uruk IV)","AB2 _ GADA~a _ N01 _ SZU2 _ DUB~b",5,-0.383299057026374,-0.791691459952389,1.62144859932456,-0.717375712081177,"Cuneiform (Uruk IV)"
"Cuneiform (Uruk IV)","N01 _ SZU2 _ NAM2 _ KAB _ N34 _ N28 _ N01 _ SZU2 _ SI4~a _ EN~a _ ZATU685",11,0.29663009409112,0.0466239410211208,0.933806188963175,-0.717375712081177,"TeDDi"
"Cuneiform (Uruk IV)","N01 N01 N01 _ BA _ N01 _ APIN~a _ N01 _ SIG7 _ PAP~a _ N02 N02 N02 _ N01 _ PAP~a _ N01 _ TUR _ SZIR~b _ N01 N01 N01 N01 N01 N01 N01 N01 N01",26,-0.684513866788693,-0.236680044283552,-0.996882117051492,1.06683068417256,"Cuneiform (Uruk IV)"
"Cuneiform (Uruk IV)","N01 N01 _ TE _ N57 _ N01 N01 _ NUN~a _ N01 _ ZATU693 _ N01 N01 _ GESZTU~a _ N01 N01 _ AN _ USZ~a _ N01 N01 _ BALAG _ N01 N01 _ GURUSZ~a _ N01 _ N01 _ N01 _ N01 N01 _ N01 _ N34 _ N01",30,-0.643651977308304,0.243268187601516,-0.773839130100939,0.692557503349214,"Cuneiform (Uruk IV)"
"Cuneiform (Uruk IV)","N01 _ DUG~c _ N01 N01 _ SZU2",5,-1.21883951917254,-1.28630235039911,0.108635296529509,0.211898452634309,"Cuneiform (Uruk IV)"
"Cuneiform (Uruk IV)","N34 N34",2,-2.42337347791397,-2.35263369803203,-0.269568029169255,2.99972094678077,"Cuneiform (Uruk IV)"
"Cuneiform (Uruk IV)","N01 N01 N01 _ SZITA~a1 _ ZATU713 _ DUG~b",6,-0.848477529657385,-0.812133031008813,0.360770846995353,0.7694629514636,"Cuneiform (Uruk IV)"
"Cuneiform (Uruk IV)","N01 _ SZU2 _ DUB~b _ ZATU680~e _ N01 _ GISZIMMAR~b3 _ SZU2 _ N01 N01 _ N01 _ DUB~b",11,-0.630676460857783,-0.664378206031883,-0.4414786317596,0.0260436196912117,"Cuneiform (Uruk IV)"
"Cuneiform (Uruk IV)","N01 _ SZU2",2,-1.54476124811253,-2.00771315120118,1.62144859932456,-0.717375712081177,"Cuneiform (Uruk IV)"
"Cuneiform (Uruk IV)","N14 _ N01 _ USZ~a _ N01 N01 N01 N01 N01 N01 _ RU _ USZ~a _ N01 _ EN~b _ N01 _ |ZATU737xEN~b| _ N01 _ PIRIG~a1 _ EN~b _ N01 _ DUB~d _ N01 _ KASZ~b _ N01 _ PA~b _ N01 _ N01 _ UMUN2 _ SANGA~b _ N01 _ ZATU678 _ N01 _ ZATU678 _ N01 _ GA~a _ GAL~a _ N01 _ SUG5 _ SANGA~b _ N01 _ NIR~b _ GA~a _ N01 _ BU~a _ SANGA~b _ N01 _ NAM2 _ N01 _ UMBIN~b2 _ N01 _ ISZ~b _ N01 _ N01 _ NIM~b2 _ N01 N01 N01 N01 _ |MAR~bx(LAGAB~b.SZE3)| _ N01 N01 _ TE _ PIRIG~a1 _ N01 N01 N01 _ SZITA~a3 _ N01 _ ZATU693 _ N01 _ ZATU752 _ N01 _ SANGA~b _ N01 _ URU~b2 _ N01 _ PAP~a _ UB _ N01 _ UB _ N14 N14 N14 N14 N14 _ N01 N01 N01 N01 _ GU4 _ AB2",90,0.521184259282671,1.63947164690278,-0.815861721845245,0.117926907887797,"Cuneiform (Uruk IV)"
"Cuneiform (Uruk IV)","N01 _ ZATU668 _ PAP~a _ N01 _ NIR~b _ N01 _ MASZ _ ZATU621~b _ N01 N01 _ DIN _ N01 _ UB _ N01 _ MASZ _ MUSZ3~b _ N01 N01 _ GURUSZDA _ BU~a _ N01 _ |1(N58).BAD~b| _ GUKKAL~b _ N01 _ UKKIN~c _ GUKKAL~a _ N01 _ BU~a _ N01 _ ZATU621~a _ NAM~a _ N01 _ ZATU680~d _ N01 _ SZA _ SZUBUR _ N01 N01 N01 N01 N01 N01 N01 N01 N01 _ ZATU771 _ N01 N01 _ ZATU768",49,0.246699496971606,1.08533009865913,-0.462528909627806,0.134458938908019,"Cuneiform (Uruk IV)"
"Cuneiform (Uruk IV)","N14 _ N01 N01 N01 _ PAP~a _ NUN~a _ N34 N34 N34 _ |SAGxGESZTU~a| _ N34 _ N14 N14 N14 _ N51 N51 _ N14 N14 N14 _ N01 N01 N01 N01 N01",24,-0.359088117792718,-0.372112388599857,-1.05749162437501,1.38359196466688,"Cuneiform (Uruk IV)"
"Cuneiform (Uruk IV)","N34 _ N14 N14 _ N14 _ N01 N01 N01 N01 N01 _ N14 N14 _ N01 N01 N01 N01 N01 N01 N01 N01 N01 _ RAD~a",21,-1.28008740987353,-1.1317514402884,-1.44019737061781,2.07044678206528,"Cuneiform (Uruk IV)"
"Cuneiform (Uruk IV)","N01 _ N01 _ N01 N01",4,-2.42337347791397,-1.99794471379823,-1.21507634341616,2.99972094678077,"Cuneiform (Uruk IV)"
"Cuneiform (Uruk IV)","N14 _ N01 N01 N01 N01 N01 _ SZITA~a1 _ N01",8,-1.49092153854344,-1.17421952731483,-0.742322186292709,1.40667952155422,"Cuneiform (Uruk IV)"
"Cuneiform (Uruk IV)","N14 N14 _ N01 N01 N01 _ DUR~a _ UNUG~a _ DUR~a",8,-0.74905569225172,-0.776649644266258,-0.269568029169255,0.875665713145371,"Cuneiform (Uruk IV)"
"Cuneiform (Uruk IV)","N48 N48 _ N34 _ N14 _ N01 N01 N01 N01 N01 _ ZATU651 _ N01 _ IB~a",12,-0.55560678639024,-0.414556679677311,-0.269568029169255,0.972213678310617,"Cuneiform (Uruk IV)"
"Cuneiform (Uruk IV)","N01 N01 N01 _ N01 N01 N01 _ N14 N14 _ N01 N01 _ N01 N01 _ N14 _ N14 _ SZITA~b1 _ N34 _ N14 N14 N14",19,-1.13598194393882,-0.779270604701582,-1.3643671298762,1.76068872716012,"Cuneiform (Uruk IV)"
"Cuneiform (Uruk IV)","N02 N02 _ SUHUR _ UTUA~a",4,-1.10545513321181,-1.28856674533063,0.675940285077655,0.521656507539469,"Cuneiform (Uruk IV)"
"Cuneiform (Uruk IV)","N14 N14 _ N01 N01 N01 N01",6,-1.61654752753798,-1.51300055925763,-0.899906905333862,2.25630161500838,"Cuneiform (Uruk IV)"
"Cuneiform (Uruk IV)","N01 N01 _ N01 N01 _ |SILA3~axSUHUR|",5,-1.78907862470868,-1.4971620534588,-0.647771354868018,2.07044678206528,"Cuneiform (Uruk IV)"
"Cuneiform (Uruk IV)","N01 _ N01 _ N01 _ N01 _ SZE~a _ A _ N01 _ N01 _ N01 _ N01 _ N01 _ N01",12,-1.705820456975,-1.25960640465744,-1.21507634341616,1.98596731254569,"Cuneiform (Uruk IV)"
"Cuneiform (Uruk IV)","N01 _ GA~a _ AB2 _ UNUG~a _ AN",5,-0.383299057026374,-0.791691459952389,1.62144859932456,-0.717375712081177,"Cuneiform (Uruk IV)"
"Cuneiform (Uruk IV)","N01 N01 N01 N01 N01 N01 _ SZAM2 _ KU6~a",8,-1.49092153854344,-1.07605981050657,-0.742322186292709,1.93769332996307,"Cuneiform (Uruk IV)"
"Cuneiform (Uruk IV)","N01 N01 _ DARA4~b _ UTUA~a",4,-1.10545513321181,-1.28856674533063,0.675940285077655,0.521656507539469,"Cuneiform (Uruk IV)"
"Cuneiform (Uruk IV)","N34 N34 N34 _ N01 N01 N01 N01 N01 N01 N01 N01 _ UDUNITA~a _ UDUNITA~a _ N34 N34 N34 N34 N34 N34 N34 _ MASZ _ MASZ",22,-0.950171817149221,-0.761389260733287,-1.47294224730168,2.29170253556897,"Cuneiform (Uruk IV)"
"Cuneiform (Uruk IV)","N34 _ N14 N14 _ UDU~a _ NUN~a _ GURUSZDA",6,-0.445064554469394,-0.697159515398522,0.991109723159957,0.0260436196912117,"Cuneiform (Uruk IV)"
"Cuneiform (Uruk IV)","N36 _ NESAG2~a _ TE _ N36 _ GI _ AL _ N36 N36 N36 _ AN",10,-0.52472403766873,-0.448338237363628,0.108635296529509,0.108645767665921,"Cuneiform (Uruk IV)"
"Cuneiform (Uruk IV)","N51 _ GAR",2,-1.54476124811253,-2.00771315120118,1.62144859932456,-0.717375712081177,"Cuneiform (Uruk IV)"
"Cuneiform (Uruk IV)","N01 N01 _ GIR3~a _ N01 N01 N01 _ SANGA~b _ KUR@g~a",8,-1.06258330156439,-0.86508772078563,-0.269568029169255,0.875665713145371,"Cuneiform (Uruk IV)"
"Cuneiform (Uruk IV)","KUR~b _ N01 _ NINDA2 _ N39~b _ N14 _ N24 _ N26 _ N14 N14 _ N28 _ GI6 _ N14 N14 _ N28 _ GAR@g~a _ N14 N14 _ N14 N14 _ N28 _ SIG2~a2 _ N14 N14 _ DU8~c _ N14 N14 _ ZATU726~d _ N01 N01 _ DUG~b _ N01 N01 _ KASZ~b _ MUSZ3~a _ NUN~a _ N51 _ N14 N14 N14 N14 _ N39~b _ N26 _ N28 _ N24 _ NUN~a _ MUSZ3~a _ N20 N20 _ N05 N05 _ N42~b N42~b _ N25 _ N28~c",54,0.922958138178359,1.21187665751197,-0.549718640797968,0.334632776275976,"Cuneiform (Uruk IV)"
"Cuneiform (Uruk IV)","U8 _ N01 N01 N01 N01 _ |MAH~axX| _ ZATU729",7,-0.960925372631106,-0.921227346277423,0.000577203472717793,1.14117261734979,"Cuneiform (Uruk IV)"
"Cuneiform (Uruk IV)","N14 _ N01 N01 _ N14 _ N01 N01",6,-1.61654752753798,-1.69522927007601,-0.899906905333862,0.7694629514636,"Cuneiform (Uruk IV)"
"Cuneiform (Uruk IV)","N01 N01 N01 N01 _ N57 N57 N57 _ N01 N01",9,-1.61654752753798,-1.22108426458899,-1.32013282277693,2.07044678206528,"Cuneiform (Uruk IV)"
"Cuneiform (Uruk IV)","N01 _ USZ~a",2,-1.54476124811253,-2.00771315120118,1.62144859932456,-0.717375712081177,"Cuneiform (Uruk IV)"
"Cuneiform (Uruk IV)","RAD~b _ N01 _ DI",3,-1.03080604100368,-1.50874533914825,1.62144859932456,-0.717375712081177,"Cuneiform (Uruk IV)"
"Cuneiform (Uruk IV)","N34 N34 _ N01",3,-1.61654752753798,-1.73869237036881,0.360770846995353,1.14117261734979,"Cuneiform (Uruk IV)"
"Cuneiform (Uruk IV)","N01 _ N01 _ SIG2~a3 _ N01 _ DU8~c _ N01 _ N28 _ ZATU726~d _ N01 N01 _ N01 N01 N01 _ ZATU720 _ N01 N01 N01 N01 N01 N01 _ N28",21,-1.09979406959399,-0.666993837971024,-1.08000372709518,1.14117261734979,"Cuneiform (Uruk IV)"
"Cuneiform (Uruk IV)","N01 N01 N01 _ NI~a _ N01 _ DUG~b _ |1(N57).SZUBUR|",7,-0.960925372631106,-0.756979466834162,0.000577203472717793,0.521656507539469,"Cuneiform (Uruk IV)"
"Cuneiform (Uruk IV)","N01 _ AN _ AB2",3,-1.03080604100368,-1.50874533914825,1.62144859932456,-0.717375712081177,"Cuneiform (Uruk IV)"
"Cuneiform (Uruk IV)","N07~a N07~a _ BA _ SANGA~a _ UNUG~a _ N07~a N07~a N07~a",8,-1.06258330156439,-1.02394288518667,-0.269568029169255,0.875665713145371,"Cuneiform (Uruk IV)"
"Cuneiform (Uruk IV)","N14 N14 N14 _ N01 N01 N01 N01 N01 _ EN~b _ N34 N34 _ N01",12,-0.903748645617812,-0.655057259918974,-0.899906905333862,1.64804943446733,"Cuneiform (Uruk IV)"
"Cuneiform (Uruk IV)","N14 N14 _ N01 N01 N01 _ DUG~a _ N01 _ N01 N01 _ N01 N01 _ ZATU758 _ N01 N01 N01 N01 N01 _ ZATU697~a",18,-1.20537610516006,-0.75073682809366,-1.1100198640554,1.68780447894714,"Cuneiform (Uruk IV)"
"Cuneiform (Uruk IV)","N01 N01 _ NUN~a _ N01 N01 _ NUN~a _ ZATU693 _ N01 _ SAL _ NUN~a _ N01 _ NUN~a _ N01 N01 _ SAL _ GURUSZ~a _ N01 N01 _ SIG7 _ N01 _ SAL _ ZAG~c _ UNUG~a _ N01 N01 N01 N01 _ U8 _ N01 N01 _ NUN~a _ N01 N01 _ NUN~a _ ZATU693 _ ZATU651 _ N01 N01 N01 _ UTUA~a _ KU3~a _ N14 N14 _ N01 N01 _ NUN~c",46,-0.135541962164076,0.416246191258476,-1.00953105771031,0.356452211590051,"Cuneiform (Uruk IV)"
"Cuneiform (Uruk IV)","N01 N01 N01 _ DUG~c _ AN _ N14 N14 _ N01 _ BAR _ DUG~c _ N34 _ SUHUR _ N14 N14 N14 N14 _ N01 N01 N01 N01 N01 N01 N01 N01 N01 _ DUG~c _ U4 _ ZATU755~a",28,-0.344967329220292,-0.269337507783121,-0.944931110774192,1.21000774066205,"Cuneiform (Uruk IV)"
"Cuneiform (Uruk IV)","N14 _ N01 N01 N01 N01 N01 N01 _ BU~a _ N14 _ N01 _ N14 _ N14 N14 _ N14",14,-1.28483577846102,-0.95502335765026,-1.35014895973715,1.57006838568002,"Cuneiform (Uruk IV)"
"Cuneiform (Uruk IV)","N14 N14 _ AL",3,-1.61654752753798,-1.73869237036881,0.360770846995353,1.14117261734979,"Cuneiform (Uruk IV)"
"Cuneiform (Uruk IV)","N01 N01 N01 _ UKKIN~a _ N14 N14",6,-1.14134827292453,-1.10933525743747,-0.269568029169255,1.51288228323599,"Cuneiform (Uruk IV)"
"Cuneiform (Uruk IV)","N01 _ EZEN~a _ EN~a _ N01 _ USZ~a _ GI4~b",6,-0.445064554469394,-0.744877835800714,0.991109723159957,-0.717375712081177,"Cuneiform (Uruk IV)"
"Cuneiform (Uruk IV)","ZATU720 _ N01 _ KU6~a _ UTUA~a _ N01 _ |MAH~axUDU~a| _ N01 _ GUKKAL~d _ NIMGIR",9,-0.102427749730166,-0.259427174123398,0.780996764438424,-0.717375712081177,"Cuneiform (Uruk IV)"
"Cuneiform (Uruk IV)","N34 N34 N34 _ PAD~a _ UDU~a",5,-1.21883951917254,-1.14833413166677,0.108635296529509,1.14117261734979,"Cuneiform (Uruk IV)"
"Cuneiform (Uruk IV)","N08 _ N39~b _ N01 _ GAR _ N01 _ NUN~b _ UMBIN~a _ N01 _ |MAH~axX| _ N01",10,-0.207576611066085,-0.287369079318714,0.486838622228273,-0.717375712081177,"Cuneiform (Uruk IV)"
"Cuneiform (Uruk IV)","ZATU697~a _ NUN~a _ ZATU697~a _ KU6~a _ N24 _ KU6~a",6,-0.737935297736539,-0.994361741827188,0.360770846995353,-0.717375712081177,"Cuneiform (Uruk IV)"
"Cuneiform (Uruk IV)","N01 N01 _ ZATU639 _ UNUG~a _ ERIM~a _ GU4 _ LAGAR~a _ MASZ _ PA~a",9,0.1665142337285,0.0570782828152664,1.20122268188149,-0.252738629723434,"Cuneiform (Uruk IV)"
"Cuneiform (Uruk IV)","N01 N01 N01 N01 N01 N01 N01 N01 _ N01 _ EN~a _ SZUBUR",11,-1.66262126456155,-1.11996794893846,-1.12912104212099,2.25630161500838,"Cuneiform (Uruk IV)"
"Cuneiform (Uruk IV)","NUN~a _ N01 _ DIN _ MUSZ3~a _ ZATU659",5,-0.383299057026374,-0.791691459952389,1.62144859932456,-0.717375712081177,"Cuneiform (Uruk IV)"
"Cuneiform (Uruk IV)","N01 N01 _ DUG~b _ TUR3~a",4,-1.10545513321181,-1.28856674533063,0.675940285077655,0.521656507539469,"Cuneiform (Uruk IV)"
"Cuneiform (Uruk IV)","N34 _ |SZITA~b1xHI@g~a|",2,-1.54476124811253,-2.00771315120118,1.62144859932456,-0.717375712081177,"Cuneiform (Uruk IV)"
"Cuneiform (Uruk IV)","N34 _ N14 N14 N14 _ N14 _ ZATU644~a _ N01 N01 _ SZU2 _ N01 N01 _ NU@g _ N14 _ ME~a _ N14",15,-0.367796676028216,-0.148328147302961,-0.395635804402175,0.610158808940945,"Cuneiform (Uruk IV)"
"Cuneiform (Uruk IV)","N14 _ N01 N01 N01 N01 N01 _ GESZTU~b _ N14 _ N01 N01 N01 N01 _ N14 _ N01 N01 N01 N01 _ UKKIN~a _ N14 _ N14 _ TE _ N14 N14 _ NAM2 _ N01 N01 N01 N01 N01 N01 _ SZITA~a1 _ N01 N01 N01 N01 N01 N01 _ N01 N01 N01 N01 N01 _ N01 _ N14 N14 _ AB~a _ N01 N01 N01 N01 N01 _ MUSZ3~a _ N01 N01 N01 _ EN~a _ N01 _ ZATU630 _ N14 N14 N14 N14 _ ZATU693 _ N14 _ N01 N01 N01 _ NIR~b _ N14 _ KU6~a _ N01 N01 N01 N01 N01 N01 _ APIN~a _ DA~a _ N34 _ N14 N14 N14 N14 _ N34 N34 N34 N34 N34 _ ZATU758 _ KU6~a",90,-0.364242250550641,0.463897921840194,-1.40417800626555,1.45441109983816,"Cuneiform (Uruk IV)"
"Cuneiform (Uruk IV)","N14 N14 _ N01 N01 N01 N01 N01 N01 N01 N01 _ UTUA~a _ N14 _ N01 N01 N01 N01 _ U8 _ N34 N34 N34 _ N14 N14 _ N01 N01 N01 _ N34 N34 _ N14 N14 N14 N14 _ N01 _ UD5~a _ U2~b _ N34 _ N01 N01 N01 N01 N01 _ GA2~b _ UTUA~b _ N34 _ N14 _ N01 N01 N01 N01 _ U8 _ GI6 _ N01 N01 N01 N01 N01 N01 N01 _ U8 _ N14 _ UDUNITA~a _ N01 N01 N01 N01 N01 _ UD5~b",66,-0.510127220623804,0.00646359912392822,-1.47294224730168,1.39851007834793,"Cuneiform (Uruk IV)"
"Cuneiform (Uruk IV)","N01 N01 _ AN _ MUSZ3~a _ KASKAL _ KUR~a _ DUB~b _ NAGA~a _ A _ IB~a _ NUN~c",11,0.456377772236844,0.406792478017645,1.27762739414387,-0.345666046194983,"Cuneiform (Uruk IV)"
"Cuneiform (Uruk IV)","N34 N34 N34 N34 N34 _ N01 N01 N01 N01 N01 _ SZU2 _ N14 _ ZATU644~a _ N14 _ ZATU753 _ N14 _ ME~a _ NESAG2~a _ N01 _ |ZATU662x1(N14)| _ N01 _ ZATU662 _ N14 N14 N14 N14 _ N01 N01 _ SZU2 _ N14 N14 N14 N14 _ N01 N01 _ N01 N01 _ ME~a _ ANSZE~c _ EN~b@t _ GIR3~a",41,0.10296943194733,0.388408605604745,-0.961403381057238,0.955317784406697,"Cuneiform (Uruk IV)"
"Cuneiform (Uruk IV)","N01 N01 N01 N01 N01 _ UD5~a _ SZUBUR _ N14 N14 _ N01 N01",11,-1.11326173461694,-0.732102066268874,-0.785299836940295,1.51288228323599,"Cuneiform (Uruk IV)"
"Cuneiform (Uruk IV)","N01 N01 N01 N01 N01 N01 _ UDU~a _ N38 _ N01 _ N01 _ GI _ |U4.SZU2|",12,-1.03080604100368,-0.494186514995843,-0.584737467251556,1.31013155638897,"Cuneiform (Uruk IV)"
"Cuneiform (Uruk IV)","N07~a N07~a _ SAG _ BA _ EZINU~d _ N01 _ N07~a N07~a",8,-0.666149018311087,-0.726740658758013,0.2031861279542,0.344651904736522,"Cuneiform (Uruk IV)"
"Cuneiform (Uruk IV)","N01 N01 N01 N01 _ KASZ~b _ UDU~a _ ZATU762~a",7,-0.960925372631106,-0.777319208631199,0.000577203472717793,1.14117261734979,"Cuneiform (Uruk IV)"
"Cuneiform (Uruk IV)","N01 N01 N01 N01 N01 N01 N01 _ N01 _ GU4 _ |(DUBxDISZ)~a| _ N02 N02 N02 N02 N02 N02 _ UR~a _ TE _ NUN~a _ USZ~a",20,-0.361763173198732,0.00202553221169583,-0.647771354868018,1.63026428298952,"Cuneiform (Uruk IV)"
"Cuneiform (Uruk IV)","N01 _ MASZ _ SANGA~a _ UNUG~a _ DARA4~a2 _ GU4 _ GU4",7,-0.20782917565844,-0.550072897516428,1.08115813404062,-0.0978596022708519,"Cuneiform (Uruk IV)"
"Cuneiform (Uruk IV)","N07~a _ KU3~a _ ESZDA _ N08",4,-0.666149018311087,-1.11610647191521,1.62144859932456,-0.717375712081177,"Cuneiform (Uruk IV)"
"Cuneiform (Uruk IV)","N01 N01 N01 _ USZ~a _ N01 _ N01 N01 N01 N01 _ ZATU697~b",10,-1.61335617874839,-1.16225311958402,-1.02597468056678,1.76068872716012,"Cuneiform (Uruk IV)"
"Cuneiform (Uruk IV)","N01 N01 _ SZE~a _ MAR~a _ UDUNITA~a _ KISAL~b1 _ A _ EN~a",8,-0.0071898459600057,-0.145278783680089,1.14869444220111,-0.186361903672327,"Cuneiform (Uruk IV)"
"Cuneiform (Uruk IV)","N01 N01 _ GURUSZDA _ UDUNITA~a _ N57 _ NIMGIR _ UNUG~a",7,-0.20782917565844,-0.37196036950685,1.08115813404062,-0.0978596022708519,"Cuneiform (Uruk IV)"
"Cuneiform (Uruk IV)","N34 N34 N34 N34 N34 N34 N34 N34 N34 _ N45 _ N14 N14 N14 N14 N14 N14 N14 _ N01 N01 N01 _ N36 N36 N36 N36 N36 _ N46 _ N14 N14 _ N01 N01 N01 _ N36 _ N46 N46 _ N04 _ N46 _ N19 _ N01 N01 _ GI _ N36 N36 _ N46 _ N19 N19 _ GI _ N36 N36 _ N46 _ N01 _ N36 _ N14 N14 N14 N14 N14 N14 N14 N14 _ N01 _ DA~c _ U4",62,0.0935145149462555,0.11385748899157,-1.48957875722978,1.41538466595436,"Cuneiform (Uruk IV)"
"Cuneiform (Uruk IV)","N01 N01 N01 N01 N01 _ ZATU651 _ AN _ DUG~a _ U8 _ DIN _ BAR",11,-0.311181104566352,-0.0385863722271273,0.246163778601786,0.7694629514636,"Cuneiform (Uruk IV)"
"Cuneiform (Uruk IV)","N01 _ SAL _ N01 N01 N01 _ GURUSZ~a _ SUKKAL _ UNUG~a _ KUR~a _ MAGUR~a",10,-0.207576611066085,-0.0985619454393108,0.486838622228273,0.108645767665921,"Cuneiform (Uruk IV)"
"Cuneiform (Uruk IV)","N09 _ BAR _ LAM~b _ BA _ SZUBUR _ SZESZ~a _ N09",7,-0.20782917565844,-0.550072897516428,1.08115813404062,-0.717375712081177,"TeDDi"
"Cuneiform (Uruk IV)","N01 _ SUHUR _ NESAG2~a _ LAL2~a",4,-0.666149018311087,-1.11610647191521,1.62144859932456,-0.717375712081177,"Cuneiform (Uruk IV)"
"Cuneiform (Uruk IV)","N01 _ KISAL~b1 _ BU~a _ GURUSZDA _ BU~a _ PAP~a _ NIM~a _ DUG~b _ TUR",9,0.1665142337285,-0.044246197486862,1.20122268188149,-0.717375712081177,"TeDDi"
"Cuneiform (Uruk IV)","N14 _ KAB _ UNUG~a _ UDUNITA~a _ EN@g~a",5,-0.383299057026374,-0.791691459952389,1.62144859932456,-0.717375712081177,"Cuneiform (Uruk IV)"
"Cuneiform (Uruk IV)","N14 N14 N14 N14 _ NUN~b _ SZITA~a1",6,-1.32367678427084,-1.1028229658355,-0.269568029169255,1.51288228323599,"Cuneiform (Uruk IV)"
"Cuneiform (Uruk IV)","N01 _ U4 _ N01 _ GI6 _ N01 _ DUB~b _ N01 _ IB~a _ N01 N01 N01 N01 N01 N01 N01 N01",16,-1.27126848109308,-0.780518626383977,-0.978699264854437,1.01726939538773,"Cuneiform (Uruk IV)"
"Cuneiform (Uruk IV)","N01 _ KUSZU2~a _ |EZEN~axEN~b| _ DARA3~a",4,-0.666149018311087,-1.11610647191521,1.62144859932456,-0.717375712081177,"Cuneiform (Uruk IV)"
"Cuneiform (Uruk IV)","N01 N01 _ NESAG2~a _ UNUG~a _ |MAxMA|",5,-0.73474394894695,-0.929659678684727,0.865041947927037,0.211898452634309,"Cuneiform (Uruk IV)"
"Cuneiform (Uruk IV)","N14 _ N01 N01 N01 N01 N01 N01 N01 _ LAGAR~a _ GESZTU~b",10,-1.23129028476409,-0.957290926350594,-0.647771354868018,1.76068872716012,"Cuneiform (Uruk IV)"
"Cuneiform (Uruk IV)","N01 N01 _ AN _ SIG2~e _ NIMGIR",5,-0.73474394894695,-0.929659678684727,0.865041947927037,0.211898452634309,"Cuneiform (Uruk IV)"
"Cuneiform (Uruk IV)","N01 N01 N01 N01 N01 _ N58 N58 N58 _ UDUNITA~a _ N01 N01 N01 N01 N01 _ MASZ _ UNUG~a _ ZATU762~b _ GURUSZDA",18,-0.613213530826471,-0.171376552523699,-0.689793946612325,1.4691517343082,"Cuneiform (Uruk IV)"
"Cuneiform (Uruk IV)","N14 N14 _ N01 _ LAGAR~a",4,-1.10545513321181,-1.28856674533063,0.675940285077655,0.521656507539469,"Cuneiform (Uruk IV)"
"Cuneiform (Uruk IV)","N01 N01 N01 N01 _ UDU~a _ N01 N01 _ SILA4~c _ N01 N01 N01 N01 _ NESAG2~a",13,-1.41726546336532,-0.816292586491131,-0.996882117051492,1.45093067225495,"Cuneiform (Uruk IV)"
"Cuneiform (Uruk IV)","N01 _ BU~a _ |EZEN~axRAD~a| _ DUB~b",4,-0.666149018311087,-1.11610647191521,1.62144859932456,-0.717375712081177,"Cuneiform (Uruk IV)"
"Cuneiform (Uruk IV)","N01 N01 _ AB2 _ NUN~a _ ZATU639 _ LAM~b _ NIMGIR _ GU4 _ N01 _ AB2 _ BA _ N01 _ AB2 _ SZE~b _ UNUG~a _ N01 N01 N01 N01 _ AB2 _ GU4 _ ZATU639 _ UNUG~a",23,0.0994631731833453,0.0461294904538309,-0.516222372016275,-0.0415399559244594,"TeDDi"
"Cuneiform (Uruk IV)","N07~a N07~a _ N09 _ SAG _ URU~b1 _ BA _ NAM2 _ N01 _ N07~a _ N09",10,-0.0981795042582992,-0.280790656257686,0.486838622228273,-0.304364972207628,"Cuneiform (Uruk IV)"
"Cuneiform (Uruk IV)","N07~a _ N09 _ ZATU651 _ TUR _ SAG _ BA _ EN~a _ N01 _ N07~a N07~a _ N09",11,0.0765866530794922,-0.224010389327593,0.58998498378248,-0.345666046194983,"TeDDi"
"Cuneiform (Uruk IV)","N01 N01 N01 _ MASZ _ N01 N01 N01 N01 _ TUR _ ZATU631",10,-1.23129028476409,-0.842317410740317,-0.647771354868018,1.34767798728657,"Cuneiform (Uruk IV)"
"Cuneiform (Uruk IV)","|(DUBxDISZ)~a| _ N01 N01 N01 _ GAL~a _ TE _ N01 _ |SZE~a.NAM2| _ SZE~a _ N01 _ GAL~a _ ZATU693 _ N01 _ DI _ N01 N01 _ MAR~a _ SZIM~a _ N01 _ SZUBUR _ NAM2 _ N01 _ GA~a _ SZE~a _ N01 _ NIM~b2 _ N01 _ |ZATU762~axNIM~a| _ N01 _ N01 _ |1(N58).BAD~a| _ SZE~a _ N01 _ KAB _ USZ~a _ N01 _ GAL~a _ NIM~a _ N01 _ GA2~b _ SZE~a _ N01 N01 N01 N01 _ |ZATU737xSZE~a| _ N01 N01 N01 N01 N01 N01 N01 N01 N01 _ SZE~a _ N01 N01 N01 N01 N01 _ GAL~a _ N14 _ N01 N01 N01 N01 N01 N01 N01 N01 _ |DARA3~cx(KAR2.SZE~a)| _ SU~a _ NUN~a",74,0.0291481801230443,0.792841243659544,-0.882870719491574,0.606521728061433,"Cuneiform (Uruk IV)"
"Cuneiform (Uruk IV)","N07~a _ APIN~a _ NAM2 _ N08",4,-0.666149018311087,-1.11610647191521,1.62144859932456,-0.717375712081177,"Cuneiform (Uruk IV)"
"Cuneiform (Uruk IV)","N34 _ ZATU694~d _ N14 N14 N14 N14 N14 _ ZATU694~b _ N14 _ ZATU693 _ N34 N34",12,-0.757313273984236,-0.621896228235984,-0.584737467251556,0.972213678310617,"Cuneiform (Uruk IV)"
"Cuneiform (Uruk IV)","N01 _ NUN~a _ A _ AB2 _ RAD~b _ AN",6,-0.152193811202241,-0.514930804580146,1.62144859932456,-0.717375712081177,"TeDDi"
"Cuneiform (Uruk IV)","N01 N01 N01 N01 N01 N01 _ BA _ SUKKAL _ N01 _ GURUSZ~a",10,-1.23129028476409,-0.723363742387271,-0.647771354868018,1.34767798728657,"Cuneiform (Uruk IV)"
"Cuneiform (Uruk IV)","N14 N14 _ N01 N01 N01 N01 _ |1(N58).BAD~b| _ N01 N01 _ MA2",10,-1.04311707321225,-0.78453310183107,-0.647771354868018,1.34767798728657,"Cuneiform (Uruk IV)"
"Cuneiform (Uruk IV)","N14 _ N01 _ GU4 _ |(DUBxDISZ)~b| _ MUSZ3~a _ TE _ NUN~a _ DA~a",8,0.212463211490355,-0.0590486469723778,1.62144859932456,-0.717375712081177,"TeDDi"
"Cuneiform (Uruk IV)","N01 _ AMAR _ RAD~b _ |GIxLAGAB~a| _ AN",5,-0.383299057026374,-0.791691459952389,1.62144859932456,-0.717375712081177,"Cuneiform (Uruk IV)"
"Cuneiform (Uruk IV)","N01 N01 N01 N01 N01 _ SZITA~a3 _ SUHUR _ UNUG~a _ NESAG2~a",9,-0.771613282364291,-0.487273645261672,-0.0594550704477173,1.14117261734979,"Cuneiform (Uruk IV)"
"Cuneiform (Uruk IV)","N01 _ DUG~b _ N34 _ N14 _ SZE3 _ N14 N14 N14 N14 _ SZE3 _ MASZ _ NUN~a",12,-0.270047961737541,-0.356112949551994,0.0456014089130475,0.296377922153899,"Cuneiform (Uruk IV)"
"Cuneiform (Uruk IV)","N01 _ UNUG~a _ GU4 _ AN _ UTUL~a",5,-0.383299057026374,-0.791691459952389,1.62144859932456,-0.717375712081177,"Cuneiform (Uruk IV)"
"Cuneiform (Uruk IV)","N14 N14 N14 N14 _ N01 N01 N01 N01 N01 N01 N01 _ GIR~b _ BA",13,-1.04096284082014,-0.761390641200692,-0.996882117051492,2.07044678206528,"Cuneiform (Uruk IV)"
"Cuneiform (Uruk IV)","N01 N01 _ MASZ _ UNUG~a _ ERIM~a _ GURUSZDA",6,-0.445064554469394,-0.629904320190437,0.991109723159957,0.0260436196912117,"Cuneiform (Uruk IV)"
"Cuneiform (Uruk IV)","N01 N01 N01 N01 N01 N01 N01 _ BA _ N01 _ GU4 _ N02 N02 N02 N02 N02 N02 _ USZ~a _ DUB~b _ NUN~a _ TE _ ERIN _ N01 N01 N01 N01 N01 N01 N01 N01 _ TUR",30,-0.440728080566737,-0.0366485095692117,-0.899906905333862,1.58978773135037,"Cuneiform (Uruk IV)"
"Cuneiform (Uruk IV)","N01 N01 N01 N01 N01 N01 _ NUN~b _ N01 N01 N01 N01 N01 _ UTUA~a _ N01 N01 N01 N01 N01 N01 N01 _ N01 N01 N01 N01 N01 _ UD5~a _ N01 N01 _ ESZGAR _ N01 _ U8 _ GURUSZ~a _ N14 N14 _ N01 N01 N01 N01 N01 N01",40,-1.30584189831789,-0.365581845549757,-1.40417800626555,1.85599889790017,"Cuneiform (Uruk IV)"
"Cuneiform (Uruk IV)","N01 N01 N01 N01 N01 N01 N01 _ BA _ N01 _ GI _ UMBIN~c _ GI@t _ TE _ N01 N01 N01 N01 N01 N01 _ BAR",20,-0.967706615823656,-0.360465902653845,-0.8368730177174,1.43462761673363,"Cuneiform (Uruk IV)"
"Cuneiform (Uruk IV)","N01 _ ZATU662 _ N01 N01 N01 N01 _ ZATU644~a _ SIG7 _ N14 N14 _ N01 N01 N01 N01 N01 N01 _ DUR~a",17,-0.902179382077456,-0.588446444800971,-0.825749390490967,1.37349115852867,"Cuneiform (Uruk IV)"
"Cuneiform (Uruk IV)","N14 _ N01 _ N01 N01 N01 N01 N01 N01 N01 N01 _ U8 _ BANSZUR~a _ N01 N01 _ DA~d _ N01 N01 N01 _ N58 _ N01 _ NUN~b _ N34 _ N01 N01 _ LAGAR~a _ TE _ SANGA~a",27,-0.506856807927027,0.331704100129333,-0.619756293705149,0.998207361239721,"Cuneiform (Uruk IV)"
"Cuneiform (Uruk IV)","EN~a _ N01 _ SAL _ N01 _ LAGAR~b1 _ N01 _ ZATU621~a _ N01 _ URU~b2 _ GU4",10,-0.207576611066085,-0.214322241265894,0.486838622228273,-0.717375712081177,"Cuneiform (Uruk IV)"
"Cuneiform (Uruk IV)","N34 N34 N34 _ N14 N14 _ N01 N01 N01 N01 _ UTUA~a _ N34 N34 _ N01 N01 N01 N01 N01 N01 N01 _ UDUNITA~a _ N34 _ N14 _ N01 N01 N01 N01 N01 N01 N01 N01 N01 _ NUN~b _ N14 N14 N14 N14 _ N01 _ N14 _ N01 N01 N01 _ U2~b _ ZATU752 _ SZUBUR _ MASZ _ N14 _ N34 N34 N34 N34 N34 N34 N34 _ N14 N14 N14 N14 _ N01 N01 N01 N01 _ U2~b _ BAR",63,-0.418585871451678,-0.19994323768466,-1.50022964453825,1.56084482076969,"Cuneiform (Uruk IV)"
"Cuneiform (Uruk IV)","N14 _ GA~a _ UDUNITA~a _ KAB",4,-0.666149018311087,-1.11610647191521,1.62144859932456,-0.717375712081177,"Cuneiform (Uruk IV)"
"Cuneiform (Uruk IV)","N07~a _ BA _ EZINU~d _ SIMUG _ N08",5,-0.383299057026374,-0.791691459952389,1.62144859932456,-0.717375712081177,"Cuneiform (Uruk IV)"
"Cuneiform (Uruk IV)","N14 _ MA _ TE _ IB~a _ NESAG2~a _ UMBIN~a _ SZEG9",7,0.0432028899991103,-0.273411641840897,1.62144859932456,-0.717375712081177,"TeDDi"
"Cuneiform (Uruk IV)","N01 _ KUR~a _ URUDU~a _ ERIM~a _ N01 _ SAL _ SU~a _ RAD~b _ N01 _ URU~a2 _ BA _ EN~b _ MAGUR~a",13,0.506516397877723,0.464037198829161,1.03959732901877,-0.717375712081177,"TeDDi"
"Cuneiform (Uruk IV)","N07~a _ N09 _ SIG7 _ BA _ ESZDA _ N07~a N07~a N07~a _ N09",9,-0.614474414983894,-0.829156157085422,-0.0594550704477173,0.211898452634309,"Cuneiform (Uruk IV)"
"Cuneiform (Uruk IV)","N45 _ N34",2,-1.54476124811253,-2.00771315120118,1.62144859932456,-0.717375712081177,"Cuneiform (Uruk IV)"
"Cuneiform (Uruk IV)","N01 _ SZAM2 _ |GA2~a1x1(N14)| _ N01 _ ZATU665 _ EN~a _ |GA2~a1x1(N14)|",7,-0.458861241315998,-0.747170352848349,0.540867668756667,-0.717375712081177,"TeDDi"
"Cuneiform (Uruk IV)","N01 N01 N01 N01 N01 N01 N01 _ URUDU@g~a _ N01 N01 N01 N01 N01 N01 N01 N01",16,-2.12702630039372,-1.46691757824295,-1.68783050053962,2.50410805893251,"Cuneiform (Uruk IV)"
"Cuneiform (Uruk IV)","|SILA3~axSUHUR| _ |SILA3~axX| _ ZATU720 _ ZATU720 _ N01 _ |MAH~ax(SILA3~axUMBIN~a)| _ N01 _ |MAH~axZATU659| _ N01 _ |SILA3~axSZE~a@t| _ N01 _ |SILA3~ax(ZATU659.TU~c)| _ AMA~a _ LAM~b",14,0.294234955656669,0.32049010391266,0.540867668756667,-0.431445199861027,"Cuneiform (Uruk IV)"
"Cuneiform (Uruk IV)","AN _ N14 N14 _ N01 N01 _ SILA4~c _ SU~b _ N01 N01 _ U8 _ N01 _ ESZGAR _ N01 N01 _ TUG2~a",15,-0.258948889115722,-0.0659135266245621,-0.143500253936335,0.344651904736522,"Cuneiform (Uruk IV)"
"Cuneiform (Uruk IV)","N01 _ ZAR~c _ |NUN~a+EN~a| _ UKKIN~a _ N02 N02 _ ZAR~c _ GAL~a _ N02 _ NAM2 _ N02 _ N01 N01 N01 _ N02 _ ZATU753 _ N57 _ ZATU625 _ N01 _ BAN~a _ N02",21,0.217452490513628,0.432282258398009,-0.179519618288596,-0.159811213251885,"Cuneiform (Uruk IV)"
"Cuneiform (Uruk IV)","N34 _ GAL~a _ SANGA~a",3,-1.03080604100368,-1.50874533914825,1.62144859932456,-0.717375712081177,"Cuneiform (Uruk IV)"
"Cuneiform (Uruk IV)","N01 N01 N01 _ LAL2~a _ MASZ _ IB~a _ GUM~a",7,-0.553611725819583,-0.528156407351174,0.540867668756667,0.521656507539469,"Cuneiform (Uruk IV)"
"Cuneiform (Uruk IV)","N14 _ N14 N14 N14 _ N45 N45 _ N14 N14 N14",9,-1.75193405242612,-1.32867475290725,-1.32013282277693,2.07044678206528,"Cuneiform (Uruk IV)"
"Cuneiform (Uruk IV)","N07~a _ N09 _ EN~a _ NUN~a _ N07~a N07~a _ N09 _ BA",8,-0.529402634801359,-0.798549649164736,0.2031861279542,-0.186361903672327,"Cuneiform (Uruk IV)"
"Cuneiform (Uruk IV)","N07~a N07~a _ PAP~a _ BA _ N07~a N07~a N07~a",7,-1.4139931249206,-1.2933787251734,-0.539713261811227,1.14117261734979,"Cuneiform (Uruk IV)"
"Cuneiform (Uruk IV)","N34 N34 N34 _ N45 N45 _ NESAG2~a",6,-1.14134827292453,-1.0790932670723,-0.269568029169255,1.51288228323599,"Cuneiform (Uruk IV)"
"Cuneiform (Uruk IV)","N01 N01 _ BA _ N01 N01 N01 N01 N01 _ BAN~a _ KU6~a _ N01 N01 N01 N01 N01 _ N57 _ KU6~a _ N01 N01 _ EN~b _ N01 _ N01 _ ZATU729 _ N01 _ SZESZ~b _ DI _ N01 N01 _ U4 _ ZATU697~a _ USZ~a _ N01 _ AB~a _ N01 _ GURUSZ~a _ |USZ~a&USZ~a| _ N14 N14 _ N01 N01 N01 N01 N01 N01 N01 _ |USZ~a&USZ~a| _ GURUSZ~a",47,-0.208901675116757,0.637083093570281,-0.873083974433238,0.817946820927018,"Cuneiform (Uruk IV)"
"Cuneiform (Uruk IV)","N01 N01 N01 _ N01 N01 N01 _ U4 _ N01 N01 N01 _ N01 N01 N01 _ BU~a _ N01 N01 N01 _ N01 N01 N01 _ APIN~a _ N01 N01 N01 _ UR~a@g _ N01 N01 _ SI4~a _ N01 N01 _ N01 _ N01 N01 _ N01 N01 _ KA~a _ N01 N01 _ KA~a _ N01 _ EN~a _ ERIM~a _ N01 _ SAG@n _ N01 N01 _ MUSZEN _ N01 N01 _ KA~a _ N01 N01 _ A _ EN~a _ N01 N01 _ BU~a _ N01 _ KU3~a _ N01 N01 _ N01 _ N01 N01 _ N01 N01 _ N01 _ N01 N01",69,-1.03346602840133,0.0606145718944845,-1.44802766721613,1.35982536198873,"Cuneiform (Uruk IV)"
"Cuneiform (Uruk IV)","N01 _ UNUG~a _ BA _ AN _ KUR~a _ ERIM~a _ DUB~b _ URUDU~a",8,0.212463211490355,-0.0590486469723778,1.62144859932456,-0.717375712081177,"TeDDi"
"Cuneiform (Uruk IV)","N14 _ N01 N01 N01 N01 N01 _ NUN~a _ EN~a _ N14 _ N01 N01 N01 _ ERIN _ N01 N01 N01 _ ERIN _ N34",18,-0.812345103762382,-0.572178717462409,-0.899906905333862,1.03184624503033,"Cuneiform (Uruk IV)"
"Cuneiform (Uruk IV)","N01 N01 N01 N01 _ NESAG2~a _ GU4 _ GAR3",7,-0.960925372631106,-0.777319208631199,0.000577203472717793,1.14117261734979,"Cuneiform (Uruk IV)"
"Cuneiform (Uruk IV)","N14 N14 _ N58 N58 N58 _ URU~b2 _ NAM2 _ GURUSZDA _ GAR3",9,-0.297674911908263,-0.27419322870743,0.360770846995353,0.676535534992051,"Cuneiform (Uruk IV)"
"Cuneiform (Uruk IV)","N01 _ URU~a1 _ N01 _ N01 _ NAM2 _ N01 _ N01 _ |SZE~a.NAM2| _ N01 _ ZATU753 _ PAP~a",11,-0.622699822369298,-0.346317021032403,-0.0976574265789092,0.0260436196912117,"Cuneiform (Uruk IV)"
"Cuneiform (Uruk IV)","N01 _ BU~a _ UTUA~a _ N14 _ NUN~b",5,-0.383299057026374,-0.791691459952389,1.62144859932456,-0.717375712081177,"Cuneiform (Uruk IV)"
"Cuneiform (Uruk IV)","N01 _ ESZGAR _ N01 _ NUN~b _ GA~a _ N01 N01 _ UTUA~a _ N01 _ N08 _ U8 _ ZATU767 _ N34 _ N14 _ N01 N01 N01 N01 N01 _ NUN~b _ N14 _ N01 _ GUKKAL~a",23,-0.0553921484693805,0.20890006827682,-0.351786143451596,0.127418983114718,"Cuneiform (Uruk IV)"
"Cuneiform (Uruk IV)","N34 _ U2~b _ GUKKAL~a _ N01 _ NIMGIR _ N14 _ MUSZ3~a _ NUN~b _ N14 _ UTUA~a _ IB~a _ N14 _ GESZTU~a _ N01 N01 N01 N01 N01 N01 _ MUSZ3~a _ N34",21,0.247285288560434,0.143397604372626,-0.179519618288596,0.211898452634309,"TeDDi"
"Cuneiform (Uruk IV)","N01 N01 N01 _ SAL _ N01 N01 N01 N01 N01 N01 N01",11,-2.03722605024384,-1.49339910678052,-1.47294224730168,2.25630161500838,"Cuneiform (Uruk IV)"
"Cuneiform (Uruk IV)","N01 N01 N01 N01 N01 _ ZATU753 _ ZATU753",7,-1.66502519057815,-1.34850267556702,-1.08000372709518,2.38020483697044,"Cuneiform (Uruk IV)"
"Cuneiform (Uruk IV)","|MAH~axMASZ| _ N01 N01 _ SZITA@g~a _ AB2 _ N01 N01 _ SZITA@g~a _ N01 N01 _ N01 N01 _ N01 N01 N01",15,-1.33684579817373,-1.08264139455815,-1.1520424557997,1.40667952155422,"Cuneiform (Uruk IV)"
"Cuneiform (Uruk IV)","N01 N01 N01 N01 N01 N01 _ ZATU688~b _ N01 _ N01 N01 N01 N01 N01 N01 _ N14 N14 _ N01 N01 _ N01@r _ GA~a _ N01 _ DU",22,-1.14109900922033,-0.368257092978332,-1.12912104212099,1.58368412435717,"Cuneiform (Uruk IV)"
"Cuneiform (Uruk IV)","N45 _ N54 N54 _ N57 N57 _ SUKUD@g~c _ N34",7,-0.458861241315998,-0.658430739168208,0.540867668756667,0.521656507539469,"Cuneiform (Uruk IV)"
"Cuneiform (Uruk IV)","N01 N01 N01 N01 N01 _ GISZ _ EN~a",7,-1.4139931249206,-1.07184141989148,-0.539713261811227,1.76068872716012,"Cuneiform (Uruk IV)"
"Cuneiform (Uruk IV)","|GA2~a1xSUHUR| _ KUSZU2~a",2,-1.54476124811253,-2.00771315120118,1.62144859932456,-0.717375712081177,"Cuneiform (Uruk IV)"
"Cuneiform (Uruk IV)","N14 _ N01 N01 N01 _ SZITA~a3 _ AN _ N14",7,-0.804643791477133,-0.903366390692673,0.000577203472717793,0.521656507539469,"Cuneiform (Uruk IV)"
"Cuneiform (Uruk IV)","N14 N14 _ N01 _ UTUA~a _ N14 _ N01 N01 N01 N01 N01 N01 N01 N01 _ UD5~a _ ESZGAR _ N01 N01 _ U8 _ N14 _ N01 N01 N01 N01 _ GUKKAL~a _ N01 _ UDUNITA~a _ N01 N01 N01 N01 N01 N01 N01 N01 N01 _ N34 _ N01 N01 N01 N01 N01 _ NUN~a",42,-0.932439359155615,-0.227875743023308,-1.26010054885649,1.45848574676484,"Cuneiform (Uruk IV)"
"Cuneiform (Uruk IV)","|NUN~a+A| _ |GA2~a1xSUHUR| _ BU~b",3,-1.03080604100368,-1.50874533914825,1.62144859932456,-0.717375712081177,"Cuneiform (Uruk IV)"
"Cuneiform (Uruk IV)","NUN~b _ N14 N14 _ N01 N01 N01 N01 N01 N01 N01 _ |MAH~axX| _ N01 _ N01 _ NESAG2~a _ N14 _ N01 _ N01 _ MAH~a",18,-0.849192514402667,-0.488510586272206,-0.899906905333862,1.25049898966926,"Cuneiform (Uruk IV)"
"Cuneiform (Uruk IV)","GURUSZDA _ A _ BU~a",3,-1.03080604100368,-1.50874533914825,1.62144859932456,-0.717375712081177,"Cuneiform (Uruk IV)"
"Cuneiform (Uruk IV)","N34 N34 N34 _ N14 _ N01 _ UDU~a _ N34 _ N14 _ N01",9,-0.80972157716199,-0.93674664540369,-0.479680987890792,0.211898452634309,"Cuneiform (Uruk IV)"
"Cuneiform (Uruk IV)","N14 N14",2,-2.42337347791397,-2.35263369803203,-0.269568029169255,2.99972094678077,"Cuneiform (Uruk IV)"
"Cuneiform (Uruk IV)","N34 N34 N34 N34 N34 N34 _ N14 N14 N14 N14 _ N01 N01 N01 N01 N01 N01 _ TE",17,-0.848728862553197,-0.63235424149412,-1.27069447954833,2.30276532324415,"Cuneiform (Uruk IV)"
"Cuneiform (Uruk IV)","N01 N01 N01 _ NESAG2~a",4,-1.7105745959938,-1.5619098115582,-0.269568029169255,1.76068872716012,"Cuneiform (Uruk IV)"
"Cuneiform (Uruk IV)","N01 N01 N01 _ ERIM~a _ KASZ~b _ |AB~axA@t|",6,-0.848477529657385,-0.812133031008813,0.360770846995353,0.7694629514636,"Cuneiform (Uruk IV)"
"Cuneiform (Uruk IV)","N01 N01 N01 N01 _ N01 N01 N01",7,-2.42337347791397,-1.8354234685442,-1.62029419237912,2.99972094678077,"Cuneiform (Uruk IV)"
"Cuneiform (Uruk IV)","N14 N14 N14 N14 _ N01 N01 N01 N01 _ BU~a _ N01 N01 _ N01 N01 N01 N01 _ PA~a _ BAR _ N34 N34 _ N01 N01 N01 _ N01 N01",24,-0.906458941806968,-0.49209158474242,-1.21507634341616,1.86843065930104,"Cuneiform (Uruk IV)"
"Cuneiform (Uruk IV)","N01 N01 _ BU~a _ N01 _ AB~a _ SAL _ N01 N01 N01 N01 N01",11,-1.30084668736604,-0.96400804555883,-0.785299836940295,1.14117261734979,"Cuneiform (Uruk IV)"
"Cuneiform (Uruk IV)","N01 _ N01",2,-2.42337347791397,-2.35263369803203,-0.269568029169255,2.99972094678077,"Cuneiform (Uruk IV)"
"Cuneiform (Uruk IV)","N01 N01 N01 _ U4 _ GU4 _ UNUG~a _ APIN~a _ |USZ~a&USZ~a| _ N14 _ N01 N01 _ APIN~a _ GU4 _ |USZ~a&USZ~a| _ MUSZ3~a",15,-0.0222013189991948,0.0127804659727647,-0.143500253936335,0.0791450005320955,"Cuneiform (Uruk IV)"
"Cuneiform (Uruk IV)","N01 N01 N01 N01 N01",5,-2.42337347791397,-1.9094931492232,-1.40417800626555,2.99972094678077,"Cuneiform (Uruk IV)"
"Cuneiform (Uruk IV)","EN~a _ NUN~a",2,-1.54476124811253,-2.00771315120118,1.62144859932456,-0.717375712081177,"Cuneiform (Uruk IV)"
"Cuneiform (Uruk IV)","N01 N01 _ SAL _ N01 _ KUR~a _ N01 N01 _ SAL _ N01 _ KUR~a _ SILA4~b _ DIM~b _ N01 N01 N01 N01 N01 _ SAL _ N01 N01 _ KUR~a _ NUN~a _ GA~a _ N14 _ N01 N01 N01 _ |SAL.KUR~a| _ BU~a _ DIM~b _ A _ ZATU758",32,-0.103556447292916,0.308723925136173,-0.742322186292709,0.361781382427128,"Cuneiform (Uruk IV)"
"Cuneiform (Uruk IV)","N01 N01 N01 N01 N01 _ MASZ _ MAR~a _ BU~a _ GURUSZDA _ N01 N01 _ UDUNITA~a _ MUSZ3~a _ N01 N01 N01 N01 N01 _ NUN~b _ NUN~a _ ZATU753",21,-0.364110756812413,0.151567114128679,-0.359616440049913,0.955317784406697,"Cuneiform (Uruk IV)"
"Cuneiform (Uruk IV)","N01 N01 N01 N01 _ BA _ N01 _ GI _ TE _ PIRIG~a1 _ DA~a _ N01 N01 N01 N01 N01 _ DA~a _ TE _ PIRIG~a1",18,-0.673989701275243,-0.478876537193157,-0.899906905333862,0.813193500391388,"Cuneiform (Uruk IV)"
"Cuneiform (Uruk IV)","N01 _ AB~a _ N01 N01 N01 N01 N01 _ |URU~a2x1(N58)| _ N01 _ U4 _ PAP~a _ N01 _ KISAL~b1 _ N01 _ N01 _ GESZTU~b _ N01 _ BU~a _ NUN~a _ N01 _ N01 _ |1(N58).BAD~a| _ N01 _ |SAGxGESZTU~a| _ N01 N01 _ N01 _ AN _ N01 _ N01 N01 _ GESZTU~b _ BU~a _ N01 _ SAG _ N01 _ GA2~a4 _ N01 N01 _ UMUN2 _ PAP~a",41,-0.202830384624153,0.741747478042788,-0.77691395388711,0.304825869105857,"Cuneiform (Uruk IV)"
"Cuneiform (Uruk IV)","N01 N01 N01 N01 N01 N01 N01 _ GU4 _ N01 _ AMAR _ N01 _ GU4 _ N01 _ GU4 _ N01 _ PA~a _ N01 _ NUN~a _ SANGA~a _ GU4 _ N01 _ AB~a _ AB2 _ N01 _ PA~a _ AB2 _ N01 _ N08 _ N01 _ N08 _ U2~b _ AB2 _ N01 _ MAR~a _ GU4 _ |MAH~axX| _ GU4 _ N01 _ SZUM _ GU4 _ N01 _ GU4 _ UR3~a1 _ N01 _ KU6~a _ NUN~a _ N01 _ EN~b _ SAL _ N01 _ ZATU693 _ N01 _ NUN~a _ N01 _ GISAL~b _ N01 N01 _ SANGA~a _ NUN~a _ GU4 _ N14 _ N01 N01 N01 N01 _ GU4 _ N01 N01 N01 N01 _ AB2 _ N01 N01 N01 N01 _ AMAR _ BA _ N01 N01 N01 N01 N01 N01 _ GU4",84,0.0313637056304896,0.822501255322998,-1.21507634341616,0.223094526907989,"Cuneiform (Uruk IV)"
"Cuneiform (Uruk IV)","N01 _ UDU~a _ N28 _ N14 _ SZE~a _ ZATU689 _ N01 _ N01 _ GUKKAL~a",9,-0.102427749730166,-0.311400714634964,0.780996764438424,-0.252738629723434,"Cuneiform (Uruk IV)"
"Cuneiform (Uruk IV)","N14 _ N01 _ MUSZ3~a _ KID~d _ N01 _ MUSZ3~a _ N34 _ SUHUR",8,-0.226842903410366,-0.548910552857351,0.675940285077655,-0.717375712081177,"TeDDi"
"Cuneiform (Uruk IV)","N01 N01 N01 N01 N01 N01 N01 N01 N01 _ EN~b _ N01 _ N01 _ SI4~a _ N01",14,-1.77800650578216,-0.956378513897796,-1.35014895973715,1.85599889790017,"Cuneiform (Uruk IV)"
"Cuneiform (Uruk IV)","N01 N01 _ N01 N01 _ GI",5,-1.78907862470868,-1.4971620534588,-0.647771354868018,2.07044678206528,"Cuneiform (Uruk IV)"
"Cuneiform (Uruk IV)","N14 N14 _ SUHUR _ UB",4,-1.10545513321181,-1.28856674533063,0.675940285077655,0.521656507539469,"Cuneiform (Uruk IV)"
"Cuneiform (Uruk IV)","NAM2@t _ KAB _ UNUG~a _ ZATU818",4,-0.666149018311087,-1.11610647191521,1.62144859932456,-0.717375712081177,"Cuneiform (Uruk IV)"
"Cuneiform (Uruk IV)","N34 _ N14 N14 _ SZITA~a1 _ N34",5,-1.08618884086753,-1.33071819621061,0.108635296529509,0.211898452634309,"Cuneiform (Uruk IV)"
"Cuneiform (Uruk IV)","N01 N01 _ UD5~a _ LAGAR~c _ PA~a",5,-0.73474394894695,-0.929659678684727,0.865041947927037,0.211898452634309,"Cuneiform (Uruk IV)"
"Cuneiform (Uruk IV)","N01 N01 N01 _ SAL",4,-1.7105745959938,-1.5619098115582,-0.269568029169255,1.76068872716012,"Cuneiform (Uruk IV)"
"Cuneiform (Uruk IV)","N01 N01 N01 _ |DUG~bxHI@g~a| _ URU~c",5,-1.21883951917254,-1.14833413166677,0.108635296529509,1.14117261734979,"Cuneiform (Uruk IV)"
"Cuneiform (Uruk IV)","N01 N01 N01 N01 _ N14 _ N01 N01 _ HASZHUR",8,-1.49092153854344,-1.03924859305863,-0.742322186292709,1.40667952155422,"Cuneiform (Uruk IV)"
"Cuneiform (Uruk IV)","N14 _ N01 N01",3,-1.61654752753798,-1.873202760785,0.360770846995353,1.14117261734979,"Cuneiform (Uruk IV)"
"Cuneiform (Uruk IV)","N01 N01 _ ZATU693@t _ |GA2~a1xEN~b| _ MASZ _ N01 N01 N01 N01 N01 N01 _ ZATU693 _ UDU~a _ UNUG~a _ GURUSZDA",15,-0.396511187798393,-0.137463448541843,-0.143500253936335,0.875665713145371,"Cuneiform (Uruk IV)"
"Cuneiform (Uruk IV)","N14 _ N01 N01 N01 N01 _ U8 _ N01 N01",8,-1.49092153854344,-1.20734926343226,-0.742322186292709,1.40667952155422,"Cuneiform (Uruk IV)"
"Cuneiform (Uruk IV)","MA2 _ |DUG~bxSZE~a| _ SANGA~a",3,-1.03080604100368,-1.50874533914825,1.62144859932456,-0.717375712081177,"Cuneiform (Uruk IV)"
"Cuneiform (Uruk IV)","N01 _ UMBIN~a _ N01 N01 _ ERIM~a",5,-1.21883951917254,-1.28630235039911,0.108635296529509,0.211898452634309,"Cuneiform (Uruk IV)"
"Cuneiform (Uruk IV)","N01 N01",2,-2.42337347791397,-2.35263369803203,-0.269568029169255,2.99972094678077,"Cuneiform (Uruk IV)"
"Cuneiform (Uruk IV)","N34 _ N14 N14 N14 _ N01 _ NUN~b _ N14 _ AMAR _ N14 N14 N14 N14 _ N01 N01 _ AN",15,-0.675024675180449,-0.556236948060653,-0.647771354868018,0.875665713145371,"Cuneiform (Uruk IV)"
"Cuneiform (Uruk IV)","N08 _ A",2,-1.54476124811253,-2.00771315120118,1.62144859932456,-0.717375712081177,"Cuneiform (Uruk IV)"
"Cuneiform (Uruk IV)","N14 _ N01 N01 _ UKKIN~a _ N01 N01 N01 N01 N01 _ N57 _ N01 N01 N01 N01 _ N01 N01 N01 _ ZATU647 _ N01 N01 N01 N01 N01 _ DU _ KAR2~a _ N01 N01 N01 N01 N01 N01 _ N01 N01 N01 N01 N01 _ KISAL~b1 _ N01 N01 N01 N01 N01 N01 N01 N01 _ N57 _ N01 _ SANGA~a _ N01 _ N57 _ N01 _ GA~a _ N01 N01 N01 _ UB _ N01 N01 N01 N01 N01 _ N57 _ N01 N01 N01 N01 N01 N01 _ N01 N01 _ N01 N01 _ N01 N01 _ N01 N01 N01 N01 N01 N01 _ N01 N01 N01 N01 _ N01 _ N01 _ N01 _ N01 N01 N01 _ N01 N01 _ N01 N01 N01 _ PA~a _ N01 N01 N01 _ |1(N58).BAD~a| _ N57 _ EN~a _ BA _ KISAL~b1 _ N34 _ N14 _ N01 N01 N01 N01 N01 N01 _ ZATU659 _ N34 _ N14 N14 N14 _ GAR _ N14 N14 N14 N14 _ N01 N01 N01 N01 N01 N01 _ N14 N14 N14 _ N01 N01 N01 N01 N01 _ |SILA3~axSZU| _ N01 _ SZITA@g~a _ N14 N14 _ N01 N01 N01 N01 N01 N01 N01 N01 _ N14 N14 N14 _ N01 N01 N01 N01 N01 _ ZATU780 _ N14 _ N01 N01 _ SZA@g _ N01 N01 _ |SILA3~axNUN~b|",165,-0.847473264868683,-0.0718405754852341,-1.63339214305268,1.75313365265023,"Cuneiform (Uruk IV)"
"Cuneiform (Uruk IV)","KASZ~b _ DA~a _ BU~a _ TAK4~a",4,-0.666149018311087,-1.11610647191521,1.62144859932456,-0.717375712081177,"Cuneiform (Uruk IV)"
"Cuneiform (Uruk IV)","N01 N01 N01 N01 _ AL _ N14 _ HI _ E2~a _ |ZATU651xNUN~a| _ TAK4~a _ AN",11,-0.0228652622003108,0.148836853120325,0.58998498378248,0.397753285577406,"Cuneiform (Uruk IV)"
"Cuneiform (Uruk IV)","N14 N14 N14 _ N01 N01 N01 N01 N01 _ N57 N57 N57 N57 N57 _ ZATU804 _ N14 _ N57 N57 N57 N57 N57",20,-0.946881419910485,-0.721538557803951,-1.40417800626555,2.02153761550131,"Cuneiform (Uruk IV)"
"Cuneiform (Uruk IV)","N14 _ N01 _ GUM~b _ SUM~a _ N01 _ |SILA3~axMASZ| _ N01 N01 _ N01 _ DUR2 _ ZATU751~a _ KU6~a _ GU7",13,0.0432341060540992,0.155871654928089,0.457746058712982,-0.0978596022708519,"Cuneiform (Uruk IV)"
"Cuneiform (Uruk IV)","N01 N01 _ N01 N01 N01 N01 N01 N01 N01 N01 N01 _ SUHUR _ N14 _ SUHUR",14,-1.59187864240406,-1.0902233014768,-1.35014895973715,2.14192941012032,"Cuneiform (Uruk IV)"
"Cuneiform (Uruk IV)","N01 N01 N01 N01 N01 _ |NUN~a+EN~d| _ N01 N01 _ SANGA~a _ N01 _ EN~a _ SANGA~a",12,-1.17724141263726,-0.632687283149475,-0.899906905333862,0.972213678310617,"Cuneiform (Uruk IV)"
"Cuneiform (Uruk IV)","N24 _ SZU",2,-1.54476124811253,-2.00771315120118,1.62144859932456,-0.717375712081177,"Cuneiform (Uruk IV)"
"Cuneiform (Uruk IV)","N02 N02 _ AMA~a _ N02 _ N05 _ U4 _ SI4~a _ U4",8,-0.529402634801359,-0.576429467218646,0.2031861279542,-0.186361903672327,"Cuneiform (Uruk IV)"
"Cuneiform (Uruk IV)","N14 N14 _ GAR _ LAM~b",4,-1.10545513321181,-1.28856674533063,0.675940285077655,0.521656507539469,"Cuneiform (Uruk IV)"
"Cuneiform (Uruk IV)","N14 N14 _ GAR",3,-1.61654752753798,-1.73869237036881,0.360770846995353,1.14117261734979,"Cuneiform (Uruk IV)"
"Cuneiform (Uruk IV)","N01 _ UR3~a1 _ N01 N01 N01 N01 N01 N01 _ N08 N08 _ BA",11,-1.11326173461694,-0.82384504885543,-0.785299836940295,1.51288228323599,"Cuneiform (Uruk IV)"
"Cuneiform (Uruk IV)","MA _ HASZHUR _ N14 _ BU~a",4,-0.666149018311087,-1.11610647191521,1.62144859932456,-0.717375712081177,"Cuneiform (Uruk IV)"
"Cuneiform (Uruk IV)","N37 _ N47 _ N05",3,-1.03080604100368,-1.50874533914825,1.62144859932456,-0.717375712081177,"Cuneiform (Uruk IV)"
"Cuneiform (Uruk IV)","N14 _ N34 _ N14 N14 _ N01 N01 _ N14 N14 N14 N14 _ GAN2 _ DA~a _ DANNA _ N22 _ N01 N01 _ GAN2 _ GI",18,-0.206968422814518,-0.00499535938511129,-0.479680987890792,0.594540755752449,"Cuneiform (Uruk IV)"
"Cuneiform (Uruk IV)","N01 _ TUG2~a _ GADA~a _ EN~a",4,-0.666149018311087,-1.11610647191521,1.62144859932456,-0.717375712081177,"Cuneiform (Uruk IV)"
"Cuneiform (Uruk IV)","UMBIN~a _ BARA2~a _ N01 _ EZEN~a _ N01 _ BARA2~a _ N01 N01",8,-0.885802075761447,-1.05724005928787,-0.269568029169255,-0.186361903672327,"Cuneiform (Uruk IV)"
"Cuneiform (Uruk IV)","N14 _ N01 N01 N01 N01 _ IB~a _ URI",7,-0.960925372631106,-0.921227346277423,0.000577203472717793,1.14117261734979,"Cuneiform (Uruk IV)"
"Cuneiform (Uruk IV)","N01 _ SIG7 _ GAL~a _ N01 _ BA _ N01 N01 _ UMUN2 _ GAL~a _ N01 N01 _ N01 N01 _ DARA4~a2 _ N01 N01 _ UKKIN~a _ N01 N01 _ N01 _ SIG7 _ EN~a _ SZU _ NUN~a _ N01 _ SIG7 _ GAL~a _ N01 N01 N01 N01 _ N01 N01 N01 N01 N01 N01 _ NUN~a _ EN~a _ N01 N01 N01 N01 N01 N01 N01 _ N01 N01 _ EN~a _ SZU _ NUN~a _ N01 _ NUNUZ~a1 _ N01 N01 N01 N01 N01 _ N01 N01 N01 N01 N01 _ N01 N01 N01 _ N01 N01 N01 _ N01 _ SIG7 _ N01 N01 _ GAL~a _ ZATU776 _ |Ax1(N14)| _ N14 N14 _ N01 N01 N01 N01 N01 N01 N01 N01 N01 _ SIG7 _ N14 N14 _ N01 N01 N01 N01 N01 _ BA",96,-0.733792926982916,-0.301851660914122,-1.60903814101904,1.43462761673363,"Cuneiform (Uruk IV)"
"Cuneiform (Uruk IV)","EN~a _ |GA2~bxDUB~a| _ N01 N01 N01 N01 N01 N01 _ N01 N01 N01 N01 _ N14 _ N01 N01 _ SIG7 _ N01 N01 N01 N01 N01 N01",22,-1.50287358641582,-0.922621612653998,-1.30103164471134,1.93769332996307,"Cuneiform (Uruk IV)"
"Cuneiform (Uruk IV)","N14 N14 _ N01 N01 N01 _ BA _ N14 _ N01 _ TE",9,-0.88341639844256,-0.7910482287767,-0.479680987890792,0.676535534992051,"Cuneiform (Uruk IV)"
"Cuneiform (Uruk IV)","N01 _ N01 N01 N01 N01 N01 _ N01 N01 N01 N01 N01 _ N01 N01 N01 N01 _ N14 N14 _ N18 _ N03 _ ZATU679",20,-1.28841721375205,-0.74563948696143,-1.21507634341616,2.2171742817572,"Cuneiform (Uruk IV)"
"Cuneiform (Uruk IV)","N01 N01 N01 N01 N01 _ N01 N01 N01 N01 N01 N01 _ KISAL~b1 _ N01 N01 N01 N01 N01 N01 N01 N01 _ IB~a _ SZITA~a1 _ N01 N01 N01 N01 N01 N01 N01 N01 _ IB~a _ N14 _ N14 N14 _ N14",35,-1.39055368019178,-0.798164061902739,-1.62029419237912,2.23443634054448,"Cuneiform (Uruk IV)"
"Cuneiform (Uruk IV)","N14 _ N14 N14 _ KASZ~a _ DUG~a _ N01",6,-0.848477529657385,-0.812133031008813,0.360770846995353,0.7694629514636,"Cuneiform (Uruk IV)"
"Cuneiform (Uruk IV)","N14 N14 N14 N14 _ |NINDA2xGAR| _ BU~b",6,-1.32367678427084,-1.1028229658355,-0.269568029169255,1.51288228323599,"Cuneiform (Uruk IV)"
"Cuneiform (Uruk IV)","KASZ~a _ BAR",2,-1.54476124811253,-2.00771315120118,1.62144859932456,-0.717375712081177,"Cuneiform (Uruk IV)"
"Cuneiform (Uruk IV)","TUM~a@g _ SAG",2,-1.54476124811253,-2.00771315120118,1.62144859932456,-0.717375712081177,"Cuneiform (Uruk IV)"
"Cuneiform (Uruk IV)","N01 N01 _ DU _ GI _ GI _ UDU~a _ N01 N01 N01 _ GISZIMMAR~b1 _ U4 _ U2~a _ N01 N01 N01 _ U4 _ U2~a _ GU7 _ TAR~a _ AB2",20,0.0560070578743473,0.198569583862115,-0.269568029169255,0.456444285454175,"Cuneiform (Uruk IV)"
"Cuneiform (Uruk IV)","N01 _ |NINDA2x1(N01)| _ N39~a _ N01 _ N24 _ IDIGNA _ AN _ GA2~a1",8,-0.0071898459600057,-0.2315089203878,1.14869444220111,-0.717375712081177,"TeDDi"
"Cuneiform (Uruk IV)","NAM2 _ NAM2 _ KAB _ N01 N01 N01 N01",7,-1.21195743828866,-1.21710437201241,-0.539713261811227,1.76068872716012,"Cuneiform (Uruk IV)"
"Cuneiform (Uruk IV)","N01 N01 N01 _ BA _ N01 N01 N01 N01 _ NIM~a _ N01 _ GI _ SAG _ EN~a _ DA~a _ N01 N01 N01 N01 N01 N01 N01 N01",22,-1.06122517014747,-0.49038812984986,-0.957210439530644,1.40667952155422,"Cuneiform (Uruk IV)"
"Cuneiform (Uruk IV)","N01 N01 N01 N01 N01 N01 N01 N01 _ TUR",9,-1.98120455023058,-1.4336646363206,-1.32013282277693,2.53508386442302,"Cuneiform (Uruk IV)"
"Cuneiform (Uruk IV)","N14 _ N01 _ N14 N14 _ N01 N01 _ SAL _ ZATU694~d",8,-0.831962366192361,-0.848789058175826,-0.269568029169255,0.344651904736522,"Cuneiform (Uruk IV)"
"Cuneiform (Uruk IV)","N01 _ SIG2~b _ EN~a _ N01 _ EN~a _ N01 N01 N01 N01 _ N14",10,-1.04311707321225,-0.909211871437775,-0.647771354868018,0.521656507539469,"Cuneiform (Uruk IV)"
"Cuneiform (Uruk IV)","N14 _ N01 _ ZATU659 _ N14 _ N14 N14 _ N01 N01 N01 _ N01 N01 N01 N01 N01 N01 _ N14 N14 N14 N14 _ N14 N14 N14 N14 N14 _ GAR _ N01 _ N14 _ DUG~a",28,-1.06625581394319,-0.719938817466586,-1.48522157605814,1.76068872716012,"Cuneiform (Uruk IV)"
"Cuneiform (Uruk IV)","N01 N01",2,-2.42337347791397,-2.35263369803203,-0.269568029169255,2.99972094678077,"Cuneiform (Uruk IV)"
"Cuneiform (Uruk IV)","NUN~c _ EN~a _ EN~a _ NUN~a",4,-1.10545513321181,-1.38944953814277,0.675940285077655,0.521656507539469,"Cuneiform (Uruk IV)"
"Cuneiform (Uruk IV)","N14 N14 N14 N14 _ SZITA@g~a _ N14 N14 N14 _ N01 N01 N01 N01 _ N14 N14 N14 _ N14 _ N01 N01 N01 N01 _ N14 N14 N14 N14 _ N14 N14",26,-1.45269064900769,-1.25034693419592,-1.72419620493373,2.1076177486539,"Cuneiform (Uruk IV)"
"Cuneiform (Uruk IV)","N34 _ N14 N14 N14 N14 _ N57 _ N34 N34 _ N57 _ N34 _ N14 _ N01 N01 N01 N01 N01 _ N58 _ N34 _ N58",19,-0.486648478161866,-0.424316866151841,-1.16531274792949,0.934667247413018,"Cuneiform (Uruk IV)"
"Cuneiform (Uruk IV)","UMBIN~a _ N48 _ N34 _ UMBIN~a",4,-1.10545513321181,-1.46102701874606,0.675940285077655,-0.717375712081177,"Cuneiform (Uruk IV)"
"Cuneiform (Uruk IV)","N25 _ N20 N20 N20 _ N05 N05 N05 N05 N05 _ N05 N05 _ N42~b N42~b _ GESZTU~b _ N20 _ N05 _ N42~b N42~b _ SAG",19,-0.540802370769126,-0.449224604846674,-0.966258365982765,1.34767798728657,"Cuneiform (Uruk IV)"
"Cuneiform (Uruk IV)","N01 N01 _ UDU~a _ ERIM~a",4,-1.10545513321181,-1.28856674533063,0.675940285077655,0.521656507539469,"Cuneiform (Uruk IV)"
"Cuneiform (Uruk IV)","N51 _ GAR _ N14 _ GAL~a",4,-0.666149018311087,-1.11610647191521,1.62144859932456,-0.717375712081177,"Cuneiform (Uruk IV)"
"Cuneiform (Uruk IV)","N01 _ U2~a _ N01 N01 N01 _ N01",6,-1.85225582860858,-1.58025575446573,-0.899906905333862,1.51288228323599,"Cuneiform (Uruk IV)"
"Cuneiform (Uruk IV)","AN _ A _ EN~a _ KI _ AN",5,-0.73474394894695,-1.11204374322856,0.865041947927037,-0.717375712081177,"Cuneiform (Uruk IV)"
"Cuneiform (Uruk IV)","|1(N57).SZUBUR| _ LAGAR~a _ NE~a _ N34 N34 N34 N34 _ N01 N01 _ AN _ MUSZ3~a _ N14 N14 _ N01 N01 N01 N01 N01 _ SZIDIM _ N14 N14 _ N01 N01 N01 N01 N01 _ KU6~a _ N01 _ N14 _ N34 N34 N34 _ N14 N14 N14 _ N01 _ NE~a _ N14 N14 N14 _ N01 N01 N01 N01 N01 _ AL _ ISZ~b _ SZIDIM",48,-0.123196953749353,-0.0150414673237325,-1.21507634341616,1.18071619882705,"Cuneiform (Uruk IV)"
"Cuneiform (Uruk IV)","N20 _ TUR _ |SILA3~axGESZTU~c3| _ N05 _ N20 _ N05 N05 _ |SILA3~axGESZTU~c3| _ U4 _ SI _ N05 _ KASZ~c _ N05 N05 _ GURUSZDA _ GAL~a _ N14 _ N02 _ ZATU752 _ |SILA3~axGESZTU~c3| _ URI3~a _ N01 _ ZATU752 _ N01 N01 N01 N01 N01 _ ZATU752 _ NAGA~a _ HI _ NAGAR~a _ N14 _ N14",34,0.824636905059083,0.966602326448188,-0.269568029169255,0.0710993367683256,"TeDDi"
"Cuneiform (Uruk IV)","N01 _ SANGA~a _ N01 N01 _ N01 _ GA~a _ N01 _ N01 _ PAP~b _ N01 N01 _ N58 N58 _ N01 _ N57 _ N01 N01 _ N01 N01 _ N01 _ N01 N01 N01 N01 N01 N01",26,-1.28209435108817,-0.647026838511529,-1.28780775220439,1.51288228323599,"Cuneiform (Uruk IV)"
"Cuneiform (Uruk IV)","N01 N01 N01 N01 _ GAR",5,-1.78907862470868,-1.4971620534588,-0.647771354868018,2.07044678206528,"Cuneiform (Uruk IV)"
"Cuneiform (Uruk IV)","N34 N34 N34 _ ZATU720",4,-1.7105745959938,-1.5619098115582,-0.269568029169255,1.76068872716012,"Cuneiform (Uruk IV)"
"Cuneiform (Uruk IV)","N01 _ N39~a _ N01 N01 _ |MAH~axMASZ|",5,-1.21883951917254,-1.28630235039911,0.108635296529509,0.211898452634309,"Cuneiform (Uruk IV)"
"Cuneiform (Uruk IV)","N34 N34 N34 N34 N34 N34 N34 _ NAGA~a _ SI4~a _ N14 N14 N14 _ SI4~a _ NAGA~a _ N34 _ N57 N57 N57 _ N14 N14 N14 _ SI4~a",22,-0.54282598329644,-0.386705088031485,-1.30103164471134,1.40667952155422,"Cuneiform (Uruk IV)"
"Cuneiform (Uruk IV)","NAM2 _ APIN~a",2,-1.54476124811253,-2.00771315120118,1.62144859932456,-0.717375712081177,"Cuneiform (Uruk IV)"
"Cuneiform (Uruk IV)","N34 _ N14 N14 N14 _ N34 N34 _ N34 _ N14 _ N34 _ N01 N01",11,-1.10991949529494,-0.964382690062271,-1.12912104212099,1.14117261734979,"Cuneiform (Uruk IV)"
"Cuneiform (Uruk IV)","N01 _ MA _ N01 N01 N01 _ AK~a _ N01 N01 N01 _ ZATU651 _ MA _ N01 _ MA",13,-1.11553694944801,-0.856687989758647,-0.996882117051492,0.521656507539469,"Cuneiform (Uruk IV)"
"Cuneiform (Uruk IV)","N01 N01 N01 N01 N01 N01 N01 _ GIR3~a",8,-1.94579111043359,-1.42580899533777,-1.21507634341616,2.46870713837192,"Cuneiform (Uruk IV)"
"Cuneiform (Uruk IV)","AN _ MUSZ3~a",2,-1.54476124811253,-2.00771315120118,1.62144859932456,-0.717375712081177,"Cuneiform (Uruk IV)"
"Cuneiform (Uruk IV)","N01 N01 N01 N01 N01 _ SZIDIM _ IB~a _ BA _ N34 N34 N34 N34 N34 _ N01",14,-0.780145601964328,-0.511626516218325,-0.809858494453204,1.57006838568002,"Cuneiform (Uruk IV)"
"Cuneiform (Uruk IV)","N14 N14 _ |SILA3~axGESZTU~c3| _ N01 N01 N01 N01 N01 N01 _ |DUG~cx1(N57)| _ N02 N02 N02 N02 N02 N02 N02 N02 N02 _ KASZ~a _ N01 N01 N01 N01 N01 N01 _ NE~a _ KASZ~a _ AN _ |SZU2.EN~a|",30,-0.324724908372941,-0.175682556166964,-1.02597468056678,1.71796347820768,"Cuneiform (Uruk IV)"
"Cuneiform (Uruk IV)","N01 N01 _ N01 N01 _ PAD~a _ N18 _ N03 _ GI _ N18 _ ZATU659",10,-0.383299057026374,-0.26249010831311,0.108635296529509,0.521656507539469,"Cuneiform (Uruk IV)"
"Cuneiform (Uruk IV)","N01 N01 _ N14 N14 N14 _ N01 _ ANSZE~b _ N14 N14 N14 N14 _ N01 N01 _ UMBIN~a",14,-1.04007107161584,-0.867904884104404,-1.08000372709518,1.28413787345987,"Cuneiform (Uruk IV)"
"Cuneiform (Uruk IV)","N01 N01 _ |ZATU662x1(N14)|",3,-1.61654752753798,-1.73869237036881,0.360770846995353,1.14117261734979,"Cuneiform (Uruk IV)"
"Cuneiform (Uruk IV)","N14 N14 _ SI _ N14 _ UB _ AB2 _ N14 _ AN _ SAL _ IB~b _ N01 _ TUR3~a _ N01 _ GI _ N01 _ U4 _ AMA~a _ N01 _ MUN~a1 _ KASZ~a _ SZE~a _ N01 _ SIG7 _ IB~b _ N01 _ NAM~b _ N01 N01 N01 N01 N01 N01 _ AB2 _ N14 N14 N14 N14 _ SI _ PAP~a _ N14 _ AB2 _ N14 _ AN _ N01 _ AN _ U4 _ N01 _ GI _ N01 _ N08 _ N01 N01 _ N01 _ NAM~b _ HASZHUR",55,0.614820938696285,0.867582987500953,-0.785299836940295,0.0398106443536644,"Cuneiform (Uruk IV)"
"Cuneiform (Uruk IV)","N14 _ N01",2,-1.54476124811253,-2.00771315120118,1.62144859932456,-0.717375712081177,"Cuneiform (Uruk IV)"
"Cuneiform (Uruk IV)","N01 _ SANGA~a _ NUN~a _ KASZ~b _ N01 N01 _ BU~a _ BU~a _ N01",9,-0.614474414983894,-0.715299660751028,-0.0594550704477173,0.211898452634309,"Cuneiform (Uruk IV)"
"Cuneiform (Uruk IV)","N01 _ ZATU662 _ N01 _ NU _ N14 _ N01 _ NU@g _ N01 N01 N01 _ ZI~a _ E2~a _ NUN~a _ N01 N01 _ SZU2 _ N14 _ N01 N01 N01 N01 N01 N01 _ N01 N01 N01 N01 N01 N01 N01 N01 _ GADA~a _ N01 N01 _ TUG2~a _ N01 N01 _ BARA2~a",38,-0.684419231556393,-0.0421205846076684,-0.966258365982765,1.09094158141923,"Cuneiform (Uruk IV)"
"Cuneiform (Uruk IV)","N34 _ N01 _ N01 N01 N01 _ N34 _ N34 _ |SZU2.EN~a| _ N01 N01 N01 _ N34 _ N48 _ N34 N34 _ N14 N14 _ TI",18,-0.573533987362232,-0.331934106824804,-0.899906905333862,1.03184624503033,"Cuneiform (Uruk IV)"
"Cuneiform (Uruk IV)","N01 N01 _ EN~a _ TUG2~a _ N01 _ N01 _ ZATU764 _ BARA2~a",8,-0.666149018311087,-0.635140689565062,0.2031861279542,0.344651904736522,"Cuneiform (Uruk IV)"
"Cuneiform (Uruk IV)","N01 _ UR2 _ GISZ _ NI~a _ GIR3~c _ SZAH2~a _ N01 _ A _ NU _ N01 N01 N01",12,-0.123612590103965,-0.139552569316128,0.360770846995353,-0.0415399559244594,"Cuneiform (Uruk IV)"
"Cuneiform (Uruk IV)","N34 _ N14 N14 N14 _ MA _ N34 N34 N34 N34 N34 _ N14 N14 N14 _ HASZHUR _ N01 N01 N01 N01 N01 N01 N01 _ N34 N34 N34 N34 N34 N34 N34 N34 N34 _ N14 N14 N14 N14",34,-0.834129023085451,-0.887608260080441,-1.60440329634136,2.09860660523848,"Cuneiform (Uruk IV)"
"Cuneiform (Uruk IV)","GESZTU~b _ TUN3~a _ TAK4~a _ A",4,-0.666149018311087,-1.11610647191521,1.62144859932456,-0.717375712081177,"Cuneiform (Uruk IV)"
"Cuneiform (Uruk IV)","N14 N14 _ GAR _ X",4,-1.10545513321181,-1.28856674533063,0.675940285077655,0.521656507539469,"Cuneiform (Uruk IV)"
"Cuneiform (Uruk IV)","N14 N14 _ |NINDA2xGAR|",3,-1.61654752753798,-1.73869237036881,0.360770846995353,1.14117261734979,"Cuneiform (Uruk IV)"
"Cuneiform (Uruk IV)","N14 N14 _ GU4",3,-1.61654752753798,-1.73869237036881,0.360770846995353,1.14117261734979,"Cuneiform (Uruk IV)"
"Cuneiform (Uruk IV)","N14 N14 N14 _ BAR",4,-1.7105745959938,-1.5619098115582,-0.269568029169255,1.76068872716012,"Cuneiform (Uruk IV)"
"Cuneiform (Uruk IV)","N14 N14 N14 _ GI",4,-1.7105745959938,-1.5619098115582,-0.269568029169255,1.76068872716012,"Cuneiform (Uruk IV)"
"Cuneiform (Uruk IV)","N01 N01 N01 N01 _ BA _ N01 _ SANGA~a",7,-1.4139931249206,-1.03206397414148,-0.539713261811227,1.14117261734979,"Cuneiform (Uruk IV)"
"TeDDi","Na nd mounmotrhu mrokfot inji wanyhato duka memoya nhai wom hefenr tohyuk frohrn o bbinysoft tohyuk frohrn o yiro Maringour tohyuk frohrn nd skrorkfot yak nyusakuhato yiro mrokfom htikfot .",189,1.06918604108872,0.643348200924577,-1.70033722427304,-0.697603921342549,"TeDDi"
"TeDDi","Nire errezeta pertsonala da.",28,0.7221025441879,0.813174768314704,-0.134495412848266,-0.57970546545666,"TeDDi"
"TeDDi","Profeta bezala mintzo direnei dagokienez , mintza daitezela bi edo hiru , eta gainerakoek eman dezatela beren iritzia .",119,0.964911282534452,0.839424972685569,-1.49316702407702,-0.717375712081177,"TeDDi"
"TeDDi","Garaitua izan zara.",19,0.221750963619068,0.0969413119695096,-0.170040838195897,-0.717375712081177,"TeDDi"
"TeDDi","-Baduzu Goerten berririk?",25,0.997644422743189,0.948920693127063,0.411197957088521,-0.562496684628596,"TeDDi"
"TeDDi","-Amesgaiztoak izango ditut!",27,1.02981013760932,0.94636351321761,0.220695541180996,-0.717375712081177,"TeDDi"
"TeDDi","Ziurrenez ez.",13,0.23617417332344,0.0380543276704659,0.457746058712982,-0.407617657176015,"TeDDi"
"TeDDi","Anbulategira medikuarengan joan nintzenean, medikuak gertatutako azaltzeko eskatu zidan eta txundituta gelditu zen esan nionean hori koloreko mina sentitu nuela hasieran harriduraz eta barrezka galdetu ninduen:",210,1.0618961734678,0.944407246691072,-1.74636196761204,-0.68180540912556,"TeDDi"
"TeDDi","Esan behar diozu iruditzen zaizula onean Henryrekin geratzea dela.",66,1.05222401316158,1.04409293416277,-0.957210439530644,-0.717375712081177,"TeDDi"
"TeDDi","Mila esker, maitea.",19,0.684178452988254,0.598593304066048,0.427122307644256,-0.717375712081177,"TeDDi"
"TeDDi","Zure metodoei begirune handia badiet ere, Dalrymple jauna oker zaude, ni sendagile arrunt bat naiz.",99,1.16567295229046,1.24791169700628,-1.20552575438337,-0.679446154337687,"TeDDi"
"TeDDi","Ez al ginateke denak hobeto... egongo denek horrelako gauzei buruz gezurrik esango ez bagenu,... eta egia esango bagenu?",120,1.06161811521647,0.736902614482129,-1.49872883769024,-0.52995907381923,"TeDDi"
"TeDDi","ဤရွေ့ကား ၊ ဣသရေလအမျိုးအနွယ်တို့ အမွေ ခံစရာဘို့ စာရေးတံချ ၍ ဝေရသောမြေ ၊ ဤရွေ့ကား ၊ သူတို့ ပိုင်းခြား ၍ နေရသော ခရိုင်အသီးအသီး ဖြစ်သတည်းဟု အရှင်ထာဝရဘုရား မိန့်တော်မူ ၏ ။",166,1.78949641713479,1.56757103098173,-1.24925134272629,-0.717375712081177,"TeDDi"
"TeDDi","Hacme , ne Pahpãm to me amji kam hapac xà jũrkwa mã me axà ! Ne curia cu ha cuna mã , cute me pahto impejti ita pyrên me pajakryti to cumã me amji jarẽ , ne pahtỳj me cumã cre !",177,1.14545464827586,0.886741010494388,-1.54092949126397,-0.717375712081177,"TeDDi"
"TeDDi","Wanene uiwa wamewa gapan , waenapan arugataet inanap anega wain , ‘ Ayop nega , Ayop nega , amun gega gapan God oisewa wadidiamuinton amba airampu wa oimoton tau amon amba kiman paua baware ge kiman yo paua mega ugup ugup tainton . ’",233,0.929410650680014,0.722675606794615,-1.75478709790045,-0.717375712081177,"TeDDi"
"TeDDi","وَكَانَ لِعُزِّيَّا جَيْشٌ مِنَ ٱلْمُقَاتِلِينَ يَخْرُجُونَ لِلْحَرْبِ أَحْزَابًا حَسَبَ عَدَدِ إِحْصَائِهِمْ عَنْ يَدِ يَعِيئِيلَ ٱلْكَاتِبِ وَمَعَسِيَا ٱلْعَرِيفِ تَحْتَ يَدِ حَنَنْيَّا وَاحِدٍ مِنْ رُؤَسَاءِ ٱلْمَلِكِ .",222,1.40390578250125,1.38586667653737,-1.51320959565618,-0.717375712081177,"TeDDi"
"TeDDi","the north, above all the much prized amber. It is",49,1.15333214433827,1.2272059960729,-0.462528909627806,-0.639936198354886,"TeDDi"
"TeDDi","""In the words of union leader, Jack Kelly...""",45,1.33439938356891,1.47515795793865,-0.143500253936335,-0.463937303522408,"TeDDi"
"TeDDi","them probably meant calling in question their eternal salvation. In",67,1.13026922249546,1.15375637638717,-0.91872299118952,-0.661056065734783,"TeDDi"
"TeDDi","We should be preparing the city for a siege.",44,1.11494656102665,1.19252627515193,-0.355523330464429,-0.717375712081177,"TeDDi"
"TeDDi","with the history of man.",24,0.81758267427235,0.912335417243086,0.2031861279542,-0.717375712081177,"TeDDi"
"TeDDi","- Okay.",7,0.0432028899991103,-0.273411641840897,1.62144859932456,-0.717375712081177,"TeDDi"
"TeDDi","Hey.",4,-0.666149018311087,-1.11610647191521,1.62144859932456,-0.717375712081177,"Cuneiform (Uruk IV)"
"TeDDi","You would be awesome at that.",29,0.795748372183705,0.705894013420398,-0.204360559221191,-0.717375712081177,"TeDDi"
"TeDDi","And this article says calcium.",30,0.979408743000668,0.957084277519739,-0.0174324787034108,-0.717375712081177,"TeDDi"
"TeDDi","“They are both upstairs, are they not?” said Felicite. “I will go up and",72,1.35973248363205,1.36589404562412,-0.742322186292709,-0.665022238012699,"TeDDi"
"TeDDi","Don't know.",11,0.29663009409112,0.082571867368188,0.933806188963175,-0.717375712081177,"TeDDi"
"TeDDi","The flush on his own face deepened; his features expressed internal",67,1.00315247696562,0.988935921081947,-1.03161950632348,-0.604736419388391,"TeDDi"
"TeDDi","I was adopted by a group of monks.",34,1.05405394297066,1.2725826259506,0.064140787623772,-0.717375712081177,"TeDDi"
"TeDDi","Vanbrugh, who was a Poet as well as an Architect, there",55,1.04908457093145,0.916993072019081,-0.785299836940295,-0.648540588768919,"TeDDi"
"TeDDi","Paper Measure. Table of Temperatures. Strength of Various Metals.",65,1.19435117671093,1.1337678635083,-0.822326735959755,-0.717375712081177,"TeDDi"
"TeDDi","And thank you for accommodating me,",35,1.08230444649097,1.16569655083131,-0.107480889584069,-0.498722967442239,"TeDDi"
"TeDDi","would make him known to posterity by his defects only; he",57,1.18759533228723,1.2171105821189,-0.700852523387142,-0.717375712081177,"TeDDi"
"TeDDi","The linear expansions are the mean values of the results of various",67,0.947493357496286,0.640143746653343,-1.14451602145744,-0.717375712081177,"TeDDi"
"TeDDi","It means his freedom.",21,0.870539205925236,0.813398473702813,0.540867668756667,-0.53152087913808,"TeDDi"
"TeDDi","The torpedoes missed.",21,0.651090635102208,0.54386153849182,0.180674025234035,-0.53152087913808,"TeDDi"
"TeDDi","compositor; and apostleship was obviously a profession better paid and",70,1.13971645936845,1.10724308665015,-0.971945634038389,-0.609633779940251,"TeDDi"
"TeDDi","Sometimes I can't believe... he is my husband.",46,1.14184257299847,1.1915590800729,-0.434004257733934,-0.552171416131757,"TeDDi"
"TeDDi","This isn't a one-off.",21,0.818445345540578,0.755817077527024,0.360770846995353,-0.53152087913808,"TeDDi"
"TeDDi","— En tiedä.",11,0.456377772236844,0.323890630497714,1.27762739414387,-0.717375712081177,"TeDDi"
"TeDDi","karaista sydäntänsä ylenkatsomaan vainajien vihaa, täytyi hänen",63,0.955180212993143,1.02280821051561,-1.01997145317474,-0.597469368246921,"TeDDi"
"TeDDi","HYVIN KIINNOSTUNUT OPPITUNNISTA DIANA",37,0.647586480651837,0.600824560365837,-0.729545046910996,-0.304364972207628,"TeDDi"
"TeDDi","Garret, senkin ääliö.",21,0.933706195594289,0.901702788129363,0.540867668756667,-0.345666046194983,"TeDDi"
"TeDDi","Äitisi myös haluaa, että ovesi on avoinna.",42,1.02264254787094,1.07901235526317,-0.449664850930572,-0.445393029725425,"TeDDi"
"TeDDi","He toimivat nokkelasti.",23,0.805799599834592,0.717654096731774,0.141522542242445,-0.548416773041997,"TeDDi"
"TeDDi","mahdollista, äänettöminä, välinpitämättöminä, niinkuin eivät nämä asiat",71,0.91243616488814,0.734459192860223,-1.14849125086356,-0.451868807876752,"TeDDi"
"TeDDi","Ei.",3,-1.03080604100368,-1.50874533914825,1.62144859932456,-0.717375712081177,"Cuneiform (Uruk IV)"
"TeDDi","Mitä...",7,-0.553611725819583,-0.804817663026705,0.540867668756667,0.521656507539469,"Cuneiform (Uruk IV)"
"TeDDi","Oletko ihan varma että pyöriä ollaan tuomassa?",46,1.15626112498814,1.11430757481604,-0.434004257733934,-0.386967120182337,"TeDDi"
"TeDDi","Aivan.",6,-0.152193811202241,-0.514930804580146,1.62144859932456,-0.717375712081177,"TeDDi"
"TeDDi","Ei hassummin.",13,0.422364777256358,0.246638472304661,0.748671693865878,-0.0978596022708519,"TeDDi"
"TeDDi","katsannoissa en voikaan Savodoilla oloani katua. Jälkimäistä",60,0.908696252679489,0.977487882546012,-1.02597468056678,-0.465369158937994,"TeDDi"
"TeDDi","Käsitit väärin.",15,0.335093107812938,0.234937705731802,0.360770846995353,-0.451868807876752,"TeDDi"
"TeDDi","ja kun aurinko laski, sulki se lehtensä, nukkui ja näki koko yön unta",69,0.903817830112007,0.870037385587091,-1.173967286275,-0.662712525921442,"TeDDi"
"TeDDi","En tiedä, mitä sanoa.",21,0.818445345540578,0.722939832133689,0.360770846995353,-0.717375712081177,"TeDDi"
"TeDDi","vohvelit eivät koskaan petä, sanoi Ted vieraanvaraisesti.",57,1.01669406997342,1.09443177859046,-0.899906905333862,-0.584622259978965,"TeDDi"
"TeDDi","Kippis.",7,-0.458861241315998,-0.699332156655792,0.540867668756667,-0.0978596022708519,"Cuneiform (Uruk IV)"
"TeDDi","-Et tarkoita sitä.",18,0.557008558084692,0.429187432418558,0.360770846995353,-0.717375712081177,"TeDDi"
"TeDDi","Liikut yhtä ääneti kuin ennenkin.",33,0.514014655606597,0.432298466417069,-0.785299836940295,-0.36889790031287,"TeDDi"
"TeDDi","Ehkä paikka on kirottu.",23,0.758235640352951,0.743689384911416,0.141522542242445,-0.379457834002818,"TeDDi"
"TeDDi","Yhteytesi Steiniin on kaksisuuntainen.",38,0.741755877623928,0.710029610263507,-0.667676793062691,-0.516451568358909,"TeDDi"
"TeDDi","Tämä on ihana kohtaus.",22,0.795451204735219,0.796494608043228,0.246163778601786,-0.717375712081177,"TeDDi"
"TeDDi","Adrien Arcand.",14,0.419750988485443,0.221024100547682,0.540867668756667,-0.717375712081177,"TeDDi"
"TeDDi","""Nyt tiedät, Anni, mitä me saamme vartoa"", huokasi Vappu tuskallisesti",70,1.27418233161127,1.35924228479724,-0.863887540981597,-0.448020881728862,"TeDDi"
"TeDDi","Meksikosta asti hän oli askel askeleelta seurannut tyttöä vaanien kuin",70,0.918162029142899,0.916303590971545,-1.18806182015197,-0.501891847799325,"TeDDi"
"TeDDi","sanon sen peittelemättä, myöskin minua innostuttaa. Jos minä olisin",67,0.964280147795183,0.991532268242524,-1.08806776389046,-0.435777480349211,"TeDDi"
"TeDDi","Meillä on ikuinen side Shaolinin kanssa.",40,0.810542975700258,0.823794776716676,-0.647771354868018,-0.526755370601077,"TeDDi"
"TeDDi","Olen nuori ja mulla on rahaa",28,0.585147984989627,0.508742747889907,-0.404640645490243,-0.442035218832144,"TeDDi"
"TeDDi","Mutta en voi olla ajattelematta muita.",38,0.60550024505918,0.50572814120628,-0.767203984036049,-0.315527424636643,"TeDDi"
"TeDDi","etupäässä olevalla kuninkaalla on ihmeellinen valta saada kansa",63,0.819312627906858,0.728070161141965,-1.14003600101562,-0.237750336744152,"TeDDi"
"TeDDi","Kaikki maahan.",14,0.168718922827894,0.145714198989207,0.270722436114694,-0.145514687640877,"Cuneiform (Uruk IV)"
"TeDDi","Plus que toi.",13,0.557535889533499,0.438278170110097,1.03959732901877,-0.717375712081177,"TeDDi"
"TeDDi","«Le jour où l'on amena M. de Vaucanson chez madame du Deffant, la",65,1.21340908070595,1.39632125056384,-0.647771354868018,-0.659296076786459,"TeDDi"
"TeDDi","voix exaltée:",13,0.557535889533499,0.416254329924464,1.03959732901877,-0.717375712081177,"TeDDi"
"TeDDi","Ça !",4,-0.666149018311087,-1.11610647191521,1.62144859932456,-0.717375712081177,"Cuneiform (Uruk IV)"
"TeDDi","leur dit : « Vous m'avez amené cet homme comme soulevant le peuple , et voici , après l'avoir examiné en votre présence , je ne l'ai , pour mon compte , trouvé coupable d'aucune des choses dont vous l'accusez ;",210,1.26976082669266,1.12526210364921,-1.63830387455526,-0.664020257647752,"TeDDi"
"TeDDi","Quand Bruce reviendra... les gens mourront, n'est-ce pas ?",58,1.2520655265475,1.34463549275573,-0.595605378909568,-0.521739045825285,"TeDDi"
"TeDDi","C'est comme résoudre un Rubik's Cube avec nos pieds.",52,1.20172249858469,1.26241127808508,-0.56049366432215,-0.644491463868198,"TeDDi"
"TeDDi","- Pas de pouvoirs.",18,0.81303189071156,0.803977638734103,0.780996764438424,-0.717375712081177,"TeDDi"
"TeDDi","Mme Stella ?",12,0.28711230369848,0.0752734667218558,0.675940285077655,-0.379457834002818,"TeDDi"
"TeDDi","Je m'en fiche, Oliver.",22,0.905472925241028,1.00796230935794,0.58998498378248,-0.717375712081177,"TeDDi"
"TeDDi","un gage de préservation assurée pour le reste de l'existence.",61,1.0183821450897,0.93927181724441,-0.920573753732702,-0.655424101100144,"TeDDi"
"TeDDi","Elle ne le peut.",16,0.129556537549722,0.0544021954971161,-0.0331909506075272,-0.469569268157047,"TeDDi"
"TeDDi","Par ce pamphille se tu veulx",28,0.847618577016675,0.862898358175693,0.000577203472717793,-0.57970546545666,"TeDDi"
"TeDDi","plaisait; nos maris étaient frères d'armes; nous nous convînmes",63,1.14601582684363,0.949120507900559,-0.839874631413423,-0.717375712081177,"TeDDi"
"TeDDi","Je fais juste quelques gardes ici pour aider.",45,0.98295449164833,0.946211944720293,-0.563726171379405,-0.717375712081177,"TeDDi"
"TeDDi","— Mon cousin, je crois que vous avez une chance ébouriffante? Si",64,1.20224433523937,1.31862137404278,-0.742322186292709,-0.658374177813527,"TeDDi"
"TeDDi","Ouais, ça serait bien.",22,0.765303323302259,0.697288576231562,0.246163778601786,-0.717375712081177,"TeDDi"
"TeDDi","ოჲ მნჲდჲ კყჟთ ოანრალჲნკთ თ ოჲრნთფვ.",35,0.828765437308467,0.779096045206688,-0.43165516875444,-0.717375712081177,"TeDDi"
"TeDDi","ganz nach seinen Wünschen einzurichten.",39,0.781452121021528,0.700845291801601,-0.608981270180967,-0.717375712081177,"TeDDi"
"TeDDi","den Abschluß des Waffenstillstandes betrieb, sich in seinen Anforderungen",73,1.10399013112525,1.01676701519386,-1.07260248784471,-0.614123027112789,"TeDDi"
"TeDDi","Dass Ihr Euch als König des nördlichsten Königreichs bezeichnet, macht Euch zu einem Aufrührer.",95,1.36564364901815,1.21771186496997,-1.0856909951508,-0.677832130603922,"TeDDi"
"TeDDi","Knall ihn einfach ab!",21,0.587923645433146,0.535764248443887,0.000577203472717793,-0.53152087913808,"TeDDi"
"TeDDi","- Meinen Glückwunsch.",21,0.985800055978947,1.0350357243919,0.720964490517984,-0.717375712081177,"TeDDi"
"TeDDi","Also sei stark für uns beide.",29,0.985548685762367,1.07191724565553,0.186884260467185,-0.717375712081177,"TeDDi"
"TeDDi","Kugel des Verführers preisgeben, statt daß man",46,1.15626112498814,1.25455224615601,-0.351786143451596,-0.634773564106467,"TeDDi"
"TeDDi","Ich sah Sie.",12,0.433547675332047,0.23011816756972,0.991109723159957,-0.717375712081177,"TeDDi"
"TeDDi","Ich sah...",10,-0.0981795042582992,-0.332577941537044,0.486838622228273,0.108645767665921,"Cuneiform (Uruk IV)"
"TeDDi","Ist Frau Lürig der Ansicht, die andere habe",43,1.08706237006025,1.04782659910875,-0.401499421854872,-0.717375712081177,"TeDDi"
"TeDDi","Na gut.",7,0.0432028899991103,-0.273411641840897,1.62144859932456,-0.717375712081177,"TeDDi"
"TeDDi","Eine Kreatur, die über das menschliche Begriffsvermögen hinausgeht.",67,1.31175338553824,1.38666543024775,-0.749378218488582,-0.661056065734783,"TeDDi"
"TeDDi","Ich muss mit ihm reden.",23,0.758235640352951,0.735527824707541,0.141522542242445,-0.548416773041997,"TeDDi"
"TeDDi","führt, damit Du vermuthen kannst, in welchem",44,1.19482040009951,1.1372546337885,-0.355523330464429,-0.63093160373555,"TeDDi"
"TeDDi","- Echt jetzt?",13,0.371345285600582,0.239977213767348,0.748671693865878,-0.717375712081177,"TeDDi"
"TeDDi","denke, ihr bekommt herrlichen Sternenschein zu eurer",52,0.919061861017098,0.970628379238023,-0.778687890686823,-0.571607215655218,"TeDDi"
"TeDDi","versank.",8,0.212463211490355,-0.0590486469723778,1.62144859932456,-0.717375712081177,"TeDDi"
"TeDDi","Deckmantel künstlerischer Offenbarung auf den Kitzel",52,1.29007540761498,1.34397356126078,-0.487762255533927,-0.644491463868198,"TeDDi"
"TeDDi","Jahwe sagte zu Mose : "" Sag den Israeliten : ' Ihr habt erlebt , wie ich vom Himmel her zu euch gesprochen habe .",113,1.31562111163344,1.42491194742893,-1.12303571105584,-0.684187349055624,"TeDDi"
"TeDDi","Sulu, bringen Sie uns da hoch.",30,1.03505812420831,1.14750359347671,0.108635296529509,-0.717375712081177,"TeDDi"
"TeDDi","aussah. Auch der Pfarrer wurde alsbald von einer",48,1.04408793871168,1.15609653881594,-0.584737467251556,-0.559201386172158,"TeDDi"
"TeDDi","Charleston Chew.",16,0.761595855116256,0.588354467072191,0.912317363639382,-0.717375712081177,"TeDDi"
"TeDDi","parantu yakoob ka nij bhag unake saman naheen haai , kyonaki vah to sab ka srajanahar haai , aur israaael usake nij bhag ka gotra haai senaon ka yahova usaka nam haai .",168,0.822378991414997,0.662060916854978,-1.66531839781945,-0.539311201477012,"TeDDi"
"TeDDi","सिकुड़कर दाहिनी ओर जा , फिर तैयार हो कर बाईं ओर मुड़ , जिधर भी तेरा मुख हो ।",76,1.32124338325918,1.32026605137865,-0.667676793062691,-0.717375712081177,"TeDDi"
"TeDDi","मैं तेरे माथे को हीरे के तुल्य कड़ा कर देता हूँ जो चकमक पत्थर से भी कड़ा होता है ; सो तू उन से न डरना , और न उनके मुंह देख कर तेरा मन कच्चा हो ; क्योंकि वे बलवई घराने के हैं ।",175,1.4032900422507,1.49870238081109,-1.31773153182011,-0.717375712081177,"TeDDi"
"TeDDi","aur jab ve israaael kee chhavanee ke pas aae hee the , ki israaaelee uttkar moaabiyon ko marane lage aur ve unake samhane se bhag gaae aur ve moab ko marate marate unake desh men pahunch gaae .",193,0.890886755860112,0.723764608962071,-1.6902800039444,-0.44633741403916,"TeDDi"
"TeDDi","Serius, aku masih minum obat.",29,0.965703500653686,0.97509110259643,0.0564693205710585,-0.717375712081177,"TeDDi"
"TeDDi","Oh, Tuhan.",10,0.31959072681478,0.115256762449274,1.2432452736258,-0.717375712081177,"TeDDi"
"TeDDi","Kau seperti penjelajah waktu.",29,0.973721973583763,0.977605581363046,0.0564693205710585,-0.717375712081177,"TeDDi"
"TeDDi","Frou frou, kau selamat!",23,0.853363559316242,0.794883027079762,0.305958770807124,-0.717375712081177,"TeDDi"
"TeDDi","Hanya seorang Ayah penyayang yang membagikan strategi main pada Putrinya.",73,1.0025019513426,0.969262352240277,-1.02079381309146,-0.717375712081177,"TeDDi"
"TeDDi","Kerjamu bagus hari ini.",23,0.853363559316242,0.813868719041593,0.305958770807124,-0.717375712081177,"TeDDi"
"TeDDi","[ BERNYANYI ] ♪♫♪ All I wanna do in the middle of the evening is hold you tight ♪♫♪ [ Yang ingin kulakukan di tengah malam hari adalah memelukmu erat-erat ]",156,1.39517438467854,1.4187672948248,-1.38478296392202,-0.645431905780623,"TeDDi"
"TeDDi","Oke, kuambilkan.",16,0.720142518145935,0.682991503180911,0.912317363639382,-0.717375712081177,"TeDDi"
"TeDDi","Kau mendedikasikan hidupmu untuk belajar cara mengecilkan dirimu ke ukuran atom, dan aku menghabiskan belajar rahasia speedforce.",129,1.17917307833217,0.993152506636854,-1.45695056333979,-0.688335894433818,"TeDDi"
"TeDDi","Apa?",4,-0.666149018311087,-1.11610647191521,1.62144859932456,-0.717375712081177,"Cuneiform (Uruk IV)"
"TeDDi","Hei, tolong minggir!",20,0.692571502562998,0.549043173569508,0.297736959378891,-0.521739045825285,"TeDDi"
"TeDDi","Nenek?",6,-0.445064554469394,-0.744877835800714,0.991109723159957,-0.717375712081177,"Cuneiform (Uruk IV)"
"TeDDi","saat itu.",9,-0.0287329284495963,-0.20293949062665,0.780996764438424,-0.252738629723434,"Cuneiform (Uruk IV)"
"TeDDi","Apa?",4,-0.666149018311087,-1.11610647191521,1.62144859932456,-0.717375712081177,"Cuneiform (Uruk IV)"
"TeDDi","ああ、すっかり忘れてた",11,0.456377772236844,0.406792478017645,1.27762739414387,-0.345666046194983,"Cuneiform (Uruk IV)"
"TeDDi","固定観念は捨てなさい フレイア",15,1.00926837988391,1.00460587804119,1.62144859932456,-0.717375712081177,"TeDDi"
"TeDDi","いや　スイートへ連れて行け",13,0.827878114087791,0.755460733152342,1.62144859932456,-0.717375712081177,"TeDDi"
"TeDDi","これがお前の故郷だ",9,0.361761395906596,0.133727293222127,1.62144859932456,-0.717375712081177,"TeDDi"
"TeDDi","うっそー [アバ　グレイテストヒット]",19,1.21642208883376,1.2723355347737,1.42239421737785,-0.717375712081177,"TeDDi"
"TeDDi","それで...",6,-0.848477529657385,-1.0790932670723,0.360770846995353,0.7694629514636,"Cuneiform (Uruk IV)"
"TeDDi","葬式に参列し、",7,0.0432028899991103,-0.273411641840897,1.62144859932456,-0.717375712081177,"TeDDi"
"TeDDi","元気だ",3,-1.03080604100368,-1.50874533914825,1.62144859932456,-0.717375712081177,"Cuneiform (Uruk IV)"
"TeDDi","トレイシー・ブッカー　8歳",13,0.69270700181065,0.579183616995213,1.33052296417167,-0.717375712081177,"TeDDi"
"TeDDi","そうね。",4,-0.666149018311087,-1.11610647191521,1.62144859932456,-0.717375712081177,"Cuneiform (Uruk IV)"
"TeDDi","だめよ",3,-1.03080604100368,-1.50874533914825,1.62144859932456,-0.717375712081177,"Cuneiform (Uruk IV)"
"TeDDi","マーティ！ ジェイコブ！ 何だ？",16,0.871422383841436,0.752508834784093,1.14869444220111,-0.717375712081177,"TeDDi"
"TeDDi","일가족 살인 사건과 직접적으로 연결됐으니까요.",25,1.30533047194065,1.51368999362106,1.01632327820654,-0.717375712081177,"TeDDi"
"TeDDi","절름발이 내 동생과 잠자리할 생각있어?",21,1.01738355081347,1.13221859613379,0.901061312279302,-0.717375712081177,"TeDDi"
"TeDDi","대체 뭐였어요?",8,0.212463211490355,-0.0590486469723778,1.62144859932456,-0.717375712081177,"TeDDi"
"TeDDi","""Christine and Raoul of the opera.""",35,1.13251085962249,1.05986228343083,-0.107480889584069,-0.717375712081177,"TeDDi"
"TeDDi","- 저기 더 있죠?",10,0.0775429417019889,-0.0449193791888192,0.865041947927037,-0.717375712081177,"TeDDi"
"TeDDi","그래서 너한테 투표안했던거야",15,0.892120082577049,0.866637659308847,1.36931304885872,-0.717375712081177,"TeDDi"
"TeDDi","호출 받았는데요",8,0.212463211490355,-0.0590486469723778,1.62144859932456,-0.717375712081177,"TeDDi"
"TeDDi","힘과 어떤 능력이 떨어져요",14,0.497891779062435,0.416321766575017,0.811012901398643,-0.717375712081177,"TeDDi"
"TeDDi","- 두 분 진짜 사랑하시냐구요",16,0.651769326391076,0.7837889124583,0.912317363639382,-0.717375712081177,"Cuneiform (Uruk IV)"
"TeDDi","그리고 자네는 월레건에게 그 즉시 가져다주면 되네.",28,1.18822995962071,1.42985062728788,0.675940285077655,-0.717375712081177,"TeDDi"
"TeDDi","듣고 싶지 않아요",9,0.1665142337285,-0.0644075243969886,1.20122268188149,-0.717375712081177,"TeDDi"
"TeDDi","전 월터에 대해 말하려던게 아닙니다",19,0.93896559521225,1.07294048497363,1.02428545348441,-0.717375712081177,"TeDDi"
"TeDDi","혼자?",3,-1.03080604100368,-1.50874533914825,1.62144859932456,-0.717375712081177,"Cuneiform (Uruk IV)"
"TeDDi","일어나라!",5,-0.383299057026374,-0.791691459952389,1.62144859932456,-0.717375712081177,"Cuneiform (Uruk IV)"
"TeDDi","거인들이 있어!",8,0.212463211490355,-0.0590486469723778,1.62144859932456,-0.717375712081177,"TeDDi"
"TeDDi","귀한 자의 딸아 ! 신을 신은 네 발이 어찌 그리 아름다운가 네 넓적다리는 둥글어서 공교한 장색의 만든 구슬 꿰미 같구나",67,1.61191353212384,2.30413157970303,0.0973456450161123,-0.717375712081177,"Cuneiform (Uruk IV)"
"TeDDi","모든 음악이 수록되 있었요 차례대로요",20,0.934619287675789,1.01583147903777,0.865041947927037,-0.717375712081177,"TeDDi"
"TeDDi","Στην καλύτερη σάλτσα, που έφαγα ποτέ μου.",41,1.2495464364714,1.2599977286694,-0.131200958791656,-0.717375712081177,"TeDDi"
"TeDDi","Εκτιμώ την εμπιστοσύνη σου.",27,0.964727750216624,0.911781217962221,0.0806202353666394,-0.717375712081177,"TeDDi"
"TeDDi","Το αστείο που κυκλοφορεί αυτές τις μέρες είναι ότι ο Μπέρνι, μοιάζει με το Εβραικό Τ-Bill.",90,1.48511540324536,1.64709157371691,-0.857884313589556,-0.675610581082728,"TeDDi"
"TeDDi","τραβούσαν κι' ο Δάφνης ανέβηκε κρατώντας την κορδέλα, που την",61,1.26192338395082,1.2915663276915,-0.610571027750105,-0.717375712081177,"TeDDi"
"TeDDi","Δεν ξέρω πόσο ακόμα μπορώ να συνεχίσω.",38,1.17539465467527,1.17744237339718,-0.170040838195897,-0.717375712081177,"TeDDi"
"TeDDi","Αυτοσχεδιασμός;",15,0.892120082577049,0.845508671957946,1.36931304885872,-0.717375712081177,"TeDDi"
"TeDDi","Ο έλεγχος του πληρώματος ολοκληρώθηκε.",38,1.16175095204563,0.971965746102217,-0.170040838195897,-0.717375712081177,"TeDDi"
"TeDDi","- πριν ασθενήσει;",17,0.651090639854912,0.490673936606718,0.509085876681143,-0.717375712081177,"TeDDi"
"TeDDi","Πως θέλει αυτό που δεν μπορείς να έχεις.",40,1.2332074838341,1.24866106268037,-0.0804663663198725,-0.717375712081177,"TeDDi"
"TeDDi","ότι έλαβε το όνομα από την &θηλήν&. Η δε &θηλή&, καλέ Ερμογένη,",63,1.33506936787909,1.34896375476355,-0.659777809652105,-0.717375712081177,"TeDDi"
"TeDDi","Κι εγώ είμαι σίγουρη.",21,0.902122700759758,0.843925106479946,0.540867668756667,-0.717375712081177,"TeDDi"
"TeDDi","Θα 'στε κουρασμένοι μετά από τέτοιο ταξίδι.",43,1.20253826211074,1.305874196848,-0.22559089827405,-0.717375712081177,"TeDDi"
"TeDDi","Γιατί είσαι ένας ανούσιος μικρός καταραμένος πόνος στον πισινό.",63,1.05158732703344,0.934341053325757,-1.01997145317474,-0.717375712081177,"TeDDi"
"TeDDi","Κι εκείνος γέλασε.",18,0.910655471800608,0.938797434398683,0.991109723159957,-0.717375712081177,"TeDDi"
"TeDDi","θα είναι για επίδειξη παρά για κατοικία, δεν πρέπει ν'",54,0.992702195159622,1.0105197224249,-0.759831599519505,-0.717375712081177,"TeDDi"
"TeDDi","συμφωνίες. Κάθε υποχρέωση την θεωρούσε μιαν αλυσίδα στο λαιμό της,",66,1.53712868408853,1.52802332348465,-0.556085700153168,-0.717375712081177,"TeDDi"
"TeDDi","— Άφινέ τα. Τάχατες δεν τάκουσες; Ή τον ανήξερο μας κάμνεις;",60,1.33218272797222,1.43708330653308,-0.521703579635098,-0.717375712081177,"TeDDi"
"TeDDi","γελώσα κ' επαναλέγουσα:",23,0.8634738077933,0.782571699620231,0.305958770807124,-0.717375712081177,"TeDDi"
"TeDDi","Ψάξτε στο αρχείο για την τοποθεσία της βάσης τους.",50,1.14904551180661,1.06152383250559,-0.496490024588513,-0.717375712081177,"TeDDi"
"TeDDi","Η ορκομωσία του προέδρου Ντάλτον είναι μόλις σε μια μέρα, αλλά αντιμετωπίζει ακόμη μια νομική πρόκληση, για την νομιμοποίηση της νίκης του.",139,1.42360650204933,1.32034020249864,-1.37152735944263,-0.690440229045945,"TeDDi"
"TeDDi","δεν υπάρχει και ο λόγος.",24,1.09250684768313,1.13479701965921,0.675940285077655,-0.717375712081177,"TeDDi"
"TeDDi","Πήγαινε.",8,0.212463211490355,-0.0590486469723778,1.62144859932456,-0.717375712081177,"TeDDi"
"TeDDi","Δεν μπορούσα να μείνω άλλο στην Αθήνα. Μα πάλι πώς να παρουσιαστώ στο",69,1.27670865990781,1.26667769450838,-0.735470676769179,-0.662712525921442,"TeDDi"
"TeDDi","Τζομπ!",6,-0.152193811202241,-0.514930804580146,1.62144859932456,-0.717375712081177,"TeDDi"
"TeDDi","Εντάξει.",8,0.212463211490355,-0.0590486469723778,1.62144859932456,-0.717375712081177,"TeDDi"
"TeDDi","Η αvαπηρία του είvαι μοvάχα έvα χαρακτηριστικό της προσωπικότητας του.",70,1.22700807104103,1.13994503620148,-0.917916587509991,-0.717375712081177,"TeDDi"
"TeDDi","אבל זה לא אומר, שצריך לחשוב על הגרוע מכל.",41,1.00075687294853,1.13843184027316,-0.407935099546853,-0.717375712081177,"TeDDi"
"TeDDi","תוכל לתאר את הבחור הזה?",23,0.576596409451609,0.46232840677044,-0.187349914886913,-0.717375712081177,"TeDDi"
"TeDDi","אין זה המקום לכל מי עוד שדים השוכנים בהם.",41,0.939027195159864,0.953587685068871,-0.500179813131917,-0.717375712081177,"TeDDi"
"TeDDi","""היי, הגעתם לבראדלי.",20,0.901456618099538,0.935997386614536,0.675940285077655,-0.521739045825285,"TeDDi"
"TeDDi","שים לב להיכן אתה הולך, חלקלק כאן.",33,0.893805774763939,0.961463275774882,-0.212264494972473,-0.717375712081177,"TeDDi"
"TeDDi","יישן שנתו לאט לאט. הזבובים הקטנים והיתושים הנם הראשונים המרגישים את",67,0.97214496654847,0.765702365205118,-1.08806776389046,-0.661056065734783,"TeDDi"
"TeDDi","החדר הצמוד, מכאן.",17,0.754456784537435,0.690089552974425,0.731558421209826,-0.717375712081177,"TeDDi"
"TeDDi","אחרי הפגישה שלו עם המזכירה מקורד, מר פוקס סיפק גישה מלאה לחשבונות העסקיים שלו.",78,1.22876408561187,1.19721190855271,-0.996882117051492,-0.669101729498554,"TeDDi"
"TeDDi","תענוגו ואם יחכם איש מכל אשר לפניו ולו מאות אלף לשונות ומאה",58,0.812282933664695,0.836694959801646,-0.986850198597944,-0.717375712081177,"TeDDi"
"TeDDi","- אם יורשה לי?",14,0.497891779062435,0.416817154505518,0.811012901398643,-0.717375712081177,"TeDDi"
"TeDDi","אתה לא נותן לנערה שלך להיכנס לשטח האויב לבד.",44,1.03507272195379,1.17195065270674,-0.4414786317596,-0.717375712081177,"TeDDi"
"TeDDi","והוא הקפיד טוב כפי שהוא מתיימר להגיע לבדיקה.",44,1.00010096144608,1.05935266248831,-0.527433933054775,-0.63093160373555,"TeDDi"
"TeDDi","Pe táva guasu oñemboja'o mbohapy hendápe , ha táva oĩva guive ko yvy ári ho'apa ; ha Tupã imandu'a táva Babilóniare , ho'uka haguã chupe kaguýicha pe ñenupã ha'e omondóva chupe ipochýgui .",188,1.46835875903447,1.26575984189078,-1.45648272152176,-0.717375712081177,"TeDDi"
"TeDDi","-  рутой парень!",16,0.871422383841436,0.826903980812156,1.14869444220111,-0.717375712081177,"TeDDi"
"TeDDi","Тереза Мэй висит на ниточке.",28,1.06271392679193,1.03230461191197,0.270722436114694,-0.717375712081177,"TeDDi"
"TeDDi","Он найдет себе жилье.",21,0.818445345540578,0.915778823483709,0.540867668756667,-0.717375712081177,"TeDDi"
"TeDDi","- Чё?",5,-0.383299057026374,-0.791691459952389,1.62144859932456,-0.717375712081177,"Cuneiform (Uruk IV)"
"TeDDi","Кажется, я потерял уверенность в себе, Джордж.",46,1.17769466866251,1.23511785860752,-0.434004257733934,-0.634773564106467,"TeDDi"
"TeDDi","Хотя... так и было.",19,0.53411553047874,0.538835220278194,0.22806792569754,-0.304364972207628,"TeDDi"
"TeDDi","Именно поэтому ты справишься со всем этим.",42,1.13736301900005,1.1506832502002,-0.359616440049913,-0.626714817962593,"TeDDi"
"TeDDi","Учитывая смерть Хулио, это справедливо.",39,1.38644992588655,1.33815848539299,0.0698452118424575,-0.717375712081177,"TeDDi"
"TeDDi","{АДРИАН вздыхает}",17,1.064555218585,1.12052322029607,1.39897605479588,-0.717375712081177,"TeDDi"
"TeDDi","# О, мечтай, детка, мечтай",26,0.590668018499098,-0.0761563895928103,-0.4150308467457,-0.717375712081177,"TeDDi"
"TeDDi","Я Альфа и Омега.",16,0.720142518145935,0.67712520017061,0.912317363639382,-0.717375712081177,"TeDDi"
"TeDDi","Сына официантки.",16,0.610315989420755,0.502750871264541,0.675940285077655,-0.717375712081177,"TeDDi"
"TeDDi","Хорошо.",7,-0.553611725819583,-0.725253862683082,0.540867668756667,-0.717375712081177,"Cuneiform (Uruk IV)"
"TeDDi","por medio de la fuerza: pero que, estando esta á cargo de los",61,1.01734582608315,0.973826745411042,-0.796572663339663,-0.717375712081177,"TeDDi"
"TeDDi","[279]",5,-0.383299057026374,-0.791691459952389,1.62144859932456,-0.717375712081177,"Cuneiform (Uruk IV)"
"TeDDi","cambió súbitamente de vida y comenzó á emprender largas excursiones á",69,1.25177445951562,1.30019302312907,-0.845094829145633,-0.717375712081177,"TeDDi"
"TeDDi","proviene de la fuerza intelectual y de su noticia[3]».",54,1.22275160245565,1.31567800925683,-0.549718640797968,-0.717375712081177,"TeDDi"
"TeDDi","El Limense Concilio fué informado:",34,1.09673083823435,1.17228178143882,-0.0470954846405687,-0.717375712081177,"TeDDi"
"TeDDi","habéis concluído?",17,0.961189073902481,0.92272268457116,1.1765035102672,-0.717375712081177,"TeDDi"
"TeDDi","Abres más espacio y reclutas.",29,1.03431592046662,1.03626558620322,0.186884260467185,-0.717375712081177,"TeDDi"
"TeDDi","¡Miren!",7,0.0432028899991103,-0.273411641840897,1.62144859932456,-0.717375712081177,"TeDDi"
"TeDDi","Andrew Jackson se pone ansioso cuando no cambia su agua.",56,0.967712215186407,0.972352373042421,-0.809858494453204,-0.717375712081177,"TeDDi"
"TeDDi","para ellos.",11,0.29663009409112,0.155941171231564,0.933806188963175,-0.345666046194983,"TeDDi"
"TeDDi","¿Es por...?",11,0.236334331225208,0.0623828465447807,0.933806188963175,0.0260436196912117,"Cuneiform (Uruk IV)"
"TeDDi","Disculpe.",9,0.361761395906596,0.133727293222127,1.62144859932456,-0.717375712081177,"TeDDi"
"TeDDi","Da igual, podemos hacerlo sin él.",33,1.16005190500681,1.25202341331119,0.131556710208222,-0.717375712081177,"TeDDi"
"TeDDi","—¿Pero qué hay que hacer?",25,0.857066465974959,0.539439011571392,0.108635296529509,-0.717375712081177,"TeDDi"
"TeDDi","de su expedición.",17,0.612075734471089,0.576925615918983,0.509085876681143,-0.717375712081177,"TeDDi"
"TeDDi","ay gumagamit ng̃ pamalò.... ang aming ginagamit ay ibáng paraan na",66,0.658917989948585,0.501200977134847,-1.18642457631777,-0.488631302305057,"TeDDi"
"TeDDi","Ako'y lalakad sa harap ng Panginoon , sa lupain ng mga buhay .",62,0.992831337630825,1.05553502850841,-0.818572856796494,-0.656439701280161,"TeDDi"
"TeDDi","ระบบการสื่อสารเป็นอัมพาต",24,1.03723573172271,1.10146485338517,0.518355566036502,-0.555762813869788,"TeDDi"
"TeDDi","แล้ว จง เอา น้ำมัน เจิม พลับพลา แห่ง ชุมนุม และ หีบ พระ โอวาท ด้วย",66,1.4822061407944,1.50329210051449,-0.556085700153168,-0.717375712081177,"TeDDi"
"TeDDi","เกือบๆ 40 ปี.",13,0.69270700181065,0.579183616995213,1.33052296417167,-0.717375712081177,"TeDDi"
"TeDDi","ผมเอง พ่อผมมาถึงเมื่อไหร่ครับ",29,1.07203906074517,1.08824080110589,0.186884260467185,-0.584622259978965,"TeDDi"
"TeDDi","บายครับ",7,-0.20782917565844,-0.550072897516428,1.08115813404062,-0.717375712081177,"TeDDi"
"TeDDi","1 ชั่งโมงที่มีค่า...",20,0.692571502562998,0.590305327953574,0.297736959378891,-0.326102379569393,"TeDDi"
"TeDDi","เอ่อ ผมสับสนเล็กน้อย เพราะว่า เกย์",34,1.28395567490748,1.32050196727741,0.175377059888113,-0.717375712081177,"TeDDi"
"TeDDi","เอาล่ะ, ฉันได้ยินมามากพอล่ะ",27,1.20910479324843,1.01252653513942,0.50084615280971,-0.717375712081177,"TeDDi"
"TeDDi","มันหายไปเมื่อเดือนที่แล้ว จากยออดโค้งใต้ดิน",43,1.64408464356313,1.8089185915498,0.30213467246841,-0.628873410679702,"TeDDi"
"TeDDi","ที่ผู้บริหารที่ยอดเยี่ยมคนหนึ่ง ต้องรักในอาหารใช่ใหม",52,1.50138566053572,1.43088672378024,-0.269568029169255,-0.717375712081177,"TeDDi"
"TeDDi","กำลังเขาสู่บริการฝากข้อความ",27,1.20910479324843,1.30395117317707,0.640921458624067,-0.717375712081177,"TeDDi"
"TeDDi","ตักหิมะอยู่หรอ",14,0.670783054143002,0.519775051233878,1.08115813404062,-0.717375712081177,"TeDDi"
"TeDDi","- แล้วหลักฐานล่ะ",16,0.829969046871115,0.824641844417058,1.14869444220111,-0.717375712081177,"TeDDi"
"TeDDi","เพลงประกอบหลัก :",16,0.871422383841436,0.799421146214032,1.14869444220111,-0.717375712081177,"TeDDi"
"TeDDi","ได้ยินอะไรมาเหรอ",16,0.761595855116256,0.640563755580638,0.912317363639382,-0.717375712081177,"TeDDi"
"TeDDi","อย่าไปฟัง",9,0.361761395906596,0.133727293222127,1.62144859932456,-0.717375712081177,"TeDDi"
"TeDDi","ปิดประตูซะ โอเค",15,0.774971785270193,0.759853564883457,1.11717749839288,-0.717375712081177,"TeDDi"
"TeDDi","Sence onun suçu muydu?",22,0.571419444479336,0.675938196417873,0.0742531760114404,-0.717375712081177,"TeDDi"
"TeDDi","Yolu göster.",12,0.726418418599201,0.617759417621679,1.62144859932456,-0.717375712081177,"TeDDi"
"TeDDi","Yapmamız gereken şeyi değiştirmez.",34,1.07038409980795,1.18741667205752,-0.0470954846405687,-0.717375712081177,"TeDDi"
"TeDDi","Çünkü o kişi ben değilim.",25,0.813307623251839,0.89884957586251,0.108635296529509,-0.717375712081177,"TeDDi"
"TeDDi","Billy..",7,-0.458861241315998,-0.747170352848349,0.540867668756667,0.521656507539469,"Cuneiform (Uruk IV)"
"TeDDi","Sana doğum odası hazırlayacağız.",32,0.94936463874121,1.12319113690895,-0.0331909506075272,-0.717375712081177,"TeDDi"
"TeDDi","Kart falan oynayabiliriz.",25,0.730207495333894,0.735850226229999,-0.0426460337499961,-0.717375712081177,"TeDDi"
"TeDDi","Bunu saklayacağım.",18,0.752255720262797,0.839828670706461,0.780996764438424,-0.717375712081177,"TeDDi"
"TeDDi","Ama ders seçimini 15 Temmuz saat 02:00'de gönderdim.",52,1.28179237537358,1.3756577742836,-0.4150308467457,-0.498722967442239,"TeDDi"
"TeDDi","İçeri buyur?",12,0.433547675332047,0.227921034180739,0.991109723159957,-0.717375712081177,"TeDDi"
"TeDDi","Anh ta là anh trai em.",22,0.601567325912297,0.490270355637692,0.0742531760114404,-0.717375712081177,"TeDDi"
"TeDDi","Xin lỗi, chúng tôi chỉ có những chai nhỏ",40,0.819976185864539,0.732480529293113,-0.458669692018636,-0.717375712081177,"TeDDi"
"TeDDi","Ooh, thật đáng sợ.",18,0.81303189071156,0.820978644156863,0.780996764438424,-0.717375712081177,"TeDDi"
"TeDDi","chúng ta sẽ khai chiến.",23,0.758235640352951,0.654461813632961,0.141522542242445,-0.717375712081177,"TeDDi"
"TeDDi","Mày vừa nói gì?",15,0.730754892501858,0.701767362493284,1.11717749839288,-0.717375712081177,"TeDDi"
"TeDDi","xin anh đấy...",14,0.372375746233651,0.23888951055424,0.540867668756667,-0.145514687640877,"TeDDi"
"TeDDi","Gánh nặng lời Đức Giê-hô-va nghịch cùng đất Ha-đơ-rắc , nó sẽ đỗ trên Đa-mách : vì con mắt loài người và mọi chi phái Y-sơ-ra-ên đều ngó lên Đức Giê-hô-va .",156,1.70267232089668,1.56145709087062,-1.09385732876912,-0.717375712081177,"TeDDi"
"TeDDi","Tôi không cần sức mạnh của mình để đề nghị anh ta chuyện đó.",60,1.20290352098068,1.41851076814174,-0.458669692018636,-0.717375712081177,"TeDDi"
"TeDDi","Hin nhiên là vy.",16,0.459036123725263,0.41199345022566,0.439563206515928,-0.717375712081177,"TeDDi"
"TeDDi","Ngươi đấu tranh vì những gì của ngươi.",38,1.08575200046082,0.924027560114819,-0.170040838195897,-0.717375712081177,"TeDDi"
"TeDDi","Giờ sao nữa?",12,0.433547675332047,0.246427636602204,0.991109723159957,-0.717375712081177,"TeDDi"
"TeDDi","-آخرهفته ی خوبی داشته باشی .",28,0.823930955890778,0.592328012590887,-0.134495412848266,-0.717375712081177,"TeDDi"
"TeDDi","نه نه نه تقويتش کن، ها ؟",24,0.378276559371629,0.496379383035062,-0.269568029169255,-0.717375712081177,"TeDDi"
"TeDDi","ما همدیگرو میبینیم همه چیز درست میشه",36,0.690525278886471,0.788069420881192,-0.479680987890792,-0.717375712081177,"TeDDi"
"TeDDi","شايد احمقانه باشه ، ولي بايد حتما طبق اين برنامه برين جلو",57,0.901355732171108,0.764879290181491,-0.966258365982765,-0.717375712081177,"TeDDi"
"TeDDi","دونالد، دوباره ازت میپرسم",25,0.94458415142118,0.953702125661123,0.259916626809015,-0.717375712081177,"TeDDi"
"TeDDi","جواهرات فرانسوی، طراحی های فرانسوی",34,0.695934426461692,0.186483418242124,-0.603276845962281,-0.717375712081177,"TeDDi"
"TeDDi","بهشون گفته بودم",15,0.540675190656481,0.357683848993434,0.612906397461193,-0.717375712081177,"TeDDi"
"TeDDi","ولی میتونم هسته اورانیومی رو بردارم",35,0.627939784782422,0.618807231500749,-0.75582944792481,-0.717375712081177,"TeDDi"
"TeDDi","باشه ؟",6,-0.152193811202241,-0.514930804580146,1.62144859932456,-0.717375712081177,"TeDDi"
"TeDDi","همين بيرون بود و با اون چوب ضربه مي‌زد",38,0.644652325888335,0.61622451218471,-0.767203984036049,-0.717375712081177,"TeDDi"
"TeDDi","دو تا پیتزا پپرونی تو سفارش دادی؟",33,0.696519800870444,0.643810370922974,-0.556085700153168,-0.601216441491741,"TeDDi"
"TeDDi","خب ، "" پرتغالی ه سفید "" روسی ه این یه نظریست",44,0.859177842209619,0.932036597904919,-0.527433933054775,-0.717375712081177,"TeDDi"
"TeDDi","که يه شخص فراموش‌نشدني #",24,0.918435918069347,0.965768747174617,0.360770846995353,-0.717375712081177,"TeDDi"
"TeDDi","که عقب‌نشینی نیروهای آمریکایی فقط منوط به",41,0.914141908271746,0.835126498703826,-0.592424526716981,-0.624448295609628,"TeDDi"
"TeDDi","Nigbana ni o ṣore-ọfẹ fun u , o si wipe , Gbà a kuro ninu ilọ sinu ihò , emi ti ri irapada !",92,1.15761369542417,1.41263977725304,-0.927312943427975,-0.717375712081177,"TeDDi"
"TeDDi","臣也罵道前日誤中詭計今番定要擒你獻功以泄前日之恨孛臣說罷衝殺過",31,1.75939000926755,1.98246643126391,1.25544538090641,-0.717375712081177,"TeDDi"
"TeDDi","干杯",2,-1.54476124811253,-2.00771315120118,1.62144859932456,-0.717375712081177,"Cuneiform (Uruk IV)"
"TeDDi","我一直觉得",5,-0.383299057026374,-0.791691459952389,1.62144859932456,-0.717375712081177,"Cuneiform (Uruk IV)"
"TeDDi","真的好好吃",5,-0.73474394894695,-1.06762789741706,0.865041947927037,0.211898452634309,"Cuneiform (Uruk IV)"
"TeDDi","不不是真的沒有",7,-0.20782917565844,-0.37196036950685,1.08115813404062,-0.0978596022708519,"Cuneiform (Uruk IV)"
"TeDDi","欸你不教我打球拼什麼拼圖",12,0.579983046965624,0.418887910017626,1.30627916124226,-0.717375712081177,"TeDDi"
"TeDDi","我不希望你有所误会",9,0.361761395906596,0.133727293222127,1.62144859932456,-0.717375712081177,"TeDDi"
"TeDDi","知道我都思考了什么吗",10,0.495313172775068,0.308919641422148,1.62144859932456,-0.717375712081177,"TeDDi"
"TeDDi","从后方的楼梯和仆役走廊",11,0.616125450382559,0.469505304714154,1.62144859932456,-0.717375712081177,"TeDDi"
"TeDDi","破烂熊字幕组翻译",8,0.212463211490355,-0.0590486469723778,1.62144859932456,-0.717375712081177,"TeDDi"
"TeDDi","这就是我的使命时刻担惊受怕",13,0.827878114087791,0.755460733152342,1.62144859932456,-0.717375712081177,"TeDDi"
"TeDDi","人多得像是稼俱大壹踢在促销",13,0.827878114087791,0.755460733152342,1.62144859932456,-0.717375712081177,"TeDDi"
"TeDDi","eaieaf sac aiaaeeaeeasoooo otetaieeeown oteaseear aiee0 oeeeaieaieeetn aiea oeeeaiethetsc oeeeaieea tnoh toteatnaieae ooheaetn eaiaaegte erdtnoetofaaslo tathrto aehteceaieasoteaetno eadst moto oodeaaef oteaseear aiee0 ohn ooaieemtn eaohhre eaieaf oeeeaietnaietc aiaaeloaseetctc ttateaieeeadeer toertotjhn aiiasaieown",316,0.503934897207996,0.471884244591092,-1.93318392385686,-0.268964051647036,"TeDDi"
"TeDDi","teaeeouoo tlo hr",16,0.171009874520034,0.139750173519432,-0.0331909506075272,-0.221762824232919,"Cuneiform (Uruk IV)"
"TeDDi","taoeaieoher e eao teaetc",24,0.0705290089841541,0.0520797152942653,-0.742322186292709,-0.717375712081177,"TeDDi"
"TeDDi","tathrto eaier aiestar0 etaeae oeeeaieown oeaieeaeetmtn etasaagte eaatatc erdstaie1 rto hre0",91,0.522987034636237,0.629089631200018,-1.45405097229176,-0.469569268157047,"TeDDi"
"TeDDi","terduto e eaaieeee ootohaitc ttaaieeeero",40,0.241884256649114,0.0940707632530683,-1.12052551199147,0.23572599531932,"TeDDi"
"TeDDi","eaelo tasac gteoieemtn taieetso",31,0.433793729264328,0.392285045654848,-0.696571783990441,-0.469569268157047,"TeDDi"
"TeDDi","eaaieeeeto taieetso gtehre gtehre aietev",40,0.223594019321488,0.00352163427126467,-1.12052551199147,-0.240824858380929,"TeDDi"
"TeDDi","etao etao aieeeaetn eaaieeeeto taieetso oodtshn etasee",54,0.118656714111535,0.0448841674021861,-1.46020812859129,-0.0861706190668846,"TeDDi"
"TeDDi","loteetothtn tathrto etao eaethrdtetn terduto erder eeaderodtno erdoteeta taea oeteatoeatnllo erdoteeta aiaieeaaiaieee",117,0.343919354633253,0.123794923612268,-1.77268381079255,-0.428980281652233,"TeDDi"
"TeDDi","tathrto oetoown tlo aahneae erdeaeero hr eeaeaduo aieaieetnoaieaie",66,0.446784709109214,0.403064939433342,-1.4156387131049,-0.431445199861027,"TeDDi"
"TeDDi","aioteaeeooooeae eaitfe eaieaeaier hotsobe astoto1 oteetnsc",58,0.382499452227114,0.540734017483511,-1.24768007839019,-0.391314601654691,"TeDDi"
"TeDDi","terduto etao toetasa oemtseeeeae tathrto etasee ttiettea oyaieeetn tneelo",73,0.329694131480281,0.492372667649408,-1.38345453636424,-0.252738629723434,"TeDDi"
"TeDDi","aotasee aietoeouoo matetn teer aieiaec0",39,0.417865135032081,0.560753565592303,-0.899906905333862,-0.423920712697339,"TeDDi"
"TeDDi","tathrtoouoo etaeae oodtefsoeo aee eae2 tateaee",46,0.177160010295571,0.298951208298173,-1.173967286275,-0.304364972207628,"TeDDi"
"TeDDi","elrto eatoeaaieeee aiepaeaier tathrto aiaiee eaelo aieiaec0",59,0.235256534332206,0.150540534934857,-1.39135755454694,-0.396936344937906,"TeDDi"
"TeDDi","hotaoeeeae otetaieeeown tathrto aieto eatoaieeeouoo eaelo erdiee eadsac",71,0.385672449302718,0.51195924982173,-1.36156354703188,-0.292564665354099,"TeDDi"
"TeDDi","oodeaaeaieeetotaoeeeae aieaieeadoeroe aieaieeadoeroe aiiaeaieelae ooheaetn moto otiisoooo aieteaeaaee teer eaier eaaeedhn aieto aieeeaetn ttsoeotjaie eloeadar oodeaaeaieeetotaoeeeae taieeeoohtooestown taeaieetn aieeetc1 easatoto taathnerto eaaeeaieaeto oeoteaseeexeceee oesttehaetn llooooeaeeadeaeetc etaeae ttateeaeadsa ottoottoohaieaie aee",341,0.282656064857081,0.329113882591569,-1.9609465385259,-0.0942153898602056,"TeDDi"
"TeDDi","tasac totn2 oeoteerto eaelo eaaef oteaseear tasac taeastoto e eaeaetniec erdtaiee taieetso",90,0.365384783171829,0.27458007083941,-1.57226837324277,-0.508550057088933,"TeDDi"
"TeDDi","tathrto hn eatoaieeeouoo eloeadar hr",36,0.455993399863277,0.440891233046803,-0.899906905333862,-0.398767427035867,"TeDDi"
"TeDDi","terduto iebodiebod ottoaieeeaaetnrodto hr oetodthnoo ethotc hr",62,0.520867792391325,0.464264697857707,-1.36757768442373,-0.412695658076099,"TeDDi"
"TeDDi","patnoheelo tktaiaaetsaieaeo oohthoohneerto eaaeeeto teaieeeadst eeaeaseetootieer taeeexaieeeto taaieeeeto0 aee eao taeaier aiaaellooootaoeeeae oetrto taeetotoieeohaieeetc aiee0 etaieaieaieaieeea oeoteaieeouoo moto eaaietetn thn0 etao ttaaieeeero hottniebtjho aieeeaetn aieeeaeero aee ttaeer eaeoteea eatoeatn aotetc oohaietaie aiee0",332,0.312871199903903,0.381426484287783,-1.92135966249217,-0.0772714536064626,"TeDDi"
